# https://github.com/mikedh/trimesh
v -0.13047713 0.07586638 -0.44256321
v -0.44677979 0.23545910 -0.05548356
v 0.08311469 -0.35799921 -0.44573739
v 0.39354482 0.35100684 -0.23266388
v -0.10715235 0.21311857 -0.45018986
v 0.04893442 -0.61374390 0.36817187
v 0.42423356 0.44225678 0.20463991
v -0.17189328 -0.60014588 0.33290830
v -0.18854110 -0.37938982 0.35550484
v -0.43629909 0.42182559 0.13466448
v -0.33517426 0.03468312 0.27499214
v 0.20337726 0.35743827 -0.40873647
v 0.17386237 0.02021071 0.39479628
v -0.45673397 0.52259403 0.21952456
v 0.06762650 0.02212709 -0.45702946
v 0.22302623 -0.03336013 0.36911964
v 0.29097909 0.64304769 -0.13988607
v 0.36772439 -0.06522864 0.22855397
v 0.47618660 0.51293188 -0.18122876
v 0.24215128 0.63659519 -0.18034901
v 0.01974607 -0.68161976 -0.37675190
v -0.31984410 0.61922824 -0.39307240
v 0.40610695 0.03144397 0.16949522
v -0.43346339 -0.12027935 -0.06812071
v -0.21067779 0.68745428 -0.44745359
v -0.42272165 0.65234035 -0.26020095
v 0.00224586 0.66746360 -0.37265515
v 0.27885297 0.64484000 0.22982550
v -0.26859170 0.67876846 0.38745588
v -0.00041304 0.39828512 0.44029745
v 0.21109486 -0.20644140 0.36177972
v 0.29911909 0.66171384 -0.39759785
v 0.21587278 0.43662873 -0.42032811
v 0.23724690 -0.69115710 0.20968892
v -0.14385419 0.63839883 0.30058277
v 0.48706061 0.57331234 -0.16731176
v 0.39735654 0.50890195 0.30881822
v 0.26815450 0.53744727 0.43509582
v -0.02399521 -0.29875401 0.40299067
v -0.36528832 -0.22505736 0.20919728
v 0.17478916 0.52441847 -0.48042440
v 0.05881318 0.22834495 -0.46038461
v -0.11265163 -0.46284604 -0.43651715
v -0.26855820 0.54261023 0.43016547
v 0.19873950 0.59793961 -0.47465718
v -0.19208348 -0.24004538 -0.41097793
v 0.21460685 -0.11048958 0.36723271
v 0.06825265 0.09324056 -0.45788392
v -0.19093087 0.64706719 -0.26786676
v -0.17747460 0.41233054 0.39649975
v 0.18167028 0.22439300 -0.42487049
v 0.30089349 0.09924161 0.32429612
v -0.42505208 0.39778835 -0.01460551
v -0.33023939 -0.67761517 -0.14009649
v -0.02117187 -0.10308669 0.41689238
v 0.22514942 -0.27573332 -0.38994157
v 0.25381178 0.64897138 0.26454797
v 0.11647079 0.58793986 0.50243735
v -0.18600295 -0.34891260 -0.41124865
v 0.36584678 -0.27875614 -0.24701884
v 0.18670277 -0.03996170 -0.41743249
v 0.17753515 0.63747692 0.28000662
v 0.30592650 0.25207809 -0.34936413
v 0.27405506 0.63704228 -0.15681039
v -0.27830750 -0.65160072 0.24944261
v 0.04724121 -0.69977212 0.07511670
v 0.36752519 0.68936843 -0.09231453
v -0.42838958 0.46688497 -0.23457639
v 0.00748891 -0.69694906 -0.34403920
v -0.20056888 -0.70722401 -0.00291339
v -0.13497347 -0.69875801 0.15621985
v -0.37339798 0.14799581 0.23292114
v -0.46838284 0.66830206 0.15006387
v -0.00775817 0.63630354 0.09678885
v 0.43414944 -0.00512007 0.07904904
v -0.41173187 0.14797428 -0.18555969
v -0.23878235 0.67220187 -0.43938252
v -0.44747558 0.25907457 0.04148557
v -0.34994295 0.02213192 -0.29208130
v -0.04502768 0.08169638 0.42773950
v 0.36969742 0.69465047 0.18420841
v -0.10053095 -0.69424230 -0.33374649
v -0.44075221 0.04690521 0.03075693
v 0.40797967 -0.53905010 -0.10354666
v 0.42002618 0.68593329 0.22471449
v -0.40903863 -0.09513305 0.13609008
v -0.34269041 0.48518842 0.35703567
v -0.33796275 -0.53257865 -0.26932055
v 0.41104454 0.24156660 0.18431170
v 0.47057927 0.45510659 -0.08294949
v 0.31489572 -0.08579592 0.29358354
v 0.46079451 0.54278857 0.21982670
v -0.00736052 0.63666397 -0.09357376
v 0.08810337 0.49758556 0.48602638
v -0.11739858 -0.47663328 0.37377524
v -0.38201231 0.06207414 0.21038610
v -0.10723436 0.64813882 -0.31128123
v -0.35951844 -0.67420590 -0.00262289
v -0.11349139 0.70906579 -0.45568037
v -0.34795287 0.41144666 0.13455959
v 0.38800320 0.70905691 -0.22599812
v -0.36275318 0.66668797 0.32589012
v -0.31818998 0.41298306 0.29884142
v -0.37613830 0.65301913 -0.32885215
v -0.24772000 0.40302700 0.26218501
v -0.35030973 0.69709086 -0.20053710
v 0.18149778 0.39708239 -0.36721417
v -0.24408039 0.59963936 -0.44812846
v -0.19161224 0.41282570 0.37920618
v -0.36101499 0.39246899 0.09192020
v -0.09516336 0.67064178 0.37055326
v -0.44223049 0.38148877 -0.01049150
v -0.15676068 0.67971736 0.44272682
v 0.43373305 0.38298351 0.08155382
v 0.42390385 0.60640448 -0.29401049
v -0.11531886 0.35272804 0.42500034
v 0.36797458 0.39381698 0.20644207
v -0.48071674 0.68361431 -0.04345659
v -0.25205600 0.39500099 0.25048199
v -0.00199831 -0.52428603 -0.44614753
v 0.26459500 -0.61780077 0.28595850
v 0.39932007 0.41194916 0.17303191
v 0.13787533 0.63720733 0.29897091
v -0.25669292 0.49260589 -0.43172777
v 0.17715825 0.41572830 -0.42252874
v -0.32626262 0.70077431 -0.31208599
v -0.29656067 -0.66535354 0.22614594
v 0.34875414 0.40505469 -0.29350761
v -0.33269101 0.40319100 0.13448600
v -0.36398283 -0.67064774 0.06407402
v 0.12099402 0.63783568 0.48433021
v 0.21102799 0.39859501 -0.35372499
v -0.31081605 0.37087059 0.24124125
v 0.19195008 0.42066893 -0.42182463
v -0.29607701 0.39629701 0.18169001
v 0.11321358 -0.65793324 -0.39415643
v 0.11304472 0.41126516 -0.41680843
v 0.32447848 -0.62336725 -0.25802976
v -0.42292112 0.30028465 0.14865777
v -0.40938300 0.39613101 0.01131530
v 0.41701967 0.26521650 -0.18304631
v 0.46015581 0.69458485 -0.04279126
v 0.18827260 0.36875951 -0.40932921
v 0.24728829 0.39675403 -0.33785051
v 0.30386099 0.40388000 -0.31791300
v 0.32642162 -0.64940131 -0.24449641
v 0.36334643 -0.47316003 0.19155689
v 0.27844286 0.39730391 -0.32350856
v 0.36207190 0.39031711 0.22013159
v -0.37574229 0.39949903 0.06480598
v 0.13316923 -0.68389177 0.31008798
v -0.18619047 -0.13780193 0.37416130
v -0.37642005 0.41296929 0.10529026
v -0.38057184 0.39685193 0.05355618
v 0.09126037 0.39769593 -0.40743941
v 0.28622466 0.36914140 -0.35499772
v 0.00719527 0.40108174 -0.44403043
v -0.36388052 0.35352829 0.20729315
v -0.42021489 -0.00655328 0.11748373
v -0.28036201 0.40073299 0.20789801
v 0.32504281 0.69430411 -0.18536584
v 0.37711039 -0.67787981 -0.13467132
v -0.30548978 0.41298336 0.21873252
v -0.30083704 0.63775188 -0.15707304
v -0.39745951 0.29933503 0.20009889
v -0.27615184 -0.63536954 -0.29845005
v -0.12085736 0.67425680 0.46670437
v 0.46477193 0.68656594 0.08455513
v -0.28941199 0.40468800 0.20411700
v 0.37167010 0.36518574 0.22499436
v 0.34089974 -0.66874814 -0.20892593
v 0.41266942 0.48963338 -0.28250626
v 0.40937060 0.42044207 0.21122706
v 0.26198301 0.39340901 -0.33558100
v -0.28548115 0.69735903 -0.39417189
v -0.46769214 0.65910411 0.16843839
v 0.19111000 0.39468700 -0.36526701
v -0.16558506 0.39596784 0.36400473
v 0.33745074 0.11340284 -0.31430086
v 0.15214001 0.39623299 -0.38125300
v -0.19683331 0.41853526 0.40793419
v -0.42957613 0.69232333 -0.03542777
v -0.39521807 0.68975228 0.20154873
v -0.30225381 0.41221523 0.20638944
v -0.26728183 0.39701715 0.22393799
v 0.44318914 0.37874705 0.05495918
v -0.20640893 0.39884558 0.31815729
v 0.13343367 0.39811623 -0.38952535
v -0.11739855 0.64058959 0.31780109
v -0.34781301 0.39455199 0.10763700
v 0.03847859 0.64500391 0.35715559
v -0.32394570 0.39688694 0.13876426
v -0.16906193 0.41460687 -0.42709234
v 0.39806682 -0.22666429 0.15341093
v 0.35274288 0.37030107 0.25583038
v -0.38910154 0.66756600 0.29365033
v -0.30431077 0.38478059 0.19685856
v -0.05669203 0.71040320 -0.45671356
v 0.43017876 0.41100630 0.09571654
v 0.22724427 0.38400486 -0.36629349
v -0.38398409 -0.66403508 -0.03545888
v -0.28059202 0.39502820 -0.34330347
v -0.20307252 0.41252461 0.34813589
v 0.36855680 0.67068803 0.32545891
v 0.21387589 -0.49403980 -0.38191241
v 0.30430910 0.39242199 -0.31907645
v -0.14932847 0.41740507 0.42477220
v 0.38560292 -0.65268129 -0.12862299
v 0.33337086 -0.58483195 -0.26258275
v 0.27502501 0.40413901 -0.33181399
v -0.37503961 0.41295043 0.22826467
v 0.35343015 -0.67008591 -0.18487401
v -0.41375297 0.69622016 -0.19804771
v -0.44277093 0.69550252 -0.12824841
v 0.15587170 0.69241446 0.42715129
v -0.18357678 0.57818574 0.48095879
v 0.16286081 0.63597232 0.28252178
v 0.43847737 0.33725923 0.11126152
v 0.32807055 -0.68877321 0.07611647
v -0.22908941 -0.67024589 0.26382583
v -0.21059391 0.39739639 0.30906832
v 0.34066331 0.68598992 0.33439744
v 0.44470030 0.41130090 0.05617443
v 0.25843030 0.69645256 0.36308393
v -0.10563454 0.15104112 0.41972157
v -0.36601600 0.40019399 0.07796050
v -0.19913812 0.37858760 0.34251770
v -0.47569734 0.67660856 -0.11163294
v 0.37879235 0.70125777 -0.11898329
v 0.01366684 0.71030486 -0.45670056
v 0.23510292 0.63668722 0.25560036
v -0.43607610 0.41762555 0.12067410
v 0.03478175 0.39882544 -0.43334326
v 0.20589601 0.40262100 -0.36087501
v -0.08041639 0.67760444 -0.35607764
v -0.23490278 0.38960522 0.29047787
v 0.17087986 0.68571776 0.34575322
v 0.28633392 0.41710180 -0.36451539
v -0.19475199 0.40092999 0.33556500
v 0.43183812 0.60311586 0.27124631
v 0.22959222 0.41377398 -0.38980368
v 0.34054521 -0.66958910 0.15568551
v 0.34739026 0.40716746 0.26224032
v -0.23690441 0.67169893 0.29752076
v -0.29136825 0.41109991 0.21870983
v 0.10354550 0.63657075 -0.25561339
v 0.38571233 0.41109610 0.19349727
v 0.22113426 -0.65179491 -0.34131190
v 0.28923124 0.39909303 -0.31884718
v 0.33667058 0.38683209 -0.30926105
v 0.37636727 0.41032049 0.21984272
v -0.22108793 0.38931802 -0.38057998
v 0.21190119 0.63722134 0.26550251
v 0.31545368 0.71098095 -0.32452273
v -0.33746368 0.65552616 0.35860929
v 0.45177034 0.69473511 -0.11367054
v 0.42019945 0.41175550 0.12264795
v 0.18794373 0.38500693 -0.38207310
v -0.01312373 0.70989805 -0.45776242
v 0.24864917 0.63600242 0.23151843
v -0.26271430 -0.68115288 0.17154507
v 0.06025894 -0.68405199 0.33751962
v -0.39682600 0.39773640 0.02801920
v 0.38087869 -0.68095964 -0.12156753
v 0.33854413 -0.68532538 -0.19151559
v -0.03717741 0.45416704 0.46868008
v -0.41422743 0.69239742 0.11907629
v 0.30703172 0.69426703 -0.37127644
v 0.41253409 0.70779914 -0.14261989
v -0.20132825 -0.66437012 0.29388228
v -0.33334121 0.70004529 -0.26801366
v -0.34781301 0.40120500 0.10763700
v -0.24481514 0.44016352 0.39880022
v 0.45053118 0.30017722 -0.08253978
v -0.21939699 0.40297100 0.30475199
v 0.31183499 0.39673993 0.31826824
v -0.35307053 -0.67023718 0.10802643
v 0.42749760 0.40074003 0.06661339
v -0.26188204 -0.23344098 -0.37058234
v 0.13636865 -0.62219393 0.35171399
v -0.18970209 0.70996594 -0.42672539
v 0.34414163 0.69931388 -0.33053446
v 0.37851802 0.68575203 0.07590646
v 0.22538203 -0.44300008 -0.38256595
v -0.34884191 -0.68046492 0.07213212
v -0.37042961 0.42963278 -0.28674370
v 0.11892100 0.40423501 -0.40260300
v 0.42310733 -0.39806333 -0.06693979
v -0.22065039 0.39208964 0.30499393
v -0.25574669 0.71037138 -0.38177094
v -0.39035413 0.51201469 0.32045195
v -0.26328808 0.69587737 -0.41189227
v 0.40678573 0.52394855 -0.31489849
v -0.21138181 0.41293922 0.38275582
v 0.41716799 0.40303200 0.09241690
v -0.38390571 -0.66441178 -0.01452825
v -0.25205600 0.40070000 0.25048199
v 0.39656302 0.69595140 0.19321983
v -0.29841754 0.70236063 -0.34088421
v -0.35272899 0.39952701 0.09650180
v 0.32838431 0.65490294 0.37393698
v 0.08369220 0.42309344 -0.46111631
v 0.23494700 0.40199101 -0.34754699
v -0.45204777 0.67285728 0.18349086
v -0.29607701 0.39943999 0.18169001
v 0.30707449 0.56265110 -0.41901791
v -0.29031491 0.66701955 0.39487946
v -0.24816559 0.17107826 -0.38951793
v -0.39510447 0.65651613 -0.01345582
v 0.03304671 0.42572179 0.45681024
v -0.10438560 0.46315885 0.46281889
v 0.45086980 0.64348829 -0.22636780
v 0.10606200 0.40273201 -0.40594000
v 0.47223300 0.67598623 -0.08583204
v 0.46490535 0.67122918 0.14217351
v -0.16290000 0.40579399 0.37532499
v 0.08372573 0.39756119 -0.41048589
v -0.30947801 0.39563400 0.16300800
v -0.31909963 0.39942482 0.14996156
v -0.23465495 0.41300046 0.32040530
v 0.29993692 -0.69146681 0.17103218
v 0.15895858 -0.66788554 -0.36739638
v 0.01733029 0.68077075 0.42780921
v 0.35157138 0.39782134 0.23069057
v 0.27012014 -0.43256867 0.30540666
v -0.43113941 0.41173646 0.01126797
v -0.15159500 0.40121099 0.37837300
v -0.26904997 0.41875187 -0.37801465
v -0.29299501 0.40188199 0.19135800
v -0.23755106 0.67147303 0.42538089
v 0.42932338 0.55897522 -0.28975558
v -0.36907020 0.67821252 0.29063332
v -0.41079381 -0.55154711 0.03755715
v -0.22739555 0.35806116 -0.39467144
v -0.41766301 0.39235401 0.00678918
v 0.26167840 0.71020663 -0.34016189
v -0.33712655 0.38708594 -0.30681327
v -0.46719053 0.63896948 0.18251714
v 0.24901803 -0.69495749 -0.24231340
v -0.43976653 0.69464010 0.02829248
v 0.25788960 -0.67861712 -0.29396555
v -0.11278138 0.68125927 0.40069735
v 0.18400037 -0.68772763 0.26874730
v -0.32501301 0.69817573 -0.34404433
v -0.37809670 0.69789672 -0.16834499
v 0.36801496 0.69592106 0.26169434
v 0.10312828 0.63576370 0.30945534
v -0.03044237 0.63743556 0.35694981
v 0.11115614 0.64118767 -0.28617695
v 0.02177192 0.63809794 0.35405764
v -0.20578000 0.41314399 0.36145300
v -0.15583764 -0.69359648 -0.31318429
v -0.22711454 0.42617926 -0.41307873
v 0.22708261 0.69454384 0.39873958
v -0.22446658 0.41842270 0.39304003
v 0.06823378 0.63880789 -0.30587482
v -0.34869388 0.41314590 0.16608506
v 0.32752424 0.38525465 0.29420310
v 0.24052051 0.39772168 -0.33995578
v -0.40246493 0.60494131 0.30535060
v -0.28036201 0.39496899 0.20789801
v -0.02758580 0.58808887 0.51174343
v 0.15214001 0.39953199 -0.38125300
v 0.47391325 0.48239109 0.12142193
v -0.02150749 0.70008063 -0.47875834
v 0.20578130 0.39255205 -0.36111993
v 0.18709184 0.68726462 0.43569210
v -0.43289143 0.33170143 0.11149744
v -0.29982513 -0.69116396 0.03382240
v -0.41897398 0.42802179 0.19417568
v 0.32347777 0.69398052 0.32288924
v 0.32878098 -0.01962338 -0.31804219
v 0.33217832 0.64571047 0.06069538
v 0.01042632 0.65180796 0.38243511
v -0.39576146 0.69606704 -0.11310534
v 0.17693400 0.40316701 -0.37476400
v -0.23638999 0.39397201 0.27640501
v 0.45598599 0.42928043 0.08528757
v -0.32038751 0.65210801 0.37637004
v 0.31006497 0.42190754 -0.35244581
v -0.37624514 0.41147408 0.09203602
v -0.35610583 0.69770312 -0.29053530
v -0.01628625 0.67953426 0.45723394
v -0.27386919 0.65823686 -0.24829000
v -0.23881809 0.39725342 0.26642981
v -0.27405509 0.41220990 0.24894671
v -0.36500677 0.41640192 0.26251388
v -0.34426028 0.63927221 0.07129785
v -0.31937096 0.41131106 0.17708953
v -0.43514997 0.47734407 0.22712100
v -0.26021534 0.41296351 0.27904704
v -0.24664383 0.41280389 0.29506180
v -0.33046585 0.69709074 -0.24069986
v -0.42691910 0.66876787 0.23540264
v 0.33882254 0.70588136 -0.21193115
v -0.28472877 0.27428198 0.33378679
v 0.12039991 0.64037138 0.31074879
v 0.36235693 -0.67778158 -0.16283625
v 0.29072911 0.69298059 0.29607606
v 0.28327513 0.69871306 -0.38281557
v -0.21099640 0.71099252 -0.38252696
v 0.41263372 0.67210644 0.26335499
v 0.35316482 0.68385309 0.15975682
v 0.20452377 0.69548446 0.39267200
v -0.45631045 0.69474012 -0.08563694
v 0.50500429 0.58480918 0.05811412
v 0.44815207 0.42552048 0.11337397
v -0.17699939 0.38845730 -0.40633509
v -0.19755355 0.15314876 0.38894644
v 0.42114100 0.39404500 0.07796050
v 0.38863409 0.39850917 0.14782692
v -0.29591253 0.68200880 0.29618499
v 0.37777653 -0.68016350 -0.07070075
v -0.33296421 0.10584994 0.28108189
v 0.25582403 0.65480024 -0.23923227
v 0.09938376 -0.63933855 -0.41322225
v -0.29900688 0.68622231 -0.26789349
v -0.29572529 0.41189280 -0.35054007
v 0.39417595 0.69927353 -0.25294966
v -0.31201607 0.39783227 0.15583804
v -0.04022785 0.66606802 -0.49588799
v -0.27604401 0.40308201 0.21961799
v 0.15973875 0.38258097 0.42305875
v -0.33232966 -0.67849106 0.11418728
v -0.30436701 0.40313700 0.17705201
v 0.08454736 -0.68245351 0.33841097
v -0.10656008 0.70070654 -0.37861285
v -0.32272047 -0.11919225 0.27714807
v 0.36777571 0.69584912 0.21289934
v 0.25389573 0.43534240 -0.40029910
v -0.42711818 0.35563776 0.12229026
v 0.09196539 0.40771019 -0.41889483
v -0.31031892 0.67827314 0.35211268
v 0.25954145 0.12834962 0.35955247
v -0.32361776 0.38617077 0.16318172
v 0.29628092 0.41058829 -0.33428791
v -0.40602520 -0.34629747 0.10657196
v -0.19470005 0.38837874 -0.39656380
v -0.06748083 0.42348245 0.44917324
v -0.15537564 0.38910571 0.37587127
v -0.37927240 -0.65263736 0.03612325
v 0.47823000 0.68129414 -0.01410180
v 0.33568630 0.41415820 0.30764964
v -0.05106918 0.41368076 -0.46454027
v -0.19726472 -0.63953829 0.30848363
v 0.14788300 0.40374199 -0.38866100
v -0.26304343 0.41106868 0.26131934
v 0.24092008 0.50078434 -0.44149435
v -0.43420160 0.40809557 -0.00594325
v 0.30754298 0.39754453 -0.30942708
v 0.36483264 0.69561779 -0.30887726
v -0.01424249 -0.68372071 0.34515318
v 0.00175932 0.68203467 0.44766441
v 0.20528500 0.42050001 -0.41548100
v 0.24844477 0.41560876 -0.38485634
v 0.37698805 0.40472418 -0.24966399
v -0.17902264 0.40681928 -0.40626484
v -0.29387984 0.63718235 0.19564824
v -0.07045244 0.71008641 -0.41733295
v -0.32377300 -0.66804284 0.17115353
v 0.35283011 0.38980147 -0.29510322
v 0.14245538 0.35993758 -0.42377186
v 0.37800437 0.68998396 0.28526863
v -0.41553319 0.33897355 0.16652735
v -0.46766821 0.69030106 0.04251963
v -0.04434004 0.67933589 0.45750609
v 0.28274620 0.65566230 0.25377446
v -0.38189936 0.68163210 0.25708738
v -0.44655114 0.36554646 -0.03710046
v 0.40467948 0.66898453 0.27975488
v 0.17968076 0.69835490 -0.34217396
v -0.35885364 -0.60247332 0.14587431
v 0.23865962 0.69464320 -0.42250285
v -0.38353610 0.69634765 -0.25801158
v -0.12803507 0.41197014 0.41865227
v 0.29088667 0.40169948 0.35164312
v 0.37606454 0.39833412 0.17636907
v -0.13400504 0.42653349 0.43652469
v -0.33227533 0.41298747 0.28443116
v -0.22098880 0.40967783 0.31945464
v -0.35430598 0.68108034 0.25486326
v 0.33626172 0.39779618 -0.29565099
v -0.33013660 0.68118185 0.31202754
v -0.43867001 0.68809921 -0.19302204
v 0.33436251 0.40335339 0.28137583
v 0.36063400 0.40263301 0.22040600
v 0.07078774 0.68288785 0.45669433
v 0.25617927 0.34390664 -0.38145357
v 0.29785356 0.69606590 0.32606691
v -0.35209206 0.38605985 0.12071750
v 0.30804172 0.67736757 0.37864375
v 0.43308738 0.40053257 0.04930795
v -0.00179813 -0.60957217 -0.43526018
v 0.36489099 0.40103999 0.20553200
v -0.27835926 0.40991399 0.23391126
v -0.13762130 -0.67934787 0.30952650
v 0.41826239 0.67518193 0.24843304
v -0.36991203 0.68223506 -0.32097480
v -0.04267159 0.69287735 -0.48613277
v -0.30436701 0.39257699 0.17705201
v -0.35727564 -0.55474371 0.18019617
v 0.44023049 0.39920059 0.03485208
v -0.27728793 0.40354902 -0.34833393
v 0.38850299 0.40893000 0.17718300
v 0.22180520 0.37117520 -0.39961135
v 0.44835752 0.67798990 0.18346156
v 0.41866317 0.40891731 0.10602792
v -0.40448499 0.39442301 0.02250510
v -0.37450197 0.21385747 0.23686127
v 0.02800370 -0.68475014 0.34104556
v -0.38933900 0.40329799 0.04935460
v -0.14883508 0.66902310 0.46668318
v 0.20520672 0.41109136 -0.37482682
v -0.21394533 -0.68305618 0.21074380
v 0.37288880 0.46547472 -0.31865951
v -0.36903596 0.68127114 0.27495292
v 0.16716874 0.67273200 0.32608634
v -0.48560715 0.66336554 0.09365506
v 0.35503662 0.51931024 0.36167431
v -0.49708068 0.62516254 -0.07861115
v 0.39206600 0.40650252 -0.22473980
v -0.24821846 0.39738113 -0.35912269
v -0.40938300 0.39961401 0.01131530
v 0.11144459 0.68405271 -0.48159218
v -0.17679839 0.71138912 -0.40894493
v 0.15903930 -0.70358962 -0.25697073
v 0.04970751 0.63832229 0.33976492
v -0.45304829 0.68084705 0.16172425
v -0.24897900 0.40924299 0.27659500
v 0.45800307 0.64589024 0.18946660
v -0.07911835 0.67217141 -0.49658290
v 0.25428125 0.68082041 -0.28425035
v -0.07441922 0.60136718 0.50755852
v -0.35462016 0.69935757 -0.26971051
v 0.28051212 0.70996320 -0.32367069
v 0.04342544 -0.64159834 -0.43017960
v -0.32815778 0.50509328 0.38241044
v 0.12626886 -0.20941553 -0.43698674
v -0.14850099 0.40607601 0.38930500
v -0.13409683 0.39848116 0.39198741
v -0.42854103 0.69545519 -0.17080331
v -0.21402903 0.71034890 -0.41255993
v 0.09842457 0.71065706 -0.45328474
v -0.42607322 0.69418728 0.15617435
v -0.09613097 0.26968125 -0.45243677
v -0.40058219 -0.31362849 -0.17989902
v -0.42906591 0.41297552 0.09988787
v -0.38159817 0.42288530 0.25192088
v 0.40784857 0.29128590 0.19150297
v 0.43245989 0.38959280 0.06359968
v -0.39361235 0.38483131 0.06234537
v 0.24874632 0.36837044 -0.38379088
v 0.40393230 0.40336421 -0.19230668
v -0.17960677 0.42489722 0.42080259
v -0.12777992 -0.66483253 0.33230203
v -0.23649128 0.39842752 -0.36541393
v 0.40730584 0.69934094 -0.22628731
v 0.39091778 -0.14718901 0.18084501
v 0.11909076 0.39170885 -0.40318045
v -0.15226853 0.63645017 0.27110890
v -0.31561121 0.40072405 -0.32383841
v 0.12235057 0.39685303 -0.39429745
v 0.41946307 0.47743505 0.25016177
v -0.47999328 0.67837638 0.05835765
v -0.14083076 0.31072944 0.41531137
v -0.24217971 0.41621161 0.37781039
v -0.11906527 0.39658985 0.40693149
v -0.39428601 0.40025300 0.03543660
v 0.16276100 0.40167701 -0.37876701
v 0.38850212 -0.66014326 0.04219285
v -0.36101499 0.40324500 0.09192020
v 0.30193084 0.03813445 0.31779462
v 0.45224091 0.52872986 -0.24362162
v 0.02749708 0.66810846 0.48186731
v 0.41601244 0.37900826 0.12970339
v 0.06063665 -0.25509951 0.40521929
v 0.29055768 -0.66867715 -0.27174002
v -0.18221989 0.39835727 -0.39541200
v 0.23373762 0.41159287 -0.36191779
v -0.33160573 0.41267633 0.16747651
v 0.33286494 0.71074277 -0.25976917
v -0.44187614 0.69587338 0.10020977
v -0.39308944 0.41805458 0.22534110
v -0.34028628 0.39779875 0.11322838
v -0.23241718 -0.63870138 0.28401947
v 0.42815515 0.36742258 0.12556259
v 0.14837825 0.68056113 0.45528048
v 0.04943177 -0.67726362 0.34806260
v -0.09428422 -0.68332142 0.32851434
v 0.23477326 -0.66661471 -0.32226515
v 0.19448975 -0.39810014 0.35559750
v -0.44513381 0.37776381 -0.08108378
v 0.01418643 -0.63248879 -0.42838603
v -0.27387562 0.36596000 -0.36974451
v -0.36494425 0.63806927 -0.00105854
v 0.28844556 -0.66968697 0.23204128
v 0.15329072 -0.65025675 -0.38341048
v -0.37704223 -0.66380078 0.02103654
v 0.12573801 0.68389285 0.36799964
v 0.38337386 -0.68063700 -0.10643087
v 0.28575483 0.64921373 0.40854198
v 0.26161668 0.69815141 -0.30941036
v -0.21934414 -0.65141821 0.28984800
v -0.11430691 -0.68218887 0.31750631
v -0.43770912 0.69480145 0.12521012
v 0.20846911 0.67844748 0.43892840
v -0.14715980 0.42700866 -0.44890916
v -0.43740645 0.43811512 0.16086827
v -0.38997859 0.41289201 0.08195213
v 0.25870612 0.38260263 -0.35505313
v -0.19099662 0.41250330 0.36084163
v -0.36910275 0.68220741 0.22832225
v -0.04475512 0.63759828 -0.32432726
v -0.00227855 0.70080507 -0.47738305
v -0.11352710 0.69562179 -0.47936380
v 0.19871648 -0.66878211 -0.35234660
v 0.31208459 0.65253508 -0.11562239
v 0.27536860 -0.67783731 -0.28128409
v -0.23275800 0.40461400 0.28923699
v -0.26241213 -0.66399187 0.25414971
v 0.07112963 0.69876570 -0.38358045
v -0.27711222 0.41299829 0.26415035
v -0.21981558 0.40336466 -0.37954393
v 0.01280418 0.24845442 0.43533611
v -0.06165605 0.46921903 -0.48773861
v -0.35713503 0.63772726 -0.03929100
v -0.36855745 0.39776650 0.07062295
v 0.29730564 -0.68522602 0.21051081
v 0.39564881 -0.65414572 -0.01324104
v -0.35477284 0.69594926 -0.30829048
v 0.43742579 0.70058316 -0.14171813
v -0.20962283 0.39855674 -0.38056368
v -0.42201152 0.41728714 0.16326140
v 0.44162217 0.44291481 0.16340972
v -0.38950679 0.35198396 0.18515566
v 0.01396670 0.66883731 -0.49652827
v -0.36420986 0.42579389 0.27931288
v 0.38198194 0.42717683 0.26656318
v -0.30410787 0.39894167 -0.33126625
v 0.23986894 -0.67859703 -0.30264008
v -0.35272899 0.39621300 0.09650180
v 0.41391131 0.41780794 0.18835504
v -0.12923205 0.68049991 0.44243905
v 0.46808264 0.68741983 -0.05866854
v -0.40448499 0.40133399 0.02250510
v 0.11598288 0.37135619 -0.42634794
v -0.29805651 0.50835329 -0.41257954
v -0.15812768 0.63765419 -0.26467103
v -0.36036563 0.67911249 -0.33654049
v 0.28431875 -0.68455130 -0.26371330
v -0.14848709 0.32754269 0.41124797
v 0.33271468 0.40503550 -0.30587524
v -0.43487877 0.50325382 0.25230661
v 0.34634155 0.70931739 -0.29699653
v 0.34966934 -0.68264103 -0.17656296
v -0.42473847 0.68321395 -0.23483165
v -0.10050450 0.55338389 -0.51120460
v 0.19733556 0.69399518 0.41511887
v -0.34532675 0.41307259 0.25811911
v 0.02664381 0.67055410 0.39954078
v 0.20117818 0.41362980 -0.40350044
v -0.24440855 0.41285175 0.35860255
v -0.38694629 0.68408638 -0.08707468
v -0.42122474 0.39729342 -0.00777346
v -0.13540635 0.67108703 0.46869424
v -0.39262551 0.68316436 -0.28563923
v 0.44155797 0.69514197 0.11399750
v 0.21887268 0.51463157 0.45320117
v 0.14852226 0.41167331 -0.40184781
v 0.00692120 -0.68684280 0.34019968
v -0.11201014 0.41443437 0.43353269
v 0.15201785 0.65979248 0.46904656
v 0.33732638 -0.68274856 0.14139603
v -0.34986475 0.65041739 -0.09619844
v -0.46863973 0.66693330 -0.14765471
v -0.37584996 0.66719735 0.31103134
v 0.34510651 -0.68597227 -0.15796117
v 0.34779808 -0.59232700 0.18780529
v 0.32778224 -0.68793637 -0.18026033
v 0.32049778 0.39847067 0.29994342
v 0.33365777 0.04941311 -0.31568399
v -0.27176416 0.66862702 0.40648499
v 0.05775372 0.63574678 0.31662810
v -0.04538603 0.70821846 -0.42013741
v 0.38423845 0.39598474 -0.23147982
v -0.34763485 0.67482847 0.32648814
v 0.43464911 0.40904355 -0.13354740
v -0.40660161 0.32393032 0.18259226
v -0.26469201 0.39392701 0.23388200
v 0.04008657 0.40970752 -0.44596127
v -0.34455922 0.63770062 -0.05861410
v 0.21945900 0.40044001 -0.35244900
v 0.24680126 -0.11838838 -0.38140181
v 0.36416790 0.69657320 0.24079156
v -0.35792169 -0.67689449 0.04961685
v 0.40694565 0.39977965 0.10595556
v 0.20539829 0.37523815 -0.39770517
v -0.00847033 0.39885277 -0.44891083
v -0.29430386 0.64326864 0.40183586
v -0.05727923 0.67662323 0.40054336
v 0.01390675 0.69285721 -0.48614216
v 0.28415912 0.63645709 0.16864969
v 0.06303407 0.39811555 -0.42061657
v -0.45373964 0.69526231 -0.04140978
v 0.13196850 0.69003761 0.39992777
v 0.28403902 0.69509095 0.35529813
v 0.39201611 -0.66174358 0.01361279
v 0.40462852 0.68595511 0.25388393
v 0.38857070 0.67253155 0.30045703
v -0.12043680 0.40039238 -0.43118697
v 0.26943457 0.63660061 -0.12906162
v 0.42754814 0.41836172 0.16320768
v 0.10719740 0.56745833 -0.50906658
v -0.00185923 0.42343229 -0.47088903
v 0.38805741 0.69302231 0.25465655
v 0.38966101 0.40541899 0.16323601
v -0.01542246 0.63762510 -0.33808890
v 0.30902311 0.63659501 0.08539909
v 0.08262683 0.53135723 -0.50985259
v 0.21945900 0.39530000 -0.35244900
v 0.39014819 0.63385844 -0.32957861
v 0.42140388 0.70577723 -0.11376608
v -0.36299673 -0.66920131 -0.10024948
v -0.41853473 0.67957681 -0.24925604
v -0.16484366 0.42338535 0.42528588
v -0.34072205 0.63867718 -0.07868829
v 0.32790908 0.69525605 0.28004089
v -0.31575221 -0.31985226 0.26855510
v 0.20460378 0.71113759 -0.38093442
v 0.26762635 0.41795853 -0.37956271
v -0.16090183 0.39685258 -0.40823931
v 0.31885806 0.39395598 -0.30885425
v -0.49518326 0.65365571 -0.04726945
v -0.18426114 0.67186594 0.45087102
v -0.24851651 0.26604900 0.36001933
v -0.31610540 0.68855369 -0.24067467
v -0.33558181 -0.66260082 0.15292221
v -0.23536247 0.40687492 -0.37672821
v 0.15325844 0.68720937 0.36095291
v -0.35509229 0.67871112 0.30481735
v 0.28785247 0.29224595 0.35174870
v 0.00466862 0.36371437 -0.45604822
v -0.31135684 -0.65257150 0.21175207
v -0.31608111 0.69741583 -0.26989186
v -0.25561500 -0.64003122 0.26771006
v 0.39392915 0.39945903 0.13440616
v -0.02382469 0.07107010 -0.46358988
v 0.07052492 -0.66974038 0.35092577
v -0.40449932 0.38573673 0.04333058
v -0.33404034 0.68302947 -0.36464188
v -0.47989076 0.46991763 0.05014480
v -0.16975829 0.70838004 -0.44176137
v -0.39994287 0.41340050 0.19144394
v 0.09500917 -0.68056351 -0.35780996
v 0.31738034 -0.68878883 -0.21273503
v 0.29252973 -0.62821388 0.25150129
v 0.15997067 0.41329834 -0.41814142
v -0.10604344 0.39825520 0.41722718
v 0.07868852 0.39330930 -0.41818818
v -0.17846946 0.41242605 0.37295753
v 0.33651218 0.63664758 -0.01449780
v -0.19147512 0.40290973 -0.39490968
v -0.25156927 0.67040747 0.41636303
v 0.38841718 -0.66816735 -0.07037423
v -0.21983771 -0.30568442 0.34162840
v 0.21481335 -0.63774031 0.30580491
v 0.14313462 0.48428747 -0.47353107
v -0.16750793 0.66492784 0.46323654
v -0.37723100 0.40769601 0.07927600
v 0.42389786 0.69788742 -0.19783628
v 0.42678264 0.42852831 0.18363936
v -0.00746382 0.63600564 0.20917927
v 0.42336553 0.69616550 -0.00042112
v -0.28160462 -0.68576539 -0.21654482
v 0.07180230 -0.56935489 -0.43452117
v -0.26108500 0.40465099 0.24667700
v 0.32618904 0.69539481 -0.35451049
v 0.19111000 0.40103701 -0.36526701
v -0.30529270 0.66759878 0.38193375
v 0.23494700 0.39373201 -0.34754699
v -0.25441420 0.70856035 -0.35908031
v -0.37610018 -0.66656631 -0.05564217
v -0.33637902 0.69457370 -0.21533318
v 0.37600833 0.71012342 -0.24172543
v -0.43043771 0.38273710 0.01153688
v -0.36405882 -0.45803103 0.18421851
v -0.17730600 0.40553901 0.36135501
v 0.26966730 0.67634833 0.27847284
v 0.31868199 0.40202999 -0.30795500
v -0.35139024 0.65601838 0.34431374
v 0.24342483 0.69598377 0.38228601
v -0.32949853 0.66841328 -0.37848076
v 0.05403588 0.39761424 -0.42363334
v 0.46559125 0.68185782 0.11290561
v -0.18125960 0.34052312 0.38415059
v -0.06359654 0.29824567 0.43822828
v -0.27590925 0.63731879 -0.20601805
v -0.46856165 0.68615019 0.08362776
v -0.42307273 -0.26818061 -0.09570795
v -0.00017045 -0.67072719 0.35278323
v -0.18851219 0.69590187 -0.45335370
v 0.07224096 0.41021690 -0.43560535
v 0.31371331 0.63649118 0.05108159
v -0.48200974 0.50979620 0.14872609
v -0.16301417 -0.68044776 0.28355679
v -0.39428601 0.39545500 0.03543660
v 0.40928993 0.37066957 0.15586272
v 0.09857251 -0.66767514 0.34979263
v -0.21205948 0.66601819 -0.45252424
v 0.07094198 0.70528185 -0.46914136
v -0.26686665 0.41851521 0.36465001
v -0.04848151 -0.66291326 0.35488403
v -0.09986185 0.67984617 0.45424929
v 0.07852600 0.40238199 -0.41758099
v -0.33475399 0.42333698 0.30994222
v 0.23646796 0.42261386 -0.40238610
v 0.42644480 0.69460475 0.17054668
v -0.36540714 0.41300005 0.12586658
v -0.07129758 0.68041688 0.45193440
v -0.43605798 0.36023161 0.08393701
v -0.40101767 0.41298223 0.17252068
v -0.35874680 -0.67572576 0.02908742
v -0.39857820 -0.63426447 -0.02892155
v 0.16302823 0.67985797 0.45312178
v -0.37956294 -0.66533846 0.00741672
v -0.07850341 0.66844445 0.48054597
v -0.22018017 0.41314632 0.34797937
v -0.07071141 0.69791776 -0.48236275
v -0.29299501 0.39388299 0.19135800
v 0.10064910 0.71095145 -0.40388703
v 0.35442987 0.69515324 0.28389019
v -0.37769771 0.38546649 0.08397742
v 0.39635381 0.39797670 0.12704423
v -0.40873483 0.69520676 -0.08544960
v -0.38142300 0.69648677 -0.14112376
v 0.42114100 0.40144500 0.07796050
v -0.44161519 0.41635126 -0.11863200
v -0.48024988 0.68259335 -0.06391533
v -0.44120860 0.36623105 0.04997831
v 0.05652457 0.42453995 -0.46665087
v -0.14307325 0.71112400 -0.44134322
v 0.29219681 0.65429789 -0.16488050
v 0.38340089 0.39659697 0.16529523
v -0.35000524 0.49366555 -0.35947257
v 0.13655126 0.38268244 -0.40993094
v 0.45486420 0.42120573 0.03875995
v -0.29599214 0.41693267 0.33832049
v -0.30253354 -0.67371535 0.17252856
v -0.46333900 0.51805210 -0.21684681
v 0.37561911 0.51149112 -0.34424803
v -0.31311828 0.65269595 0.22980364
v -0.36287355 0.41002300 0.10691436
v 0.45445135 0.69521666 -0.09187689
v -0.41766301 0.40335199 0.00678918
v -0.39943883 0.39707977 -0.20459671
v 0.13880694 0.66445875 -0.48001146
v 0.35358968 0.68653816 0.31983024
v 0.35462803 0.70455432 -0.17968306
v -0.37571681 0.48340228 0.32010779
v 0.15767297 0.37094638 -0.41598827
v -0.44171888 0.36923423 0.03622775
v 0.32422289 0.68039948 0.24767262
v 0.39823171 0.69482958 0.22743668
v 0.08196748 0.68805552 0.43106881
v 0.04369232 0.71049702 -0.45599604
v -0.15160090 0.65515321 -0.29690233
v 0.04080678 0.69850004 -0.39352703
v 0.31742921 0.64515990 -0.08527751
v -0.32057601 0.40757999 0.16439500
v -0.24514292 -0.67014152 0.25105196
v 0.35757649 -0.68480593 -0.09419574
v -0.47927257 0.68082213 -0.08551896
v -0.18053301 0.40070099 0.35047701
v 0.21034148 -0.67698240 0.28134549
v 0.33752772 0.42620519 -0.33136037
v 0.31979725 0.68636066 0.35446709
v -0.39163059 0.68771547 0.16812707
v 0.51049113 0.53035963 -0.00765931
v 0.40083158 0.41166854 0.16122063
v 0.17189224 0.69861704 -0.45335615
v -0.04320304 -0.68983406 0.33010346
v -0.42799324 0.69438308 0.08433908
v -0.21164104 -0.69187766 -0.26635394
v 0.21608809 0.69470310 -0.43715045
v 0.07662026 0.59590495 0.50830704
v -0.42643845 0.65333462 0.25258344
v -0.05859980 0.38031235 0.44313332
v -0.40530464 0.40945178 0.04103032
v 0.27019933 0.40223652 0.36782926
v -0.40071231 0.69406766 -0.24143933
v -0.33951780 0.68247992 -0.17888722
v 0.40331900 0.40222800 0.12161000
v -0.21471232 0.63995016 -0.24639440
v 0.07975024 0.36738691 -0.43624187
v -0.15066038 0.69768327 -0.46747130
v -0.48749188 0.67434877 -0.02798847
v 0.32983682 0.71084601 -0.31039974
v -0.08632851 0.63763589 -0.29899359
v 0.45039871 0.41125268 -0.04921191
v 0.22048490 0.33716878 -0.40396807
v 0.18023568 0.67800200 0.44954705
v 0.41931450 0.43764171 -0.21318433
v -0.51080203 0.56151819 0.03724011
v -0.36997512 -0.38564062 0.18451239
v -0.19225433 0.39083877 0.34057167
v 0.01339890 0.70838064 -0.42619088
v -0.39938739 0.68730587 0.22156325
v -0.22087422 0.63717568 0.26261061
v 0.39681813 0.71089023 -0.19880082
v 0.47051394 0.60437375 -0.20537336
v -0.08505110 0.39965925 -0.45102063
v -0.33927953 -0.66946220 0.13666882
v -0.32316041 0.63798267 -0.11252968
v -0.41438726 0.41299376 0.14884993
v -0.31622887 0.68175477 0.27907032
v 0.43478143 0.40999678 0.07680905
v 0.10609033 0.39291665 -0.40617660
v 0.02825853 -0.67084175 0.35165763
v -0.39220071 0.67953300 0.07760833
v -0.17931259 0.67091972 -0.46946862
v -0.29523212 -0.67637146 -0.24660553
v -0.20874386 -0.63539338 -0.34773853
v -0.10618141 0.71139240 -0.41843304
v -0.14895093 -0.66521454 0.32456377
v -0.21227464 0.70026618 -0.43555894
v -0.20130748 0.21351609 0.39111495
v 0.28061426 0.71022642 -0.35691214
v 0.02927153 0.42141402 -0.46867648
v 0.18327057 0.41733357 0.41850218
v -0.43974006 0.66973448 0.21529935
v 0.42532316 0.38918221 -0.14613977
v 0.40961933 0.39833197 0.09714389
v 0.40063214 -0.63180101 0.04646434
v -0.00005633 0.66922671 0.41047645
v -0.39923599 0.66824067 0.27971575
v -0.46830374 0.69047743 0.01454063
v -0.39806780 0.68267936 0.23968709
v -0.40681729 0.42069113 0.20592164
v -0.03124991 -0.67802763 0.35151896
v 0.12287419 0.66618162 0.47354510
v 0.35596427 -0.67588025 0.09688830
v 0.29779601 0.68527317 0.27362120
v -0.00049982 0.66844428 0.48163754
v 0.26983482 0.68880200 0.39186451
v 0.43848455 0.42532811 0.14811558
v -0.21387500 -0.68239713 -0.29781264
v 0.14884575 0.41702029 -0.43611801
v 0.02904999 -0.66243309 -0.40584973
v 0.26025131 0.69395649 0.32457930
v 0.49104801 0.49142072 0.04567097
v 0.08516230 0.44009680 0.45980078
v 0.32216698 -0.28237256 -0.31315589
v -0.45120940 0.69025469 -0.14908168
v -0.19004120 -0.67934358 0.26221243
v -0.14932959 0.68100423 0.40410149
v 0.31865212 -0.69040549 0.11268535
v 0.34687445 0.41052246 0.28051269
v -0.33332014 -0.04178489 0.27131140
v -0.49423322 0.65514886 0.02138513
v -0.13257995 0.67744642 0.36292762
v 0.45408401 0.69714224 -0.07284230
v -0.08484279 0.68041283 0.40180665
v 0.44081634 0.36945897 0.10118291
v -0.38112730 0.69866854 -0.19736648
v 0.14409353 -0.54464495 -0.40713096
v 0.10043431 -0.05749671 0.41318259
v 0.44480121 0.69610029 0.05110072
v 0.16666788 -0.67155647 0.31935802
v -0.34803298 0.41286185 0.14766949
v -0.27502412 -0.67061347 0.21819329
v -0.18451728 0.43884918 -0.43962267
v -0.29951903 -0.66839099 0.20500065
v 0.44193971 0.42379621 0.13516378
v -0.42481881 0.41247940 0.04247179
v 0.32099560 0.41025186 -0.32319281
v -0.20266615 0.26622704 0.39215627
v 0.35725066 0.70963740 -0.28110665
v -0.24065647 0.70940328 -0.39888373
v 0.08498939 0.63606995 0.31843102
v -0.24206784 -0.68293935 -0.27622837
v -0.10202345 0.52974570 0.49655858
v -0.37469938 0.69401479 -0.28380275
v 0.15085538 0.57551074 0.49307355
v -0.43998247 0.69301265 0.00022588
v -0.23412676 0.38886702 -0.37230819
v 0.29827005 0.71088564 -0.34101143
v -0.29317191 0.63789999 -0.18273291
v -0.27296385 -0.67666221 -0.26173341
v -0.36591539 0.64778304 0.03991864
v -0.46291092 0.43552095 0.00052177
v -0.23638999 0.40178999 0.27640501
v 0.09622404 0.38339934 -0.42500266
v 0.49625653 0.58489114 -0.11962339
v -0.23473014 0.41104656 0.30393291
v -0.07912616 0.63099122 -0.49949098
v 0.39426437 -0.56178087 0.10181862
v -0.27113250 0.69918680 -0.31948569
v 0.38199157 -0.67523366 -0.04273993
v 0.12872371 -0.67047542 0.34135592
v 0.26925719 0.68943125 0.29744083
v -0.31161207 0.65654665 -0.19218799
v -0.45281973 0.41908482 0.00119383
v 0.22924963 -0.67955792 0.26529023
v 0.17575990 0.70982027 -0.36925754
v 0.32761160 -0.66934729 0.18485449
v 0.41491061 0.69382352 0.19947830
v -0.34648120 0.38454327 0.13495018
v -0.28241616 0.70658123 -0.35755721
v -0.41868490 0.41013768 0.02312263
v -0.28400201 0.70436597 -0.37568456
v 0.44659925 0.36970949 0.02713035
v -0.42449838 0.34469107 0.14195889
v 0.09543815 0.69757009 -0.47717381
v 0.14772575 0.63593036 0.28415531
v -0.29334188 0.41307616 0.23780495
v 0.48126730 0.67424333 0.01398657
v 0.44887832 0.16270152 -0.04109263
v -0.06077797 0.64042258 0.34659550
v 0.04945264 0.28702438 -0.46161085
v -0.41362852 0.69384468 -0.21928799
v -0.44143546 0.36345804 0.06511980
v 0.36536717 0.40971994 0.23277430
v -0.33711186 0.38483244 0.14750287
v -0.48370114 0.67664009 0.02797155
v 0.39809519 0.68468368 -0.27029601
v -0.45687550 0.42392632 -0.03140013
v 0.35241222 0.54345095 -0.38017613
v 0.31086820 0.69563299 0.29591098
v -0.05950141 -0.68454385 0.34475651
v 0.50544775 0.54263324 0.07383198
v 0.45641306 0.69519573 0.01416362
v -0.21599075 0.41249114 0.33382425
v 0.22487876 0.69410580 0.35986358
v -0.06477004 0.69451296 -0.38460821
v -0.02899671 0.66818815 0.48213065
v 0.29065973 0.30030778 -0.35963669
v 0.22228256 0.64875662 0.27708024
v 0.36749142 0.71026796 -0.25962797
v 0.42643556 0.33462077 0.14219639
v 0.48038077 0.66824156 -0.05642496
v 0.26218322 0.71037054 -0.36850050
v -0.29838893 0.65987545 0.25251001
v 0.26198301 0.40241101 -0.33558100
v 0.14517197 -0.67740428 0.32819411
v -0.40825531 0.43653613 0.22567265
v -0.02757416 -0.69401312 -0.36346298
v 0.33416000 0.63760304 0.02011717
v -0.10788897 0.39139023 -0.43910235
v -0.20532399 0.40598699 0.33245799
v 0.45018387 0.35611993 -0.06762268
v 0.03396980 0.68211532 0.45614162
v 0.35064057 -0.68577158 -0.03569215
v 0.36668599 0.43259200 0.29178169
v -0.49470243 0.54943067 0.12709554
v 0.26041564 -0.66577941 0.25353858
v -0.29915729 0.69690877 -0.29710692
v -0.05715394 0.66898781 0.48085266
v -0.31190550 0.63722438 0.14314097
v -0.25420314 0.35826588 -0.38318041
v -0.44683477 0.41714585 0.05734482
v -0.22583869 0.52724707 -0.46120125
v 0.38457710 0.69633228 0.15586241
v -0.36026159 0.69661909 -0.18284714
v -0.28841048 0.43535337 0.36333579
v -0.33602268 0.65049165 -0.12520832
v -0.30947801 0.40007401 0.16300800
v 0.01917487 0.40015632 -0.43798515
v -0.26321977 0.38887325 0.24773355
v 0.34686404 0.39848343 0.24685515
v -0.27409291 -0.66756439 0.23683266
v 0.50949317 0.55759048 -0.07482340
v -0.14110520 0.35567138 0.40834126
v -0.38575771 -0.63957423 -0.09916899
v -0.29053938 0.39582714 -0.33702931
v 0.38364589 0.70693117 -0.16157928
v -0.13500026 0.70229566 -0.46486723
v -0.32502505 0.70078975 -0.29056123
v -0.28622335 0.15540838 0.33228132
v -0.21172756 0.43674034 0.41431427
v 0.04936942 0.70017868 -0.47864249
v -0.41220179 0.68120706 0.01393599
v 0.21944703 0.69721752 -0.32514724
v 0.24121697 0.70915854 -0.34250119
v -0.36784264 0.34052092 -0.27577567
v -0.04111690 0.70370895 -0.47205374
v -0.49540383 0.64774597 0.06010446
v -0.36783755 0.39278951 -0.27387661
v -0.24129024 -0.65921193 0.27084216
v -0.29897970 -0.63088304 0.23805501
v 0.14256831 0.59154856 -0.49697179
v 0.43727562 0.69649011 -0.16870368
v 0.44440189 0.40622732 -0.09204777
v -0.33280593 0.63824689 0.09724707
v 0.04915817 0.38895655 -0.43591025
v 0.07739837 -0.70218009 -0.29704553
v -0.31970099 -0.47776118 0.24580604
v -0.15385664 0.55025792 -0.49710980
v 0.33383995 -0.54461873 -0.27819261
v -0.03510986 0.68075782 0.43639591
v 0.27451646 0.53377360 -0.43483996
v -0.36001721 -0.67171580 0.08464717
v 0.32275915 -0.68164384 -0.23383091
v 0.18444765 0.63597232 0.26050520
v 0.43453470 0.68469447 0.19957571
v -0.34729931 0.68070716 -0.35187379
v -0.40910575 0.68492913 0.04629478
v 0.41020301 0.43422771 0.22544518
v 0.19745062 -0.53951520 0.34226251
v 0.32214186 0.36850962 -0.32670793
v -0.36693233 -0.65420276 -0.12600687
v 0.16278146 0.41081414 -0.39224687
v -0.24772000 0.39268801 0.26218501
v 0.24789752 0.40735796 -0.34837630
v 0.41992301 0.40748459 -0.16818731
v -0.32724884 0.67155600 0.25201866
v -0.01441574 0.68319291 -0.49223104
v 0.19620009 0.69044006 0.35111040
v 0.27550113 0.39135027 -0.33265954
v -0.25905699 0.38370925 0.26941550
v -0.38437685 -0.65770775 -0.08301173
v -0.39419785 0.41166645 0.06356355
v 0.37447801 0.40342399 0.19123000
v -0.45621243 0.69366026 -0.10640459
v 0.44449583 0.35526654 0.07373469
v 0.11732867 0.69028252 0.43494624
v -0.37068805 0.68385738 -0.11937698
v -0.47293907 0.66971910 0.12876551
v 0.21856271 -0.34140179 -0.39085484
v -0.29267174 0.36762765 -0.35251620
v 0.39698091 0.39775869 -0.20429459
v -0.44299465 0.64271176 0.23102751
v 0.28467107 0.43587530 -0.38064593
v -0.17738754 0.68139696 0.36051869
v 0.06737448 -0.14797439 0.41202146
v 0.30967125 -0.66884995 0.21186107
v -0.32328892 -0.61900979 0.20925154
v -0.13256612 0.39789611 -0.42334089
v -0.22764687 0.65732360 0.43683833
v -0.04180139 -0.59288847 -0.43623671
v 0.18500412 0.71077162 -0.42376941
v -0.13839529 0.40951741 0.40397406
v 0.03009750 0.70094484 -0.47736964
v 0.17693400 0.39259800 -0.37476400
v -0.00630952 -0.56541270 0.38451797
v -0.31542382 -0.67585766 0.14870544
v -0.41348886 0.69727647 -0.14542316
v -0.25428709 0.63858241 -0.22460580
v 0.05924030 0.68296778 0.40681490
v 0.14385545 0.71094751 -0.38691017
v 0.42430052 -0.35943532 0.03647075
v -0.02691278 0.69264799 -0.39850828
v -0.09343843 -0.69261575 0.26907477
v 0.24052565 0.39637324 0.38213304
v -0.15568945 0.41253147 0.40185121
v 0.40478778 0.40974030 0.14623269
v -0.45192257 0.68741590 0.14128570
v 0.11111788 -0.68116802 0.33633393
v -0.21519640 -0.66797709 0.27867755
v 0.45313531 0.68559486 -0.14128329
v 0.35555699 0.65386087 0.35011405
v 0.28195700 0.37157339 0.35983643
v 0.25410405 0.63798815 0.24898477
v -0.43638918 0.68460852 0.18448450
v 0.18418849 0.10740425 -0.42192748
v -0.09780229 0.39149061 0.42736700
v 0.12882140 0.68096620 0.45790729
v 0.41161388 0.39489540 -0.17449640
v 0.23506500 0.36559889 -0.39565521
v 0.35820565 0.39851922 -0.27878320
v -0.33780849 0.39734501 0.12052026
v -0.21463577 0.31950459 0.36758617
v -0.00767756 -0.43757468 0.39437062
v 0.25469345 0.63929933 -0.21143717
v 0.28176874 0.67467654 0.40081865
v 0.03746413 0.52360368 -0.51165128
v -0.28227457 0.38329417 0.23684958
v 0.03938644 -0.60090750 -0.43772435
v -0.26469201 0.40183601 0.23388200
v -0.44673505 0.41637427 0.02864352
v 0.07931291 0.55956173 0.50935429
v 0.31284228 -0.68651158 0.19499731
v 0.10019286 0.68137419 0.37583235
v -0.44651824 0.69666952 0.06141364
v -0.09174976 0.40928370 0.43679342
v -0.28202856 0.63693959 0.22763491
v 0.27007976 0.67932457 -0.41054755
v -0.16829590 0.69275320 -0.46608487
v -0.07425092 -0.69053441 0.30926120
v 0.40311545 0.10925847 0.18710029
v -0.07306932 -0.69414639 -0.34800276
v 0.08605775 0.68443221 0.39563781
v -0.04098880 0.63906205 0.49696773
v -0.19155300 0.40553999 0.34720200
v 0.07857104 0.49005792 -0.49339175
v 0.36786959 0.39901501 -0.26148406
v 0.35944718 -0.60229552 -0.20363881
v -0.41770807 0.38493615 0.02552431
v -0.44182017 0.55759978 0.24906270
v 0.37894756 0.69819289 -0.28295919
v -0.30338609 -0.67004758 0.19138145
v -0.14663555 -0.70844871 -0.09564675
v 0.36986139 0.39667872 0.19502644
v 0.27898368 0.69590056 -0.27954310
v -0.43662205 0.68222976 -0.21315813
v 0.08531798 0.66753662 0.47957742
v -0.36543941 0.38478070 0.10498393
v -0.13002101 0.51427436 -0.49579135
v 0.29760736 0.63634849 0.11325382
v -0.45153350 0.68433934 -0.17007606
v 0.37380919 0.59089190 -0.36244655
v -0.38933900 0.39241499 0.04935460
v 0.17686011 0.41192862 -0.38938540
v -0.19487897 0.67144245 0.31920052
v -0.31118977 0.63776046 -0.13387008
v 0.04257871 0.68279368 -0.49313894
v -0.29883814 0.70028579 -0.31891915
v 0.20792995 -0.68946385 0.24660143
v -0.10419016 0.57532775 0.50882238
v -0.35969168 0.68954808 -0.15616751
v -0.16062397 0.67181927 0.33803594
v 0.35993403 -0.68404627 -0.13035639
v -0.14163214 0.67822820 -0.48300701
v -0.35022214 0.40851459 0.12182459
v 0.39337000 0.44515035 -0.27188060
v 0.11420244 -0.70565200 -0.27120417
v -0.30097571 -0.54078704 -0.31931961
v -0.38146570 0.68140119 -0.30549562
v -0.45289603 0.69582516 -0.06219044
v -0.42166939 0.68384689 0.21244693
v -0.15191801 0.58544540 0.49654451
v -0.37075385 0.27389008 0.24634822
v -0.18429649 -0.69320583 -0.29465461
v 0.36375284 0.67262566 -0.33229226
v 0.32643011 0.65360135 0.10901431
v -0.30541936 0.36119211 0.25596696
v -0.33587894 0.67397135 0.34115791
v 0.00911369 0.57039976 0.51341689
v 0.09979761 0.41469994 -0.44598258
v -0.12813073 -0.69172490 -0.33306497
v -0.24762358 0.68114555 0.36119232
v -0.37274769 -0.66650397 0.04289589
v -0.26348266 0.68175507 0.31614986
v -0.37237510 0.52784139 -0.35194889
v 0.12815174 0.69911653 -0.46724129
v -0.29477206 0.64805353 -0.21423393
v -0.44890618 0.33721066 0.04507554
v 0.16265777 0.39325324 -0.37956998
v 0.41534451 0.69618738 0.02837948
v -0.43240407 0.42274538 0.14893892
v 0.36925110 0.71020114 -0.21389574
v -0.08017969 -0.68243653 0.34097728
v -0.38580379 0.32764831 0.20479846
v -0.04531908 0.59276092 -0.51094294
v 0.13977858 0.27527890 -0.43905121
v 0.07085529 0.31437284 -0.45438999
v -0.32117829 0.66928655 0.36365345
v -0.25141037 -0.45234826 -0.37055168
v -0.20440800 0.38936201 0.32872999
v 0.35360700 -0.66898727 0.12713900
v -0.34752601 0.41449001 0.27640501
v -0.26849645 0.32663170 -0.37751478
v -0.32143429 0.41308433 0.19553562
v 0.17849104 0.65355247 -0.26810798
v -0.24186303 -0.59589785 -0.36396855
v -0.08602300 0.70999259 -0.45735160
v -0.37918922 0.67606056 0.10886882
v 0.42789564 0.69590545 0.14095636
v -0.02848830 0.54438972 0.50829601
v -0.11345632 0.63766336 -0.28507066
v 0.33706287 -0.16647899 0.26287484
v -0.27195093 0.41295096 0.34110770
v 0.19696836 0.68445355 0.32740963
v 0.49587670 0.61317694 -0.04877669
v -0.28642845 0.05460418 -0.35824010
v -0.18363784 -0.66092825 0.30850178
v -0.02276666 0.35058147 -0.46188712
v -0.31313306 0.69486386 -0.36965746
v 0.11088008 -0.33058211 0.39074865
v 0.32500052 -0.68525940 0.17039616
v 0.03134154 0.63567746 0.33476216
v 0.30284593 0.60897630 -0.41815016
v -0.30666476 0.40996733 0.19139908
v 0.13348676 0.40900967 0.43080440
v -0.46296912 0.68540609 -0.12929182
v 0.27812505 0.67419577 -0.23897177
v -0.16528948 0.61772805 0.48050335
v 0.30877036 -0.68303418 -0.24768233
v 0.17318588 0.37607473 -0.40569136
v 0.44714788 0.67036051 -0.19513606
v 0.42173776 0.55340201 0.29295543
v 0.21540642 -0.67805690 -0.31501895
v -0.43336809 0.40255755 -0.02018851
v -0.34475338 -0.60919434 -0.21566549
v 0.21137737 0.67641991 0.30650863
v -0.45640922 0.69434196 -0.01635961
v -0.39540002 0.68732053 0.14230345
v -0.50934106 0.52728450 -0.04785428
v -0.25905779 0.39670801 -0.35154709
v 0.30665788 0.63660151 -0.06657084
v 0.19179176 0.41038668 -0.37842980
v -0.25335008 0.43036315 -0.39928022
v 0.36818594 0.58757323 0.35620922
v -0.14558272 0.38719597 0.38661355
v -0.16427210 0.41242078 0.38669163
v 0.22563215 0.68919832 0.32397151
v -0.11410828 0.65567231 0.47960258
v 0.04478397 0.63898486 -0.31639448
v 0.17400250 -0.67150986 -0.35311586
v -0.34875074 0.66081560 0.13624629
v -0.23185086 0.69345272 -0.31562504
v -0.28454632 0.36852607 0.27060419
v 0.28050855 -0.50248361 0.28994972
v 0.31348783 0.41263297 0.33550477
v 0.03481980 -0.68918419 0.31250003
v -0.34003717 0.40989867 -0.30856612
v -0.24863648 0.30054951 0.34941691
v -0.45172983 0.43709958 0.11331488
v -0.41170010 0.64627093 0.27986601
v -0.43926540 0.39710552 -0.03950952
v -0.31633326 -0.67887706 0.13045630
v -0.20920624 0.68105811 0.37804401
v -0.30067214 -0.58791029 0.24349570
v -0.34473398 0.63746351 0.04376175
v 0.45696291 0.51013589 -0.21898739
v 0.47707561 0.68120474 -0.03553606
v 0.33945340 0.69412845 -0.15723148
v -0.18578731 0.68049252 0.42569041
v -0.21996865 0.68082845 0.33090577
v 0.11749570 0.63585699 0.28896385
v 0.37765732 0.31777608 0.23279312
v -0.07108272 -0.59203970 -0.43441123
v 0.37073603 0.65904588 -0.01393230
v -0.20653795 0.40699032 -0.39225245
v 0.39706829 0.68173969 -0.00941690
v 0.01928806 0.63985980 -0.33155885
v -0.10995512 0.42322832 -0.45800215
v -0.12407273 0.59947401 0.50124454
v -0.44661960 0.36819991 0.00382439
v -0.31609932 -0.66239482 0.19373567
v 0.38121536 -0.67231476 -0.01495518
v 0.39863962 0.69636053 0.09911935
v -0.02955081 0.71086413 -0.44493636
v 0.17706837 0.64696300 0.29442608
v -0.07001226 0.64028603 -0.31872311
v 0.25531691 0.68271202 0.41121128
v 0.33911517 0.17604695 -0.31470212
v 0.34187958 0.34733671 -0.31291437
v 0.33526728 -0.68314701 -0.20453137
v -0.39206335 -0.59808332 0.06096226
v -0.40850630 0.35788661 0.14536799
v -0.47881877 0.68454301 -0.01479223
v -0.07699518 0.35059527 0.43788630
v 0.09140658 0.39894032 0.43224391
v -0.32341346 -0.67523724 -0.20066252
v 0.38154742 0.17760153 -0.25115815
v -0.45789126 0.42647302 0.02834110
v -0.47526032 0.59163845 -0.18640156
v 0.37610209 0.40933692 0.20489851
v -0.33805120 -0.58719778 0.19944419
v 0.42086807 0.30786857 0.16104281
v -0.28856021 0.59715796 0.41645086
v -0.38692185 -0.55392671 -0.17466466
v 0.02160412 -0.50190467 0.38885966
v 0.20485012 -0.60621846 -0.36462912
v 0.39165691 -0.65133125 -0.09588201
v -0.19788656 -0.58438450 -0.38961518
v -0.45140696 0.42287949 0.07752665
v 0.30356738 -0.69010603 -0.22908184
v 0.24789152 0.58878475 0.45082289
v 0.04137692 0.68366313 0.42328849
v 0.43925810 0.69918245 -0.04288938
v -0.33973959 -0.66083795 -0.18058264
v 0.49759907 0.51666749 -0.10122015
v 0.35262761 0.69474524 -0.13262759
v -0.36115074 0.41300365 0.24309510
v 0.24139035 0.54534364 -0.45393234
v 0.44270813 0.69584739 0.08527803
v 0.10166746 0.67828596 0.46477756
v -0.35433286 0.63755083 0.02111114
v 0.34076035 0.30160263 -0.31613514
v -0.45553729 0.65753353 0.20100902
v -0.22504744 0.50323319 0.44718763
v -0.40676138 0.68626446 -0.05220056
v -0.08142176 0.36262345 -0.45421016
v -0.45202982 0.56719530 -0.24326374
v 0.20504816 -0.69854212 -0.25496268
v -0.31728783 -0.19078292 0.27778900
v 0.06944005 0.68878311 -0.48797858
v 0.33959723 -0.45395038 -0.28168732
v -0.24261084 0.63668728 0.24589296
v 0.32920644 0.59779590 0.39317879
v -0.26460284 0.36593238 0.29076219
v 0.12819503 0.41344240 -0.43231955
v 0.27518275 -0.69117314 0.19644608
v 0.00424162 0.69507784 -0.40451717
v -0.02831198 0.67161226 0.40683660
v -0.29823643 -0.64327353 -0.26604155
v -0.14968412 0.36671653 -0.42570642
v 0.13101061 -0.66469908 -0.37946039
v -0.14969192 -0.58698541 -0.40915781
v 0.04308407 -0.69933593 -0.32120925
v 0.44180790 -0.03614482 -0.03604514
v -0.43005654 0.41296339 0.07297133
v 0.12722273 -0.64195538 -0.39837220
v -0.38658071 -0.48805326 -0.19419228
v -0.04879696 0.63616633 0.32289425
v 0.30423003 -0.67418021 -0.25730267
v -0.45761791 0.42750397 0.05579353
v -0.20110272 0.65643889 0.45025223
v -0.19237413 0.35438961 -0.40910843
v -0.15356641 0.69706988 -0.35264033
v -0.43222007 0.35421324 0.10674005
v -0.46650493 0.68320775 0.11220033
v -0.30831483 0.68090659 -0.39255539
v -0.37911871 0.65085787 0.01400467
v -0.29688179 0.66795337 -0.24119359
v 0.26886055 -0.68562233 0.22788686
v 0.47967705 0.61189872 -0.16402076
v -0.16477185 -0.66594368 0.31397486
v 0.11556567 0.42490122 -0.45399490
v 0.46688119 0.68827713 0.05641447
v 0.29433012 0.58168095 0.42215306
v 0.48247832 0.54178196 0.16806094
v -0.02629742 0.39905065 -0.45373768
v 0.42619088 0.70288289 -0.07856822
v -0.26422539 0.53154641 -0.44160700
v -0.31287143 -0.67291969 -0.22771673
v 0.40346667 0.39245707 0.12306727
v -0.47714674 0.53707463 0.17694721
v 0.22788812 0.19109972 0.38372716
v -0.18410932 0.51458389 -0.47757185
v -0.48348314 0.63642687 0.13344026
v -0.34532824 0.29144809 0.26770994
v -0.24489833 0.68791240 -0.42941263
v -0.34165189 0.68191862 0.28280136
v 0.13073605 0.63734120 -0.26742882
v -0.26846555 0.29172042 -0.37807006
v 0.40881419 0.69616520 0.06289864
v -0.38365921 0.57318562 -0.33983234
v -0.28189695 -0.05361656 0.31920078
v 0.34013879 -0.39728925 -0.28513855
v 0.34834516 0.63383400 -0.37275544
v -0.01472109 0.52370679 -0.51089698
v 0.36249274 -0.39858636 0.20322627
v 0.43491498 0.52549636 -0.27341494
v 0.21083102 -0.55205941 -0.37150666
v 0.43596885 0.38016853 -0.11399443
v -0.24262598 0.67976874 0.39921623
v 0.41830012 0.38947859 0.09611824
v -0.18304691 -0.49443159 0.34467566
v 0.02181772 0.32960767 -0.46127295
v -0.41635609 0.55051094 -0.30278197
v -0.17323527 0.29387173 0.40365720
v 0.21275240 0.53119701 -0.46685857
v 0.21768606 -0.39606237 -0.38975272
v 0.36816332 -0.53512388 0.17375764
v -0.02246812 -0.44256985 -0.45178398
v 0.32438454 -0.41202617 0.25392804
v -0.20015587 0.42296451 -0.42426604
v 0.11109509 0.70545280 -0.38186187
v -0.49438509 0.58763266 -0.12872536
v 0.41598168 -0.51845086 0.05268538
v 0.34665957 0.71031636 -0.23693067
v -0.43915781 0.34497190 0.08713671
v -0.31708649 -0.38148072 0.26187727
v -0.34178263 0.69524866 -0.33031160
v -0.44528815 0.36835101 0.02140709
v 0.27730775 0.65211767 -0.20035154
v -0.28549621 0.68119985 0.33920631
v 0.31194308 0.70305604 -0.23792067
v -0.26816285 0.68235475 -0.28362650
v 0.25897789 -0.34563774 -0.36127555
v 0.17323169 0.69428271 0.40717620
v -0.39004749 0.65026635 0.30602041
v 0.35262492 -0.68537235 0.00849479
v 0.21270974 -0.67090905 -0.33436462
v -0.22296678 0.39690065 0.29237893
v 0.13498662 0.54012740 -0.49977034
v 0.28476682 0.69007558 0.37793151
v -0.12822658 0.39696664 0.39731383
v 0.28666490 0.05854941 -0.35841173
v 0.14803486 0.39122897 -0.38917765
v 0.27753937 0.63730276 0.19294092
v 0.48025164 0.67087108 0.05632044
v 0.30934751 0.69356406 -0.21259806
v -0.42132005 0.15885028 0.13885747
v 0.00085195 0.63556057 0.35578102
v -0.11854042 0.66354609 -0.49018377
v -0.43562388 0.39147753 -0.02016582
v 0.41778672 0.15796345 -0.17174047
v -0.03043454 0.33766013 0.44083139
v 0.36775994 0.68645972 0.30560920
v 0.36197782 0.42443717 -0.30207610
v 0.42544505 -0.22694963 0.06978663
v 0.02808651 0.39445609 0.43663657
v 0.25112322 -0.65130574 -0.31428662
v -0.26728204 0.64087343 0.24690649
v 0.19405219 0.65341991 0.45538333
v 0.33624211 0.67816573 0.35126141
v 0.40451989 0.58465260 -0.32564658
v -0.14803931 0.40064976 -0.41616666
v 0.30463457 0.69122040 0.35538954
v -0.40720698 0.67918998 -0.26864940
v -0.37170100 0.63797593 0.33268347
v 0.22783034 0.68379915 0.42405713
v 0.31262463 0.71066231 -0.28261214
v -0.41462848 0.67783493 -0.01312030
v -0.40134591 0.55296224 0.31109816
v -0.14677642 -0.32553488 0.37789124
v -0.41017467 -0.18086520 0.12185787
v -0.41161773 0.69268775 0.18449782
v 0.24748433 0.65536785 0.42995182
v -0.21195583 0.67213976 0.43645430
v 0.15504517 -0.68829060 0.27946243
v 0.30408594 0.36809430 -0.34103867
v 0.49117011 0.52786219 0.13434947
v 0.18383388 0.17122297 -0.42310819
v 0.26373252 0.63618040 0.21128979
v 0.29042730 0.24855754 0.34678757
v 0.13655479 -0.30100012 -0.43114439
v 0.15582924 0.63690192 -0.25500488
v -0.05472557 -0.70760018 -0.15062633
v 0.13063294 0.24801669 0.42415228
v 0.13373792 0.41119903 -0.40620068
v -0.25566992 -0.15901567 -0.37802428
v -0.35097298 0.09306446 -0.29328823
v 0.22968557 0.71042365 -0.39670333
v -0.33297989 0.52025777 -0.38892522
v 0.43692011 0.67114329 0.21593897
v -0.17061473 0.37760568 0.36999905
v 0.33796051 -0.50247425 -0.27983129
v -0.23688132 0.08131672 -0.39506969
v 0.51059556 0.53452867 -0.04630724
v 0.07055334 0.64072782 0.33418864
v -0.36887610 0.57889116 0.35103643
v -0.26570919 -0.60887641 -0.32957906
v 0.41599920 0.69680238 -0.03160918
v 0.18744533 0.59064811 0.47894591
v -0.48271897 0.54254818 -0.18083686
v -0.25155723 -0.56053525 -0.36639941
v 0.26838878 0.41113868 -0.34659278
v -0.49860466 0.54050314 -0.12845083
v -0.28174925 0.68111962 -0.41191974
v -0.41283002 -0.52404130 -0.08173724
v -0.03111289 0.40187696 0.44409028
v 0.14737791 0.69544595 -0.46456406
v -0.27755630 0.39142567 0.21954195
v -0.36704803 -0.64848357 0.09296793
v 0.19505341 0.63912690 0.27787051
v 0.49972975 0.54998857 -0.12145098
v -0.11989826 0.59567517 -0.50044841
v 0.32595620 -0.09161252 -0.31817612
v 0.24932747 0.04482207 0.35977030
v -0.31415698 0.27471787 0.30764487
v 0.41594508 0.35286972 -0.18875706
v -0.00844800 0.63685447 -0.19606005
v 0.44825566 0.41010660 0.01477541
v 0.33961636 0.69450456 0.30327961
v 0.29649261 0.69937247 -0.25424308
v 0.29158169 0.48821059 -0.40374768
v -0.47055978 0.58317113 0.19054011
v 0.41227230 0.70839691 -0.17068942
v 0.29274929 0.63663930 0.14179690
v 0.21290553 0.70966637 -0.35497242
v 0.06574734 -0.14499502 -0.45373482
v -0.42425305 0.69607884 -0.06808885
v -0.42328256 0.23381166 0.14260887
v -0.39460856 -0.65260398 -0.05704769
v -0.18576771 -0.67766911 -0.32385492
v -0.17829995 0.38951463 0.35449731
v 0.33415714 -0.32622710 0.25246525
v 0.22058520 0.42036799 -0.40781727
v -0.40609646 -0.06812630 -0.18654111
v 0.04947760 0.40303099 -0.43148100
v 0.14525254 0.65554595 -0.28671661
v 0.32796890 0.46413958 -0.36168301
v -0.14853011 0.70826131 -0.38776290
v 0.22645766 0.63699782 -0.21765120
v -0.24870542 0.59398884 0.44347841
v -0.29883879 0.50454295 0.40523782
v 0.09530605 -0.68961239 0.28421009
v 0.51029724 0.53474712 0.03528627
v 0.45654467 0.69568706 -0.01372098
v -0.42932746 0.61500990 0.26356116
v -0.42430785 0.69662809 -0.10580629
v -0.49498764 0.65554500 -0.01534963
v 0.35218701 -0.68346691 0.05013708
v -0.21393505 0.68004423 0.41426274
v 0.13795787 -0.56311071 0.36346608
v 0.20374024 0.66266584 -0.45779520
v -0.06725322 0.52480328 -0.51008683
v 0.33168563 -0.67911232 -0.22006308
v 0.33963034 0.59394944 -0.39384747
v 0.26871055 0.36340442 -0.36999202
v 0.11790587 0.54743612 0.49837902
v 0.40374812 0.58439618 0.31843254
v -0.49124330 0.50967097 0.10934455
v -0.34413239 0.35277578 0.22590107
v 0.40519843 -0.41024488 -0.14852980
v 0.27244449 -0.03115725 -0.36622870
v 0.33779594 0.55455804 0.38668397
v 0.36771503 -0.15430924 -0.25296503
v -0.06693555 0.31335670 -0.46002573
v -0.33107901 -0.40343130 -0.29635638
v 0.28339913 0.33419776 0.35809255
v 0.45007974 0.41216692 -0.01401755
v -0.28280032 0.61806244 -0.42100859
v 0.02281792 0.51330775 0.49536699
v -0.26309580 0.49827313 0.42660144
v -0.02701265 -0.61440265 -0.43017295
v -0.12286364 -0.08966389 0.40122625
v 0.24295276 0.71112007 -0.37172282
v -0.23850028 0.70020193 -0.42093414
v -0.37077737 -0.65718067 0.07218082
v -0.17952028 -0.55738771 0.33579525
v 0.26824787 0.63847977 -0.18316650
v -0.40194553 0.35383397 0.16880855
v -0.12090176 0.68174326 -0.34376222
v 0.38427418 0.54352665 0.33813900
v -0.02207823 -0.61676514 0.37105921
v -0.42177376 0.42211467 0.17689651
v -0.36098528 0.28493375 -0.28360084
v 0.10973917 0.17512083 0.42567477
v -0.12704013 0.00178366 0.40590137
v -0.35226566 0.69978541 -0.24030611
v 0.23284131 0.26902473 0.38692632
v 0.43829581 -0.13498719 -0.03242802
v 0.38309824 -0.67907983 -0.09295072
v 0.32876498 -0.34156445 -0.30147555
v 0.46531665 0.51017344 0.18947089
v -0.43597269 0.51767778 -0.26861179
v 0.18179742 -0.65445548 -0.36793140
v 0.37241715 0.03050232 0.22866657
v 0.13731669 0.42537498 -0.44721216
v 0.11614484 0.67502284 -0.32655862
v 0.12435482 -0.49076098 0.37432477
v 0.42683914 0.67137885 0.23557851
v -0.45049208 0.41951466 -0.07803065
v -0.30911550 -0.53865534 0.24459718
v -0.31972170 0.42438048 0.32618141
v 0.39320496 0.36491406 0.18759796
v -0.47783986 0.49867108 -0.14941038
v 0.15271461 0.71088761 -0.43402508
v 0.12779260 0.71061999 -0.44405746
v -0.10620908 -0.66636920 0.33808601
v 0.45148146 0.68782115 0.14133285
v 0.48078829 0.64528853 0.11169524
v -0.30428550 0.63745958 0.16939881
v -0.31536576 0.37532958 -0.32950693
v 0.42660600 0.00257765 -0.13279137
v -0.42584783 0.23295382 -0.14615163
v 0.28703874 -0.69066232 -0.24402489
v -0.29163927 0.43598321 -0.37371895
v -0.32859474 0.63772535 -0.09095355
v -0.34173566 0.66893685 0.22839558
v -0.43971181 0.31642765 -0.10817689
v 0.28977090 -0.02573569 0.32442728
v -0.49927601 0.51121700 -0.08615198
v 0.39367551 0.69961864 -0.08330596
v -0.33269101 0.39252299 0.13448600
v -0.17116529 0.62807816 -0.47669002
v 0.20512684 0.10594707 0.38787168
v 0.21284914 0.56160861 0.46782723
v 0.08393482 0.02107990 0.42090073
v -0.28956595 0.14525749 -0.35813352
v 0.24351740 -0.68628973 0.24313112
v -0.31589723 -0.25447068 0.27410811
v -0.36409214 0.52606946 0.35377216
v -0.11097089 -0.69598097 0.21032941
v -0.01418460 0.65097493 0.38557345
v -0.21598110 0.54756081 0.46105739
v 0.32172725 -0.21867178 -0.31761670
v 0.26199609 0.47277090 0.41196501
v 0.33168778 0.64015150 -0.04618155
v -0.44853139 0.34050384 0.01127355
v -0.34880337 0.42379576 0.29555780
v -0.33588779 0.26597860 0.28492725
v 0.42970160 -0.11071148 0.07674230
v 0.13781980 0.69801480 -0.35733899
v -0.40478486 -0.59492588 -0.00004494
v -0.25891110 0.65571386 0.42116457
v 0.07159782 0.68004388 -0.35309947
v -0.25341731 -0.69785178 -0.12740664
v 0.37063789 -0.65719968 0.09858310
v -0.20548676 0.39031783 -0.38796210
v 0.44730529 0.61481988 -0.25195706
v -0.31637332 0.38443652 0.18028758
v 0.47357893 0.68533325 0.03558980
v -0.30167630 0.54941905 -0.42104092
v -0.36856201 -0.54260880 -0.21806946
v 0.50981122 0.57223457 -0.00175609
v 0.24468207 0.66652125 -0.43459302
v -0.36216995 -0.31097227 0.20555037
v 0.39153421 0.69232625 -0.05309832
v 0.03213596 -0.70682812 -0.20280439
v 0.30899236 0.51671314 0.40123427
v -0.19604090 0.56944585 -0.47685114
v 0.34315878 -0.24258330 0.25034016
v -0.37356815 0.69909030 -0.22275366
v -0.46231925 0.50157255 0.19099434
v 0.17381680 -0.12261434 -0.42097884
v -0.00870381 0.65123510 -0.35871798
v 0.29663581 0.13615972 -0.35326102
v -0.26789412 -0.14198437 0.32168725
v 0.02583607 0.46587443 -0.48921964
v 0.21704103 0.63601196 0.24644269
v 0.26800916 -0.10361075 0.33476624
v 0.07966120 0.64080215 -0.49771410
v -0.37186304 0.64078724 -0.02570419
v 0.47094813 0.66473538 -0.11555267
v -0.10106236 -0.68240184 -0.35108888
v 0.39368427 0.69606555 0.12716505
v -0.40043855 0.51025581 -0.31415391
v 0.26702532 -0.35357314 0.31495646
v -0.31888321 0.42297211 -0.34056515
v -0.50237554 0.58577430 0.08375608
v -0.51205420 0.57249928 -0.01583784
v -0.16471075 -0.64189917 0.32769310
v 0.00882415 0.64338779 0.49552661
v 0.16556115 0.68098783 -0.46658340
v -0.14626268 -0.00263081 -0.43694216
v 0.47243756 0.68617040 0.01391476
v -0.08669859 0.63756359 0.32768941
v 0.47180071 0.53877330 -0.20525868
v -0.30144915 0.65716070 -0.40363100
v -0.13248272 -0.19036520 0.39209932
v -0.35196188 -0.51110291 0.19766238
v 0.19969270 -0.47385091 0.34695113
v -0.18670657 -0.44587308 -0.40800786
v 0.34210542 0.68520629 0.20826243
v 0.09658876 0.09832003 0.42391199
v -0.27789992 0.02294468 0.32894644
v 0.37627006 -0.04087229 -0.24626453
v 0.20654461 0.63788301 -0.23270248
v -0.22697780 0.63773787 -0.22817157
v -0.19373822 0.02330953 0.38166264
v -0.19535100 -0.05580890 0.37536067
v -0.38847974 -0.59127748 -0.13638778
v 0.19888546 0.28113791 -0.41606742
v 0.36731938 -0.68073320 -0.15001561
v 0.33940697 0.39492023 0.26325610
v -0.15223318 -0.53319246 0.35222316
v -0.34409606 -0.14875816 -0.29227263
v -0.09802153 0.66984791 0.47536600
v 0.05054166 -0.68551117 -0.36006042
v -0.06591242 0.56279290 0.51129329
v 0.29618543 0.71007037 -0.29916063
v 0.19668284 0.69310981 -0.44774863
v -0.15245672 -0.67919075 -0.33704877
v -0.02831299 0.67161125 -0.37509137
v -0.36601600 0.39551401 0.07796050
v -0.39794275 0.25393555 -0.21548858
v -0.32889703 0.36595240 0.22839685
v -0.00776803 -0.67428857 -0.38789505
v -0.38557047 0.41297033 0.20474200
v -0.13630058 0.63768196 -0.27851138
v -0.50996941 0.52898800 -0.00725532
v -0.05566072 -0.68813586 -0.36170834
v -0.05522561 0.49638292 0.48813736
v 0.16888617 -0.70256078 -0.16390225
v -0.28520525 0.67948413 0.37025636
v -0.20612800 -0.21990977 0.35693410
v -0.00763698 0.63655865 -0.00118648
v 0.49732411 0.58204556 0.11503713
v -0.40776336 0.48957163 0.28384584
v 0.30442789 0.66702574 0.24842992
v 0.25581473 0.70248467 -0.39751729
v 0.11406839 0.33171481 -0.43865114
v -0.30057186 0.41298178 0.31449759
v 0.41368353 -0.47791037 -0.10267195
v -0.44105741 0.65356702 -0.22626139
v 0.43958887 0.18626554 0.08609824
v 0.27737695 -0.56737202 0.28398797
v 0.14806569 -0.13354582 0.39424077
v 0.01831930 0.63637757 -0.29682967
v -0.33455390 0.40998393 0.14948696
v -0.50462514 0.51807690 0.03509000
v 0.21102799 0.39718100 -0.35372499
v -0.41151983 0.04377375 -0.18103762
v -0.00820754 0.15419005 -0.46553639
v 0.30645609 0.37849146 0.33029339
v -0.37147784 0.68154585 0.19663498
v 0.05093307 0.63681245 0.49645188
v 0.12755544 0.67052877 0.34464076
v -0.34388494 -0.67957532 0.09293976
v -0.36650535 0.65108430 -0.06396117
v 0.01936789 -0.36274168 0.40062058
v 0.07057301 -0.63929480 -0.42788419
v -0.32041985 -0.43319213 0.25255063
v -0.31346175 0.68099928 0.32695875
v 0.38466373 0.68256748 0.03654766
v 0.18529952 -0.67715818 0.29965094
v 0.22868058 -0.57756853 0.31649485
v -0.33107844 0.59548527 0.38396358
v -0.33118218 0.54295653 0.38593951
v -0.42053077 0.07631123 0.12890622
v -0.38909304 0.41423011 -0.24618658
v -0.14596473 -0.26417398 0.38288838
v -0.31902853 0.63722402 0.11443571
v -0.29072857 0.38831592 0.20560786
v 0.38474649 0.54525983 -0.34723037
v 0.18551065 0.43617493 -0.43393180
v -0.10514529 0.63628018 0.29550129
v -0.34097406 0.56114560 -0.38441488
v -0.26669240 -0.08529812 -0.37180743
v 0.00208762 0.68226093 -0.38932839
v 0.43743554 0.10878631 -0.10690277
v -0.24421492 0.37060270 0.30638340
v -0.42105278 0.52068341 0.28100470
v 0.32166567 -0.15543447 -0.32006389
v -0.33522037 -0.32557434 -0.29517674
v -0.12284430 -0.39865169 0.37883422
v 0.13215227 -0.22814174 0.39248660
v -0.16994195 0.64149559 0.29265589
v 0.38589969 0.06975710 -0.23629631
v -0.42182320 -0.41392413 0.00857834
v 0.40146640 -0.58487064 -0.10571640
v -0.18561620 0.63775784 -0.24824385
v 0.20482551 0.38232121 0.40157023
v -0.01937106 -0.00875016 0.42341954
v 0.38224664 -0.65753347 0.07202030
v -0.17495343 0.08665209 0.39531070
v -0.41706973 -0.40556139 -0.09487687
v 0.41531801 -0.21040547 -0.14506310
v 0.46089238 0.66184837 -0.16311581
v -0.18370077 0.51521707 0.46758419
v 0.06216132 0.67277318 0.38363031
v -0.35004401 -0.66394758 0.12208672
v -0.09198634 -0.66957510 0.34149802
v 0.45492369 0.68024361 0.16314457
v 0.42985970 -0.30662617 -0.04566580
v 0.14622615 0.32000905 0.42414227
v -0.25188857 -0.68760026 -0.24228184
v 0.42237273 0.68170416 -0.23155998
v 0.43431494 -0.22564304 -0.03355910
v 0.41027749 -0.32066911 -0.14742911
v -0.50998670 0.56138313 -0.07167365
v 0.34629059 0.44320548 0.32176614
v -0.38459864 0.38250384 -0.24034852
v 0.39325592 -0.61744511 -0.11900180
v 0.41980478 -0.10612562 -0.14286123
v 0.31129608 -0.69132864 0.14254464
v -0.39226961 -0.41131452 -0.18971197
v -0.21251257 0.59151858 0.46566418
v -0.45432967 0.66662025 -0.18938118
v 0.44916043 0.23150302 -0.07984424
v -0.38647783 -0.55402595 0.10389726
v 0.08933038 -0.41836488 0.38891816
v 0.34101200 0.24067608 -0.31495541
v -0.07600447 0.40146381 0.43976370
v -0.41151595 0.66812915 0.25951597
v 0.33675593 0.38605130 0.27516937
v -0.41421768 -0.48984140 0.04659704
v -0.48501429 0.67739987 0.00096950
v -0.35203740 -0.66132301 -0.15376413
v -0.35530254 0.22789194 -0.29027012
v 0.47975436 0.59011972 0.16997860
v -0.18313520 -0.43703657 0.35352850
v 0.29030150 0.20292665 0.34356841
v 0.46151400 0.59253222 0.22050568
v 0.18457985 0.03619825 -0.42026761
v 0.21824750 0.41335341 0.40249485
v -0.16711679 0.45390105 0.44090116
v 0.30021098 0.45143366 0.37270856
v 0.41115409 -0.32249349 0.10423870
v -0.01422286 -0.68924040 0.32965353
v -0.02807416 -0.01979728 -0.46162069
v -0.19155274 0.63677359 0.27424845
v 0.43599883 0.09190596 0.08846501
v -0.02274403 -0.33903006 -0.45498019
v 0.36891925 0.68736023 0.12181095
v -0.40437064 -0.19112706 -0.18087114
v -0.43187273 -0.20959777 0.00982734
v -0.50324070 0.52727413 0.07651153
v 0.08702635 0.16693512 -0.45454201
v 0.18081279 0.63668388 -0.24005243
v -0.25767425 -0.01430363 -0.38016400
v 0.49784696 0.52271295 0.09672228
v -0.10813687 -0.58686924 -0.42646381
v -0.21859267 0.38191119 0.32205570
v -0.36959735 0.36301622 0.18343735
v -0.09263252 0.69679928 -0.48171026
v -0.26588753 0.66818875 -0.42562875
v 0.28035986 -0.58666015 -0.31076464
v -0.42693454 -0.31854925 0.01078805
v 0.43492952 0.51895958 0.25849566
v -0.39901182 0.64962149 -0.29855457
v -0.43429884 -0.08420002 0.03610512
v 0.38293418 0.26979208 -0.25409779
v -0.32103324 0.64846444 -0.15361029
v 0.34233269 0.34485859 0.28145295
v -0.11425420 -0.38349795 -0.43940091
v -0.19223444 0.69614762 -0.33582196
v -0.01962542 -0.22592692 -0.45781726
v 0.33285704 0.71086979 -0.28369939
v -0.21945842 -0.70853096 -0.06216118
v 0.22268797 -0.20151843 -0.39480186
v -0.27586988 0.09200323 0.33633211
v -0.44636080 0.42188713 0.09727035
v 0.24177538 0.68250126 0.29824829
v -0.04323684 0.16892138 0.43253851
v 0.46349901 0.46793962 -0.14813112
v -0.42635959 0.39523739 -0.13839792
v -0.34725916 -0.05545684 -0.29203168
v 0.19915617 -0.30545482 0.36037844
v -0.32226527 -0.67900616 -0.16857916
v -0.41407046 0.36636913 0.10355708
v 0.40970874 -0.43252370 0.08950669
v -0.02327191 -0.20440379 0.40982258
v -0.44490480 0.15933651 0.03812091
v -0.40247285 -0.59954262 -0.08034204
v -0.44295174 0.12996440 -0.06409869
v -0.06809152 0.23702441 0.43405470
v 0.42077625 -0.46147415 0.01704014
v -0.41544509 0.41297087 0.12977278
v -0.08732766 -0.53199369 -0.43945882
v -0.01212767 0.70584786 -0.42554313
v -0.33903381 -0.24042034 -0.29462451
v -0.40534565 -0.26663619 0.12374370
v 0.36584041 -0.30743399 0.20834658
v 0.22077861 0.40998730 -0.36456430
v -0.35218194 0.16542996 -0.29356509
v 0.08449527 -0.65573847 -0.40511668
v -0.36880308 -0.13578179 0.21243078
v -0.15190691 0.54441631 0.48822615
v 0.25765026 0.61097997 -0.44536546
v -0.02560291 -0.11706317 -0.45976114
v -0.32256517 -0.47432908 -0.30199695
v -0.14650477 -0.08742862 -0.43559095
v 0.04041750 0.71043646 -0.42318180
v 0.49441829 0.62488419 0.02144003
v 0.36117181 0.41048798 0.25198862
v -0.26847279 0.23773916 -0.37845689
v 0.25947952 0.66975582 -0.26240757
v 0.21213415 0.70946532 -0.41337031
v 0.40383798 -0.05803541 0.16324739
v 0.14867762 0.63626766 0.01806122
v -0.25793272 -0.31116831 -0.37143728
v -0.03170485 0.23467870 -0.46355551
v -0.30018207 0.21111237 0.32274038
v 0.16258904 0.42388475 -0.43738627
v 0.30061835 0.15633219 0.32916829
v 0.44543579 0.06195155 -0.03499081
v 0.44491673 0.56548643 0.25691244
v 0.06263087 -0.25913134 -0.45112294
v 0.25618562 -0.68604714 -0.27241713
v -0.35243917 -0.67030436 -0.12637150
v 0.40820521 -0.58372337 0.04851612
v 0.04404009 0.57209474 0.51338011
v 0.21014939 -0.69916457 -0.06550744
v 0.30346885 0.20130855 -0.35002473
v -0.38050315 0.29872537 0.23002833
v -0.24019678 -0.51019502 -0.37670621
v 0.47703689 0.67057770 0.08474033
v 0.39416236 -0.65266180 -0.04370921
v -0.15742050 -0.70149535 0.10358975
v 0.07024020 0.58254617 -0.51259995
v -0.43991572 0.00383793 -0.05572225
v 0.05670436 0.66833311 0.48046109
v -0.05344977 -0.52530003 0.38077202
v 0.08600013 0.63702571 -0.29039782
v 0.39659247 0.42432171 0.24245423
v 0.07798541 -0.43225145 -0.44349301
v 0.44238019 0.26642159 0.08573083
v -0.17478599 -0.70475221 0.04864753
v -0.27416727 0.67355263 0.28193527
v 0.01588575 0.60332936 -0.50871736
v 0.07153212 -0.05638812 -0.45471483
v -0.38018239 -0.03242867 0.20378794
v 0.41808298 0.64217025 -0.28330559
v 0.39288944 0.63116330 0.31471175
v -0.40993911 -0.42195326 0.07705095
v 0.27031648 -0.18274774 0.32676882
v 0.37178761 -0.64902896 -0.16042845
v 0.29355562 0.63696468 -0.10758042
v -0.34388360 0.36835271 0.20153271
v -0.11846777 -0.28409839 -0.44045663
v 0.06985828 0.71084750 -0.41335306
v 0.17091973 0.33589935 -0.42198735
v -0.12830788 -0.17625526 -0.43993852
v -0.41425601 0.39999273 -0.17153749
v -0.11465146 0.15011355 -0.44797042
v 0.25032261 -0.69579619 0.03422607
v 0.36185911 0.35155851 -0.28701991
v 0.26736799 -0.26866844 0.32201466
v 0.34344688 0.69321114 0.26087686
v -0.35316616 0.65236330 -0.35521951
v -0.19211061 -0.70079309 -0.18507099
v 0.32069635 0.52856535 -0.40214455
v 0.16438682 0.52906090 0.47971758
v 0.17399843 0.55809742 -0.48729041
v 0.28045607 -0.49617690 -0.33007491
v 0.05650027 0.39592245 0.43440247
v -0.05205008 0.38186851 -0.46086776
v 0.07273067 -0.50453466 -0.43955129
v 0.40796226 0.17914408 0.18502469
v 0.39262050 0.68545252 0.27728325
v 0.48953316 0.52150923 -0.14749557
v -0.25554076 -0.38812578 -0.37040216
v -0.26020384 -0.70037895 -0.01222690
f 1738 1110 1073
f 1110 1855 1947
f 1738 1372 1855
f 1738 1293 1372
f 1738 1855 1110
f 1362 1293 1738
f 1362 1690 1293
f 823 1911 1568
f 1680 1911 823
f 823 1568 201
f 823 201 296
f 1568 1073 1120
f 1568 1911 1073
f 1911 1738 1073
f 782 1568 1120
f 201 1568 782
f 1073 1110 723
f 1073 723 1120
f 782 1120 723
f 98 296 201
f 723 1110 1947
f 98 201 782
f 1405 88 1690
f 1405 1928 88
f 1544 1362 1738
f 1544 1405 1362
f 1823 1405 1544
f 1405 1690 1362
f 333 1544 1680
f 1853 1544 333
f 1816 1544 1853
f 1816 1823 1544
f 1544 1738 1911
f 1680 1544 1911
f 1843 1604 1405
f 1811 1604 1843
f 546 1811 1843
f 1604 1928 1405
f 1823 1843 1405
f 1823 546 1843
f 1885 1823 1816
f 1918 1811 546
f 799 1872 546
f 1872 1918 546
f 1873 799 1885
f 799 546 1823
f 1885 799 1823
f 1872 1743 1918
f 1573 1743 1872
f 24 1573 1872
f 1873 24 799
f 24 1872 799
f 1573 1904 1743
f 1779 1904 1573
f 1779 79 1904
f 1958 1779 1573
f 1958 1573 24
f 1958 24 1888
f 774 921 988
f 1833 774 988
f 1833 988 980
f 774 1427 921
f 774 1354 1427
f 1906 1354 774
f 1683 54 1906
f 1683 1906 774
f 1988 1683 774
f 774 1833 1988
f 723 1947 54
f 2000 782 723
f 2000 98 782
f 369 98 2000
f 1683 723 54
f 2000 723 1683
f 1896 2000 1683
f 1293 1690 88
f 1293 1397 1427
f 88 1397 1293
f 1397 921 1427
f 1397 1226 166
f 88 1226 1397
f 166 1226 1536
f 1397 988 921
f 1397 166 988
f 988 166 980
f 1536 1540 1264
f 980 166 946
f 166 922 946
f 1536 922 166
f 1536 1264 922
f 1906 1855 1372
f 54 1855 1906
f 54 1947 1855
f 1372 1427 1354
f 1293 1427 1372
f 1906 1372 1354
f 1226 1953 1540
f 1928 1226 88
f 1226 1540 1536
f 1928 1953 1226
f 1928 1257 1953
f 1604 1257 1928
f 1604 1999 1257
f 1811 1999 1604
f 1811 1938 1999
f 1918 1938 1811
f 1918 279 1938
f 1743 1805 1525
f 1743 279 1918
f 1743 1525 279
f 1904 1805 1743
f 1904 1877 1805
f 79 1877 1904
f 883 980 946
f 883 1833 980
f 1232 883 946
f 1988 883 1232
f 352 1569 1749
f 352 1232 1569
f 1239 352 1749
f 1988 1232 352
f 1988 1833 883
f 1201 1683 1988
f 1201 1988 1522
f 70 2000 1896
f 1201 1896 1683
f 70 1896 1201
f 1965 70 1201
f 1540 1366 1264
f 1264 1366 922
f 922 1749 1569
f 1366 1400 922
f 1749 922 1400
f 1749 1711 1239
f 1400 1711 1749
f 1569 946 922
f 946 1569 1232
f 1953 1366 1540
f 1257 1729 1953
f 1953 1400 1366
f 1729 1400 1953
f 1729 1916 1400
f 1729 43 1916
f 1400 1916 1879
f 1999 1729 1257
f 1938 59 1999
f 1999 59 1729
f 1729 1892 43
f 59 1892 1729
f 279 46 1938
f 1938 46 59
f 46 1977 59
f 59 1977 1892
f 1525 46 279
f 1525 1980 46
f 1525 1929 1980
f 1980 1977 46
f 1805 1929 1525
f 1877 1929 1805
f 1877 1721 1929
f 1711 1190 82
f 82 352 1239
f 82 1239 1711
f 1522 352 82
f 1522 82 1695
f 1046 1190 1758
f 1695 1190 69
f 1695 82 1190
f 69 1190 1046
f 1695 69 1401
f 1522 1988 352
f 66 1201 1522
f 1400 1879 1711
f 1190 1711 1758
f 1879 1758 1711
f 1879 1331 1758
f 1758 1331 1610
f 1754 1758 1610
f 1610 1331 1139
f 1046 1758 1754
f 593 1754 1610
f 593 1610 493
f 1139 493 1610
f 1916 1331 1879
f 1139 1331 1916
f 43 1457 1916
f 1916 120 1139
f 1457 120 1916
f 1139 120 493
f 1892 1457 43
f 1892 1870 1457
f 1977 1870 1892
f 1977 1894 1870
f 1980 1894 1977
f 1929 1927 1980
f 1927 1894 1980
f 1929 1867 1927
f 1721 1867 1929
f 333 1680 1349
f 441 825 598
f 823 296 825
f 441 823 825
f 1680 823 441
f 1349 1680 441
f 441 598 1241
f 1614 1241 130
f 1614 441 1241
f 1614 1349 441
f 1349 1614 1548
f 472 1349 1548
f 1847 1349 472
f 98 825 296
f 822 825 98
f 822 598 825
f 822 1241 598
f 695 1241 822
f 130 1241 695
f 1614 130 1101
f 1548 1614 1101
f 277 1548 1101
f 285 130 695
f 285 1101 130
f 1785 1101 285
f 277 1101 1785
f 1828 1548 277
f 472 1548 1828
f 737 1828 912
f 472 1828 737
f 1359 501 472
f 1853 333 1847
f 1847 333 1349
f 786 1853 1847
f 786 1972 1853
f 501 1847 472
f 1727 1847 501
f 786 1847 1727
f 1096 786 1727
f 1972 1816 1853
f 1885 1816 1972
f 437 1885 1972
f 904 1972 786
f 437 1972 904
f 1789 904 786
f 1465 904 1789
f 1693 904 1465
f 1919 1885 437
f 1919 1873 1885
f 1693 437 904
f 1693 1919 437
f 40 1919 1693
f 1667 40 1693
f 1888 1873 1510
f 1888 24 1873
f 1510 1873 1919
f 86 1888 1510
f 40 1510 1919
f 1924 1510 40
f 1924 86 1510
f 1387 1924 40
f 83 1958 1888
f 159 83 1888
f 159 1888 86
f 1969 159 86
f 1969 86 1924
f 958 1969 1924
f 958 1924 428
f 369 822 98
f 369 695 822
f 285 695 369
f 1785 285 369
f 1320 424 1785
f 1320 1785 369
f 261 1320 369
f 1965 2000 70
f 1965 369 2000
f 261 369 1965
f 261 1145 1320
f 261 848 1145
f 424 277 1785
f 424 1828 277
f 912 1828 424
f 1136 737 460
f 1136 472 737
f 1136 460 1339
f 1359 472 1136
f 1320 912 424
f 1145 912 1320
f 1145 737 912
f 460 737 1145
f 1136 1339 743
f 848 460 1145
f 1200 460 848
f 1200 1339 460
f 972 1339 1200
f 743 1339 972
f 127 743 972
f 1089 1136 743
f 261 1200 848
f 970 1200 261
f 970 972 1200
f 970 127 972
f 970 261 514
f 1322 1359 1136
f 1089 743 127
f 1322 1136 1089
f 65 1089 127
f 1070 127 970
f 65 127 1070
f 745 1089 65
f 1322 1089 745
f 620 65 1070
f 745 65 620
f 870 1070 970
f 870 620 1070
f 1088 620 870
f 745 620 1088
f 585 1322 745
f 870 970 514
f 1088 870 220
f 585 745 1088
f 585 1088 603
f 1639 501 1359
f 1639 1727 501
f 1096 1727 1639
f 1639 1359 1322
f 1096 1639 1450
f 1450 1789 1096
f 1615 1322 585
f 1615 1639 1322
f 1450 1639 1615
f 1789 786 1096
f 728 1693 1465
f 765 728 1465
f 1858 1789 1450
f 1858 1465 1789
f 9 1465 1858
f 765 1465 9
f 1667 1693 728
f 765 1667 728
f 1762 1667 765
f 1387 40 1667
f 428 1924 1387
f 1704 428 1387
f 1762 1387 1667
f 1704 1387 1762
f 1440 958 428
f 1732 958 1440
f 1440 428 1704
f 1737 1440 1704
f 1732 1440 1737
f 1736 1732 1737
f 1956 261 1965
f 514 261 1956
f 71 514 1956
f 1669 514 71
f 1669 954 514
f 805 954 1669
f 1152 805 1669
f 496 805 1152
f 220 870 514
f 1158 1088 220
f 603 1088 1158
f 445 585 603
f 954 220 514
f 1158 220 954
f 270 603 1158
f 445 603 270
f 8 585 445
f 1615 585 8
f 270 1158 954
f 445 270 1275
f 805 270 954
f 1275 270 805
f 1718 445 1275
f 8 445 1718
f 1419 1275 805
f 1718 1275 1419
f 496 1419 805
f 924 1419 496
f 924 1718 1419
f 555 924 496
f 555 1718 924
f 555 496 604
f 8 1718 555
f 1742 1615 8
f 1450 1615 1742
f 95 1450 1742
f 95 1858 1450
f 1812 9 1858
f 1509 9 1812
f 1812 1858 95
f 1509 765 9
f 1798 765 1509
f 1798 1762 765
f 152 1704 1762
f 1726 1762 1798
f 1726 152 1762
f 1611 152 1726
f 1737 1704 152
f 1611 1737 152
f 1624 1736 1737
f 1624 1737 1611
f 66 1965 1201
f 66 1956 1965
f 71 1956 66
f 66 1669 71
f 604 496 1152
f 1188 604 1152
f 589 604 1188
f 1251 589 1188
f 1029 1251 1188
f 881 1029 1188
f 1866 1188 1152
f 1866 881 1188
f 1314 1866 1152
f 939 1029 881
f 452 881 1866
f 452 939 881
f 1645 604 589
f 1645 555 604
f 1829 1645 589
f 1645 8 555
f 1742 8 1645
f 1829 589 1251
f 1960 1742 1645
f 812 1645 1829
f 1620 1645 812
f 1620 1960 1645
f 812 1251 1029
f 812 1829 1251
f 1144 1960 1620
f 939 812 1029
f 1620 812 939
f 800 939 452
f 800 1620 939
f 95 1742 1960
f 1172 95 1960
f 1172 1960 1363
f 1363 1960 1144
f 1172 1812 95
f 1787 1812 1172
f 39 1812 1787
f 39 1509 1812
f 39 1798 1509
f 1909 1726 1798
f 1909 1798 39
f 55 1726 1909
f 55 1611 1726
f 1820 1611 55
f 1820 1624 1611
f 990 1026 1002
f 1542 1539 1642
f 1539 849 1642
f 1539 1385 849
f 1717 1837 1297
f 1717 1297 1757
f 1837 1542 1658
f 1837 1658 1297
f 1757 1297 990
f 1658 1542 1642
f 1658 1642 1638
f 1026 1658 1638
f 1026 1297 1658
f 990 1297 1026
f 1638 1642 837
f 1461 1539 1542
f 1461 1357 1539
f 520 675 1461
f 228 675 520
f 675 1845 1357
f 675 1357 1461
f 1357 1385 1539
f 1845 1771 1357
f 1209 1845 675
f 228 1284 675
f 1837 1461 1542
f 520 1461 1837
f 1717 520 1837
f 733 520 1717
f 1586 733 1717
f 872 228 520
f 733 872 520
f 838 872 733
f 118 838 733
f 896 118 733
f 896 733 1586
f 1854 896 1586
f 953 1209 675
f 1284 953 675
f 1351 118 896
f 1351 896 1854
f 228 1123 1284
f 872 1123 228
f 872 405 1123
f 838 405 872
f 838 1228 405
f 118 1228 838
f 118 704 1228
f 1351 704 118
f 1351 1295 704
f 1779 1526 79
f 1912 76 1779
f 76 1526 1779
f 83 1912 1958
f 1912 1779 1958
f 1752 1922 76
f 76 1922 1526
f 1752 1856 1922
f 1651 76 1912
f 1651 1752 76
f 2 1912 1910
f 2 1651 1912
f 1752 1084 1622
f 1752 1622 1856
f 1656 1752 1651
f 855 1839 1752
f 1981 855 1752
f 1981 1752 1656
f 1839 1084 1752
f 1675 2 78
f 1675 1656 2
f 469 1656 1675
f 1656 1651 2
f 1839 1087 1084
f 1797 1087 1839
f 1797 286 1087
f 1087 337 1084
f 1087 1315 337
f 286 1315 1087
f 837 1981 1903
f 1903 1981 1656
f 1981 68 855
f 68 1797 855
f 855 1797 1839
f 469 592 1656
f 1338 469 1675
f 112 469 1338
f 1319 592 469
f 1489 469 112
f 1489 1319 469
f 1638 837 592
f 1319 1638 592
f 1026 1638 1319
f 1026 1319 1292
f 1002 1292 449
f 1002 1026 1292
f 592 1903 1656
f 837 1903 592
f 1292 1319 1489
f 112 53 1489
f 112 664 53
f 53 1292 1489
f 664 1292 53
f 664 449 1292
f 1439 1804 1243
f 844 1243 1528
f 1804 1528 1243
f 849 1631 68
f 1385 1631 849
f 1385 1452 1631
f 1452 1713 1631
f 68 286 1797
f 68 1713 286
f 1631 1713 68
f 1452 1243 1713
f 1452 1439 1243
f 1713 1243 844
f 1713 844 286
f 286 1715 1315
f 286 844 1715
f 1642 68 1981
f 1642 1981 837
f 849 68 1642
f 104 1987 1439
f 1439 22 1804
f 1987 22 1439
f 649 1105 1987
f 1771 26 1385
f 656 26 1771
f 656 724 26
f 26 1887 1452
f 26 1452 1385
f 724 1503 26
f 1887 1439 1452
f 26 1503 1887
f 1503 666 1887
f 1887 104 1439
f 1227 104 1887
f 666 1227 1887
f 1227 498 104
f 649 1987 104
f 498 649 104
f 1771 1385 1357
f 1204 1771 1845
f 1204 656 1771
f 1126 1065 1219
f 1383 1507 309
f 1383 309 1786
f 309 595 1709
f 309 1709 1786
f 1383 1786 663
f 1709 626 1786
f 1786 674 663
f 663 674 1126
f 595 626 1709
f 1786 726 674
f 1786 691 726
f 626 691 1786
f 674 1065 1126
f 724 890 1503
f 656 890 724
f 1503 474 666
f 890 474 1503
f 666 982 1227
f 474 982 666
f 890 1699 474
f 1227 630 498
f 982 630 1227
f 982 382 630
f 982 534 382
f 474 534 982
f 474 1625 534
f 1699 1625 474
f 649 1466 1105
f 498 1466 649
f 498 630 1466
f 484 1204 1845
f 1209 484 1845
f 1284 214 953
f 1209 541 484
f 953 541 1209
f 1146 541 953
f 214 1146 953
f 1204 1020 656
f 1204 213 1020
f 484 213 1204
f 541 213 484
f 214 1585 1146
f 1020 890 656
f 541 1146 213
f 1585 375 1146
f 1020 1699 890
f 213 1699 1020
f 213 964 1699
f 213 345 964
f 1146 345 213
f 1146 835 345
f 375 835 1146
f 375 1126 835
f 345 835 1219
f 835 1126 1219
f 964 106 1699
f 964 1063 106
f 345 1063 964
f 1063 345 1219
f 1063 891 106
f 1219 891 1063
f 1699 783 1625
f 106 783 1699
f 1123 214 1284
f 1295 182 704
f 984 182 1295
f 1123 1585 214
f 405 1585 1123
f 405 1566 1585
f 1228 1566 405
f 1566 1228 182
f 1228 704 182
f 182 1383 1566
f 984 1507 182
f 1566 834 1585
f 1566 1383 834
f 1383 182 1507
f 834 375 1585
f 834 663 375
f 1383 663 834
f 663 1126 375
f 1665 1532 1274
f 1274 1532 1877
f 1526 1274 79
f 1274 1877 79
f 1526 1665 1274
f 1933 308 1665
f 1665 308 1532
f 1922 1665 1526
f 1856 1665 1922
f 1856 1933 1665
f 1084 1649 1622
f 1622 1933 1856
f 1622 1437 1933
f 1129 1261 1437
f 1649 1437 1622
f 1649 1129 1437
f 1715 1653 418
f 1129 594 1261
f 1129 202 594
f 202 1298 594
f 1074 202 1129
f 328 418 1653
f 418 328 503
f 594 1059 1261
f 503 1298 202
f 328 1298 503
f 1653 1301 328
f 594 985 1059
f 594 522 985
f 1298 522 594
f 522 328 738
f 522 1298 328
f 738 328 1301
f 1059 334 1261
f 985 334 1059
f 522 556 985
f 556 738 985
f 556 522 738
f 738 1301 353
f 337 1649 1084
f 337 561 1649
f 1315 561 337
f 561 1315 1715
f 639 1129 1649
f 639 1074 1129
f 561 639 1649
f 1715 418 639
f 1715 639 561
f 1074 639 418
f 202 418 503
f 202 1074 418
f 844 1653 1715
f 1528 647 844
f 1804 1689 1528
f 1653 844 647
f 1528 1689 647
f 647 1301 1653
f 647 124 1301
f 647 1426 124
f 1689 1426 647
f 124 353 1301
f 1426 1061 124
f 1987 792 22
f 1105 792 1987
f 1105 750 792
f 792 1725 22
f 22 1607 1689
f 22 1689 1804
f 1414 1725 792
f 1725 1607 22
f 1414 1543 1725
f 1725 1883 1607
f 1543 1883 1725
f 1689 108 1426
f 1607 108 1689
f 1883 108 1607
f 1883 77 108
f 108 1061 1426
f 417 1416 384
f 384 1416 1245
f 417 384 1471
f 1147 1735 893
f 384 893 1471
f 893 384 1147
f 1219 1890 891
f 1890 1219 1065
f 1065 1214 1890
f 1065 913 1214
f 1890 1001 891
f 891 1001 783
f 1890 987 1001
f 1890 164 987
f 164 1890 1214
f 1416 1001 1245
f 1001 1416 736
f 1245 987 797
f 1001 987 1245
f 1245 797 384
f 797 1147 384
f 797 1735 1147
f 164 797 987
f 674 913 1065
f 674 1654 913
f 726 1654 674
f 691 1654 726
f 595 1379 626
f 1379 691 626
f 1654 1214 913
f 1379 1323 691
f 1105 344 750
f 1277 1414 792
f 750 1277 792
f 344 1277 750
f 1277 175 1414
f 344 299 1277
f 1414 175 1543
f 1277 1010 175
f 1277 1008 1010
f 299 1008 1277
f 292 1434 1883
f 1543 292 1883
f 175 292 1543
f 175 290 292
f 1010 290 175
f 1008 290 1010
f 1008 781 290
f 1434 77 1883
f 292 1613 1434
f 292 978 1613
f 290 978 292
f 290 781 401
f 1466 344 1105
f 630 126 1466
f 382 126 630
f 382 1077 126
f 534 1077 382
f 534 271 1077
f 1625 271 534
f 1625 393 271
f 126 344 1466
f 271 744 1077
f 744 393 736
f 393 744 271
f 417 736 1416
f 736 417 744
f 126 299 344
f 126 1216 299
f 126 1056 1216
f 1077 1056 126
f 1056 744 417
f 744 1056 1077
f 1056 1471 997
f 417 1471 1056
f 299 997 1008
f 1216 997 299
f 1056 997 1216
f 997 781 1008
f 1471 1310 997
f 997 1310 781
f 106 891 783
f 783 393 1625
f 783 736 393
f 783 1001 736
f 1532 1721 1877
f 1532 1 1721
f 308 1 1532
f 308 1982 1
f 308 5 1982
f 1261 334 1437
f 334 1410 1437
f 1437 1410 1933
f 1933 5 308
f 1933 545 5
f 1410 545 1933
f 1410 1398 545
f 1398 1603 545
f 1398 1384 1603
f 985 252 334
f 738 252 985
f 738 623 252
f 1333 738 353
f 738 1333 623
f 334 438 1410
f 252 438 334
f 252 1685 438
f 252 632 1685
f 632 1333 1685
f 632 623 1333
f 623 632 252
f 1333 353 1459
f 353 971 1459
f 1333 438 1685
f 1333 762 438
f 457 1333 1459
f 1333 457 762
f 438 408 1410
f 438 578 408
f 578 457 408
f 578 762 457
f 762 578 438
f 457 1459 193
f 971 193 1459
f 408 1398 1410
f 408 731 1398
f 731 457 193
f 457 731 408
f 193 971 607
f 1501 1137 1398
f 731 1501 1398
f 731 193 1501
f 193 607 1501
f 607 710 1137
f 607 1137 1501
f 1398 1048 1384
f 1137 1048 1398
f 1137 710 1048
f 607 1336 710
f 1697 1431 1061
f 1697 1097 1431
f 607 1431 1207
f 1431 607 971
f 1097 1207 1431
f 1207 1336 607
f 1097 657 1207
f 124 971 353
f 1061 1431 971
f 1061 971 124
f 108 1697 1061
f 108 1661 1697
f 809 1661 108
f 809 920 1661
f 1697 1551 1097
f 1661 1551 1697
f 920 1222 1661
f 1661 1488 1551
f 1222 1488 1661
f 1551 657 1097
f 77 809 108
f 893 49 1471
f 1471 49 1310
f 893 1818 49
f 49 1893 1310
f 49 866 1893
f 49 648 866
f 648 49 1818
f 648 1756 866
f 866 1618 1411
f 1756 97 866
f 1756 1269 97
f 1618 866 97
f 164 1735 797
f 1735 1818 893
f 1323 1654 691
f 1214 1735 164
f 1214 93 1735
f 1654 93 1214
f 1654 1763 93
f 1735 93 1818
f 25 920 809
f 25 801 920
f 801 1187 920
f 1187 1222 920
f 1187 895 1222
f 895 1076 1222
f 1222 615 1488
f 1076 615 1222
f 1076 99 615
f 77 25 809
f 1434 25 77
f 1434 925 25
f 1613 925 1434
f 1613 542 925
f 978 542 1613
f 781 1893 401
f 978 401 542
f 290 401 978
f 925 801 25
f 925 281 801
f 542 281 925
f 542 525 281
f 401 525 542
f 281 752 801
f 401 1577 525
f 1893 1577 401
f 1893 1411 1577
f 752 1187 801
f 525 752 281
f 752 895 1187
f 752 841 895
f 525 841 752
f 525 1577 841
f 841 1076 895
f 841 99 1076
f 1577 427 923
f 1411 427 1577
f 427 1411 1618
f 841 923 99
f 1577 923 841
f 1310 1893 781
f 1411 1893 866
f 1982 747 1
f 1 747 1867
f 1 1867 1721
f 1982 1780 747
f 5 1780 1982
f 5 1939 1780
f 545 1939 5
f 545 1603 1939
f 1603 1451 1939
f 1276 1451 1603
f 1336 444 911
f 1336 625 444
f 911 1994 1384
f 911 444 1994
f 1384 1276 1603
f 1384 1994 1276
f 444 1424 1994
f 1994 1424 1276
f 1424 444 714
f 625 714 444
f 1424 742 1276
f 1424 698 742
f 1424 714 698
f 1336 1048 710
f 1048 911 1384
f 1336 911 1048
f 1207 625 1336
f 1207 1591 625
f 657 1591 1207
f 1591 1443 625
f 1253 1443 1591
f 625 1705 714
f 1443 1705 625
f 1488 995 1551
f 1488 531 995
f 1551 1253 657
f 1551 995 1253
f 657 1253 1591
f 531 421 995
f 995 421 1253
f 1253 1967 1443
f 421 1967 1253
f 421 636 1967
f 1116 636 421
f 235 613 1750
f 235 1750 1034
f 1750 717 1702
f 1750 613 717
f 1702 27 1750
f 1750 27 1806
f 97 1269 898
f 235 1618 97
f 898 1344 97
f 97 1344 235
f 1269 1556 898
f 235 1344 613
f 898 613 1344
f 898 1556 613
f 1556 1775 613
f 613 1775 717
f 648 1269 1756
f 1818 1556 648
f 93 1556 1818
f 648 1556 1269
f 615 531 1488
f 615 1882 531
f 99 1882 615
f 99 1265 1882
f 1882 828 531
f 1265 828 1882
f 1265 198 828
f 828 421 531
f 828 499 421
f 828 1085 499
f 198 1085 828
f 198 1342 1085
f 499 1116 421
f 499 365 1116
f 1085 365 499
f 1085 259 365
f 1342 259 1085
f 365 614 1116
f 259 614 365
f 1618 235 427
f 923 1265 99
f 235 1034 427
f 427 459 923
f 427 1034 459
f 923 459 1265
f 459 198 1265
f 1034 684 459
f 459 684 198
f 1034 1750 1151
f 1034 1151 684
f 684 1342 198
f 1151 1917 684
f 1342 684 1917
f 1151 1806 1395
f 1806 1151 1750
f 1151 1395 1917
f 1342 1917 259
f 1356 990 1002
f 1356 751 990
f 1408 751 1356
f 1367 751 1408
f 1317 1367 1899
f 903 1717 1757
f 903 1757 1777
f 1874 903 1777
f 1054 1874 1597
f 1716 903 1874
f 1054 1716 1874
f 1777 990 751
f 1777 1757 990
f 1874 1777 751
f 1597 1874 751
f 1597 751 1317
f 1317 751 1367
f 1054 1597 804
f 1429 1054 804
f 1429 804 1700
f 804 1597 1317
f 804 1317 608
f 1700 804 608
f 14 1429 1700
f 1561 1429 14
f 1198 1561 14
f 959 1586 1717
f 959 1717 903
f 1086 959 903
f 1086 903 1716
f 518 1086 1716
f 1432 518 1716
f 1854 1586 959
f 1024 1854 959
f 564 959 1086
f 564 1024 959
f 518 564 1086
f 518 798 564
f 1561 1054 1429
f 1432 1716 1054
f 1432 1054 1561
f 1127 518 1432
f 338 1432 1561
f 176 1432 338
f 73 1127 1432
f 176 73 1432
f 1127 1413 518
f 1131 338 1561
f 1131 1381 338
f 1381 176 338
f 528 73 176
f 304 528 176
f 304 176 1381
f 936 1351 1854
f 936 1854 1024
f 465 936 1024
f 465 1024 564
f 1413 798 518
f 936 1295 1351
f 564 1183 465
f 798 1183 564
f 1156 1413 1127
f 1156 1127 73
f 528 1156 73
f 1910 1912 83
f 1796 83 159
f 1796 1910 83
f 96 159 1969
f 96 1796 159
f 11 1969 958
f 11 96 1969
f 414 72 96
f 414 96 11
f 78 2 1910
f 1486 1910 1796
f 1567 1910 1486
f 1567 78 1910
f 1486 1796 96
f 72 1486 96
f 509 1567 1486
f 509 1486 72
f 1246 1675 78
f 1464 1246 78
f 139 78 1567
f 368 78 139
f 368 1464 78
f 1012 368 139
f 688 464 139
f 464 1012 139
f 165 139 1567
f 688 139 165
f 165 1567 509
f 1231 165 509
f 1952 165 1231
f 165 1252 688
f 1252 165 1952
f 1598 1252 1952
f 1598 158 1252
f 1677 1231 509
f 1433 1231 1677
f 1433 1952 1231
f 1952 1433 1598
f 1464 1021 1246
f 1467 1338 1675
f 861 1675 1246
f 861 1467 1675
f 839 861 1246
f 1021 839 1246
f 820 1021 1464
f 1179 1356 1002
f 1060 1356 1179
f 1060 1408 1356
f 1367 1408 1060
f 1412 1464 368
f 1412 820 1464
f 1338 785 112
f 1467 785 1338
f 861 785 1467
f 326 1002 449
f 326 1179 1002
f 974 1179 326
f 974 1060 1179
f 1403 1060 974
f 1403 1367 1060
f 547 1367 1403
f 547 1899 1367
f 1412 1907 820
f 861 1197 785
f 839 1197 861
f 839 749 1197
f 1021 749 839
f 785 664 112
f 785 335 664
f 785 1197 335
f 854 664 335
f 854 449 664
f 854 326 449
f 1009 326 854
f 974 326 1009
f 1021 551 749
f 820 551 1021
f 1907 551 820
f 1197 140 335
f 1197 508 140
f 1197 749 508
f 523 335 140
f 523 854 335
f 645 140 508
f 645 523 140
f 645 854 523
f 645 1009 854
f 888 1009 645
f 888 974 1009
f 1121 974 888
f 1121 1403 974
f 609 1403 1121
f 609 547 1403
f 1907 832 551
f 749 263 508
f 749 806 263
f 749 1211 806
f 551 1211 749
f 263 645 508
f 568 263 806
f 568 645 263
f 568 888 645
f 511 806 1211
f 511 568 806
f 511 888 568
f 1121 888 511
f 153 547 609
f 1907 1206 832
f 551 154 1211
f 551 150 154
f 832 150 551
f 154 511 1211
f 150 511 154
f 150 1121 511
f 769 1121 150
f 769 609 1121
f 381 609 769
f 153 609 381
f 832 627 150
f 832 1751 627
f 832 110 1751
f 1206 110 832
f 226 627 1751
f 226 150 627
f 226 769 150
f 571 1751 110
f 571 226 1751
f 571 769 226
f 571 381 769
f 852 381 571
f 852 153 381
f 1206 641 110
f 1206 190 641
f 300 110 641
f 300 571 110
f 272 641 190
f 272 300 641
f 272 571 300
f 272 852 571
f 1317 1899 232
f 10 1317 232
f 608 1317 10
f 431 1412 368
f 1012 431 368
f 232 1899 547
f 1249 608 10
f 608 1249 633
f 1621 608 633
f 370 608 1621
f 431 1907 1412
f 1350 431 1012
f 1915 232 547
f 1915 10 232
f 914 10 1915
f 914 1249 10
f 633 1249 914
f 464 1350 1012
f 464 1617 1350
f 1617 464 688
f 635 1617 688
f 1350 1907 431
f 821 633 914
f 821 1621 633
f 753 1621 821
f 753 370 1621
f 938 370 753
f 1045 938 583
f 1045 370 938
f 635 688 1252
f 153 1915 547
f 1755 938 753
f 583 938 1755
f 158 635 1252
f 1617 1881 1350
f 635 1881 1617
f 158 1881 635
f 1350 1206 1907
f 1350 490 1206
f 1007 490 1350
f 1881 1007 1350
f 818 1915 153
f 818 914 1915
f 821 914 818
f 1755 753 821
f 211 583 1755
f 818 852 1223
f 818 153 852
f 357 818 969
f 357 821 818
f 1755 821 357
f 158 1976 1881
f 158 1598 1976
f 1881 1023 1007
f 490 190 1206
f 1223 852 272
f 100 818 1223
f 969 818 100
f 1262 1755 357
f 1375 1755 1262
f 1375 211 1755
f 548 1045 583
f 548 583 211
f 637 548 387
f 1375 548 211
f 387 548 1375
f 659 387 1375
f 1260 387 659
f 1260 637 387
f 1676 637 1260
f 1700 608 390
f 14 1700 390
f 370 390 608
f 390 370 1045
f 653 14 390
f 1198 14 653
f 1809 1198 653
f 653 390 1765
f 1809 653 1765
f 1508 1198 1809
f 1765 1045 548
f 1765 390 1045
f 291 1809 1765
f 1508 1809 291
f 1765 548 637
f 291 1765 859
f 859 1765 637
f 1668 1508 291
f 1535 1508 1668
f 859 637 1676
f 859 1676 815
f 87 859 815
f 1668 859 87
f 1668 291 859
f 537 1668 87
f 1795 1668 537
f 1795 1535 1668
f 1507 1081 309
f 1081 1415 309
f 1081 1106 1415
f 1106 989 1415
f 1415 595 309
f 1106 919 989
f 1415 1379 595
f 989 1379 1415
f 919 388 989
f 1266 388 919
f 989 1323 1379
f 388 1323 989
f 1266 1093 388
f 930 1381 1131
f 930 304 1381
f 930 1163 304
f 1296 1309 1266
f 877 1309 1296
f 1782 1309 877
f 1309 1093 1266
f 612 1655 1782
f 1584 1561 1198
f 1584 1131 1561
f 886 1131 1584
f 1131 394 930
f 886 394 1131
f 360 1198 1508
f 360 1584 1198
f 1318 1584 360
f 1318 886 1584
f 1318 1851 886
f 394 1229 930
f 1851 394 886
f 1474 1318 360
f 1318 935 1851
f 1851 937 394
f 1535 360 1508
f 196 1318 1474
f 196 935 1318
f 1851 468 937
f 935 468 1851
f 1504 360 1535
f 1504 1474 360
f 676 1474 1504
f 102 676 1504
f 935 516 468
f 196 516 935
f 196 332 516
f 196 676 332
f 676 196 1474
f 676 740 332
f 676 102 740
f 481 1655 612
f 332 1435 516
f 740 1435 332
f 102 686 740
f 686 102 790
f 790 102 1504
f 1794 1535 1795
f 1794 1504 1535
f 255 1504 1794
f 255 790 1504
f 1236 686 790
f 936 984 1295
f 936 340 984
f 465 340 936
f 465 1183 340
f 798 582 1183
f 1413 582 798
f 582 882 1183
f 984 1081 1507
f 340 1081 984
f 340 1106 1081
f 1183 1106 340
f 882 1106 1183
f 582 267 882
f 882 919 1106
f 267 919 882
f 267 1266 919
f 1413 605 582
f 1156 605 1413
f 1163 528 304
f 1156 544 605
f 528 544 1156
f 1163 544 528
f 1229 1163 930
f 605 267 582
f 544 267 605
f 1163 1511 544
f 1229 1511 1163
f 544 1296 267
f 544 877 1296
f 1511 877 544
f 1229 183 1511
f 1229 907 183
f 1296 1266 267
f 1511 183 877
f 183 1782 877
f 907 1782 183
f 907 612 1782
f 907 1229 394
f 937 907 394
f 937 612 907
f 937 468 612
f 468 481 612
f 481 468 516
f 516 1435 481
f 1732 11 958
f 1898 11 1732
f 1898 414 11
f 1898 1732 1736
f 1940 72 414
f 1940 509 72
f 1677 509 1940
f 1940 414 1078
f 1078 414 1898
f 926 1940 1078
f 735 1940 926
f 409 1078 1898
f 926 1078 409
f 1235 1598 1433
f 1554 1677 1940
f 1677 1554 1433
f 1235 1433 1554
f 396 1554 1940
f 1311 1235 1554
f 1392 1311 1554
f 1392 1554 396
f 1316 1392 396
f 1808 1392 1316
f 735 396 1940
f 1316 396 735
f 584 272 190
f 1598 1753 1976
f 1881 435 1023
f 1881 1687 435
f 1976 1687 1881
f 490 584 190
f 490 1170 584
f 1007 1170 490
f 1007 1660 1170
f 1023 1660 1007
f 1170 272 584
f 1170 1223 272
f 129 1170 1660
f 129 1223 1170
f 129 100 1223
f 1776 100 129
f 1776 969 100
f 580 969 1776
f 580 357 969
f 1262 357 580
f 1976 197 1687
f 1753 197 1976
f 1023 192 1660
f 1023 319 192
f 435 319 1023
f 192 129 1660
f 319 129 192
f 319 1776 129
f 869 1776 319
f 869 580 1776
f 389 580 869
f 1262 389 1282
f 1262 580 389
f 1753 1800 197
f 435 420 319
f 435 318 420
f 1687 318 435
f 1687 500 318
f 1687 197 500
f 1066 420 318
f 1066 319 420
f 1066 869 319
f 425 318 500
f 425 1066 318
f 425 869 1066
f 425 389 869
f 1282 389 425
f 184 1262 1282
f 163 1262 184
f 197 135 500
f 197 829 135
f 197 1800 829
f 305 500 135
f 305 425 500
f 329 135 829
f 329 305 135
f 329 425 305
f 329 1282 425
f 169 829 1800
f 169 329 829
f 169 1282 329
f 169 184 1282
f 245 184 169
f 245 163 184
f 1547 361 1800
f 160 1800 361
f 160 169 1800
f 422 361 1547
f 422 160 361
f 422 169 160
f 422 245 169
f 185 422 1547
f 659 1375 1262
f 479 1260 659
f 479 1676 1260
f 815 1676 479
f 1598 1235 1753
f 133 1753 1235
f 163 659 1262
f 1015 659 163
f 479 659 1015
f 103 815 479
f 1640 815 103
f 133 1800 1753
f 103 479 1015
f 1769 1640 103
f 847 1640 1769
f 133 1176 1800
f 1235 1176 133
f 1235 1311 1176
f 1176 1547 1800
f 1015 245 495
f 1015 163 245
f 622 103 1015
f 1769 103 622
f 495 245 422
f 386 1015 495
f 622 1015 386
f 391 1769 622
f 1271 847 1769
f 1311 1068 1176
f 1311 1119 1068
f 1119 1311 1392
f 1176 185 1547
f 1176 689 185
f 1068 689 1176
f 1178 185 689
f 1178 422 185
f 1178 495 422
f 776 689 1068
f 776 1178 689
f 776 495 1178
f 776 386 495
f 447 386 776
f 447 622 386
f 391 622 447
f 392 1769 391
f 1271 1769 392
f 1392 1808 1119
f 1119 119 1068
f 1119 1112 119
f 236 1119 1808
f 297 1068 119
f 297 776 1068
f 105 119 1112
f 105 297 119
f 105 776 297
f 105 447 776
f 529 447 105
f 529 391 447
f 392 391 529
f 320 1271 392
f 1119 385 1112
f 1119 377 385
f 236 377 1119
f 289 236 1808
f 289 1808 1880
f 385 105 1112
f 991 385 377
f 991 105 385
f 991 529 105
f 619 377 236
f 619 991 377
f 619 529 991
f 619 392 529
f 994 392 619
f 320 392 994
f 1064 1640 847
f 811 847 1271
f 811 1064 847
f 273 1064 811
f 662 1271 320
f 662 811 1271
f 566 811 662
f 273 811 566
f 1171 1808 1316
f 827 662 320
f 273 566 355
f 87 815 1640
f 87 1640 1064
f 1795 537 1580
f 537 87 1064
f 1580 537 1064
f 44 1795 1580
f 1361 1795 44
f 1609 1064 273
f 1609 1580 1064
f 44 1580 1609
f 44 1609 1382
f 1382 273 1079
f 1382 1609 273
f 1671 44 1382
f 388 1093 1323
f 1093 1799 1323
f 1309 1799 1093
f 1309 1648 1058
f 1782 1648 1309
f 1782 1655 1648
f 1309 1058 1799
f 1648 851 458
f 1655 851 1648
f 851 1185 458
f 1185 1390 458
f 481 1115 1655
f 740 483 1435
f 686 483 740
f 686 1236 483
f 1115 851 1655
f 1236 1790 483
f 1115 1042 851
f 915 1042 1115
f 1042 1185 851
f 915 1966 1042
f 412 1966 915
f 1042 1497 1185
f 1966 1497 1042
f 1497 1390 1185
f 1497 908 1390
f 1497 244 908
f 1966 244 1497
f 1242 244 1966
f 1242 1328 244
f 379 255 1794
f 1236 790 255
f 1256 1236 255
f 379 1256 255
f 1236 433 1790
f 1256 433 1236
f 1361 1794 1795
f 699 1794 1361
f 699 379 1794
f 779 379 699
f 1256 779 433
f 779 1256 379
f 307 779 699
f 433 1469 1790
f 433 1761 1469
f 779 1761 433
f 779 307 1761
f 682 307 699
f 682 699 1681
f 307 29 1761
f 307 682 29
f 1579 1361 44
f 1681 699 1361
f 1681 1361 1579
f 1469 1240 1242
f 1761 1240 1469
f 1761 29 1240
f 763 682 1681
f 29 1448 1240
f 682 1448 29
f 763 1448 682
f 330 763 1681
f 1579 44 1671
f 1138 1681 1579
f 1138 330 1681
f 1240 1328 1242
f 763 330 1448
f 1844 1579 1671
f 481 1435 1115
f 1435 915 1115
f 483 915 1435
f 483 412 915
f 1790 412 483
f 412 1790 1469
f 412 1242 1966
f 1242 412 1469
f 1822 1898 1736
f 409 1898 1822
f 1822 1736 1624
f 225 409 1822
f 926 409 225
f 1913 926 225
f 976 735 926
f 735 1171 1316
f 1171 735 976
f 1453 1171 976
f 795 1171 1453
f 1453 651 795
f 1453 976 926
f 651 1453 565
f 1453 926 1913
f 565 1453 1913
f 116 651 565
f 289 1477 236
f 1477 619 236
f 275 1477 289
f 275 619 1477
f 275 994 619
f 480 994 275
f 480 320 994
f 1032 320 480
f 1880 221 289
f 1880 187 221
f 1880 1258 187
f 1258 1880 227
f 221 275 289
f 187 275 221
f 187 480 275
f 1049 187 1258
f 1049 480 187
f 1049 1032 480
f 905 1258 227
f 239 1258 905
f 239 1049 1258
f 1171 1880 1808
f 227 1880 1171
f 827 320 1032
f 294 662 827
f 294 566 662
f 355 566 294
f 1079 273 355
f 203 1032 1049
f 203 827 1032
f 351 827 203
f 294 827 351
f 181 355 294
f 1079 355 181
f 227 1171 795
f 1193 239 905
f 1193 1049 239
f 1193 203 1049
f 611 203 1193
f 611 351 203
f 109 351 611
f 109 294 351
f 181 294 109
f 554 1079 181
f 795 1530 227
f 1530 1570 227
f 1570 905 227
f 873 905 1570
f 873 1193 905
f 787 873 1570
f 787 1193 873
f 787 611 1193
f 760 611 787
f 760 109 611
f 50 109 760
f 50 181 109
f 554 181 50
f 1072 795 651
f 1072 1530 795
f 178 1570 1530
f 440 178 1530
f 178 787 1570
f 316 178 440
f 316 787 178
f 316 760 787
f 1304 760 316
f 1304 50 760
f 1154 50 1304
f 725 50 1154
f 725 554 50
f 1863 554 725
f 1303 1530 1072
f 1303 440 1530
f 327 316 440
f 539 440 1303
f 539 327 440
f 539 316 327
f 539 1304 316
f 1154 1304 539
f 1154 539 1141
f 207 725 1154
f 478 725 207
f 1863 725 478
f 1480 1303 1072
f 1480 540 1303
f 540 539 1303
f 1141 539 540
f 475 1154 1141
f 475 207 1154
f 478 207 475
f 116 1072 651
f 567 1072 116
f 567 1480 1072
f 567 540 1480
f 567 1141 540
f 475 1141 567
f 671 478 475
f 1863 1079 554
f 1863 1382 1079
f 1826 1382 1863
f 311 1863 478
f 1671 1382 1826
f 1925 1671 1826
f 216 1671 1925
f 311 1826 1863
f 1925 1826 311
f 981 1925 311
f 1218 1925 981
f 1323 1763 1654
f 1799 1763 1323
f 1799 74 1763
f 1058 74 1799
f 458 1390 1648
f 1648 1390 1058
f 908 560 1390
f 1868 560 908
f 1390 74 1058
f 1390 560 74
f 244 1868 908
f 244 1213 1868
f 1328 1213 244
f 1868 1213 1814
f 1814 560 1868
f 1814 1220 35
f 1213 1220 1814
f 1814 35 560
f 1220 189 35
f 35 1803 560
f 35 189 1803
f 1138 1579 1844
f 1240 1321 1328
f 1448 1321 1240
f 1448 1588 1321
f 330 1588 1448
f 330 1513 1588
f 1513 330 1138
f 1513 1138 1409
f 1328 1133 1213
f 1321 1133 1328
f 1588 1327 1321
f 1513 1327 1588
f 1513 734 1327
f 734 1513 1409
f 1133 1220 1213
f 1327 1133 1321
f 1327 955 1133
f 1327 113 955
f 734 113 1327
f 1133 960 1220
f 955 960 1133
f 1220 960 189
f 113 643 955
f 955 342 960
f 643 342 955
f 1409 1138 1844
f 216 1844 1671
f 1286 1409 1844
f 1286 1844 216
f 768 1409 1286
f 768 734 1409
f 1230 216 1925
f 1286 216 1230
f 734 768 113
f 512 768 1286
f 768 512 113
f 1337 1286 1230
f 1306 512 1286
f 665 512 1306
f 512 643 113
f 512 665 643
f 1218 1230 1925
f 1337 1230 1218
f 1306 1286 1337
f 665 167 643
f 167 665 1306
f 80 1822 1624
f 225 1822 80
f 80 1624 1820
f 1913 225 1901
f 1901 225 80
f 624 1913 1901
f 796 565 1913
f 1352 565 796
f 1352 116 565
f 1491 1352 796
f 624 796 1913
f 1491 796 624
f 1165 567 116
f 758 567 1165
f 758 475 567
f 671 475 758
f 311 478 671
f 1165 116 1352
f 1184 758 1165
f 1184 671 758
f 439 671 1184
f 311 671 439
f 887 1165 1352
f 1850 1165 887
f 1850 1184 1165
f 439 1184 1850
f 887 1352 1491
f 1545 1850 887
f 439 1850 1545
f 1545 887 1491
f 30 1545 1491
f 266 439 1545
f 266 1545 30
f 981 311 1759
f 1746 1218 981
f 266 311 439
f 1759 311 266
f 1746 981 1759
f 1268 1746 1759
f 1608 1759 266
f 1608 1268 1759
f 560 772 74
f 560 1803 772
f 189 1723 1803
f 1723 1406 1803
f 1723 1018 1406
f 1803 1406 772
f 348 1487 1406
f 189 111 1723
f 960 111 189
f 342 111 960
f 643 813 342
f 342 962 111
f 813 962 342
f 111 1018 1723
f 813 819 962
f 111 700 1018
f 962 700 111
f 819 700 962
f 1018 700 348
f 819 1099 700
f 819 466 1099
f 1018 348 1406
f 700 1670 348
f 700 1396 1670
f 1099 1396 700
f 1670 1487 348
f 1396 934 1670
f 1099 934 1396
f 1099 453 934
f 383 453 1099
f 167 813 643
f 167 1744 813
f 1744 167 1306
f 533 1337 1218
f 1306 1337 533
f 533 1218 1746
f 826 1306 533
f 826 1744 1306
f 1744 819 813
f 1744 826 819
f 1192 826 533
f 1057 826 1192
f 826 1057 819
f 362 533 1746
f 1057 466 819
f 362 1746 1268
f 1192 533 362
f 1035 1057 1192
f 1057 1035 466
f 466 383 1099
f 1035 383 466
f 1237 362 1268
f 1719 1192 362
f 943 1192 1719
f 943 1035 1192
f 1035 943 383
f 69 1754 21
f 69 1046 1754
f 1745 69 21
f 69 1745 1401
f 1095 1695 1401
f 1225 1695 1095
f 754 1401 1745
f 754 1095 1401
f 1760 1695 1225
f 66 1522 1695
f 1950 1695 1760
f 1950 66 1695
f 593 948 1754
f 21 1754 948
f 493 1177 593
f 593 536 948
f 593 1177 536
f 1745 21 948
f 1745 948 1923
f 1923 536 1788
f 1923 948 536
f 1177 1788 536
f 754 1745 1923
f 1177 775 1788
f 1788 416 1923
f 775 416 1788
f 136 754 1923
f 416 136 1923
f 120 1177 493
f 120 775 1177
f 1457 1995 120
f 1457 1963 1995
f 120 1995 775
f 1995 965 775
f 1870 1963 1457
f 1870 3 1963
f 1894 1945 1870
f 1945 3 1870
f 1945 1520 3
f 538 1520 1945
f 1927 1565 1894
f 1565 1945 1894
f 1565 538 1945
f 1867 1968 1927
f 1927 1968 1565
f 1867 15 1968
f 1225 1095 754
f 1225 754 322
f 1308 1225 322
f 526 1225 1308
f 1291 526 1308
f 1386 526 1291
f 1386 1291 640
f 1760 1225 526
f 1760 526 1386
f 1760 1386 339
f 1399 754 136
f 416 1404 136
f 775 965 416
f 965 1404 416
f 322 754 1399
f 1404 1399 136
f 1399 597 322
f 1404 597 1399
f 1404 1364 597
f 965 1364 1404
f 322 1632 1308
f 597 1632 322
f 597 1364 1632
f 965 1446 1364
f 1632 616 1308
f 1364 616 1632
f 1364 248 616
f 616 248 1476
f 1291 1308 616
f 1291 616 1476
f 1963 965 1995
f 1963 205 965
f 205 1446 965
f 1963 284 205
f 3 1455 1963
f 1963 1455 284
f 1520 1455 3
f 1520 1128 1455
f 538 56 1520
f 538 1897 56
f 1520 56 1128
f 1565 1701 538
f 538 1701 1897
f 1701 693 1897
f 1968 1701 1565
f 15 61 1968
f 1968 61 1701
f 61 693 1701
f 1946 1386 640
f 1386 1946 339
f 1946 640 341
f 618 1946 341
f 650 1946 618
f 1652 1946 650
f 1652 339 1946
f 1287 650 1407
f 1287 1652 650
f 1368 1652 1287
f 1102 1368 1287
f 679 1760 339
f 679 1950 1760
f 755 679 339
f 1368 339 1652
f 755 339 1368
f 755 1368 1102
f 1592 755 1102
f 1348 755 1592
f 265 755 1348
f 265 679 755
f 1052 1983 1950
f 871 679 677
f 871 1950 679
f 1052 1950 871
f 1475 1983 1052
f 871 677 1221
f 1446 1884 1364
f 590 1291 1476
f 640 1291 590
f 248 590 1476
f 248 1496 590
f 1496 640 590
f 1364 1496 248
f 1364 1884 1496
f 1496 341 640
f 1496 618 341
f 618 577 650
f 1496 577 618
f 1884 577 1496
f 1884 138 577
f 577 1407 650
f 577 138 1407
f 1884 209 138
f 1407 146 1287
f 146 1102 1287
f 138 146 1407
f 1592 171 1348
f 146 1592 1102
f 146 171 1592
f 205 1992 1446
f 284 1992 205
f 1446 1992 1884
f 1992 1098 1884
f 1098 209 1884
f 1992 1531 1098
f 1992 1389 1531
f 1128 1472 1455
f 1455 1472 284
f 284 1441 1992
f 1441 1389 1992
f 1472 1441 284
f 1472 1629 1441
f 56 1472 1128
f 56 952 1472
f 56 1672 952
f 1897 1672 56
f 1472 952 1629
f 1810 1672 1897
f 693 1810 1897
f 693 1552 1810
f 61 1600 693
f 1600 1552 693
f 1600 372 1552
f 655 679 265
f 677 679 655
f 398 677 655
f 1740 677 398
f 1221 677 1740
f 162 1221 1740
f 264 1221 162
f 413 1052 871
f 600 1221 264
f 600 871 1221
f 1628 871 600
f 413 871 1628
f 998 1052 413
f 1340 1052 998
f 1340 1475 1052
f 171 265 1348
f 171 212 265
f 212 655 265
f 146 1196 171
f 138 1196 146
f 209 1196 138
f 212 398 655
f 212 1974 398
f 212 171 1196
f 1196 1974 212
f 1974 1740 398
f 1974 162 1740
f 1974 208 162
f 1196 1840 1974
f 1196 1817 1840
f 208 264 162
f 1840 208 1974
f 764 413 1628
f 998 413 764
f 208 600 264
f 208 1365 600
f 1365 1628 600
f 1365 764 1628
f 764 1955 998
f 1955 1340 998
f 1955 629 1340
f 1365 1955 764
f 1840 1365 208
f 1817 1365 1840
f 1817 1955 1365
f 1817 629 1955
f 1817 1948 629
f 1098 1196 209
f 1531 1196 1098
f 1531 84 1196
f 1531 1770 84
f 1599 1770 1531
f 1389 1599 1531
f 84 1817 1196
f 84 1948 1817
f 84 1462 1948
f 84 1914 1462
f 1770 1914 84
f 1629 60 1441
f 1441 1599 1389
f 1441 1836 1599
f 60 1836 1441
f 288 1914 1770
f 1599 288 1770
f 1836 288 1599
f 1831 1150 288
f 952 60 1629
f 1672 60 952
f 60 1824 1836
f 1836 1831 288
f 1824 1831 1836
f 1824 1835 1831
f 1810 1602 1672
f 1552 1602 1810
f 1602 60 1672
f 1602 1824 60
f 1602 1841 1824
f 1824 1627 1835
f 1841 1627 1824
f 372 1733 1552
f 1552 1733 1602
f 1733 1841 1602
f 1733 1650 1841
f 1841 1402 1627
f 1650 1402 1841
f 1314 1152 1669
f 1581 1669 66
f 1314 1669 1581
f 670 1866 1314
f 510 670 1314
f 262 510 1314
f 426 1314 1581
f 426 262 1314
f 1157 426 1581
f 670 452 1866
f 588 510 262
f 800 452 670
f 918 670 510
f 918 800 670
f 6 800 918
f 6 1620 800
f 1144 1620 6
f 588 918 510
f 6 918 588
f 748 588 262
f 748 6 588
f 748 262 426
f 808 748 426
f 808 6 748
f 808 426 1157
f 280 6 808
f 1589 6 280
f 1363 1144 6
f 1589 1363 6
f 1636 1363 1589
f 1848 1363 1636
f 1848 1172 1363
f 1848 1787 1172
f 1278 1787 1848
f 576 1909 39
f 576 39 1787
f 576 1787 1278
f 1134 55 1909
f 1134 1909 576
f 1134 576 1813
f 966 1820 55
f 966 55 1134
f 1664 1820 966
f 966 1134 1774
f 1983 66 1950
f 1514 1581 66
f 1217 1514 66
f 34 1217 66
f 34 66 1983
f 151 1157 1581
f 151 1581 1514
f 1044 1157 151
f 343 1514 1217
f 968 151 1514
f 968 1044 151
f 1792 1514 343
f 1792 968 1514
f 874 343 1217
f 874 1792 343
f 874 1217 1003
f 999 1157 1044
f 968 280 1044
f 766 968 1792
f 766 280 968
f 1793 280 766
f 1793 1108 280
f 874 766 1792
f 999 808 1157
f 280 808 999
f 280 999 1044
f 1108 1589 280
f 1108 1636 1589
f 1728 1636 1108
f 591 1848 1636
f 591 1278 1848
f 591 1636 1728
f 1905 1278 591
f 1813 576 1278
f 1813 1278 1905
f 31 1813 1905
f 1774 1134 1813
f 1774 1813 31
f 47 1774 31
f 13 1664 966
f 16 1774 47
f 16 966 1774
f 16 13 966
f 219 956 1983
f 219 1983 1475
f 1587 219 1475
f 1842 34 1983
f 1394 34 1842
f 1842 1983 956
f 321 1394 1842
f 1417 34 1394
f 628 1417 1394
f 1181 1394 321
f 628 1394 1181
f 1279 321 1842
f 1181 321 1279
f 673 1842 956
f 1279 1842 673
f 1666 1217 34
f 1003 1217 1666
f 1417 1666 34
f 596 1417 628
f 1135 596 628
f 1005 1181 1279
f 1005 1135 1181
f 1135 628 1181
f 678 756 1135
f 242 1279 673
f 242 1005 1279
f 678 1135 1005
f 766 874 1003
f 1055 1003 1666
f 121 1003 1055
f 121 766 1003
f 121 1793 766
f 1417 1055 1666
f 1773 1793 121
f 1055 1417 596
f 756 121 1055
f 756 1055 596
f 1773 121 756
f 1135 756 596
f 678 1773 756
f 1312 1108 1793
f 1312 1728 1108
f 325 1728 1312
f 1312 1793 1773
f 1312 1773 678
f 147 1458 1312
f 1456 1312 678
f 147 1312 1456
f 325 591 1728
f 1714 591 325
f 1458 1714 325
f 1458 325 1312
f 1571 1714 1458
f 1714 1905 591
f 1985 1905 1714
f 1571 1985 1714
f 1698 1985 1571
f 1985 31 1905
f 1698 1973 1985
f 91 1973 1270
f 91 1707 1973
f 1270 1973 1698
f 47 31 1973
f 1973 31 1985
f 1707 47 1973
f 1657 1707 91
f 18 1657 91
f 1633 1657 18
f 16 47 1707
f 1657 16 1707
f 941 956 219
f 1259 956 941
f 673 956 1259
f 1587 941 219
f 707 1475 1340
f 570 1475 707
f 570 1587 1475
f 1821 1587 570
f 1821 941 1587
f 1684 941 1821
f 629 707 1340
f 933 1821 570
f 933 1684 1821
f 1948 1684 933
f 1948 996 1684
f 707 933 570
f 629 933 707
f 629 1948 933
f 1259 242 673
f 678 1005 242
f 1684 1259 941
f 1259 678 242
f 996 1259 1684
f 996 678 1259
f 996 1456 678
f 1462 996 1948
f 1908 996 1462
f 1914 1908 1462
f 1908 1456 996
f 1908 147 1456
f 288 1150 1914
f 1150 1908 1914
f 1150 1865 1908
f 1920 1571 1444
f 1908 1444 147
f 1865 1444 1908
f 1865 1920 1444
f 1444 1458 147
f 1571 1458 1444
f 1494 194 1865
f 1494 1865 1150
f 1494 1150 1831
f 1835 1494 1831
f 194 1698 1920
f 194 1920 1865
f 1698 1571 1920
f 1627 1494 1835
f 1627 1678 1494
f 558 1698 194
f 558 1270 1698
f 1678 194 1494
f 1678 558 194
f 18 1270 558
f 1402 1678 1627
f 1402 75 1678
f 1936 18 558
f 23 18 1936
f 23 1633 18
f 1936 558 1678
f 75 1936 1678
f 75 23 1936
f 18 91 1270
f 747 15 1867
f 747 48 15
f 1780 48 747
f 1939 42 1780
f 1780 1875 48
f 42 1875 1780
f 1451 1019 1939
f 1939 1019 42
f 1451 1255 1019
f 1019 1255 42
f 1255 1254 42
f 1255 1768 1254
f 1276 742 1451
f 714 157 698
f 714 928 157
f 714 1705 928
f 1705 840 928
f 698 157 742
f 157 1067 742
f 928 1067 157
f 928 690 1067
f 1067 1094 742
f 1067 233 1094
f 233 1067 690
f 742 1094 1451
f 1574 233 690
f 233 1574 1094
f 1574 793 1094
f 690 928 840
f 1451 894 1255
f 1094 894 1451
f 1094 703 894
f 793 703 1094
f 802 1574 690
f 703 1574 802
f 703 793 1574
f 802 690 840
f 703 759 894
f 814 703 802
f 703 814 759
f 814 317 759
f 802 840 302
f 894 1768 1255
f 759 992 894
f 317 992 759
f 317 155 992
f 432 814 802
f 155 814 432
f 155 317 814
f 1238 802 302
f 802 1238 432
f 894 646 1768
f 992 646 894
f 155 917 992
f 313 432 137
f 313 155 432
f 155 313 917
f 1238 302 1420
f 1238 137 432
f 1443 1175 1705
f 1175 1194 1705
f 840 1705 1194
f 1175 719 1194
f 1957 719 1175
f 840 1194 302
f 1957 713 719
f 1194 1420 302
f 1967 1175 1443
f 1967 1957 1175
f 636 1708 1967
f 636 1215 1708
f 1967 1708 1957
f 1215 1388 1708
f 1388 524 1708
f 1708 713 1957
f 1702 1335 27
f 1682 27 1335
f 27 1682 867
f 1775 1335 717
f 717 1335 1702
f 1775 1307 1335
f 1775 356 1307
f 1775 1961 356
f 1775 246 1961
f 1556 246 1775
f 1335 1307 1682
f 356 1682 1307
f 356 1635 1682
f 1961 1635 356
f 246 349 1961
f 1961 349 1635
f 93 246 1556
f 1763 1937 93
f 1116 701 636
f 614 701 1116
f 259 230 614
f 614 1142 701
f 230 1142 614
f 701 1215 636
f 701 1142 1215
f 230 865 1142
f 1142 1080 1215
f 865 1080 1142
f 1080 1388 1215
f 1080 810 1388
f 865 810 1080
f 1388 810 1013
f 1388 1013 524
f 810 543 1013
f 1395 906 1917
f 1917 230 259
f 1917 906 230
f 867 1395 1806
f 867 1806 27
f 1395 1930 906
f 1395 867 1930
f 906 865 230
f 906 1930 865
f 1682 621 867
f 867 1978 1930
f 867 621 1978
f 1930 1978 865
f 865 543 810
f 1978 543 865
f 621 830 1978
f 621 1460 830
f 1460 621 1682
f 1978 830 543
f 1682 1635 1460
f 15 1861 61
f 48 1861 15
f 48 1164 1861
f 42 1254 1875
f 1875 1164 48
f 1875 1517 1164
f 51 1517 1875
f 1254 51 1875
f 1768 1979 1254
f 1254 1739 51
f 1979 1739 1254
f 1979 900 1739
f 917 646 992
f 917 559 646
f 287 313 137
f 313 559 917
f 313 287 559
f 287 562 559
f 1393 1238 1420
f 137 1238 1393
f 646 462 1768
f 646 845 462
f 559 845 646
f 562 845 559
f 562 188 845
f 1524 287 137
f 188 287 1524
f 188 562 287
f 1393 1420 1634
f 1524 137 1393
f 462 1979 1768
f 845 860 462
f 188 1482 845
f 446 1524 669
f 446 188 1524
f 188 446 1482
f 446 180 1482
f 446 363 180
f 947 1393 1634
f 757 1393 947
f 757 1524 1393
f 669 1524 757
f 462 860 1979
f 845 1288 860
f 1482 1288 845
f 1482 1247 1288
f 180 1247 1482
f 1111 446 669
f 569 446 1111
f 569 363 446
f 363 1247 180
f 363 569 1247
f 757 947 1941
f 1111 669 757
f 1634 1941 947
f 860 143 1979
f 860 1288 143
f 1247 258 1288
f 1247 1143 258
f 376 1111 1212
f 376 569 1111
f 569 1143 1247
f 569 376 1143
f 376 107 1143
f 125 757 1941
f 1212 757 125
f 1212 1111 757
f 1941 1802 125
f 143 12 1979
f 1288 258 143
f 107 258 1143
f 107 177 258
f 1300 376 1212
f 778 376 1300
f 778 107 376
f 107 778 177
f 661 125 134
f 661 1212 125
f 1300 1212 661
f 1802 134 125
f 12 900 1979
f 143 697 12
f 258 697 143
f 177 366 258
f 234 1300 513
f 234 778 1300
f 778 366 177
f 778 234 366
f 234 1778 366
f 234 132 1778
f 661 134 454
f 513 1300 661
f 33 134 1802
f 134 33 454
f 12 505 900
f 697 505 12
f 258 505 697
f 258 200 505
f 366 200 258
f 1778 200 366
f 1778 720 200
f 1921 234 513
f 692 234 1921
f 692 132 234
f 132 720 1778
f 132 692 720
f 1572 661 454
f 241 661 1572
f 1921 661 241
f 1921 513 661
f 33 1572 454
f 1194 767 1420
f 719 767 1194
f 719 1478 767
f 713 1478 719
f 767 1634 1420
f 1478 41 767
f 767 1941 1634
f 1478 1991 41
f 1991 1454 41
f 767 1802 1941
f 41 1802 767
f 41 448 1802
f 448 33 1802
f 448 41 1454
f 1708 1090 713
f 1708 856 1090
f 524 856 1708
f 713 1090 1478
f 1090 1991 1478
f 1090 856 45
f 1090 45 1991
f 856 1590 45
f 1720 1590 856
f 45 1454 1991
f 45 1376 1454
f 246 1436 349
f 246 1521 1436
f 349 1436 1575
f 349 1575 1635
f 1436 1521 1575
f 1521 1263 1575
f 1575 471 1635
f 1521 1876 1263
f 1575 1263 471
f 1263 1082 471
f 1876 1734 1263
f 1263 1734 532
f 1263 532 1082
f 93 1876 246
f 246 1876 1521
f 93 20 1876
f 1876 20 1734
f 20 1578 1734
f 1937 20 93
f 1937 711 20
f 1937 1299 711
f 1013 1244 524
f 543 1244 1013
f 524 1244 856
f 1244 1546 856
f 1546 1720 856
f 1546 880 1720
f 880 1590 1720
f 880 1748 1590
f 1635 1679 1460
f 543 1644 1244
f 830 1644 543
f 1679 1149 1460
f 830 1643 1644
f 830 1149 1643
f 1460 1149 830
f 1644 1546 1244
f 1644 1643 1546
f 1643 880 1546
f 1679 1004 1149
f 1679 471 1004
f 1643 1140 880
f 1149 1140 1643
f 1149 1004 1140
f 1140 1748 880
f 1004 729 1140
f 1140 884 1748
f 1140 1935 884
f 471 1564 1004
f 729 1935 1140
f 1004 1564 729
f 1748 884 1590
f 729 1527 1935
f 471 1679 1635
f 471 1082 1564
f 1861 1600 61
f 1164 1481 1861
f 1861 1481 1600
f 1164 1703 1481
f 1481 372 1600
f 1481 681 372
f 1703 179 1481
f 179 681 1481
f 1517 1703 1164
f 1517 1951 1703
f 51 1951 1517
f 1951 1346 1703
f 1703 1346 179
f 1849 1346 1951
f 51 63 1951
f 1739 63 51
f 1739 1036 63
f 900 1036 1739
f 900 488 1036
f 1036 1380 63
f 1515 1380 1036
f 1515 1347 1380
f 63 1849 1951
f 63 1380 1849
f 505 1168 900
f 200 1168 505
f 720 780 200
f 303 1921 579
f 303 692 1921
f 692 780 720
f 692 303 780
f 241 1572 816
f 579 1921 241
f 816 1572 33
f 33 430 816
f 1168 488 900
f 1168 552 488
f 200 552 1168
f 200 610 552
f 780 610 200
f 780 144 610
f 1113 303 579
f 455 241 816
f 455 579 241
f 430 455 816
f 552 1594 488
f 610 1594 552
f 1541 455 730
f 1541 579 455
f 579 1541 1113
f 430 730 455
f 610 156 1594
f 610 1118 156
f 238 1541 730
f 430 1132 730
f 1594 1036 488
f 1594 156 1036
f 436 1541 238
f 1132 238 730
f 156 1515 1036
f 380 436 238
f 380 238 1132
f 1576 380 1132
f 1576 875 380
f 303 359 780
f 359 144 780
f 144 303 1113
f 144 359 303
f 144 174 610
f 1043 1113 1541
f 1043 144 1113
f 144 1043 174
f 174 1118 610
f 210 1043 1541
f 1043 1118 174
f 1043 210 1118
f 210 148 1118
f 1118 1515 156
f 148 249 1118
f 436 210 1541
f 249 210 436
f 249 148 210
f 1118 206 1515
f 249 206 1118
f 145 249 436
f 249 145 206
f 145 450 206
f 1515 1109 1347
f 206 1109 1515
f 206 732 1109
f 450 732 206
f 975 145 436
f 789 145 975
f 789 450 145
f 450 789 732
f 975 436 380
f 732 250 1109
f 652 789 975
f 789 250 732
f 789 652 250
f 652 482 250
f 875 975 380
f 1376 448 1454
f 448 430 33
f 448 1560 430
f 1376 1100 448
f 1560 1132 430
f 1560 448 1100
f 1576 1132 1560
f 1100 1989 1560
f 306 1989 1100
f 1989 1576 1560
f 306 1027 1989
f 45 1926 1376
f 1590 1926 45
f 1590 1692 1926
f 884 1692 1590
f 1926 1100 1376
f 1926 306 1100
f 1692 1281 1926
f 1692 1186 1281
f 1926 1281 306
f 1186 32 1281
f 1281 1593 306
f 1281 1442 1593
f 32 1442 1281
f 1593 1027 306
f 268 1442 32
f 268 777 1442
f 1734 1578 415
f 1734 1934 532
f 1734 415 1934
f 1285 1934 415
f 20 1173 1578
f 711 64 20
f 1578 1173 415
f 20 1616 1173
f 20 64 1616
f 1616 1468 1173
f 415 1468 1285
f 1468 415 1173
f 711 17 64
f 711 1975 17
f 1616 842 1468
f 64 842 1616
f 64 17 842
f 1485 1285 1468
f 1975 617 17
f 617 842 17
f 842 1485 1468
f 842 1326 161
f 617 1326 842
f 617 1374 1326
f 1299 1975 711
f 761 1674 1299
f 868 1975 1299
f 868 617 1975
f 1299 1674 868
f 884 473 1692
f 1935 473 884
f 1935 1527 473
f 729 1612 1527
f 1564 1612 729
f 1564 1083 1612
f 1527 1767 473
f 1527 1612 1767
f 473 1186 1692
f 1767 1186 473
f 1612 1041 1767
f 1083 1041 1612
f 1083 336 1041
f 1767 400 1186
f 1041 400 1767
f 1041 927 400
f 336 927 1041
f 1186 400 32
f 400 268 32
f 927 268 400
f 986 268 927
f 986 777 268
f 1082 1083 1564
f 532 602 1082
f 1082 602 1083
f 602 336 1083
f 1203 532 1934
f 1285 1203 1934
f 602 535 336
f 1203 602 532
f 336 535 927
f 1285 1559 1203
f 602 1747 535
f 1203 1747 602
f 535 986 927
f 1285 1470 1559
f 1203 1506 1747
f 1559 1506 1203
f 535 254 986
f 1747 254 535
f 986 254 777
f 1559 581 1506
f 1559 1470 581
f 1747 897 254
f 1506 897 1747
f 254 282 777
f 254 897 282
f 1470 1463 581
f 1506 1895 897
f 581 1895 1506
f 1485 1470 1285
f 161 1485 842
f 1485 1463 1470
f 1485 395 1463
f 161 395 1485
f 681 1733 372
f 681 1815 1733
f 179 1815 681
f 1815 1650 1733
f 1815 1807 1650
f 1490 1807 1815
f 1807 1943 1650
f 1650 1943 1402
f 1346 1355 179
f 1849 1355 1346
f 179 1355 1815
f 1355 1490 1815
f 141 1490 1355
f 141 1846 1490
f 1490 1846 1807
f 1807 1017 1943
f 1846 1017 1807
f 1380 1889 1849
f 1347 1984 1380
f 1849 1889 1355
f 1984 1889 1380
f 1984 4 1889
f 1889 141 1355
f 4 141 1889
f 4 1555 141
f 141 274 1846
f 1555 274 141
f 1555 1447 274
f 1050 1011 274
f 250 1347 1109
f 482 461 250
f 128 482 652
f 482 128 461
f 128 1169 461
f 975 875 652
f 875 128 652
f 875 1493 128
f 250 1984 1347
f 250 461 1984
f 461 1169 1984
f 1493 1169 128
f 875 515 1493
f 1169 1195 1984
f 1195 4 1984
f 1195 1169 1493
f 1493 1224 1195
f 515 1224 1493
f 1195 685 4
f 456 685 1195
f 521 685 456
f 456 1195 1224
f 1224 521 456
f 1224 902 521
f 521 1130 685
f 685 1130 4
f 1130 1555 4
f 521 553 1130
f 553 1555 1130
f 1167 931 1555
f 553 1167 1555
f 1114 1167 553
f 1114 931 1167
f 902 553 521
f 931 1447 1555
f 687 931 1114
f 687 1447 931
f 902 1114 553
f 902 1902 1114
f 1902 687 1114
f 687 1092 1447
f 1447 1050 274
f 899 1606 1050
f 1606 1011 1050
f 1092 1050 1447
f 1092 899 1050
f 1989 1027 1576
f 1027 850 1576
f 1576 850 515
f 1027 1801 850
f 1576 515 875
f 515 172 1224
f 850 293 515
f 293 172 515
f 1801 293 850
f 1500 293 1801
f 172 902 1224
f 293 1445 172
f 331 1445 293
f 1500 331 293
f 172 1324 902
f 1445 573 172
f 573 1324 172
f 331 573 1445
f 1324 1902 902
f 777 1233 1442
f 1593 1210 1027
f 1442 1210 1593
f 1210 1801 1027
f 1442 721 1210
f 1233 721 1442
f 1210 1500 1801
f 721 1500 1210
f 451 721 1233
f 451 1025 721
f 1199 1025 451
f 721 115 1500
f 721 1970 115
f 1025 1970 721
f 1500 115 331
f 1025 1834 1970
f 1970 1686 115
f 1970 312 1686
f 1970 1834 312
f 331 1686 573
f 115 1686 331
f 1834 1289 312
f 617 67 1374
f 868 67 617
f 67 868 1674
f 761 1332 1674
f 1694 67 1674
f 1332 1694 1674
f 1332 1334 1694
f 777 282 1233
f 897 654 282
f 1895 654 897
f 1895 977 654
f 581 977 1895
f 282 451 1233
f 654 451 282
f 654 977 451
f 581 1038 977
f 1463 1038 581
f 977 1199 451
f 1038 1199 977
f 1463 784 1038
f 1199 419 1025
f 1038 419 1199
f 784 419 1038
f 784 101 419
f 101 557 419
f 419 1834 1025
f 557 1834 419
f 161 858 395
f 1326 858 161
f 395 1250 1463
f 858 1250 395
f 1326 1374 858
f 858 909 1250
f 858 1075 909
f 1374 1075 858
f 1374 229 1075
f 1250 784 1463
f 1250 101 784
f 1250 909 101
f 909 557 101
f 1075 269 1562
f 229 269 1075
f 229 722 269
f 909 1075 1562
f 557 770 1834
f 909 770 557
f 1562 770 909
f 1834 770 1289
f 1562 1091 770
f 269 1091 1562
f 269 631 1091
f 722 631 269
f 1091 1289 770
f 1091 1825 1289
f 1091 1159 1825
f 1091 631 1159
f 631 256 1159
f 722 256 631
f 229 1374 67
f 1694 1659 67
f 67 1659 229
f 1334 1537 1694
f 1659 722 229
f 1334 773 1537
f 1659 1425 722
f 1694 1425 1659
f 1694 1537 1425
f 1537 1371 1425
f 1425 256 722
f 1425 853 256
f 1425 961 853
f 1371 961 1425
f 1537 1583 1371
f 773 1583 1537
f 90 899 1092
f 1902 1092 687
f 1902 90 1092
f 1902 1324 19
f 573 1724 1324
f 19 1998 1902
f 19 1324 1724
f 1373 1902 1998
f 1724 36 19
f 36 1998 19
f 36 1550 1998
f 1998 1550 1373
f 90 1606 899
f 90 950 1606
f 1902 1373 90
f 950 90 878
f 1533 878 90
f 1373 1533 90
f 1071 1533 1373
f 1550 1071 1373
f 1533 1691 878
f 1686 910 573
f 910 1724 573
f 312 910 1686
f 312 1289 910
f 1289 1825 910
f 1159 1710 1825
f 910 36 1724
f 910 1418 36
f 1825 1418 910
f 1825 1710 1418
f 36 993 1550
f 1418 993 36
f 1710 993 1418
f 1710 1273 993
f 314 1273 1710
f 314 1040 1273
f 1040 442 1273
f 442 1931 1273
f 1325 442 1040
f 993 1071 1550
f 1071 1691 1533
f 1273 1691 1071
f 993 1273 1071
f 1273 1931 1691
f 1159 256 1710
f 256 314 1710
f 256 853 314
f 961 142 644
f 1371 142 961
f 1583 142 1371
f 961 314 853
f 314 644 1040
f 644 314 961
f 644 1325 1040
f 142 1325 644
f 1583 1325 142
f 1583 442 1325
f 1664 80 1820
f 1731 80 1664
f 1731 1901 80
f 1623 1901 1731
f 624 1901 1623
f 1993 1491 624
f 1993 1495 1491
f 1523 624 1623
f 1832 624 1523
f 1832 1993 624
f 1495 30 1491
f 310 30 1495
f 310 1495 1993
f 951 1993 1353
f 1353 1993 1832
f 310 266 30
f 951 310 1993
f 1237 1268 1608
f 1608 266 310
f 1949 1237 1608
f 94 1608 310
f 94 310 951
f 1180 1608 94
f 1180 1949 1608
f 1595 1180 94
f 74 1937 1763
f 1406 1280 772
f 1487 1280 1406
f 1280 683 772
f 1280 527 683
f 683 1329 772
f 527 1534 683
f 683 979 1329
f 1534 979 683
f 979 347 1329
f 979 1784 347
f 1670 374 1487
f 934 374 1670
f 453 323 934
f 1487 350 1280
f 374 350 1487
f 934 660 374
f 934 323 660
f 350 191 1280
f 374 191 350
f 660 191 374
f 323 1370 660
f 191 527 1280
f 660 1827 191
f 660 1148 1827
f 1370 1148 660
f 191 1534 527
f 1827 1534 191
f 1827 1182 1534
f 1191 1182 1827
f 1534 1784 979
f 1182 1784 1534
f 1719 362 1237
f 943 453 383
f 574 943 1719
f 943 1051 453
f 943 574 1051
f 1783 1237 1949
f 1783 1719 1237
f 574 1719 1783
f 1783 1949 885
f 1959 574 1783
f 574 1959 1051
f 1959 487 1051
f 885 1949 1180
f 1205 1959 1783
f 1959 1205 487
f 131 1783 885
f 1205 1783 131
f 1205 1378 487
f 58 1180 1595
f 58 885 1180
f 885 58 131
f 940 1205 131
f 1378 1205 940
f 453 1051 323
f 1051 1370 323
f 1370 864 1148
f 1051 864 1370
f 1051 487 864
f 1148 1191 1827
f 1148 864 1191
f 864 1125 1191
f 487 1378 864
f 1378 1125 864
f 1731 1664 13
f 1662 1731 13
f 1662 13 1553
f 1553 13 16
f 1662 1623 1731
f 1430 1623 1662
f 1430 1523 1623
f 1626 1523 1430
f 1626 1832 1523
f 1819 1832 1626
f 423 1353 1832
f 1283 1353 423
f 1283 951 1353
f 929 1283 423
f 1819 423 1832
f 929 423 1819
f 1862 929 1819
f 1990 1283 929
f 668 1990 929
f 1673 929 1862
f 668 929 1673
f 1990 1595 94
f 1990 951 1283
f 1990 94 951
f 983 1595 1990
f 1538 983 1990
f 1663 1538 1990
f 1663 1990 668
f 74 1103 1937
f 772 1103 74
f 1329 1103 772
f 1103 1706 1937
f 1706 702 1937
f 702 1563 1937
f 1706 1518 702
f 1563 1208 1937
f 1706 260 1518
f 347 397 1329
f 1784 397 347
f 1329 1014 1103
f 1329 123 1014
f 397 123 1329
f 397 517 123
f 1784 517 397
f 1014 217 1103
f 123 217 1014
f 123 1343 217
f 517 1343 123
f 217 62 1103
f 217 1343 62
f 62 1549 1103
f 1343 1549 62
f 517 1294 1343
f 517 1272 1294
f 1103 253 1706
f 1549 253 1103
f 1343 1294 1549
f 1549 1037 253
f 1294 1037 1549
f 1182 599 1784
f 1784 739 517
f 739 237 517
f 606 901 1498
f 1378 940 1166
f 983 58 1595
f 131 58 983
f 672 940 131
f 940 587 1166
f 940 672 587
f 1538 131 983
f 672 131 1538
f 824 587 672
f 1498 672 1538
f 901 672 1498
f 901 824 672
f 1369 1538 1663
f 1498 1538 1369
f 237 1272 517
f 1272 1305 1294
f 1182 705 599
f 1191 705 1182
f 1125 705 1191
f 599 739 1784
f 705 739 599
f 1125 215 705
f 1166 215 1125
f 1166 587 215
f 705 1473 739
f 215 1473 705
f 587 824 215
f 215 367 1473
f 824 367 215
f 824 901 367
f 237 1117 1272
f 739 1117 237
f 739 404 1117
f 1473 404 739
f 1473 658 404
f 367 658 1473
f 367 606 658
f 606 367 901
f 1117 1305 1272
f 1117 1033 1305
f 404 1033 1117
f 658 354 404
f 658 1505 354
f 606 1505 658
f 354 1033 404
f 1378 1166 1125
f 1633 572 1657
f 434 1662 1553
f 1553 16 1657
f 572 1553 1657
f 52 1553 572
f 52 434 1553
f 434 1430 1662
f 1859 1430 434
f 1859 434 1942
f 1942 434 52
f 1891 1605 741
f 1891 741 1519
f 1605 1819 1626
f 1519 1430 1859
f 1519 1626 1430
f 741 1626 1519
f 1605 1626 741
f 276 1313 1781
f 1313 476 1781
f 1781 1605 1891
f 358 1781 1891
f 680 1781 358
f 680 276 1781
f 1852 358 1891
f 1741 485 1852
f 485 358 1852
f 485 680 358
f 443 680 485
f 443 276 680
f 443 1313 276
f 1838 1313 443
f 1153 1819 1605
f 1153 1862 1819
f 1161 1153 1605
f 889 1153 1161
f 1673 1153 889
f 1673 1862 1153
f 1864 1673 889
f 476 889 1161
f 1864 889 476
f 1781 1161 1605
f 1781 476 1161
f 1313 1864 476
f 1838 1864 1313
f 38 1663 668
f 1369 1663 38
f 38 668 1673
f 1696 1673 1864
f 1696 38 1673
f 1422 38 1696
f 1601 1422 1696
f 519 1864 1838
f 519 1696 1864
f 1601 1696 519
f 1937 718 803
f 1208 718 1937
f 1937 803 1299
f 803 761 1299
f 803 1047 761
f 718 373 803
f 1208 1234 718
f 373 1047 803
f 718 1234 373
f 1518 1483 702
f 28 1483 1518
f 28 1766 1483
f 1563 1234 1208
f 702 403 1563
f 1483 403 702
f 1483 1730 403
f 1766 1730 1483
f 862 1730 1766
f 1563 403 1234
f 1706 231 260
f 253 231 1706
f 1037 231 253
f 1294 1900 1037
f 231 1162 260
f 57 1162 231
f 1037 57 231
f 1900 57 1037
f 28 1518 260
f 1162 28 260
f 1900 788 57
f 1162 467 28
f 57 467 1162
f 788 467 57
f 788 942 467
f 467 1766 28
f 942 1766 467
f 1512 1498 1369
f 1512 606 1498
f 1505 606 1512
f 1505 1512 1345
f 1422 1369 38
f 601 1369 1422
f 601 1512 1369
f 1174 1512 601
f 1174 1345 1512
f 601 1422 1391
f 601 491 1174
f 1391 1422 1601
f 601 1391 301
f 301 491 601
f 491 1499 876
f 491 301 1499
f 1305 1900 1294
f 1305 949 1900
f 1900 1000 788
f 949 1000 1900
f 1000 942 788
f 1000 399 942
f 949 399 1000
f 949 489 399
f 399 1028 942
f 489 1028 399
f 942 862 1766
f 942 727 862
f 1028 727 942
f 489 371 1028
f 727 1986 862
f 1028 1558 727
f 1558 1028 371
f 354 791 1033
f 1033 949 1305
f 1033 224 949
f 354 1345 791
f 1505 1345 354
f 791 224 1033
f 791 944 224
f 1345 944 791
f 224 1479 706
f 944 1479 224
f 944 1345 1174
f 224 706 949
f 1479 944 1174
f 706 489 949
f 706 1502 489
f 1479 1502 706
f 1479 491 1502
f 491 1479 1174
f 1502 371 489
f 1502 876 371
f 491 876 1502
f 876 222 371
f 876 1499 222
f 1943 75 1402
f 1943 1869 75
f 1189 1633 23
f 1869 1189 23
f 1869 23 75
f 52 572 1633
f 1017 1869 1943
f 1017 1772 1869
f 1772 1189 1869
f 1772 1996 1189
f 89 1996 1772
f 1189 52 1633
f 1189 1942 52
f 1996 1942 1189
f 89 1942 1996
f 89 1859 1942
f 1846 1964 1017
f 1964 1772 1017
f 274 1964 1846
f 274 1011 1964
f 1011 1124 1964
f 1124 218 1964
f 1641 1330 549
f 1360 1641 549
f 1360 549 89
f 1964 89 1772
f 1964 1360 89
f 218 1360 1964
f 218 1039 1360
f 1330 1519 1859
f 1330 1891 1519
f 1330 1859 89
f 549 1330 89
f 696 1449 932
f 278 836 410
f 836 1449 410
f 836 295 1449
f 295 932 1449
f 507 932 295
f 507 696 932
f 1449 963 114
f 410 550 278
f 410 114 550
f 1449 114 410
f 492 278 550
f 916 836 278
f 199 836 916
f 199 295 836
f 199 507 295
f 1011 186 1124
f 963 218 1124
f 186 114 1124
f 114 186 550
f 114 963 1124
f 1606 1557 1011
f 1557 502 1011
f 502 186 1011
f 492 186 502
f 550 186 492
f 223 492 502
f 223 278 492
f 1557 846 502
f 846 223 502
f 223 916 278
f 378 199 916
f 407 199 378
f 1202 494 117
f 494 149 117
f 494 486 149
f 486 324 149
f 117 149 170
f 477 1122 1202
f 1358 1202 1122
f 1358 494 1202
f 251 494 1358
f 251 486 494
f 1641 170 1330
f 117 1641 1202
f 1641 117 170
f 843 477 1641
f 477 1202 1641
f 411 716 843
f 504 843 716
f 504 477 843
f 247 477 504
f 247 1122 477
f 247 1358 1122
f 122 504 716
f 122 247 504
f 251 1358 247
f 807 1360 1039
f 807 1641 1360
f 1641 807 843
f 746 1428 833
f 1428 807 575
f 1428 411 807
f 411 1428 746
f 843 807 411
f 696 892 1428
f 892 833 1428
f 1155 833 892
f 1155 746 833
f 1155 411 746
f 879 411 1155
f 879 716 411
f 879 122 716
f 642 247 122
f 173 247 642
f 173 251 247
f 586 807 1039
f 575 807 586
f 1428 1449 696
f 1428 575 1449
f 257 696 507
f 257 892 696
f 257 1155 892
f 712 879 1155
f 642 879 712
f 642 122 879
f 771 173 642
f 771 7 173
f 7 1107 173
f 963 586 218
f 586 1039 218
f 575 963 1449
f 575 586 963
f 257 507 199
f 945 257 973
f 945 1155 257
f 712 1155 945
f 771 642 712
f 945 634 712
f 634 771 712
f 634 7 771
f 407 257 199
f 973 257 407
f 973 634 945
f 195 1852 1891
f 1069 1741 195
f 1741 1852 195
f 1069 243 1741
f 957 1741 243
f 957 485 1741
f 957 443 485
f 170 195 1330
f 195 1891 1330
f 149 324 170
f 324 195 170
f 324 1069 195
f 1022 324 486
f 1932 324 1022
f 1932 1069 324
f 1932 243 1069
f 957 243 1932
f 1053 443 957
f 1053 1838 443
f 1022 486 251
f 638 957 1932
f 1053 957 638
f 1962 1022 251
f 1962 1932 1022
f 638 1932 1962
f 1962 251 173
f 1107 1962 173
f 634 1630 7
f 1630 563 7
f 37 519 1838
f 37 1838 1053
f 563 1053 638
f 563 37 1053
f 563 638 1962
f 1290 1619 37
f 1290 1596 1619
f 7 563 1107
f 563 1962 1107
f 1886 37 563
f 1290 37 1886
f 1944 1290 1886
f 1630 1886 563
f 92 1886 1630
f 92 1944 1886
f 1302 1601 519
f 1619 519 37
f 1302 519 1619
f 1234 283 373
f 1047 1332 761
f 373 1791 1047
f 283 1791 373
f 1234 1871 283
f 1047 1791 1332
f 1791 1334 1332
f 1234 403 1871
f 506 1529 530
f 1104 1529 506
f 204 1160 1971
f 1971 1302 1596
f 709 204 1971
f 470 709 1971
f 709 470 1997
f 240 1596 1290
f 240 1971 1596
f 402 470 240
f 470 1971 240
f 402 497 708
f 240 1290 1944
f 1637 402 240
f 402 1637 497
f 1637 1529 85
f 1860 240 1944
f 530 1637 1860
f 1637 240 1860
f 1529 1637 530
f 1160 1391 1302
f 1160 301 1391
f 1499 301 1160
f 1302 1391 1601
f 1499 204 222
f 1499 1160 204
f 1971 1160 1302
f 1596 1302 1619
f 1871 1341 283
f 1791 1248 1334
f 1791 1438 1248
f 283 1438 1791
f 1341 1438 283
f 1248 773 1334
f 1438 967 1248
f 1438 1377 967
f 1341 1377 1438
f 1341 667 1377
f 773 1031 1583
f 1248 1031 773
f 1248 967 1031
f 1730 81 403
f 1730 429 81
f 403 1062 1871
f 81 1062 403
f 1871 1712 1341
f 1062 1712 1871
f 81 298 1062
f 429 298 81
f 429 863 298
f 298 863 1006
f 863 85 1006
f 1712 1267 1341
f 1062 1267 1712
f 1062 817 1267
f 298 817 1062
f 298 1006 817
f 1006 1104 817
f 1104 85 1529
f 85 1104 1006
f 1267 667 1341
f 1267 1646 667
f 817 1646 1267
f 817 1830 1646
f 817 506 1830
f 1104 506 817
f 862 694 1730
f 862 1986 694
f 371 857 1558
f 222 857 371
f 727 831 1986
f 831 727 1558
f 694 429 1730
f 1986 346 694
f 1558 1492 831
f 857 1492 1558
f 857 222 204
f 831 346 1986
f 831 463 346
f 1492 463 831
f 1492 204 709
f 1492 857 204
f 694 346 715
f 463 715 346
f 463 1997 715
f 1997 463 709
f 1492 709 463
f 694 863 429
f 694 715 863
f 715 708 863
f 708 470 402
f 708 1997 470
f 1997 708 715
f 85 497 1637
f 708 85 863
f 708 497 85
f 378 916 223
f 846 378 223
f 846 1557 1606
f 378 364 407
f 1606 950 846
f 950 378 846
f 950 364 378
f 1878 364 950
f 878 1582 950
f 1582 1030 950
f 1030 1878 950
f 406 1030 1582
f 1030 1764 1878
f 1691 1582 878
f 364 973 407
f 364 634 973
f 364 1630 634
f 1516 1630 364
f 1516 1423 1630
f 1423 92 1630
f 1878 1516 364
f 1764 1423 1516
f 1764 1516 1878
f 1954 794 1647
f 406 1647 1764
f 1931 1484 406
f 1484 1647 406
f 1484 1954 1647
f 442 1016 1931
f 1016 1484 1931
f 1016 1688 1484
f 1691 406 1582
f 406 1764 1030
f 1931 406 1691
f 315 1830 530
f 1830 506 530
f 1857 92 1423
f 1857 1860 92
f 1857 530 1860
f 1647 530 1857
f 315 530 1647
f 794 315 1647
f 1764 1857 1423
f 1647 1857 1764
f 1860 1944 92
f 967 1688 1031
f 967 1421 1688
f 1377 1421 967
f 1377 168 1421
f 667 168 1377
f 667 794 168
f 442 1722 1016
f 1031 442 1583
f 1031 1722 442
f 1722 1688 1016
f 1688 1722 1031
f 1688 1421 1484
f 1421 1954 1484
f 1421 168 1954
f 168 794 1954
f 794 1646 315
f 1646 794 667
f 1646 1830 315

