# https://github.com/mikedh/trimesh
v 0.11205597 -0.01261370 0.85326385
v -0.38557535 0.26097620 -0.14743714
v 0.05164132 0.25928637 0.28277564
v -0.15593474 -0.27357477 0.13412498
v 0.06978618 -0.24318463 -0.63404113
v 0.30850476 0.27082086 -0.20440833
v -0.18911195 -0.24329950 -0.63567901
v -0.16988206 -0.27804670 0.34143493
v 0.46619287 -0.22654943 0.63980234
v 0.41137782 -0.24104558 -0.44395179
v 0.28846943 -0.27047026 0.44423452
v -0.46351680 0.13669966 0.44672376
v 0.30735290 -0.10826191 0.84615499
v -0.12876046 -0.23263694 -0.78629625
v -0.15430199 -0.23256004 -0.78622401
v -0.02613071 0.25110638 0.51772404
v -0.43695495 -0.23786457 -0.45922157
v -0.00673438 -0.28179136 0.49758273
v -0.45250601 0.24771000 -0.34847400
v 0.02419650 0.27927032 -0.42777887
v 0.06580163 0.24704897 0.64123446
v 0.45560214 -0.17606494 -0.71461815
v 0.16702859 0.27840313 -0.37936136
v -0.46267903 0.21782942 0.22847748
v -0.44413796 -0.15837936 0.76692545
v -0.43393949 0.23810412 0.62282997
v 0.07567914 -0.27424097 0.24131000
v -0.46582818 -0.02745014 0.24100026
v -0.26510999 0.24484766 0.58727956
v -0.44341069 -0.24617177 0.06045210
v 0.38896343 0.25916564 0.12258053
v 0.13368578 -0.24597302 -0.57155693
v 0.28012314 0.27621174 -0.36986682
v 0.32309198 0.08469055 0.84934193
v 0.09274980 0.22882400 0.82381201
v 0.46710154 -0.16210388 0.74282742
v 0.22422168 -0.28124553 0.74432886
v 0.25162014 0.02376937 -0.85267305
v 0.45695823 -0.00091397 -0.72460204
v 0.00424944 0.24849133 0.60070121
v 0.10539536 0.09042729 -0.85189909
v 0.46980208 -0.07388630 0.64823240
v 0.46139720 -0.03698810 -0.39126202
v 0.41051757 0.24644190 0.54812217
v -0.02835479 0.16047482 0.84632522
v -0.00059686 0.03390009 0.85445911
v -0.41842699 0.24757108 0.29058078
v -0.19029760 0.28200707 -0.78544724
v 0.00266774 -0.04384146 -0.85060030
v 0.28072509 0.28201741 -0.68310165
v 0.45577690 0.22572128 -0.53590786
v 0.46414307 -0.04902629 -0.05884308
v 0.45784131 0.08877860 -0.66469538
v 0.30176258 0.27346379 -0.29542443
v 0.39427820 -0.23288526 -0.66597253
v -0.28202203 -0.26574308 0.02599345
v -0.01974366 -0.25518557 -0.42761460
v 0.41649500 0.12768500 -0.83973098
v 0.11855508 -0.22646555 0.83577549
v 0.46800464 -0.08103384 0.41582936
v -0.46718401 0.22596416 -0.51040643
v 0.26622412 -0.27552155 0.59340835
v 0.08477198 0.20995164 0.83318520
v -0.46988201 0.04058113 -0.08105670
v -0.38397312 0.26357755 -0.24645469
v 0.30694464 0.24879077 0.58064252
v 0.41628408 0.27280650 -0.51125419
v 0.32914093 -0.26092324 0.16303696
v -0.27569142 -0.27521768 0.40316403
v -0.46235529 0.22965926 -0.70647973
v 0.45829391 0.21019988 0.00248954
v -0.45092076 0.01735924 -0.82558292
v -0.44341609 0.24193421 0.40126953
v 0.46629998 -0.06123752 0.20534474
v 0.15160699 -0.28055674 0.59692186
v -0.45384645 -0.20818900 0.58932358
v 0.41114828 -0.24332546 -0.34683853
v -0.03808972 -0.11881718 0.85014135
v -0.37915841 -0.20960034 0.83592796
v 0.07357208 0.26861843 -0.03088869
v -0.11205265 -0.02255986 -0.85079575
v 0.20671126 0.27534693 -0.27522954
v -0.40678489 -0.24325287 -0.45701581
v 0.45776728 0.14873520 -0.57994407
v -0.11561309 0.05477789 -0.85150743
v -0.36846456 -0.23603766 -0.70479488
v 0.46262485 -0.04939723 -0.23258030
v 0.39315838 -0.26682314 0.67631054
v 0.06230884 -0.25071973 -0.49792230
v 0.45241091 -0.09527052 -0.74735653
v 0.28217709 0.25299653 0.46444204
v 0.41471136 -0.23855790 -0.52690071
v -0.46041825 -0.19463082 -0.61276138
v -0.38819346 0.26470163 -0.34811828
v -0.46833515 -0.02594568 -0.76252210
v 0.05895178 -0.27159145 0.12940069
v 0.14391877 0.26358765 -0.81624371
v 0.27195385 0.24171452 0.77210504
v -0.46854651 0.05208006 0.06179733
v -0.46000445 -0.19328272 -0.68146962
v 0.36870873 -0.24724458 -0.28735697
v 0.46654597 0.06162165 0.39954659
v 0.16709217 -0.23292331 -0.78613496
v 0.39098468 -0.26827824 0.72979796
v -0.08571967 0.28135410 -0.59136951
v 0.10796215 -0.27597776 0.35124037
v -0.47191831 0.04828262 -0.51109922
v 0.29413801 -0.26841569 0.37526694
v -0.46732169 0.21128668 -0.38267240
v -0.11382467 -0.20891690 -0.82175761
v 0.45629272 0.07165318 -0.72973984
v 0.46203509 0.12241470 -0.05888351
v -0.36896801 -0.26228195 0.14214179
v -0.46441671 -0.09760880 0.17432339
v -0.13748230 0.26640341 -0.08561686
v -0.11811408 0.26982448 -0.19303359
v -0.39372611 0.23782545 0.69664609
v 0.46574464 -0.05773772 0.13720636
v 0.45921212 -0.00548867 -0.63359225
v 0.39536369 0.27651545 -0.63974029
v 0.41649637 0.17782040 0.83518970
v 0.19824786 0.25005835 0.57713568
v -0.11400579 0.07598532 0.85413295
v 0.46949413 -0.06024148 0.74613160
v -0.40690219 -0.25138855 -0.15162028
v 0.45383757 0.20713188 0.52883869
v -0.03968245 0.25672305 0.33229285
v 0.46123701 0.12846015 -0.14965557
v 0.09172586 0.28350565 -0.60680181
v -0.46307021 0.23655096 -0.09287822
v 0.46518886 -0.05455387 0.06893890
v 0.37992907 0.11418048 0.84735477
v -0.05597567 -0.26618168 -0.12650526
v 0.35701177 0.27807146 -0.74025488
v -0.27208251 -0.28041002 0.73051602
v 0.05823854 0.15725040 -0.84537905
v 0.23471385 0.26257268 0.16842251
v -0.13145395 -0.28374416 0.65482354
v 0.46016324 -0.02182357 -0.53391868
v -0.20739765 0.25460103 0.28263068
v 0.30243373 -0.26619232 0.30613133
v -0.33323100 -0.22588600 -0.80703998
v 0.46269670 -0.20703766 0.06876899
v -0.43609357 0.25536436 -0.39185011
v 0.41154158 -0.23779225 -0.56128281
v 0.09277298 0.23862791 0.81280130
v 0.45880890 0.13747638 -0.46657261
v 0.45041335 0.12897515 -0.76577449
v -0.16102020 -0.25917867 -0.32030395
v -0.41283664 0.25637391 -0.11833561
v -0.36357710 -0.26497608 0.23956987
v 0.10830865 -0.26667300 0.01428099
v -0.46352357 0.22323334 0.09249797
v 0.39721394 0.01519821 -0.85137510
v -0.03440582 0.28231996 -0.78584534
v 0.45236784 0.22698672 -0.67839485
v -0.14454442 0.28291079 -0.76411557
v 0.42891410 -0.26185122 0.64700371
v -0.17703095 0.28067458 -0.66077846
v 0.46288723 -0.02015104 -0.18735059
v -0.16490997 -0.27587771 0.23840000
v 0.18206899 -0.28168270 0.69672859
v -0.46578425 -0.13358088 -0.26346880
v -0.39486650 0.24891171 0.28947005
v -0.13886939 0.24248262 0.73608059
v 0.40874526 0.26709318 -0.23477738
v -0.27909568 -0.26889366 0.14642315
v -0.08518861 -0.27523312 0.18629645
v -0.47037554 -0.05850096 -0.47567019
v -0.44494668 0.24317899 0.28199530
v 0.22012104 -0.06110840 0.84994620
v 0.45725945 -0.19247013 -0.52751738
v -0.01878045 -0.28431168 0.68548208
v 0.45847577 0.21066274 0.18820389
v -0.46933240 0.04011695 -0.01367166
v 0.22768246 0.28238869 -0.62756640
v -0.16496053 -0.27032390 0.03341329
v 0.41305727 0.27176335 -0.44235963
v -0.16605902 -0.01461947 -0.85072058
v 0.08047035 0.26297319 0.16875291
v -0.46170264 0.18897463 0.54758519
v -0.16982779 -0.26627997 -0.09663840
v 0.39803305 0.17413697 0.83645928
v -0.05012461 0.11545738 0.85307795
v -0.44882846 0.05471442 0.75727850
v 0.34943637 -0.25468233 -0.04351997
v -0.36538860 0.27238014 -0.55149478
v 0.46372819 -0.04685034 -0.10995080
v -0.44984761 0.18001354 -0.80505258
v -0.03196398 0.28060502 -0.51262593
v -0.47066250 0.03098918 -0.20347153
v -0.05256592 -0.26306608 -0.22042187
v 0.46918148 -0.08053104 0.55510825
v 0.12749290 -0.26242489 -0.10826831
v -0.44223616 0.24069159 0.48647019
v -0.41576022 -0.18515283 0.83952844
v -0.38655448 0.25940570 -0.08881382
v 0.42498031 0.25482604 -0.77336240
v 0.45766130 -0.19124795 -0.49141294
v -0.27041367 -0.24767692 -0.54038560
v 0.13539685 -0.28068453 0.78728771
v 0.01503491 0.28418711 -0.68419057
v -0.46833575 0.07484268 -0.73477191
v 0.45582616 0.13320045 -0.72955346
v -0.13299495 -0.14859532 0.84803200
v -0.07746238 0.24501583 0.67984754
v 0.02465680 0.27272895 -0.81451887
v -0.23099627 -0.27250057 0.81932020
v -0.21395700 0.22926800 0.82593298
v 0.17585239 0.09579785 0.85267293
v 0.02816615 -0.28317416 0.59312987
v -0.21916492 0.24388129 0.65860105
v -0.35385719 0.27748045 -0.74084800
v -0.15358736 0.26334271 0.01171182
v 0.02395619 0.25486568 0.42030296
v -0.16206364 -0.28045902 0.45271426
v 0.13792935 -0.25834766 -0.23189203
v 0.17797440 0.27111769 -0.80877906
v -0.26906234 0.24078900 0.73286021
v -0.46174273 -0.14416039 -0.73770773
v -0.02828619 -0.27982667 0.39185673
v -0.45904088 0.06510302 0.70624775
v -0.41371691 0.11676356 -0.84661746
v -0.31047583 -0.25810045 -0.19002560
v -0.46675730 0.22133301 -0.67977005
v 0.31422225 0.26772150 -0.09545630
v -0.31679362 -0.27501178 0.50804156
v 0.21019036 0.26596069 0.05898232
v 0.45977151 -0.21341580 -0.22565120
v 0.21387443 0.26922393 -0.05849334
v -0.32506660 -0.24589153 0.82924867
v 0.45683655 -0.05727772 -0.72181708
v -0.43546700 -0.23430499 -0.58702397
v -0.34013113 -0.27439049 0.57816237
v -0.45892575 0.21126324 0.54290026
v -0.43183702 0.25027817 0.01550755
v 0.46502721 -0.21103095 0.38426805
v -0.43323332 -0.25523108 0.26582345
v -0.00936834 0.24051027 0.79137808
v 0.42821699 -0.09382530 -0.84033698
v 0.07568820 0.26581168 0.06904382
v -0.45939785 -0.21041596 -0.29735604
v 0.13219067 -0.27817747 0.47038057
v -0.08030517 0.27679715 -0.41370434
v -0.46804270 0.20568509 -0.61605710
v 0.35675085 -0.23190163 -0.75677246
v -0.05630219 -0.02914408 -0.85109848
v -0.41344410 -0.24689965 -0.29382956
v -0.09654784 0.27332237 -0.30125546
v -0.00512270 0.26859167 -0.06615229
v -0.45289299 -0.23013900 -0.14400400
v 0.08542173 0.24077573 0.79014993
v -0.30878085 0.15122183 -0.84561062
v 0.32420459 0.27811301 -0.52362347
v 0.15064098 -0.21253800 0.83934700
v -0.23041525 0.25144392 0.37732312
v 0.46080747 -0.03718984 -0.46118501
v -0.46500623 0.22621764 -0.14569244
v 0.03077929 0.27648517 -0.32391527
v -0.01476086 0.26458728 0.06987339
v 0.22754826 0.13130352 0.84877914
v 0.44082093 0.26014590 -0.34845668
v -0.47028077 0.02594437 -0.13878480
v -0.43367845 0.19344158 -0.82957685
v -0.44056329 -0.05998032 0.79704779
v 0.22037138 -0.27798581 0.78947669
v 0.06074710 0.27155602 -0.13692066
v 0.45552796 0.22291055 -0.59914434
v -0.44085276 -0.14912629 -0.81924903
v 0.46676344 0.08089817 0.51070052
v -0.29222131 -0.02272178 0.84971732
v -0.37377849 0.26774734 -0.38647354
v -0.29354820 -0.25580573 -0.30059171
v -0.17234634 0.26032567 0.10495212
v 0.46365780 0.10317271 0.11197171
v 0.02726628 -0.18321693 0.84431952
v 0.46855649 -0.08060846 0.47831297
v -0.24775252 0.24830012 0.47702727
v -0.35817081 0.26658124 -0.32359257
v -0.15132491 -0.25565603 -0.41805011
v 0.21247669 -0.24618992 -0.53464597
v -0.02203368 -0.25928393 -0.32107437
v 0.21364777 0.12175146 -0.85055119
v -0.44506627 -0.00189695 0.77668256
v 0.25787681 0.24602783 0.67381501
v 0.22722770 -0.26625854 0.17371668
v 0.37464997 -0.23564808 -0.65308517
v 0.08600768 -0.28354055 0.69367689
v -0.15698422 0.24818410 0.54962528
v -0.38521454 -0.26639006 0.48303244
v 0.46463183 -0.05151251 0.00079471
v -0.01943084 0.20942234 0.83462048
v -0.07692518 0.24739555 0.61125225
v -0.01533879 0.26065215 0.20926476
v -0.45770067 -0.12831065 0.64652151
v -0.06783195 -0.26904625 -0.04056909
v -0.23216179 0.02022629 0.85154581
v 0.44957200 -0.24326700 0.04342810
v 0.43543795 -0.23837684 -0.43369520
v -0.35869613 0.27514660 -0.64673847
v -0.45767713 -0.04222148 0.70853442
v 0.45462564 0.17105995 0.75078183
v 0.20332909 -0.08211501 -0.85039282
v -0.44383559 -0.20381534 -0.79029715
v 0.10956161 0.28381866 -0.71865940
v -0.47114444 0.02234928 -0.27303326
v -0.16284272 0.23913606 0.81327641
v 0.33172968 0.12311140 0.84730083
v 0.19516936 0.25726596 0.36968756
v -0.46104339 0.18553573 0.64093763
v 0.40914446 0.26097542 0.00344239
v 0.21206185 0.27236840 -0.17019664
v -0.45957786 -0.20966707 -0.38255334
v -0.46489602 -0.13572043 -0.14618511
v -0.29987544 -0.25148490 -0.41109052
v 0.44103721 -0.24162272 -0.26329720
v 0.12423421 0.12504745 0.85238415
v -0.29090348 0.23797436 0.80580509
v -0.46088025 -0.01854026 -0.80201375
v 0.33260384 0.27922586 -0.60105431
v -0.20651194 -0.25193462 -0.47645295
v 0.43129399 -0.11087471 0.84109157
v 0.46231493 -0.03763057 -0.28048140
v -0.44734380 -0.00864222 -0.83316821
v 0.16107072 0.12561285 -0.85066068
v -0.15066564 -0.24964994 -0.53521454
v 0.12991193 0.28111175 -0.48527217
v -0.06724068 -0.27152550 0.05028222
v -0.27361795 0.01103957 -0.85171300
v -0.25574735 -0.16925913 0.84518683
v 0.46478754 -0.20974804 0.34020072
v 0.26013845 0.25973257 -0.81434846
v 0.08332605 0.25184801 0.52599025
v -0.46615610 0.09588909 0.23775740
v 0.27984145 -0.27277619 0.51594603
v -0.46780547 0.02445310 -0.75773567
v 0.46321237 -0.20808557 0.12914957
v 0.45820475 0.20971072 -0.03472003
v 0.22323002 0.28107798 -0.53467560
v 0.35580948 -0.25144300 -0.15356629
v -0.45884752 0.00915669 0.70309049
v -0.24013019 -0.10034518 0.84976196
v 0.46482706 0.09839454 0.28856495
v 0.43590724 -0.02583695 -0.81899226
v -0.09950169 0.25253427 0.43725306
v 0.46419221 0.11680380 0.44067445
v 0.45983106 0.12583715 -0.35563287
v -0.18211886 -0.28205609 0.55986625
v -0.43032601 0.25202787 -0.07584184
v -0.41087934 -0.26284710 0.53319401
v -0.05208217 -0.23277345 -0.78666097
v 0.12323261 -0.25492492 -0.35792640
v 0.24695086 0.07353543 0.85148835
v -0.37559792 -0.23021662 0.82941818
v -0.46527076 -0.09891751 0.06070939
v -0.46800911 0.17592101 -0.69837362
v 0.43765253 -0.23904508 -0.39961186
v -0.43037778 -0.23814088 -0.53490335
v 0.46313858 -0.05555385 -0.16432309
v -0.03304585 -0.24787696 -0.56627810
v 0.45022562 0.07717235 -0.76598829
v 0.46189278 -0.03815400 -0.33148497
v 0.44179636 -0.22687328 0.81887496
v 0.15878524 0.25453493 0.45526865
v 0.28588232 0.19095357 0.83578402
v -0.31619200 0.27725199 -0.80853403
v 0.44088465 0.26037917 -0.36549652
v -0.12023447 0.13893245 -0.84766304
v 0.31517172 0.25680789 0.30772284
v -0.46348304 0.00992741 0.47015858
v -0.05771163 -0.27771890 0.29300591
v 0.04646716 0.27397370 -0.22664058
v -0.46580601 -0.10500995 -0.05069798
v -0.46218240 -0.12109834 0.31259817
v -0.25627252 -0.23841146 -0.70641237
v -0.23693392 0.28108135 -0.74473560
v 0.46879348 0.04326286 0.66166604
v 0.40959290 -0.25370020 0.13645947
v 0.42878938 -0.24872324 -0.01629668
v 0.43703678 -0.25845203 0.48863465
v 0.38252029 -0.25811279 0.81176865
v -0.40932629 0.22372843 0.79324150
v 0.31430897 0.27553251 -0.79802221
v 0.44134834 -0.00863997 0.84114414
v 0.43231755 0.26918313 -0.58701670
v 0.41852620 0.22145276 0.80351025
v 0.45020300 0.02544940 0.82723302
v 0.43440479 0.01713472 -0.82328361
v 0.44280753 0.25820231 -0.65716314
v 0.43056926 0.07657313 -0.83499354
v 0.45024967 -0.17470567 -0.74895811
v 0.11792567 -0.25302649 0.82283795
v 0.45944771 -0.21362013 -0.25479445
v 0.45743781 0.22366057 -0.13517873
v 0.45017701 -0.24377900 0.09454580
v 0.44699973 0.25181517 -0.19511345
v -0.23099224 0.27757117 -0.81670648
v 0.45019412 0.23774363 0.31607908
v -0.12874721 0.22671399 0.82846165
v -0.41597462 -0.16201547 0.84315902
v 0.46156293 -0.23717275 0.26492986
v 0.43319640 0.23652498 0.74899906
v -0.26507756 -0.26076594 0.82506335
v -0.45489237 0.24372812 -0.68926609
v -0.29915300 0.22762001 0.82630301
v -0.46505848 0.23793541 -0.38254488
v 0.21205255 0.27805912 -0.80001074
v 0.44613951 0.09365525 0.83594853
v 0.45261601 -0.23013900 -0.22920001
v -0.44887865 0.24455932 0.04343760
v -0.09466308 0.27623856 -0.81484926
v 0.00785960 0.25500959 -0.82252806
v 0.43047741 0.26991919 -0.53586602
v 0.45761877 -0.22682120 -0.17706774
v 0.44815499 0.24446300 0.09454580
v -0.43415624 -0.25146455 0.63982451
v 0.44294751 0.19661623 0.79551858
v 0.43895522 0.25658754 -0.07583375
v -0.45161223 0.22152796 0.63985312
v -0.38347292 0.05929743 0.84291792
v -0.14579999 0.22961500 0.82546997
v -0.19690210 0.27167836 -0.82278126
v -0.46476316 0.23769528 -0.33142704
v 0.43144763 -0.12792100 0.84065837
v 0.46088880 -0.22021750 -0.06735330
v 0.40889993 0.21051331 0.82459867
v 0.39948419 -0.19365838 -0.83178228
v -0.06060819 -0.22009997 -0.81903332
v 0.44815984 0.25422436 -0.48478204
v 0.44814256 0.25465453 -0.51886129
v 0.45651975 -0.24305344 0.21379979
v 0.41333842 -0.23587386 -0.59389657
v -0.31622884 0.22398074 0.83299381
v 0.43215999 0.12768500 -0.82557303
v -0.43660942 -0.25624010 0.36727273
v -0.44998384 -0.21089821 -0.73301613
v -0.45325801 -0.23013900 -0.09288580
v 0.42400649 0.26086998 -0.73188311
v 0.41283193 -0.04239469 -0.85114199
v -0.43264470 -0.23634559 -0.57001263
v -0.29942340 0.27638295 -0.81884855
v -0.17988364 -0.21995036 -0.81836998
v 0.46061099 -0.23919427 0.16265607
v 0.44576401 0.22735500 0.74203700
v 0.34688199 0.26484799 -0.80511099
v -0.44204381 -0.25078952 0.28194720
v 0.44028974 -0.24024993 -0.33144906
v 0.44980100 -0.24343801 0.06046730
v -0.43899971 -0.14355575 0.80456406
v 0.45918223 -0.21005908 -0.29904243
v -0.45235899 0.22992000 0.46940899
v 0.21202025 -0.22657867 -0.81468904
v 0.44236070 0.24357976 0.41831419
v -0.36042693 -0.27026486 0.78962046
v -0.40930781 0.17683445 0.83575708
v -0.42657349 -0.19716752 0.82971150
v -0.45064661 -0.23869032 0.11158471
v -0.45250601 0.24657901 -0.24623901
v -0.46853706 -0.09148248 -0.36389402
v -0.45844600 -0.21310000 -0.55294502
v 0.16092651 0.27863723 -0.80106682
v -0.45007181 0.24713203 -0.17807664
v 0.24616946 0.23780349 0.80772275
v 0.33134067 0.26120809 -0.80956846
v -0.44833803 0.15536340 -0.82399815
v -0.02646402 0.27409896 -0.81595421
v 0.41282395 -0.24612388 -0.21186849
v 0.41649500 0.02544940 -0.84737301
v 0.32860973 -0.27328071 0.79877931
v -0.43157920 0.25284100 -0.15249015
v 0.29721913 -0.22678915 -0.81499511
v -0.42657909 -0.19669180 -0.80860388
v -0.44411376 0.24244592 0.35015258
v -0.46458563 0.23747957 -0.29734933
v -0.00950682 -0.22468629 -0.81721866
v 0.44100797 0.02543790 0.84148550
v 0.02459290 0.22974800 0.82429701
v -0.46515620 0.23801172 -0.39958400
v -0.35029384 0.21733087 0.83729017
v 0.42723066 -0.26178327 0.61032879
v 0.44246948 0.24382924 0.40127513
v 0.44257820 0.22329763 0.77867776
v -0.44978589 -0.24018574 0.26493755
v 0.45956969 -0.23388113 0.06045613
v 0.44709495 0.25195369 -0.21215372
v 0.44268054 0.24432887 0.36719799
v 0.37246722 -0.22177085 -0.80519599
v 0.45916584 -0.24038796 0.14560252
v -0.36707136 0.25758722 -0.81706464
v -0.15578638 -0.27949917 0.78710920
v 0.34837008 -0.26066163 0.81096661
v 0.20372017 0.26168653 -0.81544632
v 0.43059173 -0.12792704 -0.83590478
v 0.45057401 -0.24951901 0.36717400
v 0.45072651 0.24695919 -0.44218671
v -0.43457291 -0.23804365 -0.50185460
v -0.41543135 0.14472418 0.82641715
v 0.45186582 -0.20435707 -0.68937403
v 0.44855493 0.23716228 0.43535337
v -0.23099600 0.22899100 0.82601303
v 0.44559169 0.25457862 -0.16100772
v -0.44914034 -0.24147707 0.36717406
v 0.45636281 -0.24401940 0.24787398
v 0.45586699 -0.20920746 -0.46776429
v 0.42888591 -0.24730380 -0.08441933
v 0.44063732 0.24018995 0.62277585
v -0.09468180 0.22964901 0.82511801
v 0.45330310 -0.23619287 -0.09291919
v 0.43692178 0.25540626 0.00936498
v -0.45560214 -0.22139199 0.25150821
v 0.45289418 -0.17902662 0.80759388
v 0.26942250 0.28121105 -0.76914090
v 0.02461314 -0.27571827 0.80780208
v 0.19501217 0.27826676 -0.80036581
v 0.45303309 0.22805248 0.34254375
v 0.44694540 -0.25013390 0.29899842
v -0.42073941 -0.20805275 -0.80040801
v 0.27080533 0.21080899 0.82929289
v -0.45837000 -0.21310000 -0.56998497
v -0.45607430 0.23617990 0.23089392
v 0.44433939 0.24373730 0.34310547
v 0.04466754 0.25463945 -0.82169205
v 0.45179799 -0.23013900 -0.26327801
v 0.44803253 0.25361744 -0.41662470
v -0.43469504 0.25882781 -0.79520220
v -0.45957717 -0.20966493 -0.39959255
v -0.40828332 0.12772375 0.83885801
v 0.32611707 0.09373552 -0.84989798
v 0.46231991 0.09347612 0.76570493
v -0.45099699 -0.22901000 -0.39959201
v -0.44363749 0.24210677 0.38423088
v -0.28219834 -0.27403381 0.81739062
v 0.45544288 -0.23932944 0.02634598
v 0.46551329 -0.22619388 0.52863199
v -0.43674421 -0.24019979 -0.41667911
v -0.45190680 0.23412757 0.41831255
v 0.44290495 0.24710196 0.21384971
v -0.46417311 0.23725799 -0.22919306
v 0.45496961 -0.22773959 -0.21217524
v -0.46428627 0.23727803 -0.24623190
v -0.44776860 0.09362447 -0.83563870
v 0.44512701 -0.20517181 -0.74088299
v 0.41488257 -0.05973985 -0.85113209
v 0.41415554 -0.24474105 -0.26272309
v 0.44869900 0.24552900 0.00934962
v 0.36537799 0.26110101 -0.80598098
v 0.04162636 -0.22027346 -0.81963575
v 0.41400021 -0.12800729 -0.84644628
v -0.06060496 0.23927712 0.81409562
v -0.43172738 -0.16202082 0.83598852
v 0.44784099 0.24406099 0.12862401
v 0.44816017 0.25402150 -0.46774301
v -0.41084343 0.04252880 0.84116578
v 0.29724300 0.23332550 0.80700481
v -0.24804135 0.22627467 0.82909834
v -0.45592201 -0.21310000 -0.68925899
v 0.42695701 0.12768500 -0.83627403
v -0.03527263 -0.28249806 0.76769805
v 0.43551761 -0.16214079 0.83604485
v 0.03662051 0.28226247 -0.78414357
v -0.40809992 0.25439930 0.06024097
v -0.46095905 0.23918161 0.00952628
v -0.45544860 -0.22093573 0.28560272
v -0.45273101 -0.23013900 -0.16104300
v 0.45609558 -0.21310529 -0.39124498
v 0.17792499 -0.22479407 -0.81834179
v 0.26322010 0.23743892 0.80664378
v 0.05446279 -0.27845383 0.79955465
v 0.14388466 0.23755844 0.81091100
v 0.45887676 -0.23975445 0.11154404
v -0.43378457 -0.25488877 0.60578382
v 0.45046800 -0.07678610 0.82723302
v 0.41047066 0.27124214 -0.40874940
v 0.42231131 -0.19312157 -0.82912821
v 0.46077216 -0.21931073 -0.10149391
v -0.45074946 -0.23849171 0.09454536
v -0.04406745 0.24224342 -0.82743227
v -0.41784322 0.11064878 0.82609898
v 0.44781899 -0.22950400 -0.39959201
v 0.45032701 0.24695900 -0.34847400
v 0.09274980 -0.22790900 -0.80853403
v -0.44988003 0.24653259 -0.12695716
v -0.45725051 -0.20768209 0.22275512
v 0.45222080 0.22702472 0.41829872
v 0.44139192 0.24161822 0.53758609
v -0.08616234 -0.23276037 -0.78649396
v -0.42750740 0.23850861 0.63962430
v 0.44873300 0.24650800 -0.07584660
v 0.44837499 -0.21068300 -0.65518099
v 0.43539149 -0.10353539 -0.82183570
v 0.45787761 -0.23053221 -0.04178435
v 0.45246801 -0.21310000 -0.53590602
v -0.44992584 -0.24017596 0.23085605
v 0.44202200 -0.24282654 -0.19514287
v -0.35070565 0.27247989 -0.81235796
v 0.44831300 0.24466901 0.07750660
v -0.43779597 -0.25673273 0.41814557
v -0.45727399 -0.21310000 -0.67221999
v -0.44744384 0.22377339 -0.79150212
v 0.44771960 0.25294343 -0.33142751
v 0.00758365 -0.27044734 0.81414354
v -0.05222180 -0.24178910 0.83109456
v 0.44523799 0.22609501 0.75907600
v 0.33129904 -0.21933913 -0.82190108
v -0.46037301 0.23689499 0.06046730
v 0.43059835 0.25443557 0.16274285
v -0.45938995 -0.20939155 -0.53590775
v 0.39972028 -0.21097420 -0.81768304
v -0.45362151 -0.23014030 0.03482040
v -0.41452044 0.15522784 -0.84466147
v 0.46145979 -0.23900887 0.17969269
v 0.06717303 -0.23282106 -0.78720415
v 0.26321289 -0.27182350 0.80558968
v 0.41289124 0.25556862 0.22142389
v -0.45063668 0.25282893 -0.58701020
v -0.45913652 -0.20964339 -0.58702630
v 0.44816002 0.25513482 -0.55293989
v -0.43258110 0.25384825 -0.23770952
v 0.43068257 -0.04270550 -0.83625108
v 0.45561412 0.22580989 -0.56128508
v 0.04165836 0.27365142 -0.81155384
v -0.46033090 0.22474828 0.29725429
v -0.46369609 0.23700681 -0.16103444
v 0.46275279 -0.24052991 0.46939760
v -0.45093301 -0.22862101 -0.43367100
v -0.06060330 0.22967499 0.82488400
v -0.43917125 -0.24071820 -0.29193008
v -0.28216323 0.27221259 -0.82264203
v -0.18827201 -0.23245963 -0.78591841
v -0.43558565 -0.25549111 0.31602761
v 0.41868916 -0.20675817 -0.81488097
v -0.44862661 0.25266895 -0.74045539
v -0.43611750 0.22841269 0.68323767
v -0.44143873 0.23994957 0.52054650
v 0.42995465 -0.23860168 -0.48601514
v 0.14389181 0.22236530 0.82724285
v 0.43107423 0.04248108 0.84405112
v -0.45956895 -0.20937464 -0.50182968
v 0.45657632 0.22321410 -0.40516090
v 0.44870800 0.24574400 -0.00768962
v 0.45893753 -0.25023726 0.52049273
v 0.44625247 -0.21495280 -0.63819557
v -0.01800095 -0.23279373 -0.78683245
v -0.46466672 0.23761110 -0.31438819
v -0.41128799 0.21993731 0.81074619
v -0.44861612 0.24445067 0.06047696
v 0.14388233 0.27873924 -0.80133271
v 0.15358961 0.24096106 0.78934056
v -0.40770882 0.14475903 0.83814967
v -0.46707356 0.21118411 -0.34001505
v -0.44278574 -0.24753533 0.16268939
v 0.01589876 0.21000972 0.83405536
v -0.45850658 -0.20871341 0.00067341
v 0.45231655 -0.20514199 -0.67231107
v 0.42762041 0.19588883 -0.81485260
v -0.44710535 0.24256966 0.25781649
v -0.38406399 0.26517099 -0.80621898
v -0.45044011 0.25102407 -0.43365368
v -0.43846062 0.23970291 0.55463511
v 0.45059288 0.23802473 0.28200072
v -0.44787931 0.07658060 -0.83553731
v -0.44559762 -0.23398069 0.68192941
v 0.32343829 -0.26274416 0.80996823
v 0.45023236 -0.25462371 0.46936697
v -0.04354893 -0.26642188 0.81846577
v -0.45961371 0.22849861 -0.72231311
v 0.43307093 -0.22265716 -0.65185630
v 0.31429476 0.22744703 0.81484449
v -0.07760821 -0.27104598 0.81645399
v 0.17796160 0.22266221 0.82600838
v -0.44054031 0.25835773 -0.66404259
v 0.43113571 0.27099246 -0.56994629
v -0.45250601 0.24555500 -0.16104300
v 0.16410045 0.26142403 -0.81663644
v -0.33166519 -0.27263349 0.80550462
v -0.44251800 0.14484449 -0.84052914
v 0.08448707 0.28188017 -0.78668040
v 0.46506038 -0.22468497 0.45465842
v -0.44301143 -0.25515285 0.45234287
v -0.16283900 0.22957100 0.82558697
v 0.28025120 -0.27162462 0.80527884
v 0.46227971 -0.23671421 0.72509938
v 0.46201578 -0.20937403 0.00099522
v -0.06056942 -0.27090403 0.81602395
v -0.02652490 -0.22736900 -0.80853403
v -0.45081043 -0.23625062 -0.10993553
v 0.33373323 -0.23032653 -0.80342126
v 0.45289499 -0.21310000 -0.51886702
v 0.44384000 -0.11086500 0.83718503
v 0.45222399 -0.24304099 0.12961100
v -0.41311643 -0.23561752 -0.68188411
v -0.41532266 0.24699891 0.33266187
v 0.44945633 -0.21950966 -0.55298799
v -0.45176300 0.22992000 0.48644799
v -0.44301638 -0.24237527 -0.16106005
v -0.45066500 -0.22742900 -0.53590602
v -0.46108097 0.21048766 0.49507451
v -0.43283620 0.24668860 0.23815811
v 0.44768301 0.24386600 0.14566401
v -0.44691411 0.24384445 0.16271490
v 0.44245136 -0.24308823 -0.17810386
v -0.44376522 0.19240071 0.74842381
v 0.16088559 -0.22480182 -0.81822234
v -0.46190819 0.23484568 0.04343730
v 0.42896321 0.11068670 0.84459651
v 0.46025237 -0.25456330 0.60566497
v -0.17988713 -0.27515656 0.81262916
v -0.16283397 -0.27374679 0.81388056
v 0.44848800 -0.24275599 -0.00768962
v 0.45104954 -0.22481942 -0.41666448
v 0.45138299 -0.23013900 -0.28031701
v -0.31819779 0.27124611 -0.81905484
v 0.44088393 0.26143062 -0.43365413
v -0.29220182 -0.24369732 0.82997245
v 0.07573596 0.27307150 -0.81078500
v 0.44292894 0.24688354 0.23088823
v -0.41202879 0.16178168 0.83254272
v -0.00941561 0.27325007 -0.81581742
v -0.45009613 -0.23976287 0.21382144
v -0.45952660 -0.20937251 -0.51886892
v -0.14577334 -0.27178863 0.81786972
v 0.10145805 -0.28108856 0.78721046
v 0.46590912 -0.22583507 0.57974696
v 0.42890745 0.17886958 -0.81741410
v 0.42835134 -0.05739371 0.84288871
v 0.44645038 0.24004553 0.50356233
v -0.42284560 -0.21157515 0.82303250
v 0.45897982 -0.22770251 -0.12699932
v -0.46313867 0.19305247 0.29210588
v 0.36957389 0.24041079 0.76249737
v -0.04242674 0.27367046 -0.81706429
v -0.39351580 -0.26634386 0.62176794
v 0.45344958 0.22566852 0.37556246
v -0.45741147 0.23842856 0.12865417
v 0.45819184 -0.23096846 -0.02474613
v 0.44916600 -0.23013900 -0.34847400
v 0.44079086 0.24047583 0.60573822
v -0.45324999 0.22992000 0.43533099
v -0.45961818 -0.20957142 -0.44243261
v -0.45250601 0.24695601 -0.28031701
v 0.45882922 -0.23203543 0.00933092
v -0.11170900 0.22671020 0.82822716
v 0.43340501 -0.16198200 -0.82557303
v -0.45931813 -0.20933786 -0.19481535
v 0.45565298 0.22568493 0.21382849
v -0.46644700 0.22992000 -0.43367100
v 0.44867101 0.24530999 0.02638890
v 0.38596904 -0.23181120 -0.69604772
v 0.05869313 0.26687542 -0.81624049
v 0.42809501 0.02544940 -0.83960497
v 0.45851046 -0.23146504 -0.00770772
v 0.39013943 0.26389384 -0.78678793
v -0.46519426 0.22797036 -0.21215931
v 0.00099217 0.04615091 -0.85200143
v -0.26507401 0.22830500 0.82614100
v -0.45958528 -0.20947413 -0.48478946
v 0.43248072 -0.25695184 0.38823804
v 0.21204393 0.22181986 0.82581002
v 0.44668001 -0.16198200 0.82592601
v -0.45035517 -0.23541783 -0.17809443
v -0.19691700 0.22941200 0.82582200
v 0.09274361 -0.22016367 -0.82001841
v 0.44984132 0.19590731 0.77159798
v -0.46004099 -0.05242050 -0.80288428
v 0.19498087 -0.22653511 -0.81462741
v -0.36737338 -0.21177645 -0.81292766
v 0.44493324 0.24881250 0.06048909
v 0.46438009 -0.21010150 0.28181100
v -0.44893441 -0.18413322 -0.80576384
v 0.44565105 0.25479215 -0.17804624
v 0.44124424 0.24133170 0.55462402
v 0.45593563 0.22557360 -0.51030797
v -0.46119803 0.21164028 0.46096435
v 0.46136999 -0.24807200 0.63839400
v 0.43098953 0.04249360 -0.83448952
v 0.21056958 0.24000257 0.80639493
v 0.42875177 -0.02352273 0.84352595
v -0.37606621 0.22718544 0.80407310
v -0.45985749 0.20776609 0.59761310
v 0.44492686 0.25886965 -0.61243474
v 0.46102300 -0.24325600 0.45236999
v -0.44253317 0.24105792 0.46943125
v -0.44961101 -0.22473200 -0.67221999
v -0.41670790 0.24172740 0.53062916
v 0.45252594 -0.25441462 0.50346261
v -0.44460687 0.25693125 -0.77597338
v -0.46019256 0.22811593 0.26496467
v -0.46024108 0.20680802 -0.73525470
v -0.43546700 0.12768500 -0.84350502
v 0.45933342 -0.25057137 0.53753525
v -0.45060301 -0.22714600 -0.55294502
v -0.36751607 0.22085418 0.83541393
v -0.42052600 0.21171400 0.79209799
v 0.44822392 0.25510642 -0.56998050
v 0.43353501 0.26640499 -0.51886702
v -0.44503266 0.24268067 0.31607413
v 0.07568952 -0.22476950 -0.81769717
v 0.42928022 -0.19850086 0.82954347
v -0.46496177 0.22446440 -0.10994035
v -0.45101249 0.25036466 -0.46774331
v 0.45106739 -0.20320536 -0.70644766
v 0.36537620 -0.19417301 -0.83189470
v -0.46042407 0.22852756 0.24792531
v 0.44183215 -0.24252541 -0.21218280
v 0.05867978 0.27880654 -0.80268890
v 0.41362599 -0.02565771 -0.85083014
v 0.44613600 -0.22735301 -0.48478800
v -0.40625003 0.22665489 0.77274519
v 0.31426001 0.26399899 -0.80769199
v 0.44310051 0.24536544 0.29904294
v -0.46338338 0.23678704 -0.12695584
v -0.44558248 0.17656441 -0.82840639
v 0.46366781 -0.23866117 0.70012897
v 0.43558636 0.23905329 0.70801204
v -0.42763063 0.19784771 0.78728223
v -0.43226615 -0.24525061 -0.18650308
v 0.45762417 0.22523877 0.04342752
v 0.44274971 -0.20399845 -0.75725025
v -0.41142410 0.25084648 0.19582705
v -0.42138427 0.05954142 0.82577109
v 0.45800805 -0.24948519 0.48640695
v 0.04163210 0.22976500 0.82418001
v -0.41463381 -0.25453070 0.80128992
v 0.45909151 -0.08022635 -0.58175731
v 0.44687608 -0.24589352 0.07748760
v -0.44782221 0.12773094 -0.83461493
v 0.42812100 0.00841012 -0.83984101
v -0.02653005 -0.22016707 -0.81923527
v -0.43113485 -0.14492305 0.83603978
v 0.43017092 0.25274146 0.19680168
v -0.46307826 0.22662403 0.06047060
v -0.44906801 0.24695900 -0.75741601
v -0.38445887 -0.25031638 0.81891710
v 0.44632947 -0.24930261 0.72329456
v -0.45816600 -0.21310000 -0.60406297
v -0.24153635 -0.24209492 0.83070529
v 0.46525398 -0.22636095 0.49456257
v -0.46524745 0.23808648 -0.41662332
v -0.21394594 0.27176908 -0.82297117
v 0.42882890 -0.17761268 0.83412975
v -0.44962165 0.23349358 0.50351602
v 0.44665807 0.07659674 0.83564460
v 0.33981994 0.23937112 0.78891522
v 0.45416710 0.22535002 -0.64812392
v -0.45036301 0.22992000 0.52052701
v 0.45875016 0.01899482 0.80640429
v 0.43061897 -0.00862442 -0.83589214
v -0.45082501 -0.22803900 -0.48478800
v -0.06060330 -0.22721399 -0.80853403
v -0.44778892 0.05953323 -0.83559185
v -0.45050505 0.21883745 0.67399472
v 0.41307837 -0.00861435 -0.84970689
v 0.41333327 0.13455111 0.84342569
v -0.44240251 0.16197878 -0.83867574
v 0.45035499 0.00841012 0.82723302
v 0.43146807 -0.21963289 -0.68066543
v -0.43154845 0.07664294 -0.84769249
v 0.45481300 0.22992000 0.17974199
v 0.45225134 0.20941441 0.63124621
v -0.37244788 0.26897550 -0.43268162
v 0.43353501 0.09360630 0.84390998
v 0.11919197 0.20935887 0.83293223
v 0.42817399 -0.02566840 -0.84024101
v -0.09250329 0.25934941 -0.82398456
v -0.42878819 -0.25850648 0.54727405
v -0.46239501 0.24006200 -0.21216100
v -0.44349113 -0.24634570 0.07748731
v 0.44700554 0.25479838 -0.63822180
v -0.45779699 -0.21310000 -0.63814199
v 0.44977900 -0.23013900 -0.33143499
v -0.43497381 -0.17447150 -0.81535149
v -0.45250601 0.24714500 -0.29735699
v 0.45586905 0.08404042 0.80405748
v -0.44318092 -0.24828003 0.53759700
v 0.28018138 -0.22998843 -0.80579835
v 0.44872099 0.24615701 -0.04176810
v 0.44763651 0.25280276 -0.31438839
v -0.44967085 -0.23468907 -0.24625179
v 0.46571329 -0.22603779 0.55460131
v 0.44120154 -0.22952589 -0.53596491
v -0.43619159 -0.25324163 0.57167065
v -0.46292883 0.21947649 0.19399968
v 0.44585419 -0.25571448 0.43243602
v -0.45480275 -0.22057444 0.39202821
v -0.45250601 0.24639000 -0.22920001
v -0.46203128 0.23038819 0.16272733
v -0.39344662 -0.22075924 -0.79085094
v 0.43618581 0.21586071 0.79307705
v -0.40816328 0.23135476 0.72996074
v -0.26508537 0.27215937 -0.82311565
v -0.44879794 -0.24233292 0.41829297
v 0.45286503 0.20809583 0.59510130
v -0.08916524 -0.18775386 -0.82651722
v -0.45250601 0.24601001 -0.19512101
v -0.44337508 -0.24398389 -0.07586657
v -0.16283800 0.27977473 -0.80604345
v -0.46141210 0.24045771 -0.05876839
v -0.41670838 0.12761945 0.82611203
v -0.45723727 0.24515548 -0.56999499
v 0.09277891 -0.26987988 0.81164175
v 0.44480631 0.23820288 0.63987064
v 0.46252358 -0.23909830 0.40124157
v 0.44905469 -0.19617105 0.81791347
v 0.45192286 -0.01021614 0.82382613
v -0.44808680 -0.23653893 -0.31442249
v 0.43411162 0.23867561 0.72506326
v -0.45885935 -0.20950198 -0.10159318
v -0.18880160 0.21319737 0.83589512
v -0.35036272 0.22682190 0.82403839
v 0.38241699 -0.21066400 -0.82287103
v -0.41036841 0.01992247 -0.85007697
v -0.30718675 0.28039220 -0.78679365
v -0.23099600 0.26399899 -0.82565802
v -0.41330501 0.05952780 0.83867198
v -0.06058528 0.26997066 -0.81937665
v 0.43741709 0.25566474 -0.00767438
v 0.05867273 0.23921327 0.81460065
v -0.33323100 -0.26215699 0.82272500
v 0.45669028 -0.19152531 -0.59684008
v -0.44212654 0.23046705 -0.80742288
v 0.22164941 -0.22766621 0.83513856
v -0.43463650 -0.19220605 0.80937845
v 0.41454646 0.24967246 -0.80465400
v 0.28021532 0.27656579 -0.79861289
v -0.45017922 -0.23887888 0.33645150
v -0.44728690 -0.04272771 -0.83112597
v 0.43078801 0.14472400 0.83840501
v 0.06699707 -0.26442361 0.81632310
v -0.43471229 0.23898447 0.60577786
v -0.43179268 0.25451285 -0.26985961
v -0.45701033 -0.17368335 -0.76872790
v -0.44623634 0.19589190 -0.81491750
v 0.36374804 0.22108576 0.81954932
v 0.44010553 0.16177782 0.82291001
v 0.41393089 0.11071290 -0.84384280
v -0.45688739 -0.19245280 -0.74039972
v -0.45101401 -0.22937600 -0.36551401
v 0.42817900 -0.11086500 -0.84006202
v -0.43505117 0.21429543 -0.81980008
v -0.35320476 -0.26957709 0.41687858
v 0.44690523 -0.12796247 0.83319980
v -0.42737532 -0.11074342 0.83946449
v 0.45206600 0.22454986 0.48868272
v -0.35162148 -0.21033822 -0.81635118
v 0.45548195 -0.13876438 0.80608898
v -0.44310606 0.24559948 -0.79905677
v 0.43985620 0.23965506 0.65685302
v -0.45445701 0.22992000 0.38421300
v -0.45229501 0.24279299 0.02638890
v -0.29923221 -0.22150007 -0.81569010
v -0.09468675 -0.22004782 -0.81883579
v -0.45960045 -0.20952086 -0.46775034
v -0.44560575 0.24497117 0.10852408
v 0.42581922 0.19644034 0.82864869
v 0.45664868 -0.20815045 0.78425074
v -0.44504276 0.25518113 -0.53333610
v 0.45744777 0.22430234 -0.08361804
v -0.41295984 -0.02562960 0.84209317
v 0.45981261 -0.25422218 0.58862102
v -0.00947425 -0.27271590 0.81119221
v 0.42809901 -0.14494300 -0.83787102
v -0.42352259 0.25896320 -0.46056101
v -0.46644020 0.21103680 -0.24643080
v -0.44826475 0.11069352 -0.83480108
v -0.06300462 0.27928743 -0.80363214
v 0.12681289 -0.21856293 -0.82145786
v 0.45268285 0.24323668 -0.38255268
v 0.25459248 -0.22855766 -0.80853426
v -0.39591837 0.02281614 0.84339184
v 0.42855084 -0.24948232 0.01766920
v 0.46027499 -0.24084400 0.31605601
v 0.46030390 -0.21611390 -0.16104877
v 0.42391247 0.21161380 -0.81658655
v 0.42607343 -0.25559533 0.76889455
v 0.05022039 -0.23866250 0.83200777
v 0.18677489 -0.22300257 0.83730882
v 0.41118574 0.23428665 0.77216381
v -0.25057414 0.25831023 -0.82756948
v -0.45828933 0.24573629 -0.50183564
v 0.15225087 -0.23964331 0.82923758
v 0.43029606 -0.25575459 0.32371476
v -0.46205181 0.23511180 0.02639491
v 0.44680899 -0.22832499 -0.45071000
v -0.29915050 0.21564540 0.83701688
v 0.43925875 -0.22426243 -0.60574919
v 0.45220801 -0.23013900 -0.24623901
v 0.41283461 -0.14621907 -0.84300745
v 0.43353501 0.26608700 -0.50182801
v -0.38360199 -0.21398699 -0.80655497
v -0.44997400 -0.02566840 -0.82557303
v -0.26195553 0.15590909 0.84560627
v -0.26093686 -0.23397300 -0.76675212
v 0.40756324 0.24015762 0.74737525
v 0.45057401 -0.24545100 0.19678099
v -0.40995592 0.07660839 0.84043783
v 0.44561532 0.25381562 -0.10990436
v 0.45523515 -0.25574160 0.57162803
v 0.42931896 0.27213612 -0.55395257
v -0.44920599 0.22948299 0.55460501
v -0.43252316 0.26073262 -0.71565777
v -0.46537730 0.23820519 -0.48479608
v 0.44526145 0.11070589 0.83501852
v 0.41872406 0.25889015 0.05730216
v -0.34313980 -0.22200359 0.83405930
v 0.04166199 -0.27024895 0.81320900
v -0.44939089 -0.23416673 -0.28033620
v 0.46274185 -0.23976621 0.43532035
v -0.45363995 0.20607013 0.70820171
v 0.42933989 -0.25370121 0.22238342
v 0.27380109 -0.23711580 -0.70903289
v 0.44572553 0.25426060 -0.14395198
v -0.38452396 -0.26254663 0.80238795
v -0.46449441 0.23738103 -0.28030953
v 0.45247942 0.24322128 -0.28031567
v -0.44985318 0.25148752 -0.70632184
v -0.41187108 -0.23743537 -0.63242143
v -0.45393604 -0.21839866 0.50392038
v 0.42287716 0.25261271 -0.79214615
v -0.45550412 0.24362959 -0.67222583
v -0.46335632 0.22136864 0.13071269
v -0.43002439 0.24194631 0.50099856
v -0.44786584 0.21782877 0.69029921
v -0.46462578 0.22591034 -0.07404662
v -0.42564908 -0.01725952 0.82838756
v 0.46116269 -0.23672643 0.23084965
v -0.11172526 -0.22528459 -0.81402224
v -0.35039040 -0.22792724 -0.80307072
v 0.45092499 -0.23013900 -0.29735699
v -0.44493440 0.21214339 -0.81233722
v -0.45101300 -0.22919500 -0.38255301
v -0.09466451 -0.26734167 0.81934243
v 0.44789374 -0.05975694 0.83388466
v -0.45046699 -0.22653399 -0.58702397
v 0.41028485 0.26294452 -0.07620187
v -0.43405825 -0.23773974 -0.51889622
v 0.43245536 0.26932240 -0.61203825
v -0.40946165 0.09364855 0.83996606
v -0.31619200 -0.22594801 -0.80735898
v 0.43936133 -0.24102269 -0.31441736
v 0.42823800 -0.07678610 -0.84043598
v 0.44070786 0.26179454 -0.45069337
v 0.44156131 -0.24223188 -0.22922122
v 0.42557532 -0.26188913 0.71562344
v -0.46338451 0.23557453 -0.60407799
v -0.40891618 0.11068679 0.83943743
v 0.42778957 -0.25317970 0.18859400
v -0.15217499 0.24198045 -0.83044922
v 0.44671500 0.22992000 0.65684098
v -0.44297394 -0.24620499 0.04341217
v 0.39970618 -0.25358400 0.81223160
v -0.45089900 -0.22842699 -0.45071000
v 0.40832588 0.26968029 -0.33700320
v 0.36542183 -0.25969040 0.81138557
v -0.45154667 -0.20464599 -0.75763929
v 0.45535401 0.22992000 0.14566401
v 0.40843606 0.26554817 -0.17307487
v -0.45745477 -0.20682029 0.18547599
v -0.44267917 -0.24868652 0.24788067
v 0.41601080 -0.24164391 0.81644440
v 0.39971462 0.25234026 -0.80876106
v 0.44544247 0.23890570 0.58875448
v 0.00755267 0.23903579 0.81514394
v -0.43546951 -0.23342574 -0.61246002
v -0.44044581 0.25796828 -0.62968737
v -0.45485601 -0.17902200 -0.79149503
v 0.45292401 0.22992000 0.29901701
v 0.46243781 -0.23879786 0.38420242
v -0.45340216 -0.23014037 -0.06742529
v -0.45148200 -0.19606100 -0.77445501
v -0.45118374 0.23394753 0.45239273
v -0.02651379 -0.27283126 0.81149387
v 0.44519231 0.25421944 -0.12698950
v -0.38183531 -0.19098514 -0.81799299
v 0.40983829 -0.24242905 -0.39327726
v -0.36940584 -0.25795260 0.81906295
v -0.45261431 -0.22457804 0.54623276
v 0.45923316 -0.21224312 -0.28032514
v -0.17987800 -0.22665100 -0.80853403
v -0.43465266 -0.06858554 -0.83373713
v -0.45840499 -0.14497378 -0.78763801
v 0.30811021 -0.27518326 0.79370052
v -0.43560091 0.25496045 -0.35702759
v 0.44121289 0.00839896 0.84129673
v 0.44792140 -0.02566704 0.83432496
v 0.43082455 0.24323097 0.57165587
v -0.45531312 -0.22015236 -0.65521854
v 0.44769299 0.22992000 0.60572302
v 0.28022102 0.26152930 -0.81169873
v -0.46027973 0.23109840 0.17975880
v 0.24612913 0.27008495 -0.80684465
v 0.44579899 -0.22659200 -0.50182801
v -0.39982185 0.21567193 0.82976037
v 0.45057401 -0.24861300 0.33309501
v -0.45020601 -0.22583500 -0.62110198
v 0.16092192 0.23724641 0.81056833
v 0.45785093 -0.22797073 -0.14403303
v -0.45487100 0.22992000 0.36717400
v 0.43324471 0.26042730 -0.67975867
v -0.43095577 0.25369114 -0.20093098
v 0.20584249 -0.23300304 -0.78589362
v -0.43002513 -0.25394356 0.69937539
v 0.29724813 0.26929730 -0.80547762
v -0.44946131 -0.24075639 0.31605572
v 0.44462699 0.25821999 -0.50182801
v 0.46047059 -0.23392013 0.09453304
v 0.43353596 0.26438010 -0.40828758
v -0.45250601 0.24789301 -0.36551401
v -0.44800600 0.22781700 0.60572302
v -0.43987182 -0.23916744 -0.36552611
v -0.35027000 -0.26685601 0.81019402
v 0.45608124 -0.23492190 0.76045227
v -0.45899171 -0.20976089 -0.13568635
v -0.45250601 0.24807400 -0.38255301
v -0.45013115 -0.23534411 -0.19513361
v -0.45929232 -0.20980635 -0.22069423
v -0.43546700 -0.21459800 -0.75741601
v 0.44139814 -0.04273096 0.84075898
v 0.45025799 -0.09382530 0.82723302
v 0.12684532 0.23889869 0.81048012
v 0.46332484 -0.22811751 0.31605297
v -0.28212380 -0.21698263 -0.81721598
v 0.45643601 -0.19147511 -0.62110573
v -0.41162124 -0.25615141 0.06021259
v -0.44361261 0.22899328 0.65695673
v -0.45086300 -0.22823299 -0.46774900
v 0.10981377 0.27249461 -0.81008285
v 0.45808297 -0.23898984 0.74087560
v -0.45354539 -0.23013940 0.06889538
v 0.44961590 -0.25189680 0.69679648
v 0.44245273 -0.17556867 -0.78671426
v 0.42635319 0.27215090 -0.63517123
v -0.19692767 -0.27407184 0.81749445
v 0.39242977 -0.21789050 -0.78762996
v 0.19752149 -0.25823966 0.81709492
v 0.05867130 0.22973999 0.82406300
v -0.45802179 -0.20836754 0.06915329
v -0.46545026 0.23826599 -0.46774831
v 0.45709592 0.22747773 -0.05130868
v -0.33322963 0.21798392 0.83627182
v -0.40138799 0.05952780 0.84201598
v -0.35040188 -0.25646102 0.82422882
v 0.42432931 -0.20808381 -0.79157019
v -0.45250601 0.24825500 -0.39959201
v -0.43338802 -0.25453350 0.62282753
v 0.45041499 0.24695900 -0.36551401
v 0.27188212 0.22391853 0.82141751
v -0.28211299 0.22796300 0.82621700
v 0.07571060 0.22940899 0.82394499
v 0.44155470 -0.19768584 -0.77464807
v -0.40162721 -0.20494764 -0.81010294
v -0.42821881 -0.25566936 0.23376042
v 0.45730200 0.22563159 0.12036720
v 0.45104206 -0.21314026 -0.57892281
v -0.44954321 0.25194585 -0.72338235
v -0.42223653 -0.25884107 0.65314460
v 0.43070766 -0.25746414 0.74220252
v 0.43071476 -0.23710920 -0.50188351
v 0.45697173 -0.25138313 0.67405778
v 0.42424974 0.25236136 0.28573108
v -0.45280546 -0.17633644 0.69894999
v -0.14580475 -0.21999741 -0.81856525
v -0.43568945 -0.25280941 0.58870900
v 0.45419419 0.20405355 -0.73098987
v -0.44219422 0.25815484 -0.75742209
v 0.23743948 0.22097759 0.82559204
v -0.41097739 -0.00856934 0.84280324
v 0.40958682 0.25211394 0.35569307
v -0.45941302 -0.20954421 -0.26327780
v -0.44329417 -0.24296133 -0.12698230
v 0.45057401 -0.24618401 0.23085999
v 0.44354257 0.12825625 0.83278579
v 0.22908200 -0.26882091 0.80811703
v 0.04162998 -0.22917978 -0.80596387
v 0.04222960 -0.18870619 -0.82908982
v 0.14389168 -0.26952213 0.81016552
v 0.42572403 -0.25155610 0.09936982
v -0.41265863 -0.23285811 -0.71378219
v -0.45908391 -0.19214289 -0.71417421
v -0.41071424 -0.25546938 0.01408479
v 0.29723495 -0.26822492 0.80666178
v -0.45055515 -0.23886012 0.12862399
v 0.27861992 0.23705336 0.80445898
v -0.45046005 -0.23902650 0.14566411
v -0.45932072 -0.20982805 -0.24623878
v -0.45000419 -0.21805613 -0.70620126
v 0.45939082 -0.23334900 0.04341414
v -0.46726468 0.22162743 -0.57357597
v 0.44103962 0.14493486 0.83052969
v 0.43497324 0.09409983 -0.82019120
v 0.22916915 0.26921108 -0.81124079
v 0.46161199 -0.24594800 0.57164502
v -0.45037201 0.25075713 -0.41661468
v -0.43153760 -0.24429463 -0.25488535
v -0.29925475 -0.27300963 0.81759745
v -0.41142368 -0.11960839 -0.82785058
v -0.42612186 -0.09367587 0.83912247
v 0.44742447 -0.24925482 0.28196409
v -0.45077899 -0.22784400 -0.50182801
v -0.07756516 0.27453580 -0.81799573
v 0.45495796 0.20733351 0.44346079
v -0.45648301 0.22992000 -0.74037701
v -0.43880552 0.25730807 -0.56296700
v -0.31268582 -0.15608953 0.84661394
v -0.46384439 0.23710114 -0.17807406
v -0.44836584 0.24433848 0.07751653
v -0.45965829 0.23634495 0.14572005
v 0.44942099 0.21288100 0.75907600
v -0.24801852 -0.21837276 -0.81784290
v -0.45737600 0.20807718 0.65687948
v 0.43820295 -0.19421498 -0.78972882
v -0.41441491 0.20061973 0.81990695
v -0.43223029 0.04249508 -0.84805501
v -0.04356527 0.23911822 0.81427002
v -0.16281620 0.27145594 -0.82219970
v 0.32353690 0.28084847 -0.73951888
v 0.43421036 0.25558728 -0.70642149
v -0.44092172 -0.02577988 -0.83840042
v -0.45912841 -0.20994404 -0.16980849
v -0.41886917 -0.22996491 0.81586045
v -0.42809498 -0.12781426 0.84009862
v 0.44406149 0.23391569 0.69096428
v 0.22906318 -0.22986796 -0.80581772
v -0.43887103 -0.24439135 0.65641463
v -0.44291183 -0.25200275 0.35009956
v 0.41732654 0.27333772 -0.66468024
v 0.39069274 -0.21937722 0.83136094
v 0.02459184 0.23918238 0.81459475
v -0.16284356 -0.22505601 -0.81395608
v 0.44815499 -0.22986799 -0.38255301
v 0.45057401 -0.24997801 0.38421300
v -0.43216667 -0.24905242 -0.00769615
v -0.43294987 -0.25406197 0.20488922
v -0.42257276 0.04250866 0.82569754
v -0.46162710 0.23395902 0.07751910
v 0.38257170 0.21881835 0.82064205
v -0.43677759 -0.23918116 -0.43370053
v -0.42004532 -0.25520483 0.75912213
v -0.46060437 0.19128065 0.68195939
v -0.43270510 -0.25351307 0.17971663
v -0.43251541 -0.04274902 -0.83814347
v -0.45935881 0.22714095 0.31608272
v 0.43922734 0.25677788 -0.09287333
v 0.44257554 0.24407800 0.38423654
v 0.45822981 0.13481405 0.76254654
v 0.44961137 0.22761729 0.57165521
v -0.42938766 0.21869458 0.75967330
v 0.45057401 -0.24818000 0.31605601
v -0.43596411 0.23939253 0.58873397
v 0.46169022 -0.20942938 -0.03370936
v 0.46084404 -0.25110343 0.62052995
v 0.44144574 -0.23015128 -0.51893628
v 0.45131201 -0.19606100 -0.72333801
v -0.07227979 -0.28118449 0.78555524
v -0.45872051 0.22575921 0.40129125
v 0.45768845 0.20592369 -0.28896564
v -0.39696491 -0.08495660 0.84650975
v 0.43010700 0.14472400 -0.82557303
v 0.39073461 0.19460097 0.83311647
v 0.41033894 0.26189756 -0.03336026
v 0.10980470 -0.27151769 0.80902910
v 0.01916221 -0.24800064 0.82817262
v 0.37402388 -0.10683656 -0.85108697
v 0.44078621 -0.24130723 -0.28033522
v -0.33188501 0.27557799 -0.80952400
v -0.42420849 0.02456629 0.82454288
v -0.43203434 -0.25178784 0.09452415
v 0.45716119 0.22762920 0.01932241
v -0.46775436 0.21099028 -0.46796873
v 0.44587800 0.22788399 0.72499800
v 0.42291763 0.14720488 -0.83577073
v 0.44876501 -0.21253200 -0.62110198
v 0.44104767 -0.07681198 0.84001243
v -0.44774455 0.04248636 -0.83524168
v -0.45840096 0.24519871 -0.51887655
v -0.42850152 -0.21654323 0.81063092
v -0.26144770 0.21291062 0.83708298
v 0.39599007 0.18746358 -0.82797307
v -0.44316110 -0.24589638 0.02637204
v 0.36426291 -0.21645105 -0.82129633
v 0.44325259 0.24593189 0.26496485
v 0.42945662 0.26232904 -0.20374282
v 0.00754819 -0.22024865 -0.81942582
v -0.45763955 0.16636574 0.71647030
v -0.43546700 0.11064600 -0.84418499
v 0.45863169 0.21116677 0.15414901
v -0.44338438 -0.24362712 -0.09290554
v -0.43019027 -0.25352612 0.14871961
v -0.44507974 -0.22688022 -0.68937379
v 0.45198977 -0.23505192 -0.16107085
v 0.43948340 -0.24139516 -0.29737994
v 0.35747525 0.19321097 0.83409578
v -0.44750285 -0.22591239 0.70509899
v 0.05865036 -0.22479412 -0.81756151
v -0.03950850 -0.27820116 0.80061382
v 0.40993184 0.24872158 0.47498035
v 0.40967479 -0.23344082 -0.62910932
v 0.37266800 0.23354416 0.79026395
v -0.43795669 -0.25480187 0.52055949
v 0.33946523 0.22392903 0.81908494
v 0.43099561 0.05953303 -0.83428037
v -0.34005699 0.21899331 -0.83440781
v 0.44182441 0.24247806 0.48647046
v -0.42587844 0.25024873 0.14206058
v 0.45057401 -0.24905901 0.35013399
v -0.46144688 0.21256420 0.42680019
v 0.23506011 -0.18865268 -0.83162826
v 0.43251136 0.25506511 0.10302091
v -0.46755213 0.21136135 -0.42517567
v -0.19692799 0.23913029 0.81226957
v -0.42584082 -0.07741231 0.83753175
v -0.45096600 -0.22881600 -0.41663101
v 0.42756701 0.16006900 -0.82577997
v -0.44396958 0.24431120 0.21034132
v -0.44665730 -0.05804709 -0.82936454
v -0.43099025 0.05960813 -0.84849358
v -0.45100901 -0.22976100 -0.33143499
v 0.45091701 0.24695900 -0.50182801
v -0.43937951 -0.24068810 -0.33146301
v -0.24805140 -0.27254075 0.81940782
v -0.45838788 0.24193968 -0.07583483
v 0.42957953 0.24709401 0.44360861
v 0.41649500 0.19584200 -0.82237601
v 0.45642132 -0.24781735 0.41826674
v -0.44542617 0.24279475 0.29903835
v -0.45336035 -0.20870693 0.63143909
v -0.41421399 0.02544940 0.83915901
v -0.42609230 0.21329638 0.77633655
v 0.07572292 -0.27762011 0.80140424
v -0.44096404 0.00827017 -0.84205598
v -0.02652490 0.22970200 0.82464898
v 0.21203624 -0.26998985 0.80732614
v -0.44974262 0.25429195 -0.60403275
v 0.02457211 -0.22478686 -0.81734371
v -0.45654586 0.23694018 0.19681460
v -0.43497449 -0.25603870 0.33393982
v -0.44756564 -0.23674443 0.61395222
v -0.41174421 0.00845189 0.84166777
v 0.44054884 0.25934905 -0.28888920
v 0.42585272 -0.20961903 -0.77259403
v 0.45894995 -0.21064724 -0.31440485
v 0.43432269 -0.23797779 -0.45073512
v -0.46396512 0.23716776 -0.19511397
v 0.00755362 0.22973201 0.82441503
v -0.43515655 -0.23833157 -0.48481536
v 0.14385240 -0.21848789 -0.82164395
v -0.45035899 -0.22620299 -0.60406297
v -0.45995343 0.22787502 0.28201097
v 0.43828964 0.25615466 -0.04175363
v -0.22934467 -0.27839088 0.78635263
v -0.43796679 -0.25673151 0.48644787
v -0.12876000 -0.22690301 -0.80853403
v -0.40332973 -0.23857707 0.82001281
v -0.43729168 0.23961720 0.57168895
v -0.24803820 -0.22777252 -0.80584830
v -0.46422789 0.22633837 -0.04019763
v 0.40940368 0.22873020 -0.81762934
v -0.43198714 -0.25219795 0.11156365
v 0.43985355 -0.22628720 -0.58710617
v 0.44362327 -0.14670037 0.83618337
v -0.45974976 0.23019244 0.21383603
v -0.44300038 0.24157770 0.43534878
v -0.22279784 -0.23234452 -0.78572226
v -0.43304059 -0.23700009 -0.55297107
v 0.41649500 0.17880300 -0.82664198
v -0.43832120 -0.25668749 0.43531030
v 0.19502538 0.23411807 0.81553608
v 0.45608425 0.22548635 -0.47617903
v 0.44347900 0.23952700 0.57164502
v 0.44873801 0.24665999 -0.09288580
v 0.20368040 -0.20977254 -0.82490999
v -0.10348006 0.28227803 -0.78636092
v 0.42524749 0.16368802 0.83757979
v 0.42475447 -0.16221218 -0.83882350
v -0.45028290 -0.23934405 0.17974186
v 0.41364890 0.07659474 -0.84687752
v 0.13572678 -0.06408678 -0.85094756
v 0.01855715 -0.23294459 -0.78542483
v -0.18264060 0.25792766 -0.82716477
v -0.41338351 0.19064616 -0.83687979
v 0.17341700 -0.23971467 -0.68233401
v 0.45038101 -0.23013900 -0.31439599
v 0.46730375 0.00536459 0.78230602
v -0.45363599 -0.23013900 0.00934962
v -0.38696912 -0.23232505 -0.74216074
v -0.45250601 0.24752200 -0.33143499
v 0.45301241 -0.23584095 -0.10995637
v 0.10976772 -0.22475255 -0.81793743
v -0.45635200 -0.16198200 -0.79149503
v -0.43214303 -0.25252160 0.12860201
v -0.28953278 0.23905073 -0.83110130
v 0.44924027 0.13289104 0.80696952
v 0.45360175 -0.23656131 -0.07588219
v 0.43966597 -0.23995547 -0.34848627
v -0.04358533 -0.22458239 -0.81709194
v 0.44859800 0.24509300 0.04342810
v -0.35231203 -0.05679231 0.84779793
v -0.45103312 -0.23758237 -0.00769657
v 0.44797859 0.25349399 -0.39958552
v -0.45102659 -0.23736267 -0.02473623
v 0.41136408 0.25458506 0.25668031
v -0.45956689 -0.20963152 -0.35725230
v -0.46125749 0.23972550 -0.00764262
v 0.44794300 -0.21477500 -0.60553700
v 0.17796274 0.23857355 0.80924171
v -0.29145971 -0.23194949 -0.78703475
v -0.45403051 -0.22187154 0.45765886
v -0.34611699 -0.27623412 0.71121180
v -0.19699121 -0.22284487 -0.81796825
v -0.45847815 0.24291709 -0.14399117
v -0.45967713 0.22628053 0.35017070
v 0.44196451 0.24275860 0.46943200
v 0.46429992 -0.04108399 0.78948665
v 0.45179930 0.23836137 0.19680615
v 0.42422217 0.09372432 -0.84291923
v -0.45303300 -0.23013900 -0.12696400
v -0.37971711 0.19119994 0.83946776
v -0.44867507 -0.24254143 0.43533450
v -0.44387305 0.24227637 0.36719221
v 0.19506717 0.20492217 0.83311361
v -0.46175906 0.21433981 0.37570682
v -0.01824040 -0.25574926 0.82467002
v 0.43870863 -0.22919698 -0.56484580
v 0.30935234 -0.23288585 -0.78512061
v 0.43173522 0.25458276 0.12865974
v -0.45250601 0.24676800 -0.26327801
v 0.43066287 -0.19891366 -0.80914897
v 0.41246319 -0.25965148 0.79590124
v 0.44397470 0.23742510 0.67380935
v 0.45390868 -0.23695120 -0.05884510
v -0.44880599 0.22897300 0.57164502
v -0.45102766 -0.23711969 -0.04177571
v 0.12682600 -0.22952075 -0.80589563
v 0.02061275 0.12094440 -0.84993583
v 0.43877703 0.19372062 0.80793422
v 0.44794840 -0.24249814 -0.03321175
v 0.41097495 0.25082478 0.40142596
v 0.42985147 -0.17924669 -0.83111626
v -0.45760953 0.24524316 -0.55295599
v 0.41381130 0.27236912 -0.47623852
v 0.45353156 -0.21310133 -0.49362990
v -0.41396683 0.22403058 -0.82202536
v -0.37201720 0.27504250 -0.79766071
v 0.10980593 0.23902258 0.81113082
v 0.14386600 -0.22959040 -0.80588347
v 0.44924900 0.22992000 0.52052701
v 0.44831184 0.23701255 0.45239246
v -0.45466366 -0.22641699 0.16270573
v -0.38486049 0.21951307 0.83427978
v 0.45606542 -0.17610177 -0.68046451
v -0.43720058 0.18062305 -0.83505648
v -0.43546700 -0.09382530 -0.82838303
v 0.43834502 -0.23938033 -0.38256773
v -0.44664031 0.24374576 0.17975445
v 0.44454563 -0.21389820 0.82216710
v -0.09468441 -0.27721769 0.80382651
v -0.09468180 -0.22705901 -0.80853403
v -0.45293480 0.22499394 -0.76315415
v -0.44271260 -0.20792776 -0.77460510
v -0.46358234 0.23639315 -0.58703828
v -0.05234568 0.21077417 0.83471847
v -0.46540430 0.23822126 -0.45070425
v 0.42678905 0.25606269 -0.75777471
v 0.43552440 -0.14290811 -0.82077587
v -0.00897083 -0.18881817 -0.82800007
v 0.12685174 0.27220267 -0.80974531
v -0.17987485 -0.25933531 0.82565367
v -0.08719629 0.21050480 0.83527762
v -0.12874138 0.27683064 -0.81547749
v -0.24803239 0.27765122 -0.81677198
v 0.45136762 0.22722194 0.46941760
v -0.44760600 0.22718200 0.62276202
v -0.45497701 -0.11086500 -0.80853403
v -0.44432083 0.24263200 0.33311406
v 0.44923082 -0.25538620 0.45230758
v -0.44331479 -0.20560394 0.74853396
v 0.45669758 0.22522165 -0.32306087
v 0.45219040 -0.04481206 0.82392329
v -0.43347758 0.25078994 -0.05211489
v 0.42915630 -0.25451761 0.25868815
v 0.24609719 -0.21999267 -0.82105607
v 0.44989523 0.22760025 0.55461496
v 0.12684302 -0.27129486 0.80870098
v -0.01728642 -0.21879646 0.83742857
v 0.42898917 -0.24796364 -0.05034659
v -0.44956905 -0.24055423 0.29901668
v 0.43353501 0.07656710 0.84369600
v 0.45840997 -0.20760877 -0.35725537
v -0.33324566 -0.21373762 -0.81642783
v -0.11172140 -0.23266067 -0.78637785
v 0.44153738 0.24190603 0.52054811
v 0.43718562 0.16431886 -0.80358618
v 0.46234056 -0.23848549 0.36716285
v -0.45819393 -0.20865533 0.03467230
v -0.43137303 -0.22112776 -0.74101633
v -0.45072499 -0.22765000 -0.51886702
v -0.45003399 -0.22546700 -0.63814199
v -0.44127151 0.02535584 -0.84346193
v -0.44274265 -0.24769591 0.55463195
v -0.07764424 0.23925224 0.81399995
v 0.41109091 0.08343823 0.84657353
v 0.43023127 0.25437811 0.14422452
v -0.41623187 -0.14495422 0.84357613
v -0.40406877 0.19605897 0.83621275
v 0.44087869 -0.09385026 0.83962935
v -0.44347274 -0.12806149 -0.82193482
v -0.45250601 0.24451800 -0.09288580
v 0.44896811 -0.25173694 0.40123770
v -0.44874734 -0.23832692 -0.21220987
v -0.46661469 0.22303967 -0.64680213
v -0.11170232 0.27654728 -0.81516123
v 0.45250964 0.24326602 -0.29735577
v 0.22905827 -0.22001259 -0.82095361
v 0.44736901 0.24348401 0.17974199
v -0.45303440 -0.20824905 0.66515809
v -0.07764260 0.22966200 0.82500100
v 0.43236747 -0.23835066 -0.46779472
v -0.43452626 0.25469106 -0.32294995
v 0.45434293 -0.25660005 0.64066058
v 0.44347322 0.24952365 -0.68148917
v 0.44358984 -0.23838340 0.79324669
v 0.45387173 0.22991994 0.23913367
v 0.46613419 -0.22484875 0.66645962
v 0.44737601 0.22992000 0.62276202
v 0.26596925 -0.27914351 0.76720661
v -0.32925174 0.23823711 0.76253909
v -0.39740971 0.16001800 0.83909351
v -0.45053801 -0.22683400 -0.56998497
v -0.46495929 0.23785737 -0.36550587
v -0.41035512 -0.22110695 -0.76702803
v 0.28017503 -0.21994534 -0.82127118
v 0.24617527 -0.27207053 0.80586195
v 0.17796656 -0.27669260 0.80030179
v -0.17987800 0.22949199 0.82570499
v -0.45596227 0.24423581 -0.63814783
v -0.05179740 -0.18925765 -0.82707918
v -0.42642274 -0.24888676 -0.10987233
v 0.38241699 0.25937900 -0.80519301
v 0.46164587 -0.23728669 0.28196877
v 0.41373998 0.16079988 -0.83297706
v 0.43339893 0.25551677 0.07754219
v -0.28210908 0.21517986 0.83687103
v 0.45276949 0.17706102 -0.75749046
v 0.43044201 0.17787600 0.82829100
v 0.39147457 -0.18611440 0.83962101
v 0.30269864 0.21717016 0.82536846
v -0.14580210 0.23913093 0.81357712
v 0.44437909 -0.24295078 -0.13681147
v -0.46439692 0.23730567 -0.26327071
v -0.45799601 -0.21310000 -0.62110198
v 0.44321179 0.24628413 0.24792621
v -0.26507950 -0.22790642 -0.80529344
v 0.45858404 -0.25306788 0.65702271
v 0.23761266 0.28037822 -0.78801262
v -0.44864240 -0.23802343 -0.22924864
v -0.43364468 -0.23309892 -0.64724147
v -0.46328601 0.24091101 -0.43367100
v -0.43118951 -0.24910606 -0.03232734
v -0.43161795 -0.23818763 0.76622182
v 0.00757908 0.27423954 -0.81243294
v -0.46446270 0.20941557 0.03669313
v -0.45845219 0.24138194 -0.04175712
v 0.20561653 0.28244489 -0.76884794
v -0.37028930 -0.22503290 -0.80140680
v 0.44181269 0.22522144 -0.76463008
v -0.09468327 0.23917681 0.81392324
v 0.45086703 -0.11087810 0.82523793
v 0.45057401 -0.24705601 0.26493800
v 0.45190293 -0.03210618 -0.75640601
v 0.39044124 -0.26929766 0.76897711
v 0.39474523 0.26864567 -0.74938655
v -0.45962289 -0.20960176 -0.41663185
v 0.42849359 -0.25245267 0.16269444
v -0.46447957 0.23776737 -0.53592223
v -0.21394746 -0.27237201 0.81911480
v 0.45631427 0.20933674 0.32595673
v 0.44727367 0.25223500 -0.24623165
v -0.39563280 0.26979360 -0.78673905
v -0.28211299 -0.22599900 -0.80782098
v 0.38241658 -0.19325326 -0.83237183
v 0.44894201 0.22992000 0.53756601
v -0.43676469 0.21980323 0.72515810
v -0.40287170 -0.19977871 0.83640969
v 0.10358159 -0.23293696 -0.78591985
v -0.12876485 -0.22001271 -0.81865442
v 0.44308463 0.23893572 -0.71716094
v -0.26508632 -0.21779558 -0.81750232
v -0.45020831 -0.23948632 0.19678074
v 0.45971549 -0.23436999 0.07749671
v -0.31638554 -0.27037475 0.81898433
v 0.34847862 -0.22581296 -0.81485605
v 0.41198906 -0.08700430 0.84315825
v 0.46127599 -0.24444200 0.50348800
v -0.45094451 0.25016046 -0.45070407
v 0.37188220 -0.27112168 0.79111695
v -0.43330270 0.25457692 -0.29634649
v -0.14081770 -0.23907115 0.83210003
v 0.16092461 -0.27693537 0.80036497
v 0.43927553 0.20515031 -0.78535020
v 0.44423038 -0.25730467 0.52906179
v 0.45875701 -0.20954488 -0.33158076
v 0.26317644 0.27699184 -0.79895711
v -0.18014258 0.14021917 -0.84729344
v -0.11985779 -0.28063506 0.78612840
v 0.45183462 0.24433714 -0.61415178
v 0.46848348 0.03992786 0.74459183
v -0.43546700 -0.23117800 -0.67221999
v 0.39555445 0.27415970 -0.71490127
v 0.17794897 0.28122121 -0.78767556
v 0.45666367 0.22477411 -0.35688934
v -0.43978602 -0.22367650 -0.71643752
v 0.11837116 0.28168109 -0.78729975
v 0.16093740 0.22148059 0.82785207
v -0.00948657 0.23901407 0.81508261
v -0.30069643 -0.26195922 -0.08054982
v -0.44179818 -0.25510541 0.50354111
v 0.46210751 -0.23785806 0.33308393
v 0.43764061 0.24142194 -0.74046558
v -0.07808086 -0.17766415 0.84479779
v 0.44819021 0.25517908 -0.58702540
v -0.41844904 0.23387903 0.69822681
v -0.45250601 0.24733400 -0.31439599
v -0.41448197 0.24590486 0.37702513
v -0.42426983 0.00843500 0.82698989
v 0.43528420 -0.06794794 -0.82184321
v 0.43831950 -0.17460924 -0.80864924
v -0.43077365 -0.18082987 0.83396697
v -0.31619450 -0.21500698 -0.81666458
v 0.45761517 0.22533894 0.06046719
v -0.35747787 -0.23223636 -0.76410866
v -0.37096927 -0.16462284 0.84506279
v 0.09601598 -0.18725398 -0.83033878
v 0.46645209 -0.20865047 0.71237797
v 0.08401590 0.25563726 -0.82036841
v 0.28865400 -0.22632086 0.83510369
v -0.44764078 -0.23588878 -0.34851491
v 0.43351454 0.26557451 -0.47638404
v -0.02652585 0.23898889 0.81503582
v 0.26313612 -0.21997221 -0.82116073
v -0.32498056 -0.23159185 -0.78757167
v 0.45667404 -0.25650465 0.62753093
v 0.45761570 0.22542758 0.08624057
v -0.44282192 -0.25531209 0.46939945
v -0.09237173 -0.24190874 0.83125263
v 0.45217609 0.23868574 0.16272864
v -0.40564531 -0.24615243 -0.35789147
v 0.43341839 -0.23774403 0.80990601
v -0.46486053 0.23777723 -0.34846589
v -0.40928230 0.25941274 -0.80604011
v -0.45784467 0.20790261 0.62224537
v 0.44599101 0.22847600 0.70795798
v -0.43818861 -0.23998058 -0.38258293
v -0.44316226 -0.24266645 -0.14402166
v -0.11168961 -0.27160025 0.81699747
v -0.45978671 0.02463976 -0.80264610
v -0.43049392 0.26153913 -0.74300325
v 0.34808716 -0.27304256 0.78852749
v 0.42965388 0.20979379 0.81376803
v 0.41009501 -0.15371613 0.84139949
v -0.43122354 0.22076872 0.74462283
v 0.44886300 -0.24292600 0.00934962
v -0.46466747 0.21087223 0.00046245
v 0.41649500 0.00841012 -0.84780300
v 0.41106170 -0.18275017 -0.83527750
v 0.45651641 0.22992001 -0.01589469
v -0.39694846 -0.26290512 0.76981020
v -0.41139305 -0.26281849 0.58037341
v -0.08792006 0.21536089 -0.83507317
v 0.44819087 0.25476697 -0.53590041
v -0.44100240 0.25853831 -0.68924743
v 0.16517912 -0.14786990 0.84680629
v -0.06667019 0.28364962 -0.70712394
v 0.45902303 -0.25339073 0.55453449
v -0.33370310 0.26700598 -0.81833738
v 0.47010416 -0.00765041 0.74813026
v -0.12876152 0.23913969 0.81370836
v -0.43170297 -0.25399119 0.67396015
v 0.44714600 -0.22874300 -0.43367100
v 0.09719799 -0.17853135 0.84454638
v -0.43513834 -0.25528774 0.29898906
v -0.43720147 -0.24050801 -0.39964104
v 0.07572559 0.23894513 0.81423461
v -0.44823498 -0.23806387 0.58007294
v -0.45997947 0.22647762 0.33313113
v -0.19006947 -0.16798341 0.84587067
v -0.40162116 -0.26019236 0.80078888
v 0.43045416 0.11068963 -0.83397835
v 0.44523644 0.25307015 -0.05876993
v -0.33323100 0.22627600 0.82649702
v -0.45988429 0.20836057 0.57016855
v -0.07766471 -0.22448230 -0.81696320
v 0.11814704 0.22800894 0.82357687
v 0.45312107 0.22579244 0.40126550
v 0.45927766 -0.08756673 0.80179405
v 0.35888672 0.27058566 -0.78894687
v -0.45955405 -0.20947823 -0.32317728
v 0.43108064 0.05951975 0.84431648
v -0.22229400 0.23887375 0.81083995
v -0.24805288 0.23853703 0.80923069
v 0.35873696 0.24506335 -0.81575412
v 0.38196114 0.24508157 -0.81483209
v -0.04356410 0.22968800 0.82476598
v 0.40876561 0.26837057 -0.28587201
v -0.42732695 -0.25473455 0.72515386
v -0.44948086 -0.23448862 -0.26329079
v 0.45138305 0.20926046 0.70006770
v 0.00228359 -0.28137669 0.78678781
v 0.45866486 -0.19198142 -0.39096048
v -0.43222585 0.25054300 -0.01305148
v -0.40753832 -0.24949595 -0.22032481
v 0.22909991 0.23909105 0.80773479
v -0.45872197 -0.20923047 -0.06752972
v -0.46766335 0.12787744 -0.72151554
v -0.44268742 -0.25419384 0.38416031
v -0.43276900 0.09363911 -0.84605145
v 0.41219920 0.24356790 0.63830543
v -0.45193562 0.11450095 0.74066234
v -0.17988457 0.23913579 0.81282479
v -0.39036602 0.24887361 -0.81596899
v -0.43546700 -0.00862912 -0.84163302
v -0.00948562 0.22971700 0.82453197
v 0.46223104 -0.23815063 0.35012263
v -0.27393264 0.27995467 -0.80629045
v -0.39937136 -0.21082021 0.83266360
v 0.45719600 0.20911087 0.29027367
v 0.43122908 0.26417550 -0.32172149
v -0.22104023 0.24398005 -0.83027142
v -0.44810501 -0.07678610 -0.82349998
v 0.16968527 -0.26194078 0.81526512
v -0.39473099 -0.26479781 0.69291377
v 0.45476449 0.22593237 0.26494551
v 0.42890954 -0.24658519 -0.11841179
v 0.39493069 0.05039804 -0.84998071
v -0.14353001 0.27995774 -0.80409718
v 0.08426946 -0.23731914 0.83245462
v -0.44642392 0.23705217 0.53807443
v -0.12873109 -0.27170259 0.81743068
v -0.43270227 0.25178626 -0.10008912
v 0.43002683 0.25455686 0.17979711
v -0.45402399 -0.12790400 -0.80853403
v 0.41569397 -0.09385046 -0.85062104
v 0.44685915 0.05954289 0.83537704
v -0.45854536 -0.20908257 -0.03344734
v 0.45690343 0.22493942 -0.25417760
v -0.43493846 -0.20841172 0.78878486
v -0.26602483 0.23833673 0.80817604
v 0.46853623 -0.11135528 0.74620605
v 0.32114497 -0.26332355 0.24028024
v 0.46480647 -0.22457054 0.42084783
v 0.45400983 -0.16174367 0.80684823
v 0.44559643 -0.23690496 -0.36647487
v 0.30937117 0.24014471 0.79052782
v -0.11214743 0.15547734 0.84769869
v -0.11172248 0.23915692 0.81382173
v -0.45932207 -0.21052632 -0.28031757
v 0.44131076 -0.20933437 -0.72342551
v 0.43501708 0.25638533 0.02642564
v -0.33019257 -0.27802351 0.76036388
v 0.44799799 0.24426100 0.11158500
v 0.45827380 0.20790163 0.24058729
v 0.44736460 0.25237718 -0.26327050
v 0.41524929 -0.07678822 -0.85084718
v -0.00627583 0.18620957 -0.83997846
v 0.44697315 0.04249544 0.83517635
v -0.37714112 0.21394089 -0.83303612
v 0.44140032 0.17890233 0.81069225
v 0.44578981 0.25546610 -0.22916423
v 0.43154728 -0.21586695 -0.70634729
v 0.39163575 0.13467899 -0.84015030
v 0.32201332 0.18941769 0.83564991
v -0.44346902 -0.24426547 -0.05882682
v 0.44095695 0.26060501 -0.38253540
v 0.16920431 -0.18545969 -0.83178073
v -0.46132848 0.23987770 -0.02469189
v -0.42468384 -0.05961048 0.83706838
v 0.27414733 -0.18950057 -0.83184803
v -0.44284263 -0.25446215 0.40120032
v -0.00058126 0.28227884 -0.78560102
v -0.45780283 0.23912607 0.09457090
v -0.46203774 0.23211531 0.11160494
v -0.41331261 0.23826656 0.66637760
v -0.45843962 0.24243112 -0.10991259
v 0.46693265 -0.06507300 0.28216431
v 0.43488500 0.12845699 0.83983600
v 0.41650158 0.05084696 -0.84673548
v -0.44208425 -0.22704154 0.73117018
v 0.40617394 -0.22103037 -0.73422045
v -0.44328520 -0.24558149 0.00933044
v 0.43118572 0.26280534 -0.25609913
v 0.33472779 0.27483630 -0.79682797
v -0.12045193 0.26151568 -0.82423115
v -0.41959968 0.08511167 0.82597518
v 0.45714048 0.22389700 -0.22049612
v -0.32357863 0.24492933 -0.82779860
v -0.42328838 -0.04257494 0.83658999
v 0.44622201 -0.17902200 0.82402003
v 0.43353924 -0.25090736 0.13684721
v -0.46019524 0.21113759 0.52054942
v 0.45609859 -0.19217747 -0.64728719
v 0.42806146 -0.25025547 0.05180386
v 0.43550310 -0.23925388 -0.41665938
v 0.39950430 0.22206238 0.80956227
v 0.46147630 0.05073600 0.79769653
v 0.45502582 0.20446061 -0.69880450
v 0.38813463 0.09456496 -0.84770924
v -0.44865444 -0.23386011 -0.29956126
v 0.41380399 0.27191135 -0.69552648
v -0.36712828 0.23768540 0.72858661
v -0.42725611 0.24425969 0.41837215
v 0.42843890 0.23299989 -0.80096972
v 0.46180826 -0.23744181 0.29900661
v -0.43838325 0.22263248 0.70811027
v 0.11811114 0.25467315 -0.81973588
v -0.45780843 -0.08754016 -0.80496275
v -0.41321322 -0.17797744 -0.81660259
v 0.34833801 -0.21310000 -0.82440400
v -0.17987119 0.27743298 -0.81628340
v -0.45250601 0.24620099 -0.21216100
v -0.41853404 0.26456913 -0.78806108
v -0.16283447 -0.25891194 0.82567137
v 0.11144937 0.14640121 -0.84693962
v 0.46285230 0.11308973 0.02809299
v -0.32282743 0.23446420 0.80663395
v -0.35534245 -0.26776773 0.33349940
v 0.44131246 -0.24192579 -0.24625923
v 0.42822599 -0.05974680 -0.84044498
v 0.17554653 0.14279713 0.84782743
v -0.44785500 -0.09382530 -0.82189000
v 0.25463188 -0.22821550 0.83467191
v 0.30618173 -0.20991786 -0.82584608
v 0.41183561 0.24750461 0.51180786
v 0.41003796 0.26427791 -0.12712348
v -0.21404159 -0.22207324 -0.81801009
v 0.35297021 -0.18921909 0.84132725
v -0.44866988 0.25324225 -0.48789862
v 0.46753731 -0.06965529 0.35666972
v -0.26509336 -0.27426761 0.81434715
v -0.44674999 -0.23454627 0.64550620
v -0.40155026 0.25738454 -0.04164833
v -0.41392961 -0.08634666 -0.83338171
v 0.45725679 0.22394116 -0.17765766
v 0.05015951 0.21007685 0.83358794
v 0.45833591 -0.18985179 -0.42785272
v 0.42716175 0.24055204 0.68866152
v -0.14579999 -0.22682600 -0.80853403
v -0.41360205 -0.23852386 -0.59557289
v -0.45722830 0.07596727 -0.80134928
v 0.25695741 -0.23301512 -0.78609651
v 0.34359542 -0.19344471 -0.83176553
v -0.39849344 0.25637436 0.00889210
v 0.43582192 0.25487506 0.04344312
v 0.44647300 -0.22788300 -0.46774900
v 0.33326802 -0.25836584 0.06685696
v -0.41885841 -0.25418049 0.77618110
v -0.24137260 0.28134933 -0.78749275
v 0.28852138 0.27783278 -0.44729319
v -0.18823805 0.16249231 0.84606946
v 0.45584437 -0.21076569 -0.44374523
v 0.29957494 0.27951598 -0.78551352
v 0.04163098 0.23933282 0.81463808
v 0.07610877 0.12391879 0.85315669
v 0.45742857 0.22409542 -0.10991800
v -0.15342459 0.21116766 0.83610237
v -0.42269942 0.17518616 0.80329072
v 0.00755362 -0.22752400 -0.80853403
v -0.40840521 -0.25334796 -0.06724056
v 0.27239442 -0.09289446 -0.85069799
v 0.43882531 0.13984126 -0.80502397
v -0.42951840 0.24326949 0.45497620
v 0.41195127 0.24485590 0.59693658
v -0.05191099 0.12944016 -0.84898007
v -0.45771271 -0.20847610 0.13694562
v 0.19500838 -0.27638078 0.80028415
v 0.38894853 0.24296965 0.68676293
v -0.45980892 0.24211639 -0.62156260
v 0.22746286 -0.18160026 0.84342533
v -0.47146925 0.05983362 -0.61567920
v -0.36217645 0.27387390 -0.60410506
v -0.47057331 -0.02036482 -0.66931683
v -0.23965335 0.14586952 -0.84644264
v -0.45598772 0.24364215 -0.65518725
v -0.42613178 -0.23936462 0.79319495
v 0.45993873 -0.23555224 0.12973672
v 0.42311698 -0.26142001 0.55868804
v 0.42883706 0.25052285 0.32426682
v -0.19259959 0.25735709 0.19527018
v -0.35587281 0.27626848 -0.68928051
v -0.44839764 -0.24188720 0.48645854
v -0.46232873 0.07293259 0.57964551
v -0.46101990 -0.12047502 0.43805262
v -0.32348770 0.18203118 0.84203774
v -0.46052444 -0.11990416 -0.78728044
v 0.45802069 -0.22711350 -0.19516227
v 0.29445955 0.13703229 -0.84379911
v -0.44840601 0.22842300 0.58868402
v 0.46128088 -0.22227901 0.02856528
v 0.23757462 0.19327419 0.83566839
v 0.41145271 -0.10908160 -0.85009271
v 0.27997145 0.12255491 0.84865940
v 0.46444020 0.09420173 0.19802549
v 0.09277486 0.27278531 -0.81043124
v 0.46765888 0.06488525 0.58663148
v 0.31426406 -0.22680672 -0.81511700
v 0.26078975 0.10492154 -0.85075611
v 0.46081498 -0.23642057 0.19677305
v -0.44062671 -0.10230093 0.79810864
v 0.15387581 0.28283867 -0.76750112
v -0.46534386 -0.07454352 -0.77452070
v 0.45257697 0.02920160 -0.75652915
v 0.46059516 0.12469433 -0.25174761
v -0.39427960 -0.24202734 -0.52659380
v -0.20614280 0.27964443 -0.80725342
v -0.28006122 -0.27939290 0.63762194
v 0.46346033 -0.22567096 0.24588816
v -0.46480647 -0.01999140 0.35223976
v 0.33077946 -0.09691258 -0.85145402
v 0.45790148 -0.08621256 -0.69137877
v 0.45626625 0.22529005 -0.44209155
v 0.46258867 0.14328110 0.35727268
v -0.34203678 0.01911739 -0.85120922
v 0.41177440 0.01761531 0.84517449
v 0.46333143 -0.22529066 0.21171422
v -0.18232256 -0.28247845 0.73262876
v -0.46021789 0.12258615 0.69233102
v -0.16255836 -0.20696001 -0.82165051
v -0.15549539 -0.03600835 0.85288990
v -0.45619333 -0.09894887 0.71101755
v 0.36420399 -0.23364681 -0.71659487
v -0.47187331 0.02335172 -0.41636115
v -0.14577408 0.27142867 -0.82168776
v 0.42645508 -0.26225531 0.68332469
v -0.46680170 0.21108679 -0.29754645
v -0.47047362 -0.05191525 -0.57575148
v -0.42527977 -0.25491804 0.74221605
v -0.22315150 0.21330452 0.83693254
v -0.41245922 0.24921966 0.25330439
v 0.45618546 0.18859735 -0.65967083
v -0.39716500 -0.11884759 0.84589511
v 0.06818663 -0.05156331 -0.85102183
v -0.44385591 -0.11103173 -0.82389271
v -0.35407791 -0.27423942 0.65519863
v 0.43832669 -0.22320567 -0.62115806
v 0.46416286 -0.20819411 0.74790210
v 0.45181623 0.20923498 0.66604382
v 0.40948758 0.27053273 -0.37435988
v -0.46033359 -0.19455837 -0.64658976
v -0.21392052 0.00715576 -0.85208642
v -0.44875401 0.20508376 0.72972268
v 0.28373557 -0.18496314 0.84252530
v -0.47151208 0.02388384 -0.34008947
v -0.38601387 0.26219714 -0.19543999
v -0.46734273 0.22256701 -0.54974329
v 0.45694152 -0.19231212 -0.56182796
v 0.32188019 -0.22086030 0.83712232
v -0.19315064 0.07807117 0.85216594
v 0.05590903 -0.10059661 0.85086215
v 0.41161406 0.27458301 -0.59434748
v -0.46766958 0.05419381 0.14513643
v 0.44919479 0.17155527 0.78799874
v 0.43330610 -0.25619644 0.35867709
v 0.17692573 -0.28124157 0.77133155
v -0.45983726 -0.11991717 0.54794365
v -0.44841820 -0.24011879 0.52054155
v 0.01918524 0.12507574 0.85313296
v 0.45016938 -0.23537377 0.77562511
v -0.41365698 -0.01774477 -0.84407932
v 0.45596972 -0.13043672 -0.72060317
v 0.45093945 0.20992811 0.73502350
v -0.22987036 -0.22252283 -0.81716341
v 0.30621997 0.24603325 -0.81699753
v -0.45792150 -0.20851113 0.10291692
v -0.38261732 0.11045660 0.84150040
v -0.38668677 0.26406509 -0.29486465
v -0.06921067 0.28308508 -0.76440758
v 0.46617669 -0.22601266 0.61569679
v -0.39667544 -0.04854846 0.84561187
v -0.46056521 -0.19393668 -0.56336462
v 0.05723280 -0.28274330 0.76914608
v -0.46482095 0.11776606 0.34231448
v 0.16983606 -0.25039372 -0.44985488
v -0.20242207 -0.24179290 0.83105350
v -0.31170365 -0.24274407 -0.61687529
v -0.34132111 0.27951375 -0.78946567
v -0.46857235 -0.06211639 -0.21315727
v 0.44500229 0.25238129 -0.02468793
v 0.32581630 0.26375711 0.03806064
v 0.42500329 -0.24599162 -0.16107717
v -0.46602955 0.20947491 -0.18661475
v -0.36808768 0.27074453 -0.49454015
v 0.36633709 0.27929044 -0.69008869
v -0.37154689 0.16488592 -0.84386212
v 0.25336581 -0.24187872 -0.61415321
v -0.45637172 -0.20834202 0.33284894
v -0.26806647 -0.27269316 0.27391508
v -0.19733168 -0.26211515 -0.21074137
v 0.25814265 -0.27794114 0.67258513
v -0.40690228 0.25336787 0.10720177
v 0.19052263 0.26026180 0.26825252
v 0.35548699 -0.22049351 0.83598328
v 0.38918853 -0.23695016 -0.60599446
v -0.45051694 -0.15420148 -0.80927765
f 220 1178 100
f 556 1185 1288
f 1069 304 1458
f 1054 1069 1458
f 936 1054 436
f 1178 936 436
f 1178 436 1185
f 100 1185 556
f 100 1178 1185
f 1065 769 304
f 931 304 1069
f 931 1065 304
f 931 1069 1054
f 936 931 1054
f 1388 769 1065
f 1388 2000 769
f 931 1388 1065
f 220 931 936
f 220 936 1178
f 1080 2000 1388
f 1080 1388 931
f 220 1080 931
f 1288 1185 1610
f 1116 1054 1458
f 1494 1054 1116
f 1494 436 1054
f 1610 436 1494
f 1610 1185 436
f 304 472 517
f 304 769 472
f 769 871 472
f 871 2000 269
f 2000 871 769
f 1177 1610 1494
f 691 1610 1177
f 691 1288 1610
f 1529 304 517
f 1529 1458 304
f 1529 1116 1458
f 1494 1116 1529
f 871 1814 472
f 871 269 1814
f 598 1288 783
f 598 556 1288
f 1086 598 783
f 869 1086 1496
f 1549 1496 1094
f 1549 869 1496
f 835 1094 1346
f 835 1549 1094
f 616 1346 1033
f 616 835 1346
f 519 1033 1527
f 519 616 1033
f 460 1527 791
f 460 519 1527
f 100 556 598
f 1945 598 1086
f 1945 100 598
f 1945 1086 869
f 93 869 1549
f 93 1945 869
f 93 1549 835
f 616 93 835
f 1976 616 519
f 1976 519 460
f 616 1976 93
f 1606 783 1288
f 1555 783 1606
f 1555 1086 783
f 1555 1496 1086
f 1063 1496 1555
f 1063 1094 1496
f 1063 1346 1094
f 233 1346 1063
f 233 1033 1346
f 440 1033 233
f 440 1527 1033
f 1363 1527 440
f 1363 791 1527
f 691 1606 1288
f 1555 1606 691
f 1016 1063 1555
f 1845 1063 1016
f 1845 233 1063
f 440 233 1845
f 720 1976 607
f 607 791 696
f 607 460 791
f 720 696 1495
f 720 607 696
f 638 1495 1198
f 638 720 1495
f 756 1198 848
f 756 638 1198
f 952 848 1125
f 952 756 848
f 739 1125 1051
f 739 952 1125
f 739 1051 625
f 1571 625 1311
f 1571 739 625
f 607 1976 460
f 358 791 1363
f 358 696 791
f 1035 696 358
f 1035 1495 696
f 496 1495 1035
f 496 1198 1495
f 1344 1198 496
f 1344 848 1198
f 17 848 1344
f 17 1125 848
f 17 1051 1125
f 1236 1051 17
f 1236 625 1051
f 535 625 1236
f 535 1311 625
f 83 17 1344
f 1236 17 83
f 163 1695 242
f 163 242 1754
f 459 1571 526
f 459 526 313
f 459 313 1401
f 459 1401 1695
f 163 459 1695
f 1006 1805 627
f 526 1311 530
f 526 1571 1311
f 313 530 1030
f 313 526 530
f 1401 1030 937
f 1401 313 1030
f 1401 937 1635
f 1695 1635 1316
f 1695 1401 1635
f 1695 1316 905
f 242 905 1805
f 242 1695 905
f 1754 1805 1006
f 1754 242 1805
f 1680 1311 535
f 1680 530 1311
f 1651 530 1680
f 1651 1030 530
f 1109 1030 1651
f 1109 937 1030
f 1635 937 1109
f 1318 1316 1635
f 905 1316 1318
f 1805 905 627
f 1645 1109 1651
f 1645 1635 1109
f 1318 1635 1645
f 248 905 1318
f 248 627 905
f 163 1754 1168
f 163 1168 1184
f 163 1184 1115
f 314 744 1218
f 314 1218 1112
f 314 1115 744
f 314 163 1115
f 564 760 695
f 251 695 1652
f 251 564 695
f 1168 1006 1704
f 1168 1754 1006
f 1184 1704 878
f 1184 1168 1704
f 1115 878 1554
f 1115 1184 878
f 1115 1554 1508
f 744 1508 1114
f 744 1115 1508
f 1218 1114 760
f 1218 744 1114
f 1218 760 564
f 1112 564 251
f 1112 1218 564
f 1193 1006 627
f 1193 1704 1006
f 1193 878 1704
f 1554 878 1193
f 816 1114 1508
f 816 760 1114
f 695 760 816
f 1193 627 248
f 1709 1554 1193
f 1709 1508 1554
f 816 1508 1709
f 125 695 816
f 125 1652 695
f 314 1112 907
f 373 907 1711
f 373 314 907
f 373 1711 1742
f 373 1742 653
f 1415 1652 1169
f 1415 251 1652
f 686 1415 1169
f 437 686 1286
f 1068 1286 895
f 1068 437 1286
f 1068 895 1770
f 1431 1068 1770
f 1112 251 1415
f 907 1415 686
f 907 1112 1415
f 907 686 437
f 1711 437 1068
f 1711 907 437
f 1742 1068 1431
f 1742 1711 1068
f 1742 1431 1399
f 653 1399 1397
f 653 1742 1399
f 1536 686 1169
f 1286 686 1536
f 1557 1431 1770
f 1557 1399 1431
f 1231 1399 1557
f 1231 1397 1399
f 1536 1652 125
f 1536 1169 1652
f 1865 1286 1536
f 1865 895 1286
f 1865 1770 895
f 1557 1770 1865
f 990 1217 926
f 324 1217 990
f 1827 1451 1939
f 1727 1451 1827
f 1727 1079 1451
f 1314 1079 1727
f 926 1079 1314
f 926 1240 1079
f 1217 1240 926
f 324 1719 1217
f 1505 1195 269
f 1939 1195 1505
f 1451 1195 1939
f 1451 1839 1195
f 1079 1839 1451
f 1217 1965 1240
f 1719 1965 1217
f 1907 1813 1891
f 1907 1891 220
f 1878 1907 220
f 1878 95 1907
f 95 764 1907
f 95 319 764
f 1739 269 2000
f 1739 1505 269
f 1891 2000 1080
f 1891 1739 2000
f 220 1891 1080
f 1472 1505 1739
f 1472 1939 1505
f 1891 1472 1739
f 1813 1939 1472
f 1813 1827 1939
f 1813 1472 1891
f 1813 1727 1827
f 764 1727 1813
f 764 1314 1727
f 764 1813 1907
f 764 926 1314
f 319 926 764
f 319 990 926
f 319 324 990
f 1945 220 100
f 1932 1945 93
f 1932 93 1976
f 1878 220 1945
f 1932 1878 1945
f 169 720 638
f 169 1976 720
f 169 638 756
f 169 756 952
f 169 952 739
f 459 169 739
f 459 739 1571
f 169 1932 1976
f 107 1932 169
f 1983 459 163
f 306 459 1983
f 1928 169 459
f 1949 1928 459
f 306 1949 459
f 1983 163 314
f 191 306 1983
f 263 191 1983
f 263 1983 314
f 263 314 373
f 64 263 373
f 175 64 373
f 269 1195 1814
f 1195 1073 1814
f 1073 1488 944
f 1073 1627 1488
f 1627 1121 950
f 1384 1494 1529
f 1177 1494 1384
f 887 517 1150
f 1529 517 887
f 472 1150 517
f 1814 1150 472
f 1384 1529 887
f 86 1177 1384
f 86 691 1177
f 887 989 1563
f 887 1150 989
f 1150 1073 989
f 1814 1073 1150
f 1629 887 1563
f 1629 1384 887
f 989 766 1563
f 1073 766 989
f 1629 1563 1027
f 86 1384 1629
f 766 1027 1563
f 766 944 1027
f 944 766 1073
f 1639 1027 142
f 1639 1629 1027
f 944 142 1027
f 944 1488 142
f 1639 142 1038
f 1488 1038 142
f 1488 1627 1038
f 1405 1038 950
f 1405 1639 1038
f 992 1639 1405
f 992 1629 1639
f 375 1629 992
f 375 86 1629
f 1627 950 1038
f 1405 950 1578
f 950 1121 1578
f 1910 440 1845
f 1910 1363 440
f 1016 1555 691
f 86 1016 691
f 1981 1016 86
f 1981 1845 1016
f 1981 1910 1845
f 200 1910 1981
f 375 1981 86
f 1910 358 1363
f 1910 1035 358
f 1910 496 1035
f 83 496 1910
f 83 1344 496
f 535 1236 83
f 315 83 1910
f 315 1910 200
f 1645 1651 1680
f 248 1318 1645
f 1645 535 83
f 1645 1680 535
f 315 1645 83
f 273 248 1645
f 273 1645 315
f 125 816 1709
f 1709 1193 248
f 1709 248 273
f 224 125 1709
f 224 1709 273
f 1179 1231 1557
f 1179 1557 1865
f 1865 1536 125
f 1614 1865 125
f 1179 1865 1614
f 1614 125 224
f 56 1179 1614
f 1240 1839 1079
f 1240 1965 1839
f 1965 1919 1839
f 1195 1627 1073
f 1919 329 1839
f 1195 329 1627
f 1195 1839 329
f 329 1121 1627
f 1208 1832 1968
f 1832 1924 1408
f 1408 1924 442
f 442 1924 1228
f 1924 1161 1228
f 1551 1405 1578
f 992 1405 1551
f 1121 1551 1578
f 1121 1586 1551
f 992 1551 1354
f 1586 1354 1551
f 1586 1208 1354
f 1362 1354 1968
f 1362 992 1354
f 1208 1968 1354
f 1362 1968 1832
f 375 992 1362
f 629 1832 1408
f 629 1362 1832
f 375 1362 629
f 1078 1408 442
f 629 1408 1078
f 7 375 629
f 1228 1078 442
f 15 1078 1228
f 15 629 1078
f 15 7 629
f 1844 1228 1161
f 15 1228 1844
f 7 1981 375
f 200 1981 7
f 326 200 7
f 321 315 200
f 321 200 326
f 280 321 326
f 273 315 149
f 280 315 321
f 149 315 280
f 1994 224 273
f 1994 273 149
f 182 224 1994
f 182 1614 224
f 177 1614 182
f 177 56 1614
f 329 1586 1121
f 329 1208 1586
f 329 1946 1208
f 1946 179 1208
f 1208 1924 1832
f 1924 1208 179
f 179 81 1924
f 1924 1584 1161
f 1924 110 1584
f 1924 893 110
f 1584 110 1026
f 110 951 1026
f 110 893 951
f 893 1690 951
f 893 428 1690
f 893 1535 428
f 1535 1394 428
f 1535 828 1394
f 1535 1464 828
f 1464 475 828
f 1351 1161 1584
f 1351 1844 1161
f 14 1844 1351
f 14 15 1844
f 15 14 7
f 7 14 1489
f 1026 1351 1584
f 1489 1351 1026
f 1489 14 1351
f 586 7 1489
f 1456 1026 951
f 586 1026 1456
f 586 1489 1026
f 1690 1456 951
f 586 1456 1690
f 849 1690 428
f 351 1690 849
f 351 586 1690
f 1394 849 428
f 351 849 1394
f 685 1394 828
f 643 1394 685
f 643 351 1394
f 475 685 828
f 643 685 475
f 360 326 7
f 360 7 586
f 360 586 351
f 5 351 643
f 5 360 351
f 57 326 360
f 57 280 326
f 282 280 57
f 282 149 280
f 192 149 282
f 192 1994 149
f 133 1994 192
f 133 182 1994
f 296 177 182
f 296 182 133
f 81 893 1924
f 81 247 893
f 247 1535 893
f 1535 49 1464
f 247 49 1535
f 355 653 1493
f 355 1493 1136
f 355 1136 1970
f 1383 1397 1787
f 609 1787 1278
f 609 1383 1787
f 609 1278 1049
f 1128 1049 30
f 1128 609 1049
f 1128 30 867
f 576 1128 867
f 653 1397 1383
f 1493 1383 609
f 1493 653 1383
f 1136 609 1128
f 1136 1493 609
f 1970 1128 576
f 1970 1136 1128
f 1970 576 457
f 1871 457 1181
f 1871 1970 457
f 1787 1397 1231
f 1266 576 867
f 1357 576 1266
f 1357 457 576
f 1389 457 1357
f 1389 1181 457
f 1179 1787 1231
f 1179 1278 1787
f 1123 1278 1179
f 1123 1049 1278
f 1123 30 1049
f 1123 867 30
f 1266 867 1123
f 114 1871 1057
f 114 1057 583
f 1447 1183 651
f 1374 1447 651
f 510 593 1058
f 483 510 1058
f 1871 1181 1183
f 1447 1871 1183
f 1057 1447 1374
f 1057 1374 1587
f 583 1587 719
f 583 1057 1587
f 583 719 593
f 510 583 593
f 1057 1871 1447
f 374 583 510
f 1287 1181 1389
f 1287 1183 1181
f 651 1183 1287
f 1239 1374 651
f 1232 1374 1239
f 1232 1587 1374
f 1232 719 1587
f 1151 719 1232
f 1151 593 719
f 1058 593 1151
f 238 1058 1151
f 238 483 1058
f 1239 651 1287
f 563 483 446
f 1485 563 446
f 502 925 1224
f 884 502 1713
f 884 1713 1776
f 563 510 483
f 1992 1485 1103
f 1992 563 1485
f 1992 1103 925
f 884 925 502
f 884 1992 925
f 374 510 563
f 374 563 1992
f 1889 1992 884
f 1889 374 1992
f 446 483 238
f 1679 1485 446
f 630 1485 1679
f 630 1103 1485
f 1335 1103 630
f 1335 925 1103
f 1224 925 1335
f 435 502 1224
f 1713 502 435
f 1679 446 238
f 435 1224 1335
f 891 884 1776
f 1406 1417 679
f 1406 679 1642
f 1887 1406 1642
f 1017 1887 1615
f 1962 1017 1615
f 1076 1962 874
f 1406 891 1417
f 1406 884 891
f 1017 1406 1887
f 1076 1017 1962
f 1889 884 1406
f 1017 1889 1406
f 1961 1017 1076
f 1961 1889 1017
f 597 891 1776
f 1365 891 597
f 1365 1417 891
f 679 1417 1365
f 1350 1887 1642
f 1615 1887 1350
f 1298 1962 1615
f 874 1298 865
f 874 1962 1298
f 350 1298 1615
f 350 865 1298
f 1076 874 1498
f 1682 1076 1498
f 76 1076 1682
f 76 1682 1336
f 1325 76 1336
f 1325 1336 1837
f 1514 1325 1837
f 1514 1837 662
f 1961 1076 76
f 295 76 1325
f 295 1325 1514
f 1160 295 1514
f 295 1961 76
f 1498 874 865
f 881 1498 865
f 881 1682 1498
f 1162 1682 881
f 571 1682 1162
f 571 1336 1682
f 1144 1336 571
f 416 1336 1144
f 416 1837 1336
f 1223 416 1155
f 1223 1837 416
f 1676 1223 1155
f 662 1223 1676
f 662 1837 1223
f 1666 881 865
f 1666 1162 881
f 571 1162 1666
f 1155 416 1144
f 1292 1514 662
f 1160 1514 1292
f 1475 1292 1785
f 1475 1160 1292
f 25 1160 1475
f 662 1676 1101
f 1292 662 1101
f 1785 1101 1703
f 1785 1292 1101
f 1785 1703 1933
f 1558 1785 1933
f 1475 1785 1558
f 1744 1475 1558
f 1744 1558 1881
f 1275 1744 1881
f 922 1744 1275
f 25 1475 1744
f 922 25 1744
f 449 25 922
f 1237 1558 1933
f 1853 1558 1237
f 1881 1853 823
f 1881 1558 1853
f 1219 1881 823
f 1219 1275 1881
f 456 1275 727
f 456 922 1275
f 1626 922 456
f 550 922 1626
f 550 449 922
f 829 449 550
f 727 1275 1219
f 196 1626 456
f 400 1626 196
f 400 550 1626
f 1502 550 400
f 1502 829 550
f 355 373 653
f 114 1970 1871
f 114 355 1970
f 175 373 355
f 1957 355 114
f 99 175 355
f 1957 99 355
f 374 114 583
f 28 114 374
f 28 1957 114
f 1914 374 1889
f 1914 28 374
f 1961 370 1889
f 370 1914 1889
f 1888 370 1961
f 301 295 1926
f 1888 1961 295
f 301 1888 295
f 341 1888 301
f 1926 295 1160
f 25 1926 1160
f 1905 1926 25
f 265 1926 1905
f 265 301 1926
f 284 301 265
f 284 341 301
f 1905 25 449
f 1024 284 265
f 1220 449 829
f 942 449 1220
f 942 1905 449
f 1196 1905 942
f 1310 1905 1196
f 1310 265 1905
f 1774 265 1310
f 1794 265 1774
f 1024 265 1794
f 1220 829 1502
f 958 1024 1794
f 1166 1024 958
f 227 940 69
f 1912 1940 234
f 675 454 1757
f 135 1940 1912
f 135 1407 1940
f 135 1757 1407
f 1194 675 1757
f 1194 1589 675
f 532 1757 135
f 532 1194 1757
f 113 1266 1123
f 113 1357 1266
f 113 1389 1357
f 56 1123 1179
f 113 1123 56
f 167 113 56
f 113 1287 1389
f 113 1239 1287
f 151 1239 113
f 151 1232 1239
f 151 1151 1232
f 151 238 1151
f 167 151 113
f 1993 151 167
f 597 1713 435
f 597 1776 1713
f 1823 238 151
f 1823 1679 238
f 1823 630 1679
f 1823 1335 630
f 1823 435 1335
f 940 435 1823
f 940 597 435
f 1823 151 1993
f 69 940 1823
f 1823 1993 69
f 290 679 1365
f 290 1642 679
f 290 1350 1642
f 290 1615 1350
f 350 1615 290
f 940 1365 597
f 290 1365 940
f 234 290 227
f 234 350 290
f 227 290 940
f 1666 865 350
f 732 571 1666
f 732 1144 571
f 732 1155 1144
f 1729 1676 1155
f 1940 1155 732
f 1729 1155 1940
f 234 1666 350
f 732 1666 234
f 1940 732 234
f 1729 1101 1676
f 1703 1101 1729
f 1665 1237 1933
f 1665 1853 1237
f 1685 1853 1665
f 1685 823 1853
f 1352 823 1685
f 1352 1219 823
f 1665 1703 1729
f 1665 1933 1703
f 1012 1685 1665
f 833 1685 1012
f 833 1352 1685
f 1729 1940 1407
f 1407 1665 1729
f 454 1665 1407
f 454 1012 1665
f 1075 1012 454
f 1075 833 1012
f 1757 454 1407
f 1110 1075 454
f 675 1110 454
f 1723 1219 1352
f 1723 727 1219
f 1582 727 1723
f 1582 456 727
f 1582 196 456
f 354 1352 833
f 79 1352 354
f 79 1723 1352
f 79 1582 1723
f 1630 1582 79
f 1630 196 1582
f 1630 400 196
f 1630 1502 400
f 354 833 1075
f 1141 1075 1110
f 1004 1075 1141
f 1004 354 1075
f 1004 79 354
f 1630 79 1004
f 918 1110 675
f 918 1141 1110
f 231 1141 918
f 1004 1141 231
f 1203 1630 1004
f 1589 918 675
f 231 918 1589
f 714 1589 1194
f 714 231 1589
f 714 1004 231
f 1203 1004 714
f 714 1194 532
f 330 1203 714
f 1937 1220 1502
f 1937 942 1220
f 1256 942 1937
f 1256 1196 942
f 1256 1310 1196
f 1975 1310 1256
f 1975 1774 1310
f 1975 1794 1774
f 958 1794 1975
f 1937 1502 1630
f 1166 958 1975
f 1396 1975 1256
f 969 1975 1396
f 969 1166 1975
f 1396 1256 1937
f 1203 1937 1630
f 1396 1937 1203
f 342 1396 1203
f 271 1396 342
f 8 69 1993
f 8 1993 161
f 216 69 8
f 216 227 69
f 348 227 216
f 1912 234 227
f 348 1912 227
f 138 1912 348
f 1922 1912 138
f 1349 532 135
f 1836 532 1349
f 1319 1836 1349
f 208 1319 1349
f 1922 135 1912
f 1349 135 1922
f 1574 208 1349
f 1132 1574 1349
f 490 1349 1922
f 707 1349 490
f 707 1132 1349
f 708 707 490
f 721 708 490
f 4 56 177
f 4 167 56
f 1993 167 161
f 167 4 161
f 403 532 1836
f 403 714 532
f 836 714 403
f 330 714 836
f 1319 403 1836
f 836 403 1319
f 836 1319 208
f 1980 208 1574
f 1980 836 208
f 1684 836 1980
f 1684 330 836
f 1980 1574 1132
f 1466 1132 707
f 1466 1980 1132
f 1819 707 708
f 1819 1466 707
f 1596 1466 1819
f 1596 1980 1466
f 1684 1980 1596
f 721 1819 708
f 1596 1819 721
f 205 1684 1596
f 342 1203 330
f 297 271 342
f 342 330 1684
f 297 342 1925
f 1925 1684 205
f 1925 342 1684
f 168 4 328
f 168 161 4
f 371 161 168
f 371 8 161
f 221 8 371
f 221 216 8
f 18 348 216
f 18 216 221
f 138 348 18
f 211 138 18
f 173 138 211
f 1603 490 1922
f 1736 490 1603
f 1736 721 490
f 1603 1922 138
f 1653 1736 1603
f 1253 1603 138
f 1455 1603 1253
f 1455 1653 1603
f 558 138 173
f 558 1253 138
f 669 1455 1253
f 684 669 1253
f 1294 1253 558
f 1294 684 1253
f 1706 1294 558
f 960 1294 1706
f 960 1071 1294
f 328 4 177
f 328 177 296
f 328 96 168
f 1031 1653 1455
f 669 1031 1455
f 665 684 1294
f 1071 665 1294
f 1596 721 1736
f 1643 1736 1653
f 1643 1596 1736
f 1618 1596 1643
f 1618 205 1596
f 1643 1653 1031
f 1643 1031 669
f 602 669 684
f 602 1643 669
f 1618 1643 602
f 602 684 665
f 1483 1618 602
f 1421 665 1071
f 1421 602 665
f 1483 602 1421
f 78 1618 1483
f 1421 1071 960
f 276 78 1483
f 78 1925 205
f 78 205 1618
f 78 46 1925
f 72 1329 324
f 72 1497 1329
f 1273 1497 72
f 1329 1719 324
f 1273 1212 1497
f 850 1212 1273
f 850 1315 1212
f 661 1315 850
f 661 857 1315
f 541 857 661
f 541 1714 857
f 964 1714 541
f 964 1284 1714
f 826 1284 964
f 826 789 1284
f 1329 1965 1719
f 1329 911 1965
f 1497 911 1329
f 1212 911 1497
f 1284 223 1714
f 789 223 1284
f 336 319 95
f 336 1654 319
f 1878 336 95
f 203 336 1878
f 1846 1654 336
f 203 1846 336
f 1712 1846 203
f 1654 324 319
f 1654 72 324
f 1654 1273 72
f 1846 1273 1654
f 1846 850 1273
f 1846 661 850
f 1846 541 661
f 964 541 1846
f 465 964 1846
f 465 826 964
f 1712 465 1846
f 1876 1878 1932
f 107 1876 1932
f 1876 203 1878
f 1712 203 1876
f 356 1712 1876
f 1928 107 169
f 1308 107 1928
f 1308 1268 107
f 109 1308 1928
f 109 1928 1949
f 650 109 1949
f 1931 650 1949
f 1931 1949 306
f 963 1931 306
f 963 306 191
f 1987 963 191
f 1987 191 263
f 799 263 64
f 799 1987 263
f 465 676 826
f 465 854 676
f 812 854 465
f 676 789 826
f 812 1450 854
f 932 1450 812
f 932 264 1450
f 1029 264 932
f 1029 939 264
f 676 223 789
f 676 610 223
f 854 610 676
f 1450 610 854
f 1450 1379 610
f 264 1379 1450
f 939 1379 264
f 939 1441 1379
f 356 788 1712
f 70 788 356
f 225 70 356
f 70 666 788
f 189 465 1712
f 189 812 465
f 788 189 1712
f 932 812 189
f 788 1457 189
f 599 932 189
f 599 1029 932
f 1457 599 189
f 599 920 1029
f 1201 1457 788
f 666 1201 788
f 225 404 70
f 946 920 599
f 786 599 1457
f 786 946 599
f 832 786 1457
f 632 1457 1201
f 632 832 1457
f 1154 1201 666
f 1154 632 1201
f 1015 666 70
f 1015 1154 666
f 404 1015 70
f 1164 786 832
f 632 1164 832
f 1669 1015 404
f 920 939 1029
f 786 525 946
f 632 1655 1164
f 1154 1655 632
f 1154 1000 1655
f 1015 1000 1154
f 1669 1000 1015
f 920 1441 939
f 946 1441 920
f 946 1648 1441
f 525 1648 946
f 525 1818 1648
f 786 1818 525
f 1164 1818 786
f 1164 1655 1818
f 245 356 1876
f 1951 1876 107
f 1951 245 1876
f 1951 1187 245
f 1509 225 356
f 245 1509 356
f 1874 1509 245
f 1044 1874 245
f 1459 245 1187
f 1459 1044 245
f 899 1459 1187
f 1438 1187 1951
f 1438 899 1187
f 225 1019 404
f 1509 1019 225
f 1509 1880 1019
f 1509 1534 1880
f 1874 1534 1509
f 1044 1332 1874
f 1459 1332 1044
f 1459 615 1332
f 899 615 1459
f 671 404 1019
f 671 1669 404
f 671 1019 1880
f 1064 1880 1534
f 1064 671 1880
f 1064 1534 1874
f 1332 1064 1874
f 1202 615 899
f 1202 899 1438
f 615 1202 1332
f 61 1951 107
f 1268 61 107
f 61 1573 1951
f 1001 61 1268
f 1137 1001 1268
f 1461 1137 1268
f 746 1268 1308
f 746 1461 1268
f 838 746 1308
f 1573 1438 1951
f 1274 1573 61
f 979 1274 61
f 1001 979 61
f 1556 1461 746
f 838 1556 746
f 1573 956 1438
f 1274 956 1573
f 1001 1834 979
f 1137 1834 1001
f 1137 800 1834
f 1461 800 1137
f 1461 1593 800
f 1556 1593 1461
f 1556 658 1593
f 838 658 1556
f 838 1192 658
f 956 1202 1438
f 979 956 1274
f 979 1834 956
f 962 1834 800
f 962 800 1593
f 658 962 1593
f 1192 962 658
f 1192 144 962
f 478 1308 109
f 478 838 1308
f 406 478 109
f 1528 406 109
f 1647 109 650
f 1647 1528 109
f 423 1647 650
f 644 650 1931
f 644 423 650
f 474 644 1931
f 1013 474 1931
f 478 1192 838
f 478 1143 1192
f 406 1143 478
f 406 1113 1143
f 1528 1113 406
f 1528 1107 1113
f 1647 1107 1528
f 1647 19 1107
f 423 19 1647
f 423 1385 19
f 644 1385 423
f 644 1621 1385
f 474 1621 644
f 474 872 1621
f 1013 872 474
f 1013 740 872
f 1143 144 1192
f 1113 144 1143
f 1107 144 1113
f 1107 1082 144
f 19 1082 1107
f 1385 1082 19
f 1385 1517 1082
f 1621 1517 1385
f 872 1517 1621
f 872 1595 1517
f 740 1595 872
f 740 930 1595
f 753 963 1987
f 1548 1931 963
f 1548 1013 1931
f 540 1548 963
f 538 540 963
f 753 538 963
f 1342 753 1987
f 1204 1342 1987
f 623 1987 258
f 623 1204 1987
f 866 538 753
f 1342 866 753
f 1409 623 258
f 1548 740 1013
f 1548 1425 740
f 540 1425 1548
f 540 458 1425
f 538 458 540
f 538 885 458
f 866 885 538
f 866 1817 885
f 1342 1817 866
f 1342 894 1817
f 1204 894 1342
f 1204 462 894
f 623 462 1204
f 623 673 462
f 1409 673 623
f 1425 930 740
f 458 930 1425
f 458 618 930
f 885 618 458
f 1817 618 885
f 1817 1099 618
f 894 1099 1817
f 462 1099 894
f 673 470 462
f 1409 470 673
f 470 1099 462
f 1023 799 64
f 1661 64 175
f 1661 1023 64
f 1355 1023 1661
f 799 258 1987
f 811 258 799
f 1023 130 799
f 1355 897 1023
f 1402 1355 1661
f 1402 1773 1355
f 811 1409 258
f 1781 811 799
f 130 1781 799
f 1320 130 1023
f 897 1320 1023
f 1561 897 1355
f 1773 1561 1355
f 811 582 1409
f 1781 582 811
f 130 1506 1781
f 1320 1506 130
f 582 470 1409
f 1781 1737 582
f 1506 1737 1781
f 1320 1737 1506
f 1320 349 1737
f 897 349 1320
f 897 1478 349
f 1561 1478 897
f 1773 1478 1561
f 1773 1708 1478
f 1402 1708 1773
f 582 150 470
f 1737 150 582
f 1708 1838 1478
f 1838 349 1478
f 1315 911 1212
f 1714 223 857
f 911 1919 1965
f 1315 1919 911
f 857 1919 1315
f 857 223 1919
f 1990 253 223
f 223 253 1919
f 253 329 1919
f 610 1990 223
f 1379 1990 610
f 1379 1764 1990
f 1441 1764 1379
f 1718 1764 1441
f 1718 489 1764
f 1764 1301 1990
f 489 1301 1764
f 1301 253 1990
f 489 1793 1301
f 595 1793 489
f 595 1673 1793
f 1673 712 1793
f 1301 1390 253
f 1793 1390 1301
f 712 1390 1793
f 712 441 1390
f 441 628 1390
f 1648 1718 1441
f 1818 1577 1648
f 1655 1577 1818
f 1648 657 1718
f 1577 657 1648
f 1655 213 1577
f 1000 213 1655
f 1000 1886 213
f 1669 1886 1000
f 657 489 1718
f 1332 1877 1064
f 1202 1877 1332
f 671 1886 1669
f 671 300 1886
f 1064 300 671
f 1064 1877 300
f 1202 187 1877
f 956 187 1202
f 956 1988 187
f 1834 1988 956
f 962 1988 1834
f 144 860 962
f 962 860 1988
f 144 272 860
f 1082 272 144
f 1082 94 272
f 1517 94 1082
f 1517 1972 94
f 1595 1972 1517
f 930 1972 1595
f 1972 279 94
f 94 279 272
f 930 65 1972
f 618 65 930
f 1099 65 618
f 1099 1950 65
f 470 1950 1099
f 470 2 1950
f 65 279 1972
f 1708 1849 1838
f 150 2 470
f 1737 197 150
f 349 197 1737
f 1838 197 349
f 150 197 2
f 1442 657 1577
f 1442 489 657
f 213 1442 1577
f 1442 595 489
f 1442 1982 595
f 213 1982 1442
f 1264 712 1673
f 595 1264 1673
f 1982 1264 595
f 1264 366 712
f 1982 366 1264
f 1982 912 366
f 213 912 1982
f 366 441 712
f 912 441 366
f 441 1722 628
f 912 1722 441
f 213 376 912
f 1886 376 213
f 253 1879 329
f 1879 1946 329
f 1879 1602 1946
f 1946 85 179
f 1602 85 1946
f 1602 368 85
f 1390 1879 253
f 628 978 1390
f 628 890 978
f 1390 1726 1879
f 1390 978 1726
f 978 913 1726
f 913 839 1726
f 1726 1602 1879
f 839 1378 1726
f 839 422 1378
f 1726 1047 1602
f 1726 1378 1047
f 1378 1214 1047
f 1047 368 1602
f 1214 1929 1047
f 279 244 272
f 279 249 244
f 65 116 279
f 1950 116 65
f 2 116 1950
f 2 115 116
f 116 249 279
f 1838 214 197
f 1849 214 1838
f 197 115 2
f 214 115 197
f 890 1469 978
f 1469 913 978
f 1469 397 913
f 397 839 913
f 422 1816 1378
f 1816 1214 1378
f 1722 890 628
f 912 1854 1722
f 912 376 1854
f 1722 1469 890
f 1722 1854 1469
f 1854 397 1469
f 397 1911 839
f 1854 1911 397
f 1854 48 1911
f 376 48 1854
f 1911 422 839
f 1911 1816 422
f 48 1816 1911
f 376 157 48
f 159 157 376
f 1816 896 1214
f 48 896 1816
f 48 157 896
f 896 1929 1214
f 896 1733 1929
f 157 1733 896
f 300 376 1886
f 300 159 376
f 1877 159 300
f 187 159 1877
f 1988 159 187
f 860 244 1988
f 1988 105 159
f 244 105 1988
f 244 860 272
f 85 81 179
f 85 247 81
f 368 1870 85
f 85 754 247
f 1870 754 85
f 754 49 247
f 1870 1433 754
f 1047 1667 368
f 1929 1790 1047
f 1790 1667 1047
f 1790 864 1667
f 1667 1870 368
f 864 577 1667
f 1199 577 864
f 1199 915 577
f 1667 1762 1870
f 1667 577 1762
f 915 731 577
f 731 466 577
f 1762 1433 1870
f 577 412 1762
f 466 412 577
f 466 718 412
f 116 267 372
f 250 267 116
f 214 250 115
f 115 250 116
f 1929 1468 1790
f 1468 1510 1790
f 1510 864 1790
f 1510 411 864
f 411 1199 864
f 1733 1468 1929
f 1733 1510 1468
f 1733 1371 1510
f 157 1371 1733
f 159 1671 157
f 1371 411 1510
f 157 1973 1371
f 1671 1973 157
f 1371 1199 411
f 1371 965 1199
f 1371 1973 965
f 1199 965 915
f 965 731 915
f 965 155 731
f 1973 155 965
f 155 466 731
f 1671 155 1973
f 155 718 466
f 155 1777 718
f 1671 1777 155
f 1671 202 1777
f 105 1671 159
f 105 202 1671
f 244 190 105
f 244 20 190
f 249 259 244
f 259 20 244
f 372 249 116
f 249 372 259
f 1560 175 99
f 1560 1661 175
f 334 1957 28
f 334 28 1914
f 1978 334 1914
f 1978 1914 370
f 12 1978 370
f 1888 12 370
f 181 12 1888
f 1923 310 1888
f 222 1888 341
f 1923 1888 222
f 185 341 284
f 185 222 341
f 1716 222 185
f 1716 1923 222
f 1623 284 1024
f 1265 284 1623
f 1233 185 284
f 1233 284 1265
f 820 185 1233
f 1791 185 820
f 1791 1716 185
f 578 1716 1791
f 898 1716 578
f 1337 1024 1166
f 1337 1623 1024
f 1326 1623 1337
f 1326 1265 1623
f 553 1265 1326
f 553 1233 1265
f 914 1233 553
f 914 820 1233
f 995 820 914
f 995 1791 820
f 1037 1791 995
f 1045 1791 1037
f 1045 578 1791
f 527 578 1045
f 527 898 578
f 153 1560 99
f 1020 99 1957
f 1020 153 99
f 153 831 1560
f 1779 153 1020
f 562 1402 1661
f 982 1661 1560
f 982 562 1661
f 704 982 1560
f 831 704 1560
f 1234 831 153
f 831 605 704
f 1234 605 831
f 153 1778 1234
f 1779 1778 153
f 1020 734 1779
f 949 562 982
f 410 982 704
f 410 949 982
f 646 704 605
f 646 410 704
f 1205 605 1234
f 1205 646 605
f 1778 1205 1234
f 953 1778 1779
f 734 953 1779
f 562 1708 1402
f 562 236 1708
f 949 236 562
f 410 236 949
f 1778 953 1205
f 734 1303 953
f 410 561 236
f 646 561 410
f 1205 561 646
f 953 561 1205
f 953 1996 561
f 1303 1996 953
f 882 1020 1957
f 334 882 1957
f 24 882 334
f 729 24 334
f 886 1020 882
f 787 24 729
f 787 803 24
f 886 1206 1020
f 1089 886 882
f 1360 882 24
f 1206 734 1020
f 882 1334 1089
f 1360 1334 882
f 24 520 1360
f 803 520 24
f 700 1206 886
f 1453 886 1089
f 1453 700 886
f 1334 1453 1089
f 1313 1334 1360
f 520 1313 1360
f 656 520 803
f 656 803 787
f 1206 1303 734
f 700 1303 1206
f 1334 1313 1453
f 520 698 1313
f 656 698 520
f 1453 1303 700
f 1453 819 1303
f 1313 819 1453
f 698 819 1313
f 656 1935 698
f 729 334 1978
f 12 1420 1978
f 1420 729 1978
f 1305 1420 12
f 1410 729 1420
f 1410 1683 729
f 1254 1420 1305
f 1347 787 729
f 622 1347 729
f 1241 622 729
f 1683 1241 729
f 1097 1410 1420
f 948 1097 1420
f 1254 948 1420
f 170 787 1347
f 170 656 787
f 1324 1347 622
f 1324 170 1347
f 796 622 1241
f 796 1324 622
f 1473 1241 1683
f 1473 796 1241
f 473 1683 1410
f 473 1473 1683
f 1418 1410 1097
f 1418 473 1410
f 531 1097 948
f 531 1418 1097
f 73 948 1254
f 73 531 948
f 170 1935 656
f 170 47 1935
f 1324 47 170
f 796 47 1324
f 796 692 47
f 1473 692 796
f 473 692 1473
f 1418 692 473
f 1418 1622 692
f 531 1622 1418
f 73 1622 531
f 73 1808 1622
f 181 697 12
f 773 1305 12
f 697 773 12
f 1797 697 181
f 235 1797 181
f 536 1254 1305
f 738 536 1305
f 1070 1305 773
f 1070 738 1305
f 451 1070 773
f 694 773 697
f 694 451 773
f 841 694 697
f 845 697 1797
f 845 841 697
f 1735 1797 235
f 1735 845 1797
f 536 73 1254
f 1361 536 738
f 1070 1361 738
f 782 1070 451
f 195 451 694
f 195 782 451
f 841 195 694
f 634 841 845
f 1735 634 845
f 536 1808 73
f 1361 1808 536
f 1070 1868 1361
f 782 1868 1070
f 841 1021 195
f 634 1021 841
f 1868 1808 1361
f 195 1868 782
f 195 1021 1868
f 634 784 1021
f 1735 784 634
f 310 181 1888
f 310 779 181
f 779 1689 181
f 1649 779 310
f 1238 310 1923
f 1238 1209 310
f 235 181 1689
f 419 1649 310
f 1209 419 310
f 851 1209 1238
f 999 1735 235
f 1430 235 1689
f 1430 999 235
f 1894 1689 779
f 1894 1430 1689
f 1108 1894 779
f 1471 779 1649
f 1471 1108 779
f 419 1471 1649
f 1124 419 1209
f 851 1124 1209
f 999 659 1735
f 1430 659 999
f 1430 1353 659
f 1894 1353 1430
f 1894 1248 1353
f 1108 1248 1894
f 1108 929 1248
f 1471 929 1108
f 1471 26 929
f 419 26 1471
f 419 587 26
f 1124 587 419
f 851 633 1124
f 1124 1780 587
f 633 1780 1124
f 659 784 1735
f 1283 1923 1716
f 1283 1238 1923
f 702 1283 1716
f 1008 1238 1283
f 1947 1008 1283
f 702 1947 1283
f 1022 851 1238
f 1008 1022 1238
f 1863 1716 898
f 1863 702 1716
f 815 702 1863
f 1008 1811 1022
f 1947 1811 1008
f 1947 1581 1811
f 1947 1659 1581
f 1659 1947 702
f 1246 1659 702
f 1327 702 815
f 1327 1246 702
f 1022 633 851
f 1811 633 1022
f 497 1863 898
f 1211 815 1863
f 815 793 1327
f 645 815 1211
f 645 793 815
f 633 1620 1780
f 1811 1620 633
f 1581 1620 1811
f 1581 889 1620
f 1659 889 1581
f 808 1246 1327
f 382 1327 793
f 382 808 1327
f 645 382 793
f 649 898 527
f 649 497 898
f 717 1863 497
f 717 497 649
f 455 1863 717
f 1211 1863 455
f 969 1326 1337
f 553 1326 969
f 1140 914 553
f 995 914 1140
f 969 1337 1166
f 420 553 969
f 420 1140 553
f 420 995 1140
f 1971 995 420
f 1971 1037 995
f 1971 1045 1037
f 1971 527 1045
f 271 969 1396
f 420 969 271
f 297 420 271
f 991 1971 420
f 991 1890 1971
f 991 420 297
f 236 1849 1708
f 561 1849 236
f 561 274 1849
f 1996 274 561
f 1996 1885 274
f 698 1935 819
f 819 1996 1303
f 1935 164 819
f 819 1885 1996
f 164 1885 819
f 164 140 1885
f 47 164 1935
f 692 164 47
f 692 256 164
f 1622 256 692
f 164 256 140
f 1021 784 1868
f 1808 278 1622
f 1868 278 1808
f 784 278 1868
f 1622 278 256
f 784 29 278
f 1353 784 659
f 26 587 929
f 1248 784 1353
f 1248 29 784
f 929 29 1248
f 929 587 29
f 1780 29 587
f 1780 117 29
f 1807 29 117
f 1807 219 29
f 219 212 29
f 1620 117 1780
f 889 117 1620
f 1246 889 1659
f 1246 808 889
f 889 1807 117
f 808 1807 889
f 382 778 808
f 645 778 382
f 808 778 1807
f 778 1525 1807
f 778 1822 1525
f 909 1822 778
f 1807 1525 219
f 1822 318 1525
f 318 219 1525
f 1526 717 649
f 455 717 1526
f 1503 1211 455
f 1211 1092 645
f 1092 1211 1503
f 1526 527 1971
f 1526 649 527
f 1416 455 1526
f 1416 1503 455
f 1448 1503 1416
f 1448 1092 1503
f 1092 778 645
f 1092 1448 778
f 792 1448 1416
f 1448 792 778
f 1890 1526 1971
f 1890 1416 1526
f 479 1416 1890
f 479 792 1416
f 792 909 778
f 909 792 479
f 1139 479 1890
f 909 1688 1822
f 1688 479 1139
f 1688 909 479
f 433 1139 1890
f 1688 433 1822
f 433 1688 1139
f 984 433 1890
f 433 318 1822
f 433 405 318
f 405 433 984
f 1541 1890 991
f 1541 984 1890
f 405 1147 318
f 1147 984 1541
f 1147 405 984
f 1954 991 297
f 1856 991 1954
f 1954 297 1925
f 123 1954 1925
f 1752 1954 123
f 1752 1856 1954
f 1849 274 214
f 29 289 278
f 278 345 256
f 289 345 278
f 212 289 29
f 212 293 289
f 212 206 293
f 212 165 206
f 318 1745 219
f 1745 1698 219
f 1698 1697 219
f 219 165 212
f 1697 165 219
f 1697 1309 165
f 1309 1717 165
f 1717 307 165
f 307 1546 165
f 1276 1541 991
f 1147 1745 318
f 1147 755 1745
f 755 1541 1276
f 755 1147 1541
f 755 1698 1745
f 755 555 1698
f 555 755 1276
f 1934 1276 991
f 1276 1934 555
f 555 1697 1698
f 555 500 1697
f 500 555 1934
f 1856 1934 991
f 500 209 1697
f 209 500 1934
f 908 1934 1856
f 209 1309 1697
f 209 761 1309
f 761 1934 908
f 761 209 1934
f 761 1717 1309
f 761 1533 1717
f 1533 761 908
f 1862 908 1856
f 1533 307 1717
f 1533 680 307
f 680 908 1862
f 680 1533 908
f 1862 1856 1752
f 680 1546 307
f 680 421 1546
f 421 680 1862
f 184 1752 123
f 46 123 1925
f 184 123 46
f 1963 184 46
f 274 260 214
f 214 260 250
f 1885 294 274
f 140 294 1885
f 140 127 294
f 274 294 260
f 256 127 140
f 345 127 256
f 345 215 127
f 289 16 345
f 16 215 345
f 293 16 289
f 293 40 16
f 206 40 293
f 1546 1675 165
f 1675 1753 165
f 1753 1565 165
f 1565 1499 165
f 1499 206 165
f 1499 549 206
f 549 239 206
f 549 1213 239
f 1213 1637 239
f 1637 1613 239
f 421 1675 1546
f 421 399 1675
f 399 421 1862
f 1467 1862 1752
f 742 1862 1467
f 742 399 1862
f 399 1753 1675
f 399 742 1753
f 742 1565 1753
f 742 507 1565
f 507 742 1467
f 507 1499 1565
f 507 1515 1499
f 1515 507 1467
f 45 1752 184
f 1460 1752 45
f 1460 1467 1752
f 1515 549 1499
f 1515 626 549
f 626 1467 1460
f 626 1515 1467
f 626 1213 549
f 626 1701 1213
f 1701 626 1460
f 292 1460 45
f 1701 1637 1213
f 1701 1330 1637
f 1330 1460 292
f 1330 1701 1460
f 45 184 1963
f 1330 1613 1637
f 1330 1720 1613
f 1720 1330 292
f 1464 1282 475
f 1464 1333 1282
f 1464 1174 1333
f 1174 547 1333
f 1174 1293 547
f 1174 797 1293
f 1174 1631 797
f 1631 762 797
f 1631 1387 762
f 1631 966 1387
f 5 643 1377
f 1864 475 1282
f 1377 475 1864
f 1377 643 475
f 1333 1864 1282
f 1377 1864 1333
f 1173 1333 547
f 1173 1377 1333
f 1293 1173 547
f 612 1173 1293
f 612 1377 1173
f 5 1377 612
f 612 1293 797
f 581 797 762
f 1583 797 581
f 1583 612 797
f 5 612 1583
f 1387 581 762
f 1583 581 1387
f 1380 5 1583
f 1432 1387 966
f 1432 1583 1387
f 89 360 5
f 89 5 32
f 89 57 360
f 352 57 89
f 352 89 1979
f 352 282 57
f 217 282 352
f 217 192 282
f 194 133 192
f 194 192 217
f 152 133 194
f 152 296 133
f 49 1174 1464
f 49 1938 1174
f 1938 1631 1174
f 1938 1376 1631
f 1631 1345 966
f 1631 1772 1345
f 1345 1772 703
f 1772 566 703
f 566 1370 765
f 1772 1370 566
f 1370 452 765
f 1772 1306 1370
f 1370 1512 452
f 1370 1306 1512
f 1306 1480 1512
f 1306 1638 1480
f 1306 1775 1638
f 1444 966 1345
f 1444 1432 966
f 103 1432 1444
f 103 1583 1432
f 1380 1583 103
f 703 1444 1345
f 103 1444 703
f 103 703 566
f 1100 566 765
f 1100 103 566
f 1380 103 1100
f 1100 765 452
f 1222 452 1512
f 1222 1100 452
f 1010 1380 1100
f 968 1512 1480
f 968 1222 1512
f 1847 1222 968
f 1847 1100 1222
f 1010 1100 1847
f 968 1480 1638
f 32 5 1380
f 1991 32 1380
f 281 32 1991
f 1991 1380 1010
f 1979 89 32
f 1979 32 281
f 101 217 352
f 101 352 1979
f 340 194 217
f 340 217 101
f 186 152 194
f 186 194 340
f 1376 1772 1631
f 1376 303 1772
f 1376 38 303
f 303 1306 1772
f 303 1866 1306
f 38 1866 303
f 1866 1775 1306
f 1775 1530 1638
f 1530 1829 471
f 1775 1829 1530
f 1829 1902 471
f 1829 1775 1848
f 1775 1915 1848
f 1829 604 1902
f 1829 1848 604
f 604 1815 1590
f 1848 1815 604
f 1915 1262 1848
f 1815 1279 1590
f 1848 1279 1815
f 1848 802 1279
f 1262 802 1848
f 802 910 1279
f 802 1579 910
f 1262 1579 802
f 1262 987 1579
f 1579 608 910
f 1579 427 608
f 427 1579 1663
f 1579 987 1663
f 875 1638 1530
f 875 968 1638
f 875 1847 968
f 471 875 1530
f 1423 875 471
f 1423 1847 875
f 1010 1847 1423
f 1423 471 1902
f 687 1902 604
f 687 1423 1902
f 1927 1423 246
f 1927 1010 1423
f 1590 687 604
f 246 1423 687
f 487 1590 1279
f 487 687 1590
f 246 687 487
f 1133 246 487
f 1927 246 1786
f 487 1279 910
f 748 1927 1786
f 608 487 910
f 1133 487 608
f 1133 1786 246
f 287 1991 1010
f 1999 1991 287
f 287 1010 1927
f 287 1927 748
f 55 287 748
f 1296 287 55
f 1296 1999 287
f 145 1999 432
f 10 1979 281
f 1074 1979 10
f 92 281 1991
f 10 281 92
f 92 1991 1999
f 92 1999 145
f 635 10 92
f 101 1979 1074
f 77 101 1074
f 467 340 101
f 467 101 544
f 1986 340 467
f 505 340 1731
f 505 186 340
f 1731 340 1986
f 1484 186 505
f 379 186 1484
f 1866 1915 1775
f 38 1915 1866
f 38 154 1915
f 1915 439 1262
f 154 439 1915
f 154 806 439
f 439 543 1262
f 1262 548 987
f 1262 1897 548
f 1262 1740 1897
f 1262 1761 1740
f 543 1761 1262
f 154 852 806
f 427 631 608
f 427 574 631
f 427 1663 574
f 987 1373 1663
f 1663 1437 574
f 1373 1437 1663
f 1373 743 1437
f 987 961 1373
f 961 743 1373
f 961 1463 743
f 1767 748 1786
f 856 748 1767
f 1142 608 631
f 1142 1133 608
f 1339 1133 1142
f 1339 1786 1133
f 1142 631 1426
f 542 1339 818
f 542 1786 1339
f 1755 1786 542
f 1767 1786 1755
f 1426 631 574
f 1426 1210 1142
f 1210 1339 1142
f 1210 1149 1339
f 1149 818 1339
f 1437 1426 574
f 1437 1625 1426
f 1625 1210 1426
f 1625 1130 1210
f 743 1625 1437
f 1463 1625 743
f 1463 1130 1625
f 801 1767 1755
f 498 1767 801
f 498 856 1767
f 542 1252 1755
f 1252 801 1755
f 1130 1149 1210
f 1130 818 1149
f 1130 391 818
f 391 542 818
f 391 1252 542
f 391 22 1252
f 22 801 1252
f 22 498 801
f 22 1449 498
f 1966 22 391
f 1966 1449 22
f 856 55 748
f 667 55 856
f 1296 55 667
f 432 1999 1296
f 1941 1296 667
f 985 1296 1941
f 985 432 1296
f 1358 432 985
f 1422 432 1358
f 1422 145 432
f 642 1941 667
f 654 856 498
f 589 856 654
f 589 667 856
f 642 667 589
f 1271 1941 642
f 1403 1941 1271
f 1403 985 1941
f 1403 1358 985
f 1403 1153 1358
f 1153 1422 1358
f 1153 693 1422
f 654 1798 589
f 1798 642 589
f 1798 1271 642
f 1798 1122 1271
f 1122 1403 1271
f 1122 919 1403
f 919 1153 1403
f 919 1952 1153
f 1952 693 1153
f 1449 654 498
f 1449 1798 654
f 635 92 1157
f 1516 10 635
f 1800 1074 10
f 1341 10 1516
f 299 10 1341
f 1800 10 299
f 880 145 1422
f 880 92 145
f 1251 92 880
f 1157 92 1251
f 880 1422 693
f 1091 1157 1251
f 807 1157 1091
f 807 635 1157
f 1851 635 807
f 1851 1516 635
f 983 1516 1851
f 983 1341 1516
f 1677 1341 983
f 1677 299 1341
f 710 299 1677
f 710 1800 299
f 693 592 880
f 592 1251 880
f 592 688 1251
f 688 1091 1251
f 688 1440 1091
f 1440 807 1091
f 1440 1851 807
f 1440 504 1851
f 504 983 1851
f 504 1857 983
f 1857 1677 983
f 1857 710 1677
f 1952 592 693
f 1952 172 592
f 172 688 592
f 172 1440 688
f 172 199 1440
f 199 504 1440
f 1842 710 1857
f 199 1857 504
f 199 1842 1857
f 1290 77 1039
f 1290 101 77
f 544 101 1290
f 357 1074 1800
f 1452 1074 357
f 1750 1074 1452
f 1750 77 1074
f 1393 77 1750
f 447 77 1393
f 1039 77 447
f 1263 544 1290
f 579 1800 710
f 579 357 1800
f 1229 357 579
f 1229 1452 357
f 1750 1452 1229
f 1750 736 1393
f 736 447 1393
f 736 870 447
f 870 1039 447
f 870 1381 1039
f 1381 1290 1039
f 1381 1028 1290
f 1028 1263 1290
f 1028 711 1263
f 710 565 579
f 565 1229 579
f 565 1750 1229
f 565 1487 1750
f 1487 736 1750
f 1487 870 736
f 1487 1600 870
f 1600 1381 870
f 1600 1340 1381
f 1340 1028 1381
f 1340 450 1028
f 450 711 1028
f 450 1077 711
f 1842 565 710
f 1842 1707 565
f 1707 1487 565
f 316 544 1263
f 1824 544 316
f 1042 544 1824
f 1042 467 544
f 804 467 1042
f 594 467 804
f 701 467 594
f 701 1986 467
f 1289 1986 701
f 1547 1986 1289
f 711 316 1263
f 711 523 316
f 523 1824 316
f 523 986 1824
f 986 1042 1824
f 986 409 1042
f 409 804 1042
f 409 539 804
f 539 594 804
f 539 1892 594
f 1892 701 594
f 1892 414 701
f 414 1289 701
f 1289 1096 1547
f 1077 523 711
f 1077 393 523
f 393 986 523
f 393 409 986
f 393 229 409
f 229 539 409
f 972 1289 414
f 1096 1289 972
f 1892 539 229
f 1892 972 414
f 229 972 1892
f 1731 1986 1547
f 1386 1731 1547
f 508 1731 1386
f 508 505 1731
f 1392 505 508
f 1429 505 1392
f 1429 1484 505
f 1435 1484 1429
f 1435 379 1484
f 709 379 1435
f 1096 728 1547
f 728 1386 1547
f 1429 591 1435
f 591 735 1435
f 735 709 1435
f 735 751 709
f 575 1386 728
f 575 508 1386
f 425 508 575
f 425 1392 508
f 425 1429 1392
f 591 1429 425
f 425 1249 591
f 1249 735 591
f 1249 751 735
f 1249 683 751
f 972 728 1096
f 972 575 728
f 548 961 987
f 548 493 961
f 493 1463 961
f 1897 493 548
f 1897 938 493
f 938 590 493
f 1740 938 1897
f 1740 240 938
f 240 590 938
f 1761 240 1740
f 1761 1040 240
f 1040 590 240
f 1040 1624 590
f 543 1040 1761
f 543 1825 1040
f 1825 1624 1040
f 439 1825 543
f 439 619 1825
f 619 1624 1825
f 806 619 439
f 806 863 619
f 863 344 619
f 852 863 806
f 852 847 863
f 847 344 863
f 590 1463 493
f 619 344 1624
f 1463 90 1130
f 90 391 1130
f 90 1966 391
f 590 90 1463
f 90 1916 1966
f 1624 90 590
f 232 1916 90
f 1624 1568 90
f 1568 232 90
f 344 1568 1624
f 1568 39 232
f 1966 1916 1449
f 1449 1122 1798
f 1449 824 1122
f 824 919 1122
f 824 1952 919
f 1916 824 1449
f 119 824 1916
f 39 1916 232
f 39 119 1916
f 119 139 824
f 824 172 1952
f 824 199 172
f 257 1842 199
f 257 43 1842
f 824 257 199
f 139 257 824
f 1707 1600 1487
f 43 1707 1842
f 43 362 1707
f 362 1600 1707
f 362 1340 1600
f 362 450 1340
f 362 323 450
f 450 393 1077
f 450 87 393
f 87 229 393
f 87 359 229
f 359 972 229
f 323 87 450
f 87 160 359
f 359 575 972
f 359 188 575
f 188 425 575
f 188 52 425
f 52 1249 425
f 52 291 1249
f 291 683 1249
f 160 188 359
f 27 168 96
f 27 371 168
f 106 371 27
f 106 221 371
f 243 221 106
f 243 18 221
f 211 18 243
f 288 173 211
f 75 211 243
f 288 211 75
f 1706 558 173
f 601 960 1706
f 1977 1706 173
f 513 601 1706
f 1977 173 288
f 568 1706 1977
f 568 513 1706
f 1005 513 568
f 1328 568 1977
f 722 1328 1977
f 900 1328 722
f 722 1977 288
f 1260 900 722
f 201 722 288
f 1482 722 201
f 1482 1260 722
f 152 328 296
f 96 328 152
f 928 1005 568
f 928 568 1328
f 900 928 1328
f 601 1421 960
f 1261 1421 601
f 1261 1483 1421
f 1261 601 513
f 276 1483 1261
f 1005 1261 513
f 975 1261 1005
f 975 276 1261
f 975 1005 928
f 1734 975 928
f 1678 975 1734
f 1678 276 975
f 1678 1955 276
f 1734 928 900
f 392 900 1260
f 392 1734 900
f 59 1734 392
f 1678 1734 59
f 392 1260 1482
f 255 1678 59
f 1955 46 78
f 1955 78 276
f 1 46 1955
f 1670 1955 1678
f 1 1955 1670
f 108 243 106
f 11 243 108
f 335 75 243
f 335 243 11
f 162 288 75
f 62 75 335
f 1995 75 62
f 1995 162 75
f 1960 288 162
f 1960 201 288
f 1175 1482 201
f 1597 201 1960
f 1597 1175 201
f 1532 1597 1960
f 37 1960 162
f 1872 1532 1960
f 266 1960 37
f 266 1872 1960
f 1331 1872 266
f 37 162 1995
f 1172 1331 266
f 1524 266 37
f 1531 266 1524
f 1531 1172 266
f 1524 37 1995
f 613 1531 1524
f 286 96 152
f 286 152 1852
f 1852 152 186
f 286 27 96
f 141 286 1747
f 106 27 286
f 141 106 286
f 108 106 141
f 1728 1175 1597
f 1728 1597 1532
f 1134 1532 1872
f 1134 1728 1532
f 1331 1134 1872
f 1172 1134 1331
f 1175 392 1482
f 980 392 1175
f 980 59 392
f 255 59 980
f 1670 1678 255
f 980 1175 1728
f 976 980 1728
f 976 255 980
f 1670 255 976
f 976 1728 1134
f 1875 1670 976
f 921 976 1134
f 1875 976 921
f 921 1134 1172
f 1828 1172 1531
f 1828 921 1172
f 1875 921 1828
f 1828 1531 613
f 1948 1875 1828
f 171 1 1670
f 171 1670 1875
f 13 1875 1948
f 13 171 1875
f 681 613 1524
f 1081 681 1524
f 1180 681 1081
f 104 1524 1995
f 1656 1524 104
f 1656 1081 1524
f 469 1081 1656
f 68 286 1852
f 378 68 1852
f 378 1852 1176
f 970 186 379
f 970 1852 186
f 1799 1852 970
f 1176 1852 1799
f 1747 286 68
f 1046 68 378
f 1009 68 1046
f 1009 1747 68
f 1479 1747 1009
f 1959 141 981
f 1959 108 141
f 757 108 1959
f 981 1747 1479
f 981 141 1747
f 757 11 108
f 380 335 11
f 1883 335 380
f 883 11 757
f 380 11 883
f 1474 380 883
f 88 1995 62
f 1883 62 335
f 480 62 1883
f 88 62 480
f 158 88 480
f 469 663 1081
f 663 1180 1081
f 88 104 1995
f 491 469 1656
f 491 663 469
f 1569 1656 104
f 1594 1656 1569
f 1053 1656 1594
f 1053 491 1656
f 381 1053 1594
f 1427 1594 1569
f 1050 1594 1427
f 1050 381 1594
f 1634 613 681
f 1634 1828 613
f 1948 1828 1634
f 1634 681 1180
f 663 1634 1180
f 1953 1634 663
f 1953 1948 1634
f 1833 1948 1953
f 13 1948 1833
f 1998 663 491
f 1998 1953 663
f 1833 1953 1998
f 1998 491 1053
f 1226 1053 381
f 1226 1998 1053
f 1544 1998 1226
f 1544 1833 1998
f 1658 1833 1544
f 1226 381 1050
f 34 171 13
f 1920 34 13
f 1658 13 1833
f 1591 13 1658
f 777 13 1591
f 777 1920 13
f 777 1591 725
f 825 1176 1799
f 1796 378 1176
f 1660 379 709
f 1660 970 379
f 533 970 1660
f 298 970 533
f 298 1799 970
f 448 1799 298
f 825 1799 448
f 395 1176 825
f 570 1176 395
f 690 1176 570
f 690 1796 1176
f 751 1660 709
f 751 741 1660
f 741 533 1660
f 533 1186 298
f 1186 448 298
f 1186 484 448
f 484 825 448
f 484 1588 825
f 1588 395 825
f 1588 1105 395
f 1105 570 395
f 570 1882 690
f 1895 533 741
f 1186 533 1895
f 683 741 751
f 683 1895 741
f 1895 484 1186
f 1895 143 484
f 143 1588 484
f 143 1105 1588
f 1105 337 570
f 337 1882 570
f 143 337 1105
f 683 143 1895
f 1046 378 1572
f 1572 378 1796
f 488 1796 690
f 443 1796 488
f 443 1572 1796
f 611 1572 443
f 611 1046 1572
f 994 1046 611
f 431 1046 994
f 431 1009 1046
f 1170 1009 431
f 503 1009 1170
f 503 1479 1009
f 1567 1479 503
f 488 690 1882
f 1904 994 611
f 431 994 1904
f 1025 1170 431
f 503 1170 1025
f 401 1567 503
f 1904 1921 431
f 1921 1025 431
f 1025 1913 503
f 1913 401 503
f 337 488 1882
f 337 443 488
f 611 1921 1904
f 1921 1913 1025
f 1913 768 401
f 337 611 443
f 337 1921 611
f 1479 516 981
f 516 1479 1197
f 1197 1479 1567
f 1247 981 516
f 1093 981 1247
f 1304 981 1093
f 1304 1959 981
f 494 1959 1304
f 1230 1959 494
f 1230 757 1959
f 1507 757 1230
f 1538 1567 401
f 1538 1197 1567
f 1810 1197 1538
f 1810 516 1197
f 971 516 1810
f 971 1247 516
f 1616 1247 971
f 1616 1093 1247
f 1721 1093 1616
f 1721 1304 1093
f 1492 1304 1721
f 1492 494 1304
f 1067 494 1492
f 1067 1230 494
f 902 1230 1067
f 902 1507 1230
f 1810 1120 971
f 1120 1616 971
f 768 1538 401
f 768 1810 1538
f 768 1120 1810
f 1120 331 1616
f 331 1721 1616
f 331 1492 1721
f 331 237 1492
f 237 1067 1492
f 237 902 1067
f 768 331 1120
f 1599 1883 380
f 664 380 1474
f 1507 883 757
f 1599 380 785
f 1323 883 1507
f 664 821 380
f 821 785 380
f 785 641 1599
f 641 790 1599
f 1323 1507 902
f 1007 883 1323
f 781 883 1007
f 781 1474 883
f 624 1474 781
f 624 664 1474
f 821 664 624
f 1592 785 821
f 641 785 1592
f 902 1748 1323
f 1748 1007 1323
f 1007 678 781
f 678 624 781
f 624 837 821
f 837 1592 821
f 837 641 1592
f 837 534 641
f 534 790 641
f 237 1748 902
f 1748 678 1007
f 678 837 624
f 60 1748 237
f 60 678 1748
f 60 277 678
f 277 837 678
f 277 534 837
f 277 193 534
f 1930 88 158
f 1672 1883 1599
f 997 1883 1672
f 959 1883 997
f 959 480 1883
f 706 480 959
f 1640 480 706
f 1518 480 1640
f 1518 158 480
f 1552 158 1518
f 1158 158 1552
f 1158 1930 158
f 790 1672 1599
f 706 1250 1640
f 1191 997 1672
f 959 997 1191
f 1250 774 1640
f 774 1518 1640
f 1552 1518 774
f 534 1672 790
f 534 879 1672
f 879 1191 1672
f 879 723 1191
f 723 959 1191
f 723 706 959
f 723 1974 706
f 1974 1250 706
f 1974 774 1250
f 1974 9 774
f 9 1552 774
f 9 1522 1552
f 1522 1158 1552
f 193 879 534
f 193 723 879
f 193 1974 723
f 42 9 1974
f 42 1522 9
f 42 1632 1522
f 42 36 1632
f 1043 88 1930
f 1043 104 88
f 1156 104 1043
f 974 104 1156
f 974 1569 104
f 1427 1569 974
f 1059 1050 1427
f 834 1156 1043
f 1520 1427 974
f 1646 1427 1520
f 1646 1059 1427
f 1129 1930 1158
f 1129 1043 1930
f 1129 834 1043
f 1127 1156 834
f 1111 1156 1127
f 1111 974 1156
f 1964 974 1111
f 1520 974 1964
f 363 1646 1520
f 955 1520 1964
f 955 363 1520
f 955 1454 363
f 955 903 1454
f 511 903 955
f 813 1129 1158
f 682 1129 813
f 682 834 1129
f 1127 834 682
f 1522 813 1158
f 1522 1632 813
f 1632 682 813
f 1632 1127 682
f 1632 1942 1127
f 1942 1111 1127
f 1942 955 1111
f 955 1964 1111
f 36 1942 1632
f 36 955 1942
f 36 1749 955
f 1749 511 955
f 36 945 1749
f 1059 1226 1050
f 798 1226 1059
f 798 1544 1226
f 840 1544 798
f 1658 1544 840
f 363 1059 1646
f 1454 1059 363
f 1454 798 1059
f 559 1658 840
f 1359 1658 559
f 903 798 1454
f 511 1795 903
f 1795 798 903
f 1795 840 798
f 1749 1795 511
f 1749 759 1795
f 759 840 1795
f 759 559 840
f 945 759 1749
f 945 1359 759
f 1359 559 759
f 291 143 683
f 291 131 143
f 131 337 143
f 131 118 337
f 118 74 337
f 74 1921 337
f 74 1913 1921
f 74 768 1913
f 74 1782 768
f 1782 331 768
f 1782 1835 331
f 1835 237 331
f 1835 60 237
f 1835 102 60
f 193 42 1974
f 1901 42 193
f 1901 377 42
f 1693 1566 945
f 42 1746 36
f 1746 945 36
f 1746 1693 945
f 42 124 1746
f 124 1693 1746
f 124 1412 1693
f 1412 1477 1693
f 1674 124 42
f 1674 1412 124
f 1412 904 1477
f 377 1674 42
f 1674 1382 1412
f 1382 904 1412
f 322 1658 424
f 322 1591 1658
f 424 1658 1359
f 1504 1591 322
f 1272 1591 1504
f 725 1591 1272
f 777 725 1117
f 945 941 1359
f 941 424 1359
f 1566 941 945
f 1566 689 941
f 689 424 941
f 689 322 424
f 1693 1118 1566
f 1118 689 1566
f 1118 1504 689
f 1504 322 689
f 1693 572 1118
f 572 1504 1118
f 572 1272 1504
f 1477 572 1693
f 1477 1032 572
f 1032 1272 572
f 1032 725 1272
f 1477 1117 1032
f 1117 725 1032
f 904 1084 1477
f 1084 1117 1477
f 1084 777 1117
f 904 384 1084
f 384 777 1084
f 754 1938 49
f 1433 41 754
f 754 41 1938
f 136 41 1433
f 136 1820 41
f 41 1376 1938
f 1762 136 1433
f 1762 522 136
f 412 522 1762
f 207 522 412
f 522 1633 136
f 749 1633 522
f 1633 1820 136
f 1633 1812 1820
f 718 1559 412
f 1559 207 412
f 207 621 522
f 621 749 522
f 749 715 1633
f 715 1900 1633
f 1900 1812 1633
f 1900 1126 1812
f 1126 1465 1812
f 250 80 267
f 1777 1559 718
f 1777 207 1559
f 1777 560 207
f 202 560 1777
f 560 621 207
f 621 805 749
f 560 805 621
f 202 305 560
f 805 715 749
f 805 677 715
f 560 677 805
f 560 305 677
f 677 1900 715
f 677 1126 1900
f 677 1611 1126
f 305 1611 677
f 1611 1465 1126
f 305 1906 1611
f 105 190 202
f 190 129 202
f 202 129 305
f 190 327 129
f 20 327 190
f 20 23 327
f 259 23 20
f 259 82 23
f 372 82 259
f 1820 325 41
f 41 38 1376
f 41 325 38
f 325 283 38
f 283 1903 38
f 1812 325 1820
f 1812 674 325
f 97 674 1812
f 674 283 325
f 674 492 283
f 492 1893 283
f 492 332 1893
f 1190 332 492
f 283 1893 1903
f 1465 97 1812
f 218 492 674
f 1190 1090 332
f 267 230 312
f 80 230 267
f 230 226 312
f 1465 647 97
f 1611 647 1465
f 1611 1906 647
f 647 674 97
f 647 461 674
f 1906 461 647
f 461 218 674
f 461 1608 218
f 1906 1608 461
f 218 514 492
f 1608 514 218
f 1608 1562 514
f 1906 1562 1608
f 305 1562 1906
f 305 176 1562
f 514 407 492
f 1562 407 514
f 407 1190 492
f 407 1553 1190
f 1562 1553 407
f 176 50 1562
f 1553 1090 1190
f 1562 512 1553
f 50 512 1562
f 1090 1601 332
f 1553 1601 1090
f 1553 512 1601
f 129 176 305
f 327 339 129
f 339 176 129
f 327 1855 339
f 23 1855 327
f 23 33 1855
f 82 33 23
f 82 54 33
f 372 312 82
f 267 312 372
f 82 6 54
f 312 6 82
f 1903 528 38
f 1903 1893 528
f 528 154 38
f 528 1732 154
f 528 1804 1732
f 528 1768 1804
f 1804 1375 1732
f 1768 935 1804
f 332 1969 1893
f 332 1088 1969
f 1893 1768 528
f 1893 1277 1768
f 1969 1277 1893
f 1969 1699 1277
f 464 1699 1969
f 1699 1700 1277
f 1277 1539 1768
f 1700 1356 1277
f 1088 1102 1969
f 1102 809 1969
f 809 464 1969
f 464 445 1699
f 445 546 1699
f 1694 546 445
f 546 1700 1699
f 546 1537 1700
f 1694 1537 546
f 1694 752 1537
f 134 752 1694
f 134 1570 752
f 1700 1060 1356
f 1537 1060 1700
f 752 1060 1537
f 54 1702 1052
f 312 226 6
f 6 1702 54
f 6 166 1702
f 6 1056 166
f 226 1056 6
f 226 1831 1056
f 230 1985 226
f 1985 1259 226
f 226 1034 1831
f 1259 1034 226
f 1985 311 1259
f 1601 1088 332
f 1601 924 1088
f 512 924 1601
f 924 1102 1088
f 924 1858 1102
f 512 1858 924
f 512 1215 1858
f 50 1215 512
f 1102 383 809
f 1858 383 1102
f 383 464 809
f 383 1789 464
f 1858 1789 383
f 1215 1789 1858
f 50 1989 1215
f 1789 445 464
f 1789 1694 445
f 1215 1694 1789
f 1215 134 1694
f 1215 1989 134
f 134 1607 1570
f 1989 1607 134
f 1989 1806 1607
f 339 320 176
f 339 254 320
f 176 320 50
f 320 1989 50
f 320 120 1989
f 320 1956 120
f 254 1956 320
f 254 998 1956
f 1989 1225 1806
f 120 1225 1989
f 1855 254 339
f 1855 1439 254
f 1855 178 1439
f 573 178 1855
f 254 67 998
f 1439 67 254
f 33 573 1855
f 33 1944 573
f 33 1052 1944
f 54 1052 33
f 154 1662 852
f 154 468 1662
f 1732 468 154
f 1732 1784 468
f 1375 1784 1732
f 1804 1414 1375
f 935 1414 1804
f 1768 58 935
f 1662 847 852
f 1662 827 847
f 827 388 847
f 468 827 1662
f 468 750 827
f 750 388 827
f 1784 750 468
f 1784 775 750
f 775 388 750
f 1784 1300 775
f 1375 1300 1784
f 1375 390 1300
f 1414 390 1375
f 1414 1189 390
f 935 1686 1414
f 1686 1189 1414
f 58 1686 935
f 58 557 1686
f 557 434 1686
f 388 344 847
f 1300 388 775
f 1300 361 388
f 390 1189 1300
f 1189 361 1300
f 434 1189 1686
f 434 1867 1189
f 388 1568 344
f 388 1908 1568
f 1908 39 1568
f 1908 111 39
f 361 1908 388
f 361 111 1908
f 1189 148 361
f 148 111 361
f 148 204 111
f 204 53 111
f 1867 148 1189
f 111 119 39
f 111 53 119
f 53 84 119
f 84 139 119
f 147 257 139
f 147 43 257
f 147 347 43
f 84 147 139
f 347 362 43
f 347 323 362
f 347 1909 323
f 323 160 87
f 1909 160 323
f 1909 128 160
f 112 52 188
f 112 291 52
f 112 1821 291
f 128 188 160
f 128 112 188
f 1768 1270 58
f 1539 1270 1768
f 1277 1364 1539
f 1277 1322 1364
f 1356 1322 1277
f 1356 973 1322
f 1270 557 58
f 1270 434 557
f 1270 1257 434
f 1270 1312 1257
f 1539 1312 1270
f 1364 1312 1539
f 1364 724 1312
f 1322 724 1364
f 1322 655 724
f 973 655 1322
f 1060 923 1356
f 752 923 1060
f 752 1018 923
f 752 198 1018
f 1570 198 752
f 1570 1462 198
f 1570 438 1462
f 1607 438 1570
f 1607 1806 438
f 1257 1867 434
f 1312 1867 1257
f 1312 1491 1867
f 724 1491 1312
f 655 1491 724
f 655 1598 1491
f 973 1598 655
f 1356 1809 973
f 1809 1598 973
f 1809 1564 1598
f 923 1809 1356
f 1018 1809 923
f 1018 1564 1809
f 1018 198 1564
f 198 1462 1564
f 1462 1617 1564
f 1462 438 1617
f 438 1585 1617
f 438 1216 1585
f 1806 1216 438
f 1216 1098 1519
f 1806 1098 1216
f 1491 148 1867
f 1491 1542 148
f 1542 204 148
f 1542 1163 204
f 1163 1803 204
f 1803 1936 204
f 1598 1542 1491
f 1564 1542 1598
f 1564 1163 1542
f 1564 1617 1163
f 1617 1585 1163
f 1585 1803 1163
f 1585 156 1803
f 1585 1519 156
f 1519 1585 1216
f 1225 1098 1806
f 1225 389 1098
f 1131 389 1225
f 204 1936 53
f 1936 84 53
f 268 84 1936
f 268 620 84
f 1803 156 1936
f 156 844 1936
f 844 268 1936
f 844 1604 268
f 1519 844 156
f 1519 389 844
f 389 868 844
f 868 1604 844
f 1604 1619 268
f 1619 620 268
f 1619 794 620
f 794 617 620
f 1098 389 1519
f 1131 868 389
f 868 780 1604
f 1036 868 1131
f 1036 780 868
f 780 1619 1604
f 385 780 1036
f 385 1619 780
f 672 1619 385
f 672 794 1619
f 998 794 672
f 998 617 794
f 67 795 413
f 67 988 795
f 1439 988 67
f 1439 1636 988
f 178 1636 1439
f 178 1041 1636
f 178 713 1041
f 573 713 178
f 573 1106 713
f 51 147 84
f 51 772 147
f 1917 639 147
f 620 51 84
f 772 1367 147
f 1367 1917 147
f 617 51 620
f 617 1668 51
f 1668 772 51
f 1668 430 772
f 430 1317 772
f 1317 1367 772
f 1317 429 1367
f 429 552 1367
f 552 1917 1367
f 552 495 1917
f 495 639 1917
f 495 524 639
f 413 617 998
f 413 1668 617
f 795 1668 413
f 795 430 1668
f 430 1104 1317
f 988 430 795
f 988 1104 430
f 1104 429 1317
f 1636 1104 988
f 1636 429 1104
f 1636 552 429
f 552 1041 495
f 1041 552 1636
f 1041 713 495
f 713 524 495
f 1106 524 713
f 1702 1725 1052
f 1944 1106 573
f 1944 1771 1106
f 1944 367 1771
f 1052 367 1944
f 1052 262 367
f 1052 1725 262
f 1702 1338 1725
f 639 347 147
f 639 1609 347
f 1609 1476 347
f 1476 1255 347
f 967 1609 639
f 1476 1511 1255
f 1511 1014 1255
f 524 1398 639
f 1398 967 639
f 967 1145 1609
f 1145 580 1609
f 580 1476 1609
f 580 600 1476
f 600 877 1476
f 877 1511 1476
f 1106 1398 524
f 1398 1771 967
f 1771 1398 1106
f 1771 1145 967
f 1771 367 1145
f 367 580 1145
f 367 262 580
f 262 600 580
f 1725 600 262
f 1725 877 600
f 877 1338 1511
f 1338 877 1725
f 1338 1014 1511
f 347 1255 1909
f 166 1788 1702
f 1056 1281 166
f 1788 1338 1702
f 166 1766 1788
f 1281 1766 166
f 1056 770 1281
f 1056 501 770
f 1831 501 1056
f 1831 1011 501
f 1014 1743 1255
f 1014 1760 1743
f 1760 1576 1743
f 1576 1792 1743
f 1576 1766 1792
f 1766 485 1792
f 485 1840 1792
f 485 396 1840
f 396 770 1840
f 770 501 1840
f 501 394 1840
f 501 1011 394
f 1338 1760 1014
f 1788 1760 1338
f 1788 1576 1760
f 1766 1576 1788
f 1281 485 1766
f 1281 396 485
f 770 396 1281
f 1743 1909 1255
f 1792 1909 1743
f 1792 128 1909
f 1792 1840 128
f 394 128 1840
f 1831 1072 1011
f 1831 996 1072
f 1034 996 1831
f 1034 1242 996
f 1034 418 1242
f 1034 1687 418
f 1259 1687 1034
f 1259 1348 1687
f 1259 1984 1348
f 311 1984 1259
f 311 916 1984
f 957 1138 338
f 1138 1664 338
f 1664 71 338
f 1011 1072 394
f 1072 1861 394
f 1072 996 1861
f 996 957 1861
f 996 1369 957
f 1242 1369 996
f 1369 588 957
f 418 1369 1242
f 418 588 1369
f 588 1138 957
f 588 1687 1138
f 1687 588 418
f 1687 876 1138
f 1348 876 1687
f 876 1664 1138
f 876 1984 1664
f 1984 876 1348
f 1984 640 1664
f 916 640 1984
f 338 1821 112
f 338 71 1821
f 394 1861 128
f 1861 112 128
f 1861 957 112
f 957 338 112
f 120 1131 1225
f 1956 1131 120
f 998 672 1956
f 1956 1036 1131
f 1956 385 1036
f 672 385 1956
f 67 413 998
f 1860 1963 46
f 1860 46 1
f 317 1860 1
f 210 317 1
f 260 80 250
f 260 241 80
f 180 241 260
f 294 180 260
f 3 180 294
f 3 1997 180
f 127 3 294
f 215 3 127
f 215 309 3
f 215 364 309
f 3 309 1997
f 16 333 215
f 333 364 215
f 206 21 40
f 40 333 16
f 40 21 333
f 21 122 333
f 206 239 21
f 1613 1062 239
f 1062 1227 239
f 239 252 21
f 239 1859 252
f 1227 1859 239
f 1859 917 252
f 917 1681 252
f 1681 146 252
f 146 1443 252
f 252 648 21
f 1443 648 252
f 1443 1119 648
f 652 292 45
f 1720 1062 1613
f 1720 1343 1062
f 1343 292 652
f 1343 1720 292
f 652 45 1963
f 1343 1227 1062
f 1343 477 1227
f 477 1343 652
f 1841 652 1963
f 477 1859 1227
f 477 822 1859
f 822 652 1841
f 822 477 652
f 1841 1963 1860
f 822 917 1859
f 822 1135 917
f 1135 822 1841
f 63 1841 1860
f 1135 1681 917
f 1135 1148 1681
f 1148 1841 63
f 1148 1135 1841
f 1148 146 1681
f 1148 35 146
f 35 1148 63
f 862 1860 317
f 862 63 1860
f 35 1443 146
f 35 1691 1443
f 1691 63 862
f 1691 35 63
f 1691 1119 1443
f 1826 317 210
f 353 1 171
f 353 210 1
f 261 1826 210
f 261 210 353
f 1898 261 353
f 241 228 80
f 80 228 230
f 180 228 241
f 180 137 228
f 228 1985 230
f 180 1997 137
f 309 369 1997
f 333 122 364
f 364 91 309
f 122 91 364
f 122 66 91
f 21 285 122
f 285 66 122
f 1119 569 648
f 648 285 21
f 569 1095 648
f 1095 1404 648
f 1404 776 648
f 1404 1366 776
f 648 776 285
f 776 98 285
f 776 1710 98
f 1710 463 98
f 463 567 98
f 862 317 1826
f 1691 569 1119
f 1691 636 569
f 636 1691 862
f 862 1612 636
f 1612 862 1826
f 636 1095 569
f 636 1612 1095
f 1419 1612 1826
f 670 1612 1419
f 1612 1404 1095
f 1612 670 1404
f 670 1366 1404
f 1366 670 1419
f 1896 1826 261
f 1896 1419 1826
f 1366 758 776
f 758 1366 1419
f 1165 1419 1896
f 1165 758 1419
f 758 1710 776
f 758 1165 1710
f 1165 463 1710
f 365 261 1898
f 365 1896 261
f 1896 365 518
f 518 1165 1896
f 1165 567 463
f 1165 1146 567
f 1146 1165 518
f 34 353 171
f 34 1898 353
f 308 1898 34
f 132 308 34
f 1500 34 1920
f 1500 132 34
f 137 1985 228
f 137 31 1985
f 1985 1003 311
f 31 1003 1985
f 1997 369 137
f 137 614 31
f 369 614 137
f 369 1400 614
f 614 1738 31
f 1738 606 31
f 369 309 91
f 91 1436 369
f 369 1436 1167
f 369 1159 1400
f 369 1884 1159
f 1167 1884 369
f 91 1295 1436
f 91 1830 1295
f 66 1830 91
f 66 44 1830
f 1295 1321 1436
f 285 1873 66
f 66 1869 44
f 66 1715 1869
f 1873 1715 66
f 567 1182 98
f 1182 1751 98
f 1751 1182 554
f 554 668 1751
f 668 843 1751
f 668 1299 843
f 98 1873 285
f 98 730 1873
f 1751 730 98
f 1751 843 730
f 1299 1297 843
f 1299 933 1297
f 730 843 1297
f 933 1235 1297
f 730 993 1873
f 1297 1801 977
f 1235 1801 1297
f 730 977 993
f 977 730 1297
f 1146 1182 567
f 1545 518 365
f 1146 554 1182
f 1146 1545 554
f 1545 1146 518
f 1769 1898 308
f 1769 365 1898
f 1545 365 1769
f 1545 668 554
f 1299 1545 1769
f 1299 668 1545
f 1291 1769 308
f 1299 1769 1291
f 1291 308 132
f 933 1299 1291
f 183 1291 132
f 1291 183 1258
f 1235 1291 1258
f 1235 933 1291
f 183 132 853
f 1235 426 1801
f 426 1235 1258
f 275 118 131
f 1821 131 291
f 1821 275 131
f 1899 74 118
f 1899 1782 74
f 1899 343 1782
f 275 1899 118
f 343 1835 1782
f 343 102 1835
f 343 1918 102
f 1918 346 102
f 102 277 60
f 102 270 277
f 270 193 277
f 270 1901 193
f 346 270 102
f 1901 1943 377
f 529 1391 873
f 1244 1391 529
f 1382 846 904
f 377 1605 1674
f 1605 1382 1674
f 1605 1802 1382
f 1802 846 1382
f 529 1802 1605
f 529 873 1802
f 377 529 1605
f 377 1244 529
f 1943 1244 377
f 1696 1920 637
f 1696 1500 1920
f 705 132 1500
f 853 132 705
f 1083 777 384
f 1083 1920 777
f 476 1920 1083
f 637 1920 476
f 1486 1500 1696
f 861 1500 1486
f 705 1500 861
f 1783 853 705
f 846 855 904
f 855 384 904
f 855 1083 384
f 846 387 855
f 387 1083 855
f 387 476 1083
f 1802 387 846
f 1802 1763 387
f 1763 476 387
f 1763 637 476
f 1802 1741 1763
f 1741 637 1763
f 1741 1696 637
f 873 1741 1802
f 873 842 1741
f 842 1696 1741
f 842 1486 1696
f 873 408 842
f 408 1486 842
f 408 861 1486
f 1391 408 873
f 1391 1002 408
f 1002 861 408
f 1002 705 861
f 1391 1171 1002
f 1171 705 1002
f 1171 1783 705
f 1003 1756 311
f 31 1540 1003
f 31 1307 1540
f 31 1424 1307
f 311 509 916
f 1756 509 311
f 1003 1850 1756
f 1850 1003 767
f 1003 1540 767
f 1267 817 71
f 1664 1267 71
f 640 1267 1664
f 640 545 1267
f 509 640 916
f 509 545 640
f 545 747 1267
f 1756 545 509
f 1756 747 545
f 747 817 1267
f 747 1395 817
f 1850 747 1756
f 1850 1395 747
f 1395 1628 817
f 1395 767 1628
f 767 1395 1850
f 767 1641 1628
f 767 596 1641
f 1540 596 767
f 596 415 1641
f 1307 596 1540
f 1307 415 596
f 415 1152 1641
f 415 1758 1152
f 1307 1758 415
f 1758 551 1152
f 1424 1758 1307
f 1424 551 1758
f 1821 1641 275
f 71 817 1821
f 817 1628 1821
f 1628 1641 1821
f 1641 1152 275
f 1152 1285 275
f 31 1501 1424
f 606 1501 31
f 614 830 1738
f 614 537 830
f 614 716 537
f 1400 716 614
f 1400 1550 716
f 1400 1280 1550
f 1152 1055 1285
f 1055 1644 1285
f 1644 174 1285
f 1644 858 174
f 858 1413 174
f 1413 745 174
f 745 1521 1759
f 1521 1730 1759
f 551 1055 1152
f 551 699 1055
f 1501 551 1424
f 1501 699 551
f 699 1644 1055
f 606 699 1501
f 606 1644 699
f 1644 1513 858
f 1738 1644 606
f 1738 1513 1644
f 1513 1413 858
f 830 1513 1738
f 830 1413 1513
f 1413 537 745
f 537 1413 830
f 537 1521 745
f 537 716 1521
f 716 1550 1521
f 1550 1730 1521
f 1550 1280 1730
f 1285 1899 275
f 1285 174 1899
f 174 1759 1899
f 1759 343 1899
f 745 1759 174
f 1159 1280 1400
f 1884 810 1159
f 1167 521 1884
f 1167 486 521
f 1436 486 1167
f 1436 1243 486
f 1436 481 1243
f 1575 733 1918
f 1730 1724 1759
f 515 733 1575
f 1730 660 1724
f 660 1066 1724
f 1066 1575 1724
f 1066 398 1575
f 398 515 1575
f 1280 660 1730
f 1159 660 1280
f 660 810 1066
f 810 660 1159
f 810 398 1066
f 1884 398 810
f 398 521 515
f 1884 521 398
f 521 733 515
f 521 486 733
f 486 1243 733
f 1243 1692 733
f 1243 481 1692
f 1759 1724 343
f 1724 1918 343
f 1724 1575 1918
f 1692 1918 733
f 1436 453 481
f 1321 453 1436
f 1295 1411 1321
f 1295 1302 1411
f 1830 1302 1295
f 1830 726 1302
f 1830 1490 726
f 44 1490 1830
f 44 585 1490
f 1692 584 1200
f 1470 943 1200
f 584 499 1200
f 499 1446 1200
f 1446 1470 1200
f 726 126 943
f 726 1445 126
f 1445 1580 126
f 481 584 1692
f 481 453 584
f 453 499 584
f 1321 499 453
f 1321 1446 499
f 1446 1411 1470
f 1411 1446 1321
f 1411 943 1470
f 1411 1302 943
f 1302 726 943
f 726 1490 1445
f 1490 1580 1445
f 1490 585 1580
f 1918 1200 346
f 943 346 1200
f 346 126 270
f 126 346 943
f 1200 1918 1692
f 1869 1085 44
f 1873 1843 1715
f 44 771 585
f 1085 771 44
f 1869 1061 1085
f 1869 737 1061
f 1715 737 1869
f 1715 506 737
f 1715 901 506
f 1715 947 901
f 1843 947 1715
f 1843 1428 947
f 1481 892 126
f 1481 1245 892
f 1580 1481 126
f 1245 1061 892
f 1061 1087 892
f 1087 859 892
f 1087 1523 859
f 1523 901 859
f 901 1943 859
f 901 1048 1943
f 1048 1428 1943
f 585 1481 1580
f 585 771 1481
f 771 1245 1481
f 771 1368 1245
f 1085 1368 771
f 1368 1061 1245
f 1061 1368 1085
f 1061 737 1087
f 737 1523 1087
f 737 506 1523
f 506 901 1523
f 901 947 1048
f 947 1428 1048
f 126 1901 270
f 126 892 1901
f 892 859 1901
f 859 1943 1901
f 1801 386 977
f 1873 814 1843
f 993 814 1873
f 993 906 814
f 888 1434 417
f 888 1657 1434
f 386 1657 888
f 977 482 402
f 386 482 977
f 386 888 482
f 1428 1843 1221
f 1843 814 1221
f 993 402 906
f 402 993 977
f 1705 302 1244
f 302 1958 1244
f 1958 1391 1244
f 1958 934 1391
f 1958 1765 934
f 1705 1967 302
f 1967 763 302
f 763 1958 302
f 763 417 1958
f 417 1765 1958
f 417 1434 1765
f 1967 1207 763
f 1207 482 763
f 482 417 763
f 482 888 417
f 1428 1705 1943
f 1428 1221 1705
f 1221 1650 1705
f 814 1650 1221
f 1650 1967 1705
f 1650 1269 1967
f 906 1650 814
f 906 1269 1650
f 1269 444 1967
f 402 1269 906
f 402 444 1269
f 444 1207 1967
f 444 603 1207
f 402 603 444
f 603 482 1207
f 482 603 402
f 1943 1705 1244
f 1372 183 853
f 121 183 1372
f 954 183 121
f 954 1258 183
f 426 386 1801
f 426 1258 954
f 1188 1783 1171
f 1188 927 1783
f 927 853 1783
f 934 927 1188
f 934 1372 927
f 1372 853 927
f 1765 1543 934
f 1543 1372 934
f 121 1372 1543
f 1434 1543 1765
f 1434 954 1543
f 954 121 1543
f 1657 954 1434
f 426 1657 386
f 1657 426 954
f 1391 1188 1171
f 934 1188 1391

