# https://github.com/mikedh/trimesh
v -0.29585397 -0.44368252 0.07004304
v 0.07099807 0.44032872 -0.32029563
v 0.34729710 0.28143233 0.43901804
v 0.58342797 -0.10413547 0.00093155
v -0.15855549 -0.35103890 -0.08813827
v -0.04513401 0.03972930 -0.68761653
v 0.58337831 0.04025622 -0.38901785
v 0.54383987 0.27067646 -0.66488677
v -0.55078197 0.22746727 -0.17282982
v 0.55344760 0.26032954 0.04771687
v -0.56255436 -0.18589982 0.38608965
v 0.41323265 0.07729267 0.58538443
v -0.57312584 -0.12192252 0.45007086
v -0.52846032 -0.29741073 -0.40135840
v 0.44501084 -0.32189772 0.29539394
v 0.10051452 0.42245501 -0.03251554
v -0.52436608 0.38799715 -0.11031584
v -0.56403244 0.05026856 -0.38604221
v 0.15603465 0.34716931 0.31047311
v -0.54772103 -0.15354259 0.12273556
v -0.20796417 -0.11257961 0.55813289
v -0.23932070 0.44021571 -0.33153230
v -0.17153649 0.37054145 0.24608698
v -0.38379312 0.00220348 0.68821329
v -0.43725598 0.27737221 -0.68340439
v 0.44171274 -0.28372169 0.35555300
v -0.19474313 -0.17091243 0.49077511
v 0.23005936 -0.12288669 0.60111636
v 0.12764852 -0.26956183 -0.65678138
v 0.20113994 -0.35479298 -0.29926035
v -0.51109982 0.32233858 0.41017658
v -0.01837642 -0.24825545 0.43567905
v -0.39338043 -0.02140297 0.42779389
v 0.55392581 0.25314146 -0.15925506
v -0.27153024 -0.32410228 0.26790190
v -0.19788335 -0.34163758 -0.43831569
v -0.30274084 0.17421907 -0.69075090
v 0.38634372 -0.33476019 -0.30280298
v 0.36869499 -0.41836700 0.10401000
v 0.55552357 0.36761820 -0.09680467
v 0.54176998 -0.31403235 0.05928956
v 0.10575607 -0.42856738 0.07644701
v 0.55940408 -0.25011176 0.30591416
v -0.43346679 -0.03475982 0.45224369
v 0.49927571 -0.02443034 0.56943023
v 0.32714647 -0.36235306 0.12499085
v -0.25427833 -0.31520322 0.11976622
v 0.31331801 -0.40729299 0.08776010
v 0.54676545 0.19080773 0.53409654
v 0.57227111 0.36182764 -0.20049766
v 0.38247985 -0.35237789 0.14225572
v -0.53924060 0.25660920 0.44428253
v -0.51826137 -0.38026768 0.13238093
v 0.55239648 -0.31701919 0.19156976
v 0.31324613 -0.35968149 0.12655997
v 0.11949900 -0.42113701 0.07566100
v -0.46273533 -0.42163190 0.08337139
v -0.55181205 -0.29242539 0.01511811
v -0.55357146 0.08388013 0.62102592
v 0.21799533 -0.42874101 0.08777847
v 0.54201376 -0.01708232 0.59348285
v 0.11949900 -0.43027300 0.08038300
v 0.54294777 -0.36361849 0.20109700
v 0.49370399 -0.32326999 0.17131899
v 0.54509360 0.22852893 0.46063024
v -0.58182907 -0.05674326 0.51409405
v 0.27178499 -0.42320701 0.08966080
v -0.51384687 -0.30104080 -0.42794886
v -0.32348588 -0.31631872 0.11962458
v -0.57869738 -0.08734153 0.49701923
v 0.56570798 -0.25500700 0.33936101
v 0.45857796 -0.07231919 0.38813686
v 0.57170600 -0.30081037 -0.51897216
v 0.42648101 -0.32777500 0.15687300
v 0.45262620 -0.08106560 0.43786910
v -0.51157880 0.03971287 -0.58961558
v 0.55504620 0.26143742 -0.62479752
v -0.52462739 0.25152403 -0.47804254
v 0.37745786 0.04630419 0.59181964
v 0.56039929 0.32326975 0.27353409
v -0.36507574 -0.33057061 0.13019735
v 0.55460906 -0.31379336 -0.08960932
v -0.51118904 -0.02749751 -0.65742618
v 0.44408900 -0.07897232 0.66219741
v 0.09185763 -0.43281013 0.08205875
v -0.28198099 -0.32511100 0.12993500
v -0.48279190 -0.40661865 0.09216451
v 0.55121702 0.16031800 0.54702300
v -0.56593221 0.02978123 0.58741146
v 0.44046980 -0.33184108 0.16869396
v 0.13533497 -0.43252769 0.09461959
v -0.51476699 0.40228689 -0.45666391
v 0.17495273 -0.42705759 0.07935997
v 0.54515141 -0.26677459 0.35124445
v 0.54119283 0.06414498 0.56784767
v 0.46844974 0.24103594 0.52392131
v -0.51533002 0.40207344 -0.51920044
v 0.30637261 -0.39249241 0.09420237
v -0.39943236 0.10420264 0.43214539
v -0.55438471 -0.29206347 0.13294812
v 0.30048829 0.10209779 0.67795980
v 0.23042266 -0.42694169 0.08242206
v -0.29582599 -0.32534900 0.12978300
v 0.21580307 -0.36959320 0.11468656
v 0.21653402 0.10287441 0.68289018
v 0.57214987 0.07733858 -0.65266711
v -0.51044315 0.08087993 -0.64705223
v 0.00874608 -0.43275401 0.07690540
v 0.52693087 0.20584419 0.53397340
v 0.56363499 0.33373463 0.11374696
v 0.45864061 -0.01619140 0.44234902
v -0.10821398 -0.02750081 0.67840379
v -0.57554084 -0.10288876 0.48259136
v -0.51592499 -0.36459205 0.12649694
v -0.41406181 -0.02122212 0.28858191
v 0.55998302 0.35169300 0.22860700
v -0.38758188 0.08811214 0.42871773
v 0.56120503 -0.30850521 -0.41488060
v -0.28198099 -0.42113701 0.05822670
v 0.41779900 -0.33807200 0.15166900
v -0.00387846 -0.42213422 0.06790359
v -0.54333842 -0.24642017 0.33461490
v 0.53200841 -0.21517937 0.15857932
v -0.43817833 0.03378466 0.48949951
v 0.56041712 -0.30946103 -0.33208910
v -0.29574895 -0.31537890 0.11833780
v -0.45732802 0.03385597 0.50394303
v -0.51462966 -0.30080378 -0.51388371
v 0.40113395 0.07352348 0.57751399
v -0.51270360 -0.30150756 -0.58161700
v 0.54472262 -0.16899954 0.43302965
v -0.54097676 0.26297840 0.49106541
v -0.04277680 -0.39950964 0.07605062
v -0.49878788 0.39815146 -0.13107966
v 0.50631368 0.34827015 0.21577306
v 0.55395949 -0.32122320 -0.23520632
v -0.10629696 0.41455454 0.05249019
v 0.44716951 -0.07100216 0.42235884
v 0.57750595 -0.00585825 -0.64904928
v 0.49329200 -0.39499399 0.14554200
v -0.35124546 -0.43295717 0.05815201
v 0.42635003 -0.04112780 0.51733494
v 0.55854040 0.36437339 0.10405566
v 0.55690408 0.35508895 0.24281107
v 0.55872583 0.36079732 0.04845108
v -0.35701448 0.30601236 -0.68721420
v 0.55849212 -0.32300228 0.25962615
v 0.47944799 -0.32567400 0.17135900
v 0.42516020 -0.12328898 0.35114408
v -0.00586118 -0.43212000 0.07507960
v 0.46560401 -0.32640699 0.17044100
v 0.55002964 0.36119181 0.15845613
v 0.42232999 0.13779272 0.49797738
v -0.33738470 -0.32201314 0.12628794
v -0.53780645 0.34919113 0.31281313
v 0.53492075 -0.20627715 0.44499800
v 0.41351160 0.06046584 0.59486842
v -0.49231353 0.26519936 -0.62079996
v 0.20264184 -0.42636478 0.08047928
v 0.55732435 0.37826720 -0.31904405
v -0.56267363 0.05444625 0.60237694
v 0.55190152 0.39293662 -0.42142430
v 0.47576001 -0.39344800 0.12325100
v 0.41281986 -0.41468796 0.11707963
v -0.50140125 0.11999381 0.64516908
v 0.39638299 -0.33938801 0.14334600
v -0.51914871 0.29160398 -0.65742117
v 0.34100601 -0.42155099 0.10401000
v 0.20356372 -0.34496295 0.11303174
v 0.44531184 -0.37767786 0.11975311
v -0.42690733 -0.33900541 0.12676066
v 0.54956096 -0.16879831 0.45007107
v 0.57960713 -0.26437348 -0.59679067
v 0.47842470 0.15889208 0.41084951
v 0.49390852 -0.31538618 0.16332678
v 0.47485435 -0.40148386 0.12938999
v -0.24036668 -0.24032497 -0.69073254
v 0.45133236 -0.33234391 0.17156686
v 0.56034774 0.36119154 0.14577809
v -0.51423234 0.25009200 -0.65267628
v -0.55611086 0.18025120 0.55306613
v 0.32576564 -0.35116008 0.12643772
v 0.56232619 0.37997130 -0.38001758
v 0.09181110 -0.42113701 0.07423690
v 0.38809675 -0.40946847 0.13690105
v -0.21268129 -0.44279367 0.06677550
v 0.16106406 -0.43264937 0.09333384
v 0.57542223 0.37719715 -0.52623624
v -0.52611172 -0.14241062 -0.66605771
v 0.36973453 -0.33289987 0.12703770
v -0.49864250 0.16783285 -0.66471094
v -0.51109421 0.08676428 -0.58316302
v -0.55723143 -0.16900288 0.36600590
v 0.56884915 -0.04694033 -0.66579276
v 0.25814781 -0.42986876 0.09206348
v 0.43798783 -0.40865487 0.13382490
v -0.52558184 -0.25933358 0.32256123
v 0.56105298 0.35390100 0.17323101
v -0.48822695 -0.38156477 0.10010682
v -0.15738399 -0.43434101 0.06576990
v 0.22241107 -0.42786658 0.10252383
v -0.34508228 0.28382415 0.45540696
v 0.06405594 -0.36233056 0.11551513
v 0.49481317 0.22055432 0.43011725
v -0.51017535 0.33707207 0.37320146
v 0.36845988 -0.34384170 0.14373335
v -0.52927035 0.34768695 -0.63668776
v 0.02952558 -0.40258867 0.07561641
v 0.56091303 0.35348701 0.18707500
v -0.52650017 -0.09562019 -0.65461183
v -0.52295828 0.00918183 -0.63827419
v 0.56000471 -0.20306116 -0.61943668
v 0.55548090 0.35269594 0.27076781
v -0.34491229 0.11832128 0.67695230
v 0.57387406 -0.14147907 0.10615370
v -0.53780007 0.09024145 0.16385961
v -0.50644720 -0.06960440 0.43047208
v 0.10564009 -0.35156253 0.11198244
v 0.14715564 -0.35029450 0.11311883
v 0.56506455 0.33640021 0.18042256
v 0.56836170 -0.29369354 -0.38765714
v 0.18878986 -0.42675170 0.07996963
v -0.50532413 0.24710560 0.33504394
v -0.36578253 0.05554016 0.42808276
v 0.55363405 0.36752576 -0.06819001
v 0.32147625 -0.33581722 0.09680436
v 0.53157973 -0.13904209 0.45857874
v 0.53941315 -0.12312451 0.56553173
v -0.47918338 0.19759300 0.42788163
v -0.34368500 -0.31528434 0.10897196
v 0.57776433 0.04981040 -0.64943868
v 0.55061561 0.26852134 0.42235577
v 0.48267400 -0.39460501 0.13049699
v 0.57495326 -0.03964799 -0.64115077
v 0.31314814 -0.34618577 0.12018450
v 0.57236892 0.35741463 -0.14513895
v -0.50447643 -0.39618713 0.12032165
v -0.51599318 0.39605069 -0.33137000
v 0.46618140 -0.39864573 0.11967405
v 0.58043057 0.34290561 -0.59393460
v 0.06062193 0.32575977 -0.68295956
v 0.54624194 -0.13737221 0.50534612
v 0.57944822 0.33366573 -0.62559384
v -0.52787900 0.37367538 0.13942347
v 0.57367587 -0.29510400 -0.53938556
v 0.50746882 -0.34259164 0.16946124
v 0.56725824 -0.29274318 -0.34779805
v 0.52563429 -0.08806224 0.53426373
v 0.54800379 0.18115872 -0.66492885
v 0.50659120 -0.31839672 0.17310344
v -0.08811774 -0.42948866 0.06599990
v -0.43901527 -0.41216829 0.06757903
v 0.34218800 -0.34136900 0.13110700
v -0.50367308 -0.16761404 0.31401050
v -0.37898499 -0.41660935 0.05977116
v 0.21976019 -0.33978960 0.10592229
v 0.05706801 -0.42113701 0.07241928
v 0.41391313 -0.41409013 0.12587909
v 0.55157900 -0.17194200 0.46395800
v 0.50896597 -0.30909580 0.15413257
v 0.52859992 0.32100031 0.37510771
v -0.36754444 0.03977306 0.36980766
v 0.53770608 -0.15114275 -0.67805725
v -0.54104573 0.33392268 0.34682304
v 0.24394116 -0.34254497 0.11627708
v -0.16405155 -0.42113692 0.06285934
v 0.47555104 -0.06728748 0.49661368
v 0.55719960 0.35341462 0.25684041
v 0.38905147 0.05549395 0.57425672
v -0.53959316 0.34942806 0.28404254
v 0.05012837 -0.35979131 0.11690453
v 0.54060072 -0.32031780 -0.05539773
v -0.43403539 -0.31947476 0.13009191
v 0.44684979 -0.39345884 0.11320936
v 0.44021657 -0.06737629 0.43561649
v 0.49906516 -0.37831336 0.13364439
v 0.37678540 -0.39552119 0.09811996
v -0.55279034 -0.27644929 0.27697390
v 0.45793545 -0.05098224 0.47965956
v 0.56846571 0.35022557 -0.02781178
v 0.56938285 0.39091668 -0.57451922
v -0.10902521 -0.43886802 0.07632075
v 0.46560401 -0.40351999 0.13169800
v 0.40164936 0.03666725 0.61017317
v -0.52468407 0.07115757 -0.60931730
v 0.43774396 -0.31565228 -0.53255928
v -0.51109016 0.37470871 0.16968888
v -0.52919930 -0.29410771 -0.53296977
v 0.54430467 0.09548924 0.56454146
v -0.46200603 -0.39476463 0.08235586
v 0.38277251 -0.40731812 0.09756953
v 0.57015103 0.32003340 -0.64486217
v -0.54012358 0.30600581 0.42390120
v 0.56931829 -0.03328507 -0.66304106
v -0.52585465 -0.13256067 0.17267071
v -0.53777897 0.30276012 0.43664092
v -0.54501557 0.20427713 -0.40072620
v -0.50726640 0.13972186 -0.65720743
v 0.54052782 -0.03975249 0.59328181
v -0.08812281 -0.43942806 0.07942845
v -0.51292533 0.39911032 -0.18652473
v 0.56034899 0.35551199 0.16063200
v 0.41570884 -0.01756382 0.50297487
v 0.55570859 -0.31404260 -0.10343697
v 0.56395197 0.33650237 0.08336049
v 0.55720574 0.36439991 0.11799186
v -0.50748116 0.25029755 -0.67182600
v -0.01696537 -0.42703965 0.06851128
v 0.55617803 0.22455114 -0.65112680
v 0.58118719 -0.27330419 -0.61595780
v 0.56170541 0.33559990 0.05080936
v -0.51391101 -0.38194451 0.11992780
v -0.52563918 0.38805136 -0.58741772
v 0.41066214 0.10851906 0.54142219
v 0.55834562 0.33793914 0.31239203
v 0.42407101 -0.40541399 0.10792900
v 0.35484999 -0.33763999 0.13169800
v 0.38253900 -0.34031099 0.14283501
v 0.44696754 -0.04874554 0.45691314
v 0.46939048 -0.09695646 0.44148320
v -0.46410277 0.18759096 0.41309270
v -0.55614132 -0.20797582 0.30052060
v -0.26136231 -0.42113596 0.05900014
v 0.49192807 -0.07283010 0.67082918
v -0.56714070 -0.12951578 0.41704747
v 0.56571919 0.29910561 -0.64878362
v 0.47932890 -0.31710365 0.16221228
v 0.57073003 -0.30121517 -0.49125308
v 0.53141201 -0.37603700 0.17004023
v 0.51396197 -0.01481749 0.35787290
v 0.56684661 -0.26880869 0.30462310
v -0.54115504 0.33594662 0.32543594
v -0.52410907 0.37981462 -0.44961032
v -0.24039719 -0.44288674 0.06626566
v 0.55793428 -0.02023228 0.22109589
v -0.53960478 0.34891582 0.29830432
v 0.51591378 0.06006925 0.36198163
v -0.44628483 -0.09322926 0.34226227
v 0.47760004 0.04681533 0.39391291
v 0.57476771 -0.25071886 -0.66685569
v -0.56266302 -0.18578599 0.36704901
v 0.43062916 -0.10211323 0.37386674
v -0.44498333 -0.39169988 0.08093047
v -0.37925079 -0.44055986 0.06585281
v 0.57659882 0.37788254 -0.60989785
v 0.54575843 0.20593558 0.52010572
v -0.54974836 -0.25725114 0.31065971
v 0.39699134 -0.41344199 0.10370800
v -0.53654164 0.36539656 0.21531488
v -0.03278640 -0.43475100 0.07632140
v -0.44787467 -0.31824878 0.13206574
v -0.52203405 0.17534509 0.24376100
v -0.54876828 0.18190683 0.57686657
v 0.43096104 0.40357187 -0.48380584
v 0.44104272 -0.34942335 0.15118928
v 0.54621518 -0.30894482 0.08352914
v -0.53621030 0.34948638 0.15298194
v 0.56262809 -0.23780572 0.35315725
v -0.24045616 -0.31550357 0.12028290
v 0.42292699 -0.41243401 0.11833500
v -0.41855377 -0.06409473 0.39670104
v -0.56762898 -0.09891128 0.44783974
v 0.49943528 0.20536947 0.40550545
v 0.54384458 -0.13876352 0.48949483
v 0.54577202 0.35793447 0.20095885
v 0.32716200 -0.41894901 0.09275960
v -0.45431015 0.01812604 0.49252748
v 0.54642916 0.10851564 0.63493264
v 0.50992519 0.35409775 0.08952049
v 0.23765375 -0.40589735 0.08120839
v 0.14892223 -0.34205768 0.02985707
v 0.54551655 -0.31262776 -0.41503024
v -0.16819730 -0.33511063 0.09620341
v 0.45253795 -0.09598519 0.39489168
v 0.43930537 -0.13940389 0.35909599
v -0.45483068 -0.10164448 -0.68870336
v 0.54735029 0.25567520 0.43482938
v 0.50133413 0.03053566 0.57674932
v -0.50952107 0.33678934 -0.59099203
v 0.53752196 -0.31459862 0.17612240
v 0.54943210 0.13229507 -0.59180522
v 0.52215219 -0.30962235 0.16646156
v -0.52365607 -0.28883427 -0.64578235
v -0.18614595 -0.44255549 0.07591105
v 0.57069206 0.36455017 -0.25598031
v -0.55595934 -0.22899638 0.33371896
v -0.26935384 -0.43320346 0.09503166
v -0.55492324 0.03010273 0.62000179
v 0.45274606 -0.31835270 0.15632461
v -0.52625716 -0.16510054 -0.66846085
v 0.37796980 -0.41750965 0.11959319
v -0.24641390 -0.34682304 -0.35329956
v -0.19550078 -0.33450529 0.11965318
v -0.52421391 0.34881932 -0.61325598
v -0.35832149 0.00308259 0.39402929
v 0.49704653 0.26180878 -0.66761851
v 0.06898386 -0.04586739 0.65654933
v -0.51343435 -0.17959028 -0.68664891
v 0.56768239 -0.15133552 -0.66862178
v -0.50999719 0.37091291 -0.66774720
v -0.40705293 0.02787944 0.46269313
v -0.53671873 -0.32056475 0.22607796
v -0.42272294 0.00823807 0.68392456
v 0.56795937 -0.19968337 -0.66999567
v 0.14718799 -0.42113701 0.07710800
v 0.43237644 0.09980894 0.57361770
v 0.41019821 0.00469863 0.61633503
v 0.54520828 -0.08486031 0.58340573
v -0.17122801 -0.43472099 0.06543390
v 0.55968153 0.33695441 0.29793650
v 0.55034703 0.20751671 -0.66489148
v 0.35484999 -0.42006299 0.10401000
v 0.50672817 0.35202900 0.17328091
v 0.55070657 0.28305161 0.39462355
v -0.55284083 0.19731110 0.51204747
v -0.43387264 -0.05590529 0.42988345
v 0.28444681 -0.41015893 0.08420271
v 0.56369168 -0.30173400 0.23992315
v -0.14392391 -0.02523455 0.67561507
v 0.53162724 0.00668088 0.33684900
v 0.51239169 -0.38835868 0.15759481
v -0.55581599 -0.28561711 -0.17309706
v -0.46957853 0.04957308 0.51263016
v 0.49898633 -0.31374842 -0.03438646
v -0.43947956 -0.07951255 0.40600809
v 0.54236585 -0.23666884 0.39920378
v 0.38880718 0.02016606 0.59948212
v 0.54889411 0.31544697 0.37211469
v -0.54768032 0.02129313 0.10793689
v 0.38274500 0.04897770 0.60185403
v -0.43493482 -0.28966811 -0.66052312
v 0.54101425 -0.29635474 0.16552636
v -0.52389926 -0.29284248 -0.62261283
v 0.55881625 -0.31640866 -0.25586465
v 0.12648474 -0.35098770 0.11250547
v 0.54891723 0.18801093 0.51704806
v 0.50294822 0.34412634 0.26020834
v 0.44493690 -0.32728741 0.01807657
v 0.42519590 -0.12105895 0.37069669
v 0.52949810 0.05320391 -0.66189015
v -0.57137758 -0.12502974 0.43528086
v -0.02563544 0.10061329 0.67151129
v 0.55084646 0.24336322 -0.63658220
v 0.51615953 0.24725667 0.38501740
v -0.40746176 0.14128967 0.63651437
v -0.04653483 -0.43361345 0.07060561
v -0.52265960 0.37730992 -0.37342870
v 0.42289373 -0.41017050 0.13296360
v 0.29947400 -0.42071399 0.09091820
v -0.49564353 0.16659592 -0.59669000
v -0.56581688 -0.08148994 0.46279019
v 0.56293994 -0.30736518 -0.36115012
v -0.51384592 0.31260046 -0.67384809
v 0.56950366 -0.07457999 -0.66757846
v 0.53177041 -0.31567752 0.02839249
v 0.56672883 0.36610484 -0.22822008
v -0.38585517 0.05425560 0.34712490
v 0.54299659 -0.05336292 0.67721361
v 0.40220946 0.09329953 0.55394554
v 0.39228636 0.04506745 0.60938579
v 0.56637651 0.36556417 -0.34559652
v -0.14129895 -0.44056496 0.08100527
v -0.55621105 -0.28931671 -0.07606260
v -0.58375335 -0.03050222 0.54404700
v -0.54296142 0.27449611 0.46829969
v 0.57676274 0.37840864 -0.58738452
v -0.35677391 0.42475763 -0.49000335
v -0.51420397 0.22209777 -0.63903970
v -0.55524832 -0.26013127 0.29401609
v -0.16430391 -0.40360662 0.06855338
v -0.30950603 -0.43191752 0.05417129
v 0.53921193 0.13739215 0.53977710
v -0.52323788 0.37809768 -0.54827136
v -0.44763100 -0.40783301 0.07268240
v 0.56806922 0.38806278 -0.49119017
v 0.34121162 -0.41522470 0.09113856
v 0.45597717 0.00400998 0.60056150
v 0.24412814 -0.43001080 0.09615762
v -0.51810306 -0.21721728 -0.64115417
v -0.53647137 -0.15782706 0.36032799
v -0.52389818 0.38349986 0.01437617
v -0.49784985 -0.35347095 0.12635867
v -0.42772385 0.13840063 0.40479288
v 0.50781590 0.08784866 0.66968679
v 0.56503421 0.35083419 0.13171022
v -0.12960061 -0.43762720 0.06865069
v 0.53095430 0.32997444 0.34714028
v -0.53421497 0.24224229 0.52151662
v -0.08825415 -0.35935837 0.11379888
v 0.54521394 -0.31738418 -0.30461669
v 0.55756098 -0.31483459 -0.13106410
v -0.26809347 -0.31534973 0.11908248
v -0.51466638 0.18064830 -0.62717748
v 0.53800148 0.20782745 -0.59464145
v -0.55495495 -0.28568667 -0.14528489
v 0.38228199 0.03680450 0.60148501
v -0.49356389 0.19186118 -0.58223712
v 0.44133198 -0.14756726 0.31653419
v -0.50798899 -0.26209548 -0.68263614
v -0.50226927 0.13253261 0.25911564
v 0.02823623 -0.36094534 0.11556182
v -0.26810059 -0.44285330 0.06587569
v 0.56621474 0.38637429 -0.44962102
v -0.55715090 -0.23876090 0.31706849
v 0.41538703 -0.32805893 0.12792666
v -0.48474100 -0.40303046 0.12426934
v -0.55383313 -0.28309289 -0.20072931
v 0.57955921 -0.28945422 -0.56044829
v -0.52600819 -0.29884502 -0.20070954
v 0.54462916 -0.31658891 0.01244033
v 0.45175999 -0.40386999 0.11978500
v -0.52441949 0.38894808 -0.04105398
v -0.44819584 -0.42403001 0.07540127
v -0.44189581 0.13701254 0.63566172
v -0.53829724 0.27130687 0.43241918
v -0.54116863 -0.28942347 -0.42227805
v 0.44646412 -0.04224519 0.53707802
v -0.53801233 0.31620184 0.40884101
v -0.50854295 -0.04041436 -0.59455031
v -0.47850913 0.25036803 -0.59369200
v 0.54449457 0.30507708 0.39930189
v 0.46612707 0.18324699 0.59155709
v 0.55458289 0.08517212 0.62603831
v 0.13343836 -0.42795733 0.07757568
v -0.53349227 -0.26033360 -0.53071851
v -0.55428016 -0.17893063 0.35039598
v -0.49413830 0.04148191 -0.64737970
v 0.55240774 -0.00414044 0.65321070
v 0.04313211 -0.02670560 0.68876666
v -0.57917154 -0.03610480 0.56948560
v 0.25768277 -0.35448825 0.12195821
v 0.30021814 -0.24119133 -0.68367636
v 0.14025187 -0.36734009 0.11396623
v -0.55021840 -0.29134592 0.04984211
v 0.37778482 -0.38156694 0.10928845
v -0.05537749 -0.43529812 0.09490655
v -0.54119366 -0.03220893 -0.53048432
v 0.56889236 -0.10225733 -0.66941679
v -0.55160028 -0.29558122 0.25228757
v -0.55830544 0.15600561 0.56949478
v 0.55602425 -0.31247365 -0.43606958
v -0.55490947 0.14063257 0.55725044
v 0.53705209 0.00730673 0.57880288
v 0.03643440 -0.43213400 0.07780460
v 0.16095312 -0.36203420 0.11796302
v 0.41034603 -0.39086938 0.10484721
v 0.47054866 0.19143716 0.44896170
v 0.47801882 -0.39988720 0.14345962
v -0.51437253 0.38901132 -0.62416112
v -0.53740001 -0.29656938 -0.29057077
v 0.57056057 -0.28960994 -0.43822840
v 0.57098341 0.36047152 -0.27640423
v -0.52081734 0.29525694 0.18715923
v 0.56166202 -0.27353552 0.33136401
v 0.53974938 -0.36309236 0.17235540
v -0.56229740 -0.23530500 0.29213676
v 0.47618112 -0.03323999 0.41844034
v 0.50384116 -0.02295321 0.68912542
v -0.51029629 0.39787146 -0.35970861
v 0.54160249 0.02074049 0.57978070
v -0.22653739 -0.44287589 0.06651136
v -0.51444817 0.40281811 -0.49133801
v 0.54467678 -0.25228655 0.37412629
v -0.33406591 -0.34162584 0.12612903
v -0.10890285 -0.40465558 0.06981899
v -0.55469203 -0.28667900 -0.13046694
v -0.24645948 -0.02521312 0.66972989
v 0.55035400 0.17416300 0.53317899
v -0.54037708 -0.28924844 -0.43610772
v 0.41413912 0.02313869 0.61281788
v 0.45833799 -0.05473283 0.51362371
v 0.55056298 0.21569499 0.49164701
v -0.48085573 0.11689829 0.65746522
v 0.56047815 -0.22326377 0.38088635
v 0.43685299 -0.33787400 0.16207500
v 0.56144851 0.15299000 -0.65553075
v -0.54431599 -0.28529274 -0.37382540
v -0.54230738 -0.22371997 0.37574175
v -0.51716840 0.16047010 -0.62444031
v -0.52806431 0.37834480 0.08391194
v -0.01894230 -0.43383199 0.07632140
v 0.51056802 -0.23122101 0.24588445
v 0.18866830 -0.34645116 0.11396311
v -0.47282603 -0.00224417 0.47718140
v 0.38554385 0.00774873 0.69216865
v -0.33023089 -0.01843575 0.68350965
v -0.52467322 0.38627988 -0.60223961
v -0.39273688 -0.33508465 0.12969816
v -0.51818258 0.33009809 -0.67013013
v -0.26813701 -0.32490200 0.13029200
v 0.29947400 -0.42492899 0.10401000
v -0.56935626 -0.14640409 0.42241958
v 0.55083901 0.24338301 0.46395800
v 0.57214719 0.35672432 -0.13128836
v 0.54010028 -0.33674186 0.18349986
v -0.58329600 -0.01968139 0.56808126
v 0.01582791 -0.33841363 0.09434865
v 0.04033113 -0.34056291 0.10154469
v -0.25425121 -0.44290894 0.06610432
v 0.57233137 0.35926884 -0.18089512
v -0.51847559 0.19597979 -0.64057982
v 0.44390234 0.11730274 0.52908599
v 0.54284400 -0.12459452 0.51959932
v -0.39312872 -0.43871468 0.06554910
v -0.46554348 -0.31635952 0.13260880
v -0.37892336 -0.33510295 0.13029209
v 0.56264633 -0.24503496 0.36730078
v 0.05027860 -0.43182299 0.07824640
v -0.52676100 -0.36808145 0.14085741
v -0.55636871 0.05489001 0.58474028
v 0.55310166 -0.12999880 -0.59895492
v 0.10511921 -0.02332875 0.69050705
v 0.55900997 0.37236387 -0.21653830
v -0.56589437 -0.15170538 0.39421126
v 0.40315771 -0.02837121 0.52667332
v 0.54387093 0.17445382 0.51769638
v -0.52581751 -0.12287962 -0.65488416
v 0.57096970 0.14013423 -0.63888615
v -0.15738399 -0.44067600 0.07632140
v 0.55520874 -0.20004253 0.43685308
v 0.55839252 -0.31531462 -0.16564222
v -0.46195599 -0.40729299 0.07798850
v 0.44130376 0.11126067 0.55468094
v 0.54733896 0.23131709 0.49161991
v -0.47348157 -0.41531634 0.08357825
v 0.12933432 -0.11081880 0.60330838
v 0.55988777 0.18067607 -0.65509981
v -0.53805131 -0.29636833 -0.26288193
v 0.50140351 -0.30196190 -0.35349098
v 0.55970883 -0.20864286 -0.44505939
v -0.05936369 0.34889022 -0.66287327
v 0.44980368 -0.08649715 0.37168646
v 0.28207219 -0.42690527 0.09989638
v -0.08169069 -0.02845839 0.68081683
v -0.51670104 0.02964733 0.63263530
v -0.52684045 -0.29858848 -0.37185028
v 0.46182707 -0.09160201 0.42159158
v -0.51504445 0.30416396 -0.63989639
v -0.54055995 0.05137176 0.14122286
v 0.09164036 -0.35983127 0.11796531
v -0.55082446 -0.20017247 0.03850354
v -0.51816946 0.05856046 -0.57358378
v 0.52856064 -0.12298334 0.48302695
v -0.36506292 -0.44223797 0.07038330
v 0.43897948 -0.32198960 0.14112017
v 0.57213849 -0.29446140 -0.46412662
v 0.48711470 0.10362259 0.56030142
v -0.40800831 0.12247624 0.43174559
v -0.24044900 -0.32450399 0.13089100
v 0.46574622 -0.37794018 0.12212484
v -0.02669028 -0.04799408 0.64618856
v -0.56674773 -0.12369739 0.48410392
v -0.51257914 -0.28692210 -0.66350776
v -0.14045404 -0.33244601 0.05314114
v 0.40493149 0.07923013 0.57195282
v -0.50946563 -0.33893797 0.14243029
v 0.56152642 -0.30779278 -0.45673597
v 0.35194099 -0.34473902 0.14140837
v 0.56904799 -0.06075261 -0.66681844
v -0.33628601 0.41592750 -0.10966505
v -0.35103673 -0.01948121 0.68265140
v -0.52639085 0.26037115 0.50156671
v -0.40040457 -0.04342065 0.40948921
v 0.28564867 -0.39250121 0.09312584
v -0.54946625 -0.07140031 0.57157654
v -0.09513706 -0.33777189 0.09531768
v 0.56415445 -0.23109761 -0.67440063
v 0.48954248 -0.09405708 0.49846345
v -0.56676966 0.01734326 0.60249555
v 0.57705957 0.06372848 -0.64944768
v -0.55610603 -0.20311962 0.38601896
v 0.44588789 -0.16062245 0.54379714
v -0.48884493 -0.33158618 0.14234562
v -0.30956841 -0.31528223 0.11874921
v 0.55575109 -0.31982523 -0.27735832
v 0.54432738 -0.31989416 -0.02049361
v -0.54606271 -0.16137701 0.46673664
v -0.55437291 -0.26528117 -0.03477634
v -0.12457286 -0.33691251 0.09538738
v 0.28550392 -0.35845932 0.12653124
v 0.54515034 -0.31489718 -0.36025640
v -0.39692357 -0.01669071 0.31479436
v -0.39469287 -0.04151981 0.32979348
v 0.57008976 0.10503851 -0.65282613
v 0.53671795 0.05290851 0.67613792
v -0.18569894 -0.02558311 0.66953218
v 0.06413998 -0.43419558 0.09265098
v 0.11952484 -0.43325439 0.09296720
v 0.31091169 0.17120652 0.60344112
v 0.54927868 0.27779582 0.11501140
v -0.53944522 0.29155096 0.45357898
v 0.55741000 -0.19926886 0.41484463
v -0.50641775 0.00467931 -0.65253752
v 0.00860828 -0.35960603 0.11587741
v 0.42274800 -0.32768399 0.14635199
v -0.02563746 -0.43521559 0.09411123
v 0.50033635 0.22507694 0.38849738
v 0.46602911 0.18448293 0.43554336
v -0.21279404 -0.32217073 0.12683897
v 0.23729172 -0.36829779 0.11697680
v 0.53988284 0.13488322 0.61070240
v -0.26831779 -0.34213844 0.12794131
v 0.39655367 -0.38910070 0.10384529
v -0.51549703 -0.30072424 -0.45773131
v -0.54457659 -0.29321679 -0.31147143
v 0.12839477 -0.04675802 0.66115981
v 0.55467421 0.33794254 0.32807958
v -0.54945594 0.20493670 0.54957885
v -0.17122801 -0.44102201 0.07632140
v -0.37868518 -0.43045214 0.09488630
v -0.41294670 -0.42775282 0.09902605
v 0.54052609 0.23513266 -0.56110150
v 0.06412280 -0.43151301 0.07868320
v 0.44371089 0.14166103 0.45924330
v -0.48496550 0.19439650 0.32753691
v 0.54381979 0.39265549 -0.51290548
v -0.53945839 0.24031559 0.45736676
v 0.54771113 0.12600020 0.55890805
v 0.56350315 -0.31719220 0.22422369
v 0.54494858 0.04215790 0.58083147
v 0.56073099 0.35308501 0.20091900
v 0.54536098 -0.29767403 0.12416621
v 0.54414636 0.23913789 -0.66693550
v -0.54854757 0.12871322 0.61898369
v -0.53034788 0.37430421 -0.62238187
v 0.55730414 -0.20815225 0.39331958
v 0.53458607 0.11225154 0.55481154
v -0.51134557 -0.23350760 -0.68917352
v 0.55390185 0.25444710 -0.08988173
v -0.55332828 -0.03127065 0.61113071
v -0.55305141 0.22240210 0.51779771
v 0.42018563 -0.00553512 0.60719830
v 0.54382032 -0.19100536 0.46378240
v -0.58013767 -0.07528519 0.49890062
v 0.44946101 -0.21389391 0.46168357
v 0.43685299 -0.32546800 0.16064700
v 0.21471691 0.41408050 -0.50668508
v -0.39984727 -0.41905880 0.06043147
v 0.42466983 -0.33941770 0.15671951
v 0.16832623 0.35329914 -0.65637451
v 0.07789724 -0.36245000 0.11584660
v -0.54888356 -0.05276711 0.59412837
v -0.52283573 -0.18006538 0.22455898
v 0.44531390 -0.09465051 0.34997854
v 0.45707375 -0.03617601 0.44334716
v 0.39654797 0.06500173 0.59083039
v 0.55823821 -0.33265284 0.24557318
v -0.37845591 -0.32249495 -0.00267128
v -0.52247226 0.13969032 -0.63728642
v 0.57768714 0.02881631 -0.64722872
v 0.42999187 -0.39091387 0.10767633
v 0.43216354 0.00836540 0.60984170
v 0.05029366 -0.43447617 0.09269125
v -0.50484848 -0.37954426 0.11087054
v -0.55687970 -0.15344609 0.38074055
v 0.51331872 -0.36430141 0.14738163
v -0.30967000 -0.32561100 0.12959200
v 0.54162073 -0.30088851 0.14390744
v -0.55588156 -0.00827861 0.07163954
v 0.57176232 -0.09593294 -0.64075577
v -0.52776325 0.37584701 -0.64956379
v -0.18435401 -0.43633401 0.06587700
v 0.49317560 -0.34000590 0.17118232
v -0.51245475 0.29198915 -0.67671847
v 0.38602537 0.05995622 0.59098023
v 0.54617411 -0.06954101 0.60938710
v -0.51012528 -0.16634172 0.19321267
v -0.44850865 0.16287796 0.40242258
v -0.44542727 -0.21658593 0.41862884
v -0.15690386 -0.35286927 0.11402151
v 0.56101912 -0.30886886 -0.38750148
v 0.09877308 -0.40191364 0.07790019
v 0.51556206 -0.38477716 0.17075670
v 0.55762392 -0.22147579 0.41106293
v 0.54070938 0.27473643 0.30605462
v 0.56949186 -0.30231109 -0.47747940
v 0.51478541 0.08432677 0.56227279
v 0.51322192 -0.37961188 0.14639130
v 0.56094784 -0.25807586 0.35273108
v 0.55829430 0.34552237 0.28551245
v 0.07104510 -0.34273264 0.10450336
v -0.53574753 -0.12052207 0.39718348
v 0.09883457 -0.33816442 0.09510585
v -0.00523139 -0.35954487 0.11552455
v -0.47000587 -0.06523884 0.22074942
v -0.55109763 -0.23366112 0.18962750
v 0.46530408 0.04665013 0.58046305
v 0.54104304 -0.11153163 0.53419775
v 0.55278468 0.12941530 0.58027023
v 0.25460494 -0.33798084 0.05016271
v 0.51383042 0.10806657 0.55306751
v -0.14353999 -0.43390700 0.06610660
v 0.56292766 0.37505358 -0.27653626
v 0.43458006 -0.03481480 0.48434928
v 0.56018150 0.36205530 0.06229876
v 0.54668397 0.21799555 0.50608826
v 0.55362612 0.33017907 0.33990127
v -0.52473152 0.37659699 0.12082451
v 0.57080245 0.36061451 -0.24209373
v 0.40396696 0.13999057 -0.68223268
v -0.54710799 0.25722799 0.47780201
v 0.55762136 0.36458877 0.09025009
v 0.51798946 -0.04007543 0.56750649
v -0.05410330 -0.41754001 0.06640639
v 0.56962377 0.12282450 -0.65348691
v 0.57009763 0.37651151 -0.42215779
v 0.52995783 0.05192922 0.56767255
v 0.45854035 -0.09405552 0.40801018
v -0.54412299 0.27107200 0.45011401
v 0.39716637 0.09830751 0.52791846
v -0.52865887 0.30806643 -0.47117743
v -0.54065704 0.28501636 0.43151066
v 0.29284677 -0.33848795 0.10869412
v -0.04594909 -0.33573771 -0.48282480
v 0.55615216 0.30912873 0.33515480
v 0.55564207 0.36491287 -0.02742993
v 0.52749348 0.15999892 0.58836651
v 0.54600698 0.26811844 0.40628168
v -0.54952800 0.24338301 0.49164701
v 0.57358301 -0.27366614 -0.64880973
v 0.43788809 -0.11969382 0.38802880
v 0.54956311 -0.17134090 -0.59715950
v -0.48304111 0.27516609 -0.59759277
v -0.53083545 -0.28921443 -0.55376887
v 0.52131242 0.36305603 0.05610871
v 0.54359394 -0.31967375 -0.00663072
v -0.22478484 -0.31817445 0.12827525
v 0.53795475 -0.05437359 0.57577044
v 0.55572939 -0.18593580 -0.67751229
v 0.47100610 -0.12136443 0.42810982
v 0.55112571 0.14636958 0.55403906
v -0.35965461 -0.42271534 0.05689924
v -0.49147832 -0.39341462 0.09661251
v -0.44771287 0.15996706 0.43417224
v -0.32354325 -0.32953405 0.13073793
v 0.07807459 -0.42917094 0.07536340
v 0.27165923 -0.35607991 0.12531999
v 0.26322368 -0.33967045 0.10927690
v 0.53054386 -0.31751645 -0.16801557
v 0.54288554 0.07678834 0.56582600
v 0.02259030 -0.43244401 0.07735760
v -0.45058015 -0.02442216 0.23741019
v -0.56446707 -0.09179964 0.52926463
v -0.52618319 -0.35175854 0.14158915
v 0.51371455 0.37356874 -0.63184440
v 0.56408131 0.33779320 0.23533009
v -0.44181785 0.11664705 0.67884767
v 0.26799563 -0.39201048 0.09275044
v -0.51672566 0.20714241 0.27355900
v 0.48067042 0.26286849 0.49159324
v -0.57211161 0.01125756 0.57024860
v -0.50890434 -0.09334944 -0.67193049
v -0.07426895 -0.43894017 0.07948730
v -0.47531915 -0.32472512 0.23403369
v 0.57007766 -0.27780059 -0.51319349
v 0.54818559 -0.15455599 0.47777349
v 0.56111777 0.27952313 -0.48312947
v 0.45986259 0.09919865 0.66654646
v 0.43981159 -0.01856571 0.69328219
v 0.32716200 -0.40729299 0.08922270
v -0.06162829 0.08414501 0.67638421
v -0.10195789 -0.43001497 0.06551673
v 0.54335880 0.21373771 0.47532627
v -0.35541630 0.05162324 0.41013435
v 0.56153423 0.33934581 -0.37402239
v 0.18875638 -0.43201345 0.09340218
v -0.45921955 0.17490150 0.42948297
v 0.35982966 -0.35782817 0.13333407
v -0.53917819 0.22448689 0.53765810
v -0.55163640 0.22484808 0.49745196
v 0.42233652 0.11246260 0.53546280
v -0.52311689 0.00359195 -0.62000871
v -0.45352280 -0.34167784 0.12757587
v -0.10901090 -0.35883465 0.11368562
v -0.47079769 0.12419595 0.48796004
v 0.51751584 -0.27358386 -0.65732890
v -0.51049340 0.23529626 0.30190265
v -0.29591820 -0.42945296 0.05607807
v -0.07427724 -0.42894846 0.06648362
v -0.51168585 0.19575587 -0.66387630
v 0.57350016 0.38416079 -0.55147856
v -0.53921539 0.29517809 0.40881959
v 0.29947400 -0.40729299 0.08638790
v 0.54764235 -0.16181263 0.49185121
v -0.24758749 -0.40219426 0.06696970
v 0.52917463 0.27536526 0.45118645
v -0.51104909 0.40149665 -0.38760206
v -0.44438294 -0.42610750 0.09530144
v 0.52037859 -0.37445787 0.19187683
v -0.52038926 0.05829250 0.64013326
v -0.52450657 0.38494575 -0.16581146
v 0.45803928 -0.15035942 0.29300183
v -0.55236971 -0.29084048 0.03509299
v -0.51760596 -0.35029051 0.18884480
v 0.49547035 -0.18293603 0.21209601
v 0.54199135 0.34610900 0.29768962
v 0.54609650 -0.35748497 0.18505676
v -0.44237137 -0.08752766 0.37604651
v 0.54645568 -0.30815968 -0.48359263
v 0.49839061 -0.31210738 -0.08043385
v 0.56417805 -0.25111026 0.32545924
v 0.54950613 0.14721555 0.57978964
v 0.34218800 -0.35097200 0.13312601
v 0.25811297 -0.41277245 0.07958414
v -0.38570541 0.12007259 0.67920601
v -0.26536825 -0.34263328 -0.07011358
v 0.51554847 0.24644186 0.36502987
v 0.48465779 -0.17356062 0.24357237
v 0.46807450 0.16225944 0.50396913
v 0.46652308 -0.17286921 0.29414716
v 0.55054569 -0.29221943 0.19210728
v 0.21554862 -0.42410019 0.08119468
v 0.56019121 0.38847372 -0.40771893
v -0.47586390 -0.29379129 -0.65740663
v 0.54115051 0.37572038 -0.63192046
v 0.41061577 -0.33500248 0.14463760
v -0.28192163 -0.31540176 0.11869917
v 0.49943680 -0.19404444 0.30691019
v -0.50059974 0.40393132 -0.25955850
v -0.49382064 0.19576167 -0.60473073
v 0.56002396 -0.03202624 -0.59847647
v 0.53319377 0.27567527 0.32978657
v -0.40703052 -0.43660718 0.06631044
v -0.51317275 0.39754203 -0.16622451
v -0.43454340 -0.02578984 0.65394503
v 0.39926684 -0.00320691 0.53928548
v 0.35490152 -0.39317778 0.09676895
v 0.54866701 0.22315468 -0.62269408
v 0.54386336 -0.30755728 0.10454549
v 0.55262387 -0.23844106 0.13693500
v -0.55084836 -0.31001145 0.16345444
v 0.39173901 -0.33082479 0.13024558
v 0.55774558 0.37924230 -0.34626499
v 0.57888764 0.35458019 -0.62593472
v -0.49755713 -0.36680084 0.11431506
v -0.44648668 0.08055748 0.67980075
v -0.39253217 -0.28963614 -0.65882605
v 0.54534519 0.12005270 -0.66307616
v -0.53892082 0.33323798 0.36804742
v 0.57138669 0.35675195 -0.11741322
v -0.43973699 -0.03821384 0.26630995
v -0.55419552 -0.28420624 -0.18686379
v -0.53794557 0.36363626 0.18706745
v 0.56010884 -0.30979738 -0.30445889
v 0.54471022 -0.31601909 -0.33170086
v 0.56936526 -0.29574287 0.26678503
v 0.15728715 -0.34024251 0.10365331
v -0.41527522 0.39510676 0.02885375
v -0.52787381 -0.22691239 -0.56067663
v -0.06057436 -0.35915601 0.11418636
v 0.55856735 0.38676065 -0.39536992
v -0.55828482 0.11121845 0.61095995
v 0.19124690 -0.17820804 0.53022939
v -0.53601778 -0.30542004 0.14147757
v 0.12712972 -0.33793837 0.09447931
v -0.50950199 -0.38308552 0.14599399
v 0.44158900 -0.07430673 0.45288798
v 0.23642604 -0.38884586 0.09439324
v 0.48195073 -0.07175833 0.34364587
v -0.52566159 0.11181155 -0.62590820
v 0.55087751 0.11184371 0.61663032
v -0.46675068 -0.13596642 0.33037999
v -0.56123221 -0.11962043 0.08061460
v -0.48903412 -0.30041450 0.12527426
v -0.33277389 0.39164150 0.15206821
v 0.53747082 -0.07416978 0.65537286
v -0.25429299 -0.32469901 0.13066100
v -0.01907033 -0.35948473 0.11516836
v 0.56671852 -0.12334004 -0.67011189
v 0.56329775 -0.21346395 -0.67430037
v 0.56470782 0.33705354 0.20789087
v 0.39756814 0.02895052 0.53847063
v 0.53974670 -0.23386008 0.28038982
v 0.54557884 0.07417238 0.66518724
v -0.06037674 -0.43437761 0.07026574
v -0.51236326 0.40015939 -0.20740168
v 0.55557126 0.39131960 -0.43585077
v 0.57327574 0.09065668 -0.63726151
v 0.55414063 0.04606173 0.64949566
v 0.54409575 -0.12478404 0.54875696
v 0.56380093 0.28436753 -0.64794528
v -0.52299219 -0.23434727 -0.66435587
v 0.54357105 0.19920114 0.49162546
v 0.50786489 0.37759233 -0.51794797
v -0.52817184 -0.20078956 -0.31359848
v 0.52267152 -0.22124067 0.42406136
v -0.56472176 0.03482260 0.60140842
v 0.55759901 -0.24452586 0.38049495
v -0.56152397 -0.19973168 0.35993102
v -0.51883990 -0.20064674 -0.44437844
v 0.57110059 0.36936840 -0.29869702
v 0.44244221 0.14224790 0.51063395
v -0.21179035 -0.34793904 0.12326038
v 0.00239869 -0.43512902 0.09316112
v 0.54507899 -0.31386125 -0.38740569
v 0.55724192 -0.21650013 0.03441844
v -0.55367994 -0.19189212 0.41763732
v -0.53850585 -0.27631000 -0.47298053
v 0.54607517 0.35661751 0.22056504
v 0.50492060 -0.29555023 -0.48262081
v -0.50066108 -0.39564627 0.10607531
v 0.54391468 0.02841888 0.67827523
v -0.08101749 -0.27947539 -0.65578526
v 0.56918162 -0.29613996 -0.44973415
v -0.32343480 -0.43219370 0.05384448
v -0.06743714 -0.33827087 0.09455500
v -0.51244271 0.27830514 -0.64328164
v -0.19119792 -0.42113838 0.06183339
v 0.41808811 -0.37602720 0.11869241
v 0.02898378 0.10369464 0.67541528
v -0.33741969 -0.43179467 0.05352786
v -0.54743719 -0.14403705 0.48658362
v -0.22681026 -0.42113855 0.06039170
v 0.49922988 -0.00119378 0.58173323
v -0.50496209 -0.12503253 -0.68014473
v 0.34044939 -0.04535855 -0.68390715
v -0.41390178 -0.40627176 0.06737088
v -0.48274907 -0.15171610 0.33818933
v 0.32196712 -0.33760446 0.27564269
v 0.47937712 -0.33927247 0.16966076
v -0.53871608 -0.28994793 -0.45574602
v -0.54986608 0.00093811 0.62165439
v -0.45077008 -0.10193210 0.56255811
v 0.45419785 -0.06935679 0.40743640
v -0.20020632 -0.35246989 0.11860246
v -0.46317837 0.11787031 0.66701663
v -0.54940045 -0.27785137 -0.29054376
v -0.56142205 -0.26063490 0.25489706
v -0.03993730 -0.33802471 0.09368192
v 0.55207950 0.31784990 -0.65369362
v 0.44070512 -0.05930217 0.45650250
v -0.56851816 -0.06531478 0.55334848
v -0.58308595 -0.05268172 0.53386378
v -0.53308344 -0.29209483 -0.48624772
v 0.39154801 0.02863966 0.56790429
v 0.57466561 0.36052945 -0.50084078
v -0.55123335 0.01509421 -0.50519174
v 0.48307747 0.20215349 0.42833576
v 0.44758978 -0.10990235 0.31745699
v -0.51140624 0.24734645 0.42261159
v 0.55817908 -0.31461203 -0.14491606
v 0.54378259 0.39346331 -0.49129358
v 0.47322097 0.01172249 0.59134740
v 0.46356893 -0.36570033 0.13432638
v -0.50907493 -0.30076128 0.13208912
v -0.53289288 -0.20261766 -0.24308406
v -0.52471006 0.34308785 -0.52168590
v 0.53665072 -0.25041172 -0.67424577
v -0.42042300 -0.42113701 0.06397230
v 0.12646674 -0.40171388 0.07879896
v 0.57106835 0.35229456 -0.08290698
v 0.50498456 0.38159424 -0.56572133
v -0.19064227 -0.04551230 0.62589681
v -0.52445626 0.38469744 -0.19347200
v -0.55659711 0.09817287 0.57376605
v -0.49461275 0.04247657 0.64742738
v -0.54064089 -0.20765482 0.40282878
v -0.55510437 -0.26401943 0.00875816
v 0.56926441 -0.08909966 -0.66860992
v -0.55724263 0.14478311 0.59903079
v -0.52464098 -0.01244457 -0.64025778
v 0.54849440 0.32634136 0.35162145
v 0.50695252 0.35519487 0.13169333
v 0.03003808 -0.43467426 0.09304478
v 0.16111512 -0.42734909 0.07875443
v 0.46554926 -0.33771995 0.16951215
v -0.55529249 -0.28708175 -0.09680648
v 0.43524295 -0.13409613 0.33420676
v 0.02955192 -0.42113423 0.07100119
v -0.35636002 0.02572876 0.39236343
v 0.55276954 0.11468038 0.59691751
v -0.50952554 0.01596762 -0.59066921
v -0.52841634 0.34869617 -0.66434252
v -0.55196297 -0.27758443 -0.23535229
v 0.55088198 0.22953901 0.47780201
v -0.41345382 0.11390665 0.68852997
v -0.47537169 -0.33194011 0.13844749
v 0.32911563 -0.34156403 0.12245571
v -0.52686596 -0.17870237 0.32920182
v 0.56617242 0.38804108 -0.47119147
v -0.58233041 0.03510777 -0.01830095
v 0.40720767 0.08642490 0.50999200
v -0.53812361 -0.16780040 0.17246306
v -0.50484878 0.11862472 0.52075762
v 0.54026687 -0.08376376 0.63231367
v 0.55720580 -0.31803149 -0.20039715
v 0.55518746 -0.30699876 -0.06847684
v 0.32719636 -0.42300412 0.10591420
v 0.33413821 -0.39287633 0.09546595
v 0.54854375 0.16328111 0.56502247
v 0.55857188 0.02668245 -0.66013026
v 0.55908984 0.36167091 0.01447441
v 0.41048378 -0.41020599 0.10693435
v 0.52696782 0.17798838 0.50473046
v 0.47168377 -0.05000968 0.68527269
v -0.50885272 -0.01257659 -0.59218484
v -0.55690330 -0.21491599 0.36002025
v -0.56277668 0.08322705 0.59370601
v 0.45377013 0.39502200 -0.55398762
v 0.44723332 -0.01043719 0.58364511
v -0.52947754 -0.28815380 -0.58108681
v -0.43671709 -0.42943129 0.06866797
v 0.57362592 -0.06749871 -0.64126819
v -0.36272338 0.10151049 0.69026709
v 0.55628252 -0.34593111 0.20532559
v -0.52487105 0.38586107 -0.01288663
v 0.07985470 -0.43343309 0.09424965
v 0.47154552 0.21437499 0.55617309
v 0.55642682 0.30808300 0.30525765
v 0.50522721 -0.29173008 -0.59442711
v -0.56584847 -0.16524105 0.41355458
v 0.45494679 0.16892409 0.47213989
v 0.18186685 -0.40132475 0.08057475
v -0.29584414 -0.34077474 0.12839040
v 0.55493885 0.36386344 0.13179082
v -0.28792262 0.10233933 0.68348438
v -0.54022664 0.32059458 0.39646652
v 0.48449892 -0.32244176 0.07018342
v -0.51786572 0.39704445 -0.23634925
v 0.53967708 -0.32041514 -0.07875180
v 0.53626710 -0.17448063 0.40048343
v 0.38535535 -0.24572761 -0.68070453
v -0.56360573 -0.25853804 0.12997217
v -0.57345515 -0.00016395 0.59148210
v -0.44366980 -0.30599290 -0.61367780
v 0.52012116 -0.32860225 0.17964283
v 0.55072606 0.29446834 0.07273264
v 0.48597166 -0.15026370 0.40904239
v 0.57186478 -0.18632582 -0.65567243
v 0.48196924 -0.27331451 -0.65808171
v 0.19307837 -0.33648616 0.08248856
v 0.34491068 -0.33481088 0.11478791
v -0.02426465 -0.23804127 -0.68838859
v 0.55854672 -0.23594160 0.33736828
v 0.57067537 0.34979108 -0.05836290
v -0.39957008 0.38387045 -0.65026498
v 0.55013108 0.16658482 0.30915758
v 0.43564996 0.40008008 -0.39237896
v -0.19568303 0.33109471 0.32372120
v 0.57903028 -0.25043797 -0.63785040
v -0.54120898 -0.18748106 0.30780819
v 0.24422391 -0.42441577 0.08347952
v 0.33463863 0.33200568 0.34857252
v -0.35306433 0.03017752 0.41541666
v -0.53949088 -0.20493791 -0.13032877
v -0.41486105 0.04697129 0.47096512
v -0.52414471 -0.18725599 0.19370545
v 0.46568868 0.09738315 0.43151897
v 0.53869641 -0.16353665 0.50477970
v -0.56233507 -0.23407567 0.25820804
v 0.51614183 -0.06107007 0.68362534
v -0.08005284 -0.04783271 0.63995421
v 0.54309422 -0.13617504 0.53371286
v -0.56754947 -0.14372031 0.40765208
v 0.57350224 -0.12338968 -0.65334821
v -0.03969484 -0.35936487 0.11464726
v 0.10567847 -0.43358067 0.09295780
v 0.56896698 0.38153023 -0.43575075
v 0.55931860 -0.26441297 0.27781177
v -0.42091921 -0.31750071 0.12644972
v -0.19219147 0.24369842 0.46934527
v -0.48380476 -0.15053967 0.30521730
v 0.54621124 -0.31871647 -0.03431793
v 0.57667542 0.00824369 -0.65427279
v 0.28517199 -0.42144999 0.09023700
v -0.54883015 -0.17909230 0.44401887
v 0.13285856 0.10724936 0.67711753
v -0.26958340 0.36676067 0.26333642
v 0.37714118 0.37123173 -0.63447046
v 0.00898970 -0.41695929 0.06857638
v 0.45491120 -0.12316945 0.40203878
v 0.52762282 0.11038225 0.64485812
v -0.11234593 0.33180967 -0.68432474
v 0.39754757 0.00537659 0.60916948
v 0.38187501 -0.41626200 0.10368000
v -0.52405500 0.39071819 -0.06878047
v -0.49063995 0.20222440 0.36754182
v 0.49043652 -0.11255987 0.47088844
v 0.08865695 -0.23079559 -0.68742073
v 0.55631524 -0.31441611 -0.11727732
v -0.55420536 0.17978531 0.52601814
v 0.54395539 -0.27542222 0.16670802
v -0.53847551 0.29990634 0.39126760
v 0.48642641 -0.36550197 0.13701031
v -0.52440619 -0.36823398 0.16106266
v 0.53134727 0.25047290 0.41566879
v -0.52392894 0.37902242 -0.40381905
v 0.34199107 -0.36288407 0.12585835
v 0.43006074 0.13063735 0.47739181
v 0.56419730 0.31501970 -0.00581936
v -0.51609397 0.04468875 0.55176574
v -0.54098362 0.34894443 0.24034844
v -0.51874137 -0.20777059 -0.68288612
v -0.51751566 -0.12435910 -0.67078120
v 0.43859658 -0.40592194 0.11503129
v 0.52758026 -0.36233655 0.15992069
v 0.47558504 -0.14997649 0.26173303
v -0.54062039 0.35903025 0.25734511
v 0.55233002 0.29876000 0.38089299
v 0.56605113 0.33822593 0.00761323
v -0.06009872 0.10741091 0.66036707
v 0.47556832 -0.12634510 0.59233612
v 0.56053901 0.36233720 -0.00651022
v -0.55230248 -0.29331496 -0.03438485
v -0.45642331 -0.10910792 0.32895410
v -0.52293146 0.39126202 -0.26283610
v 0.55067664 0.27928555 0.22128227
v 0.18682121 0.13114518 0.64035004
v -0.29875308 -0.33747327 -0.44478694
v 0.07107794 -0.40211767 0.07698903
v -0.34166157 0.39156994 -0.62698072
v -0.53070027 -0.20934069 -0.28077239
v 0.57161033 -0.22039762 -0.64973927
v -0.50849223 0.26505300 0.31950483
v -0.22982286 0.07745197 0.67864454
v -0.51463801 0.40206471 -0.42923436
v -0.50051266 0.31846926 -0.62036055
v 0.52980804 -0.15314652 0.43144718
v 0.53603351 -0.24785604 0.22067341
v -0.53489006 -0.20765272 0.19480416
v 0.54352504 0.39353651 -0.47018132
v -0.54957533 -0.23305681 0.35389084
v 0.56335276 0.39201298 -0.53284693
v -0.47966948 0.03041141 0.51459342
v -0.55513179 0.02943000 0.57099921
v 0.54095495 -0.24779384 0.24851626
v -0.56840265 -0.02573755 0.52407426
v -0.31606317 -0.44354367 0.07141714
v -0.54222846 -0.28583869 -0.40132666
v -0.55234963 -0.19213833 0.33274180
v -0.49830142 0.26914930 -0.67853820
v 0.55680281 0.26564685 -0.64762032
v 0.27200115 -0.41193053 0.08069762
v -0.52326125 0.38005459 0.04211346
v -0.27914697 -0.02667401 0.66465843
v 0.47214296 -0.00674904 0.58363432
v -0.48247686 0.37958783 -0.66065389
v 0.57116193 0.34966281 -0.22971030
v -0.53224683 -0.33038658 0.15262665
v -0.55266064 -0.29322463 -0.04824663
v 0.20259818 -0.43101290 0.09195592
v 0.52251095 0.26102015 0.34589443
v -0.43557799 -0.03843033 0.62182796
v -0.51301879 0.11193969 -0.65093684
v -0.52439982 0.26438677 0.40554148
v -0.46167588 -0.10247315 0.37567046
v -0.53596926 0.36420113 0.17424002
v -0.31011635 -0.24121508 -0.69124454
v -0.53755832 0.32789123 0.30501309
v -0.47513476 -0.41507369 0.10746342
v 0.54170924 -0.07531905 0.56806439
v 0.57978356 0.36207879 -0.56627250
v -0.48167187 0.20920341 0.40935954
v 0.20443691 -0.27210462 -0.65649021
v -0.00919111 -0.33702555 0.04906584
v -0.55607533 -0.29041037 0.07013914
v 0.50244033 -0.21335761 0.27211046
v -0.36921412 -0.00112907 0.41633937
v 0.55180949 0.28758502 0.40884578
v 0.54947001 0.20185100 0.50549102
v 0.44564006 -0.03188552 0.46523321
v -0.54060984 -0.29503962 -0.33209211
v 0.56971270 -0.17187415 -0.66780841
v 0.29930264 -0.35820091 0.12711538
v -0.52695274 0.36407027 -0.59513980
v -0.49563912 -0.06093387 0.59749466
v -0.53891963 0.31344002 0.36189866
v 0.54521406 0.37413710 -0.19144037
v -0.34621978 -0.44294924 0.07068437
v -0.55202830 -0.29310521 -0.00539856
v -0.53784531 0.19847815 0.56467623
v -0.27488393 -0.40203628 0.06650791
v -0.52607423 -0.03987800 -0.64201188
v 0.52807409 -0.02554846 0.57945943
v 0.41439503 0.09061403 0.57985914
v 0.41366678 0.10774549 0.56264722
v -0.49499959 0.22285908 0.33037263
v 0.53933257 0.24104580 -0.60304916
v -0.48076659 -0.10273495 0.21682015
v -0.35122728 -0.32241809 0.12602341
v 0.52206743 -0.14078224 0.54606211
v -0.51123035 -0.15139472 -0.68318594
v 0.54845512 0.01992324 0.60953552
v 0.51079875 0.37073874 -0.43593511
v 0.52806467 -0.06504302 0.55137312
v -0.52710384 0.08502681 -0.62863821
v 0.14049961 -0.02360964 0.69085801
v 0.06359990 0.12599488 0.64158791
v -0.52664876 -0.29865459 -0.10540223
v 0.44237915 0.15058030 0.48653433
v 0.49820012 -0.31374490 0.00901092
v 0.35503629 -0.41410929 0.09267014
v -0.11579809 -0.43053353 0.06503572
v -0.03918504 -0.02792516 0.68576020
v 0.37069458 -0.41357446 0.09479573
v 0.56048036 0.00885293 -0.59607655
v 0.46125674 -0.40171435 0.14624926
v -0.53912228 0.35230449 0.27046046
v -0.54829699 0.24338301 0.47780201
v -0.51778698 0.29334655 0.22882801
v -0.51924187 0.16741869 -0.64938158
v -0.51386464 -0.05507641 -0.66215837
v 0.45429492 0.03498595 0.43164173
v 0.54412824 0.29175058 -0.65927660
v -0.52182263 0.39178491 -0.55485010
v -0.51557648 0.30020911 -0.53118020
v 0.54349732 0.17298287 -0.59218961
v 0.54410404 -0.17819454 0.48084378
v -0.55391145 -0.29260266 -0.06213711
v 0.17783128 0.08300655 0.68866932
v -0.46613035 0.00135687 0.63790381
v -0.50792402 -0.12267043 -0.59346086
v 0.54596829 0.23393252 -0.51444101
v -0.52636683 0.03574014 -0.63350093
v 0.41533223 -0.35353690 0.14389692
v -0.13672149 -0.42113698 0.06394633
v 0.39930999 0.02187680 0.61331201
v -0.50934803 0.29557267 0.30842760
v -0.48425257 0.31564721 -0.59603590
v 0.56541365 0.09007974 -0.65683931
v 0.54723102 0.27568620 0.43822882
v -0.37126431 -0.02038633 0.67884964
v -0.52530462 -0.20187040 -0.35286316
v 0.06479592 0.10330185 0.68457597
v 0.55423164 -0.18968335 0.44853663
v -0.28172559 -0.28419450 -0.66048032
v -0.42812678 0.10101481 0.34378877
v -0.52341950 -0.26317382 -0.66502589
v 0.48178527 -0.17587607 0.27434149
v -0.08120776 -0.40504947 0.07043266
v -0.43036765 -0.31529832 -0.55106610
v 0.54376495 0.28956568 0.42317456
v -0.43535766 0.15059669 0.43040329
v -0.51042694 -0.32126579 0.14323975
v 0.37913701 0.03610990 0.58889598
v -0.42085388 -0.43399546 0.06893140
v 0.57266593 0.37104359 -0.46302661
v 0.55931324 0.37425119 -0.24442555
v 0.53868008 -0.30272126 -0.51348084
v 0.50382036 0.23370539 0.41563430
v -0.52374512 0.05574941 -0.63588071
v -0.50282878 0.14408480 -0.58027166
v 0.55667388 -0.30315465 -0.54142362
v -0.57845116 -0.07388594 0.52318758
v 0.54421270 -0.09612945 0.55920577
v 0.56730157 0.36462200 -0.39954111
v -0.52026123 -0.15047760 -0.53716242
v -0.54157102 -0.29162264 -0.35293654
v 0.54508048 -0.15443993 0.46206769
v 0.50287610 -0.29370588 -0.53888601
v 0.56503427 -0.28489456 0.30537000
v -0.13558097 -0.27607694 -0.66266197
v -0.20636541 -0.33618689 0.12923174
v -0.39720091 0.10035481 0.40423888
v -0.49837446 0.40337864 -0.30566475
v 0.47153237 -0.11083888 0.28533143
v -0.58093286 -0.00463568 0.56597179
v 0.58199406 0.06113981 0.06064637
v 0.09725337 0.22547291 0.52079272
v -0.17044558 0.03560781 -0.68769443
v -0.18606371 0.03436842 0.67789894
v -0.56369662 -0.20670941 0.10143292
v -0.52209288 0.39432907 -0.28367573
v -0.40569958 -0.31049299 0.10451058
v 0.43097371 0.01494632 0.47111022
v -0.52480626 0.38970128 -0.08969867
v 0.57844359 -0.29303896 -0.57535529
v 0.31331801 -0.42001301 0.09182140
v 0.50444210 0.16625388 0.38351899
v -0.43093127 -0.01777652 0.26912314
v -0.39213258 0.04661252 0.45353386
v -0.19147083 -0.33115917 0.10051318
v -0.51575154 0.27083439 -0.66419351
v 0.55064082 -0.34531075 0.22980799
v 0.48077869 0.38743812 -0.39422992
v 0.54380256 0.28246489 0.37887114
v 0.56368804 -0.21007389 -0.28335080
v -0.42899820 -0.04506752 -0.68559498
v -0.47643423 -0.02569400 0.45554966
v -0.08625803 -0.23981537 -0.68877316
v -0.45384336 0.10200646 0.31392297
v -0.54629600 0.25722799 0.46395800
v -0.51500839 -0.30060065 -0.55381715
v 0.57863081 -0.27300656 -0.62997675
v -0.52553314 -0.19114651 -0.66829425
v -0.55866438 -0.21347345 0.33444685
v -0.53076297 0.36724499 0.15938599
v -0.50925064 0.23649420 0.38234654
v -0.36444700 -0.43378800 0.06113160
v -0.56212479 -0.10893547 0.51224023
v -0.47487333 -0.15444911 -0.69168019
v 0.57109475 0.35851014 -0.21440499
v 0.55506617 -0.21148473 0.42678475
v 0.54146552 -0.35771582 0.21366221
v 0.55270696 -0.29123193 0.01723177
v -0.53721261 -0.24303991 -0.41919905
v 0.50654602 -0.38889799 0.14666800
v -0.50656587 0.25199780 -0.53713685
v -0.38505650 -0.31434965 0.11920875
v 0.15416041 -0.40153027 0.07968481
v -0.30632415 -0.40085134 0.06794222
v -0.42898664 0.32295001 0.40910432
v -0.47193420 0.16891366 0.34797296
v 0.01793154 -0.10372853 0.59963351
v 0.55773932 -0.28792712 -0.62212420
v -0.21964927 -0.31961021 0.09954771
v -0.57505476 -0.08551888 0.47761595
v 0.47241798 -0.16032383 0.37134010
v -0.51288378 -0.20034553 -0.53490502
v 0.02199437 -0.04687280 0.65116459
v 0.56775761 0.37012425 -0.62999034
v 0.09839059 0.10574970 0.68396276
v -0.36492828 -0.31525365 0.11901703
v -0.47212362 -0.02613334 0.62360674
v -0.41128883 0.12435660 0.66761464
v -0.21938124 -0.02478419 0.67131966
v 0.49703526 -0.29191208 0.32104498
v -0.50717223 0.30384436 0.44648948
v -0.28703395 0.43345657 -0.43789971
v 0.42955899 -0.10940567 0.34240711
v 0.11261162 -0.36669672 0.11356435
v 0.55522496 -0.18782894 0.43154034
v -0.54457825 -0.25994056 -0.33882272
v -0.52923661 0.10783719 0.63338691
v -0.51476347 0.39920068 -0.53232890
v -0.50549024 0.03153018 0.53599596
v 0.51600617 -0.09616280 0.63140416
v -0.44454944 0.12545046 0.46315324
v 0.55625546 0.04762233 -0.59674931
v -0.49727935 0.39684391 -0.58652449
v -0.54269582 -0.20688261 -0.06854202
v 0.56740445 -0.30910784 0.26333207
v 0.55661225 0.21599023 0.28409478
v 0.43979305 0.07046687 0.46682695
v -0.52335846 0.30325091 0.08692273
v -0.19883196 -0.32925114 0.06378717
v 0.55655938 -0.08102275 -0.60091531
v -0.53381354 0.33306146 0.17845450
v -0.56299204 -0.26795563 0.17339006
v 0.33624312 -0.26393470 -0.66704339
v 0.57294858 -0.15095922 -0.65323007
v 0.29359227 -0.41732189 0.12419601
v -0.53925693 0.27487764 0.04626214
v 0.56365216 -0.28854221 -0.23003288
v -0.56601763 -0.17061086 0.38775137
v 0.54346532 -0.10798535 0.58216298
v 0.54646003 -0.05165931 0.63436723
v -0.44909468 0.37407142 -0.66455358
v 0.00270439 0.33648679 -0.67645925
v -0.54346228 0.24829534 0.50700468
v -0.18507200 -0.33976701 0.11560800
v 0.49137416 0.10041109 0.39129180
v 0.55720919 0.36419898 0.07637925
v -0.52284253 0.39078835 -0.30449706
v 0.00318770 0.37442431 -0.62694722
v 0.57515621 -0.05977214 -0.52117616
v -0.47500658 -0.25133398 -0.68938929
v 0.36682788 0.37872767 0.12063409
v 0.59167963 -0.02785715 -0.21252398
v 0.26679438 0.06654716 0.68934077
v 0.50971937 -0.13724731 0.19649822
v -0.53370917 -0.28938064 -0.51177096
v 0.55768621 0.39277586 -0.55372298
v -0.52727270 0.02220223 -0.63368350
v 0.57217652 0.35427749 -0.15999959
v -0.55449796 0.05657572 0.62155366
v -0.15732534 0.36223784 -0.65663564
v 0.39641136 -0.41645017 0.11866213
v 0.48220131 0.37443262 -0.62812102
v 0.50949001 -0.19002277 0.47112384
v 0.51122504 -0.09267961 0.52046591
v 0.54836208 0.25777039 -0.66281319
v -0.50155103 -0.17164744 -0.59640312
v 0.48576891 -0.31404781 0.14233765
v -0.53670168 0.32770625 0.27498987
v 0.54086322 -0.31866708 0.27149937
v -0.55143809 0.15589054 0.53703916
v 0.49532095 -0.39009368 0.13503158
v 0.50233459 -0.30099282 -0.39473280
v 0.43071955 0.33564377 -0.66382277
v 0.14722283 -0.43115073 0.08365577
v -0.30321085 -0.01741860 0.68194371
v 0.01542511 -0.02673942 0.68832970
v -0.40650690 -0.33088174 0.13172998
v 0.43728399 -0.00307907 0.60319799
v 0.52960694 -0.10947065 0.51115751
v -0.55557549 -0.28443295 -0.15918684
v 0.46545973 -0.31734923 0.15955205
v 0.45940471 0.10332797 0.56636661
v -0.39308873 -0.04283535 0.36031973
v 0.17445116 -0.02637956 0.68958807
v -0.32138202 0.21392938 0.55111265
v 0.55340236 -0.32122314 -0.21444792
v -0.37899336 -0.02058954 0.39764452
v -0.42493626 -0.06890753 0.32970968
v 0.48990512 -0.22300017 -0.67879206
v 0.55910474 -0.31606203 -0.18646772
v -0.49065700 -0.40614501 0.10363500
v 0.48867339 -0.39233771 0.16210435
v 0.54619008 0.35898098 0.18135042
v 0.55476326 -0.22157589 -0.49871364
v -0.43777898 -0.01238826 0.46750209
v 0.57157528 0.35268083 -0.10365459
v 0.56193227 0.37798965 -0.36651587
v 0.55624467 -0.19429325 -0.53212881
v 0.21555533 -0.02559312 0.69026130
v 0.56747627 0.38949084 -0.51086265
v -0.22657445 -0.34026772 0.13120981
v 0.49465710 -0.31172851 -0.14094500
v -0.52660549 0.37739480 0.10430215
v -0.48857075 0.07942601 0.65721673
v 0.58527172 0.00680182 0.18026817
v 0.47727442 0.14017379 0.63104075
v -0.35432142 -0.34101996 0.12606253
v -0.53051960 0.32604793 0.05530810
v 0.57035494 -0.30258927 -0.50499433
v 0.42119870 0.12083019 0.51656181
v -0.26895839 -0.01064762 0.68009531
v -0.52765274 -0.26142642 -0.61375278
v -0.18478955 0.10665577 0.66227150
v 0.21018995 -0.40230897 0.08101415
v 0.57206815 0.30557773 -0.62513763
v 0.22570536 -0.34905657 0.11782652
v 0.55701357 -0.27398032 -0.66191834
v -0.53826439 0.12386438 0.54829818
v -0.30032310 0.33191723 -0.68435860
v 0.56352913 0.36131924 -0.04813167
v 0.54715621 0.17738216 0.54849827
v 0.54550976 0.24735337 0.47901672
v 0.56818986 0.06759255 0.27959698
v 0.34560201 -0.03107781 0.68911719
v 0.03332537 0.05962695 0.68449891
v -0.44744682 0.39391649 -0.63435572
v -0.50822496 -0.07527148 -0.59263223
v 0.53690362 -0.24892192 0.16797850
v 0.51177436 -0.18290211 0.17164172
v 0.43624490 0.25316468 -0.67959368
v 0.57000053 0.30570737 -0.54039216
v -0.52216530 0.34657070 0.33715293
v 0.55766797 0.39053741 -0.59342551
v -0.37542549 0.01286315 0.34366474
v -0.41141295 -0.03780251 0.30272585
v -0.53877389 -0.29588166 -0.23562907
v 0.00085099 -0.39419538 0.08205230
v -0.46927133 -0.08050755 0.40194932
v -0.52769297 -0.29851639 -0.14295572
v 0.53308874 -0.37217119 0.18663153
v -0.56477499 -0.25473821 0.21678446
v -0.31808341 0.36893925 -0.66064340
v -0.25852585 0.11028600 0.67218965
v 0.46100616 -0.07808480 0.46570343
v -0.27202865 0.37660447 -0.65177506
v 0.35144210 -0.33790040 -0.42585835
v -0.55073971 -0.27775595 -0.26282898
v -0.19181173 -0.40287879 0.06825500
v -0.41868493 0.04179819 0.32302597
v -0.44610325 0.21900022 0.56263977
v -0.19875996 -0.44303074 0.06700099
v -0.53276324 -0.23541859 -0.49105209
v -0.54217970 0.22403985 0.47379914
v 0.55506659 -0.30298293 0.29363391
v -0.49112368 0.04629811 0.53009468
v -0.07441954 -0.35967422 0.11393637
v -0.42704871 -0.24614027 -0.69043756
v 0.54579723 0.24278511 0.44624227
v 0.54162455 -0.09579530 0.60855418
v -0.49470246 0.32227817 -0.56805533
v 0.53091848 0.23610201 0.49953505
v -0.52441883 0.38428983 -0.22138570
v 0.56909448 -0.28746051 0.27989164
v -0.56197798 0.13733022 0.07322784
v -0.49565449 -0.13309692 0.19811960
v -0.22031201 -0.40178382 0.06823833
v -0.49869311 -0.20541701 -0.69126481
v 0.55051494 0.07691523 0.59384531
v -0.56368864 -0.05574318 0.48787677
v -0.55261916 -0.21584222 0.14932196
v -0.09975057 0.16781345 0.58995402
v -0.50567096 -0.20076351 -0.57367241
v -0.40228817 0.41239581 -0.56052703
v -0.52653855 0.30168813 0.33189625
v 0.40123314 0.00371521 0.58071607
v -0.47413987 -0.04963026 0.43223527
v -0.32320902 -0.28754729 -0.65843552
v -0.35807362 -0.28841937 -0.65868038
v 0.25711283 0.10331282 0.67905456
v -0.31546953 0.11285914 0.68302715
v 0.45498878 0.37232864 0.06166297
v -0.01205524 -0.33891857 0.09486841
v 0.47245413 0.28693733 0.45236915
v -0.11362003 0.02980364 0.68222910
v -0.46364287 -0.08082267 0.27533373
v 0.57707357 -0.27931842 -0.54044300
v -0.13659634 -0.40404344 0.06908491
v 0.49906850 -0.07236205 0.53236884
v 0.29716852 -0.29311508 -0.61952627
v -0.52554154 0.38953379 -0.57452607
v -0.48890507 0.28926036 -0.58103788
v -0.55767095 -0.25792783 0.05282989
v -0.51098806 -0.16211928 0.34317324
v 0.41179281 0.32993141 0.35361841
v 0.50829893 -0.06720278 0.28690076
v 0.25766051 -0.02493087 0.69120836
v -0.54064441 -0.12349528 0.51331317
v 0.54583532 -0.28909421 0.31686527
v -0.40351605 -0.01976638 0.67716765
v -0.50683129 0.36061907 0.28401965
v 0.48963580 -0.01622653 0.40285495
v 0.45771727 -0.18159550 0.50734127
v 0.51009279 -0.30695903 -0.21678290
v -0.13496242 -0.04822664 0.63281459
v 0.54339135 0.15913971 0.52833009
v -0.37843522 0.03500445 -0.68192518
v 0.46485338 -0.05486600 0.53395647
v 0.56919551 0.36378589 -0.31808189
v 0.07015092 -0.02250438 0.69006038
v 0.48102069 0.31140679 0.40403071
v 0.54569441 -0.16645284 0.14300686
v -0.57508707 -0.10913321 0.46386784
v 0.55268067 0.08763844 0.64696103
v -0.52355444 0.29683387 0.13913511
v 0.45211583 0.16601183 0.44318178
v 0.55226821 0.09228101 -0.59659094
v -0.53535002 0.36496764 0.23262389
v 0.55862045 -0.19672760 0.11740599
v -0.46457571 -0.12129113 0.35847932
v 0.55352259 -0.30561727 -0.04639482
v 0.45701891 -0.30394596 -0.58412564
v 0.02694328 -0.25472593 -0.67954475
v -0.37626016 -0.02656083 -0.69149214
v 0.12724979 -0.33549255 -0.47119454
v -0.51423812 0.40294740 -0.50525790
v -0.17110577 -0.35198316 0.11671051
v 0.41556814 0.11964124 0.49748632
v 0.56086367 -0.01315207 -0.66419089
v 0.53959268 -0.19426061 0.37534928
v -0.14338680 0.10500907 0.66521108
v 0.48822907 -0.12825535 0.44551769
v 0.57039106 0.07054153 -0.52417415
v 0.05031755 -0.40227598 0.07629072
v 0.45175999 -0.40653500 0.13169800
v -0.52158958 -0.07475834 -0.65821815
v 0.54684681 0.28279895 0.27284050
v -0.28192669 -0.44303715 0.06607001
v 0.56624401 -0.29395157 -0.31844103
v -0.02307180 -0.27715561 -0.65483993
v 0.55438256 -0.29129711 -0.01528280
v 0.36329809 0.23227414 0.52788877
v -0.55944300 0.12575954 0.57967657
v 0.18834992 0.28749987 0.42554292
v -0.36741182 -0.31472224 -0.58038694
v -0.41196305 0.04696137 0.68980896
v -0.19142629 -0.27893797 -0.66273957
v 0.49457851 -0.25521424 0.37834466
v -0.54552227 -0.20864001 -0.01367426
v 0.39954951 0.09477281 0.67284775
v 0.41631740 0.05507203 0.49814087
v -0.21803130 0.37452185 -0.64933521
v 0.37702063 -0.28228867 -0.64319235
v 0.41697216 -0.02334114 0.55413461
v 0.46345380 -0.17187521 0.31880489
v 0.51573002 -0.18867932 0.36186892
v -0.24669534 0.33192444 -0.68503928
v 0.55507350 0.31455943 0.35127467
v -0.53615046 0.19612375 0.48870087
v 0.13055962 0.08362012 0.68818372
v 0.55523205 0.25023177 -0.02086312
v -0.30968842 -0.34054926 0.12817752
v -0.55564433 0.07723847 -0.49044210
v 0.56648070 0.34544706 -0.64293003
v -0.55683106 -0.10752548 0.42791316
v 0.44397295 -0.24621376 -0.67809224
v -0.38683477 -0.04187734 0.62021571
v 0.55661684 0.36127657 0.03687669
v -0.47578746 -0.02734419 0.19612655
v -0.52153504 0.14252327 0.62081236
v 0.06116122 0.36687559 -0.64080083
v 0.40255311 -0.00474628 0.55884671
v -0.28199744 -0.34099805 0.12862846
v 0.56764454 0.12795760 0.27217570
v -0.44401634 0.27477825 0.49754012
v -0.52860671 -0.03098566 0.11286888
v 0.26809472 0.37960401 0.17610653
v -0.48951438 -0.13487495 0.27034956
v -0.44272316 -0.30574793 0.11208612
v 0.56698740 0.16703098 -0.63861036
v 0.53292817 -0.00593234 0.58100212
v 0.57055217 0.17850447 0.08734862
v 0.08889335 -0.31551135 0.33469319
v 0.56361592 -0.20954496 -0.37668005
v 0.41458923 -0.01188725 0.58031219
v -0.40414608 -0.09437892 -0.69299221
v -0.01528719 -0.40786985 0.07141231
v 0.55006772 0.25964883 0.45412022
v 0.54922938 0.29622200 0.36246085
v 0.42966154 -0.27555448 -0.65344954
v 0.56529295 -0.29360208 -0.28691211
v -0.37296367 0.07256095 0.40816712
v 0.29942280 -0.02255714 0.69325954
v 0.50566840 -0.30412623 -0.27202997
v 0.48282808 0.33867133 0.31330875
v -0.19528010 -0.22894379 0.41976872
v 0.55375630 -0.19987763 -0.57047063
v -0.54033273 0.32392272 0.38116404
v 0.52887011 0.03199776 0.57283014
v -0.51438600 0.29362419 0.26952085
v -0.44109830 0.05435435 0.48830158
v -0.47413251 -0.39522594 0.08647616
v -0.52336478 0.38052431 0.06332841
v 0.31008282 0.37755015 -0.62044686
v -0.49322468 -0.14888901 0.22809124
v 0.44738984 -0.24504143 0.41414464
v -0.46827817 -0.30270419 0.11704133
v -0.35828128 -0.32740843 -0.49858630
v -0.37802029 0.03013253 0.44002527
v 0.34654659 -0.41768166 0.12212589
v -0.49939781 -0.03179982 0.15852508
v 0.16536416 -0.30730310 -0.57323128
v 0.49032441 -0.18133001 0.35210344
v 0.15241918 -0.33863842 0.28819987
v -0.54771626 0.13950399 -0.49076369
v 0.56044698 0.35253400 0.21476300
v 0.51492709 0.22658120 0.36425459
v 0.56898552 -0.29371375 -0.41540173
v -0.53365231 0.34758025 0.11988023
v -0.50984699 0.13961093 -0.60783869
v -0.52534270 -0.28466049 0.28481203
v 0.32310441 0.35078350 -0.65554762
v -0.56972516 0.15396130 -0.09937361
v 0.50114512 -0.02294048 0.38090867
v -0.40655369 0.37380266 0.23631638
v 0.45815757 0.06182629 0.68269020
v -0.54097623 -0.33523196 0.19778697
v 0.55740291 -0.22282614 0.36612654
v -0.29453504 0.13452579 0.63614661
v -0.02121950 -0.17133527 0.52661234
v 0.39031047 0.16028227 0.61836153
v -0.51514643 -0.02031306 0.62467998
v 0.12807880 0.38330007 -0.60869867
v -0.44078270 -0.16072008 0.49428388
v -0.25475264 -0.04466838 0.62414092
v 0.54116589 -0.09887692 0.54675543
v -0.07862443 -0.33627596 0.04617319
v 0.54920179 0.24496527 -0.44667411
v 0.24811797 0.13787392 0.63560838
v -0.18672736 0.32816920 -0.68633252
v 0.53188533 -0.30860355 0.12553461
v -0.52555203 -0.22514270 -0.60097975
v -0.44161332 0.03388478 0.67236620
v -0.53612626 0.04511708 0.56753838
v 0.50295359 -0.29889992 -0.43529338
v -0.50502467 0.11029413 -0.58994710
v 0.26536846 0.35578516 -0.65254337
v 0.11312405 0.34863225 -0.66140640
v -0.57585788 -0.04419335 -0.00217189
v 0.47247997 0.11762744 0.53568137
v 0.54657155 -0.31019023 -0.45766810
v 0.17480187 -0.34662098 0.11286457
v -0.56632906 -0.13792971 0.46138179
v 0.43206975 0.37202072 -0.63201773
v -0.55957246 -0.28605407 0.08994017
v -0.52719408 0.27848154 0.47710103
v 0.30762243 -0.11024722 0.62048769
v -0.54414469 0.25256261 -0.07018992
v 0.57718629 -0.01971898 -0.64934933
v -0.20692070 -0.36433613 0.22802320
v 0.44530147 -0.32772702 -0.07684172
v 0.56249982 0.19326180 -0.63879943
v 0.25898176 -0.36795464 0.11746531
v -0.43557653 0.01250543 0.47938335
v 0.52105713 0.38644516 -0.37467492
v -0.01223162 -0.02636896 0.68817323
v 0.16160427 -0.24090481 -0.68431997
v -0.53531820 -0.18538128 0.27062228
v 0.58381957 -0.07417703 0.11497410
v -0.03272263 -0.42610615 0.06690259
v -0.53869909 0.36485809 0.20123917
v -0.10240696 0.10474748 0.66630363
v -0.55345565 -0.28196752 -0.21491934
v -0.24741033 -0.34122574 0.12958580
v 0.09601326 -0.36074141 -0.19258377
v 0.40796724 0.10550714 0.51234424
v -0.43752387 -0.26658192 0.34187382
v 0.49876788 -0.30379882 -0.30982313
v -0.40381196 0.41875386 -0.35097501
v -0.51293510 0.40244827 -0.40822965
v 0.23207779 -0.33848786 0.28091344
v -0.20091653 0.18460804 0.56128526
v -0.42143571 0.13680075 0.43265319
v -0.50291049 -0.15781090 0.27258155
v 0.20255493 -0.36830389 0.11531252
v 0.36523408 0.31774721 -0.67374140
v -0.36045519 0.13969438 0.63775975
v 0.54262066 0.39230072 -0.44630104
v -0.53582925 -0.20383483 -0.19557206
v 0.34620574 0.09923118 0.67815644
v -0.37795210 -0.33361465 0.23739336
v 0.57783109 -0.04930764 0.16860381
v 0.37724742 -0.09996362 0.63627660
v 0.39632517 -0.35333779 0.14259946
v 0.55125386 0.25313976 -0.38483605
v 0.48344520 0.34234959 -0.65180409
v -0.47691369 0.15873250 0.31747276
v -0.12175620 -0.34721521 0.26629707
v 0.48617509 0.18360494 0.47317746
v -0.13726722 -0.35659680 0.11388195
v -0.52547133 -0.06195139 -0.64101654
v 0.33084065 0.40218309 -0.54274374
v -0.58162487 -0.04836763 0.55211216
v 0.39214897 -0.33562177 -0.17576326
v -0.22310641 -0.43451005 0.09473872
v -0.40587571 0.07715433 0.34768909
v 0.47972140 -0.06490201 0.52814788
v 0.48839056 -0.31107447 -0.24036767
v -0.52358323 0.37924537 -0.34616929
v 0.52399296 0.37533486 -0.39929762
v 0.52024561 -0.11417787 0.59517717
v 0.31334090 -0.42396763 0.10600030
v 0.21666035 0.32915992 -0.67531157
v 0.54944324 -0.30519316 0.04278107
v 0.12467754 0.13356531 0.63670182
v 0.58092111 0.04232707 0.22312604
v -0.54476595 -0.09491619 0.54588908
v 0.35170397 0.41568914 -0.40886182
v 0.00891083 0.43851733 -0.15317339
v -0.54299700 0.15448810 0.60726804
v -0.48242447 0.22204937 -0.59645569
v -0.06041533 -0.02053044 0.68606740
v 0.50380731 0.01608722 0.37501994
v -0.47408220 0.14506960 0.62485081
v 0.39944643 -0.05492903 0.67774600
v -0.52386618 -0.09147616 0.14953931
v -0.22675383 0.11437435 0.65583807
v 0.11657230 -0.18218784 0.52648693
v -0.37182021 -0.00549060 0.36086360
v -0.40383902 0.09386177 0.69425863
v 0.51889229 -0.21566297 0.20099130
v -0.52412051 0.38814253 -0.13827400
v 0.49199405 -0.11162288 0.24458507
v 0.55095506 0.27830687 0.16543512
v -0.53248191 0.28418279 -0.38429424
v 0.27162337 -0.42794660 0.09978710
v -0.40551496 0.11610673 -0.68370706
v -0.14714238 0.43204391 -0.44344351
v -0.32525977 -0.04216031 0.62349349
v 0.44591573 0.03894457 -0.66875201
v 0.54107499 0.00024362 0.68042493
v 0.54649043 0.15409373 -0.66413683
v -0.50036621 0.40171748 -0.55147052
v -0.10851889 -0.43552300 0.09520992
v -0.19776832 -0.30515403 0.30819154
v 0.50863528 0.37414879 -0.47880343
v 0.55764371 0.26742139 -0.56627882
v 0.53128731 0.18468866 0.55645162
v -0.57047266 0.04797141 -0.27219966
v -0.18501312 -0.35393488 0.11637822
v 0.58380657 -0.09968183 -0.43526334
v 0.00206484 0.09980555 0.67158425
v -0.10363253 -0.16646229 0.52082556
v -0.56703281 -0.11656694 0.01126590
v 0.39870557 -0.32699829 -0.48443106
v -0.51551223 -0.30068836 -0.48482317
v -0.54750240 0.19005826 0.13604496
v 0.19219652 0.22108659 0.53387719
v 0.25998002 -0.28117976 0.37071830
v 0.00341160 0.18605027 0.57186955
v -0.51030099 0.34424800 -0.55262852
v 0.52562076 -0.07524236 0.22045021
v -0.04043366 0.43303102 -0.43327093
v -0.36098951 0.36257985 -0.66989422
v 0.28424212 0.29920819 -0.68179905
v -0.23680882 -0.28481451 -0.65652603
v -0.35749394 -0.40207288 0.06858491
v -0.02849910 -0.32159507 0.32192159
v 0.38796914 0.36298969 0.22530344
v -0.51464355 0.40251446 -0.47744477
v 0.42799777 0.04345502 0.59712726
v -0.57557905 0.02220665 -0.15019448
v 0.49465111 -0.31027788 -0.18423745
v -0.09395359 0.40143004 -0.53743535
v -0.52117252 0.08911898 0.19973926
v -0.28264207 0.02027392 -0.68804991
v -0.53183401 0.19214863 -0.51026911
v 0.58340156 0.07593531 -0.08897932
v -0.06781451 0.35430181 0.28887695
v -0.44139737 0.03707029 -0.66531396
v -0.06787256 -0.36046526 -0.19417937
v 0.50597167 0.16250864 0.51403439
v 0.57495731 -0.28993157 -0.59554601
v -0.04708957 0.31113884 -0.68654132
v 0.54038113 -0.15088689 0.52071732
v -0.55207092 -0.29326731 -0.02052178
v 0.47491816 -0.34408277 0.25142258
v -0.09432067 0.37046477 -0.62374467
v 0.52209502 -0.37944299 0.15931199
v -0.53243095 0.22668745 0.20350750
v 0.21902186 0.42803746 -0.35765344
v 0.52110881 0.10737899 0.35696873
v 0.52443999 -0.31542963 -0.11091149
v -0.56083149 -0.07211296 0.06296531
v 0.26218176 -0.26726758 -0.66218489
v -0.53733456 -0.34941292 0.16787177
v -0.52405059 0.31944129 -0.65512061
v -0.47363591 0.34526455 -0.67572367
v -0.13959830 -0.31332037 -0.57910162
v 0.30158013 -0.17642818 0.52880448
v 0.27927446 0.22795096 0.52862525
v 0.40235606 0.06516009 0.55331236
v -0.52456784 0.37945524 -0.49161938
v 0.53911483 -0.21722269 0.31990665
v -0.19417067 0.29091358 0.39352557
v 0.35560876 0.03940461 -0.67615700
v 0.17407700 0.10675606 0.67703766
v 0.56264526 -0.20939834 -0.18713437
v -0.55375564 0.20677817 0.53442645
v -0.37227523 -0.24319838 -0.69068384
v 0.26412058 0.40182170 0.01513393
v -0.54055667 -0.29166532 0.11218254
v 0.40305483 0.06612517 0.52717561
v 0.04784673 0.35195681 0.29680231
v 0.56194252 -0.10823172 0.15995337
v -0.33997881 -0.10668636 0.56094980
v -0.51105726 0.22312063 -0.66892803
v -0.46964425 0.04976412 0.66408515
v 0.55495477 0.25082791 -0.22849144
v 0.21305498 -0.35277304 -0.09577549
v 0.36118793 0.40617642 -0.23807509
v 0.56080449 -0.20763680 -0.08328258
v -0.55947632 0.19820298 0.02033586
v 0.04430988 -0.35502446 -0.06831189
v -0.51553243 -0.19825192 -0.49116969
v 0.15672871 0.39721841 0.11996900
v -0.55338562 -0.29952031 0.21690993
v 0.09782579 0.42754269 -0.45616212
v -0.00259446 0.39331034 0.15917061
v 0.31924114 -0.34242880 -0.01860988
v 0.18170887 -0.36833176 0.11452246
v 0.14365390 0.30503771 -0.68397367
v 0.54142761 0.37273061 -0.13170436
v -0.56513482 -0.15235107 0.44172183
v 0.25228888 0.33543631 0.33977035
v -0.53060865 -0.07730289 -0.54856998
v -0.47248229 -0.37809855 0.09659184
v -0.01123420 0.27721256 0.43403468
v 0.06742713 -0.35382581 -0.35718438
v -0.51882184 -0.29977456 -0.60430449
v 0.17491020 -0.43241709 0.09344569
v 0.55865765 0.36884102 -0.16603540
v -0.49444848 0.22490184 0.42268792
v -0.32177567 -0.23812170 0.39917347
v -0.23073560 -0.34918541 -0.20514928
v -0.52117002 0.36644298 -0.56945634
v -0.37849683 0.07338076 0.42749301
v -0.29259473 -0.33115345 0.01814866
v -0.50131553 0.14339966 0.49786445
v -0.10452104 0.44636902 -0.28969672
v 0.55879599 -0.23081450 0.39519194
v 0.24963668 0.04153204 -0.68300074
v -0.13432561 -0.35554251 -0.30974624
v 0.53954375 -0.20698933 0.34802252
v 0.02335295 -0.31151977 -0.57406867
v 0.22847818 -0.23301855 -0.68544436
v -0.17775072 0.43178460 -0.11282290
v -0.52891380 0.13496590 0.20790052
v -0.54788852 0.23354696 -0.26665846
v -0.30982748 -0.38945436 0.17334379
v 0.58682179 -0.07942248 -0.10961300
v 0.06525698 -0.33713678 0.06007401
v 0.27498180 -0.34689274 -0.37510613
v -0.54726118 0.16946511 0.59150636
v 0.16229157 -0.28564617 0.36838409
v 0.59013873 -0.06594925 -0.32486650
v -0.16300508 -0.43594560 0.09397677
v -0.56158817 -0.16414855 0.06823586
v -0.26008716 -0.31469828 -0.57927120
v 0.44430342 0.06966938 0.57947975
v 0.56475878 0.33516556 0.15456657
v -0.52519059 0.37799174 -0.52823448
v 0.55437446 0.24990033 -0.30386928
v -0.38112324 -0.01784360 0.33756909
v 0.42751873 -0.10779076 -0.68278396
v 0.55114776 0.02344933 0.30398202
v -0.23033811 0.40696162 0.08738411
v 0.47893924 -0.38062012 0.12522751
v 0.04809695 -0.17977729 0.52629584
v -0.45243078 0.13453637 0.34289759
v -0.34382081 0.34005541 0.34266770
v -0.43287748 0.19025826 -0.68329245
v 0.54607064 -0.02717925 0.68032706
v 0.49771979 0.20524679 0.45266071
v -0.52241290 -0.20127574 -0.39407751
v 0.21866651 0.37495372 -0.62698525
v -0.55767602 -0.28547096 0.10818677
v -0.57561707 0.09566291 0.01614806
v -0.50544983 -0.20174551 -0.61798161
v -0.41197330 0.35539213 -0.67562121
v 0.06858016 -0.27246225 -0.65638542
v -0.16426718 -0.23658940 -0.69014686
v 0.11236996 0.03404910 -0.68636566
v -0.55496544 -0.28541294 -0.11747772
f 678 1309 1240
f 678 1240 1204
f 678 1204 1892
f 1058 1892 1270
f 1058 678 1892
f 678 463 1309
f 1860 1431 1655
f 1855 985 1046
f 1878 1855 1046
f 1878 1795 1145
f 1878 1046 1795
f 1081 1878 1755
f 1860 1145 1431
f 1755 1878 1145
f 1755 1145 1860
f 982 499 1328
f 982 728 499
f 1328 499 653
f 499 914 653
f 728 1457 499
f 499 1457 914
f 431 1457 1564
f 1457 431 914
f 1519 383 433
f 1519 433 1946
f 1101 1519 1946
f 1519 1328 383
f 949 1519 1101
f 949 1101 824
f 1519 479 1328
f 949 1748 1519
f 1748 479 1519
f 130 1101 1946
f 1383 1101 130
f 1383 824 1101
f 1328 653 383
f 479 982 1328
f 914 383 653
f 914 433 383
f 1946 433 914
f 130 1946 1125
f 1125 1946 914
f 1331 130 1125
f 1331 1383 130
f 1125 914 431
f 998 1034 1021
f 525 824 288
f 525 288 1462
f 998 1462 1034
f 525 949 824
f 1559 525 1462
f 1559 1462 998
f 1396 1559 998
f 1559 949 525
f 990 1559 1396
f 288 824 1383
f 128 1462 288
f 1862 1462 128
f 1862 1034 1462
f 704 1034 1862
f 704 1021 1034
f 128 288 1383
f 1331 128 1383
f 1331 1862 128
f 1423 577 1348
f 1423 1348 1262
f 1396 1021 569
f 1396 569 516
f 1396 516 1229
f 577 1396 1229
f 1423 1396 577
f 14 1229 516
f 636 1229 14
f 636 577 1229
f 1348 577 636
f 1396 998 1021
f 1323 1396 1423
f 1323 1991 1396
f 68 1021 704
f 68 569 1021
f 68 516 569
f 14 516 68
f 1262 1348 636
f 636 14 68
f 1027 705 550
f 1554 550 628
f 1554 1027 550
f 1074 628 1543
f 1074 1554 628
f 705 1423 1262
f 1027 1423 705
f 1212 1423 1027
f 1212 1027 1554
f 1212 985 1423
f 1046 1212 1554
f 1046 1554 1074
f 985 1323 1423
f 705 1262 550
f 509 1543 628
f 550 1262 636
f 1779 1074 1543
f 1795 1779 507
f 1795 507 942
f 422 1795 942
f 1145 1487 495
f 1145 495 566
f 1145 566 2000
f 1795 1074 1779
f 1795 1046 1074
f 1145 422 1487
f 1145 1795 422
f 509 1779 1543
f 509 507 1779
f 509 942 507
f 422 942 509
f 1546 1487 422
f 1546 495 1487
f 1546 566 495
f 1289 566 1546
f 1289 2000 566
f 1546 422 509
f 1145 2000 1067
f 1431 1145 1067
f 1431 1067 463
f 1431 463 678
f 1655 1431 678
f 1655 678 1058
f 1289 1067 2000
f 463 1067 1289
f 1309 463 1289
f 1240 1309 1289
f 1204 1240 1289
f 748 1204 1289
f 748 1892 1204
f 748 1270 1892
f 1193 728 982
f 1385 398 1193
f 390 398 1385
f 390 1282 398
f 189 1282 390
f 1194 1282 189
f 1194 1015 1282
f 1193 1574 728
f 398 1574 1193
f 398 1391 1574
f 1282 1391 398
f 1015 1391 1282
f 1574 1457 728
f 1015 376 1391
f 1574 1564 1457
f 479 1193 982
f 1995 479 1748
f 949 1579 1748
f 1385 1193 479
f 1995 1385 479
f 1995 390 1385
f 1473 390 1995
f 617 390 1473
f 617 189 390
f 1312 617 1473
f 1347 1312 1473
f 617 1194 189
f 1748 1579 1995
f 1473 1995 1579
f 1347 1473 1579
f 1409 949 1559
f 990 1347 1931
f 1559 1931 1409
f 990 1931 1559
f 1409 1579 949
f 1347 1579 1409
f 1931 1347 1409
f 1991 990 1396
f 1046 985 1212
f 852 1015 1194
f 1302 852 1642
f 852 376 1015
f 1302 376 852
f 1302 1378 376
f 83 1378 1302
f 693 1378 83
f 693 1886 1378
f 210 1194 617
f 210 852 1194
f 1312 210 617
f 1534 210 1312
f 1942 1534 1312
f 1642 852 210
f 1807 1642 210
f 1534 1807 210
f 1807 1302 1642
f 1273 1302 1807
f 519 1273 1807
f 519 1807 1534
f 519 1534 1942
f 1273 83 1302
f 537 519 1942
f 1061 83 1273
f 872 1273 519
f 872 1061 1273
f 1096 872 519
f 537 1096 519
f 1061 693 83
f 990 1942 1347
f 1942 1312 1347
f 1991 537 990
f 18 1991 1323
f 18 537 1991
f 18 1037 537
f 990 537 1942
f 1855 1323 985
f 1855 18 1323
f 937 431 1564
f 937 1564 1916
f 1585 937 1916
f 1584 1585 1916
f 1916 1248 1584
f 1331 1125 1651
f 937 1125 431
f 937 1651 1125
f 937 1585 1651
f 1585 1584 1651
f 704 1862 1331
f 1714 704 1331
f 1714 1331 1651
f 68 704 1714
f 1209 68 1714
f 1209 636 68
f 392 636 1209
f 392 550 636
f 392 628 550
f 1951 628 392
f 1951 509 628
f 748 1289 1546
f 906 1546 509
f 748 1546 906
f 906 509 1951
f 1564 1574 1391
f 376 1692 1391
f 1391 1916 1564
f 1692 1916 1391
f 1692 1248 1916
f 1378 1692 376
f 1378 1630 1692
f 36 392 1209
f 1248 1326 1584
f 1326 1248 177
f 1326 177 1872
f 1975 1651 1584
f 1584 1326 1975
f 1975 1326 1872
f 1714 1651 1975
f 1209 1714 1975
f 36 1209 1975
f 748 906 1954
f 1692 177 1248
f 1630 177 1692
f 1630 1882 177
f 814 36 1905
f 1959 392 36
f 1951 392 1959
f 5 906 1951
f 1887 1951 1959
f 5 1951 1887
f 1436 1954 906
f 1436 906 5
f 654 1436 5
f 1743 654 5
f 177 1653 1872
f 177 1998 1653
f 1998 1352 1653
f 1998 1380 1352
f 1905 1872 1653
f 1905 1975 1872
f 1905 1653 1352
f 36 1975 1905
f 1882 1998 177
f 1882 1360 1998
f 1360 1380 1998
f 1959 36 814
f 1945 1959 814
f 1887 1959 1945
f 1930 5 1887
f 1930 1743 5
f 1255 1743 1930
f 1352 1380 1003
f 1380 1646 1003
f 1380 1133 1646
f 1003 1905 1352
f 1961 1003 1646
f 1961 1905 1003
f 1905 1961 814
f 1360 6 1380
f 6 1133 1380
f 1058 1270 58
f 893 1058 58
f 1599 893 534
f 1599 534 1256
f 1599 1058 893
f 1761 1599 1256
f 1123 1761 1993
f 1362 1599 1761
f 1123 1362 1761
f 1439 100 931
f 1933 1439 931
f 1123 1993 100
f 1439 1123 100
f 1548 1439 1933
f 1577 1123 1439
f 786 1577 1439
f 786 1439 1548
f 1577 1362 1123
f 1028 1933 539
f 1028 1548 1933
f 278 1028 539
f 469 1028 278
f 1150 1548 1028
f 556 1028 469
f 556 1150 1028
f 504 469 347
f 504 556 469
f 1362 641 1599
f 1974 641 1362
f 20 1974 1362
f 1860 1655 641
f 1974 1860 641
f 20 963 1974
f 963 1860 1974
f 322 1150 556
f 322 556 504
f 1386 504 386
f 1386 322 504
f 1230 322 1386
f 1111 614 1445
f 1154 614 1111
f 592 1154 1111
f 325 1154 592
f 441 592 1940
f 441 325 592
f 1097 386 1222
f 1097 1386 386
f 989 1386 1097
f 989 1230 1386
f 671 989 1097
f 526 1230 989
f 341 526 989
f 11 989 671
f 11 341 989
f 997 11 671
f 193 526 341
f 1445 341 11
f 1445 193 341
f 1111 11 997
f 1111 1445 11
f 1166 1111 997
f 755 193 1445
f 614 755 1445
f 1940 1111 1166
f 1940 592 1111
f 325 614 1154
f 441 1671 325
f 13 1940 1759
f 13 441 1940
f 1619 13 1759
f 652 1619 1759
f 677 1940 1166
f 1759 1940 677
f 1012 1759 677
f 652 1759 1012
f 1390 652 1604
f 1900 1755 1860
f 1900 1860 963
f 759 1755 1900
f 362 1671 441
f 66 734 1344
f 1033 66 1344
f 464 66 1033
f 464 1227 66
f 464 1033 1809
f 362 441 13
f 1619 362 13
f 113 1619 652
f 1390 113 652
f 451 362 1619
f 1407 1619 113
f 1407 451 1619
f 70 1407 113
f 70 113 1390
f 843 70 1390
f 734 1407 70
f 1344 70 843
f 1344 734 70
f 1576 1407 734
f 66 1576 734
f 1032 1033 1344
f 1809 1033 1032
f 1357 1227 464
f 1032 843 1823
f 1032 1344 843
f 1576 451 1407
f 1227 1576 66
f 530 464 1809
f 596 464 530
f 1357 464 596
f 530 1809 1032
f 1124 596 530
f 1124 1357 596
f 665 1032 1823
f 742 1032 665
f 742 530 1032
f 730 530 742
f 730 1124 530
f 1022 1124 730
f 833 87 1498
f 1001 833 1498
f 754 833 1001
f 754 199 833
f 935 199 754
f 1250 87 625
f 1250 1498 87
f 1708 625 87
f 833 1708 87
f 199 1708 833
f 199 1943 1708
f 935 1943 199
f 1250 625 57
f 625 622 57
f 1708 622 625
f 1708 290 622
f 1943 290 1708
f 888 57 513
f 888 1250 57
f 474 252 513
f 622 513 57
f 622 474 513
f 290 474 622
f 290 343 474
f 1943 343 290
f 1902 609 1185
f 1902 844 609
f 1239 844 1902
f 1733 1902 894
f 956 609 53
f 1185 609 956
f 114 312 53
f 609 114 53
f 844 114 609
f 894 1902 1185
f 1239 656 844
f 237 53 312
f 956 53 237
f 754 1001 237
f 312 754 237
f 114 754 312
f 114 935 754
f 482 935 114
f 844 482 114
f 656 482 844
f 506 1001 1498
f 506 237 1001
f 956 237 506
f 894 1185 956
f 656 673 482
f 1250 506 1498
f 673 1077 482
f 482 1943 935
f 482 873 1943
f 1077 873 482
f 854 894 956
f 1918 1993 1761
f 641 1655 1058
f 641 1058 1599
f 1918 1761 1256
f 964 1256 534
f 964 1918 1256
f 1713 964 534
f 1713 534 893
f 748 58 1270
f 1685 58 748
f 1685 893 58
f 1685 1713 893
f 931 1239 1902
f 1733 931 1902
f 931 954 1239
f 1933 931 1733
f 1933 1733 402
f 100 954 931
f 100 1993 1918
f 954 100 1918
f 1239 1334 656
f 1334 954 1045
f 954 1334 1239
f 1045 954 1918
f 854 1733 894
f 854 402 1733
f 1045 1918 964
f 1334 673 656
f 1045 673 1334
f 1045 964 673
f 605 964 1713
f 964 1077 673
f 964 605 1077
f 1077 605 873
f 605 351 873
f 351 1713 1685
f 351 605 1713
f 539 1933 402
f 469 278 1727
f 122 504 347
f 1548 1150 786
f 1727 278 539
f 197 469 1727
f 197 347 469
f 197 122 347
f 854 539 402
f 1727 539 854
f 1783 197 1727
f 1783 1727 854
f 122 386 504
f 1222 386 122
f 578 1097 1222
f 578 1222 122
f 578 122 197
f 1783 578 197
f 769 578 1783
f 1220 1577 786
f 20 1362 1577
f 1083 1577 1220
f 1147 1083 1220
f 1083 20 1577
f 743 1147 1220
f 1083 295 20
f 1832 20 295
f 767 1083 1147
f 743 767 1147
f 295 1083 767
f 743 1711 767
f 1572 295 767
f 1711 1572 767
f 1220 786 1150
f 322 1774 1150
f 1774 1220 1150
f 1774 743 1220
f 1230 1141 322
f 1141 1774 322
f 1230 1079 1141
f 1774 1790 743
f 1141 1790 1774
f 1141 254 1790
f 1079 254 1141
f 1790 1711 743
f 254 1162 1790
f 254 1018 1162
f 1790 1684 1711
f 1162 1684 1790
f 1279 1572 1711
f 1684 1279 1711
f 962 1162 1018
f 1205 1684 1162
f 962 1205 1162
f 578 671 1097
f 1057 671 578
f 1057 997 671
f 480 526 193
f 755 480 193
f 614 782 755
f 325 782 614
f 1671 782 325
f 526 1079 1230
f 526 480 1079
f 782 480 755
f 1166 997 1057
f 480 1600 1079
f 1600 254 1079
f 1626 1018 1600
f 480 1626 1600
f 782 1626 480
f 769 1057 578
f 769 1166 1057
f 1600 1018 254
f 782 1246 1626
f 1626 962 1018
f 1626 1205 962
f 1604 652 1012
f 1740 1012 677
f 1740 1604 1012
f 1023 1823 1604
f 1740 1166 769
f 1740 677 1166
f 1023 1604 1740
f 1682 1900 963
f 1682 759 1900
f 429 759 1682
f 1832 963 20
f 1832 1682 963
f 1717 1682 1832
f 295 1572 1832
f 1279 1832 1572
f 785 1832 1279
f 1675 1832 785
f 1675 1717 1832
f 1592 1279 1684
f 1592 1684 1205
f 1592 785 1279
f 941 785 1592
f 941 842 785
f 842 1675 785
f 1495 1592 1205
f 1495 1205 338
f 451 217 1671
f 1671 217 782
f 217 1545 782
f 782 1545 1246
f 217 1583 1545
f 1626 338 1205
f 1246 338 1626
f 898 338 1246
f 1545 898 1246
f 1545 425 898
f 1583 425 1545
f 1583 416 425
f 1583 44 416
f 1823 1390 1604
f 1823 843 1390
f 451 1671 362
f 1576 217 451
f 1379 217 1576
f 584 1379 1576
f 1227 584 1576
f 1426 584 1227
f 1379 1583 217
f 1379 44 1583
f 1379 1502 44
f 584 1502 1379
f 1022 730 1738
f 1266 742 665
f 1738 742 1266
f 1738 730 742
f 1266 665 1823
f 1266 1823 1023
f 1414 1738 1266
f 1311 1738 1414
f 1243 1266 1023
f 1243 1414 1266
f 925 1414 1243
f 925 1311 1414
f 888 513 1102
f 1102 513 252
f 343 252 474
f 873 343 1943
f 873 171 343
f 711 1102 1336
f 711 888 1102
f 1102 1049 1336
f 252 1049 1102
f 252 1017 1049
f 343 1017 252
f 711 1336 923
f 1049 923 1336
f 1049 738 923
f 1017 738 1049
f 171 1017 343
f 710 923 604
f 710 711 923
f 738 604 923
f 171 588 1017
f 710 604 344
f 738 344 604
f 738 255 344
f 1017 255 738
f 1017 1873 255
f 588 1873 1017
f 588 606 1873
f 344 1389 644
f 710 344 644
f 255 1389 344
f 255 832 1389
f 255 1873 832
f 606 1514 1873
f 141 1389 832
f 1389 1269 644
f 1389 141 1269
f 1269 710 644
f 141 1011 1269
f 832 1011 141
f 1873 1011 832
f 1514 564 1873
f 888 506 1250
f 854 956 506
f 711 506 888
f 1797 854 506
f 1797 506 711
f 1484 588 171
f 1966 711 710
f 1966 1797 711
f 606 81 1514
f 1364 1685 748
f 230 1364 748
f 230 1399 1364
f 1413 1399 230
f 230 748 1954
f 351 171 873
f 351 273 171
f 273 351 1685
f 273 1160 171
f 1160 1685 1364
f 1160 273 1685
f 1160 1484 171
f 1160 1364 1484
f 588 1484 1399
f 1364 1399 1484
f 606 588 1399
f 81 1399 1413
f 81 606 1399
f 1280 81 1413
f 81 1280 1514
f 1413 230 1280
f 1280 564 1514
f 1280 154 564
f 230 154 1280
f 1783 854 1797
f 35 1783 1797
f 1950 1783 35
f 1950 769 1783
f 1922 1023 1740
f 1950 1740 769
f 1922 1740 1950
f 1592 1542 941
f 1495 1542 1592
f 1370 842 941
f 941 115 1370
f 115 941 1542
f 1495 683 1542
f 682 115 1542
f 683 682 1542
f 1980 682 683
f 898 1495 338
f 425 361 898
f 361 1495 898
f 416 361 425
f 416 663 361
f 44 663 416
f 361 1490 1495
f 1490 683 1495
f 663 1490 361
f 44 33 663
f 1494 1490 663
f 1490 1980 683
f 1835 1980 1490
f 1494 1835 1490
f 33 1494 663
f 1258 1494 33
f 395 1835 1494
f 1258 395 1494
f 1502 33 44
f 1673 1243 1023
f 925 1243 1673
f 1673 1023 1922
f 1606 925 1673
f 1322 1606 1673
f 1845 1673 1922
f 661 1673 1845
f 661 1322 1673
f 586 661 1845
f 403 925 1606
f 24 1606 1322
f 1011 1228 1269
f 1011 1005 1228
f 1873 1005 1011
f 1873 1401 1005
f 564 1401 1873
f 1005 471 1228
f 1401 471 1005
f 564 1668 1401
f 471 1 1228
f 471 878 1
f 387 1228 1
f 1401 878 471
f 1668 1114 1401
f 878 1644 1
f 387 1 1644
f 878 119 1644
f 1401 119 878
f 1401 1272 119
f 1114 1272 1401
f 1114 1679 1272
f 387 1644 502
f 119 502 1644
f 119 323 502
f 1272 323 119
f 1679 702 1272
f 387 502 599
f 323 599 502
f 1272 885 323
f 702 885 1272
f 702 1780 885
f 1811 599 334
f 1811 387 599
f 323 334 599
f 323 1013 334
f 885 1013 323
f 885 1780 993
f 1811 334 561
f 1013 561 334
f 885 1573 1013
f 993 1573 885
f 1228 710 1269
f 1966 710 1228
f 1966 1228 387
f 835 1668 564
f 35 1966 1766
f 1811 1966 387
f 1766 1966 1811
f 1780 1508 993
f 35 1797 1966
f 674 230 1954
f 674 69 230
f 126 674 1954
f 917 126 1954
f 492 917 1954
f 1406 492 1954
f 47 492 1406
f 1436 1406 1954
f 359 47 1406
f 835 154 69
f 154 835 564
f 230 69 154
f 757 69 674
f 757 835 69
f 835 757 1668
f 103 674 126
f 103 757 674
f 757 1114 1668
f 757 103 1114
f 86 126 917
f 86 103 126
f 103 1679 1114
f 103 86 1679
f 590 917 492
f 590 86 917
f 86 702 1679
f 86 590 702
f 967 492 47
f 967 590 492
f 590 1780 702
f 590 967 1780
f 649 47 359
f 649 967 47
f 967 649 1780
f 827 649 359
f 649 1508 1780
f 649 827 1508
f 827 359 1406
f 1851 1950 35
f 1702 1950 1851
f 27 1922 1950
f 21 1922 27
f 27 1950 1702
f 1482 586 1845
f 1235 1482 1845
f 1741 1845 1922
f 1235 1845 1741
f 1741 1922 21
f 567 1235 1741
f 1416 567 1741
f 1518 1482 1235
f 567 1518 1235
f 1811 561 186
f 1013 186 561
f 993 1025 1573
f 384 186 1558
f 384 1811 186
f 1013 1558 186
f 1013 1008 1558
f 1573 1008 1013
f 1573 1555 1008
f 1025 1555 1573
f 1558 762 384
f 1973 1811 384
f 1008 762 1558
f 1025 1856 1555
f 709 762 409
f 709 384 762
f 1973 384 709
f 1008 409 762
f 1008 266 409
f 1555 266 1008
f 1555 470 266
f 1856 470 1555
f 1856 1633 470
f 373 1372 1436
f 619 409 200
f 619 709 409
f 1973 709 619
f 266 200 409
f 1633 770 470
f 373 1436 654
f 462 200 792
f 462 619 200
f 462 1973 619
f 266 792 200
f 266 1316 792
f 470 1316 266
f 470 1594 1316
f 770 1594 470
f 770 1806 1594
f 679 373 654
f 1806 373 679
f 1806 770 373
f 486 462 792
f 1850 1973 462
f 1316 486 792
f 282 486 1293
f 1850 486 282
f 1850 462 486
f 1316 1293 486
f 1594 1293 1316
f 1594 565 1293
f 1594 874 565
f 1806 874 1594
f 679 874 1806
f 1508 1353 993
f 1353 1025 993
f 1353 393 1025
f 1766 1811 1973
f 1451 393 1372
f 393 1856 1025
f 393 1451 1856
f 1633 1372 373
f 1633 1451 1372
f 1451 1633 1856
f 770 1633 373
f 1850 1766 1973
f 1804 1766 1850
f 1804 1851 1766
f 1372 1406 1436
f 827 1353 1508
f 827 699 1353
f 827 1406 699
f 393 1406 1372
f 393 699 1406
f 1353 699 393
f 1851 35 1766
f 1859 21 27
f 1859 27 1702
f 1053 1741 21
f 1416 1741 1053
f 686 1416 1053
f 1611 1053 21
f 419 1053 1611
f 419 686 1053
f 1611 21 1859
f 112 419 1611
f 282 1293 862
f 565 862 1293
f 666 654 1743
f 666 679 654
f 679 666 874
f 300 862 251
f 300 282 862
f 300 1850 282
f 565 251 862
f 565 1330 251
f 874 1330 565
f 874 489 1330
f 666 489 874
f 853 251 879
f 853 300 251
f 536 300 853
f 536 1850 300
f 1330 879 251
f 489 1563 1330
f 1006 666 1743
f 666 1563 489
f 666 1006 1563
f 975 853 879
f 536 853 975
f 879 804 975
f 1330 804 879
f 1330 133 804
f 1563 133 1330
f 1563 950 133
f 1006 950 1563
f 536 975 446
f 804 446 975
f 950 1156 133
f 1029 1006 1743
f 1006 1156 950
f 1006 1029 1156
f 350 446 1776
f 696 446 350
f 696 536 446
f 804 1776 446
f 133 1776 804
f 1255 1029 1743
f 581 1776 308
f 581 350 1776
f 696 350 581
f 1776 1693 308
f 133 1693 1776
f 133 1544 1693
f 1156 1544 133
f 1156 968 1544
f 1589 1029 1255
f 1029 968 1156
f 1029 1589 968
f 150 581 308
f 994 581 150
f 994 696 581
f 121 150 308
f 1693 121 308
f 968 784 1544
f 1589 784 968
f 1804 1850 536
f 1804 536 696
f 1874 696 994
f 1874 1804 696
f 1874 1851 1804
f 1874 1702 1851
f 32 1702 1874
f 1859 1702 32
f 1736 1859 32
f 1404 1859 1736
f 1404 1152 1859
f 112 1611 1152
f 1152 1611 1859
f 651 1152 1404
f 1294 1152 651
f 634 112 1152
f 1828 634 1152
f 1294 1828 1152
f 1772 1294 651
f 18 1669 1037
f 1081 1729 1878
f 1994 1729 1081
f 1721 1669 18
f 297 1721 18
f 297 18 1855
f 1965 297 1855
f 1729 1855 1878
f 1729 9 1855
f 9 1965 1855
f 1929 1729 1994
f 1929 1764 1729
f 1764 9 1729
f 107 1843 1886
f 1244 1843 107
f 1464 211 872
f 285 1286 1341
f 211 693 1061
f 872 211 1061
f 1072 872 1096
f 1072 1464 872
f 76 1464 1072
f 76 1314 1464
f 642 76 1072
f 76 1341 1314
f 76 285 1341
f 642 285 76
f 1286 107 1341
f 192 285 642
f 192 1286 285
f 960 107 1286
f 960 1244 107
f 1752 1286 192
f 1752 960 1286
f 1464 693 211
f 1314 693 1464
f 1314 527 693
f 1341 527 1314
f 1341 107 527
f 527 1886 693
f 107 1886 527
f 537 1072 1096
f 1037 1072 537
f 642 1072 1037
f 1669 642 1037
f 1669 192 642
f 880 1988 191
f 1923 1988 880
f 298 1843 1244
f 191 1843 298
f 191 1988 1843
f 749 298 1244
f 749 1244 960
f 1726 749 960
f 1726 960 1752
f 1301 298 749
f 579 1301 749
f 579 749 1726
f 493 1301 579
f 601 880 1301
f 493 601 1301
f 468 880 601
f 468 1923 880
f 1342 1726 1752
f 1301 191 298
f 450 579 1726
f 450 1726 1342
f 450 493 579
f 497 450 1342
f 880 191 1301
f 920 493 450
f 920 601 493
f 920 468 601
f 497 920 450
f 1827 920 497
f 297 1883 1721
f 1721 192 1669
f 1721 1342 192
f 297 78 1883
f 1342 1752 192
f 1883 1342 1721
f 1883 497 1342
f 1398 497 1883
f 1373 1231 307
f 764 1231 1373
f 589 1904 453
f 453 1904 764
f 307 25 1923
f 307 1231 25
f 764 25 1231
f 1904 25 764
f 25 1988 1923
f 180 307 1923
f 180 1923 468
f 1373 307 180
f 1007 1373 180
f 167 764 1373
f 1007 167 1373
f 638 167 1007
f 1903 764 167
f 1903 453 764
f 638 1903 167
f 1903 589 453
f 1217 1903 638
f 158 180 468
f 158 1007 180
f 1217 1007 158
f 1217 638 1007
f 1827 468 920
f 1398 1827 497
f 158 468 1827
f 520 158 1827
f 1398 520 1827
f 823 158 520
f 1598 823 520
f 1598 520 1398
f 1319 158 823
f 1319 1217 158
f 1598 1319 823
f 1567 1319 1598
f 1319 379 1217
f 1567 379 1319
f 78 1398 1883
f 1306 1398 78
f 811 1306 78
f 1047 1867 1306
f 1047 1306 811
f 1306 1598 1398
f 1306 1567 1598
f 1867 1567 1306
f 1841 78 297
f 1841 811 78
f 1965 1841 297
f 1454 1841 1965
f 1454 1815 1841
f 1206 1454 1965
f 1569 1206 1965
f 1206 1363 1454
f 1569 1965 9
f 1054 1569 9
f 891 1054 9
f 1838 9 1764
f 1838 891 9
f 17 1838 1764
f 1443 1764 1929
f 1515 1764 1443
f 1515 1106 1764
f 1366 17 1764
f 1176 1366 1764
f 512 1176 1764
f 1106 512 1764
f 1073 400 589
f 400 1904 589
f 400 1237 1904
f 1237 1448 1904
f 1073 589 1903
f 207 1073 1903
f 761 1073 207
f 725 761 207
f 725 207 394
f 1265 725 394
f 587 725 1265
f 313 587 1265
f 1597 1265 1952
f 1597 313 1265
f 1305 1597 1952
f 207 1903 1217
f 394 207 1217
f 379 394 1217
f 1265 394 379
f 1952 1265 379
f 761 400 1073
f 725 549 761
f 587 549 725
f 473 1305 1952
f 1867 379 1567
f 1867 1952 379
f 761 549 400
f 587 1430 549
f 313 1430 587
f 1597 1430 313
f 1305 1430 1597
f 1305 1849 1430
f 549 1237 400
f 549 1533 1237
f 1430 1533 549
f 1237 1533 1448
f 1849 1580 1430
f 1909 1047 811
f 333 1909 811
f 1909 1978 1047
f 473 1952 1867
f 1978 1867 1047
f 1978 473 1867
f 1425 473 1978
f 1425 1305 473
f 97 1425 1978
f 1632 1978 1909
f 1632 97 1978
f 562 1632 1909
f 1876 562 1909
f 92 1909 333
f 92 1876 1909
f 1425 1849 1305
f 97 1849 1425
f 1632 1849 97
f 1632 1580 1849
f 1187 333 811
f 1187 811 1841
f 447 1187 1841
f 1815 447 1841
f 1216 92 333
f 1216 333 1187
f 1786 1216 1187
f 887 1786 1187
f 887 1187 447
f 559 887 447
f 559 447 1815
f 238 559 1815
f 238 1355 559
f 887 1785 1786
f 559 1785 887
f 1355 1785 559
f 1454 238 1815
f 1119 1206 1569
f 1454 1355 238
f 1363 1355 1454
f 1206 919 1363
f 1119 919 1206
f 919 1355 1363
f 976 1119 1569
f 976 1569 1054
f 301 976 1054
f 924 1054 891
f 924 301 1054
f 1838 924 891
f 1838 134 924
f 17 134 1838
f 976 919 1119
f 1366 134 17
f 1176 134 1366
f 1106 948 512
f 1886 1630 1378
f 1886 1613 1630
f 1843 1613 1886
f 1988 37 1843
f 1904 1996 25
f 1996 146 25
f 25 146 1988
f 146 37 1988
f 1448 1996 1904
f 1996 1870 146
f 1430 1580 1533
f 1448 1136 1996
f 1533 1136 1448
f 1533 1580 1136
f 1136 1870 1996
f 1580 1211 1136
f 1136 1211 1870
f 1211 1549 1870
f 562 1580 1632
f 1876 1580 562
f 1876 467 1580
f 92 467 1876
f 1786 1785 1216
f 1216 467 92
f 1785 467 1216
f 1785 1419 467
f 919 1785 1355
f 924 134 301
f 301 660 976
f 134 660 301
f 976 660 919
f 660 1785 919
f 512 948 1176
f 1176 660 134
f 1176 948 660
f 1613 1882 1630
f 1843 37 1613
f 37 1882 1613
f 37 1360 1882
f 146 1526 37
f 1526 1663 37
f 1870 1526 146
f 1870 1549 1526
f 1549 1552 1526
f 1552 1663 1526
f 1211 1552 1549
f 1552 1658 1663
f 467 1211 1580
f 467 1552 1211
f 1419 1552 467
f 1419 1658 1552
f 22 1419 1785
f 660 22 1785
f 660 1963 22
f 1983 1963 660
f 37 1746 1360
f 1746 1173 1360
f 1173 1890 1360
f 1663 1746 37
f 1658 1746 1663
f 1467 1173 1746
f 1658 1467 1746
f 1658 1880 1467
f 1880 1894 1467
f 1467 1894 1173
f 1419 1844 1658
f 1844 1880 1658
f 22 1844 1419
f 22 1956 1844
f 1963 1956 22
f 1983 137 1963
f 1890 6 1360
f 1173 631 1890
f 631 1449 1890
f 1894 631 1173
f 1894 1455 631
f 1880 1455 1894
f 631 1455 1449
f 1844 1869 1880
f 1956 1869 1844
f 1956 2 1869
f 1825 2 1956
f 1963 1825 1956
f 137 1825 1963
f 137 16 1825
f 759 1081 1755
f 1994 1081 759
f 429 1994 759
f 1571 1994 429
f 639 1571 429
f 851 1227 1357
f 1124 851 1357
f 89 851 1124
f 669 89 1124
f 987 89 669
f 1022 669 1124
f 89 1225 851
f 388 669 1022
f 388 987 669
f 610 1225 89
f 161 89 987
f 161 610 89
f 1466 987 388
f 1466 161 987
f 1098 610 161
f 59 161 1466
f 59 1098 161
f 952 1055 1098
f 952 1098 59
f 1929 1994 1571
f 1863 1929 1571
f 181 1181 1477
f 1915 415 1181
f 708 1181 181
f 708 1915 1181
f 1915 731 415
f 952 1649 1055
f 1060 1649 952
f 724 1060 952
f 540 542 1649
f 1060 540 1649
f 540 1477 542
f 1970 540 1060
f 181 1477 540
f 353 181 540
f 1970 353 540
f 216 1571 639
f 1717 429 1682
f 639 429 1717
f 1881 216 639
f 1675 639 1717
f 1881 639 1675
f 1881 1675 842
f 1381 1881 842
f 500 1881 1381
f 1556 842 1370
f 1556 1381 842
f 851 1225 1227
f 1225 1426 1227
f 1225 1191 1426
f 1525 1084 1191
f 1426 1224 584
f 1191 1562 1426
f 1084 1562 1191
f 1562 1224 1426
f 1084 423 1562
f 1224 367 584
f 1562 423 1224
f 1084 875 423
f 1224 127 367
f 1224 423 127
f 875 1707 423
f 584 1770 1502
f 367 1770 584
f 127 124 367
f 127 1707 124
f 127 423 1707
f 1707 875 1428
f 610 1750 1225
f 1055 1750 610
f 1098 1055 610
f 1424 952 59
f 1225 1750 1191
f 635 388 1022
f 890 388 635
f 890 1466 388
f 890 59 1466
f 1055 1191 1750
f 1055 1525 1191
f 1424 59 890
f 635 1022 1738
f 1056 890 635
f 1511 890 1056
f 1511 1424 890
f 165 1424 1511
f 1311 635 1738
f 1056 635 1311
f 573 165 1511
f 1924 1511 1056
f 1924 1056 1311
f 1924 1311 1749
f 1749 1311 925
f 1026 573 1511
f 936 1511 1924
f 1026 1511 936
f 936 1924 1749
f 847 1026 936
f 1863 1571 216
f 1964 1863 216
f 1964 216 1881
f 1896 1863 1964
f 352 1896 1964
f 849 1896 352
f 352 1964 500
f 500 1964 1881
f 849 352 500
f 715 849 1803
f 1277 849 715
f 1277 877 849
f 1803 849 500
f 1803 500 1381
f 1986 1803 1381
f 1177 1277 715
f 1253 1388 1177
f 715 1803 1403
f 1403 1177 715
f 1253 1177 321
f 1949 1253 229
f 1403 1803 1986
f 768 1177 1403
f 768 321 1177
f 867 229 321
f 321 229 1253
f 1986 1381 1327
f 768 1986 483
f 768 1403 1986
f 867 768 834
f 867 321 768
f 542 1477 1525
f 870 1560 1665
f 870 1665 415
f 731 870 415
f 1915 869 731
f 1915 708 869
f 1477 1084 1525
f 1181 1955 1477
f 1181 1665 1955
f 415 1665 1181
f 1477 1955 1084
f 1665 1560 229
f 717 229 1560
f 717 1949 229
f 1955 875 1084
f 1665 229 1955
f 1955 867 875
f 229 867 1955
f 867 1428 875
f 867 834 1428
f 1649 1525 1055
f 724 952 1424
f 542 1525 1649
f 1826 1060 724
f 1060 1826 1970
f 353 1271 181
f 1271 708 181
f 1676 724 1424
f 1676 1826 724
f 708 1271 869
f 165 1676 1424
f 1970 1826 1676
f 1271 353 1970
f 1830 1676 165
f 1676 1830 1970
f 1271 1970 1830
f 1271 1557 869
f 165 573 1830
f 1557 1271 1830
f 573 514 1830
f 573 1026 514
f 1863 1443 1929
f 1435 1443 1863
f 1515 1443 1435
f 1621 1435 1863
f 1621 1863 1896
f 553 1621 1896
f 1300 553 1896
f 1725 1435 1621
f 357 1725 1621
f 1438 357 1621
f 349 553 1300
f 349 1438 553
f 553 1438 1621
f 1192 349 1300
f 1475 1192 1300
f 332 1249 1581
f 1706 1896 849
f 1706 1300 1896
f 1706 849 877
f 1214 1706 877
f 1318 1706 1214
f 1706 1475 1300
f 1318 1475 1706
f 1318 1249 1475
f 1581 1249 1318
f 223 877 1277
f 1214 877 223
f 1581 1318 1214
f 293 882 812
f 296 293 812
f 1117 1704 1183
f 518 1183 882
f 518 1117 1183
f 293 518 882
f 939 264 1267
f 1704 939 1267
f 882 1183 1245
f 812 1245 515
f 812 882 1245
f 1267 1581 1183
f 1267 264 1581
f 1704 1267 1183
f 264 332 1581
f 1245 1388 1040
f 1040 52 515
f 1245 223 1388
f 515 1245 1040
f 1581 1214 223
f 1581 223 1245
f 1183 1581 1245
f 293 31 518
f 296 31 293
f 296 1418 31
f 1117 205 1704
f 1117 31 205
f 518 31 1117
f 1388 1277 1177
f 1388 223 1277
f 1040 1388 1949
f 1949 1388 1253
f 1418 1402 31
f 31 1402 205
f 1299 717 1560
f 819 1560 870
f 819 1299 1560
f 1450 819 870
f 488 870 731
f 488 1450 870
f 1382 52 717
f 801 717 1299
f 801 1382 717
f 132 1299 819
f 132 801 1299
f 1450 132 819
f 809 515 52
f 465 52 1382
f 465 809 52
f 465 1382 801
f 132 465 801
f 691 515 809
f 691 812 515
f 465 691 809
f 691 296 812
f 869 488 731
f 1450 662 132
f 488 662 1450
f 132 1762 465
f 465 1762 691
f 717 1040 1949
f 717 52 1040
f 132 662 1762
f 691 1418 296
f 1418 691 1762
f 869 1557 488
f 488 1681 662
f 488 1557 1681
f 662 1681 1762
f 1762 1681 1418
f 1681 1402 1418
f 481 1106 1515
f 1725 1515 1435
f 1234 481 1515
f 1709 1234 1515
f 580 1709 1515
f 580 1515 1725
f 1510 580 1725
f 1709 948 1234
f 481 948 1106
f 948 481 1234
f 580 948 1709
f 1510 948 580
f 349 1777 1438
f 1247 357 1438
f 943 1247 1438
f 1777 943 1438
f 798 1510 1725
f 244 798 1725
f 244 1725 357
f 1387 244 357
f 1247 1387 357
f 1387 287 244
f 1247 287 1387
f 943 287 1247
f 1777 287 943
f 349 287 1777
f 244 287 798
f 336 1475 1249
f 336 270 1475
f 155 336 1249
f 332 155 1249
f 1624 349 1192
f 1198 1192 1475
f 1475 1298 1198
f 1475 270 1298
f 1539 155 332
f 1198 1624 1192
f 270 1607 1298
f 336 1607 270
f 155 1607 336
f 1298 1607 1198
f 1539 1607 155
f 1198 1607 1624
f 1624 287 349
f 1624 1731 287
f 1607 1731 1624
f 264 1539 332
f 939 1539 264
f 939 205 1539
f 205 939 1704
f 1556 1370 115
f 1327 1381 1556
f 1556 115 682
f 1812 1327 1556
f 1541 1556 682
f 1354 1327 1812
f 1541 682 1980
f 457 1556 1541
f 457 1812 1556
f 1698 1812 457
f 1354 1812 1698
f 99 1354 117
f 1541 1980 1835
f 1715 1258 33
f 262 457 1541
f 1698 457 262
f 117 1698 1953
f 117 1354 1698
f 262 1541 1835
f 1070 1835 395
f 1070 262 1835
f 1715 1144 1258
f 864 262 1070
f 224 1144 1715
f 1698 262 864
f 1953 1698 224
f 1144 1070 395
f 1144 395 1258
f 864 1070 1144
f 224 864 1144
f 864 224 1698
f 367 124 1770
f 1770 401 1502
f 1146 401 1770
f 124 1146 1770
f 1707 1146 124
f 1428 1146 1707
f 1428 99 1146
f 1428 648 99
f 401 33 1502
f 1146 117 1371
f 1146 99 117
f 401 1715 33
f 401 1371 1715
f 1146 1371 401
f 117 1953 1371
f 1371 224 1715
f 1371 1953 224
f 403 1749 925
f 1652 1749 403
f 1652 936 1749
f 1836 936 1652
f 1076 936 1836
f 1076 847 936
f 24 403 1606
f 1652 403 24
f 1104 1836 1652
f 661 24 1322
f 1104 1652 24
f 586 24 661
f 1104 24 586
f 483 1986 1327
f 1333 768 483
f 1333 834 768
f 483 1327 1354
f 1789 1333 483
f 648 483 1354
f 648 1354 99
f 648 1789 483
f 1333 1789 1428
f 834 1333 1428
f 1428 1789 648
f 1026 847 514
f 1557 1830 514
f 847 445 514
f 847 1415 445
f 1557 514 445
f 1415 1793 445
f 1415 905 1793
f 1557 1793 1492
f 445 1793 1557
f 847 1076 1415
f 1076 905 1415
f 905 1076 1836
f 905 1836 1104
f 905 1104 214
f 1793 905 214
f 1402 202 1987
f 1681 202 1402
f 1557 1492 1681
f 202 1681 1492
f 798 948 1510
f 287 948 798
f 287 965 948
f 287 1731 965
f 1607 1539 1402
f 1607 1987 1731
f 1987 1607 1402
f 1987 1168 1731
f 205 1402 1539
f 1587 1104 586
f 1587 214 1104
f 1116 586 1482
f 1116 1587 586
f 1116 1482 1518
f 1215 1116 1518
f 1550 1116 1215
f 1416 1518 567
f 1361 1518 1416
f 1215 1518 1361
f 1833 1550 1215
f 214 1735 1793
f 214 1587 1735
f 1793 1735 1492
f 1492 1735 1788
f 1833 1735 1550
f 1788 1735 1833
f 1587 1116 1735
f 1116 1550 1735
f 1911 1987 202
f 1911 202 1161
f 1139 1987 1911
f 1492 1161 202
f 1161 1492 1788
f 965 1983 948
f 948 1983 660
f 1168 1983 965
f 1168 23 1983
f 1731 1168 965
f 1987 1139 1168
f 1361 1416 686
f 1520 1833 1215
f 1520 1215 1361
f 419 1361 686
f 1637 1520 1361
f 1591 1361 419
f 1637 1361 1591
f 1591 419 112
f 1778 1637 1591
f 1788 1578 1161
f 1833 1520 1788
f 1520 1578 1788
f 1520 1637 1578
f 1637 1778 1578
f 23 137 1983
f 1168 1139 23
f 1885 23 1139
f 1591 112 634
f 861 1778 1591
f 1828 1591 634
f 1201 1778 861
f 861 1591 1828
f 861 1828 1294
f 442 1201 861
f 1532 1294 1772
f 1532 861 1294
f 442 861 1532
f 1858 442 1532
f 1778 1201 1578
f 1201 1866 1578
f 1201 442 1866
f 442 1858 1866
f 1161 1944 1911
f 1911 1885 1139
f 1911 1944 1885
f 1920 1885 1944
f 1161 1578 1944
f 1578 1866 1944
f 23 1935 137
f 23 1885 1935
f 1885 1920 1935
f 1631 814 1961
f 1945 814 1631
f 1781 1887 1945
f 1930 1887 1781
f 371 1968 1930
f 1133 1629 1646
f 1629 1179 1997
f 1179 29 1997
f 1997 1646 1629
f 1646 1997 1961
f 1718 1997 29
f 1718 1961 1997
f 1631 1961 1718
f 1133 1179 1629
f 6 1179 1133
f 6 1999 1179
f 30 1945 1631
f 30 1631 1969
f 1781 1945 30
f 1926 1781 30
f 1926 1930 1781
f 371 1930 1926
f 790 371 1926
f 1773 29 1179
f 1773 1962 1254
f 1254 1718 29
f 1254 29 1773
f 1999 1773 1179
f 1999 1962 1773
f 1999 1958 1962
f 1958 1016 1962
f 38 30 1969
f 1810 30 38
f 1810 1926 30
f 1936 790 1926
f 1936 1926 1810
f 1962 1901 1254
f 1901 1962 532
f 1596 1718 1254
f 1254 1901 1596
f 1596 1901 532
f 1440 1596 532
f 1969 1631 1718
f 1969 1718 1553
f 1553 1718 1596
f 1861 1553 1596
f 1016 532 1962
f 38 1969 1553
f 1767 1936 1810
f 438 1936 1767
f 1122 1672 1696
f 1659 1596 1440
f 286 1596 1659
f 1659 1440 1122
f 286 1659 1628
f 1696 1659 1122
f 1628 1659 1696
f 1861 1596 286
f 38 1553 1479
f 1479 1861 1751
f 1479 1553 1861
f 629 38 1479
f 1810 38 1814
f 1016 1981 532
f 532 1122 1440
f 532 1981 1122
f 1981 1672 1122
f 1912 1846 1016
f 1846 1981 1016
f 1672 1496 1130
f 1496 876 1130
f 1496 1048 876
f 1628 1696 1130
f 1130 1696 1672
f 1110 1628 1130
f 1350 1628 1110
f 1110 1130 876
f 1343 1350 1110
f 1405 1110 876
f 1889 1110 1405
f 1367 1110 1889
f 1343 1110 1367
f 1405 876 1524
f 1524 876 1048
f 1000 1861 286
f 1751 1861 1000
f 1350 286 1628
f 1000 286 1350
f 1339 1000 1350
f 1339 1350 1343
f 899 1000 1339
f 1757 1000 899
f 1757 1751 1000
f 1479 1751 372
f 629 1479 995
f 541 1751 1757
f 372 1751 541
f 995 1479 372
f 681 629 995
f 945 629 681
f 1784 38 629
f 1814 38 1784
f 1814 1784 1700
f 945 1784 629
f 1610 1814 1700
f 490 1784 945
f 675 1784 490
f 675 1700 1784
f 434 1700 675
f 136 1700 434
f 136 1610 1700
f 1879 1810 1814
f 1509 1810 1879
f 1509 1767 1810
f 1879 1814 1610
f 839 1879 1610
f 839 1509 1879
f 1899 839 1041
f 1899 1509 839
f 491 1899 1041
f 1493 1610 136
f 1086 1610 1493
f 839 1086 1497
f 839 1610 1086
f 621 839 1497
f 1041 839 621
f 1180 1899 491
f 424 438 1767
f 900 1767 1509
f 424 1767 900
f 1291 438 424
f 1899 900 1509
f 1120 900 1899
f 272 900 1120
f 272 424 900
f 424 272 1163
f 676 424 1163
f 826 424 676
f 826 1291 424
f 304 1899 1180
f 82 1899 304
f 82 1120 1899
f 82 1087 1120
f 1087 272 1120
f 1087 1627 272
f 1627 1163 272
f 1627 676 1163
f 1627 1647 676
f 1647 826 676
f 1981 1496 1672
f 1981 263 1496
f 263 829 1496
f 970 1496 829
f 1496 970 1048
f 970 667 1048
f 822 1703 212
f 1981 194 659
f 1846 194 1981
f 1846 1635 194
f 1981 1059 263
f 1981 454 1059
f 659 454 1981
f 1059 538 263
f 538 969 263
f 1635 294 194
f 1048 340 1524
f 1048 667 340
f 508 1343 1367
f 1405 1524 820
f 1384 1405 820
f 310 1405 1384
f 1889 1405 310
f 820 1524 340
f 310 173 1889
f 173 1367 1889
f 340 1140 820
f 1140 1384 820
f 1140 310 1384
f 173 508 1367
f 173 1593 508
f 1140 173 310
f 1703 1593 173
f 667 1213 340
f 1213 1140 340
f 1213 212 1140
f 212 173 1140
f 1703 173 212
f 73 1339 1343
f 1516 1339 73
f 328 1339 1516
f 328 899 1339
f 776 899 328
f 657 899 776
f 657 1757 899
f 776 646 657
f 646 1004 657
f 855 646 328
f 855 1501 646
f 1501 855 1593
f 1501 630 646
f 630 551 646
f 1703 1505 1593
f 1505 1501 1593
f 245 1343 508
f 73 1343 245
f 508 1593 245
f 1593 73 245
f 1593 855 73
f 855 1516 73
f 855 328 1516
f 646 776 328
f 551 1004 646
f 541 1757 657
f 118 372 541
f 771 372 118
f 771 995 372
f 452 995 771
f 452 681 995
f 125 681 452
f 125 945 681
f 1004 541 657
f 1004 551 541
f 551 118 541
f 551 1724 118
f 1724 771 118
f 1724 221 771
f 221 452 771
f 247 125 452
f 221 247 452
f 630 1724 551
f 630 1690 1724
f 1690 221 1724
f 1690 247 221
f 944 945 125
f 944 490 945
f 675 490 944
f 247 1645 125
f 1645 944 125
f 1645 1697 944
f 1697 675 944
f 1697 434 675
f 434 1444 136
f 1697 1444 434
f 1690 1645 247
f 1690 1377 1645
f 1377 1697 1645
f 1377 1444 1697
f 1377 1914 1444
f 1444 1493 136
f 1444 1086 1493
f 1444 1497 1086
f 1444 1914 1497
f 1914 621 1497
f 1914 1041 621
f 491 1928 1180
f 1914 491 1041
f 1914 1928 491
f 304 1087 82
f 1928 304 1180
f 1928 1087 304
f 1928 1627 1087
f 1928 1647 1627
f 1928 996 1647
f 829 404 970
f 263 1263 829
f 263 399 1263
f 969 399 263
f 829 1129 404
f 1263 1129 829
f 1129 212 1213
f 1129 822 212
f 1441 822 1129
f 1441 611 822
f 1155 611 1441
f 760 611 1155
f 970 1213 667
f 404 1213 970
f 404 1129 1213
f 399 1441 1263
f 1441 1129 1263
f 969 1441 399
f 969 1155 1441
f 1505 630 1501
f 822 1505 1703
f 611 1505 822
f 611 1456 1505
f 1505 1857 630
f 1456 1857 1505
f 1857 1690 630
f 1857 1972 1690
f 1972 1377 1690
f 1972 1459 1377
f 1459 1914 1377
f 1967 1928 1914
f 1459 1967 1914
f 4 996 1928
f 1967 4 1928
f 760 1437 611
f 1103 1437 760
f 234 1437 1103
f 234 921 1437
f 921 1456 1437
f 1765 921 234
f 139 921 1765
f 139 1296 921
f 538 1155 969
f 538 760 1155
f 1059 760 538
f 454 760 1059
f 454 1103 760
f 659 1103 454
f 194 1103 659
f 194 234 1103
f 294 234 194
f 1635 1765 294
f 1765 234 294
f 1635 139 1765
f 1437 1456 611
f 1296 1456 921
f 1456 7 1857
f 7 1972 1857
f 1884 4 1967
f 994 150 108
f 121 108 150
f 121 1170 108
f 1693 1170 121
f 1544 1170 1693
f 784 694 1544
f 597 1589 1255
f 1589 694 784
f 1589 597 694
f 1064 108 841
f 1064 994 108
f 1170 841 108
f 1170 1069 841
f 1170 208 1069
f 1544 208 1170
f 694 501 1544
f 597 501 694
f 1064 841 544
f 1069 544 841
f 501 208 1544
f 1968 1255 1930
f 1968 597 1255
f 598 597 1968
f 597 598 501
f 753 544 608
f 753 1064 544
f 1069 608 544
f 1069 257 608
f 208 257 1069
f 208 1640 257
f 501 1640 208
f 501 271 1640
f 687 608 713
f 687 753 608
f 257 713 608
f 1640 1210 257
f 271 1210 1640
f 271 203 1210
f 781 598 1968
f 598 781 271
f 1107 713 836
f 1107 687 713
f 257 836 713
f 1210 836 257
f 203 741 1210
f 85 1107 836
f 836 184 85
f 1210 184 836
f 1210 772 184
f 741 772 1210
f 741 640 772
f 783 781 1968
f 781 783 640
f 1157 85 42
f 1157 1107 85
f 184 42 85
f 772 42 184
f 640 1421 772
f 783 218 640
f 1874 994 1064
f 1720 1064 753
f 271 501 598
f 1107 753 687
f 1720 753 1107
f 203 271 781
f 741 203 781
f 640 741 781
f 1720 1107 1157
f 640 218 1421
f 1720 1874 1064
f 1689 1874 1720
f 1689 32 1874
f 1971 32 1689
f 1834 32 1971
f 1834 1985 32
f 1985 1736 32
f 1404 1736 1985
f 626 1404 1985
f 626 1985 1834
f 1410 651 1404
f 1410 1772 651
f 397 1410 1404
f 397 1404 626
f 706 397 626
f 1483 1772 1410
f 529 1483 1410
f 529 1410 397
f 1616 529 397
f 612 1616 397
f 612 397 706
f 688 42 62
f 688 1157 42
f 42 56 62
f 772 56 42
f 772 1050 56
f 1421 1050 772
f 955 1968 371
f 955 783 1968
f 783 435 218
f 783 955 435
f 91 62 524
f 91 688 62
f 56 524 62
f 1050 524 56
f 1421 533 1050
f 1481 91 524
f 524 405 1481
f 1050 405 524
f 1050 1400 405
f 533 1400 1050
f 955 219 435
f 955 947 219
f 187 1481 1065
f 187 91 1481
f 405 1065 1481
f 1400 1065 405
f 533 545 1400
f 947 955 371
f 1947 1065 93
f 1947 187 1065
f 1400 93 1065
f 1400 1113 93
f 545 1113 1400
f 545 1937 1113
f 1131 947 371
f 1758 947 1131
f 866 93 222
f 866 1947 93
f 1113 222 93
f 583 1758 1131
f 1241 222 159
f 1241 866 222
f 1113 159 222
f 1113 1521 159
f 1937 1521 1113
f 1937 1791 1521
f 169 583 1131
f 60 159 912
f 60 1241 159
f 201 1241 60
f 1521 912 159
f 1791 958 1521
f 1791 104 958
f 790 1131 371
f 256 169 1131
f 91 1157 688
f 1720 1157 91
f 218 435 1421
f 435 533 1421
f 435 219 533
f 1720 91 187
f 545 219 947
f 219 545 533
f 1720 187 1947
f 1758 545 947
f 545 1758 1937
f 201 1947 866
f 201 1720 1947
f 1787 1720 201
f 1758 583 1937
f 201 866 1241
f 583 1791 1937
f 583 169 1791
f 169 104 1791
f 169 1523 104
f 169 256 1523
f 1971 1689 1720
f 1787 1971 1720
f 1865 1971 1787
f 953 1834 1971
f 953 1971 1865
f 953 626 1834
f 28 626 953
f 28 706 626
f 1491 706 28
f 1506 1491 28
f 1287 612 706
f 1491 1287 706
f 201 60 102
f 102 60 912
f 1521 102 912
f 1521 370 102
f 1521 958 370
f 256 1131 790
f 478 201 102
f 102 1142 478
f 370 1142 102
f 265 256 790
f 195 1142 904
f 1142 195 478
f 370 904 1142
f 958 904 370
f 958 848 904
f 958 1769 848
f 838 265 790
f 67 904 1233
f 67 195 904
f 195 67 1842
f 848 1233 904
f 1165 1233 417
f 1165 67 1233
f 67 633 1842
f 67 1165 633
f 848 417 1233
f 848 664 417
f 813 838 790
f 591 1165 449
f 591 633 1165
f 417 449 1165
f 417 883 449
f 664 883 417
f 664 98 883
f 226 813 790
f 1818 449 1368
f 1818 591 449
f 883 1368 449
f 883 48 1368
f 98 48 883
f 226 790 1936
f 1088 1368 366
f 1088 1818 1368
f 48 366 1368
f 48 860 366
f 98 860 48
f 98 1089 860
f 104 700 958
f 1787 201 1442
f 1523 700 104
f 1523 265 700
f 265 1523 256
f 1842 478 195
f 1442 478 1842
f 1442 201 478
f 700 1769 958
f 265 1769 700
f 265 531 1769
f 265 838 531
f 531 837 1769
f 838 837 531
f 1442 1842 633
f 1769 664 848
f 1769 680 664
f 1019 1787 1442
f 837 680 1769
f 838 680 837
f 838 813 680
f 1442 633 591
f 680 98 664
f 680 1264 98
f 813 1264 680
f 1818 1442 591
f 1264 55 98
f 55 1264 235
f 235 813 226
f 813 235 1264
f 1716 1818 1088
f 1716 1442 1818
f 55 1089 98
f 55 46 1089
f 1019 1442 1716
f 182 55 235
f 55 182 46
f 1078 235 226
f 235 1078 182
f 1865 1787 1019
f 1906 953 1865
f 1906 28 953
f 1763 28 1906
f 1603 1506 28
f 1603 28 1763
f 1699 1603 1763
f 1531 1699 1763
f 168 366 476
f 168 1088 366
f 860 476 366
f 1089 476 860
f 412 476 1292
f 412 168 476
f 1089 1292 476
f 1089 927 1292
f 39 1292 1295
f 39 412 1292
f 927 1295 1292
f 927 277 1295
f 927 535 277
f 1175 39 1295
f 291 1175 1295
f 277 291 1295
f 438 226 1936
f 1132 226 438
f 291 348 1175
f 277 348 291
f 277 703 348
f 535 703 277
f 703 1093 348
f 703 546 1093
f 546 316 1093
f 546 751 316
f 751 1195 316
f 1716 1088 168
f 46 1188 1089
f 185 1019 1716
f 182 1188 46
f 182 903 1188
f 1132 1078 226
f 253 1078 1132
f 1078 903 182
f 1078 253 903
f 253 658 903
f 1716 168 412
f 1188 927 1089
f 903 868 1188
f 658 868 903
f 317 253 1132
f 658 253 317
f 391 412 39
f 391 1716 412
f 185 1716 391
f 1188 535 927
f 1188 868 535
f 658 206 868
f 190 317 1132
f 206 317 190
f 206 658 317
f 391 39 1175
f 868 51 535
f 206 51 868
f 318 190 932
f 318 206 190
f 206 318 51
f 1468 1175 348
f 1468 391 1175
f 185 391 1468
f 535 1009 703
f 51 1009 535
f 51 1800 1009
f 166 318 932
f 318 1800 51
f 318 166 1800
f 164 348 1093
f 164 1468 348
f 258 1468 164
f 258 185 1468
f 448 185 258
f 703 1009 546
f 1800 1315 1009
f 916 166 932
f 166 1315 1800
f 166 916 1315
f 360 1093 316
f 360 164 1093
f 164 360 258
f 360 448 258
f 1009 751 546
f 1297 185 448
f 1893 185 1297
f 916 120 1315
f 120 739 1315
f 1195 360 316
f 196 360 1195
f 196 448 360
f 751 274 1195
f 1297 448 196
f 751 170 274
f 1009 170 751
f 1315 170 1009
f 1315 355 170
f 739 355 1315
f 739 575 355
f 1893 1019 185
f 15 1019 1893
f 438 190 1132
f 932 190 438
f 505 932 438
f 1118 505 438
f 932 505 916
f 695 916 505
f 916 695 120
f 695 739 120
f 695 74 739
f 645 695 505
f 736 695 645
f 736 74 695
f 74 575 739
f 74 736 575
f 736 90 575
f 26 1019 15
f 1712 1906 1865
f 26 1865 1019
f 1712 1865 26
f 735 1906 1712
f 1039 1068 498
f 149 375 1068
f 439 375 149
f 439 821 375
f 1039 1420 1068
f 1420 149 1068
f 1609 1906 735
f 672 1906 1609
f 1799 1906 672
f 1799 1763 1906
f 1202 1799 672
f 1420 439 149
f 1420 342 439
f 342 1420 744
f 342 821 439
f 744 632 342
f 926 1660 615
f 303 926 615
f 926 1678 1660
f 615 142 303
f 1660 142 615
f 303 142 794
f 1365 303 794
f 275 1031 957
f 1660 517 142
f 1365 794 1261
f 1531 1763 1799
f 1831 1531 1799
f 1831 1799 84
f 1678 1691 1660
f 1582 1691 1678
f 1174 1691 1582
f 1174 732 1691
f 1174 407 732
f 84 1799 1202
f 1691 1100 1660
f 732 1100 1691
f 732 1485 1100
f 732 752 1485
f 585 1531 1831
f 859 585 1831
f 859 1831 84
f 1641 1195 511
f 1641 196 1195
f 1297 196 1641
f 274 511 1195
f 355 1044 170
f 1893 1297 1499
f 575 178 355
f 90 178 575
f 283 511 239
f 283 1641 511
f 1297 1641 283
f 274 239 511
f 170 239 274
f 170 650 239
f 1044 650 170
f 355 1066 1044
f 178 1066 355
f 176 283 239
f 548 283 176
f 548 1297 283
f 239 163 176
f 163 233 176
f 233 548 176
f 1499 1297 548
f 650 163 239
f 650 1984 163
f 1984 233 163
f 1044 1984 650
f 1044 1184 1984
f 1893 1499 889
f 1066 1184 1044
f 1066 1020 1184
f 140 233 1478
f 140 548 233
f 1499 548 140
f 1984 1478 233
f 1984 276 1478
f 1184 276 1984
f 1020 763 1184
f 1397 140 1478
f 421 140 1397
f 421 1499 140
f 773 1499 421
f 276 1397 1478
f 276 778 1397
f 889 1499 773
f 276 756 778
f 1184 756 276
f 763 756 1184
f 763 246 756
f 778 421 1397
f 778 1895 421
f 1895 773 421
f 756 1895 778
f 756 1196 1895
f 246 1196 756
f 329 773 1895
f 1547 773 329
f 1547 889 773
f 1196 329 1895
f 1196 555 329
f 555 1547 329
f 63 889 1547
f 1394 889 63
f 246 555 1196
f 1126 555 246
f 1126 595 555
f 897 1547 555
f 63 1547 897
f 595 897 555
f 897 1105 63
f 1105 1394 63
f 595 1105 897
f 1394 1893 889
f 1374 1893 1394
f 1476 1893 1374
f 747 1476 1374
f 645 505 1118
f 1118 438 1291
f 455 1118 1291
f 356 1747 1118
f 1747 1474 1118
f 356 1118 41
f 1291 826 510
f 455 1291 510
f 455 41 1118
f 929 1747 356
f 1820 455 510
f 1820 41 455
f 1647 510 826
f 1647 1395 510
f 1395 1820 510
f 1820 356 41
f 356 722 929
f 996 1820 1395
f 930 722 356
f 389 736 645
f 178 736 389
f 178 90 736
f 1474 645 1118
f 389 645 1474
f 151 389 1488
f 151 178 389
f 178 151 1066
f 1474 1488 389
f 148 1488 327
f 148 151 1488
f 151 1020 1066
f 151 148 1020
f 327 1488 1474
f 64 327 175
f 64 148 327
f 148 763 1020
f 148 64 763
f 175 327 1474
f 64 246 763
f 64 250 246
f 260 1474 1747
f 260 175 1474
f 250 175 260
f 175 250 64
f 250 1126 246
f 382 250 260
f 250 382 1126
f 123 1837 1535
f 595 1126 380
f 758 260 1747
f 382 260 758
f 382 380 1126
f 758 432 382
f 432 380 382
f 1535 1219 1182
f 1837 1219 1535
f 54 595 380
f 54 1105 595
f 722 1747 929
f 722 758 1747
f 432 54 380
f 432 911 54
f 758 1182 432
f 1182 911 432
f 722 1182 758
f 1219 911 1182
f 930 1182 722
f 930 1535 1182
f 930 123 1535
f 1417 26 15
f 1417 15 1893
f 1476 1417 1893
f 1605 1417 1476
f 1837 582 1219
f 1257 973 582
f 1561 1605 1476
f 582 1226 1219
f 582 973 1226
f 147 1476 747
f 1219 418 911
f 1219 1226 418
f 1226 973 1159
f 973 43 1159
f 973 1910 43
f 1910 1134 43
f 1654 1712 26
f 1654 26 1417
f 986 1712 1654
f 986 735 1712
f 94 1417 1605
f 94 1654 1417
f 563 1654 94
f 426 1654 563
f 426 986 1654
f 554 94 1605
f 426 563 988
f 1957 774 426
f 774 986 426
f 1536 895 1837
f 1461 895 1536
f 1536 1837 123
f 1618 1536 123
f 1461 1536 1618
f 1921 1461 1618
f 1625 123 930
f 1625 1618 123
f 892 1661 910
f 892 498 1661
f 1039 498 892
f 1197 910 1329
f 1197 892 910
f 1356 892 1197
f 1356 1039 892
f 1197 1329 908
f 1839 1356 1197
f 908 1257 582
f 908 1329 1257
f 1329 918 1257
f 910 918 1329
f 1661 918 910
f 1461 908 895
f 1461 1839 908
f 1839 1197 908
f 895 582 1837
f 908 582 895
f 1257 1910 973
f 918 1910 1257
f 1068 375 498
f 375 1661 498
f 375 1408 1661
f 821 1408 375
f 821 1171 1408
f 808 830 1171
f 1408 1719 1661
f 1171 1128 1408
f 830 1128 1171
f 1719 918 1661
f 830 1638 1128
f 918 1719 1662
f 1408 1662 1719
f 1128 1662 1408
f 1128 1121 1662
f 1638 1218 1128
f 1662 1910 918
f 1662 1960 1910
f 1128 1218 1121
f 1662 1636 1960
f 1121 1636 1662
f 1121 1218 131
f 1910 1960 1134
f 1960 1734 1134
f 1393 986 774
f 1393 156 986
f 1960 1636 1734
f 1636 726 1734
f 620 156 1393
f 1636 1121 726
f 1121 692 726
f 1121 1422 692
f 1121 131 1422
f 1470 1609 735
f 1470 735 986
f 1281 672 1609
f 156 1470 986
f 1149 1609 1470
f 1891 1609 1149
f 1281 1609 1891
f 227 1218 1638
f 1178 227 1638
f 1178 643 227
f 733 1470 156
f 1308 1470 733
f 1308 1149 1470
f 1218 227 1349
f 1153 1281 1891
f 227 643 364
f 1153 980 1281
f 643 242 364
f 643 1486 242
f 1486 603 242
f 1325 156 620
f 733 156 1325
f 131 1325 1422
f 131 172 1325
f 172 733 1325
f 172 259 733
f 259 1308 733
f 1149 1308 884
f 1349 131 1218
f 1349 172 131
f 172 1349 259
f 1349 1308 259
f 1349 856 1308
f 856 884 1308
f 364 1349 227
f 364 856 1349
f 856 364 884
f 364 1149 884
f 364 242 1149
f 242 1891 1149
f 242 603 1891
f 603 1153 1891
f 603 788 1153
f 788 980 1153
f 1281 1202 672
f 1817 1202 1281
f 228 1817 1281
f 228 1281 980
f 1446 1817 228
f 1921 1868 1461
f 959 1039 1356
f 1839 1602 1356
f 1602 959 1356
f 1868 1839 1461
f 1868 1602 1839
f 1602 330 959
f 420 330 1602
f 335 1602 1868
f 335 1982 1602
f 1982 420 1602
f 744 1420 1039
f 374 821 342
f 821 374 1171
f 374 808 1171
f 632 374 342
f 72 374 632
f 72 808 374
f 72 1024 808
f 1024 637 808
f 1024 138 637
f 138 75 637
f 275 75 138
f 138 745 275
f 808 637 830
f 637 320 830
f 959 744 1039
f 75 320 637
f 959 632 744
f 557 138 1024
f 745 138 557
f 557 111 745
f 959 72 632
f 959 1730 72
f 1730 557 72
f 557 1024 72
f 1608 111 557
f 1608 557 1730
f 330 1730 959
f 957 75 275
f 957 1551 75
f 1031 1551 957
f 1031 279 1551
f 745 1031 275
f 745 319 1031
f 319 279 1031
f 142 279 794
f 142 571 279
f 571 517 1614
f 517 571 142
f 745 1261 319
f 1261 279 319
f 1261 794 279
f 111 1261 745
f 111 1365 1261
f 1551 320 75
f 279 267 1551
f 279 571 267
f 320 1638 830
f 320 1178 1638
f 320 1551 1178
f 1551 668 1178
f 267 668 1551
f 571 1813 267
f 1614 1813 571
f 668 1595 1471
f 1813 668 267
f 1813 1595 668
f 1614 1595 1813
f 668 643 1178
f 668 1486 643
f 1471 1486 668
f 1595 248 1471
f 1595 1285 248
f 803 1285 1595
f 1486 788 603
f 248 1486 1471
f 248 788 1486
f 248 1742 788
f 248 1285 1742
f 788 1742 980
f 1660 1100 517
f 1485 477 1100
f 1100 1236 517
f 477 1236 1100
f 1427 84 1202
f 324 84 1427
f 517 45 1614
f 1236 45 517
f 45 1595 1614
f 1236 1014 45
f 1427 1202 1817
f 45 803 1595
f 966 324 1427
f 45 1274 803
f 1014 1274 45
f 1014 1687 1274
f 1446 1566 1817
f 1566 1427 1817
f 1566 1085 1427
f 1285 1345 1742
f 1285 1251 1345
f 966 1427 1085
f 1285 828 1251
f 803 828 1285
f 803 1274 828
f 1274 299 828
f 1274 61 299
f 1687 61 1274
f 1742 228 980
f 1742 1345 228
f 1345 1446 228
f 1345 408 1446
f 408 1566 1446
f 1251 408 1345
f 408 766 1566
f 766 1085 1566
f 828 408 1251
f 828 766 408
f 766 1447 1085
f 1447 966 1085
f 299 766 828
f 299 1447 766
f 1447 458 966
f 1447 1989 458
f 61 1447 299
f 61 528 1447
f 528 1989 1447
f 1095 859 84
f 324 1095 84
f 558 859 1095
f 1151 1095 324
f 558 1095 1151
f 1151 324 966
f 458 1151 966
f 1989 1151 458
f 1989 558 1151
f 1847 558 1989
f 528 1847 1989
f 1374 1394 1105
f 996 356 1820
f 930 356 996
f 996 1395 1647
f 996 1625 930
f 54 719 1105
f 911 719 54
f 719 1374 1105
f 719 747 1374
f 719 418 747
f 418 147 747
f 418 1432 147
f 1432 1476 147
f 1561 1476 1432
f 418 719 911
f 418 946 1432
f 946 1561 1432
f 946 1570 1561
f 1351 1605 1561
f 1570 1351 1561
f 554 1605 1351
f 418 1159 946
f 1159 418 1226
f 1159 1570 946
f 1159 1351 1570
f 1159 331 1351
f 331 554 1351
f 1159 43 331
f 43 554 331
f 43 901 554
f 1134 901 43
f 779 94 554
f 901 71 554
f 71 779 554
f 607 94 779
f 607 563 94
f 988 563 607
f 901 1134 71
f 1134 779 71
f 1134 358 779
f 358 607 779
f 1957 426 988
f 1734 358 1134
f 358 1734 607
f 1734 988 607
f 1734 574 988
f 574 1957 988
f 996 215 1625
f 4 215 996
f 215 1618 1625
f 215 1921 1618
f 726 574 1734
f 574 726 1957
f 726 774 1957
f 726 692 774
f 692 1393 774
f 692 620 1393
f 1422 620 692
f 1422 1325 620
f 4 1775 215
f 1358 1775 4
f 1798 1868 1921
f 335 1868 1798
f 1775 1921 215
f 1775 1798 1921
f 1512 335 1798
f 1512 1798 1775
f 1890 241 6
f 241 1999 6
f 241 1938 1999
f 1449 241 1890
f 241 1754 1938
f 1449 1677 241
f 1455 1677 1449
f 1455 1739 1677
f 1677 1754 241
f 1677 1739 1754
f 1880 1869 1455
f 1869 1934 1455
f 1934 1739 1455
f 1869 2 1934
f 1938 1958 1999
f 1938 1871 1958
f 740 1819 1938
f 1938 1819 1871
f 1754 740 1938
f 1739 740 1754
f 1739 1992 740
f 737 1992 1739
f 740 1992 1819
f 1934 737 1739
f 2 1897 1934
f 1897 737 1934
f 1825 1897 2
f 16 1897 1825
f 16 1927 1897
f 1958 1912 1016
f 1871 800 1958
f 1958 800 1912
f 1819 1753 1871
f 1728 1792 1871
f 1753 1728 1871
f 1992 1753 1819
f 1992 1710 1753
f 737 1710 1992
f 737 1808 1710
f 1753 1710 1728
f 737 1824 1808
f 1897 1824 737
f 1897 1927 1824
f 1927 16 1917
f 800 1846 1912
f 1871 1537 800
f 1792 1537 1871
f 1792 1480 1537
f 1710 1169 1728
f 1808 1169 1710
f 1728 1169 1792
f 1169 1480 1792
f 1808 1099 1169
f 1169 1760 1480
f 1169 1099 1760
f 1824 354 1808
f 1808 354 1099
f 1824 1138 354
f 1927 1138 1824
f 1917 1939 1927
f 1917 1588 1939
f 1588 225 1939
f 938 440 1846
f 1846 440 1635
f 440 1091 1635
f 938 1320 440
f 800 938 1846
f 800 1848 938
f 800 249 1848
f 1537 249 800
f 1537 396 249
f 396 411 249
f 928 1307 1768
f 928 494 1307
f 494 712 1307
f 712 1313 1307
f 1480 396 1537
f 396 723 411
f 396 1472 723
f 8 1472 396
f 1480 1802 396
f 1802 1304 396
f 396 1304 8
f 1802 1030 1304
f 1278 712 494
f 723 309 411
f 928 1278 494
f 723 443 309
f 443 928 309
f 443 1278 928
f 1472 443 723
f 1472 1232 443
f 1232 77 443
f 77 1278 443
f 1278 1853 712
f 1853 1313 712
f 857 1744 1313
f 1760 1802 1480
f 1760 1469 1802
f 1099 1469 1760
f 1099 1052 1469
f 1469 845 1802
f 1052 845 1469
f 1802 845 1030
f 845 915 1030
f 845 1540 915
f 1052 1540 845
f 1052 1463 1540
f 915 1670 1030
f 1463 281 1540
f 354 1284 1852
f 1099 984 1052
f 354 984 1099
f 354 1852 984
f 984 1463 1052
f 984 716 1463
f 1852 716 984
f 1852 1042 716
f 1852 1221 1042
f 1284 1221 1852
f 1284 1794 1221
f 716 1223 1463
f 354 1375 1284
f 1138 1375 354
f 1375 1816 1284
f 1375 1771 1816
f 1284 162 1794
f 1816 162 1284
f 1816 913 162
f 1816 951 913
f 1771 951 1816
f 1771 183 951
f 1771 1504 183
f 933 1504 1771
f 162 977 1794
f 1138 1771 1375
f 1927 1771 1138
f 1927 793 1771
f 1927 1338 793
f 1927 1268 1338
f 793 160 1771
f 1268 613 1338
f 160 933 1771
f 793 991 160
f 1939 1268 1927
f 1268 1939 1948
f 1588 816 225
f 225 40 1939
f 816 1527 225
f 1091 1164 1635
f 750 1429 1296
f 440 231 1091
f 231 1429 750
f 440 670 231
f 670 1429 231
f 1320 670 440
f 1320 106 670
f 978 1429 670
f 978 1623 1429
f 1623 1639 1429
f 938 684 1320
f 1164 139 1635
f 1164 1296 139
f 1091 750 1164
f 750 1296 1164
f 231 750 1091
f 106 978 670
f 1320 978 106
f 684 978 1320
f 1429 1639 1296
f 1296 1639 1456
f 1639 7 1456
f 7 1459 1972
f 1459 1884 1967
f 1884 1358 4
f 938 805 684
f 805 1623 978
f 805 381 1623
f 618 381 805
f 1848 805 938
f 1848 576 805
f 576 618 805
f 576 1686 618
f 1686 381 618
f 1686 1307 381
f 249 576 1848
f 249 627 576
f 627 1686 576
f 627 1768 1686
f 1768 1307 1686
f 411 627 249
f 411 1768 627
f 309 1768 411
f 309 928 1768
f 805 978 684
f 381 1639 1623
f 1307 1313 381
f 1313 1639 381
f 1313 1744 1639
f 1744 7 1639
f 1744 1801 7
f 1979 7 1801
f 1979 1459 7
f 1979 1925 1459
f 1925 1884 1459
f 1925 34 1884
f 34 729 1884
f 1884 1688 1358
f 1667 1688 1884
f 729 1667 1884
f 1853 1278 77
f 8 1232 1472
f 1304 1232 8
f 1304 981 1232
f 981 77 1232
f 981 1522 77
f 1522 1853 77
f 1304 326 981
f 326 1522 981
f 1030 326 1304
f 1030 292 326
f 1538 1853 1522
f 292 1522 326
f 240 1538 1522
f 292 243 1522
f 243 240 1522
f 1853 857 1313
f 1538 857 1853
f 1036 857 1538
f 1036 1337 857
f 857 1801 1744
f 865 1979 1801
f 857 865 1801
f 1337 806 857
f 806 865 857
f 806 1346 865
f 865 1615 1979
f 1615 552 1979
f 552 1925 1979
f 552 1238 1925
f 1238 34 1925
f 1238 600 34
f 600 1465 34
f 1465 236 34
f 236 594 34
f 594 729 34
f 594 1503 729
f 50 600 1238
f 594 940 1503
f 1135 1667 729
f 1135 1190 1667
f 1503 1051 729
f 1051 1135 729
f 1135 280 1190
f 1670 292 1030
f 915 1411 1670
f 915 345 1411
f 1540 345 915
f 1670 243 292
f 240 1252 1538
f 1670 934 243
f 1411 934 1670
f 934 240 243
f 1411 345 934
f 345 240 934
f 345 466 240
f 466 1252 240
f 1540 466 345
f 466 281 1252
f 281 881 1252
f 1540 281 466
f 281 1463 881
f 1463 1223 881
f 716 1507 1223
f 1042 1507 716
f 1042 475 1507
f 1221 475 1042
f 1221 1080 475
f 1794 1080 1221
f 1794 503 1080
f 1252 188 1538
f 188 1036 1538
f 881 188 1252
f 1223 188 881
f 1507 188 1223
f 188 1507 1036
f 1507 475 1036
f 475 1337 1036
f 475 1080 1337
f 503 1337 1080
f 1346 183 865
f 183 1504 865
f 1504 461 865
f 806 913 1346
f 913 951 1346
f 951 183 1346
f 1504 933 461
f 503 977 1158
f 977 503 1794
f 977 806 1158
f 977 162 806
f 162 913 806
f 1158 806 1337
f 503 1158 1337
f 461 1615 865
f 1615 991 552
f 552 385 1238
f 613 456 1338
f 933 1615 461
f 933 160 1615
f 160 991 1615
f 793 1338 385
f 385 799 1238
f 793 552 991
f 385 552 793
f 1338 799 385
f 799 456 1238
f 456 799 1338
f 1268 50 613
f 1268 600 50
f 1948 600 1268
f 1948 1465 600
f 1948 236 1465
f 1939 236 1948
f 1939 594 236
f 1939 940 594
f 50 1238 1392
f 456 1392 1238
f 613 1392 456
f 50 1392 613
f 280 1200 1190
f 280 1203 1200
f 940 40 1503
f 40 940 1939
f 40 1051 1503
f 40 225 1051
f 225 1135 1051
f 225 1527 1135
f 1527 816 280
f 816 1203 280
f 280 1135 1527
f 1532 1772 1483
f 1010 1858 1532
f 1532 1483 529
f 1324 1010 1532
f 1616 1532 529
f 612 1532 1616
f 1666 1532 612
f 1412 1532 1666
f 1412 1324 1532
f 1858 1288 1866
f 1288 1858 1010
f 1288 1359 1866
f 1288 1821 1359
f 1412 1821 1288
f 1010 1324 1288
f 1324 1412 1288
f 1650 1944 1359
f 19 1944 1650
f 19 1920 1944
f 1866 1359 1944
f 137 1935 16
f 1935 1932 16
f 1920 1932 1935
f 1167 1412 1666
f 1666 612 1287
f 1310 1287 1491
f 1310 1666 1287
f 1913 1666 1310
f 1913 1167 1666
f 1310 1491 1506
f 105 1913 1310
f 1460 1310 1506
f 1412 1167 1821
f 1821 1864 1359
f 1167 1208 1821
f 1167 1913 1208
f 1864 1821 1208
f 1864 1208 1745
f 1913 105 1208
f 1941 19 1650
f 1650 1359 1864
f 1932 1917 16
f 1932 1920 19
f 19 1683 1932
f 1460 105 1310
f 1460 1506 1603
f 1586 105 1460
f 1699 1460 1603
f 101 1586 1460
f 1796 1460 1699
f 1796 101 1460
f 105 1745 1208
f 105 1586 1745
f 1745 1907 1864
f 1745 689 1907
f 1586 101 1745
f 1745 101 689
f 101 1796 689
f 1648 1907 689
f 1650 3 1941
f 3 1143 1941
f 1864 1907 1650
f 1907 3 1650
f 1907 1648 3
f 1932 1683 1917
f 1683 1458 1917
f 1683 19 1941
f 1941 1875 1683
f 1941 1143 1875
f 810 459 1919
f 1657 926 303
f 1657 972 926
f 1657 1919 972
f 1908 972 1919
f 1082 1919 1657
f 459 1908 1919
f 1082 810 1919
f 1634 1782 1082
f 1782 810 1082
f 314 810 1782
f 314 459 810
f 1365 1657 303
f 1434 1082 1657
f 1634 1082 1434
f 1434 1365 1303
f 1434 1657 1365
f 1189 1634 1434
f 1035 1335 427
f 1335 496 427
f 79 496 1335
f 269 1335 1035
f 269 79 1335
f 79 430 496
f 430 460 496
f 269 765 79
f 765 430 79
f 972 1678 926
f 972 1035 1678
f 1035 1582 1678
f 1035 427 1582
f 427 1174 1582
f 427 1317 1174
f 496 284 427
f 284 1317 427
f 460 284 496
f 1908 1035 972
f 1908 269 1035
f 746 765 269
f 765 460 430
f 765 746 460
f 655 269 1908
f 655 129 269
f 129 746 269
f 1317 407 1174
f 1317 570 407
f 284 570 1317
f 460 157 284
f 746 157 460
f 12 129 655
f 129 157 746
f 129 12 157
f 459 655 1908
f 459 1275 655
f 1275 12 655
f 1276 459 314
f 1276 1275 459
f 407 752 732
f 570 752 407
f 284 1877 570
f 157 1877 284
f 1276 406 1275
f 1877 752 570
f 157 1976 1877
f 1976 12 1275
f 12 1976 157
f 1275 406 1976
f 406 1276 623
f 585 1699 1531
f 1796 1699 585
f 1656 1796 585
f 1732 1656 585
f 1732 585 859
f 858 1656 1732
f 1634 1517 1782
f 1517 314 1782
f 1517 871 314
f 1189 153 1634
f 1634 153 1517
f 602 871 1517
f 623 871 602
f 992 1517 153
f 1517 992 602
f 714 1290 1189
f 1290 153 1189
f 992 153 1290
f 1796 1737 689
f 1648 689 1737
f 1737 1796 1656
f 1737 1108 1648
f 1737 522 1108
f 1276 314 871
f 623 1276 871
f 1513 1656 858
f 1513 1737 1656
f 522 1737 1513
f 3 1601 1143
f 3 1617 1601
f 3 1590 1617
f 1590 1648 850
f 1590 3 1648
f 1648 1108 96
f 1648 96 850
f 1458 1588 1917
f 1683 1875 1458
f 1458 1063 1588
f 1458 413 1063
f 1875 413 1458
f 1875 1143 1601
f 1701 1875 1601
f 1530 337 1982
f 1898 337 1530
f 1680 1898 1530
f 1148 1303 339
f 1608 1303 111
f 339 1303 1608
f 1452 1148 339
f 1829 1608 1730
f 1829 339 1608
f 337 339 1829
f 337 1452 339
f 1829 1730 330
f 1898 1452 337
f 420 1829 330
f 337 1829 420
f 1982 337 420
f 1303 1365 111
f 1148 1434 1303
f 1148 1189 1434
f 752 477 1485
f 1877 787 477
f 1877 477 752
f 1976 787 1877
f 406 1489 1976
f 1489 406 623
f 477 1043 1236
f 787 1043 477
f 787 378 1043
f 1976 647 787
f 1489 647 1976
f 647 1489 1756
f 1043 1014 1236
f 1043 378 1014
f 787 777 378
f 647 777 787
f 647 791 777
f 1014 543 1687
f 378 543 1014
f 378 1705 543
f 378 807 1705
f 777 807 378
f 1705 560 543
f 777 95 807
f 777 840 95
f 777 289 840
f 791 289 777
f 791 727 289
f 1172 484 974
f 543 61 1687
f 543 1283 61
f 1283 528 61
f 560 1283 543
f 1283 979 528
f 979 1002 528
f 1705 720 560
f 720 1283 560
f 807 720 1705
f 95 720 807
f 95 1575 720
f 1575 1283 720
f 1575 523 1283
f 523 979 1283
f 840 1575 95
f 523 1620 979
f 1620 974 979
f 289 1575 840
f 289 1071 1575
f 1071 523 1575
f 1071 961 523
f 961 368 523
f 368 1620 523
f 1172 1620 368
f 1620 1172 974
f 1732 859 558
f 484 858 1732
f 685 558 1002
f 685 1732 558
f 484 1732 685
f 1002 558 1847
f 974 484 685
f 1002 1847 528
f 979 685 1002
f 974 685 979
f 1137 1898 1680
f 174 714 1148
f 174 1622 714
f 698 1622 174
f 174 1148 1452
f 1038 698 174
f 1038 547 698
f 1369 174 1452
f 363 174 1369
f 363 1038 174
f 363 204 1038
f 1898 1369 1452
f 1723 697 1369
f 697 363 1369
f 1137 1369 1898
f 1723 1369 1137
f 1433 1723 1137
f 714 1189 1148
f 1622 1112 714
f 1112 1290 714
f 1290 909 992
f 1756 623 602
f 992 1756 602
f 992 909 1756
f 909 1290 1112
f 1112 1622 547
f 698 547 1622
f 909 1112 1805
f 547 1805 1112
f 909 1888 1756
f 1888 909 1805
f 1805 547 1990
f 1990 547 1038
f 204 1990 1038
f 791 647 1756
f 1888 791 1756
f 1888 1805 1094
f 1888 472 791
f 1888 1612 472
f 1094 1805 983
f 983 1990 863
f 1990 983 1805
f 472 727 791
f 1094 1612 1888
f 1094 616 1612
f 109 1854 49
f 863 1990 65
f 472 718 727
f 1612 831 472
f 1612 88 831
f 616 568 1612
f 568 88 1612
f 568 1528 88
f 436 1094 983
f 1094 436 616
f 436 568 616
f 436 49 568
f 49 1528 568
f 1854 1528 49
f 983 1260 436
f 1260 346 436
f 346 49 436
f 109 49 346
f 863 572 983
f 572 1260 983
f 572 796 1260
f 796 346 1260
f 1489 623 1756
f 1513 484 1172
f 1513 858 484
f 1513 817 522
f 522 1854 1108
f 1854 522 817
f 1108 1854 109
f 701 1513 1172
f 1513 701 817
f 701 1172 368
f 817 1090 1854
f 727 718 289
f 718 789 289
f 789 1071 289
f 368 961 701
f 789 701 1071
f 701 961 1071
f 831 718 472
f 831 789 718
f 831 902 789
f 902 701 789
f 701 902 817
f 88 1090 831
f 1090 902 831
f 817 902 1090
f 1528 1090 88
f 1854 1090 1528
f 1127 690 10
f 1127 110 690
f 690 1977 1840
f 775 1242 1433
f 775 922 1242
f 1207 1643 1433
f 1643 775 1433
f 1643 1109 775
f 1109 922 775
f 1109 815 922
f 80 1643 1207
f 80 1109 1643
f 1601 1617 1701
f 697 1340 363
f 1340 204 363
f 1617 487 1701
f 1617 261 487
f 907 697 1723
f 907 444 697
f 444 1340 697
f 1590 886 1617
f 1242 907 1723
f 1186 1340 444
f 1242 444 907
f 1617 1332 521
f 886 1332 1617
f 1617 521 261
f 1242 1723 1433
f 1186 1565 1340
f 1186 444 818
f 1186 377 1565
f 1376 444 1242
f 1376 818 444
f 922 1695 1242
f 1695 1376 1242
f 886 1321 1332
f 232 1186 818
f 377 1186 232
f 414 818 1376
f 232 1321 377
f 414 1259 818
f 1259 232 818
f 1259 1332 232
f 1332 1321 232
f 815 1695 922
f 1695 1199 1376
f 1199 414 1376
f 1199 521 414
f 521 1259 414
f 1332 1259 521
f 815 1664 1695
f 1664 428 1695
f 428 1199 1695
f 428 521 1199
f 521 428 261
f 1062 428 1664
f 261 1062 487
f 261 428 1062
f 96 109 1568
f 109 96 1108
f 96 1568 850
f 850 886 1590
f 65 204 1340
f 204 65 1990
f 850 1568 1529
f 886 850 1529
f 65 1340 1565
f 1568 346 796
f 1568 109 346
f 1529 1694 886
f 65 1075 863
f 1075 572 863
f 1075 624 572
f 624 796 572
f 1568 796 624
f 1565 593 65
f 593 1075 65
f 593 1529 1075
f 1529 624 1075
f 1568 624 1529
f 377 1694 1565
f 1694 593 1565
f 1694 1529 593
f 1321 1694 377
f 886 1694 1321
f 1588 825 816
f 1588 369 825
f 825 1203 816
f 825 1092 1203
f 369 1453 825
f 369 802 1453
f 369 143 802
f 825 1674 1092
f 825 145 1674
f 825 795 145
f 1453 795 825
f 1875 135 413
f 1063 369 1588
f 1063 143 369
f 1063 306 143
f 1063 1115 306
f 1063 152 1115
f 413 152 1063
f 413 1500 152
f 135 1500 413
f 135 365 1500
f 135 999 365
f 152 179 1115
f 1875 437 135
f 1701 437 1875
f 1701 896 437
f 1701 487 896
f 999 135 437
f 896 213 437
f 487 707 896
f 144 999 437
f 268 144 437
f 213 268 437
f 707 315 896
f 896 780 213
f 487 797 707
f 487 1062 797
f 1512 1822 335
f 1358 1822 1512
f 1688 1822 1358
f 1358 1512 1775
f 1822 1982 335
f 1822 1530 1982
f 1680 1530 1822
f 10 1688 1667
f 1688 1840 1680
f 1840 1433 1680
f 1840 1207 1433
f 1688 1680 1822
f 1433 1137 1680
f 10 690 1688
f 1190 10 1667
f 1190 1127 10
f 1190 311 1127
f 110 1127 305
f 1200 311 1190
f 311 305 1127
f 690 1840 1688
f 1207 1840 220
f 1977 690 110
f 1977 220 1840
f 220 971 1207
f 971 846 1207
f 846 80 1207
f 80 410 1109
f 410 315 1109
f 315 815 1109
f 315 707 815
f 707 797 815
f 797 1664 815
f 1062 1664 797
f 1203 1092 1200
f 1092 311 1200
f 1092 1674 311
f 1674 145 311
f 145 795 311
f 795 305 311
f 795 1453 305
f 1453 802 305
f 802 110 305
f 802 143 110
f 485 1977 110
f 143 306 110
f 306 485 110
f 485 179 1977
f 179 302 1977
f 302 220 1977
f 302 198 220
f 1500 302 152
f 1500 198 302
f 198 209 220
f 1500 209 198
f 209 971 220
f 209 721 971
f 365 209 1500
f 365 721 209
f 721 1722 971
f 999 721 365
f 999 1722 721
f 306 1115 485
f 1115 179 485
f 179 152 302
f 846 268 80
f 268 213 80
f 213 780 80
f 780 410 80
f 896 410 780
f 315 410 896
f 1722 846 971
f 1722 116 846
f 999 116 1722
f 116 144 846
f 144 116 999
f 144 268 846

