# https://github.com/mikedh/trimesh
v 0.04409623 0.46275896 -0.57465738
v 0.54902256 0.42968544 0.30432767
v -0.19490959 -0.27017617 -0.34224525
v 0.48853323 0.41538221 -0.40898660
v -0.36304218 0.46838856 0.49369371
v 0.59321207 0.46704537 0.09778924
v 0.54992342 0.38964063 0.06231241
v -0.31537482 0.43303007 0.56746703
v 0.22542691 0.44801575 0.60102022
v 0.13827397 0.38078794 -0.49529332
v -0.25945392 0.36101526 -0.43804047
v -0.34509289 0.46136096 0.53514409
v -0.15644722 0.45540234 0.62085998
v 0.30335250 0.44509616 0.56940061
v 0.53020120 0.41797912 -0.25636825
v -0.46259475 0.46545196 0.33394036
v -0.31471443 0.46806470 0.53060120
v 0.14778981 0.46275878 -0.59903949
v 0.26428586 0.47183529 -0.61000329
v 0.27958146 0.42352036 0.58300257
v -0.59465432 0.45906109 -0.04445953
v 0.36728060 0.42103073 0.52922142
v 0.16089500 0.47227201 -0.58438379
v -0.56601614 0.47067592 0.13985947
v -0.35366401 0.43198934 0.54210758
v 0.59805691 0.42697337 0.00731223
v -0.42551067 0.21658978 0.35618830
v -0.17021358 0.41675934 0.62561762
v 0.54536128 0.41826195 0.28770599
v 0.15003426 0.46146110 0.49304569
v -0.59512043 0.43299583 -0.08937129
v 0.13491365 0.46191686 -0.59710705
v 0.30372062 0.46597272 -0.33697116
v -0.49433112 0.41723418 -0.29976350
v -0.54623735 0.44813570 -0.22766846
v 0.51960516 0.46504506 -0.29167289
v -0.42958221 0.41714305 0.45914486
v -0.20878990 0.12547380 0.49692881
v 0.55459458 0.46742630 -0.18661678
v -0.11790995 0.41385671 -0.32296655
v 0.16100776 0.46314636 -0.60136163
v 0.52094698 0.36124307 -0.07527083
v 0.58956534 0.46917033 -0.01549611
v -0.56804758 0.44594282 0.26484728
v 0.24077822 -0.39635050 -0.26037070
v -0.18800899 0.43302399 0.62840599
v -0.17642535 0.37146217 -0.47369942
v 0.59344101 0.46709469 -0.03147124
v -0.28374112 0.14738718 -0.37664360
v 0.49766701 0.43504101 -0.58730799
v 0.52135491 0.46542716 0.33212653
v -0.31866825 0.45114464 -0.48104542
v -0.58231485 0.43210238 0.23451518
v 0.35905892 -0.02572141 0.33699155
v -0.46223357 0.37488467 0.36100709
v 0.21238522 0.46276462 -0.61291289
v 0.11525999 0.43301365 0.64138091
v -0.58588630 0.42892408 -0.12706420
v 0.39782089 0.46529874 0.47977883
v -0.47949398 0.42932621 0.40986809
v -0.22662491 0.10638599 -0.39395639
v -0.30424994 0.46108618 -0.48308590
v 0.14793576 0.45087296 0.62602299
v -0.46639019 0.45859534 -0.34191534
v -0.20093200 0.43302399 0.62431699
v 0.23727241 0.41621199 0.59723371
v 0.57087451 0.42901647 0.25420976
v 0.51556486 0.43302509 -0.45797470
v -0.57191247 0.46035704 -0.14730224
v 0.34219384 0.42906696 0.55070317
v -0.26048934 0.46530351 0.55884367
v 0.52814668 0.36602083 0.14247052
v -0.18810776 0.42068315 0.62376076
v 0.53280574 0.36226580 0.11043002
v -0.28929627 0.41222644 0.56653184
v -0.22691855 0.42101392 0.60930115
v -0.38174161 0.46315587 -0.42706972
v 0.52753681 0.44083229 -0.29463279
v 0.46871972 0.05676408 0.02967724
v -0.33301401 0.44594800 0.55432802
v 0.19279969 0.42770499 -0.59883130
v 0.25397384 0.45209932 0.41631535
v -0.25262699 0.43302399 0.60167998
v -0.27846324 0.44061276 0.40164804
v 0.51942819 0.45118931 -0.36745906
v -0.43228880 0.42943224 -0.39225549
v -0.22600417 0.00107319 0.46237025
v 0.17542328 0.37145019 0.56857550
v 0.23762165 0.44857565 0.59646863
v 0.14076707 0.47057548 -0.58453906
v 0.51963532 0.45122072 -0.38038358
v 0.27698889 0.46258613 -0.62682498
v -0.20118046 0.42879561 -0.53537989
v -0.16435720 0.44346213 0.63368052
v 0.43257862 0.45343196 -0.64286500
v -0.20313384 0.42496875 0.62241536
v -0.50778055 0.44963267 -0.29144245
v -0.51046789 0.46218142 0.34316567
v -0.43132806 0.46317309 0.42697421
v -0.25530034 0.17551586 0.49241251
v -0.13196371 0.41415530 0.63452333
v 0.26475248 0.43477297 -0.31909326
v 0.27819014 0.37444276 -0.43928742
v 0.18574961 0.44319826 -0.60975808
v -0.08463040 0.45121929 0.63655692
v -0.28562823 0.46300411 0.55989271
v 0.43683401 0.44985747 0.47177464
v 0.24493098 0.42923349 -0.61067218
v 0.50685388 0.42780277 -0.48204637
v -0.59541774 0.41929761 -0.03813641
v -0.59216124 0.46622968 0.05023989
v 0.51861793 0.46414754 -0.56331331
v -0.34360653 0.44768861 -0.46565267
v -0.22719055 -0.47650364 -0.06900224
v 0.58049804 0.42374477 -0.11487065
v 0.34311447 0.35459960 -0.38225323
v 0.56300002 0.44594800 -0.19946900
v 0.19895811 0.45097387 0.60986662
v -0.41391253 -0.14785187 0.23994856
v 0.60739070 0.45361760 0.05900400
v 0.34171641 0.44228458 -0.64008856
v 0.50812244 0.46098706 -0.59216762
v -0.39440969 0.43178412 0.50503653
v 0.35312206 0.39428261 -0.50512350
v 0.15418687 0.41462022 0.40169582
v 0.14207406 0.42324769 -0.34844488
v 0.51608807 0.43149009 -0.43217269
v -0.59828281 0.44995412 -0.05741957
v 0.25777757 0.38292632 0.54343390
v -0.20098577 0.45549557 0.60774523
v 0.51843935 0.44959149 -0.32544178
v -0.23654591 0.47036737 -0.49389607
v 0.08782886 0.37457690 0.59058994
v 0.33268154 -0.43781114 -0.03694007
v -0.32981879 0.46647769 -0.46041095
v -0.58422393 0.46291664 -0.09632877
v -0.27847400 0.43302399 0.58838397
v -0.41904649 0.44934896 -0.40438443
v 0.54008108 0.44119543 -0.26265064
v -0.02659798 0.44594708 -0.56677806
v -0.57645690 0.46707875 0.20130934
v -0.58782136 0.45323414 0.20138624
v 0.37602693 0.46463495 0.49370536
v -0.57656467 0.46889555 -0.07196453
v 0.44225851 0.36257944 -0.27563283
v -0.57032764 0.44677886 -0.17439049
v 0.51571918 0.43429151 -0.47088137
v 0.50829834 0.46452880 -0.33087006
v -0.33061266 0.43132550 0.55789429
v 0.50490886 0.40732226 -0.30590045
v 0.13531493 0.45293653 0.62716758
v 0.18195246 -0.44835284 -0.22230208
v 0.28715146 0.45269692 0.56961948
v -0.55897540 0.44952857 0.28062260
v 0.53159088 0.47017452 0.28748974
v 0.10592552 0.46827632 -0.42784202
v -0.17394929 0.43302959 0.63282359
v 0.12301660 0.46499795 -0.59365118
v 0.50728595 0.41667479 -0.33503869
v -0.59568357 0.41954505 0.10443985
v -0.21332474 0.42027381 0.61451852
v -0.43716815 0.46188292 0.40291762
v 0.44041553 0.43042615 0.46773076
v 0.38167703 -0.32789874 -0.08909596
v 0.44871119 0.46631986 0.43386403
v 0.56753713 0.46323138 -0.17418234
v -0.44363353 0.45844063 -0.36936510
v 0.17341587 0.46323356 -0.60592633
v -0.42883202 0.44599956 -0.39551464
v 0.11041925 0.44001901 -0.59234589
v -0.24280100 0.43302399 0.60658997
v -0.46246669 0.45633674 0.41598636
v -0.25225696 0.45130756 0.59588456
v -0.53031361 0.42761278 0.33160061
v -0.36847296 0.46815529 -0.42473131
v 0.56448126 0.46121967 0.26609239
v -0.59768730 0.46428832 0.09845652
v -0.32613638 0.44860905 0.55842179
v 0.00575904 0.45128828 0.63795912
v -0.37769479 0.44842356 -0.44053555
v -0.58982497 0.44594800 -0.10900400
v -0.30582222 0.46580973 0.54719645
v -0.25935340 0.12214170 0.47481799
v -0.55818963 0.38622597 0.10419638
v -0.53024018 0.47060964 -0.18018125
v 0.39330584 0.21923259 -0.27950305
v -0.55894852 0.44776598 -0.20137024
v -0.40017557 0.35861936 0.43043649
v 0.29010147 0.46281862 -0.63021886
v -0.52258277 0.26571488 0.15628782
v -0.60306805 0.45293239 -0.00567845
v 0.25635567 0.45403934 0.58009440
v -0.17042713 -0.48148668 0.24131109
v -0.49512511 0.44505250 0.38540086
v -0.23236997 0.40643981 0.38450274
v -0.36618298 0.38691756 0.47870085
v 0.52000427 0.44043472 -0.39331403
v 0.34169427 0.46267864 -0.63944155
v -0.07579798 0.42016932 -0.55123395
v 0.60237700 0.44594800 0.12362200
v 0.20089911 -0.22005543 0.43010163
v -0.44092253 0.44598573 -0.38194099
v 0.52068192 0.44594821 -0.45157281
v 0.50050944 0.44678229 -0.59873837
v 0.41586483 0.38378569 0.41613111
v 0.52932757 0.46901342 0.30415222
v -0.23612709 0.43019986 0.60997343
v -0.42304549 0.43297216 -0.40195522
v -0.05225115 0.43299976 -0.56265324
v -0.22695141 0.45112157 -0.52795857
v 0.09745537 0.42844892 -0.58203226
v -0.40930629 0.44592848 -0.41376922
v 0.31585971 0.46139255 -0.63586354
v -0.43790647 -0.23714569 -0.01575426
v -0.43884605 0.45522398 0.44834086
v 0.41351309 0.45637253 0.26910019
v 0.50106531 0.36558336 0.24558611
v 0.32584900 0.42410901 0.55850601
v -0.27684829 0.45730686 -0.50005543
v 0.50787055 0.47568604 -0.50955266
v -0.18865089 0.46300983 -0.53542221
v -0.36717200 0.45754200 0.52279902
v 0.34910673 0.45587322 0.52801245
v -0.38188398 -0.01091619 -0.23758721
v -0.32851782 0.44594643 -0.47538078
v 0.59185714 0.44594902 0.19707505
v 0.57806253 0.46839824 0.18829450
v 0.59023798 0.44594800 -0.12192700
v 0.53321165 0.42808101 0.33205944
v -0.32211775 0.41902035 -0.46830621
v -0.50540805 0.44594872 0.37059835
v -0.12351074 0.45044890 0.63641083
v 0.52579594 0.40792117 -0.22838064
v -0.03813641 -0.46988696 -0.22270055
v -0.59435958 0.42402154 0.16366795
v 0.51294494 0.37979496 0.23022598
v -0.05877409 0.42797393 0.64831918
v -0.58837247 0.42744163 0.20134960
v 0.37700894 0.41735515 -0.04279482
v -0.47507548 0.35580465 -0.23909104
v -0.44212607 0.43126857 -0.38192189
v -0.26192641 0.45848691 0.58008230
v 0.12204350 0.44393104 -0.59652454
v -0.49887487 0.46542656 0.35048911
v -0.18696870 0.44820455 0.62355679
v 0.09025515 0.39199069 -0.53147298
v -0.21441004 0.45070255 0.61229998
v -0.28571445 0.46747977 0.54028785
v 0.58326381 0.46473929 -0.12285597
v -0.23337340 0.45622227 0.59497374
v 0.03166714 0.45925763 0.55565196
v -0.27873722 0.45220575 0.58272594
v -0.25248468 0.44747731 -0.51640898
v 0.37746042 0.45188230 0.51883638
v -0.06466173 0.38067609 0.60180360
v 0.58132881 0.46359381 -0.13536647
v 0.54532796 0.44972658 0.31584653
v -0.59470886 0.45400265 -0.07031494
v -0.49479055 0.45545763 -0.30557808
v 0.60624564 0.45378867 -0.01781224
v -0.57074165 0.45462906 -0.16283777
v -0.25266722 0.46954700 -0.49344090
v 0.46431553 0.35102880 -0.22925067
v -0.55551022 0.47089192 0.17710993
v 0.23802863 0.46359694 -0.61974490
v -0.20095800 0.45972100 -0.53342003
v 0.20498890 0.45889428 0.58526838
v 0.09361658 0.29019743 -0.47123921
v -0.60002792 0.43302149 -0.05052485
v 0.38863033 0.43653381 0.51931989
v 0.59475094 0.46217108 0.14966501
v 0.58979511 0.46903029 0.01368016
v 0.45888889 0.44100970 -0.62833977
v -0.59622198 0.41951561 -0.01221023
v 0.15337409 0.45364705 0.46646604
v -0.45397085 0.44591337 0.44113022
v 0.02500226 -0.37869126 -0.35106155
v -0.03278863 -0.43066108 -0.31232810
v -0.40770167 0.44597033 0.49144906
v -0.58079374 0.45408911 -0.13465750
v -0.39672300 0.41250917 -0.03606252
v -0.40210146 0.40664929 0.01681731
v 0.51997638 0.44172305 -0.50304914
v 0.51588601 0.43280202 -0.44505024
v 0.16092999 0.43302399 0.62990600
v -0.10367241 0.47041780 -0.53254294
v -0.43681520 -0.21443057 0.13135463
v 0.47921431 0.41717973 0.40706101
v 0.31362566 0.43383038 0.56793201
v -0.51843500 0.47054315 -0.20849551
v 0.18775119 0.45112136 0.61376840
v -0.51085871 0.46962801 0.23856217
v -0.22678000 0.43302399 0.61429203
v -0.40797243 0.42942598 0.49124050
v -0.41657218 0.44946399 0.48150018
v -0.14245379 0.38693658 0.59343523
v -0.42534986 0.18862148 -0.25332567
v 0.23982686 -0.43103859 -0.21477088
v 0.60715199 0.44895852 0.07193553
v 0.28940192 0.37671378 -0.43670776
v 0.11595713 0.37699401 -0.49350664
v 0.39881736 0.44540372 -0.64519233
v -0.60168272 0.45368806 0.12375119
v -0.49062061 0.45457298 0.38319460
v -0.40460971 0.46585467 0.45542347
v -0.03291617 0.45116651 0.63678867
v -0.07177301 0.44042179 -0.56584978
v -0.55370307 0.47059709 -0.10520221
v -0.02631279 0.43306872 -0.56228554
v 0.58303046 0.42140338 0.16968632
v 0.57931292 0.46798953 -0.10663163
v 0.27386218 0.05954887 -0.33525866
v 0.48128515 0.48238853 -0.59714681
v -0.50619048 0.46254322 -0.02401293
v -0.25512254 0.41413906 -0.49470845
v 0.51974899 0.46370375 -0.52255207
v -0.54510689 0.46465829 0.28277454
v -0.28061318 0.42194340 0.58386672
v -0.39996794 0.38797611 0.44668069
v -0.24008256 0.42974478 -0.52129573
v 0.58232671 0.46235290 0.21448191
v -0.01427045 0.40949735 -0.35001931
v -0.30584499 0.42005175 0.37276465
v 0.45424244 0.45132995 0.45172954
v 0.51897615 0.44241431 -0.52370900
v -0.53414613 0.28644773 -0.00911421
v -0.57396466 0.46595684 -0.12213044
v -0.23303220 0.46450129 0.56689310
v 0.09622037 0.45176879 0.63593566
v 0.59544367 0.46371016 -0.07045382
v -0.22173199 0.43193787 -0.53000563
v -0.34370705 0.05235489 0.37606087
v 0.51375520 0.44727027 -0.57342559
v -0.36819169 0.44597521 0.52944827
v -0.58778536 0.46542850 0.16258074
v -0.31296706 -0.20689686 0.36592436
v 0.48607805 0.41288060 0.38696438
v -0.46477959 0.44723985 -0.35254690
v 0.25352782 0.42887953 0.59733737
v -0.30583319 -0.39152059 -0.22244455
v 0.48995981 0.47358546 -0.37398908
v -0.32325667 0.43218663 -0.47783440
v 0.43193069 0.46290207 0.45897406
v 0.51921809 0.45118007 -0.35453469
v 0.57682383 0.44594187 0.24780957
v 0.60407001 0.44594800 0.11069900
v -0.05214536 0.45889735 -0.56232440
v -0.01289043 0.37674910 -0.49767604
v -0.48131695 0.44889355 -0.32966405
v 0.60108900 0.45887101 -0.03146170
v 0.38242310 0.42872801 0.52326167
v -0.11651628 0.42004770 0.64153594
v 0.27136880 0.19350758 0.47748458
v -0.56932300 0.43283156 -0.18017299
v 0.39384851 0.37637264 -0.35207891
v 0.40891546 0.05260621 0.28672156
v 0.48930988 0.29626712 0.24052386
v -0.04139788 0.40721980 0.44217116
v -0.09202443 0.42704168 -0.55894649
v 0.55647165 0.46450663 -0.19944979
v 0.54729611 0.44594660 -0.24273986
v -0.45619816 0.45873010 -0.35375884
v -0.06815732 0.40737593 -0.33271086
v -0.02651786 0.42170757 -0.55295205
v -0.38401482 -0.35302192 0.20860666
v -0.43527773 0.47047547 -0.33222777
v -0.33288005 0.45812029 0.41901910
v 0.22576217 0.43428755 0.60841137
v -0.38126397 0.43172157 0.51784962
v -0.54434448 0.36244786 0.13571720
v -0.51640260 0.44603848 0.35513934
v -0.14923801 0.43302399 0.63980401
v -0.34659147 -0.39950901 0.23302627
v 0.31757313 0.44134802 0.37347016
v 0.19970100 0.43302399 0.61821198
v -0.51081043 0.41642857 0.34857929
v 0.34594682 -0.10096031 -0.24337082
v -0.54408932 0.38777280 0.19499339
v -0.54686898 0.45920700 -0.21120401
v 0.41767931 0.43153724 0.49093124
v 0.41898471 0.45310798 -0.64577985
v -0.58923018 0.46658000 0.00086314
v 0.44550416 0.46353352 -0.63791144
v 0.59622270 0.45194080 -0.09620672
v 0.08346168 0.45151126 0.63768649
v -0.27231035 0.36658666 0.52918774
v 0.46310079 0.43197313 0.44354600
v 0.14137550 0.41756353 -0.32287818
v 0.08321571 0.42955282 -0.58061689
v 0.57818419 0.44594550 -0.15728022
v -0.29068199 0.42003700 0.57553399
v -0.56189334 0.41366372 -0.15472996
v -0.15772219 0.40668163 -0.28468418
v 0.43803829 0.37204313 0.37426215
v -0.58810347 0.41564164 0.14234629
v 0.08338840 0.43302399 0.64601803
v -0.59374434 0.46674708 0.08485926
v 0.18045835 0.47418970 -0.58394033
v 0.40420437 0.43527555 0.50404352
v -0.13631400 0.43302399 0.64294702
v 0.52394325 0.38507399 -0.11385802
v 0.01866028 0.46626332 -0.56360805
v -0.58576536 0.46634611 -0.05413284
v 0.29033023 0.44283152 -0.63013917
v 0.52002031 0.45139500 -0.40623334
v 0.58826613 0.46891561 0.06346063
v 0.02527341 0.43302485 0.64581668
v 0.27708584 0.44462478 0.58177406
v -0.60237724 0.45256570 -0.01863799
v -0.17521067 0.46562430 -0.53590721
v -0.47002631 0.46982923 -0.29634267
v -0.11051678 0.45085743 0.63669240
v 0.45870301 0.45998299 0.43447500
v 0.59558421 0.45045716 0.17852175
v 0.53661531 0.37141702 0.07849415
v 0.07046470 0.43302399 0.64619601
v 0.30136830 -0.43361196 -0.11964647
v -0.57503003 0.44594800 -0.16069800
v -0.46133733 0.46692178 -0.24317771
v 0.51693189 0.42693955 -0.31547806
v -0.59394419 0.46140534 0.14967574
v -0.36890325 0.42932349 -0.44699800
v -0.07821893 0.43023339 0.64766490
v -0.58525467 0.46393535 -0.08403887
v 0.21262500 0.44594800 -0.61507398
v 0.24452427 0.47573328 -0.59565628
v -0.45328945 0.47064468 -0.30840340
v 0.04948548 0.45578036 0.52338594
v 0.35650733 0.41045982 0.52379167
v -0.48774159 0.08298466 0.08653166
v -0.43130946 0.45901182 -0.38301772
v -0.35139596 0.41718441 0.53454459
v -0.55316794 0.45793918 -0.19938996
v 0.28418487 0.47389466 -0.60933411
v 0.35131326 0.41759750 0.53717637
v 0.57212561 0.43083116 -0.16100036
v 0.57189906 0.44136456 -0.17377190
v -0.50219762 0.44589585 -0.30118725
v 0.47109801 0.45887101 -0.62538302
v 0.17361513 0.42904577 -0.59685737
v 0.56377655 0.46654648 0.24840841
v -0.42972100 0.38886955 -0.32751781
v 0.51394755 0.46070033 -0.31607884
v 0.21936576 0.37849209 -0.46699652
v 0.41033259 0.31728283 -0.29986161
v 0.57830012 0.42052275 0.19228339
v -0.28870741 0.46965808 -0.47087908
v -0.45388833 0.43146455 -0.36783934
v 0.28897601 0.43393499 0.57993799
v -0.21058516 0.41999027 -0.52371806
v 0.58881718 0.46377450 -0.09619710
v 0.17564546 -0.32690412 -0.32829112
v 0.19573677 0.42606047 -0.33420137
v 0.03860750 0.28639406 0.57994419
v -0.57068676 0.46255848 0.24044606
v 0.60055763 0.43297204 -0.03818391
v 0.06295559 0.37745973 -0.50316685
v 0.59921992 0.44594917 -0.07628969
v -0.57437563 0.42926112 0.25314680
v -0.13123801 0.46879119 -0.54082423
v 0.59465945 0.43255949 0.15607655
v 0.39351186 0.46438497 -0.64452815
v -0.04974034 -0.47522831 0.33111995
v -0.17181081 0.42641404 -0.54180247
v 0.50386441 0.37662551 -0.15456395
v 0.30490327 0.42944971 0.57214105
v 0.40693501 0.44670999 0.49849701
v -0.09754831 0.45278817 0.63591307
v 0.08295774 0.46584705 -0.58359271
v 0.35139790 0.47171354 -0.62962139
v 0.59649003 0.42906481 0.12830818
v -0.31143188 0.46983135 -0.45716915
v 0.51181930 0.46419290 -0.38036191
v 0.07092547 -0.44391087 0.38687995
v 0.01844427 0.45250759 -0.57391918
v 0.35777462 0.36874861 -0.37802330
v 0.60251802 0.45760599 0.08473230
v -0.59346944 0.41911152 -0.05835642
v -0.38254458 0.46462557 0.49867296
v 0.58629340 0.44595224 0.21848279
v -0.53102535 0.45831850 0.31763944
v 0.51977408 0.46366251 -0.54844213
v -0.52867800 0.44594800 0.33388600
v 0.58451545 0.43118733 -0.12339430
v 0.34533116 0.43778986 0.35237864
v -0.50373435 0.47078663 -0.23397093
v 0.34654608 0.46540242 0.50576526
v 0.50437909 0.43303725 0.38408670
v 0.03224903 0.34396073 -0.49122354
v 0.47885123 0.44748181 0.42238179
v 0.54026610 0.38589802 0.14236495
v 0.16994816 0.38327610 -0.49985251
v 0.19927998 0.46600229 -0.60907465
v -0.33089906 -0.43925652 0.19263357
v -0.20745510 0.47037798 -0.50687778
v 0.59225398 0.42273888 0.07851312
v -0.03290780 0.46313399 -0.56024909
v 0.32910138 0.44642884 0.55370331
v -0.01660310 0.41442230 0.46648908
v 0.50408125 0.41889882 -0.36182478
v -0.15012167 0.41463652 -0.31134009
v 0.22541992 -0.47050452 0.22571994
v -0.29139799 0.44594800 -0.49644500
v -0.51101410 0.42947355 -0.29063624
v -0.60037261 0.42716554 0.12963304
v 0.16630627 0.44737449 -0.60608745
v -0.29163653 0.44984677 0.57705992
v 0.23204172 0.42188337 -0.31849086
v -0.51465416 0.42238188 -0.27519828
v 0.51003695 0.47568488 -0.56135428
v -0.60344553 0.45326206 0.00726197
v 0.47965297 0.43073434 0.42225358
v -0.40116397 0.46810052 -0.39444458
v 0.49314275 0.47972354 -0.48746112
v 0.01225159 0.41609383 0.63938588
v 0.57406282 0.45990658 0.23976429
v 0.36815199 0.36825800 -0.36785999
v 0.59704041 0.42726541 -0.05751840
v -0.53225428 0.43772525 -0.25625750
v -0.48530900 0.46413365 0.36268470
v -0.55195445 0.46558639 0.26653069
v 0.32449928 0.46037549 0.53119254
v 0.59988254 0.44594777 0.14242454
v -0.59979850 0.46386763 0.07187025
v -0.60679227 0.44596273 0.06515513
v -0.38422701 0.44594800 -0.43515399
v 0.15966249 0.45078802 0.62245184
v -0.48649329 0.46584249 -0.29824084
v 0.07222005 0.46186021 0.59905875
v -0.39896622 0.38997635 -0.36020672
v -0.56644487 0.44477487 -0.18535002
v -0.35016319 0.46639463 -0.44616827
v 0.45937264 0.45886666 -0.63242310
v 0.18854123 0.43464354 0.62211734
v -0.03347687 0.45829639 0.60865611
v 0.38047171 0.45411417 -0.64818662
v -0.05222520 0.44594908 -0.56707305
v -0.50543016 0.46191192 -0.27678734
v 0.53073323 0.47048280 -0.19219702
v -0.11682034 0.42559305 -0.55523753
v -0.00105145 0.43301383 0.64548773
v -0.02142113 0.42707798 0.64724004
v -0.27904567 0.44594660 -0.50304472
v 0.00434381 0.41465092 0.38160440
v 0.48773220 0.43557131 -0.60374111
v 0.03995119 0.42270792 -0.38334477
v 0.41084048 0.36192551 0.40332943
v 0.45218226 0.42317864 0.44917995
v 0.09619764 0.46931532 -0.57935989
v -0.30373988 0.05075756 0.41030183
v -0.35759979 0.45124435 -0.45600307
v -0.55774665 0.43079659 0.28508386
v 0.51930600 0.45887101 -0.48379001
v 0.31533450 0.41686890 0.55843085
v -0.36609560 -0.42666870 -0.02229572
v 0.30363521 0.41492829 0.29469466
v 0.22716108 0.42919272 -0.60780299
v -0.29313192 -0.45150146 0.21828023
v 0.59870124 0.46367061 0.11088590
v 0.06542021 0.42396927 -0.37555370
v 0.50265235 0.47044539 -0.27109414
v -0.31741765 0.45819327 0.55478466
v 0.49065977 0.43118367 0.40680704
v -0.60651016 0.44006607 0.02021077
v 0.56086135 0.42945847 0.27905568
v -0.35965002 0.43022773 -0.45512938
v -0.00519446 0.46877712 -0.55176383
v 0.60072619 0.46102458 -0.00561680
v -0.24539557 0.38700238 0.55507755
v 0.57205099 0.45987800 -0.16093600
v 0.49188939 0.46690077 0.37031987
v -0.09559398 -0.45899883 0.35070038
v 0.13641705 0.43478876 0.63770580
v 0.60585397 0.44569600 0.00730934
v 0.39984590 0.26923153 -0.29248998
v -0.29051235 0.43459997 0.58221853
v 0.51453829 0.40754434 -0.27026668
v 0.38072610 0.41194293 -0.60240090
v 0.44320264 0.37700695 -0.29452479
v 0.58460259 0.44861671 -0.14073610
v -0.60312510 0.43014354 0.03793014
v 0.21301585 0.44807982 0.60776317
v 0.14720690 0.43164885 0.63434845
v -0.24077310 -0.40718746 -0.25931653
v 0.33550903 0.38112706 0.49175286
v 0.16159724 0.34906667 -0.46679670
v 0.52056491 0.44078025 -0.48381317
v -0.58485031 0.45175287 0.21655506
v -0.42343327 0.43359441 -0.05158110
v -0.42069322 0.46367040 0.44146454
v -0.42609930 0.44594288 0.47133097
v 0.52044964 0.44594803 -0.42570573
v 0.12785654 0.36421475 -0.47847804
v 0.45204130 0.40446469 -0.47120401
v 0.05754100 0.44594800 0.64071798
v 0.10339642 0.36240342 -0.48404878
v -0.39541954 0.44593424 -0.42581969
v -0.22702290 0.44633421 0.61039823
v 0.51917690 0.46291363 -0.49669400
v -0.39472443 0.46620014 -0.40868616
v 0.39467722 0.38374946 0.43995288
v -0.27781597 0.43187833 -0.50314045
v 0.46357495 0.39687043 -0.39272481
v -0.20348001 0.44405150 0.62149054
v 0.24629924 0.36329004 -0.44193655
v -0.08480687 0.46594131 -0.55702424
v -0.20196798 0.05411098 0.47716442
v 0.47081992 0.46762866 0.40262094
v 0.30748060 0.47806925 -0.60777169
v 0.51668817 0.43282208 -0.33579352
v 0.58930200 0.45796499 0.18848599
v 0.60013574 0.43297282 0.10375868
v -0.44325608 0.41607490 0.44330034
v -0.26857907 0.28717905 -0.41986388
v 0.60238498 0.44594800 -0.05730900
v -0.18026109 0.36490339 0.56822878
v 0.48995417 0.36692181 -0.18099722
v -0.25215811 0.42842034 -0.51500183
v 0.58176798 0.42602816 0.21534362
v 0.06917536 0.44291776 -0.58526385
v -0.45927918 0.45852584 -0.11904884
v -0.49270302 0.43133479 -0.31565344
v -0.40404752 0.41976777 -0.40973419
v -0.59534383 0.46229053 0.13672464
v -0.56139845 0.41627383 0.26082256
v -0.40702799 0.45544299 0.48460099
v -0.38117599 0.42963666 -0.43774307
v 0.28220630 0.40232292 -0.57290334
v -0.49818236 0.46072221 -0.29057327
v 0.43148929 0.47059858 0.39147118
v 0.49736017 0.42798141 0.39559484
v 0.38820475 -0.38259354 0.11362614
v 0.50284576 0.43414736 -0.57437283
v -0.40744111 -0.21088158 0.22905599
v 0.29264981 0.45560586 0.40384760
v 0.53133082 0.46504131 -0.26519710
v -0.49145049 0.44596639 -0.31628057
v 0.54301798 0.41973048 -0.21814841
v -0.11077196 0.46401557 -0.55442089
v -0.11638390 0.44594544 -0.55965966
v 0.17641157 -0.42995024 -0.26605919
v 0.47169900 0.43995500 -0.61954296
v 0.51008588 0.47442746 -0.57424062
v 0.32182160 0.47000381 -0.62595510
v -0.13412368 0.41881984 -0.54269022
v 0.08390144 0.45962834 0.52195013
v -0.33844027 0.40756786 0.23634158
v 0.58657384 0.42973232 0.20130883
v 0.57156003 0.45750999 0.25285900
v -0.54905528 0.35341573 0.05325124
v -0.14596491 0.44594592 -0.55321884
v -0.45316377 0.44762003 -0.36700055
v -0.04584556 0.45125419 0.63664412
v -0.15795085 0.46719363 -0.53669143
v -0.39746016 0.45499378 0.49581224
v 0.03267084 0.45937437 0.60787928
v 0.18065399 0.41934806 0.62057590
v -0.51172227 0.46127713 -0.26495868
v 0.25054598 0.44424257 0.59376347
v -0.26587489 0.43303135 0.59487402
v -0.47412699 0.44497201 -0.34040400
v 0.48203662 0.46710297 0.38758051
v 0.21330439 0.06685404 -0.38024232
v 0.17396669 0.45120028 0.61645961
v 0.57564205 0.46260527 -0.14844568
v -0.24658713 -0.41772985 0.32719541
v -0.37809458 0.40735412 -0.05296028
v -0.51431835 0.46849805 0.31355241
v 0.53272176 0.45322666 0.33480167
v 0.51176000 0.37589094 -0.12710083
v -0.56321585 0.46388838 -0.16082546
v 0.41128227 0.37411156 -0.32960421
v 0.47353691 0.47128141 -0.62116569
v -0.33649805 0.45073071 -0.28435400
v 0.22192934 0.46989658 -0.60522836
v 0.44657156 0.45120215 0.46058863
v -0.33616996 0.46737504 0.52912718
v 0.00571160 0.46442389 -0.56118327
v 0.55638009 0.47052076 -0.11171722
v 0.44118515 0.42344809 -0.61044973
v 0.59236491 0.46765068 0.03961518
v 0.25817728 -0.30356055 -0.28512445
v 0.35134885 -0.43529490 0.03945973
v -0.60548830 0.43997914 0.11079732
v 0.55029607 0.46475005 -0.21261644
v 0.51488990 0.43082634 -0.38444543
v -0.51784104 0.43303573 -0.27837437
v -0.35408938 -0.34882054 0.26172581
v -0.42354238 0.10385164 0.31408033
v 0.35074121 0.42880389 -0.63032329
v -0.17689982 0.45175013 -0.54584223
v 0.12890536 0.46311256 -0.40535852
v -0.55180585 0.46603665 -0.18256159
v -0.35150933 0.41524753 -0.13221863
v -0.29062968 0.46389660 -0.48932326
v -0.32421225 -0.33701530 -0.22241770
v -0.18282817 0.46998942 -0.52030152
v -0.50630647 0.43196002 0.37111545
v 0.54250807 0.43180904 0.31675896
v -0.60186183 0.44595754 -0.03760641
v 0.30566278 0.04981700 0.39967817
v 0.59240955 0.42317536 0.10445995
v -0.52734846 0.46716037 -0.22954334
v 0.12711097 0.45341203 0.47867349
v -0.39330921 0.45792842 -0.42122555
v -0.53377306 0.41951564 -0.23923525
v -0.12576446 -0.21321684 0.46769118
v 0.00560958 0.45109099 -0.57083815
v 0.26410973 0.46202967 -0.62451160
v 0.17965788 -0.47244868 -0.11569426
v 0.09501263 0.45181102 0.49144110
v -0.56513715 0.46795031 -0.13887794
v -0.44682801 0.44705701 0.44735399
v 0.09787854 0.45287150 -0.59256417
v -0.52600437 0.39044335 0.26531219
v 0.56927299 0.42172053 -0.14214729
v -0.07169706 0.45132342 0.63643867
v -0.32280862 0.36441222 0.49829650
v -0.59575558 0.45961273 -0.03152369
v 0.53934026 0.46212620 -0.25176910
v 0.55811226 0.45121416 0.29292020
v -0.37584144 0.46276742 0.51044089
v 0.56274533 0.43032011 -0.18658745
v 0.51816225 0.44431284 -0.54239249
v 0.59332538 0.43971294 -0.10866380
v 0.41145688 -0.32668102 0.08993635
v 0.55397850 0.44594857 -0.22435722
v 0.33134019 0.43302330 0.55782390
v -0.52757686 0.38140613 -0.14278114
v -0.40669802 0.45846337 -0.40886027
v 0.06255459 0.42700651 -0.57304066
v 0.54831386 0.46180761 -0.22516026
v 0.09631200 0.43302399 0.64495999
v 0.15420741 0.42973444 -0.59450680
v 0.37183756 0.38158244 -0.39387721
v 0.05578755 0.37765431 0.59721518
v -0.56870413 0.47076681 0.09718390
v -0.47901791 0.43446782 -0.33487713
v -0.05215176 0.46799523 -0.55397016
v 0.16761792 -0.34920549 0.41961384
v 0.32202962 0.44286343 -0.63711894
v 0.02370959 0.41450471 0.45426956
v 0.36741543 0.45381764 -0.64732951
v -0.46934241 0.46409833 -0.32991266
v 0.58441949 0.46353909 0.20162708
v 0.08338840 0.44594800 -0.58819699
v -0.22055295 0.37564391 0.55749142
v 0.52882069 0.42620862 -0.27673650
v 0.58064491 0.43511868 0.23345529
v 0.49201939 0.48231393 -0.54257947
v 0.51400274 0.46862707 -0.48220000
v -0.15999486 0.46200836 0.58840585
v 0.60740292 0.45353639 0.02023300
v -0.43855333 0.44557825 0.45804250
v 0.59836972 0.46428537 -0.04456417
v -0.43723279 0.06254322 0.25632182
v -0.58284330 0.44698223 0.22803889
v 0.51639026 0.43229851 -0.40627491
v -0.46799493 0.46436116 0.36235330
v 0.53084654 0.45061368 -0.28617758
v 0.03233138 -0.22813609 -0.38687330
v -0.31141511 0.46686962 -0.47268867
v 0.39573571 0.44689164 -0.14430331
v -0.53869414 0.46590990 -0.21263885
v 0.25125390 0.44382906 -0.62322313
v -0.58595061 0.44984227 -0.12208802
v -0.25492707 0.42197564 0.59696794
v 0.59698111 0.46364713 0.12298847
v 0.07169218 0.36057216 -0.48966125
v 0.59391862 0.46286741 -0.08341093
v 0.56364739 0.42450106 -0.16985410
v 0.36790103 0.44553390 0.52981210
v -0.22766677 0.28899935 0.53488111
v 0.52523172 0.46536440 -0.27721074
v 0.10945140 0.44987509 0.63619512
v 0.59403008 0.43337226 -0.08921257
v -0.57483852 0.46607408 0.21437334
v 0.33444712 0.48083311 -0.60494715
v 0.32370362 0.36462367 -0.40173998
v 0.37328765 0.47213253 -0.63244486
v -0.13010126 0.36191925 0.58224070
v 0.03506220 -0.43892765 -0.29731819
v -0.36784443 0.41671041 0.51971900
v 0.15959696 0.41524106 0.62291968
v 0.36507916 0.28911111 0.43186340
v -0.59619778 0.41954276 0.01370006
v -0.58285600 0.41882560 -0.11194713
v 0.59278321 0.42280111 -0.01230124
v -0.48104769 0.41616616 0.39243469
v -0.54349822 0.35912824 -0.04837760
v 0.58444995 0.42259380 -0.09082354
v -0.53281778 0.45878705 -0.24024484
v -0.43548477 0.46086290 0.36929694
v 0.48949420 0.47533819 -0.39978760
v -0.17484131 0.47026530 -0.40279973
v 0.30353889 0.46477392 -0.63256890
v 0.11655794 0.42404693 -0.57928938
v -0.54171914 0.46720213 -0.20083568
v -0.53209192 0.46586764 0.30230963
v -0.37537763 0.36747247 0.45693588
v -0.34392413 0.45001376 0.54663855
v 0.23082809 0.45707425 0.58297420
v -0.12951134 0.45871556 -0.55321836
v -0.56894255 0.43180460 0.26493815
v -0.46101233 0.37794027 -0.27067199
v 0.20942791 0.42171556 0.39785922
v 0.59215045 0.43495980 0.18122879
v -0.26555100 0.44594800 -0.50994599
v -0.23835099 0.44438207 0.60568494
v 0.28057209 0.43461439 0.58449560
v -0.31246650 0.38602629 0.51715696
v 0.27065986 0.43101677 -0.61839879
v -0.09112947 0.44595125 -0.56401896
v 0.19558585 -0.40162027 -0.28564197
v 0.50843930 0.42977691 -0.50313425
v 0.47236413 0.38064152 -0.25816575
v 0.06408677 0.41459748 0.44082603
v -0.35019439 0.36221969 -0.38180286
v -0.30326065 0.44727725 -0.48987538
v -0.07453990 0.45949265 0.60599023
v -0.37373868 -0.42206848 0.05757319
v 0.43977642 -0.13897870 -0.02228382
v 0.23925912 0.44315192 -0.62069488
v 0.42593977 0.43246159 -0.63306582
v -0.59367299 0.43296108 0.18151286
v -0.29412964 0.38831332 0.53101122
v -0.55557609 0.44238341 -0.21292996
v 0.32875815 0.46206117 -0.63774854
v -0.57621014 0.41501090 0.20840207
v -0.59345627 0.44594005 0.18396856
v 0.55591530 0.47019151 -0.14264837
v 0.18660255 0.46546742 -0.60697049
v -0.49211481 0.37607503 0.30923831
v 0.59282088 0.42269686 -0.03804861
v -0.44969866 0.45739937 0.42947015
v -0.10153201 0.46882015 -0.42962962
v -0.50830138 0.38062194 -0.19157343
v 0.51717156 0.41493365 -0.29344776
v 0.20984943 0.38276365 -0.48639277
v 0.46979418 0.42881459 0.43415785
v -0.34371680 0.42881089 0.54911381
v -0.49748847 0.41543999 0.36684310
v 0.38095173 0.37634185 -0.36503214
v 0.51675916 0.43337744 -0.36143258
v -0.04584717 0.42806026 0.64832765
v 0.45115545 0.46968174 0.32347834
v -0.23871182 0.41697389 0.59942168
v 0.49689260 0.45887220 -0.60628217
v 0.39286435 0.36575744 0.42541215
v -0.19965930 -0.45831519 0.30006179
v -0.59690410 0.44994313 0.16594741
v 0.52213401 0.45885301 0.34247801
v 0.25020772 0.46567529 -0.62033528
v 0.45967597 0.37213439 -0.25773934
v -0.50866038 0.38329214 0.28793406
v 0.46931344 0.23904006 -0.15851897
v -0.32847691 0.46090117 0.54625744
v -0.51914907 0.46316779 0.32964388
v 0.53100890 0.37029076 -0.01459842
v -0.14043821 -0.43661433 0.37495396
v 0.35519272 0.37642378 -0.39086750
v -0.17465709 0.44774985 0.62699968
v 0.25439537 -0.47031114 0.17540710
v 0.42391557 0.46978447 -0.20518366
v 0.08467739 0.42211407 0.45324388
v -0.25896057 0.40755188 -0.26149589
v 0.60740221 0.45354274 0.04608030
v 0.48758325 0.44625002 -0.61153448
v 0.41863328 0.35125545 -0.30276889
v -0.49376899 0.46962219 -0.25819394
v 0.46006617 0.47073492 0.36643076
v -0.08267327 0.36207548 0.59166473
v -0.01072644 0.45380631 -0.44291621
v 0.51314133 0.46802908 -0.46278441
v 0.01858272 0.42986789 -0.56729704
v 0.30126542 0.36261761 -0.41549146
v -0.60729665 0.44083738 0.08489799
v -0.45790094 0.43203735 0.43908411
v 0.57041109 0.47039714 0.13810754
v 0.43178722 0.22536592 -0.23051544
v -0.31178522 0.41812432 0.56279063
v -0.20652106 0.40671685 -0.27864438
v -0.37469932 0.46656901 0.46776894
v -0.59040171 0.46708569 0.12367380
v -0.54100674 0.45834741 -0.22564451
v 0.11658705 0.38372111 -0.51535928
v -0.54670441 0.41755891 -0.20824623
v 0.31645516 -0.40513229 0.25301519
v -0.30072239 0.30024174 0.49852198
v -0.20321965 0.46257481 0.58204818
v 0.60100293 0.43302244 -0.01226012
v 0.04462354 0.45189062 0.63811493
v -0.13287491 -0.48198864 0.27661821
v -0.13548873 0.43837729 -0.55555159
v 0.46857211 0.46142274 0.42074668
v -0.00685821 0.45257190 -0.56663054
v 0.55376774 0.44431067 0.30204642
v 0.57162642 0.41569126 -0.10141455
v 0.52065021 0.38824695 -0.14204358
v -0.40161681 0.40896559 -0.01215886
v 0.49022418 0.34440708 -0.16637568
v 0.44897023 0.44508857 -0.63531888
v 0.01663796 0.43973088 0.50944102
v -0.55363303 0.37799805 0.00138571
v -0.42668962 0.45618293 0.46174750
v -0.13695471 -0.45370224 -0.26044452
v -0.52018851 0.41751450 -0.25891554
v 0.32291406 0.37690783 -0.41630450
v -0.48488352 0.38537905 -0.24556892
v -0.41790113 0.41931507 -0.39722645
v 0.16482174 0.45885608 0.59860522
v -0.57570970 0.42156592 -0.14175569
v -0.29874614 0.43183172 -0.49151835
v 0.26282534 0.36641020 -0.43733451
v -0.00107971 0.45766422 0.60905200
v 0.27248964 -0.37010568 -0.25049919
v 0.09007985 0.37682483 -0.49800846
v -0.50759226 0.45518488 0.36006662
v 0.54491431 0.47048742 0.23540141
v -0.23897435 0.46427828 -0.51511598
v 0.43498442 0.37902132 -0.31307775
v -0.54584259 0.47013023 -0.15441664
v 0.23319115 0.38421392 0.55698693
v 0.35776773 0.38179025 -0.40872490
v 0.53638297 0.46005201 0.31873700
v 0.18613197 0.35780799 -0.46086907
v -0.29641518 -0.12996255 -0.30749097
v 0.55598730 0.43144128 0.29085639
v -0.58680999 0.46684247 -0.02214365
v 0.51712930 0.46423161 -0.44492942
v -0.60040098 0.45840800 0.04608030
v 0.53734541 0.37341565 0.05142226
v -0.47773626 0.45427403 0.12802748
v 0.54490322 0.47032937 -0.16768026
v 0.44992104 0.43302175 0.45749161
v 0.26165026 0.43272546 0.59319949
v 0.52073008 0.42921901 -0.30295208
v -0.27424285 0.46901876 -0.48540151
v -0.43324414 0.43200836 0.46577856
v -0.38763955 -0.39417693 0.12495267
v 0.51759821 0.45565733 -0.34154254
v -0.56200778 0.46007001 -0.17301308
v 0.52848727 0.38205096 0.18204707
v 0.41560772 0.10290741 0.30423298
v 0.24700414 0.05154522 0.44963047
v -0.55134058 0.45187154 0.29194170
v 0.49229205 0.40214697 -0.32467157
v 0.59513068 0.42767450 -0.07012327
v -0.25854591 0.40888703 0.38294020
v 0.01226106 0.37811556 -0.50065601
v -0.00250784 0.42713112 0.49637091
v 0.36784750 -0.39560661 0.16633868
v 0.36937469 -0.40626025 0.13668010
v 0.47100249 0.37162009 -0.23372333
v -0.21426481 0.45099691 -0.53409976
v -0.41972300 0.45462900 0.47139400
v 0.46361813 0.48444721 -0.58007270
v 0.56973672 0.42145813 0.23457536
v 0.51447427 0.44088832 0.36695528
v -0.00799249 0.37933114 0.60087794
v 0.38972762 -0.19695915 -0.14835443
v 0.16060419 0.37423480 -0.47793919
v -0.32881200 0.45808399 -0.46999699
v 0.12243588 0.44936278 0.63387865
v 0.33815932 0.47013819 -0.33531076
v 0.34541720 0.45961177 -0.31013942
v -0.19107522 0.39281103 0.58367962
v 0.09108298 0.41460997 0.42872798
v 0.45451045 0.41494536 0.43509877
v 0.19122122 0.41464728 0.37933224
v 0.43101919 0.42945167 0.47715342
v -0.50709075 0.34932637 0.26546645
v 0.05121919 0.43302444 0.64611232
v 0.44118562 0.46486157 0.44723472
v -0.14944135 0.42839104 -0.54841202
v 0.34142715 0.37467805 -0.39936671
v 0.30234435 0.44201881 -0.31007549
v 0.60099202 0.45887101 0.09777500
v 0.25630209 0.41493919 0.36317971
v 0.11463875 -0.48287562 0.27485982
v 0.35325322 0.46986219 0.47417355
v -0.37362230 0.37221199 -0.36436000
v 0.51469499 0.46329993 -0.39805520
v 0.41366047 0.47039697 0.44083789
v 0.54490501 0.45937100 -0.23719200
v -0.54507792 0.44883031 0.30485567
v 0.51855439 0.36101654 0.18466589
v 0.53057611 0.38122514 -0.06245339
v 0.60740185 0.45354390 0.03315673
v -0.27859294 0.08804741 0.45237219
v -0.20102395 0.46697420 -0.52543718
v -0.42172366 0.46797884 -0.37374595
v -0.21234781 0.46539906 0.53243005
v -0.11712822 0.43304291 0.64576793
v 0.41840357 0.36979204 -0.31709954
v 0.49096295 0.47021708 -0.30348206
v 0.03046799 0.46716148 -0.56485116
v 0.33566347 0.41172332 -0.59839737
v -0.54772437 0.35831594 0.09838346
v -0.45902401 0.44575700 0.43338001
v 0.50418210 0.47736722 -0.58722860
v 0.14299001 -0.06099125 0.47364792
v 0.49855182 0.46926025 -0.04530470
v -0.58470917 0.41761121 0.18194951
v 0.48210889 0.45751181 -0.61818445
v -0.16237362 0.44126412 -0.54928321
v 0.40465012 0.46963999 -0.24339469
v -0.18236132 0.45650971 0.61015850
v -0.03984161 0.40934688 -0.34901208
v -0.42553681 0.15918148 0.33410221
v -0.54585463 0.43056417 0.30545813
v -0.47842169 0.44594696 0.40776357
v 0.29273957 0.47070795 -0.36486763
v -0.38969278 0.46555492 0.48650599
v -0.30705377 0.46758372 0.50556630
v -0.32745832 0.43203849 0.37611005
v -0.59785146 0.46337461 0.11083924
v 0.59589505 0.46455601 -0.05728975
v 0.04398952 0.46868178 -0.45553419
v 0.51759106 0.47032189 -0.24412283
v 0.59614575 0.46285260 0.13672860
v -0.42381093 0.38393199 0.41760024
v 0.08033842 0.20151947 0.55252731
v -0.13780098 0.46665862 -0.40819266
v 0.49242264 0.48296243 -0.56927204
v -0.32867643 0.41222885 0.27996734
v 0.49263456 0.46984729 0.35001007
v -0.18270545 0.40824014 -0.29135510
v -0.21332997 0.43301871 0.62013716
v 0.19953614 0.44297680 -0.61218590
v 0.14380853 0.41687226 0.62807471
v 0.56809056 0.44458777 -0.18619375
v 0.60635793 0.44835490 0.08368324
v 0.34964630 -0.38712972 -0.12147915
v 0.56294757 0.47059792 0.03771729
v 0.49636495 0.47599471 -0.59988898
v 0.59096354 0.45703796 -0.10838321
v 0.41101512 0.38012847 -0.34648353
v 0.59978712 0.46182248 0.07193042
v 0.05754080 0.45507768 0.63196349
v 0.21234077 0.47780511 -0.57876647
v 0.56816018 0.43345642 0.26561421
v 0.58756095 0.46289793 0.17537302
v -0.48135579 0.46245125 -0.31541058
v 0.51950788 0.46324658 -0.50962192
v 0.52796197 0.43302941 0.34215793
v 0.20692644 0.20426477 0.51479399
v -0.37698486 -0.37503913 -0.10908842
v 0.11612264 0.42581752 -0.35998410
v -0.36738002 0.45961329 -0.44133210
v -0.00704224 0.41622344 0.64020681
v 0.48478776 0.37888205 -0.21978085
v 0.46847224 0.45008758 0.43455142
v 0.36968610 0.41473064 0.09441465
v -0.46759528 0.44511145 0.42357647
v 0.51710308 0.46313372 -0.30341312
v 0.24537915 0.37665960 -0.45511621
v 0.13192478 0.43145746 -0.59154928
v 0.20076688 0.37398753 -0.46581012
v -0.09006679 0.38410816 0.60212499
v -0.14755718 0.40792912 0.41206905
v 0.56502056 0.45744911 -0.18533596
v 0.17418285 0.43785453 0.62644392
v 0.28307906 0.37585598 0.52109832
v -0.36492249 0.40689465 0.17313081
v 0.21247333 0.43034384 -0.60663694
v -0.00719488 0.45120719 0.63691092
v 0.32519683 0.35637239 0.48591644
v 0.51650447 0.44556275 -0.56144005
v -0.35413599 0.44486251 0.54095960
v -0.38013113 0.41313717 -0.41696203
v -0.07174416 0.46307904 -0.55950242
v 0.45823613 0.38010648 -0.28032336
v -0.51686752 0.43212608 0.35585728
v 0.40197381 0.41960233 0.49707195
v 0.34790233 -0.41386768 -0.08390206
v 0.24458532 0.46089903 -0.35270593
v 0.51828396 0.43010318 0.35664314
v 0.56958699 0.47049865 0.09630272
v -0.18185137 0.29648837 -0.45844579
v 0.35472938 0.43151554 0.54405850
v -0.40186843 0.46455729 0.47199208
v -0.33831662 0.46902007 0.50461620
v -0.52355069 0.42961368 0.34366867
v 0.50801992 0.43149072 -0.52931505
v 0.17819805 0.46744347 0.54469198
v 0.48032001 0.42479989 -0.58129585
v -0.34958476 0.40673932 -0.10126361
v -0.50251937 0.46634746 0.17392500
v -0.39517370 0.42907792 -0.42585123
v 0.04992171 0.41759503 0.46128151
v 0.28975219 0.46514273 0.42753103
v 0.53309149 0.41807896 0.31396368
v -0.30257699 0.45556724 0.56551605
v 0.58004010 0.45859474 0.22832276
v -0.21016061 0.45541489 0.45795780
v 0.42793280 0.34386727 0.37761700
v 0.44413301 0.42407799 0.45839700
v 0.50350130 0.38498452 0.27375528
v 0.25289166 -0.44959837 -0.16272272
v 0.50608104 0.44341725 -0.58760536
v -0.29496107 0.36416879 0.51568413
v -0.03973635 0.37925434 0.60044783
v 0.40135664 0.35110316 -0.32285649
v -0.55871677 0.38417178 0.07214615
v 0.17681074 0.41761079 -0.31066173
v -0.56435621 0.47055519 0.02433697
v 0.41491184 0.41486236 -0.60106975
v 0.46249083 0.42670935 -0.60487247
v 0.28806648 0.41688854 0.57308066
v -0.57220346 0.45138901 0.25465402
v -0.26485646 0.46432808 -0.50210780
v -0.19763105 0.44594544 -0.54010278
v 0.00266157 0.42671829 -0.40135324
v -0.02000601 0.46305597 -0.55985600
v -0.28479147 0.40638992 0.34427080
v -0.13651052 0.44977486 0.63562149
v -0.47453836 0.45381382 0.40504038
v 0.53083843 0.46989107 -0.21979317
v -0.55959100 0.45684800 -0.18654600
v 0.50545949 0.41504085 0.35572514
v 0.45873293 0.38411307 0.35967314
v -0.54605538 0.47099477 -0.05400337
v 0.42585537 0.45066965 0.48190674
v 0.51995391 0.46366385 -0.53549391
v -0.31057006 0.44495317 0.56846869
v 0.52717054 0.37502360 0.16064845
v 0.46735784 0.41599667 0.42104912
v -0.05055222 0.20543669 -0.46190208
v 0.11666919 0.46026748 0.50570601
v 0.33720094 0.38200101 -0.42701724
v -0.60130697 0.45887101 0.08485140
v 0.54193479 0.38231111 0.02753233
v 0.51548237 0.37390867 0.20796280
v -0.54318643 0.47096595 0.21548550
v 0.38130844 0.10778717 -0.24773750
v -0.01996656 0.45089269 0.63744670
v 0.01741528 0.41717178 -0.36997539
v 0.24008785 0.47042251 -0.38372454
v 0.46812403 0.37949213 0.33410516
v -0.59596169 0.41935030 0.07845912
v 0.39035645 0.46882895 0.38649750
v 0.31501022 0.27843976 -0.38139254
v -0.57393473 0.42719549 -0.16318087
v 0.31345338 0.45127508 0.55776107
v -0.19693185 0.39447242 -0.48608458
v 0.39578909 0.42809117 0.51118082
v 0.60528499 0.44594800 0.09777500
v -0.36711755 0.44594657 -0.44914958
v 0.55795127 0.45189506 -0.21425432
v -0.37712544 0.47027543 -0.40316164
v 0.03814337 0.41636112 0.63920194
v -0.50484496 0.13724893 0.02324855
v 0.11181931 0.41741702 -0.33705786
v -0.48124653 0.41787586 -0.31929287
v 0.35638091 0.44819495 0.53487068
v 0.36083269 0.46552244 0.38965487
v 0.13247310 -0.39623949 0.41640821
v 0.27046919 0.46428463 -0.34710810
v 0.11567865 0.41759416 0.63560879
v -0.49831101 0.45651501 0.36903700
v 0.37348258 0.42925790 -0.63379365
v -0.18960933 -0.24651243 0.43566221
v -0.60327804 0.43011791 0.06364267
v -0.03243852 0.40632331 -0.32208452
v 0.51619548 0.45890713 -0.57477230
v 0.02445713 0.45346886 0.53016710
v -0.46456891 0.42948920 -0.35311389
v -0.05528092 0.40742838 0.63328105
v 0.30677590 0.37826297 -0.42987019
v -0.21980731 -0.41107929 0.35864899
v -0.28404889 0.38323149 -0.43670076
v -0.31227604 0.44857460 0.40072569
v 0.54259211 0.38510853 0.11695129
v 0.38391352 0.16356510 -0.26758322
v 0.44492653 0.43520734 -0.62945604
v -0.58514720 0.41664681 -0.09051868
v -0.32721445 0.47036016 -0.44257224
v -0.51661897 0.37621212 -0.16562870
v 0.03067600 0.46011001 -0.57242602
v 0.22213787 0.41791630 0.60509706
v -0.40056103 0.36907780 -0.33910778
v -0.00235923 0.40955746 0.09769968
v -0.35356650 0.38810295 -0.39486140
v -0.53334171 0.41722289 0.31206030
v 0.10881134 0.46253878 -0.59189451
v -0.46703422 0.41692895 -0.33632162
v -0.28436562 0.40666008 -0.23051167
v 0.22155529 -0.47265658 -0.06778366
v 0.26673096 0.25797272 -0.40776256
v 0.52829880 0.38368240 -0.08916508
v -0.06477113 -0.20190845 0.48322779
v -0.22783695 0.22517090 0.51826555
v 0.21942201 -0.45163506 -0.18471004
v 0.34533897 0.46778837 0.40773025
v -0.55313790 0.38027015 -0.02453742
v -0.01177576 -0.02427289 -0.41672802
v 0.42566842 0.40211391 -0.50058526
v -0.40036243 0.46314907 0.42803383
v 0.52219296 0.44843295 0.35176340
v 0.54276145 0.43263781 -0.24525762
v 0.33434072 0.41568562 0.21528119
v 0.05001798 0.47109243 -0.55863672
v 0.51976943 0.41821137 0.33898076
v -0.38610896 0.41196775 0.14875527
v -0.11201466 0.46148196 0.54825526
v -0.10486048 -0.38551953 0.43398190
v -0.41671011 0.41711640 0.47215584
v 0.59264159 0.42288411 0.05266227
v -0.10249766 0.39213902 -0.50635213
v 0.05739013 0.46556225 -0.57543021
v 0.27533203 0.16530298 -0.37653610
v -0.40666503 0.40698212 0.07647279
v 0.50487846 0.43197390 -0.55578387
v 0.55701393 0.42815503 -0.19999164
v -0.14949638 0.41910276 0.63573134
v 0.36783871 0.48278916 -0.59749496
v -0.03279829 0.39576575 -0.51413715
v -0.55247176 0.47068244 -0.01917720
v 0.06504374 0.41730925 -0.34766385
v -0.47587699 0.20388913 -0.16314930
v 0.08955413 0.41663542 0.63776451
v -0.08042866 0.41604918 0.64153874
v -0.36474532 0.40686032 -0.07583081
v -0.28048408 0.42076451 -0.49310553
v 0.34192750 0.43424341 -0.19557251
v -0.49307668 0.44744968 0.04646668
v -0.45880365 0.41745159 0.42671916
v -0.58191484 0.46217293 -0.10926118
v -0.01035054 0.41135749 -0.28738335
v -0.12571335 0.45573968 0.49485812
v -0.25166544 0.45637774 0.44389275
v -0.28600642 0.39656961 -0.45098564
v 0.18022831 0.45333254 0.45304662
v -0.52508891 0.44929162 -0.26246080
v 0.45037097 -0.07971720 -0.00896644
v 0.52670717 0.46702918 0.31822383
v 0.39399791 0.45039189 0.50811261
v -0.54423475 0.46970710 0.24793559
v -0.59392357 0.41747743 0.04599033
v -0.27766591 0.47000057 -0.35329497
v -0.54117137 0.43949589 0.31576860
v -0.38121256 0.41671062 0.50714189
v 0.29980600 -0.45947084 0.13870378
v -0.37110788 -0.39207110 0.20040360
v 0.03851508 0.37695602 -0.50254458
v 0.18653171 0.37762848 -0.47447234
v -0.58435643 0.46419370 0.18832734
v -0.57072860 0.47029540 0.05813854
v 0.14253482 0.41830882 0.42200357
v -0.49052873 0.43227589 0.39393115
v 0.50456196 0.46783671 -0.00623373
v 0.51259100 0.27450326 -0.04053419
v 0.32559422 -0.39079764 -0.15830290
v -0.38909715 0.45387650 0.36974600
v -0.55771255 0.38277686 0.03216630
v -0.39403355 0.46984923 -0.30097774
v 0.53403455 0.45265067 -0.27747524
v -0.04891159 0.45729545 0.53211671
v 0.35651651 0.41794112 -0.12139280
v -0.40960324 0.43298739 -0.41406995
v -0.15386449 0.05357508 -0.39644304
v 0.01546629 0.46775880 -0.46480620
v 0.55337793 0.43405497 -0.21881838
v 0.47317231 0.36553055 0.31107375
v -0.56029308 0.40541574 -0.12621363
v 0.15431972 0.47073936 -0.42836121
v -0.57227319 0.46466678 0.22827896
v -0.11322049 0.37397045 -0.48963994
v 0.54543036 0.38607344 0.09319859
v -0.35633197 0.45222384 0.38771832
v 0.40657964 0.45733637 -0.64654332
v 0.07038841 0.46538031 -0.58120143
v 0.33024836 0.41608784 0.54891580
v -0.59671342 0.42629784 -0.07195880
v 0.38690689 -0.05570783 -0.19700962
v 0.50967282 0.46447098 0.35195813
v 0.28492495 -0.46773508 -0.00935371
v 0.15811935 -0.17345914 -0.36974004
v 0.43337086 0.48363084 -0.61212361
v 0.49509281 0.28256643 -0.11620594
v 0.15957341 0.25011879 -0.44586352
v -0.23522444 0.41325998 -0.28028974
v 0.35638979 0.45246336 -0.64501655
v -0.55110729 0.38861692 0.16706035
v -0.04629945 0.37306517 -0.49669454
v -0.51540357 0.27418578 -0.09038644
v -0.49174428 0.46941957 0.31151974
v -0.30594835 0.42817679 0.57370603
v 0.56644487 0.46811557 0.22706045
v -0.00773809 0.45696703 0.55890709
v 0.51681823 0.46364692 -0.43200600
v 0.21252625 0.02814628 -0.37567243
v -0.44938374 -0.14185527 0.12246097
v -0.10595365 0.41093928 0.63478971
v 0.22598124 0.45328122 -0.61961913
v 0.40647548 0.47221571 -0.63546276
v -0.53247601 0.44903633 0.32681525
v -0.05877217 0.45122078 0.63662511
v -0.27101603 0.38711551 0.54242611
v -0.16263783 0.39112952 -0.49286178
v -0.55557066 0.38775060 0.13654399
v 0.34703955 -0.43473360 -0.00405142
v -0.50119269 0.46989179 0.28398809
v 0.46023712 0.46964592 -0.12907076
v -0.35821488 0.45751420 0.53101200
v 0.30386132 0.41632032 0.56419235
v -0.51687956 0.44755864 -0.27558342
v -0.35570592 0.44150192 0.36399299
v 0.39015761 0.36317331 -0.33998460
v -0.40320665 0.47028634 -0.37568635
v -0.34851089 0.28516281 0.45891884
v 0.40770864 0.45567477 0.49010834
v 0.58024555 0.43322912 -0.14201729
v -0.53194362 0.37310687 -0.11379023
v 0.37849018 0.47043255 -0.31989300
v 0.56620055 0.46642515 -0.16103424
v -0.52076274 0.46367410 -0.25211483
v 0.43129432 0.41395560 0.45846871
v 0.44998032 0.35134870 -0.25714049
v 0.28056103 0.35034361 -0.42472959
v 0.21202554 -0.42792189 -0.25059754
v 0.45326537 0.47387928 -0.62995529
v 0.01286842 0.44482300 -0.42484939
v -0.18615748 -0.46460748 -0.19880077
v 0.30235660 -0.34516010 -0.22837719
v -0.52098817 0.45094827 0.34487486
v 0.46238944 0.44368172 -0.01886990
v -0.09082581 -0.48206002 0.29811817
v 0.31356797 0.42408279 0.34675148
v 0.23355648 0.39853713 -0.56267959
v 0.42306930 0.42140839 -0.02604085
v 0.51627237 0.43236080 -0.41920114
v 0.07274920 -0.36598116 0.43926877
v -0.28329119 -0.41733310 0.29435804
v 0.32556507 -0.29406670 -0.21792427
v -0.28623560 0.41264704 -0.26103926
v 0.09840898 -0.41635996 0.40916163
v 0.60731655 0.44961369 -0.00561952
v -0.48174259 0.44801012 0.08264022
v 0.46931285 0.38765439 -0.30894208
v 0.56812638 0.44605273 0.27291569
v -0.12538293 0.40665892 -0.29887831
v 0.32357448 0.33213696 -0.39159951
v 0.18849240 0.05211103 0.47224858
v 0.26288432 0.42373496 -0.30431598
v 0.11653120 0.47330621 -0.56966412
v 0.13825980 -0.42187750 -0.29566717
v -0.18572794 0.41876054 -0.52931774
v -0.45079958 0.38917017 0.39106065
v 0.21275830 0.42917269 0.61293870
v 0.16291024 -0.03362823 -0.38649181
v 0.03167822 0.45204329 0.63814688
v 0.30374527 0.44055584 -0.63249332
v -0.54718709 0.41654503 0.28684500
v -0.30796209 -0.42724293 -0.15044165
v -0.28500006 0.44410011 -0.29589275
v -0.58167297 0.44088113 -0.14684208
v -0.07722910 0.27995056 -0.47793075
v -0.47049981 0.46204045 0.22082920
v 0.59630716 0.45643750 0.16266757
v -0.17862064 0.40615776 0.39656571
v -0.60612744 0.44594806 0.03962566
v -0.22685063 0.46771422 -0.51322150
v 0.35164309 0.37486982 0.46999970
v 0.38083369 -0.38184750 -0.02141889
v 0.09266821 -0.43373296 -0.29495600
v -0.26496124 0.41700897 0.58640397
v 0.30343109 0.38214824 -0.45037377
v 0.37354308 0.37887257 -0.37907636
v -0.14693655 -0.39693645 0.40969050
v -0.34370539 -0.43540767 0.14673942
v -0.59930670 0.46103251 0.05913685
v 0.41873154 0.46481892 0.35842395
v -0.27613339 -0.15527259 0.40638143
v -0.35015354 0.47019523 -0.42884296
v 0.59931427 0.42920810 0.02023297
v -0.15232354 0.36533517 0.57733810
v -0.39620611 0.45185462 0.32149336
v 0.56865239 0.47040331 -0.07754108
v -0.02750124 -0.48320854 0.02999832
v 0.01870387 0.45203957 0.63799572
v 0.38609892 0.46924713 -0.27816924
v 0.26023811 0.46497935 0.44405094
v -0.27249265 -0.47592494 0.00689132
v -0.00020204 0.42087820 -0.55340368
v 0.37576550 -0.41075391 0.09331548
v 0.24487500 0.38243964 -0.47341231
v 0.23847200 0.43302399 0.60314000
v -0.49779633 0.43000495 0.38244706
v 0.03169370 0.44594800 -0.57693601
v 0.20664862 0.46308577 0.46742332
v -0.20596556 0.46982527 -0.38468981
v 0.14333794 -0.44836473 -0.24947228
v 0.46598765 0.46022236 -0.06299137
v -0.18616855 0.43261752 0.42636818
v 0.43679246 -0.18959753 0.06959081
v 0.44709611 0.38817909 0.38606027
v -0.42687938 0.46553439 -0.27301896
v 0.25509587 0.46885332 0.50345910
v 0.27423406 0.11494061 0.45084396
v -0.54213333 0.39332950 0.22635019
v -0.51480722 0.46877620 -0.08752728
v -0.01219742 0.40908533 0.43592787
v 0.24167135 0.41874239 0.37992078
v -0.04618439 0.47012210 -0.46363389
v -0.43377888 0.36222696 0.39345419
v -0.41472852 -0.20029995 -0.11583667
v 0.50235981 0.42119262 0.37558740
v -0.59090197 0.43302399 -0.10900400
v -0.27111328 -0.47510070 0.11654259
v -0.53215760 0.46703452 0.00727798
v 0.47179213 0.39525950 -0.35660401
v 0.42547184 0.47369817 -0.63496673
v -0.43044245 0.41520932 -0.37733689
v -0.54663545 0.38624695 -0.09451629
v 0.40646935 0.05150079 -0.18481763
v -0.56172109 0.46154904 0.25897753
v 0.56048447 0.45927843 0.27703631
v 0.51857585 0.45927307 -0.46449804
v 0.40031683 0.42963216 -0.63411289
v -0.25283718 0.46240312 -0.50917268
v -0.59786218 0.46254709 0.03310739
v 0.36679527 0.34957883 0.44780967
v -0.44686517 0.41588020 -0.35990593
v -0.07864740 0.36842877 -0.49352363
v 0.28291830 0.41762033 -0.22613601
v -0.08180045 -0.37681404 -0.34765390
v -0.36405790 -0.37122115 -0.14192571
v 0.54251808 0.38460153 0.00070590
v 0.29438978 -0.23870797 0.36390024
v 0.34396464 0.44600463 0.54586089
v 0.41654521 0.46591133 0.46711117
v 0.58069199 0.41499326 0.02543732
v -0.34311116 0.46116534 -0.45780116
v 0.26557529 -0.45494425 -0.11989900
v 0.54721111 0.39542228 0.16733797
v 0.52892244 0.37500864 -0.03842269
v 0.40517220 0.42306364 -0.06253246
v 0.38371912 0.47028592 0.45892435
v 0.47933802 0.46992278 -0.09472255
v 0.34927583 0.04849397 -0.25726667
v 0.60502875 0.44594669 -0.03825946
v 0.51648885 0.46306786 -0.41908449
v 0.52174187 0.28631786 0.09032083
v -0.05242154 0.42172420 -0.55323094
v -0.20107386 0.41544122 0.61290836
v -0.32654327 -0.29101160 0.32514182
v 0.37100747 0.43302053 0.53262311
v 0.53586489 0.41913712 -0.23785868
v -0.23289743 0.38934323 -0.46739456
v 0.21992026 0.28680784 0.53089422
v -0.07186382 0.47000915 -0.54235929
v 0.17941684 0.46217445 0.47890207
v 0.53381568 0.39184865 0.20924211
v -0.23517001 0.43692222 0.41350713
v 0.39526027 0.48097345 -0.61876792
v -0.60296011 0.43299729 -0.02476922
v -0.00426512 0.41016537 0.15593454
v -0.21875957 -0.46402866 -0.16347781
v 0.08599094 0.47064081 -0.45710099
v 0.37790617 0.41831651 -0.08944315
v 0.28633520 -0.15760668 0.38650778
v -0.23243847 0.40669188 -0.25931108
v -0.24394132 0.43963414 -0.30766517
v 0.32855958 -0.27816057 0.31904253
v 0.45145428 0.36230135 0.34705403
v -0.02698936 0.40586674 0.38428560
v -0.28601137 0.45570856 0.42631233
v 0.49898085 0.46871156 0.03260031
v -0.29825428 -0.45978940 0.15428232
v -0.44938672 0.46728748 -0.34609291
v 0.35430154 -0.18779020 0.30963254
v 0.03381355 -0.43149856 0.40495214
v -0.23970300 0.44594800 -0.52277601
v 0.22190562 -0.41034269 0.34727186
v 0.48211193 0.41710061 -0.45100456
v 0.60097629 0.43300220 0.07997680
v -0.52649254 0.47050005 0.26745680
v 0.45375943 0.46867892 0.41589072
v -0.48712772 0.44993797 0.39576837
v 0.42319050 0.40881518 -0.55606723
v 0.59932297 0.42922181 0.03315671
v 0.53884608 0.44593087 0.32650876
v -0.35934475 0.41653228 -0.44006634
v 0.27017665 0.30504125 -0.41871420
v 0.26994333 0.44594562 -0.62688828
v -0.26410186 0.44476858 0.59321326
v 0.41565499 0.41848347 0.48177040
v -0.00757651 0.40998292 0.27262220
v 0.05700534 0.45192492 -0.58322412
v -0.20721699 0.37971729 -0.46712244
v -0.15383843 -0.32273400 0.43637741
v -0.20696498 0.40703019 0.39426517
v 0.39884034 0.44243133 0.17803542
v 0.55705780 0.47043350 0.20760506
v -0.52196628 0.37788689 0.24566466
v 0.12353344 -0.45907256 0.34317940
v 0.00906748 0.06443551 -0.42401206
v 0.13676228 0.28600934 0.56152546
v -0.08429915 0.45491436 0.51037592
v -0.38080543 0.44803810 0.51788330
v 0.32711658 -0.43323746 0.17419961
v -0.58822334 0.46387801 0.17506666
v 0.21973097 0.41469169 0.37581643
v -0.37190604 -0.42517939 0.02059947
v 0.00518960 -0.47453436 0.33315477
v 0.48722845 0.47456908 -0.61085975
v -0.59888917 0.42934647 0.14959201
v -0.36777252 0.43165067 0.53085375
v 0.27985656 0.41451222 0.33591947
v -0.54162157 0.37259686 -0.07482091
v -0.06957526 -0.43220446 -0.30559766
v 0.06445493 -0.43822014 -0.29580420
v -0.09600080 0.42740810 0.64719081
v 0.18034494 0.41786575 0.40418145
v 0.19543166 0.46935242 -0.39173943
v -0.48572031 0.46877897 -0.19190063
v 0.29693535 0.34477502 0.50260907
v 0.07637716 0.47316518 -0.55514830
v -0.15436938 0.46203724 -0.54534346
v 0.51109564 0.46344754 -0.36098492
v -0.33828288 -0.44331300 -0.04798283
v 0.21598345 0.46817446 0.52847934
v -0.26601505 0.42975289 -0.50874603
v -0.19678535 0.43435058 -0.32043433
v -0.34383342 0.43193436 -0.46531779
v -0.60667133 0.44077793 0.09785303
v 0.43084949 0.46994507 0.42882428
v -0.54722267 0.42909783 -0.22825162
v 0.00063441 0.40975633 -0.05167802
v -0.32175231 0.36865577 -0.40304750
v 0.17251118 0.37561563 -0.47591218
v 0.50711012 0.45299345 0.37447849
v 0.50689119 0.27972502 0.16777632
v -0.02775466 0.10783295 0.53942758
v -0.46948135 0.43058300 0.42474869
v 0.48786774 0.45210844 0.40767866
v 0.06458826 0.45014191 0.50257945
v -0.01042186 0.40997487 0.32452780
v -0.17054546 0.46362171 0.53658855
v -0.24954066 0.04315403 -0.36718947
v -0.47347918 -0.02540803 0.01671844
v -0.13326031 0.39463970 -0.50442588
v 0.24163316 0.05082107 -0.35420850
v -0.40879938 0.45412591 -0.22099406
v 0.02588349 0.47143054 -0.54342425
v 0.51680207 0.38858384 0.24890859
v 0.50228703 0.38222426 -0.17919770
v -0.22986701 0.41950336 -0.51558250
v -0.19601898 0.37880403 0.56829286
v -0.44688797 0.38245538 -0.29655340
v 0.35038054 0.42557186 -0.15738644
v 0.39422879 0.00118223 -0.19763996
v -0.33823919 0.38601953 0.49970365
v 0.42972314 0.45177808 -0.09894533
v -0.15810664 0.47042710 -0.51986140
v -0.59418839 0.44555908 -0.08952538
v -0.42047793 0.43196455 0.47904009
v -0.40423477 0.41239077 0.11045553
v -0.40460449 -0.36726749 -0.02887251
v 0.51636040 0.25536346 0.01566333
v -0.17414588 -0.15270916 0.46059957
v 0.49779168 0.44976097 0.39297894
v 0.46109709 0.44523090 0.44489196
v 0.28704250 -0.39327052 -0.20629758
v -0.34563008 -0.28549802 -0.21546571
v -0.50627542 0.46970287 -0.14077768
v 0.36320725 0.34989557 -0.36130816
v -0.07527527 0.47018012 -0.44749042
v 0.50412208 0.36124519 -0.13414073
v -0.37189901 0.40653613 0.11820704
v 0.17847629 -0.39524108 0.38927323
v 0.14277968 0.46660751 0.56290281
v -0.33880928 0.41667411 -0.45511761
v 0.39053577 -0.38620061 0.06469402
v 0.30797568 0.41804466 -0.19925743
v -0.39087990 -0.28504655 0.22890836
v 0.35352540 -0.41558111 -0.04854449
v -0.11626875 0.38331851 0.59483039
v -0.52317595 0.46783206 0.12731130
v -0.34005257 0.05821503 -0.29268610
v 0.50753379 0.47684079 -0.52220809
v 0.26068529 0.41729015 0.58725363
v 0.31742612 0.41488504 0.25343490
v 0.28376439 0.42035478 0.36355725
v 0.04613861 0.44643545 -0.58064789
v -0.53628463 0.36565772 0.17725694
v -0.32008952 0.40831470 -0.17099096
v -0.18021707 -0.07726909 0.46918344
v 0.10618805 0.46482146 0.57546800
v -0.42290372 0.41376361 0.01269646
v -0.18735370 0.43852952 -0.54274046
v -0.01365900 0.46979815 -0.48265177
v 0.18792212 -0.29089022 0.42470494
v -0.35672489 0.47014225 -0.31904259
v -0.16559960 0.45493361 0.47570911
v -0.39356664 0.44828090 0.50538772
v -0.60395575 0.43301296 0.00087257
v 0.33055657 -0.16188164 -0.24946907
v -0.14577088 -0.46828020 -0.21057744
v 0.06394137 0.41679230 0.63856792
v -0.08475334 -0.28825802 0.46632972
v 0.10851383 -0.44342062 -0.27199000
v -0.54209805 0.44273925 -0.23832548
v -0.28537196 0.47048813 -0.45593056
v -0.32856342 0.41565356 0.54885221
v -0.50369149 0.43176046 -0.30105209
v 0.20244324 -0.36928737 -0.30064631
v 0.26407903 0.44755250 0.58482492
v 0.34461793 -0.02613141 -0.25727525
v -0.35071796 0.36040059 0.47636843
v 0.12409937 -0.37367490 -0.33839288
v -0.12485818 0.45950320 0.60785872
v 0.16770762 0.42153302 -0.33811232
v -0.35859224 -0.42875612 0.10190263
v -0.14328513 0.36844414 -0.48258361
v 0.29396707 -0.41893715 -0.16243507
v 0.46094865 -0.01004352 0.08354160
v -0.40777096 0.27718771 -0.30658641
v -0.00592014 0.44792545 0.52922636
v 0.12712581 -0.30079249 -0.35647053
v 0.39748389 0.38179109 -0.37084925
v 0.49014896 0.46977285 0.11655397
v 0.07676440 -0.37536204 -0.34584874
v 0.41432849 0.27134785 0.37146747
v 0.14730097 0.39324784 -0.54170841
v 0.46247214 0.46993703 0.27197078
v 0.31722444 0.05556072 -0.29386181
v 0.31055704 0.37722483 0.50584114
v 0.07049118 0.45145750 0.63799852
v 0.15851727 0.47609672 -0.54984379
v -0.05901949 0.06345814 -0.41951296
v 0.52074200 0.44594800 -0.47086599
v 0.26167279 0.46133035 0.55464303
v -0.46679282 0.45979896 0.38983306
v 0.26523194 -0.41254538 0.31419536
v 0.04475340 0.12050216 0.53734142
v 0.21503240 0.46050444 -0.36492965
v 0.50024700 0.17999698 0.00635986
v 0.46325609 0.48166490 -0.61507177
v 0.37819013 0.04831608 -0.22435655
v -0.09745158 0.46547231 -0.55534679
v -0.21404143 0.46566090 -0.52280647
v -0.16359483 0.42823848 0.63655156
v 0.54477048 0.47012365 0.26129463
v -0.43066761 0.05169146 -0.17646416
v 0.37831995 0.36574578 -0.35465989
v -0.20434479 -0.41536891 -0.27423647
v 0.09033150 0.42140630 -0.36287469
v 0.36280030 0.04951331 0.34541497
v 0.53967065 0.46600479 -0.23710625
v 0.22020915 -0.43959725 0.31391004
v -0.42695305 0.40937993 0.04547567
v 0.48836836 0.47188199 -0.34506613
v 0.38566157 0.41494834 0.05017852
v -0.02277023 -0.38315460 -0.35193697
v -0.42306072 0.45485058 0.27178100
v -0.31604102 0.38884720 -0.42159283
v 0.14776278 0.37325588 -0.48038936
v -0.50605297 0.17192832 0.11555350
v -0.01844554 0.17043069 0.55571878
v 0.00398278 -0.43419212 -0.30543083
v -0.46333745 -0.06263944 0.10439348
v -0.09221044 -0.18607403 -0.38597912
v 0.41768220 0.44549963 0.48973861
v 0.42963350 0.36556175 -0.29640043
v -0.30791306 -0.01202812 0.40072814
v -0.04497323 -0.42181930 0.41597673
v -0.26284188 -0.38123026 0.33784682
v -0.46279463 0.05936489 0.16244726
v -0.24123669 -0.02175079 -0.36395234
v 0.31143716 0.46969706 0.47686672
v -0.22119325 0.39447299 0.57390165
v 0.29268637 0.46601915 0.52393949
v -0.17137480 -0.43884939 -0.26352391
v -0.41471273 -0.35049844 0.04176916
v 0.48645762 0.46782124 0.06863534
v 0.20918195 0.45274463 0.43835065
v 0.39154044 -0.12403233 -0.16787791
v -0.07420368 0.40649176 0.42746279
v -0.53126413 0.46667635 0.08314818
v 0.10674749 0.45900801 0.61147875
v -0.35268575 0.40689340 0.20336218
v 0.09855510 0.45201471 -0.40007097
v 0.58707559 0.42159429 0.13953856
v 0.60496151 0.45540833 0.00730936
v -0.05035545 -0.12071150 0.49788794
v 0.39523950 0.13826546 0.34692040
v -0.34274647 -0.38212997 -0.16990039
v 0.53282547 0.35691631 0.01363232
v -0.26530829 -0.09848770 0.42542079
v -0.53816736 0.46523800 0.04894282
v 0.11710262 0.41461426 0.41624334
v -0.13491853 0.47049674 -0.43641475
v 0.44789445 -0.09867211 0.09085289
v -0.35297489 0.43643078 -0.25364730
v -0.37382138 -0.14922261 -0.21941769
v -0.38436446 0.45170063 -0.26239625
v 0.41584471 -0.22969078 0.16605635
v -0.28474027 0.41457641 0.38070247
v -0.49029171 0.46851787 0.33452752
v -0.10691537 -0.44051480 -0.28675309
v -0.49479291 0.37930042 -0.21653314
v 0.06325535 -0.48072904 0.31237054
v 0.19028020 0.39455187 -0.54908472
v -0.41756475 -0.32041419 0.09885971
v 0.45958471 0.05789381 -0.02300159
v -0.03269549 0.22971095 0.56967151
v 0.22707289 -0.07062108 0.44170359
v 0.01854127 -0.12970006 -0.40154663
v 0.06746567 0.46164206 -0.42916149
v 0.23960108 -0.47537354 0.10608430
v -0.38689482 -0.08301514 -0.21694422
v 0.42493439 0.37526882 0.39406431
v -0.38907921 -0.39714614 0.08588447
v 0.23214082 0.46159729 0.44625446
v -0.31959492 -0.39821047 -0.19397028
v -0.58587795 0.42801288 0.21608162
v -0.00168405 0.13907950 -0.44778365
v -0.48351327 0.06223889 0.03567958
v -0.35716149 -0.13434382 0.33307272
v -0.31579208 0.46989462 -0.33512011
v -0.45469204 0.29004839 0.33995289
v 0.39731857 0.41455337 0.00729035
v 0.00998174 -0.34873962 0.45435280
v -0.23411117 0.05070527 0.46282682
v 0.41612202 -0.16935422 0.19403590
v 0.23933417 -0.35915110 0.37211636
v 0.37312716 0.37666580 0.45213428
v -0.55622309 0.38683340 -0.05402471
v -0.29663125 -0.20039316 -0.29372922
v 0.18086278 -0.47971314 0.18559925
v -0.09052926 -0.46965298 -0.22807246
v -0.02674675 0.46980417 -0.54515821
v -0.16808002 0.38588318 0.58377701
v -0.00740629 -0.31693533 -0.37211946
v 0.54905623 0.39127657 -0.02967483
v 0.26023480 -0.24034150 -0.30016613
v -0.29900324 0.41853130 -0.48017618
v -0.44619972 0.43198517 0.45221633
v 0.54920298 0.46561342 0.28662235
v -0.29070100 -0.05007242 -0.32645500
v -0.43271357 0.46863383 -0.35972854
v -0.59751248 0.46219277 0.02018139
v -0.41889578 0.46120116 -0.39359185
v -0.35791117 -0.22223893 -0.22015843
v -0.07164008 0.39317596 -0.51149035
v 0.60097396 0.43302402 0.05251488
v -0.55959338 0.41857159 -0.18122426
v -0.22953413 -0.46261075 0.27449191
v 0.13497055 -0.24026623 -0.36650965
v 0.24751015 0.20267113 -0.40182447
v 0.34856820 -0.34062859 0.26004711
v 0.46809244 0.06087110 0.09363873
v 0.51523370 0.36571443 -0.10120715
v 0.50989932 0.47539082 -0.54216224
v -0.09149045 0.40677360 -0.32007641
v 0.23976478 -0.00553908 0.44572774
v 0.15902624 -0.38919920 -0.31433448
v -0.30355296 0.40700668 0.31180584
v 0.32102692 -0.45329541 0.09427667
v 0.03820549 0.42821157 -0.56983948
v 0.47879252 0.36496672 -0.20562556
v 0.36459407 0.22019935 0.40833217
v -0.21175000 0.35027438 0.55401200
v 0.17134124 0.05217480 -0.38898429
v -0.33656985 0.16000588 -0.33460060
v -0.45042107 -0.16618341 -0.00422086
v -0.39385164 0.42940590 -0.10081278
v 0.22941400 0.35822722 0.54473042
v -0.21958233 -0.47849753 0.21163303
v -0.40515402 -0.31188139 0.18191530
v -0.00700166 -0.42934689 0.40942764
v -0.57370877 0.41763788 0.23412231
v 0.45174325 0.13652727 0.23835234
v -0.46247706 -0.09641965 0.00942963
v 0.56744933 0.47059634 -0.04523351
v 0.54606903 0.41393256 -0.18334894
v 0.42271870 0.16117115 -0.21515192
v -0.05314406 0.29544669 0.58219498
v 0.32703066 -0.35156631 -0.18712367
v 0.32168704 0.42819843 -0.62339354
v -0.47780433 0.01580435 0.07819877
v -0.17457694 -0.37503648 -0.31756803
v -0.22175860 0.17278761 -0.41486859
v -0.38593423 -0.04302617 0.31919998
v -0.25822964 0.38727653 -0.45395777
v -0.24806337 -0.47688991 0.16871275
v 0.50807720 0.47345060 -0.49669415
v 0.43520662 0.38284555 -0.33305177
v -0.00590311 0.41012907 0.21424016
v 0.28051952 -0.07573240 0.40442368
v 0.44923794 0.27437147 0.31948981
v -0.43227652 0.45050040 0.22091326
v 0.29571226 -0.42530093 0.25455973
v 0.42110896 -0.27248532 0.10335702
v 0.29316229 0.21794628 -0.37951300
v -0.08978461 -0.43215606 0.39345816
v 0.39634204 -0.36896810 0.02233930
v -0.22278637 -0.10619491 -0.35936314
v 0.27623269 -0.42505556 0.28411818
v -0.42402324 0.35750300 -0.31135643
v -0.13040803 -0.36481884 -0.34460858
v 0.27679247 -0.47078502 0.04938512
v 0.29609674 0.42430130 -0.61328852
v 0.50616711 0.47020575 0.32559335
v -0.47356352 0.47069976 -0.27307796
v 0.59357035 0.46718556 0.08485758
v 0.41531792 -0.03829528 0.25045601
v -0.45699248 0.43985051 -0.00398333
v 0.49503151 0.38155013 -0.20158972
v 0.23148775 0.12858997 0.48341361
v -0.00025891 0.43503529 -0.56577289
v -0.26707879 0.04773173 0.43619329
v -0.45451397 0.45175540 0.17122327
v -0.18803912 -0.40485179 0.38197079
v -0.51481831 0.20209210 -0.01410087
v -0.38974541 0.05751317 -0.24084724
v -0.30009258 0.04544869 -0.32756257
v 0.43487757 0.05081160 -0.10219409
v 0.32155025 0.46557981 0.41013601
v 0.25572011 -0.17484172 -0.31647757
v -0.31333220 0.20879669 0.46502039
v -0.03289207 0.42851251 0.64837557
v -0.31908044 -0.25304425 0.34860349
v -0.31446448 -0.40578923 0.27503362
v 0.08317568 -0.47149584 -0.18840776
v -0.49890828 0.41164780 -0.27844912
v -0.15631999 0.41692317 -0.53373146
v 0.44242194 0.46968186 -0.16591537
v -0.35826352 0.46714893 0.51727122
v 0.45822725 -0.01827228 -0.00133062
v -0.28244120 -0.46908000 -0.05362545
v 0.04871428 0.03344236 0.51381052
v -0.43409470 0.45652553 -0.17077908
v -0.39496878 0.41608876 0.49249494
v 0.41233569 -0.26057932 -0.06146204
v -0.30001158 0.40673119 -0.19953787
v -0.35414284 0.27814120 -0.36058313
v -0.40702584 -0.29124302 -0.09477852
v 0.16973588 -0.45986968 0.31894904
v -0.31975904 -0.42367554 0.24272305
v -0.26647818 -0.30356431 0.36756614
v -0.48148590 0.38186055 0.33602265
v -0.52792734 0.37111884 0.21509863
v -0.02548654 -0.03912049 0.51251531
v -0.01668540 0.41554174 -0.37102500
v -0.19790441 -0.19052102 -0.35641393
v 0.37659869 -0.26593646 -0.14545515
v -0.11671934 -0.28293499 -0.36791989
v 0.05836812 -0.27790624 0.46655139
v 0.40949571 -0.30544573 -0.01555362
v -0.27289638 -0.26651400 -0.29482511
v -0.24650878 0.36469239 0.54209089
v 0.54622239 0.46019691 0.30329090
v -0.19984654 0.22991638 -0.43700898
v -0.31897357 -0.44023371 -0.10441684
v -0.49555048 0.28876683 -0.16688907
v 0.12250398 -0.27757150 0.45008790
v -0.31760624 0.42312515 -0.25715363
v 0.41652548 0.01844354 0.26456714
v 0.20565183 0.37699261 0.56077433
v 0.25894433 0.36145285 0.52895451
v 0.02533269 0.37915990 0.60016662
v -0.47999832 0.45920405 -0.06766975
v 0.49014643 0.38491628 0.30345467
v -0.32585502 0.40671027 -0.13838933
v -0.01032503 -0.48317614 0.28846589
v -0.39740479 0.45903039 0.39784199
v 0.23117340 0.41510692 -0.00614983
v -0.17728563 -0.48433781 0.07598302
v 0.37882763 0.41355079 0.51011884
v -0.24325822 -0.33839869 -0.29719600
v -0.17308776 -0.47502622 -0.12807137
v 0.37940475 0.45023477 0.34627309
v 0.41910440 -0.10150497 0.21544047
v 0.36387458 -0.38764960 -0.07930963
v 0.21406235 -0.14363623 0.43635687
v 0.45206934 0.17000036 -0.15590513
v 0.27269208 0.47998142 -0.57807970
v -0.45081687 0.12509768 -0.17514530
v 0.30976501 -0.34628814 0.31928471
v 0.36930147 -0.10440475 0.31034335
v 0.02951319 0.23978902 -0.46945480
v 0.28857490 0.02928990 -0.31755373
v -0.39919928 0.04066434 0.31658170
v 0.01748421 -0.47226724 -0.19756015
v -0.55986601 0.42896920 -0.20253310
v -0.03052489 0.04293910 0.52081072
v -0.00657378 0.41135907 -0.18677302
v -0.28991216 0.36320835 -0.42295897
v 0.14580041 0.37680793 0.58023983
v 0.32628945 -0.42204821 0.21727824
v -0.00391522 0.41025126 -0.12230429
v 0.48584896 0.38441363 -0.24363054
v 0.50416613 0.19726923 0.08883934
v -0.58033282 0.44433376 0.23823658
v -0.42663950 -0.01228659 0.26141614
v -0.37840736 0.40668103 -0.02324436
v 0.11619532 0.37859264 0.58803588
v 0.35490778 -0.39361110 0.19718285
v 0.26393259 0.11544754 -0.36883235
v 0.31961930 0.41754305 -0.15822366
v -0.41851252 -0.25903946 0.17572728
v -0.46909678 0.17001134 0.25139731
v 0.14082792 -0.47114605 -0.16442360
v 0.49127439 0.12207549 0.04533603
v 0.35748729 0.41491121 0.13636899
v 0.17341462 -0.10384483 -0.37528339
v 0.34159914 0.41467801 0.17497477
v 0.43902761 0.18505643 0.29857883
v 0.00753679 0.41700071 -0.32248393
v -0.00829003 0.41179121 -0.24602707
v -0.16968378 -0.44628453 0.34037238
v -0.41457263 0.28303814 0.39236403
v 0.46645921 0.46937057 0.21892852
v 0.27996159 0.42141947 -0.25984323
v -0.06107884 -0.36285824 0.45343712
v 0.10127438 0.04898752 -0.40597731
v -0.41512632 0.12084240 -0.23956935
v 0.06850091 -0.18206875 0.48350981
v 0.43993330 0.28909060 -0.24674271
v -0.29720247 0.15156455 0.45887464
v -0.12644833 0.05535781 0.49938607
v -0.02608651 0.40983114 0.63508028
v 0.14117563 0.44594699 -0.60031366
v 0.26820168 0.38092598 -0.45684335
v -0.24526653 -0.46538064 -0.11991231
v 0.11842216 0.05137767 0.49528998
v -0.42320317 -0.10701377 -0.13188717
v 0.02363439 0.41902670 0.47688091
v -0.22994000 0.35994598 -0.45090210
v 0.28484040 0.26935562 0.49062344
v -0.38201123 -0.39049840 0.16256860
v -0.29605862 0.24621630 0.48760614
v -0.41998553 -0.08284903 0.25169793
v 0.57525426 0.46992928 0.16743562
v 0.49660501 0.45896301 0.38151401
v -0.25741398 0.46705720 0.52572417
v 0.47512364 0.22132988 0.23492996
v 0.47471368 0.48198837 -0.51635623
v -0.47503975 0.04186678 -0.00704739
v -0.45733109 0.42759597 0.05047309
v 0.19524612 0.12533700 -0.40360269
v -0.27784759 -0.39409178 -0.24383551
v 0.25272927 -0.10350264 -0.33214286
v 0.24522929 0.41739100 -0.27623138
v -0.45225048 0.26352412 -0.24034220
v -0.27601400 -0.47448179 0.06610580
v 0.33387887 -0.41080707 -0.12259929
v 0.18124729 -0.47489896 0.25529185
v 0.32340595 -0.22866428 -0.24009939
v -0.25389794 -0.04483983 0.44145030
v 0.44151103 0.05840784 0.19986688
v -0.24149936 0.47003081 -0.37061277
v 0.33451802 0.40287286 -0.56533694
v 0.19754469 0.41369572 0.61046970
v 0.24260683 -0.36520666 -0.27918389
v -0.31281322 0.27753523 -0.39195237
v -0.49109471 0.26259226 0.25616786
v 0.48828569 0.36473075 0.27749029
v -0.42121223 -0.02125101 -0.17347832
v 0.23784360 -0.03206201 -0.35422802
v -0.52723420 0.23573397 0.05996661
v 0.42195308 0.10399190 -0.18853270
v -0.60099971 0.44595549 0.14265163
v 0.20850590 0.41784194 -0.31467426
v 0.49148843 0.47920027 -0.46460593
v 0.05547305 -0.08738432 0.49922395
v 0.38717234 -0.29622927 0.20068395
v 0.48967883 0.47748980 -0.43206897
v -0.14937238 0.44659573 0.63520980
v -0.45858809 0.06059939 -0.08192002
v 0.16018382 0.46562481 -0.39813197
v 0.42682335 -0.19945747 -0.04129973
v -0.07250016 -0.08884388 -0.40156719
v 0.16721371 0.18451504 -0.42702234
v 0.03932224 -0.48425898 0.14330299
v -0.25749806 -0.46080586 0.24833088
v -0.27029818 0.08440079 -0.36607939
v -0.11114977 0.40709102 0.41970018
v 0.43845552 0.45188344 0.10964904
v -0.33244875 -0.33083376 0.30204460
v 0.46041042 0.41484717 -0.51806390
v 0.17072079 0.45111281 -0.36930120
v 0.21810462 0.36424756 -0.45197716
v 0.11537404 0.42093679 0.43776664
v -0.30656883 0.40635270 0.26295388
v 0.55894899 0.42014092 0.25917897
v 0.00064989 0.40940872 0.02621360
v -0.39718598 -0.36752230 -0.07204416
v 0.27216595 -0.46437725 -0.05780856
v -0.30151665 0.21019962 -0.38309738
v -0.13732590 0.26572299 0.56003690
v -0.08658449 0.17923883 0.54755360
v 0.45054811 0.39783973 -0.43180591
v 0.40558010 0.19792674 0.35686651
v 0.47791463 0.46974477 0.16802357
v -0.42497650 -0.30814332 -0.01648046
f 214 1841 2000
f 214 1408 1841
f 1777 1931 1769
f 1769 1408 214
f 1931 1408 1769
f 1943 1974 1543
f 1543 1931 1777
f 1974 1963 1931
f 1974 1931 1543
f 1841 1429 1048
f 1429 696 1690
f 1567 696 1429
f 1048 1429 1858
f 1356 1429 1690
f 1858 1429 1356
f 1690 696 1718
f 1356 1690 1718
f 1718 696 340
f 2000 1992 1561
f 2000 1841 1992
f 1841 1048 1992
f 1561 1992 555
f 1523 1048 1858
f 1523 1992 1048
f 1523 555 1992
f 1747 1854 1567
f 1747 1732 1854
f 1408 1567 1841
f 1408 1747 1567
f 1429 1841 1567
f 1698 1732 1747
f 1698 927 1732
f 1931 1698 1408
f 1714 1698 1931
f 1408 1698 1747
f 1714 927 1698
f 224 1743 1714
f 1714 1743 927
f 224 1582 1743
f 1931 1963 1714
f 1963 224 1714
f 1325 584 1649
f 1929 1858 1356
f 1356 1718 340
f 1356 340 1946
f 1929 1356 1460
f 1460 1356 1946
f 1946 584 1460
f 1460 584 1325
f 1385 1523 1834
f 1523 1858 1834
f 1834 1858 1929
f 114 1834 1929
f 1385 1834 114
f 696 1946 340
f 1946 696 1874
f 1946 1874 584
f 1874 1785 1649
f 1874 1649 584
f 1732 1849 1854
f 1854 3 1874
f 1854 1849 3
f 1567 1854 696
f 1854 1874 696
f 927 1849 1732
f 927 1801 1849
f 1743 1801 927
f 1743 1672 1801
f 1325 1649 1676
f 1601 1325 1676
f 1601 1676 906
f 906 1676 1703
f 1734 1601 906
f 1875 1929 1460
f 1875 1460 1325
f 1875 1325 1601
f 114 1929 1875
f 1381 114 1875
f 1381 1872 114
f 1874 3 1785
f 3 1804 1785
f 1804 3 1851
f 1804 1703 1785
f 1804 1428 1703
f 1676 1649 1785
f 1676 1785 1703
f 1849 1851 3
f 1849 1665 1851
f 1801 1665 1849
f 1801 1977 1665
f 1672 1977 1801
f 1672 1262 1977
f 1734 906 1703
f 1703 234 1734
f 1703 1513 234
f 1513 278 234
f 278 1663 234
f 1875 1601 1734
f 234 1875 1734
f 1888 1875 234
f 1381 1875 1888
f 1513 1703 1428
f 1428 1804 1851
f 1851 1737 1428
f 1428 278 1513
f 1428 1657 278
f 1657 1428 1737
f 278 1657 1663
f 1665 1737 1851
f 1665 761 1737
f 1977 1711 1665
f 1665 1711 761
f 1262 1633 1977
f 1633 1197 1977
f 1197 1711 1977
f 214 2000 1707
f 287 214 1707
f 1677 1707 2000
f 1905 1707 1773
f 1905 287 1707
f 634 287 1905
f 1777 1769 1294
f 1664 1777 1294
f 1769 214 287
f 1294 1769 287
f 119 287 634
f 119 1294 287
f 1664 1543 1777
f 1784 1543 1664
f 1671 1784 1664
f 1899 1664 1937
f 1899 1671 1664
f 1937 1294 119
f 1937 1664 1294
f 1616 1716 821
f 1506 555 1523
f 1385 1506 1523
f 1950 1506 1385
f 1950 821 1506
f 1950 1616 821
f 1616 1950 1411
f 1616 1411 1471
f 1372 1616 1471
f 494 1372 1471
f 1843 373 494
f 1843 494 558
f 1707 1677 1716
f 1677 2000 1561
f 1677 1561 1506
f 1677 1506 821
f 1716 1677 821
f 1506 1561 555
f 1707 1716 940
f 1773 940 1935
f 1773 1707 940
f 1773 1935 365
f 365 1935 1245
f 1616 940 1716
f 940 1616 1372
f 1935 940 1372
f 1245 1372 494
f 1245 1935 1372
f 373 1245 494
f 1578 1773 365
f 1578 365 688
f 373 365 1245
f 688 365 373
f 1827 373 1843
f 1827 688 373
f 1827 1984 688
f 1578 1905 1773
f 634 1905 1578
f 1448 634 1578
f 1984 1578 688
f 1448 1578 1984
f 1826 634 1448
f 1937 119 1722
f 1722 119 634
f 1722 634 1826
f 336 1722 1826
f 1375 1722 336
f 1787 1899 1937
f 1722 1787 1937
f 1668 1787 1722
f 1692 1722 1375
f 1668 1722 1692
f 1411 1950 1872
f 1872 1950 1385
f 494 1471 558
f 558 1471 1789
f 1789 1471 1411
f 1789 1411 1872
f 1827 1843 1335
f 1980 1843 558
f 1335 1843 1980
f 1980 558 1789
f 1335 1980 1751
f 1772 1980 1789
f 666 1335 1751
f 1751 1980 1772
f 666 1751 850
f 1171 666 850
f 1670 1827 1335
f 1670 1984 1827
f 1844 1984 1670
f 1844 1448 1984
f 1670 1335 666
f 1171 1670 666
f 1844 1670 1171
f 1844 1171 1817
f 1844 1826 1448
f 336 1826 1844
f 1163 336 1844
f 1375 336 1163
f 1692 1375 1563
f 1563 1375 1163
f 1590 1692 1563
f 1954 1668 1692
f 1590 1954 1692
f 1872 1385 114
f 1772 1789 1872
f 193 1772 1872
f 193 1751 1772
f 850 1751 193
f 893 850 193
f 1915 850 893
f 1915 1171 850
f 1817 1171 1915
f 860 1817 1915
f 572 893 1329
f 572 1915 893
f 860 1915 572
f 1799 860 572
f 1799 1371 860
f 1493 1844 1817
f 1493 1817 1371
f 1371 1817 860
f 1207 1371 1799
f 1493 1371 1207
f 1163 1844 1493
f 707 1493 1603
f 707 1163 1493
f 707 1563 1163
f 1688 1563 707
f 1688 1590 1563
f 87 1954 1590
f 1925 87 1590
f 1979 1872 1381
f 1979 193 1872
f 893 193 1979
f 1869 893 1979
f 1869 1329 893
f 463 1329 1869
f 463 572 1329
f 463 1799 572
f 1669 1799 463
f 1774 1669 463
f 1507 463 1869
f 1774 463 1507
f 1603 1207 1919
f 1603 1493 1207
f 1669 1207 1799
f 1919 1207 1669
f 1726 1603 1919
f 1726 1669 1774
f 1726 1919 1669
f 1192 707 1603
f 1852 1603 1726
f 1852 1192 1603
f 1688 707 1192
f 1847 1590 1688
f 1847 1925 1590
f 326 1287 1818
f 887 1704 837
f 887 706 1704
f 729 1266 392
f 1315 1266 729
f 1315 1416 1266
f 1750 837 1179
f 1750 887 837
f 392 1179 729
f 392 1750 1179
f 478 1177 1731
f 110 478 1731
f 110 1731 1196
f 274 110 1196
f 274 1196 904
f 1177 1266 1416
f 1177 787 1266
f 1177 1416 1731
f 904 1196 790
f 1731 1512 790
f 1196 1731 790
f 1731 1416 1512
f 904 790 326
f 1512 1416 1315
f 790 1287 326
f 1512 1315 1287
f 790 1512 1287
f 827 1530 887
f 1889 827 887
f 35 1605 1530
f 827 35 1530
f 379 35 827
f 379 885 35
f 887 1530 706
f 1605 519 706
f 1530 1605 706
f 792 519 1605
f 885 1605 35
f 885 792 1605
f 379 764 885
f 703 792 885
f 764 703 885
f 798 764 379
f 519 509 907
f 519 687 509
f 519 907 706
f 1235 687 519
f 1235 1308 687
f 792 1235 519
f 792 1318 1235
f 703 1318 792
f 764 290 703
f 1410 58 787
f 280 1358 58
f 766 280 58
f 181 58 1410
f 181 766 58
f 1229 766 181
f 787 912 1266
f 787 58 912
f 1358 1144 912
f 912 58 1358
f 146 531 354
f 418 354 1144
f 418 146 354
f 1358 418 1144
f 261 146 418
f 69 418 1358
f 69 261 418
f 280 69 1358
f 766 327 280
f 1229 327 766
f 712 69 280
f 327 712 280
f 392 1144 1750
f 392 912 1144
f 912 392 1266
f 354 1889 1750
f 354 1750 1144
f 187 827 1889
f 531 1889 354
f 531 187 1889
f 1120 187 531
f 1120 433 187
f 942 531 146
f 942 1120 531
f 261 942 146
f 261 671 942
f 69 671 261
f 712 671 69
f 1229 308 327
f 1750 1889 887
f 433 827 187
f 433 379 827
f 1120 693 433
f 942 693 1120
f 798 379 433
f 693 798 433
f 671 693 942
f 671 922 693
f 712 922 671
f 327 308 712
f 693 185 798
f 922 185 693
f 308 922 712
f 798 290 764
f 185 290 798
f 922 1568 185
f 308 1568 922
f 308 1403 1568
f 269 1275 478
f 269 478 110
f 1458 269 110
f 1458 110 274
f 1599 1458 274
f 258 31 1275
f 258 1558 31
f 128 1275 269
f 128 258 1275
f 700 128 269
f 700 269 1458
f 409 700 1458
f 191 1458 1599
f 191 409 1458
f 21 128 700
f 719 21 700
f 409 719 700
f 1275 1177 478
f 31 787 1177
f 31 1410 787
f 31 1177 1275
f 1558 1410 31
f 1558 181 1410
f 136 181 1558
f 136 1229 181
f 424 136 1558
f 258 424 1558
f 128 403 258
f 21 403 128
f 409 929 719
f 191 929 409
f 191 382 929
f 144 424 258
f 403 144 258
f 929 21 719
f 929 403 21
f 136 308 1229
f 424 308 136
f 424 144 308
f 403 1123 144
f 929 1123 403
f 929 1219 1123
f 382 1219 929
f 144 1123 308
f 1123 1403 308
f 1219 314 1123
f 1412 314 1219
f 1882 1647 1974
f 1963 1974 1647
f 1882 1921 1647
f 1882 297 1921
f 1221 297 1882
f 1153 1974 1943
f 1818 1974 1153
f 1818 1221 1974
f 1221 1882 1974
f 1949 297 1221
f 1949 1620 297
f 1287 1859 1221
f 1859 1949 1221
f 1287 1221 1818
f 1187 1425 442
f 1187 442 1552
f 1425 530 442
f 1425 1415 530
f 706 909 1704
f 706 907 909
f 907 1829 909
f 1704 909 240
f 240 1949 1859
f 909 805 240
f 805 909 1829
f 34 1552 805
f 34 1155 1552
f 34 805 1829
f 1155 1187 1552
f 240 1803 1949
f 805 1803 240
f 805 1552 1803
f 1803 1620 1949
f 1552 442 1803
f 1315 1859 1287
f 729 1859 1315
f 729 1179 1859
f 1179 837 1859
f 1859 837 240
f 837 1704 240
f 622 738 1155
f 637 738 622
f 637 349 738
f 1044 349 637
f 259 1044 637
f 738 1168 1187
f 738 1187 1155
f 661 1168 738
f 661 338 1168
f 349 661 738
f 64 338 661
f 744 661 349
f 744 64 661
f 1044 744 349
f 1187 1168 1425
f 338 448 1168
f 338 652 448
f 362 652 338
f 64 362 338
f 1472 362 64
f 744 1472 64
f 1044 427 744
f 1425 1168 448
f 448 241 1425
f 652 241 448
f 652 202 241
f 167 202 652
f 362 167 652
f 1472 167 362
f 1472 1744 167
f 744 366 1472
f 427 366 744
f 1415 1425 241
f 241 86 1415
f 202 86 241
f 202 169 86
f 431 169 202
f 167 431 202
f 1744 431 167
f 1744 992 431
f 1472 366 1744
f 1415 86 910
f 86 208 910
f 169 138 208
f 169 208 86
f 1746 138 169
f 431 1746 169
f 992 1746 431
f 907 509 1829
f 687 504 509
f 97 1608 504
f 97 438 1608
f 1308 504 687
f 1308 97 504
f 538 97 1308
f 658 538 1308
f 1235 658 1308
f 1318 658 1235
f 703 486 1318
f 290 486 703
f 34 504 1608
f 1829 504 34
f 1829 509 504
f 1608 622 34
f 438 622 1608
f 438 637 622
f 259 637 438
f 629 438 97
f 629 259 438
f 538 629 97
f 658 870 538
f 1318 870 658
f 486 870 1318
f 34 622 1155
f 259 528 1044
f 629 528 259
f 538 528 629
f 538 1808 528
f 870 1808 538
f 290 1518 486
f 528 411 1044
f 1808 411 528
f 870 419 1808
f 486 419 870
f 1518 419 486
f 411 427 1044
f 1808 427 411
f 1808 1399 427
f 419 1399 1808
f 419 1546 1399
f 427 1257 366
f 1399 1257 427
f 185 1518 290
f 1568 1518 185
f 1568 1403 621
f 1568 621 1518
f 621 1836 1518
f 1518 1836 419
f 1836 1546 419
f 621 1770 1836
f 1403 314 1866
f 1123 314 1403
f 1403 1866 621
f 1866 314 1811
f 1811 589 1866
f 1866 589 621
f 589 1592 900
f 589 1811 1592
f 589 1770 621
f 1921 1819 1647
f 1819 1921 1582
f 1819 1582 224
f 1582 1820 1743
f 1647 224 1963
f 1647 1819 224
f 1768 1981 1820
f 1768 1820 1582
f 297 1768 1921
f 1921 1768 1582
f 1620 1840 1768
f 1840 1994 1768
f 1840 1960 1994
f 1620 1768 297
f 1659 1485 1575
f 1485 1659 1184
f 442 1182 1803
f 442 530 1182
f 530 1415 910
f 1803 1182 1620
f 530 910 623
f 1182 982 1840
f 1182 1840 1620
f 530 982 1182
f 530 1071 1184
f 530 623 1071
f 982 818 1840
f 530 1184 982
f 982 1184 818
f 1184 1071 1485
f 818 1960 1840
f 1184 1532 818
f 1184 1659 1532
f 818 1532 1960
f 1088 1868 694
f 281 1900 667
f 900 1900 281
f 1900 1224 667
f 1261 1090 623
f 212 1090 1261
f 212 597 1090
f 730 597 212
f 730 705 597
f 1071 1090 627
f 526 180 627
f 597 627 1090
f 597 526 627
f 77 180 526
f 705 526 597
f 705 77 526
f 600 77 705
f 1485 627 422
f 1071 627 1485
f 1149 566 422
f 180 422 627
f 180 1149 422
f 1050 551 1149
f 180 1050 1149
f 77 1050 180
f 77 175 1050
f 422 566 1485
f 1149 551 566
f 1050 532 551
f 175 532 1050
f 175 1376 532
f 1575 1485 566
f 566 1527 1575
f 551 1527 566
f 551 113 1527
f 551 1435 113
f 532 1435 551
f 1575 1527 230
f 1527 342 230
f 113 342 1527
f 113 225 342
f 963 52 225
f 113 963 225
f 1435 963 113
f 1435 135 963
f 532 135 1435
f 532 1178 135
f 1376 1178 532
f 225 52 342
f 963 762 52
f 135 762 963
f 135 472 762
f 1178 472 135
f 208 623 910
f 208 1261 623
f 138 1261 208
f 138 212 1261
f 138 730 212
f 1746 730 138
f 513 730 1746
f 992 513 1746
f 992 1311 513
f 1744 1311 992
f 366 1311 1744
f 730 600 705
f 513 600 730
f 366 1257 1311
f 1071 623 1090
f 600 1151 77
f 513 1151 600
f 1311 1151 513
f 1257 1596 1311
f 1151 175 77
f 1151 1376 175
f 1596 1151 1311
f 1596 1723 1151
f 1151 1723 1376
f 1546 1699 1399
f 1399 1699 1257
f 1546 1697 1699
f 1699 1697 674
f 1257 674 1596
f 1699 674 1257
f 1697 1839 1861
f 674 1697 1861
f 1596 674 1723
f 1770 694 1836
f 1770 1088 694
f 1836 1589 1546
f 1836 694 1589
f 1546 1589 1697
f 1589 694 1868
f 1589 1839 1697
f 900 281 589
f 281 667 589
f 1770 589 667
f 667 1224 1770
f 1770 1224 1088
f 1820 1672 1743
f 1820 1981 1542
f 1672 1820 1542
f 1981 61 1542
f 1768 49 1981
f 49 1768 1994
f 49 61 1981
f 1994 1786 49
f 49 1786 61
f 1857 614 1080
f 1960 614 1994
f 1994 1857 1786
f 614 1857 1994
f 1233 230 1740
f 1233 1575 230
f 1575 1233 1659
f 1892 1659 1172
f 1172 1659 1233
f 1892 11 614
f 1233 1740 1225
f 1172 1788 11
f 1172 11 1892
f 1233 1788 1172
f 1788 1225 315
f 1788 1233 1225
f 11 1933 614
f 1788 1451 1933
f 1788 1933 11
f 315 1451 1788
f 1451 315 1550
f 1933 1080 614
f 1451 1492 1933
f 1492 1451 1146
f 1146 1550 450
f 1146 1451 1550
f 1532 1892 1960
f 1532 1659 1892
f 1892 614 1960
f 1188 866 1337
f 866 1464 1283
f 1188 1464 866
f 1464 882 1283
f 1868 1839 1589
f 1839 1464 1188
f 1900 1088 1224
f 253 320 618
f 253 1475 320
f 253 920 1475
f 320 331 1550
f 1475 331 320
f 1475 210 331
f 920 210 1475
f 920 1364 210
f 331 450 1550
f 210 955 331
f 210 1644 955
f 1364 1644 210
f 1740 230 342
f 342 913 1740
f 52 913 342
f 52 819 913
f 52 62 819
f 762 62 52
f 913 1225 1740
f 819 503 913
f 819 695 503
f 62 695 819
f 762 695 62
f 762 447 695
f 472 447 762
f 472 1606 447
f 1178 1606 472
f 913 602 1225
f 503 602 913
f 503 543 602
f 695 543 503
f 695 219 543
f 695 938 219
f 447 938 695
f 315 602 1525
f 315 1225 602
f 543 1525 602
f 543 808 1525
f 219 808 543
f 219 1112 808
f 938 1112 219
f 1606 938 447
f 315 1525 618
f 808 618 1525
f 808 253 618
f 1112 253 808
f 1112 1422 253
f 1112 262 1422
f 938 262 1112
f 1606 262 938
f 1550 618 320
f 315 618 1550
f 1422 920 253
f 262 920 1422
f 262 132 920
f 1606 132 262
f 132 1364 920
f 1606 1393 132
f 1364 495 1644
f 132 495 1364
f 1376 1241 1178
f 1723 1241 1376
f 1241 1606 1178
f 1357 1241 1723
f 1241 1357 1465
f 1241 1956 1606
f 1465 1956 1241
f 1956 1393 1606
f 1956 1526 1393
f 1526 1956 1465
f 1861 1188 1337
f 1839 1188 1861
f 1357 674 1861
f 674 1357 1723
f 1357 1861 1337
f 1357 1337 866
f 1465 866 1283
f 1465 1357 866
f 1526 1283 882
f 1526 1465 1283
f 61 1262 1542
f 1542 1262 1672
f 1786 1262 61
f 1786 1129 1262
f 1857 1129 1786
f 1129 1633 1262
f 1857 1359 1129
f 1080 1359 1857
f 1544 1830 645
f 1210 645 540
f 1210 1544 645
f 1933 47 1080
f 1492 47 1933
f 47 1492 1146
f 1146 450 1349
f 1146 1301 47
f 1301 1146 1349
f 1301 1349 1830
f 47 1617 1080
f 1301 1617 47
f 1544 1301 1830
f 1617 1301 1544
f 1080 1617 1359
f 1269 1617 1544
f 1617 1269 1359
f 1544 1210 1269
f 882 393 1028
f 1464 393 882
f 1028 393 501
f 393 1343 501
f 1343 40 501
f 1868 1464 1839
f 1868 1895 1464
f 1464 1895 393
f 1895 1891 393
f 1088 1531 1868
f 1088 1991 1531
f 1868 1531 1895
f 331 93 450
f 955 93 331
f 955 1113 93
f 955 266 1113
f 1644 266 955
f 1644 991 266
f 1349 450 93
f 93 1593 1349
f 1113 1593 93
f 221 1593 1113
f 221 691 1593
f 266 221 1113
f 991 221 266
f 991 697 221
f 1593 464 1349
f 1593 691 464
f 221 410 691
f 697 410 221
f 1830 1349 464
f 691 1006 464
f 691 1521 1006
f 410 1521 691
f 410 654 1521
f 697 654 410
f 697 1557 654
f 1830 464 975
f 1006 975 464
f 1006 651 975
f 1521 651 1006
f 645 1830 975
f 975 894 645
f 651 894 975
f 803 894 651
f 1521 803 651
f 1521 460 803
f 654 460 1521
f 1557 460 654
f 894 540 645
f 894 640 540
f 803 640 894
f 803 639 640
f 460 639 803
f 460 286 639
f 495 991 1644
f 132 795 495
f 1393 795 132
f 495 697 991
f 795 1695 495
f 495 1557 697
f 495 1695 1557
f 795 1024 1695
f 1557 286 460
f 1557 1695 286
f 1695 836 286
f 1024 836 1695
f 1526 795 1393
f 1526 1024 795
f 1526 501 1024
f 501 40 1024
f 882 1028 1526
f 1028 501 1526
f 1633 1499 1197
f 1720 1633 1129
f 1720 1499 1633
f 1359 1885 1129
f 1359 489 1885
f 1210 540 199
f 1748 1210 199
f 1748 199 1446
f 1218 1748 1446
f 1218 1446 364
f 1218 364 1386
f 1269 1426 1359
f 1426 1210 1748
f 1210 1426 1269
f 1286 1426 1748
f 1426 1286 1359
f 1748 1218 1286
f 1286 489 1359
f 1286 348 489
f 348 1286 1218
f 363 1165 1009
f 1009 322 1848
f 1165 322 1009
f 1165 1913 322
f 1343 1758 40
f 1343 1891 1914
f 1343 1914 1758
f 1758 1165 363
f 1758 1230 1165
f 1758 1914 1230
f 1230 1913 1165
f 393 1891 1343
f 540 359 199
f 640 359 540
f 640 813 359
f 639 813 640
f 639 1643 813
f 286 1643 639
f 1643 606 813
f 286 606 1643
f 286 1453 606
f 359 307 199
f 813 307 359
f 606 307 813
f 606 1072 307
f 606 1453 1072
f 307 1446 199
f 307 209 1446
f 307 537 209
f 1072 537 307
f 1072 347 537
f 1072 739 347
f 1453 739 1072
f 1453 1735 739
f 209 364 1446
f 209 309 364
f 537 309 209
f 537 140 309
f 347 140 537
f 347 497 140
f 739 497 347
f 739 1735 497
f 497 1115 140
f 1735 1115 497
f 309 1386 364
f 309 1814 1386
f 140 1814 309
f 140 896 1814
f 1115 896 140
f 1115 567 896
f 1735 567 1115
f 836 1570 286
f 286 1406 1453
f 1570 1406 286
f 1406 1570 873
f 1406 1735 1453
f 1406 1594 1735
f 1594 1406 873
f 1324 873 1114
f 1594 567 1735
f 1024 40 363
f 363 40 1758
f 836 1024 363
f 836 363 1009
f 836 1848 1570
f 1848 836 1009
f 1570 1114 873
f 1848 1114 1570
f 650 326 1965
f 999 650 1965
f 999 1965 190
f 1965 326 1818
f 786 274 904
f 786 904 1256
f 1240 786 1256
f 1240 1256 1105
f 1141 1240 1105
f 160 1105 184
f 160 1141 1105
f 1256 904 650
f 999 1105 650
f 1105 1256 650
f 184 1105 999
f 650 904 326
f 395 184 1302
f 395 160 184
f 1004 235 395
f 1285 395 1302
f 1285 1004 395
f 1004 1285 378
f 829 1004 378
f 1302 999 370
f 1302 184 999
f 1285 1302 370
f 370 999 190
f 1588 370 190
f 1588 1285 370
f 378 1285 1588
f 378 1588 1846
f 1846 1588 190
f 1402 829 378
f 1402 1775 829
f 625 1775 1402
f 1402 378 1846
f 715 1402 1497
f 715 625 1402
f 1355 625 715
f 1497 1402 1846
f 1355 715 855
f 1185 1355 855
f 1599 274 786
f 564 1599 786
f 581 564 786
f 1164 581 1240
f 877 1164 1141
f 1528 1141 160
f 1528 877 1141
f 511 191 1599
f 564 511 1599
f 1363 564 581
f 525 581 1164
f 525 1363 581
f 877 525 1164
f 1745 511 564
f 1423 564 1363
f 1423 1745 564
f 931 1423 1363
f 1373 1363 525
f 1373 931 1363
f 524 1373 525
f 1132 525 877
f 1132 524 525
f 177 877 1528
f 177 1132 877
f 397 524 1132
f 177 397 1132
f 1240 581 786
f 1141 1164 1240
f 511 382 191
f 1745 382 511
f 931 111 1423
f 1373 111 931
f 524 111 1373
f 1745 1107 382
f 1423 1107 1745
f 111 1107 1423
f 111 1249 1107
f 524 1249 111
f 397 1249 524
f 397 737 1249
f 177 737 397
f 382 1107 1219
f 1107 1412 1219
f 1249 1693 1107
f 1249 1682 1693
f 737 1682 1249
f 1107 1693 1412
f 684 1528 160
f 505 684 160
f 303 684 505
f 1967 303 505
f 1967 505 1509
f 851 1509 235
f 851 1967 1509
f 851 235 825
f 1017 1528 684
f 1017 177 1528
f 303 1017 684
f 624 303 1967
f 421 624 1967
f 851 421 1967
f 505 160 395
f 395 1509 505
f 235 1509 395
f 825 235 1004
f 238 825 1004
f 830 851 825
f 142 825 238
f 142 830 825
f 303 884 1017
f 624 884 303
f 851 335 421
f 851 1504 335
f 1504 851 830
f 1248 1504 830
f 142 1248 830
f 829 238 1004
f 142 141 1248
f 1017 737 177
f 884 737 1017
f 624 24 884
f 421 24 624
f 335 24 421
f 884 24 737
f 335 264 24
f 1504 264 335
f 1248 264 1504
f 141 264 1248
f 141 1135 264
f 737 1581 1682
f 24 1581 737
f 264 1581 24
f 264 1089 1581
f 1135 1089 264
f 588 238 1719
f 588 142 238
f 757 1719 53
f 757 588 1719
f 1898 757 53
f 829 1719 238
f 1775 1719 829
f 53 1719 1775
f 459 53 1775
f 1111 53 459
f 1111 1898 53
f 44 459 804
f 44 1111 459
f 588 141 142
f 588 777 141
f 588 1268 777
f 1268 588 757
f 455 757 1898
f 455 1268 757
f 1111 455 1898
f 625 459 1775
f 625 804 459
f 552 804 625
f 154 804 552
f 154 44 804
f 1111 1418 455
f 1418 1111 44
f 154 1418 44
f 1355 552 625
f 1011 552 1355
f 946 154 552
f 986 552 1011
f 986 946 552
f 154 521 1418
f 154 317 521
f 946 317 154
f 777 1135 141
f 1268 1135 777
f 455 1135 1268
f 455 1239 1135
f 1418 1239 455
f 1418 521 1239
f 1185 1011 1355
f 986 317 946
f 986 799 317
f 521 1479 1239
f 317 1479 521
f 1239 292 1135
f 1239 1479 292
f 799 1479 317
f 1242 986 1011
f 1242 1011 1185
f 174 1242 1185
f 1298 1242 174
f 481 986 1242
f 481 799 986
f 1298 481 1242
f 483 1298 174
f 1327 174 1084
f 1327 483 174
f 371 1084 1074
f 371 1327 1084
f 1298 858 481
f 858 1298 483
f 1327 858 483
f 668 799 481
f 858 668 481
f 430 1721 1784
f 1721 1153 1943
f 1721 1943 1543
f 1784 1721 1543
f 1671 430 1784
f 756 1671 1899
f 1887 756 1899
f 689 756 1887
f 1965 1818 1153
f 1661 1965 1153
f 430 1153 1721
f 1661 1153 430
f 1661 430 1671
f 1906 1661 1671
f 756 1906 1671
f 689 1906 756
f 1010 1906 689
f 1661 190 1965
f 190 1661 1906
f 1961 190 1906
f 27 1961 1906
f 27 1906 1010
f 1724 1961 27
f 1916 1724 27
f 1846 190 1961
f 972 1846 1961
f 1497 1846 972
f 715 1497 972
f 855 715 972
f 855 972 833
f 1724 972 1961
f 833 972 1724
f 1185 855 833
f 376 1185 833
f 376 174 1185
f 1845 376 833
f 842 376 1845
f 1845 833 1724
f 55 1845 1724
f 55 842 1845
f 789 842 55
f 789 55 1350
f 1228 789 1350
f 1407 55 1724
f 1350 55 1407
f 1407 1724 1916
f 1022 1350 1407
f 1228 1350 1022
f 613 1228 1022
f 1022 1407 188
f 37 1022 319
f 37 613 1022
f 1693 1227 1412
f 1682 1227 1693
f 1412 1227 314
f 1682 1340 1227
f 314 1227 1811
f 1811 1227 1944
f 1227 1340 1944
f 1811 1944 1592
f 1944 1654 1592
f 1944 1213 1654
f 1340 1213 1944
f 1340 1560 1213
f 1581 1340 1682
f 1581 933 1340
f 1089 933 1581
f 1089 1816 933
f 1360 1816 1089
f 1360 1795 1816
f 933 1560 1340
f 1816 1560 933
f 1816 1205 1560
f 1135 292 1089
f 799 1304 1479
f 799 668 1304
f 292 1360 1089
f 1479 1304 292
f 668 1288 1304
f 292 1304 1360
f 1304 1658 1360
f 1288 1658 1304
f 1360 1658 1795
f 16 1658 1288
f 376 1084 174
f 376 1074 1084
f 698 1074 376
f 231 1074 698
f 231 371 1074
f 1327 98 858
f 918 1327 371
f 918 98 1327
f 918 371 231
f 842 698 376
f 1390 698 842
f 194 698 1390
f 194 231 698
f 194 1390 1251
f 918 244 98
f 918 1161 244
f 1161 918 231
f 304 231 194
f 304 1161 231
f 858 1288 668
f 858 1702 1288
f 98 1702 858
f 98 244 1702
f 789 1390 842
f 789 1251 1390
f 60 1251 789
f 194 1481 304
f 1481 194 1251
f 1012 1251 60
f 1012 1481 1251
f 1161 520 244
f 304 520 1161
f 1118 1481 1012
f 244 520 1702
f 304 759 520
f 304 1636 759
f 1481 1636 304
f 1118 1636 1481
f 1702 16 1288
f 520 16 1702
f 520 759 16
f 1228 60 789
f 1118 172 1636
f 759 793 16
f 1636 793 759
f 1636 162 793
f 172 162 1636
f 16 1379 1658
f 793 1379 16
f 1055 60 1537
f 1055 1012 60
f 172 1012 1055
f 172 1118 1012
f 1228 1537 60
f 878 1537 1228
f 1000 1537 878
f 1000 1055 1537
f 276 1000 878
f 835 1055 1000
f 835 172 1055
f 613 878 1228
f 1741 878 613
f 713 878 1741
f 713 276 878
f 754 713 1741
f 172 835 162
f 835 1000 276
f 215 276 713
f 215 835 276
f 37 1741 613
f 939 1741 37
f 754 215 713
f 754 1741 939
f 591 754 939
f 835 99 162
f 215 99 835
f 905 215 754
f 905 754 591
f 1208 939 37
f 1559 939 1208
f 591 939 1559
f 295 591 1559
f 215 590 99
f 905 590 215
f 956 905 591
f 295 956 591
f 1887 1899 1787
f 332 689 1887
f 332 1887 1787
f 332 1787 1668
f 550 332 1668
f 1010 689 332
f 1824 1010 1924
f 1824 27 1010
f 1924 1010 332
f 1924 332 550
f 1924 550 990
f 1312 188 1916
f 1824 1916 27
f 1312 1916 1824
f 1936 1312 1824
f 889 1312 1936
f 1592 282 900
f 1654 282 1592
f 1213 282 1654
f 282 1900 900
f 1560 1572 1213
f 1213 1572 282
f 1205 1572 1560
f 1205 1065 1572
f 1026 1989 647
f 188 1407 1916
f 319 1022 188
f 1208 37 319
f 1837 1208 319
f 800 319 188
f 196 319 800
f 1837 319 196
f 800 188 1312
f 1243 1837 196
f 1612 800 1312
f 196 800 1612
f 783 196 1555
f 783 1243 196
f 1555 196 1612
f 1612 1312 889
f 1555 1612 718
f 718 1612 889
f 811 1555 718
f 432 783 1555
f 1607 1555 811
f 1607 432 1555
f 1795 1205 1816
f 1795 1065 1205
f 1795 1684 1065
f 1795 647 1684
f 1658 647 1795
f 1658 1026 647
f 1379 1026 1658
f 793 1255 1379
f 793 1870 1255
f 162 1870 793
f 1255 1309 1379
f 1255 1271 1309
f 1870 1271 1255
f 1026 1309 1761
f 1309 1026 1379
f 1309 1271 1016
f 1309 1016 1761
f 1271 1173 1016
f 1271 367 1173
f 1016 323 1761
f 294 1208 1837
f 294 1559 1208
f 279 1559 294
f 279 295 1559
f 99 1870 162
f 99 1199 1870
f 590 1199 99
f 590 305 1199
f 905 305 590
f 956 305 905
f 956 1082 305
f 295 1082 956
f 295 626 1082
f 626 295 279
f 655 626 279
f 123 294 1837
f 1598 294 123
f 1598 279 294
f 626 1014 1082
f 655 1014 626
f 655 279 1598
f 1243 123 1837
f 369 123 1243
f 1502 123 369
f 1502 1598 123
f 305 883 1199
f 655 479 1014
f 1598 479 655
f 1598 722 479
f 722 1598 1502
f 1082 883 305
f 1014 883 1082
f 1199 1271 1870
f 1014 5 883
f 479 5 1014
f 722 5 479
f 1199 367 1271
f 883 367 1199
f 722 1832 5
f 1832 1083 5
f 883 1083 367
f 5 1083 883
f 1083 1015 367
f 783 369 1243
f 1510 369 783
f 334 369 1510
f 334 1502 369
f 1502 222 722
f 222 1502 334
f 1306 222 334
f 1832 722 222
f 432 1510 783
f 25 1510 432
f 1070 1510 25
f 1070 334 1510
f 1306 334 1070
f 1832 222 1306
f 841 25 432
f 801 25 841
f 801 1070 25
f 12 1070 801
f 12 1306 1070
f 1832 677 1083
f 677 1306 12
f 677 1832 1306
f 1607 841 432
f 149 841 1607
f 80 841 149
f 80 801 841
f 178 80 149
f 801 857 12
f 857 801 80
f 178 857 80
f 677 12 857
f 881 149 1607
f 8 149 881
f 8 881 1289
f 1126 149 8
f 1126 178 149
f 178 562 857
f 562 178 1126
f 677 1015 1083
f 677 17 1015
f 17 677 857
f 182 857 562
f 182 17 857
f 990 550 1815
f 1815 550 1668
f 1815 1668 1954
f 87 1815 1954
f 1727 990 1815
f 1727 1815 87
f 183 990 1727
f 38 1727 607
f 38 183 1727
f 607 1727 87
f 183 1924 990
f 100 1824 1924
f 100 1924 183
f 100 183 38
f 1936 1824 100
f 1193 1936 100
f 773 1936 1193
f 773 889 1936
f 282 1572 1900
f 647 1989 1684
f 1065 1684 1572
f 1026 1761 1989
f 1761 1116 1989
f 1701 949 1116
f 949 195 1116
f 1102 718 889
f 811 718 1102
f 826 1607 811
f 881 1607 826
f 826 811 1102
f 75 881 826
f 386 1102 889
f 386 826 1102
f 1300 826 386
f 75 826 1300
f 1368 75 1300
f 1855 889 773
f 1855 386 889
f 1855 1300 386
f 569 1300 1855
f 569 1368 1300
f 1674 1368 569
f 847 1368 1674
f 1766 1855 773
f 747 1855 1766
f 747 569 1855
f 1674 569 747
f 161 847 1674
f 323 1116 1761
f 1173 323 1016
f 323 1701 1116
f 1173 1701 323
f 1173 84 1701
f 84 949 1701
f 84 1456 949
f 1456 195 949
f 1456 1494 195
f 367 1469 1173
f 1015 1469 367
f 1469 84 1173
f 1015 1232 1469
f 1015 1940 1232
f 1469 1456 84
f 1232 1456 1469
f 1940 1096 1232
f 1232 1096 1456
f 1940 993 1096
f 1456 1096 1396
f 1126 8 1289
f 562 1094 182
f 1094 562 1126
f 391 881 75
f 391 1289 881
f 576 1289 391
f 576 391 318
f 507 1289 576
f 507 1126 1289
f 1094 106 182
f 1094 507 106
f 507 1094 1126
f 17 248 1015
f 182 248 17
f 248 182 106
f 318 391 75
f 137 576 318
f 576 252 507
f 252 576 137
f 507 252 106
f 248 1940 1015
f 1368 318 75
f 660 318 1368
f 660 137 318
f 660 1368 767
f 1488 137 660
f 1488 252 137
f 252 71 106
f 252 242 71
f 242 252 1488
f 248 71 1940
f 71 248 106
f 83 660 767
f 173 660 83
f 173 1488 660
f 173 242 1488
f 847 767 1368
f 171 767 847
f 171 83 767
f 207 171 847
f 809 83 171
f 809 173 83
f 809 171 207
f 242 328 71
f 173 328 242
f 173 250 328
f 250 173 809
f 71 328 1940
f 76 207 847
f 293 207 76
f 598 207 293
f 598 809 207
f 250 809 598
f 328 993 1940
f 161 76 847
f 1029 76 161
f 1029 293 76
f 247 293 1029
f 247 598 293
f 250 890 328
f 250 247 890
f 247 250 598
f 1029 161 96
f 604 247 1029
f 1925 38 607
f 1925 607 87
f 1193 100 38
f 1996 1193 38
f 1996 38 1925
f 1995 773 1193
f 1995 1193 1996
f 1900 1991 1088
f 1572 1991 1900
f 1572 1183 1991
f 1684 1989 1572
f 1989 1183 1572
f 1989 1459 1183
f 1989 1792 1459
f 1116 195 1989
f 195 1362 1989
f 1494 1362 195
f 1989 1490 1792
f 1362 1490 1989
f 1362 1540 1490
f 1061 1540 1362
f 1061 1982 1540
f 1551 747 1766
f 1551 1674 747
f 967 1674 1551
f 1447 1674 967
f 1447 161 1674
f 616 1551 1766
f 1766 773 1995
f 1736 1551 616
f 967 1551 1736
f 28 967 1736
f 28 1447 967
f 1378 1766 1995
f 1378 616 1766
f 1736 616 1378
f 296 1736 1378
f 296 28 1736
f 1216 28 296
f 781 1378 1995
f 296 1378 781
f 101 1216 296
f 1580 296 781
f 101 296 1580
f 1295 101 1580
f 1456 1396 1494
f 1396 1362 1494
f 993 1597 1096
f 993 1541 1597
f 1096 1597 1396
f 1396 1061 1362
f 1396 1597 1061
f 1541 1231 1597
f 1597 1982 1061
f 1597 1231 1982
f 328 890 993
f 247 130 890
f 130 247 604
f 890 1541 993
f 130 1008 890
f 1008 604 245
f 1008 130 604
f 28 73 1447
f 890 752 1541
f 1008 752 890
f 1008 13 752
f 1541 1206 1231
f 752 1206 1541
f 13 1614 752
f 1614 1206 752
f 96 161 1447
f 65 1029 96
f 604 1029 65
f 73 96 1447
f 46 96 73
f 46 65 96
f 245 65 46
f 245 604 65
f 157 73 28
f 157 46 73
f 157 28 1645
f 862 46 157
f 862 245 46
f 94 862 157
f 862 1008 245
f 94 157 1645
f 862 13 1008
f 13 862 94
f 1216 1645 28
f 372 1645 1216
f 1973 1645 372
f 1973 94 1645
f 13 94 1973
f 400 1216 101
f 400 372 1216
f 1117 372 400
f 1117 1973 372
f 13 1117 1614
f 1117 13 1973
f 994 101 352
f 994 400 101
f 232 400 994
f 232 1117 400
f 1117 232 1614
f 352 101 1295
f 412 232 994
f 232 412 1614
f 1890 1925 1847
f 1536 1925 1890
f 1536 1996 1925
f 1662 1996 1536
f 1709 1996 1662
f 1709 1995 1996
f 1781 1995 1709
f 454 1781 1709
f 1982 1468 1540
f 1681 1468 1982
f 1468 544 1540
f 1468 1404 544
f 1681 358 1468
f 358 1404 1468
f 358 499 1404
f 1781 781 1995
f 872 781 1781
f 872 1580 781
f 1060 1580 872
f 1295 1580 1060
f 255 1060 872
f 1103 872 1781
f 1103 255 872
f 960 1103 1781
f 1223 1295 1060
f 1169 1060 255
f 1169 1223 1060
f 1169 255 1103
f 1926 1169 1103
f 1926 1103 960
f 1051 1926 960
f 1231 1681 1982
f 1231 1501 1681
f 1501 358 1681
f 1501 499 358
f 1501 1259 499
f 1259 951 499
f 1259 1621 951
f 1206 1501 1231
f 1614 820 1206
f 1614 468 820
f 1206 1259 1501
f 820 1259 1206
f 820 535 1259
f 535 1291 1259
f 1259 1291 1621
f 535 915 1291
f 1515 352 1295
f 1515 994 352
f 468 994 1515
f 468 412 994
f 412 468 1614
f 1223 1515 1295
f 423 1515 1223
f 105 1515 423
f 105 468 1515
f 468 105 820
f 717 105 423
f 105 717 820
f 237 1223 1169
f 237 423 1223
f 1299 423 237
f 1299 717 423
f 717 1299 820
f 845 237 1169
f 653 237 845
f 653 1299 237
f 1299 535 820
f 1299 653 535
f 1825 1169 1926
f 1825 845 1169
f 306 845 1825
f 306 653 845
f 653 306 535
f 542 1825 1926
f 1137 1825 542
f 1137 306 1825
f 306 1137 535
f 1051 542 1926
f 541 542 1051
f 1067 542 541
f 1067 1137 542
f 1137 915 535
f 1137 1067 915
f 782 234 1663
f 1888 234 782
f 1828 782 1514
f 1828 1888 782
f 1604 1828 1514
f 1604 1514 1367
f 1381 1888 1828
f 710 1381 1828
f 710 1828 1907
f 1663 1657 277
f 1737 277 1657
f 277 782 1663
f 1514 277 1625
f 1514 782 277
f 1737 1625 277
f 1367 1514 1625
f 1625 1613 1367
f 1737 1622 1625
f 761 1622 1737
f 761 1752 1622
f 761 1279 1752
f 1711 1279 761
f 1910 1279 1711
f 1197 1352 1711
f 1920 1352 1197
f 1711 1352 1910
f 1394 1828 1604
f 1604 1367 1348
f 1348 1394 1604
f 641 1394 1348
f 152 1394 641
f 1322 152 641
f 1322 641 814
f 1907 1828 1394
f 1907 1394 152
f 1194 1907 152
f 1907 1194 710
f 1189 1381 710
f 1622 1613 1625
f 1613 1348 1367
f 1613 1760 1348
f 1622 452 1613
f 1613 452 1760
f 452 1609 1760
f 814 1348 1760
f 1348 814 641
f 1760 1609 814
f 1752 452 1622
f 1752 1739 452
f 1279 1739 1752
f 1293 1964 1352
f 1322 298 152
f 298 1322 45
f 1194 152 298
f 1100 710 1194
f 1436 710 1100
f 1436 1189 710
f 298 1100 1194
f 298 1618 1100
f 1618 1436 1100
f 1618 417 1436
f 1618 298 1566
f 1278 1189 1993
f 1993 1189 1436
f 1993 1436 417
f 134 1278 1993
f 45 1322 814
f 1959 814 1609
f 814 1959 45
f 682 1959 1609
f 452 682 1609
f 1566 298 45
f 916 1566 45
f 1959 916 45
f 682 916 1959
f 682 1326 916
f 916 1326 1566
f 1566 1254 1618
f 1326 1782 1566
f 1823 1739 1279
f 1739 682 452
f 1739 1336 682
f 1739 1953 1336
f 682 1336 1326
f 1910 1823 1279
f 1910 1947 1823
f 1823 1953 1739
f 1823 1600 1953
f 1947 1600 1823
f 1947 377 1600
f 1352 1964 1910
f 1964 1947 1910
f 1964 1611 1947
f 1886 1611 1964
f 1611 377 1947
f 1951 417 1618
f 134 1993 417
f 134 1303 1278
f 1076 134 417
f 1076 417 1951
f 1579 134 1076
f 1579 1303 134
f 1336 1782 1326
f 1254 1951 1618
f 1782 1254 1566
f 1034 1951 1254
f 1782 1034 1254
f 1782 164 1034
f 1850 164 1782
f 1076 1951 1034
f 1034 1878 1076
f 1878 1579 1076
f 1366 1303 1579
f 1878 1366 1579
f 1034 164 1878
f 164 1366 1878
f 1853 1800 1366
f 164 1853 1366
f 1336 1850 1782
f 1953 1850 1336
f 1953 961 1850
f 961 1838 1850
f 1850 1838 164
f 1853 164 1838
f 961 1976 1838
f 377 1680 1600
f 1600 961 1953
f 1600 1680 961
f 1611 1276 377
f 1611 1554 1276
f 377 1276 1680
f 1976 1853 1838
f 961 822 1976
f 1680 822 961
f 1554 1821 1276
f 1680 1236 822
f 1276 1236 1680
f 1276 1821 1236
f 1821 1833 1236
f 1705 1507 1869
f 980 1869 1979
f 1705 1869 980
f 1474 1774 1507
f 1705 474 1507
f 474 1474 1507
f 1338 1474 474
f 474 1705 1498
f 1726 1774 1474
f 1334 1726 1474
f 1852 1726 1334
f 1334 1474 1338
f 1860 1852 1334
f 1922 1192 1852
f 1922 1852 1860
f 1922 1688 1192
f 1970 1688 1922
f 1970 1847 1688
f 1835 1847 1970
f 1002 1835 1970
f 1930 1835 1002
f 1979 1381 1189
f 1713 1979 1189
f 1733 1979 1713
f 1713 1189 1805
f 1733 980 1979
f 1952 980 1733
f 1842 980 1952
f 502 1952 1733
f 1653 1842 1952
f 1498 1705 980
f 1498 1338 474
f 1158 1338 1498
f 1842 1498 980
f 1573 1158 1498
f 1573 1498 1842
f 1476 1573 1842
f 1476 1842 1653
f 740 1158 1573
f 1158 1334 1338
f 740 1334 1158
f 1860 1334 740
f 1595 1860 740
f 201 1860 1595
f 1002 1970 1922
f 201 1922 1860
f 1879 1922 201
f 1879 1002 1922
f 1710 1002 1879
f 1759 1345 1002
f 1759 1002 1710
f 1805 1189 1278
f 1762 1713 1805
f 863 1733 1713
f 502 1733 863
f 863 1713 1244
f 1244 1713 1762
f 1244 1503 863
f 1894 863 1503
f 1653 1952 502
f 1802 1653 502
f 1637 1653 1802
f 1802 502 1796
f 1796 502 863
f 1796 863 1894
f 1637 1476 1653
f 888 1802 1796
f 888 1883 1802
f 1883 1637 1802
f 1729 1573 1476
f 1729 740 1573
f 1595 740 1729
f 1637 1729 1476
f 1883 1729 1637
f 1431 1595 1729
f 1431 201 1595
f 1431 1729 1883
f 1466 1431 1883
f 1463 201 1431
f 1463 1879 201
f 1793 1879 1463
f 1793 1710 1879
f 701 1759 1793
f 1759 1710 1793
f 683 1805 1278
f 1303 683 1278
f 683 1762 1805
f 1387 1762 683
f 1762 1503 1244
f 953 1503 1762
f 953 1762 1387
f 952 1503 953
f 888 1796 1894
f 1576 1387 683
f 1366 683 1303
f 1366 1800 683
f 1576 683 1800
f 632 1387 1576
f 726 632 1576
f 1800 726 1576
f 1853 726 1800
f 1902 1894 1503
f 952 1902 1503
f 632 953 1387
f 632 952 953
f 1971 1902 952
f 1971 952 632
f 726 1971 632
f 1883 888 1754
f 1902 888 1894
f 1902 1754 888
f 1971 1754 1902
f 1797 1971 726
f 1700 1971 1797
f 1466 1883 1754
f 1971 1466 1754
f 1473 1466 1971
f 1700 1728 1971
f 1728 1473 1971
f 1473 1431 1466
f 1877 1473 1728
f 1877 1884 1473
f 1473 1463 1431
f 1884 1463 1473
f 1810 54 1884
f 1862 54 1810
f 1810 1884 1877
f 701 1793 54
f 1884 1793 1463
f 54 1793 1884
f 1853 1797 726
f 1976 1397 1853
f 1397 1797 1853
f 1397 1700 1797
f 822 1397 1976
f 822 1696 1397
f 1236 1696 822
f 1397 1728 1700
f 1696 1728 1397
f 1696 1877 1728
f 1833 1619 1236
f 1619 1696 1236
f 1619 1877 1696
f 1810 1877 1619
f 1619 1955 1810
f 1499 1920 1197
f 1129 1885 1720
f 1720 1920 1499
f 1885 1978 1720
f 1720 1978 1920
f 489 268 1885
f 1885 1282 1978
f 268 1282 1885
f 1218 1386 950
f 1386 1246 950
f 1386 1763 1246
f 457 1246 246
f 246 1763 731
f 1763 246 1246
f 246 731 389
f 246 389 211
f 348 950 489
f 950 348 1218
f 950 1246 489
f 1246 769 489
f 1246 457 769
f 489 769 268
f 917 457 246
f 457 917 769
f 769 596 268
f 596 769 917
f 896 708 1814
f 896 678 708
f 567 678 896
f 1814 875 1386
f 708 875 1814
f 708 475 875
f 678 475 708
f 678 402 475
f 567 402 678
f 567 1547 402
f 1763 1386 875
f 475 1763 875
f 475 1391 1763
f 475 1180 1391
f 402 1180 475
f 402 997 1180
f 1547 997 402
f 1391 1587 1763
f 1180 1587 1391
f 1180 1 1587
f 997 1 1180
f 997 1203 1
f 1547 1203 997
f 1587 620 731
f 1587 1491 620
f 1587 731 1763
f 1 1491 1587
f 1 1211 1491
f 1203 1211 1
f 1491 1273 620
f 1211 1273 1491
f 1203 1273 1211
f 1203 1520 1273
f 389 731 620
f 620 746 389
f 1273 746 620
f 1273 469 746
f 1520 469 1273
f 746 211 389
f 746 714 211
f 469 714 746
f 469 549 714
f 1520 549 469
f 873 1263 1594
f 1594 1547 567
f 1324 1263 873
f 1594 1263 1547
f 1324 1019 1263
f 1324 1712 1019
f 1263 1019 1547
f 1547 1520 1203
f 1019 1520 1547
f 1019 1461 1520
f 1019 1712 1461
f 1712 156 1461
f 1848 1138 1114
f 322 1138 1848
f 322 1913 1138
f 1138 546 1114
f 1324 1114 546
f 1138 1220 546
f 1913 1220 1138
f 1324 546 1712
f 1220 560 546
f 560 1712 546
f 1220 1650 560
f 560 1685 1712
f 1220 1154 1650
f 1685 560 1650
f 1685 156 1712
f 1230 1220 1913
f 1914 1220 1230
f 1914 1154 1220
f 1914 388 1154
f 1920 1767 1352
f 1767 1293 1352
f 1945 663 1767
f 1767 663 1293
f 1978 1945 1920
f 1945 1767 1920
f 268 586 1282
f 586 926 1282
f 246 211 797
f 886 246 1627
f 1627 246 797
f 1627 797 734
f 492 1627 1706
f 1706 734 440
f 1706 1627 734
f 596 917 301
f 886 917 246
f 301 917 886
f 596 593 268
f 593 596 301
f 593 586 268
f 10 301 886
f 301 10 593
f 593 1660 586
f 10 886 1627
f 10 1660 593
f 1660 962 586
f 492 10 1627
f 962 10 492
f 962 1660 10
f 962 1533 586
f 1533 926 586
f 1533 962 492
f 926 1533 1247
f 1247 1533 492
f 1059 926 1247
f 839 1247 492
f 1059 1247 839
f 1706 839 492
f 211 170 797
f 714 170 211
f 714 1186 170
f 549 1186 714
f 549 1347 1186
f 1520 1347 549
f 1058 170 243
f 170 1058 797
f 1186 243 170
f 1186 158 243
f 1347 158 1186
f 1520 1632 1347
f 243 1927 1058
f 158 1927 243
f 158 32 1927
f 158 90 32
f 1347 90 158
f 734 797 1058
f 1927 734 1058
f 32 18 1927
f 90 18 32
f 1347 1632 90
f 1927 506 734
f 18 506 1927
f 18 41 506
f 90 41 18
f 90 23 41
f 1632 23 90
f 506 104 440
f 506 440 734
f 41 168 506
f 23 168 41
f 23 398 168
f 1632 398 23
f 440 81 1706
f 81 440 104
f 168 104 506
f 168 832 104
f 398 832 168
f 81 104 1030
f 832 1030 104
f 832 493 1030
f 398 493 832
f 398 1041 493
f 1632 1041 398
f 1461 1632 1520
f 156 1267 1461
f 692 1267 156
f 1461 1267 1632
f 1154 1049 1650
f 1685 1650 1049
f 1685 1049 692
f 1685 692 156
f 1154 126 1049
f 1154 388 126
f 1049 1986 692
f 1986 1049 126
f 1975 692 1986
f 692 1975 1267
f 388 1615 126
f 388 1106 1615
f 1986 126 1615
f 1106 453 1615
f 1986 1615 453
f 1986 1517 1975
f 1975 1517 1267
f 1106 1968 453
f 453 1639 1986
f 1986 1639 1517
f 1891 388 1914
f 1106 1948 1968
f 1891 1106 388
f 1891 1427 1106
f 1895 1427 1891
f 1106 1427 1948
f 1895 1871 1427
f 1871 1904 1427
f 1991 1871 1531
f 1531 1871 1895
f 663 1545 1293
f 1293 1545 1964
f 663 1903 1545
f 1545 1886 1964
f 1545 312 1886
f 312 1545 1903
f 312 1629 1886
f 1978 1753 1945
f 1945 1903 663
f 1945 1212 1903
f 1753 1212 1945
f 1753 1798 1212
f 1903 1629 312
f 1282 1753 1978
f 1282 1190 1753
f 926 1987 1282
f 1987 1486 1282
f 1486 1190 1282
f 1190 1798 1753
f 1486 1143 1190
f 1143 1798 1190
f 839 1706 1331
f 1059 1987 926
f 444 1059 839
f 444 1987 1059
f 1987 605 1486
f 605 1987 1057
f 1388 444 839
f 1057 444 1388
f 444 1057 1987
f 1388 839 1331
f 605 1321 1486
f 605 914 1321
f 1928 1057 1388
f 1057 914 605
f 1057 1928 914
f 914 103 1321
f 1928 103 914
f 1388 1331 628
f 103 300 1321
f 300 876 1321
f 300 1928 1369
f 300 103 1928
f 1928 1388 628
f 876 300 1170
f 1170 300 1369
f 124 1928 628
f 1369 1928 124
f 1344 1143 1486
f 1321 1344 1486
f 1321 876 1344
f 1296 265 823
f 265 765 823
f 265 853 765
f 765 1487 812
f 853 1487 765
f 853 709 1487
f 709 92 1487
f 1487 404 812
f 92 404 1487
f 92 189 404
f 189 1354 404
f 189 796 1354
f 81 1066 1331
f 81 1331 1706
f 1066 81 1030
f 1030 425 1066
f 493 425 1030
f 493 56 425
f 493 675 56
f 1041 675 493
f 1066 557 1331
f 425 557 1066
f 425 1296 557
f 56 1296 425
f 56 675 1296
f 1296 108 557
f 1296 823 108
f 675 265 1296
f 675 426 265
f 1041 426 675
f 557 108 1331
f 108 823 765
f 426 853 265
f 1041 1881 426
f 628 108 812
f 108 628 1331
f 812 108 765
f 853 19 709
f 426 19 853
f 426 1881 19
f 19 92 709
f 19 434 92
f 1881 434 19
f 628 812 1806
f 1806 812 404
f 434 189 92
f 1806 404 1354
f 434 796 189
f 434 609 796
f 1881 609 434
f 1267 1041 1632
f 1267 1139 1041
f 1517 1139 1267
f 1139 1881 1041
f 1139 1013 1881
f 508 453 1968
f 453 1077 1639
f 1077 453 508
f 1639 1139 1517
f 1139 1639 1077
f 102 508 1346
f 508 102 1077
f 102 1159 1077
f 1077 1159 1139
f 1159 1013 1139
f 33 102 977
f 33 1159 102
f 1159 33 1013
f 1968 1948 508
f 1948 1346 508
f 1427 1918 1948
f 1948 1918 1346
f 1346 977 102
f 1918 977 1346
f 1904 1577 1427
f 1871 1260 1904
f 1871 239 1260
f 1611 1886 1629
f 1629 1442 1611
f 1629 1136 1442
f 1442 1642 1611
f 1642 1554 1611
f 1136 1642 1442
f 1136 1966 1642
f 1966 1417 1642
f 1642 1417 1554
f 1903 1175 1629
f 1212 1175 1903
f 1798 1175 1212
f 1798 186 1175
f 1175 1136 1629
f 1780 1966 1136
f 1175 1780 1136
f 186 1780 1175
f 186 880 1780
f 1143 186 1798
f 1143 575 186
f 1569 575 1143
f 1569 445 575
f 124 628 1957
f 998 628 1806
f 1957 628 998
f 578 1957 998
f 1482 1957 578
f 124 1957 1482
f 1198 124 1482
f 1482 578 1108
f 1170 908 876
f 1131 1170 1369
f 908 1170 1131
f 124 1131 1369
f 1198 1131 124
f 924 1131 1198
f 1997 924 1198
f 735 924 1997
f 876 779 1344
f 779 876 908
f 1344 1569 1143
f 779 116 1344
f 779 976 116
f 976 908 1131
f 908 976 779
f 116 1569 1344
f 476 976 861
f 476 116 976
f 476 1569 116
f 924 976 1131
f 861 976 924
f 476 517 1569
f 517 1648 1569
f 735 861 924
f 1370 861 735
f 861 1370 476
f 1370 517 476
f 1569 1104 445
f 1310 1104 1569
f 1648 1310 1569
f 1648 517 843
f 1370 843 517
f 1310 1648 355
f 1623 1370 735
f 1623 843 1370
f 355 843 1623
f 843 355 1648
f 1310 672 1104
f 672 995 1104
f 1038 355 1623
f 355 672 1310
f 355 1038 672
f 1104 869 445
f 1783 1354 741
f 796 741 1354
f 796 213 741
f 796 644 213
f 213 828 741
f 644 828 213
f 690 741 121
f 690 1783 741
f 828 121 741
f 828 198 121
f 644 198 828
f 644 470 198
f 121 1284 690
f 198 1284 121
f 198 470 1284
f 1284 1162 690
f 1284 743 1162
f 470 743 1284
f 470 780 743
f 743 536 1162
f 780 536 743
f 536 1421 1162
f 536 302 1421
f 536 462 302
f 780 462 536
f 780 1457 462
f 462 1272 302
f 462 1297 1272
f 1457 1297 462
f 998 1806 1783
f 1783 1806 1354
f 609 644 796
f 609 778 644
f 1881 778 609
f 998 1783 690
f 778 470 644
f 1881 1217 778
f 778 1217 470
f 578 690 1162
f 578 998 690
f 1217 780 470
f 1217 1457 780
f 578 1162 1421
f 1108 578 1421
f 1013 1217 1881
f 1013 1942 1217
f 1013 1972 1942
f 1013 965 1972
f 1972 1969 1942
f 977 965 33
f 977 966 965
f 33 965 1013
f 966 1316 965
f 965 1316 1972
f 1316 794 1972
f 1427 1226 1918
f 1577 1226 1427
f 1918 966 977
f 1918 1383 966
f 1226 1383 1918
f 1007 1383 1226
f 1383 1316 966
f 1904 1226 1577
f 1904 1553 1226
f 1904 1260 1553
f 1260 763 1553
f 1553 763 1226
f 864 1007 1226
f 1462 763 1260
f 864 1226 763
f 1556 763 1462
f 239 1462 1260
f 239 1439 1462
f 239 1332 1439
f 1725 1332 239
f 1462 1439 1556
f 1417 1821 1554
f 1966 1821 1417
f 1821 1708 1833
f 1780 1880 1966
f 1880 1821 1966
f 880 1880 1780
f 1880 1708 1821
f 1880 1640 1708
f 1908 1708 1640
f 575 880 186
f 1923 880 575
f 445 1923 575
f 880 856 1880
f 1923 856 880
f 263 856 1923
f 263 901 856
f 1281 856 901
f 856 1281 1880
f 1281 1640 1880
f 1281 1253 1640
f 1562 1640 1253
f 1985 1198 1482
f 1997 1198 594
f 594 1198 1985
f 1477 1997 594
f 4 1997 1477
f 995 869 1104
f 1623 735 1997
f 1791 1038 1623
f 1791 672 1038
f 921 672 1791
f 921 995 672
f 603 1623 1997
f 603 1791 1623
f 603 1413 1791
f 1341 921 1791
f 1413 1341 1791
f 603 1997 4
f 947 1341 1413
f 500 603 4
f 500 1413 603
f 159 1413 500
f 159 947 1413
f 150 947 159
f 995 1667 869
f 445 1320 1923
f 869 145 445
f 145 1320 445
f 1667 145 869
f 1667 995 921
f 145 1667 579
f 921 579 1667
f 579 1073 145
f 1320 263 1923
f 854 145 1073
f 145 854 1320
f 854 263 1320
f 854 954 263
f 1341 579 921
f 1073 579 1341
f 954 1764 263
f 816 854 1073
f 816 954 854
f 1764 954 1052
f 1896 954 816
f 1052 954 1896
f 1341 816 1073
f 150 1341 947
f 577 1341 150
f 577 816 1341
f 1896 816 577
f 233 1896 577
f 233 1052 1896
f 1812 1052 233
f 577 150 838
f 1764 901 263
f 1764 617 901
f 1052 1812 1764
f 901 1571 1281
f 617 1764 1812
f 617 465 901
f 465 1571 901
f 1812 1549 617
f 1549 465 617
f 1571 1756 1281
f 670 1756 1571
f 465 670 1571
f 670 401 1756
f 42 1253 1281
f 1756 42 1281
f 381 302 1272
f 302 824 1421
f 302 381 824
f 1297 381 1272
f 1297 1414 381
f 1457 1414 1297
f 381 95 824
f 1414 95 381
f 95 1176 824
f 95 902 1176
f 95 383 902
f 1414 383 95
f 1414 1323 383
f 1280 1323 1414
f 902 273 1176
f 383 533 902
f 533 273 902
f 383 1323 533
f 533 642 273
f 533 439 642
f 1323 439 533
f 1323 673 439
f 1641 673 1323
f 439 1005 642
f 673 1005 439
f 1108 1421 824
f 1457 1280 1414
f 1217 1280 1457
f 1217 957 1280
f 1942 957 1217
f 680 1108 824
f 1482 1108 680
f 680 824 1176
f 1087 680 1109
f 1087 1482 680
f 1985 1482 1087
f 1109 1176 273
f 1109 680 1176
f 1280 1641 1323
f 957 1641 1280
f 642 1109 273
f 957 313 1641
f 1942 750 957
f 1214 1985 1087
f 1085 1985 1214
f 545 1109 642
f 1087 1109 545
f 868 642 1005
f 642 868 545
f 673 1508 1005
f 1641 1508 673
f 313 1508 1641
f 957 1025 313
f 750 1025 957
f 50 1087 545
f 633 1087 50
f 1214 1087 633
f 868 204 545
f 204 50 545
f 204 1101 50
f 1005 848 868
f 848 204 868
f 1508 848 1005
f 1508 1036 848
f 313 1036 1508
f 313 1001 1036
f 1025 1001 313
f 1942 1583 750
f 633 50 1101
f 1101 333 633
f 333 1214 633
f 333 1069 1214
f 1069 724 1214
f 724 1085 1214
f 848 122 204
f 122 1101 204
f 122 333 1101
f 122 1166 333
f 1036 122 848
f 1001 122 1036
f 1001 1166 122
f 1001 643 1166
f 1025 643 1001
f 1025 510 643
f 750 510 1025
f 750 1757 510
f 1583 1757 750
f 1969 514 1942
f 109 1985 815
f 109 594 1985
f 1477 594 109
f 815 1985 1085
f 4 1477 127
f 1942 220 1583
f 220 514 1790
f 514 220 1942
f 68 1477 109
f 284 1477 68
f 127 1477 284
f 1333 4 127
f 147 68 109
f 514 751 1790
f 1969 751 514
f 1969 874 751
f 1972 874 1969
f 1972 930 874
f 1972 1292 930
f 1972 1444 1292
f 1316 341 794
f 1316 1655 341
f 1316 996 1655
f 996 148 1655
f 758 4 1333
f 686 4 758
f 686 500 4
f 159 420 150
f 686 844 500
f 844 159 500
f 844 610 159
f 610 420 159
f 794 1444 1972
f 794 983 1444
f 341 983 794
f 341 473 983
f 341 1522 473
f 1655 1522 341
f 1522 148 941
f 1655 148 1522
f 996 443 148
f 1383 996 1316
f 1007 996 1383
f 1007 561 996
f 864 561 1007
f 864 1020 561
f 420 838 150
f 996 1056 443
f 996 36 1056
f 561 36 996
f 763 1831 864
f 763 1305 1831
f 1556 1305 763
f 1831 1020 864
f 1831 539 1020
f 539 1119 1020
f 1305 539 1831
f 1305 934 539
f 1305 831 934
f 1441 831 1305
f 1395 1556 1439
f 1332 1395 1439
f 1332 1328 1395
f 1556 1441 1305
f 1556 1395 1441
f 1328 1003 1395
f 1328 1252 1003
f 1395 1003 1441
f 233 577 15
f 1450 233 15
f 899 670 465
f 401 670 899
f 899 465 1549
f 233 1779 1812
f 1779 1549 1812
f 899 1549 1779
f 1779 233 638
f 716 899 1779
f 401 899 716
f 898 401 716
f 42 859 1253
f 859 1691 1253
f 1438 859 42
f 988 1438 42
f 401 1191 1756
f 1191 42 1756
f 1191 988 42
f 1738 859 1438
f 1430 859 1738
f 988 1738 1438
f 898 1191 401
f 898 988 1191
f 898 1738 988
f 518 898 791
f 518 1738 898
f 834 1738 518
f 788 1738 834
f 788 1430 1738
f 724 325 1085
f 1166 1069 333
f 1166 112 1069
f 112 724 1069
f 112 482 724
f 482 1125 724
f 1125 325 724
f 1125 316 325
f 643 112 1166
f 510 112 643
f 1757 112 510
f 1757 482 112
f 1757 1125 482
f 1583 1125 1757
f 1583 316 1125
f 283 1085 325
f 283 815 1085
f 587 815 283
f 587 109 815
f 147 109 587
f 587 1634 147
f 1634 68 147
f 1634 203 68
f 203 284 68
f 203 127 284
f 203 592 127
f 592 1333 127
f 316 283 325
f 316 1045 283
f 1045 599 283
f 599 587 283
f 599 553 587
f 553 1634 587
f 553 1420 1634
f 1420 203 1634
f 1420 930 203
f 930 1420 874
f 930 592 203
f 930 1292 592
f 1292 1444 592
f 220 316 1583
f 220 1045 316
f 1790 1045 220
f 1790 599 1045
f 599 751 553
f 751 599 1790
f 751 1420 553
f 751 874 1420
f 197 686 758
f 592 758 1333
f 592 405 758
f 405 197 758
f 197 91 686
f 91 844 686
f 91 85 844
f 85 344 844
f 344 610 844
f 344 941 610
f 941 131 610
f 131 420 610
f 1444 405 592
f 983 405 1444
f 405 983 197
f 983 91 197
f 473 91 983
f 1522 91 473
f 1522 85 91
f 1522 344 85
f 941 344 1522
f 148 131 941
f 443 131 148
f 937 838 420
f 838 748 577
f 748 15 577
f 937 78 838
f 78 748 838
f 131 937 420
f 131 78 937
f 443 78 131
f 443 1056 78
f 1056 36 78
f 561 774 36
f 561 636 774
f 1020 636 561
f 1450 638 233
f 748 139 15
f 139 1201 15
f 1201 1450 15
f 760 748 78
f 760 1258 748
f 1258 139 748
f 36 760 78
f 774 760 36
f 774 1258 760
f 1258 636 139
f 636 1258 774
f 636 720 139
f 1020 720 636
f 1020 1652 720
f 1119 1652 1020
f 1201 638 1450
f 1201 1264 638
f 139 361 1201
f 361 1264 1201
f 361 727 1264
f 720 361 139
f 720 985 361
f 1652 985 720
f 985 727 361
f 985 732 727
f 1652 732 985
f 1119 732 1652
f 1119 685 732
f 727 1150 1264
f 732 1150 727
f 685 1150 732
f 1441 679 831
f 638 1215 1779
f 771 716 1779
f 1264 1215 638
f 539 685 1119
f 539 360 685
f 539 39 360
f 934 39 539
f 723 1779 1215
f 771 1779 723
f 716 115 898
f 1150 1215 1264
f 1150 117 1215
f 117 723 1215
f 117 1032 723
f 1150 360 117
f 360 1150 685
f 360 1032 117
f 360 1062 1032
f 360 39 1062
f 39 166 1062
f 934 166 39
f 934 1317 166
f 831 1317 934
f 716 771 436
f 437 723 1032
f 437 771 723
f 436 771 437
f 436 1314 716
f 1314 115 716
f 1314 484 115
f 437 390 436
f 390 1314 436
f 1062 437 1032
f 1062 166 437
f 166 390 437
f 166 570 390
f 1317 570 166
f 570 665 390
f 1317 665 570
f 831 665 1317
f 831 256 665
f 679 256 831
f 679 249 256
f 679 311 249
f 484 725 115
f 390 580 1314
f 580 484 1314
f 580 228 484
f 228 725 484
f 665 580 390
f 256 580 665
f 256 228 580
f 256 249 228
f 249 725 228
f 249 1037 725
f 249 311 1037
f 1003 679 1441
f 1003 1380 679
f 1003 1778 1380
f 1252 1778 1003
f 1252 43 1778
f 948 518 791
f 1380 311 679
f 791 898 115
f 725 791 115
f 725 776 791
f 776 948 791
f 311 451 1037
f 1380 451 311
f 1380 770 451
f 1380 330 770
f 1778 330 1380
f 1778 1018 330
f 1778 755 1018
f 1778 48 755
f 43 48 1778
f 518 456 834
f 456 788 834
f 456 891 788
f 725 384 776
f 384 458 776
f 458 948 776
f 458 518 948
f 458 615 518
f 615 456 518
f 615 1443 456
f 1443 891 456
f 1443 260 891
f 260 1339 891
f 1037 384 725
f 451 384 1037
f 384 770 458
f 770 384 451
f 770 330 458
f 330 615 458
f 330 1018 615
f 1018 1443 615
f 1018 755 1443
f 755 350 1443
f 350 260 1443
f 755 48 350
f 48 260 350
f 48 43 260
f 43 568 260
f 568 1339 260
f 1835 1890 1847
f 1638 1890 1835
f 1638 1536 1890
f 1638 1835 1930
f 1662 1536 1638
f 1023 1662 1638
f 1023 1709 1662
f 454 1709 1023
f 1500 454 1023
f 960 1781 454
f 1865 960 454
f 736 1865 454
f 133 736 454
f 1222 736 133
f 1222 1602 736
f 133 454 1500
f 515 1051 960
f 515 960 1865
f 1152 515 1865
f 1152 1865 736
f 1602 1152 736
f 817 968 544
f 544 1694 1540
f 968 1694 544
f 499 742 1404
f 499 1932 742
f 951 1932 499
f 1621 903 951
f 1404 742 544
f 903 1932 951
f 742 817 544
f 742 1091 817
f 1932 1091 742
f 903 1539 1932
f 903 428 1539
f 1932 1539 1091
f 1091 865 817
f 1539 865 1091
f 817 865 968
f 1539 711 865
f 1539 646 711
f 1621 1167 903
f 1291 1167 1621
f 1291 251 1167
f 915 251 1291
f 915 656 251
f 1167 428 903
f 251 428 1167
f 656 529 251
f 656 1040 529
f 428 646 1539
f 251 646 428
f 251 529 646
f 529 1591 646
f 529 1683 1591
f 541 1051 515
f 179 1067 541
f 1067 179 915
f 407 541 515
f 1382 541 407
f 1382 179 541
f 179 656 915
f 179 1382 656
f 407 515 1152
f 1353 1382 407
f 1382 1353 656
f 973 407 1152
f 892 407 973
f 892 1353 407
f 1353 892 656
f 973 1152 1602
f 595 892 973
f 892 1040 656
f 1040 892 595
f 416 973 1602
f 1631 973 416
f 1631 595 973
f 1040 1631 529
f 1631 1040 595
f 396 1602 1222
f 396 416 1602
f 385 416 396
f 385 1631 416
f 1631 385 529
f 733 396 1222
f 329 396 733
f 329 385 396
f 385 1683 529
f 385 329 1683
f 1345 1930 1002
f 1047 1930 1813
f 1813 1930 1345
f 1023 1638 1930
f 1047 1023 1930
f 1500 1023 1047
f 1452 1500 1047
f 1901 133 1500
f 1160 133 1901
f 1160 1222 133
f 1893 1901 1500
f 1031 1160 1901
f 1031 1901 1893
f 784 1031 1893
f 88 1893 1500
f 1958 1893 88
f 1958 784 1893
f 657 784 1958
f 88 1500 1452
f 1771 88 1452
f 1863 88 1771
f 1958 88 1863
f 1183 1871 1991
f 1459 1871 1183
f 1792 1585 1459
f 1459 1911 1871
f 1459 1585 1911
f 1585 1202 1911
f 1540 125 1490
f 125 970 1490
f 1490 970 1792
f 1792 970 1585
f 970 556 1585
f 970 1511 556
f 970 1505 1511
f 1694 125 1540
f 1694 1250 125
f 125 1516 970
f 1516 806 970
f 968 1988 1694
f 865 1988 968
f 865 704 1988
f 711 704 865
f 646 1130 711
f 1130 704 711
f 1988 1250 1694
f 275 1988 704
f 1130 30 704
f 1988 275 1250
f 704 30 275
f 275 1234 1250
f 1250 1516 125
f 1250 1234 1516
f 275 1454 1234
f 30 1454 275
f 1234 1679 1516
f 1086 1454 30
f 1086 1524 1454
f 1516 1679 806
f 1234 1392 1679
f 1454 1392 1234
f 1591 1130 646
f 1591 1574 1130
f 1683 1574 1591
f 1683 151 1574
f 1574 30 1130
f 151 911 1574
f 151 63 911
f 1574 1086 30
f 63 527 911
f 1574 911 1086
f 527 664 911
f 911 267 1086
f 911 291 267
f 664 291 911
f 375 657 1958
f 375 534 657
f 118 534 375
f 118 291 534
f 291 118 267
f 57 1222 1160
f 57 733 1222
f 775 733 57
f 775 329 733
f 329 775 1683
f 964 775 57
f 775 964 1683
f 573 1160 1031
f 573 57 1160
f 964 573 151
f 573 964 57
f 964 151 1683
f 583 573 1031
f 63 573 583
f 573 63 151
f 285 1031 784
f 285 583 1031
f 527 583 285
f 527 63 583
f 1063 784 657
f 1063 285 784
f 527 1063 664
f 1063 527 285
f 534 1063 657
f 1063 291 664
f 1063 534 291
f 945 1345 1759
f 1813 1345 945
f 1401 1813 945
f 701 945 1759
f 1401 945 701
f 353 1047 1813
f 353 1813 1401
f 1934 1047 353
f 1934 1452 1047
f 1519 1452 1934
f 1630 1064 1519
f 1181 1958 1863
f 923 1863 1771
f 66 1863 923
f 66 1181 1863
f 129 923 1771
f 1864 1771 1452
f 129 1771 1864
f 1584 66 923
f 1864 1452 1519
f 1064 129 1864
f 1584 923 129
f 1064 1864 1519
f 1110 1584 129
f 1307 129 1064
f 1307 1110 129
f 1307 1064 554
f 1909 1054 1871
f 1911 1909 1871
f 806 1505 970
f 1505 979 1511
f 1505 1405 979
f 806 1405 1505
f 806 82 1405
f 979 1586 1511
f 1405 1586 979
f 82 1586 1405
f 82 635 1586
f 1511 1330 556
f 1586 1330 1511
f 374 1330 1586
f 635 374 1586
f 1524 1392 1454
f 1679 82 806
f 1392 1717 1679
f 1524 1400 1392
f 1679 1717 82
f 1392 1400 1717
f 1717 1384 82
f 1400 1384 1717
f 82 1092 635
f 1384 1092 82
f 1384 1673 1092
f 1400 1673 1384
f 1400 1675 1673
f 1351 1958 1181
f 1351 375 1958
f 582 375 1351
f 582 118 375
f 267 1524 1086
f 118 582 267
f 368 1351 1181
f 582 368 9
f 368 582 1351
f 267 802 1524
f 802 9 89
f 582 802 267
f 582 9 802
f 1389 1181 66
f 1389 368 1181
f 89 368 1389
f 89 9 368
f 802 1635 1524
f 339 66 1584
f 339 1389 66
f 659 339 936
f 659 1389 339
f 659 89 1389
f 802 192 1635
f 192 89 659
f 192 802 89
f 1524 1635 1400
f 936 339 1584
f 1610 659 936
f 192 659 1610
f 20 1584 1110
f 810 1584 20
f 810 936 1584
f 408 936 810
f 408 1610 936
f 192 153 1635
f 153 1610 408
f 153 192 1610
f 1635 1675 1400
f 449 20 1110
f 449 810 20
f 153 810 449
f 153 408 810
f 1635 153 1675
f 466 1110 1307
f 466 449 1110
f 14 449 466
f 14 153 449
f 153 1145 1675
f 1145 153 14
f 356 54 1862
f 1651 701 54
f 356 1651 54
f 944 1689 1651
f 944 1651 356
f 1689 1401 701
f 1765 1401 1689
f 1689 701 1651
f 1998 1765 1689
f 1765 353 1401
f 1626 785 1765
f 1998 1626 1765
f 1934 353 1765
f 785 1934 1765
f 785 1068 1934
f 1097 785 1626
f 547 785 1097
f 1068 1519 1934
f 1630 1519 1068
f 585 1630 1068
f 1424 1068 785
f 1365 1068 1424
f 585 1068 1365
f 1730 1365 1424
f 1873 585 1365
f 1873 429 585
f 849 1730 1424
f 601 1730 849
f 1873 1365 1730
f 1075 1873 1730
f 547 849 785
f 849 1424 785
f 1489 1730 601
f 1489 1075 1730
f 205 849 547
f 601 849 205
f 1319 1489 601
f 1274 1064 1630
f 1274 554 1064
f 1274 1630 585
f 429 1274 585
f 435 1274 429
f 1871 1656 239
f 1054 1656 1871
f 1656 1725 239
f 1495 1909 1911
f 1202 1495 1911
f 1909 1983 1054
f 1909 1495 1983
f 1585 216 1202
f 556 216 1585
f 485 216 556
f 485 1876 216
f 216 1495 1202
f 635 1822 374
f 374 485 1330
f 1330 485 556
f 1157 485 374
f 1822 1157 374
f 1822 1195 1157
f 1157 1876 485
f 1157 1142 1876
f 1142 1374 1876
f 1092 1822 635
f 1092 1673 1822
f 1675 522 1673
f 522 487 1673
f 1673 1195 1822
f 1673 981 1195
f 487 981 1673
f 487 254 143
f 981 1440 1195
f 487 143 981
f 1195 1142 1157
f 1440 1142 1195
f 143 1440 981
f 1147 1873 1075
f 143 1238 59
f 254 1238 143
f 1440 984 1142
f 143 59 1440
f 399 1147 1075
f 1238 399 467
f 399 1238 1147
f 1238 1313 59
f 1313 1238 467
f 1440 1433 984
f 59 1433 1440
f 289 1307 554
f 289 466 1307
f 14 289 1145
f 289 14 466
f 1145 522 1675
f 218 554 1274
f 728 218 1274
f 728 554 218
f 728 289 554
f 498 289 728
f 498 1145 289
f 522 498 1432
f 1145 498 522
f 70 1274 435
f 70 728 1274
f 1432 728 70
f 1432 498 728
f 522 223 487
f 223 522 1432
f 1081 70 435
f 1156 1432 1081
f 1432 70 1081
f 223 1432 1156
f 1873 22 429
f 22 435 429
f 1449 435 22
f 1449 1081 435
f 772 1081 1449
f 772 1156 1081
f 223 254 487
f 254 1156 772
f 254 223 1156
f 351 22 1873
f 351 1449 22
f 254 1449 351
f 254 772 1449
f 351 1873 1147
f 1147 270 351
f 1238 270 1147
f 254 270 1238
f 270 254 351
f 79 1619 1833
f 1708 79 1833
f 79 1755 1619
f 1755 79 1908
f 1908 79 1708
f 1755 1955 1619
f 1955 1862 1810
f 356 1862 1955
f 1776 356 1955
f 1776 944 356
f 1640 1897 1908
f 1897 1955 1755
f 1897 1776 1955
f 1908 1897 1755
f 1897 1941 1776
f 1912 944 1776
f 1941 1912 1776
f 1912 1689 944
f 1912 1998 1689
f 1562 1897 1640
f 1562 1445 1897
f 1535 1941 1897
f 1445 1535 1897
f 1941 1794 1912
f 357 1794 1941
f 1535 357 1941
f 1794 1998 1912
f 1794 1626 1998
f 987 357 1535
f 357 1962 1794
f 1962 1265 1794
f 217 1962 357
f 1867 1265 1962
f 217 1099 1962
f 1867 1962 1099
f 1134 357 987
f 1134 217 357
f 1134 236 217
f 236 1548 217
f 1099 217 1548
f 1093 1867 1099
f 1715 547 1097
f 1715 205 547
f 1097 1626 1794
f 394 1715 1097
f 1398 205 1715
f 1467 1097 1794
f 394 1097 1467
f 1122 394 1467
f 1398 1715 394
f 1265 1467 1794
f 1140 1122 1467
f 1398 394 1122
f 1140 1467 1265
f 337 1398 1122
f 288 1398 337
f 288 1128 1398
f 1140 1265 1867
f 1121 1122 1140
f 1121 337 1122
f 1121 1140 1867
f 1204 1121 1867
f 1409 337 1121
f 1093 1204 1867
f 1319 601 205
f 969 1319 205
f 969 205 1398
f 1128 969 1398
f 1054 1983 1656
f 1725 1328 1332
f 1656 1328 1725
f 1656 1678 1328
f 1983 1678 1656
f 1678 1470 1328
f 1983 1624 1678
f 1470 1252 1328
f 1495 1999 1983
f 1495 1917 1999
f 1999 1624 1983
f 216 1917 1495
f 216 1628 1917
f 846 1628 216
f 846 1807 1628
f 1807 155 1628
f 1917 919 1999
f 1628 919 1917
f 1628 1646 919
f 1628 155 1646
f 1807 206 155
f 1876 846 216
f 1374 846 1876
f 1142 630 1374
f 1374 871 846
f 630 871 1374
f 630 608 871
f 1480 608 630
f 871 1027 846
f 608 662 871
f 608 1538 662
f 846 1027 1807
f 871 571 1027
f 662 571 871
f 631 337 1409
f 563 337 631
f 563 288 337
f 488 631 1409
f 1564 631 488
f 1564 563 631
f 1564 1538 563
f 662 1564 1939
f 1538 1564 662
f 1027 571 1277
f 571 662 1939
f 1078 1409 1121
f 1078 959 1409
f 959 488 1409
f 959 1534 488
f 1534 1564 488
f 1277 1534 959
f 571 1534 1277
f 1939 1534 571
f 1534 1939 1564
f 1027 1277 1807
f 380 1075 1489
f 380 399 1075
f 467 1666 1313
f 1666 399 380
f 1666 467 399
f 1313 1433 59
f 1313 1124 1433
f 1124 1313 1666
f 984 630 1142
f 984 1529 630
f 971 1489 1319
f 971 380 1489
f 107 1124 971
f 1124 380 971
f 1124 1666 380
f 1433 107 343
f 1124 107 1433
f 984 974 1529
f 1433 974 984
f 1433 343 974
f 548 1319 969
f 1098 1319 548
f 163 1319 1098
f 163 971 1319
f 935 163 1098
f 676 163 935
f 676 107 163
f 107 971 163
f 343 676 974
f 107 676 343
f 1529 1480 630
f 1529 165 1480
f 974 165 1529
f 387 548 969
f 387 935 548
f 935 1098 548
f 1565 935 387
f 1565 324 935
f 324 676 935
f 413 1565 1053
f 413 324 1565
f 974 413 165
f 974 324 413
f 676 324 974
f 1480 413 895
f 1480 165 413
f 840 969 1128
f 512 840 1128
f 840 387 969
f 490 840 512
f 490 1053 840
f 1053 387 840
f 1053 1565 387
f 895 1053 490
f 413 1053 895
f 1480 895 608
f 512 1128 288
f 563 512 288
f 1538 512 563
f 1538 490 512
f 895 1538 608
f 895 490 1538
f 1691 1562 1253
f 1691 1445 1562
f 1691 932 1445
f 415 1445 932
f 74 1445 415
f 1133 932 1691
f 1430 1691 859
f 1430 1133 1691
f 415 1270 74
f 7 415 932
f 1270 415 7
f 1133 7 932
f 1434 1133 1430
f 1434 7 1133
f 1434 1430 788
f 1209 7 1434
f 496 7 1209
f 496 1270 7
f 702 1270 496
f 74 1535 1445
f 74 72 1535
f 72 987 1535
f 72 1127 987
f 1127 943 987
f 943 1134 987
f 1270 1174 74
f 1174 72 74
f 1174 491 72
f 491 1127 72
f 1455 1134 943
f 491 1437 1127
f 1437 943 1127
f 1455 943 1437
f 1174 1686 491
f 1686 1437 491
f 446 1455 1437
f 702 1174 1270
f 1686 1174 702
f 310 1437 1686
f 446 1437 310
f 1455 236 1134
f 1548 29 1099
f 29 1093 1099
f 1548 236 1455
f 1990 1548 1455
f 1990 29 1548
f 958 1455 446
f 958 1990 1455
f 1470 1035 1252
f 1678 1035 1470
f 1678 1079 1035
f 1624 1079 1678
f 1252 1035 43
f 1035 272 43
f 1079 406 1035
f 26 1434 788
f 1035 681 272
f 406 681 1035
f 1079 1809 406
f 1079 6 1809
f 1377 1434 26
f 1483 1434 1377
f 1209 1434 1483
f 891 26 788
f 1483 1749 1209
f 1749 496 1209
f 1749 1478 496
f 1478 702 496
f 1478 612 702
f 1339 26 891
f 1339 574 26
f 574 1377 26
f 574 753 1377
f 753 1483 1377
f 753 989 1483
f 989 1749 1483
f 989 867 1749
f 867 120 1749
f 120 1478 1749
f 120 299 1478
f 299 1033 1478
f 1033 612 1478
f 1033 1148 612
f 477 1148 1033
f 477 978 1148
f 568 272 1687
f 272 568 43
f 272 753 1687
f 272 989 753
f 272 681 989
f 681 867 989
f 681 120 867
f 681 406 120
f 406 1039 120
f 1039 1809 477
f 1809 1039 406
f 1809 978 477
f 1809 6 978
f 1687 574 1339
f 753 574 1687
f 1687 1339 568
f 1039 299 120
f 477 299 1039
f 477 1033 299
f 1624 879 1079
f 1999 879 1624
f 1999 1938 879
f 1999 1496 1938
f 1496 227 1938
f 1496 745 227
f 471 1686 702
f 461 310 1686
f 461 807 310
f 807 446 310
f 807 648 446
f 226 648 807
f 611 745 226
f 1079 559 6
f 879 559 1079
f 879 768 559
f 879 1021 768
f 879 271 1021
f 271 1938 1361
f 1938 271 879
f 1938 1043 1361
f 1043 227 611
f 227 1043 1938
f 227 745 611
f 612 471 702
f 461 1686 471
f 1148 346 612
f 346 471 612
f 346 200 471
f 200 523 471
f 523 461 471
f 523 1361 461
f 1361 807 461
f 1361 414 807
f 414 226 807
f 978 346 1148
f 978 559 346
f 559 200 346
f 559 768 200
f 768 523 200
f 768 1021 523
f 1021 271 523
f 271 1361 523
f 1043 414 1361
f 611 414 1043
f 414 611 226
f 6 559 978
f 919 1496 1999
f 2 1093 29
f 928 2 29
f 155 1742 1646
f 206 1742 155
f 206 1856 1742
f 446 619 958
f 565 29 1990
f 928 29 565
f 67 1042 1990
f 1042 565 1990
f 897 2 928
f 1342 565 1042
f 1342 928 565
f 1342 721 928
f 721 897 928
f 1419 721 1342
f 1742 721 1419
f 1856 721 1742
f 721 1856 897
f 919 1290 1496
f 919 441 1290
f 1646 441 919
f 1646 176 441
f 1742 176 1646
f 1742 1419 176
f 67 1990 958
f 619 749 958
f 749 67 958
f 345 67 749
f 345 1042 67
f 345 1342 1042
f 516 649 345
f 441 649 516
f 649 1342 345
f 649 176 1342
f 176 649 441
f 1419 1342 176
f 1496 321 745
f 321 1290 1095
f 1290 321 1496
f 1290 516 1095
f 441 516 1290
f 619 446 648
f 226 619 648
f 226 480 619
f 480 749 619
f 745 480 226
f 745 321 480
f 321 1095 480
f 1095 749 480
f 1095 345 749
f 1095 516 345
f 1078 1121 1204
f 1046 1078 1204
f 1200 1078 1046
f 1200 959 1078
f 1277 1200 852
f 1200 1277 959
f 1807 1237 206
f 1807 51 1237
f 1277 51 1807
f 51 1277 852
f 229 1204 1093
f 699 229 1093
f 1046 1204 229
f 1484 229 699
f 1484 1046 229
f 1484 669 1046
f 669 1200 1046
f 925 669 1484
f 51 925 1237
f 51 669 925
f 852 669 51
f 669 852 1200
f 206 925 1856
f 206 1237 925
f 699 1093 2
f 897 699 2
f 897 257 699
f 257 1484 699
f 1856 257 897
f 925 257 1856
f 257 925 1484

