# https://github.com/mikedh/trimesh
v 0.37691104 -0.19385633 0.32874376
v 0.41685811 -0.55226934 0.44859138
v 0.10668901 -0.41086847 0.52982146
v -0.21759336 0.55520236 -0.10944927
v 0.08446323 0.28934568 -0.28238735
v 0.07350517 -0.31677747 -0.42854810
v 0.20437020 0.53866327 -0.23487568
v -0.02494531 0.14100607 -0.64287341
v -0.01697464 0.05632773 -0.68343431
v -0.01604336 -0.40040979 0.57374287
v -0.27699491 -0.47681588 -0.19438188
v -0.31828293 -0.55426496 0.56755084
v -0.01218450 0.13401490 -0.57247752
v 0.07098085 -0.01995672 -0.60557890
v 0.16299422 0.26296842 0.56117535
v 0.38795033 0.55624616 0.27005899
v -0.14323983 0.55229408 -0.13821244
v 0.47832492 0.55108654 0.13804513
v -0.09792170 -0.37525612 -0.15140530
v 0.24996884 0.55798537 0.58621764
v 0.01320390 0.37169781 -0.27987933
v -0.46420044 0.55070490 0.34022152
v -0.00096899 0.34903675 -0.29864517
v 0.18492283 0.05294733 0.53462070
v -0.00946449 -0.24105208 -0.57904953
v 0.07737967 0.55317295 0.68492687
v 0.48666775 0.47089803 0.17136259
v 0.06916978 0.27134764 -0.56106812
v 0.36245960 0.55521727 0.52287441
v -0.02530188 0.25198305 -0.55642307
v -0.37020564 -0.55545235 0.50566196
v 0.33073130 0.55688500 0.54477310
v -0.21135804 0.55327702 0.53477591
v 0.00807056 -0.17164277 -0.27627087
v 0.32035112 -0.53410125 0.57065922
v 0.06031715 -0.26657003 -0.54922235
v 0.04303274 0.25268713 -0.41986573
v 0.03631864 -0.11770541 0.69444740
v 0.07769917 -0.09820797 -0.65376592
v 0.07794363 -0.26756483 -0.50181490
v 0.07722250 0.25124708 -0.55568701
v 0.21126762 0.34618232 -0.23241852
v -0.28365412 -0.55255044 0.59455788
v 0.18209985 0.15714002 0.54059607
v 0.47126639 0.54538035 0.09743440
v -0.05593490 0.52943981 0.57588124
v -0.32312536 -0.20078374 0.42044741
v 0.06971477 -0.15981835 -0.64237183
v 0.36105555 0.55273700 0.36752021
v -0.01853571 0.07685130 -0.68123931
v 0.30967498 0.54678178 0.45172372
v -0.01889253 -0.05652897 -0.68059146
v 0.37868670 -0.54929233 -0.09083676
v 0.00660885 0.23701642 -0.29064721
v -0.02506827 -0.23533228 -0.32498562
v 0.04057642 0.35714486 -0.28243998
v -0.34491113 0.55230451 0.32753456
v -0.32127059 0.55758756 -0.12724830
v 0.04657630 0.23980664 -0.59899235
v 0.21442877 0.55797380 -0.19047770
v 0.04205588 -0.00914234 -0.60601610
v -0.02053056 0.21047807 -0.49023944
v -0.04218925 -0.25644359 -0.17748912
v 0.08501100 0.20506699 -0.27631208
v 0.04164344 -0.54580402 -0.27205861
v -0.12834148 -0.39324671 -0.12051687
v 0.11803649 0.55308747 -0.25969857
v -0.20917563 0.55571008 0.63790298
v 0.07418337 -0.21807513 -0.38006121
v -0.02669616 -0.21760774 -0.45631191
v 0.07165550 -0.06457529 -0.58637154
v -0.02566239 -0.30837804 -0.37361878
v -0.01607709 -0.27914870 -0.52934223
v -0.29384172 0.54762834 -0.03808550
v -0.37403262 -0.55248243 -0.09973697
v -0.02892776 -0.54297704 0.69041061
v 0.01366195 0.54408109 0.69316649
v 0.02248952 -0.18001446 0.59527332
v -0.27021211 -0.54063433 0.60886091
v 0.37293577 -0.39807075 0.24953838
v 0.07073735 -0.06303981 -0.68187231
v 0.07719298 0.14154349 -0.63976234
v -0.14468524 0.55422503 0.66390586
v 0.27703068 -0.41094306 0.41880366
v 0.26387420 0.55530316 0.60790771
v 0.07127732 0.33867317 -0.30547857
v -0.40312696 -0.48373413 0.48187339
v -0.04239087 -0.55743134 -0.26327062
v 0.06733251 -0.23101531 -0.29767078
v 0.07719244 0.32297915 -0.40146220
v 0.06936444 -0.18814501 -0.50489312
v 0.06719191 0.20486352 -0.62766588
v 0.41624811 0.54473466 -0.04037910
v 0.06538073 -0.37607354 0.58553195
v -0.42953461 0.55207175 0.42211571
v 0.40028778 -0.54303914 -0.06974680
v -0.41134840 0.55664307 0.43951216
v 0.06974814 -0.27605352 -0.53438967
v 0.36332524 0.52950668 -0.11258162
v 0.26499963 -0.55792230 -0.17071223
v -0.00340701 0.34305391 -0.38740030
v 0.20607030 -0.55796009 0.61250991
v 0.16277412 0.55751711 0.58364087
v -0.33060661 0.53106976 0.56445110
v 0.07190595 0.25159395 -0.29472837
v 0.07341597 -0.04346926 -0.59902579
v -0.31698900 0.15924282 0.57903367
v -0.21458600 0.55396855 -0.21982685
v -0.29891390 0.55363446 -0.16689035
v 0.17790332 0.55438739 -0.13928828
v 0.32801363 0.55047792 0.55850530
v 0.07212640 -0.17175311 -0.63228154
v 0.06862731 -0.20215453 -0.43549553
v 0.25742486 -0.55437750 0.61223650
v -0.42976898 0.55405807 -0.00777211
v 0.06916941 0.20592706 -0.48572886
v 0.07492752 -0.23527040 -0.31749976
v 0.07046862 -0.09013671 -0.67374396
v 0.13900751 -0.40234056 -0.13309142
v 0.36091170 -0.38751304 0.10041437
v -0.02856427 -0.24902935 -0.30057520
v 0.04188139 -0.40991542 -0.13798168
v -0.26991358 0.55434495 -0.08296761
v 0.01376109 0.55734503 -0.26181045
v 0.24149279 0.55394614 0.51325208
v -0.02634939 -0.15332392 -0.57338107
v 0.31188592 -0.40889317 0.03718476
v 0.07115569 -0.21416025 -0.39414987
v 0.16566104 -0.37436214 0.55642587
v -0.35560307 -0.38501844 0.09665333
v -0.02681158 0.27376595 -0.35448405
v 0.46041045 -0.55359209 0.34162053
v 0.06750893 -0.15558633 -0.53705710
v -0.04678455 -0.38546488 -0.17038043
v -0.02231579 -0.19617760 -0.49109450
v 0.07070790 -0.32270977 -0.31952363
v -0.00243335 -0.32716301 -0.34432310
v -0.47810021 -0.55528176 0.14530641
v 0.17798950 0.55734682 0.57400995
v 0.36067420 -0.55482024 -0.10503148
v -0.10705966 0.55756176 -0.16934860
v 0.39114085 0.55789202 -0.02748087
v 0.14698754 0.55408317 0.66894811
v -0.46474755 -0.54313695 0.34575734
v 0.37722126 -0.52998894 -0.09710667
v 0.07353596 -0.15351912 -0.54657114
v -0.02055690 0.55545992 0.59093332
v 0.36429554 0.55678070 0.50696409
v -0.37929603 0.51982862 0.12943478
v 0.16133291 -0.27702591 0.56143820
v 0.26377273 0.52925152 0.48666728
v -0.00313516 0.19614112 -0.49782798
v -0.32799435 0.54666674 0.02415455
v 0.20263599 -0.55654866 -0.22071201
v 0.47019202 -0.55781269 0.20918559
v 0.07458968 -0.20302817 -0.44931272
v -0.02566616 0.11200641 -0.65425843
v 0.11584754 0.55805182 -0.20757017
v 0.31673771 -0.48368874 -0.16367204
v 0.04889596 -0.55782008 -0.26048180
v -0.48208079 -0.54347187 0.16651239
v 0.36182451 -0.40020487 0.33326566
v -0.32789707 -0.55717069 0.54393280
v -0.45464054 0.55773062 0.09349482
v 0.06933655 -0.00677936 -0.60707581
v 0.31425145 0.55069798 -0.02925323
v 0.34693128 -0.40207008 0.08498314
v 0.34648183 0.55563730 0.53523886
v -0.21039703 -0.55675966 -0.21779536
v 0.05885839 0.18951337 -0.63675267
v -0.03472070 0.55584192 -0.19347262
v 0.14472473 0.55584043 0.57780367
v -0.29202577 0.55656368 -0.06086517
v 0.48382539 0.55038571 0.20125285
v -0.28548959 -0.54063624 -0.18670855
v -0.01899688 0.33689746 -0.38722637
v 0.44589302 -0.54311389 0.39940220
v -0.28021634 0.54135776 -0.06179501
v -0.32319003 0.25617394 0.42037478
v -0.06960202 0.52996641 -0.16661955
v 0.24316619 0.55244255 -0.09876359
v 0.08305307 -0.55353427 0.68118584
v 0.27061039 0.55182129 0.48703358
v -0.20144016 0.32540941 0.53932226
v -0.38918149 -0.55721456 0.47691724
v 0.48003909 0.52016169 0.29422563
v -0.29485506 -0.39459166 0.02572044
v 0.07079348 -0.28960595 -0.50673920
v 0.34045196 0.55600083 -0.12591605
v 0.02484010 -0.38266689 0.59305662
v 0.04467095 -0.34053984 -0.28742039
v -0.07542441 0.55260068 -0.16935721
v -0.13294287 -0.55194449 -0.25767264
v -0.45641524 0.55391175 0.06298988
v 0.48674020 -0.19385895 0.17191786
v 0.29789665 0.53842086 0.59104019
v -0.00380690 -0.01347267 -0.69086301
v -0.20146461 0.07615966 0.53930324
v -0.42723504 0.55800837 0.36659756
v -0.34208056 -0.54104728 0.55042166
v 0.47946835 -0.43637109 0.29804406
v 0.18399440 -0.41071993 0.13132365
v -0.02378089 -0.31502306 -0.40834677
v 0.06975168 0.13702226 -0.57323700
v 0.07108669 0.33230793 -0.43745574
v -0.00415083 0.04225728 -0.68871653
v 0.07369483 0.25720519 -0.31821883
v 0.30489090 0.55332708 -0.04931363
v 0.07143458 0.05980972 -0.59276366
v -0.02592136 0.27243584 -0.38819867
v -0.29871455 -0.55389690 -0.16731293
v -0.02583123 0.29413503 -0.48151332
v -0.01383757 -0.32478201 -0.31421494
v 0.48504758 -0.54340202 0.16662304
v -0.46084049 0.55789930 0.22784851
v 0.25311750 0.52855462 -0.08534721
v 0.44144729 -0.55402541 0.02120704
v 0.00510141 -0.55780774 -0.26187292
v 0.04708183 0.17751253 -0.52326107
v -0.00037675 -0.55787295 0.67910177
v 0.45992881 -0.55589294 0.07606613
v -0.33606493 0.55115557 0.03640788
v 0.31656352 -0.55563688 -0.15238984
v -0.48465762 -0.54332644 0.24897704
v -0.05542465 -0.55745029 0.68029231
v 0.27575493 0.52978987 0.60992265
v -0.27165172 -0.37825295 -0.06685998
v 0.23058774 0.54834437 -0.10361662
v 0.06105514 0.24837615 -0.31785974
v 0.45959711 0.55241537 0.05628489
v 0.39400095 0.55557078 0.17305951
v 0.07648237 -0.22853896 -0.56841576
v -0.01534285 -0.40693545 -0.14190164
v -0.46909115 -0.55788594 0.20622368
v 0.15600982 -0.55789262 0.64813471
v 0.40023184 -0.55105209 0.47603223
v -0.39280102 0.55788863 -0.03151561
v -0.20144761 0.24232593 0.53931552
v 0.05732151 0.31950769 -0.47797608
v -0.02814974 0.27588180 -0.30064082
v -0.35956645 -0.55520260 0.52047658
v -0.32575926 -0.35715362 0.40858689
v 0.47051316 0.55711472 0.22182880
v -0.07085972 -0.41085961 0.53024870
v 0.07061361 0.06288120 -0.68404067
v 0.37696359 0.26309773 0.32878390
v -0.43266314 -0.55795360 0.06093562
v -0.14224437 0.55740094 0.57090628
v 0.16347808 0.47753727 0.66749531
v 0.06872948 0.34092602 -0.32524917
v 0.42807916 -0.55615556 0.00567165
v 0.47091338 -0.55741018 0.28600717
v -0.13728544 0.55798930 0.64082569
v 0.37894848 -0.39796829 0.16651617
v -0.01459514 0.09633338 -0.58161920
v -0.28136849 -0.55795383 0.57272118
v 0.15295547 0.54769564 -0.24933369
v -0.43981719 -0.47060078 -0.00410504
v -0.37527841 0.53970170 0.15807666
v -0.01921066 0.55803496 0.64813381
v -0.32560644 0.55524367 0.42748410
v 0.02772361 0.24508150 -0.31697097
v 0.46063432 0.55275458 0.34754944
v -0.19218329 0.55334127 0.54743016
v -0.19568460 0.52902895 0.54061264
v 0.13324180 0.53039521 -0.25823671
v 0.07708026 0.29219761 -0.49895447
v -0.01782768 0.25584587 -0.38653472
v -0.34413186 0.55344975 0.34660411
v -0.00219899 -0.18393773 -0.51112789
v 0.31238276 -0.55330300 0.57040209
v 0.42840874 0.53983271 -0.01788062
v 0.43146852 -0.54387593 0.43022746
v 0.07759941 -0.01397492 -0.66657656
v 0.06904247 0.16048424 -0.65106744
v 0.07172461 0.11847626 -0.67146093
v 0.07106148 -0.22639023 -0.59314215
v 0.36120021 0.55790645 -0.06909111
v 0.35800722 -0.39087969 0.35459810
v 0.36506435 0.55787569 0.48953056
v 0.24949163 -0.39903924 -0.06633703
v 0.42825201 0.55493218 0.42336079
v -0.28811312 0.55808157 0.55379909
v 0.46995208 -0.54030454 0.32695138
v -0.01899910 -0.18869829 -0.51234943
v 0.15098186 0.55718052 -0.23615988
v 0.06947241 0.33739448 -0.40833059
v -0.45588836 0.54503047 0.04839462
v 0.05719081 0.55776268 0.68219537
v -0.15297297 -0.38507524 -0.12087102
v -0.00755563 0.23833437 -0.29189581
v -0.02344873 0.33523053 -0.35969904
v -0.00130048 -0.15605655 -0.53380442
v -0.36313313 -0.38020107 0.21574576
v -0.27187547 -0.39074668 -0.04996448
v 0.05779813 -0.19458601 -0.46704754
v 0.07820828 0.18599065 -0.56083173
v -0.01483346 0.16207506 -0.65031534
v 0.27858815 0.55601913 -0.08652961
v 0.30400708 -0.40700397 0.01348360
v 0.04137820 0.15857701 -0.54941636
v -0.04444315 0.26526526 -0.28461322
v -0.31444767 0.55353683 -0.15404089
v 0.01331728 -0.22764176 -0.30469280
v -0.39807665 0.55342454 -0.05828286
v -0.31697676 0.08308354 0.57903540
v 0.44007361 0.46907610 0.41881835
v 0.07002205 -0.10429391 -0.67078406
v -0.00032386 0.55651331 -0.19277701
v 0.07778582 0.24959688 -0.46469718
v 0.31324130 0.55793077 0.47988075
v -0.33726162 -0.55795622 0.51758230
v 0.30563158 -0.40044484 0.42971745
v -0.16602103 0.54341209 0.66234124
v -0.02497033 0.32203245 -0.41550946
v 0.07123567 0.33818942 -0.34457150
v 0.09683385 0.25967592 -0.27067804
v 0.07368410 0.18289143 -0.63280839
v -0.10028542 0.53790820 -0.15293352
v -0.37975746 0.02076922 0.12942104
v 0.33473033 0.55559248 -0.00073745
v 0.44931898 0.55505198 0.03319959
v 0.07789682 -0.14115886 -0.62616843
v -0.02562179 0.20141558 -0.52331930
v 0.15951087 -0.11085891 0.56264508
v 0.06920040 0.10219214 -0.67672539
v 0.07772129 -0.06595152 -0.60439813
v -0.31348929 0.52339309 0.58157945
v -0.10889813 -0.55244732 0.67821109
v -0.31129929 -0.37643483 0.42332947
v 0.20971842 0.55785531 -0.14876878
v -0.02562802 0.23562549 -0.57325441
v 0.38387305 -0.55521494 -0.07599527
v 0.23724286 -0.37689337 -0.07807320
v 0.06287088 -0.30818728 -0.46568084
v 0.37578323 0.55137885 0.34015644
v 0.06828310 0.25495180 -0.39457521
v 0.27646974 0.29771587 0.60995495
v 0.04232318 -0.39363274 -0.15239765
v 0.06990486 -0.39201802 -0.14930172
v 0.06953278 0.34814084 -0.28445709
v 0.39781624 -0.55593926 -0.05366534
v -0.22512470 -0.55792040 0.61711758
v 0.07727434 0.13864796 -0.59124768
v 0.07487205 -0.21976814 -0.36457664
v -0.37656894 0.55165666 0.17298338
v -0.01482568 0.25272551 -0.42314497
v 0.07772772 0.19390777 -0.60855722
v -0.11703010 0.55397737 -0.15150508
v 0.06920971 0.15230784 -0.56059831
v 0.33131310 0.54299378 0.00937584
v -0.01985390 -0.17936110 -0.53035295
v 0.06995212 -0.11937436 -0.66465288
v 0.07810432 -0.29534605 -0.43256193
v -0.12041686 0.53010589 0.55995494
v -0.32909510 -0.39359149 0.06948414
v -0.00035274 -0.33042955 -0.29963863
v 0.39419082 0.55219555 0.47970000
v -0.02391394 -0.22475046 -0.37097400
v 0.33603966 -0.37562236 0.40224358
v -0.39623106 0.55711782 0.46126169
v -0.08148859 -0.39988822 0.55660152
v -0.02601048 0.21772461 -0.50869578
v -0.02611090 -0.19356996 -0.55223024
v 0.44249865 -0.55752319 0.04157634
v 0.39734018 0.55777514 0.34528166
v -0.14797586 -0.55094367 -0.25428829
v 0.22785775 0.55698544 0.62267250
v 0.06914476 0.55427063 -0.26630628
v -0.10779388 0.55117810 -0.26193938
v -0.15945199 0.55658847 0.65213817
v -0.48555508 -0.54485446 0.22869553
v -0.45928431 0.55591357 0.07596543
v 0.15341614 -0.55795199 -0.22670741
v 0.40242937 0.55693001 0.15269402
v 0.07049359 -0.33804163 -0.28778693
v 0.29575279 0.55474794 0.46950537
v 0.03280514 0.54064089 -0.18207069
v -0.42328358 0.55742919 0.40575442
v 0.41403571 -0.54086989 -0.04580595
v -0.20861650 -0.40340635 0.49961266
v 0.06176129 0.00114203 -0.69238728
v 0.07816567 0.16330500 -0.61584342
v -0.11299220 -0.39688045 0.55408508
v 0.37671483 -0.33251080 0.32824248
v -0.26917192 0.54680294 0.60686940
v 0.20830944 0.54257536 0.53298283
v 0.34324512 -0.55571246 -0.11872656
v 0.03633329 -0.23540239 0.69444811
v 0.13048422 -0.55789602 -0.23924041
v -0.36775061 0.55785602 0.48276892
v -0.02534495 0.27408278 -0.42465115
v 0.47555169 -0.55609554 0.27044249
v 0.07800264 0.09351003 -0.65314358
v -0.35931173 0.55235392 -0.11362099
v -0.02151213 0.20104043 -0.62021440
v -0.01739915 -0.09662405 -0.56834215
v 0.31640542 -0.37788615 0.00802634
v -0.35921827 -0.55796123 -0.07447739
v -0.25551713 0.55249858 -0.08971558
v 0.07905333 -0.23378158 -0.39901283
v 0.34961316 0.53450072 0.54456329
v -0.28809139 -0.38138407 -0.03913494
v -0.00308830 0.34534088 -0.35861734
v -0.01852657 -0.22357263 -0.34676269
v -0.10031656 0.55596924 0.67282367
v 0.28326887 0.54224926 -0.06926864
v -0.31162518 -0.39090157 0.02929394
v -0.02733633 -0.24512744 -0.34517264
v -0.44568297 0.55593079 0.03441269
v 0.16288847 -0.38746020 -0.12496962
v 0.14872733 0.55341977 -0.15542668
v 0.31687248 0.31848684 -0.16371608
v 0.41370478 -0.55545890 -0.02867854
v 0.38978809 0.35986841 0.13409415
v -0.41301534 -0.55574876 0.44365054
v 0.25056303 -0.53063595 0.62362236
v -0.02600745 -0.16526707 -0.61125845
v -0.32256889 -0.40876365 0.29651535
v -0.42836881 0.53983599 0.43330419
v -0.47127739 0.54266542 0.09136759
v 0.06778636 -0.40703803 -0.14034665
v 0.07161351 0.22123484 -0.46741399
v -0.46015874 0.44963470 0.37036222
v 0.07516868 0.23386151 -0.28120920
v -0.35054693 -0.55122048 -0.12500197
v -0.02587289 0.15542397 -0.62700415
v -0.00234300 -0.21447107 -0.37215140
v -0.22578707 -0.40718150 0.47633868
v 0.33738586 0.55023026 0.40880579
v 0.04622134 0.26746544 -0.56682491
v -0.44104961 0.55771112 0.05182093
v 0.41065624 0.55777669 0.10716621
v -0.21118993 -0.49553749 0.64716733
v 0.38499999 0.55546480 0.31167406
v 0.21005963 0.55661917 0.54581618
v 0.32982448 0.55761492 -0.03987297
v 0.33078855 -0.54134655 -0.14770541
v -0.01698277 -0.19464648 -0.47643971
v -0.43997517 0.34617954 -0.00388994
v -0.26547116 -0.55575377 -0.19128384
v -0.45524338 -0.55250365 0.05252920
v 0.07646393 -0.12822364 -0.64807266
v 0.46800351 -0.55752200 0.13907638
v -0.02606379 0.05023930 -0.62129372
v 0.06877860 0.23508567 -0.60230029
v -0.32313719 -0.13154794 0.42043707
v -0.20136298 0.47080147 0.53901309
v 0.19717212 -0.40183929 0.50833076
v 0.35220748 0.54993433 0.38144809
v 0.08972143 0.55276865 0.68075293
v 0.42954388 -0.54404318 -0.01477366
v 0.09044113 -0.55642039 -0.26505122
v -0.00517083 -0.09717199 -0.67589682
v 0.05431261 -0.28649044 -0.52071136
v -0.02510728 -0.22255434 -0.56882685
v -0.32869282 0.53058237 -0.14805056
v -0.25621769 -0.54048669 -0.20487742
v 0.48665389 -0.44218582 0.17218132
v 0.40502962 0.55789322 0.00023958
v -0.09088115 0.38079834 0.68720722
v -0.02659713 -0.20702264 -0.53633124
v 0.00969450 0.24915807 -0.36698490
v 0.06767710 0.17371190 -0.64431638
v 0.34744385 0.55764955 0.43174529
v 0.03416717 0.55249375 0.59675092
v -0.02228188 -0.12259261 -0.56477910
v 0.07137015 0.18015967 -0.52343506
v 0.06944402 0.07672821 -0.68243217
v 0.04360316 0.22307144 -0.28094542
v -0.02810582 0.55236119 0.68943316
v -0.33307388 -0.39569062 0.09780389
v -0.38009378 0.55780107 -0.05564004
v 0.34995046 -0.38563237 0.37354544
v -0.00469543 -0.12605047 -0.66385031
v -0.12584351 0.55035400 0.56357139
v 0.05625317 -0.55760533 0.67830479
v -0.00443054 0.15124270 -0.55858904
v -0.34532547 -0.37878191 0.06832965
v -0.02714103 0.54800576 -0.27694038
v 0.41625777 -0.55775249 0.41614008
v -0.36056420 0.55638939 0.30358854
v -0.09003715 0.55714768 -0.25886342
v 0.13174313 -0.55287308 -0.25307375
v 0.30108732 0.53049487 -0.04821967
v 0.37810820 -0.55792648 -0.05959538
v -0.30403683 -0.55795258 0.55329728
v -0.04928475 0.55451882 -0.27138671
v 0.07769588 -0.25557488 -0.52876782
v 0.22059400 -0.54756701 -0.22328606
v 0.27838647 -0.40562052 0.44071454
v 0.39774352 0.55579323 0.46445745
v -0.16432628 0.45646581 -0.25179094
v 0.38518670 0.55607378 0.28397396
v 0.22743720 -0.39885402 0.48196214
v 0.32617906 -0.55682194 -0.12792456
v 0.20237809 0.55481404 -0.12539187
v -0.34415928 -0.39600641 0.27674580
v 0.07727952 -0.31049401 -0.31801891
v 0.00075209 0.52542859 0.59022868
v -0.48557574 0.54520887 0.24866740
v 0.24195728 -0.55341136 -0.20584652
v 0.44706109 -0.55161780 0.38317674
v -0.26396465 -0.40382054 0.44378647
v 0.07107840 -0.25058466 -0.56392479
v -0.46231771 0.55039299 0.35533157
v 0.05370171 0.24259165 -0.28816596
v 0.06872574 -0.21424909 -0.60663962
v 0.46600518 0.55769455 0.18781051
v -0.34171879 0.55393857 0.36693603
v 0.23815650 0.55465686 -0.20713967
v -0.24205142 -0.55193651 0.62196302
v -0.30895817 0.55402172 0.44110391
v -0.23475209 0.55336487 0.51173764
v 0.48471332 -0.55116552 0.18720083
v -0.31879970 -0.55730665 -0.13333316
v 0.05529386 0.34674400 -0.29830831
v -0.03738444 0.35651213 -0.28643978
v -0.34235686 0.54829770 0.05042344
v 0.01366312 0.24968548 -0.42511523
v -0.01296362 0.33888555 -0.41503912
v -0.02593330 0.18321986 -0.61259335
v -0.02496623 0.05589355 -0.66895241
v -0.00692289 -0.22804326 -0.30576062
v 0.15925869 -0.53269809 -0.24974637
v -0.11545883 0.55755317 -0.24759468
v 0.43829694 0.55653036 0.38700414
v -0.02217794 0.02821873 -0.68105191
v 0.07072628 -0.30083647 -0.47706148
v 0.38786814 0.55529809 0.25636527
v 0.28572893 0.55439132 0.59277338
v -0.34084114 0.55790538 0.00082251
v -0.34617063 -0.55548978 0.53470165
v 0.11152804 -0.55498230 0.67087382
v -0.20149162 -0.20078471 0.53927940
v 0.35584283 0.55417693 -0.11275530
v 0.07792450 0.05805587 -0.61912942
v -0.08197127 0.55046123 0.68571299
v -0.02770410 -0.38977343 -0.15984322
v -0.03330395 0.51350117 -0.18341224
v -0.17929418 -0.55723155 0.64567327
v -0.00129606 0.35592735 -0.28339165
v 0.07725538 0.02752927 -0.61835229
v -0.37759054 0.55718738 0.09032904
v 0.07501976 -0.32195711 -0.38066241
v 0.05886226 -0.17319646 -0.63698053
v -0.48546362 0.54884869 0.22861633
v -0.02127839 0.26249939 -0.40826797
v -0.02869143 0.55689859 -0.26344612
v 0.43971157 -0.55789739 0.36375815
v -0.33795196 0.52931476 0.34697497
v -0.44265395 0.55403811 0.02120923
v 0.03632059 0.36694884 0.69444323
v -0.34585610 -0.39869142 0.24962847
v 0.18048042 0.55303699 -0.23838721
v 0.06918535 -0.32287300 -0.40097269
v 0.28139153 -0.40548891 -0.03162058
v 0.01356140 -0.40511554 0.57478189
v -0.39757028 -0.55758607 0.46141875
v -0.44238394 -0.54496521 0.00441231
v 0.38672775 -0.54939622 0.49626893
v -0.34754750 0.55778736 -0.09909283
v 0.06824290 0.26137930 -0.57315975
v -0.22148716 -0.54475987 0.63905233
v -0.45776084 0.54515779 0.37412396
v 0.05944908 0.04145990 -0.68870640
v 0.45451552 0.54414225 0.37413561
v 0.07785704 -0.24689759 -0.29394415
v -0.01993809 -0.20953606 -0.41583946
v 0.27572352 -0.55731928 0.58928305
v 0.12614641 0.55710649 0.66691577
v 0.08762918 -0.29055858 -0.28001601
v -0.29108191 -0.38899097 -0.02129993
v -0.02078277 0.17934535 -0.63374364
v 0.04511622 -0.25754461 -0.55982095
v -0.28814420 -0.41089451 0.38440403
v 0.21304391 -0.39893872 0.49645323
v -0.08856789 0.55426794 -0.16464272
v -0.02585539 0.10000074 -0.60545760
v -0.45036572 0.52552968 0.02578017
v -0.34705159 0.54482424 0.30588308
v -0.37272537 -0.39255404 0.13927300
v 0.07811116 -0.30836192 -0.34618333
v -0.47250617 -0.54505795 0.09628533
v 0.47477952 0.55569732 0.25652280
v 0.06924417 -0.55661297 -0.26662883
v 0.30579838 0.55772942 -0.08891768
v 0.48251134 0.52997965 0.25531346
v 0.02053435 0.55637926 -0.19151749
v -0.02183846 -0.23440951 -0.31137070
v 0.06947274 -0.32346711 -0.34597370
v -0.02494078 -0.05448438 -0.60744596
v 0.07802719 0.20597571 -0.53809541
v -0.02284308 0.16440557 -0.56021261
v 0.04912845 -0.51738483 0.69285059
v 0.00015398 -0.38661727 -0.15792201
v -0.46949092 -0.55777419 0.16625579
v -0.00728345 0.55481392 0.68686789
v -0.07633863 -0.39398184 -0.14350556
v -0.21567544 -0.39214709 -0.08657052
v 0.07722884 -0.18981534 -0.53617424
v -0.02625487 -0.22674996 -0.29079452
v 0.40634051 0.55785394 0.42018655
v -0.32272631 0.48464543 0.42033356
v 0.06881484 -0.18194520 -0.51980013
v 0.07166416 -0.21080671 -0.40926388
v 0.33196908 0.55338216 0.42200130
v -0.09847946 -0.37406927 0.56533903
v -0.00679947 0.55226475 -0.27598312
v 0.04511564 0.16669941 -0.64984906
v 0.16981193 0.46388724 0.56039393
v 0.37845996 0.55702907 0.35809860
v 0.36952713 -0.54141009 0.52254641
v 0.38207951 0.55349088 0.32522166
v 0.37359050 -0.39656827 0.27780238
v 0.37461856 0.53061819 0.09714880
v 0.23667486 -0.55483407 0.62239736
v 0.01427135 0.54426616 -0.27611110
v -0.01487084 -0.00689379 -0.60714960
v -0.25975141 0.51620781 -0.08011016
v 0.10643242 -0.53323358 0.68015367
v -0.01947217 0.24805793 -0.43487075
v 0.03629180 0.45694387 0.69441718
v 0.02058858 0.35108456 -0.28955632
v -0.20236085 0.53867930 0.65080893
v 0.31331798 -0.09675201 0.44242817
v -0.41430807 0.55253798 -0.03413288
v 0.23100831 0.55794662 0.54866987
v 0.35143757 0.55535436 0.03653762
v -0.02629011 -0.11443879 -0.59772789
v 0.06786605 0.25632915 -0.40813974
v 0.40983409 -0.54218370 0.46466881
v -0.02608742 0.30650789 -0.44248375
v 0.46752378 -0.55337209 0.10379449
v -0.01473860 -0.03521009 -0.59776378
v 0.03128058 -0.52690196 -0.27570853
v -0.02692454 -0.23329274 -0.42824864
v -0.42551908 -0.55752879 0.40520486
v -0.32842949 -0.39894614 0.33427918
v 0.08990949 -0.39784145 -0.14466067
v 0.18560129 -0.55763131 -0.22389482
v -0.36069536 -0.36141282 0.09389854
v 0.16369984 0.40156978 0.66747987
v -0.02367991 -0.08681788 -0.66423810
v 0.23151864 0.55665976 0.53085786
v 0.25994268 -0.40803540 0.45111632
v 0.21124907 -0.34620166 -0.23242819
v -0.00835814 -0.07900875 -0.57323843
v 0.18485509 0.54097080 -0.12689608
v -0.02623208 -0.20393418 -0.51176476
v 0.34225306 0.55072975 0.02595765
v 0.15706526 0.08477956 0.56365860
v -0.48684964 -0.35321167 0.24334317
v 0.43599594 -0.55215096 0.41137242
v 0.18174158 -0.29783407 0.52528328
v 0.05610923 0.23743753 -0.44107255
v 0.47405362 0.55148119 0.11816208
v -0.33372959 0.55523843 0.41220319
v -0.02620816 0.08285401 -0.65116215
v 0.28902018 -0.54030293 0.59838361
v 0.30126199 -0.55018783 0.58498549
v 0.07246581 0.32120943 -0.46655843
v -0.32289332 -0.39705494 0.38131812
v 0.07791751 -0.23971389 -0.54371041
v 0.18758005 -0.38955596 -0.10921650
v 0.09236207 -0.17278568 -0.27122563
v -0.32205361 0.55203551 0.00794535
v 0.46999142 0.54179037 0.32722795
v 0.32171300 0.55036962 0.43778449
v -0.47929922 -0.44988543 0.11671048
v 0.06932437 -0.07788961 -0.67915213
v -0.19390827 0.54256070 -0.23652412
v 0.38871127 -0.29074031 0.14660557
v 0.06962357 0.29149041 -0.53436744
v 0.00134089 0.52491474 -0.18420310
v 0.32198039 0.55103433 -0.01421410
v -0.31787384 0.55538929 -0.00460921
v -0.31731978 -0.37779200 0.01349915
v -0.00386039 0.30635455 -0.51244074
v 0.22480822 -0.53875458 0.63627434
v 0.27751303 0.55751830 -0.16398889
v -0.45516625 -0.55783868 0.09827346
v -0.46914712 0.55382091 0.10372215
v -0.25484651 0.55638409 0.60846663
v -0.22040802 0.55807024 0.57196718
v -0.00305357 0.18050265 -0.51929891
v 0.06980743 0.13480893 -0.66695094
v 0.05814438 0.25131771 -0.37365806
v -0.24989586 0.53938097 0.49207628
v 0.21889696 0.55483294 -0.11541905
v 0.31128293 0.44997102 0.44572493
v -0.35296163 -0.55790728 0.50323689
v -0.02022815 -0.29495129 -0.48548317
v -0.47096822 -0.54448527 0.31829244
v 0.31626603 -0.39439943 0.01439323
v 0.25712129 0.55522877 -0.09385879
v -0.27202338 -0.26310250 -0.07298877
v -0.02140262 -0.20495369 -0.43528914
v 0.39185649 0.53833890 0.49315935
v 0.38449472 0.55608869 0.29782689
v 0.07369500 -0.19274972 -0.49078467
v 0.45984676 -0.47035268 0.04437169
v 0.07475216 0.08306549 -0.59363508
v 0.04013879 0.29644534 -0.53271204
v -0.29976010 -0.55358082 0.58287740
v -0.22836289 -0.40137929 0.11711714
v -0.21750003 0.51319712 0.52345210
v 0.00621720 -0.54100019 -0.27676016
v -0.33610451 0.55329400 0.55108517
v 0.30203643 0.55801475 -0.12999122
v 0.06751094 0.30532220 -0.51302689
v 0.06853754 0.03992408 -0.59675413
v -0.43126741 -0.54982829 -0.01355618
v -0.16481404 -0.54231894 0.66262960
v 0.32876799 0.55496144 -0.14100729
v 0.17439479 -0.40275213 -0.11218072
v 0.37070307 0.46385300 0.52534121
v 0.09541568 -0.23412779 -0.27194807
v 0.07345256 0.24515438 -0.58344698
v 0.47884503 -0.55548978 0.25670552
v 0.32866451 0.55748552 0.45524415
v -0.24124789 -0.55445164 -0.20644639
v 0.07803090 -0.06757250 -0.65337664
v 0.07440507 -0.07598981 -0.58467394
v 0.43993267 0.38079882 0.41922745
v -0.02456512 0.25254658 -0.30760255
v -0.09143225 -0.43324158 0.68687212
v 0.33161622 -0.39939895 0.04793447
v -0.00224076 0.32418516 -0.46590778
v 0.31226659 -0.29772198 0.44410139
v -0.37415114 0.55291533 0.10445412
v -0.04201911 -0.29692417 -0.17539161
v -0.06940597 -0.38252947 -0.16166477
v -0.34763944 -0.40241969 0.22234765
v 0.07743023 -0.19632101 -0.59785014
v -0.00349070 0.25329208 -0.40169141
v 0.06797057 0.32932609 -0.45010838
v 0.25303572 0.53859687 -0.20529987
v -0.34285793 0.55446768 -0.12686273
v 0.38634384 0.55245018 0.23530895
v 0.29335725 0.55739647 0.57067877
v 0.31391251 -0.17386016 0.44193664
v 0.37173167 0.52381337 0.52389765
v 0.13225666 -0.55540961 0.66941035
v -0.16647674 0.55306393 0.55341208
v 0.20383404 0.52906895 -0.11479609
v 0.38309640 0.55487072 -0.07798372
v -0.35176581 0.55144161 0.06309953
v -0.37609103 0.54295486 0.11631228
v -0.02600637 0.25867063 -0.45460811
v 0.38402840 0.55788606 0.05288122
v 0.39486504 0.55338800 0.13208036
v 0.39923456 0.55547124 -0.05376791
v 0.47963229 0.35310361 0.29769513
v 0.07284523 -0.25978521 -0.54659623
v 0.05647540 -0.29814050 -0.49185526
v -0.47676346 0.55142444 0.11607079
v 0.09193452 -0.26439178 -0.27363214
v -0.28518522 0.55671299 0.47181019
v 0.42026392 -0.55796170 0.02397626
v 0.02070735 -0.55528224 -0.26768273
v 0.44428203 0.54792690 0.01543588
v 0.31950641 -0.41079888 0.36011398
v -0.38496423 0.55797827 0.28118235
v -0.03485665 0.02065124 -0.28490686
v 0.36206618 0.54243773 0.07061127
v -0.02430891 0.01383849 -0.61893290
v -0.37191191 -0.37564889 0.17134482
v -0.02569869 0.28237832 -0.51335025
v 0.07721751 0.32879153 -0.37075767
v 0.44140431 0.55738229 0.36724758
v 0.16870610 -0.41081849 0.49988595
v 0.10911305 0.54409772 0.67933148
v 0.03428154 -0.22550264 -0.29252639
v 0.41697395 -0.55758458 -0.00517358
v -0.25391272 0.55755520 -0.18834651
v 0.35849458 0.55398977 0.05506621
v 0.25700033 -0.55559462 -0.19052219
v -0.00010781 -0.54288995 0.69201744
v 0.44456765 0.54515553 0.40403914
v 0.07854311 -0.22059457 -0.43532211
v -0.37978801 -0.06231146 0.13011032
v 0.03741792 -0.55460185 0.68757391
v 0.46941674 -0.55783057 0.16609503
v 0.48540705 0.54847348 0.17941266
v 0.16230021 -0.22090630 0.56000060
v 0.47964823 -0.22155556 0.29769602
v -0.00870028 -0.04553968 -0.59022468
v -0.30794081 0.55351573 0.57843298
v -0.00244080 -0.31851512 -0.44001001
v 0.07043296 -0.35798186 -0.28080064
v 0.14636707 -0.55260444 0.66784221
v 0.33739960 0.55794245 0.51723826
v 0.06972910 0.09052888 -0.68009859
v -0.44061884 -0.55770653 0.37423027
v 0.30032322 -0.38818344 -0.02346465
v -0.19571786 0.54629445 -0.10997181
v -0.03990572 0.23375192 -0.28581187
v -0.02412254 0.25337857 -0.32531101
v 0.47942635 -0.54326928 0.13853709
v -0.32320139 0.33925676 0.42036524
v 0.35101038 -0.55441362 0.53135729
v -0.21046235 0.55786461 -0.13393119
v 0.14528775 -0.55443501 -0.24843277
v 0.07614707 0.26149189 -0.34607872
v 0.07761008 0.16398063 -0.58005780
v -0.46012554 -0.26309696 0.37056652
v -0.00697566 -0.55182797 -0.27261436
v 0.22110301 0.53118122 0.63856411
v -0.38522589 -0.55442774 0.49183932
v 0.15967764 -0.55388921 -0.24271038
v 0.21137489 0.55510151 -0.22238098
v 0.29579309 0.55393624 -0.06614116
v -0.13691239 0.52568144 -0.25902236
v -0.47953916 0.44916418 0.11783463
v -0.48430726 0.54948080 0.21416162
v -0.18193044 0.55522978 0.65019095
v 0.21376754 0.55303293 0.63629937
v 0.31525645 0.52512324 -0.16482612
v 0.01549853 -0.34979394 -0.28431797
v -0.28556031 0.55708712 -0.07488032
v 0.04066626 -0.41071934 0.55464232
v -0.28179535 -0.55596232 -0.17652142
v -0.03760362 -0.39713022 -0.13803257
v -0.36677232 -0.55793822 0.48841393
v -0.29025456 0.55784935 -0.15008807
v -0.01373396 0.21522878 -0.62151259
v 0.07865042 -0.21958944 -0.47894129
v -0.42638928 -0.55438215 0.42177120
v 0.45432666 -0.55790132 0.09344167
v -0.05565050 0.55319172 0.68747562
v 0.23612672 -0.41086075 0.44727802
v 0.38796651 -0.12474383 0.14303346
v 0.18508017 -0.40662739 -0.09481172
v 0.35988787 0.55774629 0.01557444
v 0.37622595 -0.39179760 0.30460367
v -0.24175720 0.55367821 -0.09579214
v 0.29227355 0.31844988 -0.05766226
v -0.02320123 0.34939343 -0.29730430
v -0.45236546 -0.55653709 0.34653476
v 0.46472293 0.55113339 0.07540113
v -0.13492206 0.55755788 -0.15606214
v 0.18186362 -0.39609900 0.51573294
v -0.46012872 0.34617940 0.37053549
v 0.22863802 0.54102176 -0.22086854
v -0.22892949 -0.41096729 0.15332642
v 0.37121338 -0.44978115 0.52432895
v 0.35411099 -0.40844992 0.30285203
v 0.13092905 -0.37771201 0.57019514
v 0.33013278 0.55797356 -0.06761882
v 0.07805906 0.23869981 -0.53090358
v -0.35770428 -0.39761534 0.19391319
v -0.02608750 0.02052847 -0.65248513
v 0.07919029 0.32275322 -0.31787011
v -0.00364608 0.10141974 -0.67870122
v -0.15149881 0.55565959 -0.24728733
v -0.00321010 0.19015725 -0.63646007
v -0.38131830 -0.55357236 -0.08335336
v 0.41315499 0.55554402 -0.02650956
v -0.32858628 0.55003333 -0.14315614
v 0.34178910 -0.40253177 0.36102879
v -0.03603449 0.15160583 -0.28565347
v -0.08410177 -0.55316317 -0.26586083
v 0.15113993 -0.41001922 -0.08417890
v -0.35770908 0.55348158 0.27721480
v -0.45699349 -0.55652922 0.32570753
v -0.29161593 0.54541612 0.59373546
v -0.22425772 0.53802693 -0.09648343
v 0.27897736 0.02628819 0.45940319
v 0.33359745 0.55791283 -0.09827255
v -0.02240813 0.23889974 -0.29329315
v -0.21184333 0.03461803 0.64743608
v -0.17909341 0.55668378 -0.23082101
v 0.15996811 -0.16623788 0.56249040
v -0.01487619 0.22984685 -0.60811061
v 0.38827476 0.52935058 0.12586191
v 0.31057373 0.55509263 0.46052182
v 0.07760085 0.27357846 -0.43241999
v -0.02594101 -0.13952553 -0.62616068
v -0.04449292 0.29091063 -0.28462353
v 0.38602540 0.55059779 0.20066595
v -0.27720368 0.50621068 -0.06548535
v 0.09783138 0.55290908 -0.26541373
v -0.02294544 0.07594017 -0.59568763
v -0.32256928 0.55361027 0.56518608
v 0.07084653 0.27959502 -0.55082119
v -0.25334123 -0.35882157 0.48831365
v 0.02257664 -0.29079241 0.59526217
v 0.37015179 -0.38982835 0.12094648
v -0.16280599 0.55744940 -0.14277101
v -0.40173489 -0.54622316 -0.06078026
v 0.36314178 -0.55724752 -0.08587552
v -0.31522611 0.55744922 -0.02595438
v -0.48684394 -0.13155013 0.24347165
v -0.00271886 0.07149741 -0.58690691
v 0.37493458 -0.37806806 0.33068287
v 0.06961682 -0.40293968 0.56788582
v 0.42546150 0.55761749 0.40519327
v 0.39138561 0.54422152 0.14561808
v 0.23430333 -0.40622282 0.46516728
v 0.00081956 -0.18979928 -0.48927334
v 0.16295381 0.22819731 0.56083256
v 0.04470661 -0.21014996 -0.39337489
v -0.48681092 0.44994432 0.24345960
v -0.08273450 0.55788946 -0.18943097
v -0.32234934 0.51313633 0.42019916
v -0.01248804 0.04506565 -0.59458870
v 0.47042251 0.55533242 0.30471256
v -0.44178295 -0.54051107 0.40636751
v -0.00283297 -0.10832138 -0.55814993
v 0.34784049 0.55521375 0.39738360
v -0.01567180 0.33093539 -0.44361079
v 0.09653409 0.33515403 -0.27082300
v 0.38969424 0.55571538 0.18685353
v 0.11825614 -0.53882813 -0.26306883
v -0.12430037 0.55625594 0.66465729
v 0.06177720 0.55607349 0.59479922
v 0.16025478 -0.19391669 0.56238574
v -0.27207515 -0.11078327 -0.07339193
v -0.18534820 -0.40787643 0.51586032
v 0.06960247 -0.17191800 -0.53013337
v -0.47940129 0.55090201 0.20144507
v 0.37694356 0.06923867 0.32876188
v 0.38880679 0.55095965 0.11870760
v 0.11559259 0.52926576 0.57373977
v -0.02648798 -0.05959836 -0.64483708
v 0.38547412 0.55020696 0.21460824
v -0.48156199 -0.55082327 0.18691206
v 0.38872531 0.04842592 0.13988923
v 0.39284104 0.55775237 0.44787681
v 0.09344125 0.55818444 -0.23572285
v 0.04104751 0.54313099 -0.27413794
v -0.02065624 0.27377790 -0.54694891
v -0.00489900 0.01357182 -0.69299781
v -0.44377255 -0.55439967 0.02426331
v 0.19427384 0.55740756 0.56161940
v 0.15996522 0.54649508 -0.14294900
v 0.06820001 -0.19953661 -0.62030339
v 0.07775628 -0.09369890 -0.59118229
v -0.34953803 0.55300742 0.53679866
v 0.07659851 -0.29672539 -0.45655960
v 0.30244735 -0.40099713 -0.00748443
v 0.07931968 0.28762433 -0.35297546
v -0.00188634 0.22755660 -0.45473725
v -0.31962463 0.53568822 0.42459816
v -0.16748139 -0.54568845 -0.24971873
v -0.06085645 -0.33756760 -0.27913874
v -0.07756986 -0.52313483 0.68842107
v 0.15980408 -0.31847200 0.56274647
v -0.23643745 0.55780518 0.53884882
v 0.41493538 0.55790567 0.22760612
v -0.00053637 -0.38431641 0.58873588
v 0.16440193 0.54976827 0.56632298
v -0.25694966 -0.35573006 -0.08023786
v 0.07573637 -0.18382463 -0.62042212
v -0.47047704 -0.55708182 0.25644284
v -0.01043751 0.31451017 -0.48994473
v 0.15277179 -0.40728924 -0.11449683
v 0.48247761 0.55362988 0.15896836
v 0.38763970 -0.25633717 0.14502548
v -0.28062379 -0.39422989 -0.00060336
v -0.39401117 -0.55772281 -0.04311624
v -0.35630611 0.55688679 0.04902610
v 0.38214603 0.54087979 -0.09118831
v -0.32294258 -0.02077018 0.42056799
v -0.29787609 0.55661559 0.45754674
v 0.04653187 -0.19445801 -0.27608144
v -0.35843670 0.55239642 0.25806445
v 0.41288394 0.55572712 0.44429970
v 0.42881298 0.55482417 -0.00237671
v -0.00214122 0.55472934 0.59408057
v -0.00212040 -0.22319251 -0.33052620
v 0.06833314 -0.22276840 -0.28483546
v -0.03680212 -0.55793905 0.04302188
v -0.28753379 0.54378462 -0.18405841
v 0.05980341 -0.09310664 -0.56618690
v 0.48674628 0.29771501 0.17194255
v 0.16646038 -0.40315929 0.52841419
v 0.07509904 0.30835551 -0.47778106
v 0.24738383 0.54381895 0.62421215
v 0.17642401 0.55688351 0.64736372
v 0.47181436 -0.55511844 0.11828143
v -0.40949452 0.54747188 -0.04662618
v 0.06934907 0.24969997 -0.42526922
v 0.11200673 -0.39028478 -0.15190931
v 0.30024970 -0.53985399 -0.17467770
v 0.33023110 -0.38796839 0.03703684
v -0.38283578 0.55795145 0.07172964
v 0.33277982 -0.55081147 0.55498022
v 0.38193992 0.52800560 0.25835761
v 0.36603665 0.55582589 -0.09679427
v -0.28977478 -0.40290821 0.41990176
v 0.04268818 -0.17184162 -0.52458447
v 0.25140163 0.55735660 -0.18472573
v -0.13953005 -0.39464563 -0.10041220
v 0.30036235 0.55336773 -0.16869558
v -0.28619054 0.55781376 -0.09197739
v 0.07529973 -0.28790367 -0.49146649
v 0.33792630 -0.55197835 -0.13334338
v 0.08083805 0.32041001 -0.28909218
v -0.37801981 -0.36250654 0.12968607
v -0.48453939 -0.54331094 0.20859048
v 0.47958732 0.44298789 0.29785183
v 0.32804805 -0.39526254 0.40023419
v -0.19739372 0.55766845 -0.21611468
v 0.40183163 -0.13847193 -0.06952259
v -0.10929102 -0.38897908 -0.13491465
v 0.17621970 0.55796158 -0.21032819
v -0.26979429 0.55714941 0.59241140
v 0.08000064 0.27485579 -0.31802997
v 0.34593588 0.53056139 0.04040906
v -0.19554961 -0.38612378 -0.10076429
v 0.04445296 0.55795896 0.61982846
v -0.15861157 -0.55797535 -0.21947423
v -0.02555243 -0.02396513 -0.62629789
v 0.37074012 -0.35988888 0.52533776
v 0.16208909 -0.34586626 0.56084698
v 0.07810421 0.28636783 -0.46460333
v -0.02614615 -0.10790189 -0.63944262
v -0.07622477 0.55610150 0.57786441
v 0.29193884 0.18684091 -0.05496772
v 0.17259996 0.55780953 -0.16876756
v 0.03432645 0.34756795 -0.30395913
v -0.01969305 -0.16594653 -0.63420582
v -0.02013113 0.34447268 -0.32541814
v -0.03382950 0.20535637 -0.28719899
v 0.01476129 -0.40897202 -0.14390574
v 0.28933686 0.51276004 -0.06309208
v 0.45103902 -0.55791777 0.32413459
v 0.06659245 0.09810025 -0.58074933
v 0.31168094 0.55550015 0.56437111
v 0.06991068 0.11494400 -0.57711273
v -0.05623266 0.55232936 0.57958215
v 0.06841714 0.14577419 -0.65998507
v 0.06442612 -0.24140847 -0.57795709
v 0.31134826 0.54511094 0.57696348
v 0.38176161 -0.39228854 0.22202016
v -0.03583891 0.33334166 -0.29070783
v 0.44398966 0.55808437 0.12918687
v 0.42836750 0.54103446 0.43672854
v -0.27199969 0.28385222 -0.07392211
v -0.21185313 -0.27694380 0.64746147
v -0.02566917 0.16263837 -0.57720912
v 0.18033196 0.52823484 0.55384910
v 0.13963376 0.52894312 -0.15299478
v -0.27469409 0.55709088 -0.17679082
v 0.07728300 0.21807204 -0.59274042
v -0.37090597 0.48342317 -0.10976239
v 0.27647898 0.13154928 0.60995841
v -0.02817022 -0.27687043 -0.30017439
v 0.16398980 -0.24931777 0.55824023
v 0.06722579 0.02028770 -0.60194039
v -0.22219580 -0.36815196 0.51587778
v 0.04768642 0.55484509 0.59598243
v -0.27219829 0.10378078 -0.07358199
v -0.01877201 0.30099136 -0.51063162
v 0.08059049 0.27186793 -0.29038826
v -0.38706911 0.55280620 -0.07600325
v -0.47804171 0.55538124 0.16583037
v 0.07602705 -0.20439279 -0.46354529
v 0.10859500 0.55460531 -0.17952219
v 0.19085895 0.54526711 0.54929101
v 0.07615113 -0.13663341 -0.55921763
v -0.15495209 -0.36276510 -0.12610491
v -0.13872866 -0.39945826 0.54286563
v -0.02548398 0.21076581 -0.59863985
v 0.06649950 -0.11810015 -0.55437613
v 0.07284992 -0.19825429 -0.47807339
v 0.07931706 -0.24763231 -0.34415090
v -0.01441331 -0.22738370 -0.59414279
v -0.44347632 0.55407155 0.39140695
v -0.24527934 0.55177402 -0.20670591
v -0.02602028 -0.30790019 -0.30772176
v -0.34102240 -0.39143354 0.31811678
v 0.45279843 0.55770248 0.32177076
v 0.37088856 -0.40862358 0.52501661
v -0.01191970 -0.21494925 -0.60800833
v 0.04004597 0.33985981 -0.42251661
v -0.41702119 -0.55796129 0.01692505
v -0.45218819 -0.54026222 0.03338428
v 0.25812888 -0.54015046 -0.20187432
v 0.45704895 -0.54541308 0.04093212
v 0.24704030 -0.39367753 0.47218940
v 0.04022126 0.13875838 -0.66607451
v -0.01221557 0.25876912 -0.57656330
v -0.39818960 0.55794609 0.20189150
v 0.07318996 0.33464885 -0.42252669
v -0.45326579 0.55762941 0.32450557
v 0.02251224 -0.06923722 0.59529293
v -0.01987321 -0.34671926 -0.28459281
v -0.38347733 0.55241936 0.13867161
v -0.26010647 0.55737865 0.50458878
v -0.07643016 0.55724478 -0.26119262
v 0.05635604 -0.32793015 -0.30480272
v 0.25173283 0.55784971 -0.12438717
v -0.02718202 -0.29449525 -0.33811909
v -0.20143944 0.40849227 0.53931582
v 0.16046821 -0.08283931 0.56203884
v 0.16676588 -0.54006231 0.66483682
v -0.20148377 -0.11770132 0.53928614
v -0.32798105 -0.38431734 0.04251849
v 0.47963464 -0.33223858 0.29775572
v 0.19240637 0.54391408 0.65217763
v -0.03548693 -0.46489421 -0.27901784
v -0.32294354 -0.28386694 0.42054927
v 0.12434666 -0.40236056 0.55435348
v 0.09583912 -0.55796021 0.65433991
v -0.44019240 -0.55438203 0.39409748
v 0.13327318 0.55306220 -0.25371516
v 0.16365616 -0.36681935 0.66747487
v -0.13402858 0.54160517 0.67285389
v 0.26988059 0.55775410 0.58571637
v 0.33262452 -0.41044772 0.11574762
v 0.47077250 -0.55452794 0.30476463
v 0.07501589 -0.32220703 -0.36681005
v 0.05642106 -0.22692116 -0.31889543
v -0.32665503 -0.53913230 -0.14958024
v -0.29535240 0.52930015 0.44732004
v 0.12817566 0.55804026 0.61122632
v -0.38006738 0.47081044 0.12847842
v -0.02337954 -0.32742718 -0.29434788
v -0.02707405 -0.23156895 -0.40118298
v -0.27208880 0.02768880 -0.07360113
v 0.01174246 -0.01788167 -0.60378379
v -0.03536117 0.08960873 -0.28507712
v -0.35992393 -0.55480248 -0.11036789
v 0.07788076 -0.03857367 -0.61932904
v -0.33615065 0.55577397 0.02191354
v 0.29213098 0.28373775 -0.05697328
v -0.37190256 0.55169070 0.18652363
v 0.07796768 -0.28116399 -0.47340325
v -0.22000618 -0.39392006 -0.05566036
v -0.01792934 0.24716717 -0.33949411
v -0.22826080 0.53637856 -0.21946305
v 0.29242712 0.35310993 -0.05834870
v -0.15102641 0.55795670 -0.22657941
v -0.30315354 -0.36279234 -0.01569668
v -0.20142411 -0.30463853 0.53908396
v -0.32281432 0.45003441 0.42060184
v -0.11413945 0.54166842 0.67964810
v -0.27207768 -0.07616638 -0.07344652
v 0.14420225 -0.24232763 0.56697214
v 0.48348841 0.54372019 0.22170357
v 0.07963256 -0.28852254 -0.30381545
v 0.30972046 -0.40608519 0.40515217
v -0.01501198 -0.40709540 -0.07828774
v 0.05983705 0.24978372 -0.34593886
v 0.06866746 0.22104889 -0.61632234
v -0.42682436 -0.53984165 0.43577650
v -0.37894619 -0.32530218 0.13164750
v -0.40446723 -0.55795401 0.42245060
v 0.43374956 0.55789638 0.34940678
v 0.21029583 -0.48329413 -0.23281132
v -0.02677372 0.23542653 -0.18562128
v -0.01120888 -0.06269573 -0.58158314
v 0.07247595 -0.01435876 -0.68308663
v 0.24027969 0.55700529 0.61110693
v -0.47663996 0.54904628 0.29040980
v 0.08058339 -0.40989268 -0.12619811
v 0.43143979 -0.55767310 0.38974395
v -0.02645254 -0.26311857 -0.48236904
v -0.27669555 0.20770912 -0.19463614
v -0.01763062 -0.14231274 -0.65190572
v -0.32316759 0.21463254 0.42039612
v -0.48679063 -0.44982326 0.24241212
v 0.38858488 0.54215020 0.16059326
v 0.01366685 -0.17427918 -0.52312070
v 0.38870531 -0.32579973 0.14917468
v -0.36001587 -0.40146089 0.16627204
v -0.00154874 -0.19662756 -0.45630679
v 0.38314021 -0.39239275 0.19438826
v -0.01924169 0.19828533 -0.50552011
v -0.04794272 0.55209434 -0.18078348
v 0.40942645 0.54247099 0.46573824
v -0.47998133 0.55356979 0.14515668
v -0.12313348 -0.52467602 0.67706108
v -0.22839734 -0.36435923 -0.09296975
v 0.07750072 -0.17003959 -0.55400324
v -0.01800423 0.18542103 -0.52045906
v -0.35230088 0.06856164 0.27288127
v -0.32994723 0.55810249 0.50942284
v 0.06826527 0.16505337 -0.54183668
v -0.06008731 0.55546349 -0.17852387
v 0.27547488 -0.12138153 0.45833048
v -0.47426242 0.55686045 0.26622739
v -0.27105895 0.54106385 -0.19711305
v -0.35016197 0.52931786 -0.12901701
v 0.03398502 -0.55783659 -0.26117155
v 0.25910696 0.55788571 0.52155358
v -0.18396132 -0.55555308 -0.23338455
v 0.33544597 -0.39924946 0.38115275
v 0.07779752 -0.00852793 -0.63428813
v -0.04218450 0.55739969 0.59539646
v -0.40490481 0.53022164 -0.05796957
v 0.07796367 0.22381553 -0.56983042
v -0.32319582 0.29771557 0.42036924
v -0.35768187 -0.39382783 0.11761153
v 0.28799474 0.54034400 -0.18243238
v -0.41089794 -0.55710059 -0.02381779
v -0.02548367 -0.05538902 -0.18539490
v 0.27646676 0.42926407 0.60995620
v 0.07481439 0.04177734 -0.68020779
v 0.03899114 -0.18509878 -0.50832272
v 0.23989616 -0.55794972 -0.18506528
v -0.37072501 -0.33229768 -0.11006526
v 0.01157806 -0.27407292 -0.54140639
v 0.40186006 -0.47658417 -0.06935325
v -0.44235045 0.53980076 0.40581807
v 0.10326120 -0.55442256 -0.26195845
v 0.31436512 -0.40997180 0.07666335
v -0.21736652 0.53607416 0.52407515
v 0.38938031 -0.36226657 0.15012251
v 0.16438356 0.33223277 0.56136096
v -0.01866919 0.14629491 -0.57158232
v -0.30885798 -0.39490986 0.05358149
v -0.24877717 -0.52976298 0.62345618
v -0.00225995 -0.32584319 -0.39894700
v 0.01240520 0.14302751 -0.56654143
v -0.01043088 -0.12767749 -0.54868054
v -0.26880658 0.55600548 0.48347828
v 0.18197857 -0.25641826 0.52637613
v 0.19700694 0.55754614 0.63168585
v 0.43993381 -0.09693031 0.41921189
v 0.19401452 -0.54145372 0.65101516
v 0.26745397 0.54567134 -0.07999469
v 0.03875519 0.54801255 0.69311816
v -0.25379184 -0.55681705 0.60727972
v -0.10729761 0.55657554 0.57233542
v -0.19917414 -0.54180455 -0.23389100
v 0.07771396 -0.12183720 -0.57746536
v -0.27208087 -0.03462470 -0.07351187
v 0.35676032 -0.40457883 0.11358085
v 0.08414395 0.39011902 -0.27638087
v 0.31438160 -0.06275046 0.44108379
v -0.14566416 -0.37683836 0.55350912
v 0.45498747 -0.52956820 0.37288272
v 0.36688700 -0.55684358 0.50540787
v 0.48279151 -0.54397619 0.23577078
v 0.00756379 0.20794286 -0.27972132
v 0.10021579 0.55775517 0.66298383
v -0.48358130 0.54001999 0.18602741
v -0.01765932 0.34356394 -0.33863148
v 0.03547766 -0.10025387 -0.67569751
v -0.27207300 -0.13847779 -0.07334829
v -0.43970889 0.44667870 -0.00436232
v -0.02405382 -0.31540811 -0.39445698
v 0.08958829 -0.49130636 -0.27177703
v -0.31877923 -0.52765381 0.57602054
v -0.02248852 0.23454249 -0.46350947
v 0.05619868 0.19336559 -0.50162971
v -0.18875489 -0.41088864 0.47786146
v 0.07793515 0.27627903 -0.39797020
v 0.30019423 -0.41086555 0.38514188
v 0.07811275 0.12238213 -0.62720877
v -0.08007250 0.52927929 -0.27096352
v -0.37073338 -0.14539482 -0.11005656
v 0.35563910 -0.40998375 0.22465636
v 0.07123499 -0.22355151 -0.34480739
v 0.07838345 -0.20476143 -0.51331794
v -0.08993724 0.55322784 0.57222933
v -0.00362841 -0.04242445 -0.68594956
v 0.15949805 0.16608247 0.56289673
v 0.02249829 -0.00692577 0.59528571
v -0.03974922 -0.34215897 -0.17280817
v -0.02239471 -0.31804898 -0.32518679
v 0.28717065 0.55752397 0.49078748
v -0.17913410 0.55799913 0.62686479
v 0.18179059 -0.33829907 0.52374852
v 0.28428528 0.54350716 0.47208545
v 0.27635306 0.48382881 0.60991722
v 0.31293041 -0.34594601 0.44334266
v 0.05804301 -0.13938992 -0.54248083
v -0.37967643 -0.18693027 0.13070016
v 0.38057488 -0.39336133 0.13960868
v -0.27669668 -0.21463181 -0.19463587
v 0.09419427 0.15890431 -0.17541540
v 0.28932816 -0.33887735 -0.04491696
v -0.01221681 -0.02040355 -0.60412860
v -0.08164161 0.53075045 0.56955111
v -0.00422443 -0.19366461 -0.62556058
v 0.42850152 0.55802649 0.07347994
v 0.12305724 0.54608655 -0.16597867
v -0.01896945 0.28700820 -0.53301489
v 0.10456216 0.55646831 0.58550918
v 0.36489606 0.54249924 0.35212120
v 0.30308315 0.52895588 0.45477805
v 0.38798216 -0.52865964 0.49946088
v -0.01422249 -0.14890766 -0.53986627
v -0.38020757 0.24925499 0.12929833
v -0.31697327 -0.19386131 0.57904130
v -0.45998925 -0.45673525 0.37026665
v -0.02534166 0.33677110 -0.30787796
v -0.21969993 0.55778587 0.61213380
v -0.22503488 0.55771476 -0.20193660
v -0.46614060 0.55665582 0.30549759
v 0.16267462 -0.55795342 0.15737952
v 0.07003029 0.31155440 -0.49179816
v 0.22723506 -0.39908713 -0.07695422
v 0.24598806 -0.40997040 -0.03433220
v 0.07081746 0.00649921 -0.60618329
v -0.40334842 0.54755163 0.47901753
v -0.27208483 -0.00000562 -0.07356516
v 0.18414745 -0.02949954 0.53235006
v -0.25852469 0.53533876 -0.08126850
v 0.45782852 -0.54889429 0.35864288
v -0.02592801 -0.19384597 -0.59160346
v -0.37072983 -0.24232590 -0.11006155
v -0.01307044 0.21386121 -0.47489315
v 0.05657297 0.07589695 -0.58573091
v -0.40198132 0.40157002 0.48476180
v -0.26238313 0.48107693 -0.07872026
v 0.37992615 0.55774403 0.47240406
v -0.46491966 0.52869952 0.07117182
v 0.29298338 0.47770035 -0.06033101
v -0.02569798 -0.08220287 -0.59770298
v -0.01621579 0.11807629 -0.67168212
v 0.07543974 0.01432893 -0.68149292
v -0.45692566 -0.55723971 0.31010541
v -0.03522993 -0.30274522 -0.29047313
v -0.23158802 -0.55796897 -0.18225560
v -0.20151086 -0.27694443 0.53920710
v 0.07799832 0.04168835 -0.65301692
v -0.02555252 0.23190123 -0.48136610
v 0.22119181 -0.40973189 -0.05572019
v 0.01771968 0.55492908 0.59719867
v -0.37590098 0.55398053 -0.09117539
v 0.07321579 -0.09865668 -0.57149982
v 0.33574650 0.53063720 0.40288559
v -0.16615067 0.37389162 -0.25099272
v 0.07747947 -0.30865008 -0.40144217
v -0.35511500 0.55789042 0.02984104
v 0.01338152 0.01717955 -0.60105479
v 0.46022522 0.49489382 0.04550004
v -0.36506441 0.55790055 -0.07316413
v -0.39385051 0.55764204 0.11396141
v -0.02868297 0.30476651 -0.29949883
v 0.37154946 -0.48931861 0.52318680
v -0.35011694 0.52818871 0.07031930
v -0.31703410 -0.38763478 0.57895583
v -0.01985007 0.16969895 -0.54635638
v 0.02200772 -0.33854350 0.59498191
v -0.09456646 -0.39545739 -0.12207286
v -0.36170259 -0.53193253 0.52951539
v 0.35926136 -0.41007125 0.14048918
v -0.06000616 -0.33279288 -0.16920467
v 0.09760370 0.22104809 -0.17413813
v -0.04504590 -0.27755174 -0.28440043
v 0.31282374 -0.27718484 0.44345322
v 0.16256467 0.19390105 0.56157672
v 0.48675328 0.38771805 0.17190829
v -0.27675423 -0.40159881 -0.19459744
v 0.07771727 0.27393818 -0.52186793
v 0.04227558 0.14031276 -0.56772256
v 0.08196304 0.55707592 0.59588534
v -0.16495419 -0.39906311 0.53782833
v 0.02064232 -0.55596405 0.68721873
v -0.26630232 -0.55776936 0.59151870
v -0.01386721 -0.21548752 -0.28680995
v -0.33239776 0.55804372 0.45838052
v 0.38618448 0.55545318 0.10489649
v -0.35215881 0.53084624 0.54031515
v 0.35633397 -0.36460412 0.36583805
v 0.07817914 0.23816191 -0.49764723
v 0.27180597 -0.54078966 0.61105430
v 0.13824679 -0.38436314 -0.14113201
v 0.27470136 -0.18814151 0.45711696
v 0.22837815 -0.55640692 -0.20555238
v -0.37943989 -0.28385124 0.13108248
v -0.02562648 0.13959903 -0.59272534
v 0.28315333 -0.37991863 -0.04889899
v -0.02031144 -0.11113852 -0.66291910
v 0.29875389 -0.55705565 -0.15747824
v 0.28593391 -0.55640399 -0.16943134
v -0.01800817 0.23814972 -0.44811752
v 0.08968217 -0.08324729 -0.17574844
v -0.40218607 -0.42206246 0.48396319
v 0.39244840 -0.55795461 -0.03139341
v -0.01778942 -0.41089657 0.54042619
v -0.11133616 -0.54564106 -0.26325694
v -0.02199822 0.18215701 -0.53256851
v 0.04141677 -0.40047473 0.57915610
v -0.13206184 0.55649060 -0.25029504
v 0.16124894 -0.29771632 0.56204313
v -0.16787696 -0.39344278 -0.10282216
v -0.26646611 -0.39457840 -0.02823173
v 0.07620003 0.20213291 -0.51011372
v 0.06834094 -0.14669587 -0.65062720
v -0.02219646 0.03448964 -0.60756165
v -0.14551753 0.54437989 0.55522943
v 0.29000568 -0.30462876 -0.04576313
v -0.25123167 -0.39514369 -0.05559605
v 0.09842087 0.28379789 -0.17423350
v -0.19997278 -0.33828121 0.53943115
v -0.01855778 0.09567081 -0.67408544
v 0.06791054 0.55698723 -0.19434944
v -0.37256446 0.54179525 -0.10598574
v 0.17925361 -0.55695558 0.64409631
v 0.34919262 -0.53430843 0.54445070
v 0.10069918 -0.41341957 -0.26874265
v -0.01177479 0.27360311 -0.55947763
v -0.01717857 0.25099468 -0.35938066
v -0.47951344 -0.35316271 0.11735925
v -0.16617878 -0.06923600 -0.25099346
v -0.36050028 0.54683661 0.08526187
v 0.07546429 -0.27473849 -0.51919383
v 0.41915607 0.55788285 0.02979140
v -0.42582467 0.55770385 0.01029468
v 0.27664438 -0.54943585 -0.18659645
v 0.47275320 0.55649400 0.27713001
v -0.00393290 0.29054022 -0.54005480
v 0.07777666 0.10656784 -0.60531288
v 0.40113750 0.54292065 -0.06861521
v 0.38956398 0.49133542 0.12987180
v -0.02320676 -0.02801453 -0.67858493
v 0.38121393 0.55396473 0.49772266
v -0.01383219 0.01384503 -0.60427219
v 0.44194725 -0.54160285 0.00905540
v -0.46360847 -0.54765987 0.06965254
v -0.29154554 -0.40622038 0.13515569
v 0.36968714 0.55768394 0.38892457
v -0.47072583 0.54149175 0.32168716
v 0.23330685 -0.52828634 -0.21841702
v -0.33149377 0.55138272 0.39417931
v -0.01449720 -0.32428810 -0.37337902
v -0.37766352 0.55741972 0.24406114
v 0.47962934 0.24924962 0.29772088
v 0.09262158 0.08986269 -0.17554440
v -0.02043257 -0.31617600 -0.42810476
v -0.02194793 -0.31797007 -0.34580189
v 0.31687957 -0.26309568 -0.16371728
v -0.22818221 -0.54910904 -0.21620204
v -0.46772552 0.55759883 0.18937208
v -0.02785860 -0.55788076 0.67830575
v -0.09089279 -0.33208826 0.68721300
v 0.31038603 0.19332919 0.44319081
v 0.21125683 -0.25617233 -0.23241779
v -0.00698898 -0.17287594 -0.52561677
v 0.31414661 -0.13109393 0.44156641
v 0.02751321 -0.33046776 -0.29815379
v 0.07855557 0.32293144 -0.34599799
v 0.46009067 -0.28386340 0.04470031
v 0.27286357 -0.25593826 0.45672354
v -0.41003683 -0.54049844 0.46842995
v -0.00484323 0.16594261 -0.53934473
v 0.01343745 -0.21576472 -0.28656793
v 0.22744130 -0.36570790 0.48883626
v 0.16197810 -0.45690477 0.66788679
v -0.02625117 0.32071918 -0.38611636
v 0.02254028 0.29771248 0.59532934
v -0.47340173 -0.55187589 0.29773891
v 0.05683646 -0.02141906 -0.68948394
v -0.27669483 0.40156883 -0.19463401
v 0.16670990 0.11004520 0.55433851
v -0.00146478 0.24295639 -0.59534174
v 0.35567355 -0.54401189 -0.11897344
v 0.38850760 0.00690129 0.14040430
v 0.27087328 -0.32665443 0.45615274
v 0.19399548 -0.54449242 -0.23773757
v -0.17011879 0.55796766 0.57916605
v 0.05985956 -0.06545482 -0.58019984
v 0.08851617 -0.09507687 -0.27323392
v -0.02009385 0.06214979 -0.59688145
v -0.37975898 -0.10385171 0.13034572
v 0.21137342 0.44967130 -0.23234482
v 0.27674389 -0.40998709 0.00453770
v 0.05948352 -0.41479075 -0.27423084
v -0.16812727 0.53883600 -0.24978933
v -0.01876970 -0.30667326 -0.45755988
v -0.32030857 -0.39519870 0.40159640
v -0.21184982 0.26309618 0.64743859
v 0.24136145 0.53091478 0.50491816
v -0.39071569 -0.54014140 -0.07944936
v 0.05670296 0.34376329 -0.35802221
v -0.20149606 -0.24232620 0.53927541
v -0.17822225 0.55546671 -0.12581697
v -0.04065582 0.49997202 -0.28002539
v -0.01320732 -0.25318658 -0.56541771
v -0.30000329 -0.41083285 0.33550134
v 0.27084056 0.54803193 -0.19160712
v -0.01998651 -0.20254399 -0.45683974
v -0.02084265 -0.55531406 -0.27575815
v 0.37280476 -0.32629865 0.12212244
v 0.05738048 0.01989652 -0.69251978
v -0.03239534 0.54272813 0.58261198
v 0.04837830 0.52573800 0.58986312
v -0.04093155 -0.54632801 -0.27681118
v -0.02625392 -0.24145907 -0.53559625
v -0.02608667 0.07616161 -0.18550697
v -0.27617264 0.52992558 0.60579610
v 0.07565801 0.26241004 -0.37392393
v -0.39110139 0.54867625 0.49523544
v -0.04707180 0.43434605 -0.28202665
v 0.28973222 -0.13160400 -0.04983602
v -0.36219299 0.55468357 0.52121395
v 0.12234852 -0.41018268 -0.11237408
v 0.32023463 0.53039050 0.43105572
v 0.27647376 0.22155556 0.60994852
v 0.31674245 0.46375388 -0.16378987
v -0.00439121 -0.16686782 -0.64068919
v -0.37962145 -0.23537867 0.13088445
v -0.33900836 -0.54800111 -0.13658422
v -0.40196738 -0.15232010 0.48476678
v -0.31445938 0.55801255 0.53585911
v 0.17977922 -0.37596780 0.52494663
v 0.40180662 0.47720841 -0.06945892
v -0.24950562 -0.39566624 0.46679693
v 0.13940021 -0.41105154 0.52489412
v -0.02446799 -0.16588372 -0.55245787
v 0.29171273 0.07607337 -0.05279363
v -0.30630526 0.53317237 -0.16817796
v -0.02309808 -0.36304224 -0.16431272
v 0.17482306 -0.55590761 -0.23654510
v -0.20149635 0.44311038 0.53915149
v 0.09146620 0.02757677 -0.17565802
v -0.03873895 -0.18177164 -0.28642556
v 0.43996245 -0.34601760 0.41918439
v 0.22472878 0.52980793 -0.10236093
v -0.02600707 0.26579100 -0.52898353
v 0.11491635 -0.55780518 -0.24782054
v -0.20654321 -0.55726033 0.63333386
v 0.04141266 0.55629480 -0.19367588
v 0.16351999 0.29745686 0.56139666
v 0.31994998 -0.37898144 0.43079248
v 0.04451339 0.55825710 -0.22955242
v -0.02121634 0.35998151 -0.28415477
v 0.40183175 0.09693086 -0.06952827
v -0.05087662 0.37454689 -0.28258276
v -0.30090466 -0.39078572 0.00680663
v -0.12796602 -0.37355021 -0.13805349
v -0.40196657 0.47751802 0.48467916
v 0.07070857 0.23450822 -0.44997752
v -0.28663266 -0.36219123 0.45525959
v 0.03624507 -0.33931404 0.69445860
v -0.14534360 -0.55142140 0.66682029
v 0.10522483 -0.31109795 -0.26762763
v 0.15092084 0.52994853 0.56555241
v -0.37083802 0.55788600 0.33995998
v -0.38915744 0.53262442 -0.08231124
v -0.07626756 -0.55780005 0.67765743
v 0.04631132 0.21660508 -0.46958843
v 0.34014741 0.52933872 -0.13848485
v -0.02735992 0.37387648 -0.18571539
v 0.31388485 0.08203243 0.44151071
v -0.32141289 -0.32379076 0.42236897
v -0.02083099 0.55642140 -0.19283825
v 0.38973036 0.45000470 0.13080871
v 0.07823125 0.52944440 -0.27361310
v 0.03632239 0.26309681 0.69444191
v -0.37158510 0.55503666 0.21971883
v -0.46019688 -0.36661515 0.37037319
v 0.07134567 -0.04905362 -0.68355697
v 0.02250455 0.15231575 0.59529799
v -0.25983500 -0.41089070 0.41539004
v -0.37075093 0.17308949 -0.11004025
v -0.24809898 -0.38466123 -0.07873914
v 0.37824744 0.55783021 -0.05411761
v 0.20889434 -0.55496532 0.63605052
v -0.31697893 -0.09000663 0.57904136
v -0.03587289 -0.11696455 -0.28590819
v 0.37071085 -0.22155523 0.52538103
v 0.46982086 -0.54097235 0.08973173
v -0.03596627 0.53903633 -0.18317178
v 0.07267307 -0.20632111 -0.42124066
v -0.27717656 -0.55796444 -0.15192477
v -0.27195728 0.32540223 -0.07402675
v 0.16744781 0.41481867 0.56099898
v -0.13902070 -0.40956840 0.13299422
v 0.31687632 -0.34614071 -0.16371542
v -0.36179712 0.55804729 0.43239656
v -0.19320595 -0.54452837 0.65278000
v 0.06082990 0.24920431 -0.58747613
v -0.02710045 0.32056305 -0.33579528
v -0.32178718 0.52907985 0.01714113
v -0.02670196 -0.21796167 -0.48515442
v -0.42724323 0.54096460 -0.02301977
v -0.27669591 0.09693179 -0.19463597
v -0.38012561 0.19386576 0.12933916
v 0.46006471 0.30463526 0.04470455
v -0.47953486 -0.13154848 0.11748868
v 0.21125901 0.09693219 -0.23243247
v 0.07710950 0.54513395 -0.17861436
v -0.12581624 0.52976269 -0.14107446
v -0.02306959 -0.00041506 -0.68086016
v 0.34259003 -0.41082981 0.26415357
v 0.04138264 0.55614603 -0.26287904
v 0.02231429 0.48024905 0.59518832
v 0.37697065 0.31848666 0.32878494
v 0.07269286 -0.03491372 -0.68374354
v -0.02710098 0.31156808 -0.18566827
v 0.03629730 0.14539365 0.69443160
v -0.46011612 0.22847874 0.37054703
v 0.04785521 -0.22269945 -0.28944048
v -0.12611859 -0.55770224 0.66437751
v -0.20148799 -0.15924284 0.53928274
v -0.01968720 0.31586206 -0.47049895
v 0.32741809 0.52974206 0.56456709
v -0.18097654 -0.36951315 -0.11432276
v 0.47962743 0.13847207 0.29771838
v -0.30326730 0.55760145 -0.04958016
v 0.38822070 -0.03485106 0.14070758
v 0.26783928 -0.38359192 0.45720267
v 0.08493581 0.14646433 -0.27685821
v 0.29298684 0.44306210 -0.05990692
v 0.07807544 -0.21058260 -0.56895560
v -0.04628889 -0.24530643 -0.28401801
v 0.25932398 0.55566663 0.50119996
v -0.39120632 0.55737162 0.16128150
v -0.27206910 -0.19386671 -0.07326093
v 0.38979805 0.40843624 0.13240865
v 0.01352547 0.55748791 0.67905432
v -0.36518669 -0.52600789 -0.11581855
v 0.18571489 -0.40998340 -0.06879444
v 0.09663941 -0.40511677 0.55684435
v -0.16739424 0.52851886 0.54825789
v 0.48020726 -0.52316242 0.29238692
v 0.46002603 -0.38075483 0.04456523
v 0.10101124 0.30035147 -0.26902732
v -0.21183679 -0.35972425 0.64747828
v -0.34933901 0.55732387 0.38290656
v 0.03628891 0.01383954 0.69443280
v 0.37070829 0.08308376 0.52537107
v -0.04998495 0.55790335 -0.20597304
v 0.06834731 0.33979574 -0.38757649
v -0.16617915 0.06231247 -0.25099954
v -0.23218516 -0.41088760 0.44302648
v -0.01660505 0.11499780 -0.57717758
v -0.38272002 -0.53855121 0.50524175
v 0.33043090 -0.55796552 0.51803088
v -0.41568497 -0.54323208 -0.04066046
v -0.31134897 -0.55581808 -0.15241721
v 0.07735539 -0.15930036 -0.62521386
v -0.27203906 0.40847063 -0.07408600
v 0.12434661 0.55577344 0.58068675
v 0.31687245 0.22848128 -0.16371875
v -0.27669406 0.31156319 -0.19463247
v -0.31666049 -0.46325472 0.57881761
v -0.03415262 -0.04880007 -0.28512880
v -0.01133083 -0.29172862 -0.50854033
v -0.16617963 0.28386736 -0.25098240
v 0.08965392 0.55459803 -0.18336517
v 0.28985330 -0.04850030 -0.05171569
v -0.34180376 -0.40969276 0.14308581
v 0.17290451 0.49845019 0.55883574
v -0.32730046 -0.41081005 0.19705577
v -0.02713263 -0.24787034 -0.37383944
v 0.04174663 -0.32772398 -0.33775479
v -0.37989855 0.10385182 0.12922050
v -0.33331543 -0.36136162 0.04188418
v 0.02244809 -0.23540305 0.59523994
v -0.21177807 -0.43590492 0.64716327
v 0.09332423 -0.20818445 -0.17223707
v -0.31698474 0.30463818 0.57902485
v 0.33559680 -0.40175948 0.06152726
v 0.45749962 0.55702686 0.09571638
v -0.27209279 0.06230656 -0.07363829
v 0.31322908 -0.31852841 0.44297284
v 0.31345642 -0.24245645 0.44262037
v -0.47841737 -0.54872078 0.27608132
v 0.16369869 0.31156263 0.66747308
v 0.31688562 -0.42238909 -0.16366173
v 0.27648300 0.03461897 0.60995275
v -0.02519926 -0.11077718 -0.18539807
v 0.11467978 -0.30807078 -0.15692089
v 0.37070286 0.19386046 0.52537280
v 0.16542195 0.36680418 0.56132102
v 0.15830183 0.13590528 0.56332874
v 0.40183011 -0.02076882 -0.06952436
v -0.41214916 0.55751717 -0.01678586
v -0.47900492 0.55301964 0.13105269
v -0.37075514 0.34618083 -0.11003200
v -0.41628411 0.54379553 0.45618966
v -0.27226582 0.13852765 -0.07354502
v 0.31447843 0.03468670 0.44082752
v 0.46005118 0.40849277 0.04470204
v -0.02577435 0.00692608 -0.18545610
v 0.37070864 0.38772157 0.52537519
v 0.09057698 -0.02783779 -0.17573421
v 0.30942610 0.55793297 0.54486924
v 0.07780594 0.30821466 -0.43825102
v -0.01816144 -0.19298200 -0.61965638
v 0.09925375 0.35292023 -0.17447130
v -0.32318905 0.38079825 0.42037833
v -0.27656302 0.47699350 -0.19468680
v -0.27357802 0.53347605 0.46861938
v -0.47953302 0.35310215 0.11750552
v 0.40182421 0.31156215 -0.06953192
v -0.37583378 0.53447533 0.51402247
v -0.03536972 -0.37679958 0.58081985
v -0.03398582 -0.40136039 -0.27930796
v 0.37688437 -0.27001816 0.32875824
v -0.40196863 -0.03461870 0.48476344
v 0.02716310 0.23914923 -0.29096672
v -0.27203700 0.22154866 -0.07381052
v 0.29015920 -0.26999524 -0.04649037
v 0.38933501 0.15900467 0.13875239
v -0.01671941 0.13854310 -0.66425991
v 0.34678707 -0.38433990 0.07060772
v 0.27637675 -0.37358099 0.61005002
v -0.46013209 0.09692179 0.37053609
v 0.15862454 -0.02082882 0.56290829
v -0.37268853 0.55359977 0.20060486
v 0.03916815 0.11173316 -0.67676878
v -0.48684514 0.24925037 0.24346721
v -0.43997100 -0.27694401 -0.00390468
v 0.37695411 0.14539748 0.32876405
v 0.27648380 -0.28386754 0.60993278
v -0.20145181 0.19386114 0.53931212
v 0.31148472 0.30391175 0.44286716
v 0.28976423 -0.09003866 -0.05078626
v -0.37577105 0.55313921 0.50645006
v 0.31688035 0.13155067 -0.16371982
v 0.38777089 -0.17319112 0.14398640
v 0.03477519 -0.20986527 -0.61494744
v -0.47953385 0.13154687 0.11750038
v 0.27648079 -0.06923519 0.60994530
v 0.20772643 -0.39019272 -0.09633182
v -0.21184333 -0.08308281 0.64744014
v 0.31687981 -0.17308879 -0.16371442
v 0.03898853 -0.32583207 -0.41152963
v 0.48674539 -0.05538411 0.17194378
v -0.20147339 -0.01384719 0.53929532
v 0.29144853 0.03451910 -0.05222400
v -0.32275116 0.07616043 0.42066801
v -0.22874223 -0.38817134 -0.08408548
v 0.31353390 -0.20776160 0.44246545
v -0.01545695 -0.26380980 -0.54893851
v -0.02997578 -0.21756697 -0.18266065
v 0.02259113 0.42233711 0.59534377
v -0.40196612 -0.25617364 0.48477179
v 0.16367143 0.09000622 0.66749221
v 0.37689900 0.45003563 0.32881513
v 0.29267082 0.38771430 -0.05894559
v 0.15972503 -0.13854927 0.56257528
v -0.02163823 0.23528078 -0.58960640
v 0.37071198 -0.02769438 0.52537352
v -0.30671421 -0.53502798 -0.16773626
v -0.34768289 -0.38254327 0.29508290
v 0.08634211 -0.01314527 -0.27469587
v 0.07759347 -0.31703609 -0.29082787
v 0.29009390 -0.22155428 -0.04763085
v 0.26614439 -0.40202346 -0.05190106
v 0.31362009 -0.00030243 0.44195014
v -0.46012354 -0.03462277 0.37055397
v 0.37070486 0.29771540 0.52537423
v -0.47953168 0.24924733 0.11750580
v 0.19478559 -0.41082427 0.48734269
v -0.04270725 -0.40013278 0.56775188
v 0.27843291 -0.05182817 0.45787969
v 0.15982477 0.02011116 0.56232339
v 0.33742371 -0.55795354 -0.10129996
v 0.02253595 0.22847652 0.59532291
v -0.11225092 -0.55730194 -0.24995962
v -0.09087891 0.27694482 0.68720800
v 0.18212698 -0.16689417 0.52912492
v 0.31846941 0.53124273 -0.01397024
v -0.15644899 -0.55793440 0.64837068
v 0.16369730 -0.15231740 0.66747063
v 0.37071154 -0.13154875 0.52537674
v -0.01375196 0.34826419 -0.31168568
v -0.00293869 0.24413909 -0.31466779
v 0.37698311 0.38080043 0.32877409
v 0.48674881 -0.32544383 0.17196098
v 0.31577122 0.55364269 -0.15630619
v 0.05378474 -0.13058427 -0.66145885
v -0.36497146 0.52945751 0.20840296
v 0.37708530 0.52256340 0.32491875
v -0.16617720 0.18001270 -0.25099900
v -0.22794099 0.54891634 0.63448805
v -0.27207884 -0.22848584 -0.07319424
v 0.47563505 0.55580688 0.24267672
v 0.16369928 -0.26309672 0.66747230
v -0.21184435 0.36695087 0.64743984
v 0.29201838 0.23513366 -0.05597439
v -0.09043220 -0.55700594 0.67712289
v -0.37983102 0.06231005 0.12931699
v 0.34619686 -0.52896506 -0.13159226
v 0.43966761 -0.44927138 0.41905972
v -0.21184720 0.15231918 0.64743775
v -0.48683321 0.35310382 0.24346133
v -0.08968449 0.46877623 0.68739194
v -0.01433329 -0.07792211 -0.67936391
v -0.08448438 0.55806524 0.65016693
v -0.02279179 -0.16774467 -0.18608826
v 0.02254513 0.36002558 0.59533501
v -0.27669650 -0.31155789 -0.19464625
v 0.31687853 -0.06923363 -0.16371340
v -0.01982723 -0.21682350 -0.38785723
v -0.06296363 -0.52614397 -0.27430612
v 0.35557741 -0.41050074 0.19038162
v 0.29289958 0.41531095 -0.05940036
v 0.09193195 -0.36225572 -0.27380624
v 0.02432713 0.43378720 -0.27934060
v 0.07108930 -0.41087231 0.54338580
v -0.00572050 -0.30512345 -0.47376838
v 0.38902095 0.09668849 0.13945831
v 0.31687683 0.03461939 -0.16371898
v -0.43997416 -0.02769369 -0.00390014
v 0.33375403 -0.41087639 0.33292115
v 0.27646747 0.36695164 0.60995120
v 0.05618052 0.54446387 -0.18024895
v -0.02590676 -0.26340035 -0.51285642
v 0.27647984 -0.18001269 0.60993713
v -0.12624261 -0.41084874 0.51614684
v 0.29051113 -0.00688390 -0.05226620
v -0.20143746 0.36695066 0.53932530
v 0.37692526 -0.10384823 0.32873824
v 0.48675036 0.07616415 0.17194523
v 0.21126208 -0.15231824 -0.23242676
v 0.08607800 0.44311950 -0.27464101
v -0.04791448 0.31735557 -0.28350756
v 0.10039846 0.47049493 -0.17505336
v 0.31357512 0.13889757 0.44166777
v 0.11143392 -0.40596151 -0.13752885
v 0.21308133 -0.41084269 0.46920198
v -0.32309785 -0.06231162 0.42046455
v -0.16321434 -0.44902381 -0.25230423
v -0.19829880 0.49800766 0.53984535
v -0.20147869 -0.06923607 0.53929079
v -0.37075227 0.42234004 -0.11002891
v 0.34985879 0.55792612 -0.01658031
v -0.09087895 -0.08307954 0.68720704
v -0.37999749 0.14539424 0.12922250
v 0.46006650 -0.18001352 0.04469682
v -0.03625058 -0.41049814 0.10304705
v -0.45693633 -0.54334337 0.37402391
v 0.29185608 0.11760063 -0.05348328
v -0.20144336 0.28386757 0.53931904
v -0.02613493 -0.29009745 -0.44554305
v -0.47829670 -0.55032575 0.12265051
v 0.37071738 -0.29771480 0.52537537
v 0.31187704 0.40832230 0.44424158
v -0.06793221 -0.38632903 0.57158470
v 0.37695834 0.20770869 0.32877600
v 0.48674777 0.19386068 0.17195463
v 0.40182245 -0.33232847 -0.06951949
v -0.32285154 0.11770210 0.42061350
v -0.43997720 0.22847825 -0.00389261
v -0.37073958 -0.04154146 -0.11004572
v -0.20146078 0.11077730 0.53930557
v 0.22821261 -0.38078052 0.48770097
v 0.28979450 -0.17313039 -0.04884497
v -0.35643137 -0.37404129 0.25129801
v -0.24699469 0.52798307 0.62496334
v -0.27202484 0.24924228 -0.07385050
v 0.31121403 0.24741350 0.44247410
v -0.32901075 -0.55796087 -0.10566029
v 0.16368195 -0.03461973 0.66748136
v 0.15441824 -0.39795178 0.55172724
v -0.47952721 -0.00000130 0.11750276
v 0.29856643 -0.55796301 0.54918617
v -0.02747205 0.42926586 -0.18583344
v -0.31645238 -0.41077176 0.25633544
v 0.43992892 0.15924294 0.41922137
v -0.37075448 -0.40853125 -0.11001410
v -0.43996793 -0.15924177 -0.00390255
v 0.35134375 0.52977198 0.37487903
v -0.25766569 0.55755609 -0.10926455
v 0.31360456 -0.02751673 0.44198367
v -0.30406350 0.54308224 -0.01724578
v -0.43992803 -0.38076025 -0.00397614
v 0.29695228 -0.37691173 0.44859049
v -0.09086628 -0.21463200 0.68720818
v -0.47953278 -0.24924959 0.11748943
v 0.40185943 -0.40854433 -0.06945650
v -0.32314271 -0.09693041 0.42043197
v -0.31697461 0.46386433 0.57899851
v -0.35145503 0.52940911 0.27781010
v -0.25877649 -0.31000805 -0.07918763
v -0.37074822 0.06923621 -0.11004416
v 0.10411748 0.51838458 -0.17329715
v 0.31686938 0.39464602 -0.16372339
v -0.31696659 -0.29771557 0.57903588
v 0.21125963 -0.03461722 -0.23243637
v 0.27969989 0.11053382 0.46082234
v 0.03604876 -0.42972702 0.69440573
v -0.32313138 -0.16616645 0.42044172
v -0.38032767 0.41542017 0.12860955
v -0.32310086 0.41541585 0.42044619
v 0.18207836 -0.21489562 0.52760690
v 0.18330997 -0.10775097 0.53029209
v 0.46988359 -0.55781686 0.23575778
v 0.08489510 0.06857149 -0.27609012
v 0.16027302 -0.05580964 0.56211460
v 0.16368799 0.20770705 0.66748887
v -0.48683333 -0.24924965 0.24346645
v -0.27205035 0.19385448 -0.07377253
v 0.06524012 -0.31451347 -0.44836634
v -0.02609212 0.15187639 -0.18565165
v 0.21376206 -0.55777436 -0.20985898
v -0.37977290 -0.02077085 0.12973663
v -0.29118618 -0.53173339 0.59590685
v 0.09726442 -0.38383839 0.57712525
v -0.31698993 0.38772100 0.57901961
v 0.37509954 0.55513030 0.08576392
v 0.38810059 -0.07612122 0.14175457
v 0.40183571 -0.24232565 -0.06952164
v -0.32100454 -0.40094388 0.36087811
v -0.36581329 0.55641294 0.07110476
v -0.08044516 -0.55796134 -0.23738179
v -0.37075308 0.26309744 -0.11003713
v -0.32308075 -0.24232550 0.42048177
v -0.27195060 0.36693540 -0.07410776
v -0.20786209 -0.36573321 -0.10221881
v -0.43407965 -0.55795968 0.31634673
v -0.38032055 0.36003238 0.12896094
v 0.47963530 0.02077083 0.29771644
v -0.16255865 -0.34492019 -0.25257209
v -0.26957816 0.44242209 -0.07520543
v 0.30881482 -0.55795813 -0.12897748
v -0.30116078 -0.38470003 -0.00748770
v -0.20145690 0.14539543 0.53930837
v 0.38972312 0.29738387 0.13578734
v -0.31698677 0.22847968 0.57902813
v 0.48462915 -0.54367089 0.20789453
v -0.48684207 0.13155773 0.24345964
v 0.40182415 0.40156925 -0.06953219
v 0.27666771 -0.45535383 0.60934711
v 0.38916364 -0.55796379 0.44128841
v 0.16417736 0.54718161 0.66551179
v -0.38026386 0.30464360 0.12912843
v 0.13635139 0.55700356 -0.17482132
v -0.27206647 0.16616002 -0.07373828
v 0.20738837 -0.40690252 -0.08280576
v -0.47031051 -0.55774772 0.23746778
v 0.03694661 0.21999961 -0.61926526
v 0.47964379 -0.10386310 0.29770559
v -0.27669972 -0.11770073 -0.19464546
v -0.37971452 -0.14539059 0.13051187
v 0.24265289 -0.55796033 0.59373242
v -0.27207088 -0.16617234 -0.07330460
v 0.18914716 0.08825172 -0.11458078
v 0.08551500 0.49069071 -0.27389601
v 0.37204403 -0.55795896 0.47180051
v 0.38766730 -0.21476722 0.14459091
v -0.02606876 0.18978116 -0.55147433
v -0.09087482 0.16616653 0.68721735
v 0.38957873 0.22824880 0.13736708
v 0.02248956 0.06923201 0.59528375
v 0.05985356 -0.03715011 -0.59467262
v -0.31698602 0.00000020 0.57903945
v -0.37075078 -0.47080404 -0.11000749
v 0.08421042 0.54383808 0.58198506
v 0.43992966 0.27694356 0.41922987
v 0.43993163 0.03461709 0.41921812
v 0.40182504 0.20770875 -0.06952888
v 0.17476685 0.53017604 -0.24474181
v -0.43997809 0.10385434 -0.00389888
v -0.00244357 -0.20775835 -0.40364882
v -0.28752640 0.55612904 0.58447325
v -0.21152417 0.45639867 0.64755541
v -0.09087768 0.04846905 0.68721694
v -0.33552104 -0.38013810 0.35794869
v 0.21131626 -0.42234415 -0.23239923
v -0.01938338 -0.40839392 -0.00209049
v -0.27518567 -0.29444304 -0.06797341
v 0.09974785 0.41511726 -0.17485008
v 0.15815900 0.05533795 0.56305140
v 0.02250655 -0.12462587 0.59528750
v 0.10374207 -0.26059556 -0.16423923
v -0.46191588 -0.55767477 0.27836299
v 0.37693444 -0.01384381 0.32875192
v -0.24216002 0.55206126 0.62223452
v -0.06277787 -0.55443794 -0.26739997
v -0.27742532 0.46616405 -0.06544024
v 0.11377767 -0.35363910 -0.15403281
v -0.40199736 -0.34603253 0.48471835
v -0.19462217 -0.39419544 -0.08486250
v -0.44232076 0.54130572 0.00359884
v 0.31010196 0.49180040 0.44770771
v -0.27669677 -0.01384686 -0.19464178
v -0.16618045 -0.20770819 -0.25098798
v -0.40197566 0.20770590 0.48476103
v -0.32281488 0.02769634 0.42063826
v -0.33251563 0.54194415 0.37879917
v -0.36054358 0.54510039 0.23638318
v 0.46007359 0.18693414 0.04470825
v -0.38772139 -0.55674857 -0.06461170
v 0.31222734 0.35952556 0.44301158
v -0.27570918 -0.33622980 -0.06631409
v 0.29191872 0.15224570 -0.05418088
v 0.46006647 0.06230811 0.04470119
v -0.32301846 0.16616815 0.42051154
v 0.22615415 0.54309076 0.51839393
v -0.46012101 -0.15232059 0.37056732
v -0.22409853 -0.52901393 -0.22169803
v -0.15980475 0.53565264 -0.12564053
v 0.46007511 -0.06231349 0.04470014
v -0.20146841 0.03461790 0.53929973
v -0.48683465 0.00000035 0.24345121
v -0.06225564 0.55704206 -0.26360229
v -0.21184428 -0.18693703 0.64745390
v 0.43993598 -0.22847870 0.41920540
v -0.18805026 -0.37944856 0.54137260
v 0.21126308 0.22847840 -0.23241884
v -0.02797380 0.47753742 -0.18570502
v 0.08888470 -0.14505515 -0.17571588
v 0.38187999 -0.37525451 0.25764433
v -0.40197876 0.31156206 0.48476353
v -0.40196922 0.09000778 0.48476252
v 0.46113339 -0.55382252 0.06035835
f 399 858 75
f 399 1977 858
f 399 75 1126
f 399 962 1977
f 1846 1126 426
f 1846 399 1126
f 1611 426 1126
f 1611 1501 426
f 1611 1117 1501
f 1941 1117 1611
f 258 713 560
f 713 1629 1199
f 258 1629 713
f 1629 962 1199
f 1629 1472 891
f 258 1472 1629
f 258 1941 1472
f 891 1472 1977
f 891 1977 962
f 1629 891 962
f 1472 858 1977
f 1472 75 858
f 1472 1611 75
f 1941 1611 1472
f 1611 1126 75
f 258 1854 1941
f 1860 1854 258
f 1860 1205 1854
f 1704 1205 1860
f 1704 1307 1205
f 1855 1307 1704
f 1855 1256 1307
f 1797 1256 1855
f 1797 1838 1256
f 1846 1501 516
f 1846 426 1501
f 1564 211 823
f 1564 1630 211
f 1564 516 1630
f 1564 823 441
f 1320 441 722
f 1320 1564 441
f 1846 516 1564
f 1501 1117 516
f 1941 1736 1117
f 1941 11 1736
f 1117 1630 516
f 1117 1736 1630
f 211 1630 1736
f 1736 175 211
f 1736 11 175
f 823 211 175
f 175 441 823
f 175 458 441
f 11 458 175
f 458 722 441
f 11 1985 458
f 458 1431 722
f 458 1985 1431
f 1854 11 1941
f 1854 1351 11
f 1205 1351 1854
f 1205 1785 1351
f 1351 1816 11
f 1785 1907 1351
f 403 1137 573
f 1137 1910 573
f 1910 961 573
f 1979 403 227
f 1979 1137 403
f 403 1385 295
f 573 1385 403
f 961 1385 573
f 403 295 227
f 954 1979 227
f 1385 1391 295
f 1555 227 1391
f 227 295 1391
f 954 227 1555
f 1177 954 1555
f 1391 1724 1555
f 1391 1132 1724
f 1385 1132 1391
f 1177 1555 1724
f 1307 1785 1205
f 1307 1275 1785
f 1955 1137 1979
f 1868 1955 1979
f 1868 1979 954
f 697 1955 1868
f 1868 954 1177
f 1256 1275 1307
f 1256 1927 1275
f 1927 1971 1275
f 1838 1927 1256
f 1838 1970 1927
f 1970 1403 1927
f 1014 1190 946
f 1014 946 367
f 193 1014 367
f 169 722 1431
f 1320 722 169
f 1014 169 1190
f 1014 1320 169
f 1752 1014 193
f 974 1846 1564
f 974 1564 1320
f 974 1320 1014
f 1985 169 1431
f 11 1816 1985
f 1985 1229 169
f 1229 1190 169
f 1985 1816 1229
f 1229 946 1190
f 1816 946 1229
f 1816 367 946
f 1816 193 367
f 193 1379 1752
f 1816 1379 193
f 1351 1907 1816
f 1064 1597 290
f 290 66 1529
f 1529 1064 290
f 1007 1529 66
f 1132 600 1724
f 1903 1177 600
f 1177 1724 600
f 1132 1967 600
f 600 1012 1903
f 1012 600 1967
f 1597 1903 1012
f 1967 1384 1012
f 1012 1384 1597
f 1384 290 1597
f 1384 995 290
f 1967 995 1384
f 1132 995 1967
f 995 66 290
f 1275 1971 1785
f 1785 1971 1907
f 1971 1347 1907
f 1064 1868 1597
f 697 1868 1064
f 1769 697 1064
f 63 1769 1064
f 1345 1064 1529
f 63 1064 1345
f 1868 1177 1903
f 1868 1903 1597
f 1927 1403 1971
f 63 1608 1769
f 1727 1608 63
f 1727 1930 1608
f 1783 1930 1727
f 1783 1244 1930
f 1662 1244 1783
f 1662 919 1244
f 1662 1141 919
f 1200 1141 1662
f 1200 1231 1141
f 1675 1231 1200
f 1675 1302 1231
f 1899 1752 863
f 1899 863 1963
f 88 1899 1963
f 218 1481 808
f 218 88 1481
f 1899 1014 1752
f 218 1899 88
f 974 1014 1899
f 1816 1788 1379
f 1379 863 1752
f 1379 1788 863
f 1816 1104 1788
f 1788 1963 863
f 1963 1486 88
f 1788 1486 1963
f 1486 1481 88
f 1788 1481 1486
f 1788 1104 1481
f 1481 708 808
f 1104 708 1481
f 1907 1689 1816
f 1907 947 1689
f 1816 1689 1104
f 947 1090 1689
f 1090 1121 357
f 66 1342 1007
f 1007 19 1529
f 1007 1342 599
f 19 1007 599
f 19 599 733
f 1345 19 733
f 599 134 733
f 599 824 134
f 1264 733 134
f 1264 1345 733
f 824 539 134
f 1264 134 1511
f 824 233 539
f 539 1511 134
f 233 596 539
f 1511 539 596
f 995 1342 66
f 995 1146 1342
f 1954 1146 995
f 1342 824 599
f 1342 1146 824
f 824 1146 233
f 456 1070 25
f 456 25 1477
f 1468 693 1794
f 1828 693 1468
f 1801 73 1638
f 1161 1638 693
f 1161 1801 1638
f 1161 693 1828
f 1487 1726 73
f 1801 1487 73
f 637 1161 1828
f 1487 1477 1726
f 637 70 1161
f 1487 456 1477
f 1574 1487 1801
f 1574 1801 1161
f 70 1574 1161
f 790 1468 1794
f 72 1246 1424
f 1429 72 1424
f 1828 1468 1428
f 1096 72 1429
f 203 1828 1428
f 1122 1828 203
f 1645 203 1246
f 1645 1122 203
f 1645 1246 72
f 409 72 1096
f 409 1645 72
f 1122 637 1828
f 359 1122 1645
f 405 1645 409
f 405 359 1645
f 1217 203 1428
f 1217 1246 203
f 1424 1246 1217
f 137 1429 1424
f 790 1428 1468
f 1347 947 1907
f 1971 1605 1347
f 1347 1319 947
f 947 1121 1090
f 1319 1121 947
f 1347 1050 1319
f 1605 1050 1347
f 1605 121 1050
f 602 121 1605
f 1073 1265 213
f 1073 213 1121
f 1319 1073 1121
f 1096 1429 1265
f 1073 1096 1265
f 1050 1096 1073
f 1050 1073 1319
f 55 1096 1050
f 55 409 1096
f 121 55 1050
f 590 55 121
f 55 405 409
f 602 590 121
f 213 1429 137
f 213 1265 1429
f 357 1121 213
f 55 972 405
f 590 972 55
f 590 524 972
f 602 524 590
f 1345 1529 19
f 63 1345 732
f 732 1345 1264
f 1306 1680 1077
f 1306 1077 1070
f 1306 1070 456
f 364 1306 456
f 418 1024 1680
f 418 1680 1306
f 1508 1306 364
f 1508 126 1306
f 126 418 1306
f 879 1163 1024
f 879 1024 418
f 630 879 418
f 630 418 126
f 467 630 126
f 1019 1371 1163
f 1019 1163 879
f 630 1019 879
f 1680 1280 1077
f 1024 1280 1680
f 1024 1499 1280
f 1163 1499 1024
f 1371 475 1163
f 462 456 1487
f 650 462 1487
f 650 1487 1574
f 364 456 462
f 135 650 1574
f 439 135 1574
f 1480 1574 70
f 1480 439 1574
f 352 364 462
f 285 462 650
f 285 352 462
f 135 285 650
f 352 1508 364
f 1288 1508 352
f 1288 126 1508
f 1219 126 1288
f 1219 467 126
f 1480 1170 439
f 135 270 285
f 135 901 270
f 439 901 135
f 1437 285 270
f 1437 352 285
f 293 352 1437
f 293 1288 352
f 1219 910 467
f 698 70 637
f 569 698 637
f 569 637 1122
f 1787 569 1122
f 1787 1122 359
f 698 1480 70
f 1787 1948 569
f 1787 428 1948
f 359 428 1787
f 405 428 359
f 698 1170 1480
f 1971 1559 1515
f 1403 1559 1971
f 1971 1515 1605
f 1515 602 1605
f 1515 1358 602
f 1358 524 602
f 1515 34 1358
f 1559 34 1515
f 1371 454 475
f 644 454 1371
f 1781 454 644
f 1414 1261 52
f 1414 197 1261
f 1583 197 1414
f 397 630 467
f 1019 644 1371
f 1315 1019 630
f 397 1315 630
f 926 644 1019
f 1315 926 1019
f 648 1315 397
f 926 1781 644
f 926 52 1781
f 592 926 1315
f 1155 592 1315
f 1155 1315 648
f 788 592 1155
f 1414 52 926
f 1015 1414 926
f 1015 926 592
f 635 1015 592
f 635 592 788
f 1278 1015 635
f 1015 1583 1414
f 619 1015 1278
f 910 397 467
f 1403 765 1637
f 1403 1637 1559
f 234 928 597
f 1960 1658 956
f 1318 1450 1960
f 584 1418 682
f 1418 1080 442
f 670 1418 584
f 670 1080 1418
f 670 258 1080
f 442 1080 935
f 1080 560 935
f 1080 258 560
f 161 138 597
f 928 161 597
f 1002 928 234
f 161 1829 138
f 1002 161 928
f 670 584 1829
f 670 1829 161
f 1165 670 161
f 1165 161 1002
f 1829 584 682
f 1165 1002 372
f 1165 372 224
f 372 234 1924
f 372 1002 234
f 224 372 1924
f 224 1924 956
f 1658 224 956
f 694 1658 1450
f 1658 1165 224
f 1165 1658 694
f 1291 1165 694
f 1450 1658 1960
f 694 1450 1318
f 694 1318 866
f 144 866 840
f 144 694 866
f 1291 694 144
f 1291 144 1825
f 1825 840 795
f 1825 144 840
f 1108 1825 795
f 909 1825 1108
f 1291 1825 909
f 670 1860 258
f 1402 1860 670
f 653 670 1165
f 653 1402 670
f 1550 1165 1291
f 1550 653 1165
f 1863 1704 1402
f 1402 1704 1860
f 1885 1402 653
f 1885 1863 1402
f 807 653 1550
f 807 1885 653
f 1579 1855 1863
f 1863 1855 1704
f 894 1863 1885
f 894 1579 1863
f 1984 1885 807
f 1984 894 1885
f 1849 1797 1579
f 1579 1797 1855
f 1989 1579 894
f 1989 1849 1579
f 1743 894 1984
f 1743 1989 894
f 247 442 935
f 247 1418 442
f 682 1418 247
f 1079 560 713
f 1079 935 560
f 247 935 1079
f 1079 713 1199
f 1079 1199 962
f 597 1829 682
f 597 138 1829
f 1960 956 1924
f 1904 1318 1960
f 1904 866 1318
f 1904 1960 1924
f 1904 1924 234
f 840 866 1904
f 795 840 1904
f 638 1108 795
f 1151 829 638
f 416 829 1151
f 1151 638 795
f 1151 795 1904
f 825 559 1151
f 559 416 1151
f 825 185 559
f 825 810 185
f 31 810 825
f 692 31 825
f 241 31 692
f 312 241 692
f 533 241 312
f 909 1108 638
f 829 909 638
f 1149 909 829
f 1291 909 1149
f 87 1291 1149
f 1376 1291 87
f 1149 829 416
f 1443 1149 416
f 87 1149 1443
f 1443 416 559
f 185 1443 559
f 1627 185 810
f 1627 1443 185
f 87 1443 1627
f 1627 810 31
f 87 1627 1343
f 241 1627 31
f 1343 1627 241
f 533 1343 241
f 200 1343 533
f 1636 87 1343
f 1636 1376 87
f 200 533 163
f 1636 1343 200
f 1636 200 1248
f 479 642 130
f 479 472 356
f 479 130 472
f 1648 479 1101
f 1648 642 479
f 1001 768 582
f 1150 768 1001
f 582 1197 1001
f 582 768 1169
f 768 852 1169
f 768 294 852
f 642 1197 130
f 642 1001 1197
f 642 1150 1001
f 1197 582 1642
f 582 1169 1642
f 294 734 852
f 852 1644 1169
f 734 1644 852
f 1197 472 130
f 294 554 734
f 294 1842 554
f 1842 498 554
f 1842 1737 498
f 1376 1550 1291
f 1966 1550 1376
f 1074 1952 639
f 1339 1966 1376
f 1339 1376 1636
f 1872 1966 1339
f 1368 1150 642
f 1368 642 1648
f 1500 1368 1648
f 1150 294 768
f 1368 294 1150
f 1368 1842 294
f 1500 1842 1368
f 1842 1901 1737
f 1500 1901 1842
f 1737 1952 1074
f 1737 1105 1952
f 1901 1105 1737
f 1966 807 1550
f 1729 807 1966
f 1952 1544 242
f 1105 1544 1952
f 1872 1729 1966
f 1290 1729 1872
f 1500 47 1901
f 1273 47 1500
f 1273 1876 47
f 1928 1876 1273
f 1928 447 1876
f 1463 447 1928
f 1502 807 1729
f 1502 1984 807
f 1290 1502 1729
f 1558 1502 1290
f 1463 1865 447
f 782 1865 1463
f 782 1815 1865
f 1180 1815 782
f 1890 1180 782
f 1180 965 1815
f 1691 1984 1502
f 1691 1743 1984
f 1558 1691 1502
f 1940 1691 1558
f 1079 962 399
f 974 1079 399
f 974 247 1079
f 597 682 247
f 234 597 247
f 1904 234 247
f 312 825 1151
f 163 533 312
f 312 692 825
f 487 163 312
f 12 163 487
f 705 12 487
f 256 705 487
f 43 705 256
f 1357 43 256
f 343 1227 1357
f 343 512 1227
f 12 200 163
f 1248 200 12
f 1248 12 705
f 1891 1248 705
f 1636 1248 1891
f 43 1891 705
f 79 43 1357
f 79 1891 43
f 1216 1891 79
f 1216 1636 1891
f 1227 79 1357
f 1216 79 1227
f 1650 1636 1216
f 1216 1227 512
f 1650 1216 434
f 564 512 343
f 564 1216 512
f 434 1216 564
f 479 356 1101
f 678 1648 1101
f 1101 1215 408
f 356 1215 1101
f 678 408 1528
f 1101 408 678
f 1137 678 1910
f 408 187 1528
f 1215 187 408
f 472 1215 356
f 678 1528 1910
f 1528 961 1910
f 187 961 1528
f 1419 1215 472
f 1419 706 1215
f 1215 706 187
f 187 706 961
f 1169 1644 1642
f 1642 472 1197
f 1644 1419 1642
f 1642 1419 472
f 1644 846 1419
f 1419 846 706
f 554 1852 734
f 498 1852 554
f 498 419 1852
f 1737 419 498
f 1074 419 1737
f 1074 639 419
f 734 1852 1644
f 639 1478 419
f 1852 846 1644
f 1478 1852 419
f 1952 1897 639
f 1952 663 1897
f 1952 1469 663
f 1952 242 1469
f 1897 1478 639
f 242 330 1469
f 1544 330 242
f 1897 576 1478
f 663 576 1897
f 1469 576 663
f 1469 992 576
f 330 992 1469
f 1544 1532 330
f 330 1532 992
f 992 1553 576
f 992 504 1553
f 504 1625 1553
f 1532 504 992
f 1532 1506 504
f 1532 887 1506
f 1506 1625 504
f 1506 887 429
f 1506 429 1625
f 887 1053 429
f 1053 381 429
f 1650 1339 1636
f 1618 1872 1339
f 1618 1339 1650
f 697 1648 1955
f 1769 1648 697
f 1769 1500 1648
f 1137 1648 678
f 1955 1648 1137
f 1105 1532 1544
f 1105 887 1532
f 1105 1321 887
f 1901 1321 1105
f 1901 1474 1321
f 1321 1138 887
f 887 1138 1053
f 1138 1393 1053
f 1042 1290 1872
f 1042 1872 1618
f 1991 1290 1042
f 1608 1500 1769
f 1608 1273 1500
f 1930 1273 1608
f 1930 1928 1273
f 1244 1928 1930
f 919 1928 1244
f 919 1463 1928
f 47 1474 1901
f 47 535 1474
f 1876 535 47
f 1876 1594 535
f 447 1594 1876
f 447 1100 1594
f 1717 1290 1991
f 1717 1558 1290
f 1141 1463 919
f 1141 782 1463
f 1231 782 1141
f 1231 1890 782
f 1302 1890 1231
f 1865 1100 447
f 1865 1818 1100
f 1815 1818 1865
f 965 1818 1815
f 965 1721 1818
f 1717 1940 1558
f 872 1940 1717
f 974 399 1846
f 974 1904 247
f 1151 1904 974
f 312 1151 974
f 256 487 312
f 343 1357 256
f 541 1520 343
f 1756 541 343
f 1593 1534 1756
f 564 343 1520
f 1570 564 1520
f 434 564 1570
f 1570 1520 541
f 714 1570 541
f 714 434 1570
f 714 541 1756
f 1534 714 1756
f 1176 434 714
f 1650 434 1176
f 1176 714 1534
f 727 1650 1176
f 1176 1534 1593
f 1176 1593 329
f 961 1132 1385
f 961 706 1132
f 706 1567 1132
f 1132 1567 995
f 1567 1954 995
f 846 1567 706
f 1478 846 1852
f 1478 1567 846
f 1553 1567 1478
f 1553 1625 1567
f 576 1553 1478
f 429 1251 1625
f 381 1251 429
f 1053 920 381
f 1053 1993 920
f 1393 1993 1053
f 381 920 1251
f 1993 1355 920
f 1993 1235 1355
f 1393 1235 1993
f 920 1803 1251
f 1355 1803 920
f 1355 1065 1803
f 1235 1065 1355
f 1065 384 1803
f 1235 384 1065
f 1235 608 384
f 727 1618 1650
f 1434 1618 727
f 1138 1235 1393
f 1138 608 1235
f 1321 608 1138
f 1862 1991 1042
f 1434 1042 1618
f 1862 1042 1434
f 1821 1717 1991
f 1821 1991 1862
f 1821 872 1717
f 1951 872 1821
f 256 312 974
f 1756 343 256
f 1296 256 974
f 1756 256 1296
f 1433 1756 1296
f 1107 1433 1296
f 1539 1593 1756
f 1433 1539 1756
f 220 1433 1107
f 1774 329 1593
f 1539 1774 1593
f 225 1539 1433
f 948 329 1774
f 948 1176 329
f 727 1176 948
f 948 1774 1539
f 948 1539 225
f 76 948 225
f 76 225 1433
f 1875 948 76
f 1875 727 948
f 779 1433 220
f 779 76 1433
f 1875 76 779
f 1567 1824 1954
f 1625 1251 1567
f 1251 244 1567
f 244 1824 1567
f 1803 244 1251
f 384 244 1803
f 384 362 244
f 1747 1378 244
f 608 362 384
f 608 1832 362
f 608 1688 1832
f 362 1747 244
f 1832 1747 362
f 1832 1688 1747
f 1747 10 1378
f 1688 10 1747
f 1688 952 10
f 1688 1341 952
f 1533 727 1875
f 1533 1434 727
f 1474 608 1321
f 1474 1649 608
f 1649 888 608
f 608 888 1688
f 888 1341 1688
f 389 1434 1533
f 389 1862 1434
f 535 1649 1474
f 535 78 1649
f 1594 78 535
f 1594 1958 78
f 1100 1958 1594
f 38 1821 1862
f 38 1862 389
f 1818 1958 1100
f 1818 1089 1958
f 1721 1089 1818
f 1721 1263 1089
f 1620 1951 1821
f 1620 1821 38
f 1947 1869 1797
f 1869 1838 1797
f 1837 1554 1947
f 1947 1554 1869
f 440 1900 1837
f 440 1670 1900
f 1837 1900 1554
f 440 1819 1670
f 1245 1819 440
f 395 739 1187
f 395 1187 1396
f 1187 457 1048
f 739 457 1187
f 739 860 457
f 1968 1575 1245
f 115 1575 1968
f 1575 1194 1245
f 1575 983 1194
f 627 983 1575
f 1194 1048 1245
f 983 305 1194
f 1048 1819 1245
f 1194 1538 1048
f 305 1538 1194
f 305 1058 1538
f 1538 1396 1048
f 1326 1396 1538
f 1058 1326 1538
f 1396 1187 1048
f 1668 627 1575
f 115 1668 1575
f 627 305 983
f 627 237 305
f 1668 237 627
f 305 473 1058
f 237 473 305
f 1326 395 1396
f 1058 1334 1326
f 473 1334 1058
f 1326 562 395
f 1334 562 1326
f 237 532 473
f 562 739 395
f 473 893 1334
f 532 893 473
f 1869 1970 1838
f 1869 1576 1970
f 1576 1624 1970
f 1554 1576 1869
f 1554 1162 1576
f 1162 1767 1576
f 1900 1162 1554
f 1670 1635 1900
f 1900 1635 1162
f 1635 1639 1162
f 1819 1452 1670
f 1452 1635 1670
f 1452 1329 1635
f 1908 1964 1632
f 1048 1683 1819
f 457 1683 1048
f 860 303 457
f 1683 1452 1819
f 457 1510 1683
f 303 1510 457
f 109 975 1510
f 303 109 1510
f 975 1186 1683
f 1510 975 1683
f 1186 1134 1683
f 1186 1072 1134
f 1683 493 1452
f 1859 1573 1964
f 882 1859 1964
f 74 1859 882
f 178 74 882
f 1311 882 1964
f 1304 882 620
f 1304 178 882
f 123 178 1304
f 178 123 821
f 1311 1964 1908
f 620 882 1311
f 123 1304 400
f 837 400 1304
f 868 620 1311
f 868 1304 620
f 868 837 1304
f 739 58 860
f 58 303 860
f 303 826 109
f 58 826 303
f 109 1046 975
f 109 826 1046
f 58 997 826
f 1046 776 1186
f 1046 1186 975
f 997 1857 826
f 776 1072 1186
f 826 776 1046
f 826 803 776
f 1857 803 826
f 1072 1294 1134
f 776 1294 1072
f 776 803 1294
f 1857 4 803
f 562 58 739
f 1334 1599 562
f 893 1599 1334
f 532 677 893
f 562 997 58
f 562 821 997
f 1599 821 562
f 893 677 1859
f 1599 173 821
f 893 74 1599
f 74 893 1859
f 821 173 178
f 173 74 178
f 173 1599 74
f 997 123 1857
f 821 123 997
f 123 400 1857
f 400 837 1857
f 837 4 1857
f 4 837 868
f 1970 1624 1403
f 1675 1123 1302
f 1488 1123 1675
f 1488 1655 1123
f 1488 1055 1655
f 1767 1624 1576
f 1888 1055 1488
f 1888 1672 1055
f 1888 1922 1672
f 1888 1886 1922
f 1154 1886 1888
f 1154 1693 1886
f 1639 1767 1162
f 1154 1844 1693
f 1154 1041 1844
f 1589 1041 1154
f 1589 1565 1041
f 1635 1329 1639
f 1452 493 1329
f 1582 1986 1632
f 1986 1908 1632
f 1542 1565 1589
f 1542 1902 1565
f 1542 1632 1902
f 1582 1632 1542
f 1851 1582 1542
f 1134 493 1683
f 1134 672 493
f 108 672 1134
f 672 1467 493
f 1467 814 493
f 1467 856 814
f 856 1382 814
f 1382 370 814
f 1986 1311 1908
f 1475 797 1986
f 17 1986 1582
f 349 17 1582
f 797 4 868
f 1986 797 1311
f 797 868 1311
f 108 1005 672
f 1005 873 672
f 873 1467 672
f 873 856 1467
f 873 1136 856
f 1136 1382 856
f 1382 526 370
f 1136 526 1382
f 1294 108 1134
f 1294 1005 108
f 4 797 803
f 1294 890 1005
f 803 890 1294
f 803 1475 890
f 797 1475 803
f 1005 1136 873
f 1005 842 1136
f 890 842 1005
f 890 1475 1986
f 890 17 842
f 17 890 1986
f 842 141 1136
f 1136 141 526
f 842 349 141
f 349 842 17
f 523 9 528
f 50 9 523
f 1583 934 197
f 528 934 1583
f 528 206 934
f 9 206 528
f 1394 855 50
f 853 1583 1015
f 767 853 1015
f 767 1015 619
f 1416 767 619
f 853 528 1583
f 445 853 767
f 1388 445 767
f 1388 767 1416
f 523 528 853
f 445 523 853
f 907 445 1388
f 659 523 445
f 1462 445 907
f 659 50 523
f 884 659 445
f 884 445 1462
f 659 1394 50
f 579 659 884
f 255 579 884
f 157 1394 659
f 579 157 659
f 907 1388 1416
f 895 1462 907
f 895 884 1462
f 255 884 895
f 1624 765 1403
f 1624 1125 765
f 1316 855 1394
f 157 1316 1394
f 1626 579 255
f 1696 1316 157
f 8 1696 157
f 1369 157 579
f 1369 8 157
f 1369 579 1626
f 13 1369 1626
f 427 8 1369
f 1214 1369 13
f 298 1696 8
f 427 298 8
f 1043 1369 1214
f 594 1043 1214
f 574 298 427
f 522 574 427
f 522 427 1369
f 1043 522 1369
f 1935 522 1043
f 1935 1043 594
f 396 574 522
f 1066 396 522
f 1935 1066 522
f 1066 827 396
f 332 1066 1935
f 478 1214 13
f 478 594 1214
f 574 857 298
f 396 857 574
f 827 857 396
f 1935 594 1340
f 1380 1935 1340
f 324 1935 1380
f 324 1380 1179
f 1172 324 1179
f 363 324 1172
f 62 363 1172
f 1444 594 478
f 1444 1340 594
f 1444 1380 1340
f 686 1380 1444
f 686 1179 1380
f 152 1179 686
f 152 1172 1179
f 152 62 1172
f 1308 62 152
f 1767 1125 1624
f 1767 862 1125
f 1767 1026 862
f 798 1026 1767
f 1026 1239 862
f 875 827 1066
f 1734 875 1066
f 332 1734 1066
f 1085 1734 332
f 30 1085 332
f 1400 1085 30
f 1734 1454 875
f 1085 1454 1734
f 30 332 1935
f 363 1935 324
f 363 30 1935
f 1323 363 62
f 1323 62 1308
f 1249 1323 1308
f 1518 30 363
f 1323 1518 363
f 750 1323 1249
f 750 1249 1374
f 933 1400 30
f 1518 933 30
f 769 1518 1323
f 212 1323 750
f 212 769 1323
f 1283 933 1518
f 769 1283 1518
f 633 212 750
f 1056 1283 769
f 212 1056 769
f 957 1056 212
f 1595 957 212
f 633 1595 212
f 912 1595 633
f 944 1249 1308
f 944 1374 1249
f 933 1410 1400
f 1283 1410 933
f 1056 1410 1283
f 1056 679 1410
f 957 679 1056
f 1595 729 957
f 912 729 1595
f 622 750 1374
f 392 750 622
f 392 622 347
f 548 392 347
f 210 548 268
f 131 268 1401
f 131 210 268
f 131 1401 1133
f 392 633 750
f 210 392 548
f 315 633 392
f 1448 392 210
f 1448 315 392
f 131 1448 210
f 1572 1448 131
f 315 912 633
f 292 1448 1572
f 736 548 347
f 736 268 548
f 1639 798 1767
f 1639 302 798
f 1639 880 302
f 1639 1810 880
f 302 871 798
f 302 726 871
f 302 240 726
f 880 240 302
f 880 1336 240
f 1810 1336 880
f 1038 1336 1810
f 798 871 1026
f 799 131 1133
f 240 799 726
f 240 131 799
f 1572 131 240
f 1336 1572 240
f 1292 1572 1336
f 1038 1292 1336
f 871 1239 1026
f 871 291 1239
f 1760 799 1133
f 1760 726 799
f 291 726 1760
f 291 871 726
f 521 912 315
f 176 315 1448
f 176 521 315
f 292 176 1448
f 1242 292 1572
f 176 101 521
f 292 101 176
f 292 404 101
f 1242 404 292
f 1329 1810 1639
f 1329 1527 1810
f 1329 1492 1527
f 493 1492 1329
f 1527 1038 1810
f 1527 518 1038
f 518 839 1038
f 1025 1242 1572
f 1292 1025 1572
f 1759 1025 1292
f 839 1759 1292
f 839 1292 1038
f 518 1525 839
f 1527 1525 518
f 1492 1525 1527
f 839 23 1759
f 1525 23 839
f 1525 542 23
f 1525 21 542
f 1492 21 1525
f 1492 1792 21
f 814 1255 493
f 370 1255 814
f 1255 1492 493
f 370 483 1255
f 1255 1476 1492
f 483 1093 1255
f 1093 1990 1255
f 1255 488 1476
f 1990 488 1255
f 488 480 1476
f 1476 1792 1492
f 480 609 1476
f 319 349 1582
f 1995 1582 1851
f 180 1582 1995
f 180 319 1582
f 192 319 180
f 192 578 319
f 540 180 1995
f 1183 192 180
f 1562 180 540
f 1173 180 1562
f 1173 1183 180
f 675 540 1995
f 675 1562 540
f 309 1562 675
f 309 1545 1562
f 526 483 370
f 1093 1622 1990
f 488 549 480
f 1990 549 488
f 1622 549 1990
f 1622 1545 549
f 549 609 480
f 549 124 609
f 1545 124 549
f 1545 309 124
f 141 905 526
f 141 349 319
f 905 483 526
f 141 578 905
f 578 141 319
f 905 1093 483
f 578 192 905
f 905 1622 1093
f 905 1183 1622
f 192 1183 905
f 1183 1173 1622
f 1173 171 1622
f 171 1173 1562
f 171 1545 1622
f 1545 171 1562
f 1714 1947 1849
f 1947 1797 1849
f 1915 1849 1989
f 1915 1714 1849
f 1699 1989 1743
f 1699 1915 1989
f 1745 1837 1714
f 1837 1947 1714
f 1703 1714 1915
f 1703 1745 1714
f 1591 1915 1699
f 1591 1703 1915
f 1685 440 1745
f 440 1837 1745
f 1779 1745 1703
f 1779 1685 1745
f 844 1703 1591
f 844 1779 1703
f 815 440 1685
f 815 1245 440
f 904 1685 1779
f 904 815 1685
f 424 1779 844
f 424 904 1779
f 421 1313 815
f 1313 1245 815
f 1313 580 1245
f 194 288 1313
f 373 194 1313
f 421 373 1313
f 288 580 1313
f 552 1968 580
f 410 552 580
f 288 410 580
f 816 1241 904
f 1241 815 904
f 757 421 815
f 1669 757 815
f 1175 1669 815
f 1241 1175 815
f 1059 1175 1241
f 757 683 421
f 816 922 1241
f 547 816 904
f 501 547 904
f 1421 904 424
f 1421 1158 904
f 1158 501 904
f 1158 1185 501
f 1421 1295 1158
f 506 1421 424
f 565 506 424
f 506 22 1421
f 1208 565 424
f 1071 565 1208
f 164 373 421
f 683 164 421
f 432 410 288
f 194 432 288
f 1432 1059 1241
f 922 1432 1241
f 816 1432 922
f 816 215 1432
f 757 164 683
f 547 215 816
f 501 215 547
f 1185 215 501
f 1088 1295 1421
f 22 1088 1421
f 320 1180 1890
f 1775 1180 320
f 1647 1180 1775
f 1999 1743 1691
f 1999 1699 1743
f 1180 1973 965
f 1180 1723 1973
f 1180 1836 1723
f 1940 1999 1691
f 306 1999 1940
f 1822 1180 1647
f 1577 1180 1822
f 1577 1164 1180
f 1164 1982 1180
f 1972 1699 1999
f 1972 1591 1699
f 1180 1982 1836
f 107 1972 1999
f 107 1999 306
f 1913 1972 107
f 1289 1164 1577
f 1289 179 1164
f 1920 179 1289
f 1920 1196 179
f 1920 801 1196
f 1998 844 1591
f 1998 1591 1972
f 1998 1972 1913
f 1652 1998 1913
f 1905 801 1920
f 1905 1682 801
f 1877 1867 1905
f 1867 1682 1905
f 1765 1867 1877
f 1867 1878 1682
f 1867 551 1878
f 1310 424 844
f 1310 844 1998
f 551 1139 1878
f 1893 1998 1652
f 1893 1310 1998
f 1866 1310 1893
f 580 1968 1245
f 1338 149 1120
f 1404 149 1338
f 1404 749 149
f 1404 731 749
f 748 1404 1338
f 1573 1338 1877
f 1338 1120 1877
f 222 1338 1573
f 222 519 1338
f 519 748 1338
f 749 1091 149
f 1091 259 149
f 1120 1765 1877
f 149 259 1120
f 259 1765 1120
f 259 1130 1765
f 346 1130 259
f 1130 1701 1765
f 1701 1549 1765
f 1549 1975 1765
f 1975 1867 1765
f 1975 968 1867
f 968 865 1867
f 865 581 1867
f 581 551 1867
f 581 57 551
f 1530 420 424
f 420 1208 424
f 95 1208 420
f 1530 424 1310
f 551 604 1139
f 551 1974 604
f 57 269 551
f 269 1974 551
f 269 510 1974
f 1671 420 1530
f 1301 1671 1530
f 1491 1301 1530
f 1687 1491 1530
f 1710 1491 1687
f 1361 1687 1530
f 1687 1494 1710
f 1494 1687 1361
f 1866 1530 1310
f 1361 1530 1866
f 940 1494 1361
f 709 940 1361
f 104 1361 1866
f 709 1361 104
f 1407 115 1968
f 552 1407 1968
f 373 432 194
f 410 1407 552
f 164 432 373
f 1407 1668 115
f 432 1407 410
f 164 988 432
f 164 1335 988
f 432 988 1407
f 1335 544 988
f 1668 1331 237
f 1407 1331 1668
f 988 1331 1407
f 1335 731 544
f 1331 532 237
f 988 963 1331
f 988 1898 963
f 1898 544 1404
f 544 1898 988
f 544 731 1404
f 963 748 519
f 1898 748 963
f 748 1898 1404
f 1331 1128 532
f 1331 222 1128
f 963 222 1331
f 963 519 222
f 1669 164 757
f 1669 1335 164
f 1175 1335 1669
f 1175 1607 1335
f 1059 1607 1175
f 1432 1607 1059
f 1432 1086 1607
f 215 1086 1432
f 1607 1091 1335
f 731 1335 749
f 1335 1091 749
f 1091 1607 259
f 1607 346 259
f 1086 346 1607
f 1086 1130 346
f 1086 1701 1130
f 1086 1549 1701
f 1158 1295 1185
f 1185 764 215
f 1295 764 1185
f 1295 1088 764
f 215 1425 1086
f 764 1425 215
f 1088 1537 764
f 1425 1549 1086
f 1537 482 764
f 1549 1425 1975
f 1425 968 1975
f 764 968 1425
f 764 865 968
f 764 482 865
f 865 482 581
f 482 57 581
f 1537 57 482
f 506 1088 22
f 506 199 1088
f 565 199 506
f 1071 199 565
f 379 1071 1208
f 95 379 1208
f 1071 379 199
f 97 95 420
f 199 1537 1088
f 95 97 379
f 199 1619 1537
f 379 1619 199
f 379 1569 1619
f 97 1569 379
f 1537 269 57
f 1619 269 1537
f 1619 510 269
f 1569 658 1619
f 510 1619 1974
f 1619 1423 1974
f 658 1423 1619
f 1569 261 658
f 97 420 1671
f 361 97 1671
f 1301 361 1671
f 361 1569 97
f 1301 391 361
f 1491 391 1301
f 361 391 1569
f 1710 391 1491
f 391 1359 1569
f 1710 1494 391
f 1569 1359 261
f 391 1181 1359
f 1494 1181 391
f 940 1181 1494
f 1302 320 1890
f 1123 320 1302
f 1655 320 1123
f 1655 1775 320
f 1055 1775 1655
f 1055 1647 1775
f 1973 1721 965
f 1973 1988 1721
f 1723 1988 1973
f 1723 198 1988
f 1836 198 1723
f 1836 1839 198
f 872 306 1940
f 1778 306 872
f 1672 1647 1055
f 1672 1822 1647
f 1922 1822 1672
f 1922 1577 1822
f 1886 1577 1922
f 1693 1577 1886
f 1836 1911 1839
f 1982 1911 1836
f 1982 1707 1911
f 1164 1707 1982
f 1778 107 306
f 1778 1913 107
f 1470 1913 1778
f 1693 1289 1577
f 1844 1289 1693
f 1041 1289 1844
f 1041 1920 1289
f 1565 1920 1041
f 1164 238 1707
f 179 238 1164
f 179 1827 238
f 1196 1827 179
f 1196 184 1827
f 801 184 1196
f 1470 1652 1913
f 1772 1652 1470
f 1565 1905 1920
f 1902 1905 1565
f 1632 1905 1902
f 1632 1877 1905
f 1573 1877 1632
f 1964 1573 1632
f 801 1805 184
f 1682 1805 801
f 1682 1097 1805
f 1878 1097 1682
f 1139 1097 1878
f 1139 1513 1097
f 1772 1893 1652
f 1950 1893 1772
f 1950 1866 1893
f 153 222 1573
f 667 153 1573
f 222 153 1128
f 677 1573 1859
f 677 667 1573
f 1974 906 604
f 1974 1423 906
f 1423 945 906
f 1423 658 945
f 658 261 945
f 261 513 945
f 906 1118 604
f 945 1118 906
f 513 1118 945
f 513 966 1118
f 604 1118 1139
f 966 1684 1118
f 966 759 1684
f 1118 1684 1139
f 759 1220 1684
f 1684 1513 1139
f 1684 707 1513
f 1684 689 707
f 1220 689 1684
f 707 448 1513
f 1092 514 689
f 689 514 707
f 514 1211 707
f 328 104 1866
f 885 709 104
f 789 104 328
f 789 885 104
f 1489 328 1866
f 867 328 1489
f 867 789 328
f 386 867 1489
f 1843 1866 1950
f 1843 1489 1866
f 684 1489 1843
f 684 386 1489
f 1962 684 1843
f 1768 1962 1843
f 532 667 677
f 667 1128 153
f 1128 667 532
f 940 1503 1181
f 709 1503 940
f 1359 513 261
f 1359 966 513
f 1181 966 1359
f 1181 759 966
f 1181 1220 759
f 1181 1092 1220
f 1503 1092 1181
f 1503 283 1092
f 1220 1092 689
f 283 950 1092
f 950 514 1092
f 514 950 33
f 885 1503 709
f 885 283 1503
f 789 283 885
f 1949 789 867
f 789 1949 283
f 1009 1949 867
f 1949 1009 283
f 1009 867 386
f 1009 950 283
f 684 1009 386
f 1009 685 950
f 1009 684 685
f 684 1293 685
f 1962 1293 684
f 1962 1768 1293
f 1778 872 1951
f 1936 1778 1951
f 1936 1470 1778
f 1753 1470 1936
f 1753 1772 1470
f 461 1772 1753
f 461 1950 1772
f 1780 1950 461
f 707 1817 448
f 33 1211 514
f 707 265 1817
f 1211 265 707
f 33 265 1211
f 33 264 265
f 265 1614 1817
f 264 1614 265
f 264 745 1614
f 1817 1614 448
f 745 1389 1614
f 625 1843 1950
f 625 1768 1843
f 68 1768 625
f 314 625 1950
f 314 817 625
f 1614 355 448
f 1389 355 1614
f 448 355 1513
f 1389 476 355
f 1111 1950 1780
f 1111 314 1950
f 83 314 1111
f 1140 1111 1780
f 685 33 950
f 1768 68 1293
f 685 264 33
f 685 1459 264
f 1293 1459 685
f 1293 1267 1459
f 68 1267 1293
f 68 817 1267
f 817 68 625
f 1459 745 264
f 817 371 1267
f 371 817 314
f 745 248 1389
f 1459 248 745
f 1267 248 1459
f 1267 253 248
f 371 253 1267
f 371 83 253
f 83 371 314
f 248 476 1389
f 83 916 253
f 248 1228 476
f 253 1228 248
f 916 83 1111
f 916 1111 1140
f 1988 1263 1721
f 1988 1938 1263
f 198 1938 1988
f 1839 1938 198
f 1590 1951 1620
f 1839 1552 1938
f 1911 1552 1839
f 1707 1552 1911
f 1707 1751 1552
f 1590 1936 1951
f 1548 1936 1590
f 238 1751 1707
f 1827 1751 238
f 1827 1449 1751
f 184 1449 1827
f 1548 1753 1936
f 553 1753 1548
f 1513 355 1097
f 184 1784 1449
f 1805 1784 184
f 1097 1784 1805
f 1097 1728 1784
f 1279 1728 1097
f 355 1279 1097
f 553 461 1753
f 623 461 553
f 623 1780 461
f 476 1228 355
f 1228 1279 355
f 1228 1260 1279
f 1260 1020 1279
f 1279 46 1728
f 1020 46 1279
f 1020 1033 46
f 46 1586 1728
f 1033 1484 46
f 46 500 1586
f 1484 500 46
f 147 500 1484
f 147 971 500
f 538 1140 1780
f 1140 538 406
f 831 538 1780
f 471 831 1780
f 471 1780 623
f 77 471 623
f 598 471 77
f 253 1782 1228
f 916 1782 253
f 916 406 1782
f 1228 1020 1260
f 1782 1020 1228
f 1020 1193 1033
f 1782 1193 1020
f 1782 260 1193
f 1782 831 260
f 1193 1484 1033
f 1193 147 1484
f 260 147 1193
f 260 971 147
f 406 916 1140
f 406 538 1782
f 538 831 1782
f 831 471 260
f 471 598 260
f 1188 218 761
f 1519 586 453
f 1519 453 1209
f 1519 160 586
f 390 160 1519
f 974 1899 218
f 974 218 1188
f 160 974 1188
f 390 974 160
f 974 390 374
f 808 708 218
f 1104 636 708
f 708 761 218
f 708 636 761
f 761 65 1188
f 636 65 761
f 1104 1466 636
f 65 160 1188
f 1466 1247 636
f 65 586 160
f 636 586 65
f 636 1247 586
f 1247 453 586
f 1466 1399 1247
f 453 915 1209
f 1247 915 453
f 1689 1466 1104
f 1090 820 1689
f 820 1090 357
f 820 1466 1689
f 820 357 1439
f 191 820 1439
f 820 791 1466
f 191 791 820
f 191 376 791
f 791 1791 1466
f 1791 1399 1466
f 376 1791 791
f 233 1027 596
f 339 1027 122
f 339 596 1027
f 339 1511 596
f 122 1159 422
f 340 122 422
f 340 339 122
f 1965 339 340
f 1159 640 422
f 640 340 422
f 1965 340 640
f 1159 1813 640
f 1159 1495 1813
f 985 640 1813
f 1965 640 985
f 1146 1027 233
f 1146 122 1027
f 1146 1159 122
f 1954 1159 1146
f 1954 864 1159
f 1159 864 1495
f 25 575 1477
f 25 1070 1713
f 575 25 1035
f 25 1713 1035
f 1713 277 1035
f 1035 505 575
f 277 232 1035
f 232 505 1035
f 1794 693 1638
f 1638 73 1206
f 1206 73 1726
f 1206 1726 1477
f 1206 1477 575
f 1887 1794 335
f 1887 790 1794
f 756 1794 1638
f 1794 756 335
f 455 1638 1206
f 1638 455 756
f 36 1206 575
f 1206 36 455
f 756 529 335
f 455 188 756
f 36 98 455
f 36 575 505
f 998 756 188
f 529 756 998
f 529 941 335
f 941 1887 335
f 1405 455 98
f 188 455 1405
f 998 1131 529
f 1131 941 529
f 98 36 755
f 1405 40 188
f 40 998 188
f 40 1131 998
f 755 36 505
f 755 489 98
f 489 1405 98
f 489 40 1405
f 505 664 755
f 664 489 755
f 828 1131 40
f 828 781 1131
f 232 664 505
f 664 1259 489
f 1259 40 489
f 1259 828 40
f 1217 1428 790
f 1719 1217 790
f 137 1424 1217
f 1646 1217 1719
f 1646 137 1217
f 1719 790 1887
f 1115 1719 545
f 1115 1646 1719
f 6 1719 1887
f 556 1719 6
f 545 1719 556
f 591 1646 1115
f 6 1330 556
f 1330 545 556
f 1115 583 591
f 941 6 1887
f 941 354 6
f 354 1330 6
f 1330 1115 545
f 1330 583 1115
f 1131 354 941
f 354 401 1330
f 401 583 1330
f 401 1069 583
f 1131 781 354
f 781 401 354
f 401 345 1069
f 69 345 401
f 345 1258 1069
f 357 213 137
f 524 304 972
f 1439 137 1646
f 1439 357 137
f 304 1116 972
f 304 774 1116
f 1094 1439 1646
f 1439 1094 191
f 774 1592 1116
f 136 1646 591
f 1094 1646 136
f 1094 376 191
f 1592 89 1116
f 1592 973 89
f 1739 1094 136
f 1094 1739 376
f 583 136 591
f 583 499 136
f 499 1739 136
f 1144 1739 499
f 1144 572 1739
f 583 1144 499
f 1069 1144 583
f 1144 758 572
f 1069 568 1144
f 568 758 1144
f 117 568 1069
f 1258 117 1069
f 1116 117 1258
f 117 89 568
f 89 117 1116
f 89 973 568
f 1739 1791 376
f 1739 1535 1791
f 572 1535 1739
f 568 718 758
f 973 718 568
f 1511 732 1264
f 1959 63 732
f 1651 63 1959
f 1651 1727 63
f 1663 1511 339
f 1959 1511 1663
f 1959 732 1511
f 1663 339 1965
f 1243 1764 475
f 1077 1713 1070
f 1280 1713 1077
f 1499 1163 475
f 1499 1713 1280
f 1499 546 1713
f 1764 1499 475
f 1499 1764 546
f 1713 546 938
f 1764 1387 546
f 1713 508 277
f 1713 938 508
f 546 955 938
f 1387 48 546
f 277 1604 232
f 938 735 508
f 735 277 508
f 735 1604 277
f 955 735 938
f 546 112 955
f 735 1178 1604
f 48 112 546
f 48 1631 112
f 1631 955 112
f 1631 735 955
f 1631 1178 735
f 1387 1631 48
f 1387 323 1631
f 323 1178 1631
f 323 1230 1178
f 1230 1063 1178
f 1764 443 1387
f 443 323 1387
f 353 443 1764
f 1230 1067 1063
f 1170 901 439
f 1167 1437 270
f 293 1437 1167
f 1219 1288 293
f 270 1203 1167
f 901 1203 270
f 901 296 1203
f 1170 296 901
f 993 1167 1203
f 1272 1167 993
f 1272 293 1167
f 1272 1219 293
f 910 1272 1067
f 1272 910 1219
f 1203 91 605
f 1203 701 91
f 296 701 1203
f 993 605 921
f 605 993 1203
f 133 993 921
f 133 1272 993
f 1604 664 232
f 1604 1259 664
f 1060 781 828
f 1060 156 781
f 601 1259 1604
f 1259 701 828
f 701 1068 828
f 1068 1060 828
f 296 1060 1068
f 156 1060 296
f 1178 601 1604
f 601 605 1259
f 605 91 1259
f 91 701 1259
f 296 1068 701
f 1178 921 601
f 921 605 601
f 146 921 1178
f 146 133 921
f 1063 146 1178
f 133 146 1272
f 1063 1272 146
f 1067 1272 1063
f 405 972 428
f 569 1170 698
f 569 1948 1170
f 428 903 1948
f 428 1258 903
f 972 1258 428
f 972 1116 1258
f 1170 113 296
f 1948 113 1170
f 1948 903 113
f 1258 345 903
f 903 1563 113
f 903 128 606
f 903 69 128
f 345 69 903
f 113 156 296
f 903 606 1563
f 1563 401 781
f 1563 606 401
f 606 128 401
f 128 69 401
f 156 113 781
f 113 1563 781
f 1358 304 524
f 1358 1445 304
f 34 1445 1358
f 1445 774 304
f 1445 967 774
f 34 967 1445
f 967 1592 774
f 967 973 1592
f 34 666 967
f 1461 666 34
f 967 666 973
f 973 666 718
f 1727 1651 1783
f 1996 1662 1783
f 1996 1783 1651
f 52 1261 1781
f 454 1243 475
f 1781 1243 454
f 1261 1243 1781
f 1261 81 1243
f 1261 1451 81
f 197 1451 1261
f 1451 197 382
f 81 671 1243
f 1451 1551 81
f 1243 353 1764
f 1243 308 353
f 118 1243 671
f 1243 118 308
f 1451 1588 1551
f 1451 1156 1588
f 1156 274 1588
f 382 1156 1451
f 397 910 648
f 788 1124 635
f 1124 1278 635
f 1124 619 1278
f 976 910 1067
f 910 976 648
f 1460 648 976
f 1460 1155 648
f 1939 1155 1460
f 1939 788 1155
f 1124 1939 61
f 1939 1124 788
f 14 61 1939
f 165 61 14
f 308 39 353
f 39 443 353
f 39 323 443
f 39 939 323
f 939 1230 323
f 939 1327 1230
f 1327 1067 1230
f 1327 976 1067
f 118 39 308
f 671 39 118
f 671 723 39
f 723 939 39
f 723 327 939
f 327 724 939
f 724 1327 939
f 724 976 1327
f 724 1460 976
f 81 723 671
f 327 71 724
f 71 1460 724
f 1551 723 81
f 1127 327 723
f 1127 106 327
f 106 71 327
f 106 1460 71
f 106 1939 1460
f 1588 723 1551
f 1588 274 723
f 274 1127 723
f 274 1192 1127
f 1192 14 1127
f 14 106 1127
f 14 1939 106
f 1192 165 14
f 1559 1461 34
f 1637 1461 1559
f 1637 1738 1461
f 765 1738 1637
f 1375 1200 1662
f 1677 1200 1375
f 1677 1675 1200
f 1375 1662 1996
f 390 1519 484
f 804 390 484
f 374 390 804
f 374 804 811
f 1512 374 811
f 641 374 1512
f 1889 374 641
f 1204 374 1889
f 1889 641 154
f 1204 974 374
f 1296 974 1204
f 1909 1296 1204
f 1909 1204 100
f 1209 915 1519
f 915 484 1519
f 915 804 484
f 915 525 804
f 1247 525 915
f 811 804 525
f 1247 1153 525
f 1399 1153 1247
f 1399 1953 1153
f 525 1512 811
f 1458 641 1512
f 525 1458 1512
f 525 1153 1458
f 1458 154 641
f 1458 490 154
f 1458 1422 490
f 1153 1422 1458
f 490 1889 154
f 647 1953 1399
f 1791 647 1399
f 1535 647 1791
f 1495 119 1813
f 1813 1365 985
f 1813 119 1365
f 1365 1965 985
f 1495 958 119
f 958 411 119
f 411 1365 119
f 411 1965 1365
f 716 411 958
f 665 411 716
f 864 958 1495
f 864 716 958
f 864 834 716
f 864 1612 834
f 665 716 834
f 1612 1923 834
f 834 1716 665
f 1716 834 1923
f 1612 1324 1923
f 1298 1716 1923
f 758 1535 572
f 758 1436 1535
f 718 1436 758
f 1535 1436 647
f 1663 1965 411
f 665 1663 411
f 334 665 1716
f 334 1663 665
f 1694 1663 334
f 1694 1959 1663
f 1740 1959 1694
f 718 1808 1436
f 666 1808 718
f 1461 1808 666
f 1841 1996 1651
f 1493 1996 1841
f 1740 1651 1959
f 1841 1651 1740
f 1738 1873 1461
f 1461 1873 1808
f 1709 1996 1493
f 1709 1375 1996
f 1641 1375 1709
f 1641 1677 1375
f 1931 1677 1641
f 1804 1931 1641
f 1204 1889 1367
f 1204 1367 502
f 778 1204 502
f 100 1204 778
f 100 778 1408
f 1373 100 1408
f 1372 100 1373
f 1909 100 1372
f 1909 1372 223
f 496 1909 223
f 1750 1909 496
f 490 1367 1889
f 490 502 1367
f 1422 502 490
f 502 1081 778
f 1422 1081 502
f 1408 778 1081
f 1153 1081 1422
f 1153 159 1081
f 1953 159 1153
f 1953 1660 159
f 1081 986 1408
f 159 986 1081
f 986 1373 1408
f 986 1372 1373
f 223 1372 986
f 438 496 223
f 438 999 496
f 986 438 223
f 159 438 986
f 647 1660 1953
f 647 1568 1660
f 1324 1298 1923
f 334 1716 1298
f 1324 1299 281
f 281 1298 1324
f 334 1298 281
f 1299 1741 281
f 1299 557 1741
f 1465 557 1299
f 1370 281 1741
f 1370 334 281
f 1277 334 1370
f 557 1370 1741
f 1465 942 557
f 796 557 942
f 796 1370 557
f 1277 1370 796
f 398 796 942
f 398 1277 796
f 1436 1568 647
f 1436 1430 1568
f 1694 334 1390
f 1390 334 1277
f 1436 1718 1430
f 1808 1718 1436
f 1808 1786 1718
f 1873 1786 1808
f 1873 1796 1786
f 388 496 999
f 1750 496 388
f 140 1750 388
f 892 1750 140
f 486 1750 892
f 333 892 53
f 486 892 333
f 342 486 333
f 1377 486 342
f 414 1377 342
f 775 1377 414
f 438 1776 999
f 159 1776 438
f 1455 388 999
f 1776 1455 999
f 1776 145 1455
f 159 145 1776
f 159 1207 145
f 1660 1207 159
f 1455 140 388
f 140 53 892
f 1455 145 140
f 145 53 140
f 96 333 53
f 96 342 333
f 145 96 53
f 145 1207 96
f 96 380 342
f 380 414 342
f 1207 380 96
f 452 775 414
f 380 452 414
f 1207 452 380
f 452 251 775
f 1207 1417 452
f 1207 702 1417
f 1660 1864 1207
f 1568 1864 1660
f 1568 1835 1864
f 1864 702 1207
f 1864 1616 702
f 1835 1616 1864
f 1430 1835 1568
f 1430 1896 1835
f 1835 1441 1616
f 1896 1441 1835
f 1786 1006 1718
f 1718 1896 1430
f 1718 1006 1896
f 1006 1823 1896
f 1796 1667 1786
f 1786 1667 1006
f 1667 1987 1006
f 102 1107 1296
f 477 220 1107
f 783 220 477
f 783 1356 220
f 182 477 1107
f 534 182 1107
f 1875 779 595
f 1356 779 220
f 595 779 1356
f 595 1356 783
f 595 783 477
f 182 595 477
f 621 595 182
f 621 182 534
f 1447 595 621
f 1447 1875 595
f 1824 202 1954
f 1954 202 864
f 244 1378 1824
f 1378 3 1824
f 3 772 1824
f 772 202 1824
f 772 832 202
f 1378 1793 3
f 772 1814 832
f 1378 822 1793
f 1793 1613 3
f 10 558 1378
f 952 558 10
f 558 822 1378
f 952 190 558
f 1341 190 952
f 558 1381 822
f 190 1381 558
f 190 94 1381
f 1341 94 190
f 822 897 1793
f 1381 897 822
f 1381 94 897
f 897 1613 1793
f 897 1892 1613
f 94 1892 897
f 1110 1533 1875
f 888 94 1341
f 1649 1142 888
f 94 949 1892
f 888 949 94
f 888 1383 949
f 888 1142 1383
f 1771 389 1533
f 78 1142 1649
f 78 918 1142
f 78 874 918
f 1958 874 78
f 1958 1733 874
f 1958 325 1733
f 1757 38 389
f 1263 1700 1089
f 1089 325 1958
f 1089 1098 325
f 1089 1883 1098
f 1700 1883 1089
f 1847 1620 38
f 1929 102 1296
f 1850 1929 1296
f 1628 1850 1296
f 1933 1296 1918
f 1933 1628 1296
f 235 1107 102
f 744 1107 235
f 744 534 1107
f 792 744 235
f 1397 235 102
f 1557 1397 102
f 1099 792 235
f 1099 235 1397
f 1224 1099 1397
f 1447 1099 1224
f 1224 1397 1557
f 680 1224 1557
f 1447 1224 680
f 744 621 534
f 1099 744 792
f 1099 621 744
f 1447 621 1099
f 202 1612 864
f 202 1324 1612
f 202 1299 1324
f 202 1465 1299
f 832 1253 202
f 1253 1584 202
f 832 84 1253
f 1613 1106 3
f 3 1507 772
f 1106 1507 3
f 1106 1848 1507
f 1507 978 772
f 1848 978 1507
f 772 1746 1814
f 843 772 978
f 1504 843 978
f 129 978 1848
f 129 1504 978
f 1017 1504 129
f 1017 1268 1504
f 772 449 1746
f 843 449 772
f 1504 449 843
f 1746 577 1814
f 449 577 1746
f 1446 1840 577
f 1504 577 449
f 1504 1446 577
f 1268 1446 1504
f 1892 1106 1613
f 1892 849 1106
f 849 1848 1106
f 849 129 1848
f 1017 129 849
f 1110 1875 1447
f 949 1268 1017
f 949 655 1268
f 1383 655 949
f 150 655 1383
f 150 1221 655
f 1051 1221 150
f 786 1221 1051
f 786 1879 1221
f 655 1446 1268
f 949 849 1892
f 1142 150 1383
f 949 1017 849
f 1142 1051 150
f 1142 786 1051
f 1771 1533 1110
f 918 1879 786
f 918 1754 1879
f 874 1754 918
f 1733 1754 874
f 1733 1880 1754
f 325 1880 1733
f 918 786 1142
f 1802 1757 1771
f 1757 389 1771
f 1098 1880 325
f 1883 1880 1098
f 1883 1303 1880
f 1700 1303 1883
f 1715 1847 1757
f 1847 38 1757
f 1750 1296 1909
f 1377 1296 1750
f 1377 1750 486
f 760 1296 1377
f 830 1296 760
f 784 1296 830
f 155 1296 784
f 550 1296 1029
f 550 1918 1296
f 1881 1296 155
f 1029 1296 1881
f 989 1850 1628
f 617 102 1929
f 617 1557 102
f 570 1929 1850
f 114 617 1929
f 570 114 1929
f 661 570 1850
f 271 661 1850
f 989 271 1850
f 680 1557 617
f 1917 680 417
f 1917 1447 680
f 417 680 617
f 417 617 114
f 1364 114 570
f 1364 417 114
f 1917 417 1364
f 660 1364 570
f 1917 1364 660
f 661 660 570
f 35 661 271
f 35 660 661
f 35 1917 660
f 35 271 989
f 847 1917 35
f 202 1210 1465
f 1210 127 1465
f 1465 300 942
f 127 300 1465
f 695 942 300
f 127 695 300
f 398 942 695
f 1210 728 127
f 1210 1653 728
f 127 987 695
f 728 987 127
f 987 398 695
f 202 1584 1789
f 202 1113 1210
f 202 1789 1113
f 1584 1257 1789
f 1789 1344 1113
f 1253 1798 1584
f 1253 763 1798
f 1798 848 1584
f 832 646 84
f 646 491 84
f 84 1145 1253
f 84 313 1145
f 491 313 84
f 1253 1191 763
f 1145 1191 1253
f 1145 1004 1191
f 313 1004 1145
f 313 1523 1004
f 1523 360 1004
f 1271 360 1523
f 1814 900 832
f 1814 495 900
f 577 495 1814
f 1840 495 577
f 495 1083 900
f 1840 1083 495
f 1446 1083 1840
f 900 646 832
f 1083 646 900
f 1446 1601 1083
f 1446 1457 1601
f 1083 1601 646
f 1601 491 646
f 1601 1861 491
f 1457 1861 1601
f 491 1861 313
f 1457 1271 1861
f 1861 1523 313
f 1271 1523 1861
f 1698 1447 1917
f 1698 1110 1447
f 1076 1917 847
f 1076 1698 1917
f 1016 1698 1076
f 1390 1277 398
f 1694 1390 398
f 655 1457 1446
f 1442 1457 655
f 1221 1442 655
f 1879 1442 1221
f 1442 730 1457
f 1442 1348 730
f 1457 1656 1271
f 730 1656 1457
f 1442 1657 1348
f 1706 1110 1698
f 1706 1771 1110
f 1802 1771 1706
f 1830 1698 1016
f 1830 1706 1698
f 1560 1706 1830
f 1560 1802 1706
f 1754 1366 1879
f 1880 1184 1754
f 1879 1366 1442
f 1754 1184 1366
f 1366 1657 1442
f 1366 1725 1657
f 1366 742 1725
f 1184 742 1366
f 1184 1438 742
f 1715 1757 1802
f 1758 1715 1802
f 1303 1748 1880
f 1748 1184 1880
f 1303 869 1748
f 1748 626 1184
f 869 1858 1748
f 869 1742 1858
f 1184 626 1438
f 1748 1234 626
f 1858 1234 1748
f 1661 1847 1715
f 1735 1661 1715
f 760 1377 775
f 830 760 365
f 760 775 251
f 217 760 251
f 365 760 217
f 221 365 2000
f 221 830 365
f 784 830 444
f 252 1029 1881
f 393 1881 720
f 393 252 1881
f 1160 1918 550
f 481 1918 1160
f 2 1918 481
f 654 481 1160
f 989 1628 802
f 1237 1628 1933
f 802 1628 1237
f 561 1237 1933
f 236 1933 1918
f 561 1933 236
f 632 1918 2
f 632 236 1918
f 452 1417 251
f 1417 217 251
f 273 2 481
f 177 654 1160
f 273 481 654
f 177 273 654
f 1777 273 177
f 1398 989 802
f 613 802 1237
f 613 1398 802
f 1337 1398 613
f 613 1237 561
f 1287 613 561
f 1337 613 1287
f 236 1287 561
f 632 1287 236
f 1777 1287 632
f 1777 847 1287
f 847 1337 1287
f 273 632 2
f 1777 632 273
f 1398 35 989
f 1337 35 1398
f 847 35 1337
f 1210 167 1653
f 1113 167 1210
f 1697 728 1653
f 1697 987 728
f 1113 1232 167
f 167 1697 1653
f 120 167 1232
f 120 1697 167
f 1482 1697 120
f 1113 1344 1232
f 1789 254 1344
f 1232 889 120
f 889 1232 1344
f 1171 254 1789
f 1037 1789 1257
f 1037 1171 1789
f 1482 120 889
f 1212 1482 889
f 254 1274 1344
f 1274 889 1344
f 1212 889 1274
f 1171 1212 254
f 1168 1482 1212
f 1171 1168 1212
f 254 1212 1274
f 1798 162 848
f 1584 80 1257
f 1584 615 80
f 848 615 1584
f 80 1037 1257
f 836 615 848
f 162 836 848
f 162 896 836
f 1997 1037 80
f 1997 80 615
f 836 1997 615
f 385 1997 836
f 385 836 896
f 763 861 1798
f 1191 861 763
f 360 1191 1004
f 360 474 1191
f 861 162 1798
f 279 162 861
f 861 474 279
f 1191 474 861
f 1362 279 474
f 360 1362 474
f 279 896 162
f 1362 896 279
f 1362 385 896
f 1777 1076 847
f 1516 1076 1777
f 1516 1016 1076
f 1697 398 987
f 1482 398 1697
f 1482 1694 398
f 960 1694 1482
f 960 1740 1694
f 1934 1740 960
f 1896 1823 1441
f 960 1482 673
f 1997 1171 1037
f 1997 1168 1171
f 673 1482 1168
f 673 1168 1997
f 1690 1997 385
f 1690 673 1997
f 1690 960 673
f 1 960 1690
f 1 1934 960
f 1656 360 1271
f 1656 1362 360
f 730 1362 1656
f 1657 1690 1348
f 1690 385 1362
f 730 1690 1362
f 1348 1690 730
f 1657 1 1690
f 1516 1830 1016
f 1992 1560 1830
f 1992 1830 1516
f 1712 1740 1934
f 1712 1841 1740
f 833 1841 1712
f 833 1493 1841
f 1006 1987 1823
f 1 1712 1934
f 1806 1712 1
f 1806 833 1712
f 1725 1 1657
f 742 1 1725
f 1438 1 742
f 1438 1806 1
f 1992 1758 1560
f 1223 1758 1992
f 1758 1802 1560
f 833 1709 1493
f 1895 1709 833
f 1895 1641 1709
f 1600 1641 1895
f 1600 1804 1641
f 1456 1804 1600
f 1806 1895 833
f 1961 1895 1806
f 1961 1600 1895
f 1961 1456 1600
f 626 1806 1438
f 1234 1806 626
f 1961 1806 1234
f 1858 1961 1234
f 1742 1961 1858
f 1223 1735 1758
f 1944 1735 1223
f 1735 1715 1758
f 444 830 982
f 982 830 634
f 155 784 515
f 1114 1029 252
f 1305 1029 132
f 1305 550 1029
f 503 1160 550
f 217 1082 365
f 1082 2000 365
f 1417 1082 217
f 1417 702 1082
f 221 1561 830
f 1561 634 830
f 2000 1561 221
f 702 2000 1082
f 702 1561 2000
f 982 800 444
f 800 784 444
f 800 214 784
f 214 515 784
f 515 1914 155
f 1561 982 634
f 1561 800 982
f 800 459 214
f 702 800 1561
f 702 459 800
f 214 1914 515
f 459 1914 214
f 1114 284 1029
f 1914 1881 155
f 1914 1238 1881
f 1238 720 1881
f 393 1615 252
f 1615 1114 252
f 1615 284 1114
f 720 1615 393
f 1238 1615 720
f 459 1238 1914
f 201 284 1615
f 459 201 1238
f 201 1615 1238
f 1305 503 550
f 177 1160 503
f 1236 503 1305
f 1236 177 503
f 1236 1777 177
f 284 132 1029
f 284 1305 132
f 284 1236 1305
f 201 1236 284
f 201 1777 1236
f 1616 459 702
f 1616 1762 459
f 1762 201 459
f 1762 1102 201
f 201 1516 1777
f 1102 1516 201
f 1441 1762 1616
f 1823 195 1441
f 1441 195 1762
f 1762 787 1102
f 195 787 1762
f 1102 1992 1516
f 787 1992 1102
f 1987 195 1823
f 1987 1720 195
f 195 1926 787
f 1720 1926 195
f 1926 1992 787
f 1926 1223 1992
f 1720 1906 1926
f 1906 1223 1926
f 1906 1944 1223
f 50 206 9
f 50 855 206
f 934 382 197
f 934 1483 382
f 206 1483 934
f 206 566 1483
f 855 566 206
f 855 469 566
f 855 1702 469
f 469 245 566
f 1702 794 469
f 1702 326 794
f 382 1317 1156
f 1317 274 1156
f 1483 1317 382
f 566 1317 1483
f 566 1202 1317
f 245 1202 566
f 1332 619 1124
f 1332 1416 619
f 1332 907 1416
f 61 1332 1124
f 712 907 1332
f 1309 907 712
f 1309 895 907
f 1030 895 1309
f 1030 255 895
f 1052 1332 61
f 712 1332 1052
f 1300 61 165
f 1052 61 1300
f 209 1309 712
f 1192 1300 165
f 1317 1322 274
f 1322 1192 274
f 1322 543 1192
f 543 1300 1192
f 543 1052 1300
f 1202 1322 1317
f 543 712 1052
f 1322 537 543
f 537 712 543
f 245 1322 1202
f 537 209 712
f 469 1322 245
f 469 394 1322
f 394 537 1322
f 537 703 209
f 703 1309 209
f 794 394 469
f 394 1411 537
f 1411 703 537
f 703 1030 1309
f 326 394 794
f 1254 1411 394
f 1411 1030 703
f 765 1882 1738
f 1125 1882 765
f 1514 1488 1675
f 1514 1675 1677
f 1427 1488 1514
f 1696 855 1316
f 1696 1702 855
f 1696 1084 1702
f 1702 276 326
f 1084 276 1702
f 1084 687 276
f 1218 13 1626
f 1218 478 13
f 1218 1626 255
f 298 1084 1696
f 298 610 1084
f 857 610 298
f 827 1925 857
f 1353 255 1030
f 1353 1218 255
f 301 1218 1353
f 857 170 610
f 857 1925 170
f 1032 1353 1030
f 204 1353 1032
f 1084 1034 687
f 350 1353 204
f 610 1034 1084
f 610 275 1034
f 350 301 1353
f 610 464 275
f 170 464 610
f 1925 92 170
f 1925 1148 92
f 276 394 326
f 276 1254 394
f 1411 1032 1030
f 687 1254 276
f 687 82 1254
f 1254 344 1411
f 344 1032 1411
f 344 204 1032
f 1034 82 687
f 82 383 1254
f 383 344 1254
f 275 82 1034
f 275 383 82
f 383 806 344
f 806 204 344
f 806 350 204
f 464 383 275
f 464 318 383
f 806 297 350
f 170 318 464
f 318 348 383
f 348 806 383
f 348 297 806
f 92 318 170
f 92 348 318
f 1047 297 348
f 92 1148 348
f 1148 1047 348
f 1047 1195 297
f 301 478 1218
f 301 1444 478
f 1540 1308 152
f 1540 944 1308
f 219 1444 301
f 219 686 1444
f 1250 686 219
f 1250 152 686
f 1540 152 1250
f 1182 301 350
f 1182 219 301
f 468 219 1182
f 1250 219 468
f 116 1540 1250
f 423 1540 116
f 297 1182 350
f 297 468 1182
f 1386 1250 468
f 593 468 297
f 593 1386 468
f 116 1250 1386
f 1195 593 297
f 1125 1602 1882
f 862 1602 1125
f 1239 1602 862
f 1239 470 1602
f 470 64 1602
f 1427 1888 1488
f 1346 1888 1276
f 1346 1154 1888
f 1276 1888 1427
f 875 1925 827
f 1454 1925 875
f 1085 431 1454
f 1400 431 1085
f 1454 59 1925
f 431 59 1454
f 431 1571 59
f 59 1148 1925
f 59 446 1148
f 59 1571 446
f 431 563 1571
f 431 28 563
f 431 886 28
f 1148 446 1047
f 446 719 1047
f 1571 719 446
f 719 1195 1047
f 719 41 1195
f 563 719 1571
f 563 41 719
f 563 28 41
f 1410 431 1400
f 679 704 1410
f 656 944 1540
f 656 520 944
f 1410 704 431
f 957 704 679
f 957 239 704
f 729 239 957
f 729 1078 239
f 239 711 704
f 1078 737 239
f 1531 1540 423
f 1531 656 1540
f 704 886 431
f 704 674 886
f 704 711 674
f 239 1297 711
f 737 662 239
f 1195 851 593
f 851 1386 593
f 851 1363 1386
f 1363 116 1386
f 1363 423 116
f 41 851 1195
f 1363 310 423
f 310 1531 423
f 1352 1363 851
f 28 886 41
f 886 851 41
f 886 1352 851
f 1352 267 1363
f 267 310 1363
f 267 1018 310
f 1018 878 310
f 886 674 1352
f 674 711 1352
f 711 267 1352
f 267 979 1018
f 711 1297 267
f 1297 979 267
f 239 979 1297
f 979 662 1018
f 662 1679 1018
f 239 662 979
f 662 737 1679
f 520 1374 944
f 520 622 1374
f 520 347 622
f 1133 1401 463
f 736 347 520
f 463 268 736
f 463 1401 268
f 262 1133 463
f 37 520 656
f 262 463 1147
f 37 736 520
f 688 736 37
f 688 463 736
f 1147 463 688
f 688 37 337
f 984 37 656
f 631 37 984
f 337 37 631
f 984 656 1531
f 310 984 1531
f 1490 688 337
f 805 688 1490
f 805 1147 688
f 878 984 310
f 878 631 984
f 878 1252 631
f 1252 337 631
f 1252 1490 337
f 1252 943 1490
f 943 805 1490
f 1679 878 1018
f 1679 1252 878
f 1679 90 1252
f 90 770 1252
f 770 943 1252
f 770 1440 943
f 737 205 1679
f 205 1087 1679
f 1087 90 1679
f 291 54 1239
f 54 291 1760
f 54 1692 1239
f 262 1760 1133
f 1692 1760 262
f 1692 54 1760
f 1692 470 1239
f 229 262 1147
f 507 262 229
f 507 1692 262
f 1692 507 470
f 105 507 229
f 507 425 470
f 425 64 470
f 425 507 105
f 207 1147 805
f 207 229 1147
f 105 229 207
f 805 1010 207
f 1010 105 207
f 1010 1057 105
f 943 1010 805
f 1010 5 1057
f 1440 1010 943
f 1440 854 1010
f 854 5 1010
f 854 1000 5
f 105 317 425
f 1057 317 105
f 5 317 1057
f 1000 1617 5
f 1000 913 1617
f 317 64 425
f 5 1617 317
f 1392 1589 1154
f 1392 1154 1346
f 1681 1589 1392
f 912 1078 729
f 521 1078 912
f 101 1078 521
f 101 1473 1078
f 404 1473 101
f 404 1023 1473
f 1473 1623 1078
f 1078 205 737
f 1078 1087 205
f 1078 287 1087
f 1623 287 1078
f 1087 287 90
f 287 1623 90
f 1623 770 90
f 1473 770 1623
f 770 316 1440
f 1473 316 770
f 1025 404 1242
f 1025 1759 404
f 1759 1023 404
f 23 1023 1759
f 23 624 1023
f 542 624 23
f 21 624 542
f 624 56 1023
f 21 56 624
f 1023 250 1473
f 1023 517 250
f 56 517 1023
f 21 1233 56
f 1792 1233 21
f 250 316 1473
f 517 86 250
f 56 341 517
f 56 1233 341
f 1792 1809 1233
f 316 854 1440
f 316 250 854
f 250 86 854
f 86 1000 854
f 86 341 1000
f 341 86 517
f 341 913 1000
f 1233 913 341
f 1681 1542 1589
f 1956 1542 1681
f 1956 1851 1542
f 609 618 1476
f 1476 618 1792
f 618 1932 1792
f 618 932 1932
f 1932 1809 1792
f 932 1547 1932
f 932 369 1547
f 369 883 1547
f 589 675 378
f 589 309 675
f 1811 1851 1956
f 1811 1995 1851
f 1811 675 1995
f 378 675 1811
f 1800 378 1811
f 1870 1800 1811
f 1581 1800 1870
f 1061 1581 1870
f 1061 1640 1581
f 609 124 618
f 124 932 618
f 124 1585 932
f 124 1524 1585
f 1585 369 932
f 1524 369 1585
f 1524 931 369
f 931 883 369
f 309 1524 124
f 309 589 1524
f 589 1521 1524
f 1521 589 378
f 1521 378 1800
f 1521 1395 1524
f 1395 1521 1800
f 1395 931 1524
f 1395 1800 1581
f 1395 1640 931
f 1640 1395 1581
f 1640 158 931
f 1640 1061 158
f 1882 1873 1738
f 1882 1580 1873
f 1931 1427 1514
f 1931 1514 1677
f 1602 1580 1882
f 1994 1580 1602
f 64 1994 1602
f 1276 1427 1931
f 1346 1276 1931
f 1021 1346 1931
f 1773 1346 1021
f 317 1994 64
f 1617 1994 317
f 913 42 1617
f 1617 42 1994
f 1773 1392 1346
f 1129 1392 1773
f 838 1392 1129
f 838 1681 1392
f 1233 42 913
f 1233 1464 42
f 1809 1464 1233
f 1135 1681 838
f 1732 1681 1135
f 1732 1956 1681
f 1790 1956 1732
f 746 1956 1790
f 746 1790 1603
f 1547 266 1932
f 883 266 1547
f 883 67 266
f 67 1109 266
f 1932 266 1809
f 1109 257 266
f 266 1464 1809
f 266 1946 1464
f 266 257 1946
f 257 555 1946
f 1946 7 1464
f 555 7 1946
f 1282 1061 1870
f 1045 1870 1811
f 1045 1282 1870
f 412 1282 1045
f 937 412 1045
f 746 1045 1811
f 649 1045 746
f 649 937 1045
f 110 937 649
f 746 1811 1956
f 497 649 746
f 690 497 746
f 690 746 1517
f 931 67 883
f 931 158 67
f 158 1109 67
f 158 286 1109
f 1109 286 257
f 286 555 257
f 555 812 7
f 1061 1921 158
f 1921 1061 1282
f 158 1921 286
f 412 1921 1282
f 1921 1008 286
f 1921 1022 1008
f 412 1022 1921
f 1008 555 286
f 937 1022 412
f 937 110 1022
f 1008 812 555
f 1008 60 812
f 1022 60 1008
f 1022 331 60
f 110 331 1022
f 110 497 331
f 497 110 649
f 1580 1796 1873
f 1580 1711 1796
f 1722 1931 1804
f 1509 1931 1722
f 1826 1931 1509
f 1994 1711 1580
f 1994 1634 1711
f 1021 1931 1980
f 1980 1931 1826
f 1994 413 1634
f 42 413 1994
f 1464 1871 42
f 1871 413 42
f 1464 1498 1871
f 7 845 1464
f 812 845 7
f 845 738 1464
f 845 511 738
f 738 1498 1464
f 738 1198 1498
f 1479 1198 738
f 1198 819 1498
f 996 819 1198
f 996 1763 819
f 819 1541 1498
f 1763 1541 819
f 1763 715 1541
f 1517 746 1603
f 228 690 1517
f 1314 1517 1603
f 216 1517 1314
f 181 1517 216
f 181 228 1517
f 696 181 216
f 1225 696 216
f 1028 216 1314
f 407 216 1028
f 407 1225 216
f 485 1028 1314
f 485 407 1028
f 813 407 485
f 208 813 485
f 1755 485 1314
f 166 208 485
f 166 485 1755
f 676 166 1755
f 812 511 845
f 60 511 812
f 497 690 331
f 60 994 511
f 331 994 60
f 331 1095 994
f 690 1095 331
f 511 994 738
f 994 1479 738
f 1095 681 994
f 994 681 1479
f 1479 681 1198
f 1095 710 681
f 681 996 1198
f 681 710 996
f 710 1763 996
f 710 715 1763
f 710 189 715
f 228 1095 690
f 228 181 1095
f 181 696 1095
f 299 696 1225
f 696 710 1095
f 696 299 710
f 299 1225 407
f 299 587 710
f 299 813 587
f 813 299 407
f 813 208 587
f 587 189 710
f 587 870 189
f 587 850 870
f 208 850 587
f 208 437 850
f 166 437 208
f 166 676 437
f 1711 1526 1796
f 1796 1526 1667
f 1526 1981 1667
f 1634 1945 1711
f 1711 1945 1526
f 1945 1976 1526
f 413 1686 1634
f 1686 1945 1634
f 1686 1578 1945
f 1871 1686 413
f 1871 1916 1686
f 1498 1916 1871
f 1916 1578 1686
f 1916 1674 1578
f 715 189 1541
f 1541 99 1498
f 189 99 1541
f 189 536 99
f 1498 1505 1916
f 99 1505 1498
f 536 991 99
f 99 964 1505
f 991 964 99
f 964 1412 1505
f 747 1412 964
f 1412 93 1505
f 93 272 1505
f 1505 1674 1916
f 1505 1333 1674
f 272 1333 1505
f 676 1820 437
f 321 1820 676
f 870 536 189
f 870 991 536
f 850 991 870
f 850 278 991
f 437 278 850
f 437 1820 278
f 1820 1556 278
f 991 747 964
f 278 747 991
f 278 1556 747
f 1820 142 1556
f 747 753 1412
f 1556 753 747
f 142 753 1556
f 753 93 1412
f 753 859 93
f 142 859 753
f 460 859 142
f 859 272 93
f 859 970 272
f 460 970 859
f 1938 1749 1263
f 1938 1957 1749
f 1263 1749 1700
f 1938 652 1957
f 1730 1590 1620
f 1552 652 1938
f 1552 1666 652
f 1751 1262 1552
f 1552 1262 1666
f 1751 1349 1262
f 1751 902 1349
f 1548 1590 1884
f 1751 15 902
f 1449 15 1751
f 1449 1522 15
f 1449 1213 1522
f 1659 553 1548
f 1784 1213 1449
f 1784 1665 1213
f 1728 1665 1784
f 1728 1566 1665
f 643 623 553
f 971 1325 500
f 500 1485 1586
f 1325 1485 500
f 1325 466 1485
f 466 1054 1485
f 1054 917 1485
f 917 1942 1485
f 1586 925 1728
f 1485 925 1586
f 1942 925 1485
f 1728 611 1566
f 925 611 1728
f 1942 1284 925
f 1226 77 623
f 26 1226 623
f 26 289 1226
f 773 26 623
f 451 26 773
f 249 623 643
f 773 623 249
f 260 1325 971
f 260 1013 1325
f 1610 1013 260
f 1325 1013 466
f 1013 1054 466
f 1610 289 1013
f 1013 917 1054
f 917 1354 1942
f 1013 1354 917
f 289 1240 1013
f 289 26 1240
f 1013 1240 1354
f 1354 1284 1942
f 1354 1119 1284
f 1240 1119 1354
f 598 1610 260
f 1610 598 77
f 1226 1610 77
f 1226 289 1610
f 26 451 1240
f 1240 451 773
f 1749 1303 1700
f 1453 24 652
f 1749 24 1303
f 1957 24 1749
f 652 24 1957
f 1661 1730 1847
f 1730 1620 1847
f 1666 44 1453
f 902 44 1349
f 44 24 1453
f 1666 1453 652
f 1262 44 1666
f 1349 44 1262
f 1884 1730 1049
f 1884 1590 1730
f 1659 1548 1884
f 643 553 1659
f 1062 387 1044
f 387 1471 1643
f 387 1983 1471
f 1044 387 1643
f 1284 1633 925
f 925 1643 611
f 925 1536 1643
f 1633 1536 925
f 1633 172 1536
f 172 953 1536
f 1536 1044 1643
f 953 1044 1536
f 1103 1919 249
f 953 1062 1044
f 809 1103 249
f 818 1103 809
f 143 773 249
f 143 571 773
f 1919 143 249
f 436 387 1062
f 936 436 1062
f 1284 1119 1633
f 1240 571 1119
f 1119 172 1633
f 571 143 1119
f 172 103 953
f 1119 103 172
f 143 981 1119
f 143 1919 981
f 103 139 953
f 1119 1222 103
f 981 1222 1119
f 139 1062 953
f 139 936 1062
f 1222 139 103
f 981 1919 1103
f 1222 981 1103
f 1222 936 139
f 1222 368 936
f 1222 818 368
f 818 1222 1103
f 571 1240 773
f 24 869 1303
f 24 1874 869
f 1874 1543 869
f 1543 1673 869
f 869 1673 1742
f 1049 1730 1661
f 1621 1049 1661
f 44 1874 24
f 44 1435 1874
f 1435 1812 1874
f 1874 1812 1543
f 1497 1884 1049
f 1664 1497 1049
f 902 1435 44
f 902 1845 1435
f 15 1845 902
f 1708 1845 15
f 1522 1708 15
f 1213 1708 1522
f 338 1884 1497
f 338 1659 1884
f 1744 338 1497
f 1213 1978 1708
f 1665 1978 1213
f 1831 1978 1665
f 1566 1831 1665
f 691 1831 1566
f 611 691 1566
f 1799 1659 338
f 1799 643 1659
f 1201 643 1799
f 1744 1799 338
f 1676 1799 1744
f 1676 1201 1799
f 717 1201 1676
f 1755 1314 1603
f 1011 1755 1603
f 351 676 1755
f 1496 1328 1969
f 607 1328 1496
f 607 430 1328
f 669 607 1496
f 1643 1471 611
f 387 645 1983
f 611 1471 691
f 1983 125 1471
f 1471 151 691
f 1606 151 1471
f 125 1606 1471
f 1606 183 151
f 151 1969 691
f 151 1286 1969
f 1269 1286 151
f 183 1269 151
f 377 51 1286
f 1269 377 1286
f 1286 1496 1969
f 51 1496 1286
f 51 669 1496
f 377 877 51
f 1201 249 643
f 1270 249 1201
f 809 249 1270
f 818 809 368
f 980 368 809
f 226 980 1270
f 980 809 1270
f 85 980 226
f 531 85 226
f 196 226 1270
f 196 531 226
f 1596 196 1270
f 1036 196 1596
f 717 1270 1201
f 1596 1270 717
f 111 1036 1596
f 1036 111 1031
f 321 676 351
f 436 645 387
f 436 628 645
f 645 125 1983
f 125 1189 1606
f 645 1189 125
f 628 1189 645
f 183 1266 1269
f 1606 1266 183
f 1189 1266 1606
f 1266 377 1269
f 1189 1678 1266
f 741 1678 1189
f 377 311 877
f 1266 311 377
f 1678 311 1266
f 877 669 51
f 877 721 669
f 311 721 877
f 1678 793 311
f 1678 32 793
f 936 628 436
f 936 20 628
f 368 20 936
f 368 1157 20
f 1157 368 980
f 1157 85 20
f 85 1157 980
f 20 1189 628
f 20 1112 1189
f 85 1112 20
f 1112 741 1189
f 1112 531 741
f 85 531 1112
f 741 196 1036
f 741 531 196
f 741 1031 1678
f 1031 741 1036
f 1031 32 1678
f 1031 111 32
f 1456 1722 1804
f 929 1722 1456
f 929 1509 1722
f 1795 1509 929
f 1795 1826 1509
f 1667 1981 1987
f 923 1456 1961
f 923 929 1456
f 923 1795 929
f 1543 923 1673
f 1673 1961 1742
f 1673 923 1961
f 1944 1621 1735
f 1853 1621 1944
f 1621 1661 1735
f 1695 1826 1795
f 1695 1980 1826
f 1695 1021 1980
f 1937 1021 1695
f 1937 1773 1021
f 1526 1976 1981
f 1705 1795 923
f 1705 1695 1795
f 1833 1695 1705
f 1833 1937 1695
f 1435 1705 1812
f 1812 923 1543
f 1812 1705 923
f 1435 1833 1705
f 1853 1664 1621
f 1664 1049 1621
f 1912 1773 1937
f 1912 1129 1773
f 1912 838 1129
f 1578 1976 1945
f 246 1937 1833
f 246 1912 1937
f 1587 1912 246
f 1845 1833 1435
f 1708 246 1845
f 1845 246 1833
f 1708 1587 246
f 1943 1744 1664
f 1943 1664 1853
f 1744 1497 1664
f 415 838 1912
f 415 1135 838
f 415 1732 1135
f 1609 1732 415
f 1609 1790 1732
f 1011 1603 1790
f 1011 1790 1609
f 1546 1011 1609
f 1587 415 1912
f 1761 415 1587
f 1761 1609 415
f 1731 1609 1761
f 990 1546 1609
f 1731 990 1609
f 1978 1587 1708
f 1831 1761 1978
f 691 1731 1831
f 1978 1761 1587
f 1831 1731 1761
f 725 1744 1943
f 725 1676 1744
f 307 1676 725
f 307 717 1676
f 1011 351 1755
f 651 351 1011
f 616 1011 1546
f 629 651 1011
f 777 629 1011
f 777 1011 766
f 1413 616 1546
f 766 1011 616
f 1894 766 616
f 1360 1894 616
f 970 762 272
f 990 1413 1546
f 990 881 1413
f 881 1166 1413
f 927 881 990
f 876 616 1413
f 881 914 1166
f 924 616 876
f 924 1360 616
f 914 231 1166
f 1166 876 1413
f 1166 899 876
f 752 924 876
f 899 752 876
f 1766 990 1731
f 740 927 990
f 700 990 1766
f 700 494 990
f 530 740 990
f 16 530 990
f 494 16 990
f 435 700 1766
f 614 435 1766
f 1328 1731 691
f 1328 1856 1731
f 1969 1328 691
f 911 1856 1328
f 911 450 1856
f 430 911 1328
f 49 1285 1856
f 450 49 1856
f 1856 1766 1731
f 1285 1766 1856
f 336 614 1766
f 336 1766 1285
f 780 1040 307
f 780 282 1040
f 743 402 717
f 402 1596 717
f 32 402 168
f 29 402 743
f 29 168 402
f 1415 743 699
f 1415 29 743
f 29 1415 148
f 699 743 717
f 1174 717 307
f 1174 699 717
f 358 1174 492
f 1174 358 699
f 1040 1174 307
f 969 1174 1040
f 32 1596 402
f 32 111 1596
f 651 321 351
f 321 835 1820
f 651 835 321
f 651 629 835
f 1894 777 766
f 835 142 1820
f 629 751 835
f 777 751 629
f 1894 751 777
f 835 460 142
f 751 460 835
f 751 1406 460
f 751 1281 1406
f 1894 1281 751
f 1360 1281 1894
f 1360 433 1281
f 1406 970 460
f 1406 762 970
f 1406 322 762
f 1281 322 1406
f 433 1654 1281
f 375 752 899
f 375 899 1166
f 231 375 1166
f 924 433 1360
f 752 433 924
f 927 951 881
f 752 1039 433
f 375 1039 752
f 881 951 914
f 433 1039 1654
f 231 1039 375
f 231 509 1039
f 914 509 231
f 951 509 914
f 740 951 927
f 530 951 740
f 614 366 435
f 16 951 530
f 435 1075 700
f 366 1075 435
f 366 1152 1075
f 16 1409 951
f 494 1409 16
f 700 1409 494
f 700 1075 1409
f 669 465 607
f 607 911 430
f 607 465 911
f 49 612 1285
f 450 1420 49
f 911 1420 450
f 465 1420 911
f 612 336 1285
f 1420 612 49
f 465 603 1420
f 465 930 603
f 336 366 614
f 612 366 336
f 1420 366 612
f 1420 898 366
f 603 898 1420
f 930 969 603
f 366 771 1152
f 898 771 366
f 898 527 771
f 603 282 898
f 282 969 1040
f 969 282 603
f 527 898 780
f 898 282 780
f 721 465 669
f 311 793 721
f 32 168 793
f 793 280 721
f 793 148 280
f 793 29 148
f 168 29 793
f 721 1312 465
f 280 1312 721
f 1312 930 465
f 280 1415 1312
f 148 1415 280
f 1312 492 930
f 1312 358 492
f 1415 358 1312
f 358 1415 699
f 969 492 1174
f 492 969 930
f 1981 1720 1987
f 1981 1807 1720
f 1807 1906 1720
f 1807 1598 1906
f 1598 1944 1906
f 1598 1853 1944
f 1976 1807 1981
f 1976 1834 1807
f 1834 1598 1807
f 1834 1426 1598
f 1426 1853 1598
f 1578 1834 1976
f 1578 977 1834
f 977 1426 1834
f 754 1426 977
f 1426 1943 1853
f 754 1943 1426
f 1674 1350 1578
f 1350 977 1578
f 1674 27 1350
f 1350 754 977
f 1350 1003 754
f 27 1003 1350
f 754 725 1943
f 1003 725 754
f 1003 307 725
f 762 1333 272
f 762 322 1333
f 841 45 1333
f 322 230 1333
f 230 841 1333
f 1333 27 1674
f 45 27 1333
f 45 18 27
f 657 18 45
f 18 959 27
f 959 785 27
f 785 1143 27
f 785 174 1143
f 27 588 1003
f 588 186 1003
f 1143 588 27
f 1143 1770 588
f 1770 585 588
f 585 1409 588
f 1409 186 588
f 1409 908 186
f 908 668 186
f 567 780 307
f 186 668 1003
f 668 567 1003
f 567 307 1003
f 668 263 567
f 1281 230 322
f 1281 841 230
f 1281 1654 841
f 841 1654 45
f 509 959 1039
f 951 243 509
f 1654 657 45
f 1039 657 1654
f 1039 18 657
f 959 18 1039
f 509 785 959
f 509 174 785
f 174 243 1143
f 243 174 509
f 951 1770 243
f 951 585 1770
f 1409 585 951
f 1075 908 1409
f 908 1075 668
f 243 1770 1143
f 1152 263 1075
f 263 771 567
f 771 263 1152
f 771 527 567
f 527 780 567
f 1075 263 668

