# https://github.com/mikedh/trimesh
v -0.49175444 -0.69737947 0.07812724
v -0.34235483 0.37358257 -0.36449528
v 0.21704377 -0.45500132 0.44821101
v -0.03721321 0.69850403 -0.03524839
v 0.42798918 -0.52929914 0.25977284
v -0.04457880 -0.72646737 -0.44890928
v -0.49972269 -0.55731821 -0.01685151
v 0.48436782 0.39155754 0.12881817
v 0.12956744 0.08701392 0.48429886
v 0.47843257 0.57770813 -0.12757410
v 0.23796876 0.72562557 -0.16097291
v 0.02326581 -0.72649997 -0.25158897
v 0.43355992 0.42747957 0.25179023
v -0.26772436 -0.72649997 0.02168628
v -0.15999259 0.61726302 0.39203244
v -0.26033100 0.20551573 -0.42724782
v -0.30719712 0.61648244 -0.30723664
v 0.00215270 -0.21226381 -0.50102282
v -0.01542655 0.62184089 0.14432445
v -0.43335187 0.38428354 -0.25214645
v 0.04184354 -0.72649997 0.10933790
v -0.35821691 -0.18888956 0.34885243
v -0.22782871 0.17640479 -0.44421759
v 0.35290253 0.10872705 0.35537174
v 0.48457277 0.07980386 -0.12868154
v -0.48475024 0.18127541 0.12818258
v -0.19619562 0.61797696 0.35884497
v -0.23758081 0.62005275 0.13110201
v 0.50118941 0.06524937 0.00111289
v 0.26402488 -0.46419021 -0.42450467
v 0.07254403 -0.72649997 0.27140367
v -0.36092800 -0.58620203 0.34517288
v -0.42801309 -0.57284421 0.25981221
v 0.34405786 0.43472955 0.36305511
v 0.13096680 -0.18124570 0.48387557
v 0.43008053 -0.17406978 -0.25697935
v 0.35750026 -0.21855916 -0.34953940
v -0.17033972 0.62149167 -0.05855203
v -0.50118810 -0.05796410 -0.00093588
v 0.00039785 -0.44228840 0.50111300
v -0.43149838 0.04327237 -0.25492340
v -0.13028128 0.27550468 0.48407575
v 0.23855509 -0.72649997 -0.14594221
v 0.50112551 -0.13772169 0.00067709
v 0.00001397 -0.44955224 -0.50111932
v 0.25250724 0.72562402 -0.14671180
v 0.25914145 0.43408200 0.42830434
v 0.42760345 -0.60180628 -0.26027083
v 0.25359789 0.11604678 0.43233457
v -0.15116996 -0.46619317 0.47634375
v 0.22117300 0.61937320 0.20929641
v -0.00010413 -0.39155582 -0.50114721
v 0.09471109 -0.68302715 -0.48936388
v 0.21157555 -0.44151241 -0.45063356
v 0.09128077 -0.72649997 -0.06654289
v 0.13138826 -0.53654253 0.48345903
v -0.42818835 -0.50751603 -0.25977334
v -0.00083410 0.32628721 0.50123715
v -0.35817376 -0.07161927 0.34902260
v 0.26324782 0.70833391 -0.04126178
v -0.33345100 -0.12675232 0.37017038
v 0.33551896 -0.72649032 0.31987986
v -0.13388349 -0.63231969 -0.48287565
v -0.15086505 0.62236714 -0.03078941
v -0.43062809 -0.09430830 -0.25625142
v 0.13019751 0.70336592 -0.30634305
v -0.25776112 -0.15973364 0.42972717
v -0.23278274 0.02590077 -0.44186279
v -0.01196242 0.44565448 0.50040460
v -0.21477659 0.58773893 0.43213847
v 0.34976730 0.61114073 -0.29120663
v 0.13031478 0.68879414 -0.30636820
v -0.00145092 0.42047966 -0.50103331
v -0.00035396 -0.00001010 0.50120503
v 0.40201426 -0.72587562 0.26629537
v 0.23631047 0.72498989 -0.05377613
v 0.30673859 0.66204387 -0.13661419
v -0.25230998 0.31177545 0.43324584
v -0.36219469 0.47863722 0.34504825
v 0.42784232 -0.61629987 0.25994697
v 0.04344060 0.61618179 -0.43732139
v -0.13489471 -0.58004755 -0.48279601
v 0.13775888 -0.72604179 -0.45231733
v 0.46361247 -0.72639048 0.00000253
v -0.35381129 -0.72650009 0.29505655
v 0.29748809 0.62017727 -0.03347220
v -0.14621793 -0.72649997 0.20565516
v -0.08873221 -0.72649997 -0.02389671
v 0.05837476 -0.72644567 -0.44988924
v -0.00064577 0.01451731 -0.50110990
v -0.02396175 -0.14949484 -0.49895626
v -0.43033144 -0.13054501 0.25652584
v -0.13036431 -0.41864473 0.48383498
v -0.43311971 0.33354092 -0.25255913
v 0.13164732 -0.44954273 -0.48341939
v -0.48471129 0.29724616 0.12837464
v 0.42846814 -0.34792316 0.25917214
v -0.50113297 -0.33351389 -0.00032520
v -0.26019591 -0.34818113 0.42807290
v -0.18431456 -0.72649997 -0.18910976
v 0.35594189 -0.24626179 0.35128295
v 0.24854824 -0.69953763 -0.43239555
v 0.24485253 -0.72649997 0.09278290
v 0.34011033 0.01639275 0.36581931
v 0.03420204 0.62044537 -0.26844212
v -0.36131224 -0.01575788 0.34537616
v 0.05960480 0.58757031 -0.47817844
v 0.36159015 -0.49332052 -0.34444627
v 0.11249900 0.71393400 -0.29338601
v 0.21171349 -0.70068985 -0.45032141
v -0.30937734 -0.72619998 0.35608616
v 0.26050201 0.62306899 -0.01506840
v -0.03625280 0.72016501 -0.12324500
v 0.08619281 -0.69813490 0.49073792
v 0.49118137 0.57840192 -0.05090650
v -0.40874773 0.61669773 -0.14635366
v 0.10847700 0.63087702 -0.29754499
v 0.45857570 -0.72593719 -0.13776861
v -0.38292614 0.58816248 -0.29353637
v -0.48531565 0.56517839 -0.11548256
v 0.44650644 -0.72573936 -0.18133070
v 0.29730499 0.71652502 -0.13778099
v 0.18214770 0.71513116 0.03500494
v 0.28392825 0.63145834 -0.16311264
v -0.09229745 0.62310368 -0.12419994
v 0.14679822 -0.72648793 0.44005078
v -0.11764728 0.61223042 0.44089377
v -0.02175190 -0.71999800 -0.48576799
v 0.29742101 0.72387040 -0.11631169
v -0.40101868 -0.72544360 -0.26991373
v 0.46396151 0.58115852 0.16258457
v -0.17298903 0.57890421 -0.46215776
v 0.07991799 -0.71438980 -0.48784181
v 0.12404313 0.64055562 -0.29941058
v 0.32667282 0.57643211 0.36725953
v 0.19788331 0.63652492 0.03371281
v 0.24923247 0.58129418 0.42009556
v -0.00726451 -0.71045756 -0.49642164
v 0.02939032 0.68834943 -0.21757315
v 0.11542556 0.69430178 0.10415126
v 0.36733046 -0.72549468 0.31343329
v -0.43206251 -0.72584683 0.21074620
v 0.31849781 0.65701157 -0.09791273
v 0.38268620 -0.72350836 -0.29821134
v 0.34343216 0.61880767 -0.13165486
v -0.49474010 -0.70923668 -0.05562364
v 0.26826599 0.72419500 -0.07974240
v 0.09428009 -0.72467071 0.47146505
v 0.41697118 -0.72579461 -0.23912625
v -0.24212572 -0.69932151 0.43603870
v 0.25376499 0.72187501 -0.05074070
v -0.44238165 -0.72484976 0.19591083
v -0.48328760 -0.53653926 -0.13272716
v -0.49965316 -0.68054956 -0.00862040
v 0.22095141 0.72303355 -0.02162382
v -0.05945274 0.68603027 -0.12861308
v -0.44316506 -0.72497463 -0.19592099
v 0.16689786 -0.72387207 -0.45613444
v 0.48049319 0.58688211 0.06531902
v -0.22483115 0.61380041 -0.38838127
v 0.08591174 0.62160963 0.17930193
v -0.05082850 0.71431798 -0.12280000
v 0.13620354 0.70241314 0.08326155
v -0.46488860 0.57057500 -0.17394973
v -0.38051683 0.59778661 0.27929348
v -0.46752602 -0.72430491 0.12464716
v 0.15608904 0.71554697 -0.28111270
v 0.08029930 0.62355399 -0.28181246
v 0.44197699 -0.72066849 0.21053174
v -0.08724751 -0.69871169 -0.49059999
v 0.25133112 0.70659751 -0.02917444
v 0.40291119 -0.70331478 0.29156673
v 0.49416259 0.57186836 0.05207692
v 0.02172882 0.62227458 -0.23650108
v 0.48906088 0.54905969 -0.10031689
v 0.45299166 -0.71517026 -0.19894226
v 0.25892189 -0.37638542 0.42828554
v -0.04109593 0.63574553 0.05680137
v 0.17063358 -0.71355909 0.46594903
v 0.47946525 0.56590503 0.13613273
v 0.42988101 -0.23206209 0.25737804
v -0.39362261 0.57528549 -0.29769823
v 0.08166327 0.72388542 -0.03702929
v 0.47275937 -0.72578043 -0.06524961
v -0.18699175 0.58683687 0.44721246
v 0.23080349 0.62335306 -0.22397123
v 0.27605355 0.57560766 -0.40942892
v -0.05870716 0.61624354 -0.43717745
v 0.47083151 -0.72379869 -0.10878755
v -0.21732192 0.58550626 -0.43172473
v 0.32099432 0.62189913 -0.08016949
v -0.00682062 0.71661556 -0.17028408
v 0.04741391 0.68690968 -0.23591326
v -0.14797220 0.61665630 -0.40980151
v 0.02176073 -0.71838343 -0.48936424
v 0.48381799 -0.71668798 -0.09424340
v -0.28260857 -0.72570342 0.38726452
v 0.21919651 -0.72649473 -0.41298124
v -0.10277759 0.54995197 0.48878819
v -0.37504783 -0.69768816 0.32801861
v 0.49811390 -0.69919902 0.02827572
v 0.16354506 0.62248391 0.09434257
v 0.10464762 0.64087844 -0.28700927
v 0.17343093 0.56984890 0.46545488
v 0.46814555 -0.70017374 -0.17024419
v 0.01019672 0.68821424 -0.19831738
v -0.46606642 -0.72477955 -0.12506802
v 0.16829997 0.71465713 0.04910749
v -0.41899696 -0.72648990 -0.19966714
v 0.23926400 0.72187501 -0.03623980
v 0.29953107 -0.72578347 -0.37202743
v -0.41751412 -0.72563648 -0.23928842
v 0.15225901 0.72273201 -0.26825401
v 0.30849057 0.62181634 -0.06510320
v -0.45595345 0.58838242 -0.16180968
v 0.39086321 0.57999909 0.29770443
v 0.10880327 0.72429806 -0.26411602
v 0.36128804 -0.60921216 -0.34468216
v 0.12485594 -0.71089125 -0.48142660
v 0.36963889 -0.72450328 -0.31194612
v 0.06535118 0.61114854 -0.45229089
v 0.32253295 0.68879503 -0.10551599
v 0.26296264 0.55259067 -0.42444566
v 0.00728755 -0.71790016 0.49263984
v 0.16055749 0.59227669 0.45188469
v 0.05101799 -0.71722889 0.49194440
v 0.09446596 -0.71357763 -0.48670611
v 0.25693506 -0.17401479 0.43004769
v 0.07975440 -0.71717101 0.48492399
v 0.39374313 0.61626655 -0.18971314
v 0.15430178 0.71363479 0.06312959
v 0.47174394 -0.72548741 0.07977805
v 0.08691866 0.56830448 0.48821580
v 0.44251999 -0.71893698 -0.21111301
v -0.13548782 0.62288779 -0.08062565
v -0.49853143 -0.67255515 0.02799995
v 0.19576199 0.72273898 -0.22475100
v 0.17509361 0.56868428 -0.46504146
v -0.34943315 0.61651850 -0.26146063
v 0.45726237 -0.69882554 0.19579667
v 0.02240760 0.62996799 -0.22420600
v 0.10565270 0.68600017 -0.29178318
v 0.22417501 0.71546799 -0.00782235
v 0.39541981 0.59140837 0.26923591
v 0.24286009 0.71562767 -0.19422312
v 0.13697501 -0.71647102 -0.47205701
v -0.45040426 0.58001655 0.19636224
v 0.18130700 0.71653998 -0.25380099
v -0.45035422 0.61262590 0.05948016
v 0.47790062 -0.72066957 0.10901923
v 0.10589320 0.59443039 0.46546897
v 0.32526523 0.62473804 -0.09435855
v -0.13678423 -0.72639501 -0.45705828
v 0.12437600 -0.72119200 -0.47016099
v 0.02215203 0.71664524 -0.19924252
v 0.33741647 0.58055484 -0.35223538
v 0.21100806 -0.72575963 -0.43167970
v 0.03635480 0.62207675 -0.25078097
v 0.27044818 0.62051558 -0.00494527
v -0.46017238 -0.72564238 -0.13778210
v 0.20455864 0.70744395 -0.23825935
v 0.12008600 0.68878800 -0.30274600
v 0.08049068 0.63139182 0.15507901
v -0.41121006 0.57603538 -0.27174872
v 0.05907443 0.70120722 -0.24544218
v 0.06708607 0.62137067 -0.27773497
v 0.38835675 -0.72586876 -0.28296912
v 0.32653505 -0.72484535 -0.35684603
v -0.06109542 0.70960486 -0.09146190
v 0.49757296 -0.70882493 0.00728408
v -0.25066981 -0.72315240 0.41615763
v -0.43394315 -0.68473101 0.24668933
v -0.49399507 0.56576747 -0.06123253
v 0.02961944 0.60891312 0.45872828
v 0.14881299 -0.63713431 0.47700784
v 0.45611686 -0.72508538 0.16696022
v -0.28566432 -0.69984818 -0.40746337
v -0.32499340 0.61649275 -0.28917217
v 0.19422685 0.71560842 -0.24283215
v 0.05081777 -0.70996314 -0.49491861
v -0.09542894 0.68318242 -0.06382782
v 0.24991138 0.61919296 -0.23540258
v -0.02085185 0.62330002 0.09990310
v -0.09436207 0.62171048 -0.13974842
v 0.36240917 -0.69932783 -0.34308520
v -0.25081778 0.57976288 -0.42028794
v -0.07975550 -0.71717101 -0.48489901
v -0.10515070 0.66077513 -0.08467253
v 0.34109238 -0.69975692 -0.36245230
v -0.47149092 -0.72599643 0.04830279
v 0.12576236 0.64027941 0.10594203
v 0.16681811 0.66022629 0.06235565
v 0.32615420 0.62684238 -0.10876413
v -0.25623250 -0.71231121 0.42571223
v 0.06525350 0.62682003 -0.26530001
v -0.35390770 0.57958627 0.33673516
v -0.04396264 0.61642575 0.43643218
v -0.38821790 -0.72589701 0.28294349
v -0.39122310 0.61173803 -0.23164369
v -0.43243551 0.36251286 0.25301298
v 0.34237328 -0.72607905 -0.33622766
v 0.22526982 -0.71367788 -0.44165429
v -0.00632408 0.62268841 0.11690766
v -0.35338843 0.60882616 0.29143107
v 0.28212285 -0.71737820 0.40346196
v -0.37390196 -0.72572774 -0.30137035
v -0.41113883 0.61525893 -0.17295174
v 0.09335224 0.62273896 -0.29499125
v -0.10155313 0.57788467 0.48351485
v -0.05164523 0.62306005 -0.16472134
v -0.00555381 0.64858466 -0.18754721
v -0.05724808 0.64814496 -0.13657956
v -0.02176176 -0.71830416 0.48947501
v -0.22515091 -0.71946555 -0.43707567
v 0.36121428 -0.52901518 0.34488171
v -0.13789912 -0.71535009 -0.47373557
v 0.13646787 0.62259197 0.12196402
v 0.48891580 -0.71542555 0.06460153
v 0.25735688 0.71562523 -0.17971870
v -0.08992194 0.67554283 -0.09788954
v 0.21139200 -0.72285032 0.43952316
v -0.31370202 -0.72432995 0.36834201
v 0.47017601 -0.72120798 -0.12441200
v 0.20977865 0.63632309 0.02150165
v 0.25398362 -0.72479147 -0.41331014
v -0.00808610 0.63164455 -0.19306299
v 0.35640696 -0.70004457 0.34873807
v 0.16757643 0.62621772 -0.28355652
v 0.32172078 0.65618807 -0.10875233
v -0.21770541 -0.69817567 -0.44764051
v -0.22796750 -0.71314770 0.44063562
v -0.11565964 0.64643335 -0.07625185
v 0.20043078 -0.71473867 0.45254505
v 0.29437646 0.62223351 -0.05025048
v -0.32643744 -0.72484952 -0.35630178
v -0.15559186 0.60830313 -0.43461534
v 0.05074703 0.62568134 -0.25442463
v -0.16692962 -0.72494256 -0.45589077
v 0.04438383 -0.72526717 -0.47460636
v -0.08723192 -0.72573215 -0.47131252
v 0.49561265 0.57457173 0.00077433
v -0.08345827 0.64015216 -0.11244872
v -0.18872134 0.55453300 0.46029818
v -0.38079399 0.57452017 -0.31351349
v 0.43350363 -0.69885218 0.24732122
v 0.17745428 0.62247193 0.07980316
v 0.21782352 -0.69956064 0.44759476
v 0.31497276 0.71513152 -0.12126692
v 0.45961487 -0.72583687 0.13779339
v -0.25903878 0.61520010 0.36028641
v 0.26022503 0.64368397 -0.03494018
v 0.31442043 0.58949316 0.36105677
v 0.48073712 -0.69747543 0.13706584
v -0.35714430 -0.72541434 0.32462883
v -0.47288114 -0.72556782 -0.06524845
v 0.02254657 0.72535008 -0.16226998
v -0.10078885 -0.71626455 -0.48325449
v 0.20819747 0.62226677 0.04875169
v 0.23447277 0.55402523 -0.43988860
v -0.43213215 0.51404691 0.25177801
v 0.28363866 0.69903105 -0.15979521
v -0.07802486 0.63245505 -0.12500113
v 0.48490900 -0.71717101 -0.07974240
v 0.47104868 -0.71375728 0.15257698
v 0.31629026 0.63832760 -0.10877559
v -0.21150042 -0.72577143 -0.43301094
v -0.23919500 -0.71871501 0.42765099
v 0.26754999 -0.71847701 -0.41275200
v -0.05238782 0.63233441 -0.15040994
v 0.05075260 -0.71933800 -0.48576799
v -0.49729878 0.56481373 -0.02901775
v 0.41562533 0.61602151 0.16063409
v 0.49213469 0.57923144 0.03636911
v -0.34275857 -0.72550994 0.33942890
v -0.41523543 0.60717148 -0.19941334
v 0.13095285 0.71205944 -0.30539507
v 0.42576468 0.56663400 0.25703460
v 0.14874743 0.72108668 0.05095967
v -0.13742299 0.62988001 -0.06424810
v -0.27109703 -0.71710145 -0.41170883
v -0.39281502 0.55649883 -0.30386004
v 0.14002000 0.68878800 -0.30135399
v -0.06525460 0.62161499 -0.16674800
v 0.36362666 0.41334757 -0.34332606
v -0.19601001 0.61447591 -0.40485820
v -0.33065856 0.57319665 0.36661974
v -0.10680210 0.62309420 -0.10972666
v 0.18041976 0.70752114 -0.26269978
v -0.44036067 0.55348444 -0.23343110
v -0.03381816 0.70843023 -0.14997275
v 0.46858099 -0.71649098 -0.15224700
v 0.27474579 0.70020568 -0.05103920
v 0.44265750 -0.72473031 -0.19588149
v -0.35462886 -0.72507328 -0.32918978
v 0.46361464 -0.70056713 0.18126975
v 0.38913578 -0.70017684 0.30949241
v -0.29784629 0.57824939 -0.39221877
v 0.49476710 -0.70870310 -0.05441018
v -0.32439125 0.55951899 0.37688607
v 0.11147500 0.64528501 -0.29399499
v 0.11861335 0.71748632 0.05615370
v 0.23630397 -0.71014255 0.43771541
v 0.27544495 -0.63599592 0.41667286
v 0.23262028 0.64499372 -0.00507930
v 0.18149295 -0.72457325 0.45185453
v -0.19620216 -0.71317255 0.45534986
v 0.02175080 0.72338700 -0.18124899
v 0.24663651 0.64507598 -0.02025186
v 0.31429183 0.57401663 0.38104096
v 0.09638699 0.70864993 -0.28054526
v -0.29936272 -0.71306878 -0.39375564
v 0.01972178 0.70323777 -0.20504481
v -0.02228288 0.62267965 -0.19342685
v -0.21005198 -0.70642054 0.45037776
v 0.33384997 0.61868215 -0.15351939
v 0.03965265 0.64533401 -0.22981687
v 0.21042983 0.62103057 0.06736322
v 0.03609418 0.63607752 0.13355434
v 0.16676000 0.72155899 0.03626470
v 0.21386383 0.71563160 -0.22322752
v 0.48917991 -0.69686806 -0.09681410
v -0.08120734 0.69719476 -0.07973075
v -0.46663570 -0.70935583 0.17254736
v 0.18074407 0.70091861 0.04250248
v 0.34381306 -0.72505158 0.33988684
v 0.25401917 0.62070799 0.01073771
v 0.12333867 0.62552142 -0.31082258
v -0.29709396 -0.72303289 0.38356707
v 0.45609951 -0.72359931 -0.16683984
v 0.10810100 0.71732402 -0.28340900
v -0.10880923 -0.72367555 0.47144562
v 0.00703326 0.62243158 -0.22215816
v -0.34660384 -0.68145114 -0.35766834
v -0.02912500 0.68776655 -0.15891290
v 0.23688346 0.70649868 -0.01470250
v 0.08013975 0.71665913 -0.25728765
v 0.48462504 -0.71208954 -0.10896788
v 0.15201788 0.63090181 -0.29370251
v -0.09427627 -0.72457379 0.47193161
v 0.22497174 -0.72520310 -0.42896232
v 0.31451899 0.63415003 -0.09424340
v -0.21063326 -0.72572845 0.43149465
v 0.46623382 -0.71388566 -0.16961224
v 0.14173160 0.65975559 -0.29999658
v 0.01894121 -0.72581005 -0.47222850
v -0.12662172 -0.70984668 -0.48125196
v -0.26707599 -0.71806300 0.41243801
v 0.25163764 0.62327218 -0.00583100
v 0.42830122 -0.72486472 -0.22489282
v 0.37465641 0.59610957 0.28893128
v -0.02370494 0.62103957 -0.21032734
v 0.35733131 -0.71718740 -0.33942619
v 0.09360500 0.71732002 -0.26890299
v 0.32847363 -0.71550131 -0.36846367
v 0.19424027 0.72589928 -0.20338783
v 0.34273514 0.61905974 -0.07623304
v -0.30060181 -0.70882899 0.39509571
v -0.45996150 -0.72558886 0.13780783
v 0.25004885 0.63140953 -0.19684395
v 0.41259801 -0.71811098 -0.26730099
v 0.14245808 0.60588747 -0.44245058
v 0.27874175 0.61147046 -0.35998878
v 0.30454454 0.61907005 -0.18293542
v -0.31325373 -0.71264613 -0.38336897
v 0.13102190 0.57075471 -0.47971904
v 0.49479541 -0.68235028 0.05546703
v 0.21130601 -0.71898901 -0.44251600
v -0.48055547 -0.68098909 -0.13971190
v -0.02294036 0.71397436 -0.06817613
v -0.32047647 0.59167546 -0.35172158
v 0.36695158 0.57290184 0.32973063
v -0.05080807 -0.72348785 0.48334739
v -0.43311965 -0.70331007 0.24641006
v 0.43306720 0.61668283 0.01184685
v 0.16676000 0.72273600 -0.25375301
v 0.28026694 0.72471684 -0.09764919
v -0.15109833 0.62171018 -0.07304309
v 0.29550293 -0.72650051 -0.35395569
v -0.07934244 0.62314135 -0.13731246
v -0.37049383 0.57679451 0.32261446
v 0.13337846 0.67426765 -0.30603611
v -0.06972670 0.70252293 -0.10820249
v -0.48350507 -0.72284925 -0.00724001
v 0.34166363 -0.70015329 0.36205137
v -0.07805950 0.70042503 -0.09424340
v -0.41730306 -0.71947289 0.25991160
v 0.10882352 -0.72497177 -0.46958369
v 0.26781306 0.72526038 -0.13200420
v 0.26826599 0.72187501 -0.06524150
v -0.36871400 -0.71786201 0.32489601
v 0.42785800 -0.71881402 -0.23949900
v 0.19401811 0.62236983 0.06358565
v 0.47324359 -0.72577846 -0.02934000
v -0.02132249 0.71650451 -0.15581308
v -0.47204596 -0.72610861 -0.04833264
v -0.40846244 0.59254491 0.24840529
v 0.32576001 -0.71612501 0.36958200
v 0.46752605 0.59312296 -0.10328539
v 0.19588338 -0.72503608 0.44209304
v 0.36996403 -0.72627920 -0.29404217
v -0.49477127 -0.70862764 0.05440304
v -0.11400542 0.65510261 -0.03889478
v 0.36871299 -0.71786201 0.32489601
v 0.01337587 0.66064876 -0.20496285
v 0.23138669 0.61223197 0.39040199
v -0.06167908 -0.70479995 -0.49408305
v -0.34088907 -0.69989026 0.36253735
v -0.47153071 -0.72574496 0.07977703
v -0.33013484 0.60894912 -0.31576145
v -0.48578101 -0.71936500 -0.05074070
v -0.06434914 0.62329555 0.05639679
v 0.28302696 -0.71849793 -0.40207344
v 0.26891857 -0.69810092 -0.42090526
v 0.47368774 -0.72602224 0.05076888
v -0.45311269 0.58088499 -0.18878818
v 0.43832830 0.56986737 -0.23244925
v -0.42086196 -0.69943666 -0.26876026
v 0.13228418 -0.24662387 0.48361039
v -0.10463968 0.67712331 -0.06855425
v 0.21868941 0.59281945 0.42221022
v 0.26952836 -0.69791645 0.42061058
v 0.49750108 -0.70905137 -0.00726715
v 0.38923928 -0.70008940 -0.30949333
v 0.08485695 0.70333290 -0.27073157
v 0.19621979 0.62590688 0.05090773
v 0.08660535 0.56674939 -0.48898548
v 0.13775800 0.63425702 -0.29991499
v 0.29827228 0.62595928 -0.15324076
v -0.41689175 -0.72581840 0.23904946
v 0.32717866 0.61141706 -0.31520009
v -0.48662111 -0.71335620 0.09445634
v -0.23775966 -0.72649688 0.39777574
v 0.37117341 0.61129785 0.26117206
v 0.22521251 -0.72042841 0.43659690
v 0.47207701 -0.71648699 -0.13698199
v 0.29403976 0.58517039 0.38714075
v -0.26215786 -0.65746599 -0.42602223
v 0.20966800 0.71545702 0.00667282
v -0.11750962 0.59233731 0.46627688
v -0.41951641 -0.69732636 0.27089491
v 0.13929416 0.71517229 0.07075854
v 0.32907411 0.56515247 -0.37283978
v 0.34030852 0.56178147 0.36407375
v 0.19138870 0.72345877 0.00668571
v 0.18208946 0.62622809 0.06585549
v 0.45889705 0.58718354 -0.15904410
v 0.28276700 0.72187603 -0.07974240
v -0.48309004 -0.72376984 -0.02174324
v -0.11604951 0.66107422 -0.06529126
v 0.48820281 0.53341454 0.10624418
v -0.01485602 0.59293759 0.47783670
v -0.45679009 -0.72568893 0.15233135
v 0.48844168 -0.69934058 0.10076088
v 0.00725751 -0.71043921 -0.49643221
v -0.44917098 0.56824642 -0.21123460
v 0.08934719 0.64050907 -0.27366170
v -0.00108402 0.27553740 -0.50105548
v 0.48445001 0.20338516 -0.12931097
v -0.12851106 0.64393687 -0.05074034
v -0.41525364 0.61394846 0.17232779
v -0.46462312 0.60560417 0.01604589
v 0.18126100 0.72183198 0.02176380
v 0.30823600 0.70978767 -0.13420551
v 0.48490700 -0.71717000 0.07976740
v 0.12042721 0.66246021 0.10818661
v -0.48412985 -0.72134566 -0.03624741
v -0.06571860 -0.71663302 -0.48707601
v 0.16676000 0.62148601 0.10876900
v 0.47856340 -0.67995203 -0.14500217
v -0.24789000 -0.72649598 -0.39378926
v 0.15233326 -0.72502309 -0.45812878
v 0.11941256 0.71034831 0.08090065
v -0.40124464 -0.72581732 0.26741314
v 0.15269339 0.63854790 0.08023058
v 0.37918228 0.61621940 -0.21881858
v -0.16796574 0.55307770 -0.46913031
v 0.15256351 -0.71340996 -0.47114128
v 0.11048781 -0.72490108 0.46911618
v 0.09504135 0.64924955 -0.28019577
v -0.10988432 -0.68139267 0.48717487
v -0.21965688 0.61277509 0.39807492
v -0.10241025 0.67119133 -0.04874560
v 0.37624890 -0.70042831 -0.32642317
v -0.08143636 0.61140275 -0.44934449
v -0.42785501 -0.71881002 0.23951700
v -0.29964983 0.60925245 -0.34473476
v -0.36362725 0.41322619 0.34331131
v 0.38265860 -0.71468776 -0.31331137
v 0.28954720 0.64887971 -0.06633317
v 0.19885637 -0.71337032 -0.45427418
v -0.01444921 0.50781500 0.49990857
v 0.35730299 -0.72531134 -0.32483405
v 0.33592901 -0.71305001 0.36461300
v -0.27615491 0.58918864 -0.39399463
v 0.25390816 -0.72482502 0.41271409
v 0.30044454 0.57229835 0.39382192
v -0.45456502 -0.71262872 0.19828783
v -0.09516220 0.63138402 -0.10965100
v -0.50125283 0.38430366 -0.00163378
v -0.46732494 0.58068019 0.15466523
v -0.40720278 0.55501151 -0.28513411
v 0.21233183 0.57876438 0.44239467
v 0.11729238 0.70216918 0.09474409
v -0.13803506 -0.63664424 0.48122662
v -0.16388598 -0.72645128 0.44093719
v 0.11152443 0.64070660 0.12000907
v 0.26751044 -0.72566128 -0.40163988
v 0.11609974 0.60862160 -0.44727477
v -0.08908278 0.61676967 -0.42379418
v -0.23847421 -0.71747184 -0.43009332
v 0.23926400 0.72273600 -0.18124899
v -0.39041573 0.61567289 -0.21100345
v 0.18122457 -0.69721735 -0.46365380
v -0.00920122 0.62089211 -0.22483347
v 0.23868001 0.71547502 -0.02232250
v -0.39920801 -0.71935099 0.28359199
v 0.09427577 -0.72510344 -0.47107396
v 0.31974638 0.68879384 -0.12210059
v 0.21742994 0.61914104 -0.26986426
v -0.13882600 0.63213903 -0.05074070
v 0.43779820 -0.70958918 0.23636706
v -0.14656268 -0.69763154 0.47743848
v 0.25802216 -0.71461529 0.42367643
v 0.36077034 0.58742058 0.31804287
v -0.02179092 -0.71044821 -0.49618101
v 0.07601849 0.64433801 -0.26278174
v 0.26969075 0.71503162 -0.05227429
v 0.01534930 0.62269568 0.13831724
v 0.26894701 0.63133001 -0.03550110
v 0.01450406 0.72308487 -0.08832281
v 0.31262928 -0.72403854 -0.36981666
v 0.12916169 0.68643117 0.09513036
v 0.40543076 0.57847232 -0.27918190
v -0.36415339 -0.70673239 0.34050235
v 0.19591792 0.62118423 0.08197903
v -0.44024011 -0.72649342 -0.12986207
v 0.23981604 -0.72455251 0.42313260
v -0.42337915 0.61675912 -0.08234862
v 0.36611137 -0.71009433 0.33745292
v -0.38332078 -0.72649753 0.26676980
v 0.48234138 -0.70787394 -0.12628709
v 0.24070400 0.63207299 -0.00567598
v 0.04870853 0.70323867 -0.23407911
v 0.35680270 -0.72488624 0.32735190
v 0.16924949 -0.71203440 -0.46717918
v 0.15225901 -0.71647000 0.46856901
v -0.07311725 -0.72580701 0.47272670
v 0.22703892 0.62146044 0.03551500
v 0.15441115 0.57794738 -0.46889961
v 0.03362200 0.63461500 -0.22781700
v 0.19061735 -0.69976133 0.45950609
v -0.16926187 -0.71192497 0.46721244
v 0.38372701 -0.71506900 0.31061101
v -0.43598732 0.61645126 -0.03676382
v -0.48417681 -0.72150052 0.00726334
v -0.49411270 0.57183385 0.05264533
v 0.50097692 -0.56555432 0.00044358
v -0.49571025 -0.71046549 0.03632082
v -0.21102400 -0.71888798 0.44247800
v 0.01983986 0.62059546 -0.25387630
v 0.26580960 0.59168571 0.39717919
v 0.10078263 0.65768260 0.12694171
v 0.25485000 0.63173503 -0.02054680
v -0.10455158 0.62240016 0.01848089
v -0.00725095 0.72324097 -0.15224700
v -0.36525908 0.58979821 -0.30975428
v 0.08802167 0.70765430 0.06488130
v 0.07024825 0.70332825 -0.25615156
v 0.20013931 0.57328671 0.45213124
v 0.19595000 -0.72494441 -0.44300112
v 0.32198927 -0.68561584 0.37860897
v 0.48464659 0.14500406 -0.12849718
v 0.39382741 -0.71329719 0.30017456
v 0.09928744 0.61002159 0.44823942
v 0.24674517 0.69909680 -0.19656366
v -0.13066842 0.45702937 0.48388758
v 0.16620331 0.72446007 0.01787725
v 0.24880181 -0.69847810 0.43224114
v 0.09437947 0.68747109 0.11341026
v -0.14295544 0.61163765 0.43439496
v 0.24081686 0.45898229 0.43877769
v -0.26564938 0.61947483 -0.11890830
v -0.26934919 -0.69960880 -0.42036495
v -0.07987512 0.62162369 -0.15444595
v 0.31199163 0.61990535 -0.04841556
v -0.24348442 -0.69704527 -0.43555307
v 0.27168977 0.64289510 -0.17018017
v 0.26544178 -0.58009994 -0.42342180
v 0.06553646 -0.71319294 0.49190491
v 0.48578000 -0.71936500 -0.05074070
v 0.46706235 -0.71189231 0.16996782
v -0.35749677 0.57394397 -0.33925834
v -0.33826187 -0.72056502 0.35290033
v 0.42684016 -0.65911788 0.26089314
v 0.22865278 0.68804306 -0.21464671
v 0.22092275 0.62597871 0.02356827
v -0.10605161 0.63446730 -0.09432146
v 0.48578000 -0.71936101 0.05076570
v 0.07981655 0.72431695 -0.23491403
v -0.36458269 0.57897675 -0.32674313
v -0.18093599 -0.71837300 0.45656201
v 0.07703350 0.62016994 -0.29753289
v 0.19527103 0.70073003 0.02805129
v -0.20882232 -0.72650039 0.41240457
v 0.18276972 -0.72573513 -0.44427106
v 0.22476301 0.72273803 -0.19575000
v -0.48381901 -0.71668702 -0.09424340
v 0.49346232 0.56314683 -0.06589378
v 0.48381799 -0.71668702 0.09426840
v 0.28580526 -0.69987065 -0.40825135
v -0.03626075 -0.72133511 -0.48412040
v 0.23087732 0.57449335 -0.43622693
v 0.43989056 0.58558995 0.20227408
v -0.03630979 -0.71035141 -0.49571481
v 0.08718374 0.58692056 -0.47630221
v -0.23483863 0.61657292 -0.36618045
v -0.07252736 0.61594707 0.43640926
v 0.25318101 0.71547502 -0.03682490
v -0.31087434 0.58030289 -0.37818810
v 0.09425530 0.72341597 -0.25375301
v 0.49503115 -0.70979756 0.05083240
v -0.14937405 -0.35621145 0.47699898
v 0.27185199 0.71562266 -0.16521481
v 0.08991247 0.66341275 0.13260438
v -0.27607146 -0.72650319 -0.36551589
v 0.20568004 -0.72639871 0.42405072
v 0.00051998 -0.56554633 0.50103450
v 0.29353151 0.61203879 -0.34555632
v 0.19271232 0.69440860 -0.25070861
v 0.23976301 -0.71896201 -0.42795900
v -0.15226001 -0.71647000 0.46856901
v 0.47990003 0.58456057 0.08567812
v 0.33444437 0.61358678 0.29881355
v -0.31419119 -0.72546399 -0.36574948
v 0.05362147 0.63790488 -0.24240690
v 0.14973061 0.72365236 0.03336990
v -0.17030582 -0.71105564 -0.46702576
v 0.28140134 -0.72649843 -0.36968014
v 0.15232053 -0.72498846 0.45781320
v -0.07650922 0.68442917 -0.11098509
v -0.15232673 -0.72478557 0.45871392
v 0.19642308 0.64961666 -0.24571528
v 0.28290823 -0.72572392 -0.38767889
v -0.40544030 0.57276857 0.28221065
v 0.01347501 0.63182133 0.11706032
v 0.47153217 -0.72462803 -0.09426309
v 0.30398798 0.64160764 -0.13849401
v -0.01433230 0.56951839 0.49634662
v -0.33418211 0.40947530 0.37085667
v -0.02045434 0.52769530 -0.49943227
v -0.18972015 -0.69774091 -0.45992821
v 0.17034124 -0.69839239 0.46816990
v 0.16034950 0.61428005 0.42126191
v -0.05497108 -0.70919245 0.49468425
v 0.35966322 -0.38430679 0.34691739
v 0.22992612 -0.68149436 -0.44174603
v -0.18228143 -0.72561967 -0.44729853
v 0.21733335 0.55828434 0.44777057
v -0.30604300 0.61156756 0.33502981
v 0.13775800 0.72244900 -0.28275499
v 0.12358478 0.62268841 0.13465886
v -0.40257880 0.58443671 0.27409396
v -0.43414456 0.55499625 0.24587727
v -0.39478150 -0.71123773 -0.30113640
v 0.29635224 0.70760781 -0.14668302
v 0.31206322 -0.71280664 0.38523865
v 0.40258515 0.61339962 0.20314626
v 0.47645408 -0.58014262 -0.15078002
v 0.13360280 -0.72580898 0.45986217
v -0.47518054 -0.71425599 0.13722125
v 0.26695332 -0.72648293 -0.38418427
v 0.15067214 0.70181870 0.07179181
v 0.31146500 0.62979299 -0.13735300
v 0.42350087 -0.71423632 0.25729498
v -0.15465845 0.57837009 0.46855402
v -0.27466604 0.59530520 0.38809612
v -0.26049289 0.56791216 0.42384291
v 0.44076416 -0.72648388 -0.16269809
v -0.04031296 0.67502147 0.00826949
v 0.47207701 -0.71648699 0.13700700
v -0.19956818 -0.71496141 -0.45274988
v -0.10884602 0.62172264 -0.12521392
v -0.05694988 0.58407807 -0.48488167
v 0.41264325 -0.72430670 -0.25390235
v -0.39303249 0.61659616 -0.18927145
v -0.00427414 0.72427845 -0.13543260
v -0.26860255 -0.72557265 0.39970481
v -0.07184018 0.64767283 -0.12214831
v 0.10160540 0.61665744 0.42309979
v 0.16689846 -0.72545570 0.45380950
v -0.49017039 0.56600767 -0.08718425
v 0.43313584 0.31180236 0.25253609
v -0.47090575 -0.71407676 -0.15254924
v -0.15256850 -0.71456927 -0.47057283
v 0.41015247 -0.71025342 0.28059539
v -0.42888427 -0.72507411 -0.22493367
v -0.29932937 -0.72578371 0.37185967
v 0.24620762 0.55256879 0.43412682
v -0.47067121 -0.72543478 0.09428526
v -0.02187775 0.72310895 -0.13374278
v 0.09345289 0.62294406 0.15911470
v 0.26917079 0.69911075 -0.17431839
v -0.19594195 -0.72448790 0.44377130
v -0.00725336 -0.72289991 -0.48338065
v 0.10900608 -0.71285594 -0.48449793
v 0.41259301 -0.71810597 0.26732099
v -0.32880551 -0.71530175 -0.36827618
v -0.24050434 0.60836405 -0.39108190
v 0.10655145 0.70330054 -0.29170012
v 0.08576757 0.58607805 0.47721350
v 0.09583352 0.63738275 0.13676223
v 0.25308788 0.31902799 -0.43247324
v -0.05439865 0.71453023 -0.10873391
v 0.23559326 0.64842761 -0.20658010
v 0.12370000 0.71577001 -0.29783401
v 0.05075625 -0.72575784 0.47377521
v 0.48412612 -0.72152281 0.00726398
v -0.48708999 -0.71664202 0.06575410
v 0.12070300 0.65978599 -0.30270100
v 0.20294994 0.58917212 -0.43647608
v -0.23555191 0.55233288 -0.43943754
v -0.31313479 -0.71196091 0.38379490
v 0.15135603 0.70740378 -0.29192933
v 0.36169618 -0.65788454 -0.34410551
v 0.16422749 -0.72644639 -0.44126585
v 0.17468774 0.72406060 -0.23779531
v -0.45336601 -0.71577400 -0.19575000
v 0.06526155 -0.72536868 0.47314218
v -0.42959413 -0.24650307 0.25760028
v 0.30253881 -0.69872367 -0.39493403
v -0.48143339 0.58348870 0.08843164
v -0.03925044 0.71562016 -0.13696660
v 0.40228680 0.57925934 0.28190586
v 0.13950829 0.62154484 0.13786761
v -0.48709100 -0.71664602 -0.06573990
v -0.44663060 -0.72568369 -0.18147668
v 0.48333266 -0.53654277 0.13296682
v 0.08731785 0.68642783 -0.27437124
v 0.13702600 0.71541601 -0.29727301
v 0.07976677 -0.72521383 -0.47204182
v -0.05079903 -0.71773219 -0.48888713
v -0.07120461 0.55688280 0.49277246
v 0.40146828 -0.72572631 -0.26757294
v -0.28232199 -0.71810269 0.40180960
v 0.42729107 -0.72049707 0.23889351
v -0.36352953 0.59213424 0.30792645
v -0.05799294 0.60736793 0.45781898
v 0.46142742 0.55267256 0.18631168
v 0.45717627 -0.72596043 0.15231922
v -0.08457877 0.62231541 0.04048811
v 0.27380216 0.61911058 -0.21575996
v -0.26064250 -0.55831158 0.42755571
v 0.49025244 -0.71756899 -0.02174899
v 0.30567622 0.61356741 0.32796863
v -0.12095280 0.62305439 -0.09541736
v 0.19565304 0.62189883 -0.26370367
v 0.16470227 0.63978022 0.06737270
v 0.32242879 0.67427146 -0.10509609
v 0.48038772 0.59084904 -0.01448462
v -0.02888391 0.60878009 -0.45974609
v -0.12651721 -0.70998615 0.48129666
v 0.41834188 0.59755224 0.21483865
v -0.13323955 0.63573676 -0.03724537
v 0.41395524 0.57953769 0.26245257
v -0.44251999 -0.71893299 0.21112099
v 0.31108624 0.71331292 -0.09145472
v -0.38304269 -0.71213120 -0.31577045
v 0.46476385 0.56921768 -0.17589056
v 0.36749321 0.61089039 -0.27132609
v 0.06300728 0.55955553 0.49323672
v 0.43106791 0.59905887 -0.18818647
v 0.45186913 0.55971605 -0.20890935
v -0.45656800 -0.71839398 0.18098900
v 0.06527308 0.64646161 0.14478132
v 0.44433063 -0.69999081 -0.22483496
v 0.09328560 0.63161099 -0.28357500
v 0.14399053 0.65625447 0.08573938
v -0.42182061 0.57302463 0.26007822
v 0.02362159 0.67661190 0.06984866
v -0.44762030 -0.69891024 0.21797045
v -0.36945632 -0.72457778 0.31197777
v 0.20465603 0.55368400 -0.45367429
v 0.41984698 0.60907662 0.18526462
v -0.03697770 0.62285501 -0.17906003
v 0.41823432 0.56326419 -0.26999933
v -0.43908909 -0.71539932 0.22771959
v 0.00714965 0.72430605 -0.16234326
v 0.07851576 0.66460568 0.13453141
v 0.41227239 0.55203682 0.27880409
v 0.01567021 0.59315729 0.47573012
v 0.43008375 0.61591643 0.11655915
v -0.20629270 0.61661869 -0.38087752
v -0.38405335 -0.71316707 0.31357545
v 0.41209719 -0.72649467 -0.22172719
v 0.30118141 0.68689734 -0.14211777
v 0.39866531 -0.72138488 0.28301540
v -0.43540311 0.57331759 -0.23249926
v 0.05277916 0.62188631 -0.26618460
v 0.29576582 -0.68573743 0.40040517
v 0.16223079 0.62195647 -0.29679370
v -0.07462154 0.69520807 -0.06449184
v 0.47125569 -0.72507632 0.09429275
v -0.26238525 0.61673397 -0.33801344
v 0.45060813 0.58252740 -0.19146165
v -0.05928612 0.70572418 -0.12248680
v 0.28373697 0.61355180 0.34877399
v 0.31901175 0.61664838 -0.29074490
v 0.35078791 0.27703112 0.35741642
v -0.20091522 0.60787386 0.41439155
v 0.05075260 0.72339898 -0.21025100
v 0.48100272 -0.71135122 0.12599261
v 0.16493690 0.61878133 -0.32184505
v -0.38264287 0.56284916 0.31622124
v 0.12237900 0.62943298 0.12239300
v -0.12913206 -0.29032040 0.48402166
v -0.14202680 0.58971459 0.46186352
v -0.20573588 0.55271858 -0.45329309
v -0.00496594 0.63659728 0.09188026
v 0.14971641 0.64633453 -0.29079983
v -0.23253457 0.57323867 -0.43560719
v 0.23895712 0.62366164 0.00714064
v 0.47295597 0.56167853 -0.15730906
v -0.23947039 -0.72573644 -0.41778973
v 0.12448501 -0.72551554 -0.46117100
v 0.06526778 -0.72520196 -0.47399831
v 0.07985638 0.61092401 0.45020697
v -0.28403068 0.56582749 -0.40700310
v 0.47754598 0.58895898 -0.06923575
v 0.01416652 0.60760295 -0.46183074
v -0.00801617 0.69315457 0.00640523
v -0.12451847 -0.72422999 0.46751654
v 0.00008364 -0.72613531 0.47360554
v -0.35351738 -0.72624815 0.31178418
v 0.05114438 0.71665323 -0.22825989
v -0.45014402 0.61161399 -0.07244699
v -0.48453188 0.00723205 0.12876536
v -0.26372465 0.55531478 -0.42359865
v 0.45382145 -0.72644889 -0.10267068
v 0.12325700 0.72300500 -0.28275499
v -0.35312042 0.55520463 -0.35280111
v 0.07907615 0.68048918 0.11741905
v 0.45656800 -0.71839702 -0.18097199
v 0.04211244 0.57224131 0.49310797
v -0.11782118 0.63146108 -0.01291098
v 0.37753555 -0.70770431 0.32378975
v 0.25788262 0.66170144 -0.18537864
v 0.35203514 -0.70886850 -0.35176742
v 0.12925476 0.37700579 0.48448086
v 0.36872599 -0.71787697 -0.32488701
v 0.22244184 0.70528376 0.00013092
v -0.46887001 0.57808298 -0.15395007
v 0.05791197 0.61160332 0.45250291
v -0.49612927 -0.71060234 0.02180100
v -0.33412823 -0.72646701 -0.32502285
v -0.04417948 0.58164978 0.48953396
v 0.43223566 0.26823434 -0.25337067
v 0.16593078 0.64831394 -0.27611995
v 0.09264456 0.69706285 0.09756753
v -0.49796796 0.54820949 0.03193348
v 0.02654208 0.61646938 0.43550849
v 0.28946447 0.55463129 0.40521720
v -0.10327198 -0.72641373 0.45408979
v 0.48008421 0.58932328 0.04818496
v 0.28280699 0.71653003 -0.15228599
v 0.31361601 0.64616603 -0.09540130
v -0.41221181 -0.72648555 0.22477621
v -0.28403151 -0.72460973 -0.39415589
v -0.08680718 0.68911421 -0.09414106
v 0.13134405 0.49133202 -0.48358297
v -0.30280450 0.57776761 0.38856715
v 0.00725043 -0.72167468 -0.48387352
v -0.19588912 -0.72456622 -0.44335255
v -0.44840708 0.60976070 -0.10172435
v -0.48339891 -0.61555886 0.13204792
v -0.32656750 -0.72510046 0.35624188
v -0.06387015 -0.68436170 0.49364433
v 0.28972834 0.59771132 0.37144417
v 0.28282312 0.72363818 -0.13231896
v -0.47157431 -0.72438961 -0.10181759
v 0.42812949 -0.45685384 0.25959960
v 0.11540180 0.61921948 -0.32862523
v 0.26858559 0.49166235 0.42096975
v -0.37582293 0.61140072 -0.25507262
v -0.24595217 0.60900104 0.39053595
v -0.23328798 -0.72616470 0.41490215
v -0.44650620 -0.71622300 -0.20893246
v 0.13201809 0.61540598 0.42917487
v -0.02928112 0.57777637 -0.49335703
v 0.42071676 -0.69765764 -0.26936340
v 0.29272577 0.62200552 -0.16667391
v 0.47747320 0.58108556 0.12359621
v -0.30462050 0.61389232 -0.32759655
v 0.15403271 0.62154394 0.12337891
v 0.10624076 0.68640798 0.11190373
v -0.40550351 0.60890967 0.21738514
v 0.22247177 0.62185389 -0.23697141
v 0.07135416 0.61696708 -0.42131191
v -0.25640932 -0.71206605 -0.42552707
v 0.02953234 -0.72609371 0.47327784
v 0.48365232 -0.39867422 -0.13191554
v -0.47839260 0.57989389 0.12374453
v -0.49224219 -0.68500227 -0.07381798
v -0.27229470 0.60840511 0.37047803
v -0.48462135 0.07253131 0.12851416
v -0.43339673 0.43441027 -0.25199348
v -0.34575388 0.48680335 -0.36152896
v 0.32254222 0.70806074 -0.10519216
v 0.20573655 0.72359937 -0.00786042
v 0.13127023 0.32015681 -0.48385364
v -0.02288118 0.63190913 -0.17889357
v 0.02936910 0.58088809 -0.48612234
v 0.43767467 -0.70919913 -0.23633747
v 0.16215156 0.59011847 -0.45395130
v 0.22836323 0.71563041 -0.20872664
v 0.04066295 0.72431695 -0.19568194
v 0.10964173 0.62700218 0.13866729
v 0.10074520 -0.71626830 0.48328394
v 0.49001500 -0.71758711 -0.03626267
v 0.13688700 0.62942702 0.10789200
v 0.45681894 0.57972097 0.18273814
v 0.06314874 0.66233921 0.12930466
v -0.34943002 -0.72645640 -0.30774894
v 0.45802355 -0.72490484 -0.15230680
v 0.07002684 0.72590816 -0.20546220
v 0.43950999 -0.71596003 -0.22475100
v 0.00782889 0.64200866 -0.20071244
v 0.39151335 0.61302918 0.22590338
v -0.16689634 -0.72326118 0.45719078
v 0.00114320 0.61147499 0.45653450
v -0.34542832 -0.62129581 0.35892677
v -0.47302598 0.58070666 -0.13677600
v -0.40852705 -0.70757270 0.28338200
v 0.33891308 -0.72023100 0.35356128
v 0.13978399 0.70328897 -0.30113700
v 0.26758793 0.62291873 -0.02219634
v -0.36609963 0.55784929 0.33680949
v -0.13678014 0.62336445 -0.01690394
v 0.43200743 0.54757386 -0.25075057
v 0.27430770 0.62335378 -0.18047507
v -0.48768687 0.58285737 -0.04442730
v 0.13120908 0.61647314 -0.41878507
v 0.31588301 0.63455701 -0.12324500
v -0.09199897 0.63661867 0.00483106
v -0.45173582 0.60900402 0.09190516
v -0.14741395 0.58356863 -0.46721369
v -0.47945276 0.58687830 -0.07258777
v 0.28705376 0.58655322 -0.39111584
v 0.25520629 -0.00725031 -0.43097055
v -0.48490801 -0.71717000 0.07976740
v 0.39850974 -0.72642446 -0.25056517
v 0.29681900 -0.72425079 0.38329294
v 0.16399512 0.61255574 -0.42434332
v 0.21412481 0.64390385 -0.22775474
v 0.06525350 0.63446701 0.15534100
v -0.43106812 0.58767092 0.21699339
v -0.07997590 0.58398372 -0.48230249
v 0.37189263 0.55384630 0.32978451
v 0.32645389 0.61951137 -0.06281488
v -0.00973913 0.70025212 -0.17648844
v -0.32317755 -0.72645593 0.34044543
v -0.13779518 -0.72550195 0.46055481
v -0.37179902 0.55517066 -0.32982913
v 0.03153778 0.62343431 0.15136252
v 0.12041700 0.70328897 -0.30253199
v 0.03502382 0.72114617 -0.04951165
v -0.37030685 -0.72614801 0.29439449
v 0.23554750 0.63140988 -0.21134527
v 0.25593391 0.57443577 -0.42311460
v 0.20136482 0.61907721 -0.28841209
v 0.19379510 0.59144866 0.43745902
v 0.38090029 0.57477319 0.31321442
v 0.25379115 0.20302032 -0.43200034
v -0.49638951 -0.71049398 0.00727604
v 0.43052709 -0.72545397 0.21983472
v 0.23196602 0.70326555 -0.21070626
v 0.34997290 0.61646920 0.26185763
v 0.42830738 0.57728034 0.24067704
v 0.49968061 0.54448551 -0.01438842
v 0.45083392 0.59314567 0.15644580
v 0.41749710 0.58517349 -0.24860153
v -0.21110900 -0.71893102 -0.44250000
v -0.10252467 0.67445207 -0.07969462
v 0.33848396 -0.72027391 -0.35308537
v 0.45256922 -0.71475089 0.20025276
v 0.27606264 -0.72650284 0.36552301
v 0.49256986 -0.70116365 0.07258380
v 0.24798083 -0.72649467 0.39414465
v -0.45139781 0.58803773 0.17434917
v -0.47428262 -0.71399969 -0.13834289
v 0.06739809 0.61678463 0.42375648
v 0.08759120 0.60997224 -0.45063531
v 0.24063572 -0.63457394 0.43683663
v 0.20654577 0.63141066 -0.24034773
v -0.30552876 0.55679363 -0.39149687
v -0.18116572 -0.72566259 0.44606888
v -0.22152314 -0.72648007 -0.41653991
v -0.02387827 -0.72550386 -0.47221181
v -0.23352411 0.61684197 0.36528009
v 0.23779501 0.61691791 -0.35963646
v 0.38060105 0.61664218 0.20580213
v 0.08086818 0.64356881 0.14481083
v -0.34630978 0.56509107 0.35797918
v -0.42313582 0.60453427 0.19218408
v 0.25468782 0.64084208 -0.18703762
v 0.30759478 0.61643231 0.30746600
v 0.25717917 -0.29679996 0.42950886
v -0.25565490 -0.72619087 0.40366304
v 0.29005691 0.61915040 -0.19743145
v 0.47291753 0.56585330 0.15502495
v 0.31916466 0.65974355 -0.12288250
v -0.33832482 -0.72569352 -0.34342626
v -0.12501635 -0.72429419 -0.46788692
v 0.26807117 -0.72401059 0.40772998
v 0.44983155 0.57385051 0.20390135
v 0.49000055 0.58224159 0.01848116
v -0.46406522 -0.68353099 0.18025136
v -0.19086209 0.59152073 -0.43895301
v -0.47156414 -0.72529536 -0.07975561
v -0.48842713 -0.69994992 -0.10079402
v -0.43951100 -0.71595901 -0.22475100
v 0.03969735 0.72562897 -0.17778845
v 0.43531546 0.57933098 0.22477652
v 0.43269894 -0.69806463 -0.24906158
v -0.32844257 -0.71529651 0.36834195
v 0.48360983 -0.47146711 0.13161579
v 0.46687326 0.60123813 -0.04413929
v 0.32357034 -0.72642887 -0.33923623
v -0.38718837 0.58135396 0.30022150
v 0.35650283 -0.05897007 -0.35085472
v -0.16142733 0.60253239 0.43894607
v -0.43527937 0.61084092 -0.14472160
v 0.15270205 0.68410969 -0.29083160
v 0.19044647 -0.72649813 -0.42698503
v 0.10218877 0.61682189 -0.42129788
v 0.06244478 0.64886314 -0.25088778
v -0.11210790 0.54972267 -0.48729920
v 0.44161281 -0.71378928 0.22528292
v -0.22496158 -0.72459847 0.42893156
v -0.29984340 -0.70330888 -0.39563450
v 0.00015552 -0.62624055 0.50077260
v -0.34514856 -0.70331150 -0.35865396
v 0.35491583 0.55050951 0.35086611
v -0.02973187 0.60916156 0.45895329
v -0.49626827 -0.71024340 -0.02176607
v -0.26929536 -0.72621047 -0.39764595
v 0.36609161 0.61659586 0.23464763
v 0.13252018 0.58108950 0.47453809
v 0.03627829 -0.71848994 0.48902324
v -0.46395525 0.59054297 0.13278294
v 0.13775800 -0.72474498 -0.46231300
v 0.31334940 0.60820377 -0.33436066
v -0.46507257 0.57181913 0.17314450
v 0.16680400 0.71653599 -0.26830000
v 0.14356728 0.68708402 0.08137442
v 0.39608195 -0.71064073 -0.29893100
v 0.11138745 -0.63608426 0.48695290
v -0.42666245 -0.65916640 -0.26128665
v -0.18094701 -0.71838403 -0.45653999
v -0.38941315 0.60988969 0.24482021
v -0.25948444 -0.28285336 -0.42852458
v -0.41218171 -0.72650093 0.20747517
v 0.15133899 0.62941200 0.09333620
v -0.24454235 0.61818939 0.32981998
v -0.00764340 0.62255818 -0.20780504
v -0.43794498 0.61223280 0.13055496
v -0.03822199 0.62119055 -0.19582842
v 0.14593947 -0.69849652 0.47749740
v 0.13043645 0.65709341 -0.30617642
v 0.21036577 0.62549192 0.03594535
v -0.12132847 0.64418918 -0.03401658
v 0.28069782 -0.72623795 0.38880774
v -0.00723537 0.60744643 -0.46265817
v 0.37809321 0.55546647 -0.32228735
v 0.42060256 -0.70032847 0.26892808
v 0.00753386 0.63030899 -0.21002699
v 0.32754445 0.55250543 0.37530935
v 0.32467383 0.62477815 -0.12305265
v -0.03641711 -0.71734029 0.49262503
v -0.42752942 -0.61630124 -0.26040888
v 0.44649136 0.61517537 0.04374824
v 0.46588647 0.58745265 0.13572450
v 0.23165071 0.58979970 -0.42101336
v -0.32785410 0.57369506 -0.36907727
v 0.27302140 0.66155732 -0.04776654
v -0.26076534 -0.62351537 0.42728999
v 0.30812696 0.63085246 -0.08020095
v 0.10841890 0.62226033 -0.30920219
v 0.49805760 0.54754472 0.03130872
v 0.39186811 0.55595952 0.30514723
v -0.48103991 -0.71053886 -0.12702520
v 0.21015371 0.62190187 -0.24919802
v -0.48023328 0.58184230 0.10905408
v 0.49181560 0.56761229 0.07353307
v -0.26075089 -0.51483124 -0.42749876
v 0.33326498 0.61647934 0.28140736
v 0.31166315 0.62188053 -0.14721835
v -0.45373967 -0.72542083 0.16691622
v -0.47103232 0.58790720 -0.11881979
v 0.42348474 0.61669910 -0.10146200
v -0.50066644 -0.60735881 0.00610980
v -0.25609607 0.61117381 -0.37558705
v -0.26065126 -0.51482075 0.42762345
v 0.05825095 0.56591046 -0.49341401
v -0.48182535 -0.68019730 0.13545746
v 0.20980072 0.72380054 -0.20412585
v -0.13697501 -0.71647000 0.47208101
v -0.35374221 0.09172341 0.35408393
v -0.06814507 0.63591737 0.02963917
v 0.36079434 -0.59470803 0.34531268
v 0.25179926 0.35528755 0.43362153
v 0.32307386 0.62194407 -0.13473552
v 0.35135850 0.53295875 -0.35524502
v 0.30721170 -0.72550392 0.37118095
v -0.12078976 0.63251752 -0.08147877
v -0.43582228 -0.69893515 -0.24262063
v -0.48861694 0.58301306 -0.01463578
v -0.48427138 -0.72132117 0.03627017
v 0.11569931 -0.69793004 0.48595107
v -0.42804903 -0.72495598 0.22492141
v 0.10805510 0.62194467 0.15505908
v 0.31480414 -0.72578055 -0.35829732
v 0.48708999 -0.71664602 -0.06574140
v -0.36559373 -0.72650230 -0.27673149
v 0.30658644 0.56922472 -0.39057395
v 0.21584737 0.69899249 -0.22749762
v -0.07189141 0.58035976 0.48596659
v -0.06620873 0.62317377 -0.15031099
v 0.46905208 0.59066790 0.10234300
v -0.46121085 0.55400652 0.18662706
v -0.42792708 0.58691317 -0.22097661
v -0.09470090 0.68656403 -0.07830660
v 0.06521718 0.62386936 0.16710551
v 0.31651038 0.64657384 -0.12147619
v 0.30086792 -0.71007180 0.39560932
v -0.36745918 0.61241895 0.26628208
v -0.15230702 -0.72596914 -0.45654857
v 0.23806977 -0.72650057 -0.39802808
v 0.31176901 0.71951401 -0.10874400
v -0.02812374 0.64850336 -0.16527776
v 0.13056302 -0.60207695 -0.48360774
v 0.35821474 -0.38407117 -0.34844553
v 0.04797428 0.62025523 -0.28512630
v 0.13682400 0.64609098 -0.29951400
v 0.14110240 0.62305599 -0.30913213
v 0.36095101 0.61741781 -0.19313557
v -0.10165381 0.60992062 -0.44817051
v 0.38540491 -0.72526163 0.29148963
v 0.09361470 0.67372698 0.12488200
v 0.01485627 0.56829751 0.49639452
v -0.38367337 -0.72385937 -0.29719296
v 0.12891537 -0.71728992 0.47423971
v 0.38313928 -0.72649854 -0.26668173
v 0.50115865 -0.03623642 0.00092944
v 0.25663504 -0.71499819 -0.42403445
v -0.38030261 -0.68470985 -0.32108140
v 0.11263332 0.54696512 0.48709184
v -0.43422636 0.57520860 0.23399262
v -0.04985065 0.62329698 0.07089955
v 0.33601737 0.59157383 0.33636460
v -0.35663974 -0.13050491 -0.35085317
v -0.34954923 0.52940911 0.35727230
v 0.31276545 0.68185508 -0.09029563
v -0.11621913 0.66085213 -0.05065515
v 0.41401124 -0.72574776 0.24779591
v 0.48446912 0.24648526 0.12867671
v 0.49034289 -0.71746433 0.02177191
v 0.45127386 0.61134833 -0.07238314
v -0.33129585 0.58825123 0.34620094
v -0.49151346 0.58039784 0.01594083
v -0.44638243 -0.72576439 0.18129221
v -0.42516962 -0.65644902 0.26340884
v 0.49018407 -0.71742254 0.03628660
v 0.36403641 -0.01304863 0.34219903
v 0.25376499 -0.72630602 -0.39876199
v -0.47924563 0.56291515 0.13885173
v -0.49642068 -0.68089771 -0.04348848
v -0.43621373 0.60719389 0.15603511
v 0.00458597 0.70204812 -0.19035415
v 0.04933520 0.62806153 0.15749022
v 0.13318203 -0.36246261 0.48331204
v 0.35425177 0.07281684 -0.35365161
v 0.28218001 0.71547401 -0.06582980
v -0.10882192 -0.72522753 -0.47010440
v 0.42265245 0.61697465 -0.06710192
v 0.03151655 -0.69506127 0.49789673
v -0.07314477 -0.71482509 0.48835993
v 0.25799951 0.69900453 -0.18547173
v 0.35320109 -0.71628636 0.34446430
v -0.42052111 0.58043516 -0.24922980
v 0.33284777 0.61705357 -0.26249751
v -0.15034150 0.62373537 -0.05320929
v 0.46689010 -0.72452480 0.12513822
v 0.11247323 0.72349626 0.00276267
v -0.36929414 0.60772622 -0.27282909
v 0.19064227 0.64431417 0.03985585
v -0.28377467 0.60760868 -0.36146012
v -0.34425539 -0.71629018 -0.35308248
v 0.30643386 -0.58280092 -0.39195970
v 0.19204517 0.63141048 -0.25484791
v -0.26051360 -0.42783597 -0.42773223
v -0.48424101 -0.72142786 0.02176574
v -0.00235968 0.71173483 -0.03893482
v 0.42906287 -0.31904995 -0.25843036
v 0.00766177 0.71663499 -0.18474799
v 0.48714316 -0.57616663 -0.11034740
v -0.45455894 -0.72546446 -0.16691722
v -0.13234717 0.61135370 -0.43858358
v 0.46351969 0.59057075 -0.13387187
v 0.26731867 0.57496566 0.41539544
v -0.36554712 0.61661923 -0.23396567
v 0.03538941 0.66035527 -0.22595480
v 0.21459895 0.66368467 0.01374205
v -0.18105276 -0.69804406 0.46373877
v -0.48578101 -0.71935999 0.05076570
v 0.00203542 -0.62221056 -0.50081038
v 0.49955034 0.41327697 0.01981192
v 0.37196398 0.45103228 0.33293119
v -0.10139947 0.58238965 -0.48096055
v -0.04273297 0.64853501 -0.15090075
v 0.31980994 0.67428386 -0.12201327
v -0.20358251 0.57364845 0.45025715
v 0.35623094 0.56388259 -0.34759620
v 0.40761974 -0.72650480 0.21963094
v -0.48433769 0.02172020 -0.12903365
v 0.25452653 0.00000854 0.43163916
v 0.46087131 0.60852849 0.01420786
v 0.21065272 0.61442977 0.39515969
v 0.35326952 -0.72647226 -0.30910900
v 0.19701764 0.71505105 0.02030338
v -0.28985116 0.60817266 0.35605803
v -0.02374526 0.70324326 -0.16152318
v -0.12548202 0.62203598 0.00692592
v 0.03031865 0.70211095 0.02292466
v -0.25610441 -0.72471285 -0.41086695
v -0.45656899 -0.71839702 -0.18097100
v -0.11180676 -0.69388396 -0.48683584
v -0.12871413 0.57244849 0.48011902
v 0.18636407 0.61054105 0.41747770
v 0.25741217 0.59198111 -0.40414122
v 0.43215051 -0.72583133 -0.21082184
v -0.16529495 0.61934656 -0.24267344
v 0.31086022 -0.32219264 0.38887295
v 0.23300262 0.57321709 0.43557936
v -0.33126459 0.60814458 0.31676731
v -0.27958629 0.57894152 0.40486309
v 0.25688913 -0.07979254 -0.42999437
v 0.09783991 0.72551215 -0.23596528
v -0.08943132 0.60927439 0.45120892
v -0.03121193 0.71965921 -0.10556414
v 0.43063307 -0.05803617 -0.25607315
v 0.03748790 0.62949997 -0.23830000
v 0.35502630 0.57518947 0.34033203
v 0.34840882 0.49450389 0.35930285
v 0.49821040 -0.69678962 -0.02863672
v 0.05106843 0.64123297 0.14130184
v 0.16577800 0.62933898 0.07871080
v 0.18429917 0.58551615 -0.45013160
v -0.25025707 0.37137124 -0.43401864
v -0.32507074 -0.70043772 -0.37559712
v 0.44973466 -0.69919699 0.21311417
v -0.25066084 0.10005916 -0.43361473
v 0.02849984 0.56042075 -0.49635780
v 0.00016353 0.57484698 -0.49400961
v 0.45319712 -0.72357738 0.18190263
v -0.21560359 -0.68516666 0.44849148
v 0.38476604 0.61039537 0.24483572
v -0.48060331 0.58753270 0.05988584
v -0.05944305 -0.72530484 -0.47399738
v -0.39921501 -0.71935302 -0.28357500
v -0.50083351 0.50543332 -0.00410091
v -0.43228495 -0.71602106 -0.23735353
v 0.43192849 0.20300040 -0.25393525
v 0.44427782 -0.72456586 0.19594729
v 0.43506286 0.54920363 0.24439332
v 0.06404920 0.63466603 -0.25464001
v -0.35782540 -0.71720225 -0.33946854
v -0.26862305 -0.69993138 0.42078003
v 0.02176346 -0.71868384 0.48905569
v -0.39496031 0.56389594 0.30071381
v -0.09187580 0.64792901 -0.10200890
v -0.27021837 0.57709569 -0.41113400
v -0.49139813 0.58031428 0.03636684
v -0.37622398 0.61691684 0.21726677
v 0.13326026 -0.58685917 0.48289537
v 0.42844743 -0.40618125 -0.25924855
v 0.21518263 0.61536121 -0.39161608
v 0.11714973 0.67428458 -0.30103001
v -0.39705035 0.59185588 -0.26561633
v 0.50100940 0.48052555 0.00141869
v 0.36057928 -0.64399463 0.34525469
v 0.03627582 -0.71835101 -0.48918360
v -0.38332137 -0.72649938 -0.26078561
v -0.43197072 0.10871664 -0.25430688
v 0.14909180 0.62254369 0.10894879
v 0.07977033 -0.72500843 0.47227019
v -0.48428920 0.49240890 -0.12846589
v 0.10794601 0.67430782 0.11603503
v 0.32063374 0.53534228 -0.38119042
v 0.02285619 0.64190847 -0.21469392
v -0.27712584 0.61665714 0.33157042
v -0.27891380 0.55309916 0.41211149
v -0.10033444 0.61678594 0.42112601
v 0.05981522 0.58778340 0.47785774
v 0.35722241 -0.33347434 -0.34957701
v 0.30992848 0.55470574 0.38945550
v 0.24924965 0.62203526 -0.21017648
v 0.23923533 -0.72570658 -0.41665462
v -0.13239482 -0.19591920 -0.48348972
v -0.40990856 -0.72569847 -0.25617060
v 0.29727912 -0.72337669 -0.38374048
v 0.13844453 -0.69451481 -0.48048735
v -0.06907949 0.67690665 -0.02355546
v 0.25207585 0.30455807 0.43342990
v 0.42377090 -0.72650480 0.18496865
v -0.34648886 0.61289936 -0.28908920
v 0.32536632 -0.69993478 -0.37577569
v -0.21924794 0.55278224 0.44727197
v 0.35463718 0.34760341 -0.35375643
v 0.48391455 -0.23928133 0.13056491
v -0.45665422 -0.72578651 -0.15230927
v 0.30904233 -0.54098678 0.38999560
v -0.05785488 0.60816014 -0.45673978
v 0.26838821 0.55338144 0.42053676
v -0.37114441 -0.72440290 -0.31200445
v -0.33923325 -0.72635889 0.32613853
v -0.15230453 -0.58735126 0.47580597
v -0.39565012 -0.70987016 0.30001584
v 0.36022332 -0.43470961 -0.34614718
v 0.01327653 0.62176621 0.17475717
v 0.38836274 0.57870382 -0.30234048
v 0.30245483 0.70125389 -0.07943980
v 0.11088085 0.58134526 -0.47975266
v 0.18073855 0.64856374 -0.26152742
v -0.48221001 -0.71547401 -0.10874400
v -0.08684269 0.59180719 0.47132647
v -0.35708871 -0.19576758 -0.35025361
v -0.49202630 0.56673205 0.07280987
v -0.13022126 0.50354838 0.48371542
v 0.30419850 -0.72649902 0.34280762
v -0.42916432 0.60677963 -0.17219390
v -0.12952587 0.57656616 -0.47901699
v 0.16603443 0.70125932 0.05699655
v 0.37859434 -0.72650266 0.26223838
v 0.48422074 -0.15954942 -0.12975106
v -0.30534941 0.55772966 0.39169005
v 0.03664200 0.71665412 -0.21373726
v -0.09446677 -0.71395516 0.48657614
v 0.13100624 0.59887928 0.45446941
v 0.32653826 0.00015947 -0.37663177
v 0.17808983 0.72572815 -0.21918608
v -0.35460499 -0.71815902 0.34014800
v 0.44995302 -0.69941360 -0.21264693
v -0.25305626 0.50443423 0.43130842
v 0.26443338 -0.45772094 0.42427307
v 0.37246844 -0.68373019 0.33105493
v -0.04419487 -0.67781740 -0.49629459
v -0.50119591 0.02903099 -0.00102301
v -0.47282147 -0.72603095 0.06527328
v -0.26667461 -0.72640640 0.38416803
v -0.13922252 0.62168223 -0.09637280
v -0.48464525 0.13053089 0.12856571
v 0.44795990 0.61028773 -0.10018152
v -0.38908559 -0.72565007 -0.28347656
v -0.25240299 0.31900671 -0.43280333
v 0.48415732 -0.72151023 -0.00723833
v -0.34357384 0.57707995 -0.35096371
v -0.15352808 0.55226403 0.47476757
v 0.32281581 -0.72588718 0.35512286
v 0.05896587 0.71779054 -0.00487971
v 0.10733695 0.54309732 -0.48808882
v -0.45938760 0.60818541 -0.03570559
v 0.48796776 0.56664431 0.09735649
v 0.36011001 -0.31147963 0.34646356
v 0.31826472 0.61891603 -0.16786109
v -0.48389366 -0.23203747 -0.13071038
v -0.13181745 -0.15223666 0.48366028
v -0.25749183 0.49696216 -0.42878899
v -0.42751691 -0.72648442 0.19134909
v -0.36749226 -0.72047639 -0.32365617
v -0.46976987 -0.72483760 0.10883256
v 0.17746894 0.63145894 -0.26939896
v -0.35670596 0.61716372 0.24115247
v 0.48379865 -0.32638958 -0.13132870
v 0.35391492 0.13054302 -0.35419506
v 0.15457693 0.57833564 0.46867049
v 0.40765396 0.61704469 -0.13142672
v 0.48210377 0.50369734 0.13525558
v -0.00247232 -0.06347507 -0.50105196
v 0.30704081 -0.43323019 0.39181602
v 0.40541777 -0.68752605 0.28868234
v 0.22650699 0.63232303 0.00911838
v -0.13082817 -0.22421288 0.48380622
v -0.33437201 0.61490816 0.29084364
v -0.48460412 0.44228983 0.12881985
v -0.42922220 -0.31191322 0.25817198
v -0.35524714 0.14512852 0.35275602
v 0.13082710 -0.07974649 -0.48386529
v 0.25376499 0.72273397 -0.16674800
v 0.40515298 0.60921848 -0.21692944
v -0.47854432 0.58419853 -0.09930407
v 0.28314433 0.63125008 -0.05250144
v -0.25943479 -0.21737646 0.42861432
v -0.48424074 -0.16678280 0.12965402
v -0.32589269 0.00316839 0.37676972
v -0.12656336 0.64106947 -0.06373134
v -0.35303444 0.26107869 -0.35543621
v 0.28893057 0.70018566 -0.06538672
v -0.43251282 0.41327336 0.25287035
v 0.38753933 0.59566504 -0.27461192
v -0.48310593 -0.61508030 -0.13319798
v -0.48402289 0.42844990 -0.13013276
v 0.43088752 -0.06523750 0.25578681
v 0.23132615 0.61666024 0.36605099
v 0.05758825 -0.68359381 -0.49445769
v -0.35488367 0.20307434 0.35329852
v 0.25823301 -0.15953569 -0.42895612
v 0.00140766 0.47764057 -0.50076681
v -0.40105367 0.57902908 -0.28357774
v 0.18955058 0.55444574 0.45995906
v 0.26375169 0.62203449 -0.19567572
v 0.48363030 0.57813489 -0.10061605
v -0.17703496 0.61667091 -0.39553550
v 0.42687619 -0.64493191 -0.26117051
v 0.47406593 -0.68137068 0.15623303
v 0.07262899 0.72580242 -0.08908994
v 0.02151520 0.71143752 -0.01406376
v 0.24313402 0.60971719 -0.39092672
v 0.49429911 0.57666624 -0.03073706
v 0.36113647 -0.55089092 -0.34492832
v 0.32903641 0.60926831 0.31641430
v 0.18138799 0.62134403 0.09623227
v -0.40728635 -0.69828379 -0.28652349
v 0.05104087 0.67940801 0.09265343
v 0.34181738 0.21368361 0.36476308
v 0.28920403 0.55408239 -0.40546784
v 0.50119543 0.16678581 0.00133352
v -0.32376727 -0.69841123 0.37646684
v 0.36067739 -0.45721659 0.34567004
v 0.48381197 -0.63439524 -0.12954016
v 0.07795800 0.63217503 -0.26982000
v 0.18116637 0.62189007 -0.27818364
v 0.25771257 0.68725741 -0.03244329
v 0.43294546 0.60876650 -0.15835530
v -0.42623630 -0.72650170 -0.17270744
v -0.48491001 -0.71717101 -0.07974240
v -0.43023020 -0.16682398 -0.25689828
v -0.42871040 -0.38444313 0.25888509
v -0.44341886 0.48539239 -0.22939107
v -0.13058476 0.06523400 0.48397729
v -0.13106796 0.34071732 0.48384443
v 0.18334618 0.58522630 0.45073223
v 0.15026483 0.55066168 -0.47613838
v 0.35238117 -0.13214830 0.35512060
v 0.35335180 0.38593364 0.35516369
v -0.12994534 0.42770138 -0.48425704
v -0.00017146 -0.33355510 -0.50112325
v -0.25397986 0.13770594 0.43213576
v -0.03049126 0.62738138 0.08041882
v -0.42814425 0.61636215 0.10388584
v -0.43058836 -0.07254810 0.25611907
v 0.35267732 0.33354709 0.35592186
v 0.26265201 0.61706430 -0.33248815
v 0.48396981 0.44986358 0.13023259
v -0.01687809 0.64864016 -0.17628221
v -0.04504127 0.70203555 -0.14036199
v -0.48856312 0.55064625 0.10384065
v 0.13210963 -0.15214857 -0.48356953
v -0.41147035 0.55437481 0.27967083
v 0.42590332 0.50496423 0.26075521
v 0.39489263 0.61670655 0.17613715
v -0.48447937 0.25371656 -0.12857948
v -0.25713372 -0.07262483 -0.43003824
v 0.50080377 -0.62760609 0.00035548
v 0.26826599 0.72273201 -0.15224700
v -0.17494702 0.61283851 -0.41865417
v 0.50105274 -0.50029874 0.00009554
v 0.48454601 0.41326812 -0.12887676
v -0.26188332 -0.65828407 0.42621031
v -0.49872288 -0.51388943 0.02618329
v 0.18094601 -0.71838403 -0.45653999
v 0.22442345 -0.72641480 0.41901997
v 0.03421278 0.70323741 -0.21955863
v 0.19574223 0.61128724 -0.41166818
v 0.14713672 0.55006790 0.47729874
v -0.10880197 -0.58561152 0.48737600
v -0.50119913 0.12324812 -0.00126229
v 0.00051824 -0.50754434 0.50105953
v 0.09172912 0.61964518 -0.31347826
v 0.48307607 -0.52012050 -0.13357201
v 0.49205896 -0.69934881 -0.07570375
v -0.25468823 0.01453033 0.43155912
v -0.07776996 0.62184453 0.07682708
v -0.35803652 -0.34807402 -0.34902611
v -0.38835213 0.61704344 0.18705565
v 0.43343922 0.37705246 0.25207400
v -0.42418036 0.55564064 -0.26281348
v 0.24974042 0.39747649 0.43476009
v -0.35542077 -0.67760640 0.34964377
v -0.35321146 0.31842780 -0.35522616
v 0.28238216 0.57775891 0.40396079
v 0.21610925 0.53961569 0.44886816
v 0.46175122 -0.39312485 0.18612400
v 0.17871974 0.63850266 0.05264921
v 0.06580535 -0.71330363 -0.49099499
v 0.23655537 -0.70834279 -0.43770924
v -0.48368162 -0.34080490 -0.13157617
v 0.17638101 -0.72533602 -0.45030001
v -0.17605227 0.61183822 0.41993332
v 0.13292682 -0.38398466 -0.48326039
v 0.45309722 0.61339068 -0.01501447
v -0.10900511 -0.71328574 0.48435920
v -0.48469111 -0.71015716 0.11431841
v -0.30253717 0.61744833 0.30019838
v 0.45949534 -0.69994521 -0.19068854
v 0.35357755 0.15876402 0.35465798
v -0.24475756 0.58831525 0.41536888
v -0.50122255 0.21751854 -0.00143098
v 0.27960351 0.61671191 0.32297236
v -0.05274308 0.62135315 -0.18133563
v -0.28128743 -0.72649306 0.36860958
v 0.29912835 -0.71410441 -0.39468274
v 0.31341752 -0.71313220 -0.38398603
v 0.42749625 -0.40621665 0.26037475
v -0.34924996 0.52134734 -0.35788554
v 0.35409927 0.29006380 -0.35431153
v 0.43796936 0.61220980 -0.13062942
v 0.13011660 -0.05074995 0.48414263
v 0.42667881 -0.72649556 -0.19272435
v 0.26116133 -0.30456319 -0.42703047
v 0.50110584 -0.33355108 0.00022993
v -0.46740866 -0.70993388 -0.17109875
v -0.36342600 -0.13053606 0.34272742
v -0.18970352 -0.72649616 0.42735878
v -0.43251428 -0.72572196 -0.21091084
v 0.48438349 0.07248474 0.12896371
v -0.42464057 -0.71343541 -0.25723788
v -0.42810479 -0.52202004 0.25968727
v 0.42849648 0.61323678 0.14377326
v -0.12974639 0.15226418 -0.48421848
v -0.33600280 0.47929215 0.36933118
v -0.13141948 -0.07975865 0.48376369
v 0.13028197 -0.00000202 -0.48404771
v 0.03367661 0.47631291 0.49779007
v 0.48242307 0.57754028 0.10890573
v -0.26066902 -0.55103558 -0.42760262
v 0.30377465 0.64895970 -0.08221809
v 0.21107459 -0.55089438 0.45076776
v 0.44513467 0.61292559 0.07096918
v -0.25812891 -0.17401890 -0.42944872
v 0.25423610 0.13776578 -0.43169725
v 0.15041117 0.72528154 -0.24836513
v 0.18977207 0.61658180 0.39347953
v 0.43259448 0.41319439 -0.25270152
v -0.00560302 -0.68038195 -0.49989489
v 0.23344012 0.62187791 0.02002008
v 0.10778160 0.65976870 -0.29368794
v -0.43136904 0.07249813 0.25483277
v -0.36618200 -0.70111668 -0.33889723
v 0.31037229 -0.48110151 -0.38897297
v -0.26360419 0.14635010 -0.42494878
v -0.39755750 -0.68672568 0.29874897
v -0.45050901 -0.72643936 -0.10254922
v 0.01838322 -0.12858728 -0.49947542
v 0.04335340 0.60723203 -0.45959142
v -0.35827747 -0.31180185 0.34861967
v 0.48410499 -0.16679874 0.13000222
v -0.49823695 0.56531781 -0.00010555
v 0.25295058 0.18127890 0.43278649
v -0.48344466 -0.46398139 0.13235383
v -0.25452408 0.07211310 0.43176034
v -0.45319581 0.61357284 -0.00242641
v 0.44776148 0.55209720 0.21837543
v 0.36937714 -0.72639787 0.29639202
v 0.43052274 -0.13055088 0.25642240
v 0.29726800 0.72187603 -0.09424340
v 0.42922118 0.61663258 0.08878292
v -0.18942501 0.61640906 0.39410356
v 0.40556097 0.61656088 -0.16066127
v -0.13982420 0.61692291 0.41048652
v 0.06563203 0.71666396 -0.24274880
v -0.42824659 -0.44959903 -0.25963131
v -0.13074808 0.49202904 -0.48386344
v 0.47542357 -0.70328617 -0.14834955
v -0.00089335 0.18850434 -0.50107217
v -0.48327270 -0.54388660 0.13287935
v -0.28560364 -0.69875127 0.40735009
v 0.34496877 0.61910570 -0.09965669
v 0.47246835 -0.72605759 -0.05074203
v 0.43600979 0.47141308 0.24644351
v -0.12952068 0.25327235 -0.48433846
v -0.25264221 0.26105633 -0.43265319
v -0.01483361 0.61643565 0.43687442
v 0.48579702 0.57895207 -0.07986534
v 0.21329452 -0.57991487 -0.44969383
v 0.35586211 0.60964036 0.28639609
v -0.42491052 0.49490774 -0.26213616
v 0.28935486 0.64984125 -0.15295604
v -0.35208401 -0.70834392 0.35184106
v 0.36140358 0.61650598 -0.24563631
v -0.25192869 0.35528219 0.43348548
v -0.23555265 0.56914598 0.43707886
v 0.48186934 0.55021316 -0.13328357
v 0.13347632 -0.31170556 -0.48323217
v 0.25250903 0.43488708 -0.43280718
v -0.17333603 0.57621080 0.46309710
v 0.11476799 0.57653427 0.48159695
v 0.35331309 -0.16882114 -0.35394624
v 0.31119090 0.58598179 -0.37001461
v -0.43278843 0.26829505 -0.25304013
v 0.43040681 0.58833718 -0.21682672
v 0.05270241 0.69865996 0.05434531
v 0.25280479 0.37702090 -0.43263346
v 0.17729026 -0.72650099 0.42580652
v 0.25250423 0.49190658 -0.43252006
v 0.22037324 0.72579789 -0.17685524
v 0.13260105 -0.55816185 -0.48316768
v 0.26274705 -0.52179247 -0.42553744
v -0.13451129 -0.51475143 -0.48290887
v 0.36251649 -0.07924608 0.34398654
v -0.42918921 -0.31181946 -0.25842318
v 0.12995878 0.43498749 -0.48414874
v -0.35757515 -0.26828864 -0.34963626
v 0.41603756 0.61056852 -0.18762462
v -0.00024514 -0.27554485 -0.50113225
v -0.35870180 -0.51475567 -0.34803149
v 0.48326099 -0.58729231 0.13316779
v -0.00055767 0.17403601 0.50121003
v -0.42829910 -0.45678124 0.25942752
v 0.43194655 0.09426289 0.25425434
v -0.35374275 0.19588391 -0.35449299
v -0.03769678 0.63217515 -0.16471210
v -0.38234541 -0.72370362 0.29822871
v 0.40685937 -0.69834208 -0.28714660
v 0.30132362 0.60864633 0.34439006
v -0.15865295 0.62175953 0.00114705
v 0.16891629 0.69782645 -0.27460831
v 0.01463623 0.61641735 -0.43664107
v -0.36050102 0.04292636 0.34648898
v -0.35457772 0.26835108 0.35371983
v 0.25893798 0.61108601 0.37368426
v -0.47097638 -0.71366358 0.15257791
v -0.26053315 -0.46410757 0.42776182
v -0.11684536 -0.49151346 0.48618567
v -0.00038291 0.08700953 0.50120980
v -0.00725368 -0.71849376 0.48939127
v -0.42758629 -0.61630362 0.26022390
v -0.43111393 -0.02190058 -0.25555220
v 0.35447410 0.47715333 -0.35395545
v 0.42385849 -0.71455705 -0.25658327
v -0.25122315 0.45675433 0.43385062
v 0.12910116 0.31180653 0.48450273
v -0.26057783 -0.47133684 -0.42772204
v -0.34519747 0.43472537 -0.36210489
v 0.00530338 0.62074322 -0.23934636
v -0.49193624 -0.70329303 -0.07531561
v -0.44144702 0.58444047 -0.20174021
v -0.41079146 -0.71611637 -0.27366191
v -0.13148846 -0.12318747 -0.48367169
v 0.13109416 0.58751214 -0.46792465
v 0.36248738 0.00823682 -0.34404346
v -0.13352939 -0.34805959 -0.48321721
v 0.42942485 -0.29002851 0.25800636
v -0.25990459 -0.33358011 -0.42822611
v 0.13346633 0.49096319 0.48298669
v 0.28583443 -0.70190352 0.40834975
v -0.25748998 -0.12329344 -0.42987174
v 0.42959145 -0.23928091 -0.25765669
v 0.50104946 -0.42057016 0.00014619
v -0.35894585 -0.58002687 -0.34764743
v 0.16318910 0.72663653 -0.05809334
v 0.36839518 0.58085215 -0.32036895
v -0.32964769 0.55471069 -0.37296921
v -0.04017229 0.54940104 0.49692848
v 0.12970932 0.43489808 0.48431024
v -0.35803589 -0.24651860 0.34899652
v 0.20362543 0.57369655 -0.45027369
v -0.25608718 -0.04368744 0.43079042
v -0.50125796 0.44949105 -0.00137145
v 0.35485163 -0.11595750 -0.35262138
v -0.04131193 0.62196296 0.10256761
v -0.33035225 0.61776870 0.26104689
v 0.06525350 0.72340500 -0.22475100
v 0.06738520 0.68525505 -0.25542432
v -0.13987248 -0.53725660 0.48072577
v -0.29905531 -0.72520965 -0.37918395
v 0.32328609 -0.70809615 0.37753141
v -0.43092176 -0.00729116 0.25558129
v 0.48443469 0.15949041 0.12877485
v 0.15821390 0.61684626 0.39595610
v -0.25986928 -0.01671799 -0.42794216
v 0.16963635 0.61699349 -0.39186493
v 0.00010061 -0.50755018 -0.50109941
v 0.43096226 0.00720723 -0.25553474
v -0.26157781 -0.28295761 0.42693955
v -0.43116394 0.61582553 -0.11935245
v 0.35399148 0.23208232 -0.35428068
v 0.35564056 0.06076069 0.35231000
v -0.43267480 0.46365529 0.25259754
v -0.49584150 -0.71010971 -0.03629235
v 0.44727203 0.61436528 -0.04329020
v -0.40330729 -0.72638154 0.25221363
v -0.35902378 -0.53655338 0.34749356
v 0.47167614 -0.72526634 -0.07975520
v 0.47320566 -0.72578549 0.02921809
v -0.35853422 -0.39156619 0.34821552
v 0.25241247 0.24655986 0.43316814
v 0.24078515 0.50146616 0.43785277
v 0.12922883 0.15225501 0.48444080
v -0.24173038 0.45658377 -0.43818644
v -0.25265029 0.26102346 0.43299326
v 0.33380798 -0.05376241 0.37083456
v -0.49644294 -0.71036714 -0.00724467
v 0.31918570 0.70335418 -0.12219252
v -0.25888544 -0.23209304 -0.42893252
v -0.50117242 -0.14499527 -0.00075754
v 0.12920439 0.23201585 0.48445657
v 0.26557118 -0.58029509 0.42355758
v 0.02850268 -0.69926560 -0.49790132
v 0.43239734 0.16676304 0.25356418
v 0.26904619 -0.40785888 -0.42145750
v 0.40151539 -0.71830618 -0.28273195
v 0.48466998 0.34075949 -0.12855172
v 0.50111657 -0.23926850 0.00050045
v 0.35476002 -0.18851767 0.35271114
v -0.25672743 -0.10155109 0.43031102
v 0.23191704 0.61914814 -0.25533947
v -0.15011068 -0.68123358 -0.47654760
v 0.13986757 0.63877195 0.09257023
v -0.26514906 0.04969117 -0.42394772
v -0.45912257 0.55317229 -0.19165850
v -0.50113279 -0.23924941 -0.00057511
v -0.26059002 -0.59455144 0.42752063
v -0.42869851 -0.38434553 -0.25909412
v -0.31346282 0.58550978 0.36839989
v -0.18609765 -0.72650141 -0.42404595
v -0.28262255 0.61638153 -0.33324829
v -0.42788854 -0.56555444 -0.26008153
v 0.26405370 -0.52168316 0.42457268
v 0.18295880 0.61897302 -0.30459797
v 0.48352900 -0.46397021 -0.13235563
v -0.48442942 0.14500321 -0.12877011
v 0.25474069 0.06526511 -0.43134007
v 0.25339982 0.26101795 -0.43226597
v -0.43221405 0.30450591 0.25345433
v 0.39042303 0.60925424 -0.24527097
v -0.44879216 -0.69942164 -0.21521467
v 0.43243980 0.34075382 -0.25299180
v 0.43244341 0.48510596 -0.25253305
v 0.45993876 -0.72603500 -0.12449468
v -0.46091887 0.60682738 0.04147650
v 0.48443958 0.32622379 0.12872358
v 0.35669157 -0.27546632 -0.35027498
v 0.34418392 0.57446027 0.35297960
v -0.35500383 0.05083330 -0.35289159
v 0.23625793 0.68688512 -0.01077429
v 0.12973213 0.02179025 0.48426449
v -0.35879552 -0.47130671 0.34782669
v 0.22133656 0.72454500 -0.03669124
v -0.46090496 -0.69833654 -0.18755579
v 0.48465905 0.26830679 -0.12851731
v -0.26012346 -0.38436815 -0.42815089
v -0.42296830 0.61679155 0.06830712
v -0.25768116 0.41682512 -0.42905983
v -0.48344067 0.50643432 0.13191277
v 0.42776734 -0.55107474 -0.26007333
v 0.04381432 0.62195784 0.17193547
v -0.26281652 0.61504769 -0.35759234
v 0.22666377 0.62084186 0.05270213
v 0.13052580 -0.11604498 0.48401162
v 0.35399884 0.18128012 -0.35420591
v -0.13036764 0.13774712 0.48405442
v 0.28072366 0.62136918 -0.03206899
v -0.43206528 0.23924565 0.25369868
v -0.48340970 -0.44215035 -0.13251515
v 0.27422658 0.64228940 -0.05042789
v -0.12334737 0.62172782 -0.11076343
v -0.43233296 0.18857755 -0.25370392
v 0.43020251 -0.18127847 0.25688794
v -0.00126349 0.35526666 -0.50103837
v -0.13026427 0.21025704 0.48408854
v 0.12486708 0.62148285 0.15369536
v -0.00023385 -0.09429136 0.50116384
v 0.26698515 -0.63752407 -0.42267865
v 0.00020045 -0.56555396 -0.50107908
v -0.35972294 -0.63457841 -0.34655198
v 0.48434934 -0.39147189 0.12747815
v -0.42960069 -0.23937672 -0.25781029
v 0.25492844 -0.05799252 0.43130380
v -0.25149143 0.40593019 0.43371806
v -0.44924012 0.56237710 0.21412717
v -0.48449197 0.34770414 -0.12850235
v 0.29710200 0.63028002 -0.06554440
v -0.20213118 0.57456636 -0.45049825
v 0.48431239 -0.01450955 0.12937790
v 0.07805661 0.71524620 0.02711723
v 0.33381829 0.41187125 -0.37117434
v -0.43938836 -0.72649270 0.13144447
v 0.48436299 -0.07250386 -0.12930140
v -0.50108397 -0.41137448 0.00191448
v -0.48397580 -0.26832640 0.13066843
v -0.11225652 -0.35548422 0.48697600
v 0.42807087 -0.48585010 -0.25972933
v 0.25595427 -0.11598231 0.43067926
v 0.49905095 0.41187215 -0.02193485
v -0.43171534 0.15951982 0.25421724
v -0.13086918 -0.00725914 0.48388159
v -0.13107319 -0.04352900 -0.48388532
v -0.12998025 0.05087783 -0.48412612
v 0.25867265 -0.23196456 0.42888269
v -0.30297652 -0.68661630 -0.39326748
v 0.42784077 -0.57279789 0.25992668
v 0.50122243 0.26101753 0.00145629
v 0.43138313 0.01446637 0.25503063
v 0.00042771 -0.36980766 0.50109863
v -0.40406147 -0.72649693 -0.22820926
v 0.12962958 0.17402835 -0.48426643
v 0.43132010 0.07247764 -0.25494054
v -0.35565948 -0.01446339 -0.35208300
v -0.40578419 0.61697477 0.14128974
v -0.02279073 0.61651838 -0.43678051
v -0.26075315 -0.58005440 -0.42741019
v 0.13289925 0.72507632 -0.26535437
v 0.13298412 -0.23194723 -0.48336467
v 0.48411834 0.48384520 -0.13005437
v 0.26191816 0.61065680 -0.37514669
v 0.40261105 0.59672511 0.24529402
v -0.35531804 0.33985195 0.35296407
v 0.13193808 -0.42032903 0.48345566
v -0.48413977 -0.10867693 -0.12973836
v -0.06615530 0.63138700 -0.13864499
v -0.00060298 0.25379425 0.50123477
v 0.26149243 0.61646533 0.34972206
v -0.11661053 0.61647111 -0.42344660
v -0.37227184 0.46921939 -0.33240980
v -0.00076066 0.10149860 -0.50110829
v 0.40003723 0.55274427 -0.29453111
v -0.25317964 0.20301314 0.43264034
v 0.29120028 0.61673594 -0.31642559
v -0.36912945 0.39013615 -0.33631465
v 0.34922886 0.59097040 -0.32425734
v -0.13406773 -0.43506432 -0.48304102
v -0.48374495 -0.36976936 0.13139279
v -0.36686319 -0.63862467 0.33795908
v -0.01379256 -0.69531351 0.49931225
v 0.20982282 0.70072299 0.01351171
v -0.26032075 -0.40611830 0.42796192
v -0.35420921 0.12333396 -0.35386077
v -0.47738627 0.55031669 -0.14724901
v 0.43165952 0.13772169 -0.25437191
v -0.13290641 -0.26830572 -0.48339877
v 0.25303513 0.72477806 -0.06882296
v 0.36922190 0.22708662 0.33615249
v 0.21852116 0.64253235 0.01006478
v 0.48362643 -0.63528746 0.13042948
v 0.25972381 -0.35852289 -0.42793983
v 0.48386964 -0.31157663 0.13080996
v 0.14012955 -0.64337897 -0.48055771
v -0.48435047 0.23166481 0.12968977
v -0.35841674 -0.43501940 -0.34846771
v -0.00511032 0.67551178 0.04289370
v -0.26070043 -0.61631417 -0.42738441
v -0.50010377 -0.47562194 -0.01428112
v 0.12965427 0.37679103 -0.48425281
v 0.13175677 -0.47873056 0.48343509
v 0.48420191 -0.09425890 0.12978940
v 0.43279120 0.23929524 0.25294936
v 0.09064528 -0.72643703 0.45126623
v -0.50122362 0.30454630 -0.00157749
v 0.29548603 0.71491170 -0.07781410
v 0.25403211 0.05802824 0.43200886
v -0.13058092 0.40599206 0.48395768
v -0.00003991 -0.19581488 0.50114304
v 0.48400381 -0.24660818 -0.13052700
v 0.13251476 -0.30464834 0.48348343
v 0.50114220 0.33998123 0.00252010
v -0.02908275 -0.72617781 0.47361487
v 0.43037593 -0.11605042 -0.25647950
v -0.48438671 -0.07250929 0.12918736
v -0.46282181 -0.72633851 0.01181865
v 0.48449057 0.00726362 -0.12891752
v 0.13397999 -0.50764287 -0.48296955
v 0.00013547 -0.29006174 0.50114876
v -0.48469287 0.36975372 0.12848839
v 0.12070525 -0.72649062 -0.44001642
v 0.44537112 -0.72647679 0.11267977
v 0.12955506 0.25376827 -0.48430797
v -0.30433744 -0.72649848 -0.34278852
v -0.06359612 0.56256425 -0.49384859
v -0.12967236 -0.72649294 0.44068471
v -0.43445954 0.61650598 0.02638055
v 0.26012015 -0.23940338 -0.42776129
v 0.12985627 0.08702300 -0.48418790
v 0.47310889 -0.72575808 0.06527318
v 0.42853862 -0.49304125 0.25923681
v -0.12993887 0.34760571 -0.48424831
v -0.19651981 -0.27519372 0.45739716
v -0.43008187 -0.18854727 0.25691077
v -0.21319923 0.60947537 -0.40483505
v 0.00034215 0.39088193 0.50120336
v -0.35618764 -0.07248685 -0.35142168
f 207 1190 1089
f 510 146 835
f 566 146 510
f 566 1799 146
f 548 1799 566
f 548 1144 1799
f 483 1144 548
f 483 1812 1144
f 1119 1190 1434
f 1119 1434 707
f 1755 707 1545
f 1755 1119 707
f 1755 1545 835
f 146 1755 835
f 979 1190 207
f 979 1434 1190
f 979 707 1434
f 1118 707 979
f 1118 1545 707
f 355 1545 1118
f 355 835 1545
f 495 835 355
f 495 510 835
f 566 510 495
f 548 566 495
f 468 1631 793
f 468 793 1089
f 468 1089 1190
f 468 1859 1631
f 1276 1002 146
f 1276 146 1799
f 154 1799 1144
f 154 1276 1799
f 154 1144 1812
f 1200 1276 154
f 7 1276 1200
f 1119 468 1190
f 1002 1119 1755
f 1002 1755 146
f 1002 468 1119
f 1002 1510 468
f 1276 1510 1002
f 7 1510 1276
f 1579 1962 7
f 7 153 1510
f 1962 153 7
f 1962 1874 153
f 1899 1874 1962
f 1606 1874 1899
f 98 1606 1899
f 1831 1606 98
f 1831 1475 1606
f 1815 1475 1831
f 1815 1929 1475
f 39 1929 1815
f 1457 1324 39
f 39 1324 1929
f 1215 1636 1371
f 1409 1636 1757
f 212 1636 1409
f 212 1371 1636
f 517 1532 1757
f 517 1757 1636
f 1915 212 1409
f 130 1369 1463
f 130 1757 1369
f 1757 130 1409
f 1532 764 1369
f 1532 1369 1757
f 1392 130 1463
f 1392 1409 130
f 1392 1915 1409
f 1250 764 867
f 1463 764 1250
f 1463 1369 764
f 1223 1250 306
f 1223 1463 1250
f 1223 1392 1463
f 1424 867 1479
f 306 867 1424
f 306 1250 867
f 1658 1376 1479
f 867 1658 1479
f 1022 1479 394
f 1022 1424 1479
f 1022 306 1424
f 1223 306 1022
f 394 1479 1376
f 1658 1297 1376
f 1658 1141 1297
f 1306 1335 836
f 1306 1631 1335
f 1420 1631 1306
f 1420 793 1631
f 260 793 1420
f 260 1089 793
f 207 1089 260
f 1859 986 827
f 1859 1846 986
f 1859 827 1335
f 1631 1859 1335
f 636 260 1420
f 636 207 260
f 157 986 1634
f 157 827 986
f 836 827 157
f 836 1335 827
f 1846 1371 1120
f 1846 1215 1371
f 1846 1120 986
f 209 157 1634
f 1544 157 209
f 1544 836 157
f 1544 1306 836
f 1544 1420 1306
f 636 1420 1544
f 796 1371 212
f 796 1120 1371
f 1634 1120 796
f 1634 986 1120
f 1915 796 212
f 209 796 1915
f 209 1634 796
f 1662 979 207
f 1118 979 1662
f 1979 483 548
f 1662 207 636
f 355 1118 1662
f 1979 548 495
f 495 355 1662
f 14 495 1662
f 14 1979 495
f 1215 517 1636
f 1157 517 1215
f 1157 1532 517
f 1532 1255 764
f 1157 1255 1532
f 1179 1255 1157
f 1179 1885 1255
f 1179 1769 1885
f 1837 1769 1179
f 1255 867 764
f 1255 1658 867
f 1658 433 1141
f 1255 433 1658
f 1885 433 1255
f 1859 1179 1846
f 1510 1859 468
f 1510 1179 1859
f 1510 1837 1179
f 1157 1215 1846
f 1179 1157 1846
f 1837 1725 1769
f 57 1725 1837
f 1681 1725 57
f 1681 1959 1725
f 153 1837 1510
f 153 57 1837
f 1874 57 153
f 1874 1681 57
f 1833 1959 1681
f 1833 1593 1959
f 1874 1833 1681
f 1606 1833 1874
f 1720 1593 1833
f 1887 1722 1720
f 1720 1722 1593
f 1606 1720 1833
f 1475 1720 1606
f 1475 1887 1720
f 1546 1436 1887
f 65 1260 1546
f 1887 1436 1722
f 1260 1436 1546
f 1546 1887 1475
f 1929 1546 1475
f 1929 65 1546
f 65 2000 1260
f 1747 2000 65
f 1747 1918 2000
f 1929 1747 65
f 1324 1747 1929
f 1141 807 1297
f 335 1297 807
f 1297 335 1111
f 1359 464 807
f 1141 1359 807
f 734 807 464
f 734 335 807
f 464 1139 411
f 1987 734 1785
f 1785 464 411
f 1785 734 464
f 725 1785 967
f 725 1987 1785
f 967 1785 411
f 277 380 967
f 1139 967 411
f 1139 277 967
f 725 967 1145
f 1145 380 1334
f 1145 967 380
f 683 998 380
f 277 683 380
f 570 1145 1334
f 725 1145 570
f 1334 380 998
f 570 1334 923
f 923 998 610
f 923 1334 998
f 998 686 610
f 954 394 1111
f 1022 394 954
f 1111 1376 1297
f 1376 1111 394
f 1987 335 734
f 1987 1111 335
f 1987 954 1111
f 1987 1022 954
f 100 1022 1987
f 100 1223 1022
f 1544 209 1915
f 100 1392 1223
f 100 1915 1392
f 100 1544 1915
f 14 1662 636
f 14 1544 100
f 14 636 1544
f 433 1359 1141
f 433 1910 1359
f 1885 1910 433
f 1910 1139 464
f 1359 1910 464
f 1885 1961 1910
f 1769 1961 1885
f 1769 1921 1961
f 1910 277 1139
f 1910 537 277
f 1961 537 1910
f 277 537 683
f 683 686 998
f 537 686 683
f 1769 1645 1921
f 1725 1645 1769
f 1725 1194 1645
f 1725 1752 1194
f 1959 1752 1725
f 1959 1300 1752
f 1861 1300 1959
f 1593 1861 1959
f 1593 1763 1861
f 1722 1763 1593
f 1722 1160 1763
f 1722 1814 1160
f 1436 1814 1722
f 1436 1649 1814
f 1260 1649 1436
f 1260 1766 1649
f 2000 1766 1260
f 2000 1572 1766
f 1918 1572 2000
f 1918 1790 1572
f 1112 316 446
f 1096 570 923
f 610 1096 923
f 610 314 1096
f 686 314 610
f 686 330 314
f 366 314 1081
f 314 366 1096
f 330 781 1081
f 330 1081 314
f 1835 366 972
f 1835 1096 366
f 972 1081 781
f 1081 972 366
f 330 751 781
f 1835 972 757
f 1835 570 1096
f 757 781 1158
f 757 972 781
f 751 737 1158
f 751 1158 781
f 1835 757 338
f 338 1158 737
f 1158 338 757
f 1236 1835 338
f 1236 737 794
f 1236 338 737
f 253 1835 1236
f 253 794 316
f 253 1236 794
f 1112 253 316
f 100 1987 725
f 100 725 570
f 100 570 1835
f 88 14 100
f 751 1827 737
f 1827 794 737
f 1827 446 316
f 1827 316 794
f 1827 1336 446
f 1827 63 1336
f 537 330 686
f 1961 330 537
f 1961 751 330
f 1961 63 751
f 1961 82 63
f 1921 82 1961
f 63 1827 751
f 1645 82 1921
f 1194 1718 1645
f 1752 1718 1194
f 1645 1718 82
f 1752 1941 1718
f 1300 1941 1752
f 1861 1941 1300
f 1763 1761 1861
f 1861 1761 1941
f 1814 1950 1160
f 1160 1761 1763
f 1160 1950 1761
f 1649 1408 1814
f 1814 1408 1950
f 1649 1758 1408
f 1766 1758 1649
f 1790 1907 1572
f 68 1907 1790
f 1572 1758 1766
f 1572 1907 1758
f 1283 446 357
f 1283 1112 446
f 446 1336 357
f 340 1283 357
f 1336 170 357
f 340 357 287
f 170 287 357
f 1368 287 567
f 1368 340 287
f 170 567 287
f 170 506 567
f 841 567 506
f 1368 567 841
f 711 841 714
f 711 1368 841
f 1368 711 1097
f 506 714 841
f 128 714 625
f 128 711 714
f 1097 711 128
f 804 625 138
f 804 128 625
f 804 1097 128
f 1283 253 1112
f 340 253 1283
f 6 253 340
f 6 1835 253
f 6 340 1368
f 6 1368 1097
f 12 1835 6
f 12 100 1835
f 88 100 12
f 55 88 12
f 63 170 1336
f 63 1456 170
f 170 1456 506
f 82 1456 63
f 82 1315 1456
f 82 1884 1315
f 1456 714 506
f 1456 625 714
f 1456 1654 625
f 1456 1315 1654
f 1654 138 625
f 1718 1884 82
f 1718 1792 1884
f 1941 1792 1718
f 1941 45 1792
f 1941 52 45
f 1761 52 1941
f 1761 1556 52
f 1950 1556 1761
f 1950 1724 1556
f 1950 18 1724
f 1758 91 1408
f 1408 18 1950
f 1408 91 18
f 1488 91 1758
f 1907 1488 1758
f 1907 90 1488
f 1488 1663 91
f 655 1812 483
f 655 1073 1812
f 1301 1073 655
f 1301 953 1073
f 1217 953 1301
f 1217 658 953
f 1314 658 1217
f 1314 501 658
f 818 501 1314
f 1 501 818
f 1 818 1049
f 531 1 1049
f 655 483 1979
f 1301 655 1979
f 1217 1979 290
f 1217 1301 1979
f 290 1314 1217
f 1458 1314 290
f 1458 818 1314
f 508 818 1458
f 508 1049 818
f 799 1049 508
f 799 531 1049
f 1480 531 799
f 1480 1612 531
f 166 1612 1480
f 770 1612 166
f 154 1812 1073
f 236 1073 953
f 236 154 1073
f 236 953 658
f 501 236 658
f 1 236 501
f 1200 154 236
f 1612 1 531
f 1204 1 1612
f 974 1 1204
f 974 236 1
f 974 1200 236
f 1204 1612 770
f 1204 770 1741
f 1116 1741 423
f 1116 1204 1741
f 1116 974 1204
f 1579 7 1200
f 1685 1200 974
f 1579 1200 1685
f 1669 1579 1685
f 1899 1962 1579
f 1942 98 1899
f 1669 1899 1579
f 1942 1899 1669
f 1900 1831 98
f 1900 98 1942
f 1503 1815 1831
f 1503 1831 1900
f 1978 39 1815
f 936 1457 39
f 1978 1815 1503
f 936 39 1978
f 1897 1480 799
f 1897 799 508
f 1897 508 1458
f 1897 1458 290
f 1897 290 1979
f 14 1897 1979
f 458 770 166
f 552 770 458
f 552 1741 770
f 1197 1741 552
f 1197 423 1741
f 873 1197 1270
f 873 423 1197
f 597 423 873
f 1897 166 1480
f 1897 458 166
f 552 458 1897
f 152 873 1270
f 152 597 873
f 865 152 142
f 865 597 152
f 880 597 865
f 880 865 886
f 1478 552 1897
f 1478 1197 552
f 1478 1270 1197
f 1478 152 1270
f 142 152 1478
f 1219 865 142
f 1219 886 865
f 1161 142 1478
f 966 142 1161
f 966 1219 142
f 1161 1478 1897
f 640 966 1161
f 473 880 886
f 585 1219 529
f 585 886 1219
f 473 886 585
f 473 585 486
f 540 473 486
f 529 1219 966
f 486 529 1801
f 486 585 529
f 486 1801 573
f 1032 540 486
f 1801 529 966
f 616 573 298
f 616 486 573
f 616 1032 486
f 1427 1032 616
f 640 573 1801
f 298 573 640
f 1732 616 298
f 1732 1427 616
f 893 1427 1732
f 640 1801 966
f 1066 298 640
f 1066 1732 298
f 881 1732 1066
f 881 893 1732
f 490 881 354
f 490 893 881
f 200 893 490
f 634 200 490
f 85 1066 640
f 933 1066 85
f 933 881 1066
f 354 881 933
f 1451 354 374
f 1451 490 354
f 1451 634 490
f 1698 634 1451
f 1116 423 597
f 880 1116 597
f 1746 974 1116
f 33 974 1746
f 1271 880 272
f 1746 1116 880
f 1746 880 1271
f 272 880 473
f 540 272 473
f 1271 272 540
f 1661 1271 540
f 1661 540 1032
f 1661 1032 1427
f 1746 1271 1661
f 1943 1746 1661
f 32 1746 1943
f 32 33 1746
f 1661 1427 893
f 200 1661 893
f 1943 1661 200
f 1943 200 1598
f 1598 200 634
f 32 1943 1030
f 1598 634 1698
f 33 1685 974
f 1637 1685 33
f 1637 1669 1685
f 1728 1669 1637
f 1802 33 32
f 1802 1637 33
f 1857 1637 1802
f 1857 1728 1637
f 1547 1669 1728
f 1547 1942 1669
f 1805 1547 1728
f 1805 1728 1857
f 1495 1942 1547
f 1495 1900 1942
f 829 1900 1495
f 1665 1547 1805
f 1665 1495 1547
f 1775 1495 1665
f 1775 829 1495
f 1997 1900 829
f 1997 1503 1900
f 92 1503 1997
f 22 829 1775
f 22 1997 829
f 1632 1997 22
f 1632 92 1997
f 92 1978 1503
f 1560 1978 92
f 1787 1978 1560
f 1787 936 1978
f 1632 1560 92
f 59 1560 1632
f 106 1560 59
f 106 1787 1560
f 1161 1897 14
f 85 640 1161
f 87 1161 14
f 87 85 1161
f 1425 354 933
f 374 354 1425
f 1425 933 85
f 1060 374 1425
f 1060 1425 85
f 1620 111 1060
f 1620 1060 85
f 1620 85 87
f 693 1451 374
f 693 1698 1451
f 507 1698 693
f 507 693 1124
f 975 374 1060
f 975 693 374
f 1124 693 975
f 1537 507 1124
f 1537 1124 822
f 111 975 1060
f 322 975 111
f 322 1124 975
f 822 1124 322
f 797 322 111
f 428 322 797
f 428 822 322
f 457 822 428
f 1620 797 111
f 197 797 1620
f 197 428 797
f 844 428 197
f 844 457 428
f 1686 457 844
f 1459 197 1620
f 787 197 1459
f 787 844 197
f 447 787 1107
f 447 844 787
f 1377 844 447
f 1377 1686 844
f 1377 447 294
f 1107 787 1459
f 271 447 1107
f 294 447 271
f 532 1459 1620
f 532 1107 1459
f 985 1107 532
f 271 1107 985
f 367 271 985
f 367 294 271
f 150 294 367
f 150 367 331
f 507 1598 1698
f 1030 1943 1598
f 1537 1598 507
f 1030 1598 1537
f 457 1537 822
f 1578 1030 1537
f 1686 1537 457
f 1578 1537 1686
f 1185 1030 1578
f 1832 1030 1185
f 1578 1686 1377
f 150 1377 294
f 1578 1377 150
f 852 1030 1832
f 1802 32 1030
f 852 1802 1030
f 1202 1802 852
f 1202 1857 1802
f 1742 1857 1202
f 1946 1857 1742
f 1946 1805 1857
f 99 1805 1946
f 1665 1805 99
f 1794 1665 99
f 1775 1665 1794
f 1502 1775 1794
f 61 1632 22
f 1502 22 1775
f 67 22 1502
f 61 22 67
f 1825 61 67
f 59 1632 61
f 1504 106 59
f 1777 59 61
f 1504 59 1777
f 1777 61 1825
f 1591 1504 1777
f 87 14 88
f 532 1620 87
f 704 532 87
f 1989 704 87
f 1138 367 985
f 331 367 1138
f 704 985 532
f 442 985 704
f 442 1138 985
f 659 1138 442
f 659 331 1138
f 414 331 659
f 1633 442 704
f 803 442 1633
f 803 659 442
f 406 659 803
f 406 414 659
f 1095 803 1633
f 701 803 1095
f 701 406 803
f 1313 406 701
f 605 1095 1633
f 1028 1095 605
f 1028 701 1095
f 741 1028 605
f 1989 1633 704
f 1989 605 1633
f 1061 605 1989
f 1061 741 605
f 931 1061 1989
f 1313 701 652
f 652 701 1028
f 731 1028 741
f 731 652 1028
f 622 652 731
f 1206 741 1061
f 1206 731 741
f 622 731 1206
f 861 622 1206
f 931 1206 1061
f 861 1206 931
f 1365 150 331
f 1365 1578 150
f 1185 1578 1365
f 1365 331 414
f 1313 414 406
f 1313 1365 414
f 1426 1185 1365
f 1426 1832 1185
f 604 1365 1313
f 1426 1365 604
f 622 1313 652
f 604 1313 622
f 580 622 861
f 580 604 622
f 1585 1426 604
f 1426 852 1832
f 1784 852 1426
f 1784 1202 852
f 50 1202 1784
f 50 1742 1202
f 1743 50 1784
f 1784 1426 1585
f 50 1946 1742
f 93 1946 50
f 722 1946 93
f 722 99 1946
f 1901 722 93
f 1996 1794 99
f 1502 1794 1996
f 1996 99 722
f 915 1996 722
f 1492 1996 915
f 915 722 1901
f 1825 67 1476
f 1492 1502 1996
f 1476 1502 1492
f 1476 67 1502
f 1777 1825 1641
f 1641 1825 1476
f 1906 1777 1641
f 1906 1591 1777
f 21 87 88
f 31 87 21
f 31 1989 87
f 962 1989 31
f 962 931 1989
f 1976 962 31
f 1976 647 962
f 1976 472 647
f 932 1976 31
f 431 931 962
f 1611 931 431
f 1611 861 931
f 439 431 962
f 1447 431 439
f 1447 1611 431
f 647 439 962
f 1286 439 647
f 1286 1447 439
f 472 1286 647
f 754 1286 472
f 1178 472 1976
f 1178 754 472
f 313 1178 1976
f 1944 1178 313
f 1745 1976 932
f 1745 313 1976
f 1944 313 1745
f 580 861 1611
f 580 1611 1447
f 976 1447 1286
f 976 580 1447
f 1585 580 976
f 1585 604 580
f 976 1286 754
f 1140 1585 976
f 727 1585 1140
f 1944 754 1178
f 1944 976 754
f 1140 976 1944
f 1743 1784 1585
f 1587 1585 727
f 1587 1743 1585
f 40 1743 1587
f 93 50 1743
f 40 93 1743
f 1914 93 40
f 1914 1901 93
f 1982 915 1901
f 1982 1492 915
f 1982 1901 1914
f 1972 1492 1982
f 1972 1476 1492
f 1882 1476 1972
f 1882 1641 1476
f 74 1906 1641
f 74 1641 1882
f 1586 1324 1457
f 1586 1841 1324
f 1617 1841 1586
f 1617 1571 1841
f 1968 1571 1617
f 1891 1571 1968
f 599 1891 1968
f 599 1511 1891
f 1778 1511 599
f 120 1031 1948
f 1948 1830 1396
f 164 1830 1948
f 951 164 1948
f 1031 951 1948
f 371 273 1370
f 1667 371 1370
f 1778 1396 1511
f 1370 1396 1778
f 273 791 1396
f 273 1396 1370
f 120 1948 1396
f 791 120 1396
f 371 1040 273
f 371 1216 1040
f 1667 1216 371
f 1198 1031 120
f 1500 1198 120
f 1500 120 791
f 1046 1500 791
f 1046 791 273
f 1040 1046 273
f 1471 1046 1040
f 1471 1040 1216
f 1671 1471 1216
f 41 1918 1747
f 41 1854 1918
f 1393 1854 41
f 1393 1947 1854
f 1324 41 1747
f 1393 41 1324
f 1841 1393 1324
f 1877 1947 1393
f 1877 1730 1947
f 1841 1877 1393
f 1571 1877 1841
f 1709 1730 1877
f 1709 1506 1730
f 1709 1599 1506
f 94 1599 1709
f 94 1939 1599
f 1571 1709 1877
f 1891 1709 1571
f 1891 94 1709
f 20 1939 94
f 1005 1939 20
f 1005 1934 1939
f 1696 1934 1005
f 1934 1753 1939
f 1939 2 1599
f 1891 20 94
f 1511 20 1891
f 1511 1005 20
f 1511 1548 1005
f 1548 1696 1005
f 389 1596 1696
f 389 1696 1548
f 897 1596 389
f 897 1289 1596
f 1596 601 1696
f 264 601 1596
f 1289 264 1596
f 381 1934 1696
f 601 381 1696
f 1518 381 601
f 1518 182 381
f 264 1518 601
f 381 1062 1934
f 344 1062 381
f 182 344 381
f 1062 1624 1934
f 700 692 1062
f 344 700 1062
f 1934 1006 1753
f 1624 1006 1934
f 1062 940 1624
f 692 1466 940
f 692 940 1062
f 1396 1548 1511
f 1830 1548 1396
f 515 555 1830
f 164 515 1830
f 1830 389 1548
f 555 389 1830
f 555 897 389
f 515 1756 555
f 1388 1518 264
f 1289 1388 264
f 299 1388 1289
f 119 344 182
f 1518 119 182
f 1388 119 1518
f 299 983 1388
f 666 700 344
f 119 666 344
f 1294 666 119
f 1388 1294 119
f 983 1294 1388
f 299 1310 983
f 1294 1415 666
f 1294 239 1415
f 983 239 1294
f 1310 239 983
f 215 515 164
f 951 215 164
f 1031 215 951
f 1131 215 1031
f 1198 1131 1031
f 1756 897 555
f 1756 1230 897
f 1440 1756 515
f 1440 515 215
f 1131 1440 215
f 1198 1795 1131
f 1230 1289 897
f 375 1230 1756
f 1440 375 1756
f 1230 299 1289
f 1440 307 375
f 1131 307 1440
f 1131 116 307
f 1795 116 1131
f 375 299 1230
f 375 612 299
f 375 785 612
f 307 785 375
f 116 785 307
f 612 1310 299
f 785 1310 612
f 1500 973 1198
f 1046 973 1500
f 1046 935 973
f 1471 935 1046
f 973 1795 1198
f 1471 654 935
f 1671 654 1471
f 973 638 1795
f 935 638 973
f 654 638 935
f 638 116 1795
f 1854 1790 1918
f 1854 1829 1790
f 1947 1829 1854
f 1947 1361 1829
f 1947 1660 1361
f 1829 68 1790
f 1730 1660 1947
f 1730 16 1660
f 16 23 1660
f 1506 16 1730
f 1506 1691 16
f 1599 1691 1506
f 1599 1464 1691
f 2 1464 1599
f 1753 2 1939
f 1753 1863 2
f 2 1358 1464
f 1863 1358 2
f 940 1772 1624
f 1466 1772 940
f 1466 1183 1772
f 1624 1094 1006
f 1772 1094 1624
f 1183 1094 1772
f 1183 719 1094
f 1006 1863 1753
f 1006 1477 1863
f 1094 1477 1006
f 719 397 1094
f 1477 1809 1863
f 1094 937 1477
f 927 937 1094
f 397 927 1094
f 927 1381 937
f 1381 286 937
f 937 821 1477
f 286 821 937
f 286 920 821
f 1466 470 1183
f 470 719 1183
f 470 1296 719
f 470 586 1296
f 397 594 927
f 719 594 397
f 719 1296 594
f 594 1381 927
f 1296 1201 594
f 1296 1867 1201
f 594 286 1381
f 594 808 286
f 594 1201 808
f 1201 716 808
f 1867 716 1201
f 700 1466 692
f 509 1466 700
f 509 470 1466
f 666 509 700
f 1415 509 666
f 1415 278 509
f 239 278 1415
f 509 586 470
f 509 992 586
f 509 17 992
f 278 17 509
f 586 1836 1296
f 992 1836 586
f 17 1836 992
f 1836 1867 1296
f 1836 903 1867
f 17 903 1836
f 903 716 1867
f 17 1341 903
f 116 682 785
f 785 682 1310
f 1310 682 239
f 239 682 278
f 278 1341 17
f 682 1341 278
f 638 682 116
f 654 682 638
f 1990 682 654
f 1735 38 682
f 68 1908 1907
f 1361 68 1829
f 1361 1908 68
f 1361 1639 1908
f 23 1690 1639
f 1660 23 1361
f 23 1639 1361
f 1691 23 16
f 1691 1690 23
f 1464 1690 1691
f 1464 1995 1690
f 1863 1809 1358
f 1358 1995 1464
f 1358 1555 1995
f 1809 1555 1358
f 132 1045 576
f 576 1136 1682
f 1441 1136 576
f 1045 1441 576
f 1477 917 1809
f 821 917 1477
f 920 917 821
f 920 1893 917
f 1682 1555 1809
f 917 1682 1809
f 917 576 1682
f 1893 576 917
f 1893 132 576
f 286 190 920
f 808 190 286
f 808 1998 190
f 808 160 1998
f 716 160 808
f 190 1893 920
f 160 892 1998
f 716 892 160
f 190 1117 1893
f 1998 1117 190
f 1998 385 1117
f 892 385 1998
f 1117 132 1893
f 385 1575 1117
f 385 1522 1575
f 892 1522 385
f 1117 336 132
f 1575 336 1117
f 132 336 1045
f 1575 194 336
f 1522 194 1575
f 336 1307 1045
f 194 1307 336
f 1307 1441 1045
f 194 1933 1307
f 903 892 716
f 903 1341 892
f 1341 1522 892
f 1341 194 1522
f 682 1460 1341
f 1460 1876 1341
f 1876 782 1341
f 782 284 1341
f 284 684 1341
f 682 38 1460
f 38 477 1460
f 1735 64 38
f 38 1291 477
f 64 1291 38
f 477 235 1460
f 1735 1037 64
f 379 235 477
f 1291 379 477
f 1291 620 379
f 64 620 1291
f 64 863 620
f 64 1037 863
f 559 379 620
f 559 1505 379
f 863 559 620
f 1460 855 1876
f 235 855 1460
f 1214 855 235
f 379 1214 235
f 379 1505 1214
f 1037 944 863
f 944 1037 1332
f 1505 332 1214
f 863 1170 559
f 1170 863 944
f 549 332 1505
f 1263 1505 559
f 1263 549 1505
f 502 559 1170
f 502 1263 559
f 1908 90 1907
f 1639 1935 1908
f 1908 1935 90
f 1690 1684 1639
f 1639 1684 1935
f 1995 557 1690
f 1995 1879 557
f 1690 557 1684
f 1555 1879 1995
f 1555 73 1879
f 1555 1517 73
f 1441 1318 1136
f 1318 1988 1136
f 1318 1056 1988
f 1682 1517 1555
f 1682 750 1517
f 1136 750 1682
f 1136 1988 750
f 1988 988 750
f 783 988 1988
f 988 1363 750
f 1056 783 1988
f 1056 1422 783
f 1422 988 783
f 1422 860 988
f 988 1172 1363
f 860 1172 988
f 1307 1318 1441
f 1307 1246 1318
f 1933 1246 1307
f 1933 609 1246
f 194 609 1933
f 1246 1056 1318
f 1246 584 1056
f 609 584 1246
f 584 1422 1056
f 584 188 1422
f 609 188 584
f 188 860 1422
f 188 1920 860
f 609 1920 188
f 1920 1172 860
f 1341 609 194
f 1341 451 614
f 1166 451 1341
f 1341 1754 609
f 614 1754 1341
f 1754 660 609
f 660 1920 609
f 660 105 1920
f 105 1242 1920
f 1341 1619 1166
f 684 1619 1341
f 782 125 284
f 284 479 684
f 125 479 284
f 362 479 125
f 684 383 1619
f 684 1227 383
f 479 1227 684
f 479 1930 1227
f 362 1930 479
f 788 1930 362
f 788 312 1930
f 156 312 788
f 740 156 788
f 383 310 1619
f 1227 310 383
f 1227 369 310
f 1930 369 1227
f 312 1319 369
f 312 369 1930
f 156 1319 312
f 156 434 1319
f 1619 884 1166
f 310 884 1619
f 310 1731 884
f 369 1731 310
f 1319 1239 1731
f 1319 1731 369
f 434 1239 1319
f 156 1565 434
f 1166 413 451
f 884 413 1166
f 884 1010 413
f 1731 1010 884
f 1239 1564 1010
f 1239 1010 1731
f 434 1564 1239
f 451 1164 614
f 413 1164 451
f 413 326 1164
f 1010 326 413
f 1564 326 1010
f 1564 311 326
f 434 311 1564
f 1059 206 311
f 1059 311 434
f 1876 387 782
f 855 387 1876
f 697 387 855
f 1214 697 855
f 332 697 1214
f 288 697 332
f 549 288 332
f 519 288 549
f 519 1082 288
f 582 549 1263
f 582 519 549
f 582 1263 502
f 387 125 782
f 598 125 387
f 697 598 387
f 1380 598 697
f 944 1043 1170
f 288 1380 697
f 502 1170 1043
f 320 1380 288
f 1082 320 288
f 582 281 519
f 1412 582 502
f 1231 320 1082
f 1231 968 320
f 519 1231 1082
f 519 281 1231
f 598 362 125
f 598 342 362
f 342 788 362
f 1380 342 598
f 1380 788 342
f 1043 1412 502
f 740 788 1380
f 320 740 1380
f 968 740 320
f 1231 422 968
f 281 422 1231
f 281 901 422
f 901 281 582
f 1412 901 582
f 1412 4 901
f 779 4 1412
f 779 930 4
f 905 1565 156
f 162 1565 905
f 162 832 1565
f 1565 390 434
f 832 390 1565
f 162 113 832
f 390 1331 434
f 390 494 1331
f 832 494 390
f 832 800 494
f 113 800 832
f 1331 1059 434
f 494 1059 1331
f 494 192 1059
f 494 665 192
f 800 665 494
f 800 786 665
f 485 740 968
f 485 482 740
f 422 485 968
f 482 156 740
f 482 905 156
f 485 269 482
f 422 269 485
f 901 269 422
f 813 905 482
f 269 813 482
f 813 162 905
f 901 469 269
f 4 469 901
f 813 113 162
f 813 1349 113
f 269 1349 813
f 269 469 1349
f 1349 800 113
f 4 1302 469
f 930 1302 4
f 1349 786 800
f 469 630 1349
f 1004 1586 1457
f 1004 1457 936
f 1461 1586 1004
f 26 1586 1461
f 26 1617 1586
f 1958 1617 26
f 96 1617 1958
f 96 1968 1617
f 1983 1968 96
f 1983 599 1968
f 1494 1778 599
f 1494 599 1983
f 959 1370 1778
f 959 1667 1370
f 1437 656 959
f 1269 1667 959
f 1382 1269 959
f 656 1382 959
f 1864 1778 1494
f 1864 959 1778
f 1566 959 1864
f 1437 959 1566
f 1667 1269 1216
f 831 1437 1566
f 1192 831 1566
f 1275 1566 1864
f 1001 1566 1275
f 1001 1192 1566
f 1229 1275 1864
f 1152 1275 1229
f 1152 600 1275
f 1367 1382 656
f 1367 656 1437
f 831 1367 1437
f 1269 561 1216
f 1382 561 1269
f 561 1671 1216
f 1850 561 1382
f 1850 1382 1367
f 1192 1044 831
f 1149 1001 1275
f 600 1149 1275
f 1657 936 1787
f 1657 1004 936
f 1657 1461 1004
f 1738 1787 106
f 1738 1657 1787
f 1207 1657 1738
f 1905 1461 1657
f 1905 26 1461
f 1873 26 1905
f 1873 1958 26
f 1496 1657 1207
f 1496 1905 1657
f 1515 1905 1496
f 1515 1873 1905
f 1873 96 1958
f 1844 96 1873
f 300 96 1844
f 300 1983 96
f 1739 1844 1873
f 1927 300 1844
f 1739 1873 1515
f 1927 1844 1739
f 1508 1983 300
f 1508 1494 1983
f 1798 1494 1508
f 587 300 1927
f 587 1508 300
f 587 1798 1508
f 79 1798 587
f 1798 1864 1494
f 1229 1864 1798
f 360 1229 1798
f 247 1152 1229
f 1890 247 1229
f 1890 1229 360
f 763 1890 360
f 1257 1890 763
f 1568 763 360
f 878 763 1568
f 878 1257 763
f 744 878 1568
f 79 360 1798
f 1379 360 79
f 1379 1568 360
f 1379 744 1568
f 913 1379 79
f 1379 913 1128
f 1036 79 1261
f 1036 913 79
f 480 913 1036
f 1036 296 480
f 1102 1036 1261
f 1102 296 1036
f 1367 249 1850
f 831 249 1367
f 831 1044 249
f 1044 1192 1149
f 561 1990 1671
f 1850 1990 561
f 249 1990 1850
f 249 1862 1990
f 1044 1862 249
f 1044 1559 1862
f 1990 654 1671
f 1559 1919 1862
f 1001 1149 1192
f 1088 600 1152
f 247 1088 1152
f 1277 1149 600
f 1055 247 1890
f 1055 1890 1257
f 1149 1165 1044
f 1277 1165 1149
f 1277 600 1088
f 1103 1088 247
f 1165 1559 1044
f 1055 1103 247
f 1088 1103 1277
f 560 1277 1103
f 1055 995 1103
f 1165 1919 1559
f 1277 1919 1165
f 560 1919 1277
f 1103 1594 560
f 995 1594 1103
f 560 1594 1919
f 995 1383 1594
f 1257 496 1055
f 878 496 1257
f 762 496 878
f 762 878 744
f 496 995 1055
f 1128 744 1379
f 1128 762 744
f 496 1159 995
f 1128 165 762
f 762 1159 496
f 762 165 1159
f 1159 1383 995
f 1235 1159 165
f 1128 846 165
f 846 913 480
f 846 1128 913
f 1159 1482 1383
f 1159 1235 1482
f 480 296 846
f 846 304 165
f 304 1235 165
f 1738 106 1504
f 1207 1738 1504
f 1670 1207 1504
f 1557 1207 1670
f 1670 1504 1591
f 1557 1496 1207
f 1937 1496 1557
f 1937 1515 1496
f 78 1927 1739
f 1810 1515 1937
f 1810 1739 1515
f 78 1739 1810
f 1700 1927 78
f 749 587 1927
f 1640 587 749
f 1640 79 587
f 1700 749 1927
f 1889 749 1700
f 1750 749 1889
f 1750 1640 749
f 1261 79 1640
f 399 1102 1261
f 386 1102 399
f 1445 1261 1640
f 1445 399 1261
f 399 1834 386
f 399 970 1834
f 970 399 1445
f 1453 1640 1750
f 1401 1640 1453
f 1401 1445 1640
f 1345 1445 1401
f 1345 970 1445
f 777 1345 1401
f 777 1401 1453
f 1701 777 1453
f 1417 1701 1453
f 1919 28 1862
f 1862 682 1990
f 1862 28 682
f 28 1735 682
f 1594 28 1919
f 1383 28 1594
f 1482 28 1383
f 1482 1781 28
f 846 1344 304
f 1344 846 296
f 1268 1344 296
f 1235 1781 1482
f 304 1781 1235
f 304 1493 1781
f 1344 1493 304
f 1268 759 1344
f 1493 1613 1781
f 1344 1613 1493
f 1344 759 1613
f 759 1400 1613
f 1400 1163 1613
f 1613 28 1781
f 1268 296 1102
f 1268 1102 386
f 1834 1268 386
f 1268 1834 759
f 1834 1330 759
f 970 776 1834
f 970 1345 776
f 1003 1834 776
f 1003 1330 1834
f 1330 1400 759
f 1330 350 1400
f 1003 350 1330
f 1345 1616 776
f 1616 1345 777
f 984 776 1616
f 350 1163 1400
f 1003 984 350
f 984 1003 776
f 1616 777 1701
f 350 1098 1163
f 984 1098 350
f 1549 1591 1906
f 1549 1670 1591
f 1871 1670 1549
f 1871 1557 1670
f 1880 1557 1871
f 1880 1937 1557
f 1880 1810 1937
f 42 1810 1880
f 42 78 1810
f 1550 78 42
f 1550 1700 78
f 1971 1700 1550
f 1971 1889 1700
f 676 1889 1971
f 676 1750 1889
f 1321 1701 1417
f 343 1417 1453
f 1321 1417 343
f 1438 1750 676
f 1438 1453 1750
f 343 1453 1438
f 1705 1321 343
f 1467 343 1438
f 1705 343 1467
f 775 1705 1467
f 1337 775 1467
f 199 1467 1438
f 1337 1467 199
f 1735 1592 1332
f 28 1592 1735
f 1735 1332 1037
f 1592 664 1332
f 1592 850 664
f 28 1780 1592
f 28 19 1780
f 1613 1163 28
f 1163 27 28
f 27 19 28
f 70 1616 1701
f 1616 581 984
f 70 581 1616
f 984 581 1098
f 70 1701 1321
f 70 909 581
f 1098 27 1163
f 581 27 1098
f 185 70 1321
f 185 909 70
f 581 1677 27
f 909 1677 581
f 185 1321 1705
f 185 1608 909
f 909 1608 1677
f 185 1705 1130
f 185 1130 1608
f 1677 15 27
f 1608 15 1677
f 1705 916 1130
f 1608 1679 15
f 1608 680 1679
f 680 1608 1130
f 916 680 1130
f 916 127 680
f 916 539 127
f 680 127 1679
f 775 916 1705
f 916 775 1337
f 539 916 1337
f 74 1549 1906
f 1744 1871 1549
f 1744 1549 74
f 1727 1880 1871
f 1727 1871 1744
f 1931 1880 1727
f 1931 42 1880
f 58 1550 42
f 58 42 1931
f 1999 1550 58
f 1999 1971 1550
f 69 1971 1999
f 69 676 1971
f 309 1337 199
f 1226 199 842
f 1226 309 199
f 591 1438 676
f 591 676 69
f 842 1438 591
f 842 199 1438
f 1773 842 591
f 842 955 1226
f 955 842 1773
f 748 955 1773
f 748 1773 591
f 1332 664 944
f 664 1043 944
f 664 1208 1043
f 850 1208 664
f 1592 511 850
f 850 511 1208
f 1043 779 1412
f 779 1043 1208
f 1592 1258 511
f 1592 1780 1258
f 511 178 1208
f 511 1258 178
f 1780 1558 1258
f 1258 1558 178
f 779 1208 178
f 283 1558 1780
f 178 1960 779
f 283 918 1558
f 283 303 918
f 1558 918 178
f 1960 178 918
f 930 779 1960
f 1780 303 283
f 19 303 1780
f 27 1429 19
f 27 15 1429
f 15 1402 1429
f 1402 297 1429
f 297 1692 1429
f 127 1402 1679
f 539 1348 127
f 1679 1402 15
f 127 1348 1402
f 1348 717 1402
f 1348 847 717
f 717 297 1402
f 847 297 717
f 847 1143 297
f 1143 1692 297
f 1143 1029 1692
f 1337 309 539
f 309 1435 539
f 539 1435 1348
f 309 1226 1435
f 1435 847 1348
f 847 1435 1226
f 847 1226 955
f 1143 847 955
f 551 955 748
f 551 1143 955
f 551 1029 1143
f 971 138 554
f 971 804 138
f 804 971 445
f 195 971 554
f 445 971 195
f 554 1818 195
f 339 195 1391
f 339 445 195
f 1818 1391 195
f 370 1391 280
f 339 1391 370
f 1818 280 1391
f 1604 370 280
f 925 370 1604
f 925 339 370
f 840 1604 133
f 840 925 1604
f 617 133 227
f 617 840 133
f 487 227 805
f 487 617 227
f 445 1097 804
f 445 6 1097
f 89 6 445
f 89 12 6
f 89 445 339
f 89 339 925
f 840 89 925
f 1984 840 617
f 1984 89 840
f 1984 617 487
f 12 89 1984
f 1654 554 138
f 1654 1818 554
f 1654 1514 1818
f 1315 1514 1654
f 1818 1514 280
f 1514 1604 280
f 1315 1240 1514
f 1884 1240 1315
f 1514 133 1604
f 1514 53 133
f 1240 53 1514
f 53 227 133
f 53 805 227
f 1240 1957 53
f 1884 1716 1240
f 1792 1716 1884
f 1792 1981 1716
f 45 1981 1792
f 45 95 1981
f 52 95 45
f 52 1609 95
f 1556 1609 52
f 1556 1703 1609
f 1724 1703 1556
f 18 1923 1724
f 1724 1923 1703
f 91 1663 18
f 1663 1567 18
f 1567 1923 18
f 1488 1497 1663
f 1488 1642 1497
f 90 1642 1488
f 1663 1497 1567
f 254 805 219
f 254 487 805
f 487 254 924
f 246 254 219
f 1411 246 219
f 1411 577 246
f 1984 487 924
f 83 1984 924
f 1150 254 246
f 1150 924 254
f 924 1150 83
f 825 83 571
f 825 1984 83
f 1133 1984 825
f 571 246 577
f 571 1150 246
f 1150 571 83
f 825 571 158
f 158 577 645
f 158 571 577
f 705 158 1607
f 705 825 158
f 1133 825 705
f 1580 158 645
f 158 1580 1607
f 1580 705 1607
f 613 1580 645
f 1133 705 670
f 670 1580 590
f 670 705 1580
f 613 590 1580
f 257 1133 670
f 198 1133 257
f 467 670 590
f 670 467 257
f 110 467 590
f 198 257 440
f 440 467 302
f 440 257 467
f 110 302 467
f 1133 12 1984
f 1237 12 1133
f 43 12 1237
f 1237 1133 198
f 43 1237 478
f 478 1237 738
f 43 55 12
f 103 55 43
f 53 219 805
f 53 1411 219
f 53 1957 1411
f 1411 645 577
f 1411 613 645
f 1957 613 1411
f 1240 1694 1957
f 1957 756 613
f 1957 1694 756
f 613 110 590
f 613 756 110
f 110 756 302
f 1694 1883 756
f 1716 1694 1240
f 95 54 1981
f 1981 1694 1716
f 1981 1717 1694
f 54 1717 1981
f 1609 54 95
f 1609 1955 54
f 1703 1955 1609
f 1923 1991 1703
f 1703 1629 1955
f 1991 1629 1703
f 1567 1516 1923
f 1923 1516 1991
f 1497 1346 1567
f 1642 1346 1497
f 1642 1048 1346
f 1346 1516 1567
f 1407 198 440
f 1237 198 1407
f 730 302 1605
f 730 440 302
f 440 730 1407
f 1605 102 730
f 1274 1407 325
f 1274 1237 1407
f 771 1237 1274
f 738 1237 771
f 325 730 1254
f 325 1407 730
f 102 1254 730
f 607 1274 325
f 771 1274 607
f 368 325 1254
f 325 368 607
f 102 513 1254
f 513 368 1254
f 743 771 607
f 738 771 743
f 512 607 368
f 607 512 743
f 513 512 368
f 513 710 512
f 211 743 1410
f 211 738 743
f 478 738 211
f 1410 512 1621
f 1410 743 512
f 710 1621 512
f 710 830 1621
f 1221 211 631
f 1221 478 211
f 1622 1410 1621
f 631 1410 1622
f 631 211 1410
f 830 1622 1621
f 454 631 1622
f 268 631 454
f 268 1221 631
f 1416 454 1622
f 1083 268 454
f 1416 289 454
f 289 1083 454
f 43 478 1328
f 1328 478 1127
f 1127 478 1221
f 1127 1221 268
f 301 268 1083
f 301 1127 268
f 1328 1127 301
f 1252 43 1328
f 894 43 1252
f 1628 43 894
f 84 103 43
f 84 43 938
f 756 1605 302
f 756 102 1605
f 1694 688 1883
f 756 1883 102
f 1883 513 102
f 1883 710 513
f 688 1298 1883
f 1883 830 710
f 1298 830 1883
f 830 1416 1622
f 830 824 1416
f 1298 824 830
f 1298 218 824
f 1416 824 289
f 1717 688 1694
f 54 30 1717
f 1717 1298 688
f 30 1659 1717
f 1717 1659 1298
f 1659 1529 1298
f 1298 1529 218
f 1659 108 1529
f 54 1820 30
f 1955 1820 54
f 1820 1659 30
f 1955 1241 1820
f 1955 1404 1241
f 1820 1428 1659
f 1820 1241 1428
f 1428 108 1659
f 1629 1404 1955
f 1629 1852 1404
f 1991 1852 1629
f 1991 37 1852
f 1516 1707 1991
f 1707 37 1991
f 1516 1779 1707
f 1048 1449 1346
f 1346 1779 1516
f 1346 1129 1779
f 1449 1129 1346
f 289 947 1083
f 1328 301 592
f 1252 1328 500
f 452 1083 947
f 452 301 1083
f 452 592 301
f 947 285 452
f 220 1328 592
f 500 1328 220
f 949 592 452
f 949 220 592
f 220 144 500
f 285 949 452
f 285 583 949
f 267 500 144
f 1252 500 267
f 588 220 949
f 144 220 588
f 583 588 949
f 583 523 588
f 843 1252 267
f 1050 1252 843
f 1155 144 588
f 1821 144 1155
f 1821 267 144
f 1821 843 267
f 523 1155 588
f 1155 1733 1821
f 784 1050 843
f 149 1050 784
f 460 843 1821
f 460 784 843
f 1733 460 1821
f 1733 989 460
f 1749 784 460
f 491 784 1749
f 491 149 784
f 989 1749 460
f 989 1123 1749
f 1123 491 1749
f 1123 1012 491
f 778 43 1628
f 894 1252 1050
f 894 1050 149
f 449 894 149
f 1340 894 449
f 1628 894 1340
f 1849 938 778
f 491 449 149
f 393 1628 1340
f 121 1628 393
f 778 1628 121
f 1849 778 118
f 1025 491 1012
f 1025 449 491
f 234 449 1025
f 234 1340 449
f 234 393 1340
f 1012 875 1025
f 875 234 1025
f 875 1452 234
f 429 778 121
f 1023 778 429
f 118 778 1023
f 176 393 234
f 942 393 176
f 942 121 393
f 942 429 121
f 1452 176 234
f 1452 1614 176
f 1614 942 176
f 938 43 778
f 84 938 1688
f 493 84 1688
f 1688 938 184
f 184 938 1803
f 289 285 947
f 289 824 285
f 824 583 285
f 824 523 583
f 523 1733 1155
f 824 1733 523
f 824 1523 1733
f 218 1523 824
f 218 48 1523
f 1523 989 1733
f 1523 1123 989
f 1123 875 1012
f 1523 875 1123
f 1523 1452 875
f 1523 1614 1452
f 1614 1539 569
f 48 1614 1523
f 48 768 1614
f 768 1539 1614
f 1529 48 218
f 1529 1865 48
f 108 1865 1529
f 108 1902 1865
f 1865 768 48
f 1865 1589 768
f 1902 1589 1865
f 1902 1840 1589
f 1428 1902 108
f 1428 1385 1902
f 1241 1385 1428
f 1404 1385 1241
f 1404 1303 1385
f 1385 1840 1902
f 1385 1000 1840
f 1303 1000 1385
f 1303 1483 1000
f 1852 1303 1404
f 1852 1767 1303
f 37 1767 1852
f 1303 1973 1483
f 1767 1973 1303
f 37 36 1767
f 1707 36 37
f 1779 36 1707
f 1779 1977 36
f 36 1973 1767
f 36 1444 1973
f 1977 1444 36
f 1449 1760 1129
f 1129 1977 1779
f 1129 1350 1977
f 1760 1350 1129
f 1760 1793 1350
f 1977 1898 1444
f 1350 1898 1977
f 1793 1898 1350
f 1793 1980 1898
f 443 429 942
f 391 429 443
f 391 1023 429
f 535 1023 391
f 535 118 1023
f 323 118 535
f 323 1849 118
f 1614 443 942
f 1614 205 443
f 205 391 443
f 205 1683 391
f 1683 535 391
f 641 323 535
f 1683 641 535
f 189 938 1849
f 746 938 189
f 1803 938 746
f 323 189 1849
f 493 1465 84
f 437 323 641
f 437 189 323
f 196 189 437
f 196 746 189
f 363 746 196
f 363 1803 746
f 1222 1803 363
f 1222 184 1803
f 690 184 1222
f 690 1688 184
f 1018 1688 690
f 1018 493 1688
f 853 493 1018
f 1465 493 853
f 437 421 196
f 421 363 196
f 421 1590 363
f 1590 1222 363
f 398 690 1222
f 1018 690 398
f 522 1465 853
f 1590 398 1222
f 398 1354 1018
f 1354 853 1018
f 1354 522 853
f 205 569 1683
f 1614 569 205
f 569 641 1683
f 768 1305 1539
f 641 421 437
f 569 421 641
f 1539 421 569
f 1539 1590 421
f 1590 1354 398
f 1590 1573 1354
f 1539 1573 1590
f 1305 1573 1539
f 1305 657 1573
f 1589 1305 768
f 1305 1576 657
f 1589 1576 1305
f 1840 1576 1589
f 1840 1768 1576
f 1000 1768 1840
f 1630 1768 1000
f 1483 1630 1000
f 1973 1630 1483
f 1973 1823 1630
f 1444 1823 1973
f 1444 44 1823
f 1898 44 1444
f 1898 1253 44
f 1980 1253 1898
f 21 88 55
f 999 932 31
f 1967 999 31
f 816 999 1967
f 828 816 1967
f 126 1967 31
f 224 1745 932
f 224 1944 1745
f 1378 932 999
f 1378 224 932
f 1285 224 1378
f 1148 1378 999
f 1285 1378 1148
f 226 999 816
f 226 1148 999
f 226 1285 1148
f 689 816 828
f 689 226 816
f 1395 828 1967
f 229 828 1395
f 229 689 828
f 114 689 229
f 148 1395 1967
f 1017 1395 148
f 1017 229 1395
f 114 229 1017
f 578 148 1967
f 1017 148 578
f 1218 114 1017
f 1285 1944 224
f 1285 1140 1944
f 689 1285 226
f 114 1285 689
f 1156 1285 114
f 1156 1140 1285
f 1384 727 1156
f 727 1140 1156
f 1156 114 1218
f 56 727 1384
f 56 1587 727
f 1964 1587 56
f 1964 40 1587
f 1928 40 1964
f 1928 1914 40
f 1280 1914 1928
f 1974 1914 1280
f 1974 1982 1914
f 518 1982 1974
f 518 1972 1982
f 35 1972 518
f 1869 1972 35
f 1869 1882 1972
f 1627 1882 1869
f 1627 74 1882
f 1856 74 1627
f 103 21 55
f 31 21 103
f 1087 1713 31
f 1085 1087 31
f 1439 31 103
f 1085 31 1439
f 769 1967 126
f 769 578 1967
f 1713 126 31
f 739 769 126
f 790 126 1713
f 790 739 126
f 405 790 1713
f 726 1713 1087
f 499 1713 726
f 499 405 1713
f 333 405 499
f 651 405 333
f 1581 726 1087
f 321 499 726
f 333 499 321
f 347 333 321
f 347 651 333
f 534 726 1581
f 534 321 726
f 347 321 534
f 769 1251 578
f 1251 1017 578
f 1218 1017 1251
f 1167 1218 1251
f 646 769 739
f 646 1251 769
f 1167 1251 646
f 179 739 790
f 179 646 739
f 752 646 179
f 752 1167 646
f 179 790 405
f 651 179 405
f 651 752 179
f 1092 275 651
f 1647 275 1092
f 1092 651 347
f 275 1218 1167
f 275 1156 1218
f 1384 1156 275
f 275 1167 752
f 651 275 752
f 1647 1384 275
f 1647 56 1384
f 3 1964 1647
f 1964 56 1647
f 177 1928 3
f 177 1280 1928
f 3 1928 1964
f 518 1974 1106
f 1106 1280 177
f 1106 1974 1280
f 1909 518 1106
f 1909 35 518
f 228 35 1909
f 1903 35 228
f 1903 1869 35
f 1888 1869 1903
f 1888 1627 1869
f 1325 1627 1888
f 1325 1856 1627
f 1443 62 103
f 1443 103 1323
f 1414 1323 103
f 62 1439 103
f 1673 62 1443
f 1468 1439 62
f 425 1468 62
f 637 1581 1087
f 637 534 1581
f 402 534 637
f 678 402 637
f 402 347 534
f 595 637 1087
f 623 637 595
f 678 637 623
f 1171 1087 1085
f 1113 1087 1171
f 1113 595 1087
f 623 595 1113
f 521 623 1113
f 521 678 623
f 305 1113 1171
f 1765 1113 305
f 1765 521 1113
f 1213 1085 1439
f 1051 1085 1213
f 1051 1171 1085
f 1234 1171 1051
f 1234 305 1171
f 1234 1765 305
f 1213 1439 1468
f 766 1051 1213
f 1234 1051 766
f 497 1213 1468
f 1786 1213 497
f 1786 766 1213
f 1033 1468 425
f 593 1468 1033
f 593 497 1468
f 484 593 1033
f 484 497 593
f 484 1786 497
f 678 347 402
f 1092 347 678
f 1817 1647 1092
f 403 678 521
f 403 1092 678
f 1817 1092 403
f 899 521 1765
f 403 521 899
f 899 1765 1234
f 671 1234 766
f 671 899 1234
f 671 403 899
f 1421 1817 403
f 671 766 1786
f 1390 403 671
f 1209 403 1390
f 1421 403 1209
f 484 671 1786
f 1390 671 484
f 1838 1647 1817
f 1838 3 1647
f 1454 3 1838
f 1421 1838 1817
f 1454 1838 1421
f 1489 1454 1421
f 1538 1489 1421
f 315 1421 1209
f 1538 1421 315
f 177 3 1454
f 1489 177 1454
f 1342 177 1489
f 1342 1489 755
f 755 1489 1538
f 1342 1106 177
f 1909 1106 1342
f 101 1909 1342
f 1473 1342 755
f 101 1342 1473
f 1824 1909 101
f 1824 228 1909
f 1553 228 1824
f 1553 1903 228
f 1811 1888 1903
f 1811 1325 1888
f 1811 1903 1553
f 104 1325 1811
f 1719 1811 1553
f 104 1811 1273
f 1985 103 84
f 514 1985 84
f 514 84 1804
f 1993 1985 514
f 232 1985 1993
f 902 1985 232
f 1414 103 1985
f 849 1414 1985
f 1074 1323 1414
f 849 1985 349
f 276 1414 849
f 1364 1414 276
f 1373 1414 1364
f 169 1414 1373
f 169 1074 1414
f 1137 1074 169
f 1360 1137 169
f 349 1985 1292
f 1084 1373 1364
f 1084 169 1373
f 395 1084 1364
f 395 240 1084
f 240 1360 1084
f 1360 169 1084
f 141 62 1673
f 644 62 141
f 425 62 644
f 644 1288 425
f 503 644 141
f 639 644 503
f 639 1288 644
f 945 639 503
f 639 327 1288
f 1247 1673 1443
f 653 1673 1247
f 653 141 1673
f 945 141 653
f 945 503 141
f 396 945 653
f 1264 1443 1323
f 75 1443 1264
f 896 1443 75
f 896 1247 1443
f 673 1247 896
f 673 653 1247
f 172 673 896
f 172 396 673
f 396 653 673
f 1264 806 75
f 795 75 806
f 795 896 75
f 1174 795 806
f 795 172 896
f 845 1323 1074
f 845 1264 1323
f 774 1264 845
f 774 806 1264
f 345 774 845
f 345 1174 774
f 1174 806 774
f 621 1074 1137
f 621 845 1074
f 621 345 845
f 1288 1033 425
f 327 1033 1288
f 327 484 1033
f 1524 240 395
f 1954 240 1524
f 240 80 1360
f 80 694 1360
f 1954 80 240
f 1726 80 1954
f 1726 1911 80
f 1455 639 945
f 1455 327 639
f 396 1455 945
f 1490 396 172
f 1490 1455 396
f 1490 1390 1455
f 80 1490 694
f 80 1390 1490
f 80 1209 1390
f 1911 1209 80
f 1174 1490 795
f 1490 172 795
f 694 1490 1174
f 694 1174 345
f 1360 621 1137
f 1360 345 621
f 694 345 1360
f 1390 327 1455
f 1390 484 327
f 837 1911 1726
f 837 5 1911
f 1125 1994 837
f 1994 5 837
f 1125 980 1994
f 1911 315 1209
f 5 315 1911
f 1994 315 5
f 1994 1538 315
f 980 1538 1994
f 1602 1623 980
f 1602 980 1125
f 1623 1538 980
f 1623 755 1538
f 97 755 1623
f 97 1623 1602
f 1956 97 1602
f 1956 1762 97
f 1419 1762 1956
f 1419 181 1762
f 97 1473 755
f 1762 1473 97
f 1762 101 1473
f 181 101 1762
f 1666 181 1419
f 1666 1878 181
f 1666 1674 1878
f 1965 1674 1666
f 1824 101 181
f 1878 1824 181
f 1674 1824 1878
f 1674 1553 1824
f 1965 1512 1674
f 1894 1512 1965
f 1894 1913 1512
f 1719 1553 1674
f 1512 1719 1674
f 1512 1273 1719
f 1913 1273 1512
f 1273 1811 1719
f 250 1985 902
f 1465 817 84
f 817 1804 84
f 1266 1804 817
f 1272 1804 1266
f 698 1804 1272
f 698 514 1804
f 318 514 698
f 318 1993 514
f 564 1993 318
f 564 232 1993
f 709 232 564
f 709 902 232
f 250 902 709
f 1086 564 318
f 1086 709 564
f 1086 553 709
f 553 250 709
f 270 1465 522
f 270 817 1465
f 1266 817 270
f 721 698 1272
f 318 698 721
f 270 201 1266
f 201 1272 1266
f 201 721 1272
f 721 1086 318
f 1292 1985 250
f 780 349 1292
f 364 349 780
f 364 849 349
f 691 849 364
f 691 276 849
f 691 1364 276
f 353 364 780
f 395 1364 691
f 911 1292 250
f 911 780 1292
f 553 911 250
f 353 780 911
f 466 553 1086
f 466 1954 553
f 201 466 721
f 466 1086 721
f 1354 270 522
f 1354 201 270
f 1573 201 1354
f 1573 466 201
f 1573 1954 466
f 1573 1726 1954
f 657 1726 1573
f 353 1524 364
f 1524 691 364
f 1524 395 691
f 553 353 911
f 1954 353 553
f 1954 1524 353
f 657 837 1726
f 1576 837 657
f 1576 1125 837
f 1768 1125 1576
f 1768 1886 1125
f 1630 1886 1768
f 1886 1602 1125
f 1630 1956 1886
f 1823 1956 1630
f 1823 1419 1956
f 1956 1602 1886
f 1666 1419 1823
f 44 1666 1823
f 44 1965 1666
f 1253 1965 44
f 1253 1894 1965
f 90 1992 1642
f 1935 1992 90
f 1935 1916 1992
f 1684 1916 1935
f 1986 1916 1684
f 557 1986 1684
f 557 1009 1986
f 1879 1009 557
f 1879 1963 1009
f 73 1963 1879
f 73 1721 1963
f 1517 1721 73
f 1363 1362 750
f 750 1362 1517
f 1363 1011 1362
f 1011 1203 1362
f 1517 969 1721
f 1470 969 1517
f 1362 1470 1517
f 1362 1203 1470
f 1203 526 1470
f 526 1432 1470
f 1172 929 1363
f 929 1011 1363
f 929 1664 1011
f 1011 107 1203
f 1664 107 1011
f 107 526 1203
f 107 715 526
f 715 1432 526
f 1920 929 1172
f 1920 1737 929
f 1920 1242 1737
f 1737 1664 929
f 1737 81 1664
f 1737 997 81
f 1242 997 1737
f 1242 1588 997
f 1664 221 107
f 81 221 1664
f 81 997 221
f 221 715 107
f 221 1091 715
f 997 1091 221
f 997 1134 1091
f 997 981 1134
f 1588 981 997
f 1432 608 1759
f 1091 1432 715
f 1091 608 1432
f 1134 608 1091
f 1754 174 660
f 660 258 105
f 174 258 660
f 174 1351 258
f 105 898 1242
f 258 898 105
f 258 337 898
f 1351 337 258
f 1351 735 337
f 416 735 1351
f 1311 735 416
f 1311 1135 735
f 193 1783 1135
f 193 1135 1311
f 1242 702 1588
f 1242 266 702
f 898 266 1242
f 898 295 266
f 337 295 898
f 337 1375 295
f 735 1375 337
f 735 1135 1375
f 193 265 1783
f 266 168 702
f 1540 168 266
f 295 1540 266
f 1375 1540 295
f 1375 626 1540
f 1135 626 1375
f 1783 838 626
f 1783 626 1135
f 702 308 1588
f 168 308 702
f 168 876 308
f 1540 876 168
f 1540 556 876
f 556 579 876
f 626 556 1540
f 626 579 556
f 838 579 626
f 1588 1187 981
f 308 1187 1588
f 308 117 1187
f 876 117 308
f 876 203 117
f 203 400 117
f 579 203 876
f 1656 400 203
f 579 1656 203
f 242 1387 1656
f 838 1656 579
f 838 242 1656
f 614 432 1754
f 1164 432 614
f 1164 1175 432
f 326 1175 1164
f 326 1026 1175
f 311 1026 326
f 311 504 1026
f 206 504 311
f 1059 1278 206
f 432 174 1754
f 432 241 174
f 1175 241 432
f 1175 1399 241
f 1026 1399 1175
f 504 1311 1399
f 504 1399 1026
f 504 139 1311
f 206 139 504
f 241 1351 174
f 241 650 1351
f 416 1351 650
f 1399 650 241
f 1399 416 650
f 1311 416 1399
f 139 193 1311
f 265 668 1783
f 643 265 193
f 1680 668 265
f 934 265 643
f 934 1680 265
f 668 838 1783
f 668 524 838
f 436 524 668
f 1680 436 668
f 1680 699 436
f 524 410 838
f 453 410 524
f 436 453 524
f 436 720 453
f 699 720 436
f 699 1347 720
f 410 242 838
f 410 809 242
f 430 109 809
f 410 430 809
f 453 430 410
f 453 217 430
f 720 217 453
f 1347 217 720
f 192 1278 1059
f 192 1304 1278
f 192 887 1304
f 665 887 192
f 786 887 665
f 412 139 206
f 1278 412 206
f 1304 412 1278
f 1304 255 412
f 1304 407 255
f 887 407 1304
f 887 356 407
f 786 356 887
f 412 1582 139
f 255 1582 412
f 255 1446 1582
f 255 1015 1446
f 407 1015 255
f 407 1121 1015
f 356 1121 407
f 356 786 630
f 1582 193 139
f 1582 643 193
f 1446 643 1582
f 1446 934 643
f 1446 910 934
f 1015 910 1446
f 934 1782 1680
f 910 1782 934
f 910 1024 1782
f 1015 1024 910
f 1121 1024 1015
f 1525 1121 356
f 1782 699 1680
f 1024 699 1782
f 1024 1347 699
f 1525 1024 1121
f 930 1526 1302
f 1349 630 786
f 1302 630 469
f 1302 1065 630
f 1526 1065 1302
f 1065 1525 630
f 1526 1469 1065
f 630 1525 356
f 1065 183 1525
f 1469 183 1065
f 1469 1293 183
f 1642 1842 1048
f 1992 1842 1642
f 1992 1650 1842
f 1916 1650 1992
f 1916 1072 1650
f 1986 1072 1916
f 1986 1843 1072
f 1009 1843 1986
f 1009 812 1843
f 1963 812 1009
f 1963 1712 812
f 1721 1712 1963
f 1721 1704 1712
f 1432 465 1470
f 1470 1552 969
f 465 1552 1470
f 465 649 1552
f 649 238 1552
f 1552 882 969
f 238 882 1552
f 969 1704 1721
f 969 1714 1704
f 969 882 1714
f 238 1776 882
f 882 359 1714
f 1776 359 882
f 1776 712 359
f 1432 1759 465
f 1759 649 465
f 1134 1041 608
f 981 1041 1134
f 608 461 1759
f 1041 461 608
f 981 1791 1041
f 1759 1013 649
f 461 1013 1759
f 1041 1052 461
f 1041 1791 1052
f 981 912 1791
f 649 1013 238
f 1052 1013 461
f 1013 1357 238
f 1052 1357 1013
f 1791 1583 1052
f 1357 1776 238
f 1357 820 1776
f 1052 820 1357
f 1583 820 1052
f 1791 1386 1583
f 912 1386 1791
f 820 712 1776
f 820 1182 712
f 1583 1182 820
f 1386 1182 1583
f 1187 427 981
f 117 427 1187
f 117 134 427
f 400 134 117
f 819 1168 134
f 1656 134 400
f 1656 819 134
f 1387 1168 819
f 1387 481 1168
f 1387 819 1656
f 262 481 1387
f 262 72 481
f 242 262 1387
f 427 1244 981
f 134 1244 427
f 134 527 1244
f 1243 134 1168
f 134 1243 527
f 1168 444 1243
f 481 444 1168
f 72 382 481
f 1244 912 981
f 1244 438 900
f 527 438 1244
f 1243 438 527
f 1243 919 438
f 444 919 1243
f 481 1132 444
f 1132 919 444
f 382 1132 481
f 900 912 1244
f 438 328 900
f 919 328 438
f 919 957 328
f 957 1481 328
f 1132 957 919
f 1132 1736 957
f 900 1839 912
f 328 1839 900
f 328 1541 1839
f 1481 1541 328
f 957 1433 1481
f 1433 1299 1481
f 1736 1433 957
f 1736 729 1433
f 1541 1069 1839
f 1541 856 1069
f 1481 856 1541
f 1299 856 1481
f 1433 742 1299
f 742 1093 1299
f 729 742 1433
f 912 1099 1386
f 1839 1099 912
f 856 619 1069
f 856 1191 619
f 1299 1191 856
f 1093 1191 1299
f 742 1053 1093
f 729 1225 742
f 1069 1099 1839
f 1191 1826 619
f 1191 996 1826
f 1093 996 1191
f 1225 1053 742
f 1225 695 1053
f 1053 996 1093
f 1053 186 996
f 1053 1067 186
f 1053 814 1067
f 695 814 1053
f 1064 72 262
f 1064 66 72
f 809 262 242
f 809 1064 262
f 815 66 1064
f 815 376 66
f 109 1064 809
f 109 815 1064
f 430 815 109
f 430 939 815
f 217 939 430
f 217 1922 939
f 1347 1922 217
f 66 382 72
f 66 1034 382
f 376 1034 66
f 376 839 1034
f 815 839 376
f 939 839 815
f 939 760 839
f 1922 760 939
f 1347 1651 1922
f 1034 1132 382
f 1034 823 1132
f 839 823 1034
f 760 823 839
f 760 167 823
f 1922 167 760
f 1922 213 167
f 1922 1651 213
f 823 1736 1132
f 167 1736 823
f 167 1153 1736
f 213 1153 167
f 1651 1153 213
f 1651 475 1153
f 1651 826 475
f 388 729 1736
f 1153 388 1736
f 475 388 1153
f 475 248 388
f 826 248 475
f 248 729 388
f 248 279 729
f 279 261 729
f 826 279 248
f 261 1225 729
f 1347 1450 1651
f 1024 1450 1347
f 1024 455 1450
f 1525 455 1024
f 1770 455 1525
f 1651 1450 826
f 1770 1715 455
f 1450 279 826
f 1450 237 279
f 1450 455 237
f 261 420 1225
f 237 261 279
f 237 420 261
f 455 420 237
f 455 1205 420
f 455 1715 1205
f 1225 1075 695
f 420 1075 1225
f 420 1014 1075
f 1205 1014 420
f 1205 706 1014
f 1715 706 1205
f 183 1770 1525
f 183 1293 1770
f 1293 677 1770
f 677 1008 1770
f 677 544 1008
f 1770 11 1715
f 1008 1858 1770
f 1008 155 1858
f 1770 46 11
f 1770 76 46
f 1858 76 1770
f 1008 243 155
f 76 1951 46
f 1842 1449 1048
f 1842 1281 1449
f 1650 1281 1842
f 1650 1484 1281
f 1281 1760 1449
f 1650 1870 1484
f 1072 1870 1650
f 1072 1796 1870
f 1843 1796 1072
f 1843 1625 1796
f 812 1625 1843
f 812 1418 1625
f 1704 1896 1712
f 1712 1418 812
f 1712 1896 1418
f 359 223 1714
f 712 223 359
f 712 1068 223
f 1068 187 223
f 223 1535 1714
f 187 1535 223
f 1535 1398 1714
f 187 1224 1535
f 1714 1896 1704
f 1714 1748 1896
f 1714 1398 1748
f 1535 1224 1398
f 1224 542 1398
f 1708 542 1224
f 1398 1212 1748
f 542 1212 1398
f 542 1322 1212
f 542 256 1322
f 1386 1527 1182
f 1099 1527 1386
f 1182 1068 712
f 1182 1339 1068
f 1527 1339 1182
f 1099 1925 1527
f 1339 187 1068
f 1339 1925 1047
f 1527 1925 1339
f 1099 462 1925
f 1339 1047 187
f 1925 462 1047
f 1047 1224 187
f 462 1708 1047
f 462 728 1708
f 1047 1708 1224
f 1708 256 542
f 1708 1151 256
f 1069 1562 1099
f 1069 619 1562
f 996 282 1826
f 619 1826 1562
f 1562 462 1099
f 1826 1938 1562
f 1826 282 1938
f 1562 728 462
f 1562 1938 728
f 282 907 1938
f 282 1290 907
f 851 1290 282
f 728 1151 1708
f 1938 1151 728
f 1938 530 1151
f 1938 907 530
f 1151 1940 256
f 530 1940 1151
f 907 71 530
f 1290 71 907
f 186 282 996
f 186 1067 1406
f 814 459 1067
f 695 946 814
f 695 675 946
f 1406 282 186
f 1406 459 1520
f 459 1406 1067
f 814 1104 459
f 814 946 1104
f 675 1287 946
f 1406 851 282
f 1520 851 1406
f 1104 1520 459
f 1104 1039 1520
f 1104 687 1039
f 946 687 1104
f 1287 802 946
f 1520 1108 851
f 1039 1108 1520
f 1039 124 990
f 687 124 1039
f 687 1697 124
f 946 1697 687
f 946 361 1697
f 361 895 1697
f 802 361 946
f 1039 463 1108
f 990 463 1039
f 124 528 990
f 1697 528 124
f 1697 747 528
f 1697 77 747
f 895 77 1697
f 851 1108 1290
f 990 1474 463
f 528 1474 990
f 528 1196 1474
f 747 1196 528
f 747 773 1196
f 747 1042 773
f 747 1233 1042
f 77 1233 747
f 77 1110 1233
f 77 1320 1110
f 895 1320 77
f 895 618 1320
f 1108 463 1290
f 1196 415 1474
f 1196 1211 415
f 773 1211 1196
f 1042 1211 773
f 1042 1177 1211
f 463 1699 1290
f 463 1245 1699
f 1474 1245 463
f 1474 415 1245
f 1211 145 415
f 1177 145 1211
f 408 404 642
f 1855 404 408
f 663 448 112
f 642 663 408
f 642 448 663
f 351 408 663
f 1542 408 351
f 1542 1855 408
f 448 1035 112
f 448 259 1035
f 629 1035 1872
f 663 629 351
f 663 1035 629
f 1035 663 112
f 1875 351 629
f 1184 351 1875
f 1542 351 1184
f 392 1542 1184
f 259 1872 1035
f 1501 1872 334
f 629 1501 1875
f 629 1872 1501
f 589 1875 1501
f 589 1184 1875
f 1507 392 1184
f 1872 86 334
f 259 86 1872
f 1892 334 214
f 1501 334 1892
f 1646 1892 1186
f 1646 589 1892
f 589 1501 1892
f 1262 589 1646
f 1431 589 1262
f 1431 1507 589
f 1507 1184 589
f 334 685 214
f 86 685 334
f 1186 214 191
f 1892 214 1186
f 1233 365 1042
f 365 965 441
f 965 1186 441
f 965 1646 1186
f 143 1646 965
f 1262 1646 143
f 214 1058 191
f 685 1058 214
f 365 1177 1042
f 365 293 1177
f 441 293 365
f 441 252 293
f 1186 252 441
f 1186 191 252
f 329 365 1233
f 143 365 329
f 143 965 365
f 1110 329 1233
f 1320 329 1110
f 1320 858 329
f 858 143 329
f 858 1262 143
f 618 858 1320
f 618 222 858
f 222 1262 858
f 293 145 1177
f 293 1687 145
f 252 1687 293
f 191 1687 252
f 191 456 1687
f 1058 456 191
f 1075 675 695
f 1014 675 1075
f 1014 245 675
f 706 245 1014
f 1715 245 706
f 1715 611 245
f 1715 11 611
f 245 1287 675
f 245 319 1287
f 611 319 245
f 11 319 611
f 11 1498 319
f 11 46 1498
f 319 802 1287
f 319 723 802
f 1498 723 319
f 46 723 1498
f 46 1574 723
f 46 488 1574
f 723 361 802
f 723 964 361
f 1574 964 723
f 488 964 1574
f 488 978 964
f 361 765 895
f 964 765 361
f 978 765 964
f 978 122 765
f 978 129 122
f 765 563 895
f 563 618 895
f 563 1813 618
f 122 563 765
f 563 348 1813
f 129 563 122
f 129 348 563
f 435 950 1855
f 1858 210 76
f 155 210 1858
f 155 615 210
f 243 615 155
f 243 435 615
f 435 243 950
f 1951 488 46
f 171 1855 1542
f 171 435 1855
f 76 151 1951
f 210 151 76
f 210 718 151
f 615 718 210
f 615 171 718
f 171 615 435
f 392 60 1542
f 60 171 1542
f 1951 147 476
f 1951 489 147
f 151 489 1951
f 151 627 489
f 627 60 392
f 718 627 151
f 718 60 627
f 60 718 171
f 1951 476 488
f 476 978 488
f 147 547 476
f 489 547 147
f 489 1282 547
f 1282 392 1507
f 1282 627 392
f 627 1282 489
f 476 129 978
f 476 1675 129
f 547 1675 476
f 547 1969 1675
f 1969 1507 1431
f 1282 1969 547
f 1969 1282 1507
f 866 1431 1262
f 129 1238 348
f 1675 1238 129
f 1675 866 1238
f 1969 866 1675
f 866 1969 1431
f 1813 222 618
f 1813 1007 222
f 1007 1262 222
f 1007 866 1262
f 348 1007 1813
f 1238 1007 348
f 866 1007 1238
f 1760 1917 1793
f 1281 1917 1760
f 1484 1917 1281
f 1484 1949 1917
f 1917 1980 1793
f 1917 25 1980
f 1949 25 1917
f 1870 1949 1484
f 1870 1372 1949
f 1796 1372 1870
f 1949 672 25
f 1372 672 1949
f 1372 558 672
f 1796 956 1372
f 1625 956 1796
f 1625 1847 956
f 1418 1847 1625
f 956 558 1372
f 956 1860 558
f 1847 1860 956
f 1847 1822 1860
f 1896 384 1418
f 1748 384 1896
f 384 1847 1418
f 384 1653 1847
f 384 1848 1653
f 1653 1822 1847
f 1653 1577 1822
f 1848 1577 1653
f 1848 1924 1577
f 1322 1173 1212
f 1322 1771 1173
f 1212 1173 1748
f 1771 1430 1173
f 1748 1848 384
f 1173 1936 1748
f 1936 1848 1748
f 1430 1936 1173
f 1430 633 1936
f 1936 1038 1848
f 1936 885 1038
f 633 885 1936
f 885 1080 1038
f 1080 516 1038
f 1038 872 1848
f 516 872 1038
f 872 1924 1848
f 904 868 872
f 256 1940 1322
f 1940 1771 1322
f 71 1940 530
f 1290 869 71
f 1290 1699 869
f 1771 71 1430
f 71 1771 1940
f 71 1509 1430
f 71 869 1509
f 869 1845 1509
f 1699 1845 869
f 1509 633 1430
f 1509 1845 1080
f 633 1080 885
f 1080 633 1509
f 1245 575 1699
f 415 145 1245
f 575 1845 1699
f 1245 230 575
f 1245 1678 230
f 145 1678 1245
f 145 1486 1678
f 575 1499 1845
f 230 1499 575
f 1080 1499 1710
f 1499 1080 1845
f 230 1723 1499
f 1678 1723 230
f 1080 1710 516
f 1723 1710 1499
f 1723 871 1710
f 1723 1543 871
f 1678 1543 1723
f 1486 1543 1678
f 1486 1626 1543
f 1710 872 516
f 1710 904 872
f 871 904 1710
f 871 546 904
f 871 1543 546
f 904 546 868
f 1626 546 1543
f 1626 1308 546
f 685 474 1058
f 1687 1486 145
f 456 1284 1687
f 1058 1284 456
f 1058 474 1284
f 1687 1199 1486
f 1284 1199 1687
f 1199 1626 1486
f 474 1800 1284
f 474 1610 1800
f 1199 1462 1626
f 1284 1462 1199
f 1284 1267 1462
f 1284 1800 1267
f 1462 1308 1626
f 1462 498 1308
f 1267 1800 1126
f 1800 1610 1126
f 1980 29 1253
f 25 29 1980
f 672 29 25
f 672 1536 29
f 558 1536 672
f 558 1912 1536
f 1860 1912 558
f 1822 1912 1860
f 1822 1975 1912
f 1577 1904 1822
f 1924 1904 1577
f 1904 1975 1822
f 872 922 1924
f 922 1702 1924
f 868 922 872
f 922 10 1702
f 1702 175 1924
f 10 175 1702
f 10 1521 175
f 1521 708 175
f 1521 1693 708
f 1924 1389 1904
f 175 1389 1924
f 708 1389 175
f 708 1078 1389
f 708 1528 1078
f 115 1528 708
f 1528 341 1078
f 546 922 868
f 546 10 922
f 546 1308 10
f 498 10 1308
f 1267 498 1462
f 1267 928 498
f 1126 928 1267
f 1610 859 1126
f 498 1521 10
f 928 1521 498
f 928 1693 1521
f 1693 928 708
f 928 115 708
f 1126 115 928
f 1126 1528 115
f 859 1528 1126
f 859 341 1528
f 1856 1744 74
f 9 1744 1856
f 1808 1744 9
f 1808 1727 1744
f 1816 1727 1808
f 1816 1931 1727
f 1751 1931 1816
f 1751 58 1931
f 1643 69 1999
f 948 58 1751
f 948 1999 58
f 1774 1999 948
f 1774 1643 1999
f 1643 591 69
f 1249 748 591
f 870 591 1643
f 870 1249 591
f 943 1249 870
f 1256 870 1643
f 1764 1643 1774
f 1256 1643 1764
f 233 870 1256
f 1706 233 1256
f 303 745 918
f 918 879 1960
f 879 918 745
f 1960 1333 930
f 1960 879 1333
f 745 1533 879
f 1533 745 418
f 879 1711 1333
f 879 1533 1711
f 941 958 1533
f 941 679 958
f 19 628 303
f 1429 628 19
f 628 745 303
f 1429 1063 628
f 1429 1866 1063
f 628 418 745
f 1063 418 628
f 1279 1063 1866
f 1063 1355 418
f 1063 1279 1355
f 418 1021 1533
f 1021 418 1355
f 1866 161 1232
f 1279 1232 1054
f 1232 1279 1866
f 874 1279 1054
f 874 1355 1279
f 1021 1355 874
f 1021 941 1533
f 1232 263 1054
f 263 1232 161
f 1101 1054 263
f 1101 874 1054
f 888 874 1101
f 888 1021 874
f 888 941 1021
f 263 811 1101
f 263 801 811
f 801 263 161
f 662 724 811
f 724 1101 811
f 724 888 1101
f 1248 724 662
f 888 1248 941
f 888 724 1248
f 679 941 1248
f 161 1220 801
f 801 1016 811
f 801 1220 1016
f 606 811 1016
f 811 606 662
f 565 662 606
f 1397 662 565
f 1397 1248 662
f 994 1248 1397
f 994 679 1248
f 1692 960 1429
f 960 1090 1429
f 1429 161 1866
f 1090 161 1429
f 1090 1789 161
f 1090 789 1789
f 1692 1029 960
f 1029 274 960
f 960 952 1090
f 274 952 960
f 952 926 1090
f 926 789 1090
f 926 674 789
f 890 748 1249
f 890 551 748
f 551 890 1029
f 890 274 1029
f 943 890 1249
f 943 1403 890
f 274 1403 952
f 1403 274 890
f 1403 943 870
f 810 870 233
f 810 1403 870
f 1403 926 952
f 1403 810 926
f 810 674 926
f 810 251 674
f 810 1706 251
f 1706 810 233
f 930 1333 1526
f 1469 1526 1333
f 1711 1895 1333
f 667 1711 1533
f 1895 1469 1333
f 1711 667 1895
f 667 1533 958
f 1895 1293 1469
f 958 572 667
f 958 603 572
f 958 140 603
f 140 679 994
f 140 958 679
f 1895 401 1293
f 667 401 1895
f 572 401 667
f 1970 1856 1325
f 1970 9 1856
f 49 9 1970
f 49 1808 9
f 1668 1808 49
f 1668 1816 1808
f 1806 1816 1668
f 1413 1816 1806
f 1413 1751 1816
f 1210 1751 1413
f 1210 948 1751
f 1597 948 1210
f 1597 1774 948
f 681 1774 1597
f 1807 1764 681
f 1601 1764 1807
f 669 204 1519
f 758 1519 1601
f 602 669 758
f 669 1519 758
f 1343 602 758
f 1584 1256 1764
f 1147 1256 1584
f 1147 1706 1256
f 1485 1147 1584
f 204 1485 1584
f 1764 1774 681
f 1519 1764 1601
f 1519 1584 1764
f 204 1584 1519
f 565 606 291
f 632 140 565
f 140 1397 565
f 140 994 1397
f 1828 291 1019
f 877 291 1828
f 877 565 291
f 1154 632 877
f 632 565 877
f 1162 1394 202
f 1019 1162 1828
f 1019 1394 1162
f 574 1828 1162
f 1828 574 877
f 292 574 857
f 292 877 574
f 292 1154 877
f 772 1154 292
f 1394 568 202
f 1356 202 346
f 1162 1356 574
f 1162 202 1356
f 857 574 1356
f 292 857 1603
f 1442 772 292
f 202 1531 346
f 568 1531 202
f 857 545 1603
f 1356 545 857
f 1356 346 545
f 1295 292 1603
f 424 292 1295
f 424 1442 292
f 346 492 545
f 346 635 492
f 1531 635 346
f 1603 136 1295
f 1603 525 136
f 545 525 1603
f 545 492 525
f 1312 1295 136
f 1312 703 1295
f 703 424 1295
f 492 358 525
f 492 417 358
f 635 417 492
f 136 1169 324
f 525 1169 136
f 525 358 1169
f 1312 324 1953
f 1312 136 324
f 1945 703 1312
f 358 648 1169
f 358 1868 648
f 417 1868 358
f 1491 696 1655
f 324 1491 1953
f 324 696 1491
f 696 648 1655
f 1169 696 324
f 696 1169 648
f 404 1953 1491
f 404 1312 1953
f 1855 1312 404
f 1855 950 1312
f 950 1945 1312
f 1220 761 1016
f 1220 1881 761
f 161 1881 1220
f 1016 914 606
f 1016 761 914
f 291 606 914
f 761 834 317
f 1881 834 761
f 1019 317 1394
f 914 1019 291
f 914 317 1019
f 317 914 761
f 317 993 1394
f 834 993 317
f 161 51 1881
f 993 568 1394
f 993 1531 568
f 1881 51 834
f 834 51 993
f 993 51 1531
f 1789 51 161
f 1789 1513 51
f 1789 1652 1513
f 1513 1618 51
f 251 1448 674
f 789 987 1789
f 674 987 789
f 987 674 1448
f 987 753 1789
f 753 987 225
f 987 1448 225
f 1551 225 204
f 225 1338 753
f 225 1070 1338
f 1070 225 1551
f 753 1652 1789
f 753 1338 1652
f 1070 1551 669
f 1551 204 669
f 1070 602 520
f 602 1070 669
f 1070 520 1338
f 1652 1327 1513
f 1338 1327 1652
f 1327 1338 520
f 520 602 1343
f 520 505 1327
f 1327 505 1513
f 251 1147 1448
f 1706 1147 251
f 1147 225 1448
f 1147 1485 225
f 225 1485 204
f 603 140 632
f 163 632 1154
f 603 163 572
f 163 603 632
f 401 736 1293
f 401 378 736
f 401 541 378
f 572 541 401
f 541 572 163
f 772 163 1154
f 736 677 1293
f 541 231 378
f 231 541 772
f 541 163 772
f 736 419 677
f 378 419 736
f 378 208 419
f 208 231 1442
f 231 208 378
f 231 772 1442
f 677 562 544
f 419 562 677
f 419 123 562
f 123 208 424
f 208 123 419
f 208 1442 424
f 562 1329 544
f 1329 123 703
f 123 1329 562
f 123 424 703
f 544 538 1008
f 538 1329 1945
f 1329 538 544
f 1329 703 1945
f 538 243 1008
f 538 950 243
f 950 538 1945
f 104 1970 1325
f 1797 1970 104
f 24 1970 1797
f 24 49 1970
f 1534 1806 1668
f 1615 49 24
f 1615 1668 49
f 1534 1668 1615
f 908 1806 1534
f 908 1413 1806
f 1561 1413 908
f 1561 1210 1413
f 47 681 1597
f 1554 1210 1561
f 1554 1597 1210
f 34 1597 1554
f 34 47 1597
f 34 982 47
f 798 1601 1807
f 798 758 1601
f 1343 758 798
f 982 1807 681
f 137 1343 798
f 982 681 47
f 1423 1807 982
f 1423 798 1807
f 1309 798 1423
f 1309 137 798
f 961 1423 982
f 1600 1423 961
f 1600 1309 1423
f 596 1600 961
f 1353 982 34
f 1405 982 1353
f 1405 961 982
f 409 596 1405
f 596 961 1405
f 1176 1405 1353
f 135 409 1176
f 409 1405 1176
f 1142 1176 1353
f 543 1176 1142
f 135 543 1853
f 543 135 1176
f 642 921 448
f 1491 642 404
f 1491 921 642
f 921 1491 1655
f 921 426 448
f 1655 426 921
f 648 426 1655
f 1868 426 648
f 426 259 448
f 1868 259 426
f 1868 1676 259
f 1868 1570 1676
f 51 635 1531
f 635 51 417
f 51 1868 417
f 51 1076 1146
f 51 1570 1868
f 51 1100 1570
f 51 1146 1100
f 1513 1932 1618
f 1618 1105 51
f 1105 1195 51
f 1932 906 1618
f 1195 1076 51
f 1618 854 1105
f 906 854 1618
f 906 1734 854
f 1734 1530 854
f 1734 1259 1530
f 1105 733 1195
f 1105 1530 733
f 854 1530 1105
f 137 520 1343
f 505 520 137
f 505 661 1740
f 661 505 137
f 1513 1740 1932
f 505 1740 1513
f 661 1309 1600
f 137 1309 661
f 661 1600 536
f 661 977 1740
f 977 661 536
f 1740 906 1932
f 906 1740 977
f 536 1600 596
f 977 1734 906
f 536 352 977
f 536 409 352
f 409 536 596
f 977 352 1734
f 135 352 409
f 352 1259 1734
f 352 1853 1259
f 1853 352 135
f 1635 1913 1894
f 1635 1729 1913
f 1797 104 1273
f 1913 1797 1273
f 1729 1797 1913
f 1729 24 1797
f 1788 1729 1635
f 1788 1819 1729
f 1265 1819 1788
f 1265 1966 1819
f 1952 1534 1615
f 1819 24 1729
f 1819 1615 24
f 1819 1952 1615
f 1966 1952 1819
f 1265 792 1966
f 1851 792 1265
f 792 1952 1966
f 792 908 1952
f 792 1561 908
f 908 1534 1952
f 1851 1595 792
f 8 1595 1851
f 8 13 1595
f 1563 13 8
f 1563 1689 13
f 1317 34 1554
f 1595 1561 792
f 1595 1554 1561
f 1595 1317 1554
f 13 1317 1595
f 1689 1317 13
f 1114 1122 1672
f 1487 1689 1563
f 848 1689 1487
f 848 1672 1689
f 1020 1114 848
f 1114 1672 848
f 1057 1142 1353
f 471 1142 1057
f 471 1352 1142
f 1189 1353 1317
f 1189 1057 1353
f 1071 1057 1189
f 1071 471 1057
f 1569 1317 1689
f 1569 1189 1317
f 889 1189 1569
f 833 1189 889
f 833 216 1189
f 1071 1189 216
f 864 833 889
f 1374 889 1569
f 377 889 1374
f 1077 377 1374
f 377 864 889
f 1672 1569 1689
f 1672 1374 1569
f 1122 1374 1672
f 1122 1077 1374
f 1317 1353 34
f 1352 1853 1142
f 1853 543 1142
f 86 474 685
f 259 474 86
f 259 1676 474
f 1570 891 1676
f 1676 1180 474
f 1676 1648 1180
f 1676 1228 1648
f 891 1228 1676
f 474 1326 1610
f 1180 1326 474
f 1570 372 891
f 1146 1027 1100
f 1100 767 1570
f 1027 767 1100
f 1027 862 767
f 372 1638 891
f 1570 883 372
f 767 883 1570
f 767 862 883
f 883 862 713
f 713 1122 1114
f 1122 713 862
f 372 1079 1638
f 1079 883 1020
f 883 1079 372
f 883 713 1020
f 1020 131 1079
f 1020 713 1114
f 891 1181 1228
f 1638 1181 891
f 1079 1181 1638
f 624 1352 471
f 1259 1352 624
f 1352 1259 1853
f 1530 1695 733
f 1530 624 1695
f 1259 624 1530
f 1195 1695 1076
f 733 1695 1195
f 624 471 1071
f 624 450 1695
f 1076 533 1146
f 533 1695 450
f 1695 533 1076
f 624 216 450
f 624 1071 216
f 533 244 1366
f 450 244 533
f 1146 1366 1027
f 533 1366 1146
f 450 833 244
f 216 833 450
f 244 1926 1366
f 1027 1366 1926
f 244 864 1926
f 864 244 833
f 1926 862 1027
f 1926 1122 862
f 1926 1077 1122
f 864 1077 1926
f 1077 864 377
f 29 1894 1253
f 29 1635 1894
f 1536 1635 29
f 1536 1788 1635
f 1265 1788 1536
f 1912 1265 1536
f 1851 1265 1912
f 1975 1851 1912
f 1316 1563 8
f 1316 1851 1975
f 1316 8 1851
f 1904 1316 1975
f 1389 1316 1904
f 550 1487 1563
f 1193 1472 550
f 1389 1563 1316
f 1389 550 1563
f 1188 550 1389
f 1078 1188 1389
f 1193 550 1188
f 341 1188 1078
f 173 1193 1188
f 341 1115 1188
f 1115 373 1188
f 373 173 1188
f 180 1109 1487
f 1109 848 1487
f 131 848 1109
f 131 1020 848
f 550 180 1487
f 1472 180 550
f 1644 180 1472
f 1644 991 180
f 859 1326 1115
f 1326 859 1610
f 1326 963 1115
f 1180 963 1326
f 1648 963 1180
f 1648 159 963
f 1648 732 159
f 1228 732 1648
f 859 1115 341
f 963 373 1115
f 373 963 173
f 963 1193 173
f 963 159 1193
f 159 732 1193
f 732 1472 1193
f 732 1644 1472
f 1228 1644 732
f 1181 991 1228
f 991 1181 180
f 1181 1109 180
f 1181 131 1109
f 1079 131 1181
f 991 1644 1228

