# https://github.com/mikedh/trimesh
v 0.07042411 -0.25039825 -0.37614745
v 0.02757395 -0.24162953 -0.37722796
v 0.15527880 0.48721492 -0.55973268
v 0.12814364 -0.27389440 -0.47275934
v 0.43268368 -0.59303719 -0.12831110
v 0.14540339 0.36144760 -0.43434832
v 0.39393646 0.57532448 0.21552537
v 0.02610072 -0.27903691 -0.49836439
v -0.32629848 -0.43808043 -0.11858327
v 0.04249141 -0.04193938 -0.62524599
v 0.05628530 -0.26841342 -0.63992959
v 0.15757135 0.34882754 -0.51924443
v 0.50673318 -0.58893716 0.14109606
v 0.24297547 -0.59292883 0.57391208
v 0.40565571 0.59377670 0.12719378
v -0.03848176 0.57707947 0.52763152
v 0.04962328 0.48861271 -0.60019094
v -0.15457025 0.59817433 -0.34480315
v -0.20574799 -0.58708280 -0.33427256
v -0.36852288 -0.59914440 0.45797646
v 0.35924232 -0.59671783 -0.21122266
v 0.02010821 -0.46782246 -0.37348631
v -0.32264626 -0.57795781 0.52825958
v 0.15310873 0.57848579 -0.24147867
v 0.04115639 0.32806638 -0.51490539
v 0.40868577 0.58633780 -0.17526487
v 0.03508886 -0.41840905 -0.40308896
v 0.29671457 0.59060949 0.40626049
v 0.01113362 0.16605662 -0.39784446
v -0.38106140 0.58906287 0.00844648
v 0.15242018 -0.40583739 -0.62218124
v 0.02945457 -0.27185407 -0.52611554
v 0.04042945 -0.13883914 -0.61567706
v 0.14105929 0.48725703 -0.43416712
v 0.16324918 0.01910197 -0.62560982
v 0.49830958 -0.58605838 0.23601748
v -0.48450598 -0.50673884 -0.00721986
v 0.26246372 -0.46002492 0.44633168
v 0.01912302 0.48766351 -0.43375868
v -0.17534272 -0.59941214 -0.32053065
v 0.13976228 -0.46840784 0.51753515
v 0.08952735 -0.41498017 -0.38356325
v 0.04060588 0.34493160 -0.61661631
v 0.09593075 0.48757356 -0.62826562
v -0.35592622 -0.49797291 -0.22340949
v 0.21942744 0.58590883 -0.32856810
v -0.03762466 -0.50462443 -0.24698463
v -0.00037532 0.59916955 0.61697567
v 0.14214309 0.59884745 0.60447609
v -0.11445793 0.59150732 0.62560087
v -0.31307054 -0.52371126 0.53632528
v 0.29298759 -0.59933639 0.52208555
v -0.49156398 -0.50639433 0.24427319
v 0.35157758 -0.58746052 0.49943426
v 0.16333689 0.31301099 -0.62546748
v 0.05070891 0.49569702 -0.45817825
v 0.16789775 -0.24499269 -0.34519920
v 0.15588050 0.48535040 -0.54107958
v -0.16568840 0.59333271 0.50305861
v -0.10724731 0.59428501 -0.25664169
v 0.04042463 -0.24462831 -0.61568427
v -0.01904945 -0.59715080 -0.36997777
v 0.33571300 -0.57595819 -0.25163710
v -0.01846931 0.58710992 -0.26665941
v 0.13464949 -0.40884441 -0.62610507
v 0.11796427 -0.44617373 -0.35701162
v 0.16495685 -0.33870009 -0.62528521
v 0.12812847 -0.48186800 0.50185770
v -0.49717075 -0.58988714 0.23182978
v -0.36188909 -0.48405951 -0.02159089
v 0.34581017 -0.58986908 -0.23880148
v -0.03812983 -0.59668189 -0.36964583
v -0.07785258 0.59888095 -0.33622551
v -0.36507767 -0.58808845 0.48423693
v 0.45931056 -0.58685362 -0.08687817
v -0.33523604 -0.59925133 0.48883125
v 0.16059878 0.43428203 -0.62574136
v 0.11403256 -0.47956204 0.51476711
v 0.02481152 0.50103021 -0.39079204
v 0.07572454 0.33343029 -0.37653643
v 0.04060344 0.14689577 -0.51381266
v 0.16049471 0.26828602 -0.62613130
v 0.50646687 -0.58719784 0.19205275
v 0.02455221 -0.27488822 -0.43391481
v 0.31533307 0.58783728 -0.11675201
v -0.38090542 0.59641635 0.29296029
v 0.06348523 -0.41702616 -0.38411403
v -0.47517124 0.49232647 0.32221863
v 0.10529030 0.59916699 -0.34337020
v 0.48479882 -0.59349668 0.26885849
v -0.48565438 0.59734052 0.01296226
v 0.11781124 0.52488232 -0.37310272
v 0.13025475 -0.59929430 -0.33597711
v 0.05338478 -0.21091400 -0.64027441
v 0.01042025 -0.20454834 -0.39858177
v -0.37596866 0.58729118 0.26144990
v 0.02755816 0.33276621 -0.37887651
v -0.39389324 -0.59927756 0.42039099
v -0.50387698 0.59458888 0.19329007
v -0.38396299 0.58836132 0.02734405
v -0.41321492 -0.08952462 0.17746681
v -0.18812141 -0.39410025 -0.33625492
v 0.38654473 -0.47977504 0.02257498
v -0.04497805 0.58928019 0.63797015
v -0.06417034 0.59189570 -0.26430312
v -0.30409282 -0.55456287 -0.27975670
v 0.02974825 0.22996946 -0.52455264
v 0.35652667 -0.49746287 0.48733360
v 0.01747120 0.59032148 0.53792262
v 0.12981218 0.48790073 -0.39489058
v 0.03230027 -0.17894870 -0.52181065
v 0.11314533 -0.41962773 -0.36890876
v 0.03303995 0.48587209 -0.55619657
v -0.46850058 0.37667963 -0.07175110
v 0.49945217 0.59756184 0.11538881
v 0.04253899 -0.11327341 -0.51279759
v 0.20357242 -0.59504002 -0.32926422
v 0.37270594 -0.46626329 0.29466888
v -0.30513826 0.58501917 -0.27894360
v 0.16324915 0.05743801 -0.62561005
v 0.03318931 0.20549634 -0.52079558
v 0.27077579 0.59926349 0.54005772
v -0.39311975 0.59732026 0.26772830
v 0.15759218 -0.38659403 -0.51848191
v 0.05462331 0.30556437 -0.64016676
v -0.30059677 0.59084404 0.39717790
v 0.03490475 0.48481965 -0.56884134
v 0.16878162 0.02549134 -0.60389847
v 0.41042340 -0.58649755 0.43583140
v -0.14111570 0.59401768 0.61449856
v -0.50182098 0.59381431 0.04983528
v -0.49174675 -0.58773404 0.25534701
v 0.27146012 -0.59928668 -0.27196857
v 0.18172358 0.59758681 0.51959264
v -0.50564009 -0.58758390 0.06332407
v 0.01188266 -0.25754923 -0.39870927
v -0.39134020 -0.59648359 0.44858423
v 0.18299833 0.32682076 -0.34429577
v 0.39159101 -0.41191116 0.01597832
v 0.49995047 0.57604384 0.03633339
v -0.50892806 -0.57482249 0.16485383
v -0.50207949 0.59453934 0.15268706
v 0.05318475 0.25550735 -0.64020187
v -0.40086877 -0.52944696 -0.18631071
v 0.04642359 0.10199971 -0.51245332
v 0.48018649 -0.59183210 -0.02423379
v 0.13390297 -0.26495039 -0.49487856
v 0.16959277 0.11494192 -0.61217690
v 0.00724337 0.35707992 -0.39702958
v 0.22609529 -0.46965331 0.47462010
v 0.03816830 -0.05364771 -0.51514143
v 0.40483639 -0.35758397 -0.17047639
v -0.05578392 -0.49223560 0.51836246
v 0.12494771 -0.41256380 -0.54278958
v 0.50070983 0.59715742 0.19113235
v -0.22563478 0.57848650 -0.18782349
v 0.03200648 0.34906352 -0.50452060
v 0.38525656 -0.49824423 0.03866616
v -0.29280499 0.59883481 0.52852768
v 0.48504925 0.59679514 0.25574654
v 0.40115309 0.50339454 0.44993982
v 0.04042036 -0.01463461 -0.61568165
v 0.16615607 0.58958942 0.61315846
v 0.01278222 -0.50157416 -0.25544065
v 0.42549244 0.59905291 0.37390688
v 0.16361186 -0.35149956 -0.34773111
v 0.48261365 0.58672661 -0.03009802
v 0.04321958 -0.08976379 -0.62769908
v 0.35690826 0.57850647 -0.03975877
v -0.41847610 0.59775126 0.20921801
v 0.14028445 0.58926344 0.61985373
v 0.03219702 -0.59925085 0.61630553
v 0.16225991 0.47327596 -0.35354927
v 0.07353709 -0.45990041 0.53461778
v 0.18153279 -0.59928536 -0.32296357
v -0.34743074 -0.57868993 -0.23827651
v 0.46352023 -0.58386666 0.34621280
v 0.21387832 0.59769934 0.49508187
v 0.49102435 -0.59713018 0.05119978
v 0.11747493 0.59193826 -0.36097735
v 0.47416720 0.58642066 0.32174009
v 0.30576745 0.42801827 0.54186243
v -0.32826349 0.58857441 0.52231061
v -0.46329847 -0.59927022 0.29404944
v -0.50891024 0.58450520 0.17679919
v 0.15533841 -0.18535556 -0.50601524
v 0.03684852 0.59775680 -0.29127342
v 0.40833420 0.30035421 -0.17426936
v 0.04061351 0.16607486 -0.51385450
v -0.50642681 0.58742410 0.06750476
v 0.15566839 0.25550976 -0.50701880
v 0.23658562 -0.42323491 -0.20083466
v -0.36152324 0.58587116 0.30210489
v 0.15321526 -0.29054976 -0.48512721
v 0.14166693 0.48341793 -0.40910003
v 0.16496311 0.19800301 -0.62529248
v 0.25436860 -0.46613643 -0.19940880
v 0.27771193 -0.49557385 -0.15031181
v 0.04487959 -0.27182439 -0.49786669
v -0.26871353 0.17885098 0.44145882
v 0.05091238 -0.27498096 -0.39802721
v 0.04855284 0.49231657 -0.53485692
v 0.44793031 -0.59936476 0.31690654
v -0.34930789 -0.49373794 -0.03750084
v -0.48876879 -0.59918010 0.19234899
v 0.15634120 0.14050737 -0.51060492
v 0.49865505 -0.58829618 0.03173670
v -0.47544348 0.59908313 0.24350071
v 0.34194949 -0.47880757 0.34460714
v 0.33772734 0.58595574 0.51191008
v 0.23300236 -0.59928030 -0.29729775
v 0.02575093 0.58972758 0.63995147
v -0.40018022 -0.35456270 0.05192046
v 0.43328875 0.58756047 0.39646304
v 0.33084503 0.34428546 -0.10569499
v 0.04486112 0.28223866 -0.63000363
v 0.12322371 -0.27798051 -0.38263404
v 0.16496320 -0.14702100 -0.62529105
v -0.35499120 0.58613664 0.49551705
v 0.10330141 0.59341949 -0.25926128
v 0.06423173 0.47513768 -0.63833326
v 0.29412955 -0.58537489 0.54935116
v -0.25768554 -0.49842235 -0.14772388
v 0.38123596 0.59814125 -0.05354705
v 0.04656707 -0.47261113 0.53962409
v 0.11085742 0.48737475 -0.62712109
v 0.50717968 -0.58766270 0.16640681
v 0.29431316 -0.48518115 -0.13313361
v -0.26933545 0.57886207 0.56280977
v 0.08986430 -0.59930640 -0.34855664
v 0.01070114 -0.23025633 -0.39857313
v 0.14063154 -0.58540416 0.62049067
v 0.21128385 0.59015572 -0.20378840
v -0.03213612 -0.59630549 0.63230997
v 0.44458798 -0.59462780 -0.10138516
v 0.14485085 0.19160719 -0.50228375
v 0.39984593 0.43398753 0.06275702
v -0.00212248 -0.50571913 0.46560183
v 0.07951295 -0.48660553 -0.36600092
v 0.44939932 0.59932768 -0.05031158
v 0.03818838 -0.02313097 -0.51518297
v 0.44493660 -0.57595491 -0.11469944
v 0.03139827 0.00022394 -0.52270979
v -0.44692609 0.58950728 0.37241262
v 0.41060123 0.59687090 0.09914990
v -0.05922566 -0.55226868 -0.37654451
v 0.04604669 -0.14061943 -0.51208287
v 0.16333187 -0.01284467 -0.62546724
v 0.16053860 0.40081149 -0.35456195
v 0.35472348 0.59754050 0.34478536
v -0.30954951 0.59906268 -0.24538192
v 0.03136217 -0.15310322 -0.52269763
v 0.12068890 0.49588236 -0.38256657
v -0.06562954 -0.50138092 -0.24254188
v -0.07375923 -0.28720120 0.63184345
v 0.04055734 0.23633964 -0.61668152
v 0.32091060 0.59766126 0.41200730
v 0.08379866 -0.27324805 -0.48187634
v -0.21775220 -0.59863806 0.57865673
v 0.06498468 0.33974811 -0.50382751
v 0.04599588 -0.19173397 -0.51196557
v 0.02057547 -0.40952978 -0.45998943
v -0.50153357 -0.59158093 0.21333811
v 0.38963220 0.58606917 0.03887770
v 0.35590196 -0.59190476 -0.22537285
v -0.22773117 0.59895754 0.56616163
v -0.48477116 0.59137511 -0.01309530
v 0.28592014 -0.43020764 -0.15410824
v -0.30939993 0.59410852 -0.13547492
v 0.05058780 0.07021666 -0.64037478
v -0.34602711 0.57365072 0.33845255
v 0.04274455 0.12772065 -0.62691796
v 0.40803677 0.59659606 0.18564996
v 0.35592505 0.59201276 -0.05162930
v -0.09133948 0.59019244 0.63324541
v 0.14221700 -0.40602267 -0.37072101
v -0.24400328 -0.49758089 -0.16117689
v 0.06233673 0.57883197 0.52301031
v -0.39399505 0.59461546 0.23663884
v -0.36903301 -0.35785732 -0.05533477
v -0.16539790 -0.50484729 -0.20287074
v 0.24433945 0.59751582 -0.20251554
v 0.42344710 0.59873807 -0.11471725
v 0.04647591 0.28108063 -0.51308244
v 0.10274237 0.34451628 -0.37744281
v 0.41402552 0.59879589 0.39642289
v 0.11504439 0.59312725 0.62026995
v 0.41234237 -0.47106004 0.12812702
v 0.04956440 0.05114084 -0.64049619
v 0.05318464 0.00632333 -0.64020336
v 0.15290178 0.59757447 0.52006894
v 0.15636095 -0.20451652 -0.51044518
v -0.33240390 0.58960724 0.35765234
v 0.42201227 0.58904260 -0.15335776
v 0.14581060 -0.08887353 -0.50201821
v 0.45937476 0.57822466 -0.08746580
v 0.35562181 0.59605592 -0.07496776
v 0.48469442 0.59075588 0.27648276
v 0.10987011 -0.59691381 -0.36129019
v 0.07629143 0.35228303 -0.38873705
v 0.02273628 -0.41585121 -0.41509950
v 0.02514603 -0.47291112 0.54535133
v 0.49389455 -0.58723384 0.01282936
v -0.13885397 -0.32012954 0.52575231
v 0.14275704 0.48769006 -0.45318437
v 0.47507975 0.46625951 -0.05783266
v 0.34313986 0.58774734 0.32345960
v 0.47433758 -0.58757085 0.32106248
v 0.14026436 0.58810472 0.50393033
v 0.33609632 0.59690481 0.36784619
v -0.20845309 0.57368684 0.47001326
v 0.32053077 0.59902477 0.50431144
v 0.49274716 0.58963037 0.01272247
v 0.07270408 0.59145033 -0.37268546
v -0.28139910 -0.39384052 0.44092846
v -0.37042502 0.58844084 -0.03410001
v 0.09069096 0.59176058 -0.36881158
v 0.05112224 0.59337264 -0.37282708
v 0.38414505 0.59457463 0.46040529
v -0.36899254 0.58628535 0.27947059
v -0.28903079 0.58736998 0.55057782
v 0.15249237 -0.40876609 -0.51705217
v 0.48860735 -0.59913957 0.19203915
v -0.40623534 -0.36789683 0.09533243
v -0.41832760 -0.59528792 -0.14285815
v -0.40128943 0.51056111 -0.18600701
v 0.35822317 -0.50086248 -0.00307097
v -0.39754152 0.59583151 0.07696235
v 0.16324916 0.03188070 -0.62560987
v -0.44301280 -0.59350002 0.36909392
v 0.15526332 -0.22369160 -0.50576240
v 0.29698929 -0.49740753 -0.11467344
v 0.04050640 0.02551017 -0.51368177
v 0.47120833 -0.58830041 -0.06413776
v -0.41393676 -0.36523420 0.16073990
v 0.32002527 -0.59022552 -0.26476634
v 0.15657589 -0.38636103 -0.62667161
v 0.14104953 -0.59886914 0.60304993
v 0.27763292 -0.58853555 -0.29304415
v -0.19416197 0.58161461 -0.21258464
v -0.37371796 -0.49773589 0.03836459
v 0.02286505 0.35302481 -0.47928411
v 0.16324914 0.09577400 -0.62561035
v -0.42078665 0.59930724 0.37118840
v 0.04019104 0.45149231 -0.61651021
v 0.15634413 -0.08950914 -0.51049757
v 0.38665575 0.59901935 0.43782651
v 0.15559840 0.07021762 -0.50663954
v 0.04040294 -0.21090938 -0.51328939
v -0.49874422 -0.57709724 0.02779403
v 0.13831677 -0.57731479 -0.35685778
v -0.42271414 0.58596367 0.41669419
v 0.14129207 0.28525835 -0.50115079
v 0.40996781 -0.59744442 -0.15373722
v 0.14200902 0.48944134 -0.58540559
v 0.36020488 -0.48187885 0.26913148
v -0.39258605 0.58537054 0.45691398
v 0.35482952 -0.50478631 0.03604107
v -0.46254981 0.59914476 0.27819207
v -0.26693302 0.59193373 0.55900115
v 0.12841293 -0.13015020 -0.50002116
v -0.42108724 -0.58870965 0.41691133
v -0.05200755 -0.57099396 0.63996232
v 0.07613187 0.59597200 0.53044635
v 0.50821459 0.58513111 0.08011862
v 0.46492192 0.59806055 0.30659381
v 0.16049524 0.14049935 -0.62613076
v 0.01440841 0.36709157 -0.41203147
v 0.15417850 -0.48086405 0.50258142
v -0.15371905 0.59747481 -0.26521814
v 0.03778058 0.59008586 -0.26858124
v 0.02818971 -0.19174598 -0.37664396
v 0.08987497 0.58943510 0.51868498
v 0.09048835 -0.59119099 0.63236886
v 0.24484026 0.59923166 0.55245382
v -0.46174100 -0.59929627 -0.00825977
v -0.35834286 -0.48182181 0.48158368
v 0.08544421 0.58597475 -0.25648040
v 0.09785339 0.59421009 0.62800336
v 0.20841156 -0.57654715 -0.33506015
v -0.15214515 -0.50428057 0.09351023
v 0.50331151 -0.58572596 0.21713699
v 0.33218575 0.57859731 0.34404010
v -0.34027216 -0.48276964 -0.08087253
v -0.00284788 -0.59865236 -0.14217941
v -0.40817285 0.59526843 -0.16781759
v -0.15496860 -0.59024042 0.61542088
v 0.04842619 0.48619068 -0.62543344
v 0.08993135 -0.48383841 -0.25616831
v 0.35835743 0.59570533 0.48062792
v 0.24236774 0.58844799 0.44741064
v -0.45887879 0.58751106 -0.08971853
v 0.48706642 0.59038258 -0.01261418
v 0.01214925 -0.59745836 -0.36101219
v 0.15228286 0.34147632 -0.50193411
v -0.48658654 0.59907496 0.08951592
v -0.50610512 0.47805959 0.05710852
v 0.39173445 -0.57656085 -0.19388565
v -0.33131933 0.58667207 -0.10110020
v 0.04637286 0.20440909 -0.51278466
v 0.06094091 0.47761181 0.64004242
v -0.20364310 0.59756863 0.49796376
v -0.03255932 0.59666246 0.53867716
v 0.31254166 -0.59929788 -0.24454033
v -0.35670498 0.58788240 -0.22855172
v 0.16496372 0.32579637 -0.62530446
v 0.33136791 0.47914517 -0.10195191
v 0.02820860 0.02549138 -0.37659132
v 0.50305605 -0.58591902 0.05209178
v 0.11349518 0.57903498 0.62725216
v -0.36992255 -0.49497408 0.01787239
v 0.35409507 0.58616757 0.49604744
v 0.15427977 -0.59132034 -0.35061651
v 0.50682276 0.58955443 0.16713291
v -0.17426744 -0.59924763 0.59088308
v 0.20521261 0.59898663 0.57808894
v -0.32238695 -0.50409001 0.28613496
v -0.24377258 0.59237689 -0.18068658
v 0.40782911 0.59789711 0.02132523
v -0.47198334 -0.59061736 0.32080227
v 0.02820806 0.11494204 -0.37659138
v 0.10331298 -0.41008794 -0.62487656
v -0.30006975 0.59869373 0.48132765
v -0.37441823 -0.58604789 -0.21138744
v 0.00149704 -0.47650379 0.54646432
v -0.17743756 0.57678169 0.48882413
v 0.01280372 -0.58710098 -0.37444323
v 0.32215026 -0.49572381 -0.07588486
v 0.05329902 0.19161405 -0.64024383
v -0.26825687 -0.59919393 0.54188132
v 0.15593013 -0.04010849 -0.50800920
v -0.38021857 0.59762526 0.32297963
v 0.28883126 -0.59551501 -0.27931306
v -0.07886183 -0.59845108 -0.34479558
v 0.11932983 -0.41198149 -0.39220083
v 0.30480283 -0.58696049 -0.27702233
v -0.42542771 -0.59925771 0.37373748
v 0.16332914 -0.26202941 -0.62547088
v 0.01118762 0.31898013 -0.39786151
v 0.44698584 0.58794516 -0.10857494
v 0.40829110 0.59619170 0.07707695
v 0.31991854 0.57827199 0.37065494
v -0.46827561 -0.46283558 0.31908715
v 0.02721051 -0.27250087 -0.39593053
v -0.32304940 0.51126361 -0.11282254
v -0.23090601 -0.58725590 -0.32047454
v 0.39885482 0.57867879 0.08926814
v 0.02820786 0.14688860 -0.37659138
v -0.26941380 0.58560902 0.43219987
v -0.17997868 -0.58725637 -0.34618041
v 0.16324869 -0.22369300 -0.62560958
v 0.13592696 0.35687071 -0.42050281
v 0.16959257 0.25550735 -0.61217600
v -0.33059132 -0.47458103 -0.10632885
v -0.33544016 -0.50427490 -0.00978331
v 0.06089459 0.59728390 0.54001188
v 0.50889057 -0.57479560 0.11579769
v 0.03575570 -0.40489605 -0.57436109
v -0.43256432 -0.58939475 0.39590436
v 0.14694202 0.16604896 -0.50350791
v -0.10964523 -0.59033048 -0.36353090
v -0.07721041 -0.58937705 0.63518268
v -0.47896305 -0.59115726 0.29487625
v 0.50808859 0.58587724 0.09950653
v -0.48682448 -0.58934110 -0.01168426
v -0.48031303 0.59012848 0.30176881
v 0.42551881 -0.59928691 -0.10492645
v 0.07853950 -0.53400671 -0.37403348
v 0.38198784 0.58557343 0.02062665
v -0.47632897 -0.59904742 0.25675985
v -0.05123575 0.59923643 0.61763030
v -0.22401249 -0.57233906 0.59029752
v 0.10362978 -0.26873457 -0.49282646
v -0.24455406 -0.51621926 -0.31134218
v 0.32464421 0.59480762 0.38166419
v 0.42404231 -0.58356732 -0.15051937
v -0.48818591 -0.59895790 0.07706995
v 0.16323557 0.36412165 -0.62562495
v -0.28595585 0.58481771 0.41381943
v 0.15553367 0.08938785 -0.50660783
v 0.50043160 0.59416342 0.06334715
v 0.03789793 0.59551126 0.53609031
v 0.02592664 0.35080588 -0.45979318
v 0.26914853 0.58967811 0.56301033
v 0.18225394 -0.44162339 0.50687915
v 0.25622389 0.58558244 -0.30698565
v 0.01838066 0.20714004 -0.39435342
v -0.24269429 0.59894174 -0.29586425
v -0.12098818 0.57251781 -0.24916893
v -0.37256327 -0.37607765 0.00500990
v 0.06473003 -0.39792666 -0.63740718
v 0.23558311 0.58713543 -0.31926802
v 0.40798828 0.59620827 0.16648449
v 0.02362414 0.48773959 -0.48075554
v 0.35715058 -0.48684606 -0.02557657
v -0.20484997 0.58639735 0.60016400
v 0.48831034 -0.59887618 0.07797166
v 0.12748018 -0.05124900 -0.50046742
v 0.13827954 0.47521076 -0.38356653
v 0.15107138 0.47539210 -0.47322914
v 0.19637798 0.57673174 -0.21389702
v 0.21981445 0.58862424 0.59053528
v -0.26870665 0.22976089 0.44021314
v 0.12298480 0.35671324 -0.39046833
v 0.13980120 -0.28984043 -0.39357707
v 0.01354034 0.59748286 -0.36844411
v 0.14580984 -0.06460658 -0.50207549
v 0.04321958 -0.11482683 -0.62769902
v -0.36981311 -0.47555137 -0.00110329
v -0.10255858 0.59892571 -0.34871042
v -0.43600139 0.59908354 0.34456766
v 0.15567562 0.27467623 -0.50706208
v -0.49909741 0.59785247 0.12813002
v 0.19737470 0.59564739 0.49683151
v 0.15626766 0.31931910 -0.51096749
v -0.47301868 0.59524190 -0.03791797
v 0.02416119 0.35207999 -0.41626462
v 0.04640422 0.22996767 -0.51290429
v 0.04057142 -0.30038524 -0.61664999
v 0.06293432 -0.47656631 0.53117973
v -0.43534860 -0.58601642 -0.12940988
v 0.23096919 -0.57620090 0.58496463
v 0.24534769 0.59760749 0.46786028
v 0.18096010 -0.48385999 0.60359275
v 0.04654820 -0.06395926 -0.63198900
v 0.05319040 0.38329589 -0.64020163
v -0.21736453 0.59516954 -0.20573254
v -0.50703001 -0.59307033 0.13444668
v 0.05319478 -0.31314299 -0.64019513
v 0.30778572 -0.51348138 0.53944141
v -0.35184178 -0.49915445 -0.01520713
v 0.28324950 0.58436018 0.41485485
v -0.30929935 -0.50408846 0.32278594
v 0.31276301 -0.58399409 0.53613317
v 0.02820892 -0.02562326 -0.37659130
v 0.32832739 -0.59648132 -0.24442391
v -0.39444402 0.58933949 0.10327461
v 0.05259194 0.59927112 0.61699784
v -0.43858662 0.58495361 -0.12429453
v 0.00422745 -0.50176668 0.25793600
v 0.13929738 0.38077593 -0.38281551
v -0.34811780 0.59906161 -0.20628512
v 0.04654820 -0.02562329 -0.63198900
v 0.14153294 -0.41049075 -0.47004399
v -0.24493001 0.58665317 0.57717615
v 0.02820955 -0.15341002 -0.37659124
v 0.14407615 0.14031674 -0.50105321
v 0.04638857 0.06365329 -0.51239765
v 0.12126481 0.34621483 -0.37819773
v 0.34690827 0.59668195 -0.09816749
v -0.49845693 -0.59156597 0.03998862
v 0.03075539 -0.41050529 -0.53706962
v 0.18040732 0.05088850 -0.34389552
v 0.16930473 -0.03205128 -0.60874951
v 0.01036985 0.06382131 -0.39837331
v -0.39572617 0.58689785 -0.19106075
v 0.04058141 -0.33869651 -0.61667961
v -0.21725996 -0.47306517 0.48435503
v -0.25643414 -0.58642095 -0.30629864
v 0.46736705 -0.59847587 -0.04056125
v -0.37044397 0.59548563 -0.20392746
v 0.11773306 -0.50208950 0.05340276
v 0.34394553 -0.49118298 -0.04511004
v -0.48859245 -0.59923935 0.10929781
v 0.03072789 0.10186713 -0.52306640
v 0.01405672 0.47603929 -0.41241762
v 0.47602770 -0.59928060 0.03656955
v 0.25360239 -0.59343171 -0.30255836
v 0.24374640 -0.49638167 -0.18902557
v 0.16932234 -0.18535472 -0.60866243
v 0.39514440 -0.46321076 0.24471597
v -0.05235409 -0.47322062 0.53829718
v 0.31188226 -0.49054351 -0.26652175
v 0.15384649 0.59375805 -0.25089368
v 0.41279781 -0.46320835 0.19451453
v -0.36190417 -0.49643180 0.00091344
v -0.07585429 0.50455976 0.63810843
v 0.16494489 -0.38890517 -0.34591392
v -0.26598838 0.59914386 -0.27971056
v 0.15390635 -0.10868196 -0.50520992
v 0.12996376 0.24945779 -0.50141007
v 0.17812464 0.57869315 -0.22987735
v 0.05733017 -0.25600827 -0.50925118
v 0.39285940 0.59579968 0.24153423
v 0.01273632 -0.31641349 -0.40648898
v 0.29119855 0.59758443 0.43182409
v 0.14020546 -0.17899355 -0.37505442
v -0.44605100 -0.59928042 -0.06436925
v -0.40837955 -0.58995694 0.43510675
v 0.16358107 0.47320512 -0.56738126
v -0.24990505 -0.49800444 0.56828547
v 0.01472413 -0.41831598 -0.39935878
v 0.14751612 0.35866785 -0.45299393
v 0.29379848 -0.47047755 0.42155978
v 0.08309982 -0.26991379 -0.38255882
v -0.38019487 -0.58558434 0.46924689
v 0.05629520 -0.01923352 -0.64002460
v 0.14907020 0.59907413 -0.33270469
v 0.41220903 -0.47113255 0.15368779
v 0.40113667 -0.48650926 0.43975097
v 0.15634251 0.05105621 -0.51056427
v 0.49337253 0.57848990 0.25425300
v 0.11586685 -0.48606339 -0.24636190
v 0.50300658 -0.48913682 0.07631418
v 0.14002182 -0.40969172 -0.42764285
v 0.48565146 -0.57768565 0.28219992
v 0.02950647 0.18232398 -0.37649024
v 0.03894342 -0.49776477 -0.26154563
v 0.04051965 -0.07034344 -0.51341182
v 0.03833068 -0.41905025 -0.38569415
v 0.25740650 -0.50248408 -0.16651711
v -0.08931495 0.59769332 -0.27718142
v 0.40820771 -0.48513439 -0.16636211
v 0.05318467 0.23633902 -0.64020175
v -0.44986367 0.59910017 0.31710461
v 0.33870801 -0.46876049 0.36921477
v 0.02205522 -0.48260105 0.52688664
v 0.46386629 -0.59929740 -0.01522772
v 0.40969238 0.52896363 -0.17517585
v 0.16208346 0.21606135 -0.62585747
v 0.07641879 0.49679020 -0.38593861
v 0.39692241 -0.58274019 0.45430973
v -0.10337052 -0.46989235 0.52942002
v 0.05318577 0.40246207 -0.64020103
v -0.06729412 0.58582389 0.52406061
v -0.18641205 0.58934629 0.48607406
v -0.40992913 -0.59066325 -0.16879627
v 0.33885670 -0.58413768 0.51124483
v 0.50124615 -0.24217097 0.20477621
v 0.27022606 -0.59009033 0.56191725
v 0.40882039 0.38299373 -0.17467226
v -0.39139283 -0.48313010 0.05877065
v 0.03496706 0.49665967 -0.43413818
v 0.15647759 -0.12112649 -0.51102471
v -0.26953897 0.59900844 0.53637648
v 0.18174839 -0.28122541 -0.34077185
v -0.50687462 0.58790272 0.08982842
v 0.16324912 0.00632330 -0.62560946
v 0.47314596 0.59347034 -0.05037938
v 0.39277890 0.59766388 0.26957533
v 0.40436733 -0.42782208 -0.17023936
v 0.03994320 0.47737977 -0.60045320
v 0.10334973 -0.27787668 -0.39249605
v 0.34078947 -0.48558059 0.06936093
v 0.15634386 -0.06395178 -0.51050997
v 0.03356242 -0.40780628 -0.55832165
v 0.03190250 -0.59215343 -0.37433723
v 0.05329935 -0.14063142 -0.64024514
v 0.08007440 0.34467420 -0.49881655
v 0.49366933 -0.58497155 0.25345170
v 0.40040219 0.58793610 0.14729017
v -0.39769891 0.59933567 0.40545720
v 0.18972151 -0.58133620 0.60700113
v -0.15279374 -0.45663166 -0.24321468
v -0.33065996 0.59097016 -0.25102785
v -0.03854054 0.59873682 -0.36099187
v 0.13858846 0.33355635 -0.37459978
v 0.15046512 -0.50396025 -0.20707268
v 0.46954668 0.49159274 0.33568910
v 0.11806135 0.58765334 -0.24911880
v 0.14092666 -0.36549708 -0.37600794
v 0.17904833 0.59393215 0.50107127
v 0.45904192 0.59426427 -0.07641609
v 0.33201686 0.58751583 -0.25443995
v 0.36970267 -0.59930807 0.44698146
v 0.05196254 -0.48171422 0.51573664
v 0.16959254 0.28106466 -0.61217552
v -0.30737159 0.59912956 0.51293695
v 0.05320549 0.36411732 -0.64020419
v 0.26733187 0.59727430 0.44642121
v -0.50095016 -0.48657420 0.06410877
v 0.50754827 -0.58702457 0.07687666
v 0.31537303 -0.53491694 -0.27183574
v 0.39816824 0.57622135 0.06199414
v 0.20244336 0.58670837 -0.33739850
v -0.06287054 0.59745413 -0.27719015
v 0.36851305 0.59563130 0.29362357
v -0.28167441 -0.59926718 -0.26799810
v 0.22930734 0.59895688 0.56712127
v 0.16954961 0.43431348 -0.61207801
v 0.01387500 -0.40052626 -0.40747589
v 0.01882358 0.49515748 -0.40159994
v 0.43564409 0.59930074 -0.07635146
v 0.32472706 -0.42049661 0.39678207
v 0.15558183 0.01910303 -0.50654709
v -0.30523381 0.59753197 0.42138848
v 0.23088942 0.59805155 -0.22966003
v -0.03818052 0.59504122 -0.26871026
v 0.10227407 0.59760571 0.53324693
v 0.46794859 0.28722540 0.33552241
v 0.38887292 0.58094865 -0.19704236
v -0.31973451 -0.59929627 -0.22992373
v -0.41047895 0.59871882 -0.14299080
v -0.17947195 0.59895420 0.58974165
v 0.12923409 0.48686731 -0.62545413
v 0.33076692 -0.21607868 -0.12070925
v 0.16913760 -0.39450428 -0.61182380
v -0.17754340 0.59766752 -0.25128177
v 0.07671231 0.48817819 -0.62574261
v -0.39997151 0.33852908 -0.18546188
v 0.44582596 0.59315008 0.37085912
v 0.05107750 -0.38261598 -0.63872200
v 0.36438853 0.57977867 -0.22217020
v 0.01625917 -0.27436754 -0.40160486
v 0.32436576 -0.47814423 0.38550681
v 0.03192395 0.59630144 -0.37058780
v 0.15540716 0.00632480 -0.50637221
v 0.31028360 0.59298968 -0.26982865
v -0.37217936 0.58437425 0.47794917
v 0.14289334 -0.20455506 -0.37406164
v 0.21254568 -0.58396041 0.59499079
v -0.28054768 0.58702546 -0.29282987
v -0.47142237 0.58794832 -0.06424419
v 0.06661753 -0.59834683 -0.36714464
v -0.00015563 0.58951348 0.63950789
v 0.14052361 -0.27705652 -0.45317706
v 0.01556440 -0.49253398 0.37684634
v 0.36783767 0.59760237 0.31908035
v 0.07143741 -0.27406618 -0.38953292
v 0.39307961 -0.47885942 0.22985552
v -0.39653859 0.58810127 0.20343123
v 0.13918151 -0.40755817 -0.40842018
v 0.16328540 -0.20452456 -0.62554777
v 0.39861652 0.57830697 0.12813196
v -0.06409983 0.58897465 0.63749880
v 0.16642736 -0.15979899 -0.62537146
v -0.49453345 0.57719493 0.01338462
v 0.36176541 -0.46769768 0.31911001
v 0.19910026 0.59918433 -0.30638781
v -0.37144506 -0.36939728 0.31766593
v -0.40368393 -0.48305216 0.09291381
v -0.47530535 -0.58447969 -0.05305374
v -0.09014077 0.59374475 0.52541751
v 0.23607777 0.59926170 -0.28960243
v -0.49189776 0.58947253 0.25701335
v -0.13271628 0.59902513 -0.33453453
v 0.40785563 -0.46056429 0.21731572
v 0.08969822 0.59771943 -0.27828625
v -0.26887149 0.08310001 0.44365603
v 0.48763341 -0.59851098 0.21777385
v 0.04046857 0.09413343 -0.61599046
v 0.15634491 -0.14062399 -0.51047200
v 0.02276646 -0.40797213 -0.47925875
v -0.24478482 -0.58972299 0.57668370
v 0.17004006 0.33879423 -0.23931459
v -0.15077063 0.59901845 0.59102750
v -0.50224084 -0.59756452 0.14729373
v -0.49822295 -0.59815443 0.16647084
v -0.43699825 0.59919882 -0.08965599
v 0.47352043 -0.59931362 0.24222834
v 0.02684232 -0.58863485 0.63965887
v 0.24136513 0.58991492 -0.17976643
v -0.42042699 0.57838535 -0.15504138
v -0.26952001 -0.08301985 0.44699451
v 0.20517546 -0.48828879 -0.21207473
v -0.00042168 -0.50005597 0.52490658
v 0.29454032 0.59915692 0.52627611
v 0.40045047 0.58794069 0.10895386
v 0.03996960 -0.24913350 -0.51373750
v -0.38785955 -0.34991667 -0.02757796
v -0.27879098 -0.58479553 -0.29396039
v -0.15979831 0.57692844 0.49950513
v 0.01421439 -0.28999057 -0.40994450
v 0.39472160 0.59803075 -0.01499257
v -0.30337885 -0.48616105 -0.12425458
v 0.30769092 -0.43408036 -0.11731993
v -0.07559088 0.19796944 0.63563567
v 0.02450551 -0.40670261 -0.49222687
v 0.47646421 -0.59915984 0.01287269
v -0.43814886 -0.59926778 0.34831825
v 0.36984023 0.59372997 -0.02487337
v 0.40863261 -0.47393391 0.17830126
v -0.22834876 0.58569127 0.45892140
v 0.05208004 0.33807695 -0.37851116
v -0.01877214 -0.45862558 -0.38334206
v 0.05329897 0.16605656 -0.64024383
v 0.01680795 -0.28957739 -0.43345693
v 0.37605324 -0.48394915 0.06659524
v -0.32298487 -0.50325042 -0.07710470
v 0.04041977 0.27007583 -0.61568201
v 0.22346853 0.58533353 0.46130651
v -0.42409599 0.59578139 0.39714339
v 0.14661555 -0.26211944 -0.50003529
v 0.14544787 -0.27808416 -0.47330993
v 0.04041582 0.30843350 -0.61566859
v 0.14124510 0.17912836 -0.37465787
v -0.36547783 -0.50424439 0.06341249
v -0.35091788 0.35793051 0.33605501
v 0.03995473 -0.37879634 -0.61546099
v -0.37996393 0.59752840 -0.05058978
v 0.25574341 -0.48179913 0.42760161
v 0.16496330 0.15966700 -0.62529242
v -0.45961809 -0.59209359 0.34586802
v -0.15993667 0.58852935 0.61386919
v 0.02986756 -0.12784129 -0.52443093
v 0.44351879 0.59693688 -0.09581271
v 0.37090057 0.59932333 -0.17685933
v 0.16241853 0.48190010 -0.58150506
v -0.28198403 -0.50032943 -0.12940645
v 0.25619930 0.58409560 -0.16411321
v 0.14068025 0.30056402 -0.37440476
v 0.16853946 -0.35858047 -0.60174990
v 0.30074018 0.58616728 -0.12714902
v 0.16323560 0.37690410 -0.62561148
v 0.13999197 -0.23669448 -0.37463412
v 0.27127466 0.58990669 0.42721552
v 0.04882678 -0.27370602 -0.47103897
v 0.02531853 0.59921962 0.61670184
v 0.15456630 -0.48513928 -0.23206346
v 0.31796220 0.49173912 -0.26928279
v 0.11563679 0.35614985 -0.40659106
v 0.01043991 -0.05119284 -0.39879754
v -0.24240038 -0.47162861 0.46744668
v 0.32997102 0.58711749 -0.10254175
v 0.16049463 -0.08951664 -0.62612969
v 0.39709407 -0.48120734 0.20558463
v -0.40371588 0.51725888 0.17947797
v 0.05626166 -0.03840196 -0.63997591
v 0.14744593 -0.40997323 -0.50108290
v 0.14383237 0.35235637 -0.47068569
v 0.31365409 -0.48341763 -0.10067565
v 0.01281174 0.57191187 -0.27095339
v 0.04484873 0.32056049 -0.63000149
v 0.14343466 0.11497679 -0.50049186
v -0.40267384 0.57245475 0.18395111
v 0.03584632 0.04819156 -0.51632553
v 0.36117092 0.59909695 0.46266505
v 0.47261828 -0.50786293 0.32017171
v 0.16048948 0.40885097 -0.62609237
v -0.36888888 -0.47758761 0.31719422
v 0.08880280 -0.42771319 -0.36708686
v 0.34917697 0.58968699 -0.23590524
v 0.18626520 0.28121755 0.49371561
v -0.02625565 -0.48042539 0.54065126
v 0.16960900 0.34427357 -0.61144006
v 0.01299825 0.59417850 -0.27903846
v -0.36625665 0.59786892 -0.08710539
v 0.14045639 0.58819187 -0.35596788
v 0.27627200 0.59776616 -0.18131170
v 0.02262148 -0.27566254 -0.41510519
v 0.00095683 0.51062417 -0.39103559
v -0.17847231 0.59229755 -0.23029846
v 0.00629922 -0.50582922 -0.07888563
v 0.12713128 0.59682226 0.52060324
v 0.33550483 0.59912759 0.48818573
v 0.04942174 -0.59091228 -0.37428012
v 0.16946480 0.46593738 -0.61079985
v -0.41070458 0.59792799 0.24776287
v 0.13374689 0.58765453 -0.24728295
v -0.14046018 -0.37132913 0.52396375
v -0.42201656 -0.57886255 -0.15160045
v 0.02506087 0.35463151 -0.49340925
v 0.11262837 0.59908319 0.60454738
v -0.38146621 0.59921116 0.43529510
v -0.30869961 0.58596313 0.53943086
v -0.00094964 0.59100789 0.53567880
v 0.31470346 -0.47010043 0.40464002
v -0.25725910 -0.50421321 -0.12914935
v 0.13772787 0.35646573 -0.37691593
v -0.33407116 0.59706706 0.50047117
v -0.36188090 0.59559160 -0.06446052
v -0.50416332 0.59338403 0.10890684
v 0.14464003 -0.27981701 -0.43860638
v 0.05301089 -0.35772499 -0.64006180
v 0.28601554 0.58452642 -0.13932237
v -0.19326365 -0.50398469 0.43995497
v 0.02831255 0.47604465 -0.52254575
v -0.20717072 -0.50421125 -0.17061612
v -0.34981105 0.59499490 -0.08784655
v 0.14984559 -0.24918425 -0.50306970
v 0.33196110 -0.38186607 -0.12264197
v 0.34696177 -0.48143983 0.32170439
v 0.13466607 0.36515826 -0.39531428
v 0.01046118 -0.09591977 -0.39879209
v 0.00607560 0.49388921 -0.39639649
v -0.06396451 0.59645414 -0.36946398
v 0.14585043 -0.38693270 -0.42911774
v 0.00335767 0.47304168 -0.39597663
v 0.14473394 -0.15341534 -0.50142479
v -0.00590583 0.58422655 -0.37571198
v -0.31710586 0.43446988 0.53321034
v -0.20258822 -0.49702990 -0.19157445
v 0.16558442 -0.39786628 -0.58511531
v -0.12735377 -0.50073427 -0.23762813
v -0.50696987 0.36419049 0.19377352
v 0.03695921 0.48488259 -0.58108288
v 0.01106343 0.29383510 -0.39785019
v 0.13862920 -0.26990047 -0.37452659
v 0.05512314 -0.41200367 -0.58123428
v 0.07721129 0.58981568 0.63543165
v 0.26912603 -0.59921116 0.07025520
v -0.38450438 -0.50368863 0.09107722
v 0.05404993 -0.58688736 0.64027482
v 0.46343711 0.59915471 0.27849644
v 0.08958029 -0.59023678 -0.36935633
v -0.41209829 -0.59922361 0.39713877
v -0.45887816 -0.59912509 -0.03894234
v -0.24163258 0.59757161 -0.20124249
v 0.30881256 -0.40461245 -0.14311691
v 0.47397953 0.57261568 -0.06100839
v -0.30947772 -0.59924877 0.51283282
v 0.34243631 0.58288139 -0.07636079
v -0.39472914 -0.58733511 -0.18979822
v 0.00611721 -0.58682823 0.64012468
v 0.13896379 0.59761804 -0.26710960
v 0.31632510 0.14053209 -0.26710936
v -0.27759719 -0.49588513 0.42453656
v 0.05081029 -0.26330954 -0.38090733
v 0.05319162 -0.33231145 -0.64019489
v -0.07436847 0.59787834 0.54972315
v -0.00512929 -0.35786694 -0.39272684
v 0.43717441 0.58525229 -0.12687087
v 0.04056106 0.18523097 -0.51414084
v 0.05623016 -0.06395929 -0.63992602
v 0.13011643 -0.28147402 -0.40160629
v 0.04055740 0.19800356 -0.61668140
v 0.18508691 -0.23653987 0.50289917
v 0.15323310 0.48511544 -0.62265509
v 0.15590571 -0.16794436 -0.50782055
v 0.31896862 0.59544945 0.51909554
v 0.45047298 0.59920478 0.32222515
v 0.46948391 -0.29414451 -0.05621065
v -0.08980523 0.57851738 0.51978773
v 0.16049585 0.29384288 -0.62613147
v 0.50537968 0.58353400 0.20909590
v 0.01113097 0.14049929 -0.39784434
v 0.12690082 -0.41276705 -0.25876257
v 0.15636025 0.11494929 -0.51059759
v 0.01203860 -0.14808938 -0.28178915
v -0.40893814 -0.52779633 0.43945056
v 0.19445735 -0.48137450 0.48268706
v 0.13895181 0.48901674 -0.47267699
v -0.08765750 0.56421804 -0.37068659
v 0.41828686 0.59766108 0.21896507
v 0.02787029 -0.21720612 -0.37709212
v 0.03508316 0.49036551 -0.52287161
v 0.35897151 -0.48096719 0.29506072
v 0.50294077 -0.59489894 0.10164812
v 0.02692974 -0.39996356 -0.51093036
v 0.21618414 -0.59892809 0.57473212
v -0.50635678 -0.58671546 0.19250222
v 0.15418126 -0.40809157 -0.53207195
v -0.32174399 -0.36036652 -0.13649739
v 0.42333764 -0.58723748 0.41353357
v 0.18918553 0.12801415 0.60474187
v -0.33965066 -0.49704188 -0.06258982
v 0.05318448 0.02549136 -0.64020336
v 0.05318522 -0.19174595 -0.64020371
v -0.41075063 0.58732694 0.43651831
v 0.18090783 -0.48726556 -0.22218986
v -0.05094915 0.59474611 0.53468972
v -0.09001978 -0.49359787 -0.24596779
v 0.15181573 -0.41056862 -0.57411152
v -0.15624146 0.52982742 -0.24197245
v -0.17881821 -0.58713979 0.60870135
v -0.19715136 -0.36823308 0.49528027
v 0.06760325 -0.59912050 0.62210339
v 0.50191098 -0.37726820 0.07326318
v 0.15558623 0.03188172 -0.50656992
v 0.02820716 0.26189661 -0.37659144
v 0.33791378 0.59177059 0.34660432
v 0.02035800 0.49118701 -0.41496801
v 0.38067585 -0.58431292 0.47055569
v 0.37191197 -0.49813160 0.01618746
v -0.27288544 0.58498043 -0.15198216
v 0.40671012 -0.58861238 -0.17644726
v 0.06098861 0.32427645 -0.51115036
v 0.24472743 0.58835244 0.57676810
v -0.13958526 -0.19754976 0.52332330
v -0.35784096 -0.59928185 -0.18065600
v -0.01481903 0.59826201 -0.36505666
v -0.17902750 0.58746320 0.60877323
v 0.01977612 0.47576296 -0.45786113
v 0.41198647 -0.39223439 0.06031103
v -0.40465623 0.58632606 0.16650061
v 0.50396013 0.59322059 0.14107633
v 0.08578563 -0.50289226 -0.23382436
v 0.41142946 -0.47396040 0.10263474
v 0.11888941 0.49126801 -0.53462279
v 0.41939056 0.59760064 0.13932216
v 0.27566087 0.59917539 -0.26851955
v 0.13648807 0.49579301 -0.37390646
v 0.01431540 0.33800656 -0.39769709
v 0.45956153 0.59374994 0.34400353
v -0.33348557 0.59849679 -0.23090643
v -0.40262228 -0.49918830 0.11428080
v 0.02578084 -0.27643833 -0.47215539
v 0.48783264 -0.59091049 -0.00857693
v 0.14163598 -0.15308931 -0.37458566
v -0.37676805 0.57741100 -0.01399502
v 0.16151941 0.58448386 0.49774018
v 0.04617615 -0.03840917 -0.51225370
v 0.27689803 -0.50377077 -0.12449543
v 0.11184528 -0.48191348 0.43058085
v -0.48657179 0.59893250 0.16649467
v -0.22681147 0.59784651 0.49077892
v 0.06533551 -0.49493921 -0.25573730
v 0.20778605 0.58610499 0.47388813
v -0.24032204 0.08642534 -0.18449439
v 0.40831968 -0.47582078 0.07724250
v -0.41657981 -0.31281504 0.18038505
v -0.13912873 0.59102005 -0.25044194
v 0.01042688 -0.11509282 -0.39882219
v -0.02581315 0.58939427 0.63882613
v -0.39277154 0.59172875 0.22079240
v 0.31519490 0.58404899 0.53398556
v -0.16912913 -0.41709724 0.51687360
v -0.03812573 0.58950227 -0.37424394
v 0.47486705 0.59902334 0.01238725
v -0.28382346 -0.59928215 0.52716362
v -0.47804630 -0.59589344 0.27530482
v -0.20219912 -0.09638529 0.59680736
v 0.01104091 0.11494109 -0.39783877
v 0.01042013 -0.16621017 -0.39868510
v -0.34834605 -0.50428087 0.02751894
v -0.45548153 0.57762665 0.35830846
v -0.34376612 -0.59933031 -0.20568690
v 0.14694202 -0.12785745 -0.50288892
v 0.42002347 0.58686084 0.41883525
v -0.50803339 0.57819009 0.12675253
v 0.10172342 0.50304008 -0.38115916
v 0.15161331 -0.39975655 -0.48583344
v -0.20392942 0.59919280 0.57623357
v 0.02604736 0.36673507 -0.50584608
v 0.16324914 0.04465930 -0.62560987
v -0.39482206 0.59754938 -0.02999901
v 0.04199662 -0.40603146 -0.60031474
v 0.16617563 -0.58851671 0.61299825
v 0.20277272 0.59520739 -0.22195950
v 0.16418511 0.48418781 -0.59953398
v -0.27817756 -0.48064160 -0.14445646
v 0.15021268 0.48687792 -0.49760422
v -0.38261193 0.59019125 0.24784365
v -0.13993807 0.23558928 0.51616561
v 0.19879365 -0.42227209 -0.22432517
v 0.21452390 -0.50379056 -0.18274395
v 0.24398097 -0.47145495 0.46062583
v -0.15700096 -0.02544173 -0.25124338
v 0.16495505 -0.28758630 -0.62528938
v 0.03005799 -0.05753912 -0.53418583
v 0.12147166 -0.41003239 -0.62364364
v 0.15363397 0.48621461 -0.52191198
v 0.40774757 0.59550607 0.19837946
v 0.19252861 -0.59842378 0.58882433
v 0.01107731 0.24911803 -0.39784965
v -0.39581794 -0.46104044 -0.18126990
v -0.31981710 0.58970207 -0.12001779
v 0.13103090 0.34692037 -0.48572528
v 0.05468007 0.33323148 -0.64016879
v -0.15453930 -0.40869167 -0.25087816
v -0.36222050 -0.58067507 -0.22416420
v -0.31788599 -0.58732426 -0.26552892
v -0.47495398 0.59904575 0.21486861
v 0.31455156 0.13411133 0.39589965
v 0.16876988 0.05118473 -0.60376501
v 0.37713695 0.58887857 0.00827659
v 0.04055803 0.12773798 -0.51387686
v 0.06137586 0.49053648 -0.57882541
v 0.44555292 -0.59218961 0.36995286
v 0.02407739 0.51396382 -0.37864953
v 0.38010865 -0.59166551 -0.20095739
v -0.47597519 0.59916699 0.03938342
v -0.36002228 0.57845962 -0.04921973
v -0.18268676 0.59797406 0.51861256
v 0.13057068 -0.24405538 -0.49980050
v 0.02820965 -0.17257801 -0.37659124
v 0.01032406 -0.30775893 -0.28424126
v -0.33363172 -0.55918151 -0.25267124
v -0.47042596 -0.11534419 0.32075015
v -0.32020158 0.59486353 0.38537389
v -0.39428645 -0.50123495 0.14883102
v -0.01282976 -0.58948123 0.63817459
v -0.41746321 -0.39971823 0.12917288
v 0.10272531 0.34577966 -0.49222592
v 0.30702192 0.47278315 0.39697006
v -0.34390438 0.59921277 0.47198835
v -0.01888331 0.59532249 0.53583837
v 0.02975727 0.27467600 -0.52456623
v 0.43836409 -0.59929079 -0.07930658
v 0.14578344 -0.20386402 -0.50175643
v 0.47126165 -0.49487647 -0.05525493
v 0.19178069 0.57505316 0.48536530
v -0.00739191 -0.59923118 0.61528236
v 0.20219074 -0.47705746 -0.32999414
v -0.20778482 0.58633995 -0.33386692
v -0.35968211 -0.37564230 -0.03016241
v -0.49747613 0.59059572 0.03141177
v 0.02593335 0.55610991 -0.37692389
v 0.02975300 0.25552729 -0.52455992
v -0.39855444 -0.59929425 -0.13724349
v -0.12790030 -0.48030120 0.51909977
v -0.39582053 0.59620410 0.05171611
v 0.33592579 -0.59928834 -0.21980733
v 0.03226889 0.48456529 -0.54299879
v 0.15565069 0.21078317 -0.50692123
v 0.18043925 0.59323668 -0.34204593
v -0.20310616 0.48505679 0.60165530
v 0.14225960 0.32737780 -0.50268275
v 0.37292325 -0.48203549 -0.00014950
v 0.18153709 -0.00018680 -0.34322694
v -0.18754646 -0.48886034 -0.21135588
v 0.16939488 0.50490117 -0.23688942
v -0.39638245 -0.23628952 -0.18238209
v -0.50777006 -0.58708543 0.11534809
v 0.27545679 0.58752537 -0.29550588
v -0.45079038 -0.59927404 0.32057905
v 0.49792555 0.59104633 0.23092140
v 0.16930473 0.08303382 -0.60874951
v -0.33882937 0.57605416 0.51231855
v 0.09686738 0.56550735 0.51359308
v -0.11603124 0.57806844 0.51586682
v 0.16172986 -0.38685676 -0.54974860
v -0.26987872 -0.23652487 0.45026040
v 0.40710706 -0.07707106 0.06027338
v -0.29070058 0.59915465 -0.26559639
v 0.18071413 0.43824434 -0.34580022
v 0.30192247 0.59752071 -0.15581046
v 0.07217460 0.34811047 -0.47298101
v 0.02918372 0.34367934 -0.52116925
v 0.18232200 -0.50400007 -0.19561897
v 0.05343495 -0.29397881 -0.64025891
v 0.14030656 0.41693002 -0.37643340
v 0.50808764 0.48471564 0.07118713
v 0.08177294 -0.41313115 -0.26944703
v 0.16213140 -0.03951206 -0.62574816
v 0.02820876 -0.00006596 -0.37659132
v 0.12700510 -0.59419477 -0.35543820
v 0.20278983 -0.34668335 -0.33055687
v 0.16328542 -0.12785266 -0.62554747
v 0.39700478 0.59924310 -0.15091577
v -0.32832327 0.59749973 -0.13663003
v 0.16961586 -0.31884611 -0.61144412
v 0.16208510 0.45817572 -0.62556505
v 0.44872510 -0.57673782 0.37262285
v 0.14296515 -0.08954564 -0.37410375
v 0.01105951 0.26828596 -0.39784950
v -0.32097584 0.55935353 -0.11388110
v 0.01232203 -0.15925187 0.54574597
v -0.00627188 0.59066916 -0.27290991
v 0.00807345 0.40246201 -0.39682028
v -0.06345933 -0.59379667 -0.37106463
v 0.04051556 -0.08949794 -0.51337337
v 0.15921152 0.46268800 -0.53055215
v 0.14080282 -0.41023621 -0.44758368
v 0.25793123 -0.59895456 -0.28660744
v 0.38461265 -0.59663492 -0.18558517
v 0.01038910 -0.01924161 -0.39875436
v 0.15634085 0.19162235 -0.51062864
v 0.46345228 0.59919614 -0.02020778
v 0.22889122 -0.49674761 0.05914305
v -0.11254209 0.59912091 0.60353792
v 0.03004072 -0.09591369 -0.53428048
v -0.47454038 0.39613819 0.32166085
v 0.16123906 -0.40078241 -0.56819057
v 0.14932360 -0.42952642 -0.35039914
v 0.50602728 0.46002841 0.20628217
v -0.29527798 -0.49681157 0.38990441
v -0.49201214 -0.58610958 0.00618094
v -0.30164120 -0.47056952 0.41505739
v 0.14344276 0.30708763 -0.50168675
v 0.27560875 -0.47076887 0.43386704
v -0.40591002 0.38307849 0.17968999
v 0.41141444 -0.44313180 0.06008262
v 0.15853314 -0.40986842 -0.60007161
v 0.02469391 0.35034412 -0.40064713
v 0.20337152 -0.41681242 -0.32952720
v 0.05058717 0.51126653 -0.37688503
v 0.01027096 0.01270234 -0.39884022
v 0.11837164 0.33811092 -0.49927297
v 0.37344906 -0.48185575 0.24344705
v -0.02978801 -0.50389147 0.50417608
v 0.26963389 -0.50375879 0.04535540
v 0.43500394 -0.57655001 0.39601865
v -0.34830421 0.53021812 0.33531526
v 0.04255129 0.30794328 -0.51417702
v 0.06374957 0.59558851 -0.26965564
v 0.40434501 0.09563034 0.20675878
v -0.12773068 -0.59140664 -0.35764796
v -0.38639316 -0.49625328 0.06868129
v -0.45037484 0.59926480 -0.06188180
v 0.15595414 -0.40789843 -0.54923105
v 0.08148251 0.53031522 -0.37594232
v -0.41495451 -0.48224881 0.13798206
v -0.38373953 -0.59935224 -0.16604304
v 0.08565676 0.47364667 -0.63566822
v 0.38384533 -0.47534779 0.25796589
v 0.22758275 -0.48046699 -0.20888846
v 0.16208325 0.24161866 -0.62585753
v 0.40738711 0.12134508 -0.17323560
v 0.16943938 0.30363005 -0.60994381
v 0.14082535 0.14646295 -0.37482113
v -0.09681404 -0.59176600 -0.36579934
v 0.06357075 0.57724690 -0.26038662
v 0.15565781 0.22995259 -0.50696212
v 0.03788889 -0.41424948 -0.51149994
v 0.16931869 0.22356075 -0.60866708
v 0.16877043 -0.00020132 -0.60375887
v -0.17679769 -0.46973664 0.51145041
v 0.31241569 -0.39836714 -0.26476848
v 0.32824939 0.56074101 -0.10339408
v 0.03587142 0.07949038 -0.51633340
v -0.40045649 0.58972293 0.12641309
v 0.39600950 -0.40279394 0.44595641
v 0.14965640 -0.29002973 -0.45932892
v 0.33506668 -0.48598516 -0.06347353
v 0.03013945 0.12550348 -0.53532130
v 0.32523772 -0.43694878 -0.08526780
v -0.46321681 -0.37690958 -0.06832507
v 0.30475733 0.59916526 -0.24265660
v 0.01070738 0.08938093 -0.39801449
v 0.38166440 -0.46878079 0.27405953
v 0.14426246 0.05119826 -0.50128758
v 0.37189731 0.59445173 -0.20547831
v -0.19105169 0.50398731 -0.34296611
v -0.31417051 0.57602459 0.37794754
v 0.38608533 -0.59928519 -0.16918106
v -0.40893966 0.40882790 0.43859658
v -0.08978710 -0.50572234 -0.22979678
v 0.42425847 0.59542096 -0.13364747
v -0.15488496 0.08360981 -0.25053996
v 0.11551072 -0.58757579 0.62725848
v 0.16981785 0.03811640 -0.24471365
v 0.39876860 0.59210539 0.21801785
v 0.06136313 0.36211982 0.63910615
v 0.16855559 -0.26842526 -0.60206944
v -0.48533970 -0.57809615 0.28456593
v -0.07949476 0.59899670 -0.35108197
v 0.34003207 0.59782803 -0.13188593
v 0.09551226 0.32839593 -0.50621384
v 0.14004448 0.10848227 -0.37508610
v -0.35227171 0.59378093 0.34268895
v 0.29428008 0.58280122 -0.28433961
v -0.29758903 -0.58946663 -0.28122699
v -0.33301812 -0.58879584 -0.25024936
v -0.32318234 0.05782579 -0.12459071
v 0.05282702 0.43436432 -0.64003086
v -0.50294632 -0.49145335 0.17682260
v -0.10904904 -0.50305766 -0.23832080
v 0.00117012 -0.50543642 0.49964339
v -0.18946606 0.59916198 -0.32252377
v -0.35578057 -0.50408250 0.21289507
v 0.01745364 0.59768730 0.55935371
v -0.15533772 0.30640689 -0.24648470
v -0.21733345 0.59904468 -0.30903301
v 0.12142298 -0.26654685 -0.49327692
v 0.16940174 -0.30593953 -0.25035360
v 0.05279046 -0.00645533 -0.64002842
v 0.05318643 0.41524014 -0.64020026
v 0.11661142 -0.50392920 -0.21984018
v 0.32552740 -0.58806270 0.52450001
v 0.01993901 0.36590618 -0.45909193
v 0.00514146 -0.37056321 0.54928881
v 0.03004376 -0.23582602 -0.53466552
v 0.34555182 0.59906930 -0.20208143
v 0.47810435 -0.59269959 0.29727051
v 0.15676199 -0.26222730 -0.51292449
v -0.48406348 -0.59759629 0.01632493
v 0.19074742 -0.21868767 -0.33775252
v -0.43563369 0.58185077 0.39369094
v 0.16878222 -0.22369416 -0.60389423
v -0.18897481 -0.49039459 -0.33928427
v -0.20322582 -0.59935981 -0.30712980
v 0.17664301 -0.17642874 -0.34332061
v -0.40396079 -0.46226871 0.43389231
v 0.26613092 -0.43012860 -0.17899337
v 0.12875365 0.02763373 -0.50066268
v -0.38177150 -0.47669619 0.03149766
v 0.05432950 0.35023794 -0.42388272
v -0.34893033 0.48557785 0.33564728
v 0.10519806 -0.38642132 -0.63375121
v 0.01063943 -0.42241871 0.54938674
v -0.26964742 0.50495636 0.43335506
v -0.29029259 0.59754336 0.44039360
v -0.38736901 -0.41204917 0.29414070
v 0.10831778 0.57458395 -0.36784089
v -0.46152622 0.59057385 0.34531999
v 0.47579050 0.59902483 0.22929370
v -0.29413736 -0.50337499 -0.11000418
v -0.15594873 0.42788759 -0.24405952
v -0.02351882 0.52730328 -0.38777626
v 0.01032190 0.03826330 -0.39855137
v 0.17028151 0.46000668 -0.23712741
v -0.32245076 -0.11520923 -0.13009155
v 0.30403122 -0.01332066 0.53916687
v 0.02584038 -0.26218554 -0.38448799
v -0.16677536 -0.49279073 -0.22485505
v 0.09503146 -0.25052953 -0.50426549
v -0.38570240 0.57809472 0.05028511
v -0.33141312 -0.59486473 0.51031113
v -0.20312408 -0.59069926 0.59887505
v 0.33148518 0.44075555 -0.10253809
v -0.15474556 0.20429352 -0.24850962
v -0.24214110 -0.49859262 0.43826967
v -0.44872093 -0.57590193 0.37017140
v -0.21102765 -0.47539547 -0.19616941
v 0.14997403 -0.38703391 -0.46029675
v 0.03014369 -0.02330856 -0.53548777
v -0.50670117 -0.58735478 0.08984595
v -0.13061333 -0.59363520 0.61870807
v 0.07725648 -0.26477715 -0.50018966
v 0.26830485 -0.48635069 -0.17722878
v -0.38608342 -0.49012616 0.19531906
v 0.16208398 0.07549586 -0.62585682
v -0.40062863 0.42795718 -0.18580234
v 0.05340802 -0.24925341 -0.64027423
v -0.42231998 -0.59907389 -0.11519582
v -0.31672788 0.35143256 0.53262830
v -0.31164229 -0.47236082 0.52830213
v -0.48013768 0.57785732 -0.03712755
v -0.31712583 0.51018757 0.53397959
v 0.07873792 -0.41023913 -0.62679881
v 0.39959112 0.59904116 0.41209075
v 0.29376760 0.58838719 0.54882812
v 0.05626179 -0.11507397 -0.63997591
v 0.01043563 -0.14065084 -0.39873293
v 0.14379522 -0.28521338 -0.41974223
v 0.48241422 0.57813746 0.29289138
v 0.12848949 -0.10008866 -0.50015044
v -0.38941997 0.57794356 0.07791751
v -0.23243785 0.58634382 -0.31997755
v 0.50283653 -0.26159361 0.07351428
v 0.30953783 0.34479532 0.39673203
v -0.37410507 -0.59693170 -0.19478412
v 0.02820927 -0.08312722 -0.37659127
v -0.50180572 -0.28776291 0.19132675
v -0.14044885 0.59640658 0.52383119
v -0.49817035 0.58525330 0.23385574
v 0.25511846 -0.47775647 0.44214109
v 0.47119617 -0.06381562 -0.05670765
v -0.26986334 0.54366857 0.43236169
v -0.15729883 0.58726740 -0.24282601
v 0.36960799 0.58787119 0.26772776
v 0.05761072 0.59915811 -0.34652063
v 0.18364613 0.22329342 -0.34392479
v 0.31287581 0.20446274 0.39611852
v 0.12853576 -0.21515328 -0.49971190
v 0.05318455 0.08938474 -0.64020234
v -0.46325171 -0.48464596 -0.06935733
v 0.16324896 0.17883536 -0.62561089
v 0.04622219 -0.00006874 -0.51229042
v -0.34150898 0.59726930 -0.11344129
v -0.15330805 -0.48086792 0.51252586
v 0.11269207 0.58811486 0.51148444
v 0.46881679 0.39595947 0.33560401
v 0.28199825 -0.47914955 -0.15565491
v 0.41511971 -0.53407913 -0.16771160
v 0.02820948 -0.12146343 -0.37659124
v -0.36396804 0.59800249 0.36007419
v -0.15556721 -0.21666852 -0.25514364
v 0.06362876 -0.42969301 -0.36960527
v 0.09540807 -0.48119655 0.51456904
v 0.00008503 -0.30054602 -0.39494342
v 0.25872675 -0.57549161 -0.30520916
v -0.14504007 -0.57430428 -0.35573757
v -0.34541419 0.58020955 -0.07481142
v 0.30997682 0.58883637 0.39348334
v 0.04643904 0.25552467 -0.51299262
v -0.41198620 0.59544963 0.18250604
v 0.49573329 0.59265053 0.03900589
v 0.49542338 -0.59881479 0.12418027
v -0.41323751 0.59686345 0.14763083
v 0.31327170 -0.33230421 -0.26477730
v 0.45991075 -0.44697723 0.33952248
v 0.05509418 -0.49245694 0.63514692
v 0.31806311 -0.04474574 0.39638945
v 0.02820845 0.05104870 -0.37659132
v -0.22512083 0.58732295 0.58882946
v -0.25701970 0.58595484 -0.30630061
v -0.07618836 0.40853465 0.63731992
v 0.38417077 -0.48193765 0.17302136
v 0.03015125 0.29362711 -0.52425021
v -0.32270941 -0.24272357 -0.13333310
v 0.12990351 0.35172760 -0.44861609
v -0.39842194 0.57784289 0.14001027
v 0.01110312 0.22995001 -0.39784661
v 0.16548303 -0.59930778 0.58975673
v 0.14478341 -0.02562761 -0.50173211
v 0.14206640 -0.01974436 -0.37446052
v -0.11538521 -0.57674557 0.62791163
v -0.15650287 -0.14665394 -0.25347790
v -0.43781602 -0.49969107 0.37957510
v 0.27128181 -0.48178679 0.41282031
v -0.07551812 -0.49119741 0.63185251
v 0.16997130 0.40239674 -0.23824070
v 0.30308089 -0.24927427 0.53772968
v -0.04401005 0.55860323 -0.38054934
v -0.30720830 -0.42348513 -0.27045074
v 0.18046020 -0.48035219 0.50088733
v 0.04970530 0.49449748 -0.49434766
v 0.15139437 0.36733088 -0.47145575
v 0.16394663 0.58013165 -0.35069665
v 0.13555205 -0.48719648 -0.23836131
v 0.01280790 0.25683448 -0.27563319
v 0.38636482 -0.59934521 0.42990467
v 0.39379802 0.59898263 -0.10847550
v -0.07537924 -0.59924918 0.61647666
v 0.01041609 -0.18537509 -0.39863518
v -0.15493517 0.25530657 -0.24750881
v 0.36472064 -0.58415735 0.48613453
v -0.37322646 -0.50405967 0.17267646
v 0.02814365 0.29957068 -0.37689829
v 0.33054698 0.28799886 -0.10756410
v 0.02820825 0.08299549 -0.37659135
v 0.48701894 0.59906954 0.08763180
v 0.07698666 0.59910899 0.61743599
v 0.00594442 -0.33301932 -0.39715105
v 0.03137750 -0.17256904 -0.54628283
v -0.05096217 -0.59783256 0.62815315
v -0.10182645 -0.59532911 0.62578982
v 0.25331101 -0.50437921 -0.13931212
v 0.16049471 -0.06395926 -0.62612963
v 0.26807302 -0.59932858 0.53720176
v -0.43352875 -0.59927481 -0.09009480
v 0.04907354 0.34591565 -0.49940309
v 0.22424425 0.58748096 -0.19270012
v 0.18599993 0.38325250 0.49216089
v 0.39321315 0.59524649 -0.18122049
v 0.10308155 -0.26802886 -0.37821430
v 0.39957410 0.42155886 0.20689814
v 0.45027092 -0.59678960 0.34754902
v 0.42855301 -0.59655130 0.38647699
v 0.00802419 0.42162931 -0.39679158
v 0.05623071 0.28106466 -0.63992465
v 0.50812042 0.57796633 0.12930121
v 0.01497242 -0.43414426 -0.38467246
v 0.23663247 -0.58844906 -0.31769142
v 0.05184919 0.58831817 0.63993663
v 0.27197757 0.58474261 -0.15093595
v 0.29829529 -0.50405437 -0.08891841
v 0.04106403 -0.23016843 -0.51307696
v 0.16959275 0.14049934 -0.61217684
v 0.41098294 -0.32605484 0.06036636
v 0.00672664 0.38392806 -0.39703187
v -0.35107848 -0.58628178 0.49921104
v 0.36587727 -0.52846432 -0.22070123
v 0.16496314 -0.24925004 -0.62529153
v 0.02647693 -0.42400292 -0.28021502
v -0.30453929 0.19811244 -0.27648446
v -0.46097752 0.59893715 -0.01695821
v 0.02544989 0.49191302 -0.45971131
v 0.18580802 -0.39618567 0.50502461
v 0.17490257 0.59897095 0.59160215
v -0.39860192 0.13399832 -0.18444301
v -0.30566022 -0.48849735 -0.27347675
v 0.04058676 0.41524464 -0.61668003
v -0.24325509 0.59915477 0.54971427
v -0.36023229 -0.31841171 0.34161606
v -0.17966965 0.58994526 -0.34601176
v 0.03011698 0.06615636 -0.53546512
v 0.40003839 -0.48208755 0.05129962
v 0.16953847 -0.19247165 -0.24833451
v -0.32062060 -0.49989939 -0.10107001
v -0.40123639 -0.36799502 0.22524185
v -0.25968257 0.59535086 0.45211136
v -0.38409975 0.59439081 -0.01213245
v 0.05319121 -0.23007779 -0.64020407
v -0.40921450 0.59807801 0.29315162
v -0.18851824 -0.48721674 0.60001820
v -0.33815625 -0.50409830 0.24941663
v -0.44701797 0.58814466 -0.10955971
v -0.33241388 -0.50403470 -0.03837771
v -0.12777984 -0.59899962 -0.33269382
v -0.27034584 0.45972902 0.43368882
v 0.05118019 -0.41632685 -0.48147899
v 0.36961114 0.58397949 -0.00903740
v 0.16856515 -0.12785278 -0.60209233
v 0.16959223 -0.08951665 -0.61217606
v 0.04046643 0.02074501 -0.61599213
v 0.16495597 -0.30036494 -0.62528604
v 0.14156699 0.44710010 -0.37348798
v -0.11723118 0.59326333 -0.35972548
v -0.50179529 0.59128869 0.21717054
v -0.27028051 0.33816877 0.43636361
v -0.15435058 -0.59444553 -0.34815022
v -0.14426993 -0.50465494 -0.22416508
v 0.33095434 0.01919963 -0.11449449
v 0.12941675 0.08292462 -0.50079232
v -0.37841794 0.59927523 -0.17766820
v 0.01678383 0.55334848 0.53524953
v 0.45772254 0.57599169 0.35656464
v 0.34953871 0.58720309 0.31096330
v 0.18847057 0.59420717 -0.23233818
v 0.47552150 0.59909648 0.04170846
v -0.22977236 -0.59933650 -0.29212785
v 0.17005774 0.54335403 -0.23574476
v -0.31886289 -0.40358099 -0.13260356
v -0.41865349 0.59766972 0.11149421
v 0.04510422 -0.50392848 -0.22585414
v -0.14082862 0.57929313 0.51002026
v 0.03745682 -0.41772452 -0.43644264
v -0.32775277 -0.47191918 0.37823287
v 0.14071350 0.21030298 -0.37481856
v 0.33056414 -0.26872361 -0.12242456
v -0.48591086 0.58765775 0.28188416
v 0.05456148 0.14155182 -0.64014423
v -0.40825546 -0.47629356 0.17458977
v 0.01230332 0.50422686 -0.27168506
v -0.29711246 -0.50429308 -0.09140451
v 0.00285733 -0.50302166 0.18109086
v 0.33668739 -0.50374001 -0.02153715
v 0.50029796 -0.37019917 0.20497321
v 0.16991347 0.28121102 -0.24038278
v 0.17048422 -0.01302604 -0.24514116
v -0.44979092 -0.58555979 -0.10534015
v 0.18515714 -0.29386926 0.50376910
v 0.33082291 -0.32570228 -0.12355636
v 0.00740642 0.44721946 -0.39706996
v 0.14019780 -0.32616585 -0.37722203
v 0.22792721 0.59751344 0.48024786
v -0.30301630 -0.15346764 -0.27400273
v -0.40268019 -0.47426972 0.20675017
v 0.20748445 -0.59928930 -0.31031406
v -0.11505587 0.16697001 -0.36272496
v 0.40523264 0.59568727 0.05272622
v 0.05327277 0.35134053 -0.64020067
v 0.14031059 -0.05763292 -0.37506065
v -0.20111215 -0.40230301 0.59474838
v -0.08276733 -0.58936512 -0.36960015
v 0.12900880 0.21501653 -0.50138259
v 0.14111075 0.01903094 -0.37478316
v 0.32765865 0.59905338 -0.22501856
v -0.25358149 -0.47475651 -0.16365770
v -0.06449731 0.57625234 -0.25844094
v -0.26596642 -0.50434530 0.39177790
v -0.20296878 0.38325670 0.60082316
v -0.25645676 -0.59932721 -0.27933282
v 0.12840794 -0.17672947 -0.49984011
v 0.39870191 0.57881725 0.16652611
v 0.19488409 0.58714372 0.60449022
v -0.27312788 0.59755313 -0.17817345
v 0.02950622 0.22646137 -0.37649027
v 0.00545500 -0.50173903 0.32508463
v 0.16976134 -0.07070053 -0.24630222
v 0.02141469 -0.29048482 -0.47055832
v 0.05285368 -0.46998721 -0.27181789
v 0.34929922 -0.46399838 0.34691143
v 0.01320428 0.48599470 0.53624129
v 0.25597757 -0.50358385 -0.30200186
v 0.05052644 0.45882466 -0.63881022
v 0.04355941 -0.26867002 -0.62762791
v -0.29434836 0.59673923 -0.15285793
v -0.29051495 -0.58541274 0.54983842
v -0.24869598 0.57448614 0.44606945
v 0.14743933 0.46276647 -0.44086882
v -0.30553243 -0.59293604 0.53505772
v 0.46497369 -0.21728466 0.33306983
v -0.43549499 -0.50568902 -0.12235781
v -0.39492825 -0.35012317 0.00372607
v -0.31341863 -0.30043167 0.52833092
v -0.50121540 -0.39598390 0.19079447
v -0.14080563 0.05130816 0.51877379
v 0.33143181 0.39595106 -0.10370721
v -0.24266736 -0.59928608 0.55344558
v -0.38509291 -0.05718820 -0.02249054
v -0.20377021 0.58894444 0.47583869
v 0.03546078 0.49714446 -0.40961114
v 0.03009725 -0.20157504 -0.52665257
v -0.13025044 0.57721537 0.62295187
v -0.05281441 -0.48519793 -0.25362313
v -0.46865344 -0.35186750 0.31964076
v 0.31415719 -0.17262885 -0.26566663
v 0.30573678 0.55805880 0.39571542
v 0.14013124 0.06369054 -0.37507766
v -0.37971699 0.26865438 -0.02099822
v 0.39877814 0.50469297 0.06227283
v 0.39873210 0.57760692 0.19267274
v 0.04602110 -0.16617651 -0.51202631
v -0.08955821 0.58974642 -0.25699088
v 0.18010321 -0.12142768 -0.34288511
v 0.16049521 0.11494198 -0.62613052
v -0.42886260 0.59051663 -0.13662362
v 0.13917813 -0.29360995 -0.37856975
v 0.38034508 0.58385026 0.24413098
v -0.30211031 -0.34723344 -0.27255055
v 0.30281001 -0.45437911 0.53573865
v -0.07055853 -0.36998463 -0.27254975
v 0.20736939 -0.48177361 0.46386814
v 0.02151730 -0.48691759 0.43633533
v -0.18366510 -0.50464684 -0.18863489
v -0.38662133 -0.47688311 0.28807342
v 0.31506449 -0.50423992 -0.04849229
v 0.39841300 0.49834767 0.20695564
v -0.40592849 0.59768909 0.02222941
v 0.01241368 -0.35771471 -0.40470567
v 0.04055855 -0.21090513 -0.61668241
v 0.16323830 0.38968313 -0.62560987
v 0.23838536 -0.48187280 0.27709469
v -0.39044842 -0.47960865 0.25733611
v -0.05143942 -0.48909664 -0.37496459
v 0.16355290 -0.35790843 -0.62516737
v 0.01759082 -0.40723819 -0.43451461
v 0.06088442 -0.03216330 0.63632774
v 0.03927122 -0.26026577 -0.50902468
v 0.01895688 -0.50131595 -0.37324879
v 0.33081999 0.51759124 -0.10158407
v 0.33117193 -0.03833935 -0.11555911
v -0.13892613 -0.50425249 0.45568490
v -0.08867857 0.59066898 -0.36666131
v -0.30541441 0.40902233 -0.27803740
v -0.40938598 0.50373119 0.43924838
v 0.03014079 0.19382966 -0.53525394
v 0.50100136 -0.48972496 0.20364940
v -0.47490898 0.58689797 0.32140890
v -0.07800125 -0.47605628 0.53272593
v 0.11005785 -0.59929693 0.60390669
v 0.01045944 -0.07675110 -0.39879799
v 0.16046897 0.34495535 -0.62613124
v 0.30621502 0.51772135 0.39652765
v -0.35743162 0.59032971 0.31970426
v -0.39790744 -0.47522178 0.23320524
v 0.18872784 -0.26187393 0.60184503
v 0.31468707 -0.07665209 -0.26621529
v -0.40479770 0.45401248 0.17952888
v 0.37599289 -0.40728050 -0.02107283
v 0.36056146 -0.40353492 -0.05952812
v 0.18924189 -0.00577248 0.60367668
v 0.16856630 0.17883529 -0.60209179
v 0.31692287 0.01919560 0.39611933
v -0.22892410 -0.50410455 -0.14929292
v -0.37549922 0.51707518 -0.02119674
v -0.37226385 0.59681487 0.46200630
v -0.31568265 0.14718500 0.53129584
v -0.15567780 0.36386859 -0.24532361
v 0.01076394 0.19115944 -0.39775467
v 0.18544997 -0.34516042 0.50447291
v -0.39563242 -0.35186055 -0.18171044
v 0.16332449 -0.27480766 -0.62547141
v 0.31919512 -0.59930253 0.49577725
v 0.11999359 0.46303460 -0.63181508
v 0.31541911 0.03201905 -0.26672488
v -0.05741233 -0.50666374 -0.21633238
v 0.16942157 -0.24874984 -0.24932225
v 0.04052401 -0.17257799 -0.61669582
v -0.32244191 -0.18533301 -0.13204834
v -0.35895380 -0.03902847 0.33500084
v -0.35369962 -0.47526479 -0.04500834
v -0.50521779 0.35798609 0.05771855
v 0.31741390 0.33855617 -0.26822260
v -0.46928167 0.48512203 -0.07210223
v -0.34287468 0.59800839 0.38600847
v 0.17988974 -0.50016052 0.05449378
v 0.36367616 -0.48168355 -0.21380360
v 0.40205896 0.25499371 0.06090621
v 0.23029765 -0.48188004 0.45006081
v 0.16940336 0.15955417 -0.24278264
v -0.32064468 0.58737063 -0.26437515
v 0.01312590 0.15353413 -0.27718788
v -0.30498508 0.30676556 -0.27728745
v -0.32279339 0.38248619 -0.11606354
v -0.47450414 -0.52925211 0.32421663
v 0.25911862 0.57553381 0.43314630
v -0.50321096 0.09626437 0.05878828
v 0.36897427 -0.57774520 -0.21729578
v -0.40436867 -0.34533966 0.43434131
v -0.36167708 -0.52748930 0.48876178
v -0.31450626 -0.09703563 0.52964801
v 0.47417861 0.34540084 -0.05767214
v -0.18772136 -0.17204098 -0.33745807
v -0.03432924 -0.42243129 -0.38461572
v -0.38315895 0.05789558 -0.02253655
v 0.16860130 -0.35104564 -0.25158945
v 0.18818812 0.59790891 -0.25699732
v 0.02228110 -0.47268540 -0.27269888
v 0.36137909 -0.59928477 -0.19490853
v -0.36235100 -0.23608641 0.33550245
v -0.41064572 0.08521978 0.17902561
v -0.42315555 0.59907919 -0.11544415
v 0.00060446 -0.42435640 -0.39123517
v -0.07508030 0.07680105 0.63468730
v 0.40532902 -0.27490520 -0.17089172
v 0.15983209 -0.43231881 -0.23551601
v 0.02644357 0.48665771 -0.49950650
v 0.16618012 0.36585027 -0.35073751
v 0.05035919 0.35102719 -0.39592779
v 0.46860522 -0.39717960 -0.05573701
v 0.06155505 -0.27071792 -0.49661240
v 0.40309504 0.18499953 0.20657234
v -0.01088259 0.59773284 -0.29122692
v 0.10668325 -0.46431971 0.52622432
v -0.11022952 -0.48697504 -0.36162528
v 0.16825402 -0.37705663 -0.61911976
v 0.18471813 0.28089896 -0.34401688
v -0.35058394 -0.59921974 0.47520235
v 0.32156444 -0.48187348 0.35848635
v 0.40924266 0.46022829 -0.17507635
v 0.08344536 -0.27476549 -0.42811728
v -0.26998401 -0.31896690 0.45211035
v 0.10188638 0.35439435 -0.39053676
v 0.04044050 -0.06574938 -0.61567146
v 0.18562901 -0.01295081 0.49905366
v 0.16959225 -0.06395936 -0.61217606
v 0.19040242 0.48544687 0.60702312
v -0.47682080 -0.59927583 0.22819476
v 0.40050012 0.40880227 0.44966641
v 0.15593711 -0.01113790 -0.50805569
v 0.18260150 0.15916784 -0.34392959
v 0.15634137 0.29382950 -0.51069266
v 0.06144465 0.24241187 0.63823593
v 0.18544562 -0.08977310 0.50037992
v 0.01698047 -0.48427001 0.48957074
v 0.23048605 0.56569511 -0.18497646
v 0.18525557 -0.16629006 0.50169152
v 0.34863874 -0.43531814 -0.04621273
v -0.34977970 0.42848006 0.33588722
v -0.37610939 0.57761681 -0.21098256
v -0.02600487 0.59919131 0.61719406
v -0.26941937 0.03865911 0.44430447
v 0.47720528 0.59261775 0.29384348
v 0.43815216 0.59912741 0.34842700
v 0.33082366 -0.15935360 -0.11910974
v 0.15401803 0.35785863 -0.49189135
v 0.05623024 -0.08951664 -0.63992602
v -0.30270818 -0.25564075 -0.27317223
v 0.18420434 0.53253126 0.49063018
v 0.50555557 0.12777473 0.07212390
v -0.24329637 -0.37130120 -0.19414577
v 0.50729895 0.37672725 0.07118026
v 0.32174134 -0.23646569 0.39663044
v -0.07612125 0.30661041 0.63647556
v -0.37839592 0.36357269 -0.02004219
v -0.47259945 0.16136289 0.32137650
v 0.01181842 -0.06328204 0.54441458
v -0.14105375 0.42804587 0.51255715
v 0.25703886 -0.57629234 0.57020497
v 0.29296044 -0.48798630 0.07613673
v 0.16048446 -0.31953231 -0.62612700
v -0.30406147 0.07666195 -0.27557373
v 0.31914401 0.55288565 -0.26852876
v 0.12789316 0.16594529 -0.50130481
v 0.03006204 0.15970342 -0.53398693
v -0.18926127 0.19878262 -0.34066159
v 0.40301445 -0.59933287 0.40172467
v 0.31236190 -0.44705999 -0.26512742
v 0.18542194 0.48563743 0.49082398
v 0.46656415 0.05098660 0.33430278
v -0.34126839 0.57628256 -0.24483375
v -0.24389270 0.59738016 0.47351888
v -0.40869227 0.20142129 0.18028474
v -0.50843406 0.57813668 0.15405102
v -0.40532047 -0.21723302 0.43492857
v 0.32048303 -0.17227639 0.39653727
v 0.16955380 0.40885130 -0.61218208
v -0.15502226 -0.28766480 -0.25678226
v 0.29696909 -0.59928858 -0.25879347
v 0.14026487 -0.12152699 -0.37505665
v 0.16324838 -0.23647101 -0.62560964
v 0.50317574 0.03870804 0.20500283
v 0.23974021 -0.59930187 0.55186188
v -0.32178473 0.23015952 -0.12118950
v 0.06133862 0.10822085 0.63728595
v 0.16208348 -0.17785728 -0.62585610
v -0.15936823 -0.35329553 -0.25649932
v 0.29440323 -0.48193109 0.39734498
v 0.38198704 -0.48142245 0.13296649
v 0.18081369 -0.05710736 -0.34296718
v 0.19004053 0.37691453 0.60632318
v 0.03934594 -0.43398127 -0.37047565
v 0.46236423 -0.59930974 0.27669719
v 0.40783051 0.21078189 -0.17376646
v 0.47219136 0.07031633 -0.05703341
v -0.07690354 0.59913081 0.61710227
v -0.20279057 0.15279368 0.59882933
v -0.46760380 0.25514895 -0.07129844
v -0.25679159 0.58542889 -0.16416715
v 0.15363123 -0.59913063 -0.33553568
v 0.32302043 -0.30028346 0.39663577
v 0.30352288 -0.13437143 0.53845048
v 0.20266746 -0.52466708 -0.33799189
v -0.18786532 -0.28740910 -0.33641401
v -0.27302024 -0.46812439 0.44748187
v -0.38324299 0.57553929 0.23704141
v 0.24643889 -0.49774283 0.57063234
v -0.34988448 -0.47619513 0.34592578
v 0.50416654 0.18558791 0.20540191
v 0.48903331 -0.59910738 0.16011825
v -0.32291839 0.14738607 -0.12262323
v 0.46723607 0.17230326 0.33499399
v -0.07457281 -0.05127065 0.63368899
v 0.22447780 -0.59571338 -0.31896242
v 0.13946085 -0.39502820 -0.38734108
v 0.40689260 0.02546580 -0.17265503
v -0.31291643 -0.38949019 0.52795321
v -0.30221802 -0.59929651 -0.25057578
v -0.08660761 -0.50391966 0.47942293
v 0.31585258 0.07665588 0.39592475
v -0.15607205 0.48525771 -0.24309060
v 0.01079586 0.03747801 0.54300797
v -0.26846254 -0.58728284 0.56310725
v -0.35467669 0.17906240 0.33523402
v 0.48175883 -0.57513291 -0.03651949
v -0.14968966 -0.46124414 0.52201635
v -0.49943548 -0.35169870 0.05856980
v 0.39718804 -0.19848503 0.44687781
v 0.01014954 -0.31267944 0.54828924
v 0.17897545 -0.59055346 -0.34443673
v -0.41443595 -0.16608280 0.17737819
v -0.39930984 0.24265279 -0.18499970
v -0.50423259 0.22998051 0.05822600
v -0.30353323 -0.04487655 -0.27472499
v -0.20178032 -0.20469692 0.59604472
v -0.14044821 0.33148995 0.51438916
v 0.18614635 0.33208710 0.49292511
v -0.14101127 0.51046628 0.51113272
v 0.40552995 0.03186123 0.06070727
v -0.20287897 0.27469194 0.59989065
v 0.03019232 0.32183090 -0.53566241
v -0.01318003 -0.50478464 -0.25359523
v -0.41198125 -0.00727775 0.17825533
v 0.02130036 -0.27739310 -0.45354041
v -0.29820853 -0.50372010 0.35464156
v 0.30537587 0.33210793 0.54128802
v 0.31365684 -0.50399595 0.04168495
v -0.32190397 0.30636328 -0.11895617
v 0.40370291 0.14666498 0.06040510
v 0.50462782 -0.00635921 0.07276584
v -0.13929290 -0.26163182 0.52455050
v 0.02820907 -0.05118059 -0.37659130
v 0.16528146 -0.31406108 -0.34603056
v 0.48665923 0.59898746 0.15379755
v 0.42111984 -0.59929979 0.35610896
v 0.01142733 -0.24283838 0.54705864
v 0.20971473 0.50403070 -0.33423150
v 0.40074909 0.34497979 0.20665395
v 0.20955771 0.38411197 -0.33325580
v 0.04056500 0.15966628 -0.61667758
v -0.10063908 -0.48363122 0.51489204
v 0.10199165 0.49229693 -0.39697981
v 0.40981120 -0.25553679 0.05968854
v 0.39982492 0.30013201 0.44923437
v -0.34453744 -0.36584651 -0.08590704
v 0.01332074 -0.37503102 -0.28463033
v -0.07400489 -0.17235905 0.63276345
v -0.34536114 -0.59477293 -0.22998169
v 0.16993819 0.59228206 -0.24214928
v 0.18621461 0.22377373 0.49473929
v -0.50792390 0.47854823 0.19382170
v -0.15698564 -0.08285940 -0.25216135
v 0.46420458 -0.33861086 0.33264482
v -0.46482211 -0.14008820 -0.06950402
v 0.40843621 -0.17081518 0.05948666
v 0.31916460 -0.10863439 0.39660981
v -0.37691587 0.44665384 -0.02058676
v -0.47149611 0.01871450 0.32103306
v 0.18850487 -0.37690422 0.60099679
v -0.23096132 -0.49336946 -0.17613390
v 0.17152998 -0.39488712 -0.25088322
v -0.14055479 -0.12653071 0.52177143
v 0.16980639 -0.13396619 -0.24725004
v -0.46406010 -0.26189747 -0.06869093
v 0.01156311 -0.05074330 -0.28030160
v 0.39655083 -0.30688870 0.44641879
v 0.01055763 0.15133601 0.54132092
v -0.20358147 0.59736377 -0.22682479
v 0.21001486 -0.46834514 0.48662460
v 0.30449545 0.10834364 0.53992206
v 0.01186615 0.35079837 -0.27417946
v 0.50370175 -0.14044802 0.07334751
v 0.39926213 0.17879339 0.44856599
v 0.16878702 0.37689558 -0.60387152
v -0.26962987 -0.01961146 0.44545320
v -0.31398869 -0.20451400 0.52892166
v 0.16955703 0.52659380 -0.35111248
v -0.19337648 -0.47914064 0.49726659
v -0.50273424 -0.16547725 0.19184184
v -0.31508914 0.02542721 0.53048587
v -0.30577457 0.50431055 -0.27876988
v 0.45242876 -0.59915680 -0.06390884
v -0.47513431 -0.59928685 0.04211189
v -0.00645797 -0.50562149 0.41023463
v -0.50597239 0.24291363 0.19348601
v -0.39713171 -0.11497983 -0.18303759
v -0.40731671 0.30071339 0.17934471
v -0.40614399 -0.08443423 0.43564036
v 0.32416669 -0.36418590 0.39679691
v 0.40078411 0.35148358 0.06181038
v 0.05928046 -0.28776419 0.63463932
v -0.50077868 -0.20378952 0.05907723
v 0.16989225 0.22231476 -0.24142554
v -0.16094047 0.56457710 -0.23846138
v 0.14287537 0.37146771 -0.40797350
v -0.12428241 0.59625262 -0.25868398
v 0.31365570 -0.25561792 -0.26524398
v 0.41241190 -0.59928149 -0.13037905
v -0.46658105 0.12751925 -0.07097156
v 0.03416988 -0.59902996 -0.33751187
v -0.20141789 -0.30700016 0.59528232
v 0.05860613 -0.39561731 0.63385475
v -0.46417186 -0.58388931 -0.08028685
v -0.18871982 0.40822485 -0.34298474
v 0.30038014 -0.48190477 0.20097491
v -0.18523027 0.30646014 -0.34316045
v 0.46574280 -0.08332311 0.33375183
v 0.40956488 -0.28739974 0.20709787
v 0.50511563 0.32595327 0.20580615
v 0.40746152 0.59116375 0.43874621
v 0.05318467 0.21717140 -0.64020175
v 0.30255583 -0.35745993 0.53712821
v -0.33672047 0.59850770 0.42710054
v 0.01086716 0.05196420 -0.27896658
v -0.48236871 -0.58396035 -0.02854456
v 0.01141837 -0.23094600 -0.28303954
v 0.18581183 0.07005378 0.49756995
v 0.37476611 0.57998270 0.47615522
v -0.46563721 -0.00626003 -0.07037088
v 0.18120021 0.10202224 -0.34407541
v 0.32983670 0.22275579 -0.11023039
v 0.47026643 -0.18564905 -0.05653678
v -0.46946397 -0.23725170 0.32034972
v 0.34883416 -0.59930992 0.46962154
v -0.18807645 0.07582236 -0.33968025
v 0.50644588 0.25520986 0.07171960
v 0.01220813 0.43417475 -0.27285245
v 0.50219071 -0.10791522 0.20459722
v 0.05456141 0.11388966 -0.64014429
v -0.14159182 -0.04426680 0.52002335
v 0.18903947 -0.14011319 0.60269535
v -0.38697755 -0.16683629 -0.02233793
v -0.00628564 -0.59201193 -0.37434015
v 0.30606148 0.51063228 0.54235888
v 0.00785350 -0.38321212 -0.39766979
v 0.35664016 0.57995415 0.29260164
v 0.33117622 -0.09560225 -0.11699434
v -0.13952714 0.14652872 0.51776147
v 0.31689298 0.24270631 -0.26768979
v 0.02832890 -0.29047185 -0.52316839
v -0.41728628 -0.44120067 0.12982300
v 0.41128498 -0.37666640 0.20617093
v -0.07365941 -0.39595985 0.63107020
v -0.50377291 -0.03112087 0.19249405
v 0.16932429 0.09551991 -0.24397114
v -0.20237185 0.02490058 0.59782505
v 0.31124896 0.27465937 0.39631140
v -0.26942092 0.28128704 0.43839440
v -0.26865450 0.12782082 0.44280761
v 0.05169538 0.49825859 -0.38886762
v -0.50489670 0.10955648 0.19297585
v -0.29401153 0.57898128 -0.13564292
v 0.15634105 0.16606474 -0.51061690
v 0.33040297 0.08311395 -0.11353152
v 0.39866167 0.05103212 0.44789910
v -0.31629500 0.25558057 0.53195602
v 0.40586442 -0.17977041 -0.17140022
v 0.14437522 -0.49700040 -0.35022515
v -0.11486086 0.59612036 0.52452922
v 0.01788768 0.35743293 -0.43523005
v -0.15566808 0.02598985 -0.25122660
v -0.47368065 0.28897208 0.32144469
v -0.32337564 0.45291862 -0.11382170
v -0.35688093 0.06899133 0.33509886
v -0.36080554 -0.14104775 0.33512902
v 0.04057546 0.37695703 -0.61668569
v 0.01175332 0.27773148 0.53940463
v -0.11753701 -0.59928679 0.60275841
v 0.04875148 -0.40853122 -0.62478155
v 0.15453969 -0.27634144 -0.49794200
v -0.13668258 0.58545822 -0.35735354
v 0.33022028 0.15332384 -0.11169910
v -0.27021140 0.40305895 0.43497002
v 0.16496319 -0.10868500 -0.62529105
v 0.40537530 0.00589557 0.20746261
v 0.18622589 0.15388112 0.49594846
v 0.17497110 -0.48187909 0.35423872
v 0.40636930 -0.07674725 -0.17203823
v -0.38661072 -0.37975764 0.04440583
v -0.40836713 0.30017495 0.43788055
v -0.41562948 -0.24259482 0.17844886
v -0.32307729 -0.30000830 -0.13437431
v 0.07921903 -0.48135746 0.51880002
v 0.40189448 0.26816756 0.20649114
v -0.50203931 -0.05027279 0.05898472
v 0.01299729 0.40197510 0.53749311
v 0.18573856 0.43432191 0.49150240
v 0.39790082 -0.07680513 0.44737092
v 0.40650442 -0.08953574 0.20778865
v 0.47322303 0.21084829 -0.05731240
v 0.01683912 -0.50526381 0.07611819
v -0.40716055 0.05148258 0.43613347
v -0.15467036 0.14680094 -0.24951869
v -0.38878793 -0.26240700 -0.02147317
v -0.26945686 -0.15268873 0.44865164
v -0.32281092 -0.03230100 -0.12747318
v 0.30494446 0.22350769 0.54062772
v 0.30784622 0.41516083 0.39718208
v 0.14102332 0.25543034 -0.37465680
v 0.06017101 -0.16626382 0.63543105
v -0.18753901 -0.05127426 -0.33860150
v 0.31774390 0.42162850 -0.26877713
v 0.05329948 -0.16618860 -0.64024526
v -0.38129821 0.16712445 -0.02202877
v 0.40782622 -0.18926904 0.20786206
v 0.03015346 0.02736274 -0.53585774
v -0.35238844 0.27473789 0.33611533
v 0.15499698 -0.23646952 -0.50496131
v -0.00539349 -0.59899437 0.06704755
v -0.00036339 -0.59916514 0.32127208
v 0.34461847 -0.40753859 -0.09618602
v 0.18952405 0.25570741 0.60559368
v -0.39784306 0.01258576 -0.18379834
v -0.40776634 0.17937438 0.43705401
v 0.12864687 -0.00230179 -0.50054753
f 1547 521 1504
f 1306 1504 521
f 521 851 325
f 1547 851 521
f 1306 521 325
f 851 627 325
f 1547 144 851
f 1158 1900 465
f 37 1900 1158
f 37 1338 732
f 37 732 1900
f 897 1900 732
f 376 1900 897
f 376 465 1900
f 1338 1888 732
f 588 732 1888
f 897 732 588
f 1547 1504 1888
f 1338 1547 1888
f 1413 1888 1504
f 588 1888 1413
f 1413 1504 1306
f 1208 1547 1338
f 1208 1046 1547
f 1547 1046 144
f 1208 1338 37
f 1208 1626 1046
f 1849 1626 1208
f 1792 1849 1208
f 1849 1103 1626
f 1839 1103 1849
f 1839 1871 1103
f 1877 1839 1849
f 1904 1871 1839
f 1904 1998 1871
f 1970 1904 1839
f 144 1051 424
f 144 45 1051
f 1017 1051 1833
f 1017 424 1051
f 1051 176 1833
f 1068 176 1051
f 45 1068 1051
f 176 1234 1833
f 176 1068 1234
f 692 1833 1234
f 1017 1833 692
f 1068 1052 1234
f 1783 1234 1052
f 692 1234 1783
f 1068 106 1052
f 1444 106 1068
f 1090 325 627
f 1090 1306 325
f 144 903 627
f 851 144 627
f 1184 627 903
f 1090 627 1184
f 1184 903 1323
f 903 424 1323
f 144 424 903
f 970 1184 1323
f 1017 1323 424
f 970 1323 1017
f 1090 1184 970
f 376 897 588
f 1413 1306 1090
f 1046 1387 45
f 45 1444 1068
f 1387 1444 45
f 1046 45 144
f 765 454 1452
f 9 454 765
f 70 509 576
f 1636 509 70
f 1086 509 1636
f 1086 490 509
f 70 531 204
f 576 531 70
f 384 1636 946
f 1636 204 946
f 1636 70 204
f 1830 1086 1636
f 531 1461 204
f 531 455 1461
f 946 204 1461
f 9 384 454
f 9 1636 384
f 1830 1636 9
f 384 779 1452
f 946 779 384
f 454 384 1452
f 1461 779 946
f 1626 1387 1046
f 1626 1574 1387
f 1967 1830 943
f 943 1830 1486
f 1548 490 760
f 760 1086 280
f 490 1086 760
f 1830 280 1086
f 1967 280 1830
f 1486 1830 9
f 1626 1713 1574
f 1103 1713 1626
f 1979 1548 760
f 1979 760 280
f 1967 1979 280
f 1372 1979 1967
f 1634 1979 1372
f 1634 1917 1979
f 1871 1510 1103
f 1510 1713 1103
f 1283 1917 1634
f 1283 1554 1917
f 1998 1799 1871
f 1871 1799 1510
f 1981 1554 1283
f 474 446 559
f 1262 446 19
f 474 19 446
f 474 1261 19
f 1783 1052 1233
f 106 1233 1052
f 678 1783 1233
f 106 761 1233
f 678 1233 761
f 1444 474 106
f 1526 761 559
f 1526 678 761
f 106 559 761
f 106 474 559
f 1484 559 446
f 1484 1526 559
f 1262 1484 446
f 970 1017 692
f 1526 1783 678
f 1526 692 1783
f 1994 1090 970
f 1387 102 474
f 102 1261 474
f 1387 474 1444
f 1452 1278 765
f 799 765 1278
f 1031 765 799
f 1031 9 765
f 1486 9 1031
f 1486 1031 1522
f 1278 858 799
f 799 223 1031
f 223 799 858
f 1522 1031 223
f 1486 1522 1716
f 1522 223 277
f 223 1619 277
f 858 1619 223
f 1845 1522 277
f 1716 1522 1295
f 277 1619 1845
f 1295 1522 1845
f 1619 868 1845
f 1845 868 882
f 1295 1845 882
f 1452 1498 1278
f 779 1498 1452
f 1461 1498 779
f 1498 858 1278
f 455 1498 1461
f 455 381 1498
f 1574 102 1387
f 1574 1769 102
f 1716 943 1486
f 1967 943 1716
f 1713 1658 1769
f 1713 1769 1574
f 1372 1967 1716
f 1743 1372 1716
f 1349 1372 1743
f 1349 1634 1372
f 1510 1986 1658
f 1510 1658 1713
f 1380 1634 1349
f 1380 1283 1634
f 1837 1283 1380
f 1799 1986 1510
f 1837 1981 1283
f 1038 1981 1837
f 999 1981 1038
f 40 19 450
f 40 1262 19
f 1261 450 19
f 1261 1354 450
f 40 450 1474
f 450 1354 1474
f 1462 40 1474
f 1261 1680 1354
f 1462 1474 1178
f 1354 1178 1474
f 1462 1178 461
f 1354 461 1178
f 1680 461 1354
f 385 692 1526
f 385 1526 1484
f 385 1484 1262
f 385 40 1462
f 385 1262 40
f 385 970 692
f 1994 970 385
f 102 1680 1261
f 1050 1716 1295
f 654 1295 1101
f 1050 1295 654
f 1286 1101 281
f 654 1101 1286
f 281 1475 1286
f 654 1286 1475
f 884 654 1475
f 952 884 1238
f 952 654 884
f 1101 1295 882
f 868 1579 882
f 1101 882 1579
f 1579 281 1101
f 1475 1238 884
f 1475 1218 1238
f 281 1218 1475
f 1498 381 858
f 858 381 1619
f 1619 843 868
f 381 843 1619
f 868 843 1579
f 102 1659 1680
f 1743 1716 1752
f 1752 1716 1050
f 1576 1752 1050
f 434 461 1192
f 434 1462 461
f 461 246 1192
f 1680 246 461
f 434 1192 1518
f 1192 246 1518
f 434 1518 1141
f 1518 246 1141
f 1680 1589 246
f 72 434 1141
f 246 72 1141
f 246 62 72
f 1589 1594 246
f 394 62 1918
f 1885 62 394
f 246 1918 62
f 246 1594 1918
f 385 1462 434
f 1885 72 62
f 1885 434 72
f 385 434 1885
f 1680 1659 1589
f 1659 775 1589
f 775 1594 1589
f 1659 1668 775
f 952 1238 1218
f 1050 654 952
f 1576 1050 952
f 1218 1631 254
f 254 952 1218
f 1559 952 254
f 1576 952 1559
f 1631 47 254
f 1559 254 47
f 1576 1559 1437
f 1631 1807 47
f 1807 1559 47
f 1663 1559 1807
f 1437 1559 1663
f 281 1631 1218
f 1579 1631 281
f 1579 843 1631
f 102 911 1659
f 1769 911 102
f 1769 1352 911
f 1352 1406 911
f 911 1920 1659
f 1920 1668 1659
f 1576 1743 1752
f 1831 1576 1437
f 1067 1576 1831
f 1769 136 1352
f 1769 231 136
f 1658 231 1769
f 1658 95 231
f 136 704 1352
f 1901 1349 1743
f 1067 1743 1576
f 1901 1743 1067
f 1986 1003 1658
f 1658 1397 95
f 1658 1014 1397
f 1658 1315 1014
f 1658 1003 1315
f 929 1380 1349
f 929 1837 1380
f 929 1349 1901
f 1986 874 1003
f 1986 1606 874
f 1986 812 1606
f 1986 1147 812
f 1850 1837 929
f 1850 1038 1837
f 135 350 551
f 671 350 135
f 671 135 1298
f 477 1298 135
f 564 1298 477
f 350 1158 1257
f 350 1257 551
f 350 37 1158
f 671 37 350
f 1257 1158 465
f 1868 551 1257
f 1868 135 551
f 477 135 1868
f 376 1257 465
f 1868 1257 376
f 564 477 1868
f 141 747 748
f 941 141 748
f 141 528 747
f 141 1104 528
f 1104 671 1298
f 1237 141 941
f 1237 671 1104
f 1237 1104 141
f 564 1104 1298
f 528 1104 564
f 205 941 748
f 747 528 564
f 748 747 564
f 205 748 564
f 53 263 69
f 53 941 263
f 53 1237 941
f 263 941 205
f 1226 132 1011
f 53 69 132
f 53 132 1226
f 1650 53 1226
f 1693 263 205
f 1693 69 263
f 470 69 1693
f 470 132 69
f 1011 132 470
f 1226 1011 463
f 184 463 1011
f 184 1011 470
f 420 1226 463
f 1650 1226 420
f 420 463 184
f 1650 420 793
f 1294 1650 793
f 1106 420 184
f 793 420 1106
f 1294 793 330
f 1381 1650 1294
f 770 793 1106
f 330 793 770
f 459 1294 330
f 437 330 770
f 459 330 437
f 930 1294 459
f 1381 1294 930
f 896 459 437
f 930 459 362
f 362 459 896
f 930 362 589
f 1792 1208 37
f 1792 37 671
f 1550 671 1237
f 1550 1792 671
f 731 1183 986
f 1926 1183 731
f 1926 1496 1183
f 1550 1237 53
f 443 53 1650
f 443 1550 53
f 1381 443 1650
f 1264 443 1381
f 1264 1381 930
f 1325 1792 1550
f 324 335 1073
f 1001 1453 335
f 1001 335 324
f 1560 1325 1550
f 1560 1550 443
f 1654 443 1264
f 1654 1560 443
f 1877 1849 1792
f 1325 1877 1792
f 1864 1877 1325
f 1908 1864 1325
f 1908 1325 1560
f 1908 1560 1654
f 1740 1908 1654
f 1970 1839 1877
f 1864 1970 1877
f 1069 1864 1908
f 1740 1069 1908
f 1873 1069 1740
f 1929 1970 1864
f 1069 1929 1864
f 1843 1929 1069
f 1873 1843 1069
f 1977 1843 1873
f 1693 205 564
f 184 470 1693
f 98 896 437
f 98 362 896
f 589 362 98
f 930 589 137
f 137 589 98
f 596 930 137
f 596 137 20
f 1655 930 596
f 20 137 98
f 74 596 20
f 1655 596 74
f 1683 74 20
f 1434 74 1683
f 1655 74 1434
f 76 1434 1683
f 1289 1434 76
f 901 1289 76
f 23 1434 1289
f 51 1434 23
f 51 1655 1434
f 1545 1289 901
f 1545 23 1289
f 632 731 1179
f 632 1926 731
f 1964 1926 632
f 1964 324 1926
f 324 1073 1926
f 731 892 1179
f 1964 632 1267
f 341 1179 787
f 632 1179 341
f 509 1267 411
f 1267 341 411
f 1267 632 341
f 490 1267 509
f 490 1964 1267
f 892 787 1179
f 509 411 576
f 411 1015 576
f 341 1015 411
f 787 1015 341
f 576 455 531
f 1015 455 576
f 986 1183 1071
f 1183 1496 1071
f 1073 1496 1926
f 1073 335 1496
f 335 1511 1496
f 335 1453 1511
f 986 892 731
f 1496 1400 1071
f 1496 1302 1400
f 1511 1302 1496
f 1071 892 986
f 1302 1241 1400
f 1071 1400 892
f 1453 1610 1511
f 1453 1274 1610
f 1511 1610 1302
f 1588 1274 1580
f 1610 1274 1588
f 1610 1241 1302
f 1588 1241 1610
f 1588 1459 1241
f 1580 1459 1588
f 1580 417 1459
f 830 417 1580
f 1274 830 1580
f 1274 1773 830
f 1274 730 1773
f 830 533 417
f 1773 533 830
f 1773 1810 533
f 1491 1810 1773
f 1491 1157 1810
f 1491 315 1159
f 377 930 1655
f 377 1264 930
f 1782 377 1308
f 1308 1655 51
f 1308 377 1655
f 213 324 1964
f 1548 213 1964
f 1964 490 1548
f 1453 730 1274
f 1453 1447 730
f 730 1491 1773
f 730 315 1491
f 1447 315 730
f 1447 1687 315
f 1654 1264 377
f 1782 1654 377
f 1549 1654 1782
f 1979 213 1548
f 213 1966 324
f 1979 1966 213
f 1917 1966 1979
f 1966 1001 324
f 1001 1447 1453
f 1966 1447 1001
f 1966 1665 1447
f 1447 1113 1687
f 1665 1113 1447
f 1549 1740 1654
f 1861 1740 1549
f 1917 1796 1966
f 1917 101 1796
f 1554 101 1917
f 1796 1665 1966
f 1796 1950 1665
f 101 1950 1796
f 1950 1980 1665
f 1980 1113 1665
f 754 1980 1950
f 1656 1740 1861
f 1656 1873 1740
f 1554 1808 101
f 1808 1635 101
f 101 1635 1950
f 1635 754 1950
f 1635 1860 754
f 1865 1977 1873
f 1865 1873 1656
f 376 588 1413
f 376 1413 1090
f 1994 1868 376
f 1994 376 1090
f 1994 564 1868
f 1994 1693 564
f 1106 184 1693
f 1995 1693 1994
f 1995 1106 1693
f 1995 770 1106
f 98 770 1995
f 98 437 770
f 1683 20 98
f 76 1683 98
f 76 98 1995
f 1010 901 76
f 1542 23 1545
f 51 23 1542
f 1010 1545 901
f 1542 1545 1010
f 430 1542 1010
f 1788 1542 430
f 1788 51 1542
f 591 51 1788
f 1553 1788 430
f 744 1788 1553
f 472 1788 744
f 591 1788 472
f 1553 430 1010
f 259 744 1553
f 472 744 259
f 1290 472 259
f 1458 591 472
f 787 381 1015
f 1015 381 455
f 1400 787 892
f 1400 381 787
f 1241 381 1400
f 1459 381 1241
f 417 381 1459
f 1159 1157 1491
f 1157 1524 1810
f 1810 1524 533
f 1293 866 1524
f 1159 907 1157
f 1159 1770 907
f 315 1770 1159
f 907 1524 1157
f 1770 1293 907
f 907 1293 1524
f 1770 813 1293
f 315 813 1770
f 813 956 558
f 813 866 1293
f 813 558 866
f 956 1007 558
f 591 1308 51
f 1782 1308 591
f 1517 1782 591
f 1517 591 1458
f 315 956 813
f 1687 956 315
f 1886 1549 1782
f 1886 1782 1517
f 1113 1816 1687
f 1800 1861 1549
f 1800 1549 1886
f 1980 969 1113
f 1012 1861 1800
f 1012 1656 1861
f 1931 1656 1012
f 1931 1865 1656
f 1995 1010 76
f 1553 1010 1995
f 415 1553 1995
f 1953 415 1995
f 415 1290 259
f 955 1290 415
f 955 472 1290
f 1458 472 955
f 415 259 1553
f 387 955 415
f 1953 387 415
f 1299 387 1953
f 1458 955 387
f 1379 1458 387
f 1379 387 1299
f 1409 1299 1953
f 1379 1299 1409
f 533 381 417
f 533 540 381
f 1524 540 533
f 1524 866 540
f 866 1532 540
f 540 1499 381
f 1597 1532 866
f 558 1007 1863
f 1007 1198 1863
f 1863 866 558
f 1863 1198 1342
f 1863 1597 866
f 1863 1342 1597
f 1342 1091 1597
f 1091 1784 1597
f 1091 1826 1784
f 1198 1791 1342
f 1007 1791 1198
f 1791 1091 1342
f 1791 623 1091
f 1007 850 1791
f 1091 623 1826
f 850 623 1791
f 1928 1517 1458
f 1383 1458 1379
f 1928 1458 1383
f 956 304 850
f 956 850 1007
f 1886 1517 1928
f 255 1886 1928
f 1687 1816 956
f 1113 969 1816
f 1816 304 956
f 1800 1886 255
f 1832 1800 255
f 1980 1847 969
f 754 1847 1980
f 1832 1012 1800
f 1778 1012 1832
f 754 1915 1847
f 1860 1915 754
f 1778 1931 1012
f 1396 1953 1995
f 1083 1396 1995
f 1396 1409 1953
f 1083 1408 1396
f 234 1408 1083
f 462 1409 1396
f 462 1379 1409
f 363 1379 462
f 1383 1379 363
f 1408 462 1396
f 363 462 1408
f 234 363 1408
f 1072 234 1083
f 1072 363 234
f 904 363 1072
f 363 1364 1383
f 363 904 1364
f 381 1976 843
f 381 1499 1976
f 1597 1869 1532
f 1597 1784 1869
f 1869 717 1532
f 1826 153 1784
f 1784 238 1869
f 1784 1171 238
f 153 1171 1784
f 1171 1239 238
f 623 1604 1826
f 1604 153 1826
f 623 572 1604
f 1604 572 153
f 153 834 1171
f 572 834 153
f 834 756 1171
f 572 1271 834
f 1171 756 1239
f 834 425 756
f 1271 425 834
f 1887 1383 1364
f 1887 1928 1383
f 850 572 623
f 304 1252 850
f 850 1252 572
f 304 1794 1252
f 1252 1271 572
f 1876 1928 1887
f 1876 255 1928
f 1816 1794 304
f 1816 1821 1794
f 969 1821 1816
f 1832 255 1876
f 969 1138 1821
f 1847 1138 969
f 1847 1722 1138
f 1985 1778 1832
f 1915 1722 1847
f 1915 1787 1722
f 1884 1998 1904
f 1884 1443 1998
f 1652 1884 1904
f 1763 1443 1884
f 1763 1797 1443
f 1798 1763 1884
f 700 1797 1763
f 114 700 1763
f 114 1304 700
f 1637 114 1763
f 1639 1304 114
f 1639 326 1304
f 397 1639 114
f 539 326 1639
f 1460 539 1639
f 539 753 326
f 1571 753 539
f 539 1667 1571
f 1460 1667 539
f 693 386 753
f 1571 693 753
f 1667 693 1571
f 727 1639 397
f 727 1309 1639
f 727 267 1309
f 516 713 1309
f 267 516 1309
f 713 392 1639
f 1309 713 1639
f 267 1439 516
f 392 1460 1639
f 713 1180 392
f 516 1180 713
f 516 1439 1180
f 392 749 1460
f 1180 749 392
f 749 1667 1460
f 1439 1026 1180
f 1180 1026 749
f 1439 1583 1026
f 1443 1727 1998
f 1998 1727 1799
f 1981 1660 1554
f 1235 1660 1981
f 1797 1438 1443
f 1443 1438 1727
f 1776 1660 1235
f 1776 1989 1660
f 1749 1989 1776
f 700 1648 1797
f 1797 1648 1438
f 1749 1564 1989
f 1813 1564 1749
f 1304 1599 700
f 700 1599 1648
f 1813 1720 1564
f 1649 1720 1813
f 326 1866 1304
f 1866 1599 1304
f 1649 1842 1720
f 1948 1842 1649
f 445 1842 1948
f 445 1620 1842
f 561 405 1705
f 326 1736 1866
f 1705 1736 326
f 1705 405 1736
f 561 542 405
f 985 655 1736
f 405 985 1736
f 542 985 405
f 655 1646 1736
f 1646 119 1866
f 1736 1646 1866
f 655 251 1646
f 985 251 655
f 753 556 326
f 386 556 753
f 556 1705 326
f 386 1478 556
f 1667 837 693
f 556 561 1705
f 556 1478 561
f 693 1478 386
f 693 1341 1478
f 837 1341 693
f 1478 542 561
f 1341 1131 1478
f 1131 542 1478
f 1047 399 1137
f 1341 1047 1131
f 1341 399 1047
f 1131 1541 542
f 1131 269 1541
f 1047 269 1131
f 1026 790 749
f 1583 1455 1026
f 749 837 1667
f 790 837 749
f 790 861 837
f 1026 316 790
f 316 1455 990
f 1455 316 1026
f 1063 990 1620
f 316 990 1063
f 861 316 1063
f 790 316 861
f 1355 1620 445
f 1355 1063 1620
f 837 869 1341
f 869 861 1355
f 861 869 837
f 861 1063 1355
f 1137 1355 445
f 399 1355 1137
f 869 399 1341
f 399 869 1355
f 1910 1986 1799
f 1727 1910 1799
f 999 1235 1981
f 1946 999 1038
f 1438 1910 1727
f 1438 1731 1910
f 999 1776 1235
f 1749 1776 999
f 1292 1749 999
f 1292 999 1978
f 1648 1731 1438
f 1648 1891 1731
f 1398 1749 1292
f 1398 1813 1749
f 1243 1813 1398
f 1599 1891 1648
f 1599 1889 1891
f 1623 1813 1243
f 1623 1649 1813
f 1279 1649 1623
f 1866 1889 1599
f 1866 1214 1889
f 156 445 1948
f 156 1764 445
f 1279 1948 1649
f 1786 1948 1279
f 1786 156 1948
f 1368 1214 1866
f 1368 1320 1214
f 1320 1085 1214
f 1244 1085 1320
f 1646 1115 119
f 251 1115 1646
f 119 712 1866
f 119 1115 712
f 1115 579 712
f 251 898 1115
f 1530 898 251
f 712 1368 1866
f 712 579 1368
f 1115 898 579
f 579 488 1368
f 488 1320 1368
f 898 1853 579
f 488 1244 1320
f 1853 488 579
f 898 527 1853
f 488 698 1244
f 1853 698 488
f 1047 1937 269
f 1937 1047 1137
f 542 251 985
f 542 1530 251
f 1541 1530 542
f 1937 1137 445
f 269 1937 1541
f 965 1937 445
f 1541 965 1530
f 965 1541 1937
f 1764 965 445
f 965 1764 1530
f 1530 418 898
f 1764 418 1530
f 418 1764 156
f 418 527 898
f 418 156 527
f 954 156 1786
f 340 156 954
f 340 527 156
f 1220 999 1946
f 1731 1513 1910
f 1978 999 1220
f 1891 1513 1731
f 1244 1240 1085
f 1085 1448 1214
f 1240 1448 1085
f 1448 1956 1214
f 1448 18 1956
f 1240 18 1448
f 18 736 1956
f 1956 933 1214
f 736 1471 1956
f 1471 933 1956
f 736 510 1471
f 527 340 1853
f 1879 340 954
f 698 1240 1244
f 1853 842 698
f 340 842 1853
f 842 340 1879
f 698 370 1240
f 1331 842 1879
f 1240 370 18
f 698 1331 370
f 842 1331 698
f 370 736 18
f 1331 1002 370
f 489 1879 954
f 1002 1879 489
f 1002 1331 1879
f 1002 1881 370
f 370 1881 736
f 1881 1002 489
f 1881 612 736
f 1881 60 612
f 60 1881 489
f 1910 1168 1986
f 1168 1147 1986
f 1910 1281 1168
f 1910 555 1281
f 1910 1513 555
f 1513 1210 555
f 1899 1220 1946
f 1899 1038 1850
f 1899 1946 1038
f 1513 1013 1210
f 1513 926 1013
f 1513 29 926
f 1513 1624 29
f 1292 1978 1647
f 1647 1220 1899
f 1647 1978 1220
f 1891 1136 1513
f 1891 887 1136
f 1136 1045 1513
f 1513 1375 1624
f 1045 1375 1513
f 1375 487 1624
f 1393 1398 1292
f 1243 1398 1393
f 1393 1292 1647
f 1889 149 1891
f 1889 1433 149
f 1889 1140 1433
f 1891 439 887
f 149 439 1891
f 149 983 439
f 1856 1623 1243
f 1912 1279 1623
f 1856 1243 1393
f 1912 1623 1856
f 1889 1422 1140
f 1889 1507 1422
f 878 1507 1889
f 1214 878 1889
f 1214 1280 878
f 933 1280 1214
f 1280 875 878
f 1280 841 875
f 1786 1279 1912
f 1523 1786 1497
f 1497 1786 1912
f 1471 1598 933
f 510 1598 1471
f 736 73 510
f 510 1227 1598
f 510 73 1227
f 1598 876 933
f 1227 876 1598
f 933 1386 1280
f 876 1386 933
f 73 876 1227
f 876 1008 1386
f 876 656 1008
f 73 656 876
f 676 656 73
f 676 1678 656
f 1008 880 1386
f 1008 971 880
f 656 971 1008
f 656 1678 971
f 1386 880 1280
f 489 954 1786
f 1568 60 489
f 612 73 736
f 60 1568 612
f 1523 489 1786
f 1568 489 1523
f 612 676 73
f 1568 676 612
f 1568 105 676
f 105 1568 1523
f 105 688 676
f 688 105 1523
f 64 1523 1497
f 688 1523 64
f 688 1678 676
f 822 64 1497
f 688 64 1678
f 1139 64 822
f 64 1139 1678
f 1652 1904 1970
f 1652 1970 1929
f 1936 1652 1929
f 1843 1936 1929
f 1721 1936 1843
f 1977 1721 1843
f 1798 1884 1652
f 1798 1652 1936
f 1870 1798 1936
f 1721 1870 1936
f 1999 1721 1977
f 1637 1763 1798
f 1637 1798 1870
f 1947 1870 1721
f 1947 1721 1999
f 1965 1947 1999
f 885 1637 1870
f 885 1870 1947
f 1153 885 1947
f 1153 1947 1965
f 1217 1153 1965
f 397 114 1637
f 1836 1637 885
f 1836 397 1637
f 1153 1836 885
f 88 1836 1153
f 88 1153 1217
f 1600 88 1217
f 1020 637 397
f 190 727 397
f 637 190 397
f 190 131 727
f 131 1087 727
f 91 267 727
f 1087 91 727
f 637 396 190
f 1087 1062 91
f 131 1062 1087
f 190 1062 131
f 190 396 1062
f 91 1439 267
f 91 1062 1439
f 1062 1583 1439
f 396 328 1062
f 396 1487 328
f 1062 1092 1583
f 328 1092 1062
f 1020 397 1836
f 1739 1020 1836
f 185 1739 1836
f 862 637 1020
f 513 862 1020
f 142 1020 1739
f 142 513 1020
f 185 142 1739
f 862 396 637
f 185 995 142
f 99 995 185
f 513 396 862
f 142 995 513
f 99 1053 995
f 513 1487 396
f 995 1487 513
f 995 1361 1487
f 995 1358 1361
f 1053 1358 995
f 1053 170 1358
f 1472 185 1836
f 1327 1472 1836
f 1472 99 185
f 735 1836 88
f 735 1327 1836
f 1494 735 88
f 466 1494 88
f 1472 1053 99
f 1327 1053 1472
f 1327 208 1053
f 735 208 1327
f 735 359 208
f 1494 359 735
f 466 359 1494
f 466 615 359
f 208 170 1053
f 208 848 170
f 359 848 208
f 359 1457 848
f 615 1457 359
f 1603 466 88
f 1016 1603 88
f 1276 1603 1016
f 1603 615 466
f 1276 615 1603
f 244 1276 1016
f 1600 1016 88
f 1259 1016 1600
f 244 1016 1259
f 1276 511 615
f 244 511 1276
f 244 344 511
f 1259 344 244
f 1259 782 344
f 511 1457 615
f 352 1259 1600
f 352 782 1259
f 949 352 1600
f 1660 1808 1554
f 1660 1666 1808
f 1666 1949 1808
f 1808 1949 1635
f 1949 1860 1635
f 1949 1707 1860
f 1949 739 1707
f 1622 1977 1865
f 1989 1666 1660
f 1989 1738 1666
f 1666 1789 1949
f 1738 1789 1666
f 1949 1934 739
f 1789 1934 1949
f 1789 200 1934
f 1622 1999 1977
f 1564 1738 1989
f 1872 1738 1564
f 1738 1992 1789
f 1872 1992 1738
f 1789 503 200
f 1992 503 1789
f 1992 1933 503
f 1941 1965 1999
f 1941 1999 1622
f 1720 1872 1564
f 1720 1162 1872
f 1872 788 1992
f 1162 788 1872
f 1162 1704 788
f 1992 1473 1933
f 788 1473 1992
f 1704 1958 788
f 1307 1217 1965
f 1307 1965 1941
f 881 1217 1307
f 1842 1162 1720
f 1842 1613 1162
f 1842 1319 1613
f 1620 1319 1842
f 1319 817 1613
f 1288 1319 1620
f 1613 1704 1162
f 1613 1269 1704
f 817 1269 1613
f 1771 1269 817
f 1269 1463 1704
f 1269 1272 1463
f 1600 1217 881
f 1310 1600 881
f 1487 537 328
f 1583 30 1455
f 1583 100 30
f 100 1092 1288
f 1092 100 1583
f 1092 1319 1288
f 1092 328 1319
f 328 537 1319
f 100 1288 1620
f 990 100 1620
f 30 100 990
f 1455 30 990
f 1374 825 817
f 1374 975 825
f 1487 1202 537
f 1361 1202 1487
f 1202 1361 1374
f 1361 975 1374
f 1358 975 1361
f 975 1358 825
f 1358 721 825
f 170 721 1358
f 1319 1374 817
f 1319 537 1374
f 537 1202 1374
f 170 1005 721
f 848 1005 170
f 848 279 1005
f 1457 123 848
f 825 1771 817
f 721 1771 825
f 721 1005 1771
f 1005 279 1771
f 279 1033 1771
f 848 1033 279
f 123 1033 848
f 1457 86 123
f 96 320 1771
f 1033 96 1771
f 123 96 1033
f 123 320 96
f 86 320 123
f 1771 1174 1269
f 320 1174 1771
f 320 193 1174
f 86 193 320
f 511 432 1457
f 344 432 511
f 782 652 344
f 1457 432 86
f 344 1348 432
f 344 652 1348
f 432 193 86
f 432 1609 193
f 432 1231 1609
f 1348 1231 432
f 652 1640 1348
f 193 271 1174
f 193 1609 271
f 1609 1231 271
f 1231 293 271
f 1348 293 1231
f 1640 293 1348
f 271 1215 1174
f 293 1215 271
f 293 1070 1215
f 1640 1070 293
f 1174 1272 1269
f 1174 1215 1272
f 357 949 1600
f 352 652 782
f 949 652 352
f 949 854 652
f 357 854 949
f 709 357 1600
f 357 1621 854
f 1621 357 709
f 1109 1600 1310
f 1109 709 1600
f 219 709 1109
f 854 1640 652
f 854 1898 1640
f 1621 1898 854
f 1621 1076 1898
f 709 1076 1621
f 219 1076 709
f 219 860 1076
f 860 219 1109
f 1898 1070 1640
f 1898 126 1070
f 1898 686 126
f 1076 686 1898
f 1076 1273 686
f 1076 423 1273
f 860 423 1076
f 860 668 423
f 183 860 1109
f 855 1109 1310
f 855 183 1109
f 183 668 860
f 183 855 668
f 1762 1865 1931
f 1762 1622 1865
f 1941 1622 1762
f 1805 1941 1762
f 1958 1473 788
f 1307 1941 1805
f 1525 881 1307
f 1525 1307 1805
f 1463 1958 1704
f 1463 1723 1958
f 1272 1803 1463
f 1097 1310 881
f 1097 881 1525
f 1215 1330 1272
f 1215 126 1330
f 1070 126 1215
f 126 479 1330
f 686 479 126
f 686 1273 479
f 479 449 1330
f 1273 449 479
f 1273 1454 449
f 423 1454 1273
f 668 159 423
f 449 1543 1330
f 423 1737 1454
f 159 1737 423
f 159 635 1737
f 1454 1543 449
f 635 996 1737
f 1454 773 1543
f 1737 773 1454
f 1330 311 1272
f 1543 311 1330
f 1543 773 311
f 1737 996 773
f 773 1555 311
f 996 1555 773
f 996 402 1555
f 855 159 668
f 321 855 1310
f 229 321 1310
f 855 321 159
f 321 635 159
f 321 360 635
f 360 321 229
f 229 1310 1097
f 360 1446 635
f 360 545 1446
f 545 360 229
f 545 229 1097
f 1446 996 635
f 545 266 1446
f 1367 545 1097
f 545 1367 266
f 496 1367 1097
f 1446 402 996
f 1446 1064 402
f 1446 266 1064
f 1367 1023 266
f 1367 496 1023
f 1860 1551 1915
f 1707 1551 1860
f 739 1551 1707
f 1669 1762 1931
f 1669 1931 1778
f 1934 1923 739
f 1923 1551 739
f 200 1923 1934
f 200 1034 1923
f 767 1762 1669
f 503 1034 200
f 1933 1034 503
f 1933 1801 1034
f 1805 1762 767
f 1719 1805 767
f 1473 1801 1933
f 1958 1801 1473
f 1958 1723 1801
f 1525 1805 1719
f 1369 1525 1719
f 1463 1803 1723
f 1272 311 1803
f 1369 1097 1525
f 577 1097 1369
f 311 426 1803
f 1555 426 311
f 1555 626 426
f 402 626 1555
f 402 1064 626
f 626 59 426
f 1064 59 626
f 426 762 1803
f 59 762 426
f 762 1489 1803
f 59 1489 762
f 266 1023 1064
f 972 496 1097
f 496 694 1023
f 496 972 694
f 1023 694 1064
f 794 972 1097
f 1064 1326 59
f 694 1326 1064
f 694 746 1326
f 972 746 694
f 972 794 746
f 59 1326 1489
f 794 130 746
f 1489 1111 1803
f 1326 1111 1489
f 1326 1944 1111
f 746 1944 1326
f 746 1151 1944
f 130 1151 746
f 1558 794 1097
f 130 794 1558
f 1558 1097 577
f 130 50 1151
f 50 130 1558
f 1551 1787 1915
f 1551 1852 1787
f 1592 1669 1778
f 1923 1852 1551
f 1034 1852 1923
f 1750 767 1669
f 1801 1952 1034
f 1034 1952 1852
f 1698 1719 767
f 1723 1971 1801
f 1801 1971 1952
f 1224 1369 1719
f 1803 1537 1723
f 1723 1537 1971
f 1803 16 1537
f 401 577 1369
f 1111 923 1803
f 1944 923 1111
f 1944 733 923
f 1944 910 733
f 1151 910 1944
f 1151 1761 910
f 733 625 923
f 910 625 733
f 923 16 1803
f 625 16 923
f 910 951 625
f 1761 471 910
f 951 16 625
f 910 403 951
f 910 471 403
f 951 403 16
f 471 1706 403
f 16 1479 1537
f 403 1077 16
f 1706 1077 403
f 16 856 1479
f 1077 856 16
f 1077 1242 856
f 1706 1242 1077
f 1706 48 1242
f 275 1558 577
f 275 50 1558
f 50 275 1151
f 275 1761 1151
f 725 275 577
f 275 725 1761
f 725 471 1761
f 104 725 577
f 725 104 471
f 1004 104 577
f 104 1706 471
f 104 1004 1706
f 715 1004 577
f 1004 48 1706
f 1004 715 48
f 394 1918 427
f 1918 1594 427
f 647 394 427
f 1885 394 647
f 1594 647 427
f 1885 647 846
f 1594 846 647
f 1594 468 846
f 714 1885 846
f 230 1885 714
f 468 714 846
f 230 714 895
f 468 895 714
f 93 1885 230
f 385 1885 93
f 646 458 889
f 1311 1027 1954
f 889 1027 1311
f 552 646 889
f 154 552 889
f 1195 552 154
f 422 889 1311
f 1490 1591 262
f 301 1591 1490
f 1464 768 1195
f 1464 743 768
f 1464 262 743
f 1490 262 1464
f 27 301 1490
f 87 27 1490
f 42 87 1490
f 154 1464 1195
f 1144 1464 544
f 1144 1490 1464
f 435 1490 1144
f 435 42 1490
f 775 22 1594
f 22 775 1425
f 1668 1425 775
f 1425 1668 592
f 592 610 1425
f 1425 1757 22
f 27 592 301
f 610 592 27
f 610 1757 1425
f 1594 239 468
f 22 239 1594
f 1757 239 22
f 1757 1350 239
f 87 610 27
f 610 1350 1757
f 610 87 1350
f 1350 831 239
f 87 831 1350
f 87 42 831
f 831 66 239
f 1807 1488 164
f 1663 1807 164
f 164 1488 608
f 164 608 1663
f 1535 1663 608
f 1437 1663 1535
f 1488 997 608
f 1535 608 997
f 1124 1437 1535
f 1488 977 997
f 389 997 977
f 389 1535 997
f 1124 1535 389
f 1631 1488 1807
f 843 1488 1631
f 1488 1249 977
f 843 1249 1488
f 789 702 1954
f 789 864 702
f 557 864 789
f 557 909 864
f 519 909 557
f 519 529 909
f 702 491 1954
f 491 1311 1954
f 702 1270 491
f 864 1270 702
f 491 422 1311
f 491 1270 422
f 909 1270 864
f 939 552 1195
f 458 789 1027
f 557 789 458
f 646 557 458
f 1925 557 646
f 1925 646 552
f 1925 552 939
f 1925 519 557
f 458 1027 889
f 789 1954 1027
f 681 1591 301
f 1920 1591 681
f 743 939 768
f 1584 262 1591
f 1584 1591 1920
f 1584 743 262
f 1534 1925 939
f 1534 939 743
f 1534 743 1584
f 585 1534 1584
f 585 1584 1406
f 777 1534 585
f 768 939 1195
f 681 592 1668
f 1920 681 1668
f 911 1584 1920
f 1406 1584 911
f 1352 585 1406
f 681 301 592
f 1124 1831 1437
f 1067 1831 1124
f 1246 1067 1124
f 1246 1124 1661
f 519 1121 529
f 1540 1121 519
f 61 1305 1540
f 61 1456 1305
f 1585 1456 61
f 1585 94 1456
f 1540 11 1121
f 1305 11 1540
f 32 519 1925
f 1253 519 32
f 1253 61 519
f 759 32 1593
f 759 1253 32
f 1430 1253 759
f 1253 1585 61
f 349 1253 1430
f 349 1557 1253
f 61 1540 519
f 583 759 1593
f 1430 759 583
f 8 1925 1534
f 763 777 585
f 777 1809 1534
f 987 8 1534
f 1809 987 1534
f 84 1809 777
f 840 777 763
f 840 84 777
f 8 32 1925
f 1593 32 8
f 987 199 8
f 987 807 199
f 1809 807 987
f 84 807 1809
f 840 201 84
f 1593 8 199
f 807 1676 199
f 84 1686 807
f 201 1686 84
f 583 199 1676
f 583 1593 199
f 807 258 1676
f 1300 583 1676
f 807 1686 258
f 1300 1676 258
f 1287 583 1300
f 1287 1430 583
f 1287 349 1430
f 1300 473 1287
f 473 1300 258
f 704 763 1352
f 1352 763 585
f 704 840 763
f 136 444 704
f 136 1285 444
f 136 2 1285
f 231 2 136
f 231 935 2
f 95 935 231
f 704 444 840
f 444 201 840
f 1285 201 444
f 1285 908 201
f 2 908 1285
f 2 1 908
f 935 1 2
f 201 719 1686
f 908 719 201
f 908 1 719
f 1 595 719
f 719 643 1686
f 595 643 719
f 595 1418 643
f 1 1418 595
f 1632 1067 1246
f 1632 1901 1067
f 1451 1901 1632
f 1585 948 94
f 1633 948 1585
f 1633 1988 948
f 33 1988 1633
f 33 648 1988
f 508 648 33
f 508 1314 648
f 1407 1585 1253
f 1407 1253 1557
f 1407 1633 1585
f 111 1407 1557
f 252 1407 111
f 33 1633 1407
f 795 33 1407
f 795 1407 252
f 1152 33 795
f 116 1152 795
f 261 1557 349
f 261 111 1557
f 1567 111 261
f 1567 252 111
f 247 252 1567
f 247 795 252
f 116 795 247
f 261 349 1287
f 1336 261 1287
f 1527 261 1336
f 1527 1567 261
f 361 1567 1527
f 361 247 1567
f 361 116 247
f 1318 116 361
f 95 372 935
f 1397 372 95
f 1014 372 1397
f 1014 1066 372
f 1014 546 1066
f 1315 546 1014
f 1315 1347 546
f 1003 1347 1315
f 372 1 935
f 372 710 1
f 372 587 710
f 1066 587 372
f 546 587 1066
f 546 989 587
f 1347 989 546
f 1347 1745 989
f 1451 929 1901
f 1848 929 1451
f 1689 525 168
f 10 525 1689
f 162 543 10
f 162 1247 543
f 168 1314 508
f 168 1712 1314
f 525 1712 168
f 525 914 1712
f 10 914 525
f 10 818 914
f 543 818 10
f 543 597 818
f 1247 597 543
f 1689 508 33
f 1689 168 508
f 1152 1689 33
f 1142 1152 116
f 1040 1689 1152
f 609 1152 1142
f 609 1040 1152
f 151 1040 609
f 1297 1689 1040
f 1297 162 1689
f 241 1040 151
f 241 1297 1040
f 243 1297 241
f 162 10 1689
f 992 241 151
f 1340 243 241
f 992 151 609
f 1340 241 992
f 1318 1142 116
f 498 1142 1318
f 498 609 1142
f 498 992 609
f 2000 992 498
f 2000 1340 992
f 874 1347 1003
f 874 1324 1347
f 1606 1324 874
f 812 1324 1606
f 812 1817 1324
f 1147 1817 812
f 1147 535 1817
f 1147 1126 535
f 1324 1745 1347
f 1324 1135 1745
f 1324 1516 1135
f 1817 1516 1324
f 535 1516 1817
f 535 1378 1516
f 1126 1378 535
f 1533 929 1848
f 1533 1850 929
f 1503 1850 1533
f 299 230 895
f 93 230 299
f 468 299 895
f 468 351 299
f 93 299 1127
f 299 351 1127
f 468 1943 351
f 1765 1127 413
f 1765 93 1127
f 351 413 1127
f 1795 1765 413
f 175 1765 1795
f 351 1795 413
f 351 1768 1795
f 1943 1768 351
f 1768 380 1795
f 117 175 1795
f 1512 175 117
f 1795 380 117
f 175 93 1765
f 175 385 93
f 1512 385 175
f 211 385 1512
f 133 385 211
f 891 1994 385
f 891 385 133
f 891 133 1093
f 154 889 422
f 953 422 1041
f 953 154 422
f 1164 1041 65
f 953 1041 1164
f 1164 65 31
f 1181 154 953
f 942 154 1181
f 322 154 942
f 544 154 819
f 544 1464 154
f 605 435 1144
f 722 435 605
f 819 154 322
f 239 66 1943
f 831 112 66
f 112 42 435
f 42 112 831
f 239 1943 468
f 1155 66 112
f 276 112 435
f 112 276 1155
f 66 1155 1943
f 1155 1084 1943
f 1943 1084 1768
f 1155 1166 1084
f 578 1166 1155
f 977 603 389
f 603 977 1249
f 927 389 603
f 927 1124 389
f 1249 1392 603
f 1671 603 1392
f 1671 927 603
f 809 1249 658
f 809 1392 1249
f 1671 1392 809
f 927 1671 1846
f 658 950 809
f 950 658 1120
f 1671 809 950
f 1035 1671 950
f 1671 1035 1846
f 1035 950 755
f 843 658 1249
f 1120 755 950
f 843 1120 658
f 843 562 1120
f 562 1410 1120
f 562 1641 1410
f 1120 1410 1036
f 909 1726 1270
f 529 1726 909
f 1270 1041 422
f 1726 67 1270
f 1270 65 1041
f 1270 337 65
f 1270 1590 337
f 67 1590 1270
f 65 337 31
f 1590 1681 337
f 337 697 31
f 1681 697 337
f 1726 1132 67
f 1164 883 953
f 883 1154 953
f 1154 1181 953
f 1154 1112 1181
f 1112 942 1181
f 1112 124 942
f 124 322 942
f 883 1112 1154
f 802 1112 883
f 1132 1112 802
f 1112 194 124
f 1132 1955 1112
f 1955 194 1112
f 697 1164 31
f 883 1164 697
f 1681 883 697
f 1681 802 883
f 1590 802 1681
f 67 802 1590
f 1132 802 67
f 1022 544 819
f 1022 1296 544
f 1296 1144 544
f 1296 877 1144
f 877 605 1144
f 877 722 605
f 194 1204 1296
f 1204 877 1296
f 1204 1316 877
f 1316 1508 877
f 124 819 322
f 124 1022 819
f 124 1296 1022
f 194 1296 124
f 722 1780 435
f 1780 276 435
f 877 1780 722
f 661 276 1780
f 877 661 1780
f 1508 661 877
f 1316 505 1508
f 276 578 1155
f 661 578 276
f 661 166 578
f 1508 166 661
f 1508 1818 166
f 166 1128 578
f 1818 1128 166
f 578 1128 1166
f 1661 1124 927
f 1661 927 1846
f 1121 1726 529
f 1456 1746 1305
f 1456 451 1746
f 94 451 1456
f 1121 1469 1726
f 1121 1039 1469
f 11 1039 1121
f 11 1627 1039
f 11 438 1627
f 1305 438 11
f 1305 1436 438
f 1746 1436 1305
f 94 723 451
f 1469 1132 1726
f 1225 1955 1132
f 1225 1256 1955
f 1260 1256 1225
f 1260 1993 1256
f 1260 331 1993
f 292 331 1260
f 1039 1132 1469
f 1039 1225 1132
f 1627 1225 1039
f 438 1225 1627
f 1436 1225 438
f 1746 1260 1436
f 1260 1225 1436
f 451 1260 1746
f 723 1260 451
f 258 4 473
f 1686 4 258
f 473 4 1245
f 1686 716 4
f 1686 863 716
f 1686 1316 863
f 643 1316 1686
f 643 915 1316
f 1065 473 1245
f 1065 1287 473
f 1336 1287 1065
f 4 147 1245
f 1065 1245 147
f 863 1316 1204
f 1955 784 194
f 4 1955 147
f 4 784 1955
f 784 1204 194
f 784 716 1204
f 716 784 4
f 716 863 1204
f 783 147 1955
f 870 147 783
f 870 1065 147
f 1993 1065 870
f 331 1065 1993
f 331 1336 1065
f 1080 1336 331
f 1256 783 1955
f 870 783 1256
f 1993 870 1256
f 292 1080 331
f 1 805 1418
f 710 805 1
f 643 217 915
f 1418 217 643
f 1418 805 217
f 217 505 915
f 217 1572 505
f 217 888 1572
f 805 888 217
f 505 1572 1508
f 915 505 1316
f 1572 1818 1508
f 1572 636 1818
f 888 636 1572
f 888 57 636
f 805 57 888
f 710 57 805
f 710 1258 57
f 636 1128 1818
f 57 1258 636
f 948 723 94
f 948 1751 723
f 1988 1751 948
f 1314 1129 648
f 1988 726 1751
f 648 726 1988
f 648 218 726
f 1129 218 648
f 1314 1959 1129
f 1751 570 723
f 570 292 1260
f 570 919 292
f 919 186 292
f 1466 919 570
f 1466 742 919
f 1466 634 742
f 723 570 1260
f 726 570 1751
f 218 1466 726
f 1466 570 726
f 1129 1466 218
f 1959 1466 1129
f 1527 1336 1080
f 879 361 1527
f 186 1527 1080
f 919 1527 186
f 879 1527 919
f 1018 361 879
f 580 361 1018
f 580 1318 361
f 186 1080 292
f 742 879 919
f 742 1018 879
f 634 1018 742
f 580 1018 634
f 587 1263 710
f 989 1263 587
f 1745 1569 989
f 710 1263 1258
f 989 1569 1263
f 1712 815 1314
f 914 815 1712
f 914 1411 815
f 818 1411 914
f 815 1959 1314
f 818 1125 1411
f 597 1125 818
f 597 248 1125
f 815 1467 1959
f 1411 1467 815
f 1411 1691 1467
f 1125 1691 1411
f 248 554 1125
f 1467 634 1466
f 1467 346 634
f 346 580 634
f 1691 346 1467
f 1691 645 346
f 554 645 1691
f 554 431 645
f 1197 431 554
f 1197 1695 431
f 1467 1466 1959
f 1125 554 1691
f 248 1197 554
f 507 1318 295
f 507 498 1318
f 1377 2000 498
f 295 1318 580
f 431 498 507
f 1377 498 431
f 1695 2000 1377
f 346 295 580
f 645 295 346
f 645 507 295
f 431 507 645
f 1695 1377 431
f 1135 1569 1745
f 1516 1755 1135
f 1378 1755 1516
f 1135 1755 1569
f 1378 1100 1755
f 1779 1512 117
f 380 1779 117
f 380 1426 1779
f 1768 1426 380
f 1768 1353 1426
f 1768 1538 1353
f 1426 1353 568
f 211 1512 1779
f 211 1779 1426
f 568 211 1426
f 1145 211 568
f 133 211 1145
f 339 1145 568
f 133 1145 339
f 404 133 1744
f 1353 339 568
f 433 133 339
f 1744 133 433
f 1353 673 339
f 1538 673 1353
f 1744 433 436
f 339 436 433
f 339 673 436
f 1093 133 404
f 891 1093 1664
f 891 1664 1216
f 1883 891 1216
f 1084 1538 1768
f 1187 1035 755
f 192 1035 1187
f 1166 1538 1084
f 192 1187 197
f 1166 1733 1538
f 1166 1199 1733
f 1538 573 673
f 1538 1733 573
f 755 1120 1036
f 1187 755 1036
f 1036 611 569
f 1410 611 1036
f 1036 569 1187
f 197 1187 569
f 611 1301 569
f 1301 197 569
f 1265 192 197
f 1410 198 611
f 1410 993 198
f 611 198 1301
f 1345 1301 198
f 1265 197 1301
f 268 1301 1345
f 268 1265 1301
f 228 198 993
f 332 228 993
f 228 1345 198
f 268 1345 228
f 821 228 332
f 766 268 228
f 899 268 766
f 1641 1429 1410
f 1641 1150 1429
f 1410 1429 993
f 1150 1581 1429
f 1150 1172 1581
f 1429 332 993
f 1661 1846 1035
f 192 1661 1035
f 1128 1199 1166
f 1128 1362 1199
f 1246 1661 192
f 899 192 1265
f 1506 192 899
f 1506 1246 192
f 899 1265 268
f 1258 1882 636
f 636 1362 1128
f 636 1882 1362
f 1258 1561 1882
f 696 1451 1632
f 1493 1246 1506
f 1493 1632 1246
f 696 1632 1493
f 1263 1561 1258
f 1569 1561 1263
f 1569 1612 1561
f 1710 1848 1451
f 1922 1848 1710
f 1710 1451 696
f 1755 1612 1569
f 1100 1612 1755
f 1100 1630 1612
f 1922 1533 1848
f 1596 1533 1922
f 1596 1503 1533
f 1476 1503 1596
f 336 1744 436
f 404 1744 336
f 673 336 436
f 536 404 336
f 1093 404 536
f 336 63 536
f 673 63 336
f 1093 536 71
f 63 71 536
f 673 1435 63
f 265 1093 71
f 21 1093 265
f 71 1653 265
f 63 1653 71
f 1435 1653 63
f 1653 21 265
f 1653 1061 21
f 1664 1093 21
f 1061 1664 21
f 1146 1664 1061
f 1216 1664 1146
f 1653 398 1061
f 1435 398 1653
f 1883 1216 354
f 398 1146 1061
f 1435 1346 398
f 966 1216 1146
f 354 1216 966
f 398 966 1146
f 398 1346 966
f 467 891 1883
f 1079 891 467
f 618 891 1079
f 573 1435 673
f 573 1642 1435
f 1733 1642 573
f 1199 1642 1733
f 821 766 228
f 1642 1346 1435
f 1642 613 1346
f 641 613 1642
f 1581 428 1429
f 1429 821 332
f 428 821 1429
f 1207 766 821
f 1205 428 1581
f 563 1205 1581
f 1205 821 428
f 1207 821 1205
f 1996 766 1207
f 1500 563 1581
f 1703 1207 1205
f 1703 1205 563
f 495 563 1500
f 327 495 1500
f 1703 563 495
f 1615 1207 1703
f 1615 1996 1207
f 1099 495 327
f 1614 495 1099
f 1614 1703 495
f 1614 1615 1703
f 1199 641 1642
f 1199 152 641
f 1362 152 1199
f 1362 1670 152
f 1506 899 871
f 871 899 766
f 871 766 1996
f 1506 871 1996
f 1615 1506 1996
f 1882 1670 1362
f 1882 1942 1670
f 1561 1942 1882
f 1432 1615 1614
f 1432 1506 1615
f 1828 1506 1432
f 1828 1493 1506
f 1828 696 1493
f 1840 696 1828
f 1612 1942 1561
f 1612 1963 1942
f 1840 1710 696
f 1922 1710 1840
f 1114 1922 1840
f 1630 1781 1612
f 1781 1963 1612
f 1114 1596 1922
f 1804 1476 1596
f 1804 1596 1114
f 966 476 354
f 1346 476 966
f 5 354 476
f 5 1883 354
f 467 1883 5
f 1346 242 476
f 235 467 5
f 242 235 5
f 476 242 5
f 618 1079 1867
f 1079 467 235
f 560 618 1867
f 75 1079 235
f 1867 1079 75
f 242 75 235
f 242 1081 75
f 334 1867 75
f 560 1867 334
f 1081 334 75
f 1081 1790 334
f 146 618 560
f 988 618 146
f 334 1790 560
f 1790 146 560
f 1790 988 146
f 613 242 1346
f 613 1081 242
f 641 1081 613
f 641 1675 1081
f 152 1675 641
f 1670 922 152
f 152 922 1675
f 1670 1907 922
f 1942 1907 1670
f 1963 1907 1942
f 1963 1329 1907
f 1781 1329 1963
f 172 1083 1995
f 1605 172 1995
f 957 172 1605
f 904 1072 1083
f 751 1083 172
f 751 904 1083
f 1364 904 751
f 893 751 172
f 1364 751 893
f 893 172 957
f 374 893 957
f 1364 893 374
f 374 957 1605
f 1976 562 843
f 1499 562 1976
f 1578 994 717
f 717 1962 1532
f 717 994 1962
f 238 1578 1869
f 1700 238 1239
f 1869 1578 717
f 1700 1578 238
f 1700 994 1578
f 1700 666 994
f 1968 994 666
f 1968 1351 994
f 617 1239 756
f 617 1700 1239
f 425 617 756
f 425 302 617
f 1271 302 425
f 617 666 1700
f 617 225 666
f 302 225 617
f 1271 225 302
f 225 520 666
f 174 520 225
f 1271 174 225
f 520 1968 666
f 174 1968 520
f 174 1351 1968
f 174 1679 1351
f 1252 174 1271
f 1794 1625 1252
f 1985 1832 1876
f 1138 917 1821
f 1138 1702 917
f 1722 1699 1138
f 1787 1690 1722
f 1592 1778 1985
f 1995 1994 891
f 1412 1995 1628
f 1412 1748 1995
f 1376 1605 1995
f 1376 1995 1748
f 338 1605 1376
f 1028 338 1376
f 940 1376 1748
f 1044 1376 940
f 653 1376 1044
f 653 1028 1376
f 711 653 1044
f 1221 374 1605
f 1221 1364 374
f 232 1605 338
f 232 1221 1605
f 524 1221 232
f 1028 232 338
f 524 232 1028
f 524 1028 653
f 1499 1641 562
f 1499 1587 1641
f 1587 1150 1641
f 1587 1890 1150
f 1532 1962 540
f 540 1587 1499
f 1962 1587 540
f 1351 68 994
f 1351 78 68
f 68 369 994
f 369 931 994
f 994 1577 1962
f 931 1577 994
f 369 1388 931
f 1577 1644 1962
f 1388 1854 931
f 485 1854 1388
f 1679 78 1351
f 78 41 68
f 1679 41 78
f 41 369 68
f 41 1441 485
f 41 485 369
f 485 1388 369
f 524 1364 1221
f 524 1887 1364
f 1844 1887 524
f 174 1441 1679
f 1252 1441 174
f 1252 1625 1441
f 1794 1505 1625
f 1679 1441 41
f 1844 1876 1887
f 1611 1876 1844
f 1821 1505 1794
f 1505 1821 917
f 1611 1985 1876
f 1138 1699 1702
f 1916 1985 1611
f 1722 1690 1699
f 1916 1592 1985
f 1616 1592 1916
f 1820 1995 891
f 1820 891 1758
f 1909 1995 665
f 1909 1628 1995
f 665 1995 1820
f 1732 665 1820
f 52 1412 1628
f 711 1044 940
f 522 653 711
f 522 524 653
f 522 711 940
f 1772 524 522
f 14 940 1748
f 522 940 14
f 1724 522 14
f 1772 522 1724
f 630 1748 1412
f 630 14 1748
f 1724 14 630
f 530 1772 1724
f 222 1412 52
f 222 630 1412
f 222 1724 630
f 530 1724 222
f 1150 1725 1172
f 1172 1500 1581
f 1172 1812 1500
f 1725 1812 1172
f 1890 1725 1150
f 1587 356 1890
f 1587 872 356
f 1644 791 1962
f 791 1382 1962
f 1962 1753 1587
f 1382 1753 1962
f 1753 1684 1587
f 1684 872 1587
f 931 1854 1577
f 1441 1854 485
f 1577 150 1644
f 1854 150 1577
f 1441 150 1854
f 150 1037 1644
f 1644 1328 791
f 1644 1037 1328
f 150 38 1037
f 1037 38 1328
f 791 1161 1382
f 1328 1161 791
f 38 1161 1328
f 1382 594 1753
f 1161 594 1382
f 38 594 1161
f 38 684 594
f 1844 524 1772
f 1575 1844 1772
f 1575 1772 530
f 1441 38 150
f 1625 38 1441
f 1625 1874 38
f 1625 1766 1874
f 1505 1766 1625
f 1874 684 38
f 1897 1611 1844
f 1897 1844 1575
f 917 1766 1505
f 917 1718 1766
f 1385 1611 1897
f 1702 1841 1741
f 1699 1841 1702
f 1702 1718 917
f 1702 1741 1718
f 1385 1916 1611
f 1767 1916 1385
f 1699 1365 1841
f 1690 1365 1699
f 1690 1618 1365
f 1284 1916 1767
f 1284 1616 1916
f 567 891 618
f 497 891 567
f 750 891 1775
f 1775 891 1360
f 323 750 1775
f 1360 891 497
f 1758 891 750
f 203 1820 1758
f 1394 665 1732
f 54 1628 1909
f 628 1628 54
f 1399 628 54
f 108 628 1399
f 1399 54 1909
f 963 1909 665
f 963 1399 1909
f 108 1399 963
f 622 665 1394
f 963 665 622
f 600 108 622
f 108 963 622
f 129 1394 1732
f 622 1394 129
f 1250 52 1628
f 534 52 1250
f 534 222 52
f 530 222 534
f 530 534 1250
f 628 1250 1628
f 628 530 1250
f 108 530 628
f 1725 644 1812
f 1812 327 1500
f 1812 358 327
f 1812 644 358
f 358 964 327
f 644 778 358
f 358 158 964
f 964 1099 327
f 778 158 358
f 103 1099 964
f 139 1614 1099
f 139 1099 103
f 158 103 964
f 778 1450 158
f 1450 103 158
f 778 978 1000
f 778 1000 1450
f 1163 103 1450
f 1163 139 103
f 974 139 1163
f 1725 1754 644
f 1890 1754 1725
f 1890 1370 1754
f 1754 778 644
f 1754 978 778
f 1754 288 978
f 1754 599 288
f 1370 599 1754
f 1370 772 599
f 816 772 1370
f 575 772 816
f 872 937 356
f 356 1170 1890
f 1890 1170 1370
f 1170 816 1370
f 1170 720 816
f 356 1186 1170
f 356 1211 1186
f 937 1211 356
f 937 118 1211
f 1170 1186 720
f 571 720 1186
f 1211 571 1186
f 737 575 816
f 737 816 720
f 571 737 720
f 571 1927 737
f 1753 705 1684
f 1753 857 705
f 1684 209 872
f 684 705 857
f 1684 616 209
f 705 616 1684
f 616 1536 209
f 684 616 705
f 684 1536 616
f 1536 872 209
f 1536 728 872
f 872 728 937
f 728 118 937
f 594 857 1753
f 594 684 857
f 1203 1575 108
f 1203 108 600
f 108 1575 530
f 1432 1614 139
f 1432 139 974
f 1766 1893 1927
f 1927 571 1211
f 118 1927 1211
f 1874 1927 118
f 1874 1536 684
f 1874 728 1536
f 1874 118 728
f 1766 1927 1874
f 1203 1897 1575
f 1851 1897 1203
f 1718 1990 1893
f 1718 1893 1766
f 1851 1385 1897
f 1793 1385 1851
f 1974 1840 1990
f 1974 1114 1840
f 1841 1990 1741
f 1841 1974 1990
f 1741 1990 1718
f 1793 1767 1385
f 1973 1767 1793
f 1960 1114 1974
f 1960 1804 1114
f 1365 1960 1974
f 1365 1974 1841
f 1618 1960 1365
f 1973 1284 1767
f 1940 1284 1973
f 567 618 769
f 769 618 988
f 497 567 179
f 303 769 988
f 207 769 303
f 207 567 769
f 179 567 207
f 1790 303 988
f 1081 303 1790
f 1081 604 303
f 604 207 303
f 409 179 207
f 672 179 409
f 672 497 179
f 938 497 672
f 672 457 938
f 207 604 409
f 604 672 409
f 604 457 672
f 938 1360 497
f 13 1775 1360
f 227 1775 13
f 83 1775 227
f 83 323 1775
f 457 1360 938
f 457 13 1360
f 457 227 13
f 1602 83 227
f 1602 227 457
f 740 750 323
f 1255 203 1758
f 90 1758 750
f 1255 1758 90
f 606 1255 90
f 36 750 740
f 650 750 36
f 90 750 650
f 650 606 90
f 1602 650 36
f 1602 606 650
f 1602 828 606
f 382 323 83
f 382 740 323
f 36 740 382
f 1602 382 83
f 1602 36 382
f 1421 1732 1820
f 944 1732 1421
f 1173 944 1421
f 1420 1820 203
f 1059 1820 1420
f 1059 1421 1820
f 1134 1421 1059
f 1134 1173 1421
f 177 1059 1420
f 177 1134 1059
f 308 203 1255
f 177 203 308
f 177 1420 203
f 828 177 308
f 828 1134 177
f 606 308 1255
f 606 828 308
f 129 1732 944
f 1173 129 944
f 600 129 1173
f 600 622 129
f 1163 1450 1000
f 978 1163 1000
f 1675 604 1081
f 1675 958 604
f 575 599 772
f 974 1163 978
f 288 974 978
f 1927 599 575
f 604 1602 457
f 958 1602 604
f 958 1501 1602
f 1927 575 737
f 1602 1363 828
f 1501 1363 1602
f 1363 1203 600
f 828 1173 1134
f 828 600 1173
f 1363 600 828
f 922 958 1675
f 922 1321 958
f 1927 288 599
f 1927 974 288
f 1927 1432 974
f 1893 1432 1927
f 1321 1501 958
f 1501 1838 1363
f 1838 1851 1203
f 1838 1203 1363
f 1907 1321 922
f 1893 1828 1432
f 1990 1828 1893
f 1990 1840 1828
f 1321 629 1501
f 629 1546 1838
f 629 1838 1501
f 1546 1793 1851
f 1546 1851 1838
f 1329 1857 1907
f 1907 1857 1321
f 1857 629 1321
f 1857 1913 629
f 1913 1892 1546
f 1913 1546 629
f 1892 1973 1793
f 1892 1793 1546
f 1329 1815 1857
f 1815 1913 1857
f 1815 1747 1913
f 1747 1735 1892
f 1747 1892 1913
f 1735 1973 1892
f 1735 1940 1973
f 1468 1247 162
f 1468 290 1247
f 1468 947 290
f 289 947 1468
f 741 1337 270
f 290 597 1247
f 1991 162 1297
f 1991 1468 162
f 243 1991 1297
f 333 1991 243
f 826 1991 333
f 1449 1468 1991
f 1449 1991 826
f 741 1468 1449
f 1201 1449 826
f 565 1449 1201
f 333 243 1340
f 741 270 289
f 741 289 1468
f 548 1201 826
f 145 565 1201
f 548 826 333
f 145 1201 548
f 1266 1340 2000
f 1266 333 1340
f 1266 548 333
f 1477 548 1266
f 1477 145 548
f 1168 1126 1147
f 1168 408 1126
f 1281 408 1168
f 1281 1366 408
f 555 1366 1281
f 555 1403 1366
f 1210 1403 555
f 1126 1520 1378
f 408 1520 1126
f 1366 1520 408
f 1366 1563 1520
f 1403 1563 1366
f 1403 1230 1563
f 1503 1899 1850
f 1222 1899 1503
f 1930 1899 1222
f 741 1914 1337
f 272 1914 741
f 1825 1495 272
f 1825 776 1495
f 916 776 1825
f 916 429 776
f 272 1495 1914
f 1206 741 1449
f 1206 1449 565
f 1057 1206 565
f 1825 272 741
f 1206 1825 741
f 1730 1825 1206
f 81 1206 1057
f 81 1730 1206
f 189 1730 81
f 1601 1825 1730
f 1601 916 1825
f 913 1730 189
f 913 1601 1730
f 121 1601 913
f 1057 565 145
f 400 121 913
f 400 913 189
f 824 145 1477
f 1729 145 824
f 1729 1057 145
f 1729 81 1057
f 1729 189 81
f 1729 400 189
f 1519 400 1729
f 1013 1403 1210
f 1013 421 1403
f 926 421 1013
f 926 448 421
f 29 448 926
f 29 607 448
f 1624 607 29
f 487 607 1624
f 421 1230 1403
f 448 1230 421
f 448 1191 1230
f 607 1191 448
f 607 786 1191
f 607 1492 786
f 1930 1647 1899
f 1645 1647 1930
f 1878 1647 1645
f 916 1896 429
f 256 1896 916
f 256 614 1896
f 256 143 614
f 780 143 256
f 780 216 143
f 785 125 216
f 216 1423 143
f 125 1423 216
f 107 916 1601
f 107 256 916
f 107 1601 121
f 1089 256 107
f 1089 780 256
f 1078 780 1089
f 1371 780 1078
f 1806 780 1371
f 1806 785 780
f 518 121 400
f 518 107 121
f 1357 107 518
f 1357 1089 107
f 284 1089 1357
f 284 1078 1089
f 284 1371 1078
f 785 216 780
f 1175 1371 284
f 967 1175 284
f 1229 967 284
f 1519 518 400
f 581 518 1519
f 581 1357 518
f 581 284 1357
f 1229 284 581
f 1375 1531 487
f 1045 1531 1375
f 1045 960 1531
f 1136 960 1045
f 887 960 1136
f 887 1401 960
f 487 1531 607
f 1401 80 960
f 1531 1492 607
f 1531 1984 1492
f 960 1984 1531
f 80 1984 960
f 80 801 1984
f 1878 1393 1647
f 1502 1393 1878
f 785 823 125
f 43 1049 823
f 43 1515 1049
f 1951 1515 43
f 1951 669 1515
f 1951 526 669
f 1445 526 1951
f 1445 624 526
f 823 1049 125
f 1175 1806 1371
f 25 1806 1175
f 1806 43 785
f 1119 1806 25
f 1951 43 1806
f 1119 1951 1806
f 1024 1951 1119
f 1024 1445 1951
f 43 823 785
f 967 25 1175
f 1251 342 483
f 1945 1251 483
f 368 1945 517
f 342 1024 852
f 1251 1024 342
f 368 1251 1945
f 1140 1251 368
f 1140 368 1433
f 1024 1119 157
f 1024 157 852
f 1414 1119 25
f 1414 157 1119
f 1414 852 157
f 342 852 1414
f 1268 1945 483
f 1268 517 1945
f 260 25 967
f 260 1414 25
f 1118 342 1414
f 1118 483 342
f 1268 483 1118
f 649 1414 260
f 1118 1414 649
f 649 967 1229
f 649 260 967
f 1074 649 1229
f 1074 1118 649
f 1373 1268 1118
f 811 1268 1373
f 811 300 1268
f 439 1401 887
f 439 97 1401
f 983 97 439
f 149 1165 983
f 368 517 1165
f 149 368 1165
f 1433 368 149
f 1165 97 983
f 97 774 1401
f 1674 517 1268
f 1674 1165 517
f 1165 774 97
f 1165 1674 774
f 774 80 1401
f 80 774 300
f 300 1674 1268
f 1674 300 774
f 1688 300 811
f 285 300 1688
f 300 285 80
f 745 1393 1502
f 745 1856 1393
f 1384 1856 745
f 1384 1912 1856
f 1445 1248 624
f 1445 1236 1248
f 345 1236 1445
f 345 1539 1236
f 388 1539 345
f 388 221 1539
f 388 699 221
f 1539 1185 1236
f 221 1185 1539
f 699 1185 221
f 1236 1629 1248
f 1185 1629 1236
f 699 44 1185
f 867 1445 1024
f 867 113 1445
f 127 345 1445
f 113 127 1445
f 127 886 345
f 886 642 345
f 1094 113 867
f 936 1094 867
f 642 388 345
f 17 388 642
f 886 17 642
f 1094 202 113
f 936 202 1094
f 886 1058 17
f 127 1058 886
f 113 1058 127
f 17 699 388
f 17 1058 699
f 202 1058 113
f 1058 44 699
f 202 979 1058
f 1422 1251 1140
f 973 1024 1251
f 973 867 1024
f 1422 973 1251
f 973 1672 867
f 1507 973 1422
f 566 973 1507
f 494 1672 973
f 39 973 566
f 1440 494 973
f 39 1440 973
f 962 39 566
f 1672 936 867
f 39 633 1440
f 962 633 39
f 962 1556 633
f 1672 1389 936
f 494 1389 1672
f 1440 1389 494
f 1440 56 1389
f 633 56 1440
f 1389 202 936
f 1556 621 633
f 633 1827 56
f 621 1827 633
f 1389 979 202
f 56 932 1389
f 878 566 1507
f 682 962 566
f 875 566 878
f 875 682 566
f 841 682 875
f 841 79 682
f 682 1556 962
f 79 1556 682
f 79 1935 1556
f 1060 1935 79
f 1060 1167 1935
f 1935 621 1556
f 1167 621 1935
f 621 1021 1827
f 1282 1912 1384
f 1497 1912 1282
f 1102 1497 1282
f 1102 1193 1497
f 1280 1088 841
f 880 1088 1280
f 971 506 880
f 1678 506 971
f 841 1060 79
f 1088 1060 841
f 880 506 1088
f 1678 187 506
f 506 706 1088
f 506 1333 706
f 187 1333 506
f 1088 1167 1060
f 706 318 1088
f 706 1333 318
f 1088 1182 1167
f 1167 1182 621
f 318 1182 1088
f 318 314 1182
f 1333 314 318
f 314 317 1182
f 1333 317 314
f 1333 89 317
f 1333 738 89
f 1182 1021 621
f 317 1275 1182
f 1139 836 1678
f 836 1139 822
f 836 187 1678
f 836 371 187
f 371 836 822
f 1193 822 1497
f 1193 371 822
f 371 1176 187
f 1176 371 1193
f 187 738 1333
f 1176 738 187
f 1176 378 738
f 378 1176 1193
f 378 220 738
f 290 638 597
f 947 638 290
f 947 35 638
f 947 329 35
f 289 329 947
f 289 1025 329
f 289 120 1025
f 270 120 289
f 270 1303 120
f 1337 1303 270
f 1337 343 1303
f 638 248 597
f 343 1108 1303
f 1197 707 1695
f 128 685 1197
f 685 707 1197
f 128 959 685
f 1055 959 128
f 1055 601 959
f 1055 348 601
f 1108 348 1055
f 1108 480 348
f 1108 928 480
f 638 1197 248
f 35 1197 638
f 35 128 1197
f 329 128 35
f 1025 128 329
f 1025 1055 128
f 120 1055 1025
f 1303 1055 120
f 1303 1108 1055
f 1212 1477 1266
f 707 2000 1695
f 685 2000 707
f 685 1266 2000
f 959 1266 685
f 1212 1266 959
f 348 1477 1212
f 480 1477 348
f 601 1212 959
f 348 1212 601
f 1520 1100 1378
f 1563 553 1520
f 1563 1905 553
f 1230 1905 1563
f 553 1100 1520
f 1914 343 1337
f 1914 1570 343
f 1495 1570 1914
f 1495 367 1570
f 776 367 1495
f 429 1339 776
f 776 792 367
f 1339 792 776
f 429 196 1339
f 1570 148 343
f 367 148 1570
f 367 1431 148
f 792 1431 367
f 148 928 1108
f 1431 928 148
f 1431 206 928
f 1617 206 1431
f 1617 1938 206
f 1617 1148 1938
f 148 1108 343
f 792 1617 1431
f 1339 1617 792
f 196 1617 1339
f 547 1729 824
f 236 1519 1729
f 824 1477 480
f 460 1729 547
f 236 1729 460
f 928 824 480
f 206 824 928
f 206 547 824
f 1938 547 206
f 1938 460 547
f 1148 460 1938
f 1148 236 460
f 1191 1905 1230
f 786 1696 1191
f 1191 1696 1905
f 1492 1696 786
f 1492 1334 1696
f 1896 620 429
f 614 620 1896
f 614 1188 620
f 143 1188 614
f 143 82 1188
f 1423 82 143
f 1423 924 82
f 125 924 1423
f 620 196 429
f 1188 1196 620
f 82 453 1188
f 82 667 453
f 924 667 82
f 924 1190 667
f 1196 1148 1617
f 1196 1095 1148
f 1196 1194 1095
f 453 1194 1196
f 453 191 1194
f 667 191 453
f 667 512 191
f 667 1697 512
f 1190 1697 667
f 620 1196 196
f 1196 1617 196
f 453 1196 1188
f 353 1229 581
f 1160 1229 353
f 1095 1519 236
f 1194 1519 1095
f 1194 581 1519
f 191 581 1194
f 512 581 191
f 512 353 581
f 1095 236 1148
f 1697 353 512
f 1697 1160 353
f 1984 1334 1492
f 801 1682 1984
f 1984 1682 1334
f 1515 1607 1049
f 669 1607 1515
f 669 478 1607
f 526 478 669
f 526 804 478
f 526 1586 804
f 624 1586 526
f 624 829 1586
f 125 55 924
f 1049 55 125
f 1049 406 55
f 1607 406 1049
f 55 1190 924
f 1607 835 406
f 478 835 1607
f 829 1742 1586
f 1190 515 1697
f 835 515 1190
f 835 12 515
f 1859 12 835
f 406 1190 55
f 406 835 1190
f 478 1859 835
f 804 1859 478
f 1586 1859 804
f 1742 1859 1586
f 1074 1229 1169
f 1373 1118 1074
f 1169 1229 1160
f 1048 1074 1169
f 1373 1074 1048
f 452 811 1373
f 1098 1169 1160
f 1048 1169 1098
f 820 1373 1048
f 395 1048 1098
f 1711 1048 395
f 820 1048 1711
f 593 1373 820
f 6 1373 593
f 6 452 1373
f 1711 1390 820
f 1390 593 820
f 1880 452 6
f 1390 6 593
f 515 1160 1697
f 515 1098 1160
f 12 395 515
f 395 1098 515
f 12 1711 395
f 80 285 801
f 285 657 801
f 285 549 657
f 504 1688 811
f 549 1688 504
f 549 285 1688
f 859 549 504
f 549 859 657
f 452 873 811
f 873 504 811
f 873 859 504
f 541 859 873
f 1880 873 452
f 1880 541 873
f 1122 249 541
f 657 138 801
f 859 1673 657
f 1673 138 657
f 541 1673 859
f 249 1673 541
f 138 1682 801
f 249 1824 1673
f 1673 1824 138
f 1248 829 624
f 1248 1629 829
f 44 1629 1185
f 44 226 1629
f 226 695 1629
f 1629 77 829
f 1629 1133 77
f 695 1133 1629
f 695 918 1133
f 77 1742 829
f 77 680 1742
f 1133 680 77
f 918 847 1133
f 1058 226 44
f 1058 355 226
f 1058 979 355
f 226 355 695
f 979 3 355
f 355 918 695
f 979 58 3
f 979 1042 58
f 1742 1143 1859
f 1143 12 1859
f 1143 1711 12
f 680 1143 1742
f 590 1143 680
f 3 1143 590
f 3 58 1143
f 58 1042 1143
f 355 1030 918
f 355 798 1030
f 798 3 590
f 3 798 355
f 1133 847 680
f 847 590 680
f 847 798 590
f 1030 847 918
f 1030 798 847
f 1389 932 979
f 56 305 932
f 1827 305 56
f 1827 34 305
f 932 1032 979
f 1827 195 34
f 1032 1042 979
f 1544 6 1390
f 1544 1880 6
f 500 1544 1390
f 1544 1122 1880
f 500 305 1544
f 305 34 1544
f 34 195 1544
f 1032 932 500
f 932 305 500
f 1143 1390 1711
f 1143 500 1390
f 1032 500 1143
f 1042 1032 1143
f 1827 110 195
f 1827 253 110
f 1021 253 1827
f 110 499 195
f 110 982 499
f 253 982 110
f 1122 541 1880
f 1544 1470 1122
f 195 1470 1544
f 195 499 1470
f 499 173 1470
f 982 173 499
f 1122 1116 249
f 1470 1116 1122
f 1470 173 1116
f 982 1862 173
f 1862 1822 173
f 1116 1824 249
f 173 1822 1116
f 1182 92 1021
f 1275 92 1182
f 317 180 1275
f 89 180 317
f 92 253 1021
f 92 982 253
f 180 838 1275
f 89 838 180
f 89 598 838
f 92 1862 982
f 1275 1862 92
f 1275 1391 1862
f 838 1391 1275
f 598 1391 838
f 598 1096 1391
f 598 729 1096
f 1391 675 1862
f 1096 675 1391
f 729 675 1096
f 660 1193 1102
f 660 378 1193
f 220 378 660
f 1485 660 1102
f 738 598 89
f 738 905 598
f 220 905 738
f 220 660 905
f 24 660 1485
f 849 660 24
f 660 849 905
f 849 574 905
f 574 849 24
f 1834 574 24
f 582 24 1485
f 905 729 598
f 905 1662 729
f 574 1662 905
f 574 1834 1662
f 1834 24 582
f 1834 1482 1662
f 1482 1834 582
f 501 582 1485
f 1029 582 501
f 1029 1482 582
f 553 1630 1100
f 1905 1630 553
f 1905 906 1630
f 1476 1222 1503
f 1939 1222 1476
f 1939 1930 1222
f 1696 906 1905
f 1334 906 1696
f 1334 1924 906
f 1957 1930 1939
f 1957 1645 1930
f 1906 1645 1957
f 1906 1878 1645
f 1682 1924 1334
f 1682 1638 1924
f 1502 1878 1906
f 1402 1502 1906
f 138 1638 1682
f 1824 1638 138
f 1824 1987 1638
f 745 1502 1402
f 215 745 1402
f 1552 745 215
f 1552 1384 745
f 1822 1824 1116
f 1822 1987 1824
f 1822 810 1987
f 1701 1102 1282
f 1291 1282 1384
f 407 1282 1291
f 407 1701 1282
f 1291 1384 1552
f 1595 1701 407
f 675 1822 1862
f 675 46 1822
f 729 46 675
f 729 492 46
f 46 492 1822
f 492 486 1822
f 1701 1485 1102
f 501 1485 1701
f 1482 1029 1662
f 233 1029 501
f 729 734 492
f 1662 734 729
f 1662 687 734
f 1029 687 1662
f 233 687 1029
f 233 282 687
f 734 486 492
f 687 981 734
f 734 1105 486
f 734 981 1105
f 486 810 1822
f 486 1105 810
f 1105 1728 810
f 687 1209 981
f 282 1209 687
f 282 839 1209
f 1105 1232 1728
f 981 1232 1105
f 981 708 1232
f 1209 708 981
f 839 1521 1209
f 233 501 1701
f 1415 233 1701
f 752 1415 1701
f 1415 282 233
f 1415 752 282
f 800 752 1701
f 752 839 282
f 752 800 839
f 1428 1701 1595
f 1428 800 1701
f 800 1428 839
f 865 1428 1595
f 1428 1117 839
f 1428 865 1117
f 803 865 1595
f 1200 803 1595
f 865 803 1117
f 1189 1781 1630
f 906 1189 1630
f 1804 1939 1476
f 1814 1939 1804
f 906 1759 1189
f 1924 1759 906
f 1814 1957 1939
f 1906 1957 1814
f 1924 188 1759
f 1638 188 1924
f 1643 1402 1906
f 1643 1906 1814
f 1638 631 188
f 1987 631 1638
f 1875 1402 1643
f 1875 215 1402
f 1875 1552 215
f 237 1552 1875
f 1987 1685 631
f 810 1685 1987
f 810 619 1685
f 237 1291 1552
f 407 1291 237
f 1565 407 237
f 169 1595 407
f 169 407 1565
f 1232 708 1728
f 708 664 1728
f 1209 664 708
f 1209 1521 664
f 664 832 1728
f 1521 832 664
f 1728 703 810
f 832 703 1728
f 1254 832 1521
f 703 619 810
f 1254 703 832
f 1254 1213 703
f 85 803 1200
f 839 1117 1521
f 814 85 1200
f 1117 1254 1521
f 803 1228 1117
f 85 1228 803
f 1117 1228 1254
f 814 1228 85
f 1228 797 1254
f 814 550 1228
f 1254 797 1213
f 703 691 619
f 1213 691 703
f 1228 1130 797
f 1228 1395 1130
f 550 1395 1228
f 797 691 1213
f 797 1417 691
f 797 1130 1417
f 691 26 619
f 1417 26 691
f 1130 26 1417
f 902 814 1200
f 902 550 814
f 902 1200 1595
f 169 902 1595
f 274 902 169
f 902 297 550
f 274 297 902
f 1465 169 1565
f 771 274 169
f 771 169 1465
f 297 1395 550
f 274 224 297
f 771 224 274
f 224 1395 297
f 771 764 224
f 1465 764 771
f 1189 1760 1781
f 1781 1760 1329
f 1760 1815 1329
f 1759 1975 1189
f 1189 1975 1760
f 1975 1715 1760
f 188 1975 1759
f 188 1657 1975
f 1657 1911 1975
f 631 1657 188
f 1685 306 631
f 619 306 1685
f 306 1657 631
f 26 294 619
f 1130 294 26
f 1130 1219 294
f 1395 1219 1130
f 1395 283 1219
f 294 912 619
f 294 1219 912
f 619 296 306
f 912 296 619
f 912 440 296
f 283 912 1219
f 283 440 912
f 1395 683 283
f 224 683 1395
f 224 240 683
f 764 240 224
f 683 796 283
f 796 440 283
f 764 1149 240
f 419 1149 764
f 440 796 296
f 796 663 296
f 683 663 796
f 240 663 683
f 296 900 306
f 663 900 296
f 663 639 900
f 240 639 663
f 1149 639 240
f 900 167 306
f 639 167 900
f 1149 167 639
f 1149 393 167
f 167 393 306
f 1852 1902 1787
f 1750 1669 1592
f 1698 767 1750
f 1952 1835 1852
f 1971 1802 1952
f 1224 1719 1698
f 1537 1972 1971
f 401 1369 1224
f 856 109 1479
f 1242 109 856
f 48 808 1242
f 109 482 1479
f 1242 482 109
f 482 278 1479
f 808 538 1242
f 482 456 278
f 1242 456 482
f 1242 538 456
f 1479 1110 1537
f 278 1110 1479
f 456 364 278
f 538 1405 456
f 278 373 1110
f 364 373 278
f 364 689 373
f 456 689 364
f 1405 689 456
f 1405 853 689
f 715 577 401
f 212 715 401
f 715 808 48
f 715 212 808
f 1427 212 401
f 212 538 808
f 212 1427 538
f 890 1427 401
f 1427 1405 538
f 1427 890 1405
f 410 890 401
f 379 890 410
f 1405 379 853
f 890 379 1405
f 1787 1902 1690
f 1616 1750 1592
f 945 1750 1616
f 1852 1961 1902
f 1835 1961 1852
f 1698 1750 945
f 1997 1698 945
f 1952 833 1835
f 1952 1802 833
f 1971 1416 1802
f 1224 1698 1997
f 1756 1224 1997
f 1971 1972 1416
f 1537 1734 1972
f 1110 1734 1537
f 401 1224 1756
f 1692 401 1756
f 1110 1714 1734
f 1343 309 1110
f 309 1714 1110
f 309 991 1714
f 991 1082 1714
f 662 1082 991
f 514 998 1082
f 662 514 1082
f 373 1343 1110
f 689 1343 373
f 689 844 1343
f 844 309 1343
f 853 844 689
f 853 49 844
f 844 291 309
f 49 291 844
f 291 991 309
f 49 1442 291
f 49 163 1442
f 291 662 991
f 291 134 662
f 291 1442 134
f 1529 163 1692
f 1442 416 134
f 163 1529 1442
f 134 514 662
f 1442 1529 416
f 379 287 853
f 287 379 410
f 410 401 1692
f 287 49 853
f 287 171 49
f 171 287 410
f 171 410 1692
f 163 171 1692
f 171 163 49
f 1902 1618 1690
f 1902 1785 1618
f 1855 945 1616
f 1855 1616 1284
f 1902 1054 1785
f 1961 1054 1902
f 1961 1335 1054
f 1835 1335 1961
f 1982 1997 945
f 1982 945 1855
f 833 1932 1835
f 1932 1335 1835
f 1811 1997 1982
f 1802 1932 833
f 1802 1322 1932
f 1416 1322 1802
f 1983 1322 1416
f 1811 1756 1997
f 182 1756 1811
f 1972 1983 1416
f 1972 1075 1983
f 1734 1075 1972
f 1734 1651 1075
f 1651 1608 1075
f 182 1692 1756
f 1919 1692 182
f 28 1356 1562
f 28 1562 532
f 1082 998 1714
f 514 178 998
f 998 781 1714
f 998 1509 781
f 178 1509 998
f 1714 1651 1734
f 781 1651 1714
f 781 391 1651
f 781 523 391
f 1509 523 781
f 670 806 1651
f 391 670 1651
f 523 670 391
f 1509 122 523
f 1651 1562 1608
f 1651 532 1562
f 806 532 1651
f 122 757 523
f 806 586 532
f 670 586 806
f 523 757 670
f 586 28 532
f 670 312 586
f 757 312 670
f 502 1529 1692
f 134 178 514
f 416 679 134
f 1529 502 416
f 134 375 178
f 679 375 134
f 416 502 679
f 968 502 1692
f 502 968 679
f 968 1692 1919
f 178 122 1509
f 375 122 178
f 679 968 375
f 484 968 1919
f 375 484 122
f 968 484 375
f 1313 484 1919
f 122 1313 757
f 484 1313 122
f 1177 1804 1960
f 1177 1814 1804
f 1785 1960 1618
f 1785 1177 1960
f 1940 1855 1284
f 1677 1814 1177
f 1054 1177 1785
f 1054 1677 1177
f 1335 1677 1054
f 1858 1982 1855
f 1858 1855 1940
f 1677 1643 1814
f 1969 1643 1677
f 1335 1969 1677
f 1932 1969 1335
f 1829 1811 1982
f 1829 1982 1858
f 1823 1643 1969
f 1823 1875 1643
f 1419 1875 1823
f 1419 237 1875
f 1322 1969 1932
f 1322 1823 1969
f 1983 1823 1322
f 1983 1419 1823
f 1694 182 1811
f 1694 1811 1829
f 1582 237 1419
f 1582 1565 237
f 1075 1582 1419
f 1921 1582 1075
f 1608 383 1075
f 1075 1419 1983
f 383 1921 1075
f 161 1919 182
f 161 182 1694
f 469 1465 1565
f 469 1056 1465
f 264 469 1565
f 674 264 1565
f 1056 764 1465
f 1514 264 674
f 447 674 1565
f 1056 419 764
f 469 419 1056
f 264 419 469
f 264 1514 419
f 441 1514 674
f 441 674 447
f 245 441 447
f 1582 724 1565
f 1528 724 1582
f 724 447 1565
f 1566 1528 1582
f 758 447 724
f 1528 651 724
f 758 245 447
f 15 758 724
f 651 15 724
f 493 651 1528
f 273 1528 1566
f 273 493 1528
f 1043 273 1566
f 1921 1332 1582
f 677 1332 1921
f 1481 677 1921
f 1332 1573 1582
f 1573 7 1582
f 584 7 1573
f 584 1223 7
f 1332 584 1573
f 1332 640 584
f 677 640 1332
f 7 1566 1582
f 1223 1566 7
f 1223 1043 1566
f 1356 442 1562
f 1356 475 442
f 442 383 1608
f 1562 442 1608
f 310 383 442
f 310 961 383
f 475 310 442
f 1356 257 475
f 961 307 383
f 307 1921 383
f 307 1481 1921
f 961 250 307
f 310 250 961
f 257 310 475
f 1481 718 677
f 307 718 1481
f 250 718 307
f 257 1312 310
f 310 1312 250
f 250 286 165
f 1312 286 250
f 718 640 677
f 250 1709 718
f 250 165 1709
f 28 257 1356
f 586 257 28
f 312 845 586
f 586 845 257
f 845 827 257
f 312 210 845
f 412 1919 161
f 412 210 1919
f 845 390 827
f 845 412 390
f 210 412 845
f 1903 412 161
f 257 347 1312
f 827 347 257
f 390 412 1903
f 827 319 347
f 390 319 827
f 390 1903 319
f 1895 1903 161
f 1895 319 1903
f 347 1895 1312
f 319 1895 347
f 1006 1313 1919
f 757 920 312
f 757 1006 920
f 1313 1006 757
f 210 1006 1919
f 920 1006 210
f 920 210 312
f 1760 1715 1815
f 1715 1747 1815
f 1975 1911 1715
f 1715 1774 1747
f 1911 1774 1715
f 1774 1735 1747
f 1774 1777 1735
f 1777 1858 1940
f 1777 1940 1735
f 1911 1894 1774
f 690 1777 1774
f 1894 690 1774
f 690 1829 1858
f 690 1858 1777
f 1657 1717 1911
f 1717 1894 1911
f 1717 1156 1894
f 1344 690 1894
f 1156 1344 1894
f 1344 1694 1829
f 1344 1829 690
f 306 1717 1657
f 306 1123 1717
f 1123 1156 1717
f 1156 659 1344
f 659 1694 1344
f 659 161 1694
f 419 1009 1149
f 1514 1483 419
f 419 1483 1009
f 441 1483 1514
f 441 1404 1483
f 245 1404 441
f 1009 393 1149
f 393 1123 306
f 393 140 1123
f 393 313 140
f 1009 313 393
f 313 1359 140
f 1483 313 1009
f 1483 1359 313
f 1483 481 1359
f 1404 481 1483
f 140 365 1123
f 365 464 1123
f 481 365 140
f 1359 481 140
f 1404 365 481
f 1404 464 365
f 15 245 758
f 651 980 15
f 493 980 651
f 15 980 245
f 1043 934 273
f 980 1404 245
f 493 1819 980
f 273 1819 493
f 934 1277 273
f 980 115 1404
f 980 1819 115
f 273 155 1819
f 1277 155 273
f 1819 976 115
f 155 414 1819
f 1424 1156 1123
f 1424 414 1156
f 414 925 1156
f 464 1424 1123
f 414 155 925
f 976 414 1424
f 115 464 1404
f 115 1424 464
f 115 976 1424
f 1819 414 976
f 1223 934 1043
f 584 934 1223
f 640 934 584
f 640 921 894
f 640 894 934
f 894 1277 934
f 921 366 894
f 894 160 1277
f 894 298 160
f 298 1708 1317
f 894 1708 298
f 366 1708 894
f 602 659 1156
f 602 1317 659
f 602 298 1317
f 1277 925 155
f 1277 1107 925
f 1107 160 602
f 160 1107 1277
f 160 298 602
f 925 602 1156
f 925 1107 602
f 718 921 640
f 718 1709 921
f 286 214 165
f 1480 214 659
f 214 161 659
f 701 214 1480
f 165 701 1709
f 214 701 165
f 1709 984 921
f 984 701 1480
f 701 984 1709
f 181 1480 659
f 181 984 1480
f 921 181 366
f 984 181 921
f 1317 181 659
f 1708 181 1317
f 366 181 1708
f 1019 1895 161
f 1312 1019 286
f 1895 1019 1312
f 214 1019 161
f 1019 214 286

