# https://github.com/mikedh/trimesh
v -0.18314634 0.47338656 -0.37470472
v -0.44456428 0.47542974 -0.28017309
v -0.17055997 0.01871285 -0.34603247
v -0.30137333 0.41638210 -0.48557451
v -0.36067390 0.46963394 -0.40336376
v 0.32542434 0.46208668 0.24244444
v 0.26969266 0.13235161 0.30195311
v 0.00874270 0.28548244 0.40770918
v -0.27139401 0.47319400 -0.32179600
v -0.31189042 0.47446212 -0.28394872
v 0.32257512 0.45587572 0.44738114
v 0.13544665 0.02896855 -0.38074142
v 0.41719541 0.47073165 -0.02575620
v -0.47963071 0.46734354 -0.26344433
v -0.37748781 0.45913953 -0.39988410
v 0.20747605 0.44536799 -0.35267803
v -0.18129686 0.46784115 -0.36390433
v 0.27215910 0.03405876 -0.29824841
v 0.32696089 -0.27662221 -0.31750584
v 0.57664257 0.32045674 0.18909228
v -0.08835376 -0.34495372 0.36618620
v -0.04425856 0.46661565 0.40731326
v -0.10764319 0.47203705 -0.52824688
v 0.41398287 -0.23971705 -0.25615591
v -0.29654646 0.47429782 -0.29938331
v -0.10762158 0.01223163 0.36291921
v 0.36132801 0.02652316 0.14067931
v 0.55396289 0.01988885 -0.24818125
v -0.12651859 0.47558102 0.50486934
v 0.00690765 0.46845463 -0.41668260
v 0.03306551 0.00257074 0.57286280
v 0.38992146 0.46655220 -0.06916630
v 0.04043273 0.00823786 -0.36215192
v -0.03154514 -0.14313503 -0.55170965
v -0.44335425 0.47539335 0.27826083
v 0.13188614 0.01703083 -0.37115493
v -0.43483987 -0.00201644 -0.42611009
v -0.28249422 0.22874391 0.29284379
v 0.01842100 0.00829532 0.54937601
v 0.52437294 0.36171204 0.27946121
v 0.31667611 0.47517896 0.42079070
v -0.23445198 0.01516616 0.30436850
v -0.29785505 0.02415696 -0.25811052
v -0.40924731 0.46781519 -0.00678591
v -0.24753015 0.02177074 -0.31055957
v -0.23501265 0.46920332 0.49203247
v 0.16479768 0.01523257 -0.34310880
v -0.18122929 -0.43773812 0.09174559
v 0.02655390 0.00829532 0.55212599
v 0.16510658 0.44372380 -0.37517369
v 0.40700698 0.37367380 0.00968583
v 0.04327467 0.03612448 -0.40329984
v -0.00770549 0.02442750 -0.40449539
v -0.28100270 0.01143092 -0.24587958
v -0.36748475 0.45783529 0.15768400
v 0.00092643 0.02204025 0.60862750
v -0.05725378 0.46847913 0.54170901
v 0.06134772 0.47543845 -0.42526579
v -0.43870237 0.46497643 -0.32537687
v 0.15129745 -0.44678462 -0.09275328
v -0.18939371 0.47245505 0.50313222
v 0.53976035 0.46944356 0.06495953
v -0.08230419 0.47259355 -0.40228850
v -0.30062270 0.46647489 -0.27528241
v 0.37322152 0.03896534 0.14493819
v 0.15702800 0.02227580 -0.37059301
v -0.28327626 0.05206592 0.28319469
v 0.34872121 0.46891433 -0.16984633
v 0.43248424 0.47533089 -0.04242479
v -0.33240944 0.01944874 -0.21352693
v 0.07583303 0.01925346 0.30731755
v 0.48212200 0.47535563 0.18944593
v 0.45022714 0.45745969 0.31550574
v 0.54670936 0.45808885 0.05583126
v 0.25211251 0.02453668 0.28243870
v 0.10632526 0.46891823 -0.39430815
v -0.40391904 0.44554913 0.08706954
v 0.28953204 0.40741414 -0.28943032
v 0.21492717 0.01819426 -0.32181454
v 0.36829609 0.05184405 0.17009895
v -0.41483158 0.47291097 0.00581958
v 0.01805913 -0.00332119 0.27679425
v -0.35067832 0.47544676 0.23882359
v 0.55754834 0.38881376 -0.16989315
v -0.40454909 0.42521489 -0.09374781
v 0.00731358 0.02241225 -0.41111973
v -0.01387283 0.01154398 0.33983776
v 0.11809364 0.46930575 -0.39060149
v -0.37217692 0.47481436 0.18751144
v 0.13780424 0.47557116 -0.41445255
v -0.24798854 0.46828708 -0.48435917
v 0.04359150 0.01886300 0.57382298
v 0.55015314 0.09181214 0.29670820
v -0.01330884 0.47142267 0.53952897
v 0.26056072 0.46942297 -0.31974262
v -0.31350830 0.46383062 0.25423545
v -0.21986704 0.01575360 -0.32854542
v -0.38498732 0.01577773 -0.08241877
v -0.26030266 0.46911412 0.48025766
v 0.38392711 0.47056779 -0.09456154
v -0.33820450 0.01311910 0.16193819
v 0.06875186 0.47323006 0.40331560
v 0.25559208 0.46894392 0.47907683
v -0.34604022 0.24453156 0.18429890
v 0.31391823 -0.03809635 0.50961143
v -0.33551544 0.46560913 -0.23796520
v -0.28591621 0.01411490 -0.25764713
v -0.07718820 0.47547531 0.51791805
v -0.05736962 0.01959495 -0.38305950
v 0.36433417 -0.34270680 -0.10359228
v -0.39325637 0.02140447 -0.06977975
v -0.38591450 0.46671337 0.13253231
v -0.00168896 -0.45254347 0.10912360
v -0.41278073 0.32006407 -0.44556892
v 0.36260763 0.23511325 0.19241352
v -0.10591075 0.01517868 -0.36232343
v 0.19495082 0.02777811 0.31934944
v -0.34768209 0.47070172 -0.41287133
v 0.51424378 0.47446454 -0.12985963
v 0.53305507 -0.13298473 0.15991101
v 0.32124054 0.03473392 -0.21531384
v -0.41516227 0.47288713 -0.09494179
v -0.00255890 0.01057850 0.38734683
v 0.04970646 0.01706779 0.58541149
v 0.17956252 0.02407854 0.30659032
v -0.29827192 0.01445484 -0.24488418
v 0.04476443 0.00955531 0.39206806
v 0.21224776 0.47450560 -0.37217250
v 0.58343959 -0.00154231 -0.16969292
v -0.10104510 0.47553095 -0.50799817
v 0.27784535 0.47542593 0.44559366
v -0.51983398 0.47557512 -0.04590750
v -0.00374122 -0.05038513 -0.58379561
v 0.00593427 0.00829532 0.55119902
v -0.19356431 0.01235414 0.32425505
v 0.44191554 -0.01016896 -0.41479245
v 0.56317520 -0.01937752 -0.21370929
v -0.03317259 0.02318881 0.38929930
v 0.37692708 0.05024627 -0.08177161
v -0.19544879 0.47064510 -0.36267909
v -0.26439986 0.47035033 -0.47383606
v -0.13790749 0.47351500 0.39850911
v 0.13189924 0.47063524 0.36860046
v -0.17113058 0.46889299 0.51631862
v -0.10237657 0.47522169 0.41318789
v -0.23396945 -0.40064901 0.17615676
v 0.04010160 0.01949288 -0.40223709
v 0.02496161 0.02544905 0.58543146
v -0.37120721 0.47190207 -0.20274685
v -0.38084412 0.44703868 -0.15509127
v 0.08703204 0.47545776 -0.51678038
v 0.54832906 -0.10330711 -0.15830711
v 0.20731670 0.47356710 0.34154311
v 0.49712697 0.47044337 0.21211988
v -0.15982091 0.45831072 0.52699196
v 0.37221307 0.46498954 0.39908156
v 0.34743354 0.47030467 0.41468114
v 0.32358477 -0.15146552 -0.44094586
v 0.03102160 0.02410210 0.57284999
v -0.22103713 -0.27532169 0.40144154
v 0.37430289 0.44392374 0.41149551
v 0.29108819 0.46894991 -0.29588765
v 0.16041681 0.47542885 0.37362736
v -0.33029434 0.47530389 -0.40928441
v -0.15410796 0.47386402 0.51276147
v -0.00955593 0.03630776 0.61468101
v 0.07480200 0.00947962 0.60419810
v 0.36239788 0.47457990 0.21998034
v -0.34759185 0.47518387 -0.24948449
v 0.37384921 0.47533888 -0.16583347
v -0.32168627 0.46924385 -0.25492492
v -0.34695601 0.47094700 0.20795900
v -0.27842337 0.47534525 0.42794612
v -0.42468265 0.47234157 -0.32950598
v -0.37702855 0.46458900 0.39801058
v 0.03447302 0.01293710 0.40568152
v 0.05610129 0.01505233 -0.39237636
v 0.00458794 -0.00159676 0.55994499
v -0.43459141 0.45720097 0.33737564
v 0.01998219 0.01578733 -0.41646960
v 0.19836643 0.03783699 -0.35801339
v 0.30208695 0.47036940 0.44893292
v -0.17157100 0.47041899 -0.37174901
v 0.29068667 0.13429326 -0.28780696
v 0.22445902 0.04751409 -0.33814898
v 0.09329714 0.02683962 0.36315942
v 0.35906944 -0.28901726 -0.26159588
v 0.45213801 0.46883509 -0.30203965
v -0.40909272 0.46773455 0.01841555
v -0.43034470 0.47506130 0.30362996
v 0.36331469 0.46309566 -0.13005550
v -0.31744117 0.01396048 -0.22223836
v -0.14523724 0.46583521 0.38559338
v 0.28318399 0.46239299 0.29563800
v 0.16272902 0.47524562 -0.39990634
v -0.03845019 0.46045950 0.54736894
v 0.36052999 0.02739806 -0.09517349
v 0.01160074 -0.08992942 -0.56556851
v 0.34947529 0.02352279 -0.04260887
v -0.49202293 0.46737775 -0.23795909
v 0.04820100 0.46765509 -0.54311818
v -0.04448230 0.01602077 0.38262621
v 0.34858775 0.03747282 0.20673366
v 0.37568370 0.46801397 -0.10660164
v -0.02817671 0.01693269 0.60981041
v 0.36239392 0.03336710 0.16971278
v 0.49256164 -0.01930146 -0.34559318
v 0.54011601 0.46905860 -0.06529767
v -0.12284312 0.45556363 -0.37804210
v -0.00774255 0.45633411 -0.41454974
v 0.37854877 0.02873227 -0.05643275
v -0.13400486 0.47548369 -0.40263301
v -0.40889582 0.46754986 0.03735133
v 0.00796656 -0.00094604 0.55210799
v -0.55771494 0.31980211 -0.23958969
v 0.20241055 0.01764287 -0.33443660
v -0.45462820 0.46900538 -0.29765606
v 0.23224047 0.46771851 0.32225817
v -0.23337054 0.05568184 -0.33192834
v 0.33155450 0.47258681 0.25033975
v 0.29681149 0.02645864 0.25334004
v -0.06992103 0.01959012 0.37798843
v 0.38993996 0.46067515 0.08630809
v 0.34141439 0.44759515 -0.17692149
v 0.43363711 0.47225729 -0.31903547
v 0.38819665 0.47400117 0.14667365
v -0.27898818 0.01136520 0.22769243
v 0.05098046 0.01401308 0.57852930
v 0.02915311 0.00072222 0.58538228
v 0.02177394 0.01901552 0.55091602
v -0.57136261 0.37935868 -0.13404657
v 0.10672045 0.02345984 0.35000193
v -0.35351339 0.03705337 -0.20083684
v -0.01100606 0.47540241 -0.43839160
v -0.26044551 0.02181914 -0.29578704
v -0.15141885 0.46915546 -0.52533090
v 0.18149589 0.46947563 -0.37485623
v 0.51704526 0.01191481 -0.30946839
v -0.29008010 0.46183082 0.29476237
v 0.36279967 0.03528170 -0.10742085
v 0.47671032 0.47151846 -0.25182685
v -0.03691465 -0.45522532 0.14520440
v 0.21861330 -0.16143306 -0.49665058
v -0.07803062 0.47030306 0.53591126
v 0.51847750 0.31657785 -0.32337412
v 0.36770862 0.46954519 0.19463779
v 0.00295213 0.01832581 0.59790087
v -0.30722538 0.02303252 0.23526278
v -0.25978714 -0.00655473 -0.54833645
v -0.38709670 0.47545046 -0.19922444
v 0.12812334 0.02316590 0.33600459
v -0.08199367 0.46883652 0.39900824
v 0.01281618 0.03572749 0.61581165
v -0.38219467 0.13998707 -0.12872450
v 0.03998484 0.01296698 0.56420726
v 0.41203415 0.45067441 0.37289748
v -0.22148739 0.46365502 0.34280923
v 0.40198940 0.45865655 -0.02942211
v 0.39817107 0.47012889 0.36587447
v -0.19919433 0.47255960 0.36794657
v 0.30627519 0.40555078 0.48769227
v 0.19475248 0.46788904 -0.36677667
v 0.10655420 0.03486408 0.36325741
v 0.35035115 0.02970591 0.19425867
v 0.40510532 0.04268202 0.01172444
v -0.19927439 -0.15845539 0.50578517
v 0.23418696 -0.29728898 -0.36397475
v -0.16634654 0.01420967 0.34695575
v 0.27437142 0.46881354 -0.30735320
v -0.39127943 0.46461838 0.12176807
v 0.34452099 0.45152700 0.43183127
v 0.15730451 0.46864921 0.35399768
v 0.26305932 -0.24272449 -0.40334821
v -0.20242958 0.47552449 -0.38833606
v -0.40259868 0.47186431 0.11596037
v 0.03851033 0.03895550 0.61455357
v -0.34506896 -0.29056355 0.27825907
v 0.05691205 0.01324201 -0.08737314
v 0.40704855 0.06502994 -0.00306454
v -0.35233071 0.01528752 -0.18306333
v -0.13501483 0.01130036 0.34172395
v 0.16456139 0.03538211 0.33972719
v -0.41101918 0.47087479 0.09973688
v 0.06473589 -0.46219450 -0.07918417
v -0.41299790 0.47090593 -0.07588551
v 0.54742777 0.24745558 0.29389152
v 0.30889302 0.02965717 -0.23983605
v -0.41487885 0.47289193 -0.02569791
v -0.16925626 0.39138511 -0.55670524
v -0.13507853 0.03792342 -0.36487693
v 0.19721211 0.02195131 -0.35358223
v -0.25924468 0.47544324 -0.34966245
v 0.02175250 0.02760711 0.40407330
v -0.33439699 0.47403100 -0.25879300
v 0.33495605 0.03466402 0.21890898
v -0.23228855 0.29201850 -0.33951375
v 0.18157119 0.02716774 0.32601058
v 0.04386307 0.01055481 -0.39154613
v 0.33940959 0.04849866 -0.17735384
v -0.40667275 0.47145158 -0.11521527
v -0.27139401 0.01177370 -0.25879300
v 0.37525228 0.02456648 0.06885960
v 0.39452595 0.47036594 -0.36998799
v -0.42674977 0.47510505 0.08561225
v -0.59800243 0.32021827 0.09958731
v -0.33259913 0.01140321 -0.18024369
v 0.50381142 0.45598838 -0.22192533
v 0.29561475 0.47510597 0.31044337
v 0.00802622 0.01776800 0.55212301
v 0.02654422 -0.41836053 0.24724469
v -0.13144131 0.44605017 -0.54044980
v 0.32437414 0.47448775 0.27038398
v 0.11228969 0.47282487 -0.52817106
v -0.29852575 0.01411884 0.23373275
v 0.00594734 0.01941170 0.56024897
v -0.07592316 0.03692520 0.38364115
v -0.24771708 0.44570780 -0.32758930
v -0.30599651 0.01352560 0.22211984
v 0.23259649 0.47473320 0.33569914
v 0.35942489 0.45943406 0.41479847
v -0.00460595 0.01053044 -0.38164070
v 0.42624122 0.46746856 -0.33915696
v 0.25551519 0.45925122 0.31029701
v 0.16220307 0.47134793 -0.51529503
v -0.10788000 0.02542932 -0.37155280
v -0.13267623 0.46566135 0.38724110
v -0.60234201 0.02163992 0.09876227
v -0.03184564 0.45942333 0.40670088
v 0.28269780 0.02684910 0.27253351
v -0.01388803 0.01141897 -0.03197622
v 0.38659680 -0.15879717 0.38471803
v -0.31328830 0.47546363 0.31249255
v 0.33396700 0.03350887 -0.17755088
v -0.49393404 0.47550455 0.17149495
v 0.33829990 0.46844661 -0.19441883
v -0.32103735 0.46884415 0.24465182
v 0.27331197 0.46252772 0.30310303
v 0.03077907 0.46199387 -0.54742604
v -0.31059623 0.47028255 -0.26967549
v -0.40531114 0.45711830 -0.03405963
v -0.35594654 0.46719280 0.18255793
v -0.38177237 0.01169154 0.04028348
v 0.01842100 0.02430520 0.57284999
v -0.39315292 0.02135044 0.06882159
v -0.28847751 0.41079336 0.29167694
v 0.01823637 -0.00379122 0.35245907
v -0.29075706 0.47511849 -0.44383931
v -0.40949184 0.46782023 -0.05718929
v -0.49191982 0.39827237 0.30555010
v 0.37053296 0.03196714 0.13163996
v -0.17572613 0.47474873 0.39051238
v 0.28514203 0.29808533 0.29028520
v -0.39425069 0.02339108 0.08515551
v 0.47206542 0.46798235 0.27436307
v -0.29593322 0.08645441 0.54965723
v 0.42761275 0.09403680 -0.45610666
v 0.26509088 -0.29927930 0.34220955
v 0.01072708 0.47539815 -0.43819433
v -0.06874539 0.46844065 0.40143830
v 0.41105780 0.46340099 -0.01910570
v 0.22017434 0.02705190 0.30788022
v 0.03246670 0.00737885 0.56041402
v 0.34668273 0.47553298 0.25039330
v -0.03236257 0.01700797 -0.38937765
v -0.57048625 0.41781735 0.01890095
v -0.40859547 0.46734723 0.08138180
v 0.36312154 0.02582720 -0.08307824
v 0.39489713 0.02660815 0.00589610
v -0.36783129 0.03117832 0.13782124
v 0.20057212 0.47515687 -0.38599977
v 0.32572731 0.02432740 -0.17595816
v 0.24484281 0.32046860 -0.55552083
v 0.09630520 0.02145065 0.34118161
v -0.00325228 0.01205745 -0.39808619
v 0.36424279 0.04855742 -0.11409127
v 0.42164099 0.47401100 0.32083699
v 0.35980290 0.03413456 0.18205260
v 0.51353985 0.47306249 0.15714458
v 0.52977693 0.46626046 0.14106783
v -0.10172765 0.45932361 -0.53965950
v -0.18901029 0.01134550 0.30420080
v 0.13864389 0.46781102 0.52714252
v -0.49156898 0.45662022 0.24826974
v -0.36084136 0.02132826 -0.17088026
v 0.23399173 0.02638908 -0.32845956
v 0.26330814 0.02404334 -0.29855129
v 0.32320526 0.03389433 0.23245060
v -0.05687822 0.46821901 0.40453652
v 0.55171597 0.45870554 -0.00101933
v 0.20825845 0.02653650 -0.34833372
v 0.48115525 0.47540298 0.21446337
v 0.28249800 0.47202900 0.30745000
v 0.30392823 -0.38742217 0.08797511
v 0.43715760 0.47551590 0.01747234
v 0.24458639 0.46995693 0.31916359
v -0.12277411 0.47139218 0.52829337
v 0.30287346 0.44581068 -0.27203083
v -0.27554300 0.01158473 0.25472179
v 0.24371608 0.46193421 -0.32747129
v 0.10901657 0.03964732 -0.38732511
v 0.30339253 0.36855283 -0.27018717
v 0.53186893 0.45356581 -0.15830758
v -0.55000764 0.22380894 -0.29582247
v 0.43644407 0.47300428 0.30407929
v 0.01839840 0.00539719 0.40450764
v 0.04348582 0.02298887 0.60186511
v 0.36345342 0.47548422 -0.21354300
v -0.31731284 0.47136241 0.25866890
v -0.08264380 0.01834334 -0.37452900
v 0.59834903 -0.00248159 -0.10325997
v 0.54406708 0.04367277 0.29470712
v 0.18863674 0.44542634 -0.36649948
v 0.29553911 0.06598210 -0.28285119
v -0.01765957 0.47018090 -0.41557527
v -0.44853669 0.46710679 0.31057477
v 0.37866604 0.03562863 -0.07183748
v -0.38417882 0.02037080 -0.10141739
v -0.40025908 0.47342336 0.13100561
v 0.01858544 0.02450316 0.60344869
v 0.09963905 0.47535372 0.39896646
v 0.13926271 0.01366309 -0.36207902
v -0.39082515 0.46520010 0.38417825
v -0.38586119 0.02295645 0.09929039
v -0.36574814 0.46933010 0.16890590
v 0.20011453 -0.40497461 0.19728276
v -0.21725574 0.23605314 0.33383387
v 0.28121573 -0.38765314 -0.14010096
v 0.53966153 0.47100669 -0.00023983
v -0.47682896 0.43571684 0.29952186
v -0.24963453 0.46794763 -0.33016855
v 0.32944134 0.47542316 0.40823296
v -0.27348083 0.47099498 0.46851951
v -0.20773065 0.46803185 -0.35621756
v 0.33802831 0.47122088 -0.42253563
v 0.37822893 0.46103716 0.13661098
v 0.16930157 0.46898910 -0.37864834
v -0.25859100 0.01142658 -0.26897100
v 0.37630510 0.46925908 0.15578811
v -0.16662765 0.46151340 -0.36581618
v 0.12611140 0.45916745 0.36299548
v -0.50242507 0.47391343 -0.17964868
v -0.43053091 -0.00056363 0.43251750
v 0.33714008 0.47540191 -0.25229698
v 0.08150526 0.02089501 -0.38903385
v -0.09505111 0.47261894 -0.52904201
v -0.28234705 0.20362459 0.29156289
v -0.27247521 0.02209399 -0.28285825
v -0.03894715 0.45836872 -0.40450284
v -0.31792444 0.46844006 0.43995345
v 0.39021790 0.47172087 0.11914892
v 0.51594669 0.46942097 0.17059252
v 0.38614598 0.47126541 0.37354732
v 0.54684073 0.46417639 0.02498942
v 0.30411145 0.46007916 -0.27350512
v 0.11829740 0.01261722 -0.36933753
v -0.01348980 0.01139913 -0.16429132
v 0.39089912 0.03216276 0.04378660
v 0.11095060 0.44536898 0.36781520
v -0.23215711 0.40517455 -0.34208465
v -0.31182134 0.47526816 0.29562911
v -0.53075594 0.47299150 -0.07633697
v -0.27829176 0.31936508 -0.53981042
v 0.25824037 0.46192977 -0.31635922
v -0.54564577 0.46716955 -0.02582823
v 0.40175509 0.46723118 -0.04506539
v -0.21887833 0.12062147 -0.34001514
v -0.41204253 0.47548783 -0.14847200
v 0.36302984 0.47544715 0.37620294
v 0.40770501 0.46191800 0.01842150
v -0.51916599 0.47415793 -0.12708357
v 0.30377865 0.47159395 0.28289980
v 0.06976400 -0.01518750 -0.59957302
v -0.36876833 0.01298281 -0.12040004
v 0.01784497 -0.00254518 0.15074624
v -0.40552917 0.45977935 0.06882024
v -0.27749643 0.03754235 -0.28446463
v -0.34200096 0.02073844 0.17223151
v 0.35838526 0.02654151 0.15716957
v -0.04830665 0.45066708 0.40153989
v 0.39623314 0.03109126 0.01878085
v 0.06874635 0.46182448 -0.54391921
v -0.25008604 0.46873915 0.32796833
v 0.27904293 0.46681604 0.46891400
v 0.44998470 0.47102791 0.29642224
v 0.08166122 0.02209527 0.36199117
v 0.10580070 0.01549719 -0.37917030
v 0.01771783 -0.00236429 0.12550125
v -0.34296995 0.47544980 -0.39666715
v 0.11785062 0.47276652 0.37897757
v 0.37123099 0.03348190 -0.08217230
v -0.42037383 0.47553426 -0.30384538
v 0.01800132 0.47006086 -0.41496801
v -0.36009321 0.47517157 -0.23679473
v -0.06935054 0.47130990 -0.40161601
v 0.01364635 0.46323895 0.41294613
v 0.02571399 0.03862117 -0.40809560
v 0.42597389 0.45720667 0.34951818
v 0.35691106 0.47016251 -0.40903428
v -0.39674675 0.03014835 -0.02890890
v -0.31427595 0.47261778 -0.43605021
v -0.32606280 0.47531787 -0.27203205
v 0.38930357 0.47544599 -0.15089206
v 0.51861447 0.47159392 -0.15061425
v 0.15351216 0.03732928 -0.37654880
v 0.38052946 0.47554049 0.35533988
v 0.13352233 0.03601228 0.35408577
v 0.40388361 0.46896735 0.04411225
v -0.28680781 0.31038231 0.29016033
v 0.41469464 0.47529721 0.07108223
v -0.00123550 0.00657144 0.56114739
v -0.12010525 0.47224373 -0.39001963
v 0.42473471 0.47545138 0.04742639
v 0.20773247 0.02688568 0.31464544
v 0.35483262 0.03170248 -0.12072580
v 0.06425709 0.01440580 0.35818824
v 0.33507636 0.02562812 0.20314707
v 0.20035577 0.47551170 -0.47918797
v 0.06389949 0.46239731 0.39071202
v -0.39047658 0.02031520 0.01842186
v 0.05210110 0.01002286 0.37011850
v 0.41877371 0.47509304 0.30358240
v -0.12071659 0.46846786 0.39044160
v -0.30433294 0.46655181 0.27030867
v -0.23009218 0.44920877 -0.34362656
v -0.02586994 -0.07300270 -0.58301222
v 0.40117696 0.47244290 0.08134992
v 0.21298227 0.44689849 0.32638389
v -0.23291345 0.46783692 -0.34610373
v -0.25400627 0.01454956 0.29102978
v -0.13480891 0.15469432 0.61776179
v -0.38164821 0.01150400 -0.01011685
v -0.40596166 0.45972654 0.00581617
v -0.21866535 0.01139159 -0.30646840
v 0.46500415 0.46997586 -0.27897450
v 0.16985178 0.02065402 -0.36487901
v 0.24952239 0.47149351 -0.33185613
v -0.15268591 0.47521019 -0.50818646
v 0.21335849 -0.40891430 -0.17175314
v 0.52391154 -0.16770580 -0.12564002
v -0.03790937 0.47130746 0.53909600
v -0.35181493 0.45903987 -0.21766829
v -0.33069593 0.47097224 0.23415723
v -0.23688079 0.10221066 -0.33076459
v 0.30368322 0.33443558 -0.26903304
v 0.26111284 0.04329111 0.30528134
v 0.26476946 0.46202049 -0.48391971
v -0.34888935 0.01140117 0.10997070
v -0.19590455 0.47229901 -0.50103778
v 0.03035769 -0.01416870 0.60318738
v 0.21800983 0.47546583 0.35053164
v 0.10669339 0.47180003 0.52748168
v -0.29140231 0.46927741 0.45452175
v 0.40787885 0.11948063 -0.00426471
v 0.63212532 0.15567818 -0.01041473
v 0.22727545 0.01792152 -0.30608702
v -0.40572509 0.45719114 -0.06786437
v 0.09393739 0.47254217 -0.40316612
v 0.02230440 0.47543278 0.43677852
v -0.27868271 0.15574186 -0.56325245
v -0.45390907 0.47560456 0.25119153
v 0.22064844 0.45646280 0.50413251
v 0.18203989 0.11535625 0.60098130
v 0.32395795 0.47535527 0.28678709
v -0.01399468 0.01136407 0.06887516
v 0.06898820 0.01973264 -0.39113152
v 0.02935811 0.45650959 0.40222573
v 0.01842100 -0.00346398 0.57284999
v 0.34167176 0.47083306 0.23095462
v 0.25208688 0.03029641 -0.31599975
v -0.18242654 0.46747294 0.36951980
v 0.00587318 -0.00905698 0.59951800
v 0.22108684 -0.37937868 -0.24324554
v 0.09151923 0.03200394 0.60532147
v 0.01842100 -0.00359899 0.58544999
v -0.29934976 0.01138431 0.19887432
v -0.38799548 0.47539181 0.17485467
v 0.29532361 0.05009697 0.27652848
v 0.31527978 0.04316017 -0.23878956
v 0.28978619 0.03473323 -0.28440562
v -0.28992307 0.46498826 -0.28605831
v 0.41394866 0.47539231 -0.09179247
v 0.06293298 0.02643505 0.60802090
v 0.42351377 0.26615036 -0.45119491
v 0.25391150 -0.20222844 -0.44811344
v -0.33224550 0.47261405 0.42242458
v 0.36258933 0.34844983 0.19223501
v -0.28911898 0.44463250 0.29165754
v 0.33411956 0.02436859 -0.15362562
v -0.38181636 0.01180620 -0.06058520
v -0.51791281 0.46732250 -0.17101631
v 0.27073199 0.03632111 0.29702047
v -0.09370534 0.01902940 -0.37097278
v 0.41368535 0.47250381 0.03095218
v -0.24623087 0.47456285 -0.47020745
v -0.54998285 0.45659751 0.04559198
v -0.37912247 0.46797901 0.14462687
v 0.30439499 0.46674713 0.27148655
v 0.01915320 -0.00862656 0.60238320
v -0.04712502 0.47538695 0.42786598
v 0.01254699 0.07750938 0.40382594
v 0.15281472 -0.01650797 -0.58502573
v -0.47940707 0.47030422 0.25400710
v -0.13211793 0.01886076 -0.35851038
v -0.33563247 0.47512218 0.25156382
v -0.18611091 0.46747112 -0.51363647
v 0.50095588 0.42731565 0.26501819
v 0.18311934 0.44884413 0.33854738
v 0.36956960 0.46681112 -0.11951673
v -0.19168746 0.45771909 0.36017856
v 0.03209116 0.47519976 -0.52783680
v 0.01201750 0.18550833 -0.41115782
v 0.45860496 0.47503585 0.26605883
v 0.01785253 -0.00283456 0.18854856
v -0.36660132 0.44681892 -0.41616955
v -0.50676328 0.47539538 0.08378052
v -0.32412112 0.01197568 -0.20393586
v 0.40832132 0.47533384 0.32948601
v -0.37852848 0.47197932 0.15689377
v -0.42353779 0.46865544 0.34057739
v 0.28238228 0.02108173 -0.26793084
v -0.17698313 0.47546604 -0.49520338
v -0.48330069 0.47553307 -0.18635613
v 0.34538901 0.02875079 -0.14283913
v -0.34819311 0.02154541 -0.19870615
v -0.43758419 0.47392040 -0.30455640
v 0.04044510 0.44229215 0.39630139
v -0.31025156 0.03718361 -0.24792473
v -0.27829444 0.37982202 0.51653552
v -0.35222715 0.47052136 0.19289644
v -0.15239179 -0.39597264 -0.25967774
v 0.39908963 0.04893426 -0.02556751
v 0.28064340 0.15196508 0.29485792
v 0.18225239 0.01596419 -0.34420386
v 0.01457101 -0.00372391 0.38883984
v 0.29499400 0.47138500 0.29500699
v 0.22110674 0.45652300 -0.50466722
v 0.02193644 0.44158986 -0.40905863
v 0.28077811 0.47547910 0.32520029
v 0.00582032 -0.00267119 0.57284999
v 0.19649406 0.16234502 0.59977168
v 0.04353249 0.47268054 -0.41554570
v -0.40506053 0.45911321 -0.09545748
v 0.09414130 0.01136730 -0.37525055
v -0.02263502 0.03712194 -0.40079826
v -0.04494740 0.46948132 -0.54386652
v -0.41122067 0.46329713 -0.36411476
v 0.22101286 0.47126594 0.33154956
v 0.37920541 0.03190290 0.09419378
v -0.01400124 0.01141752 0.30829370
v 0.30142486 0.02921551 -0.25709942
v -0.38972679 0.47161224 -0.37526581
v 0.05868445 -0.00370850 0.60370183
v -0.00448073 0.15365730 -0.40875626
v -0.17759477 0.01141270 -0.31946853
v 0.54097044 0.46460286 0.08629750
v 0.31407872 0.47530660 -0.30292445
v -0.01210157 0.45864046 0.55042243
v 0.08101591 0.47033295 -0.40091786
v -0.19605611 0.01419506 -0.33425429
v -0.00858412 0.00238683 0.59982449
v 0.44083983 0.47554138 -0.27758467
v 0.14435190 0.46751252 0.35949117
v 0.49630678 -0.14836051 -0.23231143
v -0.29068124 0.03873424 -0.26977503
v 0.03927251 -0.28853464 -0.44303784
v -0.47814783 0.31864107 -0.37424636
v 0.39559409 0.47553787 0.34178782
v 0.23267733 0.02483081 0.29843444
v 0.00037931 -0.00113984 0.58509123
v 0.41199332 0.46826133 0.00545904
v 0.14457899 0.02080900 -0.37216401
v -0.33443099 0.47075000 -0.24628900
v 0.37435311 0.44702119 -0.41374919
v 0.10101710 0.46986559 0.38002202
v 0.47969300 0.46188569 -0.26621640
v 0.39499786 0.44515911 -0.04396983
v 0.37809324 0.47043854 0.38557747
v 0.18782148 0.47541958 0.36092889
v 0.16287065 0.05007172 0.34439477
v 0.24834768 0.04725172 -0.31999040
v 0.61559194 0.14856236 0.14568774
v -0.22236900 -0.37646666 0.24833828
v -0.01370039 0.46379399 0.41268244
v -0.29456016 0.47208491 0.30013388
v 0.01315981 0.00037979 -0.36659998
v 0.47517881 0.47207558 0.25858226
v -0.26555938 0.03761879 -0.29778814
v 0.36775514 0.44737580 0.17396009
v -0.41159064 0.46929705 0.35412416
v 0.20333992 0.02233808 0.08309218
v -0.08643471 0.01133098 0.36031732
v -0.12037110 0.47096381 -0.52917981
v -0.46350780 0.47186524 -0.27582771
v -0.10981689 0.47270086 0.40013319
v 0.01784717 -0.00268946 0.16961536
v 0.31538308 0.47231436 0.43566367
v -0.53141224 0.46790287 0.10703870
v 0.21994837 0.03341340 0.57232434
v -0.30725771 0.01141608 -0.20580065
v 0.29020810 0.44538039 0.28468090
v -0.21443136 0.02287999 0.32554066
v 0.50407797 0.01388004 -0.32723424
v -0.41557100 -0.27777323 -0.18323067
v 0.35150063 0.02509244 0.17201534
v -0.23864269 0.04054888 0.31311703
v 0.13063473 0.43419659 -0.54867065
v 0.31916264 0.02461150 0.20527649
v 0.37605712 0.47542810 0.20833862
v 0.30069250 0.03744990 -0.27151579
v -0.53037179 0.47287157 0.07550135
v -0.01127809 0.01161932 -0.30866307
v 0.06687982 0.01966597 0.37407655
v 0.09357094 0.45522213 -0.39221683
v -0.36900333 0.47543487 -0.36949077
v -0.03379925 -0.46398526 0.08593578
v 0.26832089 0.02457626 0.26827800
v -0.46622682 0.46985263 0.27843225
v 0.44451937 0.29422656 0.42455205
v 0.41336945 0.46688804 -0.00603639
v -0.04537189 0.02131888 -0.38873914
v -0.13281339 0.39878556 0.56340957
v -0.22143772 0.46692318 0.49836949
v 0.05611319 0.47199354 0.40567806
v 0.48887616 0.47314784 -0.21772581
v 0.02122871 -0.17437860 -0.53235018
v 0.49265176 0.47557646 -0.16018468
v 0.22114684 0.45835304 -0.34298187
v 0.34916544 0.02415434 -0.11236500
v -0.15349834 0.44604290 -0.36818442
v -0.00675008 0.01023278 0.36505648
v 0.31596637 0.46731755 0.25768068
v 0.05665605 0.01675996 0.59711099
v 0.41206846 0.47545105 0.09775333
v -0.00337128 0.33340079 -0.41264832
v -0.01348677 0.01141940 0.03715984
v -0.58706540 0.00775119 0.15874898
v 0.41165316 0.47015932 0.35192543
v 0.23588146 0.46723038 0.49095204
v 0.04934264 0.46827438 0.54218310
v 0.13299315 0.46855494 -0.53086317
v -0.19121636 0.47559920 0.48010528
v 0.32869256 0.47116604 -0.22806293
v 0.46524352 0.15723252 0.42694664
v 0.01906464 -0.00392414 0.37124145
v -0.33968043 0.44555804 -0.22898312
v 0.14438373 0.47450626 0.37365755
v -0.28734198 0.46758077 -0.46701187
v -0.09517493 0.46687812 0.53846538
v 0.03041944 0.01548305 -0.41076005
v 0.17944489 0.05047433 0.33780462
v -0.40943509 0.46782920 -0.04458837
v 0.38873714 0.03627039 0.07032695
v 0.23902018 0.47543272 0.46804973
v -0.10738312 0.02383502 0.37498179
v -0.05357319 0.03807295 -0.39088547
v -0.06160981 0.47553486 -0.42549011
v -0.53827530 0.46533775 -0.10159442
v -0.16018066 0.45939478 0.37869748
v 0.37880486 0.04420304 0.12456226
v 0.54335803 -0.01868135 -0.25731072
v -0.48983622 -0.00796832 -0.35717541
v -0.45343018 0.45693758 -0.31169996
v -0.26821947 0.44691369 -0.30570641
v 0.06644719 0.00976719 -0.37652338
v -0.44709897 -0.20779201 -0.24867402
v -0.39518449 0.02652122 -0.08497594
v -0.51616085 0.47268146 -0.15173016
v 0.57192278 0.41419196 -0.01939025
v -0.38349333 0.01165508 -0.03198120
v -0.37950182 0.46914738 -0.16983809
v -0.54320520 0.28650737 -0.29095852
v -0.24731566 0.46756777 0.48854718
v 0.01326889 0.17226778 0.40510055
v 0.01419522 0.44207203 0.40702477
v -0.53105313 0.34163898 -0.28436786
v -0.08201028 0.45859116 -0.39134195
v 0.16621150 0.02410387 0.32336465
v -0.27157319 -0.31138617 0.31933045
v -0.37474057 0.01484934 0.10457154
v -0.17217152 0.45602793 0.37199250
v 0.08028679 0.46989265 0.38986394
v 0.09650122 0.47552973 0.50702250
v -0.02914032 0.01190897 0.37461343
v -0.37635288 0.03799528 -0.14105603
v -0.28716272 0.29150134 0.54429907
v -0.06527157 0.01141364 -0.36161134
v 0.34284329 0.02439127 0.14104848
v 0.32531112 0.03506700 0.52455193
v 0.03141765 -0.47013229 -0.01789808
v 0.27551615 0.02446474 -0.28539604
v 0.29640999 0.46086100 -0.28496999
v -0.23232052 0.24106427 -0.33824983
v -0.07015505 0.46906143 -0.54039603
v 0.02077396 0.20959336 0.62576520
v 0.27862236 0.07340693 0.29593930
v 0.11940324 0.02644515 -0.38306814
v 0.37884277 0.02390850 -0.01473157
v 0.18686481 0.46472228 0.51438636
v -0.53989148 0.47243628 0.01246029
v -0.39046940 0.02033807 0.05622373
v 0.02042201 -0.00079056 0.55194706
v -0.32608652 0.01668173 0.19547527
v 0.33919418 0.47215256 -0.20826280
v 0.31759691 0.46955472 -0.24962224
v -0.00092523 0.45769909 -0.55278528
v -0.53443950 0.46342090 -0.12574628
v -0.18258636 0.01632601 0.34057742
v 0.30335543 0.46937570 -0.28353783
v -0.22751896 0.47154090 -0.48934671
v 0.00742515 0.34677279 0.40884134
v -0.52727127 0.46563455 0.14803632
v 0.28664938 -0.27767548 -0.35220462
v 0.50669974 0.47548828 0.14065753
v 0.37673086 0.02450788 -0.03937014
v 0.34226438 0.46654424 -0.18291003
v 0.38045782 0.02839798 0.08175693
v -0.54401034 0.46702978 -0.04508284
v 0.01635529 0.00412256 -0.40817720
v -0.11391851 0.45934781 0.54038084
v 0.05276614 0.01698268 0.38664165
v 0.01851202 0.46925360 -0.54408830
v 0.12761568 -0.41749954 -0.21774593
v -0.00685681 0.47001863 -0.42068252
v 0.07681741 0.01902785 0.34294406
v 0.01815312 -0.00361082 0.31458268
v 0.51839751 0.47549906 0.07558203
v -0.35383144 0.02696409 0.16030258
v -0.33981711 0.45831469 0.20526375
v -0.24410488 0.47153661 -0.34490514
v -0.00549659 0.41381133 0.40962955
v -0.28267601 0.34211940 0.29760918
v 0.16886275 0.47230926 0.35232085
v -0.36208829 0.45620370 0.41745573
v 0.11901265 0.02654091 0.35132438
v 0.28105813 0.33362016 0.29532543
v 0.29213762 0.47551736 0.43101409
v -0.33744144 0.03892148 -0.21826003
v -0.28183404 0.13406248 0.28857824
v 0.14323290 0.03078853 0.34462637
v -0.25552854 0.47552794 0.35206413
v 0.34840545 0.44613355 0.21032949
v -0.36148959 0.46462792 -0.20676643
v 0.05381771 0.03750809 0.38791451
v 0.36124575 0.05044170 0.19184776
v -0.19733246 0.44707596 -0.35464805
v -0.09423324 0.46925825 -0.39139006
v -0.05623326 -0.41806301 0.24415609
v -0.49179760 0.46999794 0.22861306
v -0.40193692 0.46130911 -0.10623942
v 0.06240067 0.47418445 -0.53125250
v 0.01433001 0.10926870 0.40429124
v 0.32708946 0.46111888 -0.21599369
v 0.08987357 0.03656608 -0.39200118
v 0.23864220 0.47547486 -0.36348349
v -0.28314957 0.07744842 0.28480226
v -0.01089264 0.42384082 -0.41236895
v 0.51632071 0.46038094 -0.18927513
v -0.35015991 0.01187023 -0.16390514
v -0.48905218 0.31723690 0.36077315
v 0.26717895 0.29954726 0.30357203
v 0.26650360 0.47295818 -0.46742010
v 0.46062025 0.47068802 0.28379422
v -0.29254264 0.01430345 0.24696946
v -0.09478864 0.46659034 0.39636117
v 0.39007124 0.03152197 -0.03007463
v -0.40678054 0.47548452 -0.33053166
v 0.01842100 0.02411760 0.56024897
v 0.40075544 0.46936262 0.05578978
v -0.39797074 0.10268293 -0.08819146
v -0.18348561 0.02464352 -0.34691331
v 0.36458799 0.47081575 -0.14248104
v -0.02523827 -0.01100014 0.60293990
v -0.36911625 0.01156089 -0.10730915
v 0.02671870 0.47327149 0.53502995
v -0.34497994 0.01184003 0.14225961
v -0.34046263 0.47558725 0.39088479
v -0.26872295 0.46840471 -0.31008404
v 0.19332807 0.47052512 0.34012449
v -0.07055001 0.01985796 -0.38099337
v 0.33414328 0.46959406 0.42689070
v -0.01338686 0.01141816 -0.06979067
v -0.00018414 0.47540879 -0.51786673
v -0.30537698 0.47551107 -0.42012116
v -0.03187850 0.47184780 -0.41565526
v -0.45825583 0.46749282 0.29725167
v -0.33661076 0.45744368 0.43513390
v -0.13303408 0.46957007 -0.52880365
v 0.54518443 0.46759793 -0.02597512
v -0.20416512 0.47556749 0.38951781
v -0.28439173 0.02223955 -0.27002466
v -0.01378471 0.01139405 0.13187976
v 0.10038567 -0.43827668 0.17474514
v -0.42573211 0.47527623 -0.07590515
v -0.04905161 0.03765072 0.38867471
v 0.23134524 0.46903166 -0.33976045
v 0.53048199 0.00879471 -0.28808653
v -0.00032612 0.47131780 -0.54080015
v 0.37763980 0.46893936 -0.39082485
v -0.00156814 0.00403746 0.57283425
v -0.25848925 0.46885836 -0.32169458
v 0.04432759 0.46868616 0.40399161
v 0.53984678 0.45932299 -0.10054231
v -0.22777779 0.03174924 0.32009020
v -0.10714550 0.47101843 -0.38943899
v 0.39731607 0.46676743 0.06862222
v 0.24587059 0.02818151 -0.32079506
v 0.03201316 0.00786503 -0.39433736
v 0.41439548 0.47469077 -0.06280378
v 0.18408534 0.14692561 -0.36895058
v 0.23837326 0.44691378 -0.32891452
v 0.43050751 0.35672307 0.41199428
v -0.22826637 0.47539642 0.36514378
v 0.08831605 0.45078135 0.37701508
v 0.46483600 0.45738319 0.29538029
v 0.36188966 0.45717341 0.19278297
v 0.30732024 0.03956098 0.26032364
v 0.20275047 0.47550645 0.48059201
v 0.27032202 0.47387791 0.31573099
v -0.35553285 0.44641727 0.17687047
v -0.23912722 0.47552606 0.46671170
v -0.23255411 0.46846732 0.33894569
v -0.05094358 0.15578704 0.62607658
v 0.29164347 0.45161071 -0.28749293
v 0.15381265 -0.16290581 -0.51949090
v -0.23106143 0.43049279 -0.34280610
v 0.53384483 0.32944974 0.28939384
v -0.40360674 0.46293670 0.09939852
v -0.50540090 0.47549483 0.13860196
v -0.42897743 0.47545201 -0.00678888
v -0.28128129 0.46815670 0.30843493
v -0.05569009 0.46948400 -0.40342829
v 0.54642123 0.46244863 -0.04974683
v 0.15659150 0.46808532 -0.38196898
v 0.27806926 0.24143089 0.29827362
v -0.54287767 0.46691513 -0.05736268
v -0.39832011 0.14687884 0.09016543
v 0.29389718 0.03296653 0.26847652
v 0.37302652 0.44600251 0.15222517
v -0.60343945 0.16863208 0.18623394
v -0.51926869 0.47559234 0.04460368
v 0.57370710 0.02641475 -0.21038103
v -0.00880542 0.01861270 0.39131504
v 0.01797635 -0.00336079 0.25781927
v 0.24269728 0.44449243 0.31426838
v 0.40910253 0.22255774 -0.00230722
v 0.29063955 0.09649166 -0.28772900
v 0.25788805 0.02786229 -0.31000721
v -0.20805854 0.46879458 0.50260699
v -0.25879300 0.47293600 -0.33439600
v -0.39049265 0.02030352 -0.01938015
v -0.15282083 -0.42006090 0.19446918
v -0.31414437 0.47547385 0.40459004
v 0.38885653 0.47237694 0.13174528
v 0.22508775 -0.01063071 -0.56152457
v -0.29080361 0.01909670 0.25812930
v 0.53118294 0.47457707 0.02478567
v -0.27398032 0.41831690 0.30669227
v 0.12393034 -0.02263962 0.58756685
v -0.03813625 0.47551697 -0.43803036
v -0.05985979 0.01918954 -0.60824645
v -0.22760831 0.38109681 -0.34364122
v 0.27504659 0.04820648 -0.29965270
v -0.28259799 0.27912363 0.29510808
v 0.40511322 0.04139881 -0.01037188
v -0.00840436 -0.01664231 0.60155404
v 0.17094940 0.47546953 -0.49329555
v 0.27012873 0.02622067 0.28537038
v 0.00569176 0.02436758 0.40264183
v -0.14455839 0.01633279 -0.35294029
v -0.54062235 0.47124484 0.03725654
v -0.54271334 0.46823436 0.05609407
v -0.34845543 0.46934882 0.41699252
v 0.30855644 0.02930421 0.24378654
v 0.21993636 0.02740489 -0.33947551
v -0.53433371 0.44185665 0.16797276
v -0.15908295 0.02063970 -0.35172805
v 0.01658216 -0.00144071 -0.01863480
v -0.08430920 0.24336626 0.38713008
v 0.00124247 -0.46449754 -0.05009630
v -0.23826315 0.15933742 -0.33068392
v 0.16679741 0.44500905 0.53372949
v 0.15110008 0.02587687 0.33431628
v -0.37182876 0.01932657 -0.13346456
v -0.51496595 0.38615480 -0.27571520
v -0.42576152 0.47537076 0.11548740
v 0.37081733 0.02990283 0.11927864
v 0.50114185 -0.20340015 0.11850189
v -0.13303891 0.01711797 0.36557406
v 0.55804682 0.32050189 0.23820479
v -0.24440028 0.01141488 -0.28200090
v 0.25646934 0.47180650 0.31750360
v -0.48076299 0.47555479 0.20023793
v 0.62158233 0.06850297 -0.02100045
v 0.43601775 0.46881184 0.31972653
v -0.01954534 0.01633424 0.38423383
v -0.44685203 -0.14270805 -0.32155252
v 0.29733700 0.27919602 -0.28355533
v 0.18498157 0.07328698 -0.36781988
v -0.39538375 0.45798200 -0.12058711
v -0.50386792 0.46957061 0.20305994
v 0.06130215 0.03662581 -0.39898068
v 0.31324282 0.47198161 -0.26762083
v 0.30344322 0.41701812 -0.27055433
v -0.35780790 0.38600200 -0.20750695
v 0.36048320 0.44643608 -0.12966174
v -0.32979062 0.01464149 0.18321978
v -0.01925853 0.47226402 0.41736487
v -0.29710600 0.47030801 -0.28461099
v -0.46928146 0.47554746 -0.22873089
v -0.05703123 0.46835446 -0.54283947
v 0.03061330 0.47060651 -0.41335183
v -0.12586378 0.03777726 0.37455061
v 0.31794766 0.04113172 0.24745779
v 0.01498769 0.05200726 0.40373638
v -0.36361754 0.47525159 0.38040712
v 0.39239192 0.02866266 0.03060077
v 0.50313580 0.47244516 -0.19004968
v 0.01799270 -0.00050688 -0.05688765
v -0.39758435 0.05997476 -0.08372916
v 0.36009952 0.02344185 -0.06734602
v -0.27215287 0.02520847 0.28819853
v 0.37516493 0.47559452 -0.35750318
v 0.31321374 0.44711420 0.25525630
v 0.38884568 0.47519580 0.18678813
v 0.31532213 0.02358465 -0.20032290
v 0.08814257 0.47240588 0.52943176
v -0.27433452 0.44399688 0.30741417
v -0.21963944 0.46859556 -0.35277250
v 0.15304564 0.01480775 -0.35952774
v -0.40747997 0.47555891 0.32335436
v -0.32735306 0.45979515 0.22706549
v -0.39245757 0.47423619 -0.35966295
v 0.29616266 0.30426127 -0.28407997
v -0.17894284 0.01373519 -0.33721361
v -0.45258856 0.04850690 -0.42286858
v -0.21651870 0.03931099 -0.33929244
v -0.28706437 0.44649595 -0.28550437
v 0.28854680 0.46811518 0.29374158
v 0.00100367 0.01658996 0.57279253
v 0.13138536 0.47004640 -0.38839331
v -0.31047213 0.44702867 0.25524116
v 0.20290835 0.46990305 0.50280958
v -0.14494269 0.47068760 -0.37727278
v 0.01729841 -0.00152315 0.01229222
v -0.39267755 0.47545210 -0.34626406
v -0.32236090 0.44655052 -0.24764484
v -0.40358511 0.47542542 0.15011619
v -0.29854029 0.47547141 0.32836267
v 0.00689057 0.31697524 0.40862846
v -0.24251375 0.46236500 -0.33571458
v -0.01426293 0.44440550 0.40868819
v -0.16807933 0.03830461 -0.35437012
v 0.06914695 0.47031143 0.53857237
v -0.15790391 0.47190410 -0.37774223
v -0.47072333 0.45749637 -0.28696156
v -0.19049034 0.45993155 0.51464826
v 0.32332516 0.02632270 0.21984047
v 0.22749266 0.03542382 0.31449783
v 0.41495910 0.47187653 0.01833940
v 0.17909242 0.06220562 0.59462875
v 0.38753286 0.05033440 0.08665982
v -0.32548296 0.27560878 -0.52495575
v -0.10409941 0.47417286 0.52466708
v 0.29093635 0.43153611 -0.28826761
v 0.05736446 0.46901065 -0.40543541
v -0.00045750 -0.10449486 -0.55345666
v -0.35719937 0.47089419 -0.22159332
v 0.37084314 0.46583357 0.18229114
v 0.04359150 0.00961465 0.57382298
v -0.50676841 0.47561929 0.11409849
v -0.20810425 0.46655437 0.35290560
v -0.28461257 0.47463155 -0.31251419
v -0.16448231 0.47537327 0.49252608
v -0.19929887 0.03035870 -0.34424677
v 0.38856950 0.45048997 -0.06014048
v 0.00807554 -0.46417299 0.03065634
v 0.16518462 0.32482454 0.58489370
v 0.29838437 0.47516003 -0.31846553
v 0.17251541 0.47546121 0.49382132
v 0.07512456 0.01915142 0.27013218
v -0.01874141 0.01557763 -0.39266756
v -0.14130372 0.47047400 0.52442187
v -0.39972457 0.22880143 0.09084891
v -0.37381303 0.15591244 -0.50540835
v -0.27349803 0.01383450 -0.27047470
v 0.36240575 0.37998134 0.19244917
v 0.01755791 -0.00169493 0.04372871
v 0.50826532 0.46053472 0.20647563
v -0.54952347 0.46304497 -0.00265446
v 0.01418981 0.14057127 0.40456665
v 0.06787914 0.46741399 -0.39978972
v 0.16396914 0.46919754 0.51786709
v 0.06471561 0.01644884 0.11914597
v -0.30643111 0.46627811 -0.45416307
v -0.02704329 -0.03632578 0.59375030
v 0.02109407 0.09710744 0.62502861
v -0.39053530 0.03738468 -0.10289662
v 0.02315240 -0.09644201 0.57391685
v 0.30058569 0.45602182 0.46456376
v -0.27382481 0.01308359 0.27209222
v 0.40924987 0.25381961 -0.00433399
v -0.24881156 0.01336069 -0.29614359
v -0.37341401 0.01163887 0.08868461
v -0.54420578 0.45090815 0.09554131
v -0.28091240 0.46860504 -0.29731297
v 0.09307515 0.02267126 -0.38734365
v 0.11367989 0.05031468 0.36408335
v -0.21509399 0.31987846 0.56695336
v 0.27846000 0.17837051 0.29765606
v -0.28737867 0.02563989 0.27377412
v 0.42223501 0.47557974 -0.30037570
v -0.00311128 -0.46193171 -0.00599981
v 0.24442963 0.02735099 0.30086929
v -0.00073051 -0.13955359 -0.54126531
v -0.38353902 0.01171293 -0.04458166
v 0.01709473 0.08385015 -0.40990740
v -0.60269707 0.32104132 -0.06446830
v 0.43729663 -0.29393715 0.03044276
v -0.02026592 0.23673660 -0.62240720
v -0.28260404 0.25392798 0.29397905
v 0.36774141 0.44776052 -0.11171412
v -0.21621832 0.47516647 -0.37426198
v 0.51543695 -0.02411313 -0.30781224
v 0.27569130 0.44923568 0.29952633
v 0.01806106 -0.00396371 0.33342227
v 0.52822143 0.47210011 -0.10138890
v 0.17109047 0.03844157 -0.37206396
v -0.34049955 0.47167540 0.21753171
v -0.40518975 0.36846480 0.43067729
v 0.18765652 0.46322894 -0.51428038
v 0.39131081 0.03402789 0.05676975
v -0.44888845 0.45547205 0.32113549
v -0.12005552 0.01574493 0.36727953
v -0.09671408 0.03102951 0.37969089
v -0.41945985 0.45224375 0.35915920
v 0.02436446 0.00736457 -0.21527976
v -0.35582405 0.47541356 -0.38416669
v 0.27004465 0.41605896 -0.50378495
v 0.00473531 0.11056289 -0.41071886
v 0.56373811 0.02662073 0.23431672
v 0.00365149 -0.01855016 -0.59432548
v 0.39394352 0.47522458 -0.11896203
v -0.55868125 0.38637081 0.16976248
v 0.32574230 0.02274372 -0.12759285
v 0.40714389 0.37373412 -0.01240037
v -0.47772142 0.47323784 -0.24629526
v 0.04509327 0.45757097 -0.40400076
v -0.16894190 0.44072682 -0.53487182
v -0.37606290 0.47060809 -0.38847157
v -0.50856405 0.15595229 -0.36842513
v 0.00865327 0.39849511 -0.41241002
v 0.02222865 0.00620377 -0.30463621
v 0.04362220 0.00736055 0.58544999
v 0.49062946 0.46874359 -0.23368385
v 0.39615947 0.03021743 -0.01312676
v 0.07333805 0.01876860 0.22673513
v -0.30926871 0.02298891 -0.24380809
v 0.01060755 0.46777648 0.54392612
v -0.13780032 0.45814118 0.53518301
v 0.37008354 0.03808233 -0.09535754
v 0.17135684 0.45981967 -0.52188456
v -0.40589887 0.47460186 -0.13266757
v -0.60651755 -0.00387134 -0.02418672
v -0.33158478 0.15819344 -0.53857303
v 0.34118104 0.02472502 0.18161157
v -0.40660200 0.45936894 -0.08236499
v -0.10190871 0.31930029 -0.59794903
v 0.01813841 0.39313298 0.58073372
v 0.23939690 0.05030930 0.31392747
v 0.21499556 0.46181637 0.32750049
v 0.00948601 0.36049050 -0.41194046
v 0.31528595 0.46752319 -0.44314161
v 0.05236255 -0.46036598 0.10623259
v 0.25122625 0.47508767 -0.34833321
v 0.04114458 0.00422617 0.59837991
v -0.09653360 0.47550794 -0.41441908
v 0.51847845 0.47537026 -0.00681676
v -0.40123132 0.45122918 -0.38538429
v 0.29125386 0.02107052 -0.20997314
v -0.36838779 0.01922796 -0.14475536
v -0.46820614 0.47556603 0.22545637
v -0.33802912 0.47545555 0.27708650
v -0.50404572 0.45710212 -0.22204806
v -0.32427073 0.02830628 -0.23222147
v 0.29011443 0.02104871 -0.24122941
v 0.33811155 -0.29201266 0.28468278
v -0.23348141 0.07744192 -0.33339983
v -0.32720810 0.47312257 -0.42358646
v 0.23861043 0.47560722 -0.46481571
v 0.59838313 0.30426145 0.13641544
v -0.15476975 0.01143111 -0.33636147
v -0.20884742 0.01409919 -0.33056438
v -0.02626896 0.47450119 -0.53244364
v -0.26913741 0.42116404 0.50181532
v -0.28900576 0.45474049 0.46988413
v -0.20474549 0.47544798 -0.48269758
v 0.41399983 0.45682424 -0.36272281
v -0.31197512 0.47551253 -0.29970378
v -0.13805252 -0.44196814 -0.13684757
v 0.43892011 0.47517353 -0.01419208
v -0.14911568 0.47544235 0.41616413
v -0.26110041 0.01358102 -0.28331605
v 0.08819155 0.31953701 0.60008430
v -0.25211895 0.03084065 0.30399144
v 0.54115796 -0.15534423 -0.06434638
v -0.28536454 0.36876786 0.29517686
v 0.39315274 0.47063658 0.10139771
v -0.38201103 0.02913484 -0.12273419
v 0.51531982 0.45999774 0.18876204
v -0.42566720 0.47533026 0.04989463
v -0.15198937 0.01662908 0.35903540
v 0.01792127 -0.00320852 0.23896015
v -0.39257777 0.44560528 0.11241660
v -0.27136925 0.45304698 0.48481995
v -0.06189951 0.01144341 0.36342934
v 0.48811403 0.47086883 0.23922771
v -0.18010630 0.13514024 -0.60478681
v 0.38480413 0.46191087 0.11385228
v -0.13960427 0.02726208 0.60011226
v 0.26358482 0.15467577 0.57001799
v -0.39575052 0.47296223 -0.15028575
v 0.13188821 0.47550941 0.50584835
v 0.62213117 0.23752850 -0.02181466
v 0.40706638 0.44585812 0.01166917
v -0.40893149 0.31826651 0.45310757
v 0.47342202 0.44502816 -0.29732621
v 0.06520636 -0.39233121 0.30027911
v 0.00695202 0.00940237 -0.41112646
v 0.22633295 0.47552231 -0.38983980
v -0.51751190 0.47012043 0.16595793
v -0.39654690 0.05103086 0.08830735
v 0.57418394 0.15354164 -0.25414681
v 0.32849392 0.04894396 0.23499520
v -0.31704929 0.03109719 0.22557408
v -0.59355932 0.25452796 0.18044220
v -0.12899525 0.47552192 -0.50834507
v -0.53197473 0.46832556 0.09507516
v -0.45714703 0.47551030 -0.25530502
v 0.35784358 0.15693845 -0.51591355
v -0.02102493 0.01354502 -0.61116636
v -0.00128652 -0.07388633 -0.56714988
v -0.41475773 0.47294053 0.06883295
v 0.03099812 0.02428660 0.60280210
v -0.00370121 0.21588564 -0.41032985
v -0.55547601 0.15424459 -0.30204925
v -0.38894966 0.47542062 0.20146677
v -0.29721022 0.19176440 0.55376053
v -0.32178006 0.47510257 0.27563238
v 0.29084599 0.36757955 -0.28822175
v 0.03084953 0.00201060 0.39318702
v -0.27736619 0.47410840 0.32637250
v 0.04773060 0.47542557 0.42464882
v -0.22995007 0.47543627 -0.47024289
v -0.52669668 0.47540432 -0.00696817
v 0.04246789 -0.10050740 -0.56739229
v 0.35422713 0.46695665 0.20767696
v -0.34524730 0.47040102 -0.23193108
v 0.08662885 0.46253014 0.54068023
v 0.24173556 0.46489772 -0.49279755
v 0.18424748 0.10914011 -0.36867073
v 0.00300431 0.05914336 -0.40937346
v 0.47412550 0.02808782 -0.38471538
v 0.40976077 0.34218943 -0.00305765
v 0.52830869 0.47281763 0.10069538
v -0.09905621 -0.15789162 -0.53429091
v 0.12035707 0.46862340 0.52983463
v 0.03588615 0.03885919 0.39518338
v 0.29312938 0.45846793 -0.46585655
v 0.14186509 0.02325824 0.31919351
v 0.34823677 -0.36577445 -0.00167201
v -0.30150354 0.47091815 0.28098208
v 0.05441971 0.01200498 -0.16247503
v -0.36136702 0.47116551 0.40214270
v 0.31878173 0.45724985 -0.23429796
v 0.30090201 0.44717374 0.27097562
v 0.31053028 0.45877177 -0.25537321
v -0.13274172 0.46889400 -0.37933254
v -0.48096818 -0.23012683 -0.11422744
v 0.40794799 0.18765524 0.00108811
v -0.49582088 0.47553074 -0.14863639
v 0.02739183 0.01329136 -0.60688865
v -0.28293011 0.10254864 0.28643161
v -0.53317457 -0.14786164 0.13805872
v -0.05325157 0.47553402 -0.52072930
v 0.54521167 0.04017837 -0.28291038
v -0.36386952 0.03739215 -0.17962979
v -0.37449616 0.47538415 -0.22396062
v 0.53102344 0.09514780 -0.33006078
v -0.38358927 0.15604222 0.49768755
v 0.04376967 -0.00226201 0.60400754
v 0.31029543 0.47520313 -0.41542226
v -0.43053302 0.44991887 -0.34857833
v 0.14806765 -0.10877242 -0.54805315
v -0.14965007 -0.20690584 -0.49006945
v -0.50288755 0.47023886 -0.20301463
v 0.60268456 0.32142016 0.06402679
v -0.15657331 0.05947503 0.36837301
v 0.40696219 0.44547427 -0.01392893
v 0.50752151 0.47553012 0.10862974
v 0.27621469 0.43057984 0.29923871
v -0.43258575 0.47143188 0.32374838
v -0.26845795 -0.10895878 0.50228387
v 0.36978874 0.03921964 0.15722255
v 0.49432817 -0.08108538 -0.30467832
v 0.20304322 0.46938711 -0.50401777
v 0.39826670 0.38865414 -0.42577544
v -0.04792735 -0.02846092 -0.59803498
v -0.37840620 0.44943497 0.13720092
v -0.01246598 0.01146534 -0.21466899
v 0.35961577 0.31686127 0.48998252
v -0.35788500 0.22245020 -0.20136905
v -0.01409555 0.01133539 0.21383430
v 0.28061190 0.37635085 0.29622513
v 0.33453402 0.46026388 0.22981282
v -0.37798554 0.47529483 0.36529735
v 0.00457529 0.01859970 0.58585900
v -0.42317387 0.26611406 0.45165250
v 0.39467070 0.44635707 0.06226764
v 0.35205352 0.05015878 -0.14512591
v -0.08327136 0.44714174 0.39408657
v 0.03191625 0.45287743 0.55383271
v -0.22131392 0.45352250 -0.50518996
v 0.25991696 -0.33582678 -0.28605041
v 0.18414372 0.18470500 -0.36914611
v -0.22684978 0.15698388 -0.58657908
v -0.15603839 0.13463128 0.37092382
v -0.00097035 0.01184073 0.58596677
v 0.54285544 0.46860892 0.04474302
v -0.54280943 0.46277183 -0.07578465
v 0.33043000 0.44726992 -0.20410584
v 0.18353179 -0.32071665 -0.36175659
v 0.01394323 0.00039292 -0.33370954
v 0.08152518 0.01058270 -0.37696525
v -0.23573537 0.01185429 -0.30466959
v 0.42659786 0.46988595 0.33407104
v 0.53010905 0.46749827 -0.12445765
v -0.33727363 0.01292444 -0.19613346
v -0.35732600 0.34842256 -0.20675600
v 0.38237485 0.04116280 0.10692608
v 0.25797743 0.02815893 0.29438859
v -0.39897323 0.18464822 0.09052906
v -0.16445035 0.42596292 0.37488881
v 0.31171745 0.02547971 -0.21689171
v -0.36928472 -0.35067776 0.01045151
v 0.47846878 0.47555190 -0.19426420
v 0.54113096 -0.15745340 0.06177600
v -0.37906444 -0.00370248 -0.47372705
v 0.59847075 0.09722351 -0.18214741
v 0.36253968 0.19730084 0.19253492
v -0.12153482 0.02147423 -0.36604348
v -0.21284460 -0.43326399 -0.03383562
v -0.52451712 0.29850984 0.32004112
v 0.53941315 0.46651012 -0.08264815
v 0.34027413 0.04984786 0.21999806
v 0.28039676 0.45777783 -0.29745987
v 0.19807476 0.04253310 0.33036751
v 0.14435156 0.47229925 -0.39085698
v -0.40244031 0.36722994 0.07648446
v -0.43202713 -0.28363907 0.12692788
v 0.01746647 0.00319283 -0.24593499
v 0.18312466 0.02525124 -0.36518794
v -0.38485000 -0.14329837 -0.39594114
v -0.59458613 0.32232973 -0.13508846
v -0.15788856 0.47180349 0.38918397
v 0.39600980 0.46558914 -0.05671878
v -0.27068469 0.15013538 0.56898153
v 0.12981544 0.47544160 0.38875011
v -0.04636277 0.47559196 0.51878011
v -0.21589796 0.01304516 0.31205571
v 0.59001648 0.15548643 0.21527207
v 0.46771422 0.47554436 -0.22675189
v 0.40155932 0.47556576 -0.32835165
v -0.22078277 0.15908763 -0.34041366
v -0.53055507 0.46831194 0.12626472
v 0.40725604 0.41148809 0.00990772
v 0.51092517 0.39616287 0.27445707
v -0.31186733 0.45712245 0.45306274
v -0.09127089 0.01148980 -0.35563308
v -0.50821191 0.35493827 0.31295294
v 0.37867197 -0.29793325 0.21453512
v -0.51512003 0.45985493 -0.18940736
v 0.14517261 0.45810381 -0.38091230
v 0.36011147 0.47113359 0.40012103
v 0.00558114 -0.45190552 -0.13339348
v 0.46849224 0.47547272 0.24139777
v -0.23322012 0.01931123 -0.32340559
v 0.13319249 0.39848667 -0.56347090
v 0.08862408 0.05088964 0.37409198
v 0.05179344 0.32077044 -0.60406590
v 0.00008903 0.47519472 0.43915379
v -0.36469531 0.02081447 -0.15811895
v 0.02080531 -0.00294326 0.56016672
v 0.44399571 0.47547692 0.27956468
v -0.10135613 0.44549510 -0.38426772
v 0.20162189 0.01764178 -0.30216649
v 0.15318505 -0.44823587 0.07829418
v -0.54005337 -0.00337435 0.27787486
v -0.38166079 0.01152676 0.00916110
v -0.35745719 0.19099927 -0.20089713
v 0.00921155 -0.46219632 0.06682045
v -0.16165286 0.38522214 0.37523308
v 0.26284871 0.44895896 0.48834601
v -0.00733406 0.37377799 0.40769958
v -0.30379269 0.47437730 0.42984769
v -0.56651813 -0.05311479 0.17258485
v 0.47437248 -0.22905138 -0.14175716
v -0.51913208 0.47504294 -0.10185513
v 0.19483307 0.02427301 0.30688950
v 0.24528801 0.01974825 -0.30416474
v 0.36234435 0.02425613 0.09112483
v -0.02940673 -0.10580011 -0.56893998
v 0.40785524 0.09021792 -0.00204480
v -0.30304310 0.03752423 0.25005448
v -0.08246359 0.02085640 0.37648940
v 0.01625113 -0.00105956 -0.09478750
v 0.49459094 0.47553799 0.16528797
v -0.30914930 0.01549734 -0.23375572
v -0.26186469 0.45576215 -0.48583144
v -0.40181407 0.28544825 -0.09093205
v 0.62052965 0.15480925 -0.09556650
v 0.18765809 0.47542605 -0.40174213
v -0.00989148 0.01154551 -0.34526545
v 0.13415676 0.47558105 -0.50521863
v 0.00203010 0.29808784 -0.41309187
v -0.25222376 0.01134447 0.26588532
v -0.41744438 0.46917030 -0.34853014
v -0.24549155 0.26674208 -0.32493344
v -0.35880330 0.01677557 0.13767457
v 0.28900015 0.03664725 -0.54562777
v 0.45466521 0.47554505 -0.25190568
v 0.26629901 0.35504147 0.30419913
v -0.39646077 0.02796768 -0.00049977
v 0.27795556 0.26659325 0.29856405
v -0.35755327 0.42274725 -0.20875190
v -0.15577246 0.09696530 0.36994809
v -0.20409542 0.03860710 0.33607823
v -0.01150210 -0.23529576 -0.48978636
v -0.01761439 0.03002791 0.39388058
v -0.09753133 -0.35348842 -0.35194671
v -0.48047397 -0.22037703 0.14376885
v 0.41908407 0.03676574 -0.45323294
v 0.36267611 0.27289924 0.19215593
v -0.39964539 0.47547230 -0.17399725
v 0.08801538 0.47555125 -0.42687744
v 0.21803120 -0.28188086 0.39447391
v 0.18426168 0.26030225 -0.36947268
v 0.01771128 0.24224976 -0.40963885
v -0.00497522 0.47531024 0.51843339
v -0.53102517 -0.17893010 0.03733149
v -0.50690573 0.47548208 -0.07755888
v -0.05574257 0.01734339 0.37961939
v 0.37187216 0.02899374 0.10669040
v 0.29714233 0.14900503 -0.55788356
v 0.32839131 0.23484980 0.52934009
v 0.14288922 0.05082054 0.35238376
v 0.39258662 0.45439035 0.38952759
v 0.37410203 0.46885395 0.16930537
v 0.40962943 0.28553879 -0.00273352
v -0.18603063 -0.03186931 -0.56942689
v -0.48778242 0.47441900 -0.21653724
v 0.22502710 0.47276008 -0.48906142
v -0.26420236 0.45886976 0.31581458
v -0.22676992 0.26672816 -0.34116885
v 0.30267939 0.09650256 -0.27100533
v 0.52388781 0.47535959 -0.04595025
v 0.52614981 0.47210705 0.12543993
v 0.18401146 0.41769668 -0.36960620
v -0.54846269 0.07692510 -0.29562941
v 0.51239705 0.15456331 0.36308303
v -0.36656225 0.44523078 -0.19137911
v 0.35381934 0.03540185 -0.13498126
v 0.30763415 0.05392849 -0.25847816
v 0.46982285 -0.01692225 -0.37804890
v -0.32854074 0.45849162 -0.44104522
v 0.26688933 0.09921268 0.30293503
v 0.25071216 0.47545722 0.33540115
v 0.02554960 0.47145399 0.41873753
v 0.50426924 0.47557124 -0.10513011
v 0.32834762 0.04616303 -0.20555171
v -0.23324676 0.19101287 -0.33670777
v -0.11670630 0.01148075 -0.34974211
v -0.23381402 0.21610993 -0.33710533
v 0.27156305 0.47562304 -0.43731999
v -0.24326451 -0.20374247 0.45399958
v 0.36250243 0.15949731 0.19254228
v 0.47164977 -0.15270765 0.27887824
v 0.21316719 0.05083700 0.32434708
v -0.42676684 0.47542602 -0.10987080
v 0.44098639 -0.28911975 -0.05153018
v 0.01786430 -0.00302860 0.21375020
v -0.27396923 0.17260788 0.29528296
v 0.52763343 0.45700839 0.15974742
v -0.35712731 0.07188626 -0.19690353
v -0.01512707 0.38034111 -0.40960616
v -0.32924590 0.03335379 0.20455334
v 0.01267224 0.20359497 0.40566272
v 0.53818321 0.00766958 0.27836046
v 0.33365044 0.16442920 0.53626752
v -0.39775515 0.11483569 0.08990248
v -0.30687314 0.45717022 -0.26513851
v 0.36233890 0.12169511 0.19255982
v 0.57202947 -0.10345630 -0.00971462
v -0.42017257 0.40532777 -0.39406332
v -0.20169157 -0.28888357 -0.39644694
v 0.31068534 0.35436377 0.50966287
v -0.35787871 0.26024306 -0.20265917
v 0.36233923 0.47522071 -0.18909410
v -0.29130688 -0.28839919 -0.33710653
v 0.44633743 0.45504603 -0.32448044
v -0.38050026 0.03393367 0.11617868
v -0.42772636 -0.07536483 -0.39667967
v 0.35685000 0.31828952 -0.49081838
v -0.18347780 0.04446650 -0.59133583
v -0.04096657 -0.46901396 -0.02971906
v 0.01555747 -0.00066523 -0.15791535
v -0.04862194 -0.29572716 0.43389636
v -0.23967762 0.47522521 -0.36260736
v 0.40435523 0.16393186 -0.01411595
v -0.31658536 0.01534345 0.20753679
v 0.32680547 0.03182707 -0.19358627
v -0.36960444 0.03722912 -0.16113138
v -0.20592426 0.15568678 0.59351641
v -0.37014917 0.46189621 -0.18740444
v -0.41449347 0.47549874 0.28262496
v -0.56598240 -0.08078649 -0.13282248
v -0.23973520 0.03600961 -0.32645637
v 0.02164771 -0.23504609 0.48971617
v -0.07651946 0.47556618 0.42687351
v -0.40393567 0.38354793 -0.09277733
v -0.36368915 -0.28660312 -0.25884035
v 0.49085045 0.45667389 -0.24981578
v 0.43078524 -0.16115512 0.32983667
v -0.38973904 0.47559702 0.33994228
v 0.38417739 -0.01663840 0.46478501
v -0.02758900 -0.18461412 -0.52578580
v -0.34644827 0.45964703 -0.42573223
v 0.03085530 0.02022300 0.56041402
v -0.52690935 -0.15524523 -0.14783934
v -0.23263276 0.44990757 0.50330293
v -0.49591425 -0.08387386 0.29941750
v -0.22917846 0.31908333 -0.56211573
v 0.34295863 0.47548360 0.39354309
v 0.01647015 0.00014181 -0.39236066
v -0.17177095 0.47019088 -0.51631647
v -0.20775820 0.46925202 -0.50171316
v 0.48659644 0.45849460 0.26318181
v -0.02819630 -0.46946079 0.03072786
v 0.59412730 0.03755365 -0.16298829
v -0.57641882 -0.09146388 0.01806222
v 0.31024846 0.47539565 0.30994979
v 0.13885285 0.35846749 -0.57920372
v -0.33022019 0.09601811 -0.53139347
v 0.60049438 0.31933829 -0.08617783
v -0.01403486 0.01137617 0.26427692
v 0.27716267 0.47547033 -0.35292935
v -0.38161954 -0.16445424 0.38483796
v 0.54083419 0.16323459 -0.32641754
v -0.20144480 -0.00298776 0.57227921
v 0.41821730 0.40343052 0.39721712
v -0.61255813 0.13984548 -0.15232207
v 0.01464956 0.39225191 0.40653974
v 0.34402597 0.03789151 -0.16141693
v -0.17690492 0.28804460 -0.59014231
v 0.01978914 0.27517921 0.61719459
v 0.38755292 0.03538887 -0.04414564
v 0.42259946 -0.08861423 0.39436063
v 0.60731578 0.22944956 0.14254096
v 0.18164895 0.46935070 0.34500381
v 0.36124575 0.47549090 0.23562029
v 0.07425762 -0.38292459 -0.31619039
v -0.54074603 0.44674274 0.12801886
v -0.46346021 0.17064874 -0.42879301
v -0.06468485 0.32032526 0.60288346
v -0.42562881 0.47536156 0.02470583
v -0.29123881 -0.12876742 -0.47897407
v 0.56114900 0.40515879 0.13073120
v -0.45393401 0.23410036 -0.42702231
v 0.45609438 0.09544291 0.42788333
v 0.11300892 0.46015194 -0.53981715
v -0.37176409 0.31947467 -0.47926816
v 0.08793159 0.46670938 -0.53944069
v -0.40436536 0.44634190 0.02362467
v 0.54135036 0.44675568 -0.12438875
v 0.50273699 0.46840426 -0.20794973
v -0.15934104 0.24768697 0.37216762
v 0.31889567 -0.16214591 0.43868557
v -0.62802500 0.15551284 -0.03120132
v -0.54251093 0.46284059 0.07498491
v 0.29994321 -0.00679653 -0.52669626
v 0.54893732 0.32064459 -0.25736377
v 0.43811145 -0.01294222 0.41683757
v 0.27705079 -0.14800034 -0.47567087
v -0.26129198 0.47562051 0.44982621
v -0.07558735 0.47531936 -0.52086836
v -0.25354815 0.03733375 -0.31122020
v 0.51772356 0.47559583 0.04916966
v 0.29757145 0.24770457 -0.28332737
v 0.37592733 0.02414021 0.05129178
v -0.15180479 0.02792010 0.36867496
v -0.15687571 0.17208052 0.37158564
v 0.02016050 0.14217556 -0.40910947
v -0.19517066 0.02418001 0.33841640
v -0.38081098 0.47328418 -0.18305464
v 0.49260643 0.02098947 -0.35434851
v -0.42551041 0.07732013 0.45520735
v -0.36289439 0.47539249 0.21385078
v 0.00569815 0.00837369 0.39968386
v 0.26277658 0.47534567 0.45725849
v 0.35338521 0.45570284 -0.14821714
v -0.59040481 0.36989558 0.01964011
v -0.53973824 -0.16153723 -0.05450119
v -0.29021636 0.02165374 0.54217029
v -0.01816034 0.38992646 -0.58213311
v 0.35810480 -0.23075189 0.34039459
v -0.01303512 -0.46156558 -0.09511925
v -0.45761386 0.10796888 -0.42884207
v 0.07451913 0.03489406 0.37895262
v -0.03878305 0.15440398 -0.63012469
v 0.01540000 -0.00041008 -0.18947761
v 0.28222492 0.02467411 0.25259560
v 0.12887146 0.31287262 -0.59823078
v -0.15810601 0.20977870 0.37188137
v 0.11586342 0.02668378 -0.60184413
v -0.13220753 0.01145132 -0.34198326
v -0.58544046 0.15685751 -0.22716403
v -0.59663236 -0.01073155 -0.10109036
v 0.34498394 0.46662512 0.21963084
v -0.23273313 0.34215614 -0.34072927
v -0.06012616 -0.39091349 0.30416614
v -0.32999387 0.22353448 -0.53034997
v -0.04450431 0.47297549 -0.41468629
v -0.55127048 0.46011531 0.02481407
v 0.62361515 0.15624255 0.07541298
v 0.42816520 0.21281563 -0.45644280
v -0.34188965 0.03875850 0.18289745
v 0.37916207 -0.33590722 0.08080012
v 0.01485350 0.33027810 0.60629487
v 0.19137490 0.31908083 -0.57619411
v 0.60029286 0.00576109 0.10202418
v 0.40823963 0.03101068 0.45571312
v 0.01757421 -0.00209722 0.07519890
v -0.21504951 0.47526437 0.48055628
v 0.26166478 0.44678912 -0.31097230
v 0.41619670 0.32351461 -0.44479048
v -0.09502930 0.01666480 0.37070504
v -0.40056303 0.22202276 -0.08918539
v -0.01328347 0.01141742 -0.11376808
v 0.01798131 -0.00366806 0.29562122
v -0.11083948 0.24482538 -0.37650117
v 0.11207537 0.45405075 0.54024774
v -0.01693438 0.07069711 -0.62186766
v -0.33646372 0.15389274 0.53136271
v 0.35704148 -0.21678658 -0.35316160
v -0.40192276 0.41062424 0.09341810
v -0.39931515 0.16034326 -0.08735044
v 0.16588825 0.01862543 -0.11541545
v 0.16635060 0.00708380 0.58443129
v -0.03420177 0.11852898 0.39336061
v -0.14036147 -0.07783033 0.56366676
v -0.16069768 0.34117043 0.37430701
v 0.56948304 -0.01178017 0.19782707
v 0.36230767 0.42984539 0.19116014
v -0.47913274 0.45715016 0.27303651
v -0.15073125 -0.38301641 0.28638771
v -0.39745876 0.36741892 0.10043295
v -0.26548794 0.47538534 -0.45712745
v -0.09041039 -0.02817787 0.59148902
v -0.00347070 -0.43967658 0.19219881
v -0.51499104 0.46384227 0.18724340
v 0.28485110 0.03739352 0.28620675
v -0.22063920 0.01134511 0.28830805
v 0.60328937 -0.01711176 -0.03560542
v 0.23901014 -0.01561000 0.55325824
v 0.22594926 0.15644449 -0.58596110
v 0.03182138 -0.12942475 -0.55578476
v -0.50489664 0.45500454 0.22042005
v -0.11308040 0.15682901 -0.61785096
v -0.35652861 0.15985370 -0.20077755
v 0.30823600 0.47444299 0.29563600
v -0.58273369 0.32362205 0.17795108
v -0.21041128 0.44653478 0.34749290
v -0.17654325 0.03172739 0.35441142
v -0.10803292 0.45850575 0.38979194
v -0.01398959 0.01137498 0.00590286
v -0.35678130 0.11502249 -0.19899540
v 0.02764274 -0.40658107 -0.27230048
v -0.28118441 -0.04773115 0.52304530
v 0.01043672 0.25408193 0.40691859
v -0.43542770 0.35788867 -0.40651977
v -0.57614195 0.31958729 -0.19082029
v -0.14507465 0.09496021 0.60842514
v 0.40275437 0.45880857 0.03165805
v 0.60551435 0.15749064 -0.18144381
v -0.43601629 0.14913107 0.45710328
v 0.20786385 -0.17678136 0.48941064
v 0.11373244 -0.26591387 -0.45046246
v 0.12986213 -0.40469310 0.24969943
v 0.39560625 0.45344028 -0.38752940
v 0.35631293 0.02433132 0.11452052
v -0.29695156 -0.39658052 0.05385919
v 0.35249558 0.46703243 -0.15839791
v -0.27225253 0.31097254 0.30309826
v -0.50898850 0.31957096 -0.33086872
v -0.29508486 0.24194030 0.54763627
v -0.10693079 -0.44894686 0.13220465
v -0.39661744 0.03017601 0.04667256
v -0.35060567 0.31909999 0.49504489
v 0.21793465 0.47097829 -0.35344514
v -0.14415711 0.20941788 0.60961634
v -0.59215301 -0.02351070 0.09162150
v 0.24184527 0.31928024 0.55631971
v -0.26186624 -0.23174234 -0.41804358
v 0.18086521 0.27921367 0.58990365
v 0.25100040 -0.41744983 0.02378857
v 0.28464648 0.10922235 0.28970617
v 0.40730166 0.41162887 -0.01271184
v 0.37656713 0.02391603 0.02026275
v 0.54715991 -0.02412763 0.25068700
v 0.46361250 0.15609133 -0.42490402
v -0.02580896 0.46577519 -0.54823172
v 0.27109390 -0.07612328 -0.51538187
v -0.59705222 0.08621231 0.18193330
v -0.36308309 -0.34371153 0.10602993
v 0.56877190 -0.07982405 0.11246751
v 0.50330055 -0.15657930 0.20920990
v -0.39693061 0.03661505 0.02454748
v -0.62133110 0.15480123 -0.09673459
v 0.33020419 0.47552383 -0.28146455
v 0.40027833 -0.29066190 -0.19024920
v 0.34590471 0.47565201 -0.38549459
v -0.61158109 0.31579122 0.01976652
v 0.33065793 0.09530525 0.53081572
v -0.40293303 0.34227893 -0.09272143
v -0.03191009 0.47165999 0.41509277
v 0.29118025 0.47264251 -0.45070806
v 0.16907704 0.38601774 0.55897373
v -0.32837474 -0.16669559 -0.42752227
v -0.33043963 0.31989694 -0.51305646
v 0.00510756 -0.39366078 0.29965559
v 0.17611286 -0.07731668 0.55447835
v -0.22429673 -0.16390207 -0.49279958
v 0.07679845 0.15648527 0.62351692
v 0.07216550 -0.46549395 0.02522497
v 0.08603248 0.15541813 -0.62254113
v 0.52403164 0.03922452 -0.32758176
v -0.06389450 0.44597113 -0.39582363
v 0.11204080 0.47535607 -0.41268697
v 0.00075511 0.46880406 0.41906670
v -0.00306556 0.26450959 -0.41138434
v 0.56867439 -0.04830163 -0.17070450
v -0.40112856 0.46865019 0.36851421
v -0.32857755 -0.24505556 0.35329461
v 0.37526381 -0.14364678 -0.40516120
v 0.05068800 0.47555616 0.51738912
v 0.11409978 -0.35325673 0.34760103
v 0.49677396 0.38513079 -0.30779222
v 0.42391810 -0.28378621 0.14567503
v 0.14956512 0.46427527 -0.52806044
v -0.56808257 0.00177386 0.21482690
v -0.40402940 0.44529551 0.05115377
v 0.13129379 -0.06336130 -0.57326090
v 0.54097563 0.45824125 0.11523447
v -0.12080990 -0.18514194 0.51324892
v 0.03182750 -0.00425840 0.59985900
v -0.26807338 -0.39393753 -0.15079027
v -0.50267500 0.41831821 -0.27014455
v 0.29746732 0.21619944 -0.28345907
v 0.05831346 0.01430286 -0.01294972
v -0.03895483 -0.29254431 -0.43944645
v 0.29730296 0.19099735 -0.28349084
v 0.40984884 0.31698722 -0.00293086
v -0.48629525 0.15794608 0.39712864
v -0.40108082 -0.08325605 0.41821450
v -0.27507609 0.38801226 0.30470163
v 0.07032257 0.01802900 0.17583293
v 0.58215755 0.35384515 0.13447784
v 0.11289881 -0.21291041 -0.49439287
v -0.28900957 0.17090310 0.27999821
v -0.12208977 -0.28757787 -0.43073386
v 0.18406658 0.34231588 -0.36988842
v -0.42667025 0.47537628 -0.04909826
v 0.15296936 -0.14255472 0.53156793
v -0.45010385 0.29225770 -0.41962120
v 0.15239058 0.16337469 -0.61361653
v 0.18148485 0.22314796 0.59761047
v 0.40704870 0.47230759 -0.35087734
v -0.08266352 0.46889055 -0.53768003
v -0.29418454 0.01150782 -0.23045312
v 0.21342286 0.02452337 0.29348984
v -0.23934001 0.12775560 -0.32883847
v -0.30672690 0.01138593 0.17575559
v 0.30409163 0.02187026 -0.17390154
v -0.55439615 0.42215434 -0.12701569
v 0.05977628 0.44594377 0.38854539
v -0.60090876 0.03765450 -0.14512989
v -0.04420042 -0.44954771 -0.16583456
v 0.01866078 0.00043597 -0.12645793
v -0.19817737 -0.34252241 -0.32445842
v 0.29656813 0.08884913 -0.54982209
v 0.30647290 0.02467348 0.22769244
v -0.32026133 0.01138514 0.16114759
v 0.27529031 0.47444868 -0.32625872
v -0.44863918 -0.16140050 0.30623814
v -0.14273950 0.27513281 0.60103536
v 0.60244524 0.05507990 0.14874424
v 0.59119278 0.36774394 -0.01901301
v 0.35273275 -0.00544006 -0.49296844
v 0.01316397 0.15556893 -0.62986052
v 0.31664801 0.06012606 0.24943702
v -0.60807139 0.00644667 0.03130753
v -0.36720777 0.01518255 0.11960676
v 0.56160325 0.14623600 0.28892720
v 0.29288530 0.26621014 -0.54521471
v 0.09487601 -0.17329761 0.52581286
v -0.13879471 0.44628343 0.38241544
v 0.41554812 -0.15949567 -0.35027060
v -0.62263650 0.07617951 0.01911553
v -0.52987105 0.22942741 0.32907024
v 0.32622176 0.44709525 0.23862526
v 0.34842050 0.47544295 -0.22860488
v 0.18425798 0.22249931 -0.36930415
v -0.06392328 -0.15538889 0.54204941
v -0.02470684 0.01140242 -0.36960632
v 0.36264324 0.31067619 0.19211546
v -0.16897580 0.47545743 -0.39154547
v -0.41791162 0.15555589 -0.46944922
v 0.29251182 0.46128607 0.28463456
v -0.49405009 0.44629192 -0.26076329
v -0.49477845 -0.16319838 0.22039123
v -0.14059626 0.33200720 0.59035295
v 0.51665348 0.46873888 -0.17112719
v 0.14392133 -0.38326293 -0.28926989
v 0.15701519 -0.45278302 -0.00771967
v 0.13197872 0.15663588 0.61466479
v 0.34030658 0.02312895 -0.08849272
v -0.56924856 0.15738527 0.26521662
v -0.35452512 0.01145231 -0.13858795
v -0.60261840 0.26640677 -0.14065972
v -0.01233525 0.01148907 -0.26511985
v -0.23642412 0.36598632 -0.33724043
v 0.03378763 -0.06461370 -0.58217847
v 0.43870386 -0.22815099 0.23000945
v -0.18211873 0.21671098 -0.59829509
v 0.27988118 0.36900938 -0.52079093
v -0.01405877 0.01134521 0.16968313
v 0.50124586 0.47292352 0.18832605
v -0.40515354 0.45693094 -0.01718775
v 0.01562032 -0.34911427 0.36955917
v 0.50208741 0.31806481 0.34123987
v 0.14311649 0.09230580 -0.60850918
v -0.52711755 0.05982321 0.32806641
v 0.29090425 0.33588436 -0.28807625
v 0.44028881 -0.19316137 -0.28048033
v -0.53569382 0.15062211 0.33579367
v -0.38264287 0.46536139 -0.15827817
v 0.58594751 0.32872844 -0.15521330
v -0.24072596 0.44724521 0.32872874
v 0.51539791 -0.15570821 -0.17732300
v -0.16333281 -0.11867020 -0.54026139
v -0.01401114 0.01135852 0.10034536
v -0.40861768 0.46724439 0.05621744
v -0.39256361 0.41384661 0.41667581
v 0.24628776 -0.41629511 -0.06769263
v -0.37302577 0.01143139 -0.09156884
v -0.17266071 0.33806112 -0.57880932
v 0.41584027 0.15493725 -0.47409508
v 0.18414260 0.38632920 -0.36991891
v 0.18727663 0.01680214 -0.32037306
v 0.59714502 0.22848219 -0.18037452
v 0.61136150 0.31485096 -0.01513566
v -0.16448428 0.01134748 0.32805026
v 0.00725502 -0.15823154 0.54492778
v 0.28495675 0.20989245 0.28987890
v 0.38254154 0.44638193 0.11278573
v -0.29027632 0.33109543 0.53280270
v -0.27713192 -0.34201875 -0.26070035
v 0.50114131 0.45882961 0.22748010
v 0.25101134 0.01908856 -0.27655211
v -0.61780584 0.15599486 0.11258242
v 0.04850063 -0.02022720 0.60011441
v 0.14294463 -0.28347373 0.42430082
v -0.49342042 -0.00248827 0.35518190
v 0.30277053 0.13436782 -0.27101055
v 0.02235958 0.00678101 -0.27649567
v 0.40636468 0.14693241 0.00630744
v 0.39869961 0.05069279 0.03836357
v 0.36208123 0.40516654 0.19261010
v -0.07337784 0.46225718 0.54323161
v -0.57313567 -0.00707971 -0.19697726
v -0.39724210 0.08361970 0.08894620
v 0.26776695 0.21002595 0.30309004
v 0.40060195 0.15591195 0.48355055
v 0.29721040 0.39141774 -0.28202489
v -0.60928261 0.21037951 -0.14467132
v 0.47862354 -0.00701745 0.37238309
v -0.05061896 0.01211595 -0.37533191
v 0.01766424 -0.00228294 0.10032370
v -0.35753876 0.30425996 -0.20474310
v 0.39734703 -0.07679091 -0.42643869
v -0.39047080 0.02031917 0.03102246
v -0.09149324 0.03653360 -0.37874189
v 0.14360218 0.24375229 -0.60513556
v -0.51549596 -0.07659879 -0.27164388
v 0.07986145 0.47545180 0.41324440
v 0.22016536 0.47392184 0.48611030
v 0.00835831 -0.45225295 0.14345965
v -0.55244708 0.32010338 0.24993502
v -0.43848047 -0.29442975 -0.02094927
v -0.11306552 -0.45738590 -0.07482033
v -0.05097219 -0.40425467 -0.28078097
v 0.51749164 0.47546449 -0.07644331
v -0.12514734 -0.00613170 -0.59363246
v -0.63148713 0.15453073 0.03081277
v 0.26086587 -0.36387938 0.23577711
v -0.31287581 -0.15740985 0.44636363
v 0.09877194 -0.44910780 -0.13681492
v -0.02487242 0.31859985 -0.61060834
v 0.18426064 0.29806265 -0.36964816
v 0.03322455 -0.29670405 0.43584430
v 0.06110853 0.01543036 0.05685300
v 0.51270300 0.00846611 0.32736191
v 0.45334408 0.23001255 0.42832664
v 0.50132227 -0.21895665 -0.01736390
v 0.41138908 0.47552821 0.13071041
v -0.38849908 -0.29579863 0.20272005
v 0.14856803 0.44723749 0.35255545
v -0.01200034 -0.33477324 -0.38772619
v 0.08071712 -0.16148889 -0.53606516
v 0.29676530 0.21108124 -0.55142754
v -0.32559553 0.02988717 -0.52397615
v 0.46659425 -0.13256109 -0.30575320
v -0.34510925 -0.33501223 -0.18121968
v 0.12824456 0.44492942 -0.38386822
v 0.23231357 -0.41445032 0.11607963
v 0.31141123 -0.38468957 -0.07059433
v 0.16300218 0.03047320 -0.59172559
v -0.31023851 -0.38696593 -0.07284567
v 0.01848713 -0.43661714 -0.20195349
v 0.29070309 -0.10990106 0.48889494
v -0.18560889 -0.32858628 0.35177049
v -0.42932522 0.21130791 0.45584428
v -0.52875531 0.46074304 -0.15196216
v -0.36242074 -0.22543174 -0.34162962
v -0.40050918 0.27917302 0.09131757
v -0.16047557 0.29150552 0.37313268
v 0.40002558 0.31868961 0.45645037
v 0.37683308 0.45259163 -0.08935948
v -0.35911405 0.00041633 0.49013397
v 0.19013399 -0.35945454 0.30364755
v -0.11197869 -0.24106322 0.47227645
v -0.45463982 0.31957299 0.40202719
v 0.50985348 -0.08592269 0.27445149
v 0.52824175 0.24113281 -0.32876188
v 0.37451124 0.47266388 -0.13284554
v -0.54255784 0.00291141 -0.28084320
v -0.27464604 0.47549817 -0.33769718
v 0.02187533 -0.03364309 0.59718603
v 0.09142931 -0.33116406 -0.38163826
v 0.01181371 0.22883303 0.40621516
v -0.14497595 -0.45471457 0.02497572
v 0.18239081 -0.22919755 -0.45569944
v -0.31722909 -0.05059205 -0.50191188
v 0.30181247 0.31875005 -0.53025162
v 0.38905331 0.04854445 -0.05087648
v 0.36175406 0.08408331 0.19272351
v -0.62261283 0.23526604 0.02124490
v -0.42025408 -0.23040521 0.26013187
v -0.23311606 0.31696856 -0.33986762
v 0.01892612 0.15518619 0.63134885
v 0.60842669 0.00748720 0.03031551
v -0.13411039 -0.29162750 0.42058575
v 0.03769515 0.47554091 -0.43917084
v 0.00176118 -0.37985465 -0.32472053
v 0.42394629 -0.29270211 -0.12255900
v 0.54136616 0.30034119 0.29057130
v 0.31008849 -0.36150765 0.16765870
v 0.58050168 0.30608422 -0.19464988
v -0.49813136 -0.15009283 -0.23122050
v 0.45483482 0.03276745 0.41582394
v -0.37640059 0.01142876 0.06265073
v 0.46855807 0.31888080 0.38739300
v 0.55064017 0.18767218 0.30433446
v -0.31211874 0.36886427 -0.50217456
v 0.29655975 0.16580465 -0.28350616
v 0.50160140 0.15501526 -0.37843263
v 0.31546149 0.29913622 0.52637261
v -0.21397293 -0.39628670 -0.21219233
v 0.31675515 -0.34501013 -0.20339648
v 0.33712423 0.45521826 -0.43601093
v 0.20740671 0.46619779 -0.35568663
v -0.39635837 0.02793373 -0.05074115
v -0.46333158 -0.26680490 0.03472932
v 0.27826130 0.40517631 0.29862407
v -0.29813549 -0.37272671 0.16373709
v 0.47084191 0.31805956 -0.38285884
v -0.42372099 -0.29965931 -0.09649729
v 0.38705939 0.46802840 -0.08108511
v 0.26474893 -0.21749620 0.42915285
v -0.39028549 0.46330878 -0.13719735
v -0.40101585 0.32319438 0.09226771
f 1525 1538 1611
f 1611 1538 1278
f 1955 761 1903
f 1889 1955 1903
f 1795 1889 1626
f 1626 1889 1525
f 1889 1903 1525
f 1525 1903 1978
f 1525 1978 1538
f 1163 1626 1549
f 1549 1626 1525
f 1611 1549 1525
f 765 1530 703
f 1278 765 703
f 1278 703 1996
f 1449 1611 1992
f 1992 1278 1908
f 1992 1611 1278
f 1908 1278 1996
f 996 1511 1362
f 1903 996 1978
f 1978 996 765
f 765 996 1943
f 1538 1978 1278
f 1978 765 1278
f 761 1511 996
f 1903 761 996
f 1511 761 37
f 1932 1530 1876
f 1876 1530 1508
f 1996 703 1932
f 1937 1932 1765
f 1344 1908 1996
f 1937 1996 1932
f 1937 1344 1996
f 1700 1344 1937
f 1943 1712 1508
f 1712 1943 1737
f 765 1943 1530
f 703 1530 1932
f 1530 1943 1508
f 996 1362 1943
f 1362 1737 1943
f 37 1347 1511
f 1511 1962 1362
f 1347 1962 1511
f 1962 1575 1737
f 1362 1962 1737
f 1347 1930 1962
f 1700 1937 1351
f 1351 1937 1765
f 1508 1798 1876
f 1798 1508 1504
f 1987 1876 1798
f 1765 1932 1876
f 1765 1876 1987
f 1508 1712 1504
f 1712 1737 1575
f 1712 1575 1741
f 1930 249 1962
f 1962 249 1575
f 1575 249 1741
f 249 1859 1741
f 249 1459 1859
f 1199 1765 1987
f 1199 1351 1765
f 1199 1987 630
f 1199 630 1796
f 1351 1199 1909
f 1960 1351 1909
f 1798 1439 630
f 1439 1504 1779
f 1504 1439 1798
f 630 1987 1798
f 1712 1294 1504
f 1294 1712 1741
f 1294 1779 1504
f 1741 1859 1294
f 1294 1859 1265
f 1859 1459 1912
f 1796 630 1910
f 1910 1938 1796
f 1938 1910 1686
f 1909 1199 1796
f 1615 1909 1796
f 1615 1796 1384
f 1514 1960 1909
f 1514 1909 1615
f 979 1514 1615
f 1112 1514 979
f 1769 1439 1779
f 1769 1927 1439
f 1439 1973 1910
f 1973 1439 1927
f 1910 630 1439
f 1686 1910 1973
f 1294 1437 1779
f 1779 1437 1769
f 1437 1294 1535
f 1265 1535 1294
f 34 1265 1411
f 1265 34 1535
f 1411 1066 34
f 34 1114 1535
f 1066 1114 34
f 1859 1411 1265
f 1912 1411 1859
f 1912 1307 1411
f 1912 960 1307
f 1307 525 1411
f 1307 133 525
f 1307 1141 133
f 1240 1141 1307
f 1066 1411 1241
f 525 1241 1411
f 133 1241 525
f 1549 1611 1449
f 1283 1549 1449
f 1829 1405 1283
f 1283 1449 1440
f 1549 1810 1163
f 1710 1810 1549
f 1710 1549 1283
f 1405 736 1710
f 1759 736 1405
f 1405 1710 1283
f 1397 1405 1540
f 1397 1759 1405
f 1540 1405 1829
f 1882 1397 1540
f 1992 1908 1344
f 1359 1344 1723
f 1359 1992 1344
f 1440 1449 1992
f 1359 1440 1992
f 1967 1359 1925
f 1967 1440 1359
f 1967 1829 1440
f 1829 1283 1440
f 1540 1829 1803
f 1803 1829 1967
f 1773 1803 1556
f 1773 1540 1803
f 1773 1882 1540
f 442 1882 1773
f 1700 1723 1344
f 1925 1359 1723
f 1994 1925 1723
f 1994 1723 1700
f 277 1925 1994
f 277 1967 1925
f 1556 1967 1752
f 1752 1967 277
f 1752 277 778
f 1556 1803 1967
f 1915 1556 1752
f 1773 1556 1915
f 1948 442 1773
f 1302 1773 1915
f 1948 1773 1302
f 1687 1948 1302
f 1687 1612 1948
f 48 1700 1351
f 48 146 1700
f 1994 1700 146
f 277 1994 682
f 778 277 682
f 682 1994 146
f 1940 778 682
f 160 1752 778
f 160 778 1940
f 1484 1915 1752
f 1484 1752 160
f 1302 1915 1484
f 266 1302 1484
f 1612 1687 1558
f 1687 1302 1659
f 1558 1687 1659
f 48 1351 1960
f 1705 48 1960
f 951 146 48
f 1705 951 48
f 847 1664 951
f 682 146 951
f 1664 682 951
f 1940 682 1664
f 21 1940 1664
f 1971 1940 21
f 21 1664 1629
f 1971 160 1940
f 1950 160 1971
f 1950 1484 160
f 266 1484 1950
f 1763 266 1950
f 1659 266 1763
f 1822 1659 1763
f 1659 1302 266
f 1219 1558 1659
f 1667 1219 1659
f 1705 1960 715
f 1547 1960 1514
f 715 1960 1547
f 1112 1547 1514
f 1400 715 1547
f 1112 1076 1547
f 1076 1400 1547
f 113 715 1400
f 847 951 1705
f 847 1705 242
f 242 1705 715
f 1668 847 242
f 113 242 715
f 1906 242 113
f 1668 242 1906
f 1739 1629 847
f 310 847 1668
f 1739 847 310
f 1629 1664 847
f 1848 21 1629
f 1516 21 1848
f 1848 1629 1739
f 1516 1971 21
f 1919 1516 1848
f 1516 1950 1971
f 1822 1763 1950
f 1527 1950 1516
f 1822 1950 1527
f 1527 1516 1919
f 1872 1822 1527
f 1098 1822 1872
f 1667 1659 1822
f 1095 1667 1822
f 872 1667 1095
f 1095 1822 1098
f 965 872 1095
f 872 965 660
f 1727 1560 1795
f 1817 1626 1163
f 1817 1795 1626
f 1817 1727 1795
f 1587 1727 1817
f 1894 1560 1727
f 1838 1894 1727
f 1966 1727 1587
f 1966 1838 1727
f 1117 1838 1966
f 1731 1117 1966
f 1468 761 1955
f 1795 1468 1889
f 1625 1468 1795
f 1468 1955 1889
f 1560 1625 1795
f 1245 1150 1468
f 403 1150 1245
f 1625 1245 1468
f 1625 403 1245
f 1894 1625 1560
f 771 1703 403
f 215 403 1625
f 1690 1625 1894
f 1690 215 1625
f 1838 1690 1894
f 215 771 403
f 1363 1690 1838
f 1117 1363 1838
f 215 775 771
f 984 775 215
f 771 775 1703
f 231 1690 1363
f 231 215 1690
f 231 984 215
f 1381 984 231
f 1610 1117 1731
f 231 1363 1117
f 1329 231 1117
f 1329 1793 231
f 365 1117 1610
f 365 1329 1117
f 1381 1183 984
f 1183 1766 984
f 1183 1828 1766
f 757 806 1793
f 1793 1381 231
f 1942 1381 1793
f 1793 806 1942
f 1942 590 1381
f 767 590 1942
f 470 1942 806
f 470 767 1942
f 757 470 806
f 757 1407 470
f 1381 1295 1183
f 441 1295 1381
f 590 441 1381
f 817 1329 365
f 817 935 1329
f 464 817 365
f 1089 464 365
f 1329 757 1793
f 461 757 1329
f 935 461 1329
f 1089 1254 464
f 461 1407 757
f 935 132 461
f 817 132 935
f 464 132 817
f 464 1254 132
f 461 1450 1407
f 132 1450 461
f 1035 1347 37
f 1150 1035 761
f 1150 761 1468
f 1150 1616 1035
f 1035 37 761
f 1572 1826 1616
f 1150 1572 1616
f 1577 1826 1572
f 1783 114 1577
f 666 1577 1150
f 403 666 1150
f 403 1703 666
f 1577 1572 1150
f 666 1783 1577
f 1783 1689 114
f 984 1703 775
f 984 666 1703
f 1766 762 984
f 1503 1689 666
f 984 1503 666
f 984 1292 1503
f 762 1292 984
f 666 1689 1783
f 340 1847 1529
f 762 59 1292
f 625 59 762
f 1292 1178 1503
f 1292 646 1178
f 1426 646 1292
f 59 1426 1292
f 59 174 1426
f 625 174 59
f 625 491 174
f 174 866 1426
f 491 866 174
f 200 1828 1183
f 1460 200 1183
f 1295 1460 1183
f 1828 1055 1766
f 200 14 1828
f 1146 14 200
f 1766 1055 762
f 14 1055 1828
f 693 1055 14
f 200 1009 1146
f 1460 1009 200
f 217 762 1055
f 693 217 1055
f 14 1238 693
f 1146 1238 14
f 1009 1238 1146
f 217 625 762
f 693 2 217
f 1238 2 693
f 2 625 217
f 2 491 625
f 1009 250 1238
f 1238 1287 2
f 250 1287 1238
f 767 441 590
f 767 1280 441
f 470 1280 767
f 1295 622 1460
f 441 622 1295
f 1280 622 441
f 1407 1280 470
f 1407 1450 1280
f 622 1009 1460
f 1450 1488 1280
f 1280 467 622
f 1280 1488 467
f 622 1443 1009
f 622 467 1443
f 1443 250 1009
f 1488 1162 467
f 1488 300 1162
f 132 1781 1450
f 1254 929 132
f 1450 893 1488
f 1450 1781 893
f 929 1781 132
f 893 122 1488
f 929 288 1781
f 85 340 1529
f 556 340 85
f 642 1166 85
f 1166 556 85
f 348 340 556
f 348 751 340
f 300 642 849
f 300 122 642
f 122 300 1488
f 122 1166 642
f 122 285 1166
f 893 285 122
f 285 556 1166
f 285 348 556
f 1781 285 893
f 1781 348 285
f 1781 751 348
f 751 288 340
f 288 751 1781
f 288 1847 340
f 288 44 1847
f 929 44 288
f 1616 1826 1035
f 1826 1552 1347
f 1826 1347 1035
f 1826 1084 1552
f 1552 1930 1347
f 1184 837 70
f 837 624 70
f 837 233 624
f 70 192 1184
f 192 70 616
f 627 1184 1157
f 627 837 1184
f 627 1685 837
f 1685 1493 837
f 616 699 192
f 1157 1417 126
f 1184 1417 1157
f 192 1417 1184
f 627 1157 43
f 1208 1097 417
f 784 1097 1208
f 784 869 1097
f 869 1019 1097
f 254 869 784
f 1208 473 983
f 417 473 1208
f 417 873 473
f 1521 1391 384
f 1521 1180 1391
f 1521 784 1180
f 784 983 1180
f 784 1208 983
f 1493 784 1521
f 1685 784 1493
f 1685 254 784
f 473 1837 983
f 384 1391 858
f 1391 1837 858
f 1391 1180 1837
f 1180 983 1837
f 233 280 624
f 233 1286 280
f 1286 384 280
f 1286 1521 384
f 1493 1286 233
f 1493 1521 1286
f 873 1837 473
f 624 280 1337
f 280 384 858
f 1493 233 837
f 280 306 1337
f 858 306 280
f 70 1337 616
f 624 1337 70
f 306 616 1337
f 1837 306 858
f 306 699 616
f 499 1432 950
f 1097 1019 766
f 1019 111 766
f 1019 1991 111
f 1019 499 1991
f 869 499 1019
f 499 1726 1432
f 417 98 1864
f 766 98 417
f 98 111 589
f 111 98 766
f 1991 589 111
f 1991 1115 589
f 499 1115 1991
f 499 769 1115
f 769 950 531
f 950 769 499
f 1432 531 950
f 1097 766 417
f 1864 873 417
f 589 1864 98
f 1115 1864 589
f 1084 1164 1552
f 1630 1164 1084
f 1646 1655 254
f 1678 254 1685
f 1399 254 1678
f 869 1726 499
f 254 1655 869
f 114 1580 1577
f 1826 1630 1084
f 1577 1630 1826
f 1577 1580 1630
f 1580 1062 1630
f 1580 1738 1062
f 1311 254 1399
f 1311 1646 254
f 1506 1646 1311
f 1506 1419 1646
f 1898 1419 1506
f 1738 462 1062
f 1503 114 1689
f 1503 1580 114
f 1503 614 1580
f 614 1983 1580
f 614 4 1983
f 1580 1983 1738
f 1037 1004 1338
f 1037 1046 1004
f 1338 1733 1898
f 1004 1733 1338
f 1004 1529 1733
f 150 1529 1004
f 1898 1733 1419
f 1529 1358 1733
f 1529 1582 1358
f 1847 1582 1529
f 1178 614 1503
f 5 1536 614
f 15 5 614
f 1474 4 614
f 1536 1474 614
f 5 118 1536
f 1188 1474 1536
f 118 1188 1536
f 118 164 1188
f 1188 500 1474
f 1474 1094 4
f 500 1094 1474
f 1188 883 500
f 164 883 1188
f 646 651 1178
f 646 1032 651
f 1426 1032 646
f 1426 1045 1032
f 866 1045 1426
f 1178 15 614
f 1178 1149 15
f 651 1149 1178
f 651 714 1149
f 1032 714 651
f 1045 714 1032
f 1149 5 15
f 1149 1137 5
f 714 1137 1149
f 866 1198 1045
f 5 488 118
f 1137 488 5
f 1045 1198 714
f 488 164 118
f 714 1956 1137
f 1198 1956 714
f 488 883 164
f 1137 1956 488
f 2 1287 491
f 1287 493 491
f 491 169 866
f 493 169 491
f 250 149 1287
f 866 501 1198
f 169 501 866
f 1287 1067 493
f 1067 842 541
f 149 1067 1287
f 149 842 1067
f 541 1434 745
f 1257 541 745
f 493 1257 169
f 1257 1067 541
f 1067 1257 493
f 1046 745 1004
f 745 1434 1004
f 106 745 1046
f 106 1257 745
f 169 294 501
f 169 672 294
f 1257 672 169
f 1257 106 672
f 171 106 1046
f 501 10 1198
f 294 171 501
f 672 171 294
f 171 672 106
f 1500 1046 1037
f 1500 171 1046
f 501 339 10
f 171 339 501
f 339 171 1500
f 999 849 85
f 467 1221 1443
f 1221 1162 1999
f 1162 1221 467
f 1162 999 1999
f 1162 300 999
f 300 849 999
f 150 85 1529
f 150 999 85
f 1999 999 150
f 1855 1999 150
f 1443 1603 250
f 1443 770 1603
f 1221 770 1443
f 1221 1855 770
f 1855 1221 1999
f 1434 150 1004
f 1470 150 1434
f 1523 150 1470
f 1523 770 150
f 770 1855 150
f 149 1603 1523
f 1603 149 250
f 1603 770 1523
f 541 1470 1434
f 842 1470 541
f 842 1523 1470
f 149 1523 842
f 849 642 85
f 1552 249 1930
f 1552 559 249
f 559 1513 249
f 559 1325 1513
f 1325 1217 1513
f 1513 1459 249
f 1526 1595 45
f 219 1595 1526
f 1187 1595 219
f 45 1334 1386
f 1526 45 1386
f 1334 97 1386
f 1334 533 97
f 1036 1386 97
f 1036 1526 1386
f 1036 219 1526
f 533 1192 97
f 1074 1036 1192
f 1036 97 1192
f 1187 219 1036
f 543 1187 466
f 1417 1788 126
f 192 1788 1417
f 699 1788 192
f 43 126 107
f 1157 126 43
f 664 43 890
f 664 627 43
f 126 54 107
f 1788 54 126
f 890 107 1085
f 43 107 890
f 476 890 447
f 476 664 890
f 107 301 1085
f 54 301 107
f 447 1085 1202
f 890 1085 447
f 687 447 235
f 687 476 447
f 543 476 687
f 1085 437 1202
f 301 437 1085
f 54 437 301
f 235 1202 1102
f 447 1202 235
f 1595 235 45
f 1595 687 235
f 1187 687 1595
f 1187 543 687
f 1202 990 1102
f 437 990 1202
f 45 1102 1334
f 235 1102 45
f 990 1334 1102
f 990 533 1334
f 1837 699 306
f 699 54 1788
f 1864 1837 873
f 769 1864 1115
f 769 531 1864
f 1164 559 1552
f 1630 559 1164
f 466 1790 543
f 1373 1790 466
f 1373 980 1790
f 1480 980 1373
f 664 1685 627
f 1790 1685 664
f 1790 1678 1685
f 980 1678 1790
f 980 1399 1678
f 1480 1399 980
f 1790 664 476
f 1790 476 543
f 1062 462 1630
f 1630 1325 559
f 1630 1843 1325
f 462 1843 1630
f 462 1541 1843
f 1541 1563 1843
f 792 1427 1482
f 1463 1427 792
f 296 1427 1463
f 1482 1399 1480
f 1482 1311 1399
f 1427 1311 1482
f 1427 1506 1311
f 1898 1506 1427
f 1983 462 1738
f 1983 1541 462
f 4 1322 1983
f 1983 289 1541
f 1983 1322 289
f 1968 1427 296
f 459 763 1840
f 459 1840 961
f 961 1840 1628
f 1968 1898 1427
f 1628 1338 1968
f 1338 1898 1968
f 1840 1338 1628
f 1840 1037 1338
f 763 1037 1840
f 1418 1322 4
f 1322 1148 289
f 1094 747 4
f 500 347 1094
f 883 347 500
f 747 1418 4
f 347 747 1094
f 747 141 1418
f 747 1666 141
f 347 1666 747
f 141 91 1418
f 883 1666 347
f 141 594 91
f 1666 594 141
f 91 1322 1418
f 91 809 1322
f 594 809 91
f 594 1253 809
f 1666 1253 594
f 1666 274 1253
f 1517 274 1666
f 809 1545 1322
f 809 1196 1545
f 1253 1196 809
f 488 1956 883
f 1198 1072 1956
f 1198 25 1072
f 1956 292 883
f 1072 9 1956
f 1072 877 9
f 317 763 459
f 900 763 317
f 900 877 763
f 883 1517 1666
f 292 1517 883
f 1956 949 292
f 9 949 1956
f 9 900 949
f 877 900 9
f 925 317 459
f 1050 430 317
f 430 900 317
f 292 829 1517
f 829 430 1050
f 949 829 292
f 949 430 829
f 900 430 949
f 524 317 925
f 528 1050 524
f 1050 528 829
f 1050 317 524
f 1517 1122 274
f 829 528 1517
f 1028 528 524
f 1517 1028 1122
f 528 1028 1517
f 845 524 925
f 433 524 845
f 433 1028 524
f 1028 433 1122
f 580 1500 1037
f 580 64 1500
f 10 25 1198
f 10 1008 25
f 1008 64 580
f 339 1008 10
f 339 64 1008
f 64 339 1500
f 1105 580 1037
f 25 1105 1072
f 1008 1105 25
f 1008 580 1105
f 877 1105 763
f 1105 1037 763
f 1105 877 1072
f 1217 1677 1513
f 1677 960 1513
f 1513 1912 1459
f 1513 960 1912
f 533 659 1192
f 533 654 659
f 1192 659 1074
f 659 654 1034
f 659 870 1074
f 659 1034 870
f 1052 1074 870
f 1052 1036 1074
f 1052 1187 1036
f 466 1187 1052
f 1034 3 870
f 1052 3 976
f 1052 870 3
f 1034 1191 3
f 654 1191 1034
f 976 3 1191
f 969 976 1191
f 290 976 969
f 290 1052 976
f 1191 1624 969
f 603 969 1624
f 290 603 1350
f 290 969 603
f 1624 1481 603
f 1350 603 1481
f 1350 116 325
f 116 1350 1481
f 1901 1350 325
f 1901 290 1350
f 990 654 533
f 654 1624 1191
f 654 1839 1624
f 654 1309 1839
f 54 456 437
f 699 456 54
f 699 1647 456
f 990 456 654
f 437 456 990
f 456 1309 654
f 1864 330 1837
f 531 330 1864
f 531 1684 330
f 1837 881 699
f 330 881 1837
f 881 1647 699
f 1843 1677 1217
f 1843 1217 1325
f 290 466 1052
f 1649 466 290
f 1649 1373 466
f 1649 290 1901
f 1563 1167 1843
f 1482 1480 1373
f 1649 792 1482
f 1463 792 1649
f 1649 1482 1373
f 1649 296 1463
f 1541 1865 1563
f 1541 289 1865
f 1865 1167 1563
f 289 1167 1865
f 1968 296 1649
f 1968 1649 1628
f 729 961 1628
f 729 1628 1649
f 1394 729 1649
f 1322 605 1148
f 1545 605 1322
f 1545 548 605
f 605 1544 1148
f 1544 236 1148
f 1544 537 236
f 1148 311 289
f 236 311 1148
f 236 887 311
f 537 887 236
f 537 1236 887
f 887 692 311
f 1236 692 887
f 692 380 311
f 692 23 380
f 1236 23 692
f 1236 130 23
f 1196 548 1545
f 1253 274 1196
f 548 621 605
f 1196 621 548
f 274 1825 1196
f 621 1544 605
f 1825 621 1196
f 621 537 1544
f 1825 212 621
f 621 1236 537
f 212 1236 621
f 212 1176 1236
f 1236 1176 130
f 845 459 961
f 845 925 459
f 140 433 845
f 1122 140 274
f 433 140 1122
f 17 140 845
f 274 1 1825
f 140 1 274
f 140 17 1
f 729 845 961
f 439 845 729
f 439 17 845
f 1 183 1825
f 183 17 439
f 17 183 1
f 183 1054 1825
f 1054 183 439
f 1043 439 729
f 1054 212 1825
f 1054 1043 212
f 1043 1054 439
f 1277 729 209
f 1277 1043 729
f 1043 1277 212
f 209 729 1394
f 1277 511 212
f 511 1277 209
f 904 209 1394
f 511 1176 212
f 511 904 1176
f 904 511 209
f 1677 1651 960
f 960 1651 1240
f 960 1240 1307
f 1261 644 53
f 1139 1261 1116
f 1481 1378 116
f 1624 1378 1481
f 592 116 1378
f 116 592 325
f 1901 325 592
f 1378 409 592
f 592 409 1901
f 1378 786 409
f 879 409 786
f 879 1901 409
f 755 1901 879
f 1378 711 786
f 109 786 1896
f 109 879 786
f 755 109 720
f 755 879 109
f 720 109 1896
f 1896 1823 364
f 786 1823 1896
f 786 1422 1823
f 711 1422 786
f 364 720 1896
f 644 720 364
f 644 755 720
f 1261 755 644
f 1139 755 1261
f 1823 1081 364
f 644 364 1081
f 1081 321 374
f 1823 321 1081
f 1823 1422 321
f 53 1081 374
f 53 644 1081
f 1624 1839 1378
f 1378 1839 711
f 1677 1618 1651
f 1618 1808 1651
f 1119 1808 1618
f 653 1649 1901
f 653 1901 755
f 653 755 1139
f 1244 1649 653
f 1244 653 611
f 1843 1119 1677
f 1167 1119 1843
f 1119 1618 1677
f 1167 1917 1119
f 1424 1649 1749
f 1749 1649 1244
f 311 1167 289
f 311 1613 1167
f 311 380 1613
f 1167 1613 1917
f 1171 1494 734
f 1494 1394 1649
f 1494 1649 734
f 734 1649 1424
f 1746 1394 1494
f 23 445 380
f 130 445 23
f 445 1787 380
f 445 1594 1787
f 130 1594 445
f 380 793 1613
f 1787 793 380
f 1594 793 1787
f 793 1010 1613
f 1594 1010 793
f 1594 1284 1010
f 1010 645 1613
f 1284 645 1010
f 645 1720 1613
f 645 1193 1720
f 1284 1193 645
f 1720 805 1613
f 1720 897 805
f 1193 897 1720
f 1193 882 897
f 1176 756 130
f 63 756 1176
f 63 494 756
f 130 1284 1594
f 130 959 1284
f 756 959 130
f 494 931 756
f 756 1631 959
f 931 1631 756
f 1631 931 448
f 1631 884 959
f 884 1631 448
f 210 448 856
f 414 448 210
f 1284 882 1193
f 959 882 1284
f 959 234 882
f 884 234 959
f 884 414 234
f 414 884 448
f 856 1494 1151
f 414 823 234
f 823 414 210
f 846 904 1394
f 904 846 1176
f 776 1394 1746
f 776 846 1394
f 846 63 1176
f 63 846 776
f 494 776 1746
f 494 63 776
f 931 494 1746
f 856 1746 1494
f 448 931 1746
f 448 1746 856
f 1817 1163 1810
f 327 1817 1810
f 1879 1817 327
f 1879 327 1722
f 1913 1587 1817
f 1879 1913 1817
f 1966 1587 1913
f 939 1879 1722
f 1879 1966 1913
f 305 1731 1966
f 1235 1879 939
f 1235 1966 1879
f 305 1966 1235
f 327 1810 1710
f 1722 327 736
f 736 327 1710
f 1722 736 1759
f 1851 1759 1397
f 1851 1722 1759
f 1836 1722 1851
f 1851 1397 1882
f 1836 939 1722
f 1854 1836 1851
f 1818 1836 1854
f 1772 1818 1854
f 1680 305 1235
f 939 1836 1235
f 1907 1680 1235
f 1818 1235 1836
f 1907 1235 1818
f 1352 1907 1818
f 305 1610 1731
f 1104 1610 305
f 1104 365 1610
f 1143 305 1680
f 1143 1104 305
f 1143 1680 1907
f 1379 1907 1352
f 1907 1676 1143
f 349 1907 1379
f 349 1676 1907
f 349 383 1676
f 1104 595 365
f 1588 595 1104
f 1632 1089 365
f 595 1632 365
f 1588 971 595
f 799 1089 1632
f 970 799 1632
f 970 1632 595
f 971 970 595
f 1104 1237 1588
f 799 1254 1089
f 710 971 1588
f 1237 710 1588
f 970 940 799
f 971 940 970
f 710 940 971
f 799 940 1254
f 710 615 940
f 1237 615 710
f 1571 1104 1143
f 975 1571 1143
f 697 1237 1104
f 1374 1104 1571
f 1374 697 1104
f 811 1374 1571
f 811 1571 975
f 1230 811 975
f 1669 1230 975
f 697 615 1237
f 697 1070 615
f 1374 1070 697
f 1374 928 1070
f 811 928 1374
f 1230 928 811
f 1676 975 1143
f 1676 1669 975
f 1000 1669 1676
f 1605 1851 1882
f 1772 1851 1605
f 1605 1882 442
f 1772 1854 1851
f 1694 1772 1605
f 1941 1772 1694
f 1289 1941 1694
f 859 1352 1818
f 1951 1818 1772
f 1951 859 1818
f 1317 1772 1941
f 1317 1951 1772
f 1225 1951 1317
f 1379 1352 859
f 349 1379 859
f 349 859 1951
f 1135 349 1951
f 1129 1135 1951
f 349 1135 179
f 1129 1862 1135
f 1129 1951 1225
f 940 929 1254
f 940 1574 929
f 940 1210 1574
f 615 1210 940
f 615 304 1210
f 1574 81 929
f 304 1242 1210
f 1847 532 1582
f 475 77 1760
f 44 532 1847
f 532 189 1582
f 189 213 1582
f 213 1760 1582
f 213 1861 1760
f 1861 475 1760
f 475 366 77
f 366 927 77
f 44 81 532
f 81 44 929
f 81 189 532
f 1574 189 81
f 1574 213 189
f 1210 213 1574
f 1210 1861 213
f 1861 1242 475
f 1242 1861 1210
f 1242 366 475
f 304 366 1242
f 366 283 927
f 304 283 366
f 1230 334 928
f 1669 334 1230
f 1000 334 1669
f 1000 992 334
f 1070 304 615
f 1070 985 304
f 928 985 1070
f 928 334 985
f 334 1047 985
f 334 992 1047
f 992 1181 1047
f 1181 576 1047
f 1181 1246 576
f 985 283 304
f 985 275 283
f 985 418 275
f 1047 418 985
f 429 383 349
f 1663 383 429
f 383 848 1676
f 848 1000 1676
f 1663 602 383
f 848 992 1000
f 602 848 383
f 885 1663 429
f 885 717 1663
f 848 1181 992
f 602 1181 848
f 717 602 1663
f 602 560 1181
f 717 560 602
f 717 35 560
f 885 35 717
f 885 190 35
f 560 1246 1181
f 35 1524 560
f 190 1524 35
f 560 1524 1246
f 1132 429 349
f 429 1132 885
f 415 885 1132
f 179 1132 349
f 1132 179 1301
f 415 190 885
f 415 1301 190
f 1301 415 1132
f 619 179 1135
f 619 1301 179
f 1135 689 619
f 1751 689 1135
f 190 1030 1524
f 1301 1030 190
f 619 1030 1301
f 619 689 1030
f 1432 1726 519
f 1726 1900 519
f 1726 1706 1900
f 1706 344 800
f 1706 1231 344
f 1231 353 344
f 1726 1890 1706
f 1890 1231 1706
f 1432 1398 531
f 519 1398 1432
f 519 342 1398
f 519 1900 342
f 1706 342 1900
f 342 800 1980
f 800 342 1706
f 800 344 1980
f 344 1103 1980
f 344 353 1103
f 353 423 1103
f 1231 423 353
f 423 779 1103
f 1103 547 1980
f 1231 1510 423
f 1890 1510 1231
f 1510 779 423
f 1510 1811 779
f 1510 369 1811
f 1890 369 1510
f 779 547 1103
f 1811 547 779
f 369 1428 1811
f 369 827 1428
f 369 1635 827
f 1428 547 1811
f 1428 875 547
f 875 827 101
f 827 875 1428
f 827 477 101
f 827 1635 477
f 477 1006 101
f 1635 1006 477
f 1635 802 1006
f 1635 1495 802
f 101 1801 875
f 1006 1801 101
f 875 1801 547
f 1006 1791 1801
f 802 1791 1006
f 802 575 1791
f 1495 1519 802
f 1495 1234 1519
f 1495 1413 1234
f 1519 575 802
f 1234 318 1519
f 1234 248 318
f 1234 1413 248
f 1282 855 1413
f 1948 1605 442
f 1289 1605 1948
f 355 1289 1948
f 1652 1289 355
f 355 1948 1612
f 1499 1890 1726
f 869 1499 1726
f 1655 1499 869
f 1655 936 1499
f 1655 1341 936
f 1646 1341 1655
f 1499 369 1890
f 1499 1635 369
f 936 1635 1499
f 1341 104 936
f 936 104 1635
f 104 1778 1635
f 1282 1413 1495
f 1635 1282 1495
f 1778 1282 1635
f 1778 838 1282
f 1289 1694 1605
f 1646 1083 1341
f 1419 1083 1646
f 1419 1944 1083
f 1083 104 1341
f 1944 104 1083
f 104 508 963
f 104 446 1778
f 104 38 446
f 104 1120 38
f 104 963 1120
f 1707 1225 1317
f 1704 1941 1289
f 1707 1941 1704
f 1707 1317 1941
f 1704 1289 1652
f 1704 1652 1247
f 785 1707 1704
f 1419 2000 1944
f 1733 2000 1419
f 1733 1358 2000
f 1358 1665 2000
f 1654 1665 1358
f 2000 104 1944
f 1654 1308 1665
f 1308 919 1665
f 1665 104 2000
f 1665 919 104
f 919 1206 104
f 1206 508 104
f 919 1041 1206
f 919 828 1041
f 1206 831 508
f 1041 345 1206
f 1707 1129 1225
f 1707 1377 1129
f 1707 628 1377
f 1377 1862 1129
f 628 1707 1875
f 628 1194 1377
f 1875 1707 785
f 1582 1760 1358
f 1760 1654 1358
f 77 1654 1760
f 77 1213 1654
f 927 1213 77
f 927 270 1213
f 283 275 927
f 275 270 927
f 275 418 270
f 1213 1308 1654
f 270 1308 1213
f 270 112 1308
f 418 112 270
f 1047 112 418
f 1047 596 112
f 1047 618 596
f 576 618 1047
f 596 1308 112
f 596 55 1308
f 596 618 55
f 618 424 55
f 576 424 618
f 576 89 424
f 1246 89 576
f 55 919 1308
f 55 424 919
f 424 341 919
f 89 341 424
f 89 629 341
f 341 828 919
f 341 629 828
f 1524 1606 1246
f 1524 83 1606
f 1246 1606 89
f 1524 1182 83
f 1606 629 89
f 629 172 828
f 1606 172 629
f 1606 1128 172
f 83 1128 1606
f 1182 604 83
f 172 1128 828
f 1128 1031 828
f 1128 542 1031
f 83 542 1128
f 83 604 542
f 1031 1041 828
f 1031 336 1041
f 542 336 1031
f 604 336 542
f 336 408 96
f 604 408 336
f 1182 408 604
f 1182 1248 408
f 1182 460 1248
f 336 96 1041
f 96 523 1041
f 408 523 96
f 1248 523 408
f 1248 1271 523
f 460 1271 1248
f 1862 422 1135
f 422 1751 1135
f 689 1533 1030
f 689 1751 1533
f 175 422 1862
f 1751 1315 1533
f 422 1315 1751
f 1030 1182 1524
f 1030 1533 1182
f 422 1015 1315
f 175 1015 422
f 175 1273 1015
f 1533 332 1182
f 1315 332 1533
f 1273 876 1015
f 1015 332 1315
f 1015 876 332
f 332 460 1182
f 876 1048 332
f 876 952 1048
f 833 175 1862
f 886 833 1862
f 1273 175 833
f 886 972 833
f 1273 972 876
f 972 1273 833
f 1377 886 1862
f 886 585 972
f 972 585 876
f 449 886 1377
f 585 952 876
f 449 585 886
f 1195 1377 1194
f 585 1404 952
f 449 1404 585
f 342 1980 1398
f 1980 547 1398
f 575 227 1791
f 318 575 1519
f 248 314 318
f 248 863 314
f 1413 863 248
f 1413 955 863
f 1413 1110 955
f 1413 67 1110
f 855 67 1413
f 318 227 575
f 314 227 318
f 863 227 314
f 863 955 398
f 955 1100 398
f 955 1110 1100
f 863 398 227
f 1110 1021 1100
f 67 1021 1110
f 1100 1425 398
f 1100 529 1425
f 1021 529 1100
f 1021 1204 529
f 67 1204 1021
f 398 1425 227
f 529 1671 1425
f 529 42 1671
f 67 705 1204
f 855 705 67
f 1282 705 855
f 1204 42 529
f 1204 705 42
f 705 903 42
f 42 1369 1671
f 903 1369 42
f 903 701 1369
f 903 1436 701
f 705 1436 903
f 1558 355 1612
f 1522 355 1558
f 1522 1558 1691
f 1778 1491 838
f 446 1491 1778
f 1282 1436 705
f 838 1436 1282
f 838 1326 1436
f 1491 1326 838
f 1326 1435 1436
f 1491 1600 1326
f 426 1600 1491
f 1366 1652 355
f 1247 1652 1366
f 1522 1366 355
f 508 1702 963
f 446 426 1491
f 38 426 446
f 1120 426 38
f 963 426 1120
f 1702 426 963
f 1522 1247 1366
f 1704 1247 1522
f 1108 785 1704
f 1522 1108 1704
f 1522 1709 1108
f 1804 1108 1709
f 345 1774 1206
f 831 1702 508
f 1206 1774 831
f 957 1857 1774
f 1774 1702 831
f 1774 1660 1702
f 1774 1401 1660
f 1774 1681 1401
f 1857 1681 1774
f 1702 1945 426
f 1702 1660 1945
f 1108 1875 785
f 1108 628 1875
f 628 1539 1194
f 1539 628 1108
f 1041 587 345
f 523 587 1041
f 523 1271 587
f 1271 239 587
f 1271 684 239
f 460 684 1271
f 332 684 460
f 332 1048 684
f 345 957 1774
f 587 957 345
f 587 1027 957
f 239 1027 587
f 239 930 1027
f 684 930 239
f 1048 930 684
f 1048 1251 930
f 1048 840 1251
f 952 840 1048
f 930 1462 1027
f 930 1251 1462
f 952 173 840
f 1251 482 1462
f 840 482 1251
f 1027 1857 957
f 1462 1857 1027
f 1462 482 1857
f 173 912 840
f 482 921 1857
f 840 921 482
f 840 912 921
f 1857 257 1681
f 921 257 1857
f 912 257 921
f 257 1071 1681
f 912 1071 257
f 912 260 1071
f 889 260 912
f 552 1377 1195
f 449 552 1404
f 552 449 1377
f 1214 1195 1194
f 1404 173 952
f 552 173 1404
f 432 552 1195
f 1214 432 1195
f 552 1593 173
f 552 432 1593
f 1214 99 432
f 772 99 1214
f 432 99 1593
f 1539 1214 1194
f 772 1214 1539
f 99 920 1593
f 99 772 920
f 46 772 1539
f 173 889 912
f 1593 889 173
f 772 46 920
f 722 46 1539
f 1593 920 889
f 46 1642 920
f 46 722 1642
f 722 948 1642
f 948 1539 1056
f 948 722 1539
f 1398 1684 531
f 547 1684 1398
f 1801 1791 547
f 547 735 1684
f 547 564 735
f 1791 564 547
f 1791 1860 564
f 1791 891 1860
f 227 891 1791
f 1425 1671 227
f 227 1845 891
f 1671 1845 227
f 1671 381 1845
f 381 1312 1845
f 381 1554 1312
f 381 281 1554
f 1871 281 381
f 1369 381 1671
f 1369 135 381
f 701 135 1369
f 701 1602 135
f 1436 1602 701
f 1602 807 135
f 1602 1682 807
f 1436 1682 1602
f 1436 1297 1682
f 1436 1435 1297
f 135 1871 381
f 807 1871 135
f 807 268 1871
f 1682 268 807
f 1682 1211 268
f 1682 1599 1211
f 1682 1297 1599
f 268 281 1871
f 1211 281 268
f 1211 988 281
f 1599 988 1211
f 1599 1012 988
f 1297 1012 1599
f 988 1133 281
f 1012 1133 988
f 1435 1012 1297
f 1133 26 281
f 1133 754 26
f 1012 754 1133
f 1012 1134 754
f 1691 1558 1219
f 426 1622 1600
f 1622 978 1600
f 530 1522 1691
f 1709 1522 530
f 426 1945 1585
f 426 1585 1622
f 1585 978 1622
f 1945 978 1585
f 1056 1108 721
f 1056 1539 1108
f 1830 1108 1804
f 721 1108 1830
f 1681 1342 1401
f 1071 609 1681
f 1071 260 609
f 260 570 609
f 1681 609 1342
f 609 780 1342
f 609 570 780
f 889 570 260
f 889 351 570
f 570 758 780
f 570 351 758
f 780 758 1342
f 351 1364 758
f 758 1815 1342
f 758 193 1815
f 1364 193 758
f 1364 142 193
f 1342 1815 1401
f 193 326 1815
f 142 326 193
f 326 1683 1815
f 326 522 1683
f 142 522 326
f 1815 1320 1401
f 1815 1683 1320
f 522 694 1683
f 1642 889 920
f 1642 741 889
f 948 741 1642
f 948 61 741
f 889 1201 351
f 741 1201 889
f 61 1073 741
f 351 1201 1364
f 741 1073 1201
f 1201 142 1364
f 165 29 1073
f 142 694 522
f 1201 694 142
f 1201 145 694
f 1073 145 1201
f 1073 29 145
f 29 1528 145
f 61 948 1056
f 155 1056 721
f 144 1056 155
f 61 144 1073
f 144 61 1056
f 144 165 1073
f 165 144 155
f 1159 155 721
f 155 1159 1082
f 1082 165 155
f 1082 29 165
f 396 1082 1159
f 819 1159 721
f 1082 396 29
f 396 1159 819
f 396 1063 29
f 1063 396 819
f 281 691 1554
f 691 649 1554
f 26 691 281
f 26 1645 691
f 754 1645 26
f 754 1134 1645
f 1012 316 1134
f 1435 316 1012
f 1645 1414 691
f 1134 1414 1645
f 1134 316 1414
f 1435 1658 316
f 1414 1215 691
f 1414 222 1215
f 316 222 1414
f 691 1215 649
f 222 1451 1215
f 316 1451 222
f 316 894 1451
f 316 1658 894
f 1215 87 649
f 1451 202 1215
f 894 202 1451
f 894 138 202
f 1215 783 87
f 202 783 1215
f 202 138 783
f 783 730 87
f 138 995 783
f 138 1438 995
f 894 1438 138
f 894 600 1438
f 1658 600 894
f 995 730 783
f 995 123 730
f 995 942 123
f 1438 942 995
f 600 1014 1438
f 1658 851 600
f 205 1667 872
f 660 205 872
f 899 1327 669
f 1327 660 669
f 1327 247 660
f 205 1219 1667
f 205 1691 1219
f 922 1691 205
f 166 922 205
f 1096 922 166
f 247 56 660
f 56 205 660
f 166 205 56
f 1326 1658 1435
f 1600 1658 1326
f 1600 978 1658
f 978 773 1658
f 978 1496 773
f 1658 1090 851
f 773 1090 1658
f 530 1691 922
f 922 1709 530
f 1969 922 1096
f 794 922 1969
f 978 1959 1496
f 978 1688 1959
f 978 8 1688
f 1573 1804 1709
f 1573 1709 922
f 1564 922 794
f 1564 1573 922
f 1660 978 1945
f 1401 1403 1660
f 1320 1403 1401
f 1660 1049 978
f 1660 1403 1049
f 1320 479 1403
f 1049 8 978
f 1403 810 1049
f 479 830 1403
f 1573 1830 1804
f 1573 721 1830
f 196 721 1573
f 1168 196 1573
f 1573 1637 1168
f 1637 1573 1564
f 1683 864 1320
f 694 864 1683
f 864 252 1320
f 252 359 1320
f 359 479 1320
f 359 388 479
f 145 864 694
f 145 252 864
f 145 1528 252
f 29 108 1528
f 1528 359 252
f 1528 388 359
f 1528 599 388
f 108 599 1528
f 108 1368 599
f 388 22 479
f 599 22 388
f 479 1051 830
f 479 328 1051
f 22 328 479
f 22 1734 328
f 599 1734 22
f 1368 1390 599
f 328 683 1051
f 1734 683 328
f 1734 1007 683
f 599 1007 1734
f 599 1390 1007
f 1368 1448 1390
f 1007 1748 683
f 1007 1390 1748
f 1063 108 29
f 748 1063 819
f 1888 819 721
f 1888 748 819
f 748 1888 244
f 748 108 1063
f 748 244 108
f 196 1888 721
f 57 1888 196
f 244 1368 108
f 244 57 1368
f 57 244 1888
f 57 540 1368
f 540 57 196
f 1168 657 196
f 540 1448 1368
f 540 94 1448
f 94 196 657
f 94 540 196
f 822 1938 1686
f 822 1686 1570
f 1384 1796 1938
f 284 1384 1916
f 1916 1384 1938
f 1916 1938 822
f 789 1112 979
f 284 1615 1384
f 284 979 1615
f 789 979 284
f 284 1743 789
f 1927 1769 665
f 1570 1973 1958
f 1927 1958 1973
f 1958 1927 665
f 1686 1973 1570
f 1437 665 1769
f 665 1437 1777
f 725 1777 1437
f 1696 665 1777
f 665 1696 1958
f 1535 725 1437
f 1114 725 1535
f 1066 1675 1114
f 1066 198 1675
f 1114 1675 725
f 198 1255 1675
f 1928 725 1675
f 725 1928 1777
f 1255 1928 1675
f 1241 198 1066
f 1241 1841 198
f 133 1841 1241
f 198 1841 1255
f 1841 133 1141
f 1841 1141 472
f 1281 472 1141
f 472 1761 1841
f 1841 1761 1255
f 822 1570 1832
f 538 822 572
f 538 1916 822
f 60 1916 538
f 1833 1743 284
f 60 284 1916
f 1833 284 60
f 1833 60 1863
f 1832 1570 1958
f 1958 1331 1832
f 572 822 1832
f 1961 1696 1777
f 1961 1331 1696
f 1331 1958 1696
f 1961 267 1331
f 1255 1293 1928
f 1777 1928 924
f 1293 924 1928
f 1293 243 924
f 1777 924 1961
f 924 243 1961
f 1761 1293 1255
f 472 601 1761
f 1623 601 472
f 1761 954 1293
f 601 954 1761
f 1863 60 538
f 1863 538 427
f 1714 1833 1863
f 1331 1323 1832
f 267 1323 1331
f 812 1323 267
f 572 1832 1323
f 1323 1988 572
f 572 427 538
f 572 1988 427
f 1935 1863 427
f 1935 1714 1863
f 1961 273 267
f 273 1961 584
f 812 267 273
f 812 19 1323
f 1293 1721 243
f 243 584 1961
f 1721 1592 243
f 243 1592 584
f 1592 158 584
f 954 1721 1293
f 954 1589 1721
f 19 187 1323
f 1988 1323 187
f 187 1729 1988
f 110 1935 427
f 110 427 1988
f 1729 110 1988
f 1974 110 1729
f 1270 1714 1935
f 1270 1935 110
f 1489 1270 110
f 1489 1118 1270
f 1653 19 812
f 273 1653 812
f 1653 1853 24
f 1653 187 19
f 24 187 1653
f 187 24 1729
f 584 158 273
f 158 1899 1753
f 158 1653 273
f 158 1753 1653
f 1753 1816 1653
f 1721 158 1592
f 1589 1807 1721
f 1721 1899 158
f 1807 1899 1721
f 1807 136 1899
f 1441 136 1807
f 1489 110 1974
f 1853 1406 24
f 663 1406 1853
f 1729 1406 1974
f 1406 1729 24
f 1406 1489 1974
f 1923 1118 1489
f 1923 1489 1406
f 539 1923 1406
f 1816 1853 1653
f 1899 1816 1753
f 1816 1931 1853
f 1931 663 1853
f 1304 663 1931
f 663 1858 1406
f 1858 539 1406
f 136 1473 1899
f 1931 1816 1899
f 1473 1931 1899
f 1473 1304 1931
f 1473 207 1304
f 207 1123 1304
f 152 1858 663
f 152 539 1858
f 1205 1923 539
f 152 1205 539
f 702 1123 207
f 702 238 1123
f 1304 760 663
f 760 1304 1123
f 238 896 1123
f 137 663 760
f 663 137 152
f 137 1750 152
f 1123 896 760
f 137 129 1750
f 129 410 1750
f 152 1502 1205
f 1750 410 152
f 410 1502 152
f 410 1672 1502
f 1076 1112 789
f 1173 113 1400
f 1743 1076 789
f 1400 1076 1743
f 1173 1400 1743
f 1906 113 1173
f 892 1906 1173
f 892 1668 1906
f 1227 1739 310
f 310 1668 892
f 1697 310 892
f 1227 310 1697
f 1227 1848 1739
f 1755 1848 1227
f 1755 1919 1848
f 1881 1919 1755
f 1881 1527 1919
f 1814 1872 1527
f 1814 1098 1872
f 634 1250 744
f 1957 1095 1098
f 1957 965 1095
f 571 965 1957
f 899 178 510
f 899 639 178
f 669 639 899
f 660 571 669
f 571 660 965
f 598 571 1957
f 178 801 214
f 178 1392 801
f 639 1392 178
f 639 567 1392
f 669 567 639
f 669 574 567
f 571 574 669
f 571 598 574
f 549 598 1957
f 567 31 1392
f 574 31 567
f 574 229 31
f 598 229 574
f 598 1764 229
f 1880 549 1957
f 1290 549 1880
f 1290 1764 549
f 1880 1957 1098
f 652 1290 1880
f 958 1880 1098
f 958 652 1880
f 167 652 958
f 598 549 1764
f 1396 1173 1743
f 1396 1743 1833
f 892 1173 1396
f 425 892 1396
f 1934 425 1396
f 425 1697 892
f 425 1949 1697
f 1755 1227 1697
f 1949 1755 1697
f 1881 1755 1445
f 1445 1755 1949
f 1814 1527 1881
f 1695 1814 1881
f 1695 1881 1445
f 1782 1814 1695
f 1782 1098 1814
f 1740 1098 1782
f 958 1098 1740
f 1657 958 1740
f 1657 1740 1673
f 1714 1396 1833
f 1934 1396 1714
f 393 1934 1714
f 1976 425 1934
f 1914 425 1976
f 393 1976 1934
f 1914 1949 425
f 357 1949 1914
f 1186 357 1914
f 1445 1949 357
f 1998 1445 357
f 1998 1695 1445
f 1586 1695 1998
f 1939 1695 1586
f 1740 1782 1695
f 1939 1740 1695
f 1673 1740 1939
f 105 1673 1939
f 393 1714 1270
f 1636 393 1270
f 1636 1270 1118
f 1976 393 1636
f 1757 1976 1636
f 1757 1380 1976
f 1186 1914 1976
f 1380 1186 1976
f 1842 1186 1380
f 1842 1614 1186
f 1998 357 1614
f 1614 357 1186
f 1614 1586 1998
f 331 1586 1614
f 1532 331 1614
f 1566 1586 331
f 1534 105 1939
f 1534 1939 1586
f 1534 1586 1566
f 1118 1757 1636
f 987 1757 1118
f 1923 987 1118
f 987 1842 1757
f 987 1725 1842
f 1842 1532 1614
f 1842 1380 1757
f 1486 1532 1842
f 1725 1486 1842
f 1952 1486 1725
f 1566 331 1532
f 1952 1532 1486
f 1895 1591 1566
f 1952 1566 1532
f 1895 1566 1952
f 1921 1895 1952
f 1591 1534 1566
f 1346 987 1923
f 1205 1346 1923
f 1346 1205 1502
f 120 1725 987
f 1346 120 987
f 1724 120 1346
f 1724 1346 1502
f 1970 1724 1502
f 1672 1970 1502
f 1970 1639 1724
f 1724 1661 120
f 1639 1661 1724
f 120 1952 1725
f 1497 1952 1718
f 1497 1921 1952
f 1718 1952 120
f 1661 1718 120
f 1651 1281 1240
f 1651 1623 1281
f 1651 1744 1623
f 1281 1623 472
f 1744 1850 1623
f 1240 1281 1141
f 86 374 1228
f 86 53 374
f 1261 53 86
f 1228 818 180
f 180 86 1228
f 496 86 180
f 496 1261 86
f 818 749 180
f 496 180 749
f 1116 1261 496
f 52 749 147
f 52 496 749
f 1116 496 52
f 1228 1543 818
f 1228 374 1543
f 374 321 1543
f 321 685 1543
f 1422 685 321
f 685 1422 1332
f 711 1332 1422
f 1332 711 1152
f 1543 749 818
f 1543 907 749
f 685 907 1543
f 685 33 907
f 1332 33 685
f 147 749 907
f 33 298 907
f 1152 33 1332
f 147 907 298
f 33 177 298
f 33 764 177
f 177 147 298
f 1001 147 177
f 1001 52 147
f 1001 1116 52
f 565 177 764
f 1001 177 565
f 33 1333 764
f 33 643 1333
f 1152 643 33
f 444 764 1333
f 444 565 764
f 853 565 444
f 853 1001 565
f 853 1116 1001
f 1152 455 643
f 1106 1333 643
f 1106 444 1333
f 853 444 1106
f 711 1884 1152
f 1839 1884 711
f 1839 1360 1884
f 1309 1360 1839
f 1360 1309 1136
f 1360 1136 1884
f 1309 1619 1136
f 456 1619 1309
f 456 1515 1619
f 1647 1515 456
f 1647 1797 1515
f 1797 1647 1415
f 1619 1272 1136
f 1515 1272 1619
f 1797 1272 1515
f 1415 278 1797
f 1797 278 1272
f 881 1415 1647
f 1415 881 1018
f 330 1018 881
f 1018 330 977
f 1684 977 330
f 1018 278 1415
f 977 1768 1018
f 1018 1768 278
f 1808 1744 1651
f 1601 653 1139
f 611 653 1601
f 1601 1139 1116
f 400 1116 853
f 1601 1116 400
f 1917 1389 1119
f 1119 1744 1808
f 1119 1902 1744
f 1389 1902 1119
f 1389 1621 1902
f 1447 1749 1244
f 1447 1244 611
f 1424 1749 1447
f 1918 1424 1447
f 1613 1389 1917
f 1613 481 1389
f 481 1387 1389
f 1389 1387 1551
f 1389 1551 1621
f 1151 1494 1171
f 1171 734 1424
f 713 1151 1171
f 1780 1424 1918
f 1780 1171 1424
f 1933 1171 1780
f 713 1171 1933
f 805 821 338
f 897 821 805
f 882 821 897
f 882 610 821
f 805 338 1613
f 821 610 338
f 610 201 338
f 338 481 1613
f 201 481 338
f 610 850 201
f 850 481 201
f 850 1581 481
f 850 151 1581
f 481 706 1387
f 481 1581 706
f 210 856 637
f 210 30 823
f 234 358 882
f 823 358 234
f 823 30 358
f 637 856 1151
f 492 210 637
f 492 30 210
f 30 492 358
f 1011 492 637
f 358 610 882
f 358 1972 610
f 492 1972 358
f 492 1011 1972
f 1147 1011 637
f 1011 641 1972
f 641 1011 1147
f 610 151 850
f 1972 151 610
f 641 58 1972
f 641 1065 58
f 1065 641 1147
f 1065 1091 58
f 58 151 1972
f 58 1444 151
f 1091 1444 58
f 1091 658 1444
f 658 557 1444
f 713 637 1151
f 713 1147 637
f 1091 1147 713
f 1091 1065 1147
f 658 1091 713
f 557 658 713
f 1623 1936 601
f 1623 1850 1936
f 1936 954 601
f 643 455 486
f 486 1106 643
f 400 1106 486
f 400 853 1106
f 486 455 796
f 796 400 486
f 455 421 36
f 455 12 796
f 455 36 12
f 12 400 796
f 421 47 1029
f 36 671 12
f 671 36 421
f 1029 671 421
f 504 12 671
f 504 400 12
f 998 400 504
f 1260 400 998
f 1029 66 671
f 504 671 66
f 1029 535 66
f 47 535 1029
f 1127 66 535
f 1127 504 66
f 998 504 1127
f 47 1361 535
f 47 633 1361
f 1868 633 47
f 1361 1127 535
f 181 1127 1361
f 998 1127 181
f 633 291 1361
f 633 216 291
f 1868 216 633
f 181 1361 291
f 1152 421 455
f 1884 421 1152
f 1884 47 421
f 1884 1868 47
f 1136 1868 1884
f 1136 1395 1868
f 1136 1272 1395
f 1272 1656 1395
f 1656 1878 1395
f 278 1656 1272
f 1768 1656 278
f 1768 690 1656
f 1744 1784 1850
f 1784 1674 1850
f 1260 1601 400
f 909 1601 1260
f 1324 1601 909
f 1324 611 1601
f 1902 1784 1744
f 1621 1638 1902
f 1902 1674 1784
f 1821 611 1324
f 1821 1447 611
f 1446 1447 1821
f 1918 1447 1446
f 1551 1638 1621
f 1387 1638 1551
f 1867 1933 1780
f 1581 1579 706
f 1581 313 1579
f 151 313 1581
f 1579 740 706
f 313 740 1579
f 1423 740 313
f 740 1758 706
f 1423 1758 740
f 1423 324 1758
f 1758 1161 706
f 324 1161 1758
f 706 1161 1387
f 324 1130 1161
f 1444 1423 151
f 557 1747 1444
f 151 1423 313
f 1747 1423 1444
f 1747 90 1423
f 90 966 1423
f 1423 966 324
f 90 517 966
f 90 195 517
f 966 1130 324
f 195 1421 517
f 966 1305 1130
f 966 517 1305
f 557 76 1747
f 76 557 713
f 88 713 1933
f 88 76 713
f 76 88 1747
f 1040 88 1933
f 88 90 1747
f 88 1040 90
f 1467 1933 1867
f 50 1933 1467
f 1382 1040 1933
f 1040 1357 90
f 1357 1040 1382
f 1382 1933 50
f 933 1382 50
f 1357 195 90
f 1357 933 195
f 933 1357 1382
f 436 933 50
f 933 436 195
f 412 50 1467
f 237 50 412
f 237 436 50
f 436 1421 195
f 436 237 1421
f 262 237 412
f 237 370 1421
f 237 262 370
f 1850 1674 1936
f 1936 1429 954
f 1936 1799 1429
f 1674 1799 1936
f 954 1429 1589
f 216 390 291
f 1868 79 216
f 1395 79 1868
f 390 181 291
f 998 181 185
f 216 974 390
f 79 974 216
f 1395 555 79
f 185 390 974
f 185 181 390
f 1260 998 185
f 79 385 974
f 555 385 79
f 185 974 385
f 680 185 385
f 555 906 385
f 555 1409 906
f 680 385 906
f 1409 569 906
f 1409 947 569
f 680 906 569
f 680 569 947
f 962 947 18
f 962 680 947
f 946 680 962
f 1395 1878 555
f 1878 1409 555
f 1409 386 947
f 1878 386 1409
f 1179 1185 1878
f 1878 790 386
f 1878 620 790
f 1878 1185 620
f 386 18 947
f 790 18 386
f 790 579 18
f 579 790 620
f 579 962 18
f 413 962 579
f 946 962 413
f 1185 650 620
f 709 579 620
f 650 709 620
f 413 579 709
f 1464 946 413
f 1656 1179 1878
f 1656 1792 1179
f 1656 1144 1792
f 690 199 1656
f 1656 1835 1144
f 199 1835 1656
f 1674 1453 1799
f 1929 1453 1674
f 680 1260 185
f 184 1260 680
f 184 909 1260
f 184 680 946
f 1984 909 184
f 1984 1324 909
f 1770 1324 1984
f 1883 946 1464
f 1883 184 946
f 1984 184 1883
f 1902 1638 1674
f 1638 1929 1674
f 1638 1813 1929
f 1638 372 1813
f 372 1963 1813
f 1767 1324 1770
f 1767 1821 1324
f 1597 1821 1767
f 1597 1446 1821
f 997 1446 1597
f 997 1918 1446
f 1033 1918 997
f 1638 1844 372
f 1387 1844 1638
f 1387 636 1844
f 636 1138 1844
f 1844 1963 372
f 1852 1780 1918
f 1852 1918 1033
f 1852 1249 1780
f 1249 1867 1780
f 910 1867 1249
f 78 910 1249
f 78 1249 1893
f 544 1852 1033
f 401 1852 544
f 401 1249 1852
f 1893 1249 401
f 1161 636 1387
f 1130 636 1161
f 1130 1305 636
f 1305 1461 636
f 517 1461 1305
f 517 1189 1461
f 1421 1189 517
f 1421 1229 1189
f 1461 1259 636
f 636 1259 1138
f 1189 1259 1461
f 1229 1483 1189
f 1259 546 1138
f 1189 546 1259
f 1189 861 546
f 1189 1483 861
f 546 1268 1138
f 861 1268 546
f 861 1735 1268
f 1483 1735 861
f 1483 1291 1735
f 16 412 1467
f 1990 412 16
f 1990 262 412
f 262 128 370
f 262 1990 128
f 16 1467 1867
f 910 16 1867
f 727 16 910
f 727 1990 16
f 370 1229 1421
f 128 1229 370
f 1990 1708 128
f 1708 1990 727
f 895 727 910
f 128 854 1229
f 1708 854 128
f 1708 895 854
f 895 1708 727
f 399 895 910
f 895 1174 854
f 895 536 1174
f 536 895 399
f 1643 910 78
f 463 910 1643
f 463 399 910
f 95 399 463
f 95 536 399
f 269 463 1643
f 854 1483 1229
f 854 1555 1483
f 1174 1555 854
f 536 1555 1174
f 536 1802 1555
f 95 1802 536
f 95 269 1802
f 269 95 463
f 1555 1291 1483
f 1802 1078 1555
f 269 1078 1802
f 1064 1643 78
f 1355 269 1643
f 1355 1643 1064
f 923 1355 1064
f 162 269 1355
f 1003 78 1893
f 1003 1064 78
f 397 1064 1003
f 397 923 1064
f 923 162 1355
f 923 791 162
f 454 923 397
f 454 791 923
f 162 1078 269
f 808 162 791
f 1429 1807 1589
f 1799 1807 1429
f 1799 1239 1807
f 1239 1441 1807
f 1239 356 1441
f 1179 287 1185
f 1179 1343 287
f 287 650 1185
f 1472 709 650
f 578 650 287
f 578 1472 650
f 1472 413 709
f 1464 413 1472
f 1343 578 287
f 1343 121 578
f 121 1343 1025
f 1479 578 121
f 1479 1472 578
f 1479 1464 1472
f 1179 1025 1343
f 1792 1025 1179
f 1792 371 1025
f 1792 588 371
f 1144 588 1792
f 1520 121 1025
f 1520 1025 371
f 1520 1479 121
f 333 1520 371
f 588 333 371
f 299 1520 333
f 299 1479 1520
f 1144 623 588
f 1144 728 623
f 588 1562 333
f 588 623 1562
f 514 623 728
f 514 1471 623
f 299 333 1562
f 1319 1562 623
f 1319 299 1562
f 240 514 728
f 1319 623 1471
f 375 1471 514
f 375 514 240
f 375 1319 1471
f 1835 728 1144
f 199 1020 1835
f 1835 197 728
f 1835 367 197
f 1020 367 1835
f 197 240 728
f 199 211 1020
f 199 814 211
f 797 814 199
f 197 1160 240
f 367 1160 197
f 367 490 1160
f 416 367 1020
f 416 490 367
f 211 416 1020
f 1160 375 240
f 139 1160 490
f 139 375 1160
f 1565 211 814
f 865 1565 814
f 865 814 797
f 139 490 416
f 1964 416 211
f 1964 211 1565
f 1964 139 416
f 1155 865 797
f 631 1565 865
f 631 1964 1565
f 631 865 1155
f 1412 1964 631
f 1412 631 279
f 1453 1239 1799
f 1929 1239 1453
f 1239 1866 356
f 1883 1464 1479
f 1770 1984 1883
f 299 1883 1479
f 1319 1883 299
f 1770 1883 1319
f 1518 1319 375
f 1518 1770 1319
f 1518 375 139
f 553 139 1964
f 1518 139 553
f 553 1964 1412
f 1963 1512 1813
f 1813 1512 1929
f 1512 1239 1929
f 1512 1634 1239
f 1512 583 1634
f 1634 1866 1239
f 1512 1644 583
f 544 1033 997
f 544 997 1597
f 1518 1767 1770
f 945 1767 1518
f 1101 1767 945
f 1101 1597 1767
f 544 1597 1101
f 1458 544 1101
f 945 1518 1279
f 1844 1512 1963
f 1138 1989 1844
f 1989 1512 1844
f 1989 1306 1512
f 1306 1644 1512
f 1003 1893 401
f 1330 1003 401
f 224 401 544
f 224 1330 401
f 1005 224 544
f 1005 544 1458
f 1771 1005 1458
f 1145 1005 1771
f 1121 1005 1145
f 1263 1145 1771
f 1947 1121 1145
f 1075 1947 1145
f 676 1075 1145
f 1716 676 1145
f 1735 1172 1268
f 1291 1172 1735
f 1268 1172 1989
f 1268 1989 1138
f 1172 434 1989
f 1291 434 1172
f 1989 673 1306
f 434 673 1989
f 434 498 673
f 1555 1730 1291
f 1078 1730 1555
f 1291 1730 434
f 1078 656 1730
f 1730 498 434
f 656 1022 1730
f 1728 1022 656
f 498 898 673
f 1730 898 498
f 1730 1022 898
f 1728 1372 1022
f 673 898 1698
f 1022 303 898
f 673 1698 1306
f 303 1698 898
f 1022 1786 303
f 1372 1786 1022
f 1276 397 1003
f 454 808 791
f 1276 454 397
f 162 656 1078
f 808 656 162
f 1002 808 454
f 1002 454 1276
f 1330 1274 1003
f 1274 1276 1003
f 852 1274 1330
f 804 1276 1274
f 808 1728 656
f 1002 1728 808
f 804 1002 1276
f 742 804 1274
f 742 1274 852
f 804 1728 1002
f 804 443 1728
f 742 443 804
f 803 742 852
f 742 1820 443
f 803 1820 742
f 803 407 1820
f 1728 1111 1372
f 443 1111 1728
f 443 1820 1111
f 1820 661 1111
f 407 661 1820
f 335 852 1330
f 815 1330 224
f 815 335 1330
f 335 803 852
f 1609 224 1005
f 68 815 224
f 1701 224 1609
f 1701 68 224
f 191 1609 1005
f 335 407 803
f 335 1507 407
f 815 1507 335
f 68 1507 815
f 871 1701 1609
f 871 1609 191
f 608 1005 1121
f 608 191 1005
f 204 608 1121
f 68 170 1507
f 1701 170 68
f 871 170 1701
f 1954 871 191
f 608 1954 191
f 871 502 170
f 1954 502 871
f 608 1142 1954
f 204 1142 608
f 1954 1142 502
f 1947 204 1121
f 1947 100 204
f 1947 1997 100
f 32 1947 1075
f 32 1997 1947
f 1298 676 1716
f 258 676 1298
f 1075 1365 32
f 465 1075 676
f 465 1365 1075
f 258 465 676
f 100 1142 204
f 1441 1262 136
f 356 1262 1441
f 356 1719 1262
f 1262 1473 136
f 1262 1604 1473
f 1604 207 1473
f 1719 1985 1262
f 1604 702 207
f 1262 1288 1604
f 1985 1288 1262
f 964 631 1155
f 279 631 964
f 1866 1719 356
f 1634 1719 1866
f 1885 1518 553
f 1644 1995 583
f 583 1995 1634
f 1634 1985 1719
f 1995 1985 1634
f 1995 1953 1985
f 1995 245 1953
f 1306 1995 1644
f 1306 1756 1995
f 1197 1756 1306
f 1197 1509 1756
f 1756 245 1995
f 303 1197 1698
f 303 1786 1197
f 1786 322 1197
f 1372 322 1786
f 1372 225 322
f 1111 225 1372
f 1698 1197 1306
f 1197 322 1509
f 225 1509 322
f 225 188 1509
f 1509 188 1226
f 1509 1226 1756
f 407 1430 661
f 407 1371 1430
f 1111 188 225
f 661 188 1111
f 661 534 188
f 1430 534 661
f 534 1226 188
f 534 675 1226
f 534 241 675
f 1430 241 534
f 1371 241 1430
f 241 1531 675
f 241 1154 1531
f 1371 1154 241
f 1371 724 1154
f 1345 724 1371
f 1226 1531 1756
f 675 1531 1226
f 1531 1154 307
f 1154 724 307
f 724 1584 307
f 1507 170 407
f 170 1371 407
f 170 502 1371
f 502 1345 1371
f 502 726 1345
f 1142 726 502
f 1142 581 726
f 581 1478 726
f 1345 1584 724
f 1345 1017 1584
f 726 1017 1345
f 1478 119 726
f 360 258 1298
f 719 360 1298
f 100 581 1142
f 1997 581 100
f 32 581 1997
f 32 908 581
f 1365 908 32
f 465 908 1365
f 13 465 258
f 13 258 360
f 465 69 908
f 13 69 465
f 719 13 360
f 13 1200 69
f 719 1200 13
f 908 69 581
f 69 1478 581
f 69 1911 1478
f 69 1465 1911
f 1200 1465 69
f 1200 1177 1465
f 1604 1745 702
f 1288 1745 1604
f 238 702 1745
f 1745 896 238
f 1745 1285 896
f 1288 1285 1745
f 28 760 896
f 28 896 1285
f 28 137 760
f 28 941 137
f 1285 941 28
f 1285 1348 941
f 1232 1348 1285
f 941 129 137
f 1548 129 941
f 1348 1548 941
f 1548 410 129
f 1985 1557 1288
f 1953 1557 1985
f 1232 1285 1288
f 1557 1232 1288
f 1232 1693 1348
f 1869 1693 1232
f 245 1590 1953
f 1953 1232 1557
f 1953 1869 1232
f 1590 1869 1953
f 1590 1977 1869
f 1856 1553 1869
f 1977 1856 1869
f 1756 1590 245
f 1531 307 1756
f 307 1590 1756
f 307 84 1590
f 84 1977 1590
f 84 1856 1977
f 84 1553 1856
f 1583 1553 84
f 1583 1806 1553
f 1583 768 1806
f 902 768 1583
f 1553 1806 1870
f 307 857 84
f 1584 857 307
f 1584 1017 857
f 1017 1831 857
f 726 1831 1017
f 726 503 1831
f 119 503 726
f 857 1831 402
f 1831 503 402
f 503 119 1336
f 1478 1336 119
f 1478 1126 1336
f 857 402 84
f 402 1336 1583
f 1336 402 503
f 1336 902 1583
f 1336 1126 902
f 402 1583 84
f 1911 1126 1478
f 1126 1353 902
f 1911 1353 1126
f 1911 208 1353
f 1465 208 1911
f 1177 888 1465
f 1177 428 888
f 1353 932 902
f 1353 208 932
f 1465 932 208
f 888 932 1465
f 888 428 389
f 902 932 768
f 932 888 768
f 888 389 768
f 1348 1420 1548
f 410 993 1672
f 993 1970 1672
f 1548 993 410
f 1420 993 1548
f 1693 1420 1348
f 1869 1420 1693
f 1420 554 993
f 1223 554 1420
f 1869 1223 1420
f 1553 1223 1869
f 1553 1870 1223
f 1684 1044 977
f 1044 735 1087
f 735 1044 1684
f 564 1087 735
f 564 1641 1087
f 1860 1641 564
f 1860 1897 1641
f 1044 1768 977
f 1641 1920 1087
f 1087 1768 1044
f 1087 1920 1768
f 1897 1920 1641
f 1897 1093 1920
f 891 1897 1860
f 891 487 1897
f 891 474 487
f 1845 474 891
f 1845 695 474
f 1845 613 695
f 1312 613 1845
f 487 1093 1897
f 474 1093 487
f 474 1775 1093
f 695 1775 474
f 613 1775 695
f 1312 1490 613
f 1312 1212 1490
f 1554 1212 1312
f 1554 943 1212
f 943 1554 82
f 649 82 1554
f 649 1648 82
f 1490 1775 613
f 1490 1156 1775
f 1212 1156 1490
f 943 1156 1212
f 943 1080 1156
f 82 1080 943
f 1648 1080 82
f 1648 71 1080
f 1648 649 825
f 87 825 649
f 87 1125 825
f 1125 87 346
f 87 730 346
f 730 744 346
f 730 634 744
f 730 123 634
f 123 1607 634
f 942 1607 123
f 942 968 1607
f 1438 968 942
f 1438 1014 968
f 1607 405 634
f 405 1250 634
f 1014 1267 293
f 346 515 1125
f 346 520 515
f 744 520 346
f 1250 520 744
f 1250 127 520
f 1267 820 127
f 1267 843 820
f 1267 127 293
f 600 843 1267
f 600 1267 1014
f 825 71 1648
f 1125 71 825
f 1125 824 71
f 515 824 1125
f 127 820 520
f 820 712 520
f 851 843 600
f 712 515 520
f 843 712 820
f 843 1617 712
f 843 1388 1617
f 851 1388 843
f 515 485 824
f 712 485 515
f 1617 485 712
f 824 373 71
f 485 373 824
f 485 186 373
f 1617 186 485
f 1388 186 1617
f 968 405 1607
f 968 293 405
f 1014 293 968
f 405 176 1250
f 293 176 405
f 176 127 1250
f 176 293 127
f 134 178 214
f 134 510 178
f 1039 899 510
f 1327 899 1039
f 309 510 134
f 309 315 510
f 315 1039 510
f 1039 1316 1327
f 247 1327 1316
f 39 214 801
f 39 134 214
f 230 134 39
f 230 309 134
f 867 309 230
f 867 315 309
f 343 315 867
f 343 1039 315
f 148 1039 343
f 148 1316 1039
f 419 1316 148
f 419 247 1316
f 49 39 801
f 362 801 1392
f 362 49 801
f 31 362 1392
f 1175 229 1764
f 230 39 49
f 1537 49 362
f 1537 230 49
f 1537 867 230
f 159 867 1537
f 159 343 867
f 148 343 159
f 1243 419 148
f 31 255 362
f 31 1069 255
f 229 1069 31
f 229 1153 1069
f 1175 1153 229
f 1175 1764 1290
f 255 1537 362
f 92 255 1069
f 92 1537 255
f 92 159 1537
f 124 159 92
f 124 148 159
f 406 148 124
f 406 1243 148
f 1153 228 1069
f 1153 124 228
f 1175 124 1153
f 1175 732 124
f 228 92 1069
f 124 92 228
f 732 406 124
f 167 732 652
f 253 166 56
f 1096 166 253
f 419 56 247
f 253 56 419
f 276 419 1243
f 276 253 419
f 1096 253 276
f 276 1243 406
f 1290 732 1175
f 1290 652 732
f 582 406 732
f 582 276 406
f 582 732 167
f 573 582 167
f 573 276 582
f 573 1096 276
f 1742 1096 573
f 1090 1388 851
f 1742 1969 1096
f 1742 794 1969
f 1203 1564 794
f 1794 458 1561
f 1794 913 458
f 1561 458 810
f 830 1561 1403
f 1403 1561 810
f 1168 1637 1203
f 1650 1168 1203
f 1203 1637 1564
f 774 626 1561
f 566 901 626
f 626 1794 1561
f 901 1794 626
f 901 518 1794
f 901 723 518
f 723 102 518
f 518 913 1794
f 518 781 913
f 102 781 518
f 781 674 913
f 781 420 674
f 1051 774 830
f 683 774 1051
f 683 495 774
f 1748 495 683
f 830 774 1561
f 1748 1477 495
f 1390 1477 1748
f 1390 558 1477
f 1448 558 1390
f 566 626 774
f 495 566 774
f 1477 566 495
f 1448 1754 558
f 1477 901 566
f 1477 1252 901
f 558 1252 1477
f 1252 723 901
f 558 1754 1252
f 1252 102 723
f 1252 1904 102
f 1754 782 1252
f 102 1904 781
f 782 1904 1252
f 1904 420 781
f 1168 1321 657
f 94 1158 1448
f 1158 94 657
f 657 1321 1158
f 1158 874 1448
f 874 1754 1448
f 874 1158 1321
f 874 739 1754
f 739 874 1321
f 1321 1258 739
f 1053 739 1258
f 739 1053 1754
f 1258 1168 1650
f 1168 1258 1321
f 1053 782 1754
f 1053 1026 782
f 1026 1053 1258
f 1093 690 1920
f 1920 690 1768
f 1775 690 1093
f 1775 1789 690
f 71 1269 1080
f 1080 125 1156
f 1269 125 1080
f 1156 1789 1775
f 125 1789 1156
f 125 1408 1789
f 186 232 373
f 186 263 232
f 1388 263 186
f 1388 1107 263
f 373 1269 71
f 373 251 1269
f 232 251 373
f 232 834 251
f 263 834 232
f 1107 834 263
f 834 506 251
f 1107 506 834
f 1107 1455 506
f 251 982 1269
f 251 839 982
f 506 839 251
f 1455 839 506
f 1269 777 125
f 982 777 1269
f 839 282 982
f 1455 282 839
f 1455 679 282
f 982 282 777
f 679 750 282
f 777 297 125
f 282 297 777
f 750 297 282
f 297 1408 125
f 297 117 1408
f 297 1356 117
f 750 1356 297
f 573 167 958
f 1657 573 958
f 1060 573 1657
f 698 1060 1657
f 1834 1742 573
f 562 573 1060
f 562 1834 573
f 1090 1107 1388
f 773 1107 1090
f 773 1455 1107
f 1496 1455 773
f 1496 1891 1455
f 1891 679 1455
f 1891 7 750
f 679 1891 750
f 640 1834 562
f 1785 1834 640
f 1959 1891 1496
f 860 1891 1959
f 1688 860 1959
f 8 860 1688
f 1077 1203 1713
f 1785 1742 1834
f 1785 794 1742
f 1203 794 1785
f 1713 1203 1785
f 810 458 1049
f 1049 860 8
f 458 860 1049
f 458 1926 860
f 1926 1431 860
f 1926 607 1431
f 607 527 1431
f 1650 1203 1736
f 1203 1077 1736
f 913 674 458
f 674 440 458
f 489 440 674
f 420 489 674
f 420 1367 489
f 440 1926 458
f 489 143 440
f 489 1367 143
f 440 662 1926
f 143 662 440
f 143 746 662
f 1367 746 143
f 662 272 1926
f 746 272 662
f 746 163 272
f 1367 163 746
f 272 607 1926
f 272 832 607
f 163 832 272
f 832 1568 607
f 832 678 1568
f 163 678 832
f 1568 878 607
f 678 878 1568
f 782 420 1904
f 782 1222 420
f 420 1079 1367
f 1222 1079 420
f 1367 917 163
f 1079 917 1367
f 1079 1042 917
f 1026 551 782
f 551 1258 1650
f 551 1026 1258
f 551 1222 782
f 551 1266 1222
f 1266 551 1650
f 382 1266 1650
f 1266 382 1222
f 981 1650 1736
f 382 1650 981
f 382 981 1092
f 1222 1092 1079
f 382 1092 1222
f 798 1092 981
f 1092 798 1079
f 798 1042 1079
f 690 1717 199
f 690 1598 1717
f 690 1410 1598
f 787 1410 690
f 787 1699 1410
f 1789 1620 690
f 1620 707 690
f 1620 1800 707
f 707 787 690
f 1789 75 1620
f 1789 668 75
f 75 716 1620
f 668 1113 75
f 1113 1340 75
f 75 967 716
f 1340 967 75
f 1340 591 967
f 716 329 1620
f 967 329 716
f 967 1670 329
f 591 1670 967
f 795 577 1670
f 795 1670 591
f 1475 1715 795
f 1620 221 1800
f 329 221 1620
f 329 937 221
f 1670 937 329
f 577 937 1670
f 1408 513 1789
f 117 513 1408
f 1356 513 117
f 1356 1487 513
f 750 1487 1356
f 513 361 1789
f 513 1058 361
f 1487 1058 513
f 361 668 1789
f 361 1058 668
f 1487 1169 1058
f 1487 1475 1169
f 1058 1113 668
f 1169 1113 1058
f 1113 545 1340
f 1169 545 1113
f 1169 795 545
f 1475 795 1169
f 545 591 1340
f 545 795 591
f 698 1657 1673
f 562 1060 698
f 1220 562 698
f 1220 698 1732
f 788 698 1673
f 1732 698 788
f 788 1673 105
f 7 1715 1475
f 7 632 1715
f 1891 1873 1109
f 7 1487 750
f 7 1475 1487
f 1891 1109 7
f 1109 632 7
f 1220 640 562
f 934 1873 1891
f 860 352 1433
f 860 1433 1891
f 1433 934 1891
f 1785 640 1220
f 1711 1713 1785
f 1454 1785 1220
f 1711 1785 1454
f 1986 1711 1454
f 1454 1220 1498
f 835 352 860
f 1431 1313 835
f 527 944 1431
f 944 1993 1431
f 1993 1313 1431
f 1431 835 860
f 1711 1077 1713
f 1736 1077 1711
f 1736 1711 561
f 1402 561 1711
f 261 1711 1505
f 261 1402 1711
f 1505 1711 1986
f 1124 700 1300
f 194 700 1124
f 194 1827 700
f 337 194 1124
f 700 1275 1993
f 1300 700 1993
f 1827 1275 700
f 1827 597 1275
f 194 1038 1827
f 471 597 1827
f 635 1827 1038
f 635 471 1827
f 878 527 607
f 878 1170 527
f 878 153 1170
f 678 153 878
f 678 550 153
f 153 647 1170
f 153 550 647
f 1170 944 527
f 1170 218 944
f 647 218 1170
f 647 319 218
f 550 319 647
f 395 323 944
f 218 395 944
f 319 395 218
f 319 1476 395
f 550 1476 319
f 944 1300 1993
f 395 991 323
f 1476 991 395
f 550 836 1476
f 323 1300 944
f 323 1124 1300
f 323 337 1124
f 991 337 323
f 991 918 337
f 1476 918 991
f 1476 638 918
f 392 194 337
f 392 1038 194
f 918 392 337
f 918 638 392
f 836 638 1476
f 392 635 1038
f 392 308 635
f 638 308 392
f 836 431 638
f 163 753 678
f 917 753 163
f 917 1905 753
f 1042 1905 917
f 1905 1042 561
f 678 1608 550
f 753 1608 678
f 1905 738 753
f 738 1905 561
f 738 561 1402
f 738 103 753
f 103 738 1402
f 1608 836 550
f 1608 131 836
f 753 103 1608
f 103 1402 483
f 103 483 1608
f 483 1402 1099
f 1608 483 131
f 1099 1402 261
f 131 182 836
f 483 182 131
f 182 483 1099
f 561 798 981
f 1042 798 561
f 561 981 1736
f 1717 797 199
f 1410 302 1598
f 1410 816 302
f 648 816 1410
f 1717 368 797
f 1598 1016 1717
f 457 1016 1598
f 1131 457 1598
f 752 1598 302
f 752 1131 1598
f 816 752 302
f 1061 752 816
f 1061 816 648
f 368 1155 797
f 1717 480 368
f 1016 480 1717
f 1886 480 1016
f 1886 265 480
f 1886 1016 457
f 1131 1886 457
f 1061 1131 752
f 1061 1886 1131
f 707 1165 787
f 707 516 1165
f 1165 478 787
f 1165 704 478
f 516 264 1165
f 787 27 1699
f 478 27 787
f 206 478 704
f 377 206 704
f 264 704 1165
f 264 377 704
f 844 377 264
f 1699 1452 1410
f 1699 986 1452
f 27 986 1699
f 27 350 986
f 1452 648 1410
f 27 65 350
f 478 65 27
f 478 1303 65
f 206 1303 478
f 65 759 350
f 80 1303 206
f 80 206 377
f 844 80 377
f 80 65 1303
f 1965 80 844
f 80 759 65
f 1965 759 80
f 1452 1339 648
f 986 1339 1452
f 986 759 1339
f 350 759 986
f 1339 1061 648
f 759 1061 1339
f 221 973 1800
f 221 916 973
f 937 916 221
f 577 916 937
f 577 1809 916
f 795 1809 577
f 1715 1809 795
f 1800 1057 707
f 387 1057 1800
f 973 387 1800
f 973 1013 387
f 916 1013 973
f 1013 1233 387
f 1809 1233 1013
f 1809 1013 916
f 1057 516 707
f 295 516 1057
f 387 295 1057
f 1233 295 387
f 1233 1354 295
f 1809 1354 1233
f 1809 1965 1354
f 203 264 516
f 295 203 516
f 1354 203 295
f 203 844 264
f 1354 844 203
f 1965 844 1354
f 1534 788 105
f 1640 788 1534
f 1640 1732 788
f 1892 1732 1640
f 553 1412 1886
f 1885 553 1886
f 1885 1886 1061
f 1501 759 1965
f 1501 1061 759
f 1485 1885 1061
f 1485 1061 1501
f 1349 1885 1485
f 1349 1279 1885
f 1715 1501 1809
f 632 1501 1715
f 632 1485 1501
f 1873 1485 632
f 1873 1349 1485
f 1873 632 1109
f 1501 1965 1809
f 1498 1220 1732
f 1892 1498 1732
f 115 1279 1349
f 115 945 1279
f 115 1101 945
f 1442 1101 115
f 1442 1458 1101
f 1824 1458 1442
f 1873 115 1349
f 934 115 1873
f 1433 115 934
f 1433 1442 115
f 352 1442 1433
f 352 1824 1442
f 1946 1310 1454
f 1454 1892 1922
f 1946 1454 1922
f 1986 1454 1310
f 1454 1498 1892
f 1874 1318 51
f 51 1263 1771
f 1318 1375 51
f 1887 938 1086
f 1824 1771 1458
f 586 1771 1824
f 586 51 1771
f 1874 51 586
f 1086 1874 586
f 938 1874 1086
f 1993 1023 1313
f 835 1824 352
f 835 586 1824
f 1313 586 835
f 1313 1086 586
f 1819 1086 1313
f 1023 1819 1313
f 1819 1887 1086
f 261 1505 1310
f 261 1310 1946
f 161 261 1946
f 161 271 261
f 1559 1946 911
f 1559 161 1946
f 1505 1986 1310
f 1874 223 1318
f 1318 1692 1375
f 868 1692 1318
f 868 507 1692
f 905 868 1318
f 223 905 1318
f 526 905 223
f 1207 526 223
f 1662 938 1887
f 688 938 1662
f 915 688 1662
f 438 435 938
f 1457 938 688
f 1457 438 938
f 1068 1457 688
f 915 1068 688
f 915 246 1068
f 435 1874 938
f 1218 223 1874
f 435 1218 1874
f 1207 223 1218
f 450 1207 1218
f 953 1218 435
f 953 450 1218
f 226 953 435
f 438 226 435
f 1068 1024 1457
f 246 1024 1068
f 1457 226 438
f 1457 1024 226
f 1275 1023 1993
f 597 1023 1275
f 597 731 1023
f 635 1679 471
f 731 1819 1023
f 731 6 1819
f 731 220 6
f 597 312 731
f 471 312 597
f 471 563 312
f 1679 563 471
f 1819 841 1887
f 1819 1314 841
f 6 1314 1819
f 220 1314 6
f 220 568 1314
f 312 220 731
f 1627 1256 841
f 1314 1627 841
f 1314 568 1627
f 220 363 568
f 312 363 220
f 563 363 312
f 841 1662 1887
f 841 915 1662
f 1256 915 841
f 1256 246 915
f 1627 168 1256
f 568 168 1627
f 568 1569 168
f 363 1569 568
f 1256 708 246
f 168 708 1256
f 708 1024 246
f 1569 708 168
f 363 521 1569
f 563 521 363
f 308 1679 635
f 308 1550 1679
f 638 1550 308
f 431 1542 638
f 1550 563 1679
f 638 1542 1550
f 1542 468 1550
f 468 505 1550
f 1550 505 563
f 1542 1383 468
f 505 667 563
f 1383 677 468
f 1383 156 677
f 156 1456 677
f 667 521 563
f 468 452 505
f 677 452 468
f 677 259 452
f 677 1456 259
f 667 617 521
f 505 259 667
f 452 259 505
f 836 41 431
f 836 696 41
f 182 696 836
f 11 1099 261
f 1099 11 182
f 696 182 11
f 880 11 271
f 11 880 696
f 41 880 431
f 696 880 41
f 271 11 261
f 880 271 157
f 431 157 1542
f 880 157 431
f 320 271 161
f 320 157 271
f 157 1383 1542
f 1383 157 320
f 320 156 1383
f 156 320 161
f 161 1456 156
f 1456 161 1559
f 368 964 1155
f 368 265 964
f 480 265 368
f 279 964 265
f 1886 279 265
f 1412 279 1886
f 1895 1979 1591
f 1921 1979 1895
f 1469 1979 1921
f 1469 1578 1979
f 1578 1892 1640
f 1640 1534 1591
f 1979 1640 1591
f 1578 1640 1979
f 1279 1518 1885
f 1469 743 1578
f 743 1892 1578
f 1922 1892 743
f 1981 718 1922
f 1922 743 1469
f 1849 1922 1469
f 1849 1981 1922
f 718 1946 1922
f 51 1145 1263
f 1375 1145 51
f 1375 1716 1145
f 1559 911 1981
f 1376 1559 1849
f 1559 1981 1849
f 73 1559 1376
f 40 1376 1849
f 911 1946 718
f 911 718 1981
f 1224 1716 1375
f 1224 1298 1716
f 1692 1224 1375
f 670 1298 1224
f 670 719 1298
f 469 670 1224
f 1692 469 1224
f 1059 670 469
f 593 469 1692
f 593 1059 469
f 507 593 1692
f 905 509 868
f 526 509 905
f 1207 733 526
f 507 512 593
f 868 512 507
f 509 512 868
f 733 509 526
f 670 1200 719
f 670 394 1200
f 1059 394 670
f 593 394 1059
f 512 394 593
f 512 1596 394
f 512 826 1596
f 509 826 512
f 509 1299 826
f 733 1299 509
f 394 1177 1200
f 394 1596 1177
f 450 733 1207
f 450 1924 733
f 953 1924 450
f 226 1924 953
f 1024 1924 226
f 1024 72 1924
f 1924 1299 733
f 1924 813 1299
f 1924 1416 813
f 72 1416 1924
f 72 1846 1416
f 521 1393 1569
f 708 1385 1024
f 1569 1385 708
f 1569 1393 1385
f 1024 1385 391
f 521 404 1393
f 391 72 1024
f 1393 612 1385
f 404 484 1393
f 1393 862 612
f 862 484 914
f 484 862 1393
f 914 354 862
f 612 686 1385
f 612 354 686
f 862 354 612
f 1546 914 606
f 354 914 1546
f 1385 1216 391
f 1216 686 1546
f 686 1216 1385
f 686 354 1546
f 1877 1546 606
f 1216 1546 1877
f 391 1846 72
f 391 154 1846
f 154 1216 1877
f 1216 154 391
f 256 1456 1559
f 259 256 737
f 1456 256 259
f 667 737 617
f 259 737 667
f 256 497 737
f 617 376 521
f 617 1335 376
f 1335 737 497
f 737 1335 617
f 497 256 1559
f 376 404 521
f 376 994 404
f 1335 994 376
f 1335 73 994
f 73 1335 497
f 484 404 73
f 404 994 73
f 73 497 1559
f 73 914 484
f 914 73 1376
f 606 914 1376
f 1805 1661 1639
f 1805 1140 1661
f 1140 1497 1718
f 1140 1718 1661
f 411 1497 1140
f 93 411 1140
f 1370 93 1140
f 1805 1370 1140
f 93 1469 1921
f 93 1921 411
f 411 1921 1497
f 681 1370 1805
f 1567 1370 681
f 1370 1812 93
f 1370 1982 1812
f 1812 1469 93
f 1982 1469 1812
f 1190 20 1567
f 989 1975 286
f 286 1982 1370
f 20 286 1567
f 20 989 286
f 286 1370 1567
f 286 1469 1982
f 1849 1469 286
f 1975 1849 286
f 1576 1776 1296
f 768 1296 1806
f 768 74 1296
f 74 1576 1296
f 1806 1296 1870
f 1576 20 1776
f 1776 20 1190
f 1296 1776 1190
f 1376 40 989
f 1209 1376 1576
f 989 926 1975
f 989 40 926
f 1576 989 20
f 1376 989 1576
f 40 1849 926
f 926 1849 1975
f 1596 956 1177
f 1299 1264 826
f 956 428 1177
f 1596 1328 956
f 1596 62 1328
f 826 62 1596
f 826 655 62
f 1264 655 826
f 453 1328 74
f 62 655 74
f 428 453 389
f 956 453 428
f 1328 453 956
f 1328 62 74
f 389 453 768
f 655 1576 74
f 655 1762 1576
f 768 453 74
f 1416 378 813
f 1416 451 378
f 451 1846 1209
f 1846 451 1416
f 451 1209 1492
f 1299 1466 1264
f 813 1466 1299
f 813 379 1466
f 379 378 1492
f 378 379 813
f 378 451 1492
f 1492 1209 1576
f 1264 1762 655
f 1264 1466 1762
f 1466 379 1762
f 1762 1492 1576
f 1762 379 1492
f 1877 1088 154
f 1846 1088 1209
f 154 1088 1846
f 1088 606 1376
f 1877 606 1088
f 1209 1088 1376
f 993 1633 1970
f 1633 1639 1970
f 1633 1805 1639
f 554 1633 993
f 1633 681 1805
f 1567 681 1633
f 1223 1567 1633
f 1296 1567 1223
f 1870 1296 1223
f 1296 1190 1567
f 1223 1633 554

