# https://github.com/mikedh/trimesh
v -0.31665319 -0.46251711 0.17047228
v -0.28503358 -0.54142809 -0.33250561
v -0.56688130 -0.20274243 0.13404267
v -0.29415801 -0.53652602 -0.31957901
v -0.35863560 -0.53030032 0.27286103
v -0.34401667 0.50968909 0.27201310
v 0.03301853 -0.44626552 -0.36753470
v -0.39859101 -0.25827506 -0.36014473
v 0.02188056 0.50584394 -0.44288021
v -0.17432401 -0.53527099 0.37888700
v 0.42120743 0.38640928 -0.27034169
v -0.12609272 0.05962684 0.27283970
v 0.48149002 -0.27178448 0.29780513
v -0.35664248 0.06553797 0.44976804
v 0.26157054 -0.46235937 -0.24710053
v 0.19161922 -0.53328341 0.26447755
v -0.38584614 -0.36992261 0.36880532
v -0.23039387 0.48223394 -0.26404902
v -0.11473408 0.48840404 -0.26568952
v -0.38365281 0.54305148 -0.23039988
v -0.38395724 -0.54024935 -0.19581220
v 0.40717268 -0.53983212 0.13777982
v -0.26159164 -0.53477275 -0.34998202
v 0.34531707 0.50739521 0.27358791
v -0.31844601 -0.53886497 0.30652201
v -0.30097243 -0.53188670 0.02914292
v -0.31245980 -0.54242307 -0.05416171
v -0.29479319 0.10423228 0.49430853
v 0.23788641 -0.53937382 -0.17203313
v 0.31050292 0.48612833 -0.16172428
v 0.23414646 -0.53409743 -0.36567912
v -0.02247553 -0.54429185 -0.31161284
v -0.01608841 -0.45428148 0.49604189
v -0.41751218 -0.54244244 0.13849527
v -0.50512272 -0.11341333 0.26745364
v 0.02849599 -0.36678681 -0.39463368
v -0.10307068 0.50814575 -0.41069490
v -0.31924000 -0.53441000 -0.29498100
v 0.32148299 -0.51906395 0.28965285
v 0.37601113 -0.51894873 -0.19015318
v 0.40048254 0.45816168 -0.24921171
v 0.08813114 -0.47442660 -0.44458556
v 0.04209585 0.33535936 0.51465786
v 0.48483169 0.32588375 -0.15609869
v -0.37837112 -0.47747648 0.25508273
v -0.15471290 -0.53517449 0.28699562
v 0.33663711 0.54558331 0.28029850
v 0.35992613 -0.52011573 0.24253602
v 0.25960952 -0.52735025 0.13364214
v 0.43271905 -0.51428252 -0.10014477
v -0.58632201 0.01097134 0.14104626
v 0.04230625 -0.54143935 0.43452266
v -0.39569733 -0.53805417 0.17841940
v -0.32013044 -0.53074694 -0.07126974
v -0.37726051 -0.52691072 0.25029290
v 0.22203730 -0.51410246 -0.38210970
v 0.26379311 -0.53697783 -0.10980661
v 0.26511818 0.49655187 0.22298287
v -0.41010296 -0.51542932 0.15712567
v 0.34713772 -0.54056579 -0.27578482
v -0.35598564 -0.42940432 -0.10635033
v 0.00462008 -0.54619831 -0.33627766
v -0.42919567 -0.53772241 0.02836105
v 0.28262532 0.18663685 0.51326013
v 0.18935941 -0.53809786 0.40368307
v 0.20717008 0.19376685 0.37885889
v 0.31545848 -0.53850937 -0.30860099
v 0.11012032 0.50884342 -0.26166433
v -0.07080078 0.49602100 0.28177696
v -0.47946435 -0.44578469 -0.14270329
v 0.38200456 -0.47999698 0.24742790
v 0.06733036 -0.54154563 -0.31753486
v -0.42577225 0.50846893 0.05086254
v -0.48021442 0.37423509 0.16159923
v 0.43363491 0.05885661 -0.10449994
v 0.17990986 -0.52593863 0.39585009
v -0.18387464 -0.52956802 0.37031657
v 0.49699262 0.31792799 0.14534579
v 0.31840274 -0.53867137 0.00627401
v -0.30265903 -0.26976267 0.28852317
v 0.42927298 -0.26280275 0.32457909
v 0.42331806 -0.46757901 0.18627109
v -0.44548628 -0.51260841 -0.12872115
v 0.23321226 -0.10282607 -0.37688690
v 0.36904019 -0.54159319 -0.21059664
v -0.12082926 0.27588320 0.39898157
v -0.13880092 0.50940073 -0.39685652
v -0.12848605 -0.52762049 0.39554581
v -0.28941014 -0.51799923 -0.32532111
v -0.24038547 -0.51837063 -0.36394918
v -0.01292937 -0.29910594 0.41102612
v 0.41870522 -0.53097314 0.06684055
v -0.42713276 0.54310733 -0.13474853
v 0.17384230 -0.53767234 0.40597647
v -0.32370645 -0.52753687 -0.28770450
v 0.32801840 -0.51692492 -0.27461675
v -0.45265386 0.17578812 0.32745719
v -0.05911439 0.50882441 -0.27054983
v -0.21878916 0.50961781 0.17067528
v 0.13936456 -0.17157598 0.57157695
v -0.29108518 -0.45730838 -0.36536115
v -0.33952463 0.48704782 -0.07772997
v -0.27208188 -0.54182798 -0.34497476
v -0.28780019 0.50793308 0.32261443
v -0.03861476 -0.53188646 -0.35602590
v -0.35671958 -0.53665751 0.24337201
v 0.34430724 0.49291268 -0.02563092
v -0.28331649 -0.48072115 0.35962018
v -0.17872748 -0.43345258 -0.32420108
v 0.26197326 -0.52459699 0.19793074
v -0.43873554 -0.53834522 0.08497211
v -0.28610492 -0.33695322 0.46389198
v -0.26010728 -0.51346272 -0.35601488
v 0.31404525 -0.54420733 0.06228528
v -0.35329542 0.28325352 -0.21734454
v 0.05002290 -0.54056883 0.31460306
v -0.19039363 0.50102705 0.29605538
v -0.43963510 -0.48092091 0.11608340
v -0.54870594 -0.24157974 0.00541486
v -0.41896346 -0.51880831 0.10712569
v -0.34322977 0.50973940 -0.14057378
v 0.12528208 -0.52417159 0.40903440
v 0.20747899 0.50908840 -0.19704796
v 0.43166938 -0.52948534 -0.13383125
v -0.27927816 -0.52836084 0.10136341
v 0.12525620 0.48913366 0.32282788
v 0.00027057 0.53764677 -0.11947095
v 0.43802339 -0.41420060 0.26950130
v -0.20132284 -0.53644276 0.22546905
v -0.25546584 -0.46469513 0.41948393
v -0.13258854 -0.54134208 -0.27554458
v 0.05056977 -0.54101467 -0.43327457
v -0.22930452 -0.54076129 -0.22971372
v -0.21317081 -0.54226476 0.24008253
v -0.30841440 0.01208463 0.00001101
v 0.43380001 -0.54098099 -0.03268640
v 0.00885874 -0.50362611 -0.44659859
v -0.16437915 0.05418228 0.25910214
v -0.26574287 -0.54214233 0.17795943
v -0.16007464 -0.47465748 -0.26228589
v -0.32355410 -0.52995431 0.06090945
v 0.43037626 -0.53987110 0.05402214
v 0.22952984 -0.54238564 -0.37997431
v -0.00085683 -0.45658261 0.30808958
v -0.45936289 -0.46949530 0.00784217
v 0.43475503 0.09033880 0.37405646
v 0.37428561 -0.54168415 -0.19700851
v 0.05945820 0.48615733 -0.34407213
v -0.43528855 -0.30959529 -0.28289825
v -0.28595373 -0.53781831 -0.13824829
v -0.37841627 -0.30971792 -0.35948223
v -0.28846771 0.48126325 0.08179060
v 0.19859788 -0.53968984 -0.38898480
v 0.30826536 0.00001597 0.00021279
v -0.34325665 -0.47488371 -0.30685294
v 0.28563681 0.49836096 0.19576611
v -0.30075058 0.46812579 0.34869373
v -0.21731274 0.50225222 0.19317622
v 0.10180450 -0.54058278 0.41702366
v -0.12649025 -0.51294684 -0.31295362
v 0.00857079 -0.37391803 0.50134254
v -0.15090813 -0.47281516 -0.43766767
v -0.10817663 0.54490000 0.43036255
v 0.11824930 -0.54032081 -0.27535146
v -0.40844068 0.07008886 0.39689636
v 0.24256396 0.49252507 -0.24688554
v -0.37214407 0.38162929 -0.11113743
v 0.49973595 -0.32485956 -0.14120077
v -0.46710315 -0.37813944 0.25141492
v 0.24338469 -0.53180224 0.18774842
v -0.33614805 0.39782855 0.18336909
v 0.41164455 -0.08553658 0.43573782
v -0.48241594 -0.36743295 -0.12649769
v -0.33517554 -0.53717291 0.27527022
v 0.14475824 -0.54271334 -0.28539836
v 0.12767477 -0.52090299 -0.40888578
v 0.38608542 -0.13153887 -0.21167253
v -0.10481630 -0.54251391 0.30338162
v -0.26678735 -0.54038590 0.16277264
v -0.26165766 0.50135422 0.14722653
v -0.07717768 -0.54242897 0.30195740
v 0.39992630 -0.34007853 0.01015963
v -0.25519919 -0.51762533 0.34767121
v 0.18232188 -0.54414219 -0.26400056
v -0.14534922 0.50938046 0.33094692
v -0.21521817 -0.54394573 -0.38673234
v -0.44503307 -0.54089922 -0.00593653
v -0.13898410 -0.54079926 -0.30365270
v 0.20524268 -0.53744268 0.24942072
v 0.36564603 -0.24113044 0.40778953
v 0.03918957 -0.53998035 -0.40233845
v 0.43551150 -0.54239041 -0.07833181
v 0.04843068 -0.51607853 -0.43467367
v -0.02037510 -0.53463393 0.32613936
v 0.58206791 0.07253520 0.00756248
v 0.31886438 -0.53978395 -0.00581056
v -0.14845183 0.43356195 0.43799868
v -0.15086935 -0.53276896 0.26901081
v -0.51392508 -0.19186789 0.27929726
v 0.03273748 -0.54257691 -0.37599826
v -0.36065924 0.30203232 0.19614059
v 0.17449570 0.54498065 0.40595123
v 0.36413831 -0.54289800 0.25055304
v -0.02470176 -0.51745713 0.30200630
v -0.28763604 0.49179736 0.19151643
v -0.27798280 0.37299564 0.42651352
v -0.44646332 0.46769634 -0.12160555
v 0.25576255 -0.53842521 0.36013159
v -0.42164394 -0.53048873 -0.11314753
v -0.42136550 -0.53760952 0.06565837
v 0.08394480 -0.53937978 0.43775079
v -0.14952748 0.40494192 0.49764910
v 0.35111457 -0.44459325 0.10386489
v -0.32014894 -0.54039341 0.03099624
v 0.16700885 -0.53656304 -0.41447517
v 0.39358747 -0.53985894 -0.15960301
v -0.15180863 -0.54293853 -0.28423825
v -0.51157385 0.02295266 -0.31868970
v -0.44335145 -0.54074103 -0.02012688
v -0.32928118 0.49584529 0.10490032
v -0.18496664 -0.47457340 0.30234954
v 0.23725316 -0.54224473 0.36982468
v -0.40818608 -0.54102802 -0.16455252
v -0.28743479 0.50804764 0.03580179
v -0.41565114 -0.52303982 0.18544881
v 0.37152204 -0.53147352 -0.25344858
v 0.42335644 -0.53988457 0.09037903
v 0.05427483 -0.54173845 -0.30911189
v -0.20921791 -0.53208625 0.21558028
v 0.44926721 -0.52591437 -0.05659644
v 0.10089631 -0.53700519 -0.41737312
v -0.31253052 -0.53897101 -0.02986790
v 0.25735381 -0.36633578 0.42044297
v -0.07259510 0.46601224 0.27585974
v -0.08809324 0.50870854 -0.34831724
v 0.30029508 0.49200550 0.32447681
v 0.02117997 -0.51096261 -0.29277003
v 0.40149534 -0.07090673 0.41008762
v -0.25620338 -0.53379804 -0.17451160
v 0.14279470 0.50900465 -0.32981282
v 0.37691072 -0.54312819 0.23170596
v -0.16308722 0.50272280 0.24636097
v -0.34598804 0.49531481 -0.03527256
v -0.07749652 0.49418736 0.33730146
v 0.31555006 -0.54122812 -0.03349744
v -0.43287918 -0.54000539 -0.02773332
v 0.08443989 -0.45477852 0.35231248
v -0.20097710 0.50147951 0.20978072
v -0.29971260 -0.52417189 0.31198466
v 0.34548581 -0.51644343 -0.24434513
v -0.05357285 -0.53244448 0.42748004
v -0.40546799 -0.53591800 0.16282500
v 0.03006832 -0.53936070 0.43302602
v 0.47702330 -0.42859623 -0.00321954
v 0.33150387 -0.54057860 -0.26956156
v 0.43075466 -0.51641619 0.05132433
v -0.52316922 -0.30673048 0.00454798
v 0.38064331 -0.44347197 0.28198770
v -0.40805918 -0.27570188 0.39099935
v -0.41165355 -0.07317295 -0.43692580
v -0.25268638 0.50847220 0.25242847
v 0.03465388 -0.52439350 -0.40017822
v -0.23209937 0.21031049 0.19948925
v 0.06381687 -0.53044438 -0.30060685
v -0.40405443 0.50846851 0.11289580
v 0.20022711 0.49809110 -0.28401905
v -0.27305833 -0.52950990 -0.12334026
v 0.20948997 -0.54159558 -0.22907855
v 0.40891063 0.31218731 -0.33840382
v -0.19605413 -0.54048097 0.23481016
v 0.35197827 -0.28932190 0.21691456
v 0.11515213 0.37748080 -0.37202185
v -0.25873256 0.50844997 -0.24883480
v 0.18461265 -0.51826102 -0.39323515
v -0.27486792 0.50638944 -0.06400882
v 0.25523025 -0.53699750 0.17867875
v 0.05012754 -0.53341234 -0.35717237
v 0.16220090 -0.53201020 0.41893563
v 0.33351728 0.51018846 -0.27977389
v -0.25419644 0.48528188 -0.23867744
v 0.55119789 -0.17032963 -0.14595748
v 0.22888251 -0.51861852 0.37081385
v -0.02423522 -0.51526010 0.43803948
v -0.01672952 -0.36245006 0.53611773
v 0.38818359 -0.37391600 -0.36406696
v -0.42537895 -0.54163885 0.10300872
v 0.39889377 -0.53746241 -0.20583424
v 0.21161380 -0.46443620 -0.41353405
v 0.22908884 0.00598825 0.20030883
v -0.41395572 -0.53860229 0.12628636
v -0.15485710 0.49462646 -0.31075227
v -0.34572887 0.49461585 0.00568769
v 0.22865622 0.50598484 -0.18024246
v -0.28912759 -0.54300934 0.14163399
v -0.06849673 -0.54164279 0.31481209
v -0.22295153 -0.54075187 0.36069405
v -0.05439558 -0.53704661 0.44296801
v 0.27859855 -0.53823167 0.10946455
v 0.09089460 0.37685892 0.37924370
v 0.42361140 -0.54084116 0.07827514
v -0.21116701 -0.33046362 0.34304649
v -0.43640262 -0.53877234 0.01656508
v -0.33923101 -0.45723021 -0.36037686
v -0.37241346 -0.42660010 -0.01073113
v 0.35756835 -0.54196227 -0.23465204
v 0.43291679 0.54149491 0.12031877
v 0.18200390 -0.53266877 0.23194106
v -0.23101012 0.28907812 0.19986220
v 0.52755964 -0.34434092 -0.12814210
v -0.18832505 0.44838372 -0.24065854
v -0.27274549 0.50851041 0.08365979
v -0.39752424 -0.52737522 0.22195144
v -0.20079988 -0.54290682 -0.39364368
v 0.20031928 0.17476504 -0.52278113
v -0.06419947 0.48128316 0.34374282
v -0.33317953 -0.53530759 -0.29499805
v 0.09660426 0.50955838 -0.35127267
v -0.37544394 -0.51910192 0.21803629
v -0.37699652 0.50402457 -0.24253234
v 0.32870060 -0.54296112 0.29191294
v -0.43051133 0.47006476 0.17067353
v 0.10413196 -0.54109102 0.43423069
v -0.32336920 0.54549617 -0.29881099
v -0.41794786 -0.53946012 0.08988708
v -0.30949864 -0.51720405 -0.30780819
v -0.51523066 0.33402842 0.06719936
v -0.17708132 0.54557693 -0.40283391
v -0.24683838 -0.34705859 -0.45197234
v -0.09215289 -0.54336345 0.30751333
v -0.27442411 0.47352600 0.13433751
v 0.51404130 -0.36275586 0.15322173
v -0.01004148 -0.53131771 -0.35893717
v 0.45987731 -0.35045314 0.28410012
v 0.28657684 -0.54072446 0.13190523
v -0.26796457 -0.53249425 -0.15135194
v 0.22971570 0.46786734 0.20371522
v -0.30664241 -0.54336751 0.06021314
v -0.34564719 -0.52948457 0.26067680
v 0.39218500 -0.32974994 -0.09394018
v -0.26165149 0.50906813 0.12135740
v 0.22222799 -0.53680050 0.21780109
v 0.18807517 -0.54168171 -0.39896223
v -0.44539553 -0.53158891 0.06344695
v 0.11541951 -0.46067667 0.47939831
v 0.55041498 -0.19371265 0.08415837
v 0.27922714 0.48121440 0.21100798
v -0.14971381 -0.53921533 0.39137408
v -0.26569375 0.49108893 -0.22139205
v 0.07834517 -0.52847469 -0.42037946
v -0.31172353 -0.54293031 0.04206028
v 0.29791409 -0.53564155 0.04582981
v 0.50020713 0.28625065 0.19464633
v -0.41054252 -0.53372896 -0.13758098
v -0.41677904 -0.53681499 0.07599462
v -0.22326720 -0.51823628 0.19971217
v -0.13215452 0.50670075 -0.32705501
v 0.39222747 0.24427341 -0.38781694
v 0.38469237 0.53808069 0.23448230
v -0.27280810 -0.51993322 -0.33956292
v 0.08980685 -0.54153281 0.41850150
v -0.35479400 -0.53585798 0.25683600
v 0.22604498 0.50874043 0.28167748
v 0.32232580 -0.44465792 -0.17424692
v 0.27822822 -0.37917233 -0.45116487
v 0.12724584 -0.54090214 0.41103756
v 0.39425051 -0.51822972 -0.16049702
v 0.01092086 -0.41778401 0.48416299
v -0.13279292 -0.51482642 -0.40699774
v 0.26935953 0.50901103 -0.23822245
v -0.29451174 -0.54318160 0.10226677
v -0.23987578 -0.54189008 -0.21155456
v 0.13422602 -0.27825978 0.54827482
v 0.29978943 -0.52217835 -0.02072542
v 0.26729494 0.49184313 -0.21952294
v -0.27057829 0.41794303 0.43668771
v -0.24721973 -0.42987582 0.40930134
v 0.26219547 0.49357739 0.13806887
v 0.32538196 -0.54298574 -0.29845113
v -0.33994997 0.49663445 0.07156335
v -0.22738303 -0.54212058 0.22755739
v -0.06619832 -0.53742015 0.42653847
v -0.29391974 -0.53560072 0.32167494
v -0.17859036 0.50919765 0.39016837
v 0.26691684 -0.52036965 0.11358265
v 0.30235326 0.50863200 0.30039090
v 0.25190422 -0.44205830 0.26693884
v -0.56726009 -0.17913447 -0.01318616
v -0.32253507 0.50892323 0.16143122
v -0.10761084 -0.54276031 -0.37787086
v -0.55879343 0.09105892 0.10492829
v -0.21309285 -0.05483741 -0.39175716
v 0.39598528 -0.53975368 0.18779926
v 0.41279921 -0.47593930 0.25475937
v 0.02271777 0.50582433 -0.35469288
v 0.33666572 -0.54073137 0.27588293
v -0.16211298 0.48788819 0.41587293
v -0.54297549 -0.29788101 0.13100256
v 0.11772676 -0.33576557 -0.38368952
v -0.26412436 0.50836658 -0.08483356
v -0.43212929 -0.53641164 -0.07792529
v -0.34429440 -0.37219837 0.18605085
v -0.11193116 -0.48302624 0.43892685
v 0.40755835 -0.53562009 0.11016069
v -0.08961530 -0.53069699 0.41094640
v -0.22737712 -0.52563286 0.39526153
v -0.21597551 0.54553193 -0.38659662
v -0.44229656 0.50617975 -0.02215946
v -0.22692961 0.45286834 0.20582375
v 0.18188906 -0.53996927 0.24637748
v 0.03756127 -0.54557866 -0.32438639
v 0.20382005 0.37933731 -0.33147183
v -0.19265236 -0.44075769 0.43022311
v -0.28815851 -0.34907964 0.27444082
v 0.13900332 -0.54121661 -0.41231713
v 0.43371749 -0.54124612 -0.06610531
v -0.45435816 0.30924398 0.26511618
v -0.04575266 0.49359214 -0.34264767
v -0.25061551 0.50806683 -0.13091272
v 0.38683724 -0.54123104 -0.17341393
v -0.50500590 0.07837323 -0.26352182
v 0.30446744 0.25855684 -0.29004109
v -0.24802798 -0.54117602 0.18631513
v -0.24745232 0.50693423 -0.15764210
v -0.18777172 -0.54116482 0.26223859
v 0.33971533 0.49551314 0.05872029
v 0.19696550 0.30299658 0.35925475
v -0.18209203 -0.37894356 -0.24435279
v -0.22280580 -0.54033917 0.20800613
v -0.45735788 -0.36207834 -0.28050625
v -0.00364754 0.30165681 -0.53622502
v -0.23525083 -0.54127413 -0.36852273
v -0.24507038 -0.53757524 -0.35964710
v 0.38306126 -0.54150486 -0.18673274
v 0.15721516 0.05287957 0.55785090
v 0.21143332 -0.54280180 0.38900566
v -0.25320303 0.50898451 0.35137469
v 0.33772266 0.50701797 0.10444339
v 0.15161915 0.45823073 -0.44676811
v 0.36917013 -0.54236132 0.23700412
v -0.29468602 -0.52370554 -0.05071467
v 0.42894047 -0.54388624 0.10597478
v -0.40041488 -0.51947552 -0.16225764
v -0.12795246 0.01629720 0.42835578
v -0.10877088 -0.53942657 -0.33190924
v 0.17126264 0.50930977 0.32148111
v -0.31566381 -0.53956670 -0.04243990
v -0.04163885 0.50592387 0.34737295
v -0.33543217 -0.42995062 -0.35443816
v -0.16057605 -0.51336795 -0.26097852
v -0.23483036 -0.54030222 0.19600172
v 0.01202699 0.49776992 0.35233369
v -0.16178840 -0.29421383 0.53572571
v -0.37194541 -0.54262799 -0.23626561
v 0.43080154 -0.20079356 0.35517934
v 0.19592430 0.48859540 -0.22769159
v -0.16302703 -0.53954232 -0.27412060
v -0.38407755 -0.36137602 0.09034929
v -0.41472495 -0.47827959 -0.24878563
v -0.30642900 -0.53900898 -0.31835100
v 0.41660991 -0.53069866 0.17063202
v -0.20043539 0.40232089 0.32420596
v 0.43949348 -0.54201919 0.03038642
v 0.01765324 0.08946551 -0.57956386
v -0.05432612 -0.54231322 0.31333652
v -0.35407731 -0.45193082 0.08298977
v 0.20362893 -0.54161215 -0.24795280
v -0.28217402 -0.53944349 0.11383309
v 0.12807643 -0.11864807 -0.42261657
v 0.29198411 0.48034823 -0.04191181
v -0.42612278 -0.53762203 0.05298779
v 0.34586331 0.32363549 -0.39807412
v 0.27787274 -0.52878898 0.08557634
v 0.14992091 -0.54001474 0.40706658
v 0.10703164 -0.43392423 -0.35416380
v -0.32367492 -0.52057439 0.28881371
v 0.39045680 -0.53867781 0.21289408
v -0.38116825 -0.54138225 0.21188302
v 0.41068214 -0.51932836 -0.13259661
v -0.15031223 0.49684948 0.25938931
v 0.41163501 -0.54359275 0.15131667
v -0.27093711 -0.42141214 0.25856006
v -0.11552415 0.47112316 0.25668380
v -0.28213853 -0.53546566 -0.12112844
v -0.15941873 -0.46257493 0.26274326
v 0.22738910 -0.54089612 -0.23005189
v 0.30550981 -0.52349132 0.12688439
v 0.24657714 -0.53047013 0.21350683
v -0.30552492 -0.00087283 -0.32578501
v -0.28100350 -0.54354101 0.12656280
v -0.20640998 -0.53915191 -0.22209927
v 0.03788989 0.49381873 -0.34460333
v 0.13165179 -0.53790957 -0.29617646
v -0.17668113 -0.53842032 -0.40108955
v 0.20843531 0.50698745 0.19763792
v -0.44976452 -0.52929276 0.03420021
v 0.32947245 -0.52583545 -0.02012291
v -0.29019108 0.34243065 0.27502787
v -0.12179338 -0.54091311 -0.32154417
v -0.20018381 -0.51946503 0.36981294
v 0.22773662 0.50902253 -0.15647116
v 0.27129936 0.42053881 -0.25854251
v -0.25143084 -0.54369771 0.36309630
v -0.21467358 0.48874229 0.27181530
v 0.41677687 -0.51915365 0.09660900
v -0.36591569 -0.53939062 0.23400432
v -0.11926456 0.50884974 0.24508779
v -0.19327299 0.48794577 0.28912419
v -0.01609388 0.41248405 0.51591188
v 0.28358194 0.50944364 -0.22496253
v -0.19398777 0.50968587 0.19341816
v -0.07251421 -0.54212272 -0.43925518
v -0.43702051 0.16907340 -0.35514709
v 0.17354250 -0.53996807 -0.39503676
v -0.33414888 -0.53006136 -0.27308077
v 0.35621899 0.54561597 0.25507891
v 0.25511533 0.50912613 -0.25500864
v 0.52551079 -0.08769275 -0.28832012
v 0.16393256 -0.54106420 0.40543181
v -0.12203544 -0.53902370 0.28454417
v 0.24279778 0.50553310 0.16343847
v -0.40464959 -0.53759396 0.13585944
v 0.50133342 -0.18162188 -0.24213965
v 0.39273319 -0.53320825 0.19837508
v -0.32357907 0.48677379 0.12578830
v -0.28918329 -0.54145217 0.09062708
v 0.01848415 -0.53202361 0.32376537
v -0.36421260 0.50972086 0.02381612
v -0.17843913 0.50681174 -0.30574781
v -0.20037495 -0.54186088 0.25113520
v -0.16247141 -0.53649330 0.26760462
v 0.14171959 -0.45525762 -0.47509679
v 0.08922672 -0.54013896 -0.42260444
v -0.20995057 -0.53087425 0.36142215
v 0.14980641 -0.53795797 -0.40503693
v 0.44410449 -0.36695981 -0.24774741
v -0.01078332 0.50674284 0.35424250
v -0.08813484 0.49177116 0.43250531
v -0.26223156 0.40120119 -0.27720597
v 0.21281956 -0.54167473 -0.38911456
v -0.15478173 -0.54226726 0.40581685
v 0.52465719 0.31149769 -0.05653150
v -0.30712014 0.50948566 0.19373804
v -0.28454897 -0.52694213 -0.08435138
v 0.12503792 -0.23328228 -0.40640843
v -0.21236739 -0.54328620 0.37697095
v 0.35949022 -0.54036820 0.23949821
v 0.31695166 -0.54170448 -0.05982660
v -0.20744289 -0.54404587 -0.23850632
v -0.02698570 -0.53873843 0.31109539
v 0.37158650 -0.39470291 -0.32967716
v 0.28312001 -0.53469300 0.33119300
v -0.24225086 -0.53256518 -0.18467288
v 0.26896119 0.50579721 -0.09655166
v -0.27482426 -0.34260985 -0.29004687
v -0.04479095 -0.53104734 0.29932675
v -0.39869538 -0.54268664 -0.19001319
v -0.15652597 0.50936413 0.22707097
v -0.38218722 -0.54174083 -0.21134368
v 0.26653048 -0.54108500 -0.18167797
v 0.07520197 -0.54116738 0.29185647
v 0.23828928 0.50917047 -0.26929736
v 0.31297258 -0.53917515 0.30118826
v -0.18684281 -0.54035640 -0.24332747
v 0.04082754 -0.53237557 -0.36598483
v 0.26874048 0.49553552 -0.12985203
v -0.42848316 -0.53680426 -0.08970539
v -0.07009102 -0.53340065 0.44286045
v 0.28901932 0.34284768 -0.27607632
v -0.25392979 0.48699179 0.23882817
v 0.31437755 -0.53832352 -0.08477679
v 0.32534093 0.49164203 0.11817811
v -0.06042746 0.50759852 0.34759444
v -0.30037847 0.49368376 0.17336322
v -0.09550413 0.49445927 0.33290642
v 0.30790427 -0.48660541 0.00010207
v -0.41084170 0.46541399 0.21887262
v -0.43369377 -0.07649584 -0.37186462
v 0.51382023 0.29811788 -0.15219255
v -0.02448376 0.50168186 -0.35335150
v 0.31448415 -0.09659083 -0.50922161
v 0.43562931 -0.51949543 0.02362696
v 0.24866533 0.48852015 0.24348958
v 0.01678438 0.36142135 -0.53685951
v 0.36123845 -0.51669306 -0.21706615
v 0.48725536 0.09135372 0.29363677
v -0.37211972 -0.54008871 0.22063084
v -0.54419386 -0.20198680 0.08499587
v -0.42307469 0.50890744 -0.06006014
v -0.31449836 0.50806648 -0.16459101
v -0.21202067 -0.54114628 0.22238143
v 0.28543058 0.50392139 -0.20601828
v 0.03283791 -0.51725245 -0.41764197
v 0.00082152 0.45751557 -0.30512998
v -0.09061452 0.50906920 0.41313067
v 0.06620550 0.54427189 0.43827760
v -0.44953793 -0.45035106 -0.12452704
v 0.03562045 0.49565795 0.34591997
v 0.36342871 0.50969893 -0.05100402
v -0.25954947 -0.53556919 -0.18635678
v 0.40898007 -0.54311758 -0.16352837
v -0.34791306 -0.53239626 -0.28393352
v -0.23614135 0.49418125 -0.18473193
v 0.41019744 0.54564542 0.15752970
v -0.29013428 -0.54033345 -0.32574436
v -0.01188761 -0.51269579 -0.33672905
v 0.16457267 -0.24765241 -0.54794770
v -0.29033014 -0.53892386 -0.10187832
v 0.26948512 0.50305146 -0.11593288
v 0.30184335 -0.53940719 0.11187468
v 0.22463268 0.33227515 -0.19481458
v 0.32435539 -0.16378829 0.46428165
v 0.20220785 -0.51791602 -0.22581096
v 0.16009982 -0.53907883 -0.25344872
v -0.00519174 -0.52966666 0.31901988
v -0.32634586 -0.53425676 0.00816807
v 0.37859511 -0.51875174 0.21982886
v 0.36132008 -0.54203212 -0.22063336
v 0.23601903 0.47450736 -0.18105899
v 0.49094832 -0.46435177 0.01412672
v -0.34929532 -0.42570800 0.30914167
v -0.40521339 -0.32086375 -0.01134143
v 0.26106218 0.51057547 -0.34444115
v -0.04703199 0.50924307 0.27412182
v -0.08411413 0.54385811 0.43587974
v 0.31155393 0.51018691 -0.29980662
v -0.49348205 -0.28772011 0.26832327
v -0.25458899 0.44754544 -0.39654094
v 0.34174961 0.49430156 -0.04776312
v 0.10312299 0.54355448 0.43467018
v -0.08881688 -0.54255009 0.42406401
v 0.47744787 -0.45029908 0.14237019
v 0.27599585 0.50789452 0.08411860
v 0.12279667 -0.53957212 -0.40763640
v -0.26472819 -0.54140401 -0.34912980
v 0.13801363 -0.54005867 0.40888038
v -0.11038977 0.50426286 0.26519004
v -0.30037862 -0.54073828 0.11776792
v -0.29710683 -0.53917187 -0.11430443
v 0.23715860 -0.54249066 -0.18434310
v -0.13501312 0.48239121 -0.32304388
v 0.08990244 0.48481497 0.33869553
v 0.43557775 0.50801128 -0.03095132
v 0.17140269 0.49422473 -0.24947783
v -0.00141065 -0.49933276 0.30745271
v -0.27671269 -0.52088392 -0.10907084
v 0.03998647 -0.54060173 -0.41456661
v 0.23622538 -0.53228825 0.22711886
v 0.39855897 -0.52610266 0.15413617
v -0.36033207 0.39238593 -0.34129712
v 0.13541520 0.21527040 0.56390744
v -0.42811957 -0.53835225 0.04148316
v -0.25414285 0.51128304 -0.01955868
v 0.42786378 0.50633085 -0.06617069
v 0.00038420 0.06469501 -0.30796412
v 0.32546031 -0.54181206 -0.28118384
v -0.42654213 -0.54311258 0.11629742
v 0.30685681 -0.45887575 0.19009276
v -0.18411221 -0.53922874 -0.25686124
v -0.16720875 0.50486302 0.30912524
v -0.44490734 -0.54035795 0.00643728
v 0.16994594 -0.38766086 0.46998942
v -0.31873858 0.50985652 -0.21403900
v 0.27088499 -0.53493601 0.34270501
v 0.05950866 0.49731734 0.34047595
v -0.13887335 -0.54085571 0.28931886
v -0.05729030 -0.53115910 -0.38806248
v 0.28591123 0.50437140 -0.05869132
v 0.22967015 0.39877382 0.43816060
v 0.25829074 -0.46366382 -0.41841996
v 0.32271487 0.49175018 -0.12289868
v 0.22378470 0.50933534 -0.28379485
v 0.11891975 0.50926280 -0.34173119
v -0.40898633 -0.53892672 -0.14958699
v -0.53145689 -0.37481424 -0.01570386
v -0.18606929 -0.54027957 0.37794510
v -0.17445143 -0.54144311 0.26454228
v -0.39610684 -0.54006201 -0.17144476
v -0.21690941 -0.53780472 -0.20886622
v 0.05948761 -0.54005992 -0.33040336
v -0.16145036 -0.51604211 0.25992438
v -0.07127868 -0.52012110 0.42618209
v 0.27751425 -0.52889413 0.33802629
v 0.34765387 -0.54206973 0.27392083
v -0.30554330 -0.50397086 -0.01263431
v -0.06694566 -0.51388472 -0.27883384
v -0.42003486 -0.53201365 -0.12639147
v 0.30678013 0.50124872 -0.17486174
v 0.22428870 -0.53245884 0.23971018
v 0.00154225 -0.43774816 -0.47343534
v 0.41969165 -0.53935778 -0.11220159
v -0.34140700 -0.53638899 0.27155301
v 0.15671501 -0.54520744 0.27396008
v 0.40098792 0.29466373 -0.09687196
v -0.39054722 -0.31363040 -0.11645959
v -0.24848257 0.46797633 0.39732432
v -0.39341527 0.36488628 -0.00985218
v 0.32276806 0.50874966 -0.15754624
v 0.04700452 0.50847811 0.28590727
v -0.17619656 -0.51789743 -0.40004286
v -0.51192141 -0.38898438 0.12025162
v -0.17502329 0.50478059 -0.38902104
v -0.31886631 -0.53573179 0.29365683
v 0.25182915 -0.53947276 -0.36428958
v 0.31237397 -0.54012412 0.02332507
v -0.29979199 -0.53265381 -0.12870848
v -0.54907811 0.23905309 -0.00120906
v 0.09731539 -0.54225892 0.30597660
v 0.18558633 0.50199467 -0.29918063
v 0.08469195 0.50802076 0.34662178
v -0.30294514 0.11379479 -0.32178846
v 0.27759573 0.50886691 0.05563055
v -0.25185359 -0.51540422 -0.17315759
v 0.24646750 -0.15871032 -0.50965708
v 0.36906314 0.51002711 0.15403645
v 0.40734243 -0.54134101 -0.13585240
v 0.24041566 -0.53239316 0.19861121
v -0.50427479 0.40641665 0.12247848
v 0.17353268 0.49127397 0.30081710
v 0.09482137 -0.54325360 -0.30607784
v -0.20560971 0.50836307 -0.18835661
v 0.51129556 -0.42026877 0.01383337
v 0.15595125 0.48008502 -0.31386948
v -0.50273043 0.38824725 -0.00156571
v -0.30279085 -0.39135969 -0.37571657
v 0.08014122 0.50896227 -0.26044440
v -0.26192266 0.50983971 -0.28433931
v 0.31339219 -0.50146019 -0.31548074
v 0.27618492 -0.47964999 0.36313212
v -0.12823191 -0.54224330 0.41194680
v -0.28153741 0.50824589 0.06009766
v -0.26340032 -0.51931131 -0.15401721
v 0.03597036 -0.51102519 -0.34327045
v -0.43888548 0.54400235 0.07182543
v -0.27001563 -0.53096360 -0.13779812
v 0.36481988 -0.37773153 0.38536686
v 0.03490649 0.54528958 0.43895826
v -0.23699431 0.50950789 0.27393401
v -0.32941106 -0.52883875 -0.31014699
v 0.23800012 0.50890988 -0.10797153
v -0.49217865 -0.46207914 -0.01614148
v 0.29908073 -0.53469098 -0.32599920
v -0.19789346 0.54516095 0.39404440
v 0.03198322 -0.51319045 0.29550475
v 0.34383348 0.37289986 -0.18657498
v 0.36977673 -0.43434268 0.01017433
v 0.19206925 -0.44604462 -0.31159842
v -0.08762386 0.50869751 0.26136276
v -0.00012585 -0.08410099 -0.30835178
v 0.18596642 -0.54147232 -0.24234639
v -0.30756187 0.40242711 0.00342217
v -0.25340071 -0.48617345 0.24073111
v 0.34402001 0.49576455 0.03531474
v 0.29643041 0.54554135 0.32606232
v 0.23343401 -0.53308398 0.20936100
v -0.44469255 0.54336715 -0.03596452
v -0.13244781 -0.52750379 0.27144775
v -0.34202951 0.49585602 0.04781434
v -0.04790071 -0.53951406 -0.29955477
v 0.40488723 -0.54115832 -0.15074113
v -0.24344631 -0.53119498 0.34590766
v 0.12287675 0.26489332 -0.40073645
v -0.17662257 -0.54209453 -0.26611641
v -0.19275287 -0.54218578 0.39613551
v 0.40690532 -0.54000181 -0.17948841
v 0.17788815 0.50728965 0.39466989
v -0.26547411 0.50968146 0.32645693
v 0.50588381 -0.19613566 0.23659226
v -0.31020597 -0.53897703 0.09446187
v 0.39333874 0.24808830 0.41547415
v -0.01269597 0.28735781 0.41376105
v -0.38568717 0.50770563 0.17368956
v -0.16528912 0.49221289 0.25597158
v -0.11184656 0.38796622 0.36972299
v 0.44427022 0.54387796 -0.02349446
v -0.27489039 0.50233841 0.10710444
v -0.09799482 0.32229826 -0.27636904
v -0.03593509 -0.51750505 -0.33268863
v 0.03332717 -0.53352261 -0.38864836
v 0.20531490 -0.53927702 0.23436952
v -0.18382499 0.49047399 0.22971386
v -0.24460185 -0.53080398 0.18018921
v 0.08035732 -0.54119611 -0.31245258
v 0.09490146 -0.53784800 0.27774715
v -0.07009252 -0.51775903 0.28886285
v 0.17697036 -0.44909170 0.43634960
v 0.28937006 -0.53719455 -0.05086957
v 0.22459352 -0.41233048 0.42091537
v -0.11785316 -0.42063391 -0.49859908
v 0.35278842 0.50766569 0.01427476
v -0.00456632 0.50671291 -0.29744616
v 0.04897815 0.06681358 0.57422292
v 0.36676654 0.50582081 0.25271389
v -0.08520357 -0.52937692 -0.39195606
v 0.29891074 -0.53553528 0.33521676
v 0.09573935 0.49281219 -0.33348298
v -0.31479090 -0.52798349 -0.10154606
v -0.37423521 0.39162809 0.09098843
v 0.23108999 -0.54219794 -0.21157452
v -0.11525972 0.50908226 0.34325144
v -0.10946298 -0.53885216 -0.28307688
v -0.39353558 0.50879008 0.14192683
v -0.01104956 0.39005196 0.38539469
v 0.39268345 0.50734460 -0.15798472
v -0.22951755 -0.53841031 -0.19741550
v -0.10533960 0.50869858 -0.25027218
v -0.19944224 0.28039947 -0.36498779
v -0.29613224 -0.26607010 0.48407310
v 0.00712213 -0.53973997 -0.31308255
v -0.15649895 0.50858444 0.39902797
v 0.09398314 -0.35396782 0.38501239
v -0.34340459 0.50404233 -0.05908937
v -0.17283636 -0.53706002 0.41148707
v 0.03705826 -0.53793091 -0.30618653
v 0.27289823 -0.34839705 0.28974748
v -0.25975192 0.54519892 0.35570550
v 0.30004808 0.50989521 0.22826384
v 0.14994577 0.50239474 0.40658870
v -0.40854308 -0.54008132 0.15923080
v -0.35011107 -0.39156204 -0.35850355
v -0.15948071 0.50969303 -0.33129156
v 0.23143539 -0.44449458 0.20430845
v 0.05320060 -0.51965231 0.42815831
v -0.27243936 0.41969925 0.25768545
v -0.26000944 -0.53071421 -0.19903965
v -0.50970024 0.32190427 -0.14856654
v 0.31883690 -0.54040015 0.04441500
v -0.14484172 0.50588113 0.24944486
v 0.25252864 0.49732408 -0.16722643
v -0.09443017 -0.54546565 -0.29706112
v -0.15304329 -0.37863663 0.50770640
v 0.27726007 -0.52840680 0.17967775
v -0.43573076 -0.53960896 -0.06631553
v 0.33860022 0.49738082 -0.07148909
v -0.32474211 0.49357170 -0.11867421
v -0.30646703 -0.52506608 0.00875274
v -0.31989947 -0.52919316 -0.00625773
v 0.39384928 0.54264867 -0.21475865
v 0.30722001 0.54355443 -0.32324180
v -0.52428526 0.23371878 -0.16800505
v -0.40871701 0.54500240 0.16747910
v 0.02524739 0.50868160 -0.29018402
v 0.11850259 -0.54090863 0.27425778
v -0.08237074 0.50925231 0.35050321
v 0.37843403 0.05858565 0.23523977
v 0.14792001 0.44437560 -0.26459572
v -0.33080101 -0.53449202 -0.28309301
v 0.32440376 0.50984925 0.19360417
v 0.25848147 0.50139296 -0.15044908
v -0.22133224 -0.54013574 -0.37527063
v 0.25863060 0.50496799 0.23902844
v 0.05724645 -0.39779955 -0.28474322
v -0.34423772 0.49428886 0.02395280
v 0.30766186 0.45500201 0.00161875
v -0.38163057 -0.53656083 0.19762847
v -0.21378209 0.50815934 0.28612775
v -0.13813834 -0.54106551 0.39648095
v -0.42522478 -0.52955699 -0.15327068
v -0.10523736 0.10844764 -0.43014333
v 0.09894685 0.49321783 -0.27651668
v 0.07901100 0.50151378 0.42719075
v 0.34572569 -0.53969121 -0.24369749
v -0.36528289 0.50407940 0.25560027
v 0.06582519 -0.54043031 0.42518049
v 0.35988045 -0.45960218 -0.33797503
v -0.34391627 0.50450826 0.09204440
v 0.34670955 0.49167529 -0.00133242
v 0.27035758 -0.53886122 0.15572681
v -0.23206283 0.49751920 -0.26108059
v 0.21970977 0.49065796 0.26764271
v 0.17438518 -0.52690810 -0.24140343
v -0.17998895 -0.15006265 0.54155266
v -0.10041485 -0.47009662 0.34188855
v 0.37005273 0.50810987 -0.22283533
v -0.30571255 0.50936252 0.30535880
v -0.09497602 0.49524191 0.27369931
v -0.13294801 0.49445263 0.26392004
v 0.39987159 -0.54107308 0.16141763
v 0.24172735 -0.52130669 0.18278544
v -0.30698335 -0.53474629 0.30513147
v 0.26020688 -0.52983528 0.34609234
v 0.14413576 -0.53882504 0.29100373
v -0.35880214 0.50966877 -0.08007725
v -0.12197925 -0.54384363 -0.30004045
v 0.29182488 -0.53751212 -0.14596534
v -0.40914160 -0.54011691 0.15040083
v 0.29822806 0.50700873 0.01267478
v -0.07781097 0.32052422 0.51216042
v -0.32711482 0.53813016 0.31089160
v 0.13219830 -0.53192550 0.25261277
v -0.27831051 -0.52910644 -0.17760949
v -0.27205551 -0.27723300 -0.49486575
v 0.53856361 -0.01313250 0.20147926
v -0.02627643 0.49413246 0.34583741
v 0.05343720 -0.54120183 0.42830881
v -0.20100042 0.48679775 0.21846533
v 0.56057346 -0.22990662 -0.13543302
v -0.31309944 0.49525571 -0.14201149
v 0.30660561 -0.19270967 -0.49798355
v 0.33005124 0.38283098 0.20357680
v 0.01845600 -0.53822589 0.43945017
v -0.29187372 0.25190687 0.46096441
v -0.24802791 -0.54225487 -0.19488010
v -0.25357485 0.54590207 -0.35603827
v -0.12819706 -0.10225464 0.42418396
v -0.00010758 -0.24031931 -0.30835006
v -0.31159380 0.48903611 0.15441307
v -0.23255484 0.48978910 0.25644413
v 0.00179434 0.32270029 0.30818906
v 0.43679976 -0.54183519 0.04283677
v 0.51830983 0.35277337 0.00141825
v 0.44298837 -0.43877485 -0.23962864
v 0.14357306 0.50413454 0.32096711
v -0.31159264 -0.53945988 0.01878465
v 0.54270327 -0.34428683 0.01454909
v 0.28619057 0.50850827 -0.03624525
v 0.19767556 0.12094809 -0.23345169
v 0.28559929 0.49145600 0.06380731
v -0.13353728 -0.54133034 -0.40197089
v 0.40717128 0.50846440 0.10604563
v -0.40625179 0.27299795 0.09693412
v -0.04178440 -0.53497756 0.43746746
v 0.01195371 -0.54459625 -0.39964023
v 0.44007906 0.50876498 0.01184681
v -0.19133706 0.49237031 -0.28718320
v 0.35220906 -0.54101706 0.26097903
v -0.32990569 0.38437694 -0.20317642
v -0.24383585 0.50653034 -0.25974756
v -0.43565860 -0.45864314 0.23318949
v 0.20988473 0.50565249 0.38792005
v 0.33035535 -0.46882913 0.32255867
v 0.34097880 0.50947261 -0.12308259
v -0.16154058 -0.54006070 0.38507146
v 0.24271351 -0.53931516 0.35987535
v 0.16825980 0.48863399 0.25455499
v 0.24517895 0.41935295 0.45056754
v -0.15451592 -0.52260786 0.38678637
v -0.17505766 0.49781942 0.24323289
v -0.36053908 -0.53969121 0.25249678
v 0.15432139 -0.35666788 -0.51597482
v -0.23950599 0.50360680 0.16689591
v -0.28962275 0.49179929 -0.19025294
v 0.30700678 0.50333875 0.16508241
v 0.43558577 -0.52729464 0.13327366
v -0.40336448 -0.53802532 0.17524911
v 0.08531495 -0.52934736 -0.44358301
v 0.19676878 0.48570892 0.28682706
v 0.06623813 -0.53985113 -0.43327200
v -0.17546402 -0.51959169 0.38010666
v -0.22472125 0.50696146 -0.27462694
v -0.11343476 -0.51589864 0.40829846
v -0.34977326 0.49475402 -0.01191769
v 0.35799599 0.50898331 -0.01790082
v -0.17521125 0.47824815 -0.30641463
v 0.28778639 -0.53276306 0.15562776
v 0.10799681 0.50326276 0.33444226
v 0.30209818 0.49698374 -0.01315893
v -0.36365402 -0.37792534 -0.38636380
v 0.28000683 -0.53431422 -0.32843268
v -0.16672456 -0.53498632 -0.41412723
v 0.39869514 0.50893068 -0.12716308
v -0.40255314 -0.43016878 0.25727627
v 0.35318699 0.28203091 0.21762572
v -0.15081529 -0.53892612 -0.41225657
v 0.23064443 -0.48675624 0.20442761
v -0.45024726 -0.35088933 0.25420374
v 0.23062398 -0.18620822 0.20208789
v -0.26008976 -0.27035907 0.16381666
v 0.40738937 -0.54204005 0.12405521
v 0.44814590 -0.45949873 0.10200956
v 0.33168992 0.50771666 0.12987448
v -0.29464617 -0.53025633 0.04952189
v 0.19807673 0.21633212 -0.23348251
v -0.34306073 0.32680464 0.39459708
v -0.51621258 0.05503101 0.26543847
v -0.14184858 -0.45748678 0.47394276
v -0.34809583 -0.53822291 -0.26295915
v -0.40186775 0.54524368 -0.18048225
v -0.26712161 -0.53411055 -0.16207187
v 0.44423848 -0.54075623 0.00643887
v -0.32309565 -0.34328121 0.39708048
v 0.10820328 0.50847542 -0.40842110
v -0.09417970 -0.40036228 -0.37086445
v -0.37291738 -0.53994405 -0.21905465
v -0.20520118 0.48681337 -0.21753018
v -0.03166977 0.50950307 -0.28103361
v 0.29491460 -0.54237163 0.09633141
v -0.33162701 -0.53659499 0.28198299
v -0.19419022 0.48884609 0.40708753
v -0.32516184 -0.40092734 -0.20005047
v -0.44235262 -0.48162130 0.07323486
v -0.32490543 0.50308973 0.13524278
v -0.44059592 0.00598059 -0.36994749
v -0.26265973 0.50605154 -0.11002838
v 0.50118184 -0.36455873 0.00000335
v 0.36042202 0.54544038 -0.25165468
v -0.25713488 -0.36822957 -0.46844003
v 0.14372046 0.49556160 -0.31392154
v -0.06333825 -0.52358353 -0.33156264
v 0.21628504 -0.49496114 -0.21707319
v -0.39151886 -0.05952692 0.21335256
v 0.25564992 0.50983822 0.27526465
v -0.37128511 0.16932634 -0.22780779
v 0.24658369 0.47969425 0.16610143
v -0.01861058 -0.52326095 -0.40293056
v 0.07388316 0.50137556 -0.34083346
v -0.31840873 -0.53647274 -0.31000799
v -0.23590319 0.50916237 0.36922216
v -0.09222005 -0.50569522 -0.32876214
v 0.23406532 -0.47500530 0.42540017
v 0.13849394 0.54500294 0.41942024
v -0.39298847 -0.54315424 0.19850165
v 0.07817915 0.50991362 0.39244384
v 0.05942060 -0.53424948 0.44417465
v 0.28793588 -0.05629286 0.52820951
v 0.43923289 -0.54143083 0.01850475
v -0.04547721 0.49643740 0.29044244
v -0.15948819 -0.23431046 0.26287192
v -0.15069814 -0.38432440 0.47264108
v 0.27889910 0.50308794 0.21147707
v -0.34937602 -0.51407969 -0.25508207
v 0.03016747 0.39815184 -0.38470787
v 0.11922470 0.50861889 0.26324162
v -0.30545178 0.50633049 -0.17828815
v -0.12527175 0.08740896 0.24946786
v -0.20020181 0.07649317 0.21914662
v -0.12115263 0.41330546 -0.50133997
v 0.07326558 -0.51666909 -0.32783017
v 0.00271355 -0.53738588 0.44426480
v -0.23176159 0.11794490 0.19927017
v 0.23014188 0.49193865 -0.25746694
v 0.29615080 0.49248958 0.18182667
v 0.33905259 -0.54125911 -0.25749031
v 0.31237134 -0.54140735 0.08158810
v -0.20718087 0.50848633 -0.37452817
v 0.37249935 0.38102588 0.10985858
v -0.03013253 -0.53507727 0.44836280
v 0.39399782 -0.53859842 0.17131650
v -0.30784786 -0.53462416 -0.30491039
v -0.36659896 0.54490668 0.24691321
v 0.37590718 0.50811446 0.20503625
v -0.49422356 0.28329444 0.26978490
v 0.43107349 -0.54199457 -0.10442320
v -0.28584379 0.50853926 0.21440759
v 0.15527362 0.50701898 -0.39670405
v -0.05452561 0.54465723 -0.43906820
v -0.19215524 -0.52594078 -0.23110938
v -0.29234675 0.54509920 0.32967573
v 0.26328009 0.50840199 0.12353592
v -0.25905392 -0.53782320 0.34608203
v -0.40993741 -0.25444862 0.09739064
v -0.22613901 0.40257531 0.20661588
v -0.07929337 0.48788616 -0.33999985
v -0.43330216 -0.51880962 -0.04534475
v 0.24233770 0.50582582 0.37054983
v -0.30724874 -0.54467124 0.07910311
v 0.11431751 0.44840351 0.48583198
v -0.03064197 -0.54166204 -0.44427836
v -0.19779395 -0.40858752 0.32302406
v -0.44099548 -0.51561135 -0.00032974
v 0.15572883 0.41911694 0.26338211
v 0.30027762 -0.54021728 -0.03664796
v -0.42586309 -0.52680928 0.15251803
v -0.17259189 0.48441857 0.30409124
v 0.51909375 0.30803993 -0.10886519
v -0.14239757 -0.01048359 -0.58603483
v 0.13037124 0.50979298 0.34602940
v 0.46888816 0.46586207 0.00431084
v -0.21093598 0.50800049 0.38734385
v 0.15964720 0.50902492 -0.23710942
v 0.22684483 -0.54213291 0.37966985
v 0.15727691 0.48693019 0.31133032
v -0.32644200 0.50939256 0.29026791
v 0.29366475 0.49350697 -0.18246807
v 0.44436613 -0.53101671 0.07004940
v 0.26099712 0.40249765 0.27775222
v 0.29929227 -0.52697819 0.31216854
v -0.27818713 -0.54146802 -0.33831707
v -0.35374546 0.41997170 -0.37123328
v -0.36423695 -0.54254860 -0.24828453
v 0.43965158 0.54365259 -0.07162432
v -0.29365668 0.54535782 -0.33067933
v -0.27407369 0.32307848 0.45394799
v -0.10777964 0.49682704 -0.32882521
v -0.05010106 -0.54613245 -0.32214037
v 0.15971029 -0.53731751 -0.39328051
v 0.20527811 -0.51594371 0.38814247
v -0.11902270 0.49266171 0.32476795
v -0.30000743 -0.54098469 -0.07881904
v 0.29028085 -0.54230142 -0.07068807
v 0.29603401 0.49915388 0.03601819
v 0.35943770 0.50851113 -0.25664783
v -0.10289153 -0.16151182 -0.42478514
v 0.48186761 -0.33087537 -0.26019287
v -0.26212230 -0.54097438 0.18800993
v -0.10118595 -0.53906953 0.40876511
v -0.56283128 0.05665074 -0.15584183
v 0.23495261 0.49750760 0.25528476
v -0.27684954 -0.51903903 0.33753863
v -0.39449891 -0.53997183 0.18666832
v -0.33357549 -0.53734887 0.29951116
v -0.43783370 0.46202037 -0.16664459
v 0.48923400 0.42549095 0.14429896
v 0.30800915 -0.45055509 -0.00021801
v -0.30347103 -0.54245448 -0.06630138
v -0.28179574 -0.44383606 0.38621920
v -0.34188098 0.54521966 0.27674541
v -0.17863235 0.50856161 -0.21550380
v 0.01559337 -0.40946284 -0.51754421
v -0.34910119 0.54570603 -0.26530507
v 0.13861638 0.32720974 -0.26066402
v 0.05787561 -0.53046441 -0.34107062
v 0.18985263 0.50891554 0.21374951
v 0.30823901 0.24035297 0.00008352
v -0.31931397 0.50743443 -0.30180550
v 0.26154256 -0.54019070 -0.35190454
v 0.26755947 0.54572183 0.34610188
v 0.40907332 -0.30427104 0.32732698
v -0.35936299 -0.45453632 0.34224385
v 0.22703584 0.27045482 0.20131592
v 0.27937248 0.31249490 0.29671213
v 0.16771233 0.50090098 -0.30861783
v -0.30822331 -0.41441536 0.00009315
v -0.28640413 0.49725261 -0.04814570
v 0.27064782 0.49560818 0.10578705
v -0.23592530 -0.45740494 -0.43492335
v 0.23104674 -0.34240443 0.20372900
v -0.18885472 -0.54270762 -0.39920342
v -0.15323554 0.50981897 0.15016647
v 0.45287094 0.53619683 0.02244030
v 0.30806240 -0.22831385 0.00069547
v 0.06938630 -0.54176557 0.31295639
v 0.43198180 0.54183298 -0.12222392
v -0.05513585 0.50926608 0.42602599
v 0.31031057 -0.53979862 -0.01702040
v -0.23946942 0.50945801 0.14536574
v 0.24246210 0.50991398 0.32958996
v 0.20551461 0.50948083 -0.30126396
v -0.32352814 0.03626094 0.30757299
v -0.10263419 -0.53832096 0.43479607
v -0.27546880 0.49626371 -0.20802645
v -0.43946505 -0.54291314 -0.04277474
v 0.30723301 -0.53661197 0.30650601
v -0.28192103 -0.54177678 0.15495336
v 0.44484448 0.33906946 0.27168524
v -0.20886649 0.49068809 -0.27550507
v -0.30660021 0.45742893 0.00440007
v 0.04576160 -0.54335278 -0.34616622
v 0.42173374 0.40273151 0.26006210
v 0.17283937 0.50949419 -0.32250908
v 0.30406201 0.50937200 -0.19491056
v 0.47287387 -0.39743927 -0.14254606
v 0.32898179 0.49653810 -0.10556184
v -0.27414817 0.48097712 -0.08423524
v 0.11527918 -0.54183161 -0.30039755
v -0.20853588 0.50945646 -0.29950911
v -0.23476543 -0.53765762 0.35553002
v -0.26932669 -0.40033117 0.44556364
v -0.16897902 -0.20301633 0.55768210
v 0.30281246 -0.27119038 -0.28809002
v 0.39763692 0.50341791 0.15409626
v -0.17283981 -0.03830174 0.55013430
v 0.32154754 -0.54242581 0.29793260
v 0.07903888 -0.54285491 -0.42867911
v 0.32199645 0.50961679 -0.17916919
v -0.01910094 0.50867403 0.29198176
v -0.35926822 -0.53424054 -0.22826099
v 0.25108606 -0.53931272 -0.20420387
v -0.00060444 0.27650926 0.30804682
v 0.24036200 0.54580384 0.36606795
v 0.37929168 0.50884390 -0.18735035
v -0.38358971 0.50839406 -0.19317324
v 0.23022231 -0.14413011 0.20187488
v 0.19671100 0.50904733 -0.38044655
v -0.26951224 0.48903576 0.21772490
v 0.35027319 -0.34851393 -0.18943073
v 0.25522861 -0.44477800 0.40447322
v 0.21542726 0.02269574 -0.21794951
v -0.17329329 -0.54107654 0.38733470
v 0.14611244 0.50504851 0.26159829
v 0.21885914 0.49595198 -0.26937240
v -0.15956232 -0.00603916 0.26270995
v 0.00547604 0.54130381 0.44791466
v -0.34287700 -0.53606302 -0.26905799
v -0.28683251 -0.53383344 -0.15530699
v -0.25146863 -0.44535023 -0.26625910
v 0.11477815 -0.54209113 0.42742270
v 0.00030259 0.16224554 0.30818972
v -0.43888575 -0.41182217 0.21513407
v 0.16244133 -0.51236111 0.40745056
v 0.26981500 -0.53656870 0.13262028
v -0.40733239 0.47255200 -0.20943132
v -0.04714874 0.06415208 0.29334804
v 0.40158606 0.26527354 0.11940887
v 0.21654843 -0.07208424 -0.21787940
v 0.13837269 0.50164461 -0.26459029
v -0.29796296 0.50625032 0.01306097
v -0.29502732 0.50653446 -0.20043944
v 0.22920676 -0.03607424 0.20072864
v 0.11927593 0.49157354 -0.32509518
v -0.41171509 0.50955451 0.08049061
v 0.28973591 -0.54288089 -0.12033796
v 0.22186787 0.39046824 -0.21272817
v -0.23325941 0.42069921 -0.19834797
v 0.14806521 0.41629139 -0.49263495
v 0.22852038 0.50279826 0.18124573
v 0.10999856 0.30583209 0.52108765
v -0.29822361 0.48180622 0.04143668
v -0.19793543 -0.54073822 0.37128735
v -0.08956840 -0.48474094 -0.43573251
v -0.27183700 0.50132400 0.34588137
v -0.20430976 -0.52043599 -0.38270181
v 0.27397624 0.50864762 -0.07286683
v -0.24002445 -0.54263461 0.21309589
v -0.15211362 0.47290173 0.24043775
v 0.21665032 -0.31843036 -0.21777318
v -0.02128825 -0.51395440 -0.28571728
v -0.15075189 -0.30567014 0.50299644
v 0.29364187 -0.53500831 0.31951302
v -0.37649241 -0.11508667 -0.23111890
v -0.24531037 -0.39391321 -0.43787125
v -0.18336555 -0.31242171 -0.24496992
v 0.36648828 -0.16044517 -0.43054575
v 0.22822757 -0.51971018 0.20474921
v 0.33468249 -0.54287732 0.28586248
v -0.43545046 0.54428345 -0.08422097
v 0.34023142 0.45690733 0.35975370
v -0.42977187 -0.39066708 0.25687015
v -0.39459229 -0.52698284 -0.22651626
v -0.27456534 -0.54000956 0.34778664
v -0.18383154 0.50708085 0.21922791
v 0.36483723 -0.42769021 0.32023636
v -0.25353119 0.20461299 -0.17221944
v 0.21654843 -0.12015141 -0.21787940
v -0.31525066 -0.08017664 0.51028252
v -0.43358439 -0.42528400 -0.26719928
v -0.34509629 -0.16636159 0.44913179
v 0.20720428 -0.19165275 0.37960622
v -0.25161111 -0.54188901 0.20016333
v 0.25365028 -0.53236377 -0.13215099
v 0.28973028 0.50991189 -0.32064006
v -0.28019676 0.31237963 -0.29586479
v -0.03817824 -0.49886864 -0.44072923
v -0.13247082 -0.29251778 -0.54447442
v 0.09000384 0.46630952 -0.45189834
v 0.13764104 0.39200622 -0.27077508
v 0.57659614 -0.22904149 0.01627126
v 0.32742530 0.50309932 0.29338378
v 0.19612896 -0.53994626 0.39125857
v -0.29878145 -0.53966802 -0.08871228
v -0.25989065 -0.52843845 -0.36919793
v 0.06178588 0.50916231 -0.42201567
v 0.28490222 0.51046497 -0.01181360
v -0.00002602 -0.04804804 0.30828062
v -0.28504041 0.50958890 -0.23042962
v -0.13774590 0.53698093 0.42880017
v 0.00645596 0.44621733 -0.47674295
v 0.43153298 -0.54086214 -0.05395630
v 0.02281278 0.18667467 -0.43440762
v 0.13728456 0.34490088 0.27261406
v 0.24455379 -0.54136997 -0.15914324
v 0.31851757 0.50022829 -0.14215508
v -0.39538687 -0.40685025 -0.26330170
v -0.33019736 -0.52430904 -0.02314759
v 0.33610427 0.49212834 0.08431503
v 0.00005071 0.49849430 -0.35325158
v -0.52922255 0.32379875 -0.01954439
v 0.46240869 0.17374808 -0.31299216
v 0.25074637 -0.54082328 -0.14794360
v 0.21429425 -0.06546529 0.39049724
v 0.14473563 -0.44897965 -0.44353348
v 0.38373002 -0.53874803 -0.22781272
v 0.09845095 0.26341429 0.40761116
v 0.38331521 -0.39206821 0.32228112
v 0.15537557 -0.52994955 0.24083880
v 0.10575499 -0.51508111 0.26128015
v -0.44944915 -0.42132682 0.13040744
v -0.09484044 0.37140837 -0.38043970
v 0.22363865 0.34027934 0.21104635
v 0.35795557 0.31318510 0.37566712
v -0.15790354 -0.50974691 -0.30027655
v -0.12667465 0.50919390 0.40207994
v -0.25799304 -0.45052636 -0.16756918
v 0.19415253 0.07414963 -0.22873083
v 0.33130771 -0.52454746 0.02011281
v 0.31844351 0.54554480 0.30354542
v -0.51027143 0.42473733 -0.01425202
v 0.45835683 0.31951475 -0.26735038
v -0.37599260 -0.51762098 -0.20672838
v 0.27264670 -0.27179098 0.49613333
v 0.07204233 0.49965361 -0.28302464
v -0.07126463 0.50781000 0.27201581
v -0.44269922 0.31442720 -0.28136417
v 0.09815132 -0.41506478 -0.27334452
v -0.24314533 0.49249271 -0.24754895
v -0.24237341 -0.29113984 -0.47315803
v 0.21653919 -0.27637002 -0.21788849
v 0.02381344 -0.27140358 -0.41900039
v 0.18318968 0.50846249 -0.21428369
v -0.13574460 -0.52923316 0.43343127
v 0.13006960 -0.53976494 0.42570379
v 0.35505709 0.50929123 0.07259426
v 0.23849064 0.50613624 -0.37490031
v -0.29556051 0.50090897 -0.01945380
v 0.19809233 0.31043449 -0.23051849
v -0.07483178 -0.19321401 0.55621195
v -0.23629656 -0.54274011 0.37126854
v -0.20168689 -0.26343486 -0.36794078
v 0.22519347 0.30730328 0.20420159
v 0.26608750 -0.54175025 -0.13241178
v 0.21655180 -0.39024764 -0.21777156
v 0.41466609 -0.54052877 -0.12636860
v 0.11932635 -0.54387814 -0.42788476
v -0.26012403 -0.41456261 0.16378397
v 0.38491213 0.39156893 0.00936586
v 0.48640382 -0.44631806 -0.11606685
v -0.18895368 0.38265926 -0.24017097
v 0.27962166 0.50852466 0.32374233
v 0.41112387 -0.27688307 -0.38729540
v -0.43787539 -0.54174387 -0.05458755
v -0.09669742 0.54279906 -0.43654093
v 0.17907326 -0.42084721 0.32898405
v 0.42849597 -0.00291672 0.12777142
v 0.42260626 -0.40812311 0.22421932
v -0.22955237 0.32344601 -0.47566608
v 0.30798098 -0.40845311 -0.00010612
v 0.45502439 -0.16627289 -0.33573267
v -0.26007777 -0.46864718 0.16369823
v 0.16811234 0.50868094 0.23147498
v 0.31573421 -0.43711692 0.34205854
v 0.01198550 -0.51272804 -0.34248546
v -0.35749453 -0.54151523 -0.26005283
v -0.41459376 0.31264308 -0.32955655
v -0.42819440 0.13216043 0.10372122
v -0.29481521 0.21445826 -0.31096211
v -0.24880300 -0.36288700 0.43149462
v -0.00423788 0.46500787 0.30569783
v 0.20443454 0.50270039 0.28410721
v -0.39769053 0.41588905 0.27931696
v -0.00087338 -0.29406485 -0.52900261
v 0.41605300 0.27834302 0.01075506
v -0.00025868 0.01203424 -0.30828106
v -0.00014174 -0.29439518 -0.30833352
v 0.31680563 -0.16158080 -0.30077833
v -0.28813407 -0.53317821 0.07197423
v 0.11383434 -0.54087347 0.41583756
v -0.10959577 -0.38977054 0.36951515
v 0.33877799 0.54319251 -0.29114762
v -0.54440719 0.14588864 -0.16783243
v 0.22746299 0.42584637 0.20823234
v -0.07725312 -0.53936464 0.42153698
v -0.15949975 -0.07208441 0.26285693
v -0.05418068 0.48105907 -0.28593957
v -0.08841481 -0.54168510 -0.35128671
v -0.15592253 0.19927716 0.53605884
v -0.13263030 0.50853032 -0.24962942
v -0.25307807 0.07205549 -0.52330792
v 0.51624131 0.31521696 0.07526220
v -0.00024476 0.20430200 -0.30839390
v -0.49881893 0.33250400 0.15447569
v 0.08041599 -0.51398879 -0.29366386
v -0.53661531 0.09489217 0.20397267
v 0.54116672 0.18730104 -0.14312983
v -0.47525597 0.45251030 0.00154607
v -0.43932894 0.50791562 0.01864280
v 0.00136268 0.33459780 -0.30800146
v -0.16843449 0.54728752 -0.17036597
v 0.22098042 -0.52671725 -0.20854910
v 0.09796518 -0.53964829 -0.28725404
v 0.28216630 -0.52244627 -0.35668260
v 0.30040392 -0.51960224 0.02305228
v 0.22874403 0.04804952 0.20028332
v -0.00162732 0.37396333 -0.50764167
v -0.20048761 -0.54121780 -0.25286487
v -0.00057339 0.27077225 -0.30833974
v -0.48007801 -0.20612961 -0.28104079
v 0.49083021 0.41604453 0.00044830
v 0.18170959 0.48035005 -0.30171734
v 0.19059353 0.48529673 0.23423465
v -0.27155331 0.50563109 -0.35202068
v -0.14373872 0.49293703 0.31343874
v 0.18522610 0.39567083 0.33596987
v -0.44313747 0.47035789 0.12052815
v 0.01338965 -0.53057295 -0.37135178
v -0.52086282 -0.20245641 0.17992684
v -0.00010758 -0.13216801 -0.30835006
v -0.27495858 0.07162777 0.09924509
v -0.19497959 0.50962353 0.31089246
v 0.00624565 0.50600415 0.44616249
v 0.30824330 0.17426051 0.00000908
v -0.21462555 0.31130973 0.34699249
v 0.30819312 0.40860471 0.00056045
v -0.00285964 0.42037106 0.30678156
v -0.30842781 -0.12015186 0.00004957
v 0.09691612 0.50828135 0.27393466
v 0.19017783 0.50782585 0.29987302
v -0.12459971 -0.20468172 0.41206688
v 0.11600845 0.50242865 0.41612959
v 0.27983487 0.40889254 -0.39943448
v 0.17174827 -0.54277712 0.26448375
v -0.11539694 -0.53641820 -0.43516722
v 0.19815612 0.16826461 -0.23339196
v 0.54371846 0.26443407 0.00111829
v 0.00108342 0.02313927 0.30791470
v -0.43141600 0.23686856 -0.34431484
v -0.16302674 0.49981415 -0.24893115
v -0.31341410 -0.18128684 0.30038640
v -0.27364421 0.50937581 0.23687705
v 0.14242156 -0.41615528 -0.25352892
v 0.23211077 0.44962019 0.41017255
v 0.25322291 0.47052604 -0.13721907
v 0.07224234 0.50868213 0.27889812
v 0.21653919 -0.16821869 -0.21788850
v -0.21312997 0.05963495 -0.39164481
v -0.10660446 -0.39742291 -0.27201343
v 0.33816597 -0.52415955 0.26531601
v -0.04299251 -0.54083526 0.31950489
v 0.00162416 0.09869324 0.30759168
v 0.21640746 -0.02401712 -0.21786642
v 0.35889575 -0.43777880 -0.08545675
v -0.23802263 0.50885755 -0.36340237
v -0.48017207 -0.26015854 0.25407577
v 0.39211112 0.54573649 0.19589394
v 0.00149359 0.51601028 -0.10396285
v -0.38404021 -0.53160119 -0.18559641
v -0.10880195 -0.53579539 -0.39637482
v 0.28412378 0.48909557 -0.19845274
v 0.34798133 0.16949584 0.43874863
v 0.19457138 -0.30467609 0.36022055
v 0.43795028 0.15217245 0.01182784
v -0.20944493 0.42800179 0.42147395
v -0.34561875 0.50763410 -0.27319312
v -0.13639024 0.54584903 -0.41685864
v 0.28147069 -0.54246473 -0.09461636
v -0.22930925 0.33823603 0.20366135
v -0.30766705 -0.18155189 0.49965620
v -0.01175247 -0.41898486 0.37529403
v 0.48417079 0.31211692 -0.20528999
v 0.45251715 -0.41397959 0.18100815
v 0.27374983 -0.53233910 0.35622498
v 0.54487717 -0.26161286 0.16289766
v -0.22954294 -0.52066493 0.35661247
v -0.42452943 0.19349003 0.40205419
v -0.00033775 -0.27639946 0.30822963
v 0.00031270 -0.34245121 0.30790219
v -0.45554805 0.46742010 -0.07176793
v -0.12704514 -0.40971604 -0.45539427
v 0.35556790 -0.54194242 -0.24965340
v -0.45940554 0.42066169 0.15957928
v 0.08623466 0.33307165 -0.28148919
v 0.30812806 0.30653301 -0.00094370
v -0.45411733 0.41085282 0.24704501
v -0.56707561 0.15142292 -0.00251719
v 0.41218117 0.50814468 -0.09710662
v 0.39449009 0.16526133 -0.40360284
v 0.30594462 -0.53826743 -0.10701939
v -0.10338194 -0.51786989 -0.27324352
v 0.42126805 0.23409398 0.34765363
v -0.15977632 -0.42984167 -0.26275107
v -0.58150411 -0.10135489 0.13900441
v 0.04215918 0.50605565 0.43573019
v -0.28393051 0.32895261 0.07678089
v 0.05969738 0.50901324 -0.35657537
v -0.10712592 0.08471410 -0.27501768
v -0.36531261 0.33543253 -0.37582141
v 0.41271916 0.47020456 0.18942918
v 0.43550867 0.54496884 0.07107352
v -0.15923959 0.08687594 0.23362444
v -0.30859563 0.07864238 0.00222193
v 0.30816248 0.11390196 -0.00030997
v -0.15214959 -0.45828554 0.44146758
v -0.30843291 -0.05405910 0.00002582
v 0.25590268 0.50560498 -0.13578925
v -0.28135175 0.17407195 -0.51647031
v 0.20604056 -0.36701953 -0.45983577
v -0.23378302 0.53822726 0.38544589
v 0.34090456 -0.45737836 0.35875010
v 0.11962413 -0.54053801 0.29952028
v 0.26813504 0.49941862 0.35106814
v -0.25723556 -0.38583252 -0.16881068
v 0.34334481 0.50392634 -0.09148496
v -0.21772490 -0.40158635 0.43331066
v 0.22332986 0.06716955 -0.19243088
v 0.27525559 0.31547663 0.44761509
v 0.23104218 -0.25843483 0.20258647
v -0.18334614 -0.23431101 -0.24504445
v 0.21201453 0.54322571 0.39378807
v 0.30794397 -0.35442531 0.00027104
v 0.00055450 -0.00176731 -0.57757658
v 0.43574968 -0.51925093 -0.07236722
v -0.44582966 0.54306984 0.01719962
v 0.36518365 -0.34608114 0.34094828
v -0.30827242 0.28353289 -0.00236831
v -0.00332171 -0.20358677 -0.56406629
v 0.53828388 0.29047903 0.15762861
v -0.31783387 0.15068367 0.30155319
v 0.27657241 -0.54395151 -0.16056494
v -0.33383459 -0.34399658 -0.37206984
v -0.43154231 0.25655589 0.32801303
v 0.00058126 0.51485950 0.14207588
v -0.39827561 0.53867638 0.21446837
v -0.26918697 -0.41315749 -0.39445955
v -0.39848551 0.50768095 -0.14473048
v 0.01364697 -0.46836945 0.46254188
v 0.21692985 -0.35448483 -0.21740520
v -0.01668366 -0.12572107 0.59514487
v 0.13922830 -0.17311586 0.55125868
v 0.22816311 0.09611880 0.20058112
v -0.49710527 0.28523377 0.20367254
v 0.17067067 0.54484200 -0.40800363
v -0.36830717 0.50819278 0.22929697
v 0.41658282 -0.21717535 -0.10082773
v 0.07056619 -0.46861276 -0.29813346
v -0.36676130 -0.27584770 0.19831209
v -0.34557146 -0.53514373 0.28474876
v -0.14154206 0.30999130 0.51098377
v 0.28644106 -0.52835101 0.06212196
v -0.15344015 0.08323057 0.56167269
v 0.21654843 -0.22229449 -0.21787940
v -0.11654518 -0.54149991 0.30000347
v -0.47624117 -0.46866429 0.11075409
v 0.06536468 -0.51517540 0.27973172
v 0.25919953 -0.35034660 0.47439536
v 0.52780789 0.06479585 -0.28844830
v 0.30731115 -0.51998448 0.00025243
v -0.43971345 -0.44060346 0.18747988
v 0.19754465 0.27624860 -0.50134540
v 0.22673579 0.23433705 0.20163867
v -0.55107814 -0.07695869 -0.16158049
v -0.30978623 -0.53707290 0.32254201
v 0.00616496 -0.52909338 0.32833216
v 0.40076882 0.02003227 0.41813067
v 0.12592751 -0.37347680 0.51710850
v 0.46896520 -0.20478389 0.29578099
v -0.44244003 -0.19779684 0.33705312
v 0.30600211 -0.34760502 0.40781412
v -0.09919412 0.24583977 -0.41155913
v 0.22240347 0.44480217 -0.21196401
v 0.45000175 -0.46193177 -0.12872864
v -0.17290829 0.12713462 0.56953305
v 0.01724236 -0.12817709 -0.59516335
v -0.29713142 0.50491285 -0.32766169
v -0.24296212 -0.44796249 -0.40571368
v 0.03138573 -0.52916282 -0.45486775
v -0.25320089 0.10255916 -0.17278036
v -0.45431593 -0.34141502 -0.19761711
v -0.15946345 -0.39653763 0.26287565
v -0.13662885 0.32740858 0.24546763
v -0.13867562 -0.15726694 -0.57449847
v 0.26216623 0.06442054 0.50325936
v -0.35610649 -0.26226833 -0.22088020
v -0.40306485 0.25859985 -0.11872479
v 0.01426300 -0.39987695 -0.29522803
v -0.51955998 0.15159883 0.28344274
v 0.21303418 0.06723459 0.39081362
v -0.43342951 0.54056877 0.12185510
v 0.31860462 0.31205565 0.41113544
v 0.37271029 0.39666992 -0.08924706
v -0.26006049 -0.18624213 0.16384119
v 0.26977229 0.29756337 0.48932418
v -0.19108731 -0.35318071 -0.34784999
v 0.05042231 0.50368434 -0.29014647
v 0.01272141 -0.32193789 0.52150798
v 0.27258837 -0.53909057 -0.33914238
v 0.52817690 0.38352132 0.01377307
v -0.31144369 -0.53049862 -0.01688744
v -0.01233465 -0.05367528 0.44599879
v 0.22268018 -0.04953333 -0.52748024
v -0.43957391 -0.46803287 0.15730271
v -0.22160611 -0.23914762 0.36131671
v 0.01705812 0.50811291 0.29419705
v 0.43000424 0.47375023 0.12221852
v -0.16042140 0.13906285 -0.26225924
v -0.25649986 -0.21613793 -0.16853417
v -0.40210447 0.31304690 0.38081390
v -0.29213613 -0.39313057 0.39951217
v 0.30682215 -0.02311356 0.32415909
v 0.53429669 -0.27676803 0.00129771
v 0.30830428 -0.04805160 -0.00001981
v -0.05667246 0.54531407 0.43617716
v -0.02483912 0.50784874 -0.43700084
v -0.26010981 -0.34846976 0.16379721
v 0.13655995 -0.51921952 -0.26189524
v -0.25715634 -0.30628887 -0.16821960
v -0.23812285 -0.21435785 -0.50482988
v 0.36013669 0.08540282 0.45195481
v 0.23128951 -0.40253341 0.20423028
v -0.11941136 -0.30036819 0.39313227
v 0.30829474 -0.10215471 0.00017433
v -0.56924736 -0.14002883 -0.16813008
v 0.21668541 -0.42588097 -0.21811475
v 0.00255191 -0.37275290 -0.49845108
v -0.59109312 0.15625212 -0.01668322
v 0.38577899 0.37227625 -0.36784035
v 0.17574878 -0.00579531 -0.57684875
v 0.26257813 0.54572719 -0.35119891
v -0.24653646 0.42146614 -0.44889614
v 0.42856398 0.47128472 -0.12697344
v 0.56804758 -0.18211524 -0.01345258
v 0.36729062 0.35895017 0.39283216
v -0.51460743 -0.28131995 -0.13371269
v 0.42113996 0.13819106 0.12630580
v 0.14316946 -0.54220200 -0.26681170
v -0.08893378 0.07416423 0.27170840
v 0.25672227 0.33070251 -0.11734001
v -0.25993478 -0.00599239 0.16386370
v -0.25686124 0.16152807 -0.50264126
v -0.47812790 -0.42214558 0.00630565
v 0.05514235 -0.42433822 -0.29815811
v -0.30753520 0.33931571 -0.00167286
v -0.09804163 -0.28759843 -0.40260482
v 0.01785281 0.53220958 -0.45494226
v 0.28398132 -0.37297577 -0.26906410
v -0.25703630 -0.17708734 0.49520808
v 0.00333176 -0.54279506 -0.44576368
v -0.18377352 -0.51784301 0.23870493
v 0.51129436 -0.05496184 0.31693178
v -0.23206218 0.24636100 0.19937706
v 0.33151630 -0.37846133 0.20338561
v -0.18334936 -0.04805065 -0.24503538
v 0.42129952 -0.13398015 0.12653387
v -0.41515371 -0.15468851 -0.38530809
v 0.28382775 -0.39908063 0.40646201
v 0.32234335 0.06660646 -0.30745488
v 0.40788603 -0.34849250 -0.32253835
v -0.28969863 0.04891747 -0.52737850
v -0.28236210 -0.31106207 0.43108669
v -0.25672179 0.24650596 -0.48355240
v 0.01058058 -0.17268126 0.56929034
v 0.11625244 0.21640523 0.54116064
v -0.25124103 0.38750190 -0.43067631
v 0.30848405 0.35990527 -0.00124264
v 0.44715843 -0.31171674 -0.26612043
v 0.20273188 -0.30252156 -0.48361212
v -0.18709107 0.38281050 -0.33987787
v -0.25857145 -0.51384270 0.16392043
v -0.43347561 -0.53848320 -0.10046720
v -0.38278219 -0.17417467 0.20741162
v -0.34724322 -0.27394339 0.40815693
v -0.43018475 -0.20345764 -0.01133725
v 0.10736457 0.31933260 0.25884178
v -0.59431505 -0.13352928 -0.01826920
v 0.28866041 0.07463849 0.52631295
v -0.44566289 0.06060618 -0.01159834
v 0.26013234 0.31453070 -0.45401052
v -0.28749350 -0.54020447 0.33651060
v 0.43438926 0.15909408 0.35615313
v 0.22737007 0.14413340 0.20116927
v -0.41094497 -0.35019359 0.27893451
v 0.17323640 -0.24546048 0.51829213
v -0.52789730 0.02426767 0.29074919
v -0.39625084 -0.20860478 0.39249822
v 0.02508176 0.29432365 -0.41383076
v -0.39707357 -0.52048713 0.17893964
v -0.16543964 0.30750060 -0.25573042
v 0.22648381 0.38450819 0.20786999
v 0.17856118 0.34068638 0.24595207
v 0.38164735 -0.54213148 0.22418007
v 0.25190669 0.54488719 0.00202630
v -0.01523505 0.27656999 0.56470007
v 0.33344147 -0.03654248 0.46569750
v 0.36731967 -0.18733825 0.22924383
v -0.54499507 -0.26290819 -0.16127931
v 0.11443248 0.08134394 -0.26292911
v -0.03744649 -0.39644375 -0.28759587
v 0.00088645 0.40288731 -0.30652493
v -0.25958464 0.30019733 -0.15180907
v 0.21037467 -0.34170428 -0.34043661
v -0.01355436 0.07306229 0.44486082
v 0.30176798 -0.13808897 0.31928867
v 0.29568458 -0.28718740 -0.47778773
v -0.01763171 0.13938883 0.59341264
v -0.29888266 -0.53188109 -0.31090015
v -0.01866497 -0.54028320 0.44302580
v -0.23476222 -0.02497131 0.38022965
v 0.20891331 0.50862390 0.16084656
v 0.06089694 0.54440182 -0.43930998
v 0.17015620 0.31611726 0.49562854
v 0.42607838 -0.18132785 -0.40357572
v 0.50999063 0.08340113 0.31553131
v 0.07493756 0.51695001 -0.00049309
v 0.16552685 0.54727769 -0.17325792
v 0.29394314 0.20889223 0.31326848
v -0.26255757 0.50322545 -0.23400235
v 0.30796126 -0.29437885 0.00051600
v -0.23851207 0.08757781 0.52210408
v -0.29497781 0.29237792 0.47643146
v -0.58265543 0.06590939 -0.00918120
v 0.15603845 0.31048819 0.23494366
v 0.16710860 -0.53865391 -0.27968958
v -0.36498117 -0.35464758 -0.35618550
v 0.23113814 -0.37245539 0.20402183
v -0.03015062 0.50501120 0.44293460
v 0.37050930 0.25236204 -0.20161785
v -0.00019008 -0.12014656 0.30827567
v -0.28165349 -0.18229724 -0.51456928
v 0.42584929 -0.54249328 0.06697261
v -0.29178068 0.18114084 0.47886294
v 0.40186143 0.06887555 -0.41985056
v -0.42260715 0.12082430 -0.12700601
v -0.15949571 -0.15019444 0.26286566
v 0.01648596 -0.27647099 -0.56470919
v -0.49319255 0.41568634 -0.14771497
v 0.55632681 -0.04642569 -0.14985055
v 0.25756332 0.07348978 -0.11439516
v -0.41527438 -0.18226953 -0.12579000
v -0.27769822 0.40701950 0.12849006
v -0.50319451 0.15085228 -0.31176546
v 0.42977437 0.50624478 0.06006739
v 0.60170412 0.05505909 0.01634705
v -0.26768839 0.29801473 -0.49028751
v -0.20949304 -0.16309793 -0.38321978
v -0.12975098 0.20228210 -0.52409798
v -0.01620038 0.00533106 0.60285079
v -0.30827984 -0.27636597 -0.00027512
v 0.23097816 -0.30033046 0.20325229
v -0.24727951 0.48047537 0.17451704
v 0.56318080 0.16843244 0.00236444
v -0.00056320 0.13165723 -0.30834952
v 0.50945038 -0.21620248 -0.27698693
v 0.25187027 -0.53105807 0.15630607
v 0.54823756 0.08258855 0.18516134
v 0.34041062 -0.39294121 0.34048289
v -0.07182196 -0.53470200 0.29478547
v -0.00053825 -0.19825976 0.30822179
v 0.39698830 -0.05106912 -0.41471776
v 0.39478686 -0.16574383 0.41077513
v 0.59813833 -0.09778203 0.01790997
v -0.03272483 0.06418570 0.57334560
v 0.19767946 0.07131749 -0.54366732
v 0.22668430 0.19220586 0.20173299
v -0.33713555 0.50484151 -0.09861881
v -0.06218729 0.50759917 -0.34948438
v 0.27534997 0.38621649 -0.44980711
v -0.57406557 -0.06094196 -0.00017276
v 0.32327244 -0.04823577 -0.30762416
v 0.38323715 -0.28791130 -0.37523264
v -0.07229242 -0.54391927 -0.29729116
v 0.56075698 0.23510969 -0.13355306
v 0.20607948 -0.41817799 -0.43959770
v 0.17310677 0.54729152 0.16542834
v 0.16699339 -0.32538188 0.49246621
v -0.20770244 0.17341611 -0.38272461
v 0.06691385 0.32854903 0.28509697
v 0.20196900 -0.22028430 -0.51566827
v 0.28175786 -0.17533475 0.51590592
v 0.12777154 0.33679593 0.53043073
v -0.30946064 0.16389239 0.50217146
v -0.51141804 -0.20446928 -0.21867502
v 0.14239982 -0.03728761 0.58526373
v -0.33976912 0.40142366 0.34248757
v -0.10992545 0.33145726 -0.50109595
v 0.22831213 0.53714460 -0.39192662
v 0.07792163 -0.53792381 -0.29895350
v -0.41063440 0.50857460 -0.10121975
v -0.49735329 -0.19118759 -0.30819884
v -0.23310441 0.09631888 0.37745872
v 0.10066497 -0.23986921 0.41151178
v -0.02831758 0.53982812 0.44772458
v -0.47907525 -0.28151873 -0.29672045
v -0.40154082 -0.18670556 -0.42673641
v 0.41383278 0.46538502 -0.18844059
v 0.22531909 0.34602633 0.46737996
v 0.10305519 0.13706253 0.42703515
v -0.17324765 -0.10216395 0.57229269
v 0.22937697 -0.09011130 0.20142609
v -0.38439369 -0.28887835 -0.40916118
v -0.47949299 0.28247437 -0.29559079
v -0.01253988 -0.17976709 0.43415114
v 0.34095186 -0.44854468 -0.32336202
v 0.38092095 -0.35015073 0.11389624
v 0.25412670 0.50563025 0.14960879
v 0.16215152 0.27883509 -0.54046249
v 0.50062960 -0.17594782 0.30796829
v -0.19311576 -0.43687719 -0.43851852
v 0.39933285 0.31503180 0.33712080
v -0.42719117 -0.06402049 0.36145446
v -0.25089154 0.07260282 0.16807999
v -0.12581615 0.49481314 0.42170781
v -0.30821210 -0.34843984 -0.00022123
v -0.51777148 0.19249082 0.20107733
v 0.10418971 -0.11891922 0.42891228
v -0.38006803 0.19377407 0.20635729
v -0.43953580 0.41346213 -0.27000380
v -0.30439246 0.32329351 -0.42715684
v 0.32332182 0.23781608 0.43894947
v 0.22404526 -0.22642738 -0.36330283
v 0.56839365 -0.14044635 0.17044355
v -0.00414106 0.42736757 0.48456252
v 0.44591051 -0.40211597 -0.20056903
v -0.18422107 -0.54057109 0.24679881
v 0.03244353 -0.53882676 0.31991845
v 0.17241129 0.13533318 -0.56876659
v -0.57660007 0.14096364 0.13989529
v -0.29290569 -0.23414940 -0.30794233
v -0.00204208 -0.04804253 0.57538378
v -0.11468460 0.07751030 -0.55543840
v -0.16509381 0.54541391 0.40764615
v 0.23517345 0.03077739 -0.38007304
v 0.53150719 -0.19868632 0.17910714
v 0.46002966 0.39642820 -0.24972612
v 0.27658477 -0.52972072 -0.07694348
v 0.57513231 -0.05442123 -0.00249327
v -0.30832613 0.14418305 -0.00057024
v -0.14010741 0.13258441 -0.57774603
v -0.51408976 -0.36310789 -0.15239754
v -0.18334357 -0.14418511 -0.24504411
v -0.35650477 -0.07804690 0.44513077
v 0.57962829 0.21878549 0.01501999
v -0.17626804 0.00356921 0.57672083
v -0.23331548 0.34444359 -0.19623670
v -0.26487029 -0.11759618 -0.50666898
v -0.56675792 -0.26871374 -0.01559620
v 0.47115585 0.23369074 -0.27486908
v 0.31241974 0.11952641 -0.50746596
v 0.30850732 0.05470176 -0.00075729
v -0.37271002 0.50949049 0.20267093
v -0.54936850 0.27528313 0.13345137
v 0.17064752 -0.13321461 -0.56919378
v 0.23085031 -0.22226316 0.20230934
v 0.58173341 -0.09702693 -0.14021879
v 0.12931700 0.00613929 -0.42810735
v -0.32246149 -0.07832450 0.30613244
v 0.49560332 0.33157730 -0.10609691
v 0.25473583 -0.51847047 -0.35419929
v 0.50952977 0.39455619 -0.12248842
v -0.30586737 0.25219506 0.29034510
v -0.12689982 0.15166870 0.41938475
v -0.30037197 -0.11879785 -0.32286790
v -0.30835602 0.21631780 -0.00045614
v 0.10219859 -0.19629526 -0.54408902
v -0.46723685 0.09535334 0.33255640
v -0.15956230 0.22233181 -0.26286528
v -0.49679667 -0.19463645 0.27100375
v 0.49892643 -0.27886504 0.18642461
v 0.23182458 -0.54122961 -0.19857210
v -0.47647163 0.30376709 -0.22890876
v -0.17802495 0.05028688 -0.24764685
v -0.39071259 0.06798422 0.21414979
v 0.01868307 -0.03524655 -0.44753605
v -0.08563084 0.50421655 -0.27152851
v -0.01502449 0.34567469 0.51577258
v 0.37767911 -0.06815600 0.23481929
v 0.09958597 -0.51725733 0.41828853
v -0.26002929 -0.09612034 0.16386810
v -0.26106420 -0.02516825 -0.51374644
v -0.10662494 -0.02984303 -0.43423024
v -0.50935096 -0.09012642 -0.31538343
v 0.11635522 0.12434937 0.56020725
v -0.14925541 -0.21953794 0.53764379
v -0.00026936 0.22232942 0.30822915
v 0.40075794 0.46083698 0.24918029
v 0.12948455 0.13734889 -0.42030632
v -0.43515211 0.06791358 0.41426012
v 0.34485441 0.39729035 -0.33690208
v 0.28589508 0.50994360 0.25981376
v -0.01782719 0.54470849 -0.44189867
v -0.37107310 0.43624660 -0.30056426
v 0.39862910 -0.21757042 -0.39211076
v -0.00014022 -0.03603391 -0.30834559
v 0.11428827 -0.21979614 0.25461420
v -0.00009891 -0.40241623 0.30798629
v -0.00539883 0.54574418 -0.27108225
v -0.34076637 0.50939083 0.12301605
v 0.44839656 0.39277533 0.27264869
v -0.45449585 0.46740997 0.07130717
v 0.25436714 0.49257874 -0.23556443
v -0.00365704 0.53251964 0.01783549
v 0.42218980 0.18216582 -0.10142635
v -0.42969516 0.20943755 -0.01033196
v 0.30936447 -0.36798230 -0.38820401
v 0.31588867 0.16878965 -0.30049917
v 0.51849312 0.18562907 0.20496853
v 0.20496149 -0.52973735 0.21802504
v 0.45034668 -0.02919767 -0.35476932
v 0.36931193 0.17728783 0.22892801
v 0.00745762 0.54501712 0.25514063
v 0.21196969 0.46649793 -0.41364652
v 0.43508506 -0.07409419 -0.41349274
v -0.30840039 -0.19829427 -0.00010108
v 0.31272787 -0.53769708 0.32135281
v -0.37798977 0.03780356 -0.23703119
v -0.13047507 0.41712674 -0.44530877
v 0.22910734 0.15699118 -0.37291873
v -0.53949577 0.28362912 -0.16055267
v -0.46128258 -0.30657014 0.25651103
v -0.00099416 -0.35147950 -0.30820733
v -0.44439557 -0.07978775 -0.01257096
v -0.43479946 -0.00616090 0.10542356
v 0.40291652 -0.18693800 0.42537102
v 0.24606581 -0.41435269 0.45158419
v -0.16423640 0.26392713 0.54412645
v -0.36272037 -0.00076025 0.44518393
v -0.19168252 0.31823704 0.48653150
v 0.11432391 0.54199797 -0.43437734
v 0.23800254 -0.18266338 0.50457990
v -0.02562372 0.51947761 0.00675522
v 0.43615410 0.05802015 -0.41440922
v 0.19791253 0.26443398 -0.23327348
v 0.02199293 -0.15697280 -0.43840829
v 0.47369757 0.08656636 -0.32471624
v 0.13778721 -0.05833351 0.55884677
v -0.23219247 0.16824496 0.19932064
v -0.42832604 -0.02617904 -0.12813105
v 0.50733608 0.23070014 -0.27595690
v -0.49952224 -0.36744410 0.00528776
v -0.52439064 -0.09164057 0.28944966
v 0.08010461 0.33538955 -0.51309341
v -0.51064223 -0.03078563 0.26680407
v -0.34724432 0.08025068 -0.44873446
v 0.17700329 -0.51915395 0.22945112
v 0.14128931 0.08982419 0.58202767
v -0.15947860 -0.31842804 0.26287341
v 0.31817532 0.00604421 -0.51232409
v -0.31792182 0.03499308 0.51154071
v 0.47408593 -0.34952858 0.18209626
v 0.44625878 -0.25171232 -0.30985978
v 0.43193349 -0.08573754 -0.10519283
v 0.39963418 -0.35003307 0.31943160
v -0.22606441 0.20831600 0.36568061
v -0.00012905 -0.18624350 -0.30835053
v 0.52635497 -0.25209093 -0.14119354
v -0.25510564 0.54502892 -0.00345132
v -0.26906720 -0.52897644 0.13749319
v 0.29999915 0.24698961 -0.48801014
v -0.33137521 -0.16311000 -0.45025522
v 0.01204036 -0.25520295 0.54402238
v 0.02054094 0.07915431 -0.44558337
v -0.42803514 -0.13188455 0.10304502
v 0.00141539 -0.10228281 -0.57144558
v -0.06576424 0.50897288 -0.42276737
v -0.01289260 0.18667816 0.43326962
v 0.33240971 -0.29699969 0.40725672
v -0.56764799 0.14720590 -0.17119277
v 0.28925255 -0.24591871 0.30785522
v 0.57756114 -0.00015529 0.17361416
v 0.40859422 0.54501683 -0.16820970
v -0.41224089 0.05390603 -0.43825319
v -0.30818605 -0.46596095 0.00189607
v -0.12090110 -0.20332651 -0.53578210
v -0.01721081 -0.25353682 0.57054043
v -0.44232857 -0.20204186 -0.34255412
v 0.00099262 0.19753954 -0.55754250
v 0.38581875 -0.28882661 0.40780014
v -0.26318511 0.33257169 0.13788883
v 0.49050042 0.23236753 0.30354008
v -0.28830174 -0.07486782 -0.52653599
v 0.40757561 0.13328736 0.43233243
v 0.37138739 -0.24656999 -0.20200455
v 0.27399632 0.48879161 -0.08959905
v 0.31330782 0.49423265 0.14375864
v 0.30259851 0.07060643 -0.48288876
v 0.15872458 0.35982791 -0.49120617
v -0.13143502 0.27494842 -0.54994202
v 0.44707161 0.01840281 0.01080247
v 0.07533199 -0.53813463 0.41700864
v 0.41380537 0.01540232 0.43850061
v -0.25429374 -0.00630997 -0.17095476
v 0.56150204 0.07339810 -0.15516269
v 0.44243011 -0.10834083 0.01278512
v -0.37053114 0.42760691 0.34897286
v 0.21637633 -0.46265456 -0.21791734
v 0.42600915 -0.22902498 0.01206366
v -0.11333759 -0.54220939 0.40877846
v 0.40499195 -0.24789129 0.12026396
v 0.38750085 0.12517965 -0.21083851
v -0.25548270 -0.11423324 -0.16931942
v 0.21191981 0.48252162 -0.27753231
v -0.57759029 0.00133679 -0.17359950
v -0.38335043 0.29803497 -0.40630463
v -0.55882478 0.29646012 -0.01409370
v 0.43510821 -0.54169506 -0.09049494
v 0.53250861 -0.10821249 0.20224354
v 0.56828171 0.14648512 0.16843019
v 0.10176980 0.00774135 0.43449739
v -0.23058526 -0.13734823 0.37404492
v 0.30442053 0.09616243 0.32243338
v 0.08942142 -0.39235464 0.48747182
v -0.54830253 -0.19651258 -0.13660042
v 0.21894738 0.27008334 -0.35635853
v -0.00097104 0.37220812 0.30757982
v -0.42509544 -0.17323487 0.40664646
v -0.40382597 0.18063121 -0.42609045
v -0.30655125 0.47808701 -0.17490043
v -0.43423361 -0.05985170 0.41562837
v 0.39282972 -0.00668459 -0.21416529
v 0.01754614 0.19356975 -0.58435732
v 0.01778371 0.03191358 -0.60246766
v -0.47594452 0.39340678 -0.15456249
v 0.47473225 0.31993258 0.22142506
v 0.40656218 -0.52138650 0.13245791
v -0.44220293 0.09135247 -0.37073955
v -0.27181992 0.41859743 0.40693179
v -0.09960371 -0.52700382 0.28104147
v 0.42029980 0.20945619 -0.40218335
v -0.40024444 0.34603664 0.33142820
v 0.58580160 0.05375636 -0.13959527
v 0.30820087 -0.16222848 0.00061882
v -0.16534519 0.54730761 0.17371532
v -0.31015795 -0.52776748 -0.33316898
v -0.60276592 0.01176525 -0.01693716
v 0.45404229 -0.52108365 -0.03648324
v 0.44853705 -0.49408647 -0.04446600
v 0.46052483 -0.46862531 -0.00329805
v 0.44461370 -0.50852299 -0.01820871
v 0.43972608 -0.51902270 0.00153220
v 0.43192774 -0.52492326 -0.05398160
v 0.45529991 -0.52267522 -0.01633133
v 0.46802416 -0.50267655 0.01400612
v 0.44408712 -0.53967094 -0.00783932
v 0.44036287 -0.53423285 -0.01704898
v 0.43153203 -0.53253573 -0.04196480
v 0.43474042 -0.52400094 -0.03369570
v 0.43230900 -0.54098099 -0.03268640
v 0.44754300 -0.53355700 -0.02994800
v 0.43977600 -0.53755498 -0.05398160
v 0.43737000 -0.53595102 -0.02915270
v 0.44433871 -0.53488380 -0.04196480
v 0.43218800 -0.53473097 -0.03175920
v 0.43239945 -0.54111302 -0.04196480
f 1641 1968 1589
f 2000 1968 1641
f 674 1805 70
f 740 674 70
f 1805 1759 429
f 1805 1662 1759
f 1545 1600 173
f 1812 1662 1805
f 674 1812 1805
f 1600 257 173
f 257 1905 173
f 1589 1755 1662
f 1759 1662 1755
f 1748 1600 1545
f 1978 1600 1748
f 1641 1662 1812
f 1641 1589 1662
f 1978 387 119
f 1978 119 1600
f 119 257 1600
f 1589 1847 1755
f 1375 1528 1748
f 1528 1978 1748
f 1528 387 1978
f 1528 1734 387
f 1968 1847 1589
f 1847 1968 218
f 577 1528 1375
f 992 1528 577
f 992 420 1528
f 1096 1734 1528
f 21 1228 558
f 21 556 1228
f 83 686 209
f 1636 83 209
f 83 857 686
f 857 1228 556
f 857 458 1228
f 442 596 686
f 596 209 686
f 673 857 223
f 353 857 673
f 353 686 857
f 223 857 556
f 442 686 353
f 677 223 556
f 442 673 223
f 442 353 673
f 1424 677 556
f 1424 442 677
f 442 223 677
f 1288 442 1424
f 1141 740 1319
f 219 740 1141
f 187 740 219
f 832 83 400
f 832 740 83
f 740 832 1319
f 566 83 1636
f 83 566 400
f 1053 145 1059
f 246 219 1141
f 219 1059 187
f 1053 1059 219
f 596 566 209
f 596 400 566
f 596 1053 400
f 209 566 1636
f 832 1053 1319
f 1053 1141 1319
f 1053 246 1141
f 219 246 1053
f 400 1053 832
f 1235 429 957
f 1235 957 303
f 1805 1235 70
f 1805 429 1235
f 70 1235 458
f 1545 173 596
f 857 70 458
f 70 857 83
f 1545 596 1262
f 1288 596 442
f 1262 596 1288
f 740 70 83
f 173 1607 596
f 1905 1607 173
f 596 1607 145
f 596 145 1053
f 429 1766 957
f 1759 1766 429
f 151 149 1690
f 1690 149 1262
f 149 1545 1262
f 1941 1375 149
f 1941 149 8
f 1755 1766 1759
f 1755 1760 1766
f 8 149 151
f 1621 1941 8
f 149 1748 1545
f 1375 1748 149
f 1705 1550 694
f 1639 694 621
f 1639 1705 694
f 577 1375 1941
f 1847 1760 1755
f 1847 260 1760
f 577 1941 1621
f 1903 1219 1705
f 1887 1705 1639
f 1887 1903 1705
f 218 1937 260
f 218 260 1847
f 1881 1219 1903
f 1643 1903 1887
f 601 738 316
f 155 95 325
f 303 1999 738
f 38 738 1006
f 38 316 738
f 738 1999 1006
f 459 1006 1999
f 1038 1006 459
f 1038 38 1006
f 95 1038 325
f 1038 95 38
f 155 325 89
f 604 1999 2
f 4 1999 604
f 4 459 1999
f 1672 459 4
f 1672 1038 459
f 89 1672 4
f 325 1672 89
f 1672 325 1038
f 303 1250 1999
f 983 1228 453
f 1228 983 558
f 453 1228 1079
f 1288 21 558
f 458 601 1331
f 458 1331 1079
f 458 1079 1228
f 1166 983 453
f 1166 1288 983
f 1288 558 983
f 1020 1288 1166
f 1166 453 1079
f 1331 601 976
f 1020 1166 1079
f 1183 976 601
f 514 976 1183
f 514 1020 976
f 1020 1331 976
f 1020 1079 1331
f 155 514 95
f 155 1020 514
f 846 601 316
f 514 601 846
f 514 1183 601
f 95 514 846
f 95 316 38
f 95 846 316
f 1424 556 21
f 1288 1424 21
f 796 705 638
f 607 796 638
f 705 1184 150
f 1263 54 446
f 27 54 1104
f 232 1263 446
f 1565 1263 232
f 836 1263 1565
f 54 27 446
f 1088 796 1249
f 1088 54 796
f 54 1088 1104
f 440 232 446
f 440 1565 232
f 684 836 1565
f 1249 796 607
f 440 27 1104
f 440 446 27
f 543 1104 1088
f 543 440 1104
f 684 1565 440
f 957 1125 303
f 957 996 1125
f 1235 303 458
f 303 738 601
f 601 458 303
f 819 155 448
f 819 1262 155
f 155 101 448
f 724 819 448
f 101 155 89
f 724 101 1501
f 724 448 101
f 1262 1288 1020
f 155 1262 1020
f 796 61 705
f 989 890 1184
f 61 1184 705
f 61 989 1184
f 304 61 1263
f 61 796 54
f 1263 61 54
f 1938 684 440
f 957 1766 996
f 1766 891 996
f 1295 1497 328
f 1690 1262 819
f 1497 151 1690
f 1497 1690 819
f 1497 819 724
f 1550 554 989
f 61 694 989
f 694 1550 989
f 621 61 304
f 621 694 61
f 1925 1621 8
f 1760 891 1766
f 1760 1695 891
f 1295 8 1497
f 8 151 1497
f 1925 8 1295
f 1584 1925 1295
f 1550 1794 554
f 260 1695 1760
f 260 1946 1695
f 1705 1219 1550
f 1219 1794 1550
f 1219 1828 1794
f 1625 1946 260
f 1925 577 1621
f 1909 992 577
f 1937 1625 260
f 1845 577 1925
f 1909 577 1845
f 1845 1925 1811
f 1881 488 1219
f 1219 488 1828
f 1250 186 849
f 1250 1125 186
f 1125 313 186
f 1127 1125 959
f 1127 313 1125
f 1077 1999 103
f 1999 1077 2
f 89 604 2
f 89 4 604
f 1999 1250 103
f 101 359 113
f 89 359 101
f 103 1250 634
f 359 1077 103
f 359 2 1077
f 359 89 2
f 23 634 1250
f 23 103 634
f 359 23 113
f 23 359 103
f 432 23 1250
f 90 23 432
f 90 113 23
f 431 432 1250
f 431 1250 849
f 90 432 431
f 849 90 431
f 1211 90 849
f 1211 849 186
f 1211 186 313
f 902 824 371
f 824 133 371
f 1185 133 824
f 804 902 371
f 678 371 133
f 804 371 678
f 804 712 552
f 1185 1373 133
f 678 712 804
f 490 133 548
f 678 133 490
f 133 1373 548
f 1046 678 490
f 1185 1280 1373
f 1046 490 548
f 1373 1280 762
f 483 705 150
f 483 638 705
f 607 638 483
f 645 607 483
f 978 1184 890
f 335 1184 978
f 734 1184 335
f 734 150 1184
f 267 150 734
f 267 483 150
f 890 824 599
f 731 734 335
f 645 483 267
f 731 267 734
f 731 645 267
f 599 824 902
f 239 890 599
f 978 890 239
f 712 978 239
f 712 731 978
f 731 335 978
f 552 599 902
f 239 599 552
f 552 712 239
f 804 552 902
f 543 1249 607
f 543 1088 1249
f 645 543 607
f 303 1125 1250
f 1220 1501 1542
f 1542 90 1211
f 1220 1542 1774
f 1542 699 1774
f 699 1542 1211
f 1501 101 1542
f 1542 113 90
f 1542 101 113
f 554 109 1185
f 554 1560 109
f 989 824 890
f 989 1185 824
f 989 554 1185
f 1282 712 678
f 1046 1282 678
f 140 1282 1046
f 1458 1282 140
f 427 1282 1458
f 427 1479 1282
f 1280 1185 109
f 1282 645 731
f 1282 731 712
f 543 1938 440
f 1282 543 645
f 1282 1122 543
f 1122 1938 543
f 1479 1122 1282
f 891 1243 996
f 1497 724 328
f 724 1501 1220
f 328 724 1220
f 554 1307 1560
f 1221 1479 427
f 1221 1583 1479
f 1479 1779 1122
f 1583 1779 1479
f 1583 1714 1779
f 1695 1243 891
f 1695 1548 1243
f 554 1794 1307
f 1794 1711 1307
f 1485 1573 1583
f 1485 1583 1221
f 1573 1714 1583
f 1573 1879 1714
f 1811 1925 1584
f 1946 1548 1695
f 1828 1711 1794
f 1828 391 1711
f 1806 1966 1573
f 1806 1573 1485
f 1966 1879 1573
f 1966 1393 1879
f 1625 1065 1946
f 1946 1065 1548
f 488 391 1828
f 1619 1957 1966
f 1619 1966 1806
f 1966 1471 1393
f 1957 1471 1966
f 1957 135 1471
f 1127 959 493
f 699 313 1127
f 699 1211 313
f 699 1127 493
f 959 699 493
f 368 959 963
f 368 699 959
f 699 368 162
f 368 963 918
f 959 1400 963
f 963 1400 918
f 1425 918 1400
f 1425 368 918
f 1209 162 368
f 1209 368 1425
f 1280 188 217
f 1280 160 188
f 188 498 883
f 160 498 188
f 160 444 498
f 829 498 444
f 829 883 498
f 160 1008 444
f 563 1373 658
f 563 548 1373
f 563 1046 548
f 1373 762 658
f 449 658 762
f 658 1046 563
f 1280 456 762
f 449 1046 658
f 140 1046 449
f 456 1280 217
f 449 762 456
f 131 217 188
f 131 456 217
f 131 449 456
f 131 188 883
f 1456 449 131
f 140 449 1456
f 800 131 883
f 1456 131 800
f 800 883 829
f 162 1774 699
f 996 788 1125
f 1125 788 959
f 1400 959 788
f 1446 1774 162
f 162 1209 1446
f 109 160 1280
f 1560 982 109
f 109 1008 160
f 109 982 1008
f 1414 427 1458
f 1414 140 1456
f 1414 1458 140
f 788 996 1243
f 1939 1295 1446
f 1339 1939 1446
f 1774 1446 1220
f 1446 328 1220
f 1295 328 1446
f 1307 1610 1560
f 1560 1610 982
f 1414 1221 427
f 1939 1584 1295
f 1307 1711 1092
f 1307 1092 1610
f 1939 1811 1584
f 391 1092 1711
f 1845 1811 1939
f 1929 1845 1939
f 1796 1845 1929
f 1488 1796 1929
f 391 1846 1092
f 1425 1400 511
f 1209 1425 793
f 389 1425 511
f 1209 793 666
f 1242 1209 666
f 666 1004 1242
f 922 1057 1614
f 1004 137 1242
f 1057 1543 1614
f 389 793 1425
f 389 1353 793
f 444 1008 1353
f 1737 444 1353
f 1737 829 444
f 1008 998 1353
f 1084 1737 1353
f 1353 666 793
f 1353 998 666
f 1353 389 511
f 758 1737 1084
f 998 105 666
f 758 685 1737
f 1353 511 1057
f 998 777 105
f 922 1353 1057
f 62 1353 922
f 62 1084 1353
f 32 758 1084
f 666 105 1004
f 1216 758 32
f 32 1084 62
f 105 332 1004
f 777 332 105
f 777 605 332
f 808 32 62
f 1216 32 808
f 1456 800 829
f 685 829 1737
f 685 1456 829
f 1216 685 758
f 788 1108 1057
f 1108 1543 1057
f 788 511 1400
f 788 1057 511
f 689 1446 1209
f 1591 1446 689
f 1242 689 1209
f 689 1242 137
f 1008 777 998
f 982 777 1008
f 982 605 777
f 982 7 605
f 982 36 7
f 1414 1456 685
f 1664 1414 685
f 1664 685 1216
f 1552 1216 237
f 1552 1664 1216
f 1339 1446 1591
f 1243 1108 788
f 1243 1701 1108
f 1610 36 982
f 1610 1297 36
f 1886 1664 1552
f 1342 1221 1414
f 1886 1414 1664
f 1342 1414 1886
f 1493 1939 1339
f 1548 1701 1243
f 1701 1548 1540
f 1610 1092 1297
f 1092 1899 1297
f 1342 1485 1221
f 905 1485 1342
f 1920 1485 905
f 1929 1939 1493
f 1920 1806 1485
f 1385 1806 1920
f 748 1806 1385
f 1065 1540 1548
f 1065 1987 1540
f 1846 1899 1092
f 1846 1839 1899
f 748 1619 1806
f 1859 1619 748
f 1463 1619 1859
f 1341 1463 1859
f 1459 1641 3
f 2000 1641 1459
f 51 2000 1459
f 700 674 740
f 700 740 1520
f 397 1812 674
f 397 674 700
f 169 397 700
f 257 1384 1276
f 587 1384 257
f 257 1276 1905
f 1384 1885 1276
f 626 397 169
f 3 1641 1812
f 3 1812 397
f 387 587 119
f 119 587 257
f 1384 1421 1885
f 199 397 626
f 199 3 397
f 1384 1833 1421
f 1734 587 387
f 199 1459 3
f 1906 1459 199
f 35 1833 1384
f 390 1908 1734
f 1734 1384 587
f 1734 1908 1384
f 1908 35 1384
f 390 1361 1908
f 1906 51 1459
f 1650 51 1906
f 1984 1650 1906
f 495 187 660
f 495 740 187
f 1520 343 111
f 343 1520 495
f 495 660 302
f 63 495 302
f 651 495 63
f 470 495 651
f 470 343 495
f 343 470 210
f 111 343 210
f 1059 660 187
f 1059 302 660
f 1059 63 302
f 1059 651 63
f 1059 990 651
f 990 470 651
f 145 990 1059
f 354 111 210
f 324 111 354
f 990 210 470
f 990 354 210
f 990 120 354
f 120 324 354
f 1520 111 656
f 1520 656 1062
f 656 111 286
f 286 111 324
f 1062 290 34
f 1062 656 290
f 118 120 990
f 118 59 120
f 118 1568 59
f 885 1062 34
f 818 1062 885
f 324 120 286
f 120 656 286
f 120 290 656
f 225 818 944
f 225 1062 818
f 120 521 290
f 120 59 521
f 1568 1653 59
f 521 34 290
f 885 34 521
f 885 252 818
f 944 818 252
f 1099 944 53
f 1099 225 944
f 521 59 885
f 59 252 885
f 59 944 252
f 59 1653 944
f 1653 53 944
f 1653 1099 53
f 312 928 225
f 1011 225 1099
f 312 225 1011
f 928 312 55
f 1099 854 1011
f 477 312 1011
f 1653 854 1099
f 1653 318 854
f 1520 740 495
f 1607 990 145
f 1607 1276 990
f 928 700 1520
f 169 700 928
f 225 1520 1062
f 928 1520 225
f 1276 118 990
f 1276 1188 1525
f 1276 1568 118
f 1276 1525 1568
f 1188 1227 961
f 1568 1525 1653
f 1188 961 1525
f 1653 45 318
f 1525 45 1653
f 961 45 1525
f 1227 1648 961
f 17 169 1118
f 1118 169 928
f 1118 928 55
f 1905 1276 1607
f 1050 621 457
f 457 621 304
f 1885 965 1276
f 1276 965 1188
f 965 1227 1188
f 965 1648 1227
f 1885 1648 965
f 17 626 169
f 259 626 17
f 1050 1639 621
f 1637 1050 1513
f 259 199 626
f 1981 199 259
f 1833 1534 1421
f 1421 1534 1885
f 1534 1648 1885
f 1534 1638 1648
f 1534 1651 1638
f 1928 1887 1639
f 1928 1639 1050
f 1637 1928 1050
f 1000 1928 1637
f 1981 1906 199
f 35 1534 1833
f 1984 1906 1981
f 35 1776 1534
f 1776 1651 1534
f 1776 1236 1651
f 1776 1807 1236
f 1888 1887 1928
f 1888 1643 1887
f 1000 1888 1928
f 1908 1776 35
f 1892 1807 1776
f 615 1263 836
f 141 615 214
f 214 615 913
f 141 350 337
f 141 214 350
f 1055 141 337
f 768 141 1055
f 835 615 836
f 913 615 835
f 913 26 214
f 26 350 214
f 835 26 913
f 684 835 836
f 1938 835 684
f 525 768 1055
f 971 350 26
f 971 337 350
f 971 1344 337
f 1344 1055 337
f 1344 525 1055
f 1938 26 835
f 1938 971 26
f 465 141 768
f 1 768 637
f 1 465 768
f 637 768 370
f 1 637 294
f 1 294 1143
f 370 768 525
f 294 637 489
f 477 1011 854
f 586 312 477
f 505 312 586
f 854 318 477
f 55 312 505
f 106 55 505
f 938 55 106
f 318 586 477
f 318 505 586
f 5 55 938
f 318 106 505
f 318 45 106
f 45 338 106
f 106 361 938
f 5 938 361
f 106 338 361
f 45 475 338
f 691 361 338
f 691 5 361
f 1514 691 174
f 1514 5 691
f 987 1514 174
f 338 174 691
f 174 475 987
f 475 174 338
f 475 702 987
f 1118 5 1514
f 1118 1514 1100
f 1100 1514 987
f 1118 1100 1529
f 702 1100 987
f 25 1100 702
f 1529 1100 25
f 879 25 702
f 1529 25 879
f 475 879 702
f 475 249 879
f 1645 1118 1529
f 382 879 249
f 382 1529 879
f 1645 1529 382
f 249 1098 382
f 108 1098 249
f 457 304 465
f 304 1263 615
f 465 304 615
f 465 615 141
f 401 457 465
f 401 465 1
f 961 620 45
f 481 401 1
f 1118 55 5
f 1648 620 961
f 45 620 475
f 620 249 475
f 620 108 249
f 620 1575 1105
f 1105 108 620
f 130 1645 1229
f 130 1118 1645
f 17 1118 1157
f 1157 1118 130
f 1513 1050 457
f 1513 457 401
f 413 1513 401
f 80 1513 413
f 413 401 481
f 1638 980 1648
f 1648 980 620
f 980 1575 620
f 112 259 17
f 807 259 112
f 112 17 1157
f 1638 1626 980
f 1637 1513 80
f 1406 1637 80
f 1435 1981 259
f 1435 259 807
f 1236 1638 1651
f 1638 1613 1626
f 1236 1613 1638
f 1822 1000 1637
f 1822 1637 1406
f 1234 1984 1981
f 1234 1981 1435
f 1807 1613 1236
f 1138 1000 1822
f 1914 1984 1234
f 1344 125 525
f 467 637 370
f 489 637 467
f 525 125 370
f 125 467 370
f 139 1 1143
f 1094 1 139
f 489 1923 294
f 1923 1143 294
f 139 1143 179
f 125 489 467
f 125 1923 489
f 125 1327 1923
f 1327 1635 1923
f 1923 179 1143
f 1923 1635 179
f 1635 139 179
f 422 1094 139
f 139 781 422
f 1635 781 139
f 781 450 422
f 1635 355 781
f 1327 355 1635
f 751 1 1094
f 751 1094 1238
f 751 1238 1213
f 1238 1094 422
f 751 1213 380
f 450 1238 422
f 1213 1238 450
f 781 355 450
f 428 1213 450
f 380 1213 428
f 355 428 450
f 134 751 380
f 590 380 428
f 134 380 590
f 428 229 590
f 355 229 428
f 529 751 134
f 221 751 529
f 270 590 129
f 270 134 590
f 529 134 270
f 229 129 590
f 129 1615 270
f 229 1615 129
f 355 1615 229
f 221 529 424
f 382 1098 1645
f 1098 1229 1645
f 1098 108 183
f 130 1229 502
f 502 1229 1049
f 1098 1049 1229
f 1098 183 1049
f 502 1049 760
f 183 760 1049
f 1306 502 1156
f 1156 502 760
f 1156 296 1306
f 760 1441 1156
f 183 1441 760
f 108 1441 183
f 545 1306 296
f 1441 296 1156
f 296 533 545
f 1441 533 296
f 1441 499 533
f 533 1208 545
f 533 499 1208
f 405 130 502
f 405 502 1306
f 405 1306 545
f 763 545 1208
f 763 405 545
f 812 405 763
f 1938 1344 971
f 1938 125 1344
f 1938 1327 125
f 1938 1313 1327
f 1122 1313 1938
f 481 1 751
f 221 481 751
f 1058 481 221
f 1313 355 1327
f 1313 484 355
f 1313 1546 484
f 355 484 1615
f 1575 376 1105
f 1575 1335 376
f 1335 1481 376
f 1105 1441 108
f 1105 376 1441
f 376 499 1441
f 376 412 499
f 1481 412 376
f 499 412 948
f 130 405 812
f 975 1157 130
f 830 1157 975
f 1779 1313 1122
f 1779 1581 1313
f 1714 1581 1779
f 1714 967 1581
f 1581 1546 1313
f 1581 1912 1546
f 967 1912 1581
f 301 80 413
f 1058 413 481
f 301 413 1058
f 980 1335 1575
f 980 1626 1335
f 1626 1217 1335
f 1335 1018 1481
f 452 807 112
f 830 112 1157
f 452 112 830
f 1879 967 1714
f 1879 1558 967
f 967 1017 1912
f 1558 1017 967
f 1569 1406 80
f 1569 80 301
f 1613 1217 1626
f 1158 1435 807
f 1158 807 452
f 1613 1849 1217
f 871 1849 1613
f 1393 1558 1879
f 1393 1844 1558
f 1558 1700 1017
f 1844 1700 1558
f 1844 1351 1700
f 1975 1822 1406
f 1975 1406 1569
f 1764 1234 1435
f 1764 1435 1158
f 1471 1844 1393
f 1471 1605 1844
f 135 1605 1471
f 1386 1605 135
f 1605 1351 1844
f 1605 1181 1351
f 1674 1138 1822
f 1674 1822 1975
f 1807 1161 1613
f 1892 1161 1807
f 1809 1914 1234
f 1685 1161 1892
f 1161 871 1613
f 1809 1234 1764
f 1790 529 270
f 424 529 1790
f 1615 1790 270
f 676 424 1790
f 1615 676 1790
f 1615 680 676
f 46 424 676
f 484 680 1615
f 46 676 530
f 680 530 676
f 680 198 530
f 46 530 198
f 665 198 756
f 665 46 198
f 680 756 198
f 484 756 680
f 519 665 756
f 756 1993 519
f 675 1208 77
f 499 77 1208
f 499 948 77
f 10 675 77
f 675 10 1178
f 77 948 10
f 46 221 424
f 948 932 10
f 948 936 932
f 872 221 46
f 1519 665 519
f 1519 46 665
f 872 46 1519
f 178 519 1993
f 178 1519 519
f 872 1519 178
f 763 1208 675
f 1178 763 675
f 812 763 1178
f 540 1178 932
f 540 812 1178
f 932 1178 10
f 1470 936 948
f 1299 975 812
f 540 932 347
f 347 932 936
f 1299 812 540
f 856 540 347
f 729 540 856
f 1299 540 729
f 936 856 347
f 936 88 856
f 936 950 88
f 1470 950 936
f 1470 402 950
f 856 88 729
f 88 1963 729
f 1139 729 1963
f 1139 1299 729
f 88 950 1963
f 1139 1963 1095
f 950 1095 1963
f 975 1299 1139
f 484 1993 756
f 872 1058 221
f 1346 1058 872
f 975 130 812
f 412 1470 948
f 1481 1018 412
f 412 1018 1470
f 1018 402 1470
f 1346 301 1058
f 1587 301 1346
f 1217 1018 1335
f 1587 1569 301
f 1396 1569 1587
f 1396 1975 1569
f 904 1975 1396
f 871 1305 1849
f 904 1674 1975
f 443 1674 904
f 1993 784 1723
f 329 178 1993
f 329 872 178
f 1723 329 1993
f 329 1723 181
f 295 329 181
f 872 329 295
f 1723 295 181
f 464 1723 555
f 464 295 1723
f 784 555 1723
f 1416 295 464
f 1416 872 295
f 464 555 1416
f 784 204 555
f 194 872 1416
f 555 549 1416
f 194 1416 549
f 555 204 549
f 614 194 549
f 204 614 549
f 204 644 614
f 1530 194 614
f 630 1139 1095
f 1095 404 630
f 950 404 1095
f 950 681 404
f 402 681 950
f 567 975 1139
f 1350 630 404
f 567 630 1350
f 567 1139 630
f 404 681 1350
f 567 1350 381
f 681 381 1350
f 297 381 251
f 297 567 381
f 681 251 381
f 33 297 1036
f 33 567 297
f 921 297 251
f 1036 297 921
f 681 921 251
f 681 283 921
f 921 283 1036
f 283 1673 1036
f 283 1028 1673
f 1028 1036 1673
f 33 1036 1028
f 484 784 1993
f 1546 784 484
f 1546 1861 784
f 1861 144 784
f 1436 1346 872
f 784 144 204
f 144 644 204
f 1436 872 194
f 1436 194 1530
f 33 975 567
f 1018 367 402
f 1018 161 367
f 402 283 681
f 402 1503 283
f 367 1503 402
f 33 830 975
f 284 830 33
f 1546 1444 1861
f 1912 1444 1546
f 1912 1443 1444
f 91 1587 1346
f 91 1346 1436
f 284 452 830
f 1940 452 284
f 1217 161 1018
f 1217 1562 161
f 1017 1443 1912
f 1017 1724 1443
f 1396 1587 91
f 1768 1396 91
f 1940 1158 452
f 1849 1305 1217
f 1217 1926 1562
f 1305 1926 1217
f 1305 1628 1926
f 1700 1724 1017
f 1351 1694 1700
f 1700 1694 1724
f 1768 904 1396
f 1566 904 1768
f 1505 1158 1940
f 1795 1628 1305
f 1505 1764 1158
f 1181 1253 1351
f 1181 1192 1253
f 1351 1253 1694
f 1192 1403 1253
f 1566 443 904
f 1161 1305 871
f 1161 1728 1795
f 1161 1795 1305
f 1713 1764 1505
f 1713 1809 1764
f 2000 1933 1968
f 1592 1933 2000
f 1933 218 1968
f 1933 1707 218
f 420 1096 1528
f 1096 1687 1734
f 1348 1096 420
f 512 839 420
f 839 1348 420
f 1348 1687 1096
f 1348 1452 1687
f 1767 1707 1933
f 1884 1767 1933
f 1836 825 839
f 1884 1933 1592
f 1970 1884 1592
f 839 1452 1348
f 839 706 1452
f 825 706 839
f 825 1266 706
f 1702 1767 1884
f 1702 1783 1767
f 1970 1702 1884
f 1286 1702 1970
f 1988 1266 825
f 1988 723 1266
f 1445 723 1988
f 1909 1991 992
f 1991 420 992
f 1707 1937 218
f 1699 1881 1903
f 1643 1699 1903
f 512 420 1991
f 1707 1982 1937
f 1699 1002 1881
f 1869 1699 1643
f 1767 1982 1707
f 1767 1969 1982
f 1332 1292 1404
f 1464 1332 1404
f 1404 839 512
f 1836 839 1404
f 1292 1836 1404
f 1551 1002 1699
f 1869 1551 1699
f 1783 1969 1767
f 1783 1078 1969
f 1464 649 1332
f 1292 1988 1836
f 649 1292 1332
f 649 1857 1292
f 1988 825 1836
f 696 1551 1869
f 696 167 1551
f 977 1783 1702
f 1191 1988 1292
f 1191 1101 1988
f 1857 1191 1292
f 319 1191 1857
f 1101 207 1988
f 1225 93 1702
f 93 977 1702
f 1363 723 1445
f 207 1445 1988
f 1225 1702 1286
f 1445 407 1363
f 977 20 1783
f 20 1109 1783
f 319 1171 1191
f 1502 207 1101
f 1754 207 1502
f 1171 1101 1191
f 1502 1101 1171
f 755 1225 1286
f 1286 1490 755
f 407 1445 588
f 1754 1445 207
f 588 1445 1754
f 951 588 243
f 951 407 588
f 527 407 951
f 1356 1909 1845
f 710 488 1881
f 1909 512 1991
f 1473 1625 1937
f 1982 1473 1937
f 1627 1909 1606
f 1606 1909 1356
f 1002 710 1881
f 1002 1334 710
f 1784 1464 1404
f 1627 512 1909
f 1627 1404 512
f 1627 1784 1404
f 1982 1710 1473
f 1969 1710 1982
f 115 1334 1002
f 115 1241 1334
f 1551 115 1002
f 1969 1596 1710
f 1078 1596 1969
f 649 1464 1784
f 926 1241 115
f 926 538 1241
f 1551 167 115
f 167 926 115
f 1109 1078 1783
f 1114 1431 1857
f 1541 1857 649
f 1541 1114 1857
f 1630 649 1784
f 1541 649 627
f 627 649 1630
f 1379 1541 627
f 1431 319 1857
f 1983 348 926
f 941 348 1983
f 1983 926 167
f 834 1983 167
f 102 834 167
f 1731 834 102
f 897 1983 834
f 243 167 696
f 243 102 167
f 951 243 696
f 243 811 102
f 1123 1303 1146
f 323 1078 1109
f 323 1081 1078
f 662 319 1431
f 662 1171 319
f 1254 1431 1114
f 1254 662 1431
f 1254 1114 726
f 1197 662 1254
f 121 1502 1171
f 1731 1502 121
f 1731 1754 1502
f 882 1754 1731
f 589 1171 662
f 121 1171 589
f 1023 589 662
f 834 121 897
f 834 1731 121
f 897 121 589
f 589 1023 1983
f 897 589 1983
f 1023 662 1197
f 93 1922 977
f 1023 941 1983
f 1023 1197 941
f 882 588 1754
f 243 588 882
f 243 882 811
f 882 1731 102
f 811 882 102
f 755 1922 1225
f 1490 1922 755
f 1225 1922 93
f 1625 1804 1065
f 710 1413 488
f 488 1413 391
f 1837 1544 1957
f 1837 1957 1619
f 1544 1468 1957
f 1468 135 1957
f 1473 1804 1625
f 1334 1742 710
f 710 1742 1413
f 1232 1544 1572
f 1572 1544 1837
f 1832 1232 1572
f 1544 1803 1468
f 1232 1803 1544
f 1232 1829 1803
f 1473 1710 1953
f 1712 1627 1606
f 1241 806 1334
f 806 1742 1334
f 1654 1232 1832
f 1654 1666 1232
f 1810 1666 1654
f 1666 1829 1232
f 1666 1492 1829
f 1324 1784 1627
f 1630 1784 1324
f 1241 538 1634
f 1241 1634 806
f 1316 1810 1654
f 1666 1609 1492
f 1666 750 1609
f 1078 903 1596
f 701 1034 627
f 953 1634 538
f 18 953 538
f 18 1145 953
f 1145 924 953
f 926 348 538
f 348 280 538
f 941 1140 348
f 280 18 538
f 984 602 1203
f 1316 1203 1810
f 984 1203 310
f 310 1203 1316
f 1203 1666 1810
f 1203 1153 1666
f 418 1153 1203
f 423 418 1203
f 418 993 1153
f 602 423 1203
f 1153 1146 750
f 1153 1123 1146
f 1153 750 1666
f 903 406 1596
f 1034 1420 627
f 406 327 1596
f 1081 903 1078
f 726 1114 1541
f 1420 1379 627
f 726 1541 1379
f 1155 1379 1420
f 1155 726 1379
f 949 726 1155
f 1155 1420 1034
f 528 1155 1034
f 941 1197 1140
f 273 1254 726
f 1140 1197 1254
f 1683 1254 273
f 1254 1683 348
f 1254 348 1140
f 348 1683 280
f 1109 1366 323
f 1294 18 280
f 280 273 1294
f 280 1683 273
f 927 273 726
f 273 927 1294
f 1294 868 18
f 1294 927 868
f 949 927 726
f 927 949 868
f 323 1366 1081
f 868 949 18
f 949 1145 18
f 720 602 984
f 949 1155 1145
f 1081 1366 903
f 924 1145 1155
f 1107 720 984
f 977 1109 20
f 977 1366 1109
f 1922 1366 977
f 720 423 602
f 275 1123 1153
f 993 399 1153
f 399 275 1153
f 652 1303 1123
f 652 1123 275
f 652 275 399
f 1796 1356 1845
f 1413 1846 391
f 1413 858 1846
f 1463 1837 1619
f 1606 1356 1796
f 1712 1606 1796
f 1742 858 1413
f 1536 858 1742
f 1572 1837 1463
f 1953 1804 1473
f 1324 1627 1712
f 1751 1324 1712
f 806 1536 1742
f 776 1654 1832
f 1596 1026 1710
f 1710 1026 1953
f 1882 1630 1324
f 1882 1324 1751
f 1634 1277 806
f 806 1277 1536
f 776 1316 1654
f 1882 627 1630
f 701 627 1882
f 327 1026 1596
f 327 1432 1026
f 87 701 1882
f 37 87 1882
f 953 640 1634
f 1634 640 1277
f 640 1052 1277
f 1083 1052 640
f 19 1405 310
f 19 310 1316
f 19 1316 776
f 1432 1320 1026
f 528 1034 820
f 1155 528 924
f 924 528 953
f 820 1034 701
f 528 291 953
f 528 820 291
f 291 640 953
f 820 701 87
f 291 356 640
f 356 820 87
f 820 356 291
f 356 1083 640
f 1083 87 235
f 1083 356 87
f 327 1862 1432
f 235 87 37
f 1405 984 310
f 1405 1107 984
f 903 1366 406
f 1366 327 406
f 1355 1405 19
f 1355 1107 1405
f 805 1355 19
f 1366 1862 327
f 418 423 720
f 805 1107 1355
f 1423 720 1107
f 399 993 418
f 652 399 418
f 1423 418 720
f 1896 418 1423
f 1896 652 418
f 1922 1867 1366
f 1867 127 1366
f 1804 1987 1065
f 463 1796 1488
f 858 1927 1846
f 1927 1839 1846
f 654 1463 1341
f 1804 1986 1987
f 1942 1712 1796
f 1942 1796 463
f 1536 1258 858
f 858 1258 1927
f 1718 1463 654
f 1358 1572 1463
f 1358 1832 1572
f 1358 1463 1718
f 1953 1986 1804
f 430 1751 1712
f 430 1712 1942
f 1953 583 1986
f 1536 1652 1258
f 1374 1832 1358
f 1374 776 1832
f 1026 583 1953
f 1372 1751 430
f 1277 1652 1536
f 1277 1021 1652
f 1365 776 1374
f 1665 776 1365
f 1045 1611 1026
f 1045 1856 1611
f 1026 1611 583
f 1930 37 1882
f 1372 1882 1751
f 1320 1045 1026
f 1256 1882 1372
f 1580 1882 1256
f 1580 1930 1882
f 1052 417 1277
f 417 1021 1277
f 593 1352 1665
f 417 579 1021
f 579 1265 1021
f 1352 19 776
f 1840 19 1352
f 1665 1352 776
f 579 1930 1580
f 9 1580 1256
f 1265 579 1580
f 1052 1083 235
f 1432 1862 1320
f 1732 37 1930
f 1732 235 37
f 235 1732 1052
f 1320 1862 1045
f 1732 417 1052
f 579 1732 1930
f 417 1732 579
f 790 1352 593
f 790 985 1352
f 1045 1862 1856
f 1840 805 19
f 98 1840 1352
f 98 805 1840
f 985 98 1352
f 1423 1107 805
f 1366 127 1862
f 1423 805 98
f 1423 98 985
f 1793 2000 51
f 1793 1592 2000
f 1687 390 1734
f 1650 1793 51
f 1553 1793 1650
f 1361 974 1908
f 1853 1553 1650
f 1452 390 1687
f 390 1780 1361
f 1361 97 974
f 1780 97 1361
f 97 1831 974
f 1817 1592 1793
f 1817 1970 1592
f 706 390 1452
f 706 1780 390
f 1780 706 326
f 326 1359 1780
f 1359 1508 1780
f 1553 1817 1793
f 1041 1817 1553
f 1266 326 706
f 717 1970 1817
f 717 1286 1970
f 1266 723 326
f 326 74 1359
f 1041 717 1817
f 1451 717 1041
f 723 1865 326
f 1865 74 326
f 733 1286 717
f 1333 1643 1888
f 1838 1333 1888
f 1838 1888 1000
f 1853 1650 1984
f 974 1831 1908
f 1831 1776 1908
f 165 1776 1831
f 165 1892 1776
f 1333 1869 1643
f 1782 1333 1838
f 1442 1553 1853
f 97 165 1831
f 920 1869 1333
f 1782 920 1333
f 201 920 1782
f 1508 97 1780
f 1508 1498 97
f 416 1498 1508
f 1041 1553 1442
f 1574 1041 1442
f 696 1869 920
f 797 696 920
f 1359 74 1508
f 74 416 1508
f 74 1338 416
f 1338 1995 416
f 1451 1041 1574
f 416 1995 1498
f 1960 1451 1574
f 1865 723 1363
f 733 1490 1286
f 1865 1363 1364
f 1448 74 1865
f 1555 733 717
f 1865 1382 1448
f 1382 321 1448
f 717 1451 1555
f 840 1555 1451
f 1448 1338 74
f 576 1338 1448
f 1451 1500 840
f 321 576 1448
f 1039 1500 1451
f 1039 1451 1960
f 407 1364 1363
f 1364 73 1865
f 1200 1865 73
f 527 1364 407
f 527 73 1364
f 1200 73 527
f 1382 1865 1200
f 1200 265 1382
f 801 1382 265
f 801 321 1382
f 771 321 801
f 576 321 771
f 1816 576 771
f 1816 1510 576
f 1468 1386 135
f 1138 1838 1000
f 1914 1853 1984
f 165 14 1892
f 14 28 1892
f 1495 1782 1838
f 1495 1838 1138
f 1747 1853 1914
f 1747 1442 1853
f 97 1697 165
f 165 1697 14
f 1697 28 14
f 201 1782 1826
f 1495 1826 1782
f 1498 1697 97
f 1498 901 1697
f 1498 973 901
f 1686 1574 1442
f 1686 1442 1747
f 1609 1461 1492
f 750 1461 1609
f 797 920 201
f 171 797 201
f 497 201 1826
f 497 171 201
f 1995 973 1498
f 1995 1750 973
f 375 1574 1686
f 375 1960 1574
f 1750 206 973
f 1082 901 973
f 206 1082 973
f 292 951 696
f 852 292 696
f 852 696 797
f 757 852 797
f 379 757 797
f 865 379 797
f 750 1706 1461
f 750 152 1706
f 1146 1207 750
f 1207 152 750
f 220 865 797
f 524 797 171
f 220 797 524
f 906 524 171
f 573 906 171
f 576 862 1338
f 823 171 497
f 205 573 171
f 823 205 171
f 1174 205 823
f 1750 1995 1338
f 862 6 1338
f 1338 1072 1750
f 6 1072 1338
f 1072 157 1750
f 1072 874 157
f 157 1992 1750
f 815 1960 375
f 815 1047 1960
f 1750 1992 206
f 757 1200 527
f 379 1200 757
f 865 1200 379
f 865 265 1200
f 292 527 951
f 527 292 852
f 757 527 852
f 733 1922 1490
f 1555 1922 733
f 1303 1196 1146
f 1196 1207 1146
f 1196 224 1207
f 224 730 1207
f 730 152 1207
f 1863 265 865
f 1863 801 265
f 388 801 1863
f 388 771 801
f 1863 865 220
f 388 1816 771
f 1863 220 991
f 388 1863 991
f 524 991 220
f 906 991 524
f 388 991 906
f 840 1922 1555
f 573 388 906
f 542 388 573
f 542 573 205
f 1500 1039 840
f 1510 862 576
f 542 1816 388
f 542 1510 1816
f 6 862 1510
f 1043 1510 542
f 6 1510 1043
f 1407 6 1043
f 1072 6 1407
f 1043 542 205
f 1106 1039 1960
f 888 1106 1960
f 1047 888 1960
f 874 104 157
f 1386 1777 1605
f 1777 1025 1605
f 1029 1025 1777
f 1025 1181 1605
f 1025 138 1181
f 1756 1138 1674
f 28 1685 1892
f 1539 1914 1809
f 1685 1517 1161
f 1803 1386 1468
f 1829 1386 1803
f 1829 1902 1386
f 1386 1029 1777
f 1902 1029 1386
f 1495 1138 1756
f 1919 1495 1756
f 1539 1747 1914
f 1697 1685 28
f 1697 1354 1685
f 1492 1461 1829
f 1829 263 1902
f 1461 263 1829
f 1461 1617 263
f 1461 1944 1617
f 1944 308 1617
f 1826 1495 1919
f 1390 1826 1919
f 1082 1893 901
f 1891 1686 1747
f 1891 1747 1539
f 901 1354 1697
f 1893 1354 901
f 1461 1706 1944
f 1944 1434 308
f 1706 1051 1944
f 1051 1434 1944
f 497 1826 1390
f 1390 461 497
f 206 1893 1082
f 1430 1893 206
f 212 375 1686
f 212 1686 1891
f 152 330 1706
f 330 1716 1706
f 1716 1051 1706
f 1716 408 1051
f 569 1174 823
f 907 569 823
f 503 907 823
f 503 823 461
f 695 157 1210
f 823 497 461
f 507 503 461
f 695 1992 157
f 1992 1430 206
f 1430 1992 695
f 695 988 1430
f 1797 742 375
f 730 311 152
f 1196 1303 652
f 224 1196 652
f 730 224 652
f 311 730 652
f 1135 340 311
f 775 330 152
f 311 775 152
f 840 1998 1922
f 1039 1998 840
f 775 340 330
f 340 180 330
f 180 1716 330
f 180 940 1716
f 340 775 311
f 1135 180 340
f 1135 940 180
f 940 158 1716
f 158 940 99
f 99 940 1135
f 510 158 99
f 1043 205 1174
f 261 1072 1407
f 874 1072 261
f 1407 1043 1174
f 737 874 261
f 1039 1106 1998
f 888 1047 1106
f 569 1407 1174
f 261 1407 569
f 1106 1047 1998
f 1716 158 408
f 907 261 569
f 737 261 907
f 158 895 408
f 503 737 907
f 855 737 503
f 158 248 895
f 1047 815 1998
f 507 855 503
f 158 510 248
f 104 1210 157
f 766 874 737
f 766 104 874
f 104 766 1210
f 1210 436 695
f 436 1007 695
f 436 1210 766
f 855 766 737
f 1387 766 855
f 1387 436 766
f 1007 436 1387
f 117 855 507
f 1387 855 117
f 1068 1007 1387
f 1475 815 375
f 1007 1068 695
f 1068 988 695
f 742 1475 375
f 138 1025 1467
f 138 12 1181
f 1024 138 1467
f 138 1024 12
f 1603 12 1024
f 443 1756 1674
f 1827 1756 443
f 1029 1467 1025
f 1902 1467 1029
f 1902 1024 1467
f 1919 1756 1827
f 1685 1354 1517
f 308 1547 1617
f 1617 1547 263
f 263 1024 1902
f 263 1547 1024
f 1547 1850 1024
f 86 1390 1919
f 1827 86 1919
f 1893 1515 1354
f 1434 1547 308
f 1051 1547 1434
f 773 461 1390
f 773 1390 86
f 1430 197 1893
f 1515 1893 197
f 197 887 1515
f 408 1214 1051
f 895 1214 408
f 780 1214 895
f 1051 1214 1547
f 1214 482 1547
f 482 234 1547
f 1063 507 461
f 1380 1063 461
f 1087 461 773
f 1087 1380 461
f 574 1087 773
f 988 396 1430
f 1797 375 212
f 396 197 1430
f 1255 1797 212
f 396 1778 197
f 212 163 1255
f 1778 537 197
f 624 163 212
f 1128 1135 311
f 1128 311 652
f 1128 652 1896
f 1998 1867 1922
f 1128 99 1135
f 510 99 1128
f 1230 895 248
f 780 895 1230
f 1230 248 510
f 937 780 1230
f 937 1214 780
f 937 772 1214
f 772 937 242
f 557 1230 510
f 557 937 1230
f 242 937 557
f 772 479 1214
f 479 242 827
f 479 772 242
f 557 510 1128
f 827 242 557
f 479 876 1214
f 827 876 479
f 876 482 1214
f 506 827 557
f 827 506 876
f 876 636 482
f 506 557 1128
f 506 636 876
f 636 875 482
f 383 1068 1387
f 1475 742 815
f 1063 117 507
f 659 117 1063
f 659 1387 117
f 185 1387 659
f 383 1387 185
f 815 742 1998
f 1380 659 1063
f 185 659 1380
f 809 383 185
f 799 809 185
f 1281 809 799
f 1087 185 1380
f 799 185 1087
f 742 1797 1998
f 574 799 1087
f 1281 799 843
f 1797 1876 1998
f 988 1068 383
f 383 396 988
f 396 383 809
f 1778 809 1281
f 1778 396 809
f 1255 163 1797
f 537 1778 594
f 1281 594 1778
f 12 1192 1181
f 1603 1192 12
f 1192 1417 1403
f 1668 1827 443
f 1668 443 1566
f 1517 1728 1161
f 1713 1539 1809
f 1671 1539 1713
f 1024 1187 1603
f 1603 1187 1192
f 1187 1417 1192
f 1931 1827 1668
f 1354 1728 1517
f 1850 1187 1024
f 1547 1168 1850
f 86 1827 1931
f 770 86 1931
f 1671 1891 1539
f 1515 887 1354
f 1659 1891 1671
f 1354 1629 1728
f 887 1629 1354
f 887 1841 1629
f 1547 908 1168
f 1547 1980 908
f 773 86 770
f 802 773 770
f 212 1891 1659
f 508 212 1659
f 234 1980 1547
f 234 1392 1980
f 315 574 773
f 802 315 773
f 234 1336 1392
f 893 315 802
f 1016 1336 234
f 315 893 447
f 536 893 802
f 197 1788 887
f 197 537 1788
f 1579 624 508
f 1692 1788 537
f 1692 1388 1788
f 212 508 624
f 1788 1841 887
f 508 1758 1579
f 1499 1128 1896
f 747 1128 1499
f 747 506 1128
f 1998 1876 1867
f 875 234 482
f 747 636 506
f 636 747 875
f 875 69 234
f 69 875 1291
f 747 1291 875
f 69 1016 234
f 623 1291 747
f 1291 1016 69
f 1291 623 1016
f 623 747 1499
f 623 1165 1016
f 843 799 574
f 1797 163 1876
f 244 574 315
f 843 574 244
f 572 244 315
f 572 843 244
f 163 624 1876
f 624 1579 1876
f 447 572 315
f 1016 1165 1336
f 1579 1182 1876
f 1758 1182 1579
f 594 1281 843
f 594 843 572
f 594 1133 537
f 537 1133 1692
f 1133 594 572
f 1133 572 447
f 536 447 893
f 536 1133 447
f 1692 1133 536
f 1388 1692 536
f 1182 1758 508
f 1004 592 137
f 1004 262 592
f 1383 262 1004
f 1383 778 262
f 646 1614 1543
f 646 922 1614
f 191 922 646
f 778 922 191
f 592 193 137
f 132 646 1543
f 193 646 132
f 193 592 646
f 592 191 646
f 592 262 191
f 262 778 191
f 1543 947 132
f 1543 945 947
f 349 132 947
f 349 193 132
f 947 945 1163
f 349 947 1163
f 349 1163 532
f 42 193 349
f 945 532 1163
f 200 62 922
f 332 1383 1004
f 332 1330 1383
f 605 1330 332
f 237 1216 808
f 200 922 778
f 1147 62 200
f 410 62 1147
f 410 808 62
f 813 808 410
f 1383 200 778
f 1383 564 200
f 1330 564 1383
f 1330 732 564
f 813 237 808
f 1147 200 564
f 564 277 1147
f 679 410 1147
f 228 410 679
f 228 813 410
f 277 1111 1147
f 1111 679 1147
f 732 277 564
f 732 1111 277
f 264 813 228
f 732 1027 1111
f 264 237 813
f 1360 237 264
f 1512 237 1360
f 72 228 679
f 264 228 72
f 1111 1027 679
f 1027 72 679
f 1753 72 782
f 1753 264 72
f 1027 782 72
f 1360 264 1753
f 719 1753 782
f 1368 1753 719
f 1360 1753 1368
f 1108 531 1543
f 137 42 689
f 42 137 193
f 531 945 1543
f 1591 689 42
f 1270 1591 42
f 7 1330 605
f 1608 1552 237
f 7 732 1330
f 1608 237 1512
f 851 1552 1608
f 1027 732 7
f 7 474 1027
f 36 474 7
f 1293 1608 1512
f 1293 851 1608
f 1701 939 1108
f 1297 398 36
f 851 1886 1552
f 36 398 474
f 1342 1886 851
f 1830 1493 1339
f 1540 606 1701
f 1899 544 1297
f 1297 544 398
f 1830 1929 1493
f 1899 468 544
f 1987 1594 1540
f 1839 468 1899
f 1839 1821 468
f 1663 1341 1859
f 945 231 532
f 231 349 532
f 42 349 231
f 633 231 1312
f 945 1312 231
f 176 231 633
f 176 42 231
f 945 531 1312
f 414 633 1312
f 176 633 414
f 215 414 1312
f 414 215 534
f 534 176 414
f 215 1312 531
f 1085 534 215
f 274 534 1085
f 274 176 534
f 176 274 1270
f 513 1085 215
f 274 1085 513
f 342 513 215
f 274 513 342
f 1027 719 782
f 1154 1368 719
f 1027 1154 719
f 1027 492 1154
f 492 1027 474
f 1689 175 492
f 492 746 1689
f 164 1368 1154
f 164 1360 1368
f 1582 1360 164
f 164 1154 492
f 175 164 492
f 1602 164 175
f 1582 164 1602
f 1582 1602 613
f 1689 1602 175
f 613 1602 1689
f 870 1582 613
f 184 613 1689
f 870 613 184
f 749 870 184
f 999 870 612
f 531 1108 939
f 1270 42 176
f 1474 1270 1739
f 288 1270 274
f 1270 288 1739
f 474 746 492
f 474 1667 746
f 1512 1360 1582
f 1408 1512 1582
f 1408 1293 1512
f 1961 1582 870
f 1961 1408 1582
f 1590 1408 1961
f 1961 870 999
f 1310 1408 1590
f 1633 1339 1591
f 1701 606 939
f 1633 1591 1474
f 1474 1591 1270
f 398 1667 474
f 1215 851 1293
f 1296 851 1215
f 1296 1342 851
f 1215 1293 1408
f 1215 1408 1504
f 1504 1408 1310
f 1830 1339 1633
f 1744 1830 1633
f 544 1667 398
f 544 1786 1667
f 905 1342 1296
f 1518 905 1296
f 1518 1920 905
f 1540 1818 606
f 713 1830 1744
f 1567 1830 713
f 468 1786 544
f 468 84 1786
f 1385 1920 1412
f 1412 1920 1518
f 1233 1385 1412
f 1233 748 1385
f 1540 1594 1818
f 1567 1929 1830
f 1567 1488 1929
f 1729 1488 1567
f 1821 84 468
f 1194 748 1233
f 1194 1859 748
f 1418 1859 1194
f 1418 1663 1859
f 274 342 153
f 342 539 153
f 539 342 215
f 215 669 539
f 288 274 56
f 539 669 143
f 669 703 143
f 153 56 274
f 56 153 539
f 56 539 143
f 31 56 143
f 703 31 143
f 1824 31 703
f 1824 56 31
f 1824 703 1115
f 669 1369 703
f 703 1369 1115
f 1563 1824 1115
f 1563 1115 1369
f 958 1824 1563
f 466 749 184
f 612 749 466
f 612 870 749
f 612 466 268
f 746 184 1689
f 1367 612 268
f 999 612 1367
f 746 466 184
f 485 268 466
f 1367 485 798
f 1367 268 485
f 1835 1367 798
f 746 15 466
f 15 485 466
f 1167 1835 798
f 1167 798 485
f 15 1167 485
f 15 559 1167
f 639 1367 1835
f 29 1367 639
f 29 999 1367
f 639 1835 1167
f 1239 1260 1268
f 559 639 1167
f 559 29 639
f 1260 29 559
f 1239 1268 1309
f 57 1239 1309
f 1496 1260 559
f 1496 1268 1260
f 1309 1268 1496
f 884 1309 1496
f 1201 1309 884
f 1201 57 1309
f 1433 57 1201
f 1801 57 1433
f 1801 1433 1089
f 786 1801 1089
f 531 669 215
f 531 364 669
f 939 364 531
f 1870 1739 288
f 1667 1612 746
f 288 56 1824
f 1870 288 1824
f 1769 1870 1824
f 746 1612 15
f 1961 999 29
f 1961 29 1260
f 1239 1961 1260
f 1590 1961 1239
f 1801 1239 57
f 1325 1239 1801
f 1325 1590 1239
f 1325 1310 1590
f 1325 1801 1103
f 1103 1801 575
f 606 1670 939
f 939 1670 364
f 1739 1870 1474
f 1870 1633 1474
f 1667 1159 1612
f 1487 1310 1325
f 1487 1504 1310
f 1487 1215 1504
f 1684 1215 1487
f 1684 1296 1215
f 606 898 1670
f 713 1744 1633
f 1786 1159 1667
f 1786 1343 1159
f 1130 1296 1684
f 1130 1518 1296
f 1818 898 606
f 1818 580 898
f 84 1343 1786
f 1997 1518 1130
f 1997 1412 1518
f 1997 1233 1412
f 1588 1233 1997
f 1594 580 1818
f 1594 1913 580
f 1821 1798 84
f 1798 1735 84
f 1588 1194 1233
f 1578 1194 1588
f 1578 1418 1194
f 1704 1418 1578
f 154 1704 1578
f 741 958 1563
f 1369 741 1563
f 958 727 1824
f 727 958 741
f 727 741 67
f 96 727 67
f 1369 864 741
f 741 864 67
f 864 378 67
f 378 864 60
f 864 226 60
f 96 378 655
f 96 67 378
f 96 655 255
f 96 255 1032
f 60 255 655
f 1032 255 60
f 60 655 378
f 250 96 1032
f 250 1032 861
f 1447 1032 60
f 1447 861 1032
f 305 861 1447
f 250 861 305
f 584 305 617
f 584 250 305
f 226 1447 60
f 226 305 1447
f 584 617 85
f 40 85 147
f 40 584 85
f 1271 617 305
f 85 617 1271
f 1271 305 226
f 1455 1433 1201
f 559 884 1496
f 363 884 559
f 884 1455 1201
f 363 1455 884
f 1455 1419 570
f 40 147 433
f 40 433 419
f 373 786 1061
f 373 1801 786
f 570 1433 1455
f 570 1089 1433
f 547 1089 570
f 547 786 1089
f 1061 786 547
f 1134 1061 245
f 1134 373 1061
f 1524 1134 196
f 1524 373 1134
f 575 373 1524
f 245 1061 547
f 496 1134 245
f 196 1134 496
f 547 496 245
f 1419 547 570
f 1419 496 547
f 364 864 669
f 285 864 364
f 1769 1824 727
f 669 864 1369
f 550 1870 1769
f 1769 727 96
f 15 363 559
f 1612 363 15
f 1612 1175 363
f 1769 96 250
f 363 1419 1455
f 1175 1419 363
f 575 1801 373
f 1419 745 496
f 1670 285 364
f 1670 1318 285
f 550 1736 1870
f 550 1624 1736
f 1159 1175 1612
f 1159 1948 1175
f 1175 339 1419
f 1948 339 1175
f 339 182 1419
f 182 745 1419
f 1736 1633 1870
f 1222 713 1633
f 1222 1633 1736
f 1736 1858 1222
f 898 1318 1670
f 898 1678 1318
f 1343 1948 1159
f 580 1678 898
f 580 1878 1678
f 84 1735 1343
f 1343 177 1948
f 1735 177 1343
f 1725 713 1222
f 1725 1567 713
f 1951 1567 1725
f 1913 1878 580
f 1735 1985 177
f 287 85 1271
f 287 147 85
f 911 1271 226
f 1271 911 287
f 433 147 287
f 366 40 419
f 366 419 216
f 764 433 287
f 764 419 433
f 600 419 764
f 600 216 419
f 759 216 600
f 366 216 759
f 478 759 715
f 478 366 759
f 478 715 1311
f 690 478 1311
f 124 759 600
f 124 715 759
f 715 124 1311
f 124 690 1311
f 50 690 1042
f 764 124 600
f 50 478 690
f 1042 690 124
f 764 287 911
f 1538 478 50
f 124 1971 1042
f 1315 1971 124
f 2011 1257 2019
f 2018 2019 2013
f 2018 2011 2019
f 50 1042 1971
f 1489 1971 192
f 1489 50 1971
f 1489 192 415
f 2006 415 1257
f 2006 1489 415
f 2011 2006 1257
f 2012 2011 2018
f 136 2013 2019
f 415 2015 1257
f 2015 2019 1257
f 2015 2017 2019
f 2017 136 2019
f 2017 2016 136
f 2016 2013 136
f 2016 2018 2013
f 2011 2012 2006
f 2012 2018 2016
f 2010 2012 2016
f 2005 2010 2009
f 2002 1489 2006
f 2012 2002 2006
f 2004 2012 2010
f 2005 2004 2010
f 230 2015 415
f 2017 2015 230
f 2014 2016 2017
f 2010 2016 2014
f 192 230 415
f 230 2001 2017
f 2001 2014 2017
f 2001 2010 2014
f 2001 2007 2010
f 2007 2009 2010
f 2004 2002 2012
f 2003 2002 2004
f 2001 2008 2007
f 1315 192 1971
f 1315 230 192
f 285 911 864
f 1789 250 584
f 1789 1769 250
f 535 550 1769
f 1789 535 1769
f 911 226 864
f 1789 584 40
f 1538 366 478
f 40 366 1789
f 1789 366 1538
f 911 124 764
f 911 1315 124
f 1151 1789 1538
f 1489 1538 50
f 2003 1489 2002
f 2003 1538 1489
f 254 1538 2003
f 619 2008 2001
f 254 1151 1538
f 1916 1736 1624
f 1916 1624 1632
f 285 1093 911
f 1318 1093 285
f 535 1624 550
f 1632 1624 535
f 535 168 1632
f 168 1789 1151
f 1789 168 535
f 1916 1858 1736
f 1326 1858 1916
f 1318 1719 1093
f 1678 1719 1318
f 522 1916 1632
f 522 1326 1916
f 1948 1511 339
f 339 1962 182
f 1511 1962 339
f 1326 1222 1858
f 1725 1222 1326
f 1878 517 1678
f 1511 1948 177
f 177 1917 1511
f 1959 1962 1511
f 1917 1959 1511
f 1913 1897 1878
f 1874 1725 1326
f 1985 1917 177
f 1985 75 1917
f 1917 1954 1959
f 75 1954 1917
f 911 309 1315
f 619 230 1315
f 619 2001 230
f 254 994 1151
f 1315 721 619
f 914 1315 309
f 914 721 1315
f 1093 309 911
f 994 168 1151
f 1577 168 994
f 1921 1632 168
f 522 1632 1921
f 1719 896 1093
f 1093 896 309
f 281 522 1921
f 1577 1921 168
f 1577 1598 1921
f 1598 281 1921
f 896 914 309
f 896 1246 914
f 517 1719 1678
f 1703 522 281
f 1719 1820 896
f 517 1820 1719
f 1802 1703 281
f 1802 281 1598
f 1897 517 1878
f 1897 1523 517
f 1874 1326 522
f 1703 1874 522
f 517 1996 1820
f 1523 1996 517
f 1820 1246 896
f 1820 1727 1246
f 1996 1727 1820
f 1996 1709 1727
f 1521 783 560
f 1521 1275 783
f 644 1530 614
f 644 526 1530
f 644 743 526
f 526 743 1791
f 743 116 1791
f 247 1530 526
f 743 1521 116
f 247 526 1791
f 116 560 1131
f 1521 560 116
f 247 116 1131
f 247 1791 116
f 707 560 783
f 707 1131 560
f 247 1131 707
f 283 1503 1028
f 1503 900 1028
f 900 822 253
f 1503 822 900
f 33 1028 900
f 253 822 52
f 1013 253 52
f 1013 900 253
f 1013 33 900
f 1013 52 894
f 822 894 52
f 1013 894 863
f 822 1955 863
f 822 863 894
f 211 863 1955
f 211 1013 863
f 822 1843 1955
f 211 1955 360
f 1955 1843 360
f 344 1013 211
f 144 1521 743
f 1861 1521 144
f 1861 1275 1521
f 144 743 644
f 247 1436 1530
f 810 1436 247
f 344 33 1013
f 367 1977 1503
f 1503 1843 822
f 1503 1977 1843
f 1532 284 33
f 161 1977 367
f 1532 33 344
f 1443 1860 1444
f 810 91 1436
f 1757 91 810
f 372 1940 284
f 1562 1977 161
f 372 284 1532
f 1724 1860 1443
f 1757 1768 91
f 100 1940 372
f 1628 1506 1926
f 1694 1860 1724
f 1781 1566 1768
f 1781 1768 1757
f 1795 1901 1628
f 1628 1901 1506
f 100 1505 1940
f 1749 1505 100
f 1974 1566 1781
f 791 1901 1795
f 1749 1713 1505
f 1275 842 783
f 1275 889 842
f 842 889 881
f 692 889 1274
f 889 692 881
f 1399 692 1274
f 409 1274 307
f 1399 1274 409
f 1274 1910 307
f 16 1399 409
f 1477 783 842
f 1477 707 783
f 1477 247 707
f 881 1477 842
f 16 692 1399
f 16 881 692
f 322 360 159
f 322 211 360
f 1843 159 360
f 322 344 211
f 1186 159 1345
f 1186 322 159
f 1843 1345 159
f 1843 122 1345
f 1300 1345 365
f 1300 1186 1345
f 365 1345 122
f 1300 322 1186
f 344 322 1300
f 1300 365 635
f 122 635 365
f 1843 1189 122
f 278 635 473
f 278 1300 635
f 122 473 635
f 122 1189 473
f 344 1300 278
f 278 473 518
f 1189 518 473
f 94 278 518
f 1189 94 518
f 1189 76 94
f 65 94 76
f 65 278 94
f 1275 1274 889
f 1275 1910 1274
f 1275 821 1910
f 1586 821 1275
f 810 247 1321
f 247 1477 881
f 1321 247 881
f 16 1321 881
f 1977 785 1843
f 1843 785 1189
f 1977 661 785
f 1009 344 278
f 1890 344 1009
f 1890 1532 344
f 1861 1691 1275
f 1444 1691 1861
f 1691 1586 1275
f 1444 1126 1691
f 1860 1126 1444
f 1860 1715 1126
f 1428 810 1321
f 1428 1757 810
f 1562 1741 1977
f 1741 661 1977
f 1860 1484 1715
f 1860 1819 1484
f 966 1819 1860
f 1237 1757 1428
f 1926 1741 1562
f 1926 1649 1741
f 1506 1649 1926
f 1765 1172 1860
f 1172 966 1860
f 1237 1781 1757
f 1269 1781 1237
f 1506 1895 1649
f 1694 1765 1860
f 1253 1765 1694
f 1253 1198 1765
f 1403 1198 1253
f 1403 289 1198
f 1269 1974 1781
f 878 1720 276
f 878 276 170
f 867 49 1190
f 867 1720 49
f 831 1720 867
f 831 276 1720
f 384 472 298
f 384 298 1190
f 49 384 1190
f 334 1190 298
f 954 1190 334
f 954 867 1190
f 831 867 954
f 779 307 1873
f 189 307 779
f 189 409 307
f 16 409 189
f 1910 1873 307
f 1910 964 1873
f 688 1873 341
f 688 779 1873
f 688 189 779
f 1873 1223 341
f 964 1223 1873
f 688 16 189
f 386 16 688
f 647 341 754
f 647 688 341
f 1223 170 716
f 1223 878 170
f 1223 716 754
f 1223 754 341
f 964 878 1223
f 487 754 716
f 487 647 754
f 386 688 647
f 110 170 276
f 110 716 170
f 110 487 716
f 386 647 487
f 110 276 831
f 657 110 831
f 1086 1070 435
f 1086 282 1070
f 282 933 222
f 282 222 1070
f 282 208 933
f 282 880 208
f 208 222 933
f 282 728 880
f 1439 880 663
f 1439 208 880
f 880 682 663
f 728 682 880
f 1439 663 682
f 682 1218 551
f 1086 435 1248
f 76 1248 65
f 76 1086 1248
f 1189 1086 76
f 1009 278 65
f 435 65 1248
f 1009 65 435
f 1009 435 1070
f 208 1070 222
f 1439 1009 208
f 1009 1070 208
f 472 1103 1516
f 384 1103 472
f 1325 1103 384
f 964 1720 878
f 964 49 1720
f 821 384 49
f 821 49 964
f 1586 384 821
f 1586 1325 384
f 821 964 1910
f 110 386 487
f 386 110 657
f 386 1321 16
f 814 1321 386
f 785 1086 1189
f 661 787 785
f 785 1176 1086
f 787 1176 785
f 1086 1176 282
f 1176 728 282
f 787 1622 1176
f 233 1622 787
f 1691 1325 1586
f 1691 1487 1325
f 1126 1487 1691
f 1715 1487 1126
f 1715 1684 1487
f 1428 1321 814
f 1934 1428 814
f 1741 233 661
f 661 233 787
f 233 1932 1535
f 1522 1532 1890
f 1522 372 1532
f 1289 372 1522
f 1484 1684 1715
f 1484 1130 1684
f 1819 1130 1484
f 966 1130 1819
f 1934 1237 1428
f 1649 233 1741
f 1649 1932 233
f 1895 1932 1649
f 611 1932 1895
f 1745 372 1289
f 1745 100 372
f 966 1997 1130
f 1172 1997 966
f 1172 1588 1997
f 1765 1588 1172
f 1669 1269 1237
f 1669 1237 1934
f 1901 1895 1506
f 1014 1749 100
f 1014 100 1745
f 1765 1578 1588
f 1198 1578 1765
f 1198 154 1578
f 289 154 1198
f 1576 1269 1669
f 434 1549 1901
f 1901 1660 1895
f 1549 1660 1901
f 1660 611 1895
f 1516 351 114
f 1033 1516 114
f 1033 472 1516
f 986 472 1033
f 1516 1370 351
f 351 704 826
f 351 826 114
f 1524 196 79
f 1370 79 704
f 1370 1524 79
f 1370 704 351
f 575 1524 1370
f 1284 704 79
f 826 704 1284
f 496 79 196
f 496 1284 79
f 1284 114 826
f 1284 213 114
f 213 1033 114
f 986 298 472
f 609 298 986
f 334 298 609
f 486 954 334
f 1033 609 986
f 486 334 609
f 657 831 954
f 486 657 954
f 1033 486 609
f 213 486 1033
f 39 395 1224
f 39 1415 395
f 39 1224 320
f 683 1415 925
f 683 395 1415
f 48 546 203
f 925 48 203
f 1415 48 925
f 203 546 439
f 48 241 439
f 48 616 241
f 48 439 546
f 1415 71 48
f 616 523 476
f 616 476 1657
f 616 1657 241
f 683 925 203
f 71 616 48
f 393 683 203
f 794 551 1218
f 794 682 551
f 682 1076 1218
f 1880 1076 1142
f 1880 1218 1076
f 794 1218 1880
f 1076 562 1142
f 794 1439 682
f 728 1076 682
f 728 930 1076
f 1476 1439 794
f 1880 1142 562
f 39 320 1162
f 562 39 1162
f 1076 39 562
f 930 39 1076
f 1880 562 1162
f 1476 794 1880
f 683 1224 395
f 320 1880 1162
f 1880 320 1224
f 930 1415 39
f 1476 1880 1224
f 393 1476 683
f 1476 1224 683
f 1103 575 1370
f 1103 1370 1516
f 745 1284 496
f 213 1284 745
f 745 1770 213
f 213 657 486
f 213 1618 657
f 1770 1618 213
f 1618 386 657
f 1618 814 386
f 258 71 1415
f 1176 1329 728
f 1622 1329 1176
f 728 1329 930
f 1622 1722 1329
f 1329 1231 930
f 1722 1231 1329
f 930 258 1415
f 1231 258 930
f 1722 1273 1231
f 1476 1009 1439
f 1890 1009 1476
f 735 1890 1476
f 182 1770 745
f 1770 271 1618
f 1964 271 1770
f 271 1934 814
f 271 814 1618
f 1622 1535 1722
f 1535 1491 1722
f 1535 1932 1491
f 1491 1273 1722
f 1932 1117 1491
f 233 1535 1622
f 1522 1890 735
f 1943 1289 1522
f 1943 1522 735
f 1964 1661 271
f 271 1661 1934
f 1932 190 1117
f 611 190 1932
f 1889 1289 1943
f 1889 1745 1289
f 1661 1669 1934
f 1842 1669 1661
f 611 1726 190
f 172 1745 1889
f 611 238 1726
f 172 1014 1745
f 1842 1576 1669
f 1660 238 611
f 1531 238 1660
f 1956 1014 172
f 300 92 1696
f 504 300 227
f 504 92 300
f 92 142 1696
f 581 1015 462
f 256 462 909
f 256 581 462
f 256 909 142
f 92 256 142
f 504 256 92
f 142 1074 1696
f 1074 300 1696
f 1074 227 300
f 2005 2009 979
f 581 979 1015
f 581 2005 979
f 969 256 504
f 1074 142 909
f 979 462 1015
f 2003 2004 2005
f 2003 2005 581
f 2008 2009 2007
f 2008 979 2009
f 2008 462 979
f 2008 909 462
f 2008 1074 909
f 1037 648 877
f 523 1037 392
f 648 22 480
f 877 648 480
f 1990 403 968
f 1990 968 22
f 648 1990 22
f 523 648 1037
f 82 648 523
f 403 227 441
f 480 460 877
f 460 1037 877
f 460 392 1037
f 504 227 403
f 1990 504 403
f 82 1990 648
f 968 403 441
f 441 943 968
f 943 22 968
f 480 22 943
f 943 460 480
f 969 504 1990
f 1074 441 227
f 1074 943 441
f 631 460 943
f 631 943 1074
f 203 439 241
f 393 203 241
f 393 1657 476
f 393 241 1657
f 82 523 616
f 71 82 616
f 523 392 460
f 523 393 476
f 460 393 523
f 2003 581 256
f 969 2003 256
f 969 254 2003
f 619 1074 2008
f 619 631 1074
f 969 994 254
f 82 969 1990
f 82 1438 969
f 1323 82 71
f 258 1323 71
f 1273 1323 258
f 1323 1438 82
f 631 393 460
f 631 128 393
f 331 128 631
f 128 1476 393
f 1231 1273 258
f 128 735 1476
f 1964 1770 182
f 1915 969 1438
f 1918 1323 1273
f 1918 1915 1323
f 1117 1915 1918
f 1915 1438 1323
f 81 1915 1117
f 81 1834 1915
f 331 333 128
f 1491 1918 1273
f 1491 1117 1918
f 333 735 128
f 333 1943 735
f 13 1943 333
f 1964 182 1962
f 1533 1834 81
f 1533 767 1834
f 190 81 1117
f 190 454 81
f 13 1889 1943
f 454 1533 81
f 1773 1889 13
f 1726 454 190
f 1962 1620 1964
f 1959 1620 1962
f 1620 1661 1964
f 1620 1842 1661
f 238 454 1726
f 172 1889 1773
f 238 1533 454
f 1616 172 1773
f 1959 1322 1620
f 1954 1322 1959
f 1322 1842 1620
f 1616 1956 172
f 1531 585 238
f 238 1972 1533
f 238 892 1972
f 585 892 238
f 631 619 721
f 721 331 631
f 914 331 721
f 1915 994 969
f 1834 1577 994
f 1834 994 1915
f 1440 331 914
f 331 13 333
f 1440 13 331
f 345 1598 1577
f 1440 914 1246
f 1834 345 1577
f 1799 345 1834
f 1246 1787 1440
f 767 1799 1834
f 1440 1773 13
f 1787 1773 1440
f 1802 1598 345
f 1972 345 1799
f 1972 767 1533
f 1972 1799 767
f 1616 1773 1787
f 1972 1802 345
f 892 1802 1972
f 1935 1616 1787
f 1727 1787 1246
f 1709 1935 1727
f 1727 1935 1787
f 1927 1821 1839
f 1927 1852 1821
f 1663 654 1341
f 1986 1792 1987
f 1258 1852 1927
f 1663 1718 654
f 1358 1718 1663
f 1907 430 1942
f 583 1772 1986
f 1652 761 1258
f 1449 1374 1358
f 1907 1372 430
f 1021 272 1652
f 272 761 1652
f 1449 1365 1374
f 1449 1665 1365
f 1611 1204 583
f 1256 1372 1907
f 1611 1676 1204
f 1244 1256 1907
f 1244 9 1256
f 1676 1894 1204
f 1265 394 1021
f 394 491 1021
f 491 148 1021
f 1561 841 593
f 1290 593 1665
f 1561 593 1290
f 148 272 1021
f 1245 1665 1449
f 1245 1290 1665
f 859 1290 1245
f 1265 1580 9
f 394 1265 9
f 394 9 1251
f 1856 1676 1611
f 1251 9 1244
f 981 1251 1244
f 841 790 593
f 1862 1676 1856
f 1462 394 1251
f 491 394 1462
f 148 491 1462
f 1005 148 1462
f 1462 1251 981
f 1862 1894 1676
f 1005 795 148
f 317 1462 981
f 317 1005 1462
f 1005 317 795
f 841 985 790
f 725 985 841
f 725 841 1561
f 725 1561 1290
f 725 1290 859
f 1423 985 725
f 127 1681 1862
f 1680 1896 1423
f 1987 1792 1594
f 1729 463 1488
f 1852 1798 1821
f 1177 1663 1418
f 1283 1663 1177
f 314 1942 463
f 314 463 1729
f 1401 1358 1663
f 1401 1663 916
f 916 1663 1283
f 1986 1772 1792
f 1526 1942 314
f 1526 1907 1942
f 761 1852 1258
f 761 1883 1852
f 761 1979 1883
f 972 1358 1401
f 1110 1358 972
f 1110 1449 1358
f 1898 1110 972
f 1204 1772 583
f 1952 1907 1526
f 272 1979 761
f 272 411 1979
f 1245 1449 1110
f 1304 1110 1898
f 1202 1110 1304
f 1202 1245 1110
f 1952 1244 1907
f 438 1244 1952
f 1877 1044 438
f 148 795 272
f 795 1199 272
f 1199 722 272
f 722 411 272
f 722 1377 411
f 845 859 1245
f 1195 859 845
f 643 1195 845
f 845 1245 1202
f 1537 845 1202
f 455 845 1537
f 455 643 845
f 981 1244 438
f 1044 981 438
f 1894 1509 1204
f 1173 1044 1877
f 1862 1509 1894
f 1199 795 672
f 317 672 795
f 672 981 1044
f 672 317 981
f 1199 997 722
f 997 1199 240
f 672 240 1199
f 240 672 1044
f 997 1121 722
f 240 1121 997
f 240 1149 1121
f 1121 1377 722
f 1121 708 1377
f 1149 1044 1173
f 1149 240 1044
f 1509 1595 1752
f 708 1121 1149
f 68 725 859
f 1195 68 859
f 1069 68 1195
f 1862 1681 1509
f 643 1069 1195
f 1681 1595 1509
f 708 266 1377
f 1298 643 455
f 1298 1069 643
f 1069 725 68
f 1298 725 1069
f 1298 1423 725
f 500 1423 1298
f 739 1423 500
f 739 1680 1423
f 500 1298 123
f 1867 1681 127
f 1867 1658 1681
f 1252 1680 739
f 1792 1913 1594
f 1792 1814 1913
f 1951 1729 1567
f 1883 1798 1852
f 1482 1283 1177
f 1704 1177 1418
f 1704 1482 1177
f 1815 1704 154
f 1469 1704 1815
f 314 1729 1951
f 1792 1924 1814
f 1883 1623 1798
f 1883 1871 1623
f 1482 916 1283
f 1401 916 1482
f 1704 1401 1482
f 1389 1704 1469
f 1772 1924 1792
f 1644 1526 314
f 1979 1871 1883
f 1979 421 1871
f 1604 610 1898
f 972 1401 1704
f 1604 972 1704
f 1604 1898 972
f 1113 1704 1389
f 1113 1604 1704
f 1450 1604 1113
f 1204 1733 1772
f 1733 1924 1772
f 1644 1952 1526
f 411 568 1979
f 568 421 1979
f 610 1202 1304
f 610 1304 1898
f 1604 1202 610
f 1631 1604 1450
f 1877 438 1952
f 1509 1752 1204
f 1398 1952 1644
f 1398 1877 1952
f 1752 1733 1204
f 1302 1877 1398
f 1377 1967 411
f 1967 501 411
f 501 568 411
f 622 1302 1398
f 1967 1030 501
f 1030 166 501
f 166 1866 501
f 1866 374 501
f 1410 1202 1604
f 1410 1537 1202
f 618 1537 1410
f 1949 1410 1604
f 1391 1604 1631
f 469 1604 1391
f 469 1949 1604
f 1302 1173 1877
f 1137 708 1149
f 708 1137 266
f 1302 1149 1173
f 1137 1149 1302
f 622 1137 1302
f 671 1137 622
f 1240 671 622
f 561 671 1240
f 266 1967 1377
f 1298 455 123
f 266 1180 1967
f 1137 671 266
f 1180 1030 1967
f 123 455 1537
f 123 1537 618
f 1180 266 671
f 1030 1180 561
f 293 123 618
f 671 561 1180
f 1681 838 1595
f 561 166 1030
f 561 516 166
f 516 1866 166
f 516 369 1866
f 1681 1347 838
f 374 1866 369
f 516 561 1240
f 369 509 374
f 1681 995 1347
f 591 374 509
f 374 591 1426
f 625 516 1240
f 500 123 293
f 500 293 828
f 618 828 293
f 1410 828 618
f 848 500 828
f 1472 500 848
f 1472 739 500
f 1410 848 828
f 608 1472 565
f 608 739 1472
f 553 739 608
f 1410 565 848
f 608 1410 1949
f 608 565 1410
f 565 1472 848
f 553 608 1949
f 915 739 1212
f 1252 739 915
f 1212 739 553
f 915 1212 667
f 667 1949 469
f 1212 553 1949
f 667 1212 1949
f 1698 1951 1725
f 1814 1897 1913
f 1798 1623 1735
f 1623 1985 1735
f 1623 1965 1985
f 1454 314 1951
f 1454 1951 1698
f 1924 1994 1814
f 1871 1965 1623
f 1644 314 1454
f 357 1644 1454
f 471 1644 357
f 421 1693 1871
f 1693 1965 1871
f 1398 1644 471
f 1733 1593 1924
f 1924 1593 1994
f 1854 1398 471
f 1854 471 269
f 568 1693 421
f 568 744 1693
f 744 693 1693
f 1557 693 744
f 1752 1595 1733
f 1240 622 1398
f 1240 1398 1854
f 1595 1593 1733
f 1595 838 1593
f 625 1240 1854
f 279 625 1854
f 41 279 1854
f 1347 1593 838
f 41 1854 11
f 374 1426 501
f 501 744 568
f 1426 744 501
f 1426 30 744
f 1091 279 41
f 1426 1073 30
f 30 1557 744
f 30 670 1557
f 670 1152 1557
f 853 469 1391
f 956 469 853
f 1152 1480 1557
f 1480 833 1557
f 833 628 1557
f 628 1314 1557
f 628 107 1314
f 107 866 1314
f 369 516 625
f 279 369 625
f 509 369 279
f 1150 591 509
f 1091 509 279
f 1150 509 1091
f 873 1150 1091
f 1164 1150 873
f 1170 1164 873
f 1073 1426 591
f 1150 1073 591
f 1681 837 995
f 1681 1936 837
f 1658 1936 1681
f 1073 687 30
f 1150 687 1073
f 30 1261 670
f 697 30 687
f 1261 30 697
f 1164 687 1150
f 1164 697 687
f 1261 931 670
f 931 1152 670
f 931 1261 697
f 931 1480 1152
f 697 1164 1170
f 803 697 1170
f 803 931 697
f 960 931 803
f 960 1480 931
f 915 667 469
f 956 915 469
f 1252 915 956
f 1658 1132 1936
f 1658 1080 1132
f 866 107 952
f 833 598 628
f 598 107 628
f 598 952 107
f 1658 774 1080
f 1453 1480 960
f 598 1480 1453
f 598 833 1480
f 1698 1725 1874
f 1900 1698 1874
f 1965 75 1985
f 75 1429 1954
f 1814 1994 1897
f 1454 1698 1900
f 1267 1454 1900
f 1994 1523 1897
f 1965 1868 75
f 1868 1429 75
f 1267 357 1454
f 1813 357 1267
f 269 357 1813
f 1287 269 1813
f 1437 1287 1813
f 1693 1868 1965
f 693 1868 1693
f 693 1340 1868
f 1868 1340 1429
f 269 471 357
f 11 1854 269
f 1287 11 269
f 1593 1904 1994
f 1593 1800 1904
f 11 1287 1437
f 1557 1314 693
f 1314 1340 693
f 1347 1800 1593
f 995 1800 1347
f 995 837 1800
f 1761 41 11
f 837 1936 1800
f 44 11 1437
f 44 1761 11
f 1597 1761 44
f 1597 44 1823
f 1800 1936 1825
f 1936 1132 1825
f 1376 1597 1823
f 653 1597 1376
f 1067 653 1376
f 1067 642 653
f 1132 1080 1825
f 873 1091 41
f 873 41 1761
f 1761 1170 873
f 803 1170 1761
f 803 1761 1597
f 960 803 1597
f 1453 960 1597
f 653 598 1453
f 642 598 653
f 642 952 598
f 653 1453 1597
f 1067 923 642
f 1900 1874 1703
f 1958 1900 1703
f 195 1703 1802
f 195 1958 1703
f 1904 1523 1994
f 1267 1900 1958
f 1362 1267 1958
f 1362 1813 1267
f 1904 1996 1523
f 1904 1738 1996
f 1362 1958 1717
f 195 1717 1958
f 1437 1813 1362
f 578 1437 1362
f 1064 578 1362
f 541 1064 1362
f 541 1362 1402
f 1402 1362 1717
f 1800 1738 1904
f 44 1437 578
f 1800 1825 1738
f 1064 44 578
f 1064 1823 44
f 910 1823 541
f 910 1376 1823
f 1823 1064 541
f 910 541 1402
f 1564 1808 1738
f 1825 1564 1738
f 1080 1564 1825
f 1080 774 1564
f 774 1129 1564
f 1996 1808 1709
f 1738 1808 1996
f 1668 1566 1974
f 1763 1668 1974
f 1728 791 1795
f 1911 1671 1713
f 1911 1713 1749
f 1763 1931 1668
f 1728 1629 791
f 1629 1848 791
f 650 1671 1911
f 1168 1743 1850
f 1743 1640 1850
f 1272 770 1931
f 1272 1931 1763
f 1841 43 1629
f 650 1659 1671
f 43 1206 1629
f 1746 1659 650
f 908 1743 1168
f 1980 1743 908
f 299 802 770
f 299 770 1272
f 508 1659 1746
f 1392 1060 1743
f 1392 1411 1060
f 1743 1060 1259
f 1411 1394 1060
f 451 536 802
f 597 451 802
f 1570 698 1336
f 664 802 299
f 664 597 802
f 1336 698 1392
f 1392 1743 1980
f 641 664 299
f 698 1411 1392
f 1388 1460 1788
f 1460 860 1788
f 1788 43 1841
f 1182 1056 736
f 1056 1182 508
f 508 1746 1056
f 1499 1896 1680
f 1876 1740 1867
f 1022 1394 1499
f 1570 623 1499
f 1570 1165 623
f 698 1570 1499
f 1411 698 1499
f 1394 1411 1499
f 1165 1570 1336
f 1182 736 1876
f 1012 597 664
f 736 595 1876
f 709 664 641
f 1012 664 709
f 595 629 1876
f 629 1010 1876
f 1388 536 451
f 1460 1388 451
f 1460 451 597
f 1460 597 1012
f 595 736 1056
f 860 1460 1012
f 629 595 1056
f 1403 1371 289
f 1417 1371 1403
f 1417 1507 1371
f 1554 1763 1974
f 1554 1974 1269
f 791 434 1901
f 1848 434 791
f 1647 1507 1417
f 1187 1647 1417
f 1187 1730 1647
f 66 1763 1554
f 1850 1730 1187
f 1850 1640 1730
f 1640 1688 1730
f 1688 1527 1730
f 1688 1119 1527
f 1272 1763 66
f 426 1272 66
f 1206 1677 1629
f 1743 1259 1640
f 1640 1259 1688
f 1259 1656 1688
f 1259 1060 1656
f 426 299 1272
f 1381 299 426
f 1394 1022 1060
f 1022 1179 1060
f 1179 934 1060
f 1060 1655 1656
f 934 1378 1060
f 126 299 1381
f 299 126 641
f 126 1381 1071
f 946 718 1381
f 718 1071 1381
f 860 43 1788
f 43 1677 1206
f 860 1677 43
f 860 1397 1677
f 1397 668 1677
f 1397 817 668
f 668 1762 1677
f 817 1409 668
f 817 765 1409
f 1056 935 202
f 935 1056 1746
f 1867 1740 1658
f 1675 1680 711
f 711 1680 1252
f 632 1675 711
f 1328 1022 1499
f 1675 1499 1680
f 1328 1499 1675
f 1112 1328 1675
f 494 1112 1675
f 1179 1022 1328
f 1179 1328 934
f 1378 1328 1112
f 1378 934 1328
f 955 709 641
f 955 641 126
f 1066 709 955
f 1397 709 1066
f 1397 1012 709
f 1066 955 126
f 1010 202 1876
f 912 1066 126
f 202 1740 1876
f 912 126 1071
f 445 912 1071
f 445 1066 912
f 765 817 1066
f 202 1169 1740
f 202 1486 1169
f 445 1071 718
f 765 1066 445
f 1395 718 946
f 1395 445 718
f 1397 860 1012
f 1010 629 1056
f 817 1397 1066
f 202 1010 1056
f 1371 154 289
f 1371 1815 154
f 1507 1815 1371
f 1507 1469 1815
f 1576 1554 1269
f 1976 1554 1576
f 1642 1749 1014
f 1642 1911 1749
f 1647 1469 1507
f 1647 1389 1469
f 1730 1389 1647
f 66 1554 1976
f 1682 66 1976
f 1848 1549 434
f 64 650 1911
f 1629 1549 1848
f 64 1911 1642
f 1549 1629 1785
f 1785 1427 1549
f 1730 1113 1389
f 1527 1113 1730
f 1119 1113 1527
f 1119 1450 1113
f 426 66 1682
f 1120 426 1682
f 1559 1746 650
f 1559 650 64
f 1677 1785 1629
f 1677 1483 1785
f 1278 1655 1308
f 1308 1450 1119
f 1631 1450 1308
f 1655 1631 1308
f 1688 1308 1119
f 1656 1308 1688
f 1656 1278 1308
f 1656 1655 1278
f 1120 1381 426
f 1075 1381 1120
f 1762 1483 1677
f 668 1483 1762
f 1483 668 1556
f 1746 1559 935
f 1124 632 917
f 1349 1003 1655
f 336 1003 1349
f 377 1124 1003
f 1124 1391 1631
f 1124 1631 1655
f 1124 917 1391
f 1003 1124 1655
f 1060 1349 1655
f 1378 1349 1060
f 1378 336 1349
f 869 946 1075
f 582 869 1075
f 869 582 1097
f 346 582 1075
f 582 346 58
f 946 1381 1075
f 1054 1478 1409
f 765 929 1409
f 935 1226 1169
f 1048 1675 632
f 711 1252 886
f 1090 711 886
f 632 711 917
f 1205 494 1675
f 1205 1003 336
f 1771 1675 1048
f 520 1675 1771
f 1205 1675 520
f 1205 520 1003
f 1771 377 1003
f 520 1771 1003
f 1124 1048 632
f 1771 1048 377
f 1048 1124 377
f 1169 1116 1740
f 1378 494 336
f 1378 1112 494
f 869 1337 946
f 494 1205 336
f 362 1337 869
f 362 869 1097
f 1116 753 1740
f 850 1097 582
f 1001 362 1097
f 753 1285 1740
f 58 850 582
f 1001 1097 850
f 1285 47 1740
f 1019 58 346
f 1855 1001 850
f 1740 47 515
f 156 1019 346
f 816 58 1019
f 816 850 58
f 1855 850 816
f 1337 1395 946
f 929 765 445
f 1136 445 1395
f 929 445 1136
f 362 1395 1337
f 1136 1395 362
f 1054 929 1136
f 1136 362 1001
f 1317 1136 1001
f 1478 1054 1136
f 1478 1136 1317
f 1478 1317 236
f 385 1001 1855
f 1317 1001 385
f 1486 202 935
f 929 1054 1409
f 1169 1486 935
f 1169 1226 1116
f 844 1576 1842
f 844 1976 1576
f 1549 1585 1660
f 1585 1531 1660
f 1947 1642 1956
f 1956 1642 1014
f 1875 1682 1976
f 1875 1976 844
f 1427 1585 1549
f 1947 64 1642
f 1193 962 1875
f 962 1120 1682
f 962 1682 1875
f 1785 1483 1556
f 769 1559 64
f 769 64 1947
f 1556 1279 1785
f 1785 1457 1427
f 1279 1457 1785
f 1035 962 1193
f 1035 899 962
f 899 1075 1120
f 899 1120 962
f 1599 935 1559
f 1599 1559 769
f 917 853 1391
f 917 1090 853
f 789 752 866
f 752 425 1314
f 425 1035 1314
f 1264 1035 425
f 866 752 1314
f 942 1031 1950
f 1031 899 1950
f 571 1950 1035
f 1950 899 1035
f 571 1035 1264
f 346 1075 899
f 346 899 1031
f 24 792 1851
f 1478 236 1409
f 1279 1409 236
f 1409 1279 1556
f 236 1775 1279
f 236 1148 1775
f 236 1247 1148
f 1247 24 1851
f 1247 1851 1148
f 668 1409 1556
f 935 1599 1226
f 917 711 1090
f 886 1252 956
f 886 956 853
f 1090 886 853
f 1658 306 1466
f 1301 1264 425
f 952 789 866
f 1658 1129 774
f 1658 1466 1129
f 1301 425 752
f 1740 603 1658
f 1740 1422 603
f 515 1422 1740
f 847 1031 942
f 970 1950 571
f 603 306 1658
f 1264 437 571
f 437 970 571
f 714 1950 970
f 714 942 1950
f 847 942 714
f 437 1264 1301
f 1040 847 714
f 714 970 437
f 919 437 1301
f 714 437 919
f 1031 156 346
f 847 156 1031
f 816 156 847
f 816 1019 156
f 24 1855 816
f 1247 1855 24
f 1247 385 1855
f 792 816 847
f 792 24 816
f 515 358 1422
f 792 847 1040
f 1317 385 236
f 1116 1226 753
f 236 385 1247
f 1285 753 1226
f 47 1285 1226
f 515 47 1226
f 1601 1322 1954
f 1429 1601 1954
f 1601 844 1322
f 844 1842 1322
f 146 585 1531
f 1679 1956 1616
f 1585 146 1531
f 1679 1947 1956
f 1601 1875 844
f 1646 1872 585
f 1947 1945 769
f 1646 585 146
f 1945 1947 1679
f 1427 146 1585
f 1427 1646 146
f 1193 1429 1340
f 1429 1193 1601
f 1193 1875 1601
f 1457 1989 352
f 1457 1144 1989
f 1457 1872 1646
f 1872 1457 352
f 1279 1775 1457
f 1775 1144 1457
f 1427 1457 1646
f 1035 1193 1340
f 1314 1035 1340
f 1148 1989 1144
f 1775 1148 1144
f 1945 1599 769
f 1864 1599 1945
f 1571 1067 1376
f 1571 1708 1067
f 1571 1376 1357
f 1129 1466 1102
f 1465 1571 78
f 1465 78 1989
f 1465 1989 1148
f 1571 1357 78
f 1148 1851 1465
f 1422 1864 1102
f 1422 358 1864
f 1422 1102 603
f 1226 358 515
f 1864 1226 1599
f 1226 1864 358
f 1708 752 789
f 1708 1301 752
f 923 952 642
f 923 789 952
f 1708 789 923
f 919 1301 1708
f 1571 919 1708
f 1708 923 1067
f 1160 714 919
f 1040 714 1160
f 1465 1040 1160
f 1160 1571 1465
f 1160 919 1571
f 306 603 1102
f 1466 306 1102
f 1851 792 1040
f 1040 1465 1851
f 892 195 1802
f 1721 195 892
f 585 1721 892
f 1935 1679 1616
f 1973 1679 1935
f 1872 1717 1721
f 1721 1717 195
f 1872 1721 585
f 1973 1945 1679
f 1357 1402 1717
f 352 1357 1872
f 78 1357 352
f 1357 1717 1872
f 1808 1494 1973
f 1494 1945 1973
f 910 1402 1357
f 1564 1494 1808
f 1989 78 352
f 1564 1102 1494
f 1494 1864 1945
f 1102 1864 1494
f 1376 910 1357
f 1129 1102 1564
f 1709 1973 1935
f 1808 1973 1709

