# https://github.com/mikedh/trimesh
v -0.42932448 0.27357551 0.23520984
v 0.36866769 -0.73526359 0.00413928
v 0.41595635 -0.28836551 0.25890025
v 0.02180864 -0.60630262 -0.48998618
v 0.20997898 0.20703000 0.44150704
v 0.24135861 0.74063581 -0.27099746
v 0.33066580 -0.00000083 0.36211941
v 0.47035003 -0.25140682 0.13437630
v 0.10657243 -0.28096983 0.47870263
v 0.36196074 0.51747018 -0.33071634
v 0.22758384 -0.08133448 0.43441656
v -0.33757672 0.62068498 -0.35442221
v -0.00018131 -0.73011613 0.22219360
v 0.22764765 0.25141320 0.43425640
v 0.27564701 0.40666699 -0.40405613
v 0.47903603 0.15527496 -0.10524707
v 0.02452678 0.73929548 0.44783127
v 0.27564701 0.27357551 -0.40405613
v -0.12173791 -0.69623327 -0.47364438
v -0.43448597 0.16266601 0.22761372
v 0.10660695 -0.60630596 0.47869527
v -0.47901413 0.41406494 0.10526463
v -0.36047402 0.74071139 -0.16021185
v -0.44146490 -0.26619184 0.21026914
v 0.38075718 0.69939685 0.30336869
v -0.16192916 -0.51018399 0.46157035
v -0.23500238 -0.17006201 -0.42937937
v 0.10627896 0.37709415 0.47877401
v -0.46724385 0.06654155 -0.14872120
v -0.41266954 0.64325237 -0.26529771
v -0.46721363 -0.56194198 -0.14873794
v 0.26480699 -0.38448700 -0.41299671
v -0.37075403 -0.74058205 0.13742083
v -0.43415600 0.22900446 0.22798784
v -0.36206770 -0.47321412 0.33094192
v 0.10647353 0.01479066 0.47872707
v 0.43442571 -0.28097191 -0.22763748
v 0.43440685 0.14048401 -0.22762850
v 0.41255829 -0.37709299 0.26551130
v -0.02217056 -0.19224274 0.48996192
v -0.48995155 0.17006008 -0.02202668
v 0.43440747 -0.24400200 -0.22763495
v 0.23531024 0.37709099 0.42919460
v -0.33047619 0.05164197 -0.36218551
v 0.27575302 0.64294040 -0.40396252
v 0.48990408 0.23661049 0.02216694
v -0.43448597 -0.57673001 0.22761372
v 0.43175158 0.09779157 -0.23138042
v -0.10653350 -0.25878924 -0.47872034
v 0.00093294 0.73146194 -0.25861365
v 0.31989542 -0.16920266 0.37003547
v 0.36183587 -0.11091027 -0.33118716
v -0.46721363 0.48800018 -0.14873792
v -0.11482967 -0.09610759 -0.47592282
v -0.33071277 -0.21442610 -0.36204052
v 0.46742108 0.40666994 0.14838719
v -0.14526437 0.66779536 0.46795684
v 0.02255469 0.13309267 -0.48990411
v 0.41344112 -0.74108976 0.14808545
v 0.02216339 -0.22181214 -0.48994574
v -0.22728306 -0.08872840 -0.43450513
v -0.26497507 -0.17006201 0.41288272
v -0.08470654 -0.11828753 -0.48118225
v 0.18038993 0.74063760 0.33542150
v 0.13482518 0.74049777 0.37542155
v 0.41255629 0.03696908 0.26552483
v -0.31700292 0.43516976 -0.37209904
v 0.43438002 0.34751537 -0.22762497
v 0.12634718 -0.72667342 0.00355267
v 0.41255534 0.36231193 0.26549450
v 0.46739256 -0.00739496 0.14840360
v -0.41270396 -0.00000100 -0.26531592
v 0.02244081 -0.01479277 -0.48990655
v 0.27590859 0.55454600 -0.40383810
v -0.40152329 0.73984724 -0.24723297
v 0.48989716 0.17744915 0.02207914
v -0.22988115 -0.66973794 -0.43265548
v -0.43376014 -0.65740317 0.22842620
v 0.46739256 0.31793901 0.14840358
v 0.22800274 -0.50995588 0.43405667
v 0.26480699 -0.35491100 -0.41299671
v -0.46721363 0.38448501 -0.14873794
v 0.10635842 0.22921574 0.47875181
v 0.20932253 0.35918736 0.44175509
v 0.02203389 -0.27357680 -0.48990095
v 0.25316167 -0.74074042 0.37326097
v 0.48996833 -0.08132971 0.02183657
v 0.47898230 -0.40666708 -0.10544852
v 0.37558770 0.69885331 -0.31232873
v 0.23267893 0.33908772 0.43092915
v -0.49002606 -0.39188382 -0.02147034
v -0.36523458 -0.11924741 0.32675073
v 0.14944915 0.21442400 -0.46704984
v -0.08767030 0.01880301 -0.48091853
v 0.37091592 0.55523384 -0.31884277
v 0.25858206 0.27357551 -0.41613805
v -0.35141546 -0.10159707 0.34022388
v -0.34004298 0.73430270 -0.00244088
v 0.13956901 0.57358074 -0.46925601
v -0.14935042 0.39927298 0.46709248
v -0.43448597 0.19224198 0.22761372
v 0.00064857 -0.73067266 -0.23668112
v 0.46739256 0.28096950 0.14840360
v -0.41270044 -0.14048600 -0.26532942
v -0.25821099 -0.74010521 0.39477912
v -0.47895730 -0.44363835 0.10548484
v -0.47895789 -0.38448650 0.10548207
v 0.33885217 -0.69818312 0.35302189
v -0.42932418 -0.17006205 0.23520896
v -0.47900957 0.05914545 0.10532753
v 0.43440747 0.39187899 -0.22763495
v 0.44164598 -0.60630220 -0.20971699
v 0.02202188 -0.31793484 -0.48993200
v 0.22759040 -0.36230499 0.43441749
v -0.00761016 -0.72362548 0.03662985
v 0.41255832 -0.44363886 0.26551130
v -0.43448582 0.39187899 0.22761077
v 0.23531173 0.61369598 0.42919236
v 0.14944915 -0.40666899 -0.46704984
v 0.46539775 0.61052221 0.15324247
v 0.35890335 0.70068580 0.32924962
v -0.45432198 -0.73161995 0.15554465
v -0.34913319 0.53975803 0.34215933
v -0.00140688 0.73435712 0.33980414
v 0.43441924 -0.11091084 -0.22762825
v 0.42256862 -0.71317142 0.24413379
v 0.33679640 -0.38755512 0.35531673
v 0.40442282 -0.74051863 -0.10170040
v 0.07391605 0.74070626 0.44706166
v -0.33074176 -0.51018465 -0.36204371
v 0.10624271 0.42885357 0.47880864
v -0.39174035 0.74009019 0.10029113
v -0.37314224 -0.74047309 -0.14027508
v -0.38496858 -0.69989771 -0.29837102
v -0.00004046 -0.73301756 0.30270782
v -0.43448552 -0.36230499 0.22760466
v -0.35178787 0.64814645 0.33989844
v -0.36220899 0.58423936 0.33071968
v 0.41255829 0.59890997 0.26551130
v 0.48995724 -0.01478592 0.02190796
v 0.48689812 -0.71573406 -0.00653928
v -0.10630030 0.42885345 -0.47878841
v 0.47502080 0.31793946 -0.11746240
v -0.10641948 0.13309056 -0.47874984
v 0.43440685 0.42884901 -0.22762850
v 0.46713641 -0.65785623 0.14855771
v -0.41270736 0.14048401 -0.26530173
v 0.26481721 -0.13309197 -0.41299823
v 0.26476598 0.44364071 -0.41300482
v 0.26480585 -0.28097123 -0.41299739
v -0.23500238 -0.40666899 -0.42937937
v 0.46739256 -0.15527400 0.14840360
v -0.02202000 -0.31794029 0.48998299
v 0.46158811 0.19963600 0.16184521
v -0.16475189 0.74058777 0.34912178
v -0.41270047 -0.17745601 -0.26532939
v -0.46721363 0.27357551 -0.14873794
v 0.02197905 -0.42885262 -0.48998812
v 0.36660862 -0.60630590 -0.32473505
v 0.00226891 0.73413086 -0.33222723
v 0.46742108 -0.34751993 0.14838719
v 0.27577913 -0.19993989 -0.40394604
v 0.14550941 0.52168763 -0.46800581
v -0.01015400 0.72238791 -0.00223877
v -0.10713124 0.10365340 -0.47848034
v -0.10798655 -0.02294915 -0.47826824
v 0.43552119 0.01788300 -0.22527497
v -0.11725844 0.06656139 -0.47505265
v -0.27038300 0.72860998 0.40241799
v 0.22475919 -0.74074054 0.38936433
v -0.47899958 0.31794202 0.10529211
v 0.10638253 0.18484955 0.47874507
v 0.14068216 0.72706813 -0.46496874
v -0.39275199 0.73384398 -0.27476999
v 0.43440685 -0.36969900 -0.22762850
v 0.14944915 -0.17745601 -0.46704984
v 0.33064753 -0.26618385 0.36211583
v 0.21007088 0.41420397 0.44147065
v 0.36181939 0.38448498 -0.33117384
v 0.46158811 0.08133247 0.16184521
v -0.43448582 0.59890997 0.22761077
v -0.25307480 0.74069369 0.26104978
v -0.18083790 -0.74056166 -0.32866204
v -0.41270736 0.09612030 -0.26530173
v -0.17709550 -0.74068552 0.33937737
v 0.20037425 -0.72929245 0.00172024
v -0.36204800 0.31793898 0.33094856
v 0.41255525 0.20703000 0.26553115
v -0.44178936 0.05175851 0.20940726
v 0.41933462 0.74075311 0.16653538
v 0.46330634 0.65802103 0.15799169
v -0.13437918 -0.72701472 -0.00242796
v -0.46721363 -0.20703201 -0.14873794
v -0.33690411 0.09181257 -0.35521275
v 0.25858206 0.40666527 -0.41613805
v -0.44178969 -0.03697079 0.20940548
v 0.38951138 0.74035412 -0.11105261
v 0.47044548 0.08068633 0.13390876
v 0.13196458 0.63586533 -0.47075665
v 0.10634812 0.27357858 0.47876313
v -0.00066920 0.73220932 0.28073266
v 0.22759040 -0.22921398 0.43441749
v -0.36204803 0.15527199 0.33094856
v -0.00188741 0.72539490 -0.08888847
v -0.12329933 0.74053168 0.39117861
v 0.14944915 -0.52497202 -0.46704984
v -0.14949115 -0.46559840 0.46694568
v 0.14924321 -0.21436487 -0.46706805
v -0.33075723 0.22181800 -0.36205551
v -0.14935042 -0.14788000 0.46709248
v 0.10658579 -0.56933594 0.47869074
v 0.33834979 0.58113325 0.35352254
v -0.02252158 0.09612647 0.48990890
v 0.34638840 0.74071562 0.17663643
v 0.05254323 -0.72407091 0.00313103
v 0.41255525 -0.50278997 0.26553115
v -0.35521087 -0.31794101 0.33692166
v -0.14935042 0.11090827 0.46709248
v -0.43415156 -0.08154201 0.22797416
v 0.26769683 -0.30684376 -0.41089794
v -0.36203748 0.03696879 0.33094627
v 0.36182147 -0.25139603 -0.33118877
v -0.02269585 0.22921340 0.48988247
v 0.10619786 0.60631120 0.47880226
v 0.37132323 -0.63958549 -0.31826270
v 0.22826366 0.65081942 0.43367001
v 0.14944915 0.05175672 -0.46704984
v -0.02210881 -0.24400134 0.48997068
v 0.20552006 0.70020646 -0.44116700
v -0.43448552 -0.51018399 0.22760466
v -0.22728968 -0.52497202 -0.43457887
v 0.00009410 -0.72728336 -0.14187348
v 0.14944915 0.35490900 -0.46704984
v -0.02174232 -0.55455410 0.48999140
v 0.34897295 -0.74061495 0.16977416
v -0.32553378 -0.74063754 0.18509354
v 0.48033178 0.70005155 0.07868309
v -0.47898456 -0.08872321 0.10541432
v 0.32080591 0.65770948 0.36930329
v 0.14943503 0.00739133 -0.46704444
v -0.13382973 0.72699469 -0.00334377
v -0.46721363 -0.02218288 -0.14873794
v 0.36776754 0.17301439 -0.32324800
v 0.00432637 0.72491580 0.07609149
v -0.18500941 -0.73970455 -0.43557963
v 0.00159796 0.72774881 0.15593562
v 0.43440685 0.46581849 -0.22762850
v -0.13398317 -0.51018399 0.47041371
v 0.48110095 0.32055432 -0.08647064
v 0.11971655 -0.74047327 -0.39219972
v -0.26905435 0.74069512 -0.24707693
v 0.02296432 0.52497250 -0.48981872
v -0.22729312 0.54715192 -0.43457943
v 0.19389081 0.74060255 -0.31899890
v 0.27648556 0.01662503 -0.40335983
v 0.24682616 -0.74029440 0.39903605
v -0.26496720 0.56194001 0.41288275
v -0.48047459 0.71336144 0.08864556
v -0.22726968 0.42145368 -0.43457800
v -0.43415385 0.31814653 0.22798118
v -0.32909217 -0.74066025 -0.18855430
v -0.47898629 -0.03697428 0.10537635
v 0.16102487 0.74040371 0.44009328
v 0.47920001 0.73110598 -0.00739396
v 0.46798170 0.73938239 -0.06655972
v 0.41779828 0.72795719 0.24779944
v 0.43915012 -0.73990715 0.17234892
v 0.38245869 -0.71318620 0.30110547
v 0.03696980 -0.73152000 0.47842300
v -0.00097824 0.73838186 0.44862291
v 0.45769081 -0.71387231 0.16959092
v 0.46174693 -0.25139582 0.16147918
v 0.43496329 0.73883301 0.18501090
v 0.48980626 0.62109447 0.02250466
v 0.05175770 -0.73122603 0.47778100
v 0.44682935 -0.72652155 0.18797383
v -0.02218963 0.71930933 0.48805854
v 0.48631597 -0.71463257 -0.02221025
v 0.26480699 -0.48060817 -0.41299671
v 0.42667645 0.74000579 -0.20082919
v 0.22798054 0.74073285 0.39107305
v -0.36728454 -0.74016732 -0.29332396
v 0.22799522 -0.59914011 0.43405360
v -0.47750536 0.72642577 -0.08147052
v -0.45999476 0.73507518 -0.14073294
v -0.26497892 0.16266628 0.41288263
v 0.25722501 -0.73185003 0.40554699
v -0.34703356 0.73976713 0.32170644
v -0.21443820 0.74052233 0.41429839
v 0.00738139 -0.73885250 0.46329725
v 0.45848700 -0.73942900 0.11884400
v 0.36879230 -0.43624452 -0.32183006
v 0.15660729 -0.73250085 -0.45687872
v 0.03695704 0.73943216 0.46782070
v 0.29207876 0.72325820 0.38819024
v 0.27396649 -0.73282212 -0.39554900
v 0.06977968 0.74048096 -0.44742736
v 0.06662320 -0.72709823 0.47955731
v 0.44738060 0.72572947 0.18675417
v -0.27474099 0.73381001 0.39264601
v -0.01966774 0.71061009 -0.48662570
v -0.20479538 0.71723449 -0.44254440
v 0.38110256 -0.74017876 -0.27376339
v -0.24685059 0.72575212 0.41850090
v -0.47995201 -0.73115402 -0.00739396
v 0.23533569 0.11089263 0.42918500
v 0.00739396 -0.73113197 0.47910801
v -0.46259099 0.73986781 0.02118187
v -0.41156030 0.73997509 0.23005968
v -0.10624569 0.60631007 -0.47880805
v 0.22951575 0.74010175 0.41010714
v -0.44808200 -0.73300600 0.16897000
v 0.45293099 -0.73516500 0.15527301
v 0.32719269 0.72086930 0.36219323
v 0.09625717 -0.72536898 0.47752315
v 0.44771120 0.74083692 -0.09040736
v 0.46756408 0.73906392 -0.08136520
v 0.36879051 -0.52497202 -0.32183030
v -0.00739396 -0.73114198 0.47951701
v -0.46271911 0.73885274 0.00737656
v 0.05175770 -0.73154098 -0.47843799
v 0.14048724 -0.74051940 -0.44386536
v 0.39989477 -0.71525812 0.28040808
v -0.16895901 0.73300302 -0.44807300
v 0.42173499 -0.73330802 -0.22984301
v 0.15803207 -0.74061102 -0.44250345
v 0.25966820 -0.74017161 -0.39332157
v -0.45086944 -0.73915654 0.14057928
v -0.22907799 0.73275799 0.42126501
v 0.43440685 -0.46582049 -0.22762850
v 0.32990184 -0.74021304 0.33565870
v -0.47163895 -0.73025483 0.11239805
v 0.46248427 -0.73987335 -0.02170651
v -0.03698382 0.74012655 0.46716538
v -0.40629008 0.74077570 -0.21069527
v 0.44171882 -0.74056613 -0.15699232
v -0.40085822 0.71411097 0.27575594
v 0.33176473 0.73969555 0.33500612
v 0.44636908 -0.74092281 0.08828638
v -0.43235949 0.67112857 0.23057215
v -0.22727560 0.08133268 -0.43452790
v 0.44803345 0.72692770 -0.18515037
v 0.48454508 0.71372133 -0.04306853
v -0.32974163 0.72330171 -0.35899696
v -0.00738089 -0.73894942 0.46204096
v -0.47534484 0.72387600 -0.09947982
v 0.20418724 0.74081284 -0.40228117
v 0.20054729 -0.73908609 0.43149409
v 0.27394700 0.73336399 0.39203399
v -0.00739396 0.73157698 -0.47940999
v -0.48778850 0.71265781 0.00572642
v -0.03696980 0.73146999 -0.47842601
v 0.31536618 0.72109431 -0.36947212
v 0.42034858 0.74069303 0.18484938
v 0.37041807 -0.71551120 -0.31858587
v 0.45411023 0.73993945 -0.12792821
v 0.30097300 -0.73115402 0.37554601
v 0.27562022 -0.55451715 -0.40407267
v 0.05886118 0.71227831 0.48327833
v -0.43910146 0.73980606 0.17139880
v -0.38765195 0.72594243 -0.29197353
v -0.47914401 0.73169398 0.02218190
v 0.02211992 0.68089533 -0.48943210
v 0.37936899 -0.73569900 -0.28836399
v 0.15245202 -0.74068063 0.43962920
v -0.43457407 -0.73535228 -0.19793801
v -0.17954892 0.74078691 -0.42051601
v -0.44808200 0.73300397 0.16897000
v -0.37600532 -0.72717422 -0.30495152
v -0.26498982 0.13309000 0.41288236
v 0.36055580 0.73155594 -0.32077926
v 0.11092827 -0.74055457 0.45740190
v 0.40627146 -0.73854697 -0.24418181
v -0.46705830 0.73823690 0.09621741
v 0.38680217 -0.72715765 0.29144222
v 0.31826156 -0.73976374 -0.34805441
v -0.46033877 -0.69637179 -0.16479421
v 0.36183485 -0.22182000 -0.33117747
v 0.19079803 0.69824594 0.44850543
v 0.46826336 0.73964417 -0.05176456
v -0.48326457 0.71340680 0.05871150
v -0.39718285 -0.69977909 0.28130189
v -0.43630901 0.73285699 0.20028600
v 0.43725583 0.73865199 -0.18503676
v 0.18781660 0.71482038 -0.44904280
v -0.05177214 0.73986048 0.46774393
v 0.34565297 0.73632562 -0.33085272
v 0.31373954 0.74084294 -0.31397328
v -0.33308843 -0.74001056 0.33306026
v -0.48456714 -0.71187657 0.04550135
v 0.36112049 0.74073565 0.27184716
v 0.30102125 -0.71336538 -0.38240007
v 0.29587001 0.73942000 0.36976701
v -0.46688762 0.73827296 -0.08138667
v 0.46743301 0.73106802 0.11072300
v -0.05175167 -0.74010211 -0.46736062
v 0.45842195 0.71455824 -0.16314943
v -0.47103572 -0.73237288 -0.09626517
v -0.18727474 0.72605908 -0.44766164
v 0.30302820 0.74068677 0.34588513
v 0.42990571 -0.70976102 -0.23417811
v 0.25858206 -0.55454803 -0.41613805
v 0.09630326 0.73573071 0.47100872
v 0.47647101 0.73039001 -0.08133360
v -0.33073708 0.35490957 -0.36205417
v 0.27213427 0.74073350 0.36148870
v 0.48756418 0.71450949 0.03606619
v -0.15549830 0.73328710 0.45608515
v -0.38860723 -0.72474450 0.29006618
v 0.20006201 0.73284298 0.43627599
v -0.18820007 0.72787619 0.44572175
v -0.27363074 -0.73586208 0.39146587
v -0.42271790 0.73724192 -0.00376231
v -0.10383336 -0.74066657 -0.45786318
v -0.00994858 -0.73928648 -0.46102098
v 0.18336800 -0.74045187 0.43221936
v 0.22825296 -0.73143041 0.42493582
v 0.02218190 -0.73166901 0.47905299
v 0.38878706 -0.72428125 -0.29009119
v 0.22799522 0.56910586 0.43405360
v 0.48010400 -0.73177701 0.02218190
v -0.34704900 0.73309797 0.33225399
v 0.10133432 0.74084854 0.42497492
v 0.35455352 -0.63637298 -0.33752134
v -0.06654560 -0.73077297 0.47711000
v 0.44467187 -0.74010229 -0.04464952
v -0.41057274 0.74016976 -0.22966078
v -0.16208120 0.71571726 -0.45850858
v 0.43255535 -0.72699493 0.21790002
v 0.31653574 -0.74078232 -0.33262169
v -0.34206033 0.72128832 -0.34723470
v 0.47901231 -0.01478569 -0.10532647
v -0.05175770 0.73153800 0.47841799
v -0.44320273 0.73284590 -0.18650158
v 0.43440685 0.18484800 -0.22762850
v 0.07307956 -0.73022610 -0.47661084
v 0.39470446 0.74026597 0.25826964
v 0.22454000 -0.73975700 -0.41514501
v 0.47930807 0.72741902 0.06669899
v 0.25771865 0.73987389 0.39430359
v 0.41521299 -0.72689700 0.25357500
v -0.26498982 0.47321212 0.41288236
v -0.42377785 0.73936439 0.21458702
v -0.47650900 0.73041302 0.08133360
v -0.47786000 -0.73130202 0.05175770
v 0.21443568 -0.74050093 0.41478047
v 0.46686563 -0.74007553 -0.06654896
v 0.24680443 0.72563159 -0.41898000
v -0.24400100 0.73673898 0.40948501
v 0.31072494 0.71992028 0.37554339
v -0.41262069 -0.73469323 0.24442434
v 0.11251911 -0.72870642 0.47267893
v 0.15793131 0.72521323 -0.46086505
v 0.47955799 -0.73099601 0.00739396
v 0.34804234 0.73967147 0.31830874
v 0.00739396 0.73163098 -0.47977799
v 0.23087581 -0.74012017 -0.40856907
v 0.27399024 -0.74012762 -0.38072780
v -0.46263200 -0.73085201 -0.14048500
v 0.47710201 -0.73068500 0.06654560
v -0.39579919 0.73955959 0.25833124
v -0.00739396 0.73121500 0.47980601
v 0.00739396 0.73119301 0.47944501
v -0.47929502 -0.72814447 0.06662466
v -0.48583221 0.71435392 0.02852539
v 0.46332401 -0.73316199 -0.12532000
v 0.31686953 0.73984778 0.34962821
v 0.47964299 0.73100299 0.00739396
v -0.05192189 -0.72864699 0.48100135
v 0.36498836 0.74012762 0.29104656
v 0.18502367 0.73816890 0.43741423
v -0.37633303 0.72684991 -0.30481789
v -0.02405932 0.73973632 0.46317017
v 0.33261606 0.74068487 0.31627157
v 0.45813879 0.74038821 -0.11462139
v 0.33064753 0.28096950 0.36211583
v 0.33126441 -0.74082410 -0.31651539
v -0.02318283 0.60630721 0.48981893
v 0.08139154 0.73823708 -0.46714729
v 0.45452335 -0.73144585 -0.15537859
v 0.19954397 -0.74004549 -0.42483315
v 0.47907501 -0.73160100 -0.02218190
v -0.36203784 -0.25139567 0.33095181
v 0.22793196 -0.74082267 -0.39112774
v -0.40630901 0.73276198 -0.25826499
v 0.46715578 -0.73835558 0.08140688
v -0.40555799 0.73183900 0.25725099
v 0.43135539 -0.74122179 0.11628942
v -0.45105684 0.73720503 -0.15539724
v -0.05175770 0.73127502 -0.47779399
v 0.40894517 -0.73965597 0.23862156
v -0.39916748 0.71538538 -0.28119856
v -0.46553272 0.73688060 -0.09618771
v 0.43483156 -0.74077076 -0.13672708
v -0.33116299 0.72166455 0.35576591
v 0.46699351 0.73826319 -0.09621722
v 0.46657002 -0.71323544 -0.14067137
v 0.44444016 0.69685018 -0.20259848
v 0.40459910 0.72272974 -0.26828969
v 0.44579723 -0.70068663 0.19559811
v -0.40144199 0.72793901 0.26930699
v -0.02218190 -0.73173398 -0.47905800
v 0.40352368 0.73997194 -0.24642257
v -0.08133445 0.74067199 0.45764387
v 0.34990513 -0.74003935 -0.31708285
v 0.43372282 0.72802240 -0.21882793
v -0.45321041 -0.73997647 0.12711385
v -0.47449264 0.73530269 0.06661666
v -0.13711560 0.74073696 -0.44145122
v -0.30172688 -0.71722990 -0.38204855
v -0.44182947 -0.74055558 0.15697913
v -0.11952515 -0.71904814 -0.47331828
v 0.46169001 -0.72990501 -0.14048500
v 0.37068281 0.48060617 -0.31917122
v -0.00739396 0.73832500 0.46581900
v -0.35763001 0.72829300 0.32827601
v 0.47841999 0.73159200 -0.03696980
v -0.44296160 0.74066895 -0.13867621
v -0.45035601 -0.73192900 -0.16877000
v 0.43630400 -0.73285502 -0.20027100
v -0.20700626 -0.74064481 -0.41471037
v -0.37041205 -0.71299875 0.31946063
v 0.43630400 0.73285300 -0.20027199
v 0.39399281 0.73977357 -0.26019761
v 0.42597973 -0.74019259 -0.20050146
v 0.24438357 -0.73275679 0.41471797
v -0.20013967 -0.70062131 0.44371596
v -0.46241948 -0.73893404 0.00737189
v 0.46718317 0.73921287 0.06657226
v 0.20983680 0.71312225 0.44135848
v -0.15499663 -0.72346836 -0.45998919
v 0.25747848 -0.74082512 -0.37701726
v -0.21464512 0.74013680 -0.42191598
v -0.46183592 0.72231144 -0.15815204
v 0.43584901 -0.73242700 0.19898500
v 0.31707299 0.73273098 0.36155501
v -0.41331854 -0.71116781 0.25815648
v -0.34809455 -0.71726298 -0.34111318
v -0.45393926 0.74076110 -0.10720704
v 0.37195674 0.74082869 -0.25376812
v 0.02382955 -0.73963571 -0.46174049
v -0.20935743 0.71251529 0.43926713
v 0.30324492 0.72566956 -0.37793872
v 0.18887985 -0.72184211 0.44827160
v 0.42356741 0.73941511 -0.21458986
v 0.40559971 0.74071634 0.21124509
v 0.09578031 -0.74100196 -0.45727792
v -0.09612150 0.73668402 -0.46838999
v -0.36093760 -0.73198158 0.32005081
v 0.43602693 -0.73861802 -0.18497677
v -0.41661495 0.72790903 0.24720298
v 0.03359772 -0.70811731 -0.48866829
v 0.16167046 0.47320670 -0.46168438
v -0.31780916 0.71363568 0.36830583
v -0.34915742 0.74052614 0.15782359
v 0.35382941 -0.55179799 -0.33813259
v -0.48385605 -0.71409124 -0.05833868
v -0.21703167 -0.72664171 0.43304867
v -0.42928588 0.72075188 -0.22824974
v 0.26486361 -0.67950535 -0.41276661
v 0.43266541 -0.72977972 -0.21772553
v 0.39611813 0.71261370 -0.28274682
v 0.09625165 0.73916781 -0.46430087
v -0.26580504 -0.69745094 0.41199520
v 0.35755211 -0.74074405 0.26597860
v 0.27357683 0.74010980 0.38007846
v 0.36513439 0.74000788 -0.30008480
v -0.48723167 -0.71378499 0.01396029
v 0.02182316 0.73924351 0.46501493
v 0.05173388 -0.74026936 -0.46783572
v 0.24433778 -0.73416495 -0.41399524
v 0.15546305 0.73159391 0.45485631
v 0.48164213 -0.69491696 -0.08188585
v 0.30172101 -0.71322441 0.38266966
v 0.24593057 0.72633183 0.41888657
v -0.22937900 -0.74007052 0.41020867
v -0.29553404 -0.69921118 -0.38718513
v -0.30602732 0.72649407 0.37537497
v 0.19904500 0.73246098 -0.43585601
v -0.35567042 0.72083312 -0.33137512
v 0.43754047 -0.73835129 0.18509969
v -0.11341600 0.74022180 0.45746872
v -0.46755761 0.73907959 0.08136542
v 0.01393664 -0.71777409 -0.48874879
v -0.47850099 0.73156601 0.03696980
v -0.43863660 0.74056822 -0.16617589
v -0.43358761 -0.72798699 -0.21482459
v -0.39188001 0.74065298 -0.24400100
v -0.33075723 0.32533300 -0.36205551
v 0.20951895 -0.71243286 0.44153637
v -0.18501440 0.73992360 0.43407142
v -0.39208901 -0.73341697 0.27405500
v -0.42134100 0.73281002 -0.22918600
v 0.35534772 0.72029769 0.33186725
v -0.04386701 -0.73149031 -0.47817880
v -0.39930609 0.74080503 0.21391936
v -0.12491200 0.73329300 0.46324301
v 0.26481390 0.08133248 -0.41299775
v 0.46713862 -0.73907799 -0.08136006
v -0.35772786 -0.72323579 -0.32851145
v -0.06653329 0.74046850 -0.46683672
v 0.36901754 0.71991223 0.31588036
v 0.18484899 -0.74066198 -0.42145601
v 0.11081900 0.73110902 -0.46757600
v 0.24224223 0.74052292 -0.40235773
v 0.46802783 -0.73957366 -0.03695404
v 0.35664499 -0.72732198 0.32736701
v -0.42531914 0.74075800 -0.18279582
v 0.47925022 -0.72811282 -0.06662334
v -0.26548174 0.67908037 0.41223744
v -0.34839272 0.73964471 -0.31859630
v -0.03414945 0.70955139 0.48852623
v -0.06010929 0.74022889 0.44839662
v 0.25164953 0.74083841 -0.37316632
v 0.23314433 0.71242684 0.43019840
v 0.15470588 -0.73067009 0.45526356
v 0.28226796 -0.74071521 0.35651624
v 0.08135781 0.73893714 0.46745858
v 0.45259729 0.73909038 -0.14062595
v -0.34260201 -0.72806299 -0.34300101
v 0.36252111 0.12502466 -0.33032742
v -0.21480799 0.73417783 0.42863226
v -0.37698880 -0.74081552 0.25711566
v -0.02218190 0.73159897 -0.47902399
v -0.25865650 0.73358816 -0.40334859
v -0.06662776 0.72756255 -0.47951472
v -0.46910539 0.72981977 -0.11170009
v -0.15865916 0.74038869 0.44350883
v -0.34725425 0.74079871 -0.30025205
v 0.35893470 -0.72335589 -0.32963037
v 0.37702045 0.74073231 0.25731945
v 0.35505098 -0.71379983 0.33339104
v -0.36058229 0.73552525 0.31616351
v -0.28978172 0.74061447 -0.36734155
v 0.47713399 0.73090601 -0.06654560
v -0.06655847 -0.73928797 -0.46809763
v -0.48989865 0.39927900 -0.02229403
v 0.47214076 -0.71321493 0.12418362
v -0.47784901 0.73131597 0.05175770
v 0.39093345 0.73648131 -0.27294365
v -0.27798682 0.70018828 -0.39941856
v 0.47519138 -0.72521943 0.09914440
v 0.03695215 -0.73995477 0.46727720
v -0.43469295 -0.74079311 0.13675718
v 0.34491751 0.73583889 0.33003876
v -0.34797850 -0.74003941 0.31835324
v -0.37674806 0.73760194 -0.28902435
v -0.11815786 -0.71681023 0.47256902
v 0.16878401 -0.73194599 -0.45036501
v 0.00739396 0.73834997 0.46581900
v 0.47780699 -0.73127198 -0.05175770
v 0.33182442 0.73984802 -0.33613360
v -0.35762575 0.73981667 -0.30591741
v 0.47746146 0.72644174 0.08147142
v 0.38155615 0.73630780 -0.28930894
v 0.40438065 0.74081033 -0.19170921
v -0.25803474 0.71315014 -0.41310927
v -0.45218232 0.74033457 0.12767003
v -0.31637099 0.73181802 0.36096200
v -0.47844100 -0.73154998 -0.05175770
v -0.32000434 0.74005783 -0.34692594
v -0.22808665 0.74081147 -0.39111435
v 0.48013499 0.73172098 0.02218190
v -0.47844100 0.73154801 -0.05175770
v 0.47845301 -0.73147303 -0.03696980
v 0.25715899 0.73184800 0.40550300
v 0.19240919 0.72018647 0.44694906
v 0.17119263 -0.74005598 -0.43788752
v 0.46982893 -0.73069626 -0.11204611
v -0.31625596 0.73453045 -0.36068144
v 0.47955501 -0.73181403 0.03696980
v -0.09628709 0.73296285 0.47062021
v 0.30315199 -0.73700702 -0.36616400
v 0.12460411 -0.73996967 -0.45471045
v 0.02220817 -0.73941332 0.46487045
v -0.22846857 -0.73360342 -0.42335525
v -0.16805176 -0.73374969 0.44944617
v 0.44755423 -0.72450507 -0.18814771
v 0.21820694 0.72838199 -0.43130904
v -0.02182705 -0.46581742 0.48998404
v -0.23518090 0.71363276 -0.42885634
v 0.00248616 -0.73628736 -0.39120021
v 0.47955501 0.73180002 0.03696980
v -0.44750994 -0.72478884 0.18808126
v 0.45661861 -0.74035609 0.11092825
v -0.34673500 0.73265803 -0.33184499
v -0.18504286 0.73931426 -0.43543291
v -0.06654560 0.73077101 0.47711000
v 0.12315847 -0.74088931 -0.43406114
v 0.33062831 -0.73499858 -0.34547225
v -0.09631560 -0.73491013 -0.47200903
v -0.33636445 -0.73955816 -0.33213416
v -0.47957200 -0.73188102 -0.03696980
v 0.41252151 -0.64326906 0.26552513
v -0.43056926 -0.72383392 -0.22480425
v -0.43748969 0.73855197 0.18503807
v -0.15692584 0.74060851 -0.44162220
v 0.37990379 0.72709000 -0.30090174
v 0.37601659 -0.74082643 -0.25714204
v -0.36206764 0.45842418 0.33095780
v -0.09764379 0.74076343 0.43210542
v 0.32587311 -0.74072719 0.31155503
v -0.47553599 0.72913700 0.09612150
v 0.41897547 -0.72527051 -0.24608470
v 0.46641296 -0.73678100 0.09623886
v 0.14943504 0.25878620 -0.46704444
v -0.30100900 0.73118699 -0.37556899
v -0.46824199 -0.73953307 0.05176136
v 0.45628071 0.74035937 0.11241332
v -0.42217615 0.73851371 -0.21457060
v -0.46613199 -0.73423803 -0.11100997
v 0.46532622 0.73681086 0.09618622
v -0.08980589 -0.71527070 -0.48021331
v 0.03696980 -0.73187798 -0.47956300
v -0.38096085 -0.74021387 0.27370325
v -0.10651951 -0.21442601 -0.47872019
v -0.30337361 0.73893225 0.36347955
v 0.36090800 0.73176903 0.31632200
v -0.46739471 0.74011940 0.05175070
v -0.47851199 -0.73150802 0.03696980
v 0.47391939 -0.71201533 -0.12089968
v -0.03696980 0.73187602 0.47955099
v 0.31533247 -0.71989745 -0.36909446
v 0.30336776 0.73911715 -0.36292204
v 0.41595635 0.31793901 0.25890025
v 0.05046277 0.71245295 -0.48535457
v 0.46639654 0.73836148 0.08138759
v -0.34023333 0.73371130 0.34004924
v 0.29134351 -0.74018872 -0.36529323
v 0.47903901 0.73173898 -0.02218190
v -0.46603584 -0.73994654 -0.08042491
v -0.34739268 -0.74075699 0.30129322
v -0.43420368 0.72535390 -0.21472555
v -0.06657787 0.73946166 0.46704152
v -0.33483014 -0.71284729 -0.35686561
v -0.47898665 0.27357766 0.10529071
v -0.26072365 0.73993921 0.39444724
v 0.43316174 0.72554004 0.21734260
v -0.47914901 -0.73164302 0.02218190
v -0.11385580 -0.69953030 0.47409782
v 0.14103268 -0.73849571 0.45498836
v -0.41270047 0.57672799 -0.26532939
v 0.45626366 -0.74069273 -0.11091880
v 0.46748799 -0.73106998 0.11072300
v -0.12748444 0.73992693 0.45467895
v 0.42014742 -0.74077755 -0.18137375
v -0.01401614 -0.71309549 -0.48713171
v 0.40674001 0.73020035 0.26253644
v 0.19304672 -0.74075377 0.40347007
v -0.43585500 0.73245102 -0.19904099
v -0.44657895 -0.72698432 -0.18810813
v 0.47916299 -0.73099297 -0.00739396
v -0.17317444 0.70008087 -0.45486385
v -0.25788501 0.73244900 0.40614599
v -0.13184585 0.71371680 -0.46965501
v -0.22729312 -0.32533512 -0.43457943
v -0.19901800 0.73244298 0.43584299
v -0.47957200 0.73187900 -0.03696980
v -0.18718992 -0.72623527 0.44728813
v -0.37670732 -0.73832858 -0.28899580
v -0.26497892 0.04436302 0.41288263
v -0.35428748 -0.74049824 -0.30551293
v -0.36096200 -0.73183399 -0.31638300
v 0.27214819 -0.73121649 0.39575624
v -0.24659327 -0.72673273 0.41880959
v -0.22963972 -0.71718758 0.42872226
v 0.43770188 0.74012703 0.17088339
v -0.46742550 -0.73997152 0.03694484
v -0.09626752 0.72556394 -0.47763440
v 0.06669825 0.72734785 -0.47937873
v 0.31661353 -0.72166562 0.37080249
v -0.19983476 -0.73441190 -0.43592894
v -0.14078076 0.73504853 -0.45812663
v -0.15236852 -0.74073619 0.43928820
v 0.39163029 -0.74070859 -0.24087855
v -0.42204124 -0.73959601 0.21457349
v -0.46258619 0.73867524 -0.00738287
v -0.27383631 -0.74015206 -0.38218871
v -0.18508317 -0.73822224 0.43705848
v 0.34737152 -0.74079984 -0.30127180
v -0.32572374 -0.72030169 0.36064029
v 0.33112246 -0.72064930 -0.35551289
v 0.47841600 -0.73146498 0.05175770
v -0.25957865 -0.71723884 0.41429198
v 0.46093988 -0.72552043 0.15801924
v -0.36097363 -0.74083817 0.27130958
v 0.40549347 -0.74079150 -0.21155696
v 0.11206098 0.69643313 0.47664541
v -0.38280401 -0.71247995 0.30164856
v 0.26362166 0.67928338 -0.41346908
v 0.40970913 0.74015629 -0.23205274
v 0.45136738 0.74030340 0.12587167
v -0.02216935 -0.72937059 0.48295707
v 0.46575969 -0.73838681 -0.09618098
v -0.45118952 -0.74028188 -0.14054598
v 0.22760533 0.06651382 0.43431765
v 0.03696980 0.73188001 -0.47956300
v 0.46575835 -0.73781663 -0.00064294
v -0.46072537 -0.73818403 -0.12511328
v 0.25978124 -0.73991197 0.39355430
v -0.48760489 0.71433997 -0.03604119
v -0.33047047 -0.73530549 0.34530720
v -0.46785316 -0.73935705 0.06655823
v -0.43184468 0.72347474 0.22653610
v 0.29987168 -0.74081361 -0.34725150
v -0.47769752 0.69941205 -0.09322404
v -0.24400173 -0.74072784 0.39035109
v -0.45706633 -0.74058563 0.11092723
v 0.44807500 -0.73300701 -0.16898100
v -0.36096299 0.73183203 -0.31638300
v -0.17098644 -0.74071038 0.43379542
v 0.15826291 0.65788722 -0.46321526
v -0.02375738 -0.73962116 0.46136442
v -0.31443146 0.74044257 0.34924069
v 0.42040560 0.74080610 -0.17815535
v 0.35730842 0.73977596 0.30601904
v 0.39976287 -0.71176970 -0.27756584
v -0.37558100 0.73120302 0.30101699
v 0.45078945 0.73612380 -0.15605700
v 0.06657446 0.73918545 -0.46784598
v 0.33272865 0.74075758 -0.31222495
v 0.36165053 -0.40635774 -0.33110267
v 0.31636801 0.73178601 -0.36093900
v 0.48942935 -0.67211396 0.02442041
v -0.48999920 -0.63588017 -0.02128018
v -0.31590140 -0.74082679 0.33259988
v -0.02217916 0.73957580 -0.46645510
v -0.36299869 0.74064815 -0.28568265
v 0.36040908 -0.32823646 -0.33255142
v 0.23001149 0.73788309 -0.41828656
v -0.07311957 -0.71321410 0.48120007
v 0.31845510 -0.74064368 -0.19242744
v -0.07241942 0.69504112 -0.48226231
v -0.46204072 -0.73986161 0.02169273
v 0.40352449 -0.73572820 0.25884336
v -0.08147453 -0.73984790 0.46968204
v -0.42169499 0.73333502 0.22980499
v 0.28967601 -0.73648298 -0.37747601
v 0.42045176 0.73920059 0.21458615
v 0.21465626 -0.73909217 -0.42173755
v -0.33730376 0.43623054 -0.35472935
v -0.19390036 -0.74063241 0.42304578
v 0.33720896 -0.62847590 0.35480949
v 0.06655683 0.73921806 0.46786124
v 0.08147073 0.72657728 -0.47747704
v 0.05193841 0.73809499 -0.47406819
v -0.30353203 -0.73937243 0.36296266
v -0.10979193 0.73002100 0.46882015
v -0.47385943 0.71766454 0.11905307
v -0.19939773 -0.71718800 0.44298244
v -0.40103516 -0.72147071 0.27339903
v 0.37800896 0.74048823 -0.27602911
v -0.41870233 -0.74086797 -0.15089360
v -0.40130478 -0.74081826 -0.20932765
v 0.29759103 0.70077044 0.38575917
v 0.00739396 -0.73116797 -0.47950301
v -0.40782294 0.73860782 0.24430533
v 0.45035100 -0.73190099 0.16871700
v -0.48846671 0.71853352 -0.02219718
v -0.14078148 0.73570704 0.45961872
v 0.47749719 -0.72687715 0.08149289
v -0.46169001 0.72988999 0.14048500
v 0.15548855 0.73937607 -0.44956967
v 0.37928230 0.74017644 0.27576151
v 0.36579999 0.73694599 0.30315199
v 0.30185500 -0.72891003 -0.37621400
v -0.10864377 0.69787300 -0.47756106
v 0.39463675 -0.74001342 -0.25790420
v -0.10656069 -0.51757789 -0.47871459
v 0.43362606 0.74082023 -0.11725631
v -0.33228001 0.73311102 -0.34706599
v 0.23256648 -0.71369392 0.43041193
v 0.31224915 0.74076921 -0.33272865
v -0.33149958 -0.74083310 -0.30992976
v -0.31714803 0.62719077 -0.37198904
v -0.45527115 0.73985344 -0.12486712
v -0.34673500 -0.73265898 -0.33184499
v -0.38076293 0.74036711 -0.27408609
v 0.26464644 -0.01483725 -0.41302869
v 0.18502258 0.73988718 -0.43430188
v 0.21720685 -0.72867417 -0.43154517
v -0.48841169 -0.71799308 -0.00677252
v 0.31782448 0.74069279 0.33115980
v -0.36206764 -0.53236634 0.33095780
v 0.25776267 -0.69850755 0.41357163
v 0.25891715 0.73835385 -0.40107527
v 0.44439781 0.72148615 -0.19811150
v -0.46324399 0.73329502 -0.12493500
v 0.08133360 0.73030502 0.47648799
v -0.05173812 -0.74025655 0.46798736
v 0.22932269 -0.74019152 0.41186324
v -0.29056194 -0.73867631 -0.37448573
v -0.47959399 -0.73115700 0.00739396
v -0.28043982 -0.71565276 0.39967778
v 0.32953575 -0.72446197 0.35882950
v 0.32366967 0.69872296 0.36696723
v 0.24629109 -0.74063140 -0.39772063
v -0.47956300 0.73114699 0.00739396
v 0.48492944 -0.71472967 0.05183205
v -0.20982480 -0.74070239 0.30575457
v -0.06652051 -0.74049628 0.46693218
v 0.33927524 0.73420495 0.00266314
v 0.08102690 -0.69720817 0.48163676
v -0.41585773 -0.73927546 0.23017173
v -0.08135243 0.74000311 -0.46633044
v 0.11350108 0.74099195 -0.42959616
v -0.25572217 -0.74034739 -0.39482498
v 0.47902858 0.65739381 -0.10482470
v -0.26497892 -0.63588160 0.41288263
v 0.44218364 0.74055874 0.15733242
v 0.11546515 0.72631049 0.47283602
v 0.46482664 -0.72816789 0.14072137
v -0.40736929 -0.74048924 -0.23144318
v 0.20803046 -0.71323514 -0.43984747
v -0.09585628 0.74078417 -0.45840925
v -0.26497892 0.50278771 0.41288263
v 0.46729967 0.11836477 0.14819561
v 0.47778600 0.73130399 -0.05175770
v 0.16161206 -0.65757883 -0.46170107
v 0.14054795 0.74015683 -0.45119235
v 0.29167569 -0.72703350 0.38644680
v 0.42306310 -0.73868102 0.21464424
v -0.24423453 -0.73893344 0.40732381
v 0.34688112 -0.72116429 -0.34181309
v 0.09628836 -0.73365998 -0.47001982
v -0.16956502 -0.73563474 -0.44652161
v -0.36833110 0.71426499 -0.31770781
v 0.44294491 -0.71718800 0.19948883
v 0.11013579 -0.73044538 -0.46871600
v 0.02418219 0.73973250 -0.46259105
v -0.43378985 0.00739296 0.22834280
v -0.42671150 0.73999041 0.20091805
v 0.44647178 0.74079931 0.09781960
v -0.26497892 0.07393833 0.41288263
v -0.30147311 0.74079555 -0.34737813
v -0.46101427 -0.73950785 -0.02411179
v 0.25858453 -0.59891456 -0.41613716
v 0.02861270 0.71699345 -0.48826602
v -0.46331599 0.73315400 0.12529500
v 0.31707299 -0.73273200 0.36155501
v -0.46086407 -0.72570169 -0.15805800
v -0.26204604 -0.73171979 0.40551680
v 0.19904500 -0.73246300 -0.43585601
v 0.37077573 0.72199547 -0.31606781
v -0.11078300 -0.73109698 0.46756801
v 0.05175770 0.73859900 0.46934801
v -0.37285402 0.74074447 0.26828325
v -0.43546554 0.72793019 0.21486551
v -0.26498982 -0.45842651 0.41288236
v 0.16399927 -0.71246076 0.45819649
v 0.31779119 0.45842454 0.37153107
v 0.45204011 -0.74009418 0.14055026
v -0.30408564 -0.73050773 -0.37485957
v -0.42535269 0.74009502 -0.19987914
v -0.16962898 -0.71383601 0.45770758
v -0.38533166 0.74080771 0.23916365
v 0.33240557 -0.43839791 0.36032063
v 0.41016611 0.74023944 0.22916333
v -0.39357623 0.74012744 -0.26000750
v -0.45571336 0.73079485 0.15477979
v -0.27612039 -0.71315336 -0.40072024
v 0.36291829 -0.73971009 -0.30340293
v -0.03696980 -0.73187703 0.47954500
v -0.47992101 0.73113000 -0.00739396
v 0.48770124 -0.71371162 0.03575979
v 0.03695703 -0.73967445 -0.46942005
v 0.35496607 0.48060617 -0.33716860
v 0.15213449 -0.36505613 -0.46601510
v -0.25869456 -0.74084383 0.37583068
v -0.11092537 -0.74031574 0.45681924
v 0.40561524 0.73936814 0.24417701
v -0.20589843 0.73200881 -0.43513772
v 0.39117551 0.73639655 0.27317458
v 0.02835965 0.71351695 0.48579845
v 0.37621799 0.72885901 0.30185699
v -0.20882629 0.74078435 -0.40636641
v -0.43448582 -0.40666899 0.22761078
v 0.33066207 0.51018679 0.36207071
v 0.45896363 0.73079610 0.15697646
v 0.21459691 0.73926347 0.42359850
v 0.28061372 0.71502876 -0.39963260
v 0.37128010 -0.73975831 -0.29108748
v -0.36397803 0.73928541 0.30437636
v -0.00181150 0.71478099 0.48821557
v -0.46769240 0.73919570 -0.06657305
v 0.13290930 -0.71420223 0.46917593
v 0.36180559 0.08872653 -0.33118534
v -0.24557732 0.74066246 -0.39732650
v 0.46202326 -0.73969817 0.02975294
v -0.21292089 -0.73534131 -0.43043146
v 0.47323209 0.71940649 -0.11903193
v -0.44761503 0.74060130 -0.07455370
v -0.14683628 0.71334976 0.46673626
v 0.46671727 -0.74018890 0.05166912
v -0.40458742 -0.73082024 -0.26478097
v 0.31460568 0.74026227 -0.35014653
v 0.06654560 0.73083198 0.47715500
v -0.14099021 -0.73718047 -0.45700350
v 0.12539768 0.73784393 -0.46136579
v 0.31637400 -0.73179603 -0.36094001
v 0.36092100 -0.73177099 0.31633800
v -0.26497507 -0.02218288 0.41288272
v 0.21484563 -0.73492676 0.43025467
v 0.34731257 0.74063289 0.30051029
v 0.26078719 0.71354544 -0.41464901
v 0.28836399 0.73563200 0.37913600
v -0.43448585 0.43624282 0.22761074
v -0.28100875 0.71547186 0.39927089
v 0.34618682 0.74082303 -0.29471630
v -0.22728258 -0.05175872 -0.43457761
v 0.44475764 0.73837221 -0.16929892
v 0.26480699 -0.07394060 -0.41299671
v -0.36400667 0.71729922 0.32617649
v -0.26498982 0.01478693 0.41288236
v -0.02222914 -0.73995864 -0.46550620
v 0.22909001 -0.73277402 -0.42129001
v 0.00020789 0.73009706 0.22196142
v -0.20034815 0.74014997 -0.42507517
v 0.13264866 0.74079353 0.43422121
v 0.48846641 0.71868014 0.02219335
v -0.47839096 -0.72588098 -0.08162559
v 0.21457773 0.73882812 -0.42186132
v 0.46618918 0.74007541 0.05165405
v -0.28460234 -0.74076813 0.36093444
v -0.46729541 0.71114260 0.13849570
v 0.48504004 0.71373671 0.05184286
v -0.40556261 -0.74079317 0.21160522
v -0.19901800 -0.73244500 0.43584299
v 0.02655046 -0.73932987 0.44788542
v 0.47841600 0.73145503 0.05175770
v -0.31665695 0.72078913 -0.37052920
v -0.40124857 -0.73982704 0.24681234
v -0.33797771 0.69850320 -0.35394138
v 0.03696980 0.73143202 0.47845700
v 0.47839677 -0.72753417 -0.08142682
v -0.16431952 -0.74067765 -0.42991167
v -0.38915294 0.73674119 0.27467924
v 0.47832900 0.72421342 -0.09639047
v -0.42835554 -0.71006852 0.23689257
v 0.26468518 0.51012498 -0.41304219
v -0.39165223 -0.74070835 0.24100070
v -0.37242049 0.72365850 0.31393185
v 0.46489719 0.72726101 0.14068092
v -0.48826110 0.71796298 -0.00736286
v 0.38770574 0.72801328 0.28957647
v 0.33561686 0.73124814 -0.34550145
v -0.47125858 -0.69681424 -0.12968904
v 0.36174619 -0.74060470 -0.14747702
v 0.29280958 0.72537482 -0.38705069
v -0.35569400 -0.73959601 0.31164801
v 0.43581900 0.73242003 0.19892000
v 0.35109574 0.73972285 -0.31692329
v -0.44308877 0.74026334 0.15835455
v -0.27418467 0.73636967 -0.38948241
v -0.31175888 -0.74083948 -0.32750288
v -0.46600914 -0.74001110 0.08135558
v 0.36398095 -0.73171604 -0.31630260
v -0.47149181 -0.73515379 0.09632568
v -0.46454847 0.73989767 -0.03159150
v -0.00942651 0.73938531 -0.46164647
v 0.11092760 0.74048084 0.45720324
v 0.08837350 -0.71209723 -0.47845787
v -0.33127105 -0.73577029 -0.34607455
v -0.38692883 -0.72574288 -0.29315773
v 0.06654628 -0.74022686 0.46597123
v -0.47480667 -0.71782088 -0.10752848
v -0.26497892 0.19224173 0.41288263
v -0.08142643 0.72680944 -0.47870591
v 0.46735570 -0.60639966 0.14830306
v -0.09843291 -0.72503996 0.47537640
v -0.20622812 -0.69697422 -0.44299704
v 0.25805226 0.71296477 0.41313678
v -0.42655089 -0.71147722 -0.23669511
v -0.37937000 -0.73570400 0.28836399
v 0.41190299 -0.67971909 0.26609144
v 0.48850581 -0.71840054 0.02220095
v 0.02218190 0.73159599 0.47911000
v -0.22732596 -0.44365498 -0.43443504
v 0.39165944 0.74069512 0.24108504
v -0.12478241 -0.73807055 0.46076497
v 0.46163008 -0.54715401 0.16174568
v 0.02218190 -0.73183501 -0.48010600
v -0.39286733 -0.74006027 0.25919542
v -0.12905909 -0.74086052 -0.43241403
v -0.35560867 0.69991666 -0.33316660
v -0.41505945 -0.72242552 -0.25667343
v -0.28870818 0.73249191 -0.38389575
v 0.16925709 -0.71342105 -0.45792091
v 0.46318299 -0.73326403 0.12454300
v -0.43415385 0.09632783 0.22798118
v -0.41270047 0.54715198 -0.26532939
v 0.47904161 0.19224311 -0.10522993
v -0.33073708 -0.47321355 -0.36205417
v -0.42735374 0.69970500 -0.23500499
v -0.29020250 -0.73817074 0.37502983
v -0.00739396 -0.73119003 -0.47909999
v -0.46710160 0.74007756 -0.05175052
v -0.48011500 0.73181999 -0.02218190
v 0.43440747 -0.02218288 -0.22763495
v 0.30685976 -0.74008721 -0.35733452
v 0.22053914 -0.74069679 -0.29436749
v 0.23138887 -0.71229619 -0.42888606
v 0.09617894 -0.73856246 0.46548444
v 0.47734734 -0.72559410 -0.09626143
v 0.24428791 0.73838973 0.40730238
v -0.24225211 -0.74069387 0.27177733
v -0.34974724 0.71410823 0.34136388
v 0.41069412 -0.74018222 -0.22954294
v -0.45035201 0.73192400 -0.16877000
v -0.23407872 -0.71155709 -0.42973664
v -0.14680550 -0.71323121 0.46661198
v -0.27277020 -0.73191237 -0.39490721
v -0.47515959 -0.65073597 0.11697897
v 0.14062926 0.73868388 0.45276293
v 0.05174905 -0.74020004 0.46619105
v 0.12212274 -0.74093479 0.42997915
v -0.35778302 -0.74084735 -0.26746690
v 0.17021139 0.71367526 -0.45748523
v -0.41996571 -0.73579395 -0.22797348
v -0.12609088 -0.73775697 -0.46145126
v -0.47891757 -0.59889430 0.10554527
v -0.31623533 0.74081832 -0.33259869
v 0.47381058 0.69752514 -0.12204222
v -0.22818398 -0.36172166 -0.43396938
v 0.48467004 -0.71315968 -0.04346122
v -0.46721363 0.62848586 -0.14873794
v 0.46260801 0.72748935 -0.14409961
v -0.22744559 0.72170681 0.42947006
v 0.36147505 -0.69778323 -0.33051100
v -0.17024796 0.73993021 -0.43773735
v 0.09612437 0.74051183 0.45904127
v 0.35307723 -0.45582882 -0.33882731
v -0.38788420 0.72591162 0.29091102
v -0.41933283 0.72577655 -0.24624914
v 0.28836578 0.74055302 0.36064571
v 0.28059492 -0.71583200 -0.39961636
v 0.48998082 -0.56194931 0.02128725
v 0.31373307 -0.74050790 0.34894949
v 0.37411699 -0.72795182 0.30586624
v 0.35627407 0.71308047 -0.33500797
v -0.21254855 -0.73882312 0.42345855
v -0.20804662 -0.74080342 0.40619171
v -0.45826426 0.71636826 0.16265018
v -0.14087686 -0.73685050 0.45925501
v 0.25600696 -0.72100431 0.41363347
v -0.45881999 -0.73960203 0.12009700
v -0.38377708 0.71217084 0.30028751
v 0.27385712 0.71990216 0.40086344
v 0.41467217 -0.71416962 0.26029211
v 0.38938832 0.74081725 -0.22187276
v -0.45805043 0.74040878 0.11448591
v 0.08139200 -0.73984241 -0.46567062
v 0.45030600 0.73189598 0.16862001
v -0.33502942 0.73995608 -0.33213463
v -0.27330786 0.74077761 -0.37270951
v -0.41270736 0.60630399 -0.26530173
v 0.41314000 0.74059194 -0.22190574
v -0.14935042 -0.59151798 0.46709248
v -0.07521831 -0.69449103 -0.48210427
v -0.43755952 -0.73972750 -0.17826892
v -0.18894672 -0.72479069 -0.44718221
v -0.26507977 -0.66526479 0.41268265
v -0.40452474 0.74079686 0.19193318
v 0.41757199 -0.72967798 0.24400100
v 0.35218668 -0.51018399 -0.33958748
v -0.26497507 0.59890997 0.41288272
v -0.31636900 -0.73179400 0.36093900
v 0.46643272 -0.74005985 0.06655420
v 0.39688092 -0.73354179 0.27294472
v -0.29021713 -0.72472543 -0.38853630
v -0.04296461 -0.71333736 -0.48465392
v -0.43278402 -0.74044687 0.18493822
v -0.32255086 -0.73076153 -0.35984236
v -0.47843832 -0.72753638 0.08142788
v -0.12563470 0.73962140 -0.45789376
v -0.42749363 0.71308404 0.23769993
v -0.42308596 -0.73989105 -0.20800014
v 0.29058114 -0.73868692 0.37421158
v -0.23935278 -0.73968446 -0.40786204
v 0.14712383 -0.70927030 -0.46682084
v 0.27574885 -0.59924471 -0.40395969
v 0.43345758 -0.65740246 -0.22866119
v -0.22978526 0.74006605 0.41186357
v 0.16900098 -0.73886400 0.44443214
v 0.25858766 0.64326966 -0.41613251
v 0.19822860 -0.74080318 -0.40587190
v 0.33736852 -0.70011556 -0.35218275
v -0.16934033 -0.70814991 -0.45638710
v -0.08148003 -0.73746252 -0.47203559
v 0.47296757 0.71389711 0.11963134
v 0.14084952 0.72664779 0.46398982
v -0.23428622 -0.74062711 -0.27873269
v -0.04376495 0.71304178 -0.48449281
v -0.46151575 -0.73878264 -0.00738255
v -0.25729701 -0.73190898 -0.40557799
v 0.22986101 0.73338199 0.42175901
v -0.11136150 -0.73117274 -0.46983656
v 0.47897059 -0.56193542 -0.10543539
v 0.05886763 -0.71317613 -0.48380125
v 0.47900417 0.04436066 -0.10526266
v 0.44036424 -0.71547657 -0.21112172
v 0.36408168 -0.74018556 0.29881871
v -0.37421936 0.73970050 0.29048654
v -0.28347567 -0.74066603 -0.23242335
v 0.43357903 0.64836526 -0.22894989
v -0.44783145 -0.73980802 -0.15764308
v -0.18888192 0.71300071 0.44878173
v 0.16313760 0.71344745 0.45842043
v -0.43628055 -0.74058759 0.17049819
v 0.24400100 0.74050200 0.39188001
v -0.11299942 0.72780067 -0.47321123
v -0.41270512 0.34751499 -0.26531127
v -0.41270047 -0.20703200 -0.26532939
v 0.41799340 0.72512394 -0.24839863
v 0.37255600 0.73983997 0.28523001
v -0.34562406 -0.73571825 0.33080518
v 0.36182466 0.30315119 -0.33117509
v -0.46331501 -0.73315603 0.12529500
v 0.43825123 -0.73984492 -0.17071220
v -0.19993597 0.74000627 0.42642087
v -0.24634801 -0.72577691 -0.41857284
v 0.46332401 0.73316002 -0.12532100
v -0.26066971 0.71328914 0.41451767
v -0.02218190 0.73183501 0.48009700
v 0.12504064 0.73810112 0.46035874
v 0.00739396 0.73874497 -0.46581900
v 0.36200517 -0.74071026 -0.28497946
v -0.47986171 -0.70700151 0.09633609
v -0.44706991 0.72673804 0.18840137
v 0.29570654 -0.74063420 0.22173265
v 0.35713375 0.63341326 -0.33535796
v 0.47051108 0.19963600 0.13357863
v -0.08151311 0.73493177 0.47218153
v -0.47898871 0.17745659 0.10535349
v -0.49003562 -0.51758111 -0.02136815
v 0.26477805 0.31054890 -0.41300705
v 0.22758384 0.50278801 0.43441656
v -0.36205810 0.42145500 0.33095065
v -0.20657796 0.69811648 -0.44291851
v 0.27334547 0.73216665 -0.39622334
v -0.41464117 0.71361536 -0.26083159
v -0.44276494 0.69837850 0.20711081
v 0.33067158 -0.03697103 0.36212051
v -0.30317721 0.73974258 -0.36270034
v -0.08831554 0.71295893 0.47850147
v -0.31555137 -0.74024719 -0.35055208
v 0.14943038 0.41403836 -0.46701863
v 0.26480699 -0.41406298 -0.41299671
v 0.20023195 0.74000758 -0.42630807
v 0.24422573 -0.71423966 0.42267987
v -0.12955691 -0.74045926 -0.37527731
v -0.44607416 -0.69700885 0.19799046
v -0.46711275 -0.65566969 -0.14849673
v 0.41255525 0.17005999 0.26553115
v -0.42886648 -0.74044520 -0.08691715
v -0.22905514 0.73236507 -0.42422503
v -0.37075451 -0.31794101 0.31914416
v 0.44744399 0.74052018 0.07373466
v 0.32841384 0.72324276 -0.35765982
v -0.40456510 -0.74025691 -0.24414916
v 0.37732801 0.73641503 0.28944099
v 0.14072990 -0.73582619 -0.45936909
v 0.28562000 -0.73987198 -0.37280300
v 0.46817183 -0.73952568 -0.05176106
v -0.30592388 -0.70019108 0.37859994
v 0.33494982 0.62848556 0.35739741
v -0.26497507 -0.06654629 0.41288272
v 0.26440158 -0.71019864 -0.41278312
v -0.27365246 0.72063363 -0.40076143
v -0.11820675 -0.74115038 0.43197101
v 0.31693918 -0.69984132 -0.36934119
v 0.36182323 -0.14788000 -0.33120260
v -0.26497507 0.25878784 0.41288272
v -0.33090109 0.73543966 0.34579128
v 0.35764390 0.58412337 -0.33484519
v -0.39049914 0.74082363 -0.22617683
v 0.47526005 0.72474247 0.09837925
v -0.41270223 -0.35490996 -0.26532274
v -0.43281776 -0.72992414 0.21739258
v 0.33063778 0.36230299 0.36208048
v 0.07928474 0.70005864 -0.48020029
v -0.09628242 -0.73884267 0.46554306
v 0.42479733 0.74018866 0.19921471
v -0.16869065 0.72853106 0.45408159
v 0.46742108 -0.43624777 0.14838719
v -0.31434020 0.69948876 -0.37407011
v 0.22758384 -0.17745599 0.43441656
v -0.15667200 -0.73223639 0.45703822
v 0.34133175 0.71365213 0.34991559
v 0.30296323 0.73973006 0.36256820
v 0.25732693 0.74071413 0.37702253
v -0.36878303 -0.71362090 -0.31708872
v -0.03695607 -0.73970550 0.46930191
v 0.41255829 0.45103049 0.26551130
v -0.41604784 -0.74079299 -0.17974237
v -0.30398598 -0.73952138 -0.36355004
v 0.20836796 0.74073207 0.40623665
v -0.24718525 0.74032563 0.39942148
v 0.27477103 0.70005125 0.40167528
v 0.00257859 0.71616626 -0.48789591
v 0.16997206 -0.74067616 -0.34669277
v -0.26497355 0.64325577 0.41284063
v 0.46804988 0.73992598 -0.03695146
v -0.36267811 -0.73981911 0.30316046
v 0.02218190 0.73186201 -0.48004100
v 0.21442500 -0.74070799 -0.40666801
v 0.02254025 0.03697076 -0.48987299
v -0.31939122 -0.71265697 -0.37017503
v 0.44962773 0.74035120 0.14053813
v 0.25810900 -0.73262298 -0.40622300
v -0.37104738 -0.67263687 0.31875479
v 0.41570118 -0.74074411 0.17945279
v -0.33250934 0.14262320 -0.36026827
v 0.22758384 -0.03697079 0.43441656
v -0.48393357 0.71307826 -0.05835504
v -0.22907799 -0.73276699 0.42128500
v -0.35530841 -0.71188891 0.33655214
v 0.47860157 0.36328784 -0.10665847
v -0.37494189 -0.73059154 0.30376083
v -0.38732493 -0.73889583 -0.27522802
v 0.45430025 -0.73988038 0.12679245
v -0.40664315 0.74071670 -0.11707900
v -0.21037914 -0.71720290 -0.44011247
v 0.27230215 -0.74084926 -0.36141488
v -0.41270736 0.46581849 -0.26530173
v -0.10652831 -0.37708536 -0.47871104
v -0.32923830 -0.70051354 0.35896173
v -0.36203748 -0.18484999 0.33094627
v 0.27618173 -0.71357352 0.40062401
v 0.40569863 0.74085808 0.12560795
v -0.40964201 0.73717099 -0.24400100
v -0.40254301 0.72868001 -0.27044499
v -0.26496720 -0.31054720 0.41288275
v -0.46719453 -0.74019289 -0.05174720
v 0.43124512 -0.69998693 0.22657026
v -0.09613366 0.74066889 0.45754430
v -0.43403289 -0.21461445 0.22801043
v 0.31665364 -0.62848771 0.37235168
v -0.33125648 0.74082243 -0.31629404
v 0.33239698 -0.20179120 0.36031961
v 0.16961242 0.73430425 0.44703734
v -0.36696595 0.73764998 -0.30145976
v -0.39612493 -0.73990852 -0.25870106
v 0.39906541 0.71392190 0.28166354
v 0.11895523 -0.71274847 -0.47314009
v -0.14933324 -0.62848496 0.46708843
v -0.29251373 0.72583187 0.38710648
v 0.25187036 -0.72058690 -0.41794211
v -0.41270396 -0.60630602 -0.26531592
v -0.47392532 -0.73669446 -0.06677890
v 0.47907338 0.54715848 -0.10514208
v -0.36616200 -0.73702502 -0.30315199
v 0.04384001 -0.71256298 0.48466554
v -0.47515458 0.66720903 0.11695254
v 0.16858548 -0.74079895 -0.42033041
v 0.34076330 0.71253043 -0.34903064
v -0.33121938 -0.74081933 0.31645212
v 0.43441924 -0.51018459 -0.22762825
v 0.36866918 -0.71336550 0.31747356
v -0.26497507 -0.25878984 0.41288272
v 0.34089532 -0.71719271 0.34889090
v -0.42591590 -0.74020803 0.20041190
v -0.22727934 -0.00739515 -0.43455359
v -0.17249756 0.73996502 0.43930259
v -0.47895509 -0.31794164 0.10546423
v 0.48812515 -0.69724429 -0.00499664
v -0.02224823 -0.12569501 0.48995093
v 0.41290182 -0.71286631 -0.25859547
v -0.46366262 -0.72612852 0.14070259
v 0.47494462 -0.69818795 0.10908671
v -0.02157673 -0.65069032 0.48993498
v 0.30394852 -0.73948014 0.36350298
v -0.48793694 -0.71791887 -0.02820514
v -0.45277408 0.73900759 0.14062625
v -0.26497892 -0.36969900 0.41288263
v 0.44697234 -0.73807198 0.00169738
v 0.23230489 0.71174836 -0.42848739
v -0.25271869 -0.74083412 -0.37285867
v 0.26403281 0.04465066 -0.41337347
v -0.22728258 0.46581849 -0.43457761
v -0.36206764 -0.56194168 0.33095780
v -0.40693521 -0.73106319 0.25661856
v 0.10660296 -0.47321430 0.47869611
v 0.20010664 0.73999912 0.42561570
v -0.10640524 0.17006148 -0.47875378
v 0.41255829 -0.19963799 0.26551130
v -0.29062721 0.73965150 0.37288490
v 0.11092509 0.74036455 -0.45712045
v 0.33063778 -0.53236598 0.36208048
v 0.41255525 0.23660600 0.26553115
v -0.44364393 -0.71170068 -0.20011301
v 0.33064452 -0.30315316 0.36210459
v 0.12492300 -0.73329699 -0.46324900
v 0.22759357 -0.45842648 0.43441793
v 0.28865972 -0.71304792 0.39191836
v 0.48814002 0.71794659 0.00735383
v 0.13360400 -0.27046695 -0.47044319
v -0.15613031 -0.73452783 -0.45207539
v -0.43448552 -0.54715401 0.22760466
v -0.41198558 -0.69706774 -0.26587349
v -0.33379498 0.69905227 0.35512787
v -0.14935042 0.06654465 0.46709248
v 0.34257701 -0.72799999 0.34298900
v -0.33072761 -0.61370069 -0.36204228
v 0.40557101 -0.73189300 -0.25727901
v -0.25769007 0.74070776 -0.38518131
v -0.31270275 -0.74051720 0.34902188
v -0.14935042 -0.37709299 0.46709248
v 0.42173499 0.73330599 -0.22984400
v 0.12536578 -0.73910397 0.45946029
v 0.02161407 -0.65806878 -0.48984748
v -0.10419200 -0.06252481 -0.47912011
v 0.24745943 -0.74066627 0.26937258
v -0.45856577 -0.74064636 0.09613100
v 0.46646622 -0.69740355 0.14880238
v 0.27444282 0.74025941 -0.38254765
v 0.23085408 0.16266599 0.43221453
v -0.48994988 -0.00738927 -0.02183862
v -0.29246259 -0.72545075 0.38751826
v 0.29257002 0.74062526 -0.21837796
v 0.18484899 0.72909403 0.44635001
v -0.46721363 0.16266601 -0.14873794
v 0.06652193 -0.74051875 -0.46648896
v -0.45714051 -0.71720093 -0.16901235
v -0.14935042 0.48060617 0.46709248
v -0.02190667 -0.41406429 0.48999768
v -0.14062887 -0.71329373 -0.46652046
v -0.45347562 0.71313179 -0.17885602
v 0.02263000 0.19963646 -0.48989207
v 0.44533703 0.74054813 -0.05906999
v -0.46724960 -0.27357563 -0.14871785
v 0.34591150 -0.73495036 0.33099478
v -0.47712901 0.73078501 -0.06654560
v -0.30705968 -0.72424990 0.37570447
v -0.28205130 -0.74081439 -0.35707691
v -0.42770317 -0.74091744 0.09793088
v 0.42226654 -0.73948658 -0.21456952
v 0.10649809 -0.03696902 0.47872022
v 0.45480901 -0.73995888 -0.12531295
v 0.10659932 -0.41406259 0.47869688
v -0.45630038 0.74080199 0.06867456
v -0.33072260 -0.31054747 -0.36203596
v 0.37558001 -0.73119903 -0.30102399
v 0.33064452 -0.48060817 0.36210459
v 0.44914389 -0.74077642 -0.09148139
v -0.38676494 0.70023829 -0.29622939
v -0.46721363 0.53975797 -0.14873794
v -0.43630901 -0.73285902 0.20028500
v -0.46721363 0.32533300 -0.14873792
v 0.20903568 -0.55454803 0.44186696
v 0.23532043 0.21442400 0.42919376
v -0.20841289 0.74059933 0.30389240
v -0.41270283 0.39187807 -0.26532051
v 0.33524105 0.73179638 0.34601709
v -0.10420448 -0.17408101 -0.47910485
v 0.41255730 0.55454570 0.26551822
v 0.22759357 0.53236401 0.43441793
v -0.35096562 -0.69703162 -0.33881176
v -0.36199892 -0.35491610 0.33092362
v -0.26498982 0.36969700 0.41288236
v -0.44118541 0.74083805 0.09947023
v -0.22728258 0.60630399 -0.43457761
v 0.47034389 0.73089069 -0.11091494
v -0.33083257 0.47324491 -0.36186710
v -0.10625630 0.54715687 -0.47880384
v 0.42559868 0.71236789 0.23828354
v -0.14935042 0.31793901 0.46709248
v -0.34160730 -0.72059309 0.34695181
v 0.46121651 0.73985726 0.03690187
v 0.46722609 0.15501882 0.14859766
v 0.21722944 0.72997743 0.43279582
v -0.26498982 0.34012100 0.41288236
v -0.47006616 -0.71727061 -0.13120887
v -0.26496720 -0.13309200 0.41288275
v -0.33097658 0.59122789 -0.36157298
v 0.18508942 -0.73876137 -0.43611488
v 0.36182466 0.25878784 -0.33117509
v 0.16225435 0.74082184 -0.41777125
v -0.26497507 -0.52497202 0.41288272
v 0.25850090 0.01478822 -0.41618991
v -0.33071560 -0.54715401 -0.36205223
v -0.22959809 0.74019092 -0.40989733
v 0.14943503 -0.56933767 -0.46704444
v -0.36631161 0.69745284 0.32524583
v 0.00076434 -0.73359090 -0.31741279
v 0.40557101 0.73189098 -0.25727901
v 0.39613599 -0.74072665 0.21804991
v 0.36182466 -0.18484999 -0.33117509
v 0.36075163 0.66888922 -0.33192843
v 0.46791866 0.69258392 0.14465970
v 0.08142316 -0.72675365 0.47861576
v -0.14935040 0.43624282 0.46709248
v 0.26480699 0.20703000 -0.41299671
v -0.27523592 -0.74027580 0.37880084
v 0.44683701 -0.74006701 -0.14048500
v 0.46317101 0.73325700 0.12443900
v 0.15857318 -0.25623000 -0.46310928
v 0.48204982 -0.71209848 0.06860568
v 0.33331603 -0.73992616 -0.33328813
v 0.41255584 -0.24399334 0.26548696
v -0.46759972 0.74008918 0.03695062
v 0.41371483 0.68745875 0.26335856
v -0.47895667 -0.54715389 0.10548778
v -0.16545568 0.74081415 0.41835114
v -0.33073708 0.29575655 -0.36205417
v 0.14944915 -0.08872832 -0.46704984
v 0.47898042 -0.48060822 -0.10545736
v 0.36182594 -0.03697080 -0.33118504
v -0.33072761 0.18484713 -0.36204228
v 0.48950535 0.67332995 0.02281572
v 0.36182466 0.00739295 -0.33117509
v -0.07631905 -0.74077797 -0.44226241
v 0.41255525 -0.53236598 0.26553115
v -0.10632776 0.32533637 -0.47880006
v 0.05175770 0.73120499 0.47780699
v 0.42127201 0.73274201 0.22902299
v -0.21991430 0.74066818 -0.29390019
v -0.36203787 -0.00000131 0.33095181
v -0.42618796 0.74082619 0.14442879
v -0.22763827 -0.21462844 -0.43425336
v 0.03700655 0.74008226 -0.46737483
v -0.16873519 0.69282299 0.45853460
v -0.26498982 -0.48800200 0.41288236
v 0.34953886 -0.59891200 -0.34185532
v -0.31949046 0.10782092 -0.37031662
v 0.18900661 -0.72454590 -0.44711962
v 0.48757935 -0.71881658 0.00736617
v -0.43448597 0.35490897 0.22761372
v -0.27662262 0.74084401 0.35111338
v -0.22725719 0.63588071 -0.43453974
v -0.48011500 -0.73182499 -0.02218190
v 0.26481721 0.34012097 -0.41299823
v 0.48993748 -0.23660216 0.02160403
v 0.46742108 0.36230004 0.14838719
v 0.15068671 -0.61276734 -0.46655160
v 0.48204058 0.71249503 -0.07362489
v -0.47041291 0.73082149 0.11084759
v -0.43448552 0.54715198 0.22760466
v -0.44166583 -0.74074191 -0.11531935
v -0.02260442 0.16266726 0.48989594
v -0.23102102 0.74082702 0.38424727
v -0.41270283 -0.24400105 -0.26532048
v -0.11481170 -0.14049831 -0.47591862
v 0.48998544 -0.32533392 0.02154947
v -0.47154042 -0.70996612 0.12744841
v -0.14935042 0.58412200 0.46709248
v -0.35537457 -0.67165947 0.33665639
v 0.48987800 0.47321191 0.02242609
v 0.44264397 0.07555243 -0.20705149
v 0.10705459 -0.64309651 0.47852969
v 0.26467720 -0.64333135 -0.41302380
v 0.27336955 -0.74016535 0.38214609
v 0.44632393 -0.69753289 -0.19728865
v 0.13611376 0.69982433 0.46826890
v -0.47896382 -0.23660068 0.10542247
v 0.26455468 0.59890997 -0.41308004
v -0.44262058 0.71161962 -0.20229709
v 0.18837056 0.72785419 -0.44570100
v 0.43436709 0.29575691 -0.22762817
v -0.14935042 0.19963600 0.46709248
v 0.46089539 0.73890471 0.01442154
v 0.12184650 0.71359706 -0.47253296
v -0.10340951 0.74048102 -0.40178379
v -0.36796954 -0.74049634 0.28997687
v -0.16318466 0.74060351 -0.34720564
v 0.17003529 0.73729020 -0.44744256
v 0.48988637 0.30315107 0.02230163
v -0.41270047 -0.05175871 -0.26532939
v 0.43042943 0.71085668 -0.23305820
v -0.26496720 -0.10351627 0.41288275
v 0.45804030 -0.71384573 -0.16434358
v 0.10002486 0.72424585 -0.47522542
v 0.20903651 0.61369717 0.44186670
v -0.46725833 -0.73992693 -0.03703080
v -0.27276230 0.74052995 0.38205224
v -0.46721363 -0.49539620 -0.14873794
v 0.29055771 0.73981959 -0.37212813
v 0.36088350 -0.66587710 -0.33159718
v -0.00212199 -0.71591467 0.48820049
v -0.02206466 -0.28097108 0.48997679
v -0.19524899 0.74080479 0.40396574
v 0.30090800 0.73115301 0.37550399
v 0.26469386 -0.24405901 -0.41304451
v 0.02193010 -0.48800471 -0.48999262
v 0.48993233 0.04436187 0.02195343
v -0.13809751 0.74075520 0.44173980
v -0.23450316 -0.70050675 0.42756969
v 0.43440685 0.50278801 -0.22762850
v -0.49003121 -0.45842931 -0.02141609
v 0.02302347 0.59151858 -0.48980433
v -0.10760286 -0.65659720 -0.47821790
v -0.36199889 -0.63587677 0.33092362
v 0.26480699 -0.44363886 -0.41299671
v -0.36205807 -0.39188099 0.33095068
v 0.43440747 -0.31794101 -0.22763495
v 0.22700024 -0.67036861 0.43437660
v -0.33073708 -0.01478950 -0.36205417
v 0.31989413 0.59976929 0.37003303
v -0.32654789 0.74074107 0.32711136
v -0.14935042 -0.26618350 0.46709248
v -0.43448576 -0.45842648 0.22760925
v 0.31954056 -0.40358841 0.37028322
v -0.47902140 0.48061267 0.10524002
v 0.26476598 -0.16266416 -0.41300485
v -0.36206770 0.11830206 0.33094192
v -0.06662280 -0.72792011 -0.47930083
v -0.33070636 -0.14048600 -0.36201543
v 0.33719108 0.45842448 0.35481486
v 0.10659131 -0.52497119 0.47869268
v -0.10656313 -0.61369991 -0.47871408
v -0.46724960 -0.14049169 -0.14871785
v 0.44294408 -0.74050623 0.15904406
v 0.35028565 -0.74001783 0.31513730
v 0.35141245 0.16426897 -0.34026495
v -0.36444646 -0.07729349 0.32792681
v 0.45423099 -0.73729903 -0.14048500
v 0.13469175 0.47315195 -0.47023100
v 0.20997594 0.11830474 0.44150865
v 0.38268206 -0.71270263 -0.30183989
v -0.33072194 -0.36230576 -0.36201802
v -0.14949116 -0.55477011 0.46694568
v -0.46723208 -0.34751698 -0.14872789
v -0.44053659 -0.71486127 0.21119303
v -0.33074394 -0.25879058 -0.36205468
v -0.22252464 -0.74081570 -0.38904926
v 0.14944915 -0.14048600 -0.46704984
v 0.14944915 -0.44363886 -0.46704984
v 0.20887110 0.71717411 -0.43847466
v 0.02201005 -0.36970407 -0.48996681
v 0.46184337 0.73935330 -0.01464106
v 0.47901279 0.10352560 -0.10523381
v 0.36756098 -0.35976928 -0.32353121
v -0.37596846 0.74083930 -0.25726697
v -0.36304772 0.62061554 0.32969052
v 0.42866474 -0.71718729 0.22977529
v 0.25858134 0.55454600 -0.41614148
v -0.41222709 0.67965615 -0.26554519
v 0.41255629 0.12569636 0.26552483
v -0.42062399 0.74077117 0.17810664
v -0.36201712 -0.14788036 0.33094752
v -0.43448597 0.13309002 0.22761372
v 0.39425978 -0.73234320 -0.27313894
v -0.00139308 -0.73573917 0.37710771
v 0.41255629 0.64326483 0.26547903
v 0.10654937 -0.18484923 0.47870770
v 0.33064753 -0.08133449 0.36211583
v 0.49001515 -0.49539629 0.02138640
v -0.41272902 -0.65789109 -0.26514840
v 0.45663455 0.71079636 0.17234708
v -0.42932653 -0.26618347 0.23519886
v -0.47889352 0.60605365 0.10562685
v -0.46724385 0.43624282 -0.14872122
v 0.05173042 0.74029976 0.45985812
v 0.32253680 0.70016664 -0.36463952
v 0.46734795 -0.30315784 0.14837228
v -0.33070636 -0.17745601 -0.36201543
v -0.10656202 -0.56933594 -0.47871432
v -0.48993903 0.24400048 -0.02211255
v 0.02282401 0.35491613 -0.48986158
v -0.22728968 0.37709099 -0.43457887
v -0.22728688 0.19963600 -0.43457836
v -0.33071560 -0.05175871 -0.36205223
v -0.02279739 0.30315357 0.48986894
v -0.43446207 -0.61369979 0.22760768
v 0.23532878 0.42147264 0.42918462
v 0.33063781 0.31793901 0.36208045
v 0.14944914 0.30315116 -0.46704987
v -0.20947325 -0.17006388 -0.44171143
v -0.22727920 0.03696879 -0.43450361
v -0.36203748 -0.03697079 0.33094627
v 0.33102897 -0.58386272 0.36164555
v -0.14935042 -0.08872832 0.46709248
v 0.36753803 -0.57185555 -0.32354271
v -0.33075723 -0.57673001 -0.36205551
v -0.14935042 0.27357548 0.46709248
v 0.47908372 0.41406825 -0.10515256
v 0.41255525 -0.47321412 0.26553115
v 0.02285882 0.44363025 -0.48980793
v 0.48767224 0.71246934 -0.00568042
v 0.48625579 0.71442276 -0.02222280
v -0.44399676 0.71719986 0.20090774
v -0.22983330 0.66964257 -0.43266320
v 0.43440777 0.23660599 -0.22763808
v 0.47333172 -0.71846777 0.11389936
v 0.22759038 -0.31794101 0.43441752
v 0.02053628 -0.71126521 0.48676029
v 0.00226938 0.73651993 -0.39787290
v 0.47035658 -0.54723632 0.13433996
v -0.22728258 0.32533300 -0.43457761
v 0.26476598 -0.51757413 -0.41300485
v 0.14441951 0.69216967 -0.46795970
v -0.48090288 0.66555238 0.08826637
v -0.22763889 -0.12549582 -0.43422186
v -0.02196556 -0.36230478 0.48999032
v 0.13700512 -0.33016279 -0.46979257
v 0.10658797 -0.34751499 0.47869930
v -0.46725804 -0.07393587 -0.14871281
v 0.36183485 0.41406098 -0.33117747
v 0.33064789 0.11830218 0.36208329
v 0.41255584 0.27356684 0.26548696
v -0.22771968 -0.74082196 0.39097103
v 0.37823731 -0.73973066 0.28272989
v -0.14935286 0.62848526 0.46706039
v 0.28836399 0.73974800 0.37174201
v 0.36183587 0.34751499 -0.33118716
v -0.26497507 0.30315116 0.41288272
v 0.14944915 0.17005999 -0.46704984
v -0.41767201 -0.72977799 -0.24400100
v 0.00720527 0.73840076 -0.44725794
v -0.48900360 -0.69184083 -0.02891863
v -0.46724385 0.11091138 -0.14872120
v -0.26498982 0.39927298 0.41288236
v -0.47895700 -0.49539593 0.10548631
v -0.24585837 0.73219538 -0.41446239
v -0.10626421 0.48800391 -0.47882169
v 0.19000185 -0.69887769 -0.44845799
v -0.48992750 0.31794024 -0.02219735
v -0.36205268 0.36969697 0.33093852
v 0.10622789 0.54716009 0.47880417
v 0.41001463 0.69847357 -0.26288810
v -0.26498261 -0.21442564 0.41288257
v 0.22758384 -0.40666899 0.43441656
v 0.36628354 -0.48286578 -0.32527977
v 0.08858896 0.71201891 0.48061156
v 0.10639844 0.13309363 0.47873688
v 0.22758384 0.28096950 0.43441656
v -0.26496720 0.53236401 0.41288275
v 0.43440685 0.53975803 -0.22762850
v -0.36198258 -0.28096610 0.33093798
v -0.03393417 -0.70858866 0.48843527
v 0.43440685 0.59151596 -0.22762850
v 0.10651935 -0.08133280 0.47871456
v -0.36205807 -0.43624482 0.33095068
v 0.46742108 -0.39187804 0.14838719
v -0.14935042 0.53236401 0.46709248
v -0.05172750 0.74050856 -0.46727815
v -0.46721363 -0.61369997 -0.14873792
v -0.22728258 -0.25878984 -0.43457761
v 0.33219299 -0.73305202 0.34696901
v 0.35455558 0.54666084 -0.33752009
v -0.25868151 -0.71259469 -0.41283205
v 0.33920354 0.67177379 0.35252267
v -0.33071560 0.51018202 -0.36205223
v 0.26480699 0.17006001 -0.41299671
v -0.36637422 0.66168272 0.32521531
v 0.42076409 -0.73451775 0.22850108
v -0.36220637 0.49527663 0.33070537
v -0.34921128 -0.73939651 -0.31937206
v -0.22728793 0.26618156 -0.43457854
v -0.36668131 0.53975797 0.32478431
v 0.02188244 -0.54715621 -0.48999697
v 0.47907072 0.60630947 -0.10515376
v 0.48991328 0.11092037 0.02201350
v 0.33066580 -0.23660782 0.36211941
v 0.14376435 0.74042594 -0.36539665
v -0.22727294 0.13309155 -0.43457791
v 0.49002096 -0.62109298 0.02127800
v 0.32848620 0.55059266 0.36383912
v 0.34586683 -0.73528475 -0.33105299
v 0.02228459 -0.15527882 -0.48993245
v 0.41255525 -0.56194198 0.26553115
v -0.45554519 -0.74080133 -0.09298488
v -0.22728258 -0.48060817 -0.43457761
v -0.02301078 0.46582168 0.48984066
v 0.41255680 -0.01478891 0.26552159
v -0.02243051 0.02218682 0.48992312
v 0.43443149 -0.19963858 -0.22763418
v -0.26498261 -0.42145663 0.41288257
v -0.33072758 0.25878850 -0.36204228
v 0.36182466 -0.28836551 -0.33117509
v -0.41270512 0.30315116 -0.26531127
v -0.45329666 0.69964093 0.17764564
v 0.46739256 -0.05175871 0.14840360
v -0.08830743 0.06743466 -0.48086745
v -0.41270396 0.19224200 -0.26531592
v -0.46724385 0.02218398 -0.14872120
v -0.47903973 0.36230499 0.10525098
v 0.13359180 -0.65477622 -0.47044384
v 0.33066192 0.25139418 0.36210322
v 0.46739256 0.45842448 0.14840360
v -0.15499806 0.73104769 -0.45552525
v -0.48985848 0.62108338 -0.02253670
v 0.10648898 0.65776753 0.47859785
v -0.43415159 -0.12549056 0.22797415
v 0.33065718 0.06654464 0.36210743
v -0.03693905 0.74024141 -0.46746090
v 0.41255829 -0.59891200 0.26551130
v 0.26481721 -0.10351623 -0.41299823
v 0.00738316 -0.73896128 -0.46216702
v -0.33071277 -0.09612241 -0.36204052
v 0.16377655 0.54962176 -0.46073946
v -0.36204803 0.19963600 0.33094856
v 0.10644206 0.07394116 0.47873321
v -0.47054535 0.71318263 -0.13240305
v 0.48999798 -0.41406170 0.02145360
v 0.41255680 0.50278801 0.26552159
v 0.22917506 0.67925614 0.43283299
v 0.43429819 -0.55451888 -0.22769533
v -0.44625899 -0.74050540 0.05806059
v -0.36203748 0.08133248 0.33094627
v 0.46722609 0.03671561 0.14859766
v -0.20955254 -0.40380386 -0.44167963
v -0.47896588 0.00739415 0.10539670
v -0.02233838 -0.05175326 0.48993725
v 0.33835313 -0.15228653 0.35352185
v -0.44180778 -0.17006619 0.20936170
v 0.26480699 0.47321212 -0.41299671
v -0.48996317 -0.11091157 -0.02173484
v -0.48992971 0.08873124 -0.02194272
v 0.47899178 -0.16266114 -0.10538165
v 0.46738297 -0.48793343 0.14826146
v -0.02172941 -0.59891379 0.49001426
v -0.00031454 0.72859734 -0.17845680
v 0.32893023 -0.12139516 0.36350521
v 0.02258760 0.08133426 -0.48986700
v 0.33177572 -0.66525406 0.36065605
v 0.22758384 -0.27357751 0.43441656
v 0.47898534 -0.25139251 -0.10540905
v 0.33064476 0.40666246 0.36205378
v 0.46738115 -0.19963333 0.14835659
v -0.33023560 -0.65687394 -0.36221221
v 0.26477805 0.23660211 -0.41300705
v 0.22756726 -0.63588226 0.43441635
v -0.02310024 0.65807045 0.48971605
v -0.47900584 0.11830673 0.10535161
v 0.11594022 -0.68786883 0.47562647
v -0.22728258 -0.57673001 -0.43457761
v 0.41255829 -0.14788000 0.26551130
v 0.14944915 0.08872649 -0.46704984
v -0.29685795 0.69993788 0.38623005
v -0.11926631 0.71260226 0.47316679
v 0.23532043 -0.55454803 0.42919376
v 0.36176342 0.44363225 -0.33115748
v 0.34131363 0.74048692 -0.16424184
v -0.33073708 0.01478750 -0.36205417
v -0.33796015 0.65504789 -0.35394865
v 0.22760533 0.46584931 0.43431768
v 0.14944915 0.12569609 -0.46704984
v 0.29007399 -0.72781014 -0.38744104
v 0.43440685 -0.42145699 -0.22762850
v 0.14944915 -0.03697079 -0.46704984
v 0.47900462 -0.08132924 -0.10535519
v 0.22312827 0.73009324 0.00274843
v -0.46721363 -0.42145678 -0.14873792
v -0.45822310 -0.71304482 0.16401228
v 0.36903051 0.61426961 -0.32150233
v -0.10655173 -0.45103326 -0.47871280
v 0.40390736 0.31793901 0.27586517
v -0.22728968 -0.62848783 -0.43457887
v -0.48990238 0.48060817 -0.02237962
v 0.33066580 0.02957467 0.36211941
v 0.17901906 0.74073517 0.42016000
v -0.33075434 -0.44363895 -0.36203936
v -0.36206764 -0.50279033 0.33095780
v 0.13939866 -0.74048060 0.36839589
v 0.38631597 -0.74065334 0.25326070
v 0.43030584 0.05175489 -0.23363777
v -0.23617071 0.70011294 0.42677236
v -0.14935042 -0.42145699 0.46709248
v -0.14935042 -0.20703201 0.46709248
v 0.46737716 0.56932938 0.14836928
v -0.14935042 0.15527201 0.46709248
v -0.10654309 -0.31054613 -0.47871831
v 0.47906983 0.48061743 -0.10514978
v -0.47902843 0.54715681 0.10521670
v -0.48956117 0.67330003 -0.02297661
v 0.14944917 -0.48060817 -0.46704984
v 0.10653648 -0.13309063 0.47871059
v 0.43136609 0.74074006 -0.14962617
v -0.41270396 -0.29575950 -0.26531592
v 0.41255525 0.40666699 0.26553115
v -0.26497892 -0.60630625 0.41288263
v -0.11725844 0.02216414 -0.47505265
v 0.29578215 0.69981068 -0.38717073
v -0.22728258 0.51018202 -0.43457761
v -0.46665958 0.67201543 -0.14939472
v 0.48998061 -0.15527010 0.02175567
v -0.48081848 -0.65064269 0.08882581
v -0.22729312 -0.29575905 -0.43457943
v -0.32163695 0.66724122 -0.36866659
v -0.02172432 -0.51018578 0.48994288
v 0.33043697 -0.34740797 0.36225879
v -0.36203748 0.24399999 0.33094624
v -0.10636735 0.26618606 -0.47876552
v -0.41270465 -0.48060906 -0.26531315
v 0.41255584 -0.33273765 0.26548696
v -0.48999599 -0.31054842 -0.02152048
v -0.33070967 0.55454600 -0.36202827
v -0.22729312 0.57672793 -0.43457943
v -0.14935042 -0.02957682 0.46709248
v 0.35180628 -0.37651277 -0.33993062
v 0.10631408 0.32533759 0.47876841
v 0.38197082 0.71722180 0.30088627
v -0.10825131 0.65716445 -0.47807181
v -0.13746706 -0.74062634 0.37914136
v -0.34131950 0.74083608 0.29649481
v -0.14935042 -0.32533500 0.46709248
v 0.33063778 0.21442400 0.36208048
v -0.41270733 0.42884898 -0.26530176
v 0.15959421 -0.30649188 -0.46266291
v -0.41270283 0.05175578 -0.26532051
v 0.47898549 -0.33272707 -0.10543341
v 0.47090194 0.63573408 0.13149953
v 0.31828883 -0.69766575 0.37114617
v -0.14995547 -0.67129803 0.46640244
v 0.43440747 -0.06654665 -0.22763495
v 0.28024897 0.74084532 -0.34970263
v -0.48989147 0.55454868 -0.02246113
v -0.41270047 -0.09612230 -0.26532939
v 0.02271660 0.27357748 -0.48987970
v -0.26498982 0.22181800 0.41288236
v 0.36180466 0.05175677 -0.33118030
v 0.26481721 -0.04436478 -0.41299823
v 0.40390736 -0.28836551 0.27586517
v -0.31448194 0.74070472 -0.20374553
v -0.42932448 0.05175671 0.23520984
v -0.41270396 -0.54715401 -0.26531592
v -0.02291698 0.38448471 0.48984915
v 0.41255680 -0.41406322 0.26552159
v 0.19820482 -0.74062300 0.31575146
v -0.28198040 -0.74066955 0.23030475
v 0.41255629 0.08133277 0.26552483
v 0.36182323 -0.07394060 -0.33120260
v -0.41270047 0.51018202 -0.26532939
v -0.36204803 -0.59891200 0.33094856
v -0.36205325 -0.22182031 0.33095497
v -0.46721363 0.22181800 -0.14873794
v 0.46722609 0.24425317 0.14859766
v 0.22753786 0.31054050 0.43438506
v 0.41255650 -0.08133437 0.26552355
v 0.27128363 -0.74068016 -0.24154888
v 0.22758384 -0.12569809 0.43441656
v 0.10625239 0.48800585 0.47879577
v -0.37594759 -0.74083853 -0.25094831
v -0.03695222 -0.74018103 -0.46724308
v -0.29730681 0.71754968 -0.38515419
v -0.48997551 -0.21442816 -0.02163423
v -0.47899002 0.22921278 0.10532516
v 0.42409867 -0.74031436 0.20025288
v 0.10656029 -0.22921330 0.47870541
v 0.26481390 0.12569605 -0.41299775
v -0.24452710 0.73093009 -0.00221419
v 0.48987752 0.55455017 0.02251877
v -0.02310470 0.53976244 0.48982847
v -0.26497507 0.43624282 0.41288272
v -0.43444848 0.63587970 0.22759950
v -0.42932418 -0.03697074 0.23520896
v -0.05813003 0.71237648 0.48401925
v 0.26234344 -0.32680663 -0.41438237
v 0.22758384 0.01478691 0.43441656
v 0.08136129 -0.73903900 0.46703467
v 0.02236057 -0.08132181 -0.48992094
v -0.39956146 -0.71688741 -0.28035000
v 0.22976978 0.74069309 0.28876886
v -0.41309428 0.71350783 0.25814858
v -0.29975140 0.74063975 0.21162936
v -0.36185828 -0.73509461 -0.00273781
v -0.10638809 0.21442562 -0.47875866
v 0.15730010 0.60893273 -0.46367550
v -0.01228823 -0.72356379 -0.03465952
v -0.26498982 0.10351426 0.41288236
v 0.25857887 -0.19964056 -0.41614243
v -0.43439609 -0.31796008 0.22764573
v 0.46739256 -0.10351630 0.14840360
v 0.46741417 0.51757491 0.14839129
v -0.14935042 0.23660600 0.46709248
v -0.10632161 0.37709346 -0.47878119
v 0.28656220 0.74071908 0.23446804
v -0.33108619 0.39161426 -0.36157146
v -0.14935042 0.02218088 0.46709248
v 0.26477805 0.36969310 -0.41300705
v 0.44246265 0.71064299 0.20263678
v 0.47904718 0.22921495 -0.10521280
v -0.47898048 -0.15526854 0.10538275
v 0.08760270 -0.74103093 0.44596851
v 0.36156586 0.21456467 -0.33138269
v -0.43448576 0.48800018 0.22760928
v -0.41270396 -0.41406298 -0.26531592
v 0.11092645 -0.74037188 -0.45650429
v 0.47889251 0.27327284 -0.10553692
v -0.14935042 0.36230299 0.46709248
v 0.43440747 -0.15527400 -0.22763495
v -0.44178969 0.27357548 0.20940545
v 0.02294643 0.64324981 -0.48972705
v -0.49004003 -0.57673323 -0.02131961
v 0.42909697 -0.60630602 -0.23546621
v 0.48986924 0.38448930 0.02233719
v 0.28110728 -0.73215121 0.00226158
v -0.41270396 0.25139382 -0.26531592
v -0.36203876 0.28096950 0.33096766
v 0.10451911 0.72589898 0.00408732
v -0.00236303 0.73649323 0.39803982
v -0.33072194 -0.40666822 -0.36201802
v -0.26498261 -0.56933635 0.41288257
v -0.25196642 -0.73119575 -0.00181272
v 0.47853136 -0.64034128 -0.10717827
v -0.11091982 0.74066448 -0.45628500
v -0.46721363 0.58412200 -0.14873794
v 0.33063778 0.17005999 0.36208048
v 0.00110298 -0.72697753 0.13424434
f 1021 1066 398
f 557 1021 1350
f 557 1350 660
f 1373 660 693
f 1373 557 660
f 1373 693 1531
f 882 1531 305
f 882 1373 1531
f 882 1710 1373
f 1710 557 1373
f 557 1066 1021
f 557 1047 1066
f 825 557 1710
f 825 1047 557
f 825 1253 1047
f 825 1737 1253
f 1985 1737 825
f 1985 31 1737
f 1235 31 1985
f 1235 1576 31
f 1589 1576 1235
f 1589 1844 1576
f 91 1844 1589
f 91 1622 1844
f 1887 1622 91
f 1887 1431 1622
f 1937 1431 1887
f 1937 193 1431
f 1611 193 1937
f 1808 1611 1937
f 1808 1697 1611
f 1418 1697 1808
f 1418 242 1697
f 1073 1086 1708
f 1260 995 1343
f 1260 1086 995
f 1260 1708 1086
f 1086 1953 995
f 1343 995 1320
f 1953 1064 1320
f 1953 1320 995
f 1934 1343 1320
f 1934 1260 1343
f 760 1064 369
f 1320 1064 760
f 1117 760 282
f 1117 1320 760
f 1117 1934 1320
f 1352 763 762
f 1352 369 763
f 282 1352 762
f 282 369 1352
f 282 760 369
f 1292 600 763
f 1292 763 369
f 1473 941 459
f 1473 459 799
f 1206 941 519
f 795 941 1206
f 795 459 941
f 799 459 795
f 1424 751 519
f 1424 519 941
f 1539 799 795
f 1160 751 366
f 1160 519 751
f 519 1160 1206
f 1391 587 366
f 1391 366 751
f 1295 366 1177
f 1295 1160 366
f 853 1160 1295
f 853 1206 1160
f 853 795 1206
f 1539 795 853
f 1177 695 1119
f 1177 587 695
f 1177 366 587
f 1073 1708 1119
f 695 1073 1119
f 854 1119 913
f 854 1177 1119
f 1295 1177 854
f 913 1708 1260
f 913 1119 1708
f 133 853 1295
f 1934 913 1260
f 854 913 1934
f 133 1295 854
f 261 854 1934
f 133 854 261
f 398 711 1762
f 398 1066 711
f 731 398 1762
f 731 1021 398
f 1350 1021 731
f 1334 660 1350
f 1574 660 1334
f 1574 693 660
f 936 693 1574
f 936 1531 693
f 1194 1531 936
f 1194 305 1531
f 1066 799 711
f 1066 1473 799
f 1539 711 799
f 1762 711 1539
f 1334 1350 731
f 1255 1762 1539
f 1255 731 1762
f 1334 731 1255
f 1334 936 1574
f 936 1334 1255
f 1255 1539 853
f 1957 936 1255
f 1957 1194 936
f 133 1255 853
f 1957 1255 133
f 1073 1400 1086
f 1648 1400 1073
f 1400 1953 1086
f 134 1064 1953
f 1400 134 1953
f 1648 134 1400
f 134 1292 369
f 134 369 1064
f 1349 134 1648
f 1349 1404 134
f 1292 1458 600
f 134 1458 1292
f 134 1821 1458
f 1404 1821 134
f 377 1424 941
f 1047 941 1473
f 1047 377 941
f 1253 377 1047
f 377 751 1424
f 377 1391 751
f 1253 1391 377
f 1391 695 587
f 1391 1073 695
f 1391 1648 1073
f 1253 1648 1391
f 1737 1648 1253
f 1737 1349 1648
f 1047 1473 1066
f 1917 1674 1349
f 1885 130 1917
f 1674 1404 1349
f 1917 1481 1674
f 130 1481 1917
f 1885 1093 130
f 31 1349 1737
f 31 1917 1349
f 1576 1917 31
f 1576 1885 1917
f 1885 1853 1093
f 1978 1853 1885
f 1278 1993 1978
f 1278 1620 1993
f 1978 1993 1853
f 1844 1885 1576
f 1844 1978 1885
f 1622 1978 1844
f 1622 1278 1978
f 1870 1442 1278
f 1542 1624 1870
f 1278 1442 1620
f 1624 1442 1870
f 1622 1870 1278
f 1431 1870 1622
f 1431 1542 1870
f 1542 55 1624
f 1213 55 1542
f 156 55 1213
f 156 1656 55
f 104 1656 156
f 104 1607 1656
f 193 1542 1431
f 193 1213 1542
f 193 156 1213
f 1611 156 193
f 1611 104 156
f 72 1597 1568
f 1909 1607 104
f 1909 1790 1607
f 1568 1790 1909
f 1568 1662 1790
f 1597 1662 1568
f 1611 1909 104
f 1697 1909 1611
f 1697 1568 1909
f 242 1568 1697
f 242 72 1568
f 1308 953 1173
f 735 1308 1173
f 1296 953 892
f 1296 1173 953
f 1173 1296 1246
f 510 1170 953
f 1308 510 953
f 1435 1296 892
f 892 953 1170
f 1435 892 778
f 778 1170 1112
f 778 892 1170
f 1170 961 1112
f 1378 778 907
f 1378 1435 778
f 907 1112 1195
f 1112 907 778
f 1741 1221 1195
f 961 1195 1112
f 961 1741 1195
f 1179 1195 1221
f 1195 1179 907
f 1117 282 762
f 1748 877 692
f 1748 600 877
f 1748 763 600
f 763 1748 762
f 538 620 877
f 600 538 877
f 874 1748 692
f 874 762 1748
f 1117 762 874
f 692 620 1063
f 692 877 620
f 735 1173 1063
f 538 1063 620
f 538 735 1063
f 1055 1063 1246
f 1055 692 1063
f 1055 874 692
f 1246 1063 1173
f 1204 1117 874
f 1435 1246 1296
f 1055 1246 1435
f 1204 874 1055
f 1192 1204 1055
f 1192 1055 1435
f 1192 1435 1378
f 261 1934 1117
f 1204 261 1117
f 1995 1957 133
f 1995 133 261
f 1821 1308 735
f 1308 577 510
f 1821 577 1308
f 577 1170 510
f 577 961 1170
f 1404 577 1821
f 1404 1849 577
f 1404 1827 1849
f 577 1741 961
f 577 77 1741
f 1849 77 577
f 1741 1110 1221
f 1741 77 1110
f 1458 538 600
f 1458 735 538
f 1821 735 1458
f 1674 1827 1404
f 1481 1827 1674
f 1481 231 1827
f 130 231 1481
f 130 1763 231
f 1093 1763 130
f 1853 1763 1093
f 1853 1078 1763
f 151 1078 1853
f 1993 151 1853
f 1620 151 1993
f 1620 1124 151
f 1442 1124 1620
f 1442 756 1124
f 1442 1879 756
f 1624 1738 1879
f 1624 1879 1442
f 55 1738 1624
f 55 1520 1738
f 27 1520 55
f 1656 27 55
f 1607 27 1656
f 1607 1693 27
f 1790 1693 1607
f 1790 61 1693
f 1662 1010 61
f 1662 61 1790
f 1597 1010 1662
f 1597 1363 1010
f 1625 907 1179
f 1625 1378 907
f 1179 1221 676
f 1221 1110 676
f 521 1179 676
f 1625 1179 521
f 676 990 521
f 1110 990 676
f 1110 1323 990
f 990 772 521
f 1323 1161 772
f 1323 772 990
f 245 521 772
f 245 772 1161
f 1036 521 245
f 1251 521 1036
f 1251 1625 521
f 183 1625 1251
f 926 245 1161
f 245 926 1036
f 1161 1188 926
f 1036 926 1398
f 1188 1398 926
f 1188 531 1398
f 1084 1398 998
f 1084 1036 1398
f 1251 1036 1084
f 998 1398 531
f 531 1427 998
f 1084 998 1120
f 1427 1120 998
f 1427 512 1120
f 183 1378 1625
f 183 1192 1378
f 192 1995 1204
f 192 1204 1192
f 192 1192 232
f 232 1192 102
f 1995 261 1204
f 1110 1071 1323
f 77 1071 1110
f 1071 1161 1323
f 1071 1188 1161
f 1849 1071 77
f 1849 1591 1188
f 1849 1188 1071
f 1849 1610 1591
f 1827 1610 1849
f 1188 1427 531
f 1188 19 1427
f 1591 19 1188
f 1427 19 512
f 1827 1657 1610
f 231 1657 1827
f 231 869 1657
f 1763 869 231
f 1763 1847 869
f 151 1802 1078
f 1124 1802 151
f 1078 1847 1763
f 1802 1847 1078
f 1802 1326 1847
f 1124 1326 1802
f 756 1326 1124
f 756 1863 1326
f 1879 1863 756
f 1738 1863 1879
f 1738 49 1863
f 27 1668 1520
f 1693 1668 27
f 1520 49 1738
f 1520 716 49
f 1668 716 1520
f 1668 1455 716
f 1668 1543 1455
f 54 1543 1668
f 1693 54 1668
f 61 54 1693
f 1010 54 61
f 1010 1412 54
f 1010 166 1412
f 1363 166 1010
f 1363 1873 166
f 512 691 1197
f 512 713 691
f 713 1189 691
f 713 1606 1189
f 1606 1171 595
f 1171 502 595
f 1171 747 502
f 747 1096 502
f 1084 1120 414
f 1120 1197 414
f 512 1197 1120
f 1512 1084 414
f 1251 1084 1512
f 1197 691 414
f 1512 414 1189
f 691 1189 414
f 1512 1189 636
f 636 1189 1606
f 396 1512 636
f 396 1606 595
f 396 636 1606
f 682 1251 1512
f 1935 1512 396
f 1935 396 595
f 1015 595 502
f 1015 1935 595
f 415 1935 1015
f 682 1935 415
f 682 1512 1935
f 415 502 1096
f 415 1015 502
f 102 1251 1485
f 102 183 1251
f 1485 1251 682
f 102 1192 183
f 1960 192 232
f 19 713 512
f 19 1159 713
f 1591 1159 19
f 1159 1606 713
f 1159 1171 1606
f 1610 1159 1591
f 1610 1411 1159
f 1610 4 1411
f 1159 747 1171
f 1159 1411 747
f 1657 4 1610
f 1657 1751 4
f 869 1751 1657
f 869 1584 1751
f 1847 1584 869
f 1847 158 1584
f 1326 158 1847
f 1326 1629 158
f 1863 1629 1326
f 1863 113 1629
f 1863 85 113
f 49 85 1863
f 49 60 85
f 1543 63 1455
f 716 60 49
f 1455 60 716
f 1455 1760 60
f 63 1760 1455
f 54 63 1543
f 1412 63 54
f 1412 1952 63
f 166 1952 1412
f 166 73 1952
f 94 73 166
f 63 1952 1760
f 568 305 893
f 568 882 305
f 568 893 739
f 390 739 720
f 390 568 739
f 390 720 445
f 464 390 445
f 1228 1174 1058
f 332 1228 1058
f 568 1710 882
f 1228 464 1174
f 1228 390 464
f 1878 390 1228
f 1113 1878 1228
f 825 1710 568
f 1878 568 390
f 1878 825 568
f 1121 1878 1113
f 1121 825 1878
f 1121 1985 825
f 1545 1228 332
f 1113 1228 1545
f 1503 1985 1121
f 1503 1235 1985
f 1713 1235 1503
f 1713 1589 1235
f 106 1589 1713
f 106 91 1589
f 107 91 106
f 1365 91 107
f 1365 1887 91
f 1555 1887 1365
f 1555 1937 1887
f 1974 1937 1555
f 1974 1808 1937
f 238 1808 1974
f 262 1808 238
f 262 1418 1808
f 1803 1418 262
f 528 305 1194
f 528 893 305
f 834 893 528
f 834 739 893
f 768 739 834
f 768 720 739
f 708 720 768
f 708 445 720
f 803 445 708
f 803 464 445
f 1056 464 803
f 1056 1174 464
f 1058 1056 1414
f 1058 1174 1056
f 332 1414 808
f 332 1058 1414
f 1799 708 768
f 1799 803 708
f 1056 803 1799
f 1799 768 834
f 1436 1056 1799
f 1436 1414 1056
f 1436 808 1414
f 1957 528 1194
f 1957 834 528
f 1799 834 1957
f 1436 1799 1957
f 33 1436 1957
f 1218 808 1146
f 1218 332 808
f 1545 332 1218
f 1369 1545 1218
f 1845 1369 122
f 507 1146 808
f 507 1218 1146
f 328 1218 507
f 328 1369 1218
f 122 328 511
f 122 1369 328
f 312 122 511
f 1845 122 312
f 684 1845 312
f 644 808 1436
f 644 507 808
f 644 328 507
f 511 328 644
f 1209 312 511
f 1172 312 1209
f 1172 684 312
f 1448 1172 1362
f 1448 684 1172
f 1623 684 1448
f 1623 1448 1279
f 1039 1623 1279
f 776 1448 1362
f 776 1279 1448
f 904 1279 776
f 1039 1279 904
f 1209 511 644
f 1027 1362 1172
f 1027 776 1362
f 904 776 1027
f 33 644 1436
f 33 1209 644
f 1027 1209 33
f 1027 1172 1209
f 1041 904 1027
f 236 1027 33
f 623 1041 1027
f 1039 904 451
f 537 451 1382
f 537 1039 451
f 451 904 1032
f 1382 451 1032
f 851 537 1382
f 1041 1032 904
f 1083 1032 1041
f 1083 1382 1032
f 592 1083 715
f 592 1382 1083
f 592 851 1382
f 409 851 592
f 623 1083 1041
f 715 1083 623
f 1074 715 1564
f 1074 592 715
f 1074 409 592
f 1319 1074 1564
f 1319 409 1074
f 789 409 1319
f 522 789 1319
f 786 715 623
f 1564 715 786
f 1304 1319 1564
f 549 1304 1050
f 549 1319 1304
f 522 1319 549
f 1317 522 549
f 1845 1545 1369
f 1845 1113 1545
f 1252 1845 684
f 1252 1113 1845
f 78 1113 1252
f 1664 1113 78
f 1664 1121 1113
f 1252 684 1623
f 1039 1252 1623
f 78 1252 1039
f 78 1039 537
f 382 537 851
f 382 78 537
f 382 851 409
f 789 382 409
f 1311 78 382
f 1592 78 1311
f 1592 1664 78
f 1925 1664 1592
f 1311 382 789
f 1311 789 522
f 1547 522 1317
f 1547 1311 522
f 1592 1311 1547
f 47 1121 1664
f 47 1503 1121
f 1399 1503 47
f 230 1503 1399
f 230 1713 1503
f 1601 1713 230
f 47 1664 1925
f 1381 47 1925
f 1381 1399 47
f 884 1399 1381
f 884 230 1399
f 1854 230 884
f 35 230 1854
f 35 1601 230
f 1601 106 1713
f 977 106 1601
f 977 107 106
f 136 107 977
f 1733 1601 35
f 1733 977 1601
f 1594 977 1733
f 1594 136 977
f 1459 136 1594
f 24 1555 1365
f 136 1365 107
f 1963 1365 136
f 24 1365 1963
f 1650 24 1963
f 1257 136 1459
f 1257 1963 136
f 1257 1650 1963
f 1729 1650 1257
f 483 1650 1729
f 217 1257 1459
f 1729 1257 217
f 1806 1974 1555
f 1806 1555 24
f 1337 1806 24
f 1337 24 1650
f 109 1806 1337
f 1784 1806 109
f 1926 1337 1650
f 1926 1650 483
f 1328 1337 1926
f 1328 109 1337
f 1640 109 1328
f 92 109 1640
f 92 1784 109
f 238 1974 1806
f 196 262 238
f 196 1803 262
f 1784 238 1806
f 219 238 1784
f 196 238 219
f 1947 196 219
f 931 196 1947
f 1615 1784 92
f 1615 219 1784
f 1615 1947 219
f 1670 1947 1615
f 1518 1947 1670
f 97 1615 92
f 33 1957 1995
f 236 33 1995
f 623 1027 236
f 732 1564 786
f 732 1304 1564
f 646 1304 732
f 646 1050 1304
f 646 549 1050
f 1216 549 646
f 1317 549 1216
f 1468 1317 1216
f 786 623 236
f 1357 646 732
f 389 646 1357
f 389 1216 646
f 802 1216 389
f 802 1468 1216
f 1921 786 236
f 1357 732 786
f 826 389 1357
f 1407 389 826
f 1407 802 389
f 1357 786 1921
f 1106 1357 1921
f 826 1357 1106
f 1024 1407 826
f 1024 826 1106
f 900 1024 1106
f 969 1024 900
f 781 1468 802
f 1167 802 1407
f 1167 781 802
f 1434 781 1167
f 847 1167 1407
f 1434 1167 847
f 1024 847 1407
f 1095 847 1024
f 1095 1434 847
f 1419 1434 1095
f 1494 1095 1024
f 412 1095 1494
f 412 1419 1095
f 894 1419 412
f 894 412 942
f 969 1494 1024
f 105 1494 969
f 105 412 1494
f 942 412 105
f 784 894 942
f 784 942 765
f 807 105 969
f 923 105 807
f 923 942 105
f 765 942 923
f 1327 1317 1468
f 1327 1547 1317
f 1327 1468 781
f 1265 781 1434
f 1265 1327 781
f 1265 1547 1327
f 909 1547 1265
f 909 1592 1547
f 1872 1592 909
f 1872 1925 1592
f 1265 1434 1419
f 909 1265 1162
f 894 1265 1419
f 564 1265 894
f 1162 1265 564
f 564 894 784
f 1587 784 765
f 1587 564 784
f 1162 564 1587
f 1994 1381 1925
f 1854 884 1479
f 1523 35 1854
f 1994 1925 1872
f 1479 1381 1994
f 1479 884 1381
f 1523 1854 1479
f 949 35 1523
f 949 1733 35
f 1768 1594 1733
f 1375 1459 1594
f 1768 1733 949
f 1375 1594 1768
f 217 1459 1375
f 1360 483 1729
f 1333 217 1375
f 1360 217 1333
f 1360 1729 217
f 97 92 1640
f 1721 1328 1926
f 1640 1328 62
f 1721 483 1360
f 1721 1926 483
f 62 1328 1721
f 1474 1640 62
f 1474 97 1640
f 1670 1615 97
f 1267 1670 97
f 1518 1670 1002
f 1570 97 1474
f 1267 97 1570
f 1002 1670 1267
f 1921 236 1995
f 192 1921 1995
f 1106 1921 192
f 2000 1106 192
f 13 1106 2000
f 900 1106 13
f 185 969 900
f 1701 807 969
f 576 807 1701
f 576 923 807
f 1316 923 576
f 1316 765 923
f 766 765 1316
f 766 1316 558
f 1701 969 185
f 1142 576 1701
f 1141 576 1142
f 1141 1316 576
f 558 1316 1141
f 1142 1701 185
f 842 1141 1142
f 1028 1141 842
f 1028 558 1141
f 850 558 1028
f 850 1028 759
f 779 1028 842
f 759 1028 779
f 1895 1142 185
f 811 1142 1895
f 811 842 1142
f 811 779 842
f 677 779 811
f 677 759 779
f 955 759 677
f 955 677 1288
f 774 677 811
f 1288 677 774
f 1111 955 1288
f 774 811 1895
f 1144 1288 774
f 1111 1288 1144
f 1270 774 1895
f 1080 774 1270
f 1080 1144 774
f 648 1144 1080
f 648 1111 1144
f 1587 765 766
f 527 766 558
f 527 1587 766
f 527 1162 1587
f 909 1162 527
f 527 558 850
f 1346 909 527
f 1346 1872 909
f 1158 1872 1346
f 527 850 759
f 1346 527 1905
f 955 527 759
f 1905 527 955
f 1905 955 1111
f 740 1111 648
f 740 1905 1111
f 1158 1994 1872
f 1621 1994 1158
f 26 1994 1621
f 26 1479 1994
f 26 1523 1479
f 248 26 1621
f 207 26 248
f 207 1523 26
f 207 949 1523
f 1859 949 207
f 1859 1768 949
f 1408 1768 1859
f 1408 1375 1768
f 1897 1375 1408
f 1897 1333 1375
f 1600 1333 1897
f 1600 1360 1333
f 1860 1360 1600
f 1860 1721 1360
f 1860 62 1721
f 210 62 1860
f 210 1474 62
f 1672 1474 210
f 1672 1570 1474
f 1672 1267 1570
f 1890 1267 1672
f 1890 1002 1267
f 2000 192 115
f 115 192 1960
f 185 900 13
f 135 185 13
f 135 1895 185
f 1643 1895 135
f 970 1080 1270
f 945 1080 970
f 648 1080 945
f 1282 970 1270
f 1282 945 970
f 836 1282 1270
f 901 836 1270
f 1270 1895 1643
f 890 1270 1643
f 890 901 1270
f 1293 890 813
f 813 890 1643
f 345 813 1643
f 648 945 1070
f 1070 945 1282
f 836 1070 1282
f 831 1070 836
f 425 836 901
f 831 836 425
f 469 901 890
f 469 425 901
f 469 831 425
f 963 890 1293
f 963 469 890
f 1730 469 963
f 793 1293 813
f 793 963 1293
f 793 1730 963
f 319 813 345
f 319 793 813
f 1579 793 319
f 1579 1730 793
f 1346 1905 740
f 740 648 1070
f 831 740 1070
f 1371 1346 740
f 1812 1346 1371
f 1812 1158 1346
f 1371 740 831
f 1730 831 469
f 1371 831 1730
f 1371 1730 1579
f 234 1158 1812
f 234 1621 1158
f 248 1621 234
f 1881 248 234
f 680 248 1881
f 680 207 248
f 1426 207 680
f 1426 1859 207
f 1426 1408 1859
f 1694 1408 1426
f 1694 1897 1408
f 153 1897 1694
f 1580 1897 153
f 1580 1600 1897
f 228 1600 1580
f 228 1860 1600
f 40 1860 228
f 40 210 1860
f 1367 210 40
f 1367 1672 210
f 1804 1672 1367
f 1804 1890 1672
f 1766 1890 1804
f 1418 1776 242
f 1809 1776 1418
f 1809 29 1776
f 1809 1711 29
f 41 1422 1711
f 41 1711 1809
f 41 1927 1422
f 1658 1927 41
f 1658 157 1927
f 1717 157 1658
f 1717 1449 157
f 637 1449 1717
f 637 82 1449
f 637 1652 82
f 1850 1652 637
f 1850 53 1652
f 1908 53 1850
f 1908 1447 53
f 1908 1998 1447
f 859 801 1866
f 1044 859 1866
f 1782 1998 1908
f 1782 1126 1998
f 806 1126 1782
f 806 1876 1126
f 1866 806 1782
f 1315 806 1866
f 801 1315 1866
f 284 346 806
f 1315 284 806
f 1433 284 1315
f 664 1433 1315
f 758 1315 801
f 758 664 1315
f 1098 801 859
f 1098 758 801
f 964 859 1044
f 964 1098 859
f 1901 1835 72
f 184 194 1901
f 72 1835 1597
f 1901 44 1835
f 194 44 1901
f 1776 72 242
f 1776 1901 72
f 29 1901 1776
f 29 184 1901
f 1711 184 29
f 147 194 184
f 147 1313 194
f 1775 1313 147
f 1775 1509 1313
f 1989 209 1775
f 209 1509 1775
f 1711 147 184
f 1422 147 1711
f 1422 1775 147
f 1927 1775 1422
f 1927 1989 1775
f 1771 1769 1989
f 1771 1505 1769
f 1212 589 1771
f 1989 1769 209
f 589 1505 1771
f 1212 405 589
f 157 1989 1927
f 157 1771 1989
f 1449 1771 157
f 1449 1212 1771
f 1453 405 1212
f 1899 841 1453
f 1325 841 1899
f 1453 1969 405
f 841 1969 1453
f 82 1212 1449
f 82 1453 1212
f 1652 1453 82
f 1652 1899 1453
f 1652 1325 1899
f 53 1325 1652
f 1325 1464 841
f 1924 1464 1325
f 1924 1743 1464
f 1091 1743 1924
f 1091 1888 1743
f 742 1888 1091
f 742 1475 1888
f 53 1924 1325
f 1447 1924 53
f 1447 1091 1924
f 1998 1091 1447
f 1998 742 1091
f 1094 1241 1637
f 1241 492 1637
f 1637 1446 30
f 492 1446 1637
f 1156 12 742
f 30 12 1156
f 30 1836 12
f 1446 1836 30
f 12 1475 742
f 1446 1085 1836
f 927 1085 1446
f 534 1428 1876
f 1794 534 1876
f 1428 1557 1876
f 1998 1156 742
f 1126 1156 1998
f 1126 30 1156
f 1557 30 1126
f 1557 1094 30
f 1876 1557 1126
f 1094 1637 30
f 806 1794 1876
f 1134 1241 1094
f 485 492 1241
f 485 1332 492
f 1134 485 1241
f 1134 1331 485
f 75 485 1331
f 492 361 1446
f 174 361 492
f 1332 174 492
f 485 174 1332
f 485 959 174
f 959 878 174
f 75 959 485
f 75 588 959
f 472 927 1446
f 361 472 1446
f 361 647 472
f 174 647 361
f 174 878 647
f 959 1633 878
f 588 1633 959
f 927 580 1085
f 810 580 927
f 472 810 927
f 472 1342 810
f 647 1342 472
f 653 810 1342
f 828 653 1342
f 647 828 1342
f 878 828 647
f 1633 828 878
f 285 534 1794
f 888 285 1794
f 434 1557 1428
f 1109 434 1428
f 534 1109 1428
f 534 489 1109
f 285 489 534
f 888 876 285
f 489 586 1109
f 518 489 285
f 876 518 285
f 733 1094 1557
f 733 559 1094
f 750 733 1557
f 434 750 1557
f 1109 586 434
f 608 750 434
f 608 954 750
f 586 608 434
f 518 586 489
f 559 1134 1094
f 593 1134 559
f 733 593 559
f 733 710 593
f 750 710 733
f 750 954 710
f 710 427 593
f 593 1331 1134
f 593 427 1331
f 427 75 1331
f 710 335 427
f 954 335 710
f 608 335 954
f 518 608 586
f 518 1322 608
f 427 588 75
f 427 1276 588
f 335 1276 427
f 608 23 335
f 1322 23 608
f 1276 1633 588
f 335 23 1276
f 346 1794 806
f 346 627 1794
f 627 888 1794
f 346 493 627
f 284 493 346
f 284 394 493
f 1433 394 284
f 1433 985 394
f 664 985 1433
f 664 1097 985
f 758 1097 664
f 758 1059 1097
f 1098 1059 758
f 964 1059 1098
f 964 777 1059
f 539 888 627
f 539 876 888
f 493 539 627
f 394 539 493
f 394 992 539
f 985 992 394
f 1097 992 985
f 777 413 1059
f 539 518 876
f 1059 992 1097
f 1059 413 992
f 539 1322 518
f 992 1322 539
f 992 413 1322
f 413 98 1322
f 194 1525 44
f 1835 1363 1597
f 1835 1669 1363
f 44 1669 1835
f 1525 1669 44
f 1525 341 1669
f 1525 1756 341
f 1313 1756 1525
f 1509 1756 1313
f 1509 1661 1756
f 209 1661 1509
f 1313 1525 194
f 1769 1661 209
f 1769 1749 1661
f 1505 1749 1769
f 1505 1689 1749
f 589 1689 1505
f 405 1689 589
f 841 67 1969
f 1464 67 841
f 405 1660 1689
f 1969 1660 405
f 1969 67 1660
f 67 259 1660
f 1380 259 67
f 1464 1380 67
f 1743 1380 1464
f 1743 1875 1380
f 253 1875 1743
f 1888 253 1743
f 1889 253 1888
f 1475 1889 1888
f 1475 875 1889
f 12 875 1475
f 1836 875 12
f 1836 1880 875
f 1033 1286 1880
f 1286 641 1880
f 1936 641 1286
f 875 1462 1889
f 641 1530 875
f 1880 641 875
f 875 1530 1462
f 641 1682 1530
f 641 657 1682
f 657 681 1682
f 1085 1033 1836
f 1033 1880 1836
f 344 1286 1033
f 344 1031 1286
f 344 670 1031
f 1031 1936 1286
f 1031 707 1936
f 670 707 1031
f 670 1244 707
f 1244 634 707
f 707 1087 1936
f 634 1087 707
f 1936 1269 641
f 1087 1269 1936
f 1087 1054 1269
f 634 1054 1087
f 634 1155 1054
f 1269 657 641
f 625 1714 657
f 1269 625 657
f 1054 625 1269
f 1406 988 625
f 1054 1406 625
f 1155 1406 1054
f 1714 681 657
f 988 1714 625
f 580 1033 1085
f 580 431 1033
f 686 431 580
f 810 686 580
f 810 611 686
f 611 1154 686
f 653 611 810
f 653 629 611
f 828 629 653
f 431 344 1033
f 871 344 431
f 686 871 431
f 686 1154 871
f 1154 661 871
f 611 1339 1154
f 629 1339 611
f 1633 629 828
f 871 670 344
f 871 661 670
f 1154 1122 661
f 1339 1122 1154
f 1633 251 629
f 1915 251 1633
f 661 1244 670
f 661 935 1244
f 1122 935 661
f 629 251 1339
f 935 634 1244
f 1339 251 1122
f 935 1155 634
f 935 1517 1155
f 1122 1517 935
f 251 1517 1122
f 1276 1915 1633
f 23 1915 1276
f 1322 98 23
f 98 1942 23
f 1942 1915 23
f 1669 1873 1363
f 1669 168 1873
f 341 168 1669
f 1756 168 341
f 1756 165 168
f 1756 144 165
f 1756 1385 144
f 1661 1385 1756
f 1661 1958 1385
f 1749 1958 1661
f 1749 1884 1958
f 1689 1884 1749
f 1689 1514 1884
f 1660 1514 1689
f 1660 1967 1514
f 259 1967 1660
f 259 142 1967
f 1380 142 259
f 1380 1715 142
f 1875 1715 1380
f 1875 1465 1715
f 253 1465 1875
f 1889 1465 253
f 1889 310 1465
f 681 1239 1682
f 1682 753 1530
f 1239 753 1682
f 1462 310 1889
f 1530 310 1462
f 753 310 1530
f 753 1894 310
f 753 755 1894
f 428 755 753
f 755 867 1894
f 1714 1256 681
f 1714 1482 1256
f 988 1482 1714
f 988 662 1482
f 1406 662 988
f 681 302 1239
f 1256 302 681
f 1256 972 302
f 1256 533 972
f 1482 533 1256
f 1482 976 533
f 662 976 1482
f 972 399 302
f 533 1018 972
f 976 1018 533
f 662 1565 976
f 302 753 1239
f 302 399 753
f 972 687 399
f 1018 687 972
f 1018 367 687
f 976 367 1018
f 399 428 753
f 399 324 428
f 687 324 399
f 687 1130 324
f 1130 697 324
f 367 1130 687
f 1565 367 976
f 324 1781 428
f 697 1781 324
f 367 697 1130
f 1781 755 428
f 1781 773 755
f 697 773 1781
f 697 509 773
f 367 509 697
f 367 1563 509
f 1565 1563 367
f 773 1175 755
f 509 1175 773
f 1155 662 1406
f 1517 662 1155
f 1517 1565 662
f 1915 1942 251
f 1942 241 251
f 251 1813 1517
f 241 1813 251
f 1873 94 166
f 168 94 1873
f 168 1774 94
f 165 1774 168
f 165 58 1774
f 94 1307 73
f 1774 1307 94
f 1774 1815 1307
f 58 1815 1774
f 144 58 165
f 1385 58 144
f 1385 1429 58
f 1958 1429 1385
f 1884 1429 1958
f 1884 1910 1429
f 1514 1910 1884
f 1514 1659 1910
f 1967 1659 1514
f 142 1659 1967
f 142 1678 1659
f 1715 1678 142
f 1465 252 1715
f 1465 1590 252
f 310 1590 1465
f 252 1678 1715
f 867 833 1894
f 1894 833 310
f 310 1984 1590
f 833 1984 310
f 1193 1984 833
f 1193 301 1984
f 301 363 1984
f 301 1300 363
f 755 1211 867
f 1211 769 867
f 769 833 867
f 769 1068 833
f 1068 626 833
f 626 1193 833
f 626 490 1193
f 490 352 1193
f 352 301 1193
f 352 624 301
f 624 1300 301
f 624 350 1300
f 1175 1211 755
f 1175 1997 1211
f 509 1997 1175
f 509 1563 1997
f 1211 548 769
f 1997 548 1211
f 1997 915 548
f 1563 915 1997
f 548 1068 769
f 548 905 1068
f 915 905 548
f 905 626 1068
f 905 601 626
f 915 601 905
f 1563 601 915
f 601 490 626
f 601 1736 490
f 1563 1736 601
f 1736 352 490
f 1736 1786 352
f 1563 1786 1736
f 1563 1687 1786
f 160 1687 1563
f 1786 624 352
f 1786 827 624
f 1786 1687 1060
f 827 1786 1060
f 827 350 624
f 827 1060 350
f 1687 1709 1060
f 1517 50 1565
f 1565 160 1563
f 1565 50 160
f 1517 1813 50
f 241 204 1813
f 241 164 204
f 110 1418 1803
f 110 1809 1418
f 1825 1809 110
f 41 1809 1825
f 1234 41 1825
f 1938 41 1234
f 1938 1658 41
f 736 1658 1938
f 736 1717 1658
f 171 1717 736
f 1777 1717 171
f 1777 637 1717
f 22 637 1777
f 1603 637 22
f 1603 1850 637
f 1865 1850 1603
f 1865 1908 1850
f 1651 1908 1865
f 351 1044 1866
f 1651 1782 1908
f 1692 1782 1651
f 1354 1692 1651
f 1692 1866 1782
f 465 1866 1692
f 465 351 1866
f 381 465 1692
f 258 381 1692
f 849 1692 1354
f 849 258 1692
f 898 1044 351
f 898 964 1044
f 362 351 465
f 362 898 351
f 585 362 465
f 639 465 381
f 639 585 465
f 508 639 381
f 444 381 258
f 444 508 381
f 703 444 258
f 1537 258 849
f 1537 703 258
f 189 110 1803
f 1825 110 189
f 189 1803 196
f 189 196 931
f 1090 1825 189
f 1916 189 931
f 1090 189 1916
f 1518 931 1947
f 221 931 1518
f 221 1916 931
f 1800 1916 221
f 1800 1090 1916
f 1605 1090 1800
f 1641 1825 1090
f 20 1825 1641
f 20 1234 1825
f 101 1234 20
f 34 1234 101
f 34 1938 1234
f 1983 1938 34
f 1605 1641 1090
f 203 1641 1605
f 203 20 1641
f 1792 20 203
f 1792 101 20
f 34 101 1792
f 1883 34 1792
f 1983 736 1938
f 1983 171 736
f 260 171 1983
f 1528 171 260
f 1528 1777 171
f 1 1983 34
f 260 1983 1
f 1883 1 34
f 1990 1 1883
f 187 1 1990
f 187 260 1
f 1718 260 187
f 1718 1528 260
f 117 1777 1528
f 117 22 1777
f 1007 22 117
f 1007 1603 22
f 1977 1603 1007
f 1718 117 1528
f 1238 117 1718
f 1238 1007 117
f 700 1007 1238
f 700 1977 1007
f 1538 1603 1977
f 1538 1865 1603
f 181 1865 1538
f 181 1651 1865
f 1747 1977 700
f 1750 1977 1747
f 1750 1538 1977
f 138 1538 1750
f 138 181 1538
f 1772 1025 1354
f 1025 849 1354
f 1143 1025 1772
f 1946 1651 181
f 1946 1354 1651
f 1772 1354 1946
f 340 1772 1946
f 1242 1772 340
f 1176 1242 340
f 1955 1176 340
f 337 1955 340
f 1634 181 138
f 1634 1946 181
f 1745 1946 1634
f 1745 340 1946
f 337 340 1745
f 1147 337 1745
f 1484 1147 1745
f 137 1745 1634
f 898 777 964
f 898 320 777
f 362 320 898
f 362 308 320
f 585 308 362
f 585 1501 308
f 639 1501 585
f 639 719 1501
f 508 719 639
f 444 583 508
f 703 583 444
f 703 374 583
f 1537 374 703
f 1441 719 508
f 583 1441 508
f 1151 374 1537
f 374 1441 583
f 374 1461 1441
f 1151 1461 374
f 320 413 777
f 308 413 320
f 719 1441 1501
f 1501 413 308
f 1501 1441 413
f 1441 132 413
f 1461 132 1441
f 132 98 413
f 939 1537 849
f 862 849 1025
f 862 939 849
f 960 1025 1143
f 960 862 1025
f 1151 1537 939
f 1229 1143 1772
f 1681 1772 1242
f 1681 1229 1772
f 862 658 939
f 862 1374 658
f 960 1374 862
f 368 960 1143
f 1229 368 1143
f 658 1151 939
f 1053 1374 960
f 1053 960 368
f 948 1681 1242
f 804 1242 1176
f 804 948 1242
f 1229 360 368
f 1229 696 360
f 1229 383 696
f 383 1229 1681
f 948 383 1681
f 658 1461 1151
f 1374 1519 658
f 1053 1519 1374
f 360 1053 368
f 932 696 383
f 948 932 383
f 948 443 932
f 804 443 948
f 804 837 443
f 837 804 1176
f 658 1519 1461
f 360 1519 1053
f 360 1639 1519
f 696 1639 360
f 932 1639 696
f 309 443 837
f 1519 132 1461
f 932 1163 1639
f 443 1163 932
f 443 596 1163
f 309 596 443
f 1639 1163 1519
f 309 956 596
f 1519 555 132
f 1163 555 1519
f 596 555 1163
f 551 837 1176
f 551 1176 1955
f 551 309 837
f 551 857 309
f 551 487 857
f 487 551 1955
f 501 1955 337
f 501 487 1955
f 461 857 487
f 1133 337 1147
f 501 461 487
f 501 1037 461
f 1037 501 337
f 1133 1037 337
f 857 956 309
f 461 956 857
f 1042 1147 1484
f 1133 1203 1037
f 1133 818 1203
f 818 1133 1147
f 1042 818 1147
f 461 947 956
f 1037 947 461
f 1203 947 1037
f 1013 1042 1484
f 1042 983 818
f 1042 633 983
f 633 1042 1013
f 516 633 1013
f 983 1203 818
f 1014 221 1518
f 934 221 761
f 934 1800 221
f 1961 1605 1800
f 1014 1518 1002
f 761 221 1014
f 1961 1800 934
f 370 1605 1961
f 370 203 1605
f 1067 203 286
f 1067 1792 203
f 1911 1883 1792
f 286 203 370
f 1911 1792 1067
f 1990 1883 1273
f 1706 187 1990
f 1472 1718 187
f 1273 1883 1911
f 1706 1990 1273
f 1472 187 1706
f 1460 1718 1472
f 1712 1718 1460
f 1712 1238 1718
f 700 1238 1945
f 1945 1238 1712
f 442 700 1945
f 123 1750 1747
f 138 1750 123
f 442 1747 700
f 916 1747 442
f 123 1747 916
f 1727 123 916
f 257 123 1727
f 1166 123 257
f 1166 138 123
f 1401 1745 137
f 1401 1484 1745
f 1107 1484 1401
f 137 1634 138
f 137 138 1166
f 1830 1401 137
f 554 1401 1830
f 1302 137 1166
f 1830 137 1302
f 610 1830 1302
f 1008 1830 610
f 1223 1008 610
f 1858 1223 610
f 132 555 98
f 555 1942 98
f 956 555 596
f 956 1956 555
f 1956 1942 555
f 1107 1013 1484
f 516 288 633
f 516 422 288
f 422 1013 1107
f 422 516 1013
f 728 422 1107
f 1203 1896 947
f 983 1896 1203
f 633 1896 983
f 633 288 1896
f 495 1107 1401
f 1274 1107 495
f 1274 728 1107
f 947 1956 956
f 947 1896 1956
f 288 1599 1896
f 1599 422 728
f 1599 288 422
f 1274 1599 728
f 1274 814 1599
f 1896 182 1956
f 1599 182 1896
f 814 1529 1599
f 1529 182 1599
f 1529 1452 182
f 554 495 1401
f 495 814 1274
f 495 659 814
f 659 495 554
f 578 659 554
f 578 554 1830
f 1347 578 1830
f 578 717 659
f 717 814 659
f 1008 1347 1830
f 578 1387 717
f 1347 1387 578
f 717 1529 814
f 717 1387 1529
f 1347 1575 1387
f 1347 300 1575
f 300 1347 1008
f 169 300 1008
f 1387 1575 1529
f 169 737 300
f 169 754 737
f 754 1008 1223
f 754 169 1008
f 304 754 1223
f 737 1575 300
f 1298 737 754
f 304 1223 1858
f 304 449 754
f 1575 1541 1529
f 737 1541 1575
f 737 1298 1541
f 1298 754 449
f 1970 1002 1890
f 1970 1014 1002
f 1970 761 1014
f 1402 761 1970
f 1402 934 761
f 218 934 1402
f 218 1961 934
f 218 370 1961
f 1862 370 218
f 1862 286 370
f 1560 286 1862
f 1560 1067 286
f 1560 1911 1067
f 1966 1911 1560
f 1966 1273 1911
f 1675 1273 1966
f 1675 1706 1273
f 1467 1706 1675
f 1467 1472 1706
f 1981 1472 1467
f 1981 1460 1472
f 100 1460 1981
f 100 1712 1460
f 1492 1712 100
f 1492 1945 1712
f 1425 1945 1492
f 1425 442 1945
f 1425 916 442
f 1735 916 1425
f 1735 1727 916
f 1735 257 1727
f 1546 257 1735
f 1546 1166 257
f 1858 610 1302
f 1703 1166 1546
f 1703 1302 1166
f 1522 1302 1703
f 1522 1858 1302
f 542 1858 1522
f 1207 542 1522
f 57 1522 1703
f 993 1522 57
f 1831 993 57
f 1956 241 1942
f 1956 182 241
f 182 246 241
f 1452 246 182
f 1452 1017 246
f 1529 1541 1452
f 1541 155 1452
f 1128 304 1858
f 304 1183 449
f 304 329 1183
f 329 304 1128
f 1298 1183 1541
f 1183 1298 449
f 542 1128 1858
f 1128 622 329
f 622 1128 542
f 1183 289 1541
f 289 329 622
f 289 1183 329
f 622 757 1220
f 757 622 542
f 411 542 1207
f 411 757 542
f 1541 1581 155
f 289 1581 1541
f 289 1220 1581
f 1220 289 622
f 411 591 757
f 1220 591 1581
f 591 1220 757
f 1284 1207 1522
f 411 1364 591
f 411 1284 1364
f 1284 411 1207
f 1581 1504 155
f 591 1504 1581
f 591 1364 1504
f 628 1364 1284
f 993 1284 1522
f 408 1284 993
f 1364 628 1504
f 628 1284 408
f 860 408 993
f 1504 205 155
f 1504 1586 205
f 628 1586 1504
f 1586 408 860
f 1586 628 408
f 860 597 745
f 597 993 1831
f 597 860 993
f 745 1586 860
f 582 745 597
f 1766 1970 1890
f 1766 1402 1970
f 213 1402 1766
f 213 218 1402
f 1540 218 213
f 1540 1862 218
f 1540 1560 1862
f 223 1560 1540
f 223 1966 1560
f 223 1675 1966
f 1663 1675 223
f 1663 1467 1675
f 1918 1467 1663
f 1918 1981 1467
f 1918 100 1981
f 1918 1492 100
f 1764 1492 1918
f 1764 1425 1492
f 1944 1425 1764
f 1944 1735 1425
f 1944 1546 1735
f 478 1546 1944
f 1245 1831 57
f 478 1703 1546
f 1824 1703 478
f 1824 57 1703
f 1245 57 1824
f 1948 1245 1824
f 612 1948 1824
f 984 612 1824
f 241 244 164
f 246 244 241
f 1452 155 1017
f 155 201 1017
f 155 124 201
f 205 124 155
f 848 597 1831
f 1586 701 205
f 745 701 1586
f 745 582 701
f 582 597 848
f 582 1336 701
f 1336 848 672
f 1336 582 848
f 1336 504 701
f 504 672 1233
f 504 1336 672
f 504 613 701
f 504 734 613
f 734 504 1233
f 205 1992 124
f 701 1992 205
f 701 613 1992
f 734 386 613
f 613 334 473
f 386 334 613
f 613 270 1992
f 473 270 613
f 473 515 270
f 672 1831 1245
f 672 848 1831
f 1233 672 1245
f 1233 688 734
f 688 1245 1948
f 688 1233 1245
f 688 386 734
f 688 433 386
f 433 688 1948
f 433 334 386
f 433 722 334
f 722 1948 612
f 722 433 1948
f 722 473 334
f 722 1224 473
f 1224 612 277
f 1224 722 612
f 984 277 612
f 1224 515 473
f 1224 462 515
f 462 277 984
f 462 1224 277
f 747 856 1096
f 747 584 856
f 584 1082 856
f 584 714 1082
f 584 552 714
f 552 321 714
f 552 1199 321
f 1199 436 321
f 1199 1062 436
f 1062 925 436
f 1062 929 925
f 1062 1345 929
f 1789 1096 856
f 1789 415 1096
f 682 415 1789
f 541 856 1082
f 541 1789 856
f 682 1789 541
f 966 1082 714
f 966 541 1082
f 570 541 966
f 570 714 321
f 570 966 714
f 682 541 570
f 1423 321 436
f 1423 570 321
f 250 570 1423
f 250 682 570
f 547 1423 1152
f 250 1423 547
f 1152 1423 436
f 250 547 689
f 925 1152 436
f 1152 925 547
f 689 547 1979
f 925 1979 547
f 925 929 1979
f 250 1485 682
f 1301 1485 250
f 102 1485 1301
f 215 1960 232
f 69 215 232
f 1411 584 747
f 1411 552 584
f 1411 1199 552
f 1411 1062 1199
f 1411 1778 1062
f 4 1778 1411
f 4 1535 1778
f 1062 1778 1345
f 4 1483 1535
f 1751 1483 4
f 1751 206 1483
f 1584 206 1751
f 1584 1867 206
f 158 1867 1584
f 158 1627 1867
f 158 119 1627
f 1629 119 158
f 1629 968 119
f 1629 1695 968
f 113 1695 1629
f 85 1397 113
f 60 1397 85
f 1397 1695 113
f 60 208 1397
f 1760 208 60
f 1760 176 208
f 1760 1626 176
f 1952 1626 1760
f 1952 1506 1626
f 1952 1841 1506
f 73 1841 1952
f 73 240 1841
f 689 1979 674
f 929 674 1979
f 929 1393 674
f 1345 1393 929
f 322 689 674
f 1262 674 1393
f 674 1262 322
f 1345 1262 1393
f 1345 1180 1262
f 1355 322 326
f 1355 689 322
f 1355 250 689
f 1301 250 1355
f 1262 326 322
f 1262 293 326
f 1180 293 1262
f 1355 326 668
f 293 649 326
f 649 668 326
f 1180 1088 293
f 1088 649 293
f 603 668 1476
f 603 1355 668
f 1186 1355 603
f 1186 1301 1355
f 1476 649 1526
f 1476 668 649
f 1088 1526 649
f 481 603 1476
f 1186 603 481
f 943 1476 1526
f 1476 943 481
f 1526 914 943
f 1306 481 840
f 1306 1186 481
f 484 1186 1306
f 484 1301 1186
f 840 943 881
f 840 481 943
f 914 881 943
f 457 840 438
f 457 1306 840
f 484 1306 457
f 1016 840 881
f 840 1016 438
f 1016 457 438
f 914 1102 881
f 1102 1016 881
f 1101 102 1301
f 1101 1301 484
f 1101 232 102
f 1931 232 1101
f 69 232 1931
f 186 69 1931
f 832 186 1931
f 1778 1180 1345
f 1778 919 1180
f 1535 919 1778
f 919 1088 1180
f 919 1716 1088
f 1088 1716 1526
f 1716 914 1526
f 919 1551 1716
f 919 937 1551
f 1535 937 919
f 1716 1102 914
f 1716 1551 1102
f 1551 560 1102
f 206 402 1483
f 1483 937 1535
f 1483 402 937
f 206 1690 402
f 1867 1690 206
f 1867 279 1690
f 1627 279 1867
f 1627 1593 279
f 119 1593 1627
f 119 1248 1593
f 119 32 1248
f 968 32 119
f 968 81 32
f 1397 1900 1695
f 1397 1497 1900
f 1695 1900 968
f 1900 81 968
f 1900 1949 81
f 1900 150 1949
f 1497 150 1900
f 1497 1583 150
f 150 220 1949
f 208 1497 1397
f 176 1962 208
f 1497 1962 1583
f 208 1962 1497
f 176 1604 1962
f 1626 1604 176
f 1626 148 1604
f 1506 148 1626
f 1506 1788 148
f 1506 1012 1788
f 1841 1012 1506
f 1841 1913 1012
f 1841 879 1913
f 240 879 1841
f 240 1480 879
f 897 484 457
f 532 484 897
f 571 457 1016
f 457 571 897
f 1102 571 1016
f 1102 1348 571
f 532 897 327
f 1310 571 1348
f 571 1310 897
f 1310 327 897
f 1348 1268 1310
f 458 532 327
f 1324 532 458
f 296 327 1310
f 327 296 458
f 1268 296 1310
f 1268 1136 296
f 729 458 1263
f 729 1324 458
f 838 296 1839
f 838 458 296
f 458 838 1263
f 838 729 1263
f 1136 1839 296
f 866 838 1839
f 673 838 866
f 673 729 838
f 729 673 1100
f 1136 392 1839
f 392 866 1839
f 1000 866 723
f 1000 673 866
f 673 1000 1100
f 392 723 866
f 723 782 1000
f 1324 484 532
f 1324 1101 484
f 805 1101 1324
f 1931 1101 805
f 805 1324 729
f 1931 805 477
f 805 729 1100
f 477 805 430
f 376 805 1100
f 430 805 376
f 780 1931 477
f 1000 376 1100
f 1499 376 690
f 1499 430 376
f 477 430 1499
f 699 1931 780
f 690 1000 782
f 690 376 1000
f 505 1499 1759
f 505 477 1499
f 780 477 505
f 699 780 1227
f 1759 690 924
f 1759 1499 690
f 782 924 690
f 832 1931 699
f 1988 186 832
f 1048 1988 832
f 2 1988 1048
f 128 2 1048
f 1102 1268 1348
f 560 1268 1102
f 937 1181 1551
f 560 1136 1268
f 560 392 1136
f 560 1271 392
f 1551 1271 560
f 392 1271 723
f 1551 424 1271
f 1181 424 1551
f 1181 1524 424
f 1271 782 723
f 1271 1187 782
f 1271 424 1187
f 1187 924 782
f 1187 1129 924
f 1578 1129 1187
f 424 1578 1187
f 402 1181 937
f 402 358 1181
f 1690 358 402
f 358 1524 1181
f 358 556 1524
f 1165 556 358
f 1690 1165 358
f 279 1165 1690
f 279 1132 1165
f 1132 1723 1165
f 1593 1132 279
f 1248 1132 1593
f 1248 1891 1132
f 32 1891 1248
f 81 1891 32
f 1891 822 1132
f 1949 220 81
f 220 1891 81
f 220 829 1891
f 220 1770 829
f 150 1770 220
f 1583 222 150
f 222 1770 150
f 1962 162 1583
f 1604 162 1962
f 162 222 1583
f 162 378 222
f 162 1488 378
f 1604 1272 162
f 1272 1488 162
f 148 1272 1604
f 148 52 1272
f 1788 52 148
f 1012 1923 1788
f 1923 52 1788
f 1913 1923 1012
f 1913 1508 1923
f 879 1508 1913
f 879 255 1508
f 255 1511 1508
f 962 780 505
f 1227 780 962
f 1057 1759 630
f 1057 505 1759
f 1057 962 505
f 924 630 1759
f 630 355 1057
f 982 1227 962
f 303 1227 982
f 699 1227 303
f 1443 962 1057
f 962 1443 982
f 1443 364 982
f 364 303 982
f 355 1443 1057
f 355 1619 1443
f 868 699 303
f 775 699 868
f 419 364 1443
f 1642 364 419
f 1642 303 364
f 1642 868 303
f 1619 419 1443
f 419 817 1642
f 373 775 868
f 1405 868 1642
f 1405 373 868
f 817 1405 1642
f 817 1368 1405
f 704 373 1405
f 1368 704 1405
f 787 832 699
f 787 699 775
f 787 1048 832
f 746 1048 787
f 1108 775 373
f 787 775 1108
f 494 1048 746
f 128 1048 494
f 1437 787 1108
f 525 787 1437
f 746 787 525
f 494 746 336
f 325 373 704
f 325 1108 373
f 325 1437 1108
f 704 401 325
f 550 746 525
f 1219 746 550
f 336 746 1219
f 561 1437 325
f 520 1437 561
f 520 525 1437
f 520 550 525
f 401 561 325
f 401 1201 561
f 1201 520 561
f 1495 494 336
f 1439 494 1495
f 678 550 520
f 809 550 678
f 809 1219 550
f 1219 809 336
f 809 480 336
f 480 1495 336
f 480 1616 1495
f 1616 1439 1495
f 1201 678 520
f 678 1571 809
f 1571 480 809
f 513 1616 480
f 466 1616 513
f 466 1439 1616
f 1571 513 480
f 1571 497 513
f 497 466 513
f 497 721 466
f 426 2 128
f 1376 2 426
f 743 128 494
f 1445 128 743
f 426 128 1445
f 743 494 1439
f 447 426 1445
f 1376 426 333
f 794 1445 743
f 599 1445 794
f 447 1445 599
f 1264 426 447
f 606 426 1264
f 333 426 606
f 466 743 1439
f 466 669 743
f 669 794 743
f 798 1376 333
f 721 669 466
f 1129 630 924
f 1129 355 630
f 424 225 1578
f 1524 159 424
f 159 225 424
f 1129 1619 355
f 1578 1619 1129
f 1619 817 419
f 225 1619 1578
f 225 817 1619
f 159 1986 225
f 225 1182 817
f 1182 1368 817
f 225 1986 1182
f 1368 401 704
f 1182 401 1368
f 401 1553 1201
f 1182 1553 401
f 1986 112 1182
f 1553 678 1201
f 1553 1571 678
f 1182 112 1553
f 497 1996 721
f 1553 1996 1571
f 1996 497 1571
f 112 1996 1553
f 112 1198 1996
f 1524 1673 159
f 556 1673 1524
f 556 318 1673
f 1165 318 556
f 1723 318 1165
f 1673 1986 159
f 1673 1798 1986
f 318 1798 1673
f 318 1358 1798
f 1723 1358 318
f 1723 330 1358
f 1798 112 1986
f 1798 1198 112
f 1358 1198 1798
f 1507 1198 1358
f 330 1507 1358
f 1132 292 1723
f 822 292 1132
f 1891 1632 822
f 822 1632 292
f 292 330 1723
f 292 1840 330
f 1632 1840 292
f 1632 175 1840
f 1840 1507 330
f 1840 88 1507
f 175 88 1840
f 175 1902 88
f 829 1632 1891
f 829 1595 1632
f 1770 1595 829
f 222 37 1770
f 1632 1595 175
f 1770 37 1595
f 222 42 37
f 1595 1902 175
f 37 1902 1595
f 37 1818 1902
f 42 1818 37
f 378 42 222
f 1488 1767 378
f 1272 1982 1488
f 378 1767 42
f 1488 1982 1767
f 52 1982 1272
f 52 125 1982
f 1767 1818 42
f 1767 1810 1818
f 1982 1810 1767
f 125 1810 1982
f 1508 1906 1923
f 1511 1099 1508
f 1923 125 52
f 1923 1906 125
f 1508 1099 1906
f 1842 1810 125
f 1906 1842 125
f 1099 1842 1906
f 1099 432 1842
f 1104 794 669
f 1035 794 1104
f 1035 599 794
f 609 599 1035
f 609 447 599
f 651 447 609
f 651 1264 447
f 665 1264 651
f 665 606 1264
f 482 606 665
f 482 333 606
f 752 333 482
f 752 798 333
f 721 1104 669
f 609 1125 651
f 1125 665 651
f 1125 482 665
f 1125 278 482
f 278 752 482
f 278 141 752
f 721 573 1104
f 573 1035 1104
f 573 609 1035
f 573 1125 609
f 278 1366 141
f 1125 1366 278
f 1996 573 721
f 573 1366 1125
f 1996 1366 573
f 1996 1757 1366
f 1757 824 1366
f 1198 1757 1996
f 1198 1137 1757
f 1198 1647 1137
f 1507 1647 1198
f 1507 1795 1647
f 88 1795 1507
f 1902 1795 88
f 1902 1544 1795
f 1818 1544 1902
f 1818 1533 1544
f 1810 1533 1818
f 1810 1877 1533
f 1842 1877 1810
f 1842 87 1877
f 432 87 1842
f 432 140 87
f 215 115 1960
f 2000 115 215
f 69 2000 215
f 1855 1643 135
f 1920 135 13
f 1855 135 1920
f 1029 345 1643
f 290 345 1029
f 675 290 1029
f 643 675 1029
f 1115 643 1029
f 1065 1029 1975
f 1065 1115 1029
f 1975 1029 1643
f 1951 1065 1975
f 1975 1643 1855
f 1103 1951 1975
f 1975 1855 1116
f 372 1975 1116
f 372 1103 1975
f 452 1103 372
f 307 345 290
f 307 319 345
f 1579 319 307
f 418 290 675
f 418 307 290
f 1686 307 418
f 1686 1579 307
f 269 675 643
f 269 418 675
f 1353 418 269
f 1353 1686 418
f 275 643 1115
f 275 269 643
f 1353 269 275
f 298 1115 1065
f 298 275 1115
f 298 1353 275
f 1491 1065 1951
f 1491 298 1065
f 315 1951 1103
f 315 1491 1951
f 452 315 1103
f 1371 1579 1686
f 1353 1371 1686
f 1550 1353 903
f 1550 1371 1353
f 21 1371 1550
f 21 1812 1371
f 903 1353 298
f 903 298 1491
f 903 1491 315
f 1550 903 1826
f 1826 315 452
f 1826 903 315
f 211 1812 21
f 211 234 1812
f 1609 234 211
f 1609 1881 234
f 1383 1881 1609
f 1383 680 1881
f 1440 680 1383
f 1440 1426 680
f 1696 1426 1440
f 1696 1694 1426
f 1696 153 1694
f 9 153 1696
f 9 1580 153
f 9 228 1580
f 1940 228 9
f 1940 40 228
f 1645 40 1940
f 1868 40 1645
f 1868 1367 40
f 1732 1367 1868
f 1732 1804 1367
f 1438 1804 1732
f 36 1804 1438
f 36 1766 1804
f 1413 13 2000
f 1920 13 1413
f 1413 2000 69
f 1413 69 186
f 1230 1413 186
f 1410 372 1116
f 1410 452 372
f 986 452 1410
f 741 1116 365
f 741 1410 1116
f 986 1410 741
f 365 1116 1855
f 616 741 365
f 950 741 616
f 950 986 741
f 749 365 1855
f 416 365 749
f 1184 365 416
f 1184 616 365
f 950 616 1184
f 749 1855 1920
f 544 1184 416
f 544 950 1184
f 170 749 1920
f 348 416 749
f 544 416 348
f 590 544 348
f 446 749 170
f 446 348 749
f 1003 348 446
f 590 348 1003
f 86 170 1920
f 891 446 170
f 417 446 891
f 417 1003 446
f 872 1003 417
f 872 590 1003
f 950 1826 986
f 1823 1550 950
f 1550 1826 950
f 283 1550 1823
f 283 21 1550
f 1450 21 283
f 1823 950 1596
f 590 950 544
f 1596 950 590
f 1596 590 872
f 1826 452 986
f 1450 211 21
f 1450 1609 211
f 80 1609 1450
f 80 1383 1609
f 1394 1383 80
f 1832 1450 283
f 80 1450 1832
f 1394 1440 1383
f 1722 1440 1394
f 114 1440 1722
f 114 1696 1440
f 1685 1696 114
f 1685 9 1696
f 1817 9 1685
f 202 9 1817
f 202 1940 9
f 1287 1940 202
f 1287 1645 1940
f 1287 1868 1645
f 1932 1868 1287
f 11 1868 1932
f 11 1732 1868
f 1314 1732 11
f 1314 1438 1732
f 1950 1438 1314
f 1950 36 1438
f 235 1988 2
f 1230 186 1988
f 235 1230 1988
f 565 1230 235
f 617 1920 1413
f 617 86 1920
f 702 617 1413
f 702 1413 1230
f 1138 617 702
f 702 1230 565
f 331 1138 702
f 1739 1138 331
f 1202 702 565
f 1613 702 1202
f 1432 702 1613
f 1432 331 702
f 1403 331 1432
f 1403 1739 331
f 632 1403 1432
f 632 1361 1403
f 1361 1739 1403
f 256 170 86
f 256 891 170
f 526 891 256
f 526 417 891
f 1250 417 526
f 1250 872 417
f 800 256 86
f 800 287 256
f 287 526 256
f 1145 526 287
f 1145 1250 526
f 1552 86 617
f 1552 800 86
f 764 800 1552
f 764 287 800
f 1329 287 764
f 1329 1145 287
f 1178 1552 617
f 921 1552 1178
f 921 764 1552
f 1395 764 921
f 1395 1329 764
f 1372 617 1138
f 1178 617 1372
f 1372 357 1178
f 921 1178 357
f 574 921 357
f 574 1395 921
f 940 1372 1138
f 771 1372 940
f 771 357 1372
f 771 574 357
f 895 1138 1739
f 895 940 1138
f 1361 895 1739
f 895 771 940
f 632 108 1361
f 885 872 1250
f 885 1596 872
f 885 1250 1145
f 1823 1596 885
f 1329 885 1145
f 1338 1823 885
f 283 1823 1338
f 1395 885 1329
f 1338 885 1395
f 1904 1395 574
f 1338 1395 1904
f 1904 574 771
f 1816 1338 1904
f 108 895 1361
f 108 771 895
f 108 1904 771
f 1816 1904 108
f 843 1338 1816
f 1671 1338 843
f 1832 283 1338
f 1444 1394 80
f 1671 1832 1338
f 1389 1832 1671
f 1389 80 1832
f 1444 80 1389
f 1602 1722 1394
f 1602 114 1722
f 957 1394 1444
f 1602 1394 957
f 1882 114 1602
f 1882 1602 127
f 127 1602 957
f 1882 1685 114
f 1392 1817 1685
f 177 1817 1392
f 1754 1817 177
f 1754 202 1817
f 1392 1685 1882
f 51 1287 202
f 51 1932 1287
f 1814 1932 51
f 1340 202 1754
f 51 202 1340
f 1805 51 1340
f 1805 1814 51
f 1646 1932 1814
f 1646 11 1932
f 1243 11 1646
f 1243 1314 11
f 7 1314 1243
f 7 1950 1314
f 488 235 2
f 59 235 488
f 488 2 339
f 989 2 1376
f 339 2 989
f 994 339 989
f 1168 339 994
f 685 488 339
f 486 339 1168
f 705 339 486
f 685 339 705
f 989 1376 798
f 705 744 685
f 1856 235 1487
f 1856 565 235
f 1312 235 59
f 1487 235 1312
f 1939 1487 1312
f 922 1487 1939
f 1746 1487 922
f 1746 491 1487
f 952 59 488
f 1612 59 952
f 267 59 1612
f 267 1312 59
f 581 1312 267
f 1939 1312 581
f 581 535 1939
f 429 1939 535
f 429 922 1939
f 429 1746 922
f 928 429 535
f 1635 1746 429
f 1321 488 685
f 952 488 1321
f 952 313 1612
f 313 858 1612
f 858 267 1612
f 276 267 858
f 276 581 267
f 276 535 581
f 271 276 858
f 928 535 276
f 291 1321 685
f 744 291 685
f 744 1089 291
f 1089 1321 291
f 912 1321 1089
f 912 952 1321
f 785 952 912
f 785 313 952
f 785 858 313
f 1684 1089 744
f 1684 638 1089
f 638 912 1089
f 271 858 785
f 1202 1001 1613
f 607 1613 1001
f 607 1432 1613
f 1359 607 1001
f 1359 632 607
f 632 1432 607
f 1702 565 1856
f 1702 1202 565
f 1139 1202 1702
f 1139 1001 1202
f 268 1359 1139
f 1359 1001 1139
f 1169 1702 1856
f 835 1169 1856
f 375 1702 1169
f 375 1139 1702
f 323 375 1169
f 323 268 375
f 268 1139 375
f 491 1856 1487
f 835 1856 491
f 1149 1169 835
f 1149 323 1169
f 1164 491 1746
f 441 491 1164
f 441 835 491
f 1635 1164 1746
f 1635 126 1164
f 126 441 1164
f 126 1149 441
f 1149 835 441
f 500 429 928
f 500 1335 429
f 1335 1635 429
f 500 694 1335
f 1069 694 500
f 1069 1787 694
f 271 500 276
f 500 928 276
f 146 500 271
f 1069 500 146
f 638 1415 912
f 1415 785 912
f 1415 271 785
f 1370 1415 638
f 146 1415 1370
f 146 271 1415
f 1359 108 632
f 1816 108 1359
f 694 1359 268
f 694 843 1359
f 843 1816 1359
f 1787 843 694
f 1075 268 323
f 694 268 1075
f 1075 323 1149
f 1335 126 1635
f 1335 1149 126
f 1335 1075 1149
f 694 1075 1335
f 1081 1787 1069
f 1081 1761 1787
f 1081 1513 1761
f 1081 216 1513
f 1811 216 1081
f 1811 1677 216
f 1688 1081 1069
f 1811 1081 1688
f 1787 1671 843
f 1761 1671 1787
f 1761 1389 1671
f 1513 1389 1761
f 216 1389 1513
f 216 1444 1389
f 1677 1444 216
f 1285 1677 1811
f 1285 116 1677
f 1285 1919 116
f 1734 1919 1285
f 1734 39 1919
f 161 39 1734
f 116 957 1677
f 957 1444 1677
f 1919 957 116
f 127 957 1919
f 39 127 1919
f 161 1886 39
f 1655 1886 161
f 1655 3 1886
f 272 3 1655
f 272 1500 3
f 8 272 1655
f 1886 127 39
f 1886 1882 127
f 1914 1882 1886
f 1914 1392 1882
f 1914 177 1392
f 1500 177 1914
f 1500 1754 177
f 3 1914 1886
f 1500 1914 3
f 272 1386 1500
f 1820 1386 272
f 152 1386 1820
f 152 1828 1386
f 1964 1828 152
f 1820 272 8
f 1386 1754 1500
f 1386 1340 1754
f 1386 1805 1340
f 1828 1805 1386
f 1964 1930 1828
f 1773 1930 1964
f 1773 1765 1930
f 71 1765 1773
f 1930 1805 1828
f 1930 1814 1805
f 1930 1646 1814
f 1243 1646 1930
f 1765 1243 1930
f 1765 7 1243
f 454 798 752
f 421 798 454
f 421 989 798
f 671 989 421
f 783 989 671
f 783 994 989
f 460 994 783
f 460 1168 994
f 861 1168 460
f 861 486 1168
f 642 486 861
f 642 705 486
f 642 744 705
f 141 454 752
f 141 1527 454
f 1527 421 454
f 1527 1076 421
f 1076 671 421
f 1076 965 671
f 965 783 671
f 965 899 783
f 899 460 783
f 899 1498 460
f 1498 861 460
f 1684 744 642
f 1498 642 861
f 1498 1370 642
f 1370 1684 642
f 824 899 965
f 824 1498 899
f 824 1370 1498
f 1757 1370 824
f 1757 146 1370
f 1757 1069 146
f 1366 1527 141
f 1366 1076 1527
f 1366 824 1076
f 824 965 1076
f 1370 638 1684
f 1137 1069 1757
f 1137 1688 1069
f 1647 1688 1137
f 1647 1811 1688
f 1795 1285 1647
f 1285 1811 1647
f 1795 1734 1285
f 1544 1734 1795
f 1544 161 1734
f 1544 1655 161
f 8 1655 1544
f 1533 8 1544
f 1820 8 1533
f 1877 1820 1533
f 1877 152 1820
f 1877 1964 152
f 87 1964 1877
f 87 1773 1964
f 140 1773 87
f 140 71 1773
f 1307 240 73
f 1307 227 240
f 1815 227 1307
f 1815 1829 227
f 58 1829 1815
f 58 1838 1829
f 58 1707 1838
f 1429 1707 58
f 1429 93 1707
f 1910 93 1429
f 1910 706 93
f 1910 1667 706
f 1659 1667 1910
f 1659 233 1667
f 1678 1247 1659
f 1659 1247 233
f 1678 1617 1247
f 252 1617 1678
f 1590 99 252
f 252 163 1617
f 99 163 252
f 1300 938 363
f 938 726 363
f 363 1281 1984
f 726 1281 363
f 1984 199 1590
f 1281 199 1984
f 199 99 1590
f 1281 1691 199
f 1281 1562 1691
f 350 456 1300
f 456 938 1300
f 456 1305 938
f 1305 797 938
f 797 726 938
f 797 846 726
f 726 770 1281
f 846 770 726
f 770 845 1281
f 845 1572 1281
f 1572 1562 1281
f 1060 456 350
f 1060 1226 456
f 1060 1709 1226
f 1226 1305 456
f 1226 930 1305
f 1709 930 1226
f 930 797 1305
f 930 1521 797
f 1521 846 797
f 1709 297 930
f 1687 297 1709
f 1521 297 846
f 297 1521 930
f 846 820 770
f 297 820 846
f 820 845 770
f 820 479 845
f 1687 906 297
f 160 906 1687
f 160 1755 906
f 297 479 820
f 479 1572 845
f 479 563 1572
f 297 563 479
f 297 906 563
f 1572 604 1562
f 563 604 1572
f 563 1388 604
f 906 1388 563
f 50 1755 160
f 50 254 1755
f 164 1991 204
f 227 1480 240
f 227 1379 1480
f 227 598 1379
f 1829 598 227
f 1838 598 1829
f 1838 1941 598
f 1707 1941 1838
f 1707 1744 1941
f 93 1744 1707
f 93 1493 1744
f 93 1822 1493
f 1667 96 706
f 706 1822 93
f 706 96 1822
f 1667 1236 96
f 233 1236 1667
f 233 1532 1236
f 1617 553 1247
f 1247 195 233
f 233 1971 1532
f 195 1971 233
f 553 195 1247
f 553 149 195
f 553 1807 149
f 163 553 1617
f 99 1791 163
f 99 1959 1791
f 1791 553 163
f 553 1040 1807
f 1791 1040 553
f 1791 1636 1040
f 199 1959 99
f 1691 812 199
f 199 812 1959
f 1691 1118 812
f 1118 229 812
f 1118 385 229
f 1959 1636 1791
f 1959 1556 1636
f 1959 1185 1556
f 812 1185 1959
f 229 1185 812
f 229 790 1185
f 1377 790 229
f 604 999 1562
f 1388 999 604
f 906 999 1388
f 1562 173 1691
f 999 173 1562
f 999 920 173
f 906 920 999
f 906 1478 920
f 1755 1478 906
f 173 453 1691
f 920 453 173
f 920 863 453
f 1478 863 920
f 453 1118 1691
f 453 1566 1118
f 863 1566 453
f 1478 1566 863
f 1566 385 1118
f 1566 1558 385
f 1566 880 1558
f 1478 880 1566
f 1478 347 880
f 1755 347 1478
f 385 1628 229
f 1558 1628 385
f 1558 579 1628
f 880 579 1558
f 880 1249 579
f 347 1249 880
f 579 679 1628
f 1249 679 579
f 1249 1022 679
f 347 1022 1249
f 1628 1377 229
f 679 1377 1628
f 679 830 1377
f 1022 830 679
f 347 830 1022
f 347 605 830
f 347 614 605
f 254 347 1755
f 254 614 347
f 1813 254 50
f 204 1991 1813
f 1813 6 254
f 1813 1991 6
f 1991 1420 6
f 1991 1843 1420
f 1480 255 879
f 1379 255 1480
f 598 255 1379
f 255 1912 1511
f 598 1912 255
f 598 987 1912
f 1941 987 598
f 1941 621 987
f 1614 621 1941
f 1744 1614 1941
f 1493 1614 1744
f 1493 1976 1614
f 1822 1976 1493
f 96 18 1822
f 1236 18 96
f 18 1976 1822
f 18 1477 1976
f 18 1217 1477
f 1236 1217 18
f 1532 1217 1236
f 1532 1705 1217
f 195 15 1971
f 149 15 195
f 1971 1705 1532
f 15 1705 1971
f 15 179 1705
f 15 1698 179
f 15 1833 1698
f 149 967 15
f 967 1833 15
f 1807 967 149
f 1636 74 1040
f 1556 74 1636
f 1040 967 1807
f 74 967 1040
f 74 1740 967
f 74 1275 1740
f 1740 10 967
f 1377 1005 790
f 1185 45 1556
f 790 45 1185
f 1005 981 790
f 790 1874 45
f 981 1874 790
f 1556 1275 74
f 45 1275 1556
f 45 1231 1275
f 1654 1231 45
f 1874 1654 45
f 1654 1489 1231
f 1654 1356 1489
f 1356 1140 1489
f 830 448 1377
f 830 605 448
f 448 1005 1377
f 448 886 1005
f 605 886 448
f 614 886 605
f 886 981 1005
f 886 1240 981
f 886 1416 1240
f 614 1416 886
f 614 1907 1416
f 1240 1049 981
f 1416 1049 1240
f 1416 1577 1049
f 1907 1577 1416
f 981 1049 1874
f 1049 543 1874
f 1577 543 1049
f 1577 724 543
f 543 1654 1874
f 543 353 1654
f 724 353 543
f 724 823 353
f 724 996 823
f 353 1259 1654
f 823 1259 353
f 254 1907 614
f 254 6 1907
f 6 388 1907
f 1907 724 1577
f 1907 996 724
f 1907 873 996
f 388 873 1907
f 1420 388 6
f 1420 1009 388
f 1259 1356 1654
f 1259 1046 1356
f 996 1259 823
f 996 1046 1259
f 996 652 1046
f 873 652 996
f 388 652 873
f 388 821 652
f 388 1009 821
f 1420 540 1009
f 1046 1140 1356
f 1046 387 1140
f 652 387 1046
f 821 387 652
f 821 1052 387
f 821 1009 1052
f 1420 1150 540
f 1834 1150 1420
f 1843 1834 1420
f 1843 902 1834
f 902 197 1834
f 1912 1857 1511
f 987 1857 1912
f 987 48 1857
f 621 48 987
f 1511 167 1099
f 1857 167 1511
f 1857 1549 167
f 48 1549 1857
f 167 432 1099
f 167 1200 432
f 1549 1200 167
f 1549 1631 1200
f 1614 243 621
f 1976 243 1614
f 621 38 48
f 243 38 621
f 243 435 38
f 1976 435 243
f 1976 1683 435
f 38 1549 48
f 38 1631 1549
f 38 16 1631
f 435 16 38
f 435 1092 16
f 1683 1092 435
f 1683 1973 1092
f 1477 1683 1976
f 1217 1559 1477
f 1477 1559 1683
f 1705 1559 1217
f 1705 68 1559
f 68 143 1559
f 1683 1980 1973
f 1559 1980 1683
f 1559 143 1980
f 967 514 1833
f 1698 111 179
f 179 68 1705
f 179 111 68
f 1698 145 111
f 1833 145 1698
f 514 145 1833
f 514 247 145
f 68 1318 143
f 111 1318 68
f 111 1676 1318
f 145 1676 111
f 247 1676 145
f 247 1864 1676
f 10 514 967
f 1740 95 10
f 1275 95 1740
f 10 95 514
f 514 1588 247
f 95 1588 514
f 95 1728 1588
f 95 1731 1728
f 1588 1864 247
f 1728 1864 1588
f 1728 1351 1864
f 1731 1351 1728
f 1731 1752 1351
f 1231 1846 1275
f 1140 89 1489
f 1846 95 1275
f 1489 1846 1231
f 1489 89 1846
f 89 1720 1846
f 562 1720 89
f 1846 1731 95
f 1846 1205 1731
f 1720 1205 1846
f 1720 1569 1205
f 1569 498 1205
f 1205 1752 1731
f 1205 908 1752
f 498 908 1205
f 498 397 908
f 397 1123 908
f 1140 944 89
f 387 371 1140
f 371 944 1140
f 1052 371 387
f 1052 567 371
f 1009 567 1052
f 1009 852 567
f 540 852 1009
f 944 698 89
f 567 944 371
f 567 698 944
f 567 655 698
f 852 655 567
f 698 562 89
f 698 655 562
f 655 640 562
f 852 640 655
f 540 640 852
f 540 524 640
f 540 503 524
f 562 499 1720
f 640 499 562
f 524 499 640
f 524 1486 499
f 524 503 1486
f 499 1214 1720
f 1214 1569 1720
f 1486 1214 499
f 503 1214 1486
f 1834 656 1150
f 1150 503 540
f 1834 815 656
f 197 815 1834
f 1150 791 503
f 1150 1157 791
f 656 1157 1150
f 197 1869 815
f 1214 1409 1569
f 791 1214 503
f 791 1409 1214
f 791 1157 1409
f 1157 545 1409
f 656 545 1157
f 656 280 545
f 656 815 280
f 197 870 1869
f 1569 506 498
f 506 887 498
f 1409 506 1569
f 545 506 1409
f 506 523 887
f 280 506 545
f 280 523 506
f 280 384 523
f 815 384 280
f 815 1011 384
f 1869 1011 815
f 887 342 498
f 342 397 498
f 384 887 523
f 384 342 887
f 342 1011 397
f 1011 342 384
f 1011 819 397
f 1869 819 1011
f 1869 619 819
f 870 619 1869
f 870 356 619
f 397 1127 1123
f 1127 991 1123
f 819 1127 397
f 619 1127 819
f 1127 1222 991
f 356 1127 619
f 356 1222 1127
f 356 475 1222
f 902 1430 197
f 902 1630 1430
f 197 316 870
f 1430 316 197
f 870 475 356
f 316 475 870
f 1630 1303 1430
f 1222 1463 991
f 475 1463 1222
f 475 496 1463
f 316 496 475
f 316 317 496
f 1430 317 316
f 1430 265 317
f 1430 380 265
f 1303 380 1430
f 1200 140 432
f 1200 1585 140
f 1631 1585 1200
f 1631 1753 1585
f 16 1753 1631
f 16 76 1753
f 1092 76 16
f 1973 76 1092
f 1973 46 76
f 1980 46 1973
f 1980 1567 46
f 249 1567 1980
f 143 249 1980
f 1318 249 143
f 249 1987 1567
f 1318 1987 249
f 1676 1987 1318
f 1548 1987 1676
f 1864 1548 1676
f 1351 1548 1864
f 1351 1943 1548
f 1752 1943 1351
f 1752 274 1943
f 908 274 1752
f 908 343 274
f 343 1510 274
f 1536 343 908
f 343 1680 1510
f 1123 1536 908
f 1680 1679 1510
f 1038 1536 1123
f 991 1038 1123
f 1463 1038 991
f 496 1038 1463
f 1038 404 1536
f 317 1038 496
f 317 404 1038
f 404 635 1536
f 265 404 317
f 265 635 404
f 635 343 1536
f 635 918 343
f 380 635 265
f 380 918 635
f 918 517 343
f 1303 918 380
f 1303 517 918
f 517 1680 343
f 517 730 1680
f 1630 517 1303
f 1630 730 517
f 730 1679 1680
f 730 264 1679
f 1630 264 730
f 1793 1766 36
f 1793 213 1766
f 1725 213 1793
f 1725 1540 213
f 172 1540 1725
f 172 223 1540
f 83 223 172
f 200 223 83
f 200 1663 223
f 1892 1663 200
f 1892 1918 1663
f 1764 1918 131
f 28 1918 1892
f 131 1918 28
f 1933 1764 131
f 1933 1944 1764
f 1719 1944 1933
f 224 1944 1719
f 224 478 1944
f 974 984 1824
f 1783 478 224
f 1783 1824 478
f 359 1824 1783
f 359 974 1824
f 1724 359 1783
f 788 1724 1783
f 244 1991 164
f 246 1991 244
f 124 65 201
f 201 64 1017
f 65 64 201
f 515 650 270
f 270 17 1992
f 650 17 270
f 650 569 17
f 569 294 17
f 17 129 1992
f 1653 129 17
f 294 1653 17
f 1653 294 946
f 1992 65 124
f 1992 423 65
f 129 423 1992
f 1653 844 129
f 844 1653 946
f 844 618 129
f 129 1131 423
f 618 1131 129
f 1131 618 403
f 1131 1061 423
f 1061 403 911
f 1061 1131 403
f 462 650 515
f 462 463 650
f 463 462 984
f 463 569 650
f 463 1077 569
f 1077 984 974
f 1077 463 984
f 1077 294 569
f 1077 1034 294
f 1034 1077 974
f 1034 946 294
f 1034 1515 946
f 1515 974 359
f 1515 1034 974
f 1515 844 946
f 1515 997 844
f 997 1515 359
f 997 618 844
f 997 889 618
f 889 359 1724
f 889 997 359
f 889 403 618
f 403 889 1724
f 911 1724 788
f 911 403 1724
f 796 36 1950
f 796 1793 36
f 1618 1793 796
f 1618 1725 1793
f 306 1618 796
f 5 172 1618
f 172 1725 1618
f 5 83 172
f 1417 5 1618
f 1417 1618 306
f 1451 5 1417
f 14 83 5
f 14 200 83
f 1726 200 14
f 1929 200 1726
f 1929 1892 200
f 84 1892 1929
f 90 84 1929
f 14 5 1451
f 84 28 1892
f 178 28 84
f 178 131 28
f 1837 1933 178
f 1933 131 178
f 43 84 90
f 43 178 84
f 1665 178 43
f 1837 178 1665
f 1237 1933 1837
f 1457 1933 1237
f 1457 1719 1933
f 420 1719 1457
f 1573 1719 420
f 1573 224 1719
f 1573 1783 224
f 379 1783 1573
f 379 1554 1783
f 1208 1554 379
f 226 379 1573
f 1797 379 226
f 530 379 1797
f 118 1573 420
f 226 1573 118
f 615 530 1797
f 1554 788 1783
f 1017 1954 246
f 64 1954 1017
f 246 1954 1991
f 1954 1843 1991
f 1954 1968 1843
f 64 281 1954
f 423 1019 65
f 1061 1019 423
f 1061 1225 1019
f 1225 1061 911
f 1191 911 1554
f 1225 1191 1114
f 1191 1225 911
f 1225 1114 1019
f 1208 1191 1554
f 1191 572 1114
f 572 1191 1208
f 1019 1852 65
f 1019 263 1852
f 1114 263 1019
f 263 1114 572
f 1341 572 1208
f 263 572 1341
f 667 1208 379
f 1341 1421 471
f 1421 1208 667
f 1421 1341 1208
f 65 1297 64
f 1852 1297 65
f 263 471 1852
f 471 263 1341
f 530 667 379
f 410 667 530
f 1421 410 471
f 1421 667 410
f 1852 1384 1297
f 471 1384 1852
f 1384 471 410
f 410 980 1384
f 410 1471 980
f 1471 410 530
f 1297 281 64
f 1384 980 1297
f 1196 1471 615
f 1471 1196 980
f 1471 530 615
f 1297 311 281
f 980 311 1297
f 311 980 1196
f 911 788 1554
f 1851 1950 7
f 1785 1950 1851
f 1785 796 1950
f 306 796 1785
f 1699 306 1785
f 1999 306 1699
f 1999 1417 306
f 1999 1451 1417
f 1898 1451 1999
f 1779 14 1451
f 476 14 1779
f 476 1726 14
f 1929 1726 476
f 1779 1451 1898
f 1666 1929 476
f 1666 90 1929
f 1280 90 1666
f 951 1837 1665
f 1280 43 90
f 1819 43 1280
f 1819 1665 43
f 951 1665 1819
f 1608 951 1819
f 951 1237 1837
f 978 1237 951
f 1457 1237 978
f 1758 420 1457
f 1598 420 1758
f 1598 118 420
f 1758 1457 978
f 978 951 1608
f 212 1598 1758
f 121 1289 1742
f 1299 1797 226
f 1299 1072 1797
f 1072 615 1797
f 239 226 118
f 1299 226 239
f 239 118 1598
f 855 1299 239
f 239 1598 1266
f 896 855 239
f 1266 1598 212
f 1742 239 1266
f 896 239 1742
f 1289 896 1742
f 1843 214 902
f 214 1330 902
f 1968 214 1843
f 1968 391 214
f 281 406 1954
f 406 400 1954
f 1954 883 1968
f 400 883 1954
f 406 1135 400
f 883 474 1968
f 474 391 1968
f 400 467 883
f 474 1004 391
f 883 338 474
f 467 338 883
f 338 467 1454
f 594 1289 121
f 645 1289 594
f 645 1454 1289
f 1454 645 338
f 474 455 1004
f 338 455 474
f 338 645 455
f 1196 1105 311
f 1196 575 1105
f 575 1196 615
f 281 1291 406
f 281 1210 1291
f 311 1210 281
f 311 1105 1210
f 1072 575 615
f 666 575 1072
f 575 666 1105
f 1210 440 1291
f 1105 440 1210
f 440 1105 666
f 1148 1072 1299
f 666 349 440
f 666 1148 349
f 1148 666 1072
f 1291 566 406
f 440 566 1291
f 566 440 349
f 295 1299 855
f 295 1148 1299
f 349 1006 566
f 349 295 1006
f 295 349 1148
f 566 1135 406
f 566 1704 1135
f 1704 566 1006
f 450 295 855
f 1582 295 450
f 295 1582 1006
f 1135 1290 400
f 1290 393 1582
f 1704 1290 1135
f 1704 393 1290
f 393 1006 1582
f 393 1704 1006
f 314 450 896
f 450 855 896
f 536 450 314
f 1582 536 1290
f 1582 450 536
f 1290 467 400
f 467 1290 536
f 1289 314 896
f 1454 314 1289
f 536 1454 467
f 536 314 1454
f 1801 1765 71
f 1801 66 1765
f 180 66 1801
f 180 1922 66
f 180 1638 1922
f 198 180 1801
f 917 180 198
f 66 7 1765
f 66 1851 7
f 66 1785 1851
f 1922 1785 66
f 1922 1699 1785
f 1638 1699 1922
f 917 1638 180
f 1470 1638 917
f 1470 1254 1638
f 154 1254 1470
f 154 188 1254
f 154 1390 188
f 1232 154 1470
f 1928 154 1232
f 1254 1699 1638
f 1254 1999 1699
f 188 1999 1254
f 188 1898 1999
f 1390 1898 188
f 1928 1390 154
f 1928 1700 1390
f 103 1700 1928
f 103 725 1700
f 79 725 103
f 1534 725 79
f 1390 1779 1898
f 1700 1779 1390
f 1700 476 1779
f 1848 476 1700
f 1848 1666 476
f 1848 1280 1666
f 725 1848 1700
f 70 1848 725
f 1534 70 725
f 56 70 1534
f 56 1871 70
f 1780 1871 56
f 1780 1294 1871
f 70 1280 1848
f 1871 1280 70
f 1871 1819 1280
f 1294 1608 1871
f 1608 1819 1871
f 1780 1796 1294
f 1965 1796 1780
f 1965 1456 1796
f 1861 1456 1965
f 120 1456 1861
f 120 139 1456
f 1796 1608 1294
f 1796 978 1608
f 1456 978 1796
f 1456 1758 978
f 212 1758 1456
f 139 212 1456
f 120 1644 139
f 191 1644 120
f 191 1972 1644
f 1972 1466 1644
f 1466 1502 1644
f 1649 1972 191
f 1903 191 120
f 1490 191 1903
f 1490 1649 191
f 139 1266 212
f 1644 1266 139
f 1644 25 1266
f 25 1742 1266
f 25 121 1742
f 1502 25 1644
f 1344 25 1502
f 1330 1258 902
f 902 1561 1630
f 902 1469 1561
f 1258 1469 902
f 1330 933 1258
f 1258 1023 1469
f 1258 529 1023
f 1258 727 529
f 933 727 1258
f 933 712 727
f 712 709 395
f 709 712 933
f 391 1079 214
f 1079 546 214
f 214 190 1330
f 214 354 190
f 546 354 214
f 1079 958 546
f 546 1283 354
f 546 839 1283
f 839 958 1516
f 958 839 546
f 738 1466 1972
f 1051 738 1972
f 839 1051 1283
f 839 738 1051
f 1516 738 839
f 738 1516 1466
f 1330 792 933
f 1330 1309 792
f 190 1309 1330
f 190 910 1309
f 190 767 910
f 354 767 190
f 354 273 767
f 273 1283 1051
f 1283 273 354
f 299 1972 1649
f 1153 299 1649
f 273 1153 767
f 273 299 1153
f 1051 299 273
f 299 1051 1972
f 792 709 933
f 1309 910 979
f 910 1153 979
f 910 767 1153
f 1190 1043 1490
f 1043 979 1490
f 979 1649 1490
f 395 1496 1190
f 1496 1043 1190
f 1309 1496 792
f 1309 1043 1496
f 979 1043 1309
f 979 1153 1649
f 709 1496 395
f 709 792 1496
f 602 594 121
f 718 594 602
f 645 718 455
f 645 594 718
f 391 631 1079
f 1004 470 391
f 470 816 865
f 1004 816 470
f 816 718 865
f 455 816 1004
f 816 455 718
f 1893 602 25
f 602 121 25
f 865 1261 470
f 865 975 1261
f 975 602 1893
f 718 975 865
f 718 602 975
f 391 864 631
f 864 1215 1261
f 470 864 391
f 470 1215 864
f 1215 470 1261
f 1344 1893 25
f 973 1045 1344
f 1261 973 864
f 1261 1045 973
f 1045 1893 1344
f 975 1045 1261
f 1045 975 1893
f 631 437 1079
f 864 437 631
f 864 973 437
f 748 1344 1502
f 973 748 437
f 748 973 1344
f 1079 971 958
f 971 437 748
f 437 971 1079
f 1466 266 1502
f 266 748 1502
f 1516 266 1466
f 971 1516 958
f 971 266 1516
f 748 266 971
f 1585 71 140
f 1585 1801 71
f 1585 198 1801
f 1753 198 1585
f 1753 917 198
f 1753 1470 917
f 76 1470 1753
f 76 1232 1470
f 46 1232 76
f 46 1928 1232
f 1567 1928 46
f 1567 103 1928
f 1567 79 103
f 1987 1534 1567
f 1534 79 1567
f 1987 56 1534
f 1548 56 1987
f 1548 1780 56
f 1548 1965 1780
f 1943 1965 1548
f 1943 1861 1965
f 274 1903 1943
f 1903 1861 1943
f 1510 237 274
f 237 1903 274
f 237 1490 1903
f 1026 237 1510
f 237 1190 1490
f 407 1026 1510
f 1679 1396 1510
f 1396 1020 1510
f 1020 407 1510
f 1903 120 1861
f 1026 439 237
f 439 654 237
f 654 1277 237
f 1277 1190 237
f 264 1396 1679
f 264 468 1396
f 1561 264 1630
f 1561 468 264
f 468 1020 1396
f 468 663 1020
f 1561 663 468
f 663 407 1020
f 663 683 407
f 1469 663 1561
f 1469 683 663
f 683 1026 407
f 683 1030 1026
f 1023 683 1469
f 1023 1030 683
f 1030 439 1026
f 529 1030 1023
f 529 439 1030
f 727 439 529
f 727 654 439
f 712 654 727
f 712 1277 654
f 395 1277 712
f 1277 395 1190

