# https://github.com/mikedh/trimesh
v -0.11479705 0.33080524 -0.01254195
v -0.30316874 -0.07798357 -0.88369471
v 0.33874854 -0.08015870 -0.07614851
v -0.27228197 0.10328542 0.87724638
v -0.00392430 0.29800576 0.86681008
v -0.21730623 -0.27383995 0.48232427
v -0.29238605 0.19132163 0.04112794
v -0.09896044 -0.28968105 0.86265945
v -0.16350774 0.30662662 -0.80197293
v 0.11476413 -0.33092871 0.63900155
v 0.19725315 0.20495987 -0.89610541
v 0.26929221 -0.21388596 0.79889423
v 0.32982394 0.11698341 0.01742007
v 0.06227699 -0.31715104 -0.87392277
v -0.06334779 0.27969289 0.87982911
v -0.11430705 0.33094022 -0.51497072
v 0.27198315 -0.21934035 0.10810193
v 0.33875966 0.08110003 -0.44910648
v 0.23997998 -0.21572553 -0.87485111
v -0.17780459 -0.25945842 -0.88326901
v 0.27492151 0.12027722 -0.89064139
v -0.21804756 -0.27269858 -0.76832521
v 0.32927877 0.11807716 0.13437054
v -0.24047811 -0.22625805 0.83231741
v -0.15084760 -0.30102536 -0.85982418
v 0.04098983 0.25766078 0.89167458
v -0.21067889 -0.23787546 -0.88240594
v -0.00980213 -0.30929261 -0.88419843
v -0.06209656 -0.27251953 -0.89702237
v -0.25184271 -0.23113006 0.80462170
v -0.17048055 -0.24349719 0.86855918
v -0.06624193 -0.33501554 0.79343325
v -0.23770018 -0.21888790 -0.87844461
v -0.17061417 -0.26403472 0.85164863
v 0.29760543 -0.00185498 -0.89119226
v 0.32408032 -0.12913172 0.13720606
v -0.00231777 0.33905321 -0.82603651
v -0.33874714 -0.07062860 -0.64476341
v 0.19704005 -0.28941011 -0.72517681
v -0.11307070 -0.33157706 -0.01891430
v 0.08068603 0.33884463 0.65310919
v -0.32717043 -0.12285478 -0.19132712
v -0.14820808 -0.28083876 0.84667635
v -0.32817408 -0.12040855 -0.58941305
v -0.27576205 -0.06276624 -0.89681959
v -0.24330068 0.15052339 -0.89548856
v -0.27509174 0.17366977 -0.86873138
v 0.10778251 0.26171982 0.88146251
v 0.16367833 0.11674301 0.89762533
v -0.29223388 0.10598174 -0.88310736
v -0.02664862 -0.32385331 -0.86970645
v 0.16071641 0.25808981 -0.88813823
v -0.32735154 -0.05632327 0.83046436
v -0.30820104 0.01139698 -0.88281596
v 0.27645409 0.21056670 0.78721249
v -0.12006468 -0.21275909 0.89586866
v -0.24814644 -0.00142203 0.89548951
v 0.33099195 0.11446162 -0.05822859
v 0.21609826 -0.27505261 0.28982157
v 0.04810433 0.00190860 -0.84575129
v 0.31859237 -0.00121493 -0.87851143
v -0.20267864 0.23858869 -0.88347584
v 0.30239955 0.07471016 -0.88619125
v -0.29203644 0.19172254 -0.31353125
v 0.24522991 -0.23170267 -0.85087216
v 0.17152624 0.28619939 -0.85868633
v 0.07969210 -0.33889571 -0.20541227
v 0.29374722 0.09407188 -0.88681579
v 0.01797888 0.29733655 -0.88998646
v 0.07412253 -0.33902109 0.73903716
v -0.27152348 0.21963713 0.65460789
v 0.08820706 0.30472890 -0.87800473
v -0.12989964 -0.17978860 0.89756340
v -0.27568603 -0.02114583 0.88378626
v -0.29251081 -0.10452093 0.85987002
v -0.28135809 0.08494806 -0.89264858
v -0.11001365 -0.25697568 -0.89690858
v -0.29452717 -0.03968737 0.86927217
v 0.29145169 -0.19242035 -0.80442166
v -0.10049892 0.27725556 -0.89200032
v 0.21744671 -0.27379093 0.33022419
v 0.27370819 -0.19038773 -0.86029923
v -0.25271788 0.21170960 -0.86574078
v 0.09336242 -0.25154522 -0.89699692
v -0.33787763 0.08980336 -0.33706754
v -0.27390212 0.21665064 -0.46718177
v 0.00729997 -0.00922050 -0.83753139
v 0.28450012 -0.19603020 -0.83356786
v -0.29391551 0.13327765 -0.87066674
v -0.32876375 0.11887632 -0.43448055
v 0.08110080 -0.32350558 -0.85877228
v -0.26813322 -0.22301118 -0.67409569
v -0.08054250 0.33898732 0.51088220
v 0.00850634 -0.29329875 0.87114143
v 0.28334332 -0.16129480 0.84398377
v 0.25864682 0.19168513 -0.87604558
v -0.33012950 -0.11616299 -0.52261633
v 0.14788026 -0.19090278 0.89729470
v -0.33620992 -0.09764809 0.14260603
v -0.27520227 -0.21548967 -0.14247032
v 0.25209054 -0.03724657 -0.89758438
v 0.08191569 0.32189205 -0.85586369
v 0.04039104 -0.31755471 -0.87859452
v -0.29064503 0.19422570 -0.18608521
v -0.03191303 0.33576906 0.80461949
v 0.33002988 0.11653467 0.05822670
v 0.27383596 -0.21732211 0.38658914
v -0.08941618 0.31889787 -0.86001748
v 0.21907845 0.27185431 0.39874890
v 0.20947675 -0.28129965 0.09616698
v 0.24366076 0.22692049 0.83261591
v -0.08472113 -0.33806047 0.73414439
v 0.18315843 0.04976232 -0.89647168
v -0.20092788 -0.21637964 -0.89351076
v -0.33867541 -0.08580466 0.64427048
v 0.32983974 0.11696628 -0.33194950
v 0.26710543 0.14501245 -0.88811612
v 0.05052050 0.28821021 0.87330705
v 0.23378763 0.19504644 -0.88830882
v -0.30196705 0.12368706 0.84396118
v 0.29623187 0.07167001 0.86383557
v -0.12393556 -0.30262855 0.83234107
v -0.22107974 -0.05988638 -0.89751327
v 0.17491628 -0.27600977 -0.86636710
v -0.22055444 -0.22154333 -0.88574111
v 0.19655220 0.28962898 0.36834043
v 0.08509403 -0.33852437 -0.51225036
v 0.19411963 -0.29103717 -0.01023090
v -0.23238134 -0.21476835 0.85267979
v -0.29449207 -0.06631342 -0.88986737
v 0.25016150 0.23013149 -0.84747523
v 0.21028343 0.23971631 -0.87834972
v 0.14671642 0.28223690 -0.87782168
v 0.21720397 -0.27403572 0.68494409
v 0.11578806 0.08577987 -0.88811380
v 0.29140115 0.19335499 -0.08108188
v 0.25483552 0.12968722 -0.89616132
v 0.23742153 -0.20363095 0.86081380
v -0.28942016 -0.19662902 0.45911101
v 0.27558419 -0.21548791 -0.50974184
v 0.26350060 0.13901652 0.86784703
v -0.00795980 0.29708698 -0.89214623
v 0.04338555 -0.32926458 -0.85968763
v 0.03786976 -0.27991718 -0.89621824
v 0.27415594 0.21682405 0.05799960
v -0.26724377 0.01469828 0.88848805
v 0.32501391 0.05503296 0.83140904
v -0.09664205 0.30044892 -0.88077784
v -0.15713783 -0.31005341 -0.80902094
v 0.33431789 0.10463476 0.28808329
v -0.04022588 0.16786879 -0.89483076
v 0.04385773 -0.32598484 0.83559936
v -0.18085387 0.18430117 -0.89748645
v -0.33876434 -0.08224410 0.00245616
v -0.19582683 0.21403225 -0.89527839
v -0.33876240 -0.08109646 -0.18561189
v 0.23001859 -0.23848371 -0.86255854
v -0.05399390 0.28915226 -0.89467221
v -0.21301612 -0.26800853 -0.84721768
v 0.28953934 -0.19676888 -0.24225177
v -0.19882457 -0.18579701 0.88565028
v -0.32828337 -0.12033962 -0.03020826
v -0.29089454 0.19423012 0.45735893
v -0.29222858 -0.19098203 -0.80062985
v -0.28752697 0.01665320 -0.89493048
v 0.26645130 -0.21909472 -0.83480644
v -0.00912000 0.27733198 0.88373274
v 0.19285673 -0.28879195 -0.81838286
v -0.27677751 -0.21364257 0.32139742
v -0.19441044 0.29064897 0.13304862
v 0.15012641 -0.31032664 -0.83083278
v -0.15634993 0.20917659 -0.89737791
v -0.11594219 0.33024180 -0.43895069
v -0.04624467 -0.29512796 -0.89112788
v 0.01946312 -0.31732860 -0.87961590
v 0.07435647 0.33456010 0.78868186
v 0.30446395 -0.14327663 0.82595843
v 0.10074119 0.30794704 0.84480560
v 0.33649367 0.09708975 -0.24035974
v 0.06164293 0.31711563 -0.86961490
v -0.04410970 -0.30034825 0.86615956
v -0.11262372 -0.33171767 -0.09781212
v -0.07940447 0.33889732 -0.72114140
v -0.03621168 -0.32227659 0.84232998
v 0.33860859 -0.08206665 0.30946091
v 0.19350889 -0.15827620 0.89560390
v 0.11901496 -0.26277122 -0.89483106
v -0.27200571 0.14106727 -0.88521463
v 0.32898960 -0.11723275 -0.80321020
v 0.09763730 0.27775499 -0.89190215
v 0.12948339 -0.31752500 -0.83932048
v -0.25368142 0.18810034 0.85644704
v -0.11571932 0.33036003 -0.30457708
v 0.30366275 0.15700021 0.80195421
v 0.29125494 0.19349593 -0.50123876
v 0.11466890 0.33095089 0.48375079
v 0.15387800 -0.23680007 -0.89657551
v -0.31382036 -0.03572309 -0.87592721
v -0.06822602 -0.32411307 0.82720363
v -0.21657759 -0.27439433 -0.00895055
v 0.19750707 -0.01798070 -0.89000946
v -0.07940250 -0.31626177 -0.86738241
v -0.33884323 0.08247454 0.49517259
v -0.00169816 -0.33844480 -0.83159721
v -0.30571240 0.16495530 -0.79382885
v -0.21327658 -0.23613475 0.84880102
v 0.12655032 0.27599594 -0.88735265
v -0.25089976 -0.24076392 -0.80679673
v -0.33861578 -0.08275431 -0.54759133
v -0.17310812 -0.21629977 0.88257569
v 0.31158137 0.05370638 0.85097063
v -0.29257733 0.19118874 0.52778542
v 0.16935849 -0.29450089 -0.84369373
v -0.21931708 -0.27162868 -0.60915518
v -0.19679326 0.28932831 0.09146080
v -0.25614333 0.12472241 -0.89586985
v 0.18943480 0.28631878 -0.83796638
v 0.11370551 -0.33137667 -0.64371806
v -0.30097005 0.16642348 -0.82516366
v 0.22839424 0.25331801 -0.84288871
v 0.19200554 -0.29218167 -0.10477626
v -0.06695416 -0.23423994 0.89511997
v 0.20707504 -0.18356179 0.88514948
v -0.22037439 0.24332413 -0.86786091
v 0.13792884 -0.27829131 -0.88316357
v 0.32174718 -0.12677519 -0.82901645
v -0.12068733 0.27693212 -0.88771260
v 0.20723513 -0.13301264 0.89689302
v 0.19821961 0.26949883 0.83046085
v 0.24339885 0.24189091 0.80852556
v -0.23082453 -0.24788156 -0.85378975
v 0.32132494 0.02751128 0.84206015
v 0.29271352 0.09677061 0.86136293
v 0.17024322 -0.25574413 -0.88582611
v 0.32398352 0.02793946 -0.87379622
v -0.32356402 -0.09622314 0.81392425
v 0.33879840 0.07631148 0.35473338
v -0.00315739 -0.13409911 -0.87111646
v 0.33372456 -0.04300999 -0.84471452
v -0.29079956 0.19446783 0.64846641
v 0.21886146 -0.27247944 -0.47815040
v 0.08043991 0.19898364 0.89769095
v 0.19674939 -0.24257287 -0.88385075
v -0.07229137 -0.29538867 0.86574954
v -0.04958224 0.32578856 -0.86663854
v -0.05361321 -0.31816760 -0.87228537
v -0.26777184 0.10150298 -0.89584631
v 0.02411683 -0.09359753 -0.86030662
v -0.09311250 0.27398869 0.87771297
v 0.21819539 0.27306688 -0.58656967
v 0.17496973 -0.26307592 0.85392874
v -0.31221816 0.02629301 0.85251379
v 0.19686319 0.28944856 0.16089515
v -0.28236184 0.04325681 -0.89558870
v 0.22253822 0.25187016 0.82731843
v 0.32070240 0.09432789 0.82058328
v -0.28496185 -0.00896361 -0.89536351
v 0.33182094 -0.00051049 -0.85826826
v 0.27453053 -0.21664257 -0.27401412
v 0.19413577 -0.29102400 -0.56309694
v 0.02823872 0.33856982 0.78583574
v 0.14260359 -0.30369979 0.82597548
v 0.33859241 -0.02078597 -0.82424510
v -0.31490183 -0.08007110 -0.86896884
v -0.16748196 -0.18592641 0.89480370
v -0.02813229 0.28954506 -0.89533007
v -0.04587263 0.30933505 -0.88448477
v -0.33153668 0.11264630 0.11958599
v -0.31266466 0.06138796 -0.87398779
v -0.12081920 0.20892553 0.89643395
v 0.19038293 -0.29305488 0.23927790
v 0.21909073 0.27196309 0.12965997
v -0.01702251 -0.28875121 -0.89488548
v 0.33307207 -0.10596359 0.39678749
v -0.31227079 -0.09361919 0.83968818
v 0.28639817 -0.02404507 0.87074417
v 0.03417584 0.32465878 0.83608973
v -0.12515627 0.26679954 0.87365669
v -0.24378192 -0.05402423 0.89515108
v 0.27858186 0.07818735 -0.89614463
v -0.24940979 -0.19139060 0.85714900
v 0.28918985 0.05433496 -0.89437640
v 0.05377975 -0.30020016 -0.88907307
v 0.22933540 0.26080760 0.78727829
v 0.02971976 0.06459827 -0.85650617
v -0.33803612 -0.08365028 0.72479415
v 0.26384997 -0.14471224 0.86915547
v -0.33695859 -0.00056382 0.80499738
v -0.31376168 -0.05879186 -0.87439567
v -0.18965147 -0.29319066 -0.68478668
v 0.33713946 -0.09106894 0.71340317
v 0.32338658 0.11290685 -0.83625597
v -0.32835594 0.01458300 0.82966936
v 0.08040345 0.33892658 0.17084412
v -0.32836419 -0.12016830 0.16688812
v -0.27775037 -0.14284195 0.85906172
v -0.33861536 -0.08581372 0.20957425
v 0.08052734 -0.33406812 -0.83450645
v -0.29053056 -0.19475533 0.20604093
v 0.27606222 -0.21489634 0.56965792
v -0.22068645 0.27042314 0.45314685
v 0.33838975 -0.00658649 0.78907806
v -0.27611160 0.21459439 0.11680751
v -0.12536159 -0.30876544 -0.86197674
v 0.10311855 -0.27862659 -0.89151424
v 0.09829575 0.33585638 -0.77088553
v 0.28152981 -0.20838653 0.30846176
v -0.33877033 -0.08369750 0.06689152
v -0.15974836 0.30339319 -0.83248633
v -0.28579429 0.03160854 0.87773973
v 0.32975510 -0.11699024 -0.56437171
v -0.19199824 -0.29194805 0.70674247
v 0.19356258 0.29122090 -0.76016730
v -0.33606100 -0.07897240 -0.81260920
v 0.23769531 -0.11546666 -0.89722699
v -0.31948268 0.11670040 0.80861533
v 0.15106378 -0.29397514 -0.86122042
v -0.25313628 0.23251061 0.79984862
v -0.28724122 -0.06903110 0.87233156
v -0.33046496 0.11547692 -0.02657634
v -0.27351770 -0.21727870 -0.30012310
v 0.00097869 -0.32255331 -0.87269038
v -0.16903482 0.26930761 -0.87751788
v -0.01980614 -0.33868840 0.78762531
v -0.25714982 0.18544650 -0.87893206
v 0.00042176 -0.31434414 0.85358608
v 0.05698549 -0.33477339 -0.84345704
v 0.23486227 -0.25627664 0.77613169
v -0.19501697 0.29049745 -0.25456655
v -0.27210087 0.21876307 -0.25339943
v 0.27524611 0.21547392 0.53657919
v 0.08706853 -0.32107776 0.83198631
v -0.19893278 0.28783932 0.35928321
v 0.16778830 0.16184774 0.89578050
v -0.27345389 0.21718571 -0.42144108
v 0.33695826 -0.05478026 0.79337293
v 0.18925351 0.25766036 -0.87826073
v -0.11623472 0.33006492 -0.66289228
v -0.32688507 -0.12340659 -0.12682988
v -0.11467810 -0.33088103 0.22480693
v 0.00914230 -0.29133299 -0.89424837
v 0.32983854 -0.11669775 -0.46459499
v -0.11347639 0.33140254 -0.20160128
v 0.27342907 -0.21778955 -0.02728618
v -0.13327859 -0.29248920 -0.87675965
v 0.11512593 0.01194925 -0.86833268
v -0.21620631 0.22702588 -0.88372576
v 0.27423516 -0.21693136 0.34347379
v 0.33870056 0.07611535 0.54701144
v 0.11371471 0.33136022 -0.03149620
v -0.04044576 -0.33432588 0.81189477
v -0.08077364 0.33896986 -0.12541245
v 0.33482087 0.02723308 -0.85165054
v -0.28147149 0.20855089 0.50024098
v -0.10723352 0.24377567 0.88936067
v -0.23415518 0.25331542 -0.83016145
v -0.04388856 0.33902925 -0.81786454
v -0.15155819 0.28529444 -0.86988205
v 0.11724900 -0.32974443 -0.46252853
v 0.22002020 0.15209417 -0.89712149
v 0.32959071 0.11723865 0.62259859
v 0.28950411 -0.04458085 -0.89434355
v -0.05926301 0.25899175 -0.89730346
v -0.11673135 -0.32988721 0.65840662
v -0.29030225 0.19513056 -0.00830519
v 0.06263283 0.30073023 -0.88532174
v -0.08203690 -0.33843094 -0.21499540
v -0.22412345 -0.19465691 0.87025541
v -0.27350992 -0.18680023 0.83614284
v -0.29660773 -0.03130504 -0.89006811
v 0.19860268 -0.27430928 -0.84594798
v 0.27796233 -0.21274136 -0.70129311
v 0.11628585 -0.31009030 0.83356237
v -0.09303971 -0.30712569 0.84496737
v 0.22586791 0.07839866 0.89470357
v 0.14550784 0.10589921 -0.89728498
v 0.21670796 0.27444971 -0.64014328
v -0.20318428 -0.25488040 -0.87491900
v -0.33685523 0.09436148 0.41232938
v 0.25934583 -0.16959174 0.86383998
v -0.29117435 -0.19348899 -0.02733125
v -0.16146168 0.23767139 -0.89580822
v 0.29158500 0.19304766 0.47132578
v 0.16407116 0.30539691 -0.82262981
v -0.32780454 -0.12147859 0.56687033
v 0.07061873 -0.16137478 -0.89318508
v 0.33851677 -0.07988454 0.67907584
v 0.17796750 0.27399319 0.84527624
v -0.27582103 0.21488880 0.19709605
v 0.19626753 -0.26706770 0.83170116
v -0.19453140 0.29076490 -0.75844127
v 0.11214498 0.29338288 -0.88038653
v 0.30870077 0.12989989 0.82146239
v -0.08140174 -0.33843112 -0.47845280
v 0.29322353 -0.08936727 -0.88705528
v 0.01853087 0.31893325 -0.87612575
v -0.26039711 -0.14186361 -0.89172137
v -0.33872575 0.05543429 0.77289253
v -0.32938454 -0.05027718 -0.84812236
v -0.12382339 -0.28337008 0.85778683
v -0.02609623 -0.24088623 0.89407194
v -0.21944197 -0.27179679 0.07505459
v 0.04059717 0.31859824 -0.87377131
v -0.21817850 -0.12619735 0.89524299
v 0.08655346 -0.30184382 0.85821605
v -0.33881178 -0.07011701 0.39417872
v -0.32755321 0.07707699 0.81345564
v 0.08100180 0.33872795 -0.59850198
v -0.30880201 0.11648049 -0.86109948
v 0.31100047 0.07993069 0.84588736
v 0.32986936 0.11662471 0.58095264
v 0.33812028 0.08468917 -0.79880941
v -0.04912444 -0.27350312 0.88152975
v -0.16740735 -0.30283132 -0.83622891
v 0.11510069 -0.30798906 -0.86485082
v -0.11643390 -0.33008483 -0.54698467
v 0.29345456 -0.18966201 -0.61709815
v 0.27188247 0.21935484 -0.27711576
v -0.01098283 -0.32926983 0.83007407
v -0.33849141 0.07630245 -0.64940947
v 0.26949897 -0.08578254 0.87887335
v -0.18993117 0.13663070 0.89683515
v 0.33693540 0.09512594 0.42858031
v 0.32926694 -0.11800807 -0.30411851
v -0.29061425 -0.19422853 -0.48678178
v 0.15620717 -0.27355298 -0.88020110
v 0.17691392 0.29051238 0.81198514
v -0.07850640 0.33897740 -0.22955760
v -0.18149880 0.25892749 0.85598832
v -0.27127376 -0.16013692 -0.88207227
v 0.20645580 0.03258321 -0.89696276
v 0.19610165 0.25546584 0.85061318
v -0.10236122 -0.32033166 0.81143302
v -0.19322483 0.29106057 0.66012144
v -0.28871539 0.18396248 0.80604994
v 0.09197484 -0.01268256 -0.85828155
v 0.28430310 0.14222206 0.85088331
v -0.32978055 0.11678556 -0.55492288
v 0.09400985 -0.24128358 0.89075005
v -0.33875316 -0.07260135 -0.46286479
v -0.27684182 -0.21347219 -0.77625048
v 0.27388412 -0.21728225 0.52815610
v 0.22827286 -0.06547248 0.89641476
v 0.21606658 0.27452108 0.69944990
v 0.29210287 0.19203591 0.06798665
v -0.18781492 0.23305354 0.87065047
v 0.07772642 0.32164025 0.82977015
v 0.27639344 -0.21459280 -0.32216617
v -0.24264899 -0.10754959 0.88975567
v -0.07475878 0.33903605 -0.59244859
v -0.32944900 0.11749066 -0.46998769
v -0.32933712 -0.01490934 -0.84967768
v 0.13296749 0.31833377 -0.82760191
v 0.24099573 -0.09239154 0.89150399
v -0.19035517 -0.29292887 -0.10066267
v -0.03317117 -0.30998835 -0.88360894
v -0.32845888 0.11959979 -0.35061923
v -0.29635879 -0.04921762 -0.88995594
v -0.24666966 -0.22432761 -0.86342245
v 0.33499849 0.10176419 -0.42738011
v -0.05608251 0.22709619 0.89758545
v 0.28188375 -0.20806067 -0.64015698
v 0.25553566 -0.05201387 0.88647872
v 0.11487360 0.33083829 0.58221155
v -0.27455342 0.21614495 -0.15679197
v -0.17839043 -0.29242703 0.79636705
v 0.08092701 -0.33892706 0.17194353
v -0.15354565 -0.08143991 -0.89664513
v 0.00510793 -0.03813761 -0.84176487
v 0.19227302 0.29198551 0.31396857
v -0.27242815 0.21867751 0.30209109
v -0.15387605 -0.26078898 -0.88909358
v 0.09433500 0.23183978 0.89539754
v 0.13872458 0.28494674 0.85822546
v -0.26845217 -0.05093635 0.88641244
v 0.29185382 0.19248115 -0.32703778
v -0.22049585 -0.27084994 0.37459075
v -0.02747851 0.32288545 -0.87506074
v 0.33211547 -0.02328493 0.82068038
v -0.11066064 0.33253995 0.32063001
v 0.33141622 -0.11253329 -0.74561018
v 0.11500738 0.33077341 -0.23118319
v 0.29147792 -0.19312112 0.37502807
v 0.26738179 0.16583678 0.85616803
v 0.02498493 -0.21584490 -0.89479762
v 0.01939444 0.27848527 0.88215744
v 0.26016417 -0.21037857 -0.85868335
v 0.33823857 -0.08500159 0.59182924
v -0.32718682 -0.08224911 -0.84434026
v 0.33887437 0.08251256 -0.60580504
v 0.21688114 -0.27435413 0.56555623
v -0.14386699 0.30065510 -0.85354620
v -0.30541730 0.08765977 -0.87768090
v -0.02958701 0.33487165 -0.85092819
v 0.11566810 -0.33045012 -0.74409974
v -0.27037495 -0.21759957 -0.82624209
v -0.27355713 -0.21724546 -0.05326656
v -0.22545220 -0.19899066 -0.89157593
v -0.27155158 0.21708243 -0.81766999
v 0.33883095 0.08066947 -0.11577968
v 0.29353926 -0.18944225 -0.76521665
v -0.28852433 0.19834305 0.37699190
v 0.26170537 -0.18884265 0.84924024
v -0.30183354 -0.09781180 -0.88124156
v -0.14035045 -0.23424666 0.88392514
v 0.29586914 -0.13178192 -0.87257826
v 0.29255134 0.19126514 0.65518278
v 0.29506859 -0.02262591 -0.89255565
v 0.07426767 0.33885145 -0.30559310
v -0.10137364 -0.23116478 0.89269483
v 0.18203136 0.20643121 0.88139641
v 0.04185540 0.29369745 -0.89086109
v -0.29165593 0.19233474 -0.44745278
v 0.14593494 -0.03833750 -0.88032144
v 0.29286620 0.16920204 -0.85003722
v 0.27603534 -0.21492143 0.67554808
v 0.02865697 -0.16015619 -0.88103360
v -0.17682624 -0.05824384 -0.89635903
v 0.11941136 -0.01812342 -0.86742985
v 0.27333048 -0.21787737 0.48375651
v -0.30307886 0.05150107 0.86139441
v 0.32542789 0.12635268 -0.48680404
v -0.10689171 0.31599304 0.82270515
v 0.33112398 0.11432955 -0.66840404
v 0.33876199 0.08067812 0.31473771
v 0.33144379 0.05268019 -0.85612881
v 0.25303671 -0.00975375 0.88746804
v -0.26997727 0.19504637 -0.86123186
v 0.07047207 -0.27729699 0.87739652
v -0.11639704 -0.26138741 0.87642682
v -0.21802759 0.27329838 -0.54394811
v -0.21441197 0.27276629 -0.82252425
v -0.03932532 0.30797395 0.85610098
v -0.11539193 0.32927594 0.71582186
v 0.21534011 0.18424007 -0.89656693
v -0.20479651 0.19708954 -0.89636928
v 0.08091289 -0.33890060 -0.08235810
v 0.28759614 0.13244636 -0.88063341
v 0.33441451 0.05556725 0.80535644
v -0.11514082 0.33026895 0.67613149
v 0.20775668 0.21673799 0.86798209
v -0.33857444 -0.08296136 -0.50283992
v -0.14610606 -0.20481314 0.89386195
v -0.18622562 0.27113232 -0.86514133
v 0.16566272 -0.30220604 0.79543692
v -0.19652227 0.27674362 -0.84583914
v 0.33070302 0.11464160 0.54196978
v 0.31271830 0.11573809 -0.86020178
v 0.33671027 0.09549052 -0.48557156
v -0.13239710 0.23288186 -0.89718354
v 0.09684667 0.14283453 -0.89575553
v 0.27351215 -0.21770035 -0.55541730
v 0.31074551 -0.03983608 -0.88281178
v -0.08243171 -0.33841914 0.63156193
v -0.15690289 -0.28063363 -0.87715769
v 0.32873148 0.11919516 0.09405918
v -0.07883878 0.33894068 -0.68140435
v -0.33877566 -0.08368514 0.43797830
v 0.29135585 0.19339956 -0.21447739
v 0.00992006 0.32259172 0.83930075
v -0.29005903 -0.19550851 0.01866978
v -0.32888296 0.11907151 0.32400814
v 0.24437387 -0.23936364 0.80489701
v 0.05035574 0.33280897 0.81421208
v 0.31283337 -0.08098955 -0.87326163
v -0.33855465 0.08397999 -0.27055892
v 0.00546803 -0.19030453 -0.88594371
v -0.24099082 -0.08059899 0.89423406
v 0.29116184 -0.19379300 0.02328996
v -0.32740724 0.05842827 -0.85251659
v -0.33556595 -0.10034888 0.39360970
v -0.21309203 -0.27747315 -0.28825426
v 0.12080306 0.12097967 -0.89671624
v 0.22398581 -0.22399943 0.85471261
v 0.07870609 -0.33896068 0.07839601
v -0.29166543 0.14991157 0.84130198
v -0.29149750 0.19317544 0.72219926
v -0.28312516 -0.17567444 -0.86173546
v 0.08313347 0.33870193 -0.51060343
v -0.00337558 0.16971433 -0.88506627
v 0.28770441 0.15889427 0.83531779
v -0.06830460 0.33388999 -0.83493489
v -0.33574548 -0.09847732 -0.44493604
v -0.26796132 -0.22321416 -0.48377755
v 0.32331011 -0.00331444 0.83928668
v 0.27604425 -0.21491316 0.63931781
v 0.06455874 -0.27840200 -0.89626068
v 0.19406304 -0.29107681 0.39545187
v -0.33869159 -0.06657643 0.76169264
v 0.21964915 -0.27173436 -0.69385016
v -0.33849806 0.08456399 -0.40759587
v -0.08600309 -0.26553303 0.88104415
v 0.17654373 0.22421634 -0.89632410
v 0.08069187 0.33879372 -0.41728318
v 0.08520482 -0.28089997 -0.89376843
v 0.11439032 -0.33102056 0.25183412
v -0.00784334 0.31727257 -0.88031334
v 0.27600834 0.21495613 -0.66656518
v 0.10655636 -0.16252014 -0.89716071
v -0.11578165 0.33023882 -0.74706680
v 0.19671398 -0.28960526 -0.30578962
v -0.29049590 0.19503789 0.68461186
v 0.21444593 -0.27662137 0.25690335
v -0.30129984 -0.16677772 -0.82972163
v 0.29028323 0.19541414 0.38447347
v 0.32934338 0.11800174 -0.62708104
v 0.16497125 0.26317215 0.86345601
v -0.08495418 -0.33836973 -0.42551032
v -0.31630412 -0.00031096 0.84820384
v -0.07808349 0.33902308 0.22345911
v 0.24164887 -0.16787823 -0.89233828
v -0.29117310 0.19374286 0.33032086
v -0.23738855 0.23829150 -0.85351878
v -0.05928251 -0.33751175 -0.81813776
v -0.19257621 -0.29178399 0.13303880
v -0.29500154 0.06260923 -0.88829780
v 0.31839034 0.06308696 -0.87517369
v 0.03875954 -0.33614087 0.80718839
v 0.19741176 0.09962444 0.89737540
v -0.29085362 -0.19393688 -0.07213092
v -0.07911098 -0.33848372 0.57387519
v -0.04287511 -0.19368158 -0.89669383
v 0.29178822 0.19263783 0.24232277
v -0.32595310 0.12496971 -0.76871604
v -0.25428516 -0.22967535 -0.84482306
v 0.33680761 -0.09349443 -0.15184496
v -0.22292674 0.20395388 0.86792827
v 0.19064489 0.23539887 -0.88916141
v 0.23252068 0.23746103 -0.86092502
v 0.19395152 -0.29114798 -0.44365644
v -0.01689696 -0.29119623 0.87426615
v -0.28302068 0.06813694 0.87717271
v 0.15683894 0.28978482 0.84069234
v 0.29213005 0.19195814 0.51028097
v 0.20006117 -0.15452427 -0.89723575
v 0.33005798 0.11651668 -0.55093521
v -0.26244569 0.16122714 -0.88494003
v -0.18948922 -0.29328096 -0.73951668
v -0.17799227 -0.27749249 0.82902586
v 0.29077461 -0.19465034 -0.57781130
v -0.26724711 -0.08428198 0.88290489
v -0.10779139 -0.09243615 -0.88852412
v 0.28890359 -0.11477248 -0.88387161
v 0.21481207 -0.23016018 -0.88282543
v -0.28417194 -0.11685860 -0.88669896
v 0.11077449 -0.21461448 0.89712369
v -0.27601609 0.21469633 0.15805945
v -0.15339294 0.25804684 -0.88939768
v -0.28418374 0.19122221 -0.83760905
v -0.33650190 0.09589957 -0.76648527
v 0.11213351 -0.32337743 0.80880767
v 0.27841112 -0.18932182 0.82174730
v -0.22797087 -0.16349889 0.88184005
v -0.33053157 0.11543004 0.23655345
v 0.33018503 0.11615657 0.17916331
v 0.29068124 0.19466931 0.10403293
v -0.00935164 -0.33197787 -0.85645086
v 0.24186136 -0.14416750 -0.89654732
v 0.06957959 0.18792665 -0.89731437
v 0.17585799 -0.20526958 0.88776582
v 0.25706196 0.16879624 -0.88623440
v 0.33650357 -0.09406770 -0.00709812
v -0.08337665 -0.33844191 0.39348254
v -0.24883421 -0.02675398 0.89511693
v -0.19204482 -0.29197884 -0.24150215
v -0.28255263 -0.20677012 0.39099830
v -0.08604524 -0.26886541 -0.89694363
v -0.06191028 -0.31155303 0.85047531
v 0.10273477 0.33539373 -0.26873553
v 0.33880973 -0.05671171 -0.81161684
v -0.29807752 -0.18085758 0.74543667
v 0.33912313 0.04920369 -0.81326562
v 0.29122189 0.19368276 -0.00419476
v -0.28027821 0.17563988 0.83539528
v 0.28584188 -0.17397140 -0.85766184
v -0.33024690 0.11584870 -0.12997119
v -0.02386122 -0.31143102 0.85749525
v 0.33853504 0.08022406 0.72128624
v -0.21011637 0.23436756 0.85773385
v -0.25343946 0.22992043 -0.84239066
v -0.21554391 -0.27547804 0.21525934
v 0.11537547 -0.33059323 0.15972221
v -0.11669774 -0.32995060 -0.34492752
v -0.29062232 0.19410716 -0.58292973
v -0.25047976 0.24001460 -0.81536859
v -0.00018554 0.33052108 -0.86178136
v -0.23794824 0.08157744 -0.89765990
v 0.31118876 -0.06208111 0.84994143
v 0.32730392 -0.12219403 0.19058576
v -0.08281843 -0.33838940 -0.61253363
v 0.18751764 0.23891553 0.86696434
v 0.24611823 0.03717533 0.89021611
v -0.33879948 -0.08336703 0.55657572
v 0.24967852 -0.21666618 0.83329952
v -0.27291879 -0.21793444 0.18194243
v -0.29028633 0.16880660 -0.85091174
v 0.15850769 -0.07419306 -0.89386362
v -0.27349794 -0.21732128 -0.00851368
v 0.03255587 -0.02225343 -0.84202015
v -0.07478699 0.33891788 0.67637539
v -0.11723580 -0.32974052 -0.45356661
v -0.08240981 -0.33842045 -0.26426420
v -0.19535561 0.28999373 0.40473199
v -0.24135476 0.17338568 -0.89105111
v -0.18876339 0.29375696 0.24449886
v -0.31667259 -0.10789672 -0.85290247
v 0.30653435 -0.10622603 -0.87345469
v -0.20336026 0.01470866 -0.89651060
v -0.33860931 0.06380902 -0.79867250
v -0.07128992 0.30852863 -0.88163477
v 0.32733178 -0.02601724 -0.86331207
v -0.33876100 -0.06792963 0.13431963
v 0.04863101 0.26702568 -0.89728838
v 0.08168156 0.33896610 0.51062679
v -0.23742317 -0.14169355 -0.89700240
v -0.11420731 -0.33117107 0.03380710
v 0.11545502 -0.33055028 -0.35833284
v -0.23995957 0.19680585 -0.88409382
v 0.33872873 0.08160225 -0.52993852
v -0.31317762 0.09706686 0.83626419
v 0.20779648 0.27385840 0.80496353
v 0.21918792 0.27202439 -0.30430675
v 0.31872135 -0.11162047 -0.85170364
v -0.19295362 -0.24972720 0.85151142
v -0.04191387 -0.00362702 -0.85033029
v -0.08060707 -0.33839110 -0.74294949
v 0.32736054 0.12221425 0.40540674
v -0.12628055 -0.00254069 -0.87373221
v 0.09612978 -0.33661696 -0.77820647
v -0.21087116 0.16472486 0.88613433
v -0.31201428 -0.15080151 0.77182144
v -0.19655535 0.28964549 -0.36280885
v -0.33877113 -0.07940979 -0.12990917
v 0.29279158 -0.19072480 0.27076522
v -0.11362938 -0.33141142 0.46460870
v 0.27136275 0.10177512 -0.89568162
v 0.21304436 0.25482297 -0.86245567
v -0.20174086 0.28591976 -0.79249728
v 0.26994306 0.22129267 0.18724614
v 0.11543942 -0.33055854 -0.26874995
v 0.29102460 0.19413617 0.20114526
v -0.13989511 0.27510473 -0.88368446
v -0.07829534 0.33886859 -0.76279211
v -0.20379207 -0.26429868 0.82503194
v -0.21910876 -0.27190477 -0.51848364
v -0.19510923 -0.29032528 0.29854599
v 0.25194657 0.10981440 -0.89698851
v -0.19255248 0.29186743 -0.56505203
v -0.32509592 -0.12716264 -0.44284508
v -0.33855179 0.08408509 -0.37146971
v 0.10589658 -0.33440754 0.60191137
v -0.02004844 0.24766156 0.89619702
v 0.22481470 -0.02823584 0.89741081
v 0.29139739 -0.19335839 0.22347508
v -0.16779597 0.20445998 0.88722181
v 0.27415526 0.21697679 -0.52089375
v 0.26166856 0.22227101 0.80858123
v -0.27209696 0.21902733 0.41508481
v -0.08343678 -0.33844873 0.06744528
v 0.27481773 0.21623223 -0.59662479
v -0.33874428 -0.08156080 -0.28974062
v -0.33824956 0.08456874 -0.68768817
v 0.32592273 0.12533773 -0.24221951
v 0.33875820 -0.08070757 -0.32250082
v -0.33810788 -0.03486014 -0.81566322
v -0.31754550 0.13950351 0.77375507
v 0.08120236 0.33898741 0.60922831
v 0.27393407 -0.21725044 0.19748107
v -0.27262771 -0.21817130 0.62053591
v -0.03547315 -0.03835625 -0.85205126
v -0.30194440 -0.11810829 -0.87239707
v 0.27117562 0.21981576 0.71556634
v -0.17256418 0.28707075 0.82489234
v -0.09483425 -0.33223349 0.77239072
v -0.29348272 -0.18925047 0.63449275
v 0.20988199 0.28106076 -0.51708615
v -0.33619040 0.09822921 -0.23625365
v -0.33879885 -0.07210937 0.24244231
v 0.02834277 -0.30009094 -0.89022547
v 0.08421180 0.33895254 0.41947976
v 0.01837499 -0.32679239 0.83445483
v 0.33361024 0.07648884 -0.83647609
v 0.32939190 -0.11761831 -0.09402671
v -0.23702718 0.10212073 0.89261895
v -0.32390952 -0.12954929 -0.24734308
v 0.32846051 0.11964304 0.50165933
v -0.28954601 -0.00249068 0.87441039
v 0.32294825 0.12269308 0.78370684
v -0.08312981 -0.14402293 -0.89513630
v 0.32790488 0.12111489 -0.40874469
v 0.17833821 -0.23132117 -0.89432603
v 0.10463300 -0.29819864 -0.88042653
v 0.27439186 0.21673837 -0.75176877
v -0.30727285 -0.14044282 -0.84890276
v -0.22091839 0.27033073 0.18768029
v -0.19136874 -0.29234880 -0.03856649
v 0.33881959 -0.07711604 -0.37027565
v 0.27297869 0.21798591 0.40940338
v -0.09511361 -0.33299181 -0.81374562
v 0.10668691 -0.32411060 -0.84458435
v 0.29705903 0.04334666 0.86463249
v 0.21680899 -0.27440357 0.01044491
v -0.07825579 0.24763297 0.89242560
v -0.19225307 -0.29195374 0.18546107
v -0.11723853 0.32975334 0.48941496
v -0.27351561 0.21713790 -0.37660375
v -0.23454928 0.23665588 0.82785046
v 0.27850556 -0.06905692 -0.89601386
v -0.20489536 0.28346553 0.75051516
v 0.07970132 -0.33887839 -0.29499367
v 0.11774686 0.32936734 -0.66623992
v -0.32792920 0.12086192 -0.16681199
v 0.01443318 0.27196658 -0.89670938
v -0.13632162 -0.10781246 -0.89708960
v -0.23806244 0.21557865 0.84956658
v -0.27479833 -0.21588917 -0.40435222
v 0.31006506 -0.13221630 -0.85399455
v -0.28624243 -0.16374184 0.83838809
v -0.19694269 0.28924650 0.04595385
v 0.19797501 -0.24368468 0.85703349
v 0.29270107 0.19099461 0.13767760
v -0.06597309 0.14395104 -0.89548367
v 0.27372485 0.21743838 -0.47520140
v 0.27330756 -0.21791555 0.01690085
v -0.32686076 -0.12349752 -0.74529159
v 0.32107237 -0.05425081 -0.86949474
v 0.07914234 -0.30138695 -0.88523078
v 0.33887225 0.08168763 -0.64499474
v 0.21807662 -0.27320421 0.64947701
v -0.27695709 0.21357714 0.74448758
v -0.25857189 0.07399771 0.88921899
v -0.33827421 -0.08988492 0.03266682
v -0.15353125 -0.29537028 0.81966305
v -0.21436483 0.27633104 0.22454685
v -0.22020930 0.18045555 -0.89636332
v -0.11560778 -0.33048123 -0.14331743
v 0.30499095 -0.06342579 -0.88497525
v 0.19418420 -0.29098508 0.35064891
v -0.12550738 -0.27371600 -0.88928068
v 0.07960586 0.30250895 0.85839522
v -0.26547208 -0.20457250 -0.86088687
v 0.16565490 -0.20182621 -0.89712793
v -0.33868003 -0.08146246 -0.41100466
v -0.13374840 -0.31804213 -0.83165759
v 0.32784918 -0.12120303 -0.42521581
v 0.13214473 -0.29818392 -0.86761159
v 0.23541354 0.16980898 -0.89507890
v 0.32980353 0.11695424 0.45932278
v 0.21606655 0.27450368 0.74252307
v 0.28857261 0.19801210 -0.72118014
v -0.11548404 0.33052593 0.09854732
v 0.10393771 -0.33297989 -0.81302136
v -0.27540568 0.21156718 0.78639317
v 0.33881557 0.01235892 -0.82585078
v -0.10987943 -0.32259029 -0.84208977
v 0.33888403 -0.07617789 -0.74379033
v 0.27371621 0.21720727 0.23145069
v 0.29338694 -0.18975711 -0.48823190
v 0.31045926 0.04389047 -0.88465554
v -0.33414298 0.10461222 0.46164277
v 0.30877703 -0.15910709 -0.80721819
v 0.21680249 0.27405861 0.29050407
v -0.04016939 -0.33298141 -0.84795994
v -0.32162610 0.08694404 -0.85616499
v 0.33863801 -0.07290816 0.54909110
v 0.11589890 -0.33034715 -0.22013007
v 0.27348882 0.21742748 0.45646182
v 0.06528159 -0.33094969 0.82035458
v 0.04901202 0.33898795 -0.79884356
v -0.31520042 -0.12770620 0.80317074
v -0.22195642 -0.26935428 -0.24918483
v -0.00359213 0.02273872 -0.84677267
v -0.19039474 -0.29290843 -0.17607938
v 0.08456422 0.33860388 -0.69117469
v 0.08072603 -0.33575320 0.78944379
v 0.22291824 -0.20619653 -0.88831955
v -0.33842242 0.00618577 -0.81399667
v -0.22068927 0.27049363 0.32970765
v -0.18278141 0.25028369 -0.88503128
v 0.07480275 -0.33899012 0.29661980
v 0.27293995 0.21804945 0.35836062
v -0.08714265 -0.33832726 0.43840089
v 0.29142457 -0.19345461 -0.53702641
v -0.29401547 -0.18826304 0.41749868
v -0.32340607 -0.13063820 -0.68664211
v -0.30249298 0.03544692 -0.88679969
v -0.19397344 -0.29096624 0.44829270
v 0.33617175 -0.09607587 -0.19735892
v 0.27137238 -0.21998462 -0.07614038
v 0.33079588 0.11455939 0.35811600
v 0.27555925 -0.21552289 -0.36642903
v -0.24918079 -0.19812150 -0.88228309
v -0.20252500 0.25761098 -0.86847466
v 0.27560115 -0.21545076 -0.46670330
v 0.02742694 -0.31187379 0.85448617
v -0.23471279 0.22230904 -0.87387645
v 0.02572147 0.33454224 -0.84698051
v 0.29659569 0.18356565 0.55153900
v 0.32085103 -0.09265687 -0.85803789
v -0.29988500 -0.15925309 0.80952686
v 0.33005813 0.11651787 -0.58676797
v -0.28699949 -0.18645997 0.80538225
v -0.27696666 -0.21339099 -0.52075469
v 0.29183951 0.19250694 -0.40617785
v -0.08176941 0.33888283 0.62586641
v -0.30788431 -0.06824232 0.85425943
v -0.30355415 0.14449972 -0.84861219
v 0.32553309 0.12275731 -0.80667132
v 0.01468710 -0.26389739 0.88554215
v -0.33270282 0.09520531 0.76951867
v -0.31369695 -0.01072667 -0.87601990
v -0.11410399 0.33096313 -0.58686435
v 0.19439964 -0.08588176 -0.89742064
v -0.17869647 -0.21741077 -0.89683527
v 0.33899009 0.07625499 -0.69563335
v -0.11695725 0.32981005 -0.14785656
v -0.33874464 -0.08286298 -0.03137501
v -0.33012134 -0.11647674 0.23739478
v 0.27506560 -0.00161447 -0.89673650
v 0.19609903 -0.28990397 -0.76953048
v 0.28439760 0.20434813 0.74635434
v -0.07979382 0.33896858 0.11707357
v 0.33263382 0.08459806 0.79064840
v -0.24361503 -0.13670617 0.88293356
v -0.07253801 -0.30623060 -0.88127536
v 0.18468949 -0.05084811 -0.89461535
v -0.08242183 -0.33843607 -0.05822434
v 0.28627017 -0.10886357 0.86308533
v -0.25901338 -0.20746982 0.83272451
v -0.26778114 0.15842044 0.86207479
v -0.28934532 -0.15671468 -0.86669773
v -0.29261193 -0.19084786 0.69636458
v 0.26025563 0.20965980 -0.85911649
v 0.27350503 0.21731128 0.63550401
v 0.33893627 0.07512695 -0.20536087
v 0.07868585 -0.33895344 -0.03359105
v -0.29142052 -0.19310088 0.25127754
v 0.32508329 -0.12700517 0.74324208
v 0.07519928 -0.33889812 -0.55597132
v -0.07203797 -0.00092446 -0.85925937
v 0.30715388 0.14682679 -0.84403896
v 0.12547439 -0.23316915 -0.89705175
v -0.33902958 0.07546109 0.58228821
v -0.27804354 -0.21218073 -0.44793290
v 0.32879496 -0.11853484 0.65843409
v 0.11940232 0.32870620 -0.12144102
v 0.29327035 0.18564178 0.78355569
v -0.33016869 -0.02327341 0.82608163
v -0.08075941 -0.33842921 -0.57266051
v -0.09536888 -0.03050259 -0.86698163
v -0.22302298 -0.17261188 -0.89684838
v 0.33854389 0.08246835 0.64160287
v -0.32768863 -0.12158636 -0.55310249
v -0.32904634 0.11866073 0.27657542
v 0.32904404 -0.07083210 -0.84858668
v 0.11475623 0.33089247 0.25083509
v 0.33107811 -0.11386804 -0.38964495
v -0.23234080 0.07049306 0.89639854
v 0.33874154 0.08285213 0.07727174
v 0.11186504 0.33225662 0.29692909
v -0.28735673 0.19808315 -0.79859525
v 0.08485597 0.11957004 -0.88770497
v 0.22478570 -0.11530931 0.89499044
v -0.32852182 -0.11989015 0.48888075
v -0.09245570 0.21926701 0.89729214
v -0.28975707 -0.19594607 -0.21806397
v -0.21912421 0.27217734 -0.33434308
v 0.27161330 0.21973553 -0.70591050
v 0.22110640 -0.27035406 -0.28820616
v 0.16164292 0.23176885 0.88017541
v -0.16590452 -0.30557448 0.76273221
v -0.29195333 -0.19206467 0.54686981
v -0.33310756 -0.10808496 -0.26939315
v 0.23819652 0.15919620 0.87514848
v -0.11542434 0.33042306 -0.62171215
v 0.05120247 -0.19126140 -0.89552993
v 0.33045819 0.11554626 0.22032061
v -0.32837835 -0.12014548 0.05493306
v 0.19687122 -0.28949302 -0.52257884
v -0.02901647 -0.33893591 -0.80373448
v -0.11310358 0.33149922 -0.47948563
v -0.33274546 0.10984601 0.36317751
v -0.09786894 0.30015698 0.85390437
v 0.22671933 0.22682488 -0.87632257
v -0.28026757 0.12895668 0.86434919
v -0.20204581 -0.19209345 -0.89689577
v 0.26499718 0.20542760 0.82793909
v 0.00773417 -0.33716950 0.80481619
v 0.21873489 -0.26306880 0.80618554
v 0.01640224 0.21328074 -0.89434659
v 0.27331248 -0.21790360 0.06169794
v -0.16951966 0.28889331 -0.85272390
v -0.09985492 -0.28228343 -0.88988930
v -0.28689313 -0.20045929 -0.63879555
v -0.28810611 -0.13931043 -0.87757450
v -0.21824634 -0.27191606 -0.81442583
v 0.29110751 0.19395295 0.60917294
v 0.03156664 0.09021273 -0.86372077
v -0.32804769 0.12065507 -0.09466174
v -0.32880536 -0.11916798 0.20156065
v 0.13480669 0.29968497 -0.86485547
v 0.19592535 -0.29004428 0.18228495
v -0.29893625 0.17874555 -0.22675899
v 0.27262488 0.21858945 -0.38273323
v 0.26756328 -0.16295445 -0.88151377
v 0.24346772 -0.07750056 -0.89738977
v 0.33837780 0.08513865 0.50193357
v -0.26794508 0.22291085 -0.78265768
v 0.11378530 0.33133507 0.34146285
v -0.11583988 0.33030719 -0.34935302
v -0.32557309 0.12591530 0.08422495
v 0.12923512 -0.13322139 -0.89720440
v -0.33874223 0.08172294 -0.15344460
v 0.29797590 0.10923015 -0.88118392
v 0.21079010 -0.09205947 0.89756906
v 0.27274069 0.21843790 -0.32700473
v -0.33483419 0.07762973 -0.82938766
v -0.19291516 -0.29150376 0.55174464
v -0.19282326 -0.29152912 -0.43601969
v -0.29125169 -0.19337244 0.50285441
v 0.32779387 -0.12122772 -0.22507574
v 0.19253467 0.29183105 -0.16025296
v 0.32966778 -0.11629716 0.46582344
v -0.26863953 0.21263631 -0.84250170
v 0.19194701 -0.29220951 0.59398639
v 0.27530393 0.21551734 0.31265947
v 0.11752335 0.32941797 0.63132179
v -0.33888260 0.07991258 0.21051499
v -0.03453060 0.28158748 0.88116920
v 0.12960823 0.32376137 -0.79107279
v -0.18866780 -0.23921318 -0.88953668
v -0.21943101 -0.27180374 0.16492070
v 0.19295092 0.29159516 0.47177503
v 0.33872077 -0.07441341 0.23004749
v 0.30890670 0.15916850 0.76298094
v 0.29055655 0.19477704 -0.25534067
v -0.12061911 0.32818109 0.28218880
v 0.22586153 0.01212653 0.89709175
v -0.29306331 -0.18993263 0.11193586
v 0.27344435 -0.21696553 -0.80436939
v 0.33841029 -0.08404265 0.26989526
v -0.12623429 0.25571325 -0.89584392
v 0.33875382 0.08098061 0.25332537
v 0.07564179 0.33884183 -0.17462306
v -0.22229655 0.26894221 0.39474997
v 0.30872086 0.15785703 -0.81144404
v 0.22097047 -0.27047974 -0.64144784
v 0.27373487 0.21733633 -0.10709080
v 0.07999877 0.33894321 0.55992097
v 0.21555197 0.27527848 0.08173860
v -0.24006368 0.25143969 0.76658106
v 0.21738346 0.23506583 0.85131311
v 0.32660526 -0.12385806 -0.17347771
v -0.07710572 -0.33852711 0.21571003
v 0.30998328 -0.09365473 0.84197587
v 0.04018295 -0.28959265 0.87223721
v 0.33872402 -0.08025141 -0.11546082
v 0.16684236 -0.14842139 0.89760643
v -0.29899281 -0.00892000 -0.88869095
v 0.13422878 -0.24575391 0.88254124
v -0.07976164 0.33776394 -0.80222231
v -0.33852857 -0.08620092 0.10202241
v 0.28695506 -0.15068005 -0.87199903
v 0.21906899 -0.27228469 -0.03845850
v 0.33026990 -0.11521853 0.22977349
v 0.29177606 -0.19265795 0.05822627
v 0.19489244 -0.29061121 -0.48937073
v 0.12010045 -0.32841957 0.02185958
v 0.29532519 -0.08082656 0.86233437
v 0.06512570 0.33877707 0.75136423
v -0.09284921 -0.33785900 0.34941009
v 0.31895420 -0.13663778 0.78157330
v -0.13532062 0.32034847 0.75830376
v -0.29269809 -0.19071281 0.35303050
v -0.07010008 0.33195919 0.80166805
v -0.21307831 0.27775455 -0.16893557
v -0.05691386 -0.33857003 0.76287580
v 0.33874884 -0.07369537 0.13806482
v 0.33874491 -0.08155515 -0.23503119
v -0.33308142 -0.10724698 -0.70968884
v 0.19359307 0.29026958 -0.80450726
v 0.10819115 0.33383718 0.01882943
v 0.02195777 0.14688259 -0.87660611
v -0.27426341 0.21656622 0.02223471
v 0.11589277 0.33026186 -0.39796987
v 0.03015804 0.17614891 -0.88577265
v -0.13623023 -0.24655859 -0.89677328
v -0.11552317 0.33046755 -0.09850590
v -0.32993862 -0.11684176 0.32303759
v 0.29354376 -0.18951577 -0.67730957
v -0.22096428 0.27018541 0.51189846
v -0.13443166 -0.03308524 -0.87902009
v 0.19164805 -0.29237831 0.04425284
v -0.10701639 0.30743802 -0.86782044
v -0.32669118 0.12345414 -0.21901917
v 0.29280469 0.19072045 0.70911187
v 0.19331740 -0.29148203 -0.15761460
v 0.07563850 -0.33899009 0.25415871
v 0.21476781 0.21458559 -0.88851464
v 0.33854651 0.08518089 0.39194718
v 0.29364121 -0.18579477 0.77866715
v 0.32788265 -0.12113894 -0.64052808
v 0.32723400 -0.12230847 0.57173860
v -0.11201896 0.06198699 -0.88661873
v 0.32686669 -0.12341113 -0.77147961
v 0.08535841 -0.19453549 -0.89713299
v -0.07923533 0.33897638 -0.41267055
v 0.21679689 0.27421376 -0.07618570
v -0.20380573 0.26340705 0.82768548
v -0.13829845 -0.31345859 0.79051548
v -0.00396253 -0.16078277 -0.87895525
v 0.13213019 -0.28323740 0.85915220
v 0.27535045 0.17295955 -0.87108833
v -0.01995623 0.23767020 -0.89764088
v 0.28445297 0.15459055 -0.87315047
v 0.33113939 -0.11372042 -0.60463905
v 0.18054406 -0.29825276 0.75008875
v -0.17576946 -0.02205606 -0.88759148
v 0.24555086 0.24376914 -0.81977606
v 0.19494101 -0.29057410 -0.68416035
v -0.27562830 0.21457258 -0.71633226
v 0.20129448 -0.19037305 -0.89688677
v -0.21543938 -0.27540815 -0.20242204
v 0.29508784 0.18642253 -0.75062656
v -0.27063447 0.22036827 -0.19763188
v -0.26065883 -0.11789451 -0.89621103
v -0.33437702 -0.10413810 -0.09853639
v 0.04843035 0.20732842 -0.89718616
v -0.08882201 0.33831599 0.55414110
v -0.00601536 -0.07076445 -0.85311162
v -0.21084897 0.11267537 0.89672983
v 0.11596961 -0.33033326 0.11127929
v -0.07581323 0.33902016 -0.51083863
v -0.19467886 -0.29059228 0.35301402
v 0.33164641 -0.09451933 0.78623945
v -0.29340702 0.18944155 0.19708565
v -0.08033933 -0.33847198 -0.16572279
v -0.32629457 0.12412742 -0.72551125
v 0.17752622 0.01050929 -0.88674563
v 0.31869498 0.08900922 -0.86556876
v 0.27834439 0.21196534 0.67865902
v -0.21942762 -0.27182621 0.26506668
v 0.19576789 -0.29011929 -0.65028483
v -0.21460792 -0.27619997 0.03626900
v -0.27199501 0.21915542 0.54797375
v 0.27608031 0.21466272 0.27233931
v -0.33292496 -0.10915434 -0.15726930
v 0.09240578 -0.31109768 -0.87141263
v 0.26862162 0.21484433 -0.83554482
v -0.18669435 -0.16183485 0.89592052
v 0.13368732 -0.21253152 0.89538091
v -0.32443362 0.01327539 -0.86013460
v 0.21779636 0.26908317 -0.82434624
v 0.19409074 -0.29108304 0.13077161
v -0.29279098 0.19041163 -0.14287533
v 0.06653211 -0.33892700 -0.80677414
v 0.11253040 0.33183724 -0.34734532
v 0.33115003 0.11395619 -0.20156094
v 0.30210319 -0.12043583 0.84288931
v -0.21770094 -0.09742869 0.89707774
v -0.12227620 0.31106219 -0.85077846
v 0.33878532 -0.08076171 -0.27771026
v 0.11569108 0.33046380 0.38578755
v -0.27361718 0.21703248 -0.33186287
v -0.33387896 -0.10557571 -0.22316273
v -0.11596800 0.33024940 -0.39414406
v 0.19384004 0.29106814 -0.71537715
v 0.15472442 0.30098251 -0.84811795
v 0.07948920 0.28085265 0.87542516
v 0.20669007 -0.28177986 0.76828289
v -0.19332267 -0.29095501 -0.78924429
v 0.32617533 -0.12467846 0.42490810
v 0.08104554 0.33894202 0.22024804
v 0.20099208 0.28708431 -0.55349058
v -0.33867171 0.08397242 0.62705410
v -0.29015288 -0.19537504 0.06205527
v 0.19279432 0.29170662 0.05674594
v -0.11751351 0.32911348 -0.78774297
v -0.29076907 0.19451539 0.61467046
v -0.33360875 0.10376779 -0.80103433
v -0.11642449 0.33015105 0.58854234
v -0.26701680 -0.18102938 -0.87727857
v 0.30618387 -0.00833352 0.85749829
v 0.31510687 -0.02238192 -0.87937027
v 0.16969945 0.27322713 -0.87441123
v -0.27522647 -0.21541309 0.13348573
v -0.11476092 0.33083299 0.05734109
v 0.29301783 -0.19019713 0.59680277
v 0.17207439 -0.28748649 0.82443589
v 0.27014720 0.22053406 -0.79930723
v 0.21791169 0.27287132 0.55091304
v -0.21939629 -0.27180555 -0.09921226
v -0.32898185 -0.11887068 -0.35781330
v -0.11371454 -0.33126467 0.51065111
v 0.19497533 0.29048958 -0.21870714
v 0.28947094 0.02725613 -0.89489979
v 0.13431056 0.25230625 -0.89629674
v 0.19616556 0.28985631 -0.27321678
v -0.22271907 0.26847160 0.57781887
v 0.21807176 0.27296621 -0.02339761
v -0.01971469 0.20053287 -0.89660114
v -0.07678679 0.33854163 0.72768164
v 0.11560646 -0.26338044 0.87844950
v -0.13789162 0.30784360 0.82136232
v -0.22582707 -0.23814078 -0.87146121
v 0.19357520 0.29124981 0.52407336
v -0.28415197 -0.19368948 -0.83822089
v -0.33048403 -0.11545561 0.52872723
v 0.11284574 -0.33074129 0.75730222
v 0.33774334 0.08147839 0.75812000
v 0.12873732 0.16276394 0.89759296
v -0.22008075 0.27135372 -0.75096571
v -0.32931957 -0.11800361 -0.40165091
v -0.07916289 0.33899531 -0.07614341
v 0.08535307 -0.33864000 -0.43147251
v 0.32938549 0.11713431 0.74132258
v 0.32758826 -0.12161042 -0.02356612
v 0.21846992 -0.27283975 0.42102000
v 0.29074672 -0.19450039 0.46134987
v -0.19595918 0.28984860 -0.00454252
v -0.22510605 0.26051980 0.79761225
v 0.21977150 -0.27163276 -0.42716444
v -0.33849654 0.08759143 0.29992941
v 0.19096735 -0.29272610 0.30176604
v -0.19389053 -0.29097214 -0.35931486
v -0.11727613 0.32958493 -0.70716500
v 0.30101201 0.13742006 -0.86496037
v -0.33849674 0.08254630 -0.48373711
v -0.33739591 0.09304880 0.08061327
v 0.33874720 -0.07602372 0.08430430
v -0.04949147 0.25758699 0.89207458
v -0.19898669 -0.28801057 0.40384722
v -0.27018881 -0.22085384 -0.73016900
v -0.19597638 0.28531274 0.79031813
v 0.07059652 0.33880961 0.69485611
v 0.10262079 -0.33536285 0.32641354
v 0.33056211 0.11541633 -0.13073988
v -0.18909726 -0.29360592 0.01340227
v 0.29725108 -0.17295486 -0.83371496
v 0.32761469 -0.12160565 -0.12871011
v 0.21687579 -0.27436122 -0.13321526
v 0.11192957 0.33219442 0.10539681
v -0.29704452 0.18180475 0.77114969
v -0.11488919 -0.33087841 0.10301898
v 0.15752789 -0.28458351 0.84167624
v 0.11530150 -0.33062133 0.67932212
v -0.33636117 -0.09605505 -0.62183177
v -0.21700327 -0.27407309 0.11447175
v 0.27313361 -0.21809870 0.71497864
v 0.27276802 -0.21849462 0.43647218
v 0.27434430 -0.21679953 0.24320614
v -0.21635133 -0.27475035 0.67979056
v -0.32818073 0.12056715 0.62034237
v 0.11730198 -0.32972136 -0.69215292
v -0.27693519 -0.03587723 -0.89698058
v 0.30312237 0.11039468 0.84436589
v 0.32678902 -0.04874605 0.82993633
v 0.19323286 0.29145584 -0.04841024
v -0.24339953 0.13738284 0.88277298
v -0.12004571 0.32835925 -0.55084401
v -0.32809168 -0.12077942 0.27967814
v 0.08004165 -0.33878264 -0.60651106
v 0.19511494 -0.29050639 -0.20974317
v 0.07862075 -0.33883527 -0.66078264
v 0.29381481 -0.18876958 0.33197871
v -0.21878101 -0.27219099 -0.47356284
v 0.07361376 -0.33900791 0.36382729
v 0.27350324 -0.21774483 -0.73317254
v 0.13358268 0.32141659 0.72298592
v -0.04540624 -0.12680534 -0.88075954
v -0.14637578 0.28580838 0.84832591
v -0.18786250 -0.27334547 -0.86683917
v 0.16717565 -0.30480838 -0.80695719
v 0.33443475 0.02095998 0.81447786
v -0.08198278 -0.33842307 -0.52853209
v 0.09061414 -0.13183035 -0.89083368
v 0.12453336 0.30271536 0.84128982
v 0.21789855 -0.27337831 -0.17952955
v 0.07656736 0.33891156 -0.01114781
v 0.21735418 0.27368754 -0.13006234
v -0.27060100 -0.22041778 -0.61149198
v 0.07266650 -0.33901834 0.49281234
v 0.21853170 -0.27234194 -0.79903895
v 0.12054288 -0.28422013 -0.88503343
v -0.32507333 -0.11454196 -0.82334012
v 0.21356039 -0.25281158 -0.86235356
v 0.21865037 0.27261212 -0.68977672
v 0.33883703 -0.08013624 -0.53376710
v -0.33880693 -0.07721237 0.60058898
v -0.33885908 -0.07500233 0.68497318
v -0.33845630 0.08256798 -0.57332647
v 0.21659428 -0.27464619 0.21183474
v -0.01839408 -0.21606091 -0.89622033
v 0.30903646 -0.15051539 -0.83303970
v -0.27525032 -0.21538669 0.09048732
v 0.29181787 -0.19248034 0.54640025
v -0.08240689 -0.33841655 -0.31801394
v -0.24446160 -0.16948818 -0.89204669
v -0.21967690 -0.27164176 0.57602912
v -0.17650340 0.07916375 -0.89757663
v -0.27141196 -0.21957572 -0.19284791
v -0.33554688 0.10051826 -0.18956591
v -0.27493736 -0.21577597 -0.24728161
v 0.11656568 -0.33013159 0.56249636
v -0.00725224 0.13126579 -0.87644213
v 0.27497020 0.21608275 -0.43002209
v -0.08319853 0.33870491 -0.55221426
v 0.22514132 -0.18193884 -0.89484006
v -0.33877760 0.01274195 0.77345479
v -0.13701919 0.11669762 -0.89758497
v 0.32855335 -0.11960681 0.06499919
v 0.32686070 -0.12287245 0.69703490
v -0.00935633 0.31605411 0.84736669
v 0.13503361 -0.31909496 0.78728002
v 0.10462801 -0.04530349 -0.87015617
v -0.02511037 0.32550946 0.83308649
v 0.28563458 0.20238133 0.57130718
v 0.02924689 -0.12850408 -0.87192279
v -0.22218944 -0.26909494 -0.34140387
v -0.29229710 0.19104697 -0.63363880
v 0.09423033 0.33487296 0.72365910
v -0.33060446 0.11511227 -0.30820370
v 0.03193924 -0.33878309 -0.82825834
v 0.29299608 0.19028467 -0.54499286
v 0.27741158 0.19161166 -0.85386240
v -0.14513434 0.18697348 0.89584506
v 0.26731521 -0.10346779 -0.89583659
v 0.29116601 -0.19363874 0.50209731
v -0.21872874 -0.27225125 -0.56326675
v -0.22067145 0.27056959 0.13967197
v 0.19458203 0.13763663 0.89365762
v 0.29225016 0.19174281 -0.68377417
v -0.20911697 0.15494040 -0.89755237
v 0.33112738 0.11429375 -0.09304532
v 0.03252257 0.03646565 -0.84966779
v -0.19674450 -0.28936923 0.60061455
v 0.17444718 -0.17979138 0.89545846
v -0.19666541 0.28959450 -0.67634791
v -0.15471922 0.00071555 -0.88220012
v 0.11128312 0.33241478 -0.19347765
v -0.11499109 -0.33074439 0.60389131
v -0.19367106 0.29091600 0.44661236
v -0.33892146 0.07994252 0.33739877
v -0.33876929 -0.07503247 -0.23837794
v -0.31734684 0.03615564 -0.87068599
v -0.25122297 0.03417103 -0.89770204
v 0.29139704 0.19338405 0.43049756
v -0.14592855 -0.25957927 0.86786878
v 0.33040246 0.11568704 -0.28689641
v -0.13483401 0.15725642 0.89764714
v 0.20553283 -0.28423107 -0.39300808
v -0.28323644 0.20522773 -0.22666785
v 0.25266546 -0.19122551 -0.87946999
v -0.10005421 -0.31410590 -0.86361969
v 0.19497772 0.29048920 0.67123348
v 0.19437155 0.29082659 -0.43654120
v 0.33058748 0.11534433 -0.37258634
v 0.07326368 -0.33884996 -0.74788284
v 0.33888218 0.08049967 -0.35765222
v 0.33878228 -0.08107564 -0.42552206
v -0.29319271 0.18984920 0.14697085
v -0.33906928 0.07257444 0.67283642
v 0.30935928 0.01798618 -0.88563603
v -0.12108231 -0.32790861 0.39507979
v -0.29222441 -0.19159807 0.59387773
v -0.33111781 -0.11364098 0.68166405
v -0.28323969 0.15431282 -0.87153500
v -0.11594938 -0.33031189 -0.58676821
v -0.28230557 -0.08966269 -0.89258921
v 0.08189930 0.33887038 -0.12089426
v -0.19689155 0.28948060 -0.72215176
v -0.32799870 -0.12099672 0.41538423
v 0.19541763 0.29024810 0.62782174
v -0.19356394 0.29111755 0.18111262
v -0.08324108 -0.33846468 0.13795613
v 0.08289506 -0.33884230 0.21551360
v 0.27248207 0.21858829 0.13441314
v -0.07984040 -0.33850101 -0.11437047
v 0.33875945 0.08201538 0.03583462
v -0.27868843 0.12195458 -0.88713235
v -0.22636457 -0.24534936 0.82446700
v -0.21929753 0.27194342 -0.03290541
v 0.28757289 -0.19977315 0.74129486
v 0.07482706 -0.21517682 0.89756948
v 0.19105801 -0.25978649 -0.87349492
v -0.10042103 0.33584031 0.39016941
v 0.33004913 -0.11634198 -0.71298510
v 0.21810284 0.27292612 0.03230701
v 0.07969227 -0.33893967 0.12603970
v -0.10994028 -0.33307508 0.26615068
v -0.22944686 0.26213264 -0.79409397
v -0.32777914 -0.12147681 0.12821710
v 0.21932806 -0.27204797 -0.22931924
v 0.29367724 -0.18894325 0.64970058
v 0.29074582 0.19455905 -0.04030520
v -0.32821298 -0.12057857 0.64030153
v -0.32900086 0.11846273 -0.59850299
v -0.07690445 0.33900112 -0.45988166
v 0.27487645 -0.21619058 0.60555893
v -0.29160056 0.19250707 -0.35786712
v 0.11529046 0.33063683 0.15608123
v 0.15530710 -0.10733995 -0.89725977
v -0.22078249 0.27027410 0.64372033
v 0.29025486 -0.19556800 -0.39482307
v -0.11484975 -0.33073777 0.70689923
v 0.21916926 0.27202299 -0.24221009
v 0.29013321 -0.19570450 -0.19779785
v 0.11854300 0.32901224 -0.72406548
v 0.19514322 0.29043871 0.00449222
v 0.29316255 -0.19005872 -0.14781722
v 0.21922998 0.27181041 0.23546611
v -0.33847719 0.07141043 -0.73887700
v -0.26087719 -0.16767479 0.86197191
v -0.29207987 0.19202694 0.41548911
v -0.29095358 -0.19368842 -0.32607266
v -0.27470282 0.21595363 -0.12093237
v 0.07873508 -0.33890489 -0.47421381
v -0.27238888 0.21872683 0.35189393
v -0.32957351 -0.11762276 0.45272419
v -0.16045040 -0.23565438 -0.89662272
v -0.11686886 0.32995951 0.43174613
v -0.27279350 0.21781600 -0.55820489
v -0.33888766 0.06921469 0.72935539
v 0.33863860 -0.05504002 0.75326031
v -0.19261625 -0.29158625 -0.58345908
v -0.25191614 -0.23896432 0.76901209
v -0.07579090 -0.32781669 -0.84618974
v 0.19773485 -0.21292332 -0.89472455
v 0.08091753 0.33888516 -0.06641737
v -0.10294610 -0.30135977 -0.87974560
v 0.27337295 -0.21788236 -0.66736710
v 0.22493598 -0.26113504 -0.82948083
v 0.29975909 -0.16537765 0.80810767
v -0.29089504 0.19421372 0.24059620
v 0.33893117 0.07985141 -0.40127686
v -0.33076641 0.11451981 -0.64555788
v 0.14748397 0.08190422 -0.89507216
v -0.08555069 0.33874404 0.46327707
v -0.21652302 -0.27447850 -0.05624008
v -0.22711942 -0.26354930 0.76797116
v 0.05610811 0.33322725 -0.84064168
v -0.27307686 0.21780494 -0.03307301
v -0.33834478 -0.08325603 -0.74200499
v -0.10331161 0.14927237 -0.89759010
v 0.21539688 0.27526951 0.44671834
v 0.22089832 -0.24408406 0.83631313
v -0.30557179 0.15172066 0.81282985
v -0.33436140 -0.06879946 0.80221426
v -0.19811802 0.28877047 -0.41781515
v 0.08305430 0.33868247 -0.55539489
v 0.19517411 -0.29046899 -0.05541041
v -0.33865154 0.08379388 0.00104635
v -0.08129887 0.33893964 0.02239978
v 0.29276299 0.19071293 -0.59077215
v 0.11719192 0.32896811 0.67953843
v 0.33856401 -0.08026047 0.44280446
v 0.32532999 -0.07650451 0.82138973
v -0.07855713 0.28659341 -0.89241362
v 0.01260758 -0.25258315 -0.89681184
v 0.15827236 0.30843031 0.77353328
v -0.27389771 0.21658739 -0.61349475
v -0.29135579 -0.19321047 0.16080184
v 0.28600463 0.12109043 0.85919893
v -0.11340225 0.33152157 0.19263662
v 0.25501841 0.23609900 0.77671069
v -0.19997938 -0.21916705 0.86933851
v 0.11544652 -0.33055446 -0.31354141
v -0.27820560 -0.21184495 0.72572368
v -0.19331488 -0.28603047 -0.83845901
v 0.33539099 -0.09619084 0.74773031
v 0.32956573 -0.11738333 -0.51456875
v -0.07878130 -0.33851939 0.00093270
v -0.27202988 0.21907669 0.24709286
v 0.19518743 0.28899679 0.77252632
v -0.18159392 0.22685722 -0.89499676
v 0.33067155 0.11491480 -0.51646250
v -0.19062361 0.29288089 -0.19864246
v -0.19136092 -0.29228380 -0.53322327
v -0.11673833 -0.32993463 -0.23739624
v -0.27158991 0.21957888 0.60508746
v -0.32937241 0.11776856 0.66385245
v -0.19294395 -0.29147193 0.64864641
v 0.29192880 -0.19228667 0.69865924
v -0.27328289 -0.21745439 0.53607953
v 0.10576537 0.25450021 -0.89696127
v -0.33208549 -0.11163802 0.60173714
v 0.32969958 -0.11707263 -0.34937382
v 0.11505736 0.33072653 -0.30632883
v 0.33879709 -0.06448367 -0.17738350
v 0.11306974 -0.33161452 0.06171623
v -0.33878523 -0.07355385 -0.07759428
v -0.17298147 0.16307050 0.89547849
v -0.33882877 -0.06292710 -0.77883083
v -0.33122137 0.11377006 0.58102393
v 0.19119340 -0.29256907 0.69378000
v -0.19510305 0.29047111 -0.30829921
v -0.21737279 0.27377322 -0.22006482
v 0.13759375 0.25901479 0.87617296
v -0.32910624 -0.11869887 0.36504295
v -0.21915406 -0.27210283 0.32018414
v 0.01917795 -0.33113313 -0.85775936
v 0.28971732 0.19634870 -0.36189762
v -0.07655733 -0.33849484 0.50610638
v -0.26368037 0.20500688 0.82760221
v 0.33883053 -0.07702138 -0.58526486
v 0.27141613 -0.21994062 -0.41653314
v -0.33597046 0.03755476 -0.83184987
v -0.19138965 -0.29236034 0.49885651
v -0.16295388 0.23970734 0.87758195
v -0.09582528 0.25283864 -0.89708602
v 0.26414540 -0.22719522 0.76686823
v -0.08040441 0.31658897 0.83450472
v -0.23299125 -0.25191134 0.79807472
v -0.11272471 -0.33178598 0.55346656
v -0.29028422 0.19535939 0.28439620
v -0.27577022 -0.21469899 0.57693613
v -0.33880383 -0.08139505 0.30538130
v 0.14529814 -0.00024973 -0.87504059
v 0.29023224 -0.19555271 -0.09781706
v -0.32865229 0.11948252 0.53754157
v 0.27479804 0.21627288 -0.63067174
v 0.19325931 -0.29151568 0.54106760
v -0.13547702 0.24037185 0.88462657
v 0.29031608 0.19530722 -0.29188958
v -0.19348450 0.29107457 0.30687460
v -0.11092388 0.32650587 0.78545290
v 0.22831672 -0.15009096 0.88675344
v 0.33109367 0.11416067 -0.73886436
v 0.08127806 -0.33891213 0.02240603
v 0.07603426 0.25689098 0.88871819
v 0.11644458 0.33013400 0.43678576
v 0.28890857 0.19729260 -0.78432286
v 0.32731843 -0.12219241 0.01789453
v -0.18286207 -0.12006529 0.89764518
v 0.17584080 -0.23523410 0.87346786
v -0.22189875 0.20734034 -0.88852584
v 0.11749373 -0.32965565 -0.40638524
v -0.19147429 -0.29231736 -0.31152582
v 0.28892317 0.19090886 -0.82512426
v -0.32716438 -0.12133283 0.72399235
v -0.30167937 -0.13021967 0.83523256
v -0.32699388 0.12311625 0.43797085
v -0.08145530 -0.33842635 0.68467569
v -0.10156934 0.32616967 -0.83140415
v -0.33751404 -0.09283797 0.26853001
v -0.29332048 0.18922098 -0.49135101
v -0.27052212 -0.21136269 0.80328125
v -0.33871189 0.08264945 -0.10302735
v 0.27319029 0.21793751 -0.23289201
v 0.32936764 -0.11765371 -0.05826696
v 0.11887014 -0.32893744 -0.51067054
v 0.33005747 0.11649798 -0.02359931
v 0.29186273 0.19247381 -0.17019874
v -0.32984722 0.11686762 0.19661258
v 0.23553506 -0.18068981 0.87363082
v 0.11712631 -0.32992065 0.35807094
v 0.10624211 -0.33422017 0.39522672
v 0.33839759 -0.08389481 -0.78644937
v -0.29262698 -0.19041653 -0.43047646
v 0.32668969 -0.12349890 0.36007181
v 0.29137078 0.19343017 0.34001091
v -0.11796050 -0.32941017 0.31774461
v 0.32867712 0.11938769 -0.16593255
v 0.02731852 0.30354416 0.86122108
v 0.21907337 -0.27228001 0.46843943
v 0.33849642 -0.08145311 0.49686998
v 0.11282504 -0.33171085 -0.01719654
v 0.21625198 0.27437639 0.60019249
v 0.29136589 0.19334860 -0.45634314
v 0.27140120 -0.21995623 -0.21944997
v -0.21385218 -0.27698210 -0.14595474
v -0.20555632 -0.02616493 -0.89535141
v -0.32579163 0.12416282 0.72860861
v -0.33380377 -0.10493496 -0.66257435
v -0.27065787 -0.22036391 0.04026768
v 0.27413645 0.21663685 0.49691749
v 0.33236569 -0.10812921 0.53727943
v 0.26065034 0.18803784 0.84856141
v -0.27250117 0.06628251 -0.89705378
v -0.32474071 -0.12794219 -0.63232619
v 0.31234205 -0.03518769 0.85180312
v 0.29185838 0.19248720 -0.12540698
v -0.11580083 0.33031955 0.63740826
v 0.19963019 0.27062786 -0.85521430
v 0.21797734 0.27284521 0.49721855
v 0.11525664 -0.29471263 0.85484421
v 0.29277015 0.19069430 -0.63649362
v -0.11924633 0.32877252 0.02240068
v -0.01669794 -0.01671563 -0.84130007
v -0.33432129 -0.10431581 -0.05801924
v -0.28078580 -0.20722431 0.76862699
v -0.33892360 0.07502987 0.04434259
v -0.05476647 0.32324204 0.83183098
v 0.11630125 0.33001360 -0.61427748
v -0.11556542 0.33046609 -0.05374287
v -0.31974384 0.13222092 -0.81843978
v 0.21367870 -0.27726251 0.72570354
v 0.02836158 -0.05883895 -0.85132641
v 0.33854461 0.08155902 0.68079948
v 0.11938738 0.32860598 -0.55984306
v 0.11919342 -0.09936843 -0.88988960
v 0.21852772 -0.27279815 -0.58512992
v 0.32805634 0.12071436 0.25788581
v -0.29447511 0.18685859 -0.73467904
v 0.07963268 -0.33895227 0.69039124
v -0.33875582 -0.08347505 0.17603576
v 0.11867081 -0.32901800 -0.12093890
v -0.29109943 -0.19339837 -0.38069737
v 0.02163107 0.01114069 -0.84057647
v 0.11542541 -0.33056697 -0.17172666
v -0.12653089 -0.32471907 0.75120831
v -0.33308351 0.10889810 -0.06292820
v 0.19510791 0.29043677 0.25605810
v 0.19435111 -0.28441396 0.80039597
v -0.27345937 0.21740581 -0.08020198
v -0.20907424 -0.28093264 -0.39321569
v 0.21806788 0.27311987 -0.36046982
v 0.29153162 -0.19312513 -0.01659365
v -0.07883710 0.33900994 0.16459022
v -0.33847338 0.08458094 -0.44342899
v -0.32876778 -0.11924902 0.09405971
v 0.11599737 0.32567301 0.77238166
v -0.21806054 0.25892761 -0.84897053
v 0.27326319 -0.21799983 0.28107423
v 0.33885318 -0.08022745 -0.48001087
v -0.27538046 -0.21523015 -0.09945038
v 0.21695629 0.27406949 -0.18422082
v -0.07921790 0.33899361 0.34837207
v 0.11236719 0.16037209 -0.89745188
v -0.32466751 0.10863472 -0.83612972
v 0.21858022 0.27268517 -0.73436791
v -0.29162678 0.19242355 -0.40265960
v 0.33850276 -0.08056632 0.63602883
v -0.32715753 0.12274650 0.39438668
v -0.33485913 0.03932461 0.80772221
v -0.21962996 -0.27169082 0.63187277
v -0.22085449 -0.27050513 0.43558952
v -0.06922180 0.30197346 0.85915166
v 0.33873418 -0.07909027 -0.03868666
v -0.07897088 0.33896884 -0.28217664
v 0.28976482 -0.19639617 -0.05728684
v -0.33844739 -0.03687428 0.79030496
v 0.19334860 0.29139334 0.41569719
v 0.07916549 0.33882108 -0.36504260
v -0.17902701 0.03842562 -0.89661324
v 0.07376990 0.16252321 -0.89498770
v 0.27399826 -0.21715470 0.15270244
v -0.11853565 0.32916704 0.53561199
v -0.06809744 0.32419497 -0.86370665
v -0.33155650 0.11259986 0.04527499
v -0.33878168 -0.08299194 0.51398015
v -0.13372402 0.31722155 -0.82277673
v -0.22043015 0.27096111 -0.39166185
v -0.21704838 -0.27411515 0.72575158
v -0.14711778 0.05989342 -0.89494336
v -0.27614260 0.21452101 0.07128581
v 0.27374142 0.21734662 -0.18858126
v -0.32982066 0.11669574 -0.51015925
v -0.18832411 0.29112333 -0.82473475
v 0.08120908 0.33876953 -0.46752656
v 0.19729941 -0.28927234 -0.61100870
v 0.11381186 -0.33127475 -0.55543870
v -0.03452043 -0.27115825 -0.89697194
v -0.19277802 -0.29165232 0.24720187
v 0.21685807 -0.27436930 0.61067241
v -0.29330581 -0.18955374 0.30011833
v 0.11478280 0.33087698 0.20442650
v 0.01161874 0.24543156 0.89666247
v 0.11748809 -0.32960743 0.20546667
v 0.26805964 -0.13417669 -0.88918287
v 0.21909834 -0.27227077 0.15259346
v 0.31842327 -0.11492436 0.81265390
v 0.19326477 0.29145357 0.11287933
v 0.28398797 -0.13504125 0.85694289
v 0.33877155 0.08027057 0.20155850
v 0.07512388 -0.33898029 0.63963354
v -0.20979723 -0.05486913 0.89688718
v 0.27358970 -0.21763116 -0.60198903
v 0.33874506 0.08200889 0.15229142
v 0.11029181 0.31920561 0.81275719
v -0.19400027 0.29110208 -0.46960217
v -0.21795417 -0.27286881 -0.69507015
v 0.15044738 -0.26451689 0.86545533
v -0.16304271 0.30503342 0.79288334
v -0.06431727 0.19647264 -0.89764667
v -0.25895461 0.04489651 0.89190614
v -0.21849757 0.27230725 0.70155931
v 0.29326332 -0.18993364 -0.34489965
v 0.10961067 0.30928987 -0.86318851
v -0.32816133 0.12060215 0.49503461
v 0.12878954 0.22753158 0.88998955
v 0.11487117 -0.33088362 0.29275799
v -0.19646712 0.28923860 0.60531199
v 0.21983472 0.27145368 -0.41969654
v 0.19591090 0.28996593 -0.38344854
v -0.27517399 0.21526158 -0.51058638
v -0.29101038 -0.19338584 -0.59483922
v 0.27700791 -0.21367620 -0.76514399
v -0.12255979 -0.32688707 -0.79562145
v 0.11167394 -0.33222800 0.47953591
v 0.27553856 -0.21552244 -0.12627949
v -0.11541668 -0.33055016 -0.50169265
v 0.05519277 -0.23148614 -0.89707452
v -0.27088392 0.22035052 0.46605170
v -0.33886823 0.07582484 -0.04671454
v -0.28961250 -0.19570281 -0.75012648
v 0.26757097 0.06588146 0.88006550
v -0.11676481 -0.32992473 -0.29109335
v 0.20947486 0.28131461 -0.47635978
v 0.13000132 -0.32371387 -0.79919177
v 0.32738268 0.12221247 0.31903401
v 0.24471070 0.14697970 -0.89617348
v -0.09012324 -0.19778869 0.89760226
v -0.32832444 -0.12027702 0.00773111
v 0.08969966 0.33432233 -0.81562316
v -0.33878562 0.08374339 0.53722912
v 0.06579584 -0.02320612 -0.85207397
v 0.30458367 0.01711715 0.85887688
v -0.11638583 -0.33009589 -0.71717352
v 0.27866188 0.01601771 0.87527537
v -0.28341168 -0.20525715 0.66048974
v 0.11960163 0.32853627 -0.50610834
v 0.33893707 0.07590590 -0.74709129
v 0.27420253 0.21677002 0.02211000
v 0.24733356 -0.24407458 -0.79782504
v -0.31807643 -0.14027770 -0.80185789
v 0.05441121 0.23239358 0.89754188
v -0.08198682 -0.33840406 -0.65395385
v -0.21959572 0.27171171 -0.27804017
v 0.25217786 -0.12127579 0.88253951
v -0.07907728 0.33892089 -0.63667613
v 0.08090387 0.33870798 -0.64498687
v -0.07170570 -0.29065871 -0.89044315
v -0.22325365 -0.26807559 -0.42877775
v 0.19612809 -0.28994167 0.49274513
v 0.12127934 0.20042732 0.89666790
v 0.21503468 -0.04488894 -0.89720875
v -0.23939165 -0.24961440 -0.83204335
v -0.11252694 0.33176076 0.24263696
v -0.19194044 -0.29194924 -0.63155586
v -0.07966423 0.33896977 -0.02748515
v 0.11587500 -0.33035937 -0.06653681
v 0.19419490 0.29092413 0.20729782
v 0.23054296 0.19119085 0.86783576
v -0.17388745 -0.28854364 -0.86018848
v -0.10181579 -0.17823960 -0.89733291
v 0.11315519 0.33158895 0.06273537
v 0.20597793 -0.21321554 0.87232280
v -0.00079301 0.05767713 -0.85533702
v 0.10897351 0.28836805 0.86425942
v 0.24304305 0.21333601 -0.87432480
v 0.21888641 0.27210823 0.18554194
v 0.27476111 0.21622653 -0.14783596
v 0.07509742 0.27731213 -0.89515811
v -0.11538100 0.33051980 -0.25530404
v 0.32945803 0.11749686 0.70296001
v 0.33897069 0.07734661 -0.26900929
v 0.24767807 -0.24061221 -0.82567024
v 0.09827401 -0.28041935 0.87187701
v -0.26837012 -0.11438884 0.87537187
v 0.26701212 0.10344812 0.87425470
v -0.27216539 -0.21870950 0.48836288
v -0.32431173 -0.12870285 -0.07616448
v 0.15597819 0.23599425 -0.89689803
v -0.11142737 -0.33247361 0.17363183
v 0.27586311 0.21515000 -0.56065357
v 0.33875886 0.08147082 -0.01258014
v -0.33892536 0.07513500 0.11715162
v 0.19296741 -0.29161954 0.64499623
v -0.29271868 -0.19020420 -0.54194754
v -0.31560406 -0.02957438 0.84873134
v -0.03586266 -0.21070753 0.89759648
v 0.28705740 0.20066500 0.16692159
v 0.33201745 -0.09327634 -0.82868499
v 0.21791397 -0.27337077 0.05649179
v -0.11637959 -0.33009928 -0.67237055
v 0.07970296 -0.33886993 -0.33978391
v -0.07977035 0.33895004 0.07228277
v -0.29090506 -0.19379100 -0.27417859
v -0.00670015 -0.10518122 -0.86332732
v 0.28301591 0.18457478 0.81852156
v 0.19850510 -0.28860667 -0.25979018
v -0.32250470 0.04862677 0.83576643
v 0.21719047 0.27367410 0.34261632
v 0.26955190 0.22157113 0.59038174
v 0.33877933 0.07446124 0.45898995
v -0.33283558 -0.10739776 -0.77956271
v 0.33869463 0.04537646 0.77574629
v 0.23098662 0.11692653 0.88643277
v -0.29192993 0.19207534 -0.09853206
v -0.00158912 0.09358743 -0.86485785
v 0.14313914 -0.25665924 -0.89246529
v 0.29029879 -0.19539385 0.09330009
v -0.33870885 -0.07447987 -0.69340724
v -0.27350125 -0.21729648 0.23248062
v -0.07936193 0.33894876 -0.33085170
v -0.11958657 0.29184917 0.85473716
v -0.29218942 0.19127293 -0.53749096
v 0.08093641 -0.33888090 -0.15949774
v -0.08192316 -0.33842456 -0.69874501
v 0.29957417 -0.15429826 -0.85314548
v 0.22123089 -0.00457485 -0.89545286
v 0.07847880 0.33874923 -0.73691702
v 0.25424254 0.03834461 -0.89724457
v -0.27494311 -0.21575074 -0.35398477
v 0.07943670 0.33891839 0.12323767
v -0.32850742 0.11950976 -0.27003399
v 0.11611101 0.33016288 -0.45177597
v -0.21853152 -0.27235731 -0.65495092
v 0.19197638 0.29209837 -0.60956931
v 0.32622677 -0.12452462 0.50630391
v -0.12543124 0.29451039 -0.87383544
v -0.27431333 0.21607456 -0.66677719
v -0.25416115 -0.00543019 -0.89754337
v 0.08298029 -0.33883712 -0.12093335
v -0.26158041 -0.09310828 -0.89699870
v 0.21849349 -0.27282211 0.37623549
v 0.02949158 0.11862971 -0.87028813
v -0.15760452 -0.15448727 0.89758939
v 0.00533909 0.33454698 0.81389868
v -0.27461502 0.21596619 -0.29116514
v 0.29122785 -0.19361565 0.17865725
v 0.29012156 -0.05418932 0.86823916
v 0.33202150 -0.11028518 0.10572410
v -0.07938045 -0.33851162 0.29406142
v 0.07490868 0.33885092 -0.23056851
v -0.27519324 -0.21543078 0.27858728
v 0.14966561 0.05154708 -0.88919455
v -0.18660425 0.29480532 0.71161568
v 0.03918071 -0.33887848 0.77534431
v -0.11546744 0.33053812 0.14333691
v -0.15340325 0.26480955 0.86556917
v -0.33864981 -0.08299137 -0.36843932
v 0.27279031 0.21829596 0.09305656
v 0.19367589 -0.29124781 0.44347125
v -0.28988263 -0.19578473 -0.17086017
v 0.20194055 0.17705065 0.88286835
v -0.20951505 -0.27261469 0.79682779
v -0.23849922 0.17245446 0.87319982
v 0.07969628 -0.33888727 -0.25020280
v -0.19361715 0.29128370 -0.62259597
v -0.19050115 -0.29286730 0.07413658
v 0.22122507 0.26974314 0.64961815
v 0.07640297 0.01198315 -0.85671419
v -0.24126986 0.02726642 0.89609033
v 0.05350617 -0.24121642 0.89315373
v 0.11483593 0.33079085 -0.08212635
v 0.08068966 -0.33886451 -0.38536698
v 0.05918856 -0.31044739 0.85461450
v -0.32776076 -0.12152363 -0.31099278
v 0.21980800 -0.27158976 -0.34529433
v 0.33875924 -0.06443145 0.01433483
v 0.19332263 0.29138222 -0.10382182
v 0.19305067 0.29150879 -0.66821200
v -0.28900430 -0.19684114 -0.67619020
v 0.11514511 0.33073246 0.53370488
v 0.08479674 -0.33852911 -0.70877957
v 0.11155359 0.33217990 -0.15678465
v -0.22067958 0.27080682 -0.70306540
v -0.21741547 -0.27376089 0.52740133
v -0.12070413 0.09192844 -0.89587718
v 0.16834550 -0.01886350 -0.88214952
v -0.29156312 0.19285388 -0.05421425
v -0.21638149 0.27455533 0.27331367
v -0.01756853 0.33885792 0.77252388
v 0.17396684 0.07547746 -0.89721799
v 0.19367120 -0.29130471 -0.35239291
v 0.33853576 -0.08237198 0.18895708
v -0.32877836 0.11885823 -0.39417034
v -0.19062735 0.29283431 -0.12654327
v 0.33099005 0.11449587 -0.70322162
v 0.23915191 0.21060947 0.85202384
v -0.21918647 0.27220091 -0.64793777
v -0.33813491 0.08738085 -0.61359787
v 0.27247232 0.21865486 -0.01788746
v -0.20741752 0.28291345 -0.50728470
v 0.32884309 0.11881234 0.66289723
v -0.22027920 0.27111426 -0.45461348
v -0.22254513 0.26881304 0.07938341
v 0.33857206 0.08178128 0.59716171
v 0.21958016 0.27184558 -0.77920336
v 0.29210645 0.19202492 0.03215384
v -0.20409267 -0.14588158 0.89508927
v -0.11537986 -0.33055925 -0.18815301
v 0.33175629 0.11233604 -0.77240551
v -0.08667563 0.11110131 -0.89267027
v 0.11325643 -0.33155185 0.72105926
v -0.28827709 -0.19807941 -0.71062177
v -0.19974703 -0.28640851 0.76384687
v -0.07971231 0.33896214 -0.17285669
v -0.09952460 0.00214585 -0.86723143
v -0.33904126 0.07205251 0.44654107
v -0.28970808 0.19641495 0.57370049
v -0.33861637 -0.08247434 -0.58815289
v 0.33878139 -0.08102943 -0.64051825
v -0.07993614 0.33893496 -0.37176576
v -0.23182142 0.12414539 -0.89751220
v -0.11443131 -0.33094490 -0.75938880
v 0.29087433 -0.19421746 0.13314013
v -0.32963911 -0.11730396 -0.48379764
v 0.33871168 0.08349569 -0.16220772
v -0.11644201 -0.33008021 -0.62760919
v -0.08239519 -0.33841804 -0.37176329
v -0.33391905 0.10201451 0.70143932
v 0.33889726 0.07658231 -0.06573295
v -0.30993432 0.07262103 0.84959316
v 0.29322448 0.18993324 0.29109401
v -0.19437964 0.29048669 0.49450633
v -0.06682029 0.33836639 0.76627922
v 0.11551286 -0.33052385 -0.59870136
v 0.29034412 -0.19514038 0.41944662
v -0.32851017 0.11971491 0.15611099
v 0.27310359 0.21800713 -0.06269480
v 0.33869952 0.08407586 0.11197836
v 0.15325233 -0.22616509 0.88618433
v 0.33727542 -0.09070504 0.03967465
v -0.29312959 0.18990165 0.09415197
v 0.32886887 -0.11888067 -0.26395741
v -0.07188154 0.00161723 0.89740312
v -0.27098840 -0.22001952 0.35955817
v 0.33117706 -0.11352616 -0.67635858
v 0.07538445 0.33889422 0.06065756
v 0.05536896 0.31370270 0.84887624
v -0.21889539 0.27233148 -0.12570153
v -0.26947591 -0.22156681 0.68527120
v -0.06164061 -0.16934310 -0.89598763
v 0.27554962 -0.21551196 -0.16933018
v -0.29617143 0.09570646 0.86074072
v 0.01697496 -0.22588030 0.89730251
v -0.33877745 -0.08422469 0.47927085
v 0.08035338 0.33890933 0.46516374
v -0.33887252 0.08149578 0.25984454
v -0.28075248 0.20849030 -0.75665277
v 0.33339915 -0.10486566 0.15469931
v -0.19923474 0.20593011 0.87799931
v -0.33870611 0.08428793 0.16147234
v -0.33881781 0.07215555 -0.21126851
v 0.07947294 0.33892506 0.27206689
v 0.33902776 0.06000525 -0.48825222
v -0.29172045 0.19227405 -0.26913124
v -0.22070728 0.27059400 0.02221684
v 0.21143936 0.04893703 0.89759511
v 0.32755607 -0.12150404 0.26984301
v -0.33848467 0.08256301 -0.52852869
v -0.06371608 -0.02869862 -0.85747927
v -0.33858809 -0.08581512 -0.32731053
v 0.33869901 -0.07179242 0.38969347
v -0.12023587 -0.32832959 -0.05879629
v -0.33902717 0.07140839 0.38330612
v 0.29021028 -0.19563122 -0.43832004
v -0.19214271 0.29199353 -0.05933409
v 0.19287939 0.29162914 0.57638687
v 0.29267555 -0.19113530 -0.72652715
v -0.21771573 -0.27303094 -0.72935301
v 0.33816868 -0.08613166 0.34797433
v 0.10413335 -0.33516884 0.52497154
v -0.19670597 0.28911173 0.55039805
v 0.19495174 0.29049668 -0.32772997
v 0.33890444 0.08104458 -0.56884706
v 0.29242089 -0.19155036 -0.29197145
v -0.07359297 0.33902618 0.58763617
v 0.32846680 0.11981307 -0.45342726
v 0.21849407 -0.27282107 0.51956832
v 0.07357190 -0.33900228 0.56885648
v 0.08042893 0.33892697 0.37562779
v -0.33018589 -0.10292733 0.77046055
v -0.27597606 -0.21456955 -0.56472468
v 0.33881980 0.08191860 -0.31357756
v 0.14540912 0.30646002 0.81288093
v 0.11239191 0.31992391 -0.84352136
v -0.21527179 0.27572250 -0.08324609
v -0.27264419 -0.21819137 0.43222129
v -0.11746497 -0.32965252 -0.39745608
v -0.21793967 0.27336654 -0.59559828
v 0.22023199 -0.27118158 -0.53510493
v -0.10963669 -0.12868872 -0.89667767
v -0.08059009 0.33896285 0.28473115
v 0.22033755 -0.27107704 -0.74694628
v -0.19186281 -0.29203576 -0.48499370
v -0.29290292 0.18985759 -0.68605727
v 0.33890507 -0.07715484 -0.69576305
v -0.27100483 0.22022153 0.69970000
v 0.21683116 -0.27439013 -0.08810918
v -0.12270970 0.32721823 0.36263067
v -0.29284430 -0.19025388 -0.12097917
v 0.15254499 0.19232561 0.89307761
v 0.08040109 -0.33895129 0.43289748
v -0.08107800 -0.33826450 -0.78366160
v 0.17797568 0.19607672 -0.89712578
v 0.32814631 -0.11998844 0.61811924
v -0.32841429 0.11961443 -0.68461001
v -0.33879566 -0.08259163 0.34915003
v -0.33553493 0.09927519 -0.72420901
v -0.33876118 0.07476223 -0.30802211
v 0.18889324 0.29374468 0.72101992
v -0.07309111 0.33904302 0.41756868
v 0.32781771 -0.12086847 0.31351578
v 0.07818425 0.33891612 0.32792839
v -0.32784355 0.12114403 0.01122609
v 0.12040781 -0.32827327 0.43555793
f 1726 1706 825
f 1706 1888 825
f 164 441 1706
f 578 1207 604
f 604 1207 164
f 164 1726 604
f 1706 1726 164
f 931 578 604
f 794 931 604
f 825 1888 885
f 885 1855 1580
f 1580 1855 994
f 44 1580 1697
f 1855 885 1888
f 1697 1580 994
f 953 1697 1770
f 953 44 1697
f 97 953 1770
f 97 1770 425
f 1900 97 425
f 425 1559 749
f 749 1900 425
f 1697 1967 1770
f 1770 903 425
f 1559 425 944
f 1559 1608 1213
f 1213 749 1559
f 1193 1213 1608
f 1608 1415 1193
f 1850 1193 1415
f 1415 1779 1850
f 1559 816 1608
f 1608 1805 1415
f 785 1850 1779
f 42 785 966
f 966 1836 42
f 339 42 1836
f 1779 1303 966
f 966 785 1779
f 339 1836 1985
f 1763 339 1985
f 1763 1985 620
f 162 1763 381
f 1763 620 381
f 1714 162 381
f 1985 1836 100
f 1985 1626 620
f 2 504 264
f 289 2 264
f 399 198 289
f 911 198 452
f 645 995 771
f 504 645 771
f 289 130 2
f 198 458 289
f 458 130 289
f 370 458 198
f 370 198 911
f 1059 370 911
f 1787 1285 1726
f 1787 314 1285
f 1443 1787 825
f 1080 1443 825
f 489 1285 314
f 1493 314 1787
f 1443 1493 1787
f 314 399 489
f 765 399 314
f 765 314 1493
f 452 198 399
f 765 452 399
f 877 452 765
f 877 765 1493
f 1493 1443 1794
f 794 604 1726
f 1285 794 1726
f 825 1787 1726
f 706 771 794
f 1285 706 794
f 706 504 771
f 706 1285 489
f 264 504 706
f 264 706 489
f 264 399 289
f 399 264 489
f 794 995 931
f 771 995 794
f 885 1580 1574
f 1080 885 1574
f 1574 1580 1247
f 1894 1247 44
f 1247 1580 44
f 1794 1443 1080
f 1794 1080 1574
f 38 1794 1574
f 38 1574 1247
f 1894 38 1247
f 1080 825 885
f 209 44 953
f 209 1894 44
f 209 953 97
f 542 97 1900
f 1900 749 583
f 209 97 542
f 542 1900 440
f 440 1900 583
f 843 583 1213
f 583 749 1213
f 1833 1213 1193
f 1193 1850 1946
f 761 1946 1850
f 843 1213 1833
f 1833 1193 1946
f 440 583 843
f 1165 785 42
f 761 1850 973
f 973 785 1165
f 156 1165 42
f 1147 156 42
f 1344 761 973
f 973 1165 1344
f 156 1344 1165
f 733 156 1147
f 785 973 1850
f 339 1147 42
f 339 1763 1127
f 1590 1763 162
f 733 1147 339
f 1127 733 339
f 1127 1763 1590
f 917 1590 162
f 154 162 1714
f 154 917 162
f 1491 733 1127
f 1491 1127 1590
f 917 1491 1590
f 414 1469 1745
f 1171 1469 414
f 1171 414 149
f 1898 638 149
f 638 1171 149
f 1745 25 414
f 1719 290 638
f 1776 1740 290
f 1740 1776 1902
f 1368 1740 1902
f 1368 1425 1740
f 416 1425 1368
f 1478 1425 416
f 1478 416 1702
f 1979 1478 1702
f 701 1019 1979
f 1616 1019 1225
f 1973 1019 701
f 1225 1019 1973
f 683 1225 1973
f 683 1538 1225
f 873 1123 665
f 665 572 1538
f 1479 665 1708
f 665 1538 1708
f 1884 665 1479
f 1884 873 665
f 796 1439 455
f 1238 200 796
f 455 1571 873
f 836 455 873
f 1948 796 455
f 40 796 1948
f 40 1238 796
f 430 578 931
f 1182 892 841
f 1182 578 430
f 841 892 459
f 892 33 459
f 1298 892 1182
f 397 1298 430
f 1298 1182 430
f 397 715 1298
f 125 27 1205
f 1205 33 125
f 459 33 1205
f 892 498 33
f 498 125 33
f 498 892 1298
f 951 498 1298
f 715 951 1298
f 378 1205 27
f 378 231 1205
f 125 114 27
f 498 114 125
f 498 951 986
f 986 114 498
f 1272 378 20
f 27 1031 378
f 1031 20 378
f 114 1031 27
f 114 914 1031
f 986 914 114
f 555 1745 1272
f 20 555 1272
f 1031 1420 20
f 914 1420 1031
f 555 25 1745
f 472 555 20
f 1420 472 20
f 986 1746 914
f 814 1746 986
f 164 496 441
f 1706 441 1233
f 1233 1888 1706
f 1207 578 841
f 578 1182 841
f 1207 496 164
f 496 625 208
f 208 441 496
f 841 459 625
f 496 841 625
f 496 1207 841
f 625 231 1738
f 208 625 1738
f 22 441 208
f 1233 22 1954
f 441 22 1233
f 459 1205 231
f 459 231 625
f 1738 231 159
f 1738 159 996
f 208 1738 996
f 22 208 996
f 22 996 1171
f 1171 638 22
f 1954 22 638
f 378 1272 159
f 159 231 378
f 1469 159 1272
f 996 159 1469
f 1469 1171 996
f 1745 1469 1272
f 1855 1888 92
f 1888 1233 92
f 994 1855 92
f 1697 994 1281
f 1967 1697 1281
f 1281 994 92
f 1682 1233 1954
f 92 1233 1682
f 92 1682 1809
f 1809 1281 92
f 1281 1809 214
f 1329 1281 214
f 1329 1967 1281
f 638 290 1682
f 1954 638 1682
f 1809 1682 290
f 290 1740 1809
f 214 1809 1740
f 214 1740 1425
f 1425 1329 214
f 1770 1967 903
f 425 903 584
f 944 425 584
f 1967 1329 745
f 903 1967 745
f 745 584 903
f 584 745 1266
f 584 1266 1734
f 944 584 1734
f 1329 1425 1478
f 745 1329 1478
f 745 1478 1979
f 1979 1266 745
f 1266 1979 1019
f 1734 1266 1019
f 816 1559 944
f 1608 816 1805
f 1415 1805 321
f 321 1779 1415
f 1734 816 944
f 816 1734 1616
f 1805 816 1616
f 1805 1616 1319
f 321 1805 1319
f 321 1319 572
f 1616 1734 1019
f 1225 1319 1616
f 1319 1225 1538
f 1538 572 1319
f 1779 321 1303
f 966 1303 1301
f 1836 966 1301
f 1836 1301 100
f 871 321 572
f 1303 321 871
f 1301 871 1123
f 1303 871 1301
f 1301 1123 1571
f 100 1301 1571
f 871 572 665
f 1123 871 665
f 873 1571 1123
f 1626 1985 100
f 620 1626 497
f 497 381 620
f 381 497 698
f 1192 100 1571
f 1192 1626 100
f 1626 1192 1439
f 497 1626 1439
f 698 1439 200
f 698 497 1439
f 1192 1571 455
f 1439 1192 455
f 200 1439 796
f 430 931 995
f 504 1369 645
f 2 1369 504
f 1369 2 130
f 45 1369 130
f 458 45 130
f 458 1255 45
f 370 1255 458
f 257 1255 370
f 257 370 1059
f 397 430 995
f 397 995 645
f 1126 397 645
f 1369 1126 645
f 1369 1816 1126
f 1816 1369 45
f 1814 1255 257
f 397 1126 715
f 45 123 1816
f 1255 123 45
f 1814 123 1255
f 1816 715 1126
f 1814 1572 123
f 1816 123 715
f 123 468 715
f 123 518 468
f 1572 518 123
f 1118 518 1572
f 715 814 951
f 814 986 951
f 468 814 715
f 1118 1092 518
f 1339 1092 1118
f 345 1430 304
f 1430 1354 304
f 202 1430 925
f 202 1354 1430
f 1430 1733 925
f 246 202 925
f 1733 174 925
f 174 456 246
f 174 246 925
f 51 246 456
f 174 273 456
f 322 51 28
f 51 456 28
f 322 657 51
f 273 28 456
f 25 304 844
f 414 25 844
f 149 414 844
f 149 844 1699
f 1898 149 1699
f 1719 638 1898
f 25 345 304
f 1699 844 855
f 844 304 855
f 799 1699 855
f 1699 799 1988
f 1988 1898 1699
f 1719 1898 726
f 855 304 1354
f 799 855 1427
f 726 1898 1988
f 1354 1427 855
f 1354 202 1427
f 202 246 1427
f 799 1427 614
f 1988 799 614
f 1427 246 863
f 614 1427 863
f 1988 614 980
f 726 1988 980
f 863 246 51
f 614 863 980
f 657 863 51
f 204 863 657
f 980 863 204
f 1776 290 1719
f 1800 1776 1719
f 1902 1776 1728
f 690 1368 1902
f 1800 1719 726
f 1728 1776 1800
f 690 1902 1728
f 1368 690 949
f 701 1979 1702
f 949 416 1368
f 1702 416 1275
f 394 701 1702
f 1275 416 949
f 394 1702 1275
f 608 701 394
f 1708 1538 683
f 608 1973 701
f 1903 683 1973
f 1297 1708 683
f 1903 1973 608
f 1297 683 1903
f 836 873 1884
f 702 1479 1708
f 367 1884 1479
f 836 1884 1137
f 702 1708 1297
f 367 1479 702
f 1137 1884 367
f 182 455 836
f 1948 455 182
f 1378 182 836
f 1948 182 927
f 1948 927 40
f 1378 836 1137
f 927 182 1378
f 1472 40 927
f 555 839 345
f 345 25 555
f 472 839 555
f 472 1087 839
f 1420 1087 472
f 1746 1420 914
f 814 1976 1746
f 839 1430 345
f 839 1087 77
f 1420 1746 1087
f 993 1430 839
f 77 667 993
f 77 993 839
f 1746 77 1087
f 1976 789 1746
f 993 1733 1430
f 667 1733 993
f 789 1926 1746
f 1733 667 29
f 77 622 667
f 622 29 667
f 622 77 1746
f 1746 1926 622
f 174 29 1663
f 29 174 1733
f 622 1293 29
f 1293 1663 29
f 1663 273 174
f 1926 1111 622
f 1270 1111 1926
f 1663 1459 273
f 1293 1459 1663
f 622 567 1293
f 1111 567 622
f 1092 468 518
f 728 1092 1339
f 642 1976 814
f 468 642 814
f 468 1092 642
f 950 642 1092
f 950 1092 728
f 728 1891 950
f 642 789 1976
f 1891 940 950
f 1270 789 642
f 950 1945 642
f 1270 1926 789
f 770 1130 1270
f 1270 642 1945
f 770 1270 1945
f 238 1111 1270
f 1130 1780 1270
f 1270 1780 238
f 940 1945 950
f 940 725 1945
f 725 770 1945
f 725 1589 770
f 770 469 1130
f 1589 469 770
f 1714 381 561
f 561 1176 978
f 978 1714 561
f 1621 978 1176
f 1621 1176 1039
f 1392 1621 1039
f 1039 1176 1295
f 295 1392 1462
f 1392 1039 1462
f 1000 1462 299
f 1000 295 1462
f 918 1000 299
f 918 299 937
f 1261 918 937
f 1261 937 1666
f 1039 1186 1462
f 937 1827 1666
f 1089 1666 1074
f 1499 1089 1074
f 1499 1074 884
f 1372 1499 884
f 1666 169 1074
f 884 1074 666
f 1419 1372 884
f 1419 884 139
f 964 1419 139
f 964 139 1020
f 1208 1020 972
f 1208 964 1020
f 385 1208 972
f 385 972 1365
f 1396 1365 775
f 1396 1486 1365
f 1366 775 932
f 1366 1396 775
f 1540 1366 932
f 1365 972 1516
f 932 775 1721
f 1540 932 671
f 671 932 1468
f 731 671 902
f 671 1591 902
f 900 731 902
f 832 154 1714
f 832 1714 978
f 308 832 978
f 308 978 1621
f 1062 308 1621
f 1062 1621 1392
f 99 1062 1392
f 712 1062 99
f 308 154 832
f 712 308 1062
f 1392 295 99
f 1606 99 295
f 1606 295 1000
f 297 1606 1000
f 297 1000 918
f 918 1261 1545
f 778 297 918
f 778 918 1545
f 712 99 1606
f 778 1545 1517
f 1606 297 778
f 571 1499 1372
f 1517 1545 1261
f 1517 1261 1089
f 1992 1089 1499
f 558 571 1372
f 1517 1089 1992
f 1992 1499 571
f 406 1992 571
f 558 406 571
f 1089 1261 1666
f 558 1372 1419
f 1930 1419 964
f 1651 964 1208
f 1651 1930 964
f 693 1208 385
f 558 1419 1930
f 1651 1208 693
f 1486 693 385
f 115 1486 1396
f 115 1396 1366
f 286 1366 1540
f 693 1486 1289
f 1289 1486 115
f 115 1366 1290
f 1290 1366 286
f 385 1365 1486
f 1966 286 1540
f 1966 870 236
f 589 286 1966
f 1448 1966 236
f 1448 589 1966
f 1448 236 53
f 1642 589 1448
f 53 1642 1448
f 1642 53 948
f 1309 1290 286
f 286 589 1309
f 1309 589 1642
f 288 1309 1642
f 288 1642 948
f 1540 671 731
f 731 1966 1540
f 731 900 870
f 1966 731 870
f 236 870 1541
f 236 1541 275
f 275 53 236
f 53 275 906
f 1771 53 906
f 948 53 1771
f 609 948 1771
f 1541 870 900
f 900 818 1541
f 1541 818 296
f 75 275 1541
f 906 275 75
f 78 1771 906
f 319 906 75
f 906 319 78
f 787 1771 78
f 787 609 1771
f 1842 1144 1238
f 1248 1842 615
f 716 1842 1238
f 615 1842 1244
f 1664 681 804
f 804 615 1765
f 340 1664 804
f 1390 746 1664
f 746 1390 1562
f 1134 746 1562
f 1364 1232 1134
f 887 1232 1364
f 1508 6 887
f 1018 1860 1508
f 735 1508 887
f 1194 1018 1508
f 1018 1194 1514
f 312 1252 1482
f 1341 1018 1514
f 1341 1336 1018
f 364 1482 1341
f 1482 1336 1341
f 1405 312 364
f 312 1482 364
f 1889 1654 312
f 971 1889 312
f 466 1889 971
f 1611 312 1405
f 1611 971 312
f 1110 466 971
f 833 466 1110
f 561 381 698
f 561 698 1575
f 1575 1176 561
f 1176 1575 1295
f 1186 1039 1295
f 1575 698 200
f 1575 200 1144
f 1575 1144 402
f 1295 1575 402
f 1295 402 1248
f 1248 1186 1295
f 1144 200 1238
f 402 1144 1842
f 1248 402 1842
f 1462 1186 695
f 695 299 1462
f 299 695 1795
f 937 299 1795
f 937 1795 1827
f 1032 1186 1248
f 695 1186 1032
f 695 1032 681
f 1795 695 681
f 1795 681 1142
f 1142 1827 1795
f 1032 1248 615
f 1032 615 804
f 1032 804 681
f 1664 1142 681
f 1142 1664 746
f 1666 1827 169
f 1920 1074 169
f 1074 1920 666
f 1972 884 666
f 1500 1827 1142
f 169 1827 1500
f 1920 1500 477
f 169 1500 1920
f 477 1972 1920
f 1972 666 1920
f 1972 477 1637
f 477 1232 1637
f 746 1500 1142
f 746 1134 1500
f 1134 477 1500
f 477 1134 1232
f 1972 139 884
f 139 1972 1762
f 1020 139 1762
f 1484 1020 1762
f 1484 972 1020
f 1516 972 1484
f 1972 1637 6
f 1762 1972 6
f 1860 1762 6
f 1484 1762 1860
f 1299 1484 1860
f 1299 1516 1484
f 1637 1232 887
f 1637 887 6
f 1860 6 1508
f 1299 1860 1018
f 1365 1516 769
f 769 775 1365
f 775 769 1721
f 1925 932 1721
f 1468 932 1925
f 1721 769 1925
f 769 1516 1299
f 769 1299 1636
f 1636 1925 769
f 1925 1636 1252
f 1925 1252 1654
f 1299 1018 1336
f 1636 1299 1336
f 1636 1336 1482
f 1636 1482 1252
f 312 1654 1252
f 1591 671 1468
f 902 1591 1547
f 369 1547 929
f 902 1547 369
f 818 902 369
f 818 900 902
f 1591 1468 1426
f 1591 1426 30
f 1547 1591 30
f 1547 30 929
f 281 369 929
f 369 281 1413
f 1413 818 369
f 296 818 1413
f 1468 1925 1654
f 1654 1440 1426
f 1468 1654 1426
f 1426 1440 1513
f 30 1426 1513
f 30 1381 24
f 929 30 24
f 129 929 24
f 129 281 929
f 1513 1440 1838
f 1381 30 1513
f 129 24 1381
f 129 1381 206
f 1440 1654 1889
f 1838 1440 1889
f 744 1381 1513
f 744 1513 1838
f 206 1381 744
f 206 744 724
f 1838 1889 466
f 639 1838 466
f 639 744 1838
f 744 639 724
f 466 833 639
f 724 639 34
f 31 724 34
f 43 639 833
f 43 34 639
f 129 368 281
f 653 1413 281
f 924 1413 653
f 653 281 368
f 1466 129 206
f 368 129 1466
f 368 1466 161
f 653 368 161
f 653 161 1883
f 724 1466 206
f 210 161 1466
f 1883 161 1150
f 1466 724 31
f 210 1466 31
f 161 210 265
f 1150 161 265
f 1150 265 1819
f 1348 34 43
f 1348 31 34
f 31 1348 505
f 210 31 505
f 210 505 543
f 265 210 543
f 75 1541 296
f 1760 75 296
f 319 75 641
f 75 1760 641
f 475 319 641
f 475 78 319
f 74 78 475
f 787 78 74
f 296 924 1760
f 664 74 475
f 57 74 664
f 296 1413 924
f 449 1760 924
f 449 641 1760
f 568 641 449
f 279 475 641
f 279 641 568
f 664 475 279
f 924 653 404
f 404 449 924
f 449 404 1160
f 568 449 1160
f 1677 279 568
f 664 279 1677
f 404 653 1883
f 1677 568 1160
f 57 664 1677
f 404 1883 1534
f 1160 404 1534
f 1534 1150 1819
f 1534 1883 1150
f 1534 1677 1160
f 716 1238 40
f 1244 1842 716
f 1472 716 40
f 1244 716 759
f 716 1472 759
f 1244 759 1375
f 1765 615 1244
f 340 804 1765
f 1664 340 1390
f 1765 1244 1375
f 1054 340 1765
f 1390 340 1054
f 1054 1765 1375
f 1825 1390 1054
f 1364 1134 1562
f 1364 1562 1071
f 1825 1562 1390
f 1364 1071 663
f 882 1364 663
f 1071 1562 1825
f 735 887 1364
f 1194 1508 735
f 735 1364 882
f 1503 735 882
f 1503 1194 735
f 621 1514 1503
f 1514 1194 1503
f 621 1341 1514
f 554 364 1341
f 1543 1405 364
f 1341 621 554
f 1543 364 554
f 1110 971 1611
f 122 833 1110
f 43 833 122
f 1611 774 1110
f 1110 774 433
f 433 122 1110
f 400 43 122
f 1611 1405 112
f 1611 112 774
f 374 122 433
f 8 400 122
f 8 122 374
f 112 1405 1543
f 32 433 774
f 199 433 32
f 199 374 433
f 1077 774 112
f 32 774 1077
f 374 199 668
f 244 374 668
f 351 199 32
f 184 199 351
f 184 668 199
f 112 1543 1077
f 32 1077 324
f 351 32 324
f 184 351 419
f 419 324 988
f 419 351 324
f 677 184 419
f 677 419 326
f 8 374 244
f 668 184 181
f 244 668 181
f 181 184 677
f 631 181 677
f 677 326 631
f 400 1348 43
f 1348 530 505
f 543 505 56
f 73 265 543
f 73 1819 265
f 1348 400 530
f 510 505 530
f 56 505 510
f 73 543 56
f 530 400 8
f 530 8 592
f 510 530 592
f 56 510 1713
f 1713 73 56
f 592 8 244
f 222 510 592
f 510 222 1713
f 592 244 413
f 592 413 222
f 1772 1713 222
f 413 244 181
f 222 413 401
f 1772 222 401
f 631 413 181
f 909 401 631
f 401 413 631
f 1677 1534 1919
f 1919 1534 1819
f 1819 73 1919
f 1919 73 1713
f 1919 1713 1772
f 1152 54 911
f 911 452 1152
f 1345 54 1152
f 1345 886 54
f 269 886 1345
f 269 1345 570
f 864 269 570
f 864 493 269
f 1059 911 54
f 54 165 1059
f 886 165 54
f 616 886 269
f 493 616 269
f 50 493 409
f 50 409 89
f 1380 50 89
f 877 1152 452
f 1493 1794 1412
f 877 1493 1412
f 1152 877 1507
f 1412 709 877
f 570 1345 1507
f 1345 1152 1507
f 1507 877 709
f 1017 570 1507
f 709 1017 1507
f 1017 864 570
f 650 709 1412
f 1630 864 1017
f 1180 1630 1017
f 1180 1017 709
f 1180 709 650
f 1993 650 1412
f 1596 1630 1180
f 624 1180 650
f 1138 650 1993
f 1138 624 650
f 624 1596 1180
f 409 493 864
f 409 864 1630
f 1596 907 1630
f 907 409 1630
f 907 89 409
f 762 1412 1794
f 420 1794 38
f 420 762 1794
f 1291 38 1894
f 1291 420 38
f 1874 420 1291
f 762 1993 1412
f 1436 762 420
f 1874 1436 420
f 1397 1874 1291
f 1991 1993 762
f 1991 1138 1993
f 1991 762 1436
f 1397 1436 1874
f 1894 209 1291
f 1944 1291 209
f 1944 209 542
f 1228 1944 542
f 1228 542 440
f 1620 1228 440
f 438 1291 1944
f 1658 1944 1228
f 1620 451 1228
f 1397 1291 438
f 438 1944 1658
f 1658 1228 451
f 451 1620 90
f 591 440 843
f 591 1620 440
f 750 843 1833
f 750 591 843
f 1994 750 1833
f 1994 1833 1946
f 1946 761 1994
f 85 750 1994
f 1322 85 1994
f 1620 591 90
f 90 591 1869
f 591 750 1869
f 1869 750 457
f 750 85 457
f 1322 457 85
f 1994 761 1344
f 566 1994 1344
f 1937 566 1344
f 1937 1344 156
f 1013 1937 156
f 156 733 1013
f 566 1937 777
f 1302 1937 1013
f 566 1322 1994
f 1302 777 1937
f 1807 1322 566
f 1807 566 777
f 1095 777 1302
f 812 1302 1013
f 1807 777 1095
f 1095 1302 812
f 1548 1013 733
f 1548 733 1491
f 1705 1548 1491
f 1705 1491 917
f 1452 1705 154
f 1705 917 154
f 676 1013 1548
f 1612 1548 1705
f 320 1612 1705
f 320 1705 1452
f 812 1013 676
f 676 1548 999
f 999 1548 1612
f 219 907 1596
f 205 219 1596
f 205 1596 624
f 624 1138 1604
f 205 624 1604
f 907 1367 89
f 696 1367 907
f 696 907 219
f 649 696 219
f 961 649 219
f 961 219 205
f 1933 205 1604
f 1933 961 205
f 1397 1320 1436
f 1604 1138 1980
f 1980 1138 1991
f 1991 1436 1320
f 1980 1991 1320
f 1320 1397 684
f 1121 1604 1980
f 1320 1813 1980
f 684 1461 1320
f 451 1546 1658
f 684 1397 438
f 684 438 1798
f 438 1658 1798
f 1798 1658 1546
f 1546 451 513
f 513 451 90
f 1696 1798 1546
f 513 90 1632
f 1632 90 1869
f 1869 457 1400
f 1632 1869 1400
f 1400 457 64
f 64 457 1322
f 1003 1807 1095
f 1940 1322 1807
f 64 1322 1940
f 1940 1807 1003
f 1095 812 104
f 1003 1095 104
f 1155 104 812
f 1940 1003 1352
f 1352 1003 104
f 1863 999 1612
f 320 1863 1612
f 812 676 1155
f 676 999 1790
f 1155 676 1790
f 1790 999 1863
f 1863 320 365
f 320 1999 365
f 165 257 1059
f 254 165 886
f 254 886 616
f 616 1579 254
f 493 76 616
f 76 1579 616
f 50 76 493
f 50 247 76
f 1380 247 50
f 89 188 1380
f 165 1814 257
f 1346 1814 165
f 1346 165 254
f 1579 1346 254
f 247 1579 76
f 1380 216 247
f 188 216 1380
f 1579 687 1346
f 687 1579 247
f 216 687 247
f 1897 687 216
f 46 1897 216
f 708 1572 1814
f 1346 708 1814
f 687 1645 708
f 708 1346 687
f 687 1300 1645
f 1897 1300 687
f 708 1118 1572
f 1333 1300 1897
f 708 1339 1118
f 1645 1339 708
f 1333 1310 1300
f 1655 1339 1645
f 1300 1655 1645
f 188 89 1367
f 637 188 1367
f 47 637 1367
f 696 47 1367
f 637 47 325
f 528 325 47
f 637 46 188
f 46 216 188
f 704 46 637
f 704 637 325
f 325 718 704
f 83 718 325
f 83 325 528
f 896 718 83
f 1333 1897 46
f 704 835 1333
f 704 1333 46
f 718 835 704
f 1536 835 718
f 1536 718 896
f 896 347 1536
f 347 896 224
f 613 224 896
f 1536 536 835
f 155 536 1536
f 347 155 1536
f 62 347 224
f 62 224 893
f 536 153 835
f 153 1333 835
f 155 153 536
f 62 1475 155
f 155 347 62
f 62 879 1475
f 893 879 62
f 893 544 879
f 155 172 153
f 1475 172 155
f 879 382 1475
f 544 323 879
f 153 1310 1333
f 1475 382 172
f 323 648 879
f 648 382 879
f 323 742 648
f 358 742 323
f 649 47 696
f 649 528 47
f 1024 528 649
f 499 649 961
f 499 1024 649
f 1933 1008 961
f 1121 1933 1604
f 1008 499 961
f 1024 83 528
f 680 83 1024
f 499 680 1024
f 685 680 499
f 685 499 1008
f 613 896 83
f 680 613 83
f 356 613 680
f 685 356 680
f 1391 685 1008
f 1008 1212 1391
f 1933 1212 1008
f 1212 1933 1121
f 1121 1859 1212
f 1391 356 685
f 224 613 1623
f 1623 613 356
f 1391 532 356
f 893 224 1623
f 893 1623 546
f 546 544 893
f 546 1623 532
f 1623 356 532
f 1391 738 532
f 738 1391 1212
f 391 738 1212
f 1859 1371 1212
f 1659 546 532
f 546 992 544
f 992 323 544
f 1121 1980 1813
f 1813 1320 1461
f 1422 1461 684
f 1813 1859 1121
f 1461 1873 1813
f 1422 1974 1461
f 1859 1813 1873
f 1873 1461 1974
f 1873 1338 1859
f 1974 1841 1873
f 1422 684 1798
f 86 1696 1546
f 86 1546 513
f 1422 1798 1696
f 86 513 335
f 1696 531 1422
f 335 1878 86
f 1974 1422 531
f 1876 1696 1878
f 531 1696 1876
f 1878 1696 86
f 531 748 1974
f 1878 1681 1876
f 1632 335 513
f 806 1632 1400
f 64 1164 1400
f 335 1632 806
f 806 1400 1164
f 1164 64 1821
f 806 1653 335
f 1164 967 806
f 1821 967 1164
f 1878 335 1653
f 1653 806 967
f 1729 967 1821
f 1449 1878 1653
f 732 1653 967
f 1496 967 1729
f 1821 64 1940
f 1352 330 1940
f 104 1125 1352
f 465 104 1155
f 330 1821 1940
f 1125 104 465
f 1352 1125 330
f 330 1729 1821
f 1125 1497 330
f 1729 330 1497
f 1076 1497 1125
f 1125 465 1076
f 1076 465 1924
f 1497 329 1729
f 1076 1477 1497
f 1155 1416 465
f 1790 1416 1155
f 1615 1790 1863
f 365 1442 1863
f 1416 1790 1615
f 1615 1863 1442
f 1416 1924 465
f 1615 1924 1416
f 1382 1615 1442
f 1924 1615 1971
f 1971 1615 1382
f 1382 1951 1971
f 358 323 992
f 1659 532 738
f 391 1212 1371
f 1659 992 546
f 1659 309 992
f 1659 9 309
f 738 9 1659
f 738 391 9
f 492 358 992
f 309 492 992
f 600 9 391
f 1371 600 391
f 1371 1226 600
f 1338 1371 1859
f 1841 1338 1873
f 748 1841 1974
f 1226 1371 1338
f 338 1226 1338
f 338 1338 1841
f 1841 975 338
f 1841 912 975
f 748 912 1841
f 1449 1681 1878
f 1876 748 531
f 1260 912 748
f 1260 748 1876
f 16 1260 1876
f 16 1876 1681
f 1681 981 16
f 1681 173 981
f 1449 173 1681
f 732 1449 1653
f 1496 732 967
f 1166 173 1449
f 732 1166 1449
f 732 1010 1166
f 1496 1010 732
f 193 1010 1496
f 329 1496 1729
f 1497 1477 329
f 1870 1477 1076
f 329 1755 193
f 329 193 1496
f 1477 343 1755
f 1477 1755 329
f 916 1477 1870
f 1870 1076 1924
f 1870 1924 1971
f 1220 1951 1382
f 1951 1870 1971
f 1951 1088 1870
f 1595 1088 1951
f 1220 1 1595
f 1220 1595 1951
f 1655 728 1339
f 1310 1861 1300
f 1861 1655 1300
f 1104 728 1655
f 1861 1104 1655
f 1891 728 1104
f 1310 1886 1861
f 1444 1886 1310
f 1886 1104 1861
f 1444 822 1886
f 1104 940 1891
f 940 1749 725
f 1749 940 1104
f 1749 1104 1886
f 1886 1791 1749
f 822 1305 1886
f 1305 1791 1886
f 1749 872 725
f 725 872 1589
f 872 87 1589
f 1444 1310 153
f 172 1444 153
f 550 172 382
f 382 648 550
f 648 1042 550
f 742 1042 648
f 550 1444 172
f 227 1042 742
f 1685 1444 550
f 1510 1685 550
f 1042 1510 550
f 1042 80 1510
f 80 1042 227
f 1685 822 1444
f 80 1458 1510
f 1685 151 822
f 363 1685 1510
f 1458 363 1510
f 158 363 1458
f 363 1114 1685
f 151 1305 822
f 1201 151 1685
f 1114 1201 1685
f 158 266 363
f 266 1114 363
f 151 580 1305
f 1201 580 151
f 1114 990 1201
f 266 142 813
f 813 1114 266
f 1812 742 358
f 1812 227 742
f 1161 1094 1812
f 1812 80 227
f 1812 148 80
f 1812 1094 148
f 148 1458 80
f 710 1458 148
f 1094 108 148
f 108 710 148
f 710 158 1458
f 108 1649 710
f 267 158 710
f 1649 267 710
f 1649 245 267
f 266 158 267
f 267 478 266
f 245 478 267
f 478 142 266
f 478 597 142
f 478 686 597
f 492 1812 358
f 1161 1812 492
f 309 1652 492
f 1652 1161 492
f 9 1652 309
f 9 1178 1652
f 9 600 1178
f 1652 1544 1161
f 1161 108 1094
f 1544 108 1161
f 1544 1652 1178
f 1061 1544 1178
f 600 743 1178
f 1226 183 600
f 582 108 1544
f 1061 582 1544
f 1178 743 1061
f 183 743 600
f 1649 108 582
f 1061 357 582
f 582 494 245
f 245 1649 582
f 582 357 494
f 743 357 1061
f 494 478 245
f 494 686 478
f 37 686 494
f 37 494 357
f 743 37 357
f 338 557 1226
f 975 1731 338
f 557 183 1226
f 338 1731 557
f 912 450 975
f 450 1731 975
f 1260 1307 912
f 16 1307 1260
f 173 1398 981
f 1307 450 912
f 16 1133 1307
f 981 1133 16
f 1398 1133 981
f 1166 1107 173
f 1010 1896 1166
f 193 1796 1010
f 1107 1398 173
f 1166 1896 1107
f 1010 1796 1896
f 1640 1796 193
f 916 343 1477
f 1755 1640 193
f 343 428 1755
f 916 1890 343
f 428 1640 1755
f 1890 428 343
f 1870 1088 916
f 1088 352 916
f 1595 1214 1088
f 1 1741 1595
f 352 1890 916
f 1088 1214 352
f 1595 1741 1214
f 1592 1452 154
f 154 308 1592
f 1768 308 712
f 1592 308 1768
f 1229 1592 1768
f 1650 1452 1592
f 1229 1650 1592
f 268 1229 1768
f 320 1452 1999
f 1999 1452 1650
f 1011 1650 1229
f 1011 1229 268
f 1936 1768 712
f 712 1606 1028
f 1028 1936 712
f 1606 778 1028
f 1932 1028 778
f 1936 268 1768
f 1554 1936 1028
f 654 1028 1932
f 1912 268 1936
f 1912 1936 1554
f 1554 1028 654
f 654 1932 954
f 1223 1932 1517
f 1932 778 1517
f 1343 1223 1517
f 1517 1992 1343
f 1343 1992 1949
f 1949 1992 406
f 1892 1949 406
f 1949 1892 379
f 1223 954 1932
f 562 1223 1343
f 1343 1949 982
f 379 982 1949
f 562 954 1223
f 562 1343 982
f 1634 982 379
f 1542 1634 379
f 406 558 1892
f 1892 558 1930
f 1892 1930 203
f 203 1930 1651
f 1716 203 1651
f 1716 1651 693
f 1716 693 943
f 860 379 1892
f 1892 203 860
f 1494 1716 943
f 379 860 1542
f 1690 860 203
f 1520 203 1716
f 1690 203 1520
f 1520 1716 1494
f 1690 1542 860
f 943 693 1289
f 1175 943 1289
f 1362 1175 1289
f 1362 1289 115
f 115 1290 1362
f 1423 1290 1309
f 1362 1290 1423
f 1904 1362 1423
f 1175 1494 943
f 1481 1175 1362
f 1904 1481 1362
f 1253 1494 1175
f 1253 1175 1481
f 1573 1481 1904
f 293 288 948
f 1635 1309 288
f 1635 288 293
f 1423 1309 398
f 398 1309 1635
f 1635 293 1783
f 407 398 1635
f 407 1635 1783
f 910 1423 398
f 407 910 398
f 910 1573 1423
f 1573 1904 1423
f 316 910 407
f 316 766 910
f 1573 910 766
f 293 948 609
f 293 609 252
f 293 252 1783
f 521 1783 252
f 1906 1783 521
f 720 407 1906
f 407 1783 1906
f 720 316 407
f 120 316 720
f 120 1447 316
f 720 1906 1928
f 120 720 1928
f 252 609 787
f 252 787 310
f 521 252 310
f 1928 1906 632
f 1906 521 632
f 985 120 1928
f 7 1999 1650
f 1011 7 1650
f 7 365 1999
f 1917 7 1011
f 1361 1011 268
f 268 1912 1361
f 1917 1011 1361
f 1084 365 7
f 1656 7 1917
f 303 1917 1361
f 1912 1554 1136
f 1361 1912 1136
f 1554 654 1434
f 1136 1554 1434
f 654 954 1434
f 1434 954 1515
f 1136 647 1361
f 1515 954 562
f 1515 562 612
f 612 562 982
f 982 1634 502
f 612 982 502
f 1414 502 1634
f 1634 1542 1414
f 163 1414 1542
f 1542 1690 163
f 212 163 1690
f 212 1690 1520
f 212 1520 1893
f 163 212 354
f 1893 1520 1494
f 1494 1253 1179
f 1893 1494 1179
f 1179 1253 240
f 240 1253 1481
f 240 1481 602
f 602 1481 1573
f 602 1573 577
f 766 316 1447
f 1243 1573 766
f 1243 577 1573
f 1447 1243 766
f 1447 120 576
f 1447 435 1243
f 674 1447 576
f 674 435 1447
f 830 577 1243
f 310 787 146
f 521 310 632
f 1928 632 4
f 985 1928 4
f 146 74 57
f 787 74 146
f 1686 310 146
f 632 310 1686
f 831 632 1686
f 4 632 831
f 985 4 1259
f 1845 146 57
f 1686 146 1845
f 958 831 1686
f 958 1686 1845
f 831 958 784
f 784 4 831
f 1259 4 784
f 1259 784 1131
f 784 958 1131
f 1845 57 1677
f 1845 1677 1919
f 1845 1919 958
f 1917 303 1656
f 1084 1442 365
f 1084 7 1656
f 1084 1382 1442
f 1941 1382 1084
f 1656 1941 1084
f 1879 1941 1656
f 303 1879 1656
f 303 1330 1879
f 1220 1382 1941
f 819 1941 1879
f 1330 215 1879
f 1330 170 215
f 647 303 1361
f 389 647 1136
f 1434 389 1136
f 1515 1473 1434
f 389 1434 1473
f 471 1473 1515
f 647 1330 303
f 647 795 1330
f 389 795 647
f 1473 834 795
f 1473 795 389
f 471 1864 1473
f 834 1473 1864
f 795 1374 1330
f 705 834 1864
f 612 471 1515
f 1418 612 502
f 1414 758 502
f 471 612 1418
f 502 758 1418
f 1418 878 471
f 758 1045 1418
f 1864 471 878
f 878 1418 1045
f 333 878 1045
f 1525 1864 878
f 163 758 1414
f 354 1704 163
f 1145 212 1893
f 758 163 1704
f 354 212 1145
f 1704 301 758
f 1091 1704 354
f 1091 354 1145
f 1045 758 301
f 301 1704 1091
f 1091 1145 1199
f 1957 1091 1199
f 703 1045 301
f 1342 703 301
f 1908 301 1091
f 1179 1480 1893
f 602 71 240
f 577 1982 602
f 1480 1145 1893
f 1179 240 71
f 1480 1179 71
f 71 602 1982
f 1480 1199 1145
f 71 1403 1480
f 1199 1480 1403
f 1687 71 1982
f 1403 71 1687
f 1403 1693 1199
f 434 1403 1687
f 576 120 985
f 674 576 930
f 435 853 1243
f 853 830 1243
f 1504 853 435
f 1504 435 674
f 1982 577 830
f 192 1504 674
f 192 674 930
f 318 853 1504
f 1051 830 853
f 1051 853 318
f 192 815 1504
f 807 318 1504
f 807 1504 815
f 1051 1982 830
f 1982 1051 1687
f 1051 318 1221
f 807 1221 318
f 807 815 679
f 809 1687 1051
f 1109 1221 807
f 1221 809 1051
f 679 1109 807
f 1221 1234 809
f 1234 1221 1109
f 429 1109 679
f 1109 773 1234
f 773 1109 429
f 429 1271 773
f 1271 429 1832
f 930 576 985
f 985 1259 930
f 930 1259 1839
f 192 930 1839
f 627 815 192
f 1839 1259 730
f 730 627 1839
f 627 192 1839
f 679 815 627
f 730 1259 1131
f 730 1131 422
f 730 1935 627
f 679 627 1935
f 730 422 1492
f 1935 730 1492
f 446 679 1935
f 446 429 679
f 755 1935 1492
f 1509 446 755
f 446 1935 755
f 429 446 1509
f 1492 422 1350
f 1326 1492 1350
f 1326 755 1492
f 1832 429 1509
f 1523 1832 1509
f 819 1220 1941
f 215 819 1879
f 1588 1 1220
f 819 1588 1220
f 1187 1588 819
f 215 1187 819
f 215 851 1187
f 170 851 215
f 1831 851 170
f 170 1330 1374
f 1374 795 834
f 705 1374 834
f 1864 1525 705
f 1374 1831 170
f 705 1464 1374
f 333 1525 878
f 333 1045 703
f 1037 705 1525
f 1525 480 1037
f 1525 1984 480
f 1984 1525 333
f 703 1984 333
f 1342 301 1908
f 1957 1908 1091
f 1342 1421 703
f 805 1421 1342
f 1908 805 1342
f 1957 1648 1908
f 1648 805 1908
f 1957 1181 1648
f 1957 1199 1693
f 434 1693 1403
f 1829 434 1687
f 1693 1181 1957
f 1693 1583 1181
f 434 1583 1693
f 540 1583 434
f 1829 540 434
f 1687 809 1829
f 1234 1684 809
f 773 1684 1234
f 1073 1829 809
f 1073 809 1684
f 773 1204 1684
f 773 1271 1204
f 1131 958 1919
f 1131 1919 1350
f 1350 422 1131
f 461 1350 1919
f 270 755 1326
f 1523 1509 755
f 1523 755 270
f 1523 278 1832
f 1832 278 1271
f 270 1326 1350
f 1523 270 355
f 278 1523 355
f 278 1797 1271
f 355 270 965
f 355 249 278
f 270 1350 965
f 803 355 965
f 249 355 803
f 461 803 965
f 803 1231 15
f 249 803 15
f 965 1350 461
f 1231 803 461
f 1029 15 1231
f 461 752 1231
f 1231 752 1029
f 1029 752 167
f 1588 1453 1
f 1187 1453 1588
f 851 1778 1187
f 1831 922 851
f 1453 1741 1
f 1778 1453 1187
f 851 922 1778
f 1374 1464 1831
f 705 1739 1464
f 1037 1739 705
f 1464 1619 1831
f 1739 610 1464
f 1977 1739 1037
f 1619 922 1831
f 610 1619 1464
f 1977 610 1739
f 703 1421 1984
f 1421 1386 1984
f 480 1977 1037
f 1984 1628 480
f 1984 1386 1628
f 1628 1977 480
f 1421 1996 1386
f 1386 1996 1628
f 1438 1421 805
f 1648 93 805
f 1181 1129 1648
f 1421 1438 1996
f 805 93 1438
f 93 1648 1129
f 1129 1961 93
f 534 540 1829
f 1583 905 1181
f 1181 1961 1129
f 1961 1181 905
f 1583 700 905
f 700 1583 540
f 700 540 534
f 534 1202 700
f 1202 1865 700
f 1073 534 1829
f 1684 1204 1526
f 1526 1073 1684
f 1797 1204 1271
f 523 1526 1204
f 1204 1797 523
f 983 523 1797
f 1073 1202 534
f 1526 1202 1073
f 1512 523 983
f 1512 983 1638
f 1526 1909 1202
f 1075 1909 1526
f 1075 1526 523
f 1075 523 1512
f 1638 1593 1512
f 1593 1075 1512
f 1638 533 1593
f 105 1909 1075
f 1593 105 1075
f 1316 1593 533
f 1909 1865 1202
f 1865 1909 105
f 1316 105 1593
f 533 1313 1316
f 105 1820 1865
f 1316 1820 105
f 983 1797 249
f 1797 278 249
f 1638 983 249
f 1638 249 15
f 533 15 1029
f 533 1638 15
f 5 1029 167
f 533 5 1313
f 533 1029 5
f 322 28 175
f 273 341 28
f 341 175 28
f 175 1501 322
f 779 175 341
f 143 1501 175
f 103 143 175
f 103 175 779
f 283 103 779
f 14 103 283
f 14 143 103
f 91 14 1148
f 14 827 1148
f 827 14 283
f 792 1148 827
f 792 415 1148
f 846 415 792
f 792 1284 846
f 657 322 1501
f 657 1501 204
f 1358 726 980
f 1323 204 1501
f 980 204 1323
f 1323 1156 1358
f 980 1323 1358
f 1323 1501 143
f 1323 143 327
f 143 14 327
f 1156 1323 327
f 327 14 91
f 298 327 91
f 1156 327 298
f 1358 1156 729
f 298 91 800
f 298 800 852
f 852 1156 298
f 729 1156 852
f 1358 729 495
f 1857 1358 495
f 800 91 1148
f 729 852 1710
f 800 1148 415
f 852 800 191
f 1710 852 191
f 495 729 1710
f 191 415 846
f 191 800 415
f 1857 1800 1358
f 1800 726 1358
f 1264 1800 1857
f 1264 1728 1800
f 1262 1728 1264
f 690 1728 1262
f 949 690 1262
f 939 949 1262
f 1264 1857 1254
f 1262 1264 218
f 1857 495 1254
f 218 1264 1254
f 1910 1262 218
f 939 1275 949
f 127 1275 939
f 1275 127 1417
f 394 1275 1417
f 1215 608 394
f 1215 394 1417
f 1262 1910 1662
f 939 1262 1662
f 127 939 1662
f 1417 359 1215
f 1551 127 1662
f 359 127 1551
f 1417 127 359
f 608 1215 1848
f 1903 608 1848
f 1903 1848 1777
f 1297 1903 1777
f 810 1297 1777
f 1537 1848 1215
f 1777 1848 717
f 1467 810 1777
f 1215 359 1537
f 717 1848 1537
f 1467 1777 717
f 702 1297 810
f 1840 702 810
f 367 702 1840
f 67 367 1840
f 67 1137 367
f 1137 67 1799
f 1840 810 740
f 866 67 1840
f 1799 67 1610
f 740 810 1467
f 866 1840 740
f 1610 67 866
f 1815 1378 1799
f 1378 1137 1799
f 537 1378 1815
f 537 927 1378
f 927 537 936
f 936 1472 927
f 936 537 1742
f 1607 1799 1610
f 1607 1815 1799
f 1607 537 1815
f 1742 537 1607
f 1567 936 1742
f 1459 341 273
f 485 1459 1293
f 567 485 1293
f 341 144 779
f 1459 144 341
f 1111 517 567
f 144 283 779
f 1703 144 1459
f 1703 1459 485
f 485 976 1703
f 567 976 485
f 976 567 517
f 144 587 283
f 587 144 1703
f 517 386 976
f 827 283 587
f 595 827 587
f 587 84 595
f 84 587 1703
f 976 1106 1703
f 386 1106 976
f 595 792 827
f 305 792 595
f 305 595 84
f 84 1703 1106
f 386 599 1106
f 386 1276 599
f 305 1284 792
f 187 305 84
f 187 1284 305
f 84 942 187
f 942 84 1106
f 846 1284 225
f 187 225 1284
f 187 1792 225
f 1792 187 942
f 599 942 1106
f 599 842 942
f 517 1111 238
f 1318 517 238
f 1780 1318 238
f 248 1318 1780
f 1318 386 517
f 1318 1276 386
f 248 1276 1318
f 1601 1276 248
f 1315 1601 248
f 1315 248 1598
f 1315 1598 1717
f 1276 1012 599
f 1601 1012 1276
f 436 519 1315
f 1402 1012 1601
f 1315 514 697
f 1315 697 1601
f 519 514 1315
f 1130 248 1780
f 87 469 1589
f 1598 248 1130
f 1598 1130 469
f 699 1598 469
f 87 699 469
f 1717 1598 699
f 60 1717 699
f 436 1315 1717
f 171 1710 191
f 1710 171 1273
f 317 171 191
f 317 191 846
f 317 213 171
f 920 495 1710
f 920 1710 1273
f 39 495 920
f 1273 171 213
f 1273 213 168
f 1273 168 920
f 1254 495 39
f 1120 1254 39
f 1143 1254 1120
f 218 1254 1143
f 1661 218 1143
f 1661 1910 218
f 260 1910 1661
f 1662 1910 260
f 979 1662 260
f 1551 1662 979
f 1551 979 1067
f 359 1551 1067
f 630 359 1067
f 1537 359 630
f 1351 1537 630
f 1867 1537 1351
f 717 1537 1867
f 1867 1467 717
f 601 1467 1867
f 740 1467 601
f 1782 740 601
f 1782 866 740
f 1263 866 1782
f 1263 1610 866
f 1097 1610 1263
f 1607 1610 1097
f 221 1607 1097
f 1742 1607 221
f 1451 1742 221
f 1567 1742 1451
f 128 1567 1451
f 1097 1241 221
f 221 1983 1451
f 225 317 846
f 225 426 317
f 1792 426 225
f 1792 942 197
f 942 842 197
f 1012 842 599
f 426 124 317
f 1792 234 426
f 124 426 234
f 197 234 1792
f 197 791 234
f 842 791 197
f 635 842 1012
f 1385 124 234
f 243 1385 234
f 791 243 234
f 1428 791 842
f 1122 1428 842
f 842 635 1122
f 243 1286 1385
f 791 1428 243
f 1428 644 243
f 157 1286 644
f 1286 243 644
f 876 644 1428
f 876 1428 1122
f 1122 1308 876
f 635 1308 1122
f 635 658 611
f 611 1308 635
f 19 157 644
f 19 644 876
f 1353 19 876
f 1308 1353 876
f 611 1353 1308
f 487 19 1353
f 611 1005 1353
f 658 1005 611
f 82 487 1353
f 1005 82 1353
f 1005 675 82
f 1063 675 1005
f 213 317 124
f 124 371 213
f 371 168 213
f 1385 371 124
f 920 168 1283
f 1978 39 920
f 371 1385 1286
f 168 371 1432
f 1283 168 1432
f 920 1283 1978
f 1432 371 1286
f 157 1432 1286
f 1283 1432 1725
f 1978 1283 1725
f 1758 1432 157
f 1758 157 65
f 1725 1432 1758
f 19 65 157
f 1725 1698 1268
f 1978 1725 1268
f 65 19 487
f 65 487 166
f 65 166 1758
f 166 1040 1758
f 1040 1725 1758
f 1040 1698 1725
f 487 82 88
f 166 487 88
f 88 1040 166
f 590 1120 39
f 1047 1661 1143
f 1602 260 1661
f 39 1978 590
f 1047 1120 590
f 1143 1120 1047
f 1661 1047 1602
f 1268 590 1978
f 1431 1047 590
f 1047 1678 1602
f 372 590 1268
f 1431 590 372
f 462 1047 1431
f 1047 462 1678
f 1975 979 260
f 241 630 1067
f 1975 260 1602
f 979 1975 241
f 1067 979 241
f 1222 630 241
f 552 1975 1602
f 140 241 1975
f 552 1602 1678
f 140 1975 552
f 894 241 140
f 1222 241 894
f 1506 1222 894
f 640 552 1678
f 883 140 552
f 1950 1506 894
f 1351 630 1222
f 1851 601 1867
f 1851 1867 1351
f 969 601 1851
f 1506 891 1351
f 1506 1351 1222
f 891 1851 1351
f 448 1851 891
f 448 969 1851
f 259 969 448
f 1404 891 1506
f 448 1960 259
f 969 1782 601
f 1393 1263 1782
f 1097 1263 1278
f 1263 1393 1278
f 1241 1097 1278
f 1393 1782 969
f 259 1393 969
f 1570 1278 1393
f 1927 1241 1278
f 1570 1393 259
f 1927 1278 1570
f 160 1570 259
f 1407 1927 1570
f 1064 128 1451
f 221 1241 1983
f 1064 1451 1983
f 802 128 1064
f 1701 1983 1241
f 889 1064 1983
f 344 802 1064
f 1701 1241 1927
f 889 1983 1701
f 344 1064 889
f 1519 889 1701
f 1641 344 889
f 697 1402 1601
f 1862 514 1518
f 1518 514 519
f 1402 635 1012
f 514 926 697
f 1862 926 514
f 1402 913 635
f 913 1402 697
f 697 926 913
f 1862 201 926
f 913 315 635
f 926 1737 913
f 201 1737 926
f 315 658 635
f 1006 315 913
f 1737 1006 913
f 201 1802 1737
f 101 1006 1737
f 101 1737 1802
f 1670 1005 658
f 315 1670 658
f 315 1327 1670
f 1327 315 1006
f 101 808 1006
f 1802 919 101
f 1063 1005 1670
f 1327 643 1670
f 1006 808 1327
f 808 395 1327
f 101 362 808
f 101 508 362
f 919 508 101
f 79 1040 88
f 501 1698 79
f 1698 1040 79
f 1953 1698 501
f 1953 1268 1698
f 88 82 675
f 1239 88 675
f 1239 79 88
f 1239 861 79
f 861 501 79
f 1801 675 1063
f 1239 675 1801
f 1801 1294 1239
f 1239 1294 861
f 861 1105 501
f 1105 1953 501
f 372 1268 1953
f 1431 372 1090
f 462 1431 1090
f 417 1678 462
f 1678 417 640
f 1090 372 1953
f 417 462 1090
f 1387 1090 1953
f 1102 417 1090
f 1116 640 417
f 1116 311 640
f 552 640 883
f 894 140 858
f 858 140 883
f 858 1950 894
f 311 883 640
f 311 1471 883
f 1471 858 883
f 342 1950 858
f 342 845 1950
f 1404 1506 1950
f 448 891 1688
f 1688 891 1404
f 1960 448 1688
f 1404 1950 845
f 845 957 1404
f 957 1487 1688
f 957 1688 1404
f 1487 424 1688
f 424 1960 1688
f 1407 1570 160
f 1960 160 259
f 1410 1927 1407
f 424 1918 1960
f 1918 160 1960
f 1918 1021 160
f 1407 160 1021
f 1021 1053 1407
f 1053 1410 1407
f 1701 1927 1410
f 1641 889 1519
f 344 1641 1618
f 1410 1519 1701
f 1053 1240 1410
f 1240 1519 1410
f 1240 783 1519
f 783 1641 1519
f 783 1550 1641
f 1550 1217 1641
f 1217 1618 1641
f 1063 1670 506
f 643 506 1670
f 643 707 506
f 1327 395 643
f 395 707 643
f 837 395 808
f 362 837 808
f 919 35 508
f 707 817 506
f 565 707 395
f 837 565 395
f 837 826 565
f 362 553 837
f 553 826 837
f 508 553 362
f 508 1184 553
f 35 61 1184
f 35 1184 508
f 826 955 565
f 1184 711 553
f 711 826 553
f 61 711 1184
f 61 258 711
f 506 1801 1063
f 506 817 1801
f 1294 1801 817
f 817 226 1294
f 226 861 1294
f 226 189 861
f 189 1105 861
f 481 1387 1953
f 1953 1105 481
f 707 723 817
f 723 226 817
f 707 899 723
f 899 707 565
f 899 1774 723
f 1774 226 723
f 1774 189 226
f 1558 1105 189
f 1558 481 1105
f 899 565 955
f 955 1774 899
f 1558 189 1774
f 856 481 1558
f 856 1387 481
f 670 1774 955
f 1558 1774 670
f 239 955 826
f 670 955 239
f 670 856 1558
f 239 826 711
f 263 670 239
f 258 263 711
f 263 239 711
f 263 856 670
f 1921 1090 1387
f 1102 1090 1921
f 1116 417 1102
f 1981 1921 1387
f 1921 1895 1102
f 1895 1116 1102
f 1116 1505 311
f 1981 1387 856
f 1981 1895 1921
f 1895 1505 1116
f 342 858 1471
f 1288 1471 311
f 1625 342 1471
f 342 1360 845
f 1288 311 1505
f 1625 1471 1288
f 1360 342 1625
f 1939 1625 1288
f 1360 957 845
f 957 797 1487
f 764 424 1487
f 1360 797 957
f 764 1487 797
f 1162 424 764
f 1021 888 1053
f 1162 1918 424
f 1079 1021 1918
f 1079 888 1021
f 888 626 1053
f 1079 1918 1162
f 1489 626 888
f 1079 1489 888
f 1240 1053 626
f 626 1057 1240
f 1057 783 1240
f 3 1550 783
f 1639 1217 1550
f 1639 662 1217
f 3 783 1057
f 1639 1550 3
f 1639 1852 662
f 1489 1057 626
f 1472 936 1529
f 1529 759 1472
f 575 759 1529
f 1389 759 575
f 1375 759 1389
f 1529 936 1567
f 575 1529 1490
f 1389 575 1132
f 1068 1529 1567
f 1490 1529 1068
f 1132 575 1490
f 467 1375 1389
f 1054 1375 467
f 1054 467 1376
f 1098 1054 1376
f 1098 1825 1054
f 880 1825 1098
f 682 467 1389
f 1376 467 1669
f 596 1098 1376
f 1692 1098 596
f 1692 880 1098
f 682 1389 1132
f 1669 467 682
f 596 1376 1669
f 1267 1825 880
f 1071 1825 1267
f 663 1071 1267
f 1987 663 1267
f 1236 1267 880
f 1557 1987 1267
f 1236 880 1692
f 1556 1267 1236
f 1267 1556 1557
f 2000 1987 1557
f 882 663 1987
f 1282 882 1987
f 1503 882 1282
f 1503 1282 1964
f 1964 621 1503
f 1964 1282 1956
f 1282 1987 1700
f 1282 1700 1956
f 1964 1956 1304
f 1700 1987 2000
f 1676 621 1964
f 554 621 1676
f 1543 554 1676
f 1605 1543 1676
f 70 1830 1605
f 1830 1077 1543
f 1830 1543 1605
f 1676 1964 751
f 751 1964 1304
f 1676 751 10
f 1676 10 1246
f 1246 1605 1676
f 1887 1605 1246
f 324 1077 1830
f 988 324 1830
f 419 988 781
f 326 419 781
f 618 988 1830
f 988 618 781
f 895 326 781
f 781 618 152
f 1849 895 152
f 895 781 152
f 875 618 1830
f 618 875 868
f 152 618 868
f 1849 152 868
f 1830 70 875
f 332 1849 868
f 405 1849 332
f 70 1605 1887
f 1209 70 1887
f 875 70 1209
f 651 332 875
f 332 868 875
f 651 875 1209
f 651 1209 1314
f 332 651 373
f 373 405 332
f 1586 405 373
f 262 651 1314
f 373 651 262
f 1112 1586 262
f 1586 373 262
f 631 326 94
f 1056 94 895
f 94 326 895
f 895 1849 1056
f 1586 1759 405
f 909 631 94
f 1929 401 909
f 1772 401 1929
f 909 94 1056
f 1846 909 1056
f 1846 1929 909
f 1384 1929 1846
f 1056 1849 529
f 1846 1056 529
f 529 1849 405
f 1846 529 439
f 1384 1846 439
f 529 405 1759
f 1203 439 1759
f 439 529 1759
f 1384 439 646
f 98 1384 646
f 1112 1759 1586
f 1759 1112 1203
f 1060 439 1203
f 439 1060 646
f 1060 1203 1683
f 1203 1112 1683
f 1151 646 1060
f 98 646 1151
f 1384 1772 1929
f 1919 1772 1384
f 1919 1384 1058
f 753 1058 1015
f 753 1919 1058
f 1942 1919 753
f 1384 98 1058
f 1068 1567 128
f 1068 128 1093
f 1490 1068 1093
f 1154 1132 110
f 1132 1490 1093
f 1132 1093 110
f 1093 128 802
f 596 1669 271
f 682 1132 1154
f 1002 682 1154
f 1002 1669 682
f 1669 1002 271
f 1224 1692 596
f 1224 596 271
f 271 1002 1292
f 59 1224 603
f 1224 271 603
f 1556 1692 1224
f 1556 1236 1692
f 1557 1556 588
f 588 2000 1557
f 838 1556 1224
f 588 1556 838
f 1835 2000 588
f 1735 1956 1700
f 1956 1735 1522
f 1304 1956 1522
f 1735 1700 2000
f 1735 2000 1835
f 1025 751 1304
f 10 751 1025
f 1887 1246 1495
f 1025 1304 1522
f 1769 10 1025
f 1246 10 1769
f 1495 1246 1769
f 1522 491 1025
f 1025 1665 1769
f 1117 1209 1887
f 1314 1209 1117
f 262 1314 545
f 1245 1112 262
f 1117 1887 1495
f 545 1314 1117
f 1189 262 545
f 1245 262 1189
f 1614 1117 1170
f 1614 545 1117
f 1614 1189 545
f 1597 1117 1495
f 110 1093 1775
f 1093 802 1775
f 1154 110 1671
f 824 1775 802
f 991 110 1775
f 991 17 110
f 1671 110 17
f 802 344 824
f 991 1775 824
f 1647 1671 17
f 1618 824 344
f 569 991 824
f 1793 17 991
f 1899 1647 17
f 1002 1154 1671
f 1292 1002 1671
f 603 271 1292
f 768 1292 1671
f 1251 603 1292
f 1251 1624 603
f 1624 59 603
f 768 1671 1647
f 1251 1292 768
f 1822 768 1647
f 754 1251 768
f 59 81 1224
f 81 838 1224
f 1817 588 838
f 1218 1835 588
f 1817 838 81
f 1218 588 1817
f 348 1817 81
f 107 1218 1817
f 307 348 1624
f 348 81 59
f 348 59 1624
f 107 1817 348
f 1250 1218 107
f 348 483 107
f 1911 1250 107
f 1565 1735 1835
f 1963 1522 1735
f 1565 1835 1218
f 1735 1565 1963
f 491 1522 1963
f 1250 1565 1218
f 520 1963 1565
f 442 491 1963
f 520 1565 1250
f 442 1963 520
f 491 442 300
f 1219 520 1250
f 1328 442 520
f 1296 300 442
f 1665 829 1769
f 134 1495 1769
f 829 134 1769
f 134 1597 1495
f 1025 491 1665
f 491 1399 1665
f 1399 491 300
f 586 1665 1399
f 586 829 1665
f 516 829 586
f 516 134 829
f 1249 134 516
f 516 1483 1249
f 1683 1245 251
f 1189 1614 390
f 251 1189 390
f 251 1245 1189
f 1170 1117 1597
f 989 390 1614
f 820 251 390
f 1446 820 390
f 989 1614 1170
f 1597 328 1170
f 989 1170 328
f 1446 390 989
f 563 1446 989
f 574 820 1446
f 1249 1597 134
f 1249 1511 1597
f 1511 328 1597
f 989 328 563
f 694 1446 563
f 574 1446 694
f 138 574 694
f 328 1511 563
f 12 563 1511
f 694 563 12
f 503 138 694
f 1383 1511 1249
f 1383 1101 1511
f 1101 12 1511
f 694 12 652
f 1101 652 12
f 503 694 652
f 95 503 652
f 95 380 503
f 1112 1245 1683
f 1915 1151 1060
f 98 1151 1915
f 1683 251 1535
f 1535 1060 1683
f 1915 1060 1535
f 1915 1535 660
f 660 98 1915
f 1337 98 660
f 1058 98 1337
f 1535 251 820
f 1748 660 1535
f 1058 1337 186
f 574 1748 820
f 1748 1535 820
f 223 660 1748
f 223 1337 660
f 186 1337 223
f 138 1748 574
f 1555 1748 138
f 1555 223 1748
f 223 1555 1527
f 186 223 1527
f 287 1527 380
f 1527 1555 380
f 380 1555 503
f 1555 138 503
f 287 380 95
f 228 1058 186
f 1015 1058 228
f 753 1015 443
f 228 186 1527
f 454 1015 963
f 1015 228 963
f 443 1015 454
f 287 1730 1527
f 963 228 1527
f 963 1527 1730
f 963 1730 454
f 463 753 443
f 421 454 1730
f 463 454 421
f 443 454 463
f 527 753 463
f 1674 287 95
f 928 287 1674
f 928 1730 287
f 421 1730 928
f 1823 463 421
f 276 463 1823
f 276 527 463
f 569 824 1618
f 1066 991 569
f 1793 991 1066
f 1899 17 1793
f 1217 1533 1618
f 1533 569 1618
f 1533 1311 1066
f 1533 1066 569
f 1311 1793 1066
f 1311 36 1793
f 36 1899 1793
f 1647 1899 1822
f 754 768 1822
f 1251 754 734
f 1624 1251 734
f 1822 1899 36
f 36 689 1822
f 689 754 1822
f 689 1065 754
f 1065 734 754
f 1065 1943 734
f 307 1624 734
f 1265 348 307
f 348 1265 483
f 1911 107 483
f 1265 307 734
f 1943 1997 734
f 1997 1265 734
f 1997 1560 1265
f 1560 483 1265
f 1560 1172 483
f 1172 1911 483
f 1250 1911 1219
f 520 1219 1328
f 1296 442 1328
f 1219 1911 1172
f 1172 1023 1219
f 1023 1328 1219
f 1023 1811 1328
f 1811 1296 1328
f 1811 1103 1296
f 1399 300 1188
f 1399 1188 586
f 516 586 1394
f 1188 300 1296
f 1394 586 1188
f 1483 516 1394
f 1188 1296 1103
f 1103 1990 1188
f 1990 1394 1188
f 1990 945 1394
f 945 1483 1394
f 945 1312 1483
f 1383 1249 1483
f 652 1101 1433
f 95 652 1433
f 177 95 1433
f 1312 938 1483
f 1383 1483 938
f 1101 1383 938
f 1072 1101 938
f 1433 1101 1072
f 1824 36 1311
f 1533 1217 662
f 662 1916 1533
f 1916 1311 1533
f 1230 1824 1311
f 1934 36 1824
f 1852 1916 662
f 1230 1311 1916
f 1230 1078 1824
f 1078 1934 1824
f 1230 1916 1852
f 1934 689 36
f 1934 1868 689
f 1868 1065 689
f 1041 1943 1065
f 1078 1868 1934
f 1034 1065 1868
f 1041 1065 1034
f 1172 1560 274
f 1041 185 1997
f 1041 1997 1943
f 185 1955 1997
f 1955 1560 1997
f 1955 274 1560
f 1947 274 1955
f 1947 1456 274
f 1577 1103 1811
f 274 1456 1172
f 1456 1023 1172
f 1566 1811 1023
f 1566 1577 1811
f 1566 1023 1456
f 1566 865 1577
f 865 1103 1577
f 488 1990 1103
f 1633 945 1990
f 387 1312 945
f 387 291 1312
f 488 1103 865
f 1633 1990 488
f 387 945 1633
f 1674 95 177
f 1159 1674 177
f 1159 928 1674
f 177 1433 1072
f 1072 1672 177
f 1159 177 1672
f 1055 1159 1672
f 1055 928 1159
f 1055 1672 1457
f 688 1055 1457
f 1069 1055 688
f 1257 1581 688
f 1183 1581 585
f 1672 1072 1135
f 291 938 1312
f 1470 938 291
f 1072 938 1470
f 1135 1072 1470
f 1457 1672 1135
f 1424 1470 291
f 1135 1470 1424
f 336 1135 1424
f 1457 1135 336
f 1257 688 1457
f 387 1424 291
f 1257 1457 336
f 302 336 1424
f 302 479 336
f 479 1257 336
f 479 1581 1257
f 585 1581 479
f 928 1055 1069
f 1069 421 928
f 688 1823 1069
f 1823 421 1069
f 1581 1823 688
f 276 1823 1581
f 276 1581 1183
f 1305 1818 1791
f 1818 998 1791
f 1305 1083 1818
f 1818 962 998
f 1844 1335 285
f 285 135 1844
f 998 135 285
f 962 135 998
f 135 346 1844
f 346 519 436
f 135 1828 346
f 573 135 962
f 551 573 962
f 346 1518 519
f 1828 1518 346
f 1437 1828 135
f 135 376 1437
f 573 376 135
f 1609 87 872
f 1609 699 87
f 1749 1335 872
f 1335 1609 872
f 285 1335 1749
f 285 1791 998
f 1791 285 1749
f 1609 60 699
f 1335 60 1609
f 1335 1844 60
f 1844 436 1717
f 1844 1717 60
f 1844 346 436
f 580 1083 1305
f 990 580 1201
f 580 1086 1083
f 1086 580 990
f 990 1114 813
f 1128 1086 990
f 713 1128 990
f 713 990 813
f 813 512 713
f 1646 962 1818
f 1646 1818 1083
f 1646 1083 1086
f 1128 659 1086
f 659 1646 1086
f 551 962 1646
f 713 1485 1128
f 1754 1485 713
f 1629 551 1646
f 659 1629 1646
f 1128 1485 659
f 190 1485 1754
f 1629 573 551
f 1485 1629 659
f 207 1485 190
f 1764 1629 1485
f 1485 1197 1764
f 1197 1485 207
f 69 813 142
f 597 396 69
f 597 69 142
f 686 396 597
f 512 813 69
f 396 512 69
f 396 403 512
f 512 1754 713
f 366 1754 512
f 403 366 512
f 180 366 403
f 366 72 1754
f 180 72 366
f 72 190 1754
f 72 392 190
f 392 207 190
f 1689 392 72
f 207 1001 133
f 1001 207 392
f 1001 392 1689
f 897 686 37
f 869 37 743
f 869 743 183
f 1803 869 183
f 897 396 686
f 37 869 897
f 403 396 897
f 897 1441 403
f 869 1441 897
f 180 1441 102
f 1441 180 403
f 102 72 180
f 1441 1715 102
f 869 1715 1441
f 306 1715 869
f 1803 306 869
f 102 1689 72
f 102 1970 1689
f 1715 1970 102
f 453 1970 1715
f 1030 453 1715
f 1030 1715 306
f 1803 1408 306
f 1970 1001 1689
f 453 1001 1970
f 1408 1030 306
f 557 1803 183
f 874 1803 557
f 557 1732 874
f 1731 1732 557
f 450 408 1732
f 450 1732 1731
f 874 1408 1803
f 1732 811 874
f 408 1594 1732
f 874 811 1408
f 1732 1594 811
f 408 1600 1594
f 1450 408 450
f 1450 450 1307
f 1133 1450 1307
f 1133 579 1450
f 1660 579 1133
f 1398 1660 1133
f 1398 594 1660
f 594 1808 1660
f 1600 408 1450
f 579 1600 1450
f 579 1722 1600
f 1722 579 1660
f 1660 1808 1722
f 1107 594 1398
f 1896 1644 594
f 1896 594 1107
f 1796 1644 1896
f 509 1644 1796
f 509 1796 1640
f 1644 1085 594
f 509 1157 1644
f 1488 1157 509
f 594 1085 1808
f 1644 1157 1085
f 1826 509 1640
f 1826 1640 428
f 1826 428 1890
f 1044 1826 1890
f 1826 669 509
f 669 1488 509
f 1826 482 669
f 1340 482 1826
f 1340 1826 1044
f 1044 1858 1340
f 1044 1890 352
f 352 1370 1044
f 1214 1370 352
f 1429 1370 1214
f 1741 1429 1214
f 1279 1429 1741
f 1858 1044 1370
f 1429 1847 1370
f 350 1429 1279
f 1370 946 1858
f 1847 946 1370
f 350 1847 1429
f 1139 1862 1518
f 1828 1139 1518
f 113 1139 1828
f 1828 1866 113
f 1866 1828 1437
f 376 1866 1437
f 1139 201 1862
f 113 431 1139
f 360 1866 376
f 1139 1802 201
f 431 1802 1139
f 1866 747 431
f 1866 431 113
f 360 747 1866
f 431 1804 1802
f 747 1804 431
f 137 747 360
f 360 1712 137
f 919 1802 1804
f 747 280 1804
f 736 280 747
f 747 21 736
f 137 21 747
f 1804 1196 919
f 1804 282 1196
f 280 282 1804
f 137 117 21
f 117 538 21
f 1629 376 573
f 1764 1989 1629
f 52 1764 1197
f 133 52 1197
f 133 1197 207
f 1629 1989 376
f 593 1989 1764
f 133 1185 52
f 1989 360 376
f 593 11 1989
f 1764 628 593
f 628 1764 52
f 337 628 52
f 337 52 1185
f 1185 1584 337
f 1989 535 360
f 1989 11 535
f 593 628 11
f 628 1099 11
f 132 1099 628
f 337 132 628
f 337 737 132
f 1584 737 337
f 535 847 360
f 11 1099 535
f 1099 119 535
f 132 984 1099
f 132 629 984
f 737 629 132
f 847 1712 360
f 535 119 847
f 984 1751 1099
f 1751 119 1099
f 629 1751 984
f 117 137 1712
f 661 117 1712
f 661 1712 847
f 119 661 847
f 119 96 661
f 96 1113 661
f 1751 96 119
f 1751 933 96
f 1115 538 117
f 661 1113 1115
f 1115 117 661
f 96 1325 1113
f 933 1325 96
f 66 1584 1185
f 66 217 1584
f 217 1153 1584
f 1081 1153 217
f 737 220 629
f 1153 220 1584
f 220 737 1584
f 1081 1881 1153
f 1631 1881 313
f 131 1751 629
f 220 1119 131
f 131 629 220
f 1119 220 1153
f 1881 1119 1153
f 1631 793 1881
f 131 933 1751
f 131 1149 933
f 1119 1190 1149
f 1119 1149 131
f 1881 1190 1119
f 793 1190 1881
f 1631 968 793
f 1325 515 1113
f 1149 1539 1325
f 1149 1325 933
f 1190 1539 1149
f 1190 793 1532
f 793 968 850
f 1167 1287 1631
f 377 1287 1854
f 250 377 1810
f 1287 968 1631
f 377 598 1287
f 760 1521 377
f 250 760 377
f 1287 598 968
f 1521 598 377
f 598 1332 968
f 1694 1709 1356
f 250 776 1766
f 1174 776 250
f 776 756 1766
f 776 823 756
f 1709 823 776
f 1694 823 1709
f 1306 823 1694
f 1766 760 250
f 823 195 756
f 1306 1569 823
f 1695 1617 1694
f 1958 722 1617
f 1617 1004 1694
f 722 1016 1617
f 1694 1004 1306
f 1617 1016 1004
f 722 418 1016
f 1004 904 1306
f 1004 1016 1502
f 418 1524 1016
f 1406 722 1198
f 1627 1406 1195
f 1022 1280 1627
f 1406 418 722
f 1406 1657 1549
f 1627 1657 1406
f 1280 1753 1627
f 1549 418 1406
f 1657 1627 1753
f 1549 1036 418
f 1657 559 1549
f 1753 1553 1657
f 1853 1108 1280
f 1258 1200 1108
f 1108 1048 1280
f 1200 1913 1108
f 1048 1753 1280
f 1108 1913 1048
f 1875 1913 1200
f 1048 1582 1753
f 1913 136 1048
f 1875 1395 1913
f 66 1185 133
f 1168 133 1001
f 1168 1001 453
f 453 384 1168
f 1030 384 453
f 66 133 1168
f 384 313 1081
f 1030 313 384
f 1408 313 1030
f 1167 313 1408
f 384 217 1168
f 217 66 1168
f 1081 217 384
f 1081 313 1881
f 313 1167 1631
f 811 1167 1408
f 811 1854 1167
f 1594 1854 811
f 1594 1810 1854
f 1600 1810 1594
f 1167 1854 1287
f 1810 377 1854
f 1174 1810 1600
f 1722 1174 1600
f 776 1174 1722
f 1722 1709 776
f 1808 1356 1709
f 1808 1709 1722
f 1174 250 1810
f 1085 1356 1808
f 1085 1695 1356
f 1157 1695 1085
f 1157 1958 1695
f 1958 1157 1488
f 1488 1198 1958
f 1356 1695 1694
f 1958 1617 1695
f 1958 1198 722
f 669 1198 1488
f 482 1198 669
f 1858 1022 1340
f 482 1195 1198
f 1340 1195 482
f 1340 1022 1195
f 1198 1195 1406
f 1022 1627 1195
f 1258 1847 350
f 1022 1858 946
f 1853 1022 946
f 1853 946 1847
f 1258 1853 1847
f 1409 1258 350
f 1853 1280 1022
f 1258 1108 1853
f 1258 1409 1200
f 35 919 1196
f 63 282 280
f 736 68 280
f 68 63 280
f 21 1014 736
f 1014 68 736
f 538 1014 21
f 1227 1014 538
f 1363 61 35
f 1363 35 1196
f 235 61 1363
f 282 859 1196
f 859 1363 1196
f 235 1363 859
f 282 63 859
f 63 617 859
f 63 1140 617
f 68 1140 63
f 1140 68 1014
f 548 1140 1014
f 548 1014 1227
f 235 258 61
f 617 526 235
f 235 859 617
f 1227 941 548
f 941 292 548
f 941 908 292
f 854 263 258
f 856 263 854
f 1723 856 854
f 353 258 235
f 854 258 353
f 1723 854 672
f 526 353 235
f 526 672 353
f 672 854 353
f 782 672 526
f 412 1723 672
f 1140 526 617
f 1140 782 526
f 412 672 782
f 292 782 1140
f 292 412 782
f 1885 1723 412
f 1885 1528 1723
f 292 1140 548
f 908 412 292
f 1885 412 908
f 1723 915 856
f 915 1981 856
f 1895 1981 915
f 915 828 1895
f 828 490 1895
f 1505 1895 490
f 490 1959 1505
f 1528 915 1723
f 1528 1871 915
f 1871 524 915
f 828 915 524
f 606 490 828
f 901 1959 490
f 606 828 524
f 901 490 606
f 1959 1288 1505
f 1959 719 1288
f 719 1939 1288
f 1360 1625 1939
f 719 549 1939
f 549 18 1939
f 636 719 1959
f 1476 549 719
f 636 1959 901
f 1476 719 636
f 1476 522 549
f 522 1962 549
f 1962 18 549
f 1962 460 18
f 1939 18 1360
f 18 1435 1360
f 797 1360 1435
f 1435 1359 797
f 1359 764 797
f 1359 1968 764
f 1968 1162 764
f 1757 1162 1968
f 460 1435 18
f 1357 1359 1435
f 116 1968 1359
f 790 1435 460
f 790 1357 1435
f 116 1359 1357
f 1349 1968 116
f 790 460 1962
f 1079 1162 1757
f 1757 935 1079
f 935 1489 1079
f 1901 1489 935
f 935 1757 179
f 1349 1757 1968
f 179 1158 935
f 1158 1901 935
f 1349 179 1757
f 1349 763 179
f 763 1158 179
f 1563 1901 1158
f 1901 500 1489
f 500 1057 1489
f 500 1905 1057
f 1905 3 1057
f 1639 3 1905
f 1905 1767 1852
f 1905 1852 1639
f 1237 500 1901
f 1334 1905 500
f 1334 58 1905
f 58 1767 1905
f 58 1552 1767
f 1237 1901 1563
f 1334 500 1237
f 1115 1227 538
f 1113 515 1115
f 515 941 1227
f 515 1227 1115
f 1539 515 1325
f 1046 515 1539
f 1532 1046 1539
f 1532 1539 1190
f 793 1124 1532
f 850 1124 793
f 1046 908 941
f 1046 1885 908
f 1046 1124 1885
f 1124 1528 1885
f 515 1046 941
f 1124 1046 1532
f 1332 850 968
f 598 1587 1332
f 1587 598 1521
f 760 1587 1521
f 1454 1587 760
f 1871 1528 1124
f 850 1871 1124
f 1332 1871 850
f 524 1871 1332
f 1587 524 1332
f 606 524 1587
f 1454 901 606
f 1454 606 1587
f 1454 1766 1324
f 1454 760 1766
f 1324 1766 756
f 195 1324 756
f 823 1569 195
f 1454 636 901
f 1324 636 1454
f 1324 1476 636
f 195 522 1476
f 195 1476 1324
f 195 1569 522
f 1569 1962 522
f 1569 1306 904
f 1502 904 1004
f 476 1502 1016
f 476 1016 1524
f 790 1962 1569
f 904 790 1569
f 1357 790 904
f 1502 1357 904
f 1502 116 1357
f 476 116 1502
f 1349 116 476
f 1524 1349 476
f 1036 1524 418
f 559 1036 1549
f 1657 1553 559
f 763 1349 1524
f 1036 763 1524
f 1036 559 763
f 559 1158 763
f 559 1563 1158
f 1553 1563 559
f 1582 1553 1753
f 1048 136 1582
f 1395 136 1913
f 673 1395 1875
f 1237 1563 1553
f 1582 1237 1553
f 1334 1237 1582
f 136 1334 1582
f 58 1334 136
f 1395 58 136
f 1552 58 1395
f 673 1552 1395
f 242 461 1919
f 1919 49 1211
f 242 1919 1211
f 49 1919 1942
f 1668 461 242
f 1668 752 461
f 167 752 1668
f 167 1668 486
f 1727 1668 242
f 1668 26 486
f 1668 1727 26
f 118 486 26
f 26 1727 1530
f 1169 26 1530
f 1169 118 26
f 473 1727 242
f 1727 473 1530
f 1530 473 48
f 48 1750 1169
f 48 1169 1530
f 242 1211 1736
f 473 1736 1691
f 473 242 1736
f 473 1691 48
f 48 1691 1498
f 474 1750 48
f 474 48 1498
f 1279 1741 1453
f 1453 1922 1279
f 1922 1453 1778
f 922 1922 1778
f 922 1806 1922
f 1922 1082 1279
f 1922 1747 1082
f 1806 1242 1922
f 1242 1747 1922
f 350 1279 1082
f 1806 1401 1242
f 1806 922 1619
f 1619 294 1806
f 294 1619 610
f 1173 294 610
f 1977 1938 610
f 1938 1173 610
f 294 1401 1806
f 1173 1667 294
f 1938 956 1173
f 1667 1401 294
f 956 1667 1173
f 1938 960 956
f 1998 1938 1977
f 1998 1977 1628
f 1965 1998 1628
f 1996 1965 1628
f 780 1965 1996
f 960 1938 1998
f 1965 1009 1998
f 780 1163 1965
f 1009 960 1998
f 1965 1163 1009
f 1531 1163 780
f 1996 1931 780
f 1931 1996 1438
f 1931 1438 93
f 93 714 1931
f 1961 1049 93
f 1049 714 93
f 1931 1531 780
f 714 196 1931
f 1049 1856 714
f 196 1531 1931
f 714 1856 196
f 1049 464 1856
f 767 1049 1961
f 905 767 1961
f 905 41 767
f 41 905 700
f 1235 41 700
f 1865 1235 700
f 767 464 1049
f 41 1027 767
f 1235 1455 41
f 1321 1455 1235
f 1027 464 767
f 1455 1027 41
f 1321 1269 1455
f 1820 261 1865
f 1316 560 1820
f 560 1316 1313
f 1564 277 560
f 1865 1070 1235
f 1865 261 1070
f 560 277 1820
f 1564 1923 277
f 1820 564 261
f 564 1820 277
f 261 176 1070
f 564 176 261
f 447 564 1923
f 564 277 1923
f 1923 840 447
f 1070 1321 1235
f 564 447 176
f 447 178 1680
f 840 178 447
f 1622 1321 1070
f 176 1622 1070
f 176 1680 1622
f 447 1680 176
f 178 1277 1680
f 1622 1269 1321
f 1680 1969 1622
f 1277 1969 1680
f 167 486 5
f 560 5 1564
f 5 560 1313
f 1564 5 486
f 1564 486 118
f 1564 118 1923
f 840 1923 118
f 840 118 1169
f 1750 178 840
f 1750 840 1169
f 1750 1277 178
f 474 1277 1750
f 1942 753 1038
f 619 49 1942
f 49 619 1331
f 375 619 1942
f 1942 1038 692
f 619 375 1789
f 1331 619 1789
f 1038 753 527
f 375 1942 692
f 692 1038 527
f 692 527 1720
f 1707 375 692
f 1761 375 1707
f 1761 1789 375
f 141 1789 1761
f 1720 527 276
f 801 1707 1720
f 1707 692 1720
f 437 141 1463
f 141 1761 1463
f 1409 1388 1200
f 1177 1050 1388
f 272 1050 1673
f 1200 1724 1875
f 1388 1724 1200
f 1050 145 1388
f 1050 1834 145
f 272 1834 1050
f 1388 145 1724
f 272 1377 1834
f 1875 1724 673
f 1377 656 1834
f 1752 272 253
f 1411 1752 1743
f 862 1411 1613
f 739 1377 272
f 1752 739 272
f 1411 739 1752
f 862 1146 1411
f 857 739 1411
f 1411 1146 857
f 1773 1377 739
f 857 741 739
f 857 1146 623
f 1784 862 470
f 109 1784 126
f 1784 1026 862
f 109 881 1784
f 862 1026 1146
f 881 1026 1784
f 109 798 881
f 881 1561 1026
f 881 798 605
f 109 1643 1445
f 1033 1585 1445
f 1206 1191 1585
f 1445 798 109
f 1585 867 1445
f 1191 331 1585
f 1445 867 798
f 1576 867 1585
f 331 1576 1585
f 1191 1785 331
f 867 1347 798
f 1576 383 867
f 1785 1317 331
f 1952 1568 1191
f 1843 1568 1373
f 444 1843 1355
f 1568 1785 1191
f 1568 934 1785
f 1843 934 1568
f 1141 934 1843
f 1141 1843 444
f 444 772 1141
f 934 997 1785
f 1141 507 934
f 388 229 427
f 388 432 229
f 229 432 255
f 432 1052 255
f 721 427 229
f 255 721 229
f 284 849 1474
f 721 284 1474
f 721 255 284
f 1052 1872 111
f 255 111 230
f 255 1052 111
f 849 772 444
f 849 1465 772
f 849 284 1465
f 284 230 1465
f 255 230 284
f 1872 1578 987
f 757 111 987
f 111 1872 987
f 1465 230 757
f 230 111 757
f 484 437 581
f 1578 484 581
f 1578 581 1781
f 1781 947 55
f 55 987 1781
f 1578 1781 987
f 921 772 1465
f 55 921 1465
f 757 55 1465
f 757 987 55
f 1211 49 334
f 1211 334 1986
f 1986 1736 1211
f 1691 1736 1986
f 1691 1986 970
f 970 1498 1691
f 607 474 1498
f 970 1986 511
f 1498 970 607
f 607 388 633
f 607 633 474
f 334 49 1331
f 1837 511 334
f 511 1986 334
f 511 691 970
f 607 432 388
f 607 691 432
f 607 970 691
f 334 1331 1837
f 541 511 1837
f 541 691 511
f 1052 691 541
f 691 1052 432
f 1331 1789 974
f 1837 1331 974
f 1744 1837 974
f 541 1837 1744
f 541 1744 1872
f 1052 541 1872
f 1789 141 974
f 1744 1578 1872
f 974 141 484
f 1578 974 484
f 1578 1744 974
f 141 437 484
f 1409 350 1082
f 1747 1177 1082
f 1401 1673 1242
f 1409 1082 1177
f 1177 1747 1242
f 1673 1177 1242
f 1409 1177 1388
f 1673 1050 1177
f 253 1673 1401
f 1667 253 1401
f 1667 1743 253
f 1743 1667 956
f 1613 1743 956
f 960 1613 956
f 1673 253 272
f 253 1743 1752
f 1743 1613 1411
f 1009 470 960
f 1643 1163 1531
f 470 1613 960
f 1009 126 470
f 1163 126 1009
f 1643 126 1163
f 862 1613 470
f 126 1784 470
f 126 1643 109
f 1033 1643 1531
f 1033 1531 196
f 1856 1206 196
f 1206 1033 196
f 464 1952 1856
f 1952 1206 1856
f 1033 1445 1643
f 1033 1206 1585
f 1206 1952 1191
f 1952 464 1027
f 1373 1952 1027
f 1027 1355 1373
f 1355 1027 1455
f 1269 1355 1455
f 1995 1355 1269
f 1373 1568 1952
f 1355 1843 1373
f 444 1355 1995
f 1277 633 1969
f 474 633 1277
f 1460 1269 1622
f 1969 1460 1622
f 633 388 427
f 633 427 1969
f 1460 1995 1269
f 1460 1969 427
f 1474 1995 1460
f 427 721 1474
f 427 1474 1460
f 1995 849 444
f 1474 849 1995
f 1379 959 1230
f 1379 1230 1852
f 959 1914 1230
f 1914 1078 1230
f 1914 1679 1078
f 1379 1852 1767
f 13 1379 1767
f 106 959 1379
f 1914 23 1679
f 13 1767 1552
f 106 1379 13
f 556 959 106
f 556 1914 959
f 23 1914 556
f 1679 1868 1078
f 1679 1675 1868
f 1034 1868 1675
f 1675 1043 1034
f 1043 1041 1034
f 655 1675 1679
f 977 1043 1675
f 655 1679 23
f 977 1675 655
f 1603 1043 977
f 150 1043 1603
f 1043 185 1041
f 1043 525 185
f 237 185 525
f 237 1947 1955
f 1955 185 237
f 237 1100 1947
f 1100 1786 1947
f 423 1786 1100
f 1043 150 525
f 525 890 237
f 890 1100 237
f 1711 525 150
f 890 525 1711
f 890 727 1100
f 423 1100 727
f 1711 150 1603
f 1786 1456 1947
f 1786 1566 1456
f 1786 1007 1566
f 1007 349 865
f 1007 865 1566
f 423 848 1786
f 848 1007 1786
f 1007 547 349
f 547 411 349
f 786 1007 848
f 786 547 1007
f 727 848 423
f 349 1880 865
f 1880 488 865
f 1633 488 1880
f 1880 952 1633
f 952 387 1633
f 952 1599 387
f 1599 1424 387
f 1599 678 1424
f 411 1880 349
f 361 952 1880
f 952 1877 1599
f 1756 678 1599
f 361 1880 411
f 1877 952 361
f 1756 1599 1877
f 393 437 1256
f 437 1463 1256
f 585 1718 1183
f 232 1718 585
f 147 211 232
f 211 801 232
f 801 1718 232
f 211 147 410
f 410 121 211
f 256 1256 410
f 233 121 410
f 1256 233 410
f 788 393 256
f 393 1256 256
f 678 1788 1424
f 1788 302 1424
f 1274 479 302
f 585 479 1274
f 1788 1274 302
f 232 585 1274
f 539 1274 1788
f 539 147 1274
f 147 232 1274
f 1210 1788 678
f 923 1788 1210
f 539 1788 923
f 923 256 539
f 256 147 539
f 256 410 147
f 1216 1210 678
f 1216 678 1756
f 788 923 1210
f 788 1210 1216
f 256 923 788
f 1035 788 1216
f 1718 1720 1183
f 1720 276 1183
f 1720 1718 801
f 121 801 211
f 121 1707 801
f 233 1707 121
f 1761 1707 233
f 1256 1463 233
f 1463 1761 233
f 1882 673 1724
f 145 1882 1724
f 445 1882 145
f 1834 445 145
f 656 445 1834
f 821 656 1377
f 13 1552 673
f 1882 13 673
f 1882 106 13
f 445 106 1882
f 445 556 106
f 656 556 445
f 656 23 556
f 821 23 656
f 1773 821 1377
f 739 741 1773
f 857 623 741
f 623 1146 1907
f 655 23 821
f 1773 655 821
f 741 655 1773
f 741 977 655
f 623 977 741
f 623 1603 977
f 623 1907 1603
f 1026 1907 1146
f 1026 1561 1907
f 605 1561 881
f 1347 605 798
f 1907 1711 1603
f 1907 1561 1711
f 1561 890 1711
f 605 890 1561
f 727 890 605
f 605 1347 727
f 867 383 1347
f 1576 634 383
f 634 1576 331
f 634 331 898
f 1317 898 331
f 786 898 547
f 898 411 547
f 1347 848 727
f 383 848 1347
f 786 848 383
f 634 786 383
f 634 898 786
f 997 898 1317
f 997 1317 1785
f 934 507 997
f 1141 1096 507
f 772 1096 1141
f 997 411 898
f 361 411 997
f 507 361 997
f 1877 361 507
f 507 1756 1877
f 1096 1756 507
f 194 581 393
f 437 393 581
f 1781 581 194
f 921 1035 1096
f 921 947 1035
f 1781 194 947
f 772 921 1096
f 947 921 55
f 1756 1035 1216
f 1035 194 788
f 393 788 194
f 1096 1035 1756
f 194 1035 947

