# https://github.com/mikedh/trimesh
v -0.35977527 -0.29560500 0.20929466
v -0.29835173 -0.09910224 0.52346224
v -0.15676902 0.32745886 -0.32770255
v -0.65741074 -0.06895604 -0.46507034
v 0.44993854 0.24467723 0.20958389
v 0.52770489 -0.18257725 -0.22543339
v -0.30596447 -0.23415098 -0.54183829
v 0.01341734 0.21901999 0.42781624
v -0.26970693 -0.32113776 -0.30020645
v 0.42827168 0.00270078 0.58805066
v -0.64656448 0.06299635 -0.58125323
v -0.32774195 -0.15050344 0.48738641
v -0.28843924 0.17554924 -0.58133936
v 0.62007368 0.05313434 0.07372048
v -0.25675091 0.17471258 -0.58304471
v 0.59171861 -0.12053457 -0.29178774
v 0.62364364 -0.05377159 0.01063610
v 0.45182544 -0.15254413 0.48646098
v 0.36139885 -0.16288616 -0.57666576
v 0.24842127 -0.31953165 -0.16006429
v 0.54785800 0.16376448 -0.18909067
v 0.08926620 0.32995901 -0.30527312
v -0.23459513 0.10793347 0.52090788
v 0.27914065 0.29708871 0.26507455
v 0.57650298 -0.13568352 -0.17769104
v -0.42537624 -0.28777900 0.06676111
v -0.17861351 0.32103223 0.18430631
v 0.62183666 -0.08705311 -0.45365617
v -0.04959558 0.14330359 -0.59208322
v -0.64616823 0.00117621 0.21274437
v 0.28689170 0.22489251 0.18300182
v -0.54889876 0.21254918 0.10017427
v 0.61887145 0.05137818 0.11867163
v 0.04203270 -0.15243742 -0.58860338
v -0.36423534 -0.26015046 0.33480868
v -0.29477280 0.19518277 0.45387372
v -0.46326908 -0.27619445 -0.02286488
v -0.20433860 0.14385572 0.50096858
v -0.30224144 -0.04334659 0.53977531
v 0.63762283 -0.02246937 -0.23306000
v 0.18871172 -0.32113141 -0.32831138
v -0.53126907 0.19718519 -0.45894289
v -0.34978926 -0.30291730 -0.30989668
v -0.08831862 -0.34029281 -0.03417263
v -0.12546128 0.12728171 -0.59660745
v 0.31196645 0.11866415 0.53496629
v 0.30679014 0.16090830 -0.57562697
v 0.59045410 0.11835702 0.20675708
v 0.45795730 -0.23096140 0.31160712
v -0.38274175 -0.30415985 -0.03556590
v -0.55409056 -0.07714314 0.56991011
v -0.01825488 -0.18188982 0.46488577
v 0.28727502 0.10615106 -0.59077138
v -0.60918534 -0.13278471 -0.26115063
v 0.44172955 0.23722097 0.34320492
v -0.12431792 0.34058139 0.06016863
v -0.16145377 -0.22280537 -0.56750435
v 0.22280239 0.13816819 -0.58653849
v -0.53983623 -0.21503444 -0.27274013
v 0.41039228 -0.24736083 -0.41611707
v -0.41519549 -0.26471174 -0.41346961
v -0.64991105 -0.05258949 -0.12830339
v -0.64795172 -0.02502814 0.61886793
v 0.50426900 0.20064536 -0.25967386
v -0.62303132 0.11304773 -0.25775719
v -0.49335277 0.25893798 0.10963707
v -0.50465965 0.17485577 0.46892181
v -0.29100633 -0.30960003 0.19447228
v 0.24256140 -0.09150617 0.18151221
v 0.53485107 -0.02645172 0.60240328
v -0.47437641 -0.14377819 0.49914870
v 0.05138030 -0.09489399 0.50579530
v -0.40388551 0.26187035 -0.42722508
v -0.11209416 -0.33644766 0.08509038
v 0.54322267 -0.17138961 0.33268437
v -0.26825592 0.27710083 -0.48425952
v 0.46643585 -0.23068497 0.06748216
v -0.66393816 -0.05247731 -0.38939917
v 0.63287622 -0.03068531 0.26361051
v 0.57582134 0.02960089 0.61447877
v 0.35110202 0.29011717 -0.21061103
v 0.41550854 0.17897098 -0.56080562
v -0.68931818 0.02912384 0.50577772
v 0.52089936 -0.18805844 0.11629765
v -0.34601018 -0.16876830 0.47014081
v -0.42313945 -0.27807683 -0.32480764
v 0.44653797 0.03394273 -0.61856258
v 0.50824142 -0.19994904 -0.01169553
v -0.51539415 -0.08103576 0.56303191
v 0.11849482 -0.00611750 0.53107846
v 0.49286196 0.21428162 0.01511718
v -0.60881865 0.12390684 0.09158357
v 0.31719765 0.01201328 -0.60057443
v 0.18255164 -0.32324308 0.15143226
v 0.61776155 0.08626502 -0.26889676
v -0.00122493 -0.33898136 0.06542667
v -0.26260173 0.29805180 0.27660185
v 0.53561836 0.17323291 -0.31037050
v 0.21560058 -0.05943864 -0.60146838
v -0.10608045 0.32722017 0.21180488
v -0.22990744 -0.09817319 -0.60641205
v -0.37657139 -0.12960923 0.51008987
v -0.13539764 0.17772146 0.47380459
v 0.02371856 0.33692762 -0.24573916
v -0.57306743 0.18704300 -0.04688044
v 0.51619297 0.16755629 0.46645978
v -0.66603863 -0.03467519 0.37178680
v -0.61700791 0.11210044 0.02887282
v 0.14390598 -0.05491318 -0.60445142
v -0.43008116 -0.03696536 0.56686854
v -0.47491220 -0.26282811 -0.25536132
v 0.02336542 -0.01108427 -0.61032128
v -0.37208974 0.15773986 0.48951125
v -0.06539077 0.17587021 0.47508818
v 0.10505746 0.30192390 -0.46525040
v -0.54889965 -0.21116020 0.06843264
v -0.61918306 -0.11370999 -0.11390401
v -0.17497617 0.27849081 -0.50736499
v 0.64574486 0.06429800 0.57417125
v 0.36694539 -0.27116716 0.27865729
v 0.21220012 -0.28102779 -0.48987368
v -0.21464278 -0.13497740 0.50377214
v -0.52742702 0.22290713 -0.30339992
v -0.11025956 -0.33204192 -0.32838482
v 0.57198304 0.14023767 0.11103551
v 0.29764083 0.28849736 0.13270575
v 0.44142586 0.24419282 -0.19867919
v 0.30746505 -0.07745865 0.18436478
v -0.46237329 -0.27097189 0.09579200
v 0.29308763 -0.18192075 0.46049374
v -0.51467842 -0.24440387 -0.03080181
v 0.00549487 0.13084400 0.50195992
v -0.16346006 -0.33638680 -0.21668495
v 0.15188666 -0.33312252 0.03400171
v -0.51286590 -0.23939011 -0.24026994
v 0.46073326 -0.22489497 -0.40509775
v 0.35643557 -0.28911853 -0.17739153
v -0.65318298 -0.05681185 -0.23378608
v 0.56722373 -0.12787066 -0.56530380
v 0.18061665 -0.33085445 -0.09422720
v 0.59617060 0.03981777 -0.63460827
v 0.24584772 -0.31892845 -0.24290279
v -0.54830682 0.20666438 -0.21339099
v 0.42560330 0.24307646 -0.37392548
v 0.23550254 -0.32191119 0.05922953
v -0.63235974 0.05900013 0.16656137
v -0.21995454 -0.24851084 -0.54187489
v 0.42510462 0.19784611 -0.53429574
v 0.27282909 -0.28503335 0.18589525
v -0.42432690 0.28819671 0.14696364
v -0.25997737 0.09876113 -0.60506904
v 0.28242055 -0.07024449 0.18575768
v -0.03850095 -0.03084897 -0.61278474
v -0.41713917 0.29548541 0.01107961
v 0.00793050 0.18558459 0.46554199
v 0.44631267 0.24315567 -0.11934508
v 0.33909744 0.28038079 0.28911361
v -0.24239074 -0.18902278 -0.57849473
v -0.34343591 -0.10059243 0.51993197
v -0.42432332 -0.03284094 -0.62410891
v 0.15553612 0.17388351 0.47940627
v -0.65341318 0.05654892 0.31384796
v 0.63899839 0.04567595 -0.35929152
v 0.56746709 -0.14012611 0.19448383
v -0.02900245 -0.30745465 0.26144090
v 0.33646312 -0.21310781 -0.54968321
v 0.58873695 0.12221945 -0.22739601
v -0.59310716 0.13704959 -0.51869297
v -0.42921731 0.17431265 0.47376493
v -0.65406406 0.05053692 -0.19167186
v -0.48355877 0.26280740 -0.16836631
v -0.43090770 -0.28280294 0.12957299
v -0.11181232 0.20448069 0.44538024
v -0.58072078 -0.17384930 0.32826823
v -0.20815180 0.33707276 -0.00119240
v 0.14021885 0.32307246 0.19477239
v 0.24509668 0.32030812 -0.16072910
v -0.62332815 -0.12252669 0.43132275
v 0.56584942 -0.14557064 -0.02479847
v -0.43436590 0.23845507 0.37551299
v -0.21903904 -0.30642563 -0.43214586
v 0.13249660 0.28331003 0.32350954
v -0.22716822 0.25137645 -0.53580952
v -0.30536443 0.27757972 -0.45903230
v 0.17828549 0.26482084 0.35741478
v 0.32904705 -0.29374284 0.12776016
v -0.46553060 -0.10250245 0.54135954
v 0.10799128 0.32280061 0.21648502
v 0.54552555 0.16868566 0.19738474
v -0.17609961 0.20107689 0.44872886
v -0.43491748 0.05718262 -0.61558139
v -0.51470089 0.23695450 -0.23497534
v -0.13016549 0.34053743 -0.05545399
v 0.08779199 0.32096043 -0.38163039
v -0.50654221 0.24676946 0.22034542
v -0.42160454 -0.18869726 0.44906491
v 0.38511318 -0.07238097 0.56388581
v -0.30224803 0.06989790 0.53495938
v -0.50944203 -0.21254091 -0.45560309
v 0.20313969 0.15331171 0.50014043
v 0.18135506 0.09322795 -0.59540051
v -0.26984870 -0.30995068 -0.38053939
v -0.36535758 0.29955885 0.19994816
v -0.57546413 -0.17531867 0.24001040
v 0.18406667 -0.00634863 -0.60543287
v 0.61039257 0.11706547 0.42466596
v 0.05443352 0.16965340 0.47089583
v -0.68390566 0.01149097 0.45645025
v -0.60118926 0.14521183 -0.15574296
v 0.18780527 -0.14162569 -0.58631796
v 0.63133943 0.09884836 0.47321230
v 0.56702244 -0.14943922 0.40389076
v -0.08773156 0.34025088 -0.15193701
v -0.40179747 -0.29781476 -0.13433358
v -0.60320985 0.04466851 -0.62139094
v 0.44162884 0.24991822 0.09670734
v -0.40981156 -0.24574748 0.35282680
v -0.55570304 0.18897149 -0.38967305
v -0.05251607 -0.13298304 -0.59494680
v 0.67683119 -0.01873314 0.49015799
v -0.65981799 -0.04907078 -0.30766100
v 0.53871042 0.17510556 0.13552596
v -0.49172300 0.11602738 0.53771627
v 0.52377164 -0.18380584 0.19501045
v -0.45826915 -0.21426383 -0.51071370
v -0.20457461 0.33573383 -0.12126032
v -0.21538989 -0.33118096 0.04516430
v 0.20841978 0.32428864 0.15921398
v -0.42989439 -0.27936587 0.17388752
v -0.28920844 0.14814056 0.49979341
v 0.16468213 0.33139765 -0.19098081
v -0.26357293 0.32068682 0.17031717
v -0.34398401 0.31534725 0.01840034
v 0.63413388 0.06403298 -0.41010371
v 0.50227195 0.20328870 -0.19114546
v 0.64296287 -0.02139791 -0.62027061
v -0.33332634 -0.29004121 0.25685459
v 0.64170873 0.03134203 0.30454433
v 0.46996412 0.23180601 0.15336671
v 0.49091986 0.21602227 0.09070763
v -0.41891214 0.29533717 -0.05089085
v -0.50596809 -0.23196763 0.30685779
v 0.03391660 0.26808429 -0.53418273
v 0.66443491 -0.05574681 0.53213084
v -0.15555049 -0.26510778 0.35499060
v -0.38597274 0.30352634 -0.13070385
v -0.46651471 -0.27409235 -0.08703452
v -0.46151999 -0.19957863 0.43089512
v -0.00427189 0.27598432 0.34956890
v -0.05984634 0.33761528 -0.24167648
v 0.59104776 0.11794767 0.01133850
v 0.40094978 0.14872418 -0.58329403
v -0.15984109 -0.33772731 -0.13066852
v 0.26433232 -0.31619394 -0.07809173
v -0.10338250 0.30532631 -0.46111792
v 0.00109882 0.32418960 0.22309355
v -0.65185279 -0.06459307 -0.27661356
v 0.53696257 -0.16653897 -0.50659889
v -0.37334481 0.26897430 0.31998536
v -0.31938550 -0.22327307 0.41027680
v 0.47277904 0.02135830 0.59656048
v -0.57431734 -0.17013416 0.17369838
v -0.00357455 0.33753023 0.14010629
v 0.08252214 -0.06326962 0.51847059
v 0.44432166 -0.24498588 -0.04987538
v 0.60665613 0.08897938 0.12529181
v 0.07458464 -0.32107767 0.18525110
v 0.33458754 0.29380873 0.20431082
v -0.60118496 0.13607825 0.19983949
v -0.33641163 -0.31417075 0.05540175
v -0.29724011 -0.32353723 -0.01639646
v 0.61781967 0.09938641 0.52680254
v 0.35163516 0.29129168 -0.13325353
v 0.37294331 -0.27700174 -0.29966587
v -0.09852647 -0.26317686 0.36072290
v -0.65620273 -0.02287959 0.28710231
v 0.35677430 -0.28884876 -0.11507729
v 0.61876649 0.07800002 -0.10755166
v -0.28110504 -0.28743884 -0.45583248
v 0.35378653 0.27616224 -0.35948646
v 0.33441645 0.23493038 -0.52689511
v -0.00259929 -0.34130567 -0.16298981
v -0.32524642 0.29255795 -0.39604571
v 0.46348014 -0.23119606 0.24961874
v 0.25384998 0.22407821 -0.54966682
v -0.44985038 0.26836148 -0.30580568
v -0.60432547 -0.14492632 0.35516801
v 0.51839089 -0.19085018 0.04919461
v -0.08228024 0.02521379 0.53019571
v -0.63070470 -0.09934193 -0.20518057
v -0.34223697 0.31409740 0.09437956
v -0.51892209 0.20154555 0.41988087
v 0.43005347 0.25531471 -0.02151096
v 0.65732312 0.00246144 0.37704670
v 0.53189796 0.16572255 -0.49627617
v 0.50689232 0.13560745 0.51172668
v 0.11738178 -0.21496846 -0.56632924
v 0.24769241 0.28806856 -0.44787335
v 0.62711722 -0.08328686 0.34526578
v -0.04172389 -0.32198876 -0.40500659
v 0.34171811 -0.28098616 -0.36919391
v 0.25903776 0.11959567 0.15833856
v -0.67458755 0.04787407 0.44472808
v 0.58452404 -0.12168702 0.10222305
v 0.52668214 -0.18146254 -0.39572576
v -0.38843581 -0.29855379 -0.23403819
v -0.66075313 -0.06266499 0.41736543
v 0.66698050 0.00987971 0.42530391
v -0.47777781 0.16449894 -0.56339449
v 0.13326195 -0.27044371 0.34094706
v -0.11607806 -0.30426618 0.26985866
v -0.31217763 0.31216204 -0.29074997
v 0.21932870 0.32181382 -0.25521195
v -0.67704272 -0.00353555 -0.54035014
v 0.49712160 0.08156645 0.57367784
v 0.49705729 0.21425813 0.25216788
v 0.31209600 0.23219199 0.12218100
v 0.15794465 0.15761913 -0.58466613
v 0.61543578 -0.10384639 0.49583450
v 0.63358068 -0.04805011 -0.18970507
v -0.60803640 0.02963796 0.61739129
v 0.18860988 -0.15014003 0.49607766
v -0.38876545 0.29914197 -0.20540404
v 0.61932027 -0.05087876 0.11704262
v -0.21967091 -0.26021782 0.36033779
v 0.07830032 0.33993769 -0.04097019
v 0.53732818 -0.17356254 -0.30934364
v 0.10291114 -0.01436469 -0.60823703
v -0.22996756 -0.01303990 0.54113919
v -0.29274228 0.32313785 -0.19209039
v 0.25531948 -0.11527154 -0.58987641
v -0.37037325 0.00526546 0.55734104
v -0.33839926 -0.30853644 0.14036717
v -0.59090471 0.16368544 0.28606632
v 0.08881466 -0.33152825 -0.31563553
v 0.34757975 -0.27075869 -0.42627621
v -0.65757161 0.07673532 0.42032751
v 0.61901379 -0.00028381 -0.63588196
v 0.48474553 0.20860569 0.39243749
v -0.56184417 0.17011328 0.46076855
v -0.05744747 0.30228966 -0.47812855
v -0.47694150 -0.25578180 0.15896791
v 0.13600664 0.13013820 0.50825626
v -0.49239203 0.26029322 0.05568441
v -0.46013224 0.20231891 -0.52457672
v -0.20534110 0.17508127 0.47634381
v -0.65140498 0.07590926 0.36266139
v -0.59832513 -0.13911927 0.05503405
v 0.50876516 -0.19943871 -0.07951736
v 0.17068169 0.22464988 0.42050025
v -0.47317606 0.05036805 0.57749355
v 0.39075273 -0.21847223 -0.52712601
v -0.34556034 0.30813622 0.16353218
v 0.42674094 -0.25216222 -0.27285895
v 0.36827469 0.17514680 0.47251099
v -0.61102378 0.13053656 -0.20783308
v 0.13977446 -0.28374961 -0.50771528
v 0.60567856 -0.11368312 0.43278906
v -0.09364877 0.06563301 -0.60588491
v -0.68666691 -0.01051801 0.47837582
v -0.11449592 0.27168891 0.35446405
v 0.55035359 0.16274512 -0.09663481
v 0.35180971 0.28397587 -0.29157272
v 0.59610766 -0.11695093 -0.48027653
v -0.47163069 -0.03519884 0.57811874
v -0.26727021 -0.30101764 0.25298220
v 0.02038994 0.15744443 -0.58801043
v -0.49213722 -0.24057825 -0.36604431
v 0.61781287 0.00608855 0.18769094
v 0.40062693 0.25424609 0.32862118
v -0.62382823 0.11516984 0.51832807
v -0.40765831 -0.18944409 -0.55760902
v -0.62910640 0.11170220 0.33798757
v 0.31377700 -0.28991801 0.18867600
v 0.31401449 -0.24414061 -0.51201373
v 0.26266155 0.16188411 0.17503445
v 0.62257975 -0.08492859 -0.54886001
v -0.63538849 0.07827386 -0.58223373
v 0.32235882 -0.25443977 0.14800401
v 0.20817600 -0.27450699 0.16981301
v 0.30712050 0.11959064 0.18498448
v 0.32697326 0.20402539 0.16626891
v 0.30825263 0.03273845 0.12376525
v 0.28475335 0.26034644 0.18208686
v 0.31500599 -0.23228200 0.13181099
v 0.31539911 0.17588428 0.17968541
v 0.13074020 -0.12567420 0.50609392
v 0.21659200 -0.26150501 0.17288700
v -0.59433264 -0.13632980 0.17383757
v 0.30721331 0.04924160 0.12278024
v 0.22158401 -0.16190700 0.16403900
v 0.31224200 0.24626701 0.12210300
v 0.58771038 0.12516448 0.50053740
v 0.23678499 0.00067496 0.16573800
v -0.06882115 0.33146885 -0.32298705
v 0.23065200 -0.13475300 0.16197900
v 0.22024301 -0.23228200 0.16206300
v 0.31673500 -0.13375700 0.17483400
v 0.30056101 -0.05634186 0.13664070
v 0.29106668 0.21127880 0.14931148
v 0.63078177 0.08480963 0.54495901
v 0.65846944 0.06456663 0.46009803
v 0.29845792 0.00698587 0.13631360
v -0.43808436 -0.22402838 0.39342719
v 0.14633536 -0.31642634 0.22133872
v 0.24834201 0.04921740 0.16204099
v 0.63153547 0.05752368 -0.26249954
v 0.30596194 -0.05247015 0.18472236
v 0.05369709 -0.27185091 -0.53254074
v 0.25016901 0.13366701 0.16470100
v 0.22276600 -0.14010900 0.16579600
v 0.23426700 -0.09153240 0.16205500
v -0.39806491 0.20512891 -0.54645026
v 0.28342763 -0.21163915 -0.55315286
v 0.23493899 -0.04930740 0.16303000
v 0.31401199 0.00699249 0.13532899
v 0.21582368 0.21580468 -0.55999351
v -0.31727001 0.25247839 0.37431812
v 0.32550409 0.10550498 0.16533732
v 0.34668574 -0.28796226 0.16625327
v 0.24849200 0.06329240 0.16228101
v 0.26343101 0.24626701 0.17148601
v -0.59287959 -0.12528400 0.50911617
v 0.30096796 0.04229214 0.18519729
v 0.50327259 -0.18166745 -0.51395297
v -0.55861962 0.20228344 0.28854433
v 0.31473619 -0.00708426 0.17864177
v 0.32029945 0.18995923 0.13541913
v -0.55308628 0.05067917 -0.61937547
v 0.24494572 -0.31471124 0.13845775
v 0.27281800 0.26034200 0.17772999
v -0.46912247 -0.10048995 -0.60716218
v 0.32470357 0.11958998 0.15636493
v -0.00024632 -0.33102673 0.16003948
v -0.45932001 0.27124250 0.20438807
v 0.22276600 -0.14010900 0.16858900
v 0.31728739 0.28720000 0.18222372
v 0.26241300 0.18996701 0.16202299
v 0.24976601 0.11959200 0.17076001
v 0.25265253 -0.28536284 0.18576539
v 0.30748996 -0.23228334 0.18409857
v 0.23423800 -0.10560700 0.17315400
v -0.57453960 -0.16325699 0.44228655
v 0.27416000 0.24567400 0.17899600
v 0.14948204 -0.16229790 0.48462912
v 0.23004501 -0.25218952 0.15434736
v 0.25915027 0.10551868 0.15768412
v 0.24416646 -0.06334889 0.18078884
v 0.50113034 -0.02283857 0.59716892
v 0.64717478 0.04231915 -0.54986477
v 0.30750147 -0.17598324 0.18419370
v 0.20957002 0.31816018 0.20478475
v 0.32170269 -0.10560986 0.14514524
v 0.19149056 -0.31174514 0.18283556
v -0.68811470 0.00528553 0.63243747
v 0.31707299 0.10551700 0.17594500
v 0.26889282 -0.16175818 0.18577534
v 0.24940000 0.10551700 0.16355000
v 0.52246398 0.19084173 0.38596836
v -0.62032622 0.05368296 0.60460055
v 0.31755963 0.04921365 0.13411941
v 0.32233012 0.02105199 0.14435481
v 0.28185546 0.16562669 0.18341485
v 0.34572589 -0.28658307 0.19197834
v -0.59169793 0.12653536 0.51936156
v -0.63816488 -0.05624711 0.06863023
v 0.31841633 0.11958788 0.13366364
v 0.27066460 0.17590100 0.18081416
v 0.31894326 -0.21820898 0.17275575
v 0.35931075 -0.25569871 -0.47126231
v 0.39527994 -0.19756553 -0.55109781
v 0.29971775 -0.10561910 0.13579309
v 0.30733252 0.18997104 0.18516564
v 0.22021399 -0.24635699 0.17313500
v 0.30605358 -0.15090780 0.18455672
v 0.36979744 0.23008463 -0.51542461
v 0.26039749 0.13367495 0.17755423
v 0.31691399 -0.27450699 0.17438100
v 0.28082776 0.30870083 0.20830463
v 0.20817600 -0.27450699 0.16490500
v 0.12115177 -0.23864090 -0.55269843
v 0.35084471 0.28930876 0.09869933
v -0.27961585 0.32842156 -0.00171292
v 0.24132982 -0.11967164 0.18124525
v 0.20886800 -0.26691100 0.16599099
v 0.63261110 0.03804573 -0.62175661
v 0.31675699 -0.10560700 0.17491500
v 0.22902159 -0.20411792 0.18014729
v 0.23461600 -0.06338240 0.16259100
v -0.65261191 0.04856907 -0.14948498
v 0.32067400 -0.11968200 0.14380699
v 0.26239201 0.17589200 0.17321099
v 0.31688899 0.00699249 0.17525201
v -0.61520618 -0.08747950 0.55644929
v -0.05801345 0.22649169 -0.56689930
v 0.23704532 -0.03519274 0.16155644
v 0.29060701 0.02760898 0.14120899
v 0.25880399 0.14678700 0.16195600
v 0.31103003 -0.29557618 0.19907294
v 0.44610408 -0.22078182 -0.46972960
v 0.44142070 -0.09616800 -0.60571784
v 0.31391600 -0.02115750 0.13531899
v 0.23425201 -0.11968200 0.16181500
v 0.30600363 -0.21820821 0.18479769
v 0.25592393 0.03515190 0.18079554
v 0.30360651 0.20403589 0.12305386
v 0.30096799 0.28849199 0.18470500
v 0.32984501 0.28797099 0.14588600
v 0.22052500 -0.20413201 0.16254200
v 0.29560608 0.14774622 0.18546525
v -0.33561006 0.12925538 0.50723958
v 0.30576217 0.09143984 0.12308184
v 0.32182336 -0.07746111 0.14492978
v 0.22211599 -0.14783201 0.16985901
v 0.62021703 -0.07069556 -0.06532077
v 0.66691798 -0.00708249 0.62803799
v 0.22211599 -0.14783201 0.16481200
v -0.69185835 0.04198163 0.56126469
v 0.32426521 -0.02116229 0.16433217
v 0.22035199 -0.21820700 0.16227099
v 0.32409260 -0.04931153 0.16432711
v 0.26437357 0.24630062 0.16187909
v 0.32531443 0.09143157 0.16523583
v 0.29796165 0.24626748 0.13332739
v 0.26286489 0.09249839 0.18096916
v 0.24831501 0.03514250 0.17317399
v 0.20213600 -0.30335701 0.17487200
v 0.60380137 -0.07243828 -0.61489218
v 0.60698831 -0.08118050 0.19236480
v 0.42128581 -0.18091632 -0.56117481
v 0.31526914 0.16180921 0.17954300
v 0.59279466 0.06734277 -0.61927515
v 0.25824088 0.06331755 0.18094428
v 0.66708499 -0.02534548 0.61860710
v 0.51453036 -0.09994238 -0.60701013
v 0.30719995 0.06329108 0.18472046
v 0.34670338 -0.28896025 0.14606491
v 0.53394538 0.17963152 0.05703526
v -0.67222577 -0.04876535 -0.55080104
v 0.30794367 -0.19693814 0.12454109
v -0.40291703 0.12048727 0.52772409
v 0.23194997 -0.14782824 0.17723586
v -0.20627376 -0.17552181 0.47009611
v 0.55621278 0.12345696 -0.57037193
v -0.68974215 0.03224661 0.62162018
v 0.27328223 0.23220342 0.17959480
v -0.68474424 -0.03054230 0.61334914
v 0.32395110 -0.07746109 0.16432197
v 0.30096799 0.30008900 0.19001800
v 0.31363800 -0.13375700 0.13525400
v 0.30729669 0.00699167 0.18453780
v 0.64784181 -0.02576741 0.61835927
v 0.30749664 -0.13375819 0.18426594
v -0.65429986 -0.04826148 -0.20135221
v 0.57708871 -0.08889496 -0.60901093
v -0.46831301 0.22673307 -0.46034384
v 0.28689301 -0.28858200 0.18767600
v 0.21475124 -0.31428897 0.20218915
v -0.19354263 0.10427745 -0.60278422
v 0.33013692 0.29854473 -0.03622330
v 0.21659200 -0.26150501 0.16210800
v -0.66367805 0.02125812 0.63145059
v 0.30096799 -0.28858200 0.18904500
v 0.32150322 -0.14783996 0.17074551
v -0.21270561 0.32813659 0.16209352
v -0.63064736 -0.09993087 -0.56763452
v 0.61195433 0.08337583 0.01779125
v 0.60315216 0.05256097 0.60342509
v 0.69465196 -0.01091587 0.61051565
v 0.32770497 0.26031524 0.16668177
v 0.32320100 0.27439800 0.14453000
v 0.32038501 0.20403472 0.13524671
v 0.23059300 -0.30265701 0.18683299
v 0.24564689 -0.07746501 0.15554108
v 0.31469637 -0.06338418 0.17849386
v 0.29604942 -0.00543547 0.56354469
v 0.64679033 0.02458607 -0.60615218
v 0.31985056 0.24626356 0.13276891
v 0.44060898 0.04829827 0.58646786
v 0.69046712 0.01650368 0.61361766
v 0.31602612 0.23218253 0.18019138
v 0.31382099 -0.04930740 0.13530900
v 0.23071231 -0.31278804 0.19492909
v 0.32193965 -0.04931130 0.14465971
v 0.31363699 -0.11968200 0.13527000
v 0.64669716 -0.04163972 -0.48786590
v 0.31685799 -0.02115750 0.17516699
v 0.32513937 0.07735772 0.16513264
v 0.23169218 -0.16189326 0.15738764
v 0.32548901 0.23219199 0.17047100
v 0.32197690 -0.03523634 0.14447504
v -0.58142769 0.00277988 0.61312747
v 0.31674200 -0.11968200 0.17487299
v 0.17213103 -0.26913786 -0.52176249
v 0.24234140 -0.13537681 0.18237653
v -0.70557475 0.00015844 0.59642959
v 0.28373617 0.30408156 0.15448138
v 0.32487893 0.27491543 -0.42350653
v 0.32307816 -0.24635988 0.16449888
v -0.09310044 -0.33154586 0.15665248
v 0.20886800 -0.26691100 0.16839600
v 0.28294557 0.30227938 0.18746437
v -0.59833449 0.16074666 0.36699611
v 0.30418310 -0.29914492 0.11731399
v -0.58481836 -0.15670668 -0.46725717
v 0.31564638 -0.26042569 0.17691608
v 0.14587159 -0.32382870 0.15997837
v 0.30442101 0.24626701 0.12210300
v 0.25547940 -0.30881959 0.19898412
v 0.24472800 0.00601697 0.17318501
v 0.24849200 0.06329240 0.17274401
v 0.23460600 -0.02109712 0.16852577
v -0.54876661 -0.16938217 -0.53570682
v 0.22052500 -0.20413201 0.17243400
v -0.48243886 -0.19419321 -0.53313363
v -0.56578457 -0.14479998 -0.56183422
v -0.62505811 0.09355640 -0.58080542
v 0.32088628 0.27294973 0.13479316
v 0.32260501 -0.11968200 0.15084501
v -0.68439460 -0.00678701 0.63176525
v 0.31460646 -0.16190873 0.17825128
v -0.64092499 0.04730810 -0.61317998
v 0.60752976 0.10146932 0.24849433
v 0.32308844 -0.26043379 0.16412114
v 0.27912644 0.16079535 0.15302660
v 0.22076599 -0.19005699 0.17205501
v 0.28221509 -0.28626478 0.13541538
v 0.26281500 0.21811700 0.17244200
v -0.69625998 0.00591128 0.62549901
v 0.32401937 -0.06338622 0.16432521
v -0.64965254 0.04940251 -0.59665191
v -0.56662381 0.17346789 -0.43158698
v 0.56663954 -0.06536254 -0.62453997
v 0.28689405 0.19694772 0.18346089
v -0.63751048 0.05550291 0.20077285
v 0.69017315 -0.00429672 0.62739331
v 0.25796801 -0.30335400 0.19179600
v 0.32388332 -0.09153605 0.16431697
v 0.32312915 -0.27426744 0.16367248
v 0.64405769 -0.07112940 0.54354209
v 0.24334519 -0.31044659 0.20376790
v 0.26166230 0.03406734 0.15491249
v 0.64710706 -0.03968225 -0.59263152
v 0.31966484 0.23218845 0.13278286
v 0.68109995 0.04063375 0.56083751
v -0.70248169 -0.00125123 0.57694483
v 0.32563153 -0.28755328 0.14579956
v 0.24907000 0.09144240 0.16307200
v 0.32166359 -0.13375874 0.14539421
v 0.31345800 0.02215740 0.13181201
v 0.23678499 0.00067496 0.16866399
v 0.31862038 -0.22528003 -0.53657633
v 0.30711970 0.10551552 0.18491636
v 0.24537890 -0.00706536 0.15873536
v 0.30454600 0.23219199 0.12218100
v -0.67675704 0.03330496 -0.54841971
v -0.60559857 -0.04769280 -0.62393051
v 0.32268301 -0.09153240 0.15057100
v 0.26503584 0.27446720 0.16342559
v 0.64475816 0.04262752 -0.47406965
v -0.41141266 0.21586864 0.42168126
v 0.30334458 0.21811043 0.12305478
v 0.31457984 -0.19005866 0.17818762
v -0.48527181 -0.23248899 -0.42662305
v 0.31769699 0.20404200 0.17709400
v -0.60397083 0.10559095 0.54562891
v -0.24862564 0.20495680 -0.56725061
v 0.27346894 0.30449232 0.16094287
v 0.61410505 -0.08895351 -0.18159249
v 0.30855247 -0.23228383 0.12401932
v 0.61166596 0.07324412 -0.60282618
v 0.31936401 0.26034200 0.13181099
v 0.65275466 0.00080731 0.62750763
v 0.32914010 -0.29099807 0.19274433
v -0.55405444 0.19192672 0.40678152
v 0.32431099 0.06329096 0.15625298
v -0.63508666 -0.04314568 0.18189517
v 0.53044719 0.06498397 -0.62263525
v 0.21801625 -0.27447513 0.15814035
v 0.63880223 0.03870737 0.61807632
v 0.62357026 -0.02834056 -0.63258344
v 0.29619956 0.15611210 0.13917316
v -0.32554522 0.23033673 -0.53788894
v 0.23439400 -0.07745740 0.17273800
v 0.26389062 0.20407039 0.16034347
v -0.67814773 0.05872126 0.58021790
v 0.31492439 0.09143823 0.17903218
v 0.24503125 -0.10560921 0.15466706
v 0.32219201 -0.27450699 0.15194200
v 0.26413542 0.28268528 0.16761515
v 0.27287900 0.28755701 0.16191199
v 0.52411926 -0.15040654 0.48107076
v 0.32335290 -0.19006006 0.16452327
v 0.18219672 -0.31556860 0.21691108
v -0.62551290 0.00979552 -0.62603515
v 0.26379201 0.26034200 0.17085700
v 0.31827599 0.26034200 0.17797799
v 0.31000900 0.06329240 0.12337400
v -0.16566138 -0.32745561 0.16210707
v 0.25016901 0.13366701 0.17001100
v 0.31983382 0.06328627 0.17364295
v 0.28783670 0.28850242 0.15277046
v 0.62563819 -0.04902294 -0.62161410
v 0.60774517 0.08992932 0.06152716
v -0.69593096 0.03853826 0.58946908
v 0.68083614 0.02730877 0.61044252
v 0.32595202 0.23218940 0.15614755
v 0.31527880 0.29964265 0.11085689
v 0.59754097 0.00010841 0.61748683
v -0.62210959 -0.11428811 0.50130814
v -0.36086145 0.25214267 -0.48745170
v 0.32259476 0.09840658 0.14555916
v 0.32484189 0.04920933 0.16485740
v 0.18010491 -0.00933112 0.54235774
v 0.30775595 0.24685171 -0.51597190
v 0.27279738 0.21812497 0.17998591
v -0.45755246 0.12524450 -0.59183890
v 0.19562374 -0.07101320 0.53565407
v -0.69658601 0.02106750 0.62228698
v -0.00876186 -0.30116296 -0.48979279
v 0.55780596 0.13203311 0.50729883
v 0.69883657 0.00084914 0.59628516
v 0.24831501 0.03514250 0.16191100
v 0.56230855 -0.03413048 0.60465306
v 0.64178878 0.01629677 -0.32778224
v -0.65451401 0.06067866 -0.30148178
v 0.24153177 -0.10559696 0.18089278
v 0.31365499 -0.14783201 0.13523400
v 0.31951129 0.21811329 0.13287202
v 0.60850739 -0.08291586 0.09956375
v 0.31679201 -0.07745740 0.17500199
v 0.31113201 0.14774200 0.12271400
v 0.49032709 -0.13641842 -0.58585858
v 0.26538691 -0.10911105 0.18524094
v 0.40062737 -0.23462966 -0.48651612
v -0.64896804 0.05687627 0.60225081
v 0.29122233 0.26673827 0.15123166
v 0.31597501 -0.27450699 0.13181099
v -0.19809443 0.25374585 -0.53689623
v 0.23426700 -0.09153240 0.17297900
v 0.59028757 -0.02987710 0.60948378
v 0.64970815 0.07109610 0.54987955
v 0.27287900 0.29961899 0.17526400
v 0.31477109 0.03513917 0.17879342
v 0.32151732 -0.19005005 0.14536840
v 0.29877251 -0.15505464 0.13439991
v 0.32072601 -0.16190700 0.14411300
v 0.30788413 0.26034725 0.18487737
v 0.69074100 0.00573636 0.62415397
v 0.31386799 -0.03523240 0.13531400
v 0.30714303 0.13366656 0.18505049
v 0.64000499 -0.03441222 -0.61626518
v 0.32471511 0.03513407 0.16465765
v 0.31194699 0.21811700 0.12226300
v 0.57772231 -0.10775809 -0.59032077
v 0.67316157 0.04393737 0.50174469
v 0.31432599 -0.20413201 0.13181099
v 0.24684127 -0.09256835 0.15461984
v 0.31238201 0.26034200 0.12202600
v 0.29808360 0.03554169 0.13370174
v 0.27281800 0.27441701 0.17684799
v -0.68073225 0.04354588 0.61166269
v 0.25499529 0.00700936 0.18133146
v 0.30582145 -0.01780469 0.18480238
v 0.29811692 0.26645052 0.13182305
v -0.54109895 0.08048990 0.57449359
v 0.33264264 -0.18380426 -0.56643575
v 0.35381284 0.26250845 0.33347088
v -0.66613394 -0.05149978 -0.42433864
v 0.08893716 -0.12851883 0.49940801
v 0.46393308 -0.19661155 -0.51638800
v 0.31449050 -0.24635883 0.17808095
v 0.32367876 -0.13376039 0.16429882
v 0.24832900 0.02106750 0.16181600
v 0.22076599 -0.19005699 0.16289400
v 0.32381585 -0.10561061 0.16431005
v 0.32144684 -0.17597637 0.14510223
v 0.68493634 0.02562965 0.53463358
v -0.60015351 -0.12638885 -0.56479639
v 0.26219508 -0.28237987 -0.46832162
v 0.31622076 0.24625652 0.18035741
v 0.31698000 0.10551700 0.13181099
v -0.63402784 0.02958317 0.17242913
v 0.02621391 -0.27227008 -0.53297794
v 0.24549165 -0.02114951 0.15801452
v 0.22287452 -0.32041788 0.12844478
v 0.32613227 0.14772519 0.16569097
v -0.63525927 0.03689603 0.61933565
v -0.53069699 -0.19830321 0.40049118
v 0.68071407 -0.02707454 0.60417920
v 0.31871936 0.14773786 0.13339438
v -0.57187706 -0.15369718 -0.53873718
v 0.30736482 0.20404650 0.18513839
v 0.28908512 0.09142107 0.14607032
v -0.67859691 -0.04205969 0.59731686
v 0.59829628 0.12075148 0.29965129
v 0.67515999 0.02913480 0.61976302
v 0.31716800 0.13366701 0.17619000
v 0.26418999 0.27441701 0.17011601
v -0.66065753 0.04051349 0.61989832
v 0.31372899 -0.07745740 0.13529700
v 0.20265131 -0.31065899 0.18457276
v 0.68170869 0.00638769 0.63214862
v 0.33397159 0.29099268 0.16004816
v 0.64400309 -0.00705567 -0.62134618
v 0.31368601 -0.09153240 0.13529100
v 0.32748836 0.24624701 0.16678971
v 0.25456300 -0.21055809 0.18526408
v 0.27281800 -0.30006999 0.19163200
v 0.20630570 -0.30668220 0.16460764
v 0.67977798 0.02008000 0.62421000
v 0.32128647 -0.17598973 0.17088588
v 0.26241300 0.18996701 0.17304200
v 0.65646750 0.05108395 0.59186351
v 0.31466800 -0.21820700 0.13181099
v 0.03376369 -0.22966278 -0.56374586
v 0.20978105 0.32838896 0.08384997
v 0.24834201 0.04921740 0.17299999
v 0.63025761 0.03692808 -0.10048550
v 0.28168747 0.12703909 0.18411240
v 0.46012700 -0.23345326 -0.19917548
v 0.43633950 0.24702810 0.30314845
v 0.30187500 0.02215740 0.13173200
v 0.29669821 -0.22946550 -0.53371435
v 0.34634447 -0.28971371 0.12658201
v 0.59410733 0.11579044 -0.16960578
v 0.56009889 -0.14055787 -0.54774708
v -0.20735693 0.27030808 -0.51414001
v -0.64026278 -0.06460429 -0.05577565
v 0.31759200 0.18996701 0.17691000
v 0.31373599 -0.17598200 0.13518199
v -0.57998091 0.15524557 0.47588122
v -0.53200144 0.20480308 -0.41897106
v 0.31396401 -0.00708249 0.13532400
v 0.23165445 -0.14780529 0.15829261
v 0.29553115 0.30926168 0.09894717
v 0.30534551 0.11958857 0.12285421
v -0.67123556 -0.03521509 -0.47228646
v 0.32188061 -0.06338622 0.14479209
v -0.51308429 0.24007447 -0.18643244
v 0.32603100 0.27441701 0.17119101
v 0.32017007 0.16180809 0.13581079
v -0.65773386 0.06216715 -0.40549651
v -0.58846921 0.04924482 0.60448533
v 0.32446107 0.00698609 0.16433865
v 0.27287900 0.28755701 0.17338499
v 0.60066962 -0.10280376 -0.57532513
v -0.66939378 -0.06252364 0.54879034
v -0.69548303 -0.02316371 0.60937476
v 0.32276645 0.13867033 0.14628211
v -0.63381433 -0.00964138 0.62448823
v 0.63358164 0.00116112 0.62394232
v -0.19028619 0.11058903 0.51816547
v -0.64782304 0.07114463 0.58274579
v 0.25563794 0.02107777 0.18116190
v 0.54694402 0.04377859 0.60599488
v 0.30747926 -0.10560825 0.18431558
v 0.30749941 -0.20413330 0.18414630
v -0.54510456 -0.21083347 -0.20693283
v 0.63952142 0.08996655 0.51259786
v -0.59110039 0.12296132 -0.57357460
v -0.33623537 -0.24805292 0.36952078
v 0.25926664 0.05615490 0.15545908
v -0.62810081 0.07780182 -0.59591436
v -0.52076453 0.21700709 0.37077078
v 0.68188798 -0.00610524 0.62976402
v 0.32210100 0.27907801 0.13877700
v 0.30740651 -0.27449864 0.12340575
v -0.63455361 -0.05595747 0.12979107
v 0.63146973 -0.07181963 -0.58094192
v 0.28689301 -0.29838499 0.19244701
v 0.66664124 0.05649548 0.55566669
v 0.31466952 -0.09153425 0.17841880
v 0.65220016 0.01569118 -0.57594311
v 0.06515030 -0.34004483 -0.14075449
v 0.30800924 0.27426264 0.11987887
v 0.32435858 -0.00708762 0.16433437
v -0.65066230 0.00726243 -0.62289840
v 0.31897977 -0.20413394 0.17278762
v 0.32288206 0.03922890 0.14648284
v 0.61716807 -0.08771010 -0.26925439
v 0.30083296 -0.19126286 0.13082501
v -0.31459385 0.26011291 -0.49718648
v 0.31077501 0.11959200 0.12291800
v -0.66291523 0.02556186 -0.28986531
v -0.54262614 -0.21262419 0.20484836
v 0.28366652 -0.18561238 -0.56699991
v 0.32147399 -0.27450699 0.14490500
v 0.31619078 -0.04000611 -0.59822404
v -0.54165477 0.20935641 -0.32437328
v 0.23493899 -0.04930740 0.17195100
v 0.22024301 -0.23228200 0.17295800
v 0.32586551 -0.28731522 0.17345203
v -0.66550744 -0.05846474 -0.49461442
v -0.50110632 0.24322721 -0.27108100
v 0.23137072 -0.20413168 0.15559740
v -0.47114089 0.24077748 -0.40680647
v 0.31911099 -0.28783199 0.13181099
v 0.66691798 0.03117530 0.62184900
v -0.61952782 0.10254177 -0.56814367
v 0.45634228 0.24049868 0.26524875
v 0.32341415 -0.20412911 0.15195611
v 0.31365299 -0.10560700 0.13528199
v 0.65224057 -0.01876217 -0.54466391
v 0.62823993 0.07273366 -0.37623131
v 0.34608829 0.29035389 0.17873448
v 0.34316102 0.29173601 0.12558591
v 0.55245525 0.16857956 0.40048778
v 0.23439400 -0.07745740 0.16227400
v 0.26094133 -0.31157875 0.13685237
v 0.30394262 0.18996136 0.12294042
v 0.31573501 0.03514250 0.13181099
v -0.58580792 -0.13976793 -0.55361873
v 0.30699295 0.19898628 -0.55700850
v 0.37354738 -0.10075793 0.54502892
v -0.04357570 -0.30038556 -0.49180081
v -0.63995093 -0.05374118 0.22641185
v -0.28362393 -0.25287783 0.36826184
v 0.30849445 -0.21821238 0.12443136
v -0.70497894 -0.00131596 0.60986173
v 0.69654554 0.00700325 0.57739151
v 0.60174316 0.02834303 0.61950177
v 0.28875601 0.28849199 0.18220501
v 0.45697615 0.07990647 0.57504469
v 0.26239201 0.17589200 0.16189900
v 0.23423800 -0.10560700 0.16192400
v 0.11193572 -0.28357238 -0.51419401
v 0.24832900 0.02106750 0.17332500
v 0.25923696 0.09144277 0.15701984
v -0.25160646 0.31669375 0.21848418
v 0.65940404 0.04091910 0.61097574
v -0.64046437 0.08566777 0.56265980
v 0.29393008 -0.24342510 0.18547781
v -0.65418452 -0.05218570 -0.59864610
v 0.30077201 0.30147901 0.11710400
v -0.37558270 0.13831913 -0.59348512
v 0.65246564 -0.01604928 -0.59024429
v -0.21022764 0.29672962 -0.45948407
v 0.64108253 -0.04284923 -0.35352856
v 0.30096838 0.23927279 0.18492296
v 0.31147200 0.17589200 0.12252400
v -0.65234923 0.03788866 -0.60667390
v 0.30115765 -0.29811811 0.19653614
v 0.55900878 0.15468866 0.46030319
v 0.28219187 0.29086137 0.17972358
v 0.45267943 -0.17644271 -0.55564439
v 0.27221763 0.20404917 0.18029644
v 0.30727851 0.21812172 0.18511662
v 0.30481195 0.14773767 0.12283140
v -0.35361806 0.29182354 0.25561228
v 0.30863249 -0.24635571 0.12368672
v 0.28907970 0.07734681 0.14575896
v 0.28110737 -0.04201403 0.18572152
v -0.53845197 0.17713587 -0.51668155
v -0.03381498 0.34096563 0.08553484
v -0.57557714 -0.13829532 0.49547407
v 0.31514961 0.14773485 0.17940636
v -0.29801208 -0.27796674 0.30840528
v 0.32410815 0.28756142 0.13166495
v -0.53084719 -0.18469024 0.43526757
v -0.57416081 0.10551360 -0.58950114
v 0.32288450 0.25723383 0.14389534
v 0.30406001 0.28849199 0.12079500
v 0.22035199 -0.21820700 0.17272800
v -0.58168852 -0.12557572 -0.57426906
v -0.57408971 -0.02558015 0.60592854
v 0.64666158 0.04323249 -0.58022153
v 0.32741499 0.27441701 0.15996100
v 0.13638560 -0.26276436 -0.53276259
v 0.22158401 -0.16190700 0.17078200
v 0.23097937 -0.23228133 0.15470390
v -0.47779986 -0.26699933 -0.14161466
v 0.29765743 -0.27119926 0.18520197
v 0.67554671 0.01991936 0.47135741
v -0.13536301 0.26702178 -0.53220952
v 0.56256586 -0.14953962 -0.10109869
v 0.29369286 0.07383585 0.18569003
v 0.21651800 -0.31250900 0.19108000
v -0.16096723 -0.08469230 0.52284503
v 0.30620795 0.06329329 0.12338104
v -0.60328734 0.12259192 -0.55283946
v 0.31533599 -0.24635699 0.13181099
v -0.67696196 -0.05075766 0.51368427
v 0.61421961 -0.07497832 0.04042846
v 0.32229215 0.00698792 0.14447443
v 0.51621979 -0.12348249 -0.59187514
v -0.58780444 -0.14848316 0.46485487
v 0.16974990 -0.31640562 0.17779979
v 0.32022849 0.17588361 0.13560858
v 0.51998466 0.18380968 0.42818877
v -0.67687052 0.02186122 0.41559997
v 0.61961293 -0.02163397 0.61680716
v 0.63257354 0.04863758 -0.19223063
v 0.31481063 0.04921382 0.17884405
v 0.26310599 0.23219199 0.17201100
v 0.25008771 0.14190304 0.16755445
v -0.54908389 -0.20226796 -0.36058128
v 0.31744999 0.13366701 0.13181099
v 0.32072300 -0.09153240 0.14353400
v 0.62843436 0.09142137 0.35774991
v 0.61661261 0.08004121 -0.06595743
v 0.26050791 0.10553961 0.17992504
v 0.30696031 0.07734950 0.12236607
v 0.29800668 0.23219240 0.13368808
v 0.43858549 0.14650831 -0.58282363
v 0.26256001 0.20404200 0.17279200
v 0.30909660 0.16181935 0.12275916
v 0.29941875 -0.08424612 0.13647823
v 0.24714161 -0.02195553 0.17959507
v 0.31890512 -0.23228401 0.17272292
v 0.30653042 0.13364343 0.12158029
v 0.32561529 0.29263613 0.24818228
v -0.64397120 -0.08351961 -0.56729150
v 0.31377500 -0.06338240 0.13530301
v 0.53070819 0.15921421 -0.52772039
v -0.60473138 0.14191696 0.47612396
v 0.32844752 0.29532367 0.11667968
v 0.32352880 -0.16191033 0.16434950
v 0.30987701 -0.27450699 0.18284000
v 0.28898901 0.31094542 0.11738224
v 0.57047904 -0.02833834 -0.63663185
v 0.35942009 -0.22312488 -0.53486824
v 0.21676353 -0.31680372 0.15000434
v 0.24482262 -0.30805305 0.19136147
v -0.07026370 -0.14750254 0.49221352
v 0.24331042 -0.07742815 0.18118800
v 0.21867444 -0.30263981 0.15619379
v -0.64999318 -0.05062496 0.59806770
v -0.68484306 -0.04248818 0.57584637
v -0.05061192 -0.27295876 -0.53171700
v 0.10463779 0.25949702 -0.53792822
v -0.20338380 0.21704142 -0.56538355
v 0.31673899 0.09144240 0.13181099
v -0.62646717 -0.08197641 -0.59698850
v 0.27281839 0.22496353 0.15695328
v -0.60967290 0.07045338 -0.60771143
v 0.21806677 -0.28857139 0.15726088
v -0.14811955 0.03355993 0.53384608
v -0.62002939 -0.11184031 0.27975845
v 0.31179300 0.20404200 0.12234700
v 0.27148530 0.18997465 0.18055709
v -0.05402846 -0.08315790 0.51838958
v -0.54637975 -0.16672926 0.46113253
v -0.60104632 0.13443358 0.15998346
v 0.69185191 0.02044986 0.56058556
v -0.14070651 0.21853274 -0.57008541
v -0.64627969 0.05245256 -0.05123207
v 0.32163602 -0.14783323 0.14543360
v -0.66626436 -0.03515770 0.61291331
v -0.64628881 -0.03754760 -0.04473210
v 0.24907000 0.09144240 0.17193100
v 0.63447601 0.05404143 -0.30188555
v 0.28974518 0.23939145 0.15145764
v -0.65938604 -0.03227289 -0.26242518
v -0.63426906 -0.09596665 -0.25392419
v 0.28077450 0.25074899 -0.52181911
v -0.12147365 -0.29850385 -0.48591930
v 0.63164699 -0.04973475 -0.14977582
v -0.69045913 0.03841037 0.53249109
v -0.64611793 0.07164049 -0.22367693
v 0.58880085 -0.11605977 0.50660342
v 0.22021399 -0.24635699 0.16187100
v 0.23461600 -0.06338240 0.17240800
v 0.24876100 0.07736740 0.16264500
v 0.49185547 -0.21009128 -0.34486845
v -0.52455056 -0.05486300 -0.62181520
v 0.22119032 -0.28878331 0.18098532
v 0.32417548 -0.03523691 0.16432925
v 0.68403375 -0.01797389 0.62261063
v 0.29353535 0.09526858 0.18566193
v -0.62921989 -0.09436872 -0.58495015
v -0.66185123 -0.02869741 0.32946852
v 0.28762907 0.04916265 0.14495397
v 0.57592082 0.14090785 0.47615960
v 0.05151660 0.19784710 0.44567034
v -0.29428968 -0.25790441 -0.51577812
v 0.22110599 -0.17598200 0.16337100
v 0.49446276 -0.16251133 -0.55470341
v 0.27312839 0.18256013 0.15560965
v 0.58806998 -0.11643714 -0.56374681
v 0.23160891 -0.17597744 0.15674473
v 0.32579270 0.21811460 0.15621252
v 0.60270959 -0.09194487 0.14642400
v 0.62492090 -0.06878798 0.56975251
v 0.32591510 0.13365170 0.16555408
v 0.32579079 -0.04746491 0.56278557
v 0.64809954 -0.01643018 -0.45548436
v 0.26463932 0.26037529 0.16254143
v 0.24411269 -0.12543942 0.15436256
v 0.60522234 0.08951562 -0.58209008
v 0.62394673 -0.08150630 -0.36767560
v 0.51399076 0.12453991 -0.58764184
v -0.00816470 -0.27127379 -0.53395766
v -0.66425109 0.07140774 0.56962818
v 0.62419975 0.07791899 0.27510005
v -0.51555562 0.22182342 -0.38506225
v 0.20750400 -0.28858200 0.16391701
v 0.28142607 -0.01382998 0.18561600
v 0.59035999 0.11621638 0.11005759
v -0.43003985 -0.27601808 0.21891521
v 0.62328106 -0.06704621 -0.60609090
v 0.32374746 -0.11968551 0.16430297
v 0.10483136 -0.31787860 0.22135976
v 0.62853569 0.02120719 -0.62837839
v 0.30725378 0.02106675 0.18457922
v -0.60730618 0.11074979 -0.58082795
v 0.25918570 0.07739635 0.18058231
v -0.54134744 -0.21216796 -0.31963235
v 0.23154834 -0.19005729 0.15617020
v 0.23425201 -0.11968200 0.17330600
v 0.32458499 0.02105939 0.16443828
v -0.65162033 -0.02330360 -0.62566143
v -0.53946459 -0.21907741 0.11934090
v 0.23533800 -0.03523240 0.17135200
v 0.69109273 0.02288057 0.58928698
v 0.67301536 -0.04139617 0.57526886
v -0.51584280 -0.04198518 0.58707613
v 0.63162225 0.05495765 -0.59893286
v 0.26310599 0.23219199 0.16301601
v 0.29058924 0.18992758 0.14837469
v -0.16709106 -0.14118616 0.49878839
v -0.38383907 0.22650179 -0.52213132
v -0.55048633 0.20871292 -0.09913585
v -0.26247036 -0.24291866 -0.54173326
v 0.61685938 -0.05168078 0.16031106
v 0.32206491 -0.00708650 0.14414261
v -0.55914009 -0.19940667 -0.05764633
v -0.66860980 0.04561447 -0.48060149
v 0.57171071 0.12762064 -0.54683274
v -0.60036808 0.15582202 0.41113129
v 0.63179713 0.06963114 -0.44344759
v -0.56623286 0.15863562 -0.52046096
v 0.32025963 0.11958315 0.17406191
v 0.66901678 0.01555207 0.63123429
v -0.62963104 0.04460599 -0.62099195
v 0.39193439 -0.16975361 -0.57322657
v 0.30634296 -0.20232217 -0.55509818
v 0.64544916 -0.02574735 -0.40056050
v -0.66235530 -0.07083943 0.48218516
v -0.56112415 0.13130869 -0.57395655
v 0.32248801 -0.16190700 0.15115000
v -0.66164011 -0.05193840 -0.34607291
v 0.31489164 0.07736340 0.17896041
v -0.29468581 0.22912391 -0.54398584
v -0.55096984 0.05880998 0.59190947
v 0.57809317 0.13207547 0.16724123
v 0.05762658 0.28430504 0.32683194
v -0.41317898 0.28562319 0.22040673
v -0.49737948 0.18269555 -0.53690749
v 0.58549672 0.08670069 -0.60471922
v 0.30033904 -0.02830349 0.13635111
v 0.31682599 -0.04930740 0.17508601
v 0.38236344 0.09421095 0.55862778
v -0.65731418 -0.06543925 -0.57677835
v -0.56800389 0.19463368 0.00094990
v -0.54077989 0.21760866 0.18543005
v 0.30740911 -0.03523360 0.18444414
v 0.58933532 -0.12653257 0.47335950
v 0.48696160 0.19803749 0.42050487
v 0.21570486 -0.30071783 0.18237637
v 0.51901269 -0.05685917 0.58754534
v 0.54185611 0.10197949 -0.60125059
v 0.03275527 -0.30071285 -0.48846862
v 0.41872442 -0.15486804 -0.58024508
v 0.69647801 0.00699249 0.61036098
v 0.32842779 0.29430243 0.18855539
v -0.65672666 0.02567113 0.28883073
v -0.51995331 0.05128386 0.58925539
v -0.67110085 0.00529469 0.37342700
v -0.69474632 0.03740788 0.60785574
v -0.66623086 -0.05348072 -0.45078254
v -0.59867227 -0.04461784 0.59957474
v -0.65159267 -0.00680186 -0.62397712
v 0.31533748 0.29983672 0.19274549
v -0.63541150 0.11523458 0.45795336
v 0.59662938 -0.10013136 0.53212875
v 0.63079840 -0.07555526 -0.51229793
v 0.23513655 -0.16302861 0.18057415
v -0.44436797 0.09639301 -0.60653102
v 0.46879640 0.11813656 -0.59761232
v 0.45905504 -0.02672313 0.58933073
v 0.61913490 -0.06366087 0.22800623
v 0.61433649 -0.08924390 -0.58039784
v 0.60462862 -0.03132600 -0.63741523
v -0.66089666 0.08391588 0.51530874
v 0.30865812 -0.26042521 0.12333584
v -0.64259833 -0.07169872 -0.59357667
v -0.67325348 0.02631042 -0.45562834
v 0.63315928 0.02107118 0.62519538
v -0.69551098 -0.00595220 0.62527698
v 0.19527379 -0.26962560 0.33639768
v -0.69856828 0.00839927 0.54742390
v 0.31276801 -0.19138400 0.13174599
v 0.66057450 -0.05933150 0.49820179
v -0.07823396 -0.30092278 -0.48792937
v 0.28881115 0.06325519 0.14561954
v 0.16494510 -0.11405521 0.51629817
v 0.31846201 0.27441701 0.17822900
v 0.23125917 -0.17592843 0.18023297
v 0.02619951 0.22716181 -0.56548685
v -0.42421716 0.18034177 -0.56008536
v -0.66298676 0.05400482 -0.44535932
v 0.24976601 0.11959200 0.16409300
v -0.66473806 0.03130776 0.34333900
v 0.43850577 0.20528539 0.42427525
v -0.67084396 0.03045916 -0.41836828
v 0.61652225 0.05139215 0.18591490
v -0.66664225 -0.05698879 -0.52259034
v 0.32924202 0.29723144 0.09949615
v -0.66032177 0.08138085 0.47314712
v 0.28329200 -0.24529549 0.13648123
v 0.64216745 -0.07428022 0.42715326
v -0.24706392 0.25979963 0.36888930
v 0.37532490 -0.03170112 0.57431608
v 0.24876100 0.07736740 0.17238000
v 0.25659195 -0.26904324 0.33017567
v 0.22873950 -0.24633099 0.18316121
v -0.02293787 0.22689117 -0.56632364
v -0.33243272 0.00726663 0.54886937
v 0.31368801 -0.16190700 0.13521001
v -0.51280308 -0.23536046 0.17817923
v 0.60860032 -0.09091565 -0.02810334
v -0.70375144 0.02124889 0.60430425
v 0.59087604 0.10949043 -0.55241698
v -0.49751303 0.25543311 -0.11528785
v 0.43866575 0.22406650 0.38599378
v 0.55075860 0.14359909 -0.54116118
v -0.64669251 -0.04247424 -0.61959267
v 0.30425596 0.17588678 0.12286485
v 0.31546700 0.28911099 0.12109100
v 0.34904253 0.28985098 0.14850742
v 0.33700386 -0.29377180 0.09684195
v 0.24636635 -0.04486346 0.18036668
v -0.54570544 0.18450704 0.44151700
v 0.23864079 0.31399935 0.21533610
v 0.48836017 0.14895396 -0.56989735
v 0.29923871 -0.12696718 0.13519177
v -0.11444410 -0.22991490 -0.56516474
v -0.63408411 0.06403375 -0.60624886
v 0.26281500 0.21811700 0.16260900
v 0.25880399 0.14678700 0.17325400
v 0.60323566 -0.08570000 -0.60149407
v 0.21862051 -0.24394123 -0.54120260
v 0.22110599 -0.17598200 0.17153400
v 0.63076836 -0.03706744 0.60682005
v 0.31690601 0.02106750 0.17532399
v 0.66050136 0.07066682 0.51809996
v 0.48310450 -0.03037572 -0.62466586
v -0.64286476 0.03539859 -0.62093526
v -0.60987157 -0.12996107 0.47583175
v 0.32679707 0.18994965 0.16612649
v -0.64336920 0.05367167 -0.00212428
v 0.64768368 -0.03100205 0.34078738
v -0.52294630 -0.19843915 -0.48321092
v -0.66422451 0.02295810 -0.59141546
v 0.64393425 0.08176275 0.43677065
v 0.23561187 -0.00704997 0.16816022
v 0.05740036 0.22872879 0.41375104
v 0.61912709 0.07982298 -0.14920153
v 0.25778815 -0.24370906 -0.53599942
v -0.69722748 -0.02600177 0.58976614
v 0.23065200 -0.13475300 0.17312500
v 0.54905075 0.06802347 0.58752352
v 0.30758426 -0.20414628 0.12514295
v 0.65280306 0.02758884 0.62649083
v 0.08767933 -0.27113426 -0.53011888
v -0.37646931 0.09366901 0.53739440
v 0.19091982 0.28457686 -0.48564863
v -0.63256049 -0.06950929 0.57759851
v 0.67428595 0.05406131 0.53504515
v -0.66815537 0.01134538 -0.37703001
v 0.58814955 -0.12527633 -0.41635373
v 0.31684199 -0.03523240 0.17512700
v -0.66733187 0.04720309 0.39019948
v -0.64461660 -0.05941692 0.27949435
v -0.60646689 -0.01195107 0.61836380
v 0.67716229 0.03643754 0.59117061
v 0.48900664 -0.20438561 -0.44446453
v -0.13480195 -0.27082568 -0.53057379
v -0.67550009 0.01423671 -0.49535832
v 0.62675333 0.08545779 0.31439394
v -0.55634099 0.02641822 0.60463142
v 0.65974188 -0.04204128 0.59632510
v 0.28913045 0.30703157 0.14615491
v -0.11485817 0.22821869 -0.56635165
v 0.62163073 -0.04867039 0.06914645
v -0.58405250 0.16435078 0.11347828
v -0.52109361 -0.16849008 -0.55131596
v -0.68871170 -0.02058967 0.62258619
v 0.38389781 0.01055960 -0.61092937
v 0.28700271 -0.30199793 0.20504528
v 0.61517912 0.07967753 -0.02214479
v 0.29174685 0.30934048 0.13221814
v -0.65943807 -0.07572173 0.52775335
v -0.65579158 0.00940305 -0.18450882
v -0.53867513 -0.21711554 0.16008326
v -0.55042279 0.15341149 -0.55439126
v 0.58529520 -0.12304926 -0.53823322
v -0.34554657 -0.23888163 -0.52469087
v 0.54663634 -0.05416448 0.59072560
v -0.45851070 0.09904804 0.55033803
v -0.69454348 -0.02630169 0.56302577
v -0.59696740 0.15297846 0.45225453
v -0.51148105 -0.18487889 -0.53177208
v 0.55911309 -0.14745627 -0.52218419
v 0.20590299 -0.11594914 0.51981682
v 0.43356758 0.09972471 -0.60401487
v -0.66479886 0.04543012 -0.37511823
v -0.35317481 -0.07516380 0.53336507
v 0.39189541 0.20642747 -0.53972435
v -0.47372589 0.25469822 0.29001391
v -0.51568848 0.16501285 -0.55350262
v 0.24472800 0.00601697 0.16200100
v -0.45725709 0.18469425 -0.55051208
v 0.63202810 0.05624515 0.59662062
v -0.41224506 0.05033978 0.56157416
v -0.47419462 -0.23476692 0.34296498
v -0.63476449 0.05849481 0.13956639
v -0.66817361 0.04544321 -0.50664127
v -0.64556670 0.05202898 0.24856649
v 0.26137426 -0.05955692 0.54932487
v 0.21668443 0.29503369 0.28536862
v -0.38546166 -0.12960915 -0.59790844
v 0.21816714 0.26120439 -0.52261913
v 0.69035178 -0.01376318 0.56157547
v 0.42455390 0.09063591 0.56448174
v -0.62301952 -0.03671939 0.60777915
v 0.64364213 0.02974978 -0.38999525
v -0.46745938 0.25381809 -0.35351697
v -0.24724072 -0.26919013 -0.51101965
v 0.38401204 -0.25056040 0.33762053
v 0.28897226 0.10549527 0.14648519
v 0.59887439 0.12685905 0.47283134
v -0.54673177 -0.19817851 -0.39497161
v -0.23061948 -0.31525198 0.21802220
v 0.25930816 0.07736709 0.15635359
v -0.57109338 -0.17262501 -0.43978313
v 0.29941073 -0.17596324 0.13361792
v -0.64436221 0.01250184 0.62937325
v 0.28343481 0.24577126 0.18197587
v 0.17444293 0.21968378 -0.56155133
v 0.54359007 0.01668015 0.60944360
v 0.21806619 -0.27450946 0.17714228
v 0.34171119 0.02694069 0.57212150
v 0.30954173 -0.28409889 0.27840093
v 0.68371928 0.00901271 0.50633454
v -0.11567254 -0.12942515 0.50407451
v 0.64681989 0.04070579 -0.51540434
v 0.62134087 0.06406085 0.22598708
v -0.08327775 0.27900663 -0.52384895
v 0.26240599 0.16181700 0.16180301
v 0.29499796 -0.09444403 0.18546176
v 0.60219240 0.11186081 0.51541299
v 0.48654485 -0.04727356 0.58839637
v 0.57634062 0.14706095 0.43953857
v 0.20280962 -0.20419872 -0.56508535
v -0.65090799 -0.02020594 0.24856946
v 0.41447827 -0.12613624 -0.59400868
v -0.17797604 -0.26067290 -0.53503573
v 0.14946783 0.29554716 -0.47460562
v 0.22890270 -0.26224667 0.18237551
v -0.60974151 0.09287692 -0.59273124
v -0.24475630 0.26755065 -0.50872743
v 0.23267339 -0.21919572 0.15468839
v 0.28103980 0.01411846 0.18544051
v 0.48364478 0.21745975 0.35757154
v 0.49077046 -0.06918401 0.57603914
v 0.62516218 -0.07743280 -0.31985444
v 0.48179123 -0.09025846 -0.61130059
v -0.59656441 -0.14226085 -0.49706787
v 0.35788918 0.21089689 -0.54537773
v 0.61319548 -0.08522006 0.54999101
v 0.53569669 -0.16514160 0.44102034
v 0.28960371 0.12591770 0.14649621
v 0.30604082 0.22653522 -0.53680176
v -0.13654868 0.32471365 0.17812881
v 0.62782609 -0.06575419 -0.22327091
v 0.12468726 0.06119118 0.52751732
v 0.24692746 -0.04812851 0.15649496
v 0.45307037 -0.08205056 0.56330079
v -0.17867330 0.20227587 -0.57484055
v -0.62457013 -0.10704152 -0.16262037
v 0.03121602 0.28313476 -0.51167148
v 0.27230683 -0.30673915 0.13270248
v -0.63615018 0.08702442 -0.15907913
v 0.62816966 0.03673951 -0.05127496
v 0.63522983 -0.08516659 0.51555252
v 0.23915003 0.30896762 0.18252601
v -0.29361403 -0.32131216 -0.23027563
v 0.61860305 -0.03558699 0.19522500
v 0.60008985 -0.11020571 -0.22782862
v -0.19847788 -0.20769052 -0.57233030
v 0.30677268 0.10549562 0.12190829
v -0.53050381 0.22140907 0.33033350
v 0.32095301 -0.02115750 0.14272299
v 0.52894610 -0.01968365 -0.63219053
v 0.15848568 -0.21432409 -0.56400919
v -0.50209063 0.20070250 -0.49601209
v 0.13980111 0.26359734 -0.53124970
v 0.26635659 -0.22672838 0.40271944
v -0.57737577 -0.02485998 -0.62828857
v 0.48707682 0.21104279 -0.34149915
v -0.55885720 0.19621056 0.37251016
v 0.31782347 0.06328855 0.13421133
v 0.24940000 0.10551700 0.17139800
v -0.64210278 -0.08933465 -0.36716300
v 0.22833182 -0.21819443 0.18047021
v -0.65114868 -0.05352789 -0.16357400
v -0.49891740 0.05267381 -0.61769789
v 0.23656847 0.21176697 0.43391719
v 0.22895119 -0.30164406 -0.41832930
v -0.25514722 0.24745123 -0.53517210
v -0.67424518 -0.03066747 -0.51679313
v 0.45641440 -0.15359220 -0.57755357
v 0.32937101 0.28807801 0.17435700
v -0.63843113 -0.05937020 0.03634228
v -0.64340782 -0.09535879 0.50261897
v -0.58731741 0.14040512 0.49832058
v -0.44389406 -0.07259931 0.55841583
v 0.30753070 -0.28868461 0.12228718
v -0.41505370 0.12687689 -0.59590548
v -0.63705486 0.05842505 0.10377494
v 0.60762894 0.08854652 0.09610790
v 0.68867934 0.00031011 0.53316545
v 0.36401772 0.17971557 -0.56781518
v -0.61680424 -0.11665612 -0.55064058
v 0.28413102 0.27442855 0.18176045
v -0.01883259 0.06729609 0.51984721
v -0.66530567 -0.02338867 -0.59707499
v 0.54648823 -0.11934854 -0.58858204
v 0.23942834 -0.09454963 0.53470659
v -0.56972891 -0.18201739 0.37147650
v 0.67851162 -0.03502577 0.54554373
v 0.59505320 0.11416082 -0.10697954
v -0.56767994 0.19393764 0.05115052
v -0.67832255 0.05662012 0.51035458
v 0.61732823 0.08564004 -0.23411298
v -0.27903271 -0.02500078 -0.61999947
v 0.31040099 0.09144240 0.12313700
v 0.64052010 0.08113921 0.39888427
v 0.56035423 -0.13418989 0.49241069
v -0.44748172 -0.20075540 -0.53684223
v 0.62755513 -0.08795451 0.38444507
v 0.29408848 -0.12368283 0.52241242
v -0.64651376 -0.08119240 0.37360510
v 0.58128518 0.12984526 0.05846447
v 0.29511863 -0.28330195 -0.42349544
v -0.67164469 -0.04197538 -0.57844007
v -0.49011156 -0.20796065 0.40612456
v -0.54096967 -0.07933926 -0.61192805
v 0.25981683 0.01492175 0.15488285
v -0.10131488 0.16846953 0.48159143
v -0.57411641 0.07192987 -0.61083531
v -0.33357596 0.15753403 0.48625755
v -0.46757635 -0.16409920 -0.56577843
v 0.26006204 0.31101158 0.18688682
v 0.20084338 -0.32247868 0.14075550
v 0.62205333 -0.07563084 0.27941850
v 0.31993294 0.07735713 0.13710733
v -0.65579325 0.08445404 0.54765034
v 0.28506869 -0.13346411 0.18564305
v -0.63631028 -0.05772918 0.09692205
v -0.22279964 0.03904851 0.53781706
v -0.52885175 -0.11172032 0.53338259
v -0.69243360 0.00014183 0.51151454
v 0.15197815 0.33546424 -0.09224296
v -0.52341479 -0.02427123 -0.62672222
v 0.29306826 -0.00792059 0.13980998
v -0.16400449 0.22945943 -0.56189716
v -0.33750826 -0.15224530 -0.59014601
v 0.32932299 -0.28640801 0.15996100
v -0.57439274 0.18763761 0.33236000
v -0.42023256 0.09217532 0.54884762
v 0.28151473 0.04225132 0.18515973
v 0.26618928 0.14286789 0.51122117
v -0.09258614 -0.27400577 -0.53051096
v 0.26546130 -0.30432683 0.21928583
v 0.52345407 -0.17901866 -0.47692838
v 0.65979040 -0.03366168 0.41513908
v -0.44337350 0.12459061 0.52722520
v -0.64448380 0.10117608 0.51728976
v 0.63380730 0.04850703 -0.22895734
v 0.10773256 -0.32957101 0.15067735
v 0.11082283 -0.31221274 -0.43395540
v 0.64286679 -0.05501057 0.58405691
v -0.61065954 -0.11236663 -0.57865918
v -0.64447647 -0.09497239 0.45507812
v -0.68734306 -0.02739079 0.51338917
v 0.63861644 -0.04500419 -0.30117926
v 0.52521032 -0.06737266 -0.62209511
v 0.47011140 -0.21529062 0.36367241
v -0.66483128 -0.05900026 0.57634544
v 0.57767600 -0.04835160 0.59612197
v -0.20000252 -0.29253668 0.29242790
v 0.31431857 -0.26162934 -0.47809079
v 0.39380294 0.02064554 0.58192843
v 0.31477094 -0.09772805 -0.59089649
v 0.08407585 0.33285311 0.15945151
v -0.34359351 -0.26743749 -0.47283936
v 0.57397485 0.10791989 0.53894973
v 0.30295366 0.26559034 -0.46957031
v -0.46053827 0.26855767 0.15801020
v 0.26286957 -0.29549861 0.26001573
v 0.66744310 0.04915257 0.57601291
v 0.23369057 -0.00547539 0.55227113
v 0.61784941 0.05049895 0.15403642
v 0.05782124 -0.31505027 -0.43548319
v 0.64545286 -0.07445495 0.46666947
v -0.40405166 0.00157740 0.56626236
v 0.32658520 0.17587362 0.16598248
v 0.62312835 0.04883746 0.03482082
v 0.11730356 -0.24228421 0.39195639
v 0.59366202 0.00943643 -0.63951826
v 0.48618132 0.22163989 0.31179723
v 0.57542461 0.13299276 -0.46930417
v 0.35323948 0.14197740 -0.58401930
v 0.28412652 -0.20787124 0.13754173
v 0.17390120 0.33385837 0.00363726
v -0.54345375 -0.21048327 0.26599878
v 0.64293414 -0.04679462 -0.44260466
v 0.45559087 -0.06240791 0.57783431
v 0.41124526 -0.25956619 0.20296776
v 0.32287899 -0.02115750 0.14976101
v 0.61767858 0.05604848 -0.62122494
v -0.02628549 0.17966524 0.47153327
v 0.10302257 0.27354756 -0.52156413
v 0.30572057 -0.29609564 0.22240029
v 0.51151186 0.02533654 0.60356408
v -0.60485584 -0.13094954 -0.52834892
v 0.20804450 -0.26188517 -0.52446347
v 0.33066615 -0.26425028 0.32624662
v -0.64272451 -0.03887912 0.01118820
v 0.58905417 -0.11201411 0.19440849
v -0.50200248 0.00453273 0.59212273
v 0.43596756 0.25301379 0.04037548
v 0.51001829 -0.19926292 0.27519411
v -0.57528889 0.17234212 0.43230495
v -0.62072641 0.08977558 0.18149771
v -0.66405308 0.00025036 0.63406944
v 0.24595934 -0.20303227 -0.56281728
v -0.45219341 0.00642675 0.57897222
v -0.57810599 -0.17533331 0.28810981
v -0.62777722 -0.06202927 -0.61117178
v -0.24759062 0.14810535 0.49943429
v 0.30818608 0.27440092 0.18467061
v 0.60570419 -0.04079468 0.60358506
v -0.55619597 -0.15781352 -0.55118346
v -0.64718360 0.06917401 -0.55249190
v 0.19228871 -0.31121859 0.17240746
v -0.63999236 0.05646658 0.05366496
v 0.27738690 -0.30620193 -0.31897241
v 0.64556837 -0.04965893 -0.53004700
v 0.13837940 -0.06919145 0.52660382
v -0.57812768 0.14134653 -0.55201852
v 0.65047348 -0.00736635 -0.50699610
v -0.58428818 -0.06649607 0.58080053
v -0.10192529 0.27178273 -0.53073412
v -0.38000414 -0.23330753 0.38964984
v 0.17807028 -0.24859919 -0.54179311
v 0.63419271 -0.05449333 -0.26361701
v 0.53433526 -0.15817527 -0.53567278
v 0.36444846 -0.19735020 -0.55734134
v 0.29777634 -0.08846162 0.54525197
v 0.64285010 0.00721739 -0.62104821
v -0.54480553 -0.14983004 0.48657528
v 0.43734652 -0.03712292 -0.61734974
v 0.60122061 0.10836346 -0.35014325
v 0.65820450 0.07106480 0.49036548
v 0.49809128 0.18054546 -0.51239949
v -0.47026983 -0.26891804 -0.19903399
v -0.50293672 -0.08514445 -0.61218262
v 0.63044488 -0.03588759 -0.09462773
v -0.64555871 0.07987726 -0.35749400
v 0.63029683 0.06998567 -0.54319197
v -0.62334853 -0.03337305 -0.62863863
v 0.27142820 0.31751448 0.02511592
v 0.24582680 -0.06338930 0.15602498
v -0.00890932 -0.22787514 -0.56500852
v 0.29257518 -0.29946867 0.12786616
v -0.15613313 0.30231285 -0.45765492
v -0.62799913 0.12310157 0.40968886
v -0.60163325 -0.10771514 0.53244358
v 0.31163499 0.18996701 0.12243400
v 0.30096799 0.16893981 0.18535049
v -0.64782989 -0.05178388 -0.09339017
v 0.24019480 -0.29955178 0.14904037
v 0.66182673 -0.04424046 0.45586908
v 0.35637921 0.11485663 0.53991270
v 0.56234121 0.00101924 0.61137152
v 0.06873759 0.27036092 -0.53117251
v 0.32535061 0.07390000 -0.59511507
v -0.63421810 -0.09966652 -0.31513739
v 0.48673537 -0.19885881 -0.48382202
v 0.12225977 -0.20821477 0.43674564
v -0.52501816 0.23781289 0.05241376
v -0.54997283 0.15106997 0.49403128
v -0.48516294 -0.06539585 0.56985551
v -0.13163532 0.13323627 0.50517493
v -0.67759621 0.01394283 -0.56516623
v 0.05731392 0.30573031 -0.46177667
v 0.34029797 -0.28589681 0.22522178
v -0.50675374 -0.24771793 0.08772325
v 0.25982791 0.11960294 0.17830032
v 0.29266757 0.27546996 0.32036459
v -0.11471558 -0.03066503 -0.61510819
v -0.25605595 0.33005440 0.08555668
v 0.64792687 -0.05312178 0.38409612
v 0.30096847 0.19372733 0.45322356
v 0.48481771 0.18258007 0.45060691
v -0.40027907 -0.27544108 0.26207623
v -0.64039129 -0.08285524 0.32502720
v -0.51679182 0.23492830 0.28276628
v 0.60506225 -0.10118371 -0.13809940
v 0.30430001 0.26034200 0.12202600
v -0.16965282 -0.01568976 0.53679651
v -0.66552299 0.04307861 -0.56878155
v -0.67020434 -0.01613897 0.62706035
v -0.61088496 -0.09285370 -0.59246361
v -0.63055116 0.10138486 -0.31147537
v -0.67431676 -0.02162217 0.40750733
v 0.28228429 -0.30853003 0.11400948
v -0.62417060 0.01174002 0.62398499
v 0.62151152 -0.07107162 -0.11113864
v -0.05790359 0.27395573 0.35197279
v -0.48824412 0.09409969 -0.60676312
v -0.66457021 0.04119508 -0.33269185
v -0.19162863 -0.32897148 -0.30922148
v 0.62134886 0.03904037 0.61706984
v 0.61888468 0.08757313 -0.46983013
v -0.68801355 -0.03728702 0.54546845
v 0.26889807 0.31430009 0.14083208
v -0.26689398 -0.13671058 0.50395942
v 0.50347090 0.03090595 -0.62706470
v 0.22997071 -0.14127143 0.50512451
v 0.41431612 -0.08680648 0.55844164
v -0.63136029 0.09209444 -0.09648760
v 0.33213016 0.07763346 0.55939972
v 0.52789646 -0.17952633 0.39617985
v 0.36937961 -0.12083243 -0.59182137
v -0.60487944 0.07911167 0.57791084
v -0.68264621 0.03920151 0.47805166
v -0.63310486 -0.00748812 0.16533999
v -0.67572093 -0.04378456 0.47093105
v 0.31299150 -0.15080039 -0.57678926
v 0.63149267 0.03698849 0.25568289
v -0.67577517 0.05439103 0.59485191
v -0.50039834 0.07988721 0.57030404
v 0.59859729 -0.10817759 -0.08280205
v -0.17707731 0.26859275 0.35770407
v 0.62227315 -0.08550773 -0.41798228
v -0.05845933 -0.23004903 -0.56458718
v 0.27129135 0.09913417 0.54169285
v -0.28894508 -0.16822957 -0.58533734
v 0.37857294 0.21706156 0.41449389
v 0.59292567 0.11626657 -0.04336613
v 0.05117766 -0.16823910 0.46807128
v -0.58861762 -0.15254003 0.11273029
v 0.05237187 0.26012218 0.37256712
v 0.60007739 -0.05430165 -0.62868458
v -0.00167247 0.27501935 -0.52787650
v 0.56465417 -0.14551659 0.45672607
v 0.21035281 -0.19464462 0.44886285
v -0.28314027 0.00966443 0.54576242
v -0.22947057 -0.32401282 0.15067142
v -0.04036404 0.12695566 0.50559050
v 0.61504555 0.11176158 0.49300209
v -0.32391819 -0.31814474 -0.16575477
v 0.49931857 0.19126002 -0.47403166
v 0.61878031 0.08529677 -0.30410898
v -0.36239621 0.20871753 -0.54942334
v 0.26254660 -0.29953748 0.14147964
v 0.48499149 -0.19834794 0.40386760
v -0.42736405 -0.11139164 -0.60415304
v 0.02371634 -0.32415065 0.19832940
v 0.35436025 -0.24173032 -0.50945377
v -0.27212167 -0.17625275 0.46908224
v 0.59723055 -0.10721081 0.01348794
v 0.36836353 0.25003979 -0.46958363
v -0.02966315 0.27681717 -0.52616340
v 0.10413261 0.15658745 0.48979902
v 0.32137918 0.21810007 0.17546198
v 0.59810555 -0.10381597 0.06298734
v -0.34518018 -0.19790113 0.44001523
v 0.56152415 0.06279044 -0.62442905
v -0.19827931 -0.02771758 -0.61779875
v 0.63330227 -0.07030369 -0.47668678
v -0.45801419 -0.25676829 0.27850878
v -0.39732754 -0.24651960 -0.48599711
v 0.39093357 0.26778051 0.28531536
v -0.56643665 -0.17607263 0.41292086
v 0.28518531 -0.26039484 -0.50818557
v 0.25793245 0.30836761 0.16996370
v 0.34617364 -0.08167451 0.55446488
v -0.61303711 -0.11538231 0.22775148
v 0.05614715 -0.27553043 0.33508009
v -0.57686907 0.06830954 0.58821934
v -0.17169644 0.26504719 -0.52972651
v -0.01413665 -0.13338619 0.49861565
v -0.47018749 -0.27178112 0.03993732
v -0.34537637 0.21997841 0.41940564
v -0.50951636 -0.24783550 0.02471066
v -0.63406122 -0.09529220 0.53160352
v 0.43698326 0.16019927 0.48693809
v 0.52688807 -0.14291102 -0.56627482
v 0.44091752 -0.24754669 0.01609251
v -0.48261008 0.22098508 0.39452627
v 0.26294526 -0.12282453 0.52170587
v 0.49629354 -0.17918050 0.44265535
v 0.59942043 0.08653813 0.56262732
v 0.65947628 0.04854065 0.42592758
v 0.27441964 0.04526958 0.55734813
v -0.62038809 0.12638600 0.49392307
v -0.62891835 -0.06457929 0.16038305
v -0.47315097 -0.03322425 -0.62553984
v 0.63674527 -0.05358467 -0.60431045
v 0.48525816 0.05758047 0.59100795
v 0.35916126 0.28584671 0.12504698
v -0.67681587 0.03092410 -0.52367520
v -0.61412042 -0.09606245 0.17780994
v 0.30225280 0.30377895 0.20761721
v 0.63117015 0.07054966 -0.50177419
v -0.35313568 -0.20977241 -0.55211556
v -0.64952338 0.02277349 -0.62159383
v -0.65003574 0.04788893 -0.09920603
v 0.43159309 -0.25185600 0.09388147
v 0.08853819 0.33894873 0.06925119
v -0.14612618 0.10260277 0.51868570
v 0.05943352 -0.31660619 0.22793166
v 0.07754804 -0.29207683 -0.50193417
v -0.68306530 0.01968335 0.62996787
v -0.65564460 0.05583232 -0.26284948
v 0.57553512 0.05285268 0.60313743
v -0.51625866 -0.24186774 -0.08567429
v 0.59462643 -0.11804835 -0.35173532
v 0.32347187 -0.21820389 0.15253992
v 0.60469121 0.10441881 -0.41050246
v 0.65796149 -0.05662155 0.56006068
v -0.59563434 -0.15080240 -0.19231577
v -0.42545733 -0.22319853 -0.51475996
v 0.42909929 -0.24782407 -0.34596017
v -0.49193290 -0.24915910 -0.30970013
v 0.04868591 -0.01303805 0.51806122
v -0.46506789 0.20363066 0.43338600
v 0.34826079 -0.29097950 0.02313444
v 0.26950973 0.14775920 0.18136632
v -0.08617667 0.22656055 -0.56712049
v -0.38577816 0.28511497 -0.35012290
v -0.67275834 0.06859943 0.54878116
v 0.24553689 0.32242396 -0.06780223
v -0.00330593 0.30678609 -0.46554366
v -0.15392190 0.32499996 0.21489795
v -0.32375744 0.08072923 -0.60965365
v -0.42032939 0.22503592 -0.50479990
v 0.22884282 -0.31306410 0.14826596
v -0.42529196 0.20287812 -0.53973734
v -0.47642040 0.26264057 -0.22607660
v 0.63624597 -0.05494213 0.31068507
v -0.55990118 0.20049778 0.23937587
v -0.54582542 -0.20576762 0.32349381
v 0.65299070 0.04720996 0.38343874
v -0.32156760 -0.07062270 -0.61455363
v 0.51943821 0.05934588 0.59434223
v -0.36906201 0.12859951 0.51462179
v -0.35149553 0.22904944 -0.53114426
v 0.52662605 0.19184533 0.29591534
v 0.64460236 0.03623396 -0.43367651
v 0.49323148 0.21451986 0.19374187
v 0.11014893 0.20456865 0.44837663
v 0.39490876 0.06033941 0.57532328
v -0.57258224 -0.05732442 -0.62132442
v 0.60464919 0.09162045 0.15331525
v 0.33047986 -0.11201721 0.53380179
v 0.54476982 0.16801265 0.44034597
v -0.06151085 -0.32299197 0.21240224
v -0.33616427 0.09531012 0.52507001
v -0.48727253 0.24040902 0.33074284
v -0.58967161 0.16238278 -0.09622703
v -0.38201910 0.08312664 -0.61020851
v 0.05327002 0.14090161 0.48920965
v 0.58573222 0.13869679 0.37255925
v 0.63258392 0.03756986 -0.15013970
v -0.45856306 0.07695353 0.56429553
v 0.25668073 0.04922696 0.18053877
v 0.17278795 0.31614256 0.22951145
v -0.31188157 0.30914548 0.21498816
v 0.17226538 0.10716360 0.52335143
v 0.53053784 0.18941718 0.34449679
v -0.30407295 0.31392482 0.16906463
v -0.05499938 0.20633568 0.44364911
v 0.49179071 -0.21085465 -0.27408099
v -0.35293487 0.19050169 0.45468655
v 0.11888039 -0.15452197 -0.58630794
v 0.27378467 0.30211583 -0.34225106
v 0.02224475 -0.06581007 0.51492733
v 0.67224097 -0.01093722 0.45522603
v -0.64658523 -0.08345528 -0.41750976
v -0.19915543 0.31354702 0.24391885
v 0.31188357 0.24219981 0.38199747
v 0.21272533 -0.31037202 0.22607149
v -0.39899886 0.29097331 -0.27305487
v 0.58243805 -0.12797430 0.25058097
v -0.40153217 -0.06627829 0.55221391
v 0.30369282 -0.30283985 0.09982920
v -0.10559801 0.33539557 0.15298542
v 0.41546479 -0.25341463 0.28123429
v 0.32635653 0.16179894 0.16583571
v 0.11065236 0.25374788 0.38299257
v 0.04916425 0.04242776 0.51617593
v -0.13409801 0.28114116 -0.51015842
v -0.50329822 0.25354347 -0.05728060
v -0.22126485 0.18966767 -0.57857025
v -0.61693060 0.11639922 0.24369837
v 0.15055887 -0.33304703 -0.22481151
v 0.16558620 -0.30950370 -0.42136890
v -0.55349851 -0.04332398 0.59379238
v -0.28642660 0.24766746 -0.52696347
v 0.62928277 0.06619032 -0.57943040
v 0.47858596 -0.22062084 0.19674729
v 0.56293690 -0.14767163 0.05106001
v -0.34835908 -0.03677016 0.54479492
v -0.16577257 0.16131419 0.48810479
v -0.28241691 0.32767969 -0.09239481
v 0.62964964 0.06879707 -0.33640593
v 0.39028791 0.24022035 0.37067255
v 0.13072120 0.22436248 -0.56301749
v -0.07571682 -0.19511525 0.45048168
v -0.31052023 0.15478025 -0.58888859
v 0.22451580 0.11628924 0.52700961
v 0.25746116 0.19359797 -0.56697363
v -0.41905385 0.29349425 0.07644548
v 0.24276325 -0.26276153 -0.51557779
v 0.10795886 -0.17146650 0.47552621
v 0.20750400 -0.28858200 0.17127600
v -0.05846237 0.32352173 0.22709467
v -0.08635247 0.11211973 0.51333231
v 0.15913957 0.32795823 0.16024931
v 0.30748713 -0.11968317 0.18429048
v 0.58229041 0.10631033 -0.58141869
v -0.54070973 0.20797457 -0.35656404
v -0.20782842 -0.27796966 -0.50708824
v 0.18789090 -0.23500304 0.39707938
v 0.05011573 0.32609636 0.18721680
v 0.04861834 -0.20114370 0.43768656
v -0.34161803 0.15603229 -0.58701062
v -0.45345065 0.27943480 -0.10988722
v 0.19345856 0.30892825 -0.39716271
v -0.02378426 -0.00754187 0.52635944
v 0.62212265 0.07169545 0.57752031
v 0.47331446 0.21308228 -0.42130074
v -0.60589993 -0.12965460 -0.00200214
v 0.57044500 -0.13807455 0.14460301
v 0.37807947 0.27711597 0.24149394
v -0.54010248 -0.00863448 0.60136855
v 0.29069680 0.17587352 0.14673053
v 0.49365214 0.08561628 -0.61325026
v 0.69209528 -0.01531623 0.58575034
v -0.23480026 -0.08484372 0.52612275
v -0.56787068 -0.17904399 -0.40536368
v 0.35232493 -0.21876156 0.40663201
v -0.55074883 0.18000759 -0.47750238
v -0.63277823 0.09510105 0.28591031
v 0.55266017 -0.10704154 0.53226453
v 0.07629500 -0.22742902 -0.56410348
v -0.38862494 -0.22372173 -0.52878451
v 0.40077454 0.26893547 -0.07865626
v 0.60652864 -0.09524763 0.24944010
v -0.23534091 0.32240608 -0.31369016
v 0.62689960 -0.04334956 -0.03266509
v 0.42718777 0.25665513 0.15744390
v -0.05800522 0.27619863 -0.52752036
v -0.53569609 -0.22257079 -0.13542114
v -0.70093513 0.02108044 0.57580328
v -0.60708934 -0.14258076 0.40112340
v 0.37282518 -0.16709648 0.47376907
v 0.38425034 0.10082413 -0.59853947
v 0.05052523 -0.24490327 0.38772935
v 0.35618454 -0.28859216 -0.05268003
v 0.08119429 0.22730537 -0.56489569
v -0.50685263 0.25213408 -0.00342252
v 0.28028503 0.14582179 0.15182406
v 0.29271320 0.30515254 -0.25486505
v 0.62199366 0.02104112 0.09133837
v 0.25902069 0.13367775 0.15897959
v 0.45684847 -0.12792069 -0.59387743
v -0.67825866 -0.02620719 0.43964258
v 0.62646973 0.03451569 -0.00692253
v -0.14411318 -0.11568113 -0.60066140
v -0.51335871 -0.24093732 -0.18084811
v 0.29304704 -0.18991506 0.18551707
v -0.28490233 -0.31936449 0.13539875
v 0.22821744 -0.23225574 0.18175763
v 0.42441258 -0.23092823 0.36336556
v -0.04652077 -0.33919352 -0.24068229
v -0.65892440 0.03653824 -0.23190331
v 0.63753825 -0.05709738 -0.40211722
v 0.60495305 0.09027116 0.18792391
v 0.42790002 0.24995080 -0.28133512
v 0.58848494 0.12218460 -0.28859547
v 0.32340258 -0.23227876 0.15256722
v -0.35335368 0.04841592 0.54461223
v -0.40734577 -0.10010148 0.53679013
v -0.16674766 -0.29109448 -0.49445388
v 0.17454846 0.26113090 -0.52918196
v -0.52280450 -0.21312028 0.35918781
v -0.50107795 0.24376497 0.16776782
v -0.38260010 0.24716905 0.37384430
v -0.00486874 -0.33387861 -0.32293338
v -0.36375844 -0.03038764 -0.62268126
v 0.57243472 0.14445411 0.24806465
v -0.52888840 0.08424870 -0.60864168
v 0.67739177 -0.02931705 0.51944953
v -0.61168772 -0.12289230 -0.05796830
v -0.33109692 -0.12730449 0.50387490
v 0.27281800 -0.30464599 0.20218600
v -0.63422656 0.09865379 0.54303777
v -0.24329604 0.18792894 0.46360692
v -0.58025330 -0.17121498 -0.12235864
v 0.41853333 -0.05398878 0.57616299
v 0.05124968 -0.33343536 0.14166942
v -0.47205877 -0.26109388 0.20552015
v 0.00515705 0.07572172 -0.60207659
v 0.04493219 -0.13425995 0.49047682
v 0.06061296 0.33975282 -0.15414250
v -0.39832824 -0.21123624 0.42109790
v 0.51256740 -0.19586751 -0.15220153
v -0.13424022 -0.17564057 0.47012022
v 0.53192413 0.17410517 -0.39776158
v -0.23926139 0.30732691 -0.40082148
v 0.09731864 0.08382670 -0.59872967
v 0.61683923 0.08507128 -0.19266589
v 0.05068595 -0.05017587 -0.60776794
v 0.64640963 0.04761986 0.34359249
v -0.13079289 -0.32404506 0.19820005
v -0.62313783 0.10425550 -0.03492335
v -0.53065890 0.10536870 0.54958540
v -0.15757854 0.33398002 0.14991453
v -0.31480190 0.28088188 0.30883697
v 0.49735254 0.21011885 -0.05229809
v -0.52072626 0.14359553 -0.57172215
v 0.20607986 0.05576549 0.54326481
v 0.45721063 0.20667474 -0.49245596
v 0.31565300 -0.26043200 0.13181099
v 0.45956266 0.17337190 -0.55158055
v -0.44608870 0.26870123 0.26343265
v 0.05419852 0.10129897 0.50542152
v 0.60428065 -0.10810179 0.30869028
v 0.43326116 -0.20446658 0.41694283
v -0.00138435 0.32848695 -0.35346276
v -0.50524825 -0.24003774 0.24329546
v -0.04331260 -0.26442963 0.36038008
v 0.24080844 -0.32154393 -0.00792532
v -0.64669758 -0.07910201 0.55198848
v -0.54335600 0.21636781 0.14822853
v 0.25257841 0.25679046 -0.52055299
v 0.16159883 0.32554778 -0.29998776
v 0.35014391 -0.28980955 -0.24062952
v 0.23028180 -0.19001634 0.18069313
v 0.44673839 -0.24262749 -0.12394223
v -0.57140064 0.17706218 0.17617010
v -0.10370337 -0.03303172 0.53014797
v -0.55126387 -0.20986512 0.00876340
v 0.25854117 -0.00987373 -0.60360539
v -0.28266773 0.10928559 0.52226102
v -0.50342774 0.21751778 -0.43894327
v -0.20436424 0.32367241 0.20178731
v 0.42779052 -0.20811807 -0.52118051
v 0.24749225 -0.00701742 0.17899597
v -0.14336224 -0.31546432 -0.42507926
v -0.55010629 0.20715341 -0.15526818
v 0.63910282 0.01811743 -0.27069849
v 0.41559938 0.22713438 -0.48358288
v -0.22823292 0.32947180 -0.22797233
v -0.23810093 -0.22732340 0.40967634
v 0.00498701 -0.26563665 0.35892540
v -0.17174061 -0.31785154 0.22268960
v 0.05216442 0.32150945 0.22531520
v -0.58283728 0.15211314 -0.47344768
v -0.53981215 0.21391726 -0.26780820
v 0.08842229 -0.33873171 -0.03972979
v 0.64751196 -0.04659171 -0.56424820
v -0.41801232 -0.13386995 0.50997013
v 0.55652672 0.02429177 -0.63532019
v -0.63955671 -0.06110753 -0.01117339
v 0.24281992 0.26180297 0.35625488
v 0.17362168 -0.28269145 -0.49922478
v 0.54153305 0.15132146 0.48281369
v 0.09029238 0.16376536 -0.58563453
v 0.38486490 -0.06135190 -0.60617256
v 0.45489013 -0.23810713 0.14569320
v -0.31648001 -0.32027274 -0.09515952
v -0.54119003 -0.18180393 -0.50654131
v 0.54754716 -0.09802651 -0.60581195
v -0.21917373 -0.33229950 -0.05520713
v -0.49595505 -0.17845915 0.45569405
v 0.50631618 0.20152818 -0.12322929
v -0.34190977 -0.28931478 -0.40245482
v -0.15589301 -0.22683679 0.41137359
v 0.54637975 0.16741319 -0.01570424
v 0.50425929 -0.20110016 0.34499213
v -0.67737091 -0.01391570 -0.56612873
f 965 779 1486
f 779 1426 1486
f 1426 779 1529
f 913 779 965
f 913 1529 779
f 1529 913 792
f 1529 792 1370
f 792 616 1547
f 792 913 616
f 616 913 965
f 605 1796 1370
f 1337 1796 605
f 1858 1796 1337
f 1858 1406 1796
f 1592 1406 1858
f 997 1592 1858
f 54 997 1108
f 54 1592 997
f 859 54 59
f 859 1738 54
f 54 1108 59
f 290 54 1738
f 290 1055 54
f 1382 290 1738
f 1382 1738 1917
f 117 1382 1917
f 1917 1738 859
f 1912 117 1917
f 1912 1917 1127
f 1850 1912 1127
f 1961 1850 1127
f 1448 1429 934
f 2000 1429 1448
f 1448 934 1154
f 1429 1228 934
f 1429 1112 1228
f 1429 1173 1112
f 1013 1187 1071
f 1013 1154 1187
f 1187 1154 934
f 934 1543 1187
f 934 1228 1543
f 566 1013 1071
f 1187 1034 1071
f 1187 1543 1034
f 1543 1228 1575
f 1112 1575 1228
f 1173 1575 1112
f 1173 695 1575
f 1486 566 1071
f 1618 1071 1034
f 1071 1618 1486
f 657 1543 1575
f 1618 1034 1543
f 1543 657 1618
f 1575 1401 657
f 695 1401 1575
f 1618 965 1486
f 657 1770 1618
f 657 1401 1770
f 1618 1450 965
f 1618 1770 1450
f 539 1448 1154
f 838 894 4
f 1171 838 4
f 1413 539 1208
f 1413 1208 894
f 838 1413 894
f 2000 1448 539
f 314 2000 539
f 1413 314 539
f 1280 1413 838
f 539 1154 1013
f 1208 539 1013
f 1426 1013 566
f 1426 1208 1013
f 894 1426 1529
f 894 1208 1426
f 4 1529 1370
f 4 894 1529
f 1426 566 1486
f 769 838 1171
f 1142 1271 78
f 1206 838 769
f 1206 1188 838
f 1271 769 78
f 1271 1206 769
f 769 4 1796
f 769 1171 4
f 78 769 1796
f 1142 78 1406
f 1406 78 1796
f 1796 4 1370
f 138 1054 257
f 1054 221 257
f 885 221 1054
f 1592 1142 1406
f 1592 221 1142
f 257 221 1592
f 257 1592 1055
f 138 257 1055
f 1055 1592 54
f 554 1054 138
f 1295 554 1408
f 1295 1054 554
f 62 1295 1408
f 138 1055 290
f 1408 290 1382
f 554 138 290
f 1408 554 290
f 62 1408 1382
f 62 1382 117
f 1983 1050 829
f 1050 1585 829
f 1532 1050 1983
f 829 117 1912
f 1983 1912 1850
f 1983 829 1912
f 117 1585 62
f 829 1585 117
f 1741 59 1108
f 59 1741 135
f 1741 1108 368
f 111 135 1741
f 86 1741 368
f 111 1741 86
f 1888 859 135
f 972 1871 1888
f 972 1888 1570
f 135 111 1570
f 1570 1888 135
f 1733 1871 972
f 247 1733 972
f 131 1733 247
f 37 131 247
f 1450 1288 616
f 1450 1571 1288
f 1571 1455 1288
f 1571 432 1455
f 613 792 1547
f 1991 792 613
f 1991 1370 792
f 1991 605 1370
f 1254 605 1991
f 1337 605 1254
f 1304 613 1288
f 1991 613 1304
f 1288 613 1547
f 1288 1547 616
f 1254 1991 1304
f 1304 615 1254
f 225 1254 615
f 199 1254 225
f 615 1288 1455
f 615 1304 1288
f 199 225 664
f 225 615 1442
f 615 1455 1442
f 997 1858 1334
f 1337 199 1334
f 1334 1858 1337
f 199 1337 1254
f 368 997 1334
f 1108 997 368
f 1334 199 664
f 368 1334 664
f 135 859 59
f 1871 1917 859
f 1871 859 1888
f 1127 1917 1871
f 1127 1871 1733
f 1127 1733 131
f 131 1961 1127
f 965 1450 616
f 1450 1770 1066
f 1401 1066 1770
f 1401 1467 1066
f 1066 1571 1450
f 1066 1714 1571
f 1467 1714 1066
f 1571 1714 432
f 1688 225 1739
f 1688 664 225
f 1688 1739 1864
f 1864 1299 1688
f 1499 1688 1299
f 86 368 61
f 61 368 664
f 61 664 1688
f 86 61 1996
f 43 86 1996
f 1499 61 1688
f 1996 61 1499
f 111 86 306
f 306 86 43
f 214 972 1570
f 214 247 972
f 1570 111 306
f 214 1570 306
f 1667 214 306
f 214 1667 1990
f 50 37 247
f 50 247 214
f 50 214 1990
f 432 1673 1455
f 372 1673 1323
f 372 1455 1673
f 1470 372 1323
f 372 1470 1722
f 1739 225 1442
f 1455 372 1442
f 1739 1442 372
f 1864 1739 372
f 1722 1864 372
f 1864 1722 1299
f 1714 160 432
f 160 1673 432
f 160 1908 1673
f 1673 1908 1323
f 1908 1761 1323
f 1323 1761 1470
f 1499 1299 1076
f 1076 1299 7
f 279 1499 1076
f 1124 1076 7
f 1330 279 1076
f 1330 1076 1124
f 1840 279 1330
f 181 279 1840
f 1124 147 1330
f 1996 1499 279
f 202 43 1996
f 202 1996 279
f 181 202 279
f 1389 306 43
f 1389 43 9
f 43 202 9
f 1667 306 1389
f 253 1667 1389
f 253 1990 1667
f 1993 1990 253
f 271 50 1990
f 1993 271 1990
f 1470 1653 1722
f 158 1653 101
f 1722 7 1299
f 7 1722 1653
f 158 7 1653
f 7 158 1124
f 158 147 1124
f 1908 1438 1761
f 1761 1653 1470
f 1761 101 1653
f 1438 101 1761
f 1438 1685 101
f 1840 1330 147
f 1840 1902 181
f 147 1359 1840
f 147 1392 1359
f 1902 1840 1359
f 1392 57 1359
f 1279 1902 1359
f 1279 1359 57
f 1057 1968 1902
f 1057 1902 1279
f 1279 57 1238
f 1627 202 181
f 1627 181 1968
f 1968 181 1902
f 124 1627 1968
f 133 9 1627
f 133 1389 9
f 1627 9 202
f 133 1627 124
f 253 1389 133
f 44 1993 253
f 1887 158 101
f 158 1887 1392
f 1887 57 1392
f 1887 1238 57
f 158 1392 147
f 1685 1887 101
f 1685 1605 1887
f 253 133 1893
f 282 253 1893
f 44 253 282
f 1057 1279 1476
f 1238 1476 1279
f 1195 1057 1476
f 1476 1238 1651
f 1195 1476 1030
f 1476 1651 1030
f 916 1195 1030
f 720 1030 1093
f 720 916 1030
f 1093 1651 1578
f 1093 1030 1651
f 124 1968 300
f 1195 1968 1057
f 300 1968 1195
f 1907 124 300
f 300 1195 916
f 300 916 720
f 1893 133 124
f 1893 124 1907
f 1887 219 1238
f 1238 219 1651
f 219 1578 1651
f 219 34 1578
f 1605 219 1887
f 1605 153 219
f 1192 1488 1630
f 1192 1465 1488
f 1192 1630 1302
f 1488 1643 983
f 1630 1488 983
f 360 1885 1643
f 1488 360 1643
f 360 208 1885
f 1465 360 1488
f 646 1192 1302
f 646 1302 1261
f 596 646 1261
f 920 1261 849
f 920 596 1261
f 1190 849 1289
f 1190 920 849
f 1029 1302 1630
f 1029 1261 1302
f 795 1261 1029
f 547 1261 795
f 547 849 1261
f 1289 849 547
f 620 1190 1289
f 620 455 1190
f 348 1850 1961
f 348 1961 116
f 1657 348 116
f 389 1719 1657
f 1694 1719 389
f 389 1657 262
f 204 389 262
f 204 1694 389
f 287 1611 1039
f 1039 1694 204
f 1039 204 1542
f 287 1542 174
f 287 1039 1542
f 178 1873 987
f 287 174 1432
f 1432 1873 287
f 1690 1873 1432
f 443 1873 1690
f 443 987 1873
f 987 1250 178
f 423 710 1250
f 1582 710 423
f 956 1250 987
f 956 423 1250
f 1532 1983 1416
f 466 1532 1416
f 1850 1416 1983
f 1416 1850 348
f 466 1416 348
f 1462 466 348
f 1462 348 1657
f 30 677 917
f 1642 1462 869
f 30 1642 677
f 917 1719 1694
f 677 1713 1719
f 917 677 1719
f 677 869 1713
f 1642 869 677
f 869 1462 1657
f 869 1657 1719
f 1713 869 1719
f 1072 1275 1611
f 1072 276 1275
f 1357 917 1275
f 1275 276 1357
f 1357 30 917
f 1611 1275 1039
f 1275 1694 1039
f 1275 917 1694
f 1620 107 307
f 1885 1620 307
f 1169 1072 107
f 1620 1169 107
f 107 1611 1445
f 107 1072 1611
f 307 107 1445
f 307 1445 178
f 1487 307 178
f 1445 1611 287
f 1445 287 1873
f 178 1445 1873
f 983 1139 1294
f 1643 1885 307
f 983 1643 1139
f 848 983 1294
f 848 1630 983
f 1294 1139 1417
f 1139 307 1487
f 1139 1643 307
f 848 1294 1952
f 1417 1139 1487
f 1702 1294 1417
f 1952 1294 1702
f 1487 178 1250
f 710 1487 1250
f 710 1417 1487
f 1702 1417 710
f 494 1952 1702
f 1582 1702 710
f 494 1702 1582
f 51 494 1582
f 1492 1630 848
f 1492 1029 1630
f 795 1029 1492
f 1049 547 795
f 1617 547 1049
f 1617 1289 547
f 1617 620 1289
f 1539 620 1617
f 1492 848 1952
f 1028 795 1492
f 1028 1049 795
f 63 1617 1049
f 1539 1617 63
f 1269 1492 1952
f 1028 1492 1269
f 63 1049 1028
f 851 1539 63
f 1269 1952 494
f 1327 1028 1269
f 1327 63 1028
f 851 63 1327
f 1172 1327 1269
f 1276 851 1327
f 1556 1269 494
f 1172 1269 1556
f 1276 1327 1172
f 966 1276 1172
f 592 1276 966
f 51 1556 494
f 1815 1172 1556
f 966 1172 1815
f 1701 1961 131
f 1602 116 1701
f 1701 131 37
f 1699 1602 1701
f 1699 1701 37
f 129 1602 1699
f 1221 1296 1113
f 1949 886 1221
f 342 1113 1602
f 342 1221 1113
f 342 1602 129
f 1920 1221 342
f 1920 1949 1221
f 342 129 172
f 1920 342 229
f 242 1519 1949
f 242 1949 1687
f 1317 242 1687
f 1687 1949 1920
f 1113 1657 116
f 116 1961 1701
f 1113 116 1602
f 1296 1657 1113
f 1296 262 1657
f 262 1296 886
f 886 204 262
f 886 1296 1221
f 204 886 1519
f 1519 1542 204
f 1542 1519 1759
f 1759 174 1542
f 1519 886 1949
f 242 1759 1519
f 1432 174 1759
f 1904 1432 1759
f 789 1432 1904
f 789 1690 1432
f 960 1690 789
f 960 443 1690
f 1904 1759 242
f 1904 242 1317
f 1449 789 1904
f 1449 960 789
f 1994 960 1449
f 1449 1904 1317
f 1994 1449 248
f 404 1449 1317
f 248 1449 404
f 1043 987 443
f 1565 987 1043
f 1565 956 987
f 1464 423 956
f 1043 443 960
f 1464 956 1565
f 1994 1043 960
f 1565 1043 1994
f 71 1565 1994
f 71 1464 1565
f 187 1464 71
f 1464 1582 423
f 51 1582 1464
f 89 51 1464
f 187 89 1464
f 1597 89 187
f 1419 1597 187
f 1815 1556 51
f 1853 592 966
f 1853 966 1815
f 1117 51 89
f 1117 1815 51
f 1853 1815 1117
f 1534 1853 1117
f 1597 1117 89
f 365 1117 1597
f 1534 1117 365
f 1541 1534 365
f 365 1597 1419
f 26 129 1699
f 172 129 26
f 26 37 50
f 26 1699 37
f 270 26 50
f 333 26 270
f 333 172 26
f 229 342 172
f 1100 1920 229
f 1 1100 229
f 333 229 172
f 1 229 333
f 1100 1687 1920
f 1610 1687 1100
f 217 1317 1687
f 217 1687 1610
f 1610 1100 1
f 35 217 1610
f 237 1610 1
f 35 1610 237
f 404 1317 217
f 1558 404 217
f 1558 217 35
f 862 1558 35
f 260 1558 862
f 196 248 404
f 1924 196 404
f 1924 404 1558
f 1683 1924 1558
f 1683 1558 260
f 196 1994 248
f 196 71 1994
f 187 71 1981
f 1981 71 196
f 102 196 85
f 102 1981 196
f 102 1901 1981
f 1683 196 1924
f 85 196 1683
f 12 102 85
f 1913 102 12
f 1901 187 1981
f 1419 187 1901
f 1802 1419 1901
f 110 1419 1802
f 1509 110 1802
f 1309 1901 102
f 1309 1802 1901
f 1820 1802 1309
f 332 1802 1820
f 332 1509 1802
f 1309 102 159
f 159 102 1913
f 1219 332 1820
f 110 365 1419
f 1541 365 110
f 1509 1541 110
f 271 270 50
f 1890 333 270
f 270 271 227
f 1890 270 227
f 227 271 1993
f 1664 1890 227
f 68 1 333
f 68 333 1890
f 366 68 1335
f 1664 68 1890
f 1335 68 1664
f 958 35 237
f 237 1 68
f 366 237 68
f 958 237 366
f 1494 958 366
f 325 958 1494
f 862 35 958
f 918 862 958
f 260 862 918
f 1973 260 918
f 325 918 958
f 1973 918 325
f 1676 1683 260
f 1676 260 1973
f 543 1676 1973
f 1676 85 1683
f 12 85 1676
f 1632 12 1676
f 1632 1913 12
f 2 1913 1632
f 122 1676 543
f 122 1632 1676
f 2 159 1913
f 2 1309 159
f 39 1309 2
f 39 1820 1309
f 1219 1820 39
f 1663 1219 39
f 1857 2 1632
f 1857 39 2
f 329 1663 39
f 329 39 1857
f 1857 1632 122
f 699 1664 227
f 74 699 227
f 44 227 1993
f 74 227 44
f 699 1335 1664
f 1975 1335 699
f 1975 699 1933
f 600 699 74
f 1933 699 600
f 1494 366 1335
f 1494 1335 1975
f 311 1494 1975
f 245 1494 311
f 311 1975 1933
f 275 245 311
f 1997 1973 325
f 245 325 1494
f 1997 325 245
f 275 1997 245
f 543 1973 1997
f 1926 543 1997
f 1121 122 543
f 1121 543 1926
f 1347 1121 1926
f 979 1857 122
f 1615 1857 979
f 1615 329 1857
f 979 122 1121
f 1347 979 1121
f 1960 1615 979
f 96 74 44
f 1774 1933 600
f 600 74 96
f 434 600 96
f 434 1774 600
f 1674 1774 434
f 311 1933 1774
f 165 311 1774
f 1950 311 165
f 1950 275 311
f 165 1774 1674
f 1974 1950 165
f 1826 1997 275
f 1826 275 1950
f 1826 1926 1997
f 52 1826 1950
f 52 1950 1974
f 1025 1926 1826
f 1025 1347 1926
f 1025 1826 52
f 1698 1025 52
f 1698 1042 1025
f 1960 979 1347
f 1042 1960 1347
f 1042 1347 1025
f 1847 1960 1042
f 1847 289 1960
f 1794 1042 1698
f 1794 1847 1042
f 314 1599 2000
f 656 1599 314
f 1718 656 314
f 1599 1429 2000
f 1599 1255 1429
f 1616 1255 1599
f 1255 1173 1429
f 1255 878 1173
f 1255 1723 878
f 942 1723 1255
f 631 942 1255
f 1616 631 1255
f 11 631 1616
f 942 1249 1723
f 622 1135 1249
f 942 622 1249
f 631 622 942
f 1239 622 631
f 11 1239 631
f 378 1239 11
f 378 864 1239
f 878 695 1173
f 1723 695 878
f 1249 695 1723
f 1249 1135 695
f 1239 1135 622
f 617 864 378
f 1135 215 695
f 1239 215 1135
f 1239 1036 215
f 864 1036 1239
f 864 1362 1036
f 617 1362 864
f 617 1106 1362
f 900 1106 617
f 215 1401 695
f 1036 1453 215
f 1362 1453 1036
f 1362 961 1453
f 1106 961 1362
f 215 429 1401
f 1453 429 215
f 1280 314 1413
f 1188 1280 838
f 1718 314 1280
f 656 1616 1599
f 1319 1718 1280
f 1128 1319 1280
f 1128 1280 1188
f 1202 1128 1188
f 656 1548 1616
f 1718 1548 656
f 1718 1319 1548
f 1548 11 1616
f 1548 378 11
f 900 378 1548
f 900 617 378
f 1128 1548 1319
f 981 900 1548
f 168 981 1548
f 168 1548 1128
f 1977 1128 1202
f 1977 168 1128
f 1308 1206 1271
f 1626 1308 1271
f 1202 1188 1206
f 1308 843 1206
f 1206 843 1202
f 1573 1308 1626
f 1573 843 1308
f 843 1977 1202
f 1626 1271 1142
f 885 1142 221
f 885 1626 1142
f 1894 885 1054
f 1894 1731 885
f 726 1626 885
f 1731 726 885
f 1060 1731 1894
f 726 1573 1626
f 1619 1573 726
f 65 726 1731
f 65 1619 726
f 65 1731 1060
f 1894 1054 1295
f 490 1295 62
f 1724 490 62
f 170 1894 1295
f 490 170 1295
f 170 1060 1894
f 1385 170 490
f 1636 490 1724
f 1636 1385 490
f 1385 1060 170
f 356 65 1060
f 356 1060 1385
f 1724 62 1585
f 1724 1585 1050
f 1047 1724 1050
f 1252 1050 1532
f 1252 1047 1050
f 1047 1636 1724
f 1047 1934 1636
f 1252 1934 1047
f 1106 861 961
f 861 1140 961
f 981 1106 900
f 981 861 1106
f 981 1554 861
f 168 1554 981
f 1554 1140 861
f 168 1132 1554
f 1977 1132 168
f 1573 1977 843
f 1573 632 1977
f 218 632 1573
f 218 1573 1619
f 632 1860 1977
f 890 218 1619
f 65 890 1619
f 65 1978 890
f 356 1978 65
f 356 143 1978
f 890 1839 218
f 1385 209 356
f 1636 209 1385
f 209 143 356
f 209 1969 143
f 1777 1969 209
f 1123 1969 1777
f 1777 209 1636
f 1934 1777 1636
f 105 1777 1934
f 108 105 1934
f 108 1155 105
f 105 1123 1777
f 429 1467 1401
f 1453 1910 429
f 961 1910 1453
f 429 1409 1467
f 1910 1409 429
f 1910 1625 1409
f 1409 1714 1467
f 1409 191 1714
f 1625 191 1409
f 1625 1179 191
f 1140 1910 961
f 1140 1939 1910
f 1297 1939 1140
f 1939 1625 1910
f 1939 717 1625
f 1939 309 717
f 1312 309 1939
f 717 1179 1625
f 1554 1297 1140
f 1132 1297 1554
f 1977 1860 1132
f 1860 954 1132
f 1132 954 1297
f 1297 1312 1939
f 954 1312 1297
f 954 1149 1312
f 1860 1398 954
f 42 1398 1860
f 954 1398 1149
f 42 1964 1398
f 1149 309 1312
f 1964 556 1398
f 1149 1314 309
f 1149 345 1314
f 1398 345 1149
f 556 345 1398
f 632 42 1860
f 632 833 42
f 218 833 632
f 218 1096 833
f 1839 1096 218
f 833 1964 42
f 1096 1964 833
f 123 890 1978
f 143 192 1978
f 1969 840 143
f 105 1810 1123
f 1155 1810 105
f 1155 1879 1810
f 1839 1329 1096
f 1096 897 1964
f 1329 897 1096
f 1964 897 556
f 123 1839 890
f 1978 895 123
f 192 895 1978
f 123 1329 1839
f 895 1329 123
f 192 1756 895
f 895 286 1329
f 895 1756 286
f 840 192 143
f 1969 1225 840
f 1123 1225 1969
f 1225 171 840
f 840 1756 192
f 171 1756 840
f 1845 171 1225
f 1123 1810 1225
f 1845 1225 1810
f 1810 241 1845
f 1879 241 1810
f 1879 154 241
f 191 160 1714
f 1179 1778 191
f 1421 1778 1179
f 191 1908 160
f 191 1778 1908
f 1778 1752 1908
f 309 1201 717
f 717 1421 1179
f 717 1201 1421
f 1201 936 1421
f 1421 936 1778
f 1201 1670 936
f 1670 1844 936
f 936 1752 1778
f 309 1314 1201
f 345 1755 1314
f 556 1753 345
f 1314 1755 1201
f 345 1753 1755
f 1755 413 1201
f 1753 413 1755
f 1753 1122 413
f 413 1670 1201
f 1122 1670 413
f 1122 1764 1670
f 556 73 1753
f 711 1122 1753
f 73 711 1753
f 711 1764 1122
f 897 73 556
f 1329 73 897
f 1329 1747 73
f 1747 283 73
f 73 184 711
f 73 283 184
f 1756 1800 286
f 286 1747 1329
f 1800 1747 286
f 1800 312 1747
f 323 312 1800
f 171 323 1756
f 323 1800 1756
f 171 246 323
f 1845 246 171
f 241 246 1845
f 154 233 241
f 241 1822 246
f 241 233 1822
f 1908 1752 1438
f 1752 151 1438
f 151 1685 1438
f 936 1844 1752
f 1844 1827 1752
f 1844 13 1827
f 1827 151 1752
f 1827 15 151
f 13 15 1827
f 667 15 13
f 667 1811 15
f 1764 683 1670
f 1670 13 1844
f 1670 683 13
f 683 1144 13
f 1144 667 13
f 711 683 1764
f 711 883 683
f 711 184 883
f 683 1816 1144
f 883 1816 683
f 184 76 883
f 883 76 1816
f 1412 667 1144
f 1816 1412 1144
f 1816 1363 1412
f 76 1363 1816
f 1412 183 667
f 1363 183 1412
f 76 938 1363
f 283 1928 184
f 312 1928 283
f 312 1867 1928
f 184 1928 76
f 1928 938 76
f 1747 312 283
f 323 330 312
f 330 1972 312
f 312 1972 1867
f 246 330 323
f 246 1822 330
f 1822 226 330
f 330 226 1972
f 233 483 1822
f 483 175 1822
f 151 559 1685
f 1685 359 1605
f 559 359 1685
f 45 359 559
f 15 559 151
f 15 1811 559
f 667 1032 1811
f 1032 1381 1811
f 1811 1381 559
f 1381 45 559
f 1469 1046 1381
f 1381 1046 45
f 1032 1469 1381
f 183 1032 667
f 1363 828 183
f 1363 938 828
f 183 739 1032
f 828 739 183
f 828 1697 739
f 938 118 828
f 739 1469 1032
f 828 118 1697
f 938 1580 118
f 1697 1469 739
f 1697 975 1469
f 118 975 1697
f 118 1809 975
f 1580 1809 118
f 1469 1285 1046
f 975 1285 1469
f 1580 255 1809
f 1867 3 1928
f 1928 1580 938
f 1928 3 1580
f 3 255 1580
f 1972 3 1867
f 1972 250 3
f 226 213 1972
f 1972 213 250
f 175 226 1822
f 175 193 226
f 193 213 226
f 359 153 1605
f 359 1921 153
f 29 1921 359
f 1921 112 153
f 1046 1285 45
f 45 1746 29
f 1285 1746 45
f 45 29 359
f 1746 495 29
f 495 1218 29
f 29 367 1921
f 1218 367 29
f 975 1557 1285
f 1809 1557 975
f 1557 1746 1285
f 1809 1350 1557
f 255 1350 1809
f 1557 1350 1746
f 255 341 1350
f 1350 495 1746
f 1350 1870 495
f 1350 341 1870
f 1870 1218 495
f 1870 1679 1218
f 341 1679 1870
f 341 1750 1679
f 1679 1660 1218
f 1750 1660 1679
f 3 395 255
f 255 1948 341
f 395 1948 255
f 1948 1750 341
f 3 250 395
f 395 104 1948
f 250 104 395
f 213 104 250
f 213 1923 104
f 193 326 213
f 955 326 193
f 213 326 1923
f 991 1620 1885
f 208 991 1885
f 303 991 208
f 1059 83 1465
f 1192 1059 1465
f 518 1059 1192
f 1641 208 360
f 83 360 1465
f 83 1641 360
f 1641 303 208
f 1436 1641 83
f 1059 1436 83
f 1748 1436 1059
f 1748 1059 518
f 629 920 1190
f 455 629 1190
f 1872 1192 646
f 1223 646 596
f 1223 1872 646
f 1223 596 920
f 719 920 629
f 719 1223 920
f 518 1192 1872
f 705 518 1872
f 705 1872 1223
f 1170 705 1223
f 545 1223 719
f 545 1170 1223
f 1730 629 455
f 1730 719 629
f 545 762 1170
f 545 719 1730
f 705 686 518
f 705 1646 686
f 1170 1646 705
f 1170 762 1646
f 686 1748 518
f 1550 1532 466
f 1422 466 1462
f 1422 1550 466
f 1550 1252 1532
f 108 1934 1252
f 108 1252 1550
f 92 1550 1422
f 92 108 1550
f 1642 1422 1462
f 1318 1422 1642
f 783 1642 30
f 635 783 30
f 783 1318 1642
f 146 1318 783
f 635 146 783
f 1538 146 635
f 1538 1318 146
f 1318 92 1422
f 1044 92 1318
f 1044 1318 1538
f 1167 1357 276
f 1167 276 1072
f 1204 1167 1072
f 1320 30 1357
f 1167 1320 1357
f 1204 162 1167
f 1320 635 30
f 162 1320 1167
f 1861 1320 162
f 373 1861 162
f 1812 635 1320
f 1812 1538 635
f 1861 1812 1320
f 1169 1204 1072
f 991 1169 1620
f 1274 1204 1169
f 1274 1169 991
f 303 1274 991
f 337 1274 303
f 347 162 1204
f 347 1204 1274
f 337 347 1274
f 373 162 347
f 1581 347 337
f 1175 1581 337
f 1581 373 347
f 1210 303 1641
f 1436 1210 1641
f 1185 1210 1436
f 1748 1185 1436
f 1210 337 303
f 1748 1460 1185
f 1210 1175 337
f 1185 1481 1210
f 1460 1481 1185
f 1460 1915 1481
f 1460 932 1915
f 1481 1175 1210
f 1915 371 1481
f 1915 666 371
f 1539 455 620
f 562 455 1539
f 562 1730 455
f 545 800 762
f 800 1730 562
f 800 545 1730
f 686 1094 1748
f 562 1539 1339
f 762 736 1646
f 762 800 736
f 686 854 1094
f 1646 854 686
f 1646 736 854
f 1094 1460 1748
f 1339 1539 851
f 788 562 1339
f 788 800 562
f 736 800 788
f 1094 932 1460
f 854 932 1094
f 1622 1339 851
f 788 1339 1622
f 460 736 788
f 736 460 854
f 1622 851 1276
f 321 788 1622
f 460 788 321
f 460 1640 854
f 854 1640 932
f 932 666 1915
f 932 1640 666
f 321 1276 592
f 321 1622 1276
f 844 460 321
f 460 844 1640
f 844 321 592
f 844 1696 1640
f 1282 844 592
f 1640 1696 666
f 92 1435 108
f 1435 1155 108
f 1287 1435 92
f 32 1435 1287
f 269 1044 1538
f 269 1538 1812
f 1287 92 1044
f 1959 1287 1044
f 1959 1044 269
f 334 1812 1861
f 373 334 1861
f 373 603 334
f 1472 334 603
f 334 269 1812
f 1758 1959 269
f 1758 269 334
f 426 1758 334
f 1472 426 334
f 1581 603 373
f 1175 1303 1581
f 1130 603 1581
f 1303 1130 1581
f 1303 1537 1130
f 603 1403 1472
f 1130 1403 603
f 1130 675 1403
f 1537 675 1130
f 1712 1175 1481
f 1712 1481 371
f 1175 1016 1303
f 1712 1016 1175
f 666 465 371
f 1712 1418 1016
f 1712 465 1418
f 465 1712 371
f 1016 832 1303
f 1418 832 1016
f 1303 340 1537
f 832 340 1303
f 1935 666 766
f 223 1935 1647
f 1301 223 1647
f 1282 592 1853
f 1145 844 1282
f 1145 1696 844
f 766 1696 1145
f 1696 766 666
f 1168 1145 1282
f 766 1145 1168
f 1534 1282 1853
f 1168 1282 1534
f 1647 766 1168
f 766 1647 1935
f 351 1168 1534
f 351 1647 1168
f 351 1534 1541
f 1782 1647 351
f 1647 1782 1301
f 1435 1595 1155
f 32 1595 1435
f 1287 1953 32
f 1959 1953 1287
f 1156 1953 1959
f 1758 1156 1959
f 1472 1394 426
f 426 1612 1758
f 1394 1612 426
f 1234 675 1537
f 1403 1394 1472
f 865 1394 1403
f 1234 292 675
f 675 865 1403
f 675 292 865
f 1706 865 292
f 292 1743 1706
f 1935 465 666
f 465 1596 1418
f 1418 1596 832
f 832 1596 340
f 340 1234 1537
f 1596 465 1935
f 1596 67 340
f 340 67 1234
f 1935 223 1596
f 1234 67 292
f 1596 223 67
f 67 1743 292
f 223 1480 67
f 1480 223 1301
f 169 67 1480
f 1743 67 169
f 1595 1879 1155
f 32 66 1595
f 1595 344 1879
f 66 344 1595
f 344 154 1879
f 1953 66 32
f 1156 1905 1953
f 1156 195 1905
f 1905 66 1953
f 1905 1502 66
f 1905 435 1502
f 195 435 1905
f 195 1156 1758
f 1612 195 1758
f 1394 1776 1612
f 1612 1311 195
f 1776 1311 1612
f 195 1944 435
f 1311 1944 195
f 865 1776 1394
f 865 1706 1776
f 1706 180 1776
f 1473 1301 1782
f 1267 1473 1316
f 1267 541 1473
f 1900 1316 332
f 1267 1316 1900
f 1900 332 1219
f 1775 1267 1900
f 1316 351 1541
f 1316 1782 351
f 1473 1782 1316
f 1316 1541 1509
f 1316 1509 332
f 1743 180 1706
f 661 1743 169
f 1743 661 180
f 661 1791 1700
f 1480 1301 1473
f 541 1480 1473
f 1480 541 169
f 541 113 169
f 541 1763 113
f 169 1791 661
f 1791 169 113
f 1763 541 1267
f 511 1763 1775
f 1763 1267 1775
f 1454 1763 511
f 1454 113 1763
f 1791 113 1454
f 344 1830 154
f 66 1830 344
f 1830 233 154
f 1830 291 233
f 66 150 1830
f 1502 150 66
f 435 150 1502
f 1148 150 435
f 1148 203 150
f 150 291 1830
f 150 353 291
f 203 353 150
f 180 1311 1776
f 1944 1148 435
f 1311 259 1944
f 180 259 1311
f 1944 950 1148
f 259 950 1944
f 1148 950 203
f 1937 950 259
f 661 1906 180
f 180 1906 259
f 661 1700 1906
f 418 1906 1700
f 1906 418 259
f 198 1900 1219
f 198 1775 1900
f 198 1219 1663
f 1963 1775 198
f 1463 198 1663
f 1463 1663 329
f 23 198 1463
f 23 1963 198
f 1791 36 1700
f 36 1791 1454
f 1963 511 1775
f 230 511 1963
f 230 1454 511
f 1454 230 36
f 1544 230 1963
f 230 1916 36
f 1916 230 1544
f 1544 1963 23
f 1606 233 291
f 1606 483 233
f 1606 175 483
f 203 1785 353
f 1785 1788 353
f 353 1788 291
f 1788 1606 291
f 1788 232 1606
f 1785 232 1788
f 1785 930 232
f 232 1965 565
f 930 1965 232
f 232 565 1606
f 950 1785 203
f 950 97 1785
f 97 950 1937
f 1785 97 930
f 1937 1213 97
f 97 1797 930
f 259 418 1937
f 418 1700 36
f 418 36 1213
f 1213 1937 418
f 1213 36 1916
f 853 23 1463
f 1463 329 1615
f 1038 1463 1615
f 853 1463 1038
f 1727 853 1038
f 1038 1615 1960
f 38 1544 23
f 1544 38 346
f 346 1916 1544
f 38 23 853
f 190 1916 346
f 38 1821 346
f 190 346 1821
f 853 1821 38
f 853 1598 1821
f 1598 853 1727
f 103 190 1821
f 1821 1598 103
f 173 190 103
f 1598 1452 103
f 1606 56 175
f 1936 56 1606
f 1965 27 565
f 565 1936 1606
f 27 1936 565
f 1751 27 1965
f 27 1376 1936
f 1751 1376 27
f 1376 1804 1936
f 1751 100 1376
f 1213 1649 97
f 930 1797 1965
f 97 1649 1797
f 1797 1751 1965
f 1649 361 1797
f 1797 361 1751
f 361 100 1751
f 1213 1916 190
f 190 1649 1213
f 190 173 1649
f 361 1649 173
f 175 56 193
f 1936 1804 56
f 1038 1960 289
f 1835 1038 289
f 1835 1727 1038
f 1428 1835 289
f 1665 1835 1428
f 1428 289 1847
f 132 1665 1428
f 1835 1598 1727
f 103 1452 173
f 1452 1598 1835
f 1452 114 173
f 1789 173 114
f 1452 1665 114
f 1665 1452 1835
f 1525 114 1665
f 114 1525 1789
f 1665 132 1525
f 1525 8 1789
f 1525 155 8
f 1376 100 1804
f 100 1834 1804
f 1804 1834 263
f 1834 256 263
f 361 1834 100
f 361 1624 1834
f 1834 249 256
f 1624 249 1834
f 1624 173 1789
f 1624 361 173
f 1624 8 249
f 8 1624 1789
f 1804 955 56
f 56 955 193
f 955 1804 263
f 1979 44 282
f 96 44 1979
f 1979 282 875
f 1163 1093 784
f 1163 720 1093
f 784 1578 816
f 784 1093 1578
f 1163 784 409
f 816 409 784
f 1729 1163 409
f 409 816 1863
f 1507 1163 1729
f 409 1266 1729
f 409 1863 1266
f 1484 1507 1729
f 1266 927 1729
f 481 1266 1863
f 1507 300 720
f 1907 300 1507
f 1507 720 1163
f 335 1907 1507
f 1507 1484 335
f 335 1893 1907
f 282 1893 335
f 875 282 335
f 1813 875 335
f 816 1578 34
f 34 1863 816
f 34 297 1863
f 34 1792 297
f 1863 297 481
f 219 1931 34
f 153 1931 219
f 153 112 1931
f 112 328 1931
f 1931 1792 34
f 1931 109 1792
f 328 109 1931
f 357 1729 927
f 1484 1729 357
f 1266 969 927
f 481 969 1266
f 357 927 969
f 1814 1484 357
f 1814 357 1985
f 594 357 969
f 1985 357 594
f 594 969 1559
f 1559 481 1397
f 481 1559 969
f 1985 121 1814
f 121 594 1530
f 121 1985 594
f 1530 594 1559
f 1530 1559 1243
f 335 1484 1814
f 41 335 1814
f 41 1814 1411
f 1411 1814 121
f 1813 335 41
f 142 1813 41
f 140 875 1813
f 140 1813 20
f 20 1813 142
f 140 1979 875
f 134 1979 140
f 1951 134 140
f 1792 1397 297
f 1397 1792 210
f 210 1356 1397
f 297 1397 481
f 1397 1356 1559
f 1356 1243 1559
f 328 205 109
f 109 210 1792
f 109 99 210
f 205 99 109
f 99 331 210
f 1831 121 1530
f 1243 1831 1530
f 780 121 1831
f 1243 1260 1831
f 780 1831 1691
f 1691 1831 1260
f 1691 1260 824
f 1495 780 1691
f 375 1691 824
f 1495 1691 375
f 375 824 652
f 1411 121 780
f 1551 41 1411
f 1551 1411 1447
f 1447 1411 780
f 301 1551 1447
f 1447 780 1495
f 336 1447 1495
f 301 1447 336
f 1551 142 41
f 1956 142 1551
f 274 1551 301
f 1956 1551 274
f 137 142 1956
f 137 20 142
f 277 20 137
f 277 254 20
f 1951 140 254
f 20 254 140
f 1877 254 277
f 1877 1951 254
f 1744 1951 1877
f 210 1540 1356
f 1540 210 331
f 331 887 1540
f 1644 887 331
f 331 1497 1644
f 1644 767 887
f 1356 1540 1243
f 1540 1260 1243
f 414 1260 1540
f 1540 887 414
f 414 824 1260
f 414 1137 824
f 887 1137 414
f 1137 166 652
f 1137 652 824
f 1137 887 767
f 1137 767 166
f 205 1962 99
f 99 889 331
f 1962 889 99
f 889 1497 331
f 1962 93 889
f 1495 470 336
f 1675 1495 375
f 1495 1675 470
f 1022 652 166
f 1675 652 1022
f 1675 375 652
f 735 470 1675
f 352 1675 1022
f 735 1675 352
f 60 336 470
f 60 301 336
f 1740 301 60
f 60 470 735
f 500 60 735
f 1740 60 136
f 136 60 500
f 1740 274 301
f 354 1956 274
f 354 274 1740
f 354 137 1956
f 1958 277 137
f 821 137 354
f 1958 137 821
f 1705 1744 1877
f 277 265 1877
f 265 1705 1877
f 265 277 1958
f 1644 19 767
f 1644 1639 19
f 1497 1639 1644
f 767 19 1562
f 19 1136 1562
f 1639 1136 19
f 1639 1164 1136
f 1639 1358 1164
f 1136 1164 530
f 1164 946 530
f 1164 1414 946
f 1358 1414 1164
f 1358 1884 1414
f 166 1562 1022
f 767 1562 166
f 1562 352 1022
f 1562 471 352
f 471 1562 1136
f 735 352 1966
f 1966 352 471
f 1136 530 471
f 500 735 1966
f 471 530 1966
f 1966 530 946
f 1497 1988 1639
f 889 1988 1497
f 889 1290 1988
f 93 1290 889
f 1988 1358 1639
f 1988 501 1358
f 1290 1566 1988
f 1988 1566 501
f 501 1884 1358
f 1065 1740 136
f 1790 1740 1065
f 1790 354 1740
f 821 354 1790
f 1414 733 1078
f 1884 733 1414
f 1704 733 986
f 1704 986 1430
f 139 1704 1430
f 1966 771 500
f 771 1966 946
f 1593 500 771
f 1593 1278 500
f 1593 771 425
f 425 946 1078
f 425 771 946
f 1078 946 1414
f 1478 1593 425
f 1478 1278 1593
f 1078 1561 425
f 1704 1078 733
f 258 425 1561
f 1478 425 258
f 1561 1078 1704
f 1305 258 1561
f 827 1561 1704
f 1305 1561 827
f 827 1704 139
f 1278 136 500
f 305 136 1278
f 1065 136 305
f 305 1278 1478
f 305 327 1065
f 1272 305 1478
f 1734 327 305
f 327 1790 1065
f 6 1790 327
f 327 16 6
f 1925 1958 821
f 6 821 1790
f 6 1925 821
f 6 25 1925
f 976 1925 25
f 349 265 1958
f 88 1705 265
f 88 265 349
f 349 1958 1925
f 976 349 1925
f 179 88 349
f 976 179 349
f 501 1369 1884
f 1566 1369 501
f 1566 1248 1369
f 1369 733 1884
f 1369 986 733
f 1369 535 986
f 1248 1490 1369
f 1369 1490 535
f 1248 1396 1490
f 535 1430 986
f 535 1992 1430
f 1490 1992 535
f 1490 633 1992
f 1396 633 1490
f 1396 1021 633
f 139 1430 755
f 1080 139 755
f 364 258 1305
f 364 1478 258
f 1298 827 139
f 1298 1305 827
f 364 1305 1298
f 1080 1298 139
f 1272 1478 364
f 1734 305 1272
f 1391 6 16
f 1734 16 327
f 25 6 1391
f 1613 976 25
f 179 976 1648
f 1613 1648 976
f 1222 179 1648
f 1677 179 1222
f 755 1430 1992
f 1992 555 755
f 633 555 1992
f 1021 1659 633
f 847 1080 755
f 555 1242 755
f 1242 847 755
f 555 528 1242
f 528 633 1659
f 633 528 555
f 1021 1184 1659
f 1513 1184 1021
f 1183 847 1242
f 1513 338 1184
f 1101 1242 528
f 870 1242 1101
f 870 1183 1242
f 1101 1659 703
f 1101 528 1659
f 1184 703 1659
f 1184 681 703
f 338 681 1184
f 870 1101 1715
f 703 1715 1101
f 1715 643 870
f 643 1980 870
f 752 703 681
f 703 752 1715
f 752 643 1715
f 681 236 752
f 338 236 681
f 338 805 236
f 236 643 752
f 236 937 643
f 937 1980 643
f 805 937 236
f 377 1080 847
f 377 1298 1080
f 1177 1298 377
f 364 1298 1177
f 1183 377 847
f 1686 364 1177
f 28 364 1686
f 870 377 1183
f 870 1980 377
f 1980 1552 377
f 1552 1177 377
f 1552 586 1177
f 586 1686 1177
f 586 1520 1686
f 1980 904 1552
f 1087 1520 586
f 937 904 1980
f 904 1555 1552
f 1555 586 1552
f 1555 1087 586
f 364 28 1272
f 1650 1272 28
f 1091 1272 1650
f 1091 1734 1272
f 1895 1091 1650
f 1686 1520 28
f 1520 1650 28
f 1895 1650 1520
f 1895 939 1091
f 1520 1138 1895
f 1138 939 1895
f 1087 1138 1520
f 881 1391 16
f 1368 16 1734
f 1091 1368 1734
f 1368 881 16
f 1377 1391 881
f 1368 1489 881
f 1489 1560 881
f 1560 1377 881
f 1368 1091 939
f 939 1489 1368
f 40 1377 1560
f 1489 40 1560
f 725 1489 939
f 725 1970 1489
f 1970 40 1489
f 1391 669 25
f 669 1613 25
f 1377 669 1391
f 1058 1613 669
f 1623 1613 1058
f 1377 320 669
f 320 1058 669
f 1058 1572 1623
f 40 320 1377
f 1613 1623 1648
f 515 1222 1648
f 1623 515 1648
f 515 1868 1222
f 1868 17 1222
f 1572 515 1623
f 1572 1868 515
f 134 96 1979
f 134 1919 96
f 1483 1919 134
f 1919 434 96
f 1674 434 1919
f 267 1674 1919
f 1728 1674 267
f 1483 267 1919
f 1103 1728 267
f 1728 165 1674
f 1695 1974 165
f 1695 165 1728
f 310 1728 1103
f 310 1695 1728
f 1876 1974 1695
f 1512 1876 1695
f 1512 1695 310
f 1843 1974 1876
f 1843 52 1974
f 1594 1876 1512
f 1594 1843 1876
f 1656 52 1843
f 1922 52 1656
f 1922 1698 52
f 770 1922 1656
f 1832 1843 1594
f 1832 1656 1843
f 770 1656 1832
f 72 1698 1922
f 1794 1698 72
f 1742 1847 1794
f 264 1794 72
f 1742 1794 264
f 770 72 1922
f 264 72 770
f 90 1742 264
f 607 1483 134
f 94 607 134
f 1457 94 134
f 786 134 145
f 786 1457 134
f 145 134 1951
f 1103 267 1483
f 607 1103 1483
f 405 1103 607
f 405 607 988
f 988 607 94
f 694 405 988
f 1549 988 94
f 454 988 1549
f 694 988 454
f 810 94 1457
f 1549 94 810
f 558 454 802
f 558 694 454
f 1799 694 558
f 810 527 1549
f 527 454 1549
f 802 454 527
f 1097 527 810
f 1097 1833 527
f 480 1833 1097
f 480 380 1833
f 485 380 480
f 485 601 380
f 1023 1457 786
f 1023 810 1457
f 558 802 978
f 1027 810 1023
f 1160 802 527
f 802 1160 978
f 1037 810 1027
f 1037 1097 810
f 1833 1160 527
f 1833 1067 1160
f 679 1097 1037
f 679 480 1097
f 380 1067 1833
f 380 1343 1067
f 561 480 679
f 561 485 480
f 388 485 561
f 388 601 485
f 601 1343 380
f 601 388 1343
f 1062 388 561
f 1062 474 388
f 397 474 1062
f 397 892 474
f 310 1103 405
f 1191 405 694
f 1191 310 405
f 1191 694 1799
f 1503 1191 1799
f 1841 1512 310
f 1841 310 1191
f 520 892 397
f 520 964 892
f 509 964 520
f 509 614 964
f 775 614 509
f 775 626 614
f 1077 626 775
f 1077 1244 626
f 391 1244 1077
f 391 970 1244
f 517 970 391
f 517 514 970
f 411 514 517
f 411 436 514
f 1841 1594 1512
f 1662 1594 1841
f 387 770 1832
f 387 1832 445
f 445 1832 1594
f 1197 387 445
f 1662 445 1594
f 322 1197 445
f 322 445 1662
f 1306 1197 322
f 1634 1306 322
f 1553 770 387
f 1553 264 770
f 90 264 1553
f 1197 1553 387
f 714 90 1553
f 718 1553 1197
f 714 1553 718
f 718 1197 1306
f 1431 718 1306
f 1505 714 718
f 1621 786 145
f 1803 1621 145
f 1744 145 1951
f 1803 145 1744
f 1232 1803 1744
f 1754 1023 786
f 583 558 978
f 641 558 583
f 641 1799 558
f 1586 1027 1754
f 1027 1023 1754
f 1160 583 978
f 1160 573 583
f 1586 1037 1027
f 1067 573 1160
f 679 1037 1586
f 1343 1361 1067
f 446 561 679
f 388 1361 1343
f 446 1062 561
f 474 1361 388
f 474 1217 1361
f 971 1062 446
f 971 397 1062
f 892 1217 474
f 892 1891 1217
f 430 1754 786
f 641 583 1024
f 1586 1754 430
f 573 1024 583
f 1067 1024 573
f 1067 440 1024
f 1361 440 1067
f 446 679 1586
f 910 786 1621
f 910 430 786
f 609 641 1024
f 1671 430 910
f 1671 1586 430
f 1024 637 609
f 1477 641 609
f 440 637 1024
f 1211 1586 1671
f 1211 446 1586
f 1217 440 1361
f 1211 971 446
f 1891 808 1217
f 1384 910 1621
f 1384 1671 910
f 1914 637 809
f 1914 609 637
f 1477 609 1914
f 627 1671 1384
f 440 809 637
f 440 149 809
f 1211 1671 627
f 1217 149 440
f 1217 933 149
f 808 933 1217
f 1579 1384 1621
f 1291 809 871
f 1291 1914 809
f 1291 1477 1914
f 627 1384 1579
f 149 871 809
f 149 557 871
f 149 973 557
f 933 973 149
f 604 1621 1803
f 1579 1621 604
f 943 1291 871
f 1527 1291 943
f 1420 1579 604
f 1420 627 1579
f 557 943 871
f 557 563 943
f 868 627 1420
f 973 563 557
f 1186 627 868
f 1186 1211 627
f 951 1211 1186
f 670 1211 951
f 1527 943 499
f 563 499 943
f 563 374 499
f 738 1420 898
f 738 868 1420
f 888 898 647
f 888 738 898
f 1019 893 374
f 1019 478 893
f 973 374 563
f 973 1019 374
f 1942 868 738
f 1942 1186 868
f 379 738 888
f 379 1942 738
f 606 478 1019
f 973 606 1019
f 982 1186 1942
f 982 951 1186
f 379 982 1942
f 933 606 973
f 933 772 606
f 385 951 982
f 385 670 951
f 1899 982 379
f 1899 385 982
f 441 1010 772
f 441 772 933
f 186 1803 1232
f 186 604 1803
f 186 1420 604
f 186 898 1420
f 647 898 186
f 674 374 893
f 674 499 374
f 1601 499 674
f 1601 1527 499
f 689 888 647
f 639 647 1471
f 639 689 647
f 639 1471 893
f 478 639 893
f 379 888 689
f 624 689 639
f 624 379 689
f 606 639 478
f 606 624 639
f 599 379 624
f 772 624 606
f 772 599 624
f 1899 379 599
f 1010 1899 599
f 1010 599 772
f 1216 1191 1503
f 1477 1799 641
f 1503 1799 1477
f 1527 1477 1291
f 1527 1503 1477
f 1345 1216 1503
f 1345 1503 1527
f 1531 1216 1345
f 1345 1527 1601
f 1841 1191 1216
f 1400 1841 1216
f 1400 1216 1531
f 1859 1400 1531
f 1364 397 971
f 1364 520 397
f 964 1891 892
f 964 1407 1891
f 896 520 1364
f 896 509 520
f 614 1407 964
f 614 488 1407
f 1109 509 896
f 1109 775 509
f 626 488 614
f 626 1957 488
f 1081 775 1109
f 1081 1077 775
f 1244 1957 626
f 1244 1199 1957
f 589 1077 1081
f 589 391 1077
f 970 1199 1244
f 970 1178 1199
f 835 391 589
f 835 517 391
f 514 1178 970
f 514 542 1178
f 396 517 835
f 396 411 517
f 1262 411 396
f 1262 436 411
f 436 542 514
f 436 1262 542
f 503 1262 396
f 503 1110 1262
f 1407 808 1891
f 488 808 1407
f 1957 808 488
f 542 595 1178
f 1089 396 835
f 1262 595 542
f 1089 503 396
f 1110 595 1262
f 1110 484 595
f 1364 971 1211
f 1517 896 1364
f 1109 896 1517
f 1199 808 1957
f 1199 457 808
f 1178 457 1199
f 1089 835 589
f 595 457 1178
f 484 734 595
f 1517 1364 1211
f 1338 1109 1517
f 1338 1081 1109
f 457 1889 808
f 746 1081 1338
f 746 589 1081
f 746 1089 589
f 1237 1089 746
f 595 1461 457
f 734 1461 595
f 808 504 933
f 808 1889 504
f 1338 1517 882
f 919 1211 670
f 919 1517 1211
f 504 441 933
f 1264 1517 919
f 1889 858 504
f 540 882 1264
f 882 1517 1264
f 457 451 1889
f 457 475 451
f 1461 475 457
f 1461 553 475
f 1461 1837 553
f 815 670 385
f 815 919 670
f 1735 385 1899
f 1735 815 385
f 504 1010 441
f 504 469 1010
f 757 919 815
f 757 1264 919
f 902 815 1735
f 902 757 815
f 858 469 504
f 858 879 469
f 1193 1264 757
f 1193 540 1264
f 1193 882 540
f 745 757 902
f 745 1193 757
f 663 879 858
f 1889 663 858
f 831 882 1193
f 831 1338 882
f 777 1193 745
f 777 831 1193
f 451 812 663
f 451 663 1889
f 1220 1338 831
f 1220 746 1338
f 747 831 777
f 747 1220 831
f 621 812 451
f 475 621 451
f 728 746 1220
f 1048 1220 747
f 1048 728 1220
f 475 564 621
f 550 746 728
f 550 1237 746
f 649 728 1048
f 649 550 728
f 553 564 475
f 553 398 564
f 585 1237 550
f 491 550 649
f 491 585 550
f 1837 398 553
f 1837 593 398
f 469 1899 1010
f 469 1735 1899
f 879 1735 469
f 879 902 1735
f 693 745 902
f 693 902 879
f 663 693 879
f 812 745 693
f 812 777 745
f 812 693 663
f 1141 747 777
f 1018 777 812
f 1018 1141 777
f 621 1018 812
f 1048 747 1141
f 564 1141 1018
f 564 1048 1141
f 564 1018 621
f 773 1048 564
f 773 649 1048
f 398 773 564
f 619 491 649
f 1102 649 773
f 1102 619 649
f 593 773 398
f 593 1102 773
f 1662 1841 1400
f 130 1662 1400
f 1859 130 1400
f 1634 322 1662
f 1707 1306 1634
f 130 1634 1662
f 1707 1634 130
f 1444 1707 130
f 1444 130 1874
f 926 1110 503
f 926 442 1110
f 412 442 926
f 412 740 442
f 909 740 412
f 909 684 740
f 489 684 909
f 489 1063 684
f 415 1063 489
f 415 891 1063
f 496 891 415
f 496 1114 891
f 612 1114 496
f 688 503 1089
f 688 926 503
f 442 484 1110
f 442 727 484
f 758 926 688
f 758 412 926
f 740 727 442
f 740 69 727
f 574 412 758
f 574 909 412
f 684 69 740
f 684 1026 69
f 1577 909 574
f 1577 489 909
f 1063 1026 684
f 1063 448 1026
f 1379 489 1577
f 1379 415 489
f 891 448 1063
f 891 1233 448
f 496 415 1379
f 1114 1233 891
f 785 612 496
f 612 1233 1114
f 612 1009 1233
f 654 612 785
f 654 1257 612
f 1257 1009 612
f 1257 1967 1009
f 727 734 484
f 69 734 727
f 785 496 1379
f 472 1089 1237
f 472 688 1089
f 758 688 472
f 1026 734 69
f 1026 152 734
f 448 152 1026
f 1233 152 448
f 1233 953 152
f 1468 785 1379
f 1009 953 1233
f 1009 1098 953
f 1468 654 785
f 1967 1098 1009
f 734 1352 1461
f 1008 758 472
f 1008 574 758
f 152 1352 734
f 399 574 1008
f 399 1577 574
f 399 1379 1577
f 1151 1379 399
f 1468 1379 1151
f 1352 1837 1461
f 1352 857 1837
f 152 128 1352
f 152 408 128
f 953 408 152
f 953 1157 408
f 1098 1157 953
f 1098 764 1157
f 903 1237 585
f 903 472 1237
f 453 585 491
f 453 903 585
f 857 593 1837
f 857 487 593
f 806 472 903
f 806 1008 472
f 999 903 453
f 999 806 903
f 873 487 857
f 1352 873 857
f 801 1008 806
f 513 806 999
f 513 801 806
f 128 731 873
f 128 873 1352
f 1014 1008 801
f 1014 399 1008
f 839 801 513
f 839 1014 801
f 575 731 128
f 408 575 128
f 582 399 1014
f 584 1014 839
f 584 582 1014
f 408 1152 575
f 750 399 582
f 750 1151 399
f 591 582 584
f 591 750 582
f 1157 1152 408
f 1157 1273 1152
f 502 1151 750
f 1395 750 591
f 1395 502 750
f 764 1273 1157
f 764 587 1273
f 834 1151 502
f 834 1468 1151
f 1126 502 1395
f 1126 834 502
f 427 587 764
f 453 491 619
f 776 619 1102
f 776 453 619
f 487 1102 593
f 487 776 1102
f 658 999 453
f 638 453 776
f 638 658 453
f 873 776 487
f 873 638 776
f 513 999 658
f 548 658 638
f 548 513 658
f 731 638 873
f 731 548 638
f 630 513 548
f 630 839 513
f 575 548 731
f 575 630 548
f 521 839 630
f 521 584 839
f 1152 630 575
f 1152 521 630
f 1068 584 521
f 1068 591 584
f 1273 521 1152
f 1273 1068 521
f 1523 1395 591
f 519 591 1068
f 519 1523 591
f 587 1068 1273
f 587 519 1068
f 1126 1395 1523
f 877 1523 519
f 877 1126 1523
f 427 519 587
f 427 877 519
f 1321 718 1431
f 1505 718 1321
f 1431 1306 1707
f 1563 1431 1707
f 1321 1431 1563
f 576 1505 1321
f 1563 1707 1444
f 1086 1321 1563
f 1086 576 1321
f 1772 1563 1444
f 1693 1563 1772
f 1086 1563 1693
f 1725 1232 1744
f 825 1232 1725
f 1705 1725 1744
f 77 1725 1705
f 825 186 1232
f 537 186 825
f 537 647 186
f 420 647 537
f 420 1471 647
f 420 893 1471
f 464 893 420
f 464 674 893
f 1601 674 464
f 1522 464 420
f 1522 1601 464
f 1522 420 537
f 1725 537 825
f 1725 1522 537
f 1989 1522 1725
f 120 1345 1601
f 1531 1345 120
f 1331 1531 120
f 120 1601 1522
f 1805 120 1522
f 1331 120 1805
f 1892 1805 49
f 1892 1331 1805
f 284 1805 1522
f 284 49 1805
f 1331 1859 1531
f 1892 1859 1331
f 1947 1859 1892
f 1947 1874 1859
f 1874 130 1859
f 1772 1444 1874
f 915 1772 1874
f 18 915 1874
f 18 1874 1947
f 1635 915 18
f 915 1693 1772
f 197 1693 915
f 1635 197 915
f 1380 1635 18
f 1344 576 1086
f 1214 1086 1693
f 1214 1344 1086
f 1214 1693 197
f 1918 1214 197
f 1918 197 1635
f 10 1214 1918
f 10 1496 1214
f 1521 1635 1380
f 1521 1918 1635
f 1181 1918 1521
f 1181 10 1918
f 1818 1522 1989
f 284 1522 1818
f 1989 1725 77
f 1491 1892 49
f 77 1705 88
f 288 77 88
f 288 84 77
f 179 288 88
f 179 1819 288
f 1819 84 288
f 1819 304 84
f 84 1989 77
f 84 1818 1989
f 224 1818 84
f 1851 224 84
f 164 224 1851
f 304 1851 84
f 1536 49 284
f 1999 49 1536
f 1818 1536 284
f 1536 1818 224
f 75 1999 1536
f 224 1801 1536
f 1801 224 164
f 75 1536 1801
f 1947 1892 1491
f 1672 1947 1491
f 1708 1947 1672
f 1491 49 1999
f 1672 1491 1999
f 1638 1672 1999
f 1708 1672 1638
f 75 1638 1999
f 1373 1708 1638
f 212 1638 75
f 1373 1638 212
f 212 1661 1373
f 18 1947 1708
f 692 18 1708
f 1862 18 692
f 692 1708 1373
f 1661 692 1373
f 1862 692 1441
f 1441 692 1661
f 1862 1380 18
f 1367 1380 1862
f 1161 1367 1862
f 1181 1521 1354
f 1367 1521 1380
f 1354 1521 1367
f 449 1181 1354
f 1161 1354 1367
f 449 1354 1161
f 70 449 1161
f 70 1528 449
f 1300 1161 1862
f 70 1161 1300
f 724 70 1300
f 1589 70 724
f 1677 1819 179
f 1677 1682 1819
f 1682 304 1819
f 1851 1533 164
f 1083 1851 304
f 1801 1946 75
f 1533 1801 164
f 212 75 1946
f 358 1661 212
f 1443 1946 299
f 1443 212 1946
f 1443 358 212
f 1862 1441 1061
f 1158 1441 1661
f 1158 1061 1441
f 1158 1661 358
f 319 1061 1158
f 1682 730 304
f 984 1682 1677
f 1222 17 1677
f 17 984 1677
f 984 730 1682
f 1286 730 984
f 324 730 1286
f 17 1286 984
f 1886 17 1868
f 1882 324 1286
f 1083 1533 1851
f 730 1083 304
f 1083 529 1533
f 324 1083 730
f 324 1125 1083
f 1125 529 1083
f 1125 1390 529
f 1390 1182 529
f 324 369 1125
f 369 1390 1125
f 1533 1866 1801
f 1866 1946 1801
f 529 1866 1533
f 1458 1946 1866
f 1182 1866 529
f 1458 1866 1182
f 1458 1757 1946
f 1757 299 1946
f 1182 79 1458
f 1390 79 1182
f 369 79 1390
f 1757 1458 79
f 79 238 1757
f 238 1253 1757
f 1443 1212 358
f 299 1607 1443
f 1607 1212 1443
f 1757 1253 299
f 1253 1607 299
f 1607 1479 1212
f 1479 1587 1212
f 1253 294 1607
f 294 1479 1607
f 1479 1795 1587
f 294 308 1479
f 308 1795 1479
f 1176 1862 1061
f 1372 1862 1176
f 358 319 1158
f 1176 1061 319
f 1212 1508 358
f 1508 319 358
f 1387 1176 319
f 1372 1176 1387
f 1387 319 1508
f 640 1372 1387
f 1194 1387 1508
f 1194 640 1387
f 1194 244 640
f 1587 1508 1212
f 1587 1194 1508
f 1737 640 244
f 1587 220 1194
f 220 1911 1194
f 1911 244 1194
f 1911 1433 244
f 1795 220 1587
f 724 1300 1493
f 1372 1300 1862
f 1493 1300 1372
f 741 724 1493
f 709 724 741
f 709 1589 724
f 1084 1493 1372
f 741 1493 1546
f 1546 1493 1084
f 992 741 1546
f 709 741 992
f 1485 1546 1084
f 1245 1546 1485
f 992 1546 1245
f 852 709 992
f 1084 1372 640
f 552 992 1245
f 852 992 552
f 1737 1084 640
f 1485 1084 1737
f 1283 1245 1485
f 552 1245 1283
f 673 852 552
f 1116 1485 1737
f 1283 1485 1116
f 534 552 1283
f 516 552 534
f 516 673 552
f 1433 1737 244
f 220 1346 1911
f 1346 1424 1911
f 1424 1433 1911
f 1424 1325 1433
f 1116 1737 1433
f 790 1283 1116
f 790 534 1283
f 1325 1116 1433
f 1325 1856 1116
f 1856 790 1116
f 1069 534 790
f 866 534 1069
f 866 516 534
f 569 790 1856
f 1069 790 569
f 722 569 1856
f 569 636 1069
f 636 866 1069
f 1921 1929 112
f 112 1929 328
f 1218 1200 367
f 367 1929 1921
f 367 1987 1929
f 1200 1987 367
f 1200 1878 1987
f 1218 1660 1200
f 1750 1383 1660
f 1660 243 1200
f 1660 1383 243
f 1750 1600 1383
f 243 1878 1200
f 243 1590 1878
f 1383 1590 243
f 1600 1590 1383
f 1590 1031 1878
f 1590 1526 1031
f 1600 1526 1590
f 1600 115 1526
f 1948 1600 1750
f 1948 194 1600
f 194 115 1600
f 104 22 1948
f 22 194 1948
f 104 231 22
f 1923 231 104
f 326 1466 1923
f 1929 205 328
f 1929 201 205
f 1878 1825 1987
f 1929 318 201
f 1987 318 1929
f 1825 318 1987
f 1825 1341 318
f 318 58 201
f 1341 58 318
f 1341 417 58
f 1031 1825 1878
f 1031 1399 1825
f 1526 1399 1031
f 1526 1360 1399
f 115 1360 1526
f 1399 1341 1825
f 1399 1903 1341
f 1360 1903 1399
f 1360 1268 1903
f 1903 417 1341
f 1903 1324 417
f 1268 1324 1903
f 115 1846 1360
f 194 1846 115
f 1955 1846 194
f 1846 1268 1360
f 1846 298 1268
f 22 1955 194
f 231 1955 22
f 231 313 1955
f 1955 1793 1846
f 1466 231 1923
f 1466 177 231
f 231 177 313
f 326 1518 1466
f 1518 1749 1466
f 1466 1749 177
f 201 1962 205
f 201 53 1962
f 58 53 201
f 53 93 1962
f 53 1591 93
f 417 1829 58
f 58 47 53
f 1829 47 58
f 1829 914 47
f 53 1516 1591
f 47 1516 53
f 417 285 1829
f 285 914 1829
f 285 1375 914
f 1375 281 914
f 1324 285 417
f 1268 298 1324
f 1324 1954 285
f 298 1954 1324
f 1954 1056 285
f 1954 1501 1056
f 298 1501 1954
f 1056 1375 285
f 1056 715 1375
f 1501 715 1056
f 715 281 1375
f 1846 1793 298
f 298 598 1501
f 1793 598 298
f 1793 280 598
f 313 1793 1955
f 313 1881 1793
f 1881 363 1793
f 363 280 1793
f 177 1881 313
f 177 81 1881
f 177 273 81
f 1518 1576 1749
f 1576 560 1749
f 1749 273 177
f 560 273 1749
f 1591 1290 93
f 1591 1875 1290
f 1875 87 1290
f 1875 1307 87
f 1290 87 1566
f 47 1425 1516
f 914 1425 47
f 1516 1875 1591
f 1516 252 1875
f 1425 252 1516
f 1425 82 252
f 252 1307 1875
f 252 1005 1307
f 82 1005 252
f 914 1371 1425
f 281 1371 914
f 1371 1310 1425
f 476 1310 1371
f 1310 82 1425
f 476 1971 1310
f 1310 148 82
f 1971 148 1310
f 148 1971 1941
f 82 1943 1005
f 148 1943 82
f 715 1678 281
f 1501 1678 715
f 281 476 1371
f 1678 476 281
f 1678 1971 476
f 598 1678 1501
f 280 1678 598
f 280 144 1678
f 144 1971 1678
f 144 1849 1971
f 1881 81 363
f 363 144 280
f 363 1897 144
f 81 1897 363
f 81 127 1897
f 273 127 81
f 273 156 127
f 273 1865 156
f 560 1865 273
f 560 293 1865
f 1865 293 156
f 87 1248 1566
f 1307 1855 87
f 1307 1180 1855
f 87 1633 1248
f 1855 1633 87
f 1633 1396 1248
f 1855 678 1633
f 1855 1162 678
f 1092 1162 1855
f 1633 1982 1396
f 678 1982 1633
f 1982 1021 1396
f 678 1684 1982
f 1162 1684 678
f 1005 1180 1307
f 1005 1236 1180
f 1943 1236 1005
f 1180 1092 1855
f 1236 1092 1180
f 1092 544 1162
f 148 1941 1943
f 1941 1569 1943
f 1941 1668 1569
f 1943 1569 1236
f 1569 1015 1236
f 1236 1227 1092
f 1015 1227 1236
f 1569 295 1015
f 1668 295 1569
f 1227 544 1092
f 295 1227 1015
f 1849 1941 1971
f 144 1402 1849
f 1849 1668 1941
f 1849 1402 1927
f 1849 1927 1668
f 1402 98 1927
f 1668 1927 295
f 1927 1515 295
f 64 98 1402
f 98 167 1898
f 64 167 98
f 21 167 64
f 127 235 64
f 156 1995 235
f 64 235 21
f 235 1995 21
f 1995 362 21
f 1938 1995 156
f 1938 362 1995
f 1938 1998 362
f 91 1998 1938
f 1897 1402 144
f 1402 1897 64
f 127 64 1897
f 127 156 235
f 156 293 1938
f 293 91 1938
f 1162 1150 1684
f 1162 1838 1150
f 1982 1513 1021
f 1982 141 1513
f 1684 141 1982
f 1684 532 141
f 1684 1150 532
f 1838 1090 1150
f 1513 1104 338
f 141 1104 1513
f 532 1524 141
f 532 671 1524
f 1150 671 532
f 1150 1090 671
f 141 486 1104
f 1524 486 141
f 671 1118 1524
f 671 1817 1118
f 1090 1817 671
f 338 1564 805
f 1104 1564 338
f 1104 577 1564
f 486 577 1104
f 486 1118 577
f 1118 486 1524
f 1118 1817 967
f 1564 937 805
f 1564 577 937
f 577 874 937
f 577 967 874
f 1118 967 577
f 1838 1224 1090
f 1090 1224 1574
f 1224 1721 1574
f 1224 1629 1721
f 1574 1817 1090
f 1817 450 967
f 1817 1574 450
f 1574 1348 450
f 1574 1721 1348
f 1721 660 1348
f 1629 660 1721
f 1131 660 1629
f 874 904 937
f 874 450 904
f 450 1555 904
f 450 1348 1555
f 1348 660 1555
f 660 1087 1555
f 967 450 874
f 1736 1567 905
f 1736 1131 1629
f 1131 1736 234
f 1736 905 234
f 1567 1823 905
f 1328 939 1138
f 1328 725 939
f 1328 163 725
f 234 1328 1766
f 1131 1766 660
f 1131 234 1766
f 234 905 1328
f 905 163 1328
f 1823 163 905
f 1766 1138 1087
f 1766 1328 1138
f 660 1766 1087
f 1898 1669 1567
f 1898 95 1669
f 167 1437 95
f 1669 1052 1823
f 1669 407 1052
f 1669 95 407
f 95 1437 407
f 1437 1482 407
f 1669 1823 1567
f 1970 1482 40
f 1052 1970 725
f 163 1823 725
f 1823 1052 725
f 1052 407 1970
f 407 1482 1970
f 167 1930 1437
f 826 1930 167
f 826 1259 1930
f 1434 1259 826
f 1259 1434 278
f 993 1259 1781
f 1259 819 1781
f 1259 278 819
f 1437 993 1482
f 1437 1930 993
f 1930 1259 993
f 40 993 320
f 993 1781 320
f 1781 1058 320
f 1781 1572 1058
f 1781 819 1572
f 1482 993 40
f 1434 1001 278
f 1655 1001 1434
f 1655 1292 1001
f 251 1292 1655
f 819 1386 1572
f 1386 1868 1572
f 1386 1886 1868
f 278 1001 819
f 1001 1386 819
f 1001 1292 1386
f 1292 1886 1386
f 544 1838 1162
f 1227 1129 544
f 295 1515 1227
f 1129 1838 544
f 1129 1224 1838
f 1515 1129 1227
f 1224 1515 1629
f 1515 1224 1129
f 1515 1927 1736
f 1927 1567 1736
f 98 1567 1927
f 1515 1736 1629
f 98 1898 1567
f 1898 167 95
f 826 362 1434
f 362 826 21
f 21 826 167
f 1998 1655 362
f 1998 251 1655
f 1655 1434 362
f 1808 1847 1742
f 1808 1428 1847
f 132 1428 1945
f 1945 1428 1808
f 90 1808 1742
f 1378 1945 1808
f 1378 1808 90
f 343 1945 1378
f 1258 8 1075
f 1075 1768 1258
f 155 1525 132
f 1779 132 1945
f 207 132 1779
f 207 155 132
f 1075 155 207
f 155 1075 8
f 1680 1779 1945
f 1680 207 1779
f 207 1768 1075
f 1768 207 1680
f 1945 343 1680
f 256 1842 263
f 256 1976 1842
f 1842 1498 263
f 1842 188 1498
f 1976 188 1842
f 249 1147 256
f 1147 1976 256
f 1147 188 1976
f 1147 182 188
f 8 1658 249
f 8 1258 1658
f 249 1658 1147
f 1258 1807 1658
f 1658 1807 1147
f 1258 1768 1807
f 1807 182 1147
f 955 1726 326
f 263 1726 955
f 1726 263 1498
f 1786 343 1378
f 1378 90 714
f 1940 1378 714
f 1786 1378 1940
f 1505 1940 714
f 1786 1940 1828
f 161 1768 1680
f 161 1680 343
f 1768 161 350
f 200 343 1786
f 161 343 200
f 200 1786 1828
f 161 200 1410
f 1410 350 161
f 1726 817 1518
f 1836 817 1726
f 188 176 1498
f 1498 1836 1726
f 176 1836 1498
f 176 1784 1836
f 1836 452 228
f 1784 452 1836
f 1836 228 817
f 182 1784 188
f 188 1784 176
f 182 1322 1784
f 1322 182 185
f 185 1984 1322
f 1322 1235 1784
f 1784 1235 452
f 1768 350 1807
f 185 182 1807
f 350 185 1807
f 350 1984 185
f 1984 350 1410
f 326 1726 1518
f 394 651 1257
f 1313 1257 654
f 1313 394 1257
f 610 394 1313
f 610 651 394
f 651 1967 1257
f 651 610 1967
f 774 610 1313
f 774 928 610
f 723 928 774
f 723 526 928
f 406 526 723
f 406 818 526
f 421 818 406
f 421 611 818
f 1064 611 421
f 1064 1215 611
f 648 1215 1064
f 648 1051 1215
f 458 1051 648
f 458 1405 1051
f 1451 1313 654
f 610 763 1967
f 1451 774 1313
f 928 763 610
f 928 855 763
f 642 774 1451
f 642 723 774
f 526 855 928
f 526 505 855
f 863 723 642
f 863 406 723
f 818 505 526
f 818 1783 505
f 863 421 406
f 611 1783 818
f 611 533 1783
f 1336 421 863
f 1336 1064 421
f 1215 533 611
f 1215 1107 533
f 929 1064 1336
f 929 648 1064
f 1051 1107 1215
f 1051 525 1107
f 447 648 929
f 447 458 648
f 1405 525 1051
f 1405 1002 525
f 1451 654 1468
f 763 1098 1967
f 763 1365 1098
f 855 1365 763
f 505 1365 855
f 505 1474 1365
f 1073 863 642
f 1783 1474 505
f 1196 863 1073
f 533 1474 1783
f 952 863 1196
f 952 1336 863
f 794 1336 952
f 794 929 1336
f 1332 929 794
f 1332 447 929
f 403 1451 1468
f 497 1451 403
f 497 642 1451
f 1073 642 497
f 533 977 1474
f 1107 977 533
f 525 977 1107
f 525 1070 977
f 1002 1070 525
f 1365 764 1098
f 1365 551 764
f 823 497 403
f 1365 1105 551
f 383 760 823
f 760 497 823
f 1474 1105 1365
f 1474 424 1105
f 390 760 383
f 390 1073 760
f 1073 497 760
f 980 1073 390
f 980 1196 1073
f 977 424 1474
f 977 536 424
f 1003 1196 980
f 1003 952 1196
f 512 952 1003
f 512 794 952
f 1393 794 512
f 1393 1332 794
f 416 1468 834
f 416 403 1468
f 985 834 1126
f 985 416 834
f 551 493 427
f 551 427 764
f 823 650 383
f 650 403 416
f 650 823 403
f 462 416 985
f 462 650 416
f 1105 493 551
f 1105 1246 493
f 912 383 650
f 880 650 462
f 880 912 650
f 744 1246 1105
f 424 744 1105
f 461 383 912
f 461 390 383
f 461 912 880
f 424 994 744
f 698 980 390
f 1404 390 461
f 1404 698 390
f 536 701 994
f 536 994 424
f 1003 980 698
f 1459 698 1404
f 1459 1003 698
f 1143 701 536
f 977 1143 536
f 1439 512 1003
f 1033 1003 1459
f 1033 1439 1003
f 712 1033 1459
f 1070 1143 977
f 1070 687 1143
f 1393 512 1439
f 782 1439 1033
f 782 1393 1439
f 712 782 1033
f 653 456 687
f 653 687 1070
f 845 1126 877
f 845 985 1126
f 493 877 427
f 493 845 877
f 1111 985 845
f 1111 462 985
f 1246 845 493
f 1246 1111 845
f 753 462 1111
f 753 880 462
f 744 1111 1246
f 744 753 1111
f 713 880 753
f 994 753 744
f 994 713 753
f 676 461 880
f 676 1404 461
f 676 880 713
f 701 676 713
f 701 713 994
f 1459 1404 676
f 588 1459 676
f 588 676 701
f 1143 588 701
f 523 1459 588
f 523 712 1459
f 687 588 1143
f 687 523 588
f 419 712 523
f 456 523 687
f 456 419 523
f 1711 1940 1505
f 1652 1940 1711
f 1652 1828 1940
f 1711 1505 576
f 1637 1652 1711
f 1652 1637 46
f 1344 1711 576
f 1637 1711 1344
f 1203 1405 458
f 1203 439 1405
f 410 439 1203
f 410 700 439
f 996 700 410
f 302 458 447
f 302 1203 458
f 439 1002 1405
f 439 1603 1002
f 1883 1203 302
f 1883 410 1203
f 700 1603 439
f 700 477 1603
f 498 410 1883
f 498 996 410
f 1241 996 498
f 996 477 700
f 996 1241 477
f 1351 1241 498
f 1351 376 1241
f 925 376 1351
f 925 492 376
f 438 492 925
f 438 813 492
f 685 813 438
f 685 1006 813
f 1240 1006 685
f 1240 628 1006
f 1374 447 1332
f 1374 302 447
f 1603 820 1002
f 1880 302 1374
f 1880 1883 302
f 477 820 1603
f 1880 498 1883
f 1241 1745 477
f 1745 820 477
f 625 498 1880
f 625 1351 498
f 376 1745 1241
f 376 463 1745
f 1079 1351 625
f 1079 925 1351
f 492 468 376
f 468 463 376
f 1079 438 925
f 813 468 492
f 813 1041 468
f 685 438 1079
f 1006 1041 813
f 1006 947 1041
f 1035 1240 685
f 628 947 1006
f 628 716 947
f 820 1070 1002
f 1745 510 820
f 463 510 1745
f 1854 1079 625
f 1120 1079 1854
f 1041 463 468
f 1041 634 463
f 400 1079 1120
f 400 685 1079
f 947 634 1041
f 400 1035 685
f 716 634 947
f 716 31 634
f 837 1332 1393
f 837 1374 1332
f 820 653 1070
f 820 381 653
f 1011 1374 837
f 820 751 381
f 949 1374 1011
f 949 682 1374
f 682 1880 1374
f 510 751 820
f 1007 682 949
f 682 625 1880
f 463 1584 510
f 1229 682 1007
f 1229 1854 682
f 1854 625 682
f 911 1854 1229
f 911 1120 1854
f 634 1584 463
f 634 473 1584
f 506 1120 911
f 506 400 1120
f 634 793 473
f 662 400 506
f 31 793 634
f 31 948 793
f 884 837 1393
f 467 1393 782
f 467 884 1393
f 467 782 712
f 381 456 653
f 381 1133 456
f 1011 837 884
f 998 884 467
f 998 1011 884
f 850 998 467
f 751 1133 381
f 751 798 1133
f 732 949 1011
f 791 1011 998
f 791 732 1011
f 791 998 850
f 957 798 751
f 510 957 751
f 1007 949 732
f 842 732 791
f 842 1007 732
f 1584 957 510
f 1584 531 957
f 941 1229 1007
f 989 1007 842
f 989 941 1007
f 1584 386 531
f 1583 1229 941
f 1583 911 1229
f 428 941 989
f 428 1583 941
f 473 830 386
f 473 386 1584
f 1040 911 1583
f 1040 506 911
f 572 1583 428
f 572 1040 1583
f 793 830 473
f 793 665 830
f 754 506 1040
f 754 662 506
f 729 1040 572
f 729 754 1040
f 948 665 793
f 948 1681 665
f 433 467 712
f 433 712 419
f 1133 433 419
f 1133 419 456
f 850 467 433
f 1085 850 433
f 1085 433 1133
f 798 1085 1133
f 787 850 1085
f 957 1085 798
f 957 787 1085
f 842 791 850
f 1806 850 787
f 1806 842 850
f 531 787 957
f 531 1806 787
f 1510 842 1806
f 1510 989 842
f 386 1806 531
f 386 1510 1806
f 1251 989 1510
f 1251 428 989
f 830 1510 386
f 830 1251 1510
f 382 428 1251
f 382 572 428
f 665 1251 830
f 665 382 1251
f 1082 729 572
f 1082 572 382
f 1681 1082 382
f 1681 382 665
f 1410 1608 1798
f 1475 200 1828
f 200 1475 1410
f 1475 1828 1652
f 1475 1608 1410
f 1475 1652 46
f 1475 355 1608
f 355 1475 46
f 817 1576 1518
f 817 836 1576
f 817 1020 836
f 836 1209 1576
f 836 708 1209
f 560 1576 1209
f 452 1388 228
f 452 1235 1388
f 228 1631 817
f 228 1692 1631
f 1388 1692 228
f 1119 628 1240
f 1119 995 628
f 522 995 1119
f 522 422 995
f 1088 422 522
f 1088 696 422
f 659 696 1088
f 659 799 696
f 690 799 659
f 1388 1456 1692
f 1631 1020 817
f 1235 1456 1388
f 1035 1119 1240
f 995 716 628
f 995 546 716
f 522 1119 1035
f 422 546 995
f 422 444 546
f 444 1340 546
f 696 444 422
f 696 431 444
f 799 431 696
f 799 761 431
f 691 690 659
f 846 690 691
f 690 761 799
f 690 846 761
f 668 846 691
f 668 743 846
f 1692 743 668
f 1456 743 1692
f 1456 602 743
f 1692 668 1631
f 1456 479 602
f 1235 479 1456
f 1053 1035 400
f 546 31 716
f 1053 522 1035
f 1340 31 546
f 737 522 1053
f 737 1088 522
f 431 1340 444
f 431 384 1340
f 737 659 1088
f 761 384 431
f 761 1427 384
f 702 659 737
f 702 691 659
f 846 1427 761
f 846 945 1427
f 945 923 1427
f 1284 597 702
f 597 691 702
f 597 668 691
f 743 945 846
f 945 602 923
f 602 945 743
f 1631 1293 1020
f 1631 1284 1293
f 668 1284 1631
f 668 597 1284
f 655 1004 662
f 1004 400 662
f 1004 1053 400
f 31 940 948
f 608 1004 655
f 608 524 1004
f 524 1053 1004
f 1340 940 31
f 1614 524 608
f 1614 765 524
f 765 737 524
f 737 1053 524
f 384 940 1340
f 384 748 940
f 876 765 1614
f 1427 748 384
f 1427 1545 748
f 963 765 876
f 963 126 765
f 126 737 765
f 126 702 737
f 923 1545 1427
f 923 507 1545
f 1020 935 836
f 935 126 963
f 935 1293 126
f 1293 935 1020
f 1293 1284 126
f 1284 702 126
f 602 507 923
f 602 549 507
f 479 549 602
f 479 1720 549
f 317 662 754
f 317 655 662
f 644 754 729
f 644 317 754
f 581 1681 948
f 940 581 948
f 392 655 317
f 392 608 655
f 578 317 644
f 578 392 317
f 940 781 581
f 759 608 392
f 759 1614 608
f 672 392 578
f 672 759 392
f 962 672 578
f 748 697 781
f 748 781 940
f 876 1614 759
f 618 759 672
f 618 876 759
f 618 672 962
f 1545 697 748
f 1545 1198 697
f 1230 963 876
f 959 876 618
f 959 1230 876
f 437 1198 1545
f 507 437 1545
f 935 708 836
f 708 963 1230
f 708 935 963
f 549 437 507
f 549 1174 437
f 1720 1174 549
f 707 729 1082
f 707 644 729
f 590 1082 1681
f 590 707 1082
f 581 590 1681
f 962 644 707
f 962 578 644
f 807 962 707
f 807 707 590
f 781 590 581
f 781 807 590
f 570 962 807
f 697 807 781
f 697 570 807
f 618 571 867
f 571 618 962
f 968 962 570
f 968 571 962
f 841 968 570
f 1198 570 697
f 1198 841 570
f 959 1017 1230
f 959 618 867
f 508 867 571
f 508 959 867
f 804 571 968
f 804 508 571
f 1415 968 841
f 1415 804 968
f 437 841 1198
f 437 1415 841
f 437 1166 1415
f 708 1017 1209
f 1017 708 1230
f 1174 1166 437
f 1174 268 1166
f 1720 268 1174
f 1322 24 1235
f 1322 1604 24
f 1604 1322 1984
f 24 479 1235
f 24 1720 479
f 24 1012 1720
f 24 157 1012
f 1604 157 24
f 1604 768 157
f 1012 268 1720
f 1410 1798 1984
f 1984 1798 1604
f 1798 768 1604
f 1637 1588 46
f 1588 1637 1153
f 1496 1344 1214
f 1769 1344 1496
f 1769 1637 1344
f 1153 1637 1769
f 1326 1153 1769
f 579 1496 10
f 579 1769 1496
f 1326 1769 579
f 924 1326 579
f 1608 1654 1798
f 1654 1608 355
f 1654 1205 1226
f 46 1588 355
f 1703 355 1588
f 1703 1153 1326
f 1703 1588 1153
f 355 1205 1654
f 1205 355 1703
f 1209 482 560
f 560 482 1535
f 1535 293 560
f 482 216 1535
f 1717 216 482
f 1017 482 1209
f 1017 907 482
f 959 907 1017
f 508 907 959
f 508 1231 907
f 804 1231 508
f 1415 906 804
f 1166 906 1415
f 268 906 1166
f 907 1717 482
f 1231 1717 907
f 906 1231 804
f 268 1852 906
f 1717 1869 216
f 1231 1869 1717
f 906 1869 1231
f 1852 1869 906
f 1852 5 1869
f 1012 1852 268
f 157 1852 1012
f 157 1689 1852
f 768 1689 157
f 768 370 1689
f 370 822 1689
f 370 55 822
f 1852 901 5
f 1689 901 1852
f 1689 822 901
f 1798 1654 1824
f 1798 1824 768
f 1824 370 768
f 1226 1824 1654
f 1824 1226 55
f 1824 55 370
f 315 1500 296
f 261 10 1181
f 579 10 261
f 1716 579 261
f 1716 924 579
f 261 1181 449
f 315 924 1716
f 1528 261 449
f 1716 261 1528
f 1762 1716 1528
f 315 1716 1762
f 1342 1528 70
f 856 1762 1528
f 856 1528 1342
f 1263 1762 856
f 1762 1263 315
f 315 1263 1500
f 1589 1342 70
f 240 538 91
f 91 538 1998
f 240 222 538
f 1998 538 1446
f 538 125 1446
f 222 125 538
f 239 222 240
f 1767 222 239
f 1767 189 222
f 222 189 1146
f 316 1514 1765
f 1514 1787 1765
f 316 189 1767
f 316 1909 189
f 316 1765 1909
f 1226 1205 339
f 1205 1609 1159
f 1205 1159 339
f 1226 339 1366
f 1159 990 459
f 1609 990 1159
f 1366 1787 1514
f 1366 459 1787
f 339 459 1366
f 459 339 1159
f 990 908 459
f 990 1773 908
f 459 908 1787
f 1703 1326 296
f 1609 1205 1703
f 296 1326 924
f 296 924 315
f 1703 106 1609
f 106 1703 296
f 1609 106 990
f 296 1986 106
f 296 1500 721
f 1986 296 721
f 106 1986 1773
f 106 1773 990
f 1986 944 1773
f 293 1535 91
f 216 240 1535
f 240 91 1535
f 1869 239 216
f 5 239 1869
f 216 239 240
f 5 1767 239
f 822 1514 901
f 55 1514 822
f 5 316 1767
f 901 316 5
f 901 1514 316
f 55 1226 1366
f 55 1366 1514
f 251 704 567
f 567 704 1511
f 704 14 1511
f 704 1423 14
f 1423 33 14
f 251 567 1292
f 1886 1511 17
f 1511 1286 17
f 1511 1882 1286
f 1511 14 1882
f 14 33 1882
f 1292 567 1886
f 567 1511 1886
f 1099 266 1423
f 1423 266 33
f 266 1506 33
f 266 1771 1506
f 1771 1207 1506
f 1771 1896 1207
f 1896 1349 1207
f 1882 369 324
f 33 369 1882
f 33 1506 369
f 1506 1207 369
f 1207 1349 369
f 1896 623 1349
f 48 623 1896
f 623 796 1095
f 796 1281 1095
f 369 1645 79
f 1349 1645 369
f 1349 1095 1645
f 623 1095 1349
f 1645 238 79
f 1095 238 1645
f 1095 1281 238
f 1281 1932 238
f 206 1440 1000
f 206 1256 1440
f 1281 1000 1932
f 1000 1760 1932
f 1000 1440 1760
f 238 294 1253
f 238 1932 294
f 1932 1760 294
f 1440 1710 1760
f 1440 1256 1710
f 1256 402 1710
f 1760 308 294
f 1760 1710 308
f 1500 272 1353
f 272 1500 1709
f 1709 401 272
f 206 211 1256
f 1666 272 860
f 1353 272 1666
f 401 860 272
f 211 1666 860
f 211 402 1256
f 1568 402 211
f 401 1247 860
f 401 742 1247
f 860 1568 211
f 860 1247 1568
f 308 974 1795
f 1710 974 308
f 1710 402 974
f 402 756 974
f 402 1568 756
f 1568 1247 756
f 1247 1270 756
f 742 1270 1247
f 742 872 1270
f 80 1342 1589
f 80 856 1342
f 1732 856 80
f 1732 1263 856
f 1263 1709 1500
f 80 1589 709
f 922 80 709
f 1709 1263 1732
f 568 80 922
f 568 1732 80
f 1709 1732 568
f 568 922 1628
f 1848 1709 568
f 1189 709 852
f 1189 922 709
f 1628 922 1189
f 568 1628 1315
f 568 1315 1848
f 1709 1848 401
f 680 1628 1189
f 1628 680 1315
f 1315 119 1848
f 1848 742 401
f 1848 119 742
f 1265 852 673
f 1265 1189 852
f 680 1265 931
f 1265 680 1189
f 680 814 1315
f 680 931 814
f 119 814 1504
f 1315 814 119
f 1134 673 516
f 1134 1265 673
f 1265 899 931
f 899 1265 1134
f 1504 814 1277
f 814 931 1277
f 119 872 742
f 872 119 1504
f 1446 251 1998
f 1446 125 1099
f 251 1446 704
f 1446 1423 704
f 1446 1099 1423
f 222 1146 125
f 1146 189 48
f 189 1909 48
f 125 1146 1099
f 1099 1771 266
f 1146 1771 1099
f 1146 1896 1771
f 1146 48 1896
f 1765 796 1909
f 796 1787 1780
f 1787 796 1765
f 1909 623 48
f 1909 796 623
f 908 1780 1787
f 1773 1355 908
f 1355 1780 908
f 1355 206 1780
f 796 1000 1281
f 1780 1000 796
f 1780 206 1000
f 1986 1074 944
f 1074 1986 721
f 944 1355 1773
f 1500 393 721
f 721 393 1074
f 1074 1355 944
f 1500 1353 393
f 1355 1333 206
f 1074 1333 1355
f 393 1333 1074
f 206 1333 211
f 1333 1666 211
f 393 1666 1333
f 1353 1666 393
f 974 220 1795
f 974 1346 220
f 1346 778 1424
f 974 756 1346
f 756 778 1346
f 778 645 1045
f 756 1270 778
f 1270 645 778
f 872 645 1270
f 1424 1045 1325
f 778 1045 1424
f 803 516 866
f 803 1134 516
f 803 866 636
f 811 1134 803
f 1277 706 1115
f 931 706 1277
f 706 797 811
f 899 706 931
f 899 797 706
f 797 1134 811
f 797 899 1134
f 1504 645 872
f 645 1504 1277
f 1045 921 1325
f 921 1856 1325
f 921 722 1856
f 722 1165 569
f 1165 636 569
f 1165 749 636
f 803 636 749
f 1045 1115 921
f 1115 722 921
f 1115 1165 722
f 1115 580 1165
f 706 580 1115
f 580 749 1165
f 811 580 706
f 580 803 749
f 580 811 803
f 1277 1045 645
f 1277 1115 1045

