# https://github.com/mikedh/trimesh
v -0.24364005 0.01946094 0.78261447
v -0.02537533 0.20160674 -0.63707834
v 0.07433692 -0.07578817 -0.65404230
v 0.00166239 0.23672925 -0.85019314
v 0.14007716 -0.18044734 -0.25347352
v -0.22537889 0.06772040 -0.23721462
v -0.30482739 0.14120041 0.84992027
v -0.17548470 0.02746581 -0.61648107
v 0.05614698 -0.12972969 -0.82962364
v -0.33547264 0.20412865 -0.35750821
v -0.20838442 0.11928000 -0.26214975
v 0.11440205 -0.13035963 0.50983208
v 0.29228365 0.20194386 0.56897616
v -0.30459097 0.27048987 -0.77494204
v -0.31773823 -0.13582835 0.83349264
v 0.07464635 -0.21182950 -0.14300035
v -0.09020244 -0.00060226 0.17834932
v 0.29066667 -0.26087105 -0.35656372
v -0.08869320 -0.32252595 0.83043605
v 0.25864735 0.18777037 0.84841269
v -0.35445318 0.11696958 0.83919966
v 0.01815602 -0.11900732 -0.63151097
v -0.37550771 0.03306790 0.46869969
v -0.13807176 -0.18585162 -0.24901763
v 0.10843480 -0.07978168 -0.82897335
v 0.11556330 -0.11221383 -0.85053062
v 0.13775173 0.12076953 0.50304484
v -0.23349610 0.21039039 0.85013622
v -0.30729157 -0.09129381 0.84712356
v 0.39380229 0.08985052 -0.60231286
v 0.05025164 -0.04114401 0.43202931
v -0.07200494 0.22138415 -0.25372875
v 0.14940414 -0.07415238 -0.84989381
v -0.14017931 0.01519212 0.45669872
v 0.22099113 -0.11898399 0.32278770
v -0.03870780 0.19234022 -0.63286167
v -0.13693517 -0.20213577 0.82067335
v 0.18011576 -0.09171741 0.82624274
v -0.23333636 0.14899699 0.31387219
v 0.28140819 0.10175799 0.84919769
v -0.08444681 -0.23445228 -0.27065253
v 0.07787786 -0.00524412 0.34811887
v 0.08218829 -0.16879115 0.50370890
v 0.23812950 0.22925295 0.84875399
v 0.06589819 -0.21714112 0.82721221
v 0.17663963 0.02977902 -0.75806612
v -0.37624821 0.14591807 -0.38397738
v 0.03878968 -0.11242724 -0.64920533
v -0.36983341 0.13339306 -0.82951510
v -0.13828832 0.07528774 -0.81851333
v 0.29258305 0.05076123 0.84883350
v 0.14599949 -0.03816844 -0.81519663
v 0.20611572 -0.10396096 -0.26125950
v 0.06792320 -0.14638418 -0.84888285
v 0.01015101 0.25302088 0.33319560
v -0.00058087 0.08535457 0.19494256
v -0.23083080 0.28055838 0.42792496
v 0.34117258 -0.04966804 0.37127432
v -0.08350009 0.24427681 0.83292454
v -0.05052844 0.35288283 0.83082622
v -0.06638919 0.14460100 -0.61251527
v 0.06298216 -0.02228121 0.10809070
v -0.24582319 -0.27023280 -0.84401333
v 0.18223715 0.13709635 -0.20061329
v -0.02751884 0.18905750 -0.75592637
v 0.13501520 0.27412087 0.84899646
v 0.25298816 -0.10021123 0.85118949
v -0.05777030 -0.03439801 0.13317588
v -0.00528069 0.11493270 0.41732588
v 0.12781861 0.08625655 -0.82689089
v -0.08763100 0.37610027 0.71976566
v 0.06837370 -0.01051513 0.37401208
v 0.22071637 0.27202460 0.83258528
v 0.21857257 -0.01665079 0.82757163
v 0.22885896 -0.06984786 0.30755925
v -0.30442563 -0.18617673 0.35704890
v 0.10903178 -0.20621875 -0.26179439
v 0.07367127 0.02838593 0.41635677
v 0.00489198 0.18739152 -0.68070441
v 0.16061836 0.17001288 0.83155805
v -0.07434837 -0.25094980 0.83534634
v 0.13173862 -0.19175085 0.83745819
v 0.15526289 0.08251836 0.62496853
v -0.14852083 0.14026354 0.59021306
v -0.21410519 -0.16604966 0.82283425
v 0.29588488 -0.27894565 -0.80106467
v 0.12536030 0.05601069 -0.65245819
v -0.10108335 0.01526541 0.26518020
v -0.11850850 -0.16938253 0.58852482
v -0.30662447 0.23729086 -0.83079302
v 0.07222027 0.02935450 0.17287906
v 0.23660782 -0.32100996 -0.81608850
v 0.13226305 0.08316300 0.47000557
v -0.10156758 0.39145392 -0.79865241
v -0.12083976 -0.22177300 -0.27193895
v -0.01893031 0.23079230 0.12092131
v 0.13947257 0.37063420 -0.37721121
v -0.23238453 0.06626635 0.80518937
v -0.05479787 0.16665252 -0.61903429
v 0.35539970 0.13714150 -0.33929941
v 0.01217995 -0.33839676 0.83336598
v -0.29529721 -0.25740957 0.44183403
v -0.22825450 0.06573900 -0.17010541
v 0.15872696 0.30494073 0.37629178
v -0.17769268 -0.28588200 0.83798319
v 0.18790804 -0.31591028 -0.32945848
v 0.15562297 0.15238667 0.77146238
v -0.18771914 0.01037518 -0.60973680
v 0.07337718 -0.11305141 -0.82908559
v 0.16620862 0.02098021 -0.69120526
v -0.06489556 0.14969575 -0.80304611
v 0.02682175 -0.06936645 0.16935796
v -0.36924973 0.05078076 0.37021315
v -0.01585350 0.07038798 0.13938276
v -0.10108685 -0.33712819 0.80152786
v -0.00755754 -0.17045525 -0.74798715
v -0.02739159 0.09427889 0.25371185
v -0.18513198 -0.03766814 -0.78124487
v 0.30791691 -0.16536111 0.83305818
v 0.27540031 0.21281251 0.82927144
v 0.34272343 0.17253371 -0.34205440
v -0.24492326 0.01322596 0.28539056
v -0.11925890 0.36484584 -0.34545523
v -0.07364103 -0.17005861 0.55533618
v 0.06802730 0.39358661 -0.80518985
v 0.13216911 -0.09088081 -0.84994018
v -0.37194231 0.07638653 0.83150107
v -0.36948457 0.13055924 0.73048449
v 0.26114836 0.26702544 0.64580250
v 0.05179702 0.15900949 -0.83596730
v 0.20565960 0.11338990 -0.26304850
v -0.30247903 -0.27139550 -0.38294721
v 0.36818299 0.01453930 -0.83307827
v 0.24974202 0.03703387 0.84921485
v -0.08576336 -0.23121287 0.82831454
v -0.09945588 -0.00921546 0.38305253
v 0.00726134 0.17432135 -0.62806237
v -0.00024840 0.39179108 -0.81383359
v -0.01675818 0.20926778 -0.67242038
v 0.05860446 -0.24897958 0.31813422
v -0.27878079 0.29573187 -0.80083233
v 0.11627562 -0.10794517 0.49919561
v 0.16601487 0.00640919 0.50624323
v 0.27094993 0.23601948 0.37747329
v 0.12174802 0.19850452 0.83061224
v -0.35984513 0.12426186 0.37371409
v 0.24515088 -0.19703855 0.34794649
v -0.01659295 0.20140560 -0.68790555
v 0.13888390 -0.37940237 -0.77997738
v 0.25858480 0.27175876 0.54411161
v 0.06993017 -0.01005419 0.40126589
v 0.16826060 -0.36142626 -0.81297392
v 0.04458429 -0.13229752 0.48978093
v 0.30379876 0.08171098 0.36108792
v -0.39335251 0.09232210 -0.38679916
v 0.16960393 -0.28817424 0.83559293
v -0.35635725 -0.01584886 0.36452731
v -0.20457737 -0.04955112 -0.62074947
v -0.04263279 0.22787564 0.77714890
v -0.25523251 0.17878257 -0.29905015
v -0.33602351 -0.03254898 0.84195560
v -0.18682732 0.03197667 -0.83058369
v 0.07123443 0.10437650 -0.63300848
v 0.15716013 0.02071895 -0.64929920
v 0.12007869 0.18884921 0.79863542
v 0.08331882 0.33018458 0.37629887
v -0.09017950 -0.00396590 0.16135441
v 0.04169650 0.03751284 0.09245487
v 0.18940589 0.26191467 0.84797531
v -0.39104992 0.10210026 -0.79697752
v 0.15510343 0.06081187 0.58041382
v -0.07430406 -0.01075598 0.11231261
v -0.18930022 -0.03656736 -0.81463486
v -0.15331469 0.01008158 0.49678755
v 0.00404064 0.09634779 0.37430200
v -0.34658363 0.15566969 0.79936850
v -0.13711867 -0.30599687 0.34734845
v 0.08932364 -0.14010496 0.49649417
v 0.08362991 -0.37469932 0.56105983
v 0.07112840 0.13970432 -0.83415818
v -0.26855364 0.21450141 0.83396566
v -0.03200357 0.35831636 0.37247285
v 0.29919490 -0.25312012 -0.82620788
v -0.00368963 0.09196122 0.24496093
v 0.20564091 -0.26542422 -0.85054904
v 0.08769738 -0.36017165 0.82252729
v -0.10205844 0.22007863 0.27269596
v 0.09113786 0.39392161 -0.64417106
v -0.00069438 -0.07850772 0.33135924
v -0.00516104 -0.16008668 -0.64877528
v -0.37885237 0.13970968 -0.79578960
v 0.11231280 0.31756783 0.37181550
v 0.17535226 0.01679064 -0.72163945
v 0.33039495 -0.14113855 0.83498698
v -0.37326717 -0.15341122 -0.79439771
v -0.17167717 -0.06289423 -0.78982937
v 0.12711734 -0.05612655 -0.81585968
v 0.08215123 0.01958609 0.14066330
v -0.00641052 0.18959364 -0.75592148
v -0.13081878 -0.35613990 -0.33986112
v -0.32578182 0.17562741 -0.33162561
v -0.24326040 0.29467341 -0.83541977
v -0.34092852 -0.09860651 0.81003779
v 0.38025835 0.03761035 -0.82368457
v -0.39402890 0.01680702 -0.82491869
v 0.24700622 0.25605497 0.83284569
v 0.03380780 0.14812313 -0.72750676
v 0.09650223 -0.03910231 -0.63477808
v 0.08744829 -0.09546785 -0.82126307
v -0.07245787 -0.39401513 -0.80202103
v 0.02389963 0.04796677 0.09435127
v -0.35705850 0.02404383 0.83621246
v -0.22462569 0.32058868 -0.83163214
v 0.21911415 -0.07664398 0.27237484
v -0.26044321 0.04825151 0.83120561
v -0.26693842 0.23282014 0.80886835
v -0.21148877 0.33384970 -0.82611388
v -0.36994517 -0.00397725 -0.32849082
v -0.17887542 0.02354668 -0.74745423
v -0.07136422 0.36163208 -0.83550304
v -0.03389903 0.39245501 -0.81406379
v -0.04880492 -0.26717210 0.83519465
v 0.31825235 0.05157238 0.83184767
v 0.30873838 0.23578031 -0.34826782
v -0.22739252 0.08373060 0.28689843
v -0.11801335 0.02861835 -0.59167999
v 0.00139606 0.35737434 0.38718036
v -0.37843898 0.01478647 -0.84290701
v 0.19361071 0.02667555 -0.81567556
v -0.11563338 -0.21729791 0.29515716
v 0.37063193 -0.15796393 -0.80433440
v 0.18786414 -0.01393787 0.61335337
v 0.07646810 0.01449402 0.22140844
v -0.32749295 0.02894530 0.85017389
v 0.20732391 -0.08420767 -0.23772711
v -0.02379797 0.21458617 0.69677234
v 0.16145778 -0.03991767 0.49915653
v -0.10576587 0.03362524 0.29484153
v -0.17609231 -0.14841448 0.66389161
v -0.27343628 -0.18650822 0.84571135
v 0.34213579 -0.08563507 0.37230027
v 0.22405595 0.05188625 -0.25669509
v 0.06368069 0.16760309 0.52344275
v 0.10474270 -0.32835129 0.35260552
v 0.08480813 0.00667449 0.42023572
v -0.36255231 0.17481783 -0.80293238
v 0.33243138 0.20313904 -0.82690603
v 0.07830633 -0.05349118 -0.63052076
v 0.10885905 0.10440415 -0.83132178
v -0.07836983 0.18714169 -0.84968972
v -0.08477776 0.04502589 0.22277731
v -0.00358503 0.19904529 -0.82390159
v -0.01386686 0.11193091 0.34824455
v 0.04359370 -0.00698841 0.08597539
v -0.23929502 -0.03539673 0.28485775
v 0.17762049 0.18548124 0.85081917
v 0.26479021 0.26018244 -0.33043939
v 0.06334460 0.04032522 0.11822257
v 0.07311955 -0.01146465 0.20409459
v 0.06326676 -0.24290995 0.83908433
v 0.23954913 -0.28905204 -0.83551526
v -0.17282264 0.34410200 -0.83528894
v -0.21806125 0.13356675 0.84868377
v 0.13481808 0.21888979 0.84983629
v -0.11284448 0.12513362 -0.83955860
v 0.07254535 0.02869489 0.32269508
v -0.09390146 0.12109136 0.45601115
v 0.13389549 0.30276570 0.36396712
v 0.01983692 -0.05952599 0.10214224
v -0.09164044 0.31112319 0.34374237
v 0.15438150 0.03281756 -0.67489624
v -0.17025082 -0.07090735 -0.64217615
v -0.20066537 -0.18503775 0.83408326
v 0.10735215 0.07409736 -0.67859584
v 0.16359299 0.00990423 -0.68858898
v 0.20345837 0.09613580 -0.22465140
v -0.13674428 0.34503517 0.37181702
v 0.14353560 0.01460667 -0.63239169
v 0.06676653 0.39331779 -0.38042393
v -0.09098186 -0.21505755 0.81215680
v -0.15230709 0.17547704 0.83429742
v 0.13642590 0.18343145 -0.24771895
v -0.22222216 0.06315555 0.72938567
v -0.22001994 -0.22003777 0.84675902
v 0.05124454 -0.39298627 -0.80771315
v -0.00009232 -0.25131911 0.32104152
v -0.16584772 -0.30491602 0.35882872
v 0.06344418 -0.18445411 0.67353940
v -0.07691667 -0.15304397 0.52950215
v -0.21488632 0.26740563 0.83367461
v -0.04128592 0.22800590 -0.23359214
v -0.17002308 -0.11518250 0.59696674
v -0.18049483 0.15988718 0.28573009
v -0.09762036 -0.15080836 0.54800236
v -0.00858386 -0.16455893 -0.68020600
v 0.32186908 0.23799053 -0.81643981
v 0.00637063 -0.17063086 -0.81591982
v -0.27856568 -0.29662129 -0.80080664
v -0.02879494 0.05507382 0.11956108
v -0.17068747 -0.06600495 -0.80898368
v 0.10564936 0.05361170 -0.62791288
v 0.06058531 0.12915152 -0.64534968
v -0.34547582 0.20738247 -0.80206782
v -0.05940355 -0.13463412 -0.63775229
v -0.08447401 0.35351548 0.83317846
v 0.21089701 0.01580103 -0.83345675
v 0.15850851 -0.27796206 0.34585595
v -0.04266470 -0.02059254 0.10154470
v -0.08696297 -0.00894200 0.22931412
v 0.29289520 0.26359501 -0.35922214
v -0.02705395 -0.18962362 -0.82950932
v -0.00215708 -0.35758781 0.81574106
v 0.20125359 -0.14386851 0.31897196
v 0.12696619 -0.07110210 -0.83731729
v 0.26794180 0.26991338 -0.83147764
v -0.09911779 0.01522713 0.23664378
v -0.16494256 0.17375363 -0.20055029
v 0.13195972 -0.09274450 0.50381458
v -0.26011589 0.30019617 -0.35416210
v -0.03107282 -0.23504312 0.80236048
v -0.29278144 0.20407318 0.36702403
v 0.00848821 -0.07985339 0.15258154
v 0.28943488 0.20423700 0.39373714
v -0.09232115 0.01596539 0.20962454
v -0.09934860 0.20542693 0.59540570
v -0.02679613 0.18993688 -0.78101188
v 0.08693773 0.31244293 0.35910472
v 0.11584805 -0.03171931 -0.65896696
v 0.13018140 -0.14972591 0.75417256
v -0.02415279 -0.35777900 0.79318792
v -0.22382927 0.00798551 -0.84644991
v 0.21321088 0.05213489 -0.85087836
v 0.12360518 0.14975117 0.53038937
v -0.05131327 -0.23996742 0.82261693
v 0.03427822 0.24695836 0.33679110
v 0.26597533 0.26062715 0.51876837
v -0.08583948 0.27107841 0.84888250
v -0.16923234 0.15897703 0.83560824
v -0.05196612 0.22157013 0.69815302
v 0.00849363 0.08014170 0.14439200
v -0.15650187 -0.16877265 0.62895381
v -0.16662787 -0.11559075 -0.85082930
v -0.17389086 -0.03533967 -0.59374911
v -0.26308683 0.24923268 0.39554456
v 0.05112202 -0.34533003 0.83503360
v 0.20766374 -0.01832226 0.80254650
v 0.11955895 0.23035873 -0.27640086
v 0.03389817 -0.37782443 -0.83290261
v 0.03576275 0.32482633 0.83647805
v -0.02706865 0.32576004 0.35302171
v -0.22039104 -0.02340696 0.62685066
v 0.00221927 0.08439947 0.16277279
v 0.24985388 -0.00273480 -0.27036273
v 0.10315340 0.15462196 0.47684586
v -0.10419137 -0.21169271 -0.25980860
v -0.06984361 -0.39396256 -0.40498006
v -0.17750165 -0.15956298 -0.13561901
v 0.00016562 -0.23210081 -0.25448263
v -0.18883891 -0.14128330 -0.17664780
v 0.05080303 0.32682347 0.36018845
v 0.16283256 -0.06121816 -0.85019541
v 0.10688318 -0.01459204 0.45100489
v 0.17170404 -0.32400048 -0.83790594
v -0.05209003 -0.33470529 0.35632271
v -0.06573533 0.39217088 -0.81182641
v 0.06938139 0.33054462 0.80394357
v -0.25590011 -0.23766868 0.84667879
v -0.17840974 -0.15857999 0.12457783
v 0.07219668 0.02226487 0.25475076
v 0.07844781 0.00847379 0.25492948
v -0.11155882 0.22528683 0.29604849
v 0.16025829 -0.13536368 0.82829869
v -0.03156636 0.11724395 0.40922034
v 0.08417045 0.00614335 0.32143059
v 0.08968226 0.12001028 -0.83098453
v 0.07115023 -0.01296105 0.22933276
v 0.22526816 -0.33233279 -0.47536817
v -0.37789655 0.08797771 -0.83768976
v -0.00138869 -0.38215744 -0.82624745
v -0.23853497 -0.17256701 0.83831382
v 0.27159637 0.30361810 -0.70419663
v 0.35442245 -0.12087090 0.58606023
v 0.30911800 0.02987877 0.35643849
v -0.15790609 -0.05334786 -0.60089040
v 0.13822962 0.37350431 -0.81549221
v -0.05869439 0.03024259 0.11638577
v -0.28489479 -0.25371999 0.82659036
v 0.12297324 0.05037220 0.46105799
v 0.34204444 -0.01016445 0.80884475
v 0.08592832 0.00610175 0.16851559
v -0.03166044 -0.35748973 0.66343117
v -0.01288236 -0.07287581 0.23772213
v 0.17806444 -0.03136836 0.56022096
v -0.25553262 -0.03410110 0.31411675
v -0.01702271 0.23849691 0.81779373
v -0.15767731 -0.16834250 0.69559240
v 0.29785353 0.13512798 0.83216083
v 0.23997250 0.32457241 -0.80433381
v -0.10941410 -0.10608412 -0.73325074
v 0.18963121 -0.33782262 -0.35465732
v 0.16510148 -0.02110741 -0.81815928
v 0.05130196 -0.36911500 0.81626707
v -0.33639839 -0.12372586 0.39133081
v -0.29194266 0.19002733 0.83486784
v 0.03913966 0.22869940 -0.15284953
v 0.15357167 0.09584950 -0.84972727
v 0.26269773 0.26483572 0.57756728
v -0.26731288 -0.06500612 0.84195071
v -0.08505464 0.36695701 -0.33775878
v -0.13842662 0.19220866 -0.25408715
v -0.06176938 0.19759698 -0.84706753
v 0.18246280 0.15604134 0.84841305
v -0.19802850 0.14944422 -0.26572955
v 0.16929229 0.34923315 -0.35045317
v -0.23744433 -0.32944345 -0.80459440
v 0.24447034 0.05381071 -0.27218214
v 0.16771755 0.16909640 0.30409870
v 0.24356700 -0.18749022 0.84944582
v -0.23081371 -0.06817343 0.29896545
v -0.05988136 -0.34164801 0.81811887
v -0.05013167 -0.20248805 -0.85028768
v 0.18297428 0.35609800 -0.81170964
v -0.05146119 0.17325042 -0.63811988
v -0.05241716 -0.23200983 -0.26343212
v -0.11645763 -0.17463832 0.66684604
v 0.07549693 -0.37541950 0.49651271
v -0.06733350 0.35970721 0.37101519
v 0.32319325 -0.15447405 0.38863271
v 0.03658870 -0.22330368 -0.23819321
v 0.19277500 0.33495602 -0.82838708
v 0.26779604 0.01816563 0.85030490
v -0.18454413 -0.14916831 0.28355622
v 0.26552373 -0.20419541 0.83249420
v 0.08065061 0.00847159 0.28904194
v -0.37073767 0.08420357 -0.33944422
v 0.02979481 0.37505788 -0.82848853
v -0.02850917 -0.14664371 0.47787097
v -0.05422434 0.17337538 -0.83010483
v 0.06636756 -0.22202414 -0.26107991
v -0.01622130 -0.17352198 -0.70448601
v -0.06958354 0.21007498 0.57281685
v 0.24837179 -0.22114106 0.83209449
v 0.11289454 -0.01930900 -0.63240755
v -0.25726539 0.18933755 0.84948337
v 0.06802896 0.37472308 -0.82964051
v -0.04788771 0.16097224 -0.60494089
v -0.02764456 0.13514119 0.44105315
v -0.03833943 0.02496138 0.10217505
v -0.31672695 -0.21102409 0.64100569
v 0.07554840 -0.01204315 0.42378139
v -0.17868012 -0.16546290 0.30619663
v -0.00787375 -0.18948111 -0.82994127
v -0.12007677 0.00040749 0.42440704
v -0.15503867 0.02814337 -0.60328472
v -0.02717661 0.19270666 -0.70513630
v 0.05165083 -0.18746747 -0.85094398
v -0.34083593 0.21739733 -0.72250628
v 0.23927325 0.00683346 -0.85062200
v 0.03817442 0.05875967 0.38226503
v 0.19545627 0.00385232 0.66520965
v 0.06894290 0.02502966 0.38221505
v 0.10266462 -0.36209723 -0.83497393
v 0.24780908 0.03527343 0.32412860
v -0.23799075 0.04011524 0.76430058
v -0.02617996 -0.03552373 0.10283487
v -0.07141680 -0.11890035 -0.62866575
v 0.21298280 0.02185135 0.79422420
v 0.22238176 -0.00545934 -0.03277884
v 0.17179979 -0.17323473 0.31949672
v 0.20519960 -0.22484434 0.84901661
v 0.12839401 -0.17410888 0.81569070
v 0.15005933 -0.06929927 0.50527763
v 0.25615981 -0.31888199 -0.77932066
v -0.00580970 0.19011925 -0.73024356
v 0.13140747 0.01790795 0.45390478
v -0.23906104 -0.10794561 -0.27499053
v -0.05259340 -0.31124952 0.83566427
v -0.02646560 0.20602988 -0.65403694
v 0.02324562 0.02514001 0.09031015
v -0.23904264 -0.05038710 0.81911719
v -0.06921603 -0.13395147 -0.66044974
v -0.22280425 -0.30238575 0.74792427
v -0.13830002 -0.22166660 0.31442374
v -0.07059126 0.23789269 0.29080841
v -0.06884540 0.22001924 0.65314049
v -0.00646546 0.20691648 -0.64675885
v 0.14954218 -0.31829870 0.82579696
v 0.01195720 -0.22280860 0.77651781
v 0.23199594 0.01874925 -0.26035568
v 0.16671206 0.21831988 0.85128105
v 0.04423377 -0.05405518 0.12558509
v -0.07399925 -0.21524832 -0.25051853
v 0.15330715 0.04831855 0.54409796
v -0.02561378 -0.16270047 -0.64883047
v -0.01594423 -0.17555848 -0.72125059
v 0.29318827 -0.14094786 0.85012573
v -0.01495760 -0.02161410 -0.58247602
v 0.17249814 -0.34527263 -0.82763308
v -0.18640523 -0.01724559 -0.74707133
v -0.05475603 0.01212006 0.10147472
v 0.10041463 0.28448898 0.84860820
v 0.17250110 0.15979186 -0.25884047
v 0.33676204 0.02854376 0.41153196
v -0.22570267 -0.29004854 0.37336147
v -0.30050275 0.26743501 -0.81352389
v 0.01687898 -0.18074758 0.50219011
v -0.13989626 -0.19662261 0.29813257
v 0.20471247 0.11835900 0.31222871
v 0.28215232 0.29410791 -0.78035212
v 0.20380849 -0.11873842 0.29022068
v 0.08114419 -0.17586690 0.58019477
v 0.19671312 -0.27208865 0.82987660
v -0.32352224 -0.16602759 0.81131041
v 0.26159233 0.26571932 0.67946792
v -0.01606917 -0.05583597 0.10671107
v -0.01974091 0.04022503 0.10378327
v -0.16581793 -0.35548073 -0.36224714
v -0.02788925 0.18973491 -0.72198528
v 0.14658901 0.13464937 0.67865264
v -0.28180510 0.22875500 0.38552079
v 0.05042559 0.07304721 0.44357330
v -0.22951709 0.03976426 0.73136252
v -0.28756133 -0.25434804 0.37174153
v -0.15771325 -0.17742617 0.29587835
v 0.05690234 0.09950253 0.46405211
v -0.33920747 -0.22213070 -0.80066741
v -0.32331622 -0.17732419 0.52876037
v 0.32380673 0.00868527 0.83358693
v 0.15699358 0.16536768 -0.23764695
v 0.09017546 -0.39385039 -0.76766694
v -0.03793338 0.19679880 -0.83449388
v 0.02460575 0.21491387 -0.85044366
v -0.09098834 0.00073802 0.12319245
v 0.19612183 0.13728897 0.84971011
v 0.17051156 0.05601226 -0.83453500
v -0.08658124 -0.00926351 0.24630918
v 0.30751154 0.14596488 0.39668286
v -0.33915678 0.12478827 -0.85012168
v 0.30592689 -0.01752939 0.84942138
v -0.12818661 0.20110159 0.27107167
v 0.07131539 -0.38591120 -0.81968468
v 0.24969138 0.29418191 -0.34320989
v 0.01066693 -0.06999870 0.27169359
v -0.28711459 -0.26862937 0.71345001
v -0.26103827 0.00114708 0.82865763
v 0.15987730 -0.16004437 0.08532626
v -0.06696680 -0.23733649 0.30866945
v 0.02839979 0.34241828 0.36767426
v -0.17348951 -0.35924917 -0.81439024
v 0.04957316 0.21690087 0.81841922
v -0.11608569 -0.28561571 0.84035605
v 0.07074463 0.02668064 0.28793895
v 0.08390656 0.25051171 0.85126173
v 0.21991217 0.06623117 0.30927432
v -0.27464315 -0.27565166 0.79828531
v 0.13579522 -0.15431020 0.80064631
v 0.20410727 -0.22565611 -0.29572099
v -0.22577216 0.08887691 0.83057022
v 0.28630209 -0.18443276 0.83191973
v 0.11401826 0.16675785 0.56185699
v 0.35823974 -0.08982134 0.41150707
v 0.26832312 -0.25510505 -0.32826090
v -0.37436298 -0.08462248 -0.83286673
v 0.21417604 0.08257774 -0.25785556
v 0.07980967 0.02347933 0.11636467
v -0.27358201 -0.15435600 0.84728539
v -0.33879104 -0.03378162 0.34912124
v 0.30332255 0.11899960 0.36761150
v -0.21425784 0.03702786 0.67875284
v -0.14221449 0.18870041 -0.12757938
v -0.03668381 -0.34471759 0.82046252
v 0.15803047 -0.16474777 -0.25251061
v -0.11867814 -0.20184503 0.80319583
v -0.12698875 0.17177290 0.59952515
v 0.32103652 -0.25121334 -0.79785424
v -0.25533488 -0.28347629 -0.34134451
v -0.31052610 0.26380968 -0.57628191
v -0.06852897 0.11621390 -0.60114878
v 0.13293584 -0.30065048 0.84344202
v -0.07969318 0.14122963 0.47580418
v 0.26804477 0.29975945 -0.81389266
v 0.17007045 0.28864869 0.83278894
v -0.18920021 -0.00214966 -0.69792497
v -0.17723185 -0.17071483 0.76306653
v -0.36015430 0.06939723 -0.85034245
v -0.22119978 -0.25511450 0.84610081
v 0.01734575 0.25039726 -0.26961464
v -0.10481475 0.21135390 -0.25797603
v 0.36748812 0.05730072 -0.33297160
v 0.17409895 -0.14675449 -0.25188547
v 0.25398177 -0.32123107 -0.71295220
v -0.17595339 -0.28578648 0.34336075
v 0.32253215 -0.18844646 -0.33374900
v -0.37144405 0.09758201 0.82903761
v -0.13334061 -0.10711700 -0.83400971
v -0.18352130 0.30298713 0.36404967
v 0.00257820 0.07644950 0.12197901
v 0.01548037 -0.20282897 -0.85052592
v 0.23902039 0.00179416 0.83813781
v 0.15315378 0.03222195 0.49130875
v 0.20774519 -0.15672570 0.85069472
v 0.22143389 0.01060280 0.81904060
v 0.10013121 -0.20525964 0.83486158
v -0.03742288 -0.35468578 -0.32075760
v -0.25620961 -0.30066445 -0.82510251
v 0.36026403 0.07383423 -0.83653998
v 0.18482456 -0.18322569 0.84941745
v -0.16455421 0.33274436 0.37925765
v -0.17937423 0.15856421 -0.25281507
v 0.39281309 0.09917634 -0.77030957
v -0.18114488 -0.24963830 -0.29832742
v -0.22827522 -0.06096719 -0.16132301
v -0.00338915 0.12916465 0.44504532
v -0.18114692 0.26637861 0.84967750
v -0.08485946 -0.28895727 0.83903873
v -0.20562299 -0.00837434 -0.64454275
v -0.15346543 -0.08627541 -0.83004361
v 0.23310184 -0.24058166 0.82870281
v -0.26570019 0.02482899 0.82823509
v -0.09645866 -0.23150121 0.30713180
v 0.26764399 -0.16597727 0.84984535
v 0.18125966 -0.00562109 -0.81655586
v 0.10118878 -0.15375905 0.52246922
v 0.31684214 -0.12857221 0.36025706
v -0.29606959 -0.25669730 0.47555989
v -0.25241134 -0.11578817 0.83923340
v 0.03353877 -0.25193295 0.32098615
v -0.18511379 0.00267900 -0.78200966
v -0.29321036 -0.13251533 0.84768379
v -0.22874765 -0.05802001 0.09464241
v 0.15776099 -0.11416451 0.80604267
v -0.17784041 -0.15907861 0.07699808
v -0.37486041 0.13063894 0.44915137
v -0.07344144 0.39328879 -0.37814072
v -0.03346266 -0.17091826 -0.77138811
v -0.07329850 0.23388252 0.81217414
v -0.09059584 0.23666006 -0.27166626
v -0.05528567 -0.15611674 -0.79565108
v -0.27663070 -0.21830101 0.84198856
v 0.00130121 -0.36896092 -0.32821688
v 0.10184646 0.21613075 0.84127289
v -0.09077927 -0.39368579 -0.49005127
v 0.05952995 -0.15871190 0.49618340
v -0.25422302 0.32024008 -0.78532296
v 0.10832416 0.01436925 0.44319528
v 0.01466203 -0.07482166 0.43355820
v -0.35644731 0.13607138 0.82245409
v -0.02761167 0.18902288 -0.73894823
v 0.15903662 0.37093446 -0.79032445
v -0.00941132 -0.08523975 0.41903114
v 0.14754823 0.12014184 0.61212313
v -0.18381001 -0.15663622 0.72967046
v 0.00056180 0.39317349 -0.35835084
v 0.35693100 -0.18689544 -0.79940283
v -0.25689727 -0.03258679 0.83330297
v -0.20553856 -0.05718295 -0.63685167
v 0.15498862 -0.32881069 0.79936790
v -0.23904113 -0.27096108 0.35496461
v 0.14040507 -0.30961299 0.35636067
v -0.14610112 0.18837714 0.28395557
v -0.10304218 -0.38238016 -0.81995720
v -0.12139798 0.10211325 -0.83106273
v -0.37492937 0.12577954 0.50193024
v -0.37016803 0.01685246 0.37931627
v 0.19179086 0.01292143 -0.78936708
v 0.07836519 -0.10409807 0.49157876
v -0.28486946 0.16514078 0.84872377
v -0.28806680 0.03384721 0.84396279
v -0.03563631 0.29162553 0.85100192
v -0.10832059 0.36862633 0.75947428
v -0.10295761 -0.20360245 -0.23961985
v 0.34344327 -0.14023396 0.66805232
v -0.37557074 0.03961724 0.79819852
v 0.03525831 -0.14935067 -0.82883322
v -0.19017053 0.13575017 0.83590400
v -0.19456005 -0.05927410 -0.67199910
v -0.00954754 0.10289069 0.28731558
v -0.19634563 -0.06876431 -0.84092379
v -0.10339162 0.00663267 0.30547890
v 0.30537978 -0.21798790 -0.83492213
v -0.10191520 0.26971766 0.31920463
v -0.13659759 -0.37040153 -0.82209706
v -0.01873346 0.33439812 0.84007633
v -0.01856130 0.25389916 0.83801317
v 0.04256309 0.15049572 -0.79704350
v -0.33234492 -0.20208432 -0.82948500
v 0.00352955 -0.19661210 0.57721323
v -0.32427824 0.15814114 0.83460081
v -0.16653076 -0.17604594 -0.26044267
v 0.00358430 -0.22859110 0.01340145
v 0.17997363 0.13923138 -0.05052573
v 0.18406546 -0.06181285 0.80245894
v -0.25824612 -0.00223574 0.30659726
v 0.08512784 0.31477845 0.83085263
v 0.01165080 -0.07960420 0.11795421
v 0.21750562 0.28725439 0.75359792
v 0.34692845 -0.11274186 -0.32933599
v 0.12050686 0.01548452 -0.62185878
v 0.05819821 0.32126948 0.83280820
v -0.08757176 0.09043118 0.37307408
v -0.29873556 -0.20280702 0.83102548
v 0.05431373 0.18939659 -0.85056621
v -0.26877579 -0.28155151 0.50271583
v -0.12392804 0.38050768 -0.81499803
v -0.34327483 0.05092880 0.84803569
v 0.27343914 -0.27373472 -0.83021146
v -0.17283081 -0.06148891 -0.76469153
v 0.05441318 0.34274408 0.38490888
v 0.03453419 0.29247755 0.85127354
v 0.30804989 0.07686333 0.83723211
v 0.30821249 -0.03555242 -0.29914799
v -0.04964451 -0.09463838 0.47495112
v 0.39037010 -0.10495832 -0.79602164
v 0.37573829 0.14382321 -0.80845898
v -0.10315573 0.00294277 0.33934945
v -0.08006298 -0.22537336 0.26318577
v -0.03649288 0.10017421 0.29382297
v 0.06078077 0.14259395 0.47198364
v 0.10863604 0.20231010 -0.25609726
v 0.26236904 -0.29895502 -0.38057831
v 0.01969019 -0.03307970 0.09398629
v -0.17437734 -0.14268883 0.62587124
v 0.24678804 -0.03425955 0.32645276
v -0.02483893 0.06727020 0.17165469
v 0.03755658 -0.37535611 0.45735586
v 0.10263450 -0.38582009 -0.81289834
v -0.09300093 0.37596616 0.40651503
v -0.01516407 -0.18467213 -0.80781716
v -0.03482574 0.20567721 0.56999785
v 0.11350846 -0.16819841 0.71857697
v -0.11303303 -0.33631349 0.76623094
v 0.36944640 0.00884266 -0.33072665
v 0.20420454 -0.17232980 0.33092129
v -0.19739677 -0.01658714 -0.61213148
v 0.35270202 0.09705210 -0.32688558
v -0.20469344 0.23886885 0.85028309
v 0.02409078 -0.35209030 0.36093628
v -0.01994927 0.21108405 -0.83244294
v 0.11407481 0.16960862 0.61976838
v 0.15036982 0.13871785 0.71391726
v 0.10114327 -0.16171345 0.59574354
v -0.22030020 -0.10617727 0.81126970
v 0.10404960 0.38997647 -0.79912025
v -0.10304291 0.35623431 0.36982742
v -0.08957888 0.12362039 -0.80918640
v -0.15890796 -0.16855715 0.66201901
v -0.08756909 -0.00785729 0.19534916
v -0.19542533 0.14166309 0.23013410
v -0.21434674 0.27578807 -0.85030627
v -0.21672609 0.10357863 0.25535893
v 0.14444265 0.18168944 0.81654900
v -0.11248211 0.14964856 -0.84904689
v -0.12616946 0.37048569 0.49962434
v -0.28193420 -0.19774289 -0.85026211
v 0.13364622 0.11618356 -0.85046852
v -0.15172414 -0.06772824 -0.62185884
v -0.09450151 -0.11119368 -0.63536102
v 0.08199859 -0.22649164 0.83868849
v -0.07797191 0.01397671 0.11712238
v 0.19235344 -0.01752217 0.69883513
v 0.19703375 -0.13375492 -0.26515761
v -0.03078219 -0.17593297 -0.79382694
v 0.33771452 -0.15411164 -0.33394009
v 0.31284061 -0.11944551 0.84969497
v -0.22525598 -0.13876519 0.82558662
v 0.18057258 -0.24846289 0.84854418
v 0.08427006 -0.12801003 -0.84732407
v -0.00027455 0.02441853 -0.57536471
v 0.00010565 0.10358781 0.40009248
v -0.29647020 -0.25389883 0.77608782
v 0.22776547 -0.00913134 -0.21563599
v -0.06595343 -0.34988454 0.78090888
v 0.21909021 0.08599723 0.84777004
v 0.21865477 0.33738706 -0.60232580
v -0.15622041 0.04457188 -0.62199754
v 0.12041442 -0.35923818 0.79449642
v -0.18677451 -0.25564870 0.84620315
v 0.33689168 0.02884731 0.54780453
v -0.08589687 0.21911964 0.69786626
v 0.24853492 0.30389047 -0.82356167
v -0.20318419 -0.33231422 -0.35487655
v 0.01182572 -0.09961524 0.45177662
v -0.19460854 0.33953252 -0.83085173
v -0.03016839 0.15191731 0.47336981
v 0.24442518 0.31695148 -0.38702819
v 0.10600978 -0.39271048 -0.56034184
v 0.31682560 -0.22298381 -0.35009077
v 0.22192949 -0.30568206 -0.33714530
v -0.36191940 -0.01554718 -0.85070920
v 0.34042391 0.21251330 -0.50474828
v -0.25389889 0.02900710 0.80900526
v -0.20735557 0.11120030 0.83157516
v -0.19675839 0.01411933 0.63033634
v 0.00038609 -0.21947464 0.72144818
v -0.37233514 0.12763189 0.40579686
v -0.21640696 -0.08604403 -0.24477388
v -0.02782903 0.19181184 -0.80790067
v -0.35633534 -0.18805158 -0.80061662
v -0.13723567 -0.32409817 0.39938423
v -0.12189308 0.01628121 0.39087430
v 0.11534387 0.24679987 0.85106015
v -0.34693572 0.12741989 -0.33202016
v -0.17293502 0.03045327 -0.71385849
v 0.15845218 0.35217732 -0.82852030
v -0.16248558 -0.16981664 -0.24072236
v 0.30760214 0.14753795 0.79482037
v 0.04785726 0.01496796 0.07865486
v -0.13950180 -0.29691169 0.83744127
v -0.35534480 0.15452209 -0.83484358
v 0.06273598 0.16343422 0.49136969
v 0.22239453 0.03081239 0.30265898
v -0.17768396 -0.05848181 -0.73074913
v 0.01478576 0.10898327 0.44477707
v -0.22018009 -0.00461179 0.69408053
v 0.24202742 0.20733666 0.85069346
v 0.14422712 -0.05436186 -0.83702034
v -0.01337946 -0.22183318 -0.85012650
v -0.11272950 0.20141414 0.79652071
v 0.08805641 -0.00064176 0.12708214
v 0.29237154 -0.14461055 0.34991843
v -0.13690482 -0.19917296 -0.26474065
v -0.25179192 0.25135633 0.59149265
v 0.35437185 -0.11957144 0.75493824
v -0.12020999 -0.14759892 -0.85058755
v -0.18812089 -0.05665464 -0.60470682
v 0.00947405 0.19062717 -0.64828593
v -0.00871152 -0.22987902 -0.21645755
v 0.15202600 -0.16869649 -0.21481209
v -0.02631086 -0.17235963 -0.74717510
v -0.16039230 -0.07203700 -0.68488687
v -0.09966199 -0.16846225 0.57293946
v -0.09481692 0.24134919 0.30286339
v 0.08173661 0.06598979 0.45822075
v 0.00670810 0.26885962 0.84968185
v 0.13849115 0.10162233 0.48245996
v -0.32097399 -0.19798110 0.78657246
v -0.29188576 -0.26084480 0.40896785
v -0.34401706 0.18794765 -0.82573974
v 0.01746810 0.24051379 0.30873761
v 0.05693669 -0.10131322 -0.72562140
v -0.11995608 0.36173284 -0.83276916
v 0.26460701 0.21304300 0.83885700
v -0.31749865 -0.15072457 0.35731709
v -0.35128674 -0.06688996 0.79531920
v -0.13257717 0.03302991 0.42452711
v -0.39312682 0.10176975 -0.63538116
v 0.17887087 -0.05045793 -0.85080510
v -0.19383603 -0.05934329 0.59783244
v 0.14613585 0.03494908 -0.64971983
v 0.13133849 -0.23064269 0.32817647
v 0.04486780 -0.23649025 -0.26698646
v -0.36678717 0.05230292 0.83131993
v 0.22300255 0.28839764 -0.32561311
v 0.17365728 0.20364587 -0.27878043
v 0.07015226 -0.36704695 -0.83716249
v -0.09169911 0.22408585 0.79734224
v 0.26549309 0.23213038 0.83277589
v -0.22427998 0.08636653 -0.26244137
v 0.00128912 0.00011264 0.10014700
v -0.25007439 0.04992126 0.30229744
v 0.29326773 0.17352398 0.37486362
v 0.20964825 0.06560010 0.14480421
v -0.05394372 -0.04818682 0.32254156
v 0.15105212 0.10041173 0.54360884
v -0.16974314 0.19732362 0.30690557
v -0.22860005 0.07184950 0.20215142
v -0.09615648 0.08524127 0.34118390
v 0.37088743 -0.13605328 -0.82209051
v 0.02375217 0.07795212 0.18201469
v 0.39286104 -0.01727440 -0.81254625
v 0.15533255 0.20342720 0.32353580
v 0.10198671 0.37527454 -0.82623571
v 0.03169975 -0.22344571 0.81378174
v -0.19840263 0.28746274 0.82998711
v 0.06804985 0.37385267 -0.33844689
v 0.05511443 0.05248207 0.42406997
v -0.07753069 -0.18718588 -0.85078639
v 0.05144432 -0.02805494 0.40453604
v -0.20424865 -0.11545952 0.27580878
v -0.13627377 -0.17059493 0.60747957
v 0.02735746 0.06903327 0.11701986
v -0.13258655 0.21309710 0.30015367
v -0.08836577 0.06316856 0.26997963
v -0.03671343 0.18051533 -0.69081175
v 0.01206960 0.33620718 0.82920986
v 0.15026297 -0.16955465 0.83260989
v 0.22070742 0.04198253 -0.21999456
v 0.18327805 0.00952659 0.61373472
v 0.28422946 0.21945082 0.79603797
v -0.03806324 0.02314844 -0.57244492
v 0.08731293 -0.00131054 0.14447787
v 0.01251520 -0.39402595 -0.80495548
v -0.36635751 -0.00426694 0.79659861
v -0.28686792 -0.26860496 0.74654174
v 0.30405799 0.10218132 0.83543342
v 0.12464190 -0.22644976 0.84650612
v 0.17758396 0.01624978 -0.73868680
v -0.14818640 -0.30630496 -0.85074514
v -0.08785516 0.37764829 -0.82573062
v -0.21853906 -0.06620223 -0.85001558
v 0.08249752 0.22099340 0.31210148
v 0.31788349 0.24483755 -0.40029398
v -0.00598187 -0.09376536 0.43741682
v 0.13466109 -0.00825090 -0.64533246
v 0.33538336 -0.21785638 -0.81308079
v -0.01725662 0.11209506 0.37457943
v -0.02968097 -0.08646513 0.43580541
v -0.11880948 -0.31904119 0.82585132
v -0.29166636 -0.24939765 -0.34187627
v 0.09139512 -0.37402272 0.67679429
v 0.12246062 -0.20872794 0.30199119
v -0.10038535 -0.33354175 -0.84973496
v 0.15062837 0.06644002 0.48620033
v -0.02988346 -0.07618776 0.40737274
v 0.03369237 0.16996868 0.57195437
v -0.34812933 0.10221314 -0.85060751
v -0.15515961 0.35784030 -0.35409912
v 0.19491895 0.06456058 -0.85044682
v 0.22437198 -0.20456558 0.84964424
v -0.22529413 -0.12018764 0.31461164
v -0.18599305 -0.04220034 -0.74587846
v 0.07605959 -0.01227381 0.32319805
v 0.14278686 0.17870486 -0.19666280
v -0.21807092 -0.06895499 0.77052927
v 0.28851351 0.16283847 0.83510518
v 0.13598570 0.30055314 0.83023179
v 0.11206564 0.17323257 0.64461017
v 0.21063277 -0.05906579 0.10242078
v 0.06144263 0.03318596 0.25466415
v -0.31878066 0.14842336 -0.85079318
v 0.10509997 -0.09424305 -0.83883333
v -0.16175029 -0.33894673 -0.83528429
v -0.00183661 0.19028097 -0.80555576
v -0.07812107 0.01774438 0.15397456
v 0.08848239 0.08124386 -0.63102800
v -0.32928520 -0.20882311 -0.34852356
v 0.17743888 0.08082025 -0.85081524
v 0.17856404 0.13817476 0.13429740
v -0.13127121 0.31222886 0.85009068
v -0.35924208 0.15539926 0.47508228
v -0.39361751 0.01607646 -0.35882750
v 0.04770660 0.24577308 0.84869933
v -0.01464406 0.24830960 0.31843662
v 0.10370530 0.37648016 -0.35545164
v 0.25981587 0.26462302 0.74723262
v -0.32304075 0.20643292 -0.83418596
v 0.17746457 -0.14453049 0.24313033
v -0.10144976 0.22788431 0.82955337
v 0.02808797 0.07229616 0.15364699
v 0.32938540 0.01526086 0.37129477
v 0.05735450 0.03569991 0.22064012
v -0.20853844 -0.04721260 -0.67367333
v -0.33436707 0.17242451 -0.83962172
v -0.13609079 -0.08559267 -0.64244968
v 0.04312518 0.15050185 -0.64407891
v -0.20539537 -0.01921773 -0.67098927
v -0.21959181 -0.28738475 0.82914025
v -0.19338205 -0.16714045 0.79520357
v -0.38997921 -0.01685710 -0.83420455
v -0.23597215 -0.31782174 -0.36102170
v 0.20417877 -0.34022054 -0.81733155
v -0.06657337 0.23183225 0.24738736
v 0.06629736 -0.36669099 -0.33276850
v 0.15347424 -0.33980903 -0.33358377
v -0.30681744 -0.26718268 -0.80234987
v 0.11610356 0.17244536 0.67970979
v -0.14191605 0.05059061 0.45946762
v -0.10095540 0.20806950 0.66267806
v 0.03360079 0.38538620 -0.34774026
v 0.10943988 -0.37006825 0.73869026
v 0.05163162 0.05067725 0.18438919
v -0.00670642 0.08720772 0.21845628
v -0.29472122 0.09754895 0.33023858
v 0.11791672 0.21709850 0.33488014
v -0.15264679 0.05429640 -0.80130893
v 0.02749594 -0.00197302 0.08547287
v 0.06455771 0.02882726 0.09483511
v 0.03370303 0.39391586 -0.80463988
v -0.03378399 -0.24894519 -0.27089408
v -0.24352746 -0.00689986 0.23722245
v -0.23671098 -0.08390383 0.82634330
v -0.12739909 -0.14241792 0.57123512
v -0.35029158 -0.16616249 -0.82977849
v 0.15468651 0.25659266 0.85106403
v 0.10406968 -0.27421871 0.84870183
v -0.01506900 -0.17900592 0.50312757
v 0.12723081 0.03900624 -0.63336122
v 0.22837062 0.03083766 0.83536899
v -0.25021794 -0.07063577 0.31578720
v -0.00648595 0.19017088 -0.78120458
v 0.22485615 0.31542963 -0.82886398
v 0.21378410 -0.05532066 0.02860811
v -0.13893580 0.06578188 -0.63457257
v 0.15761767 0.00671123 -0.67193979
v -0.06660430 -0.37673640 -0.82993412
v -0.03079516 -0.06971598 -0.59403116
v 0.34542418 -0.13795312 0.62260222
v -0.23653664 0.27097979 0.38694528
v 0.34979886 0.16992238 -0.82671130
v -0.01441746 -0.33968806 0.35179535
v -0.20106208 -0.00848965 -0.83374524
v -0.36971810 -0.12621278 -0.82773489
v 0.05578309 -0.02889089 0.28687572
v 0.10523303 0.16562681 0.50878119
v -0.23498346 -0.03592328 -0.84994316
v -0.04118039 0.17570487 0.52083498
v 0.27681798 0.23954983 0.71759808
v 0.15082790 -0.36458781 -0.37422633
v 0.01904562 -0.17443714 -0.83811277
v 0.00062599 0.15182546 0.47331879
v -0.24926494 0.24261594 -0.85051697
v -0.05013848 0.21427093 -0.84912235
v 0.25889504 -0.02933931 0.85075331
v -0.22240151 0.05804840 0.69748443
v 0.09451923 0.22811811 0.33669540
v -0.19398424 -0.13025554 -0.23793022
v -0.16693652 0.03822263 -0.78343374
v 0.08296907 0.00215457 0.11147965
v 0.11982679 -0.33931115 0.82808906
v 0.03701231 0.06508035 0.33122617
v 0.07541474 0.01533511 0.39897096
v 0.17702962 0.00517356 -0.75459033
v -0.25293019 0.32193756 -0.42212293
v -0.21214643 -0.25376582 0.33821669
v -0.26255545 -0.25037009 0.35358506
v -0.14807887 0.18522488 -0.04395664
v 0.22403589 0.16308354 0.85119241
v 0.21432276 0.06625047 -0.07919800
v -0.30245405 0.27357411 -0.40382969
v 0.21286504 -0.00168250 0.20666248
v -0.18880653 -0.00770702 -0.72177643
v -0.07846417 -0.01641591 0.13305163
v 0.01696056 0.22926918 0.18787210
v 0.18729921 -0.01541947 -0.83816111
v -0.03415392 -0.39326817 -0.80572385
v -0.03665083 0.23666747 -0.84996736
v 0.04395747 -0.33982188 -0.85081846
v -0.05050878 0.23779008 -0.26603425
v -0.01926769 0.18666795 -0.61975706
v -0.00468887 -0.17281136 -0.78254956
v -0.01976569 -0.22936863 0.76476181
v -0.03047279 0.14742407 -0.60004824
v -0.16725302 0.17109255 -0.23563983
v 0.16632052 0.00074532 -0.73011893
v 0.32189086 -0.01941974 0.35905030
v -0.35361516 -0.05508452 0.39158493
v -0.22446907 0.31591094 -0.34354973
v 0.14164700 0.05944040 0.47003400
v -0.10288625 0.01424463 0.27990997
v -0.09504765 0.14987735 0.50215769
v -0.27777737 0.26009086 -0.83555561
v 0.34022748 -0.14405037 0.46838409
v 0.35628340 -0.11303630 0.69707817
v -0.03467009 0.21517216 0.61866581
v -0.13578743 -0.04299281 -0.59346163
v -0.08503240 -0.20931588 -0.07628866
v -0.22045574 0.34019032 -0.80092269
v -0.25049070 0.03345162 -0.26950735
v -0.29186860 0.00498236 0.32452682
v -0.01471978 -0.07665741 0.27246422
v 0.08239542 0.10221674 -0.65814614
v -0.17756392 0.02865245 -0.80750465
v -0.13985363 -0.37723491 -0.40783313
v 0.06383490 0.23401608 -0.26663241
v -0.09049009 -0.13614804 -0.82787085
v -0.22830343 -0.06096787 -0.10182299
v -0.18002284 -0.06598432 -0.82940310
v 0.06619763 0.00251995 0.09287677
v 0.00746003 -0.23966177 0.81873411
v -0.18552370 0.35758272 -0.80336279
v 0.10003629 -0.15796551 0.56120163
v -0.25043219 0.31749138 -0.81371331
v 0.15768325 -0.01378171 0.48295894
v -0.32654291 -0.23946820 -0.38068432
v 0.04514183 0.05215784 0.11250967
v 0.29486361 0.18756957 0.79853511
v 0.17360079 0.14862877 -0.15941100
v -0.13791081 -0.18416423 -0.22454198
v -0.37403771 0.11605097 0.68684822
v 0.04408778 -0.01887266 -0.60385394
v 0.17398703 -0.01347243 0.49762857
v -0.33790413 -0.16449220 -0.33422652
v 0.29443249 0.23800488 -0.83271348
v -0.12875076 0.32364231 -0.31993443
v -0.04421661 0.17201161 -0.79841483
v 0.11148529 0.10540626 0.46997142
v 0.35667938 -0.10956599 0.45383140
v -0.06375273 -0.00522760 0.10163554
v -0.31818944 0.24376076 -0.36803055
v 0.01620754 0.23775640 0.83366132
v -0.17866845 -0.15449727 -0.22159651
v -0.22115718 -0.03756242 -0.64833051
v 0.32136247 0.20087646 -0.33591929
v -0.00972645 0.37141186 -0.33065036
v 0.31951895 -0.07529068 0.84904355
v -0.08653340 0.37835553 0.67040902
v -0.14913416 0.21729654 0.85002345
v 0.36445203 0.15454012 -0.38349608
v 0.08583714 -0.20703423 -0.23935616
v -0.06718720 -0.07676602 -0.60494864
v -0.39140505 0.11150635 -0.46974525
v 0.16293097 0.23899122 0.33910146
v 0.22065474 0.29111975 0.41557458
v 0.15990059 -0.15874119 0.12701379
v -0.19426210 -0.15000598 0.76519752
v -0.17063101 0.18616107 -0.26739517
v -0.00448654 -0.07742533 0.39073497
v 0.21760024 -0.22449692 0.34830868
v -0.33501360 -0.06825552 0.35043991
v 0.37800339 0.10514293 -0.36361086
v -0.02937028 -0.07356450 0.30558062
v -0.36071578 -0.12342716 -0.34053260
v -0.39074546 0.05481556 -0.35836640
v 0.00490731 -0.39237449 -0.35840428
v 0.17487113 -0.29317906 0.38084629
v 0.16868216 0.14337593 0.81994092
v 0.04509286 -0.30324385 0.84212333
v 0.15417856 0.03235704 0.52015203
v -0.09490434 -0.20636994 -0.16094835
v -0.01303522 -0.07426418 0.15284494
v -0.15667792 -0.31242242 0.82122111
v -0.27733478 -0.20049962 0.34536543
v 0.15255097 0.16724867 0.79530042
v -0.00039028 -0.22897559 0.23594025
v -0.17281994 0.11383257 0.60384053
v -0.32390177 -0.24992576 -0.61995924
v -0.15260205 0.37346992 -0.80012965
v -0.19936262 -0.02674697 -0.69269252
v -0.20140232 -0.16829714 0.31872967
v 0.26970211 -0.30154854 -0.80961746
v 0.09522638 -0.11220579 -0.84402680
v 0.16447438 -0.18159701 -0.26844725
v 0.26069412 -0.22332218 0.79895800
v -0.08714686 0.32768720 0.84988594
v 0.32467902 0.05354971 0.37545192
v 0.25161561 0.10501861 0.85111749
v -0.17841266 -0.15945484 -0.00838608
v -0.33449352 -0.13511136 0.79449928
v 0.15937594 -0.10810886 -0.85104138
v 0.22797287 0.26667243 0.36600241
v -0.33528522 0.13775669 0.35874641
v 0.15234725 0.08684966 0.50701445
v -0.13788956 -0.13141230 -0.84989303
v 0.04410661 0.02227993 -0.59243852
v -0.20133345 -0.15350109 -0.26958540
v 0.07484464 -0.35402054 0.36432284
v -0.03849104 0.24086399 0.30428973
v -0.21202980 0.06503905 0.65837395
v 0.11105331 0.30636105 0.83271652
v 0.27920613 0.21593359 -0.32003477
v 0.21384792 0.34302962 -0.71601474
v 0.32448047 0.24890330 -0.67386597
v 0.10494510 -0.18707120 0.81382388
v -0.20415460 -0.27204752 -0.85085905
v 0.20952144 -0.07725050 -0.16365075
v -0.06952760 0.18837769 0.54369384
v 0.18453437 0.29752016 0.38014820
v -0.20554303 -0.34394833 -0.81397194
v -0.37540576 0.10940640 0.78769737
v -0.11056839 -0.12184963 -0.82931006
v -0.39300337 -0.07382315 -0.37996820
v -0.26555237 -0.30890656 -0.46843442
v 0.01204469 0.07432321 0.21976927
v 0.07493292 0.00849771 0.37338504
v -0.24287805 0.10763808 0.84959114
v -0.03974784 0.22888623 -0.16929856
v 0.18112445 -0.30054706 0.81134927
v -0.31538126 0.20082727 0.39701253
v 0.38148114 0.10166331 -0.81982183
v 0.04550039 0.05539060 0.13130745
v 0.15267432 -0.20437957 0.32594979
v -0.15885648 0.17872995 0.01766355
v 0.08735607 0.03116829 0.43905941
v -0.28985769 0.00123808 0.84618384
v -0.03575664 0.11797851 -0.59129316
v 0.22205666 -0.00315809 0.26296976
v -0.18706070 0.31836155 0.39470848
v 0.10459533 0.07726683 -0.64864540
v -0.15541567 -0.01650101 0.52596974
v 0.13346833 -0.19869515 -0.26615655
v 0.03434609 -0.23875952 0.28866497
v 0.02625212 -0.09099198 -0.62301356
v -0.08366502 0.00996162 -0.58157271
v 0.03613300 0.14231056 0.47239807
v -0.25740781 0.22483183 0.35757867
v 0.27644548 -0.17433019 -0.85078663
v 0.23106854 0.10216120 -0.27320912
v 0.06833684 0.29061547 0.85030645
v 0.22069235 0.32044336 -0.34750780
v 0.15359554 0.00781061 0.47655943
v -0.06889430 0.21937513 0.61099195
v -0.03287632 -0.06938294 0.37291479
v 0.33608317 0.20869735 -0.37367028
v 0.13467720 -0.09907735 0.52285123
v 0.20238927 -0.01365771 0.76295179
v -0.32000801 -0.23860590 -0.81948864
v -0.23917706 0.11922265 0.30827382
v 0.19581458 0.29133886 0.81047380
v 0.06988356 0.02825016 0.35805455
v -0.23671684 0.23532681 0.83973449
v 0.21887246 -0.05125232 -0.24574551
v 0.26898989 0.20054907 0.36088470
v 0.17772178 0.14328842 -0.23547320
v 0.10073258 -0.30640215 0.84771776
v -0.09292493 0.21842390 0.73093456
v 0.16024531 -0.21310663 0.85018826
v -0.05817036 -0.06863189 0.45275426
v -0.09601907 0.09745178 0.42243809
v 0.10095803 -0.31987515 -0.85065985
v 0.08574940 0.01885157 -0.60849464
v -0.03371638 0.26252156 0.32649308
v 0.15024813 0.28942659 -0.85081744
v -0.04509707 0.37249509 0.40700328
v 0.22477259 0.09488878 0.31916144
v 0.01978799 0.33050758 -0.84962189
v 0.04144424 -0.23524101 0.83148658
v -0.20053935 0.13357557 0.11676433
v 0.01243283 -0.14145297 -0.64810634
v 0.10101334 -0.15240821 -0.85100216
v 0.20818911 0.01784586 0.76479083
v -0.35766631 -0.05035424 -0.84924120
v 0.08603580 -0.24891397 0.32545549
v 0.07370321 -0.01223122 0.28745806
v 0.30315796 0.02021430 0.84517080
v 0.01950305 -0.05958405 0.35487485
v -0.01041685 -0.23758988 0.80160373
v 0.06340620 -0.11283862 -0.80327201
v -0.20302795 0.07213245 0.59484386
v 0.13385843 0.19853285 -0.26472133
v -0.02728950 0.19691999 -0.82175303
v 0.05834059 0.03781853 0.39554563
v 0.39057058 -0.10052747 -0.45548463
v -0.35103336 -0.19861922 -0.39876831
v 0.05303944 0.23251252 0.32133296
v 0.02548323 0.34372592 0.79667932
v -0.20901974 0.06644969 0.62758386
v 0.21542999 -0.25609589 0.38466549
v 0.00103362 -0.19183199 0.54474479
v 0.16246876 0.03382358 -0.71885288
v -0.00035697 -0.07893825 0.30544949
v 0.12732008 0.17746931 0.76541412
v -0.10180119 -0.25446206 0.83867806
v 0.12264287 0.14850509 0.49561900
v 0.13420072 -0.00956860 0.46474180
v 0.12582666 0.15030518 0.59046835
v -0.14397012 -0.25441498 0.84318924
v -0.13679740 -0.19443302 0.20533316
v 0.17940852 -0.00300029 0.56073117
v 0.14311954 0.03484254 0.46525538
v -0.04439336 0.22838496 -0.10127582
v -0.26584515 0.08560209 0.85016614
v -0.34918422 0.17083621 0.41140279
v 0.05498005 -0.07090985 -0.62699592
v -0.29073375 -0.03442239 0.84949583
v 0.18418647 -0.14798982 0.29263806
v 0.11055247 0.17774905 0.72373915
v -0.03797313 0.18940389 -0.65587270
v 0.03660831 0.22873642 -0.21362840
v -0.23986448 0.05091885 0.78836411
v -0.00299194 0.27236727 0.33940277
v 0.03510036 0.16195403 0.49045980
v 0.33524171 -0.14902245 0.55104834
v 0.02596694 0.14414735 -0.62520313
v 0.22042161 -0.00943601 -0.85068029
v -0.36700734 -0.15758149 -0.37596300
v -0.17301285 -0.00125753 0.55709243
v 0.20753731 -0.06637624 0.17336209
v -0.11400167 0.25717774 0.85040849
v -0.18414120 0.32846344 -0.33640221
v 0.24131866 -0.00041802 0.32242388
v -0.20099832 -0.13601500 0.30414975
v 0.06896947 0.22448409 0.83830255
v 0.16622196 0.18071796 -0.26796776
v -0.33545983 0.17058697 0.37612471
v -0.16841069 -0.03045473 0.56069261
v -0.11964451 0.33950037 0.84143448
v -0.02954570 0.08770361 0.22170717
v -0.14800304 -0.18267244 0.15746249
v 0.14963958 0.19262896 0.83927238
v -0.16289152 0.04112517 -0.64253289
v 0.39131236 -0.11107103 -0.72774225
v -0.35647520 0.08372066 0.36032054
v 0.11541099 -0.17292824 0.77282083
v 0.39124024 0.09318048 -0.44445589
v 0.17296593 -0.13607588 0.20051955
v -0.00085827 -0.26436237 0.83208007
v -0.01757944 -0.25170195 0.82122254
v -0.36901030 0.13073452 0.63601601
v -0.02530276 -0.23069243 -0.25460330
v -0.37575167 0.08466946 0.39079139
v -0.18478382 0.15564916 -0.07701996
v 0.12896323 -0.35264474 0.60854095
v 0.15243174 0.07284054 -0.83643699
v -0.22998551 -0.00927785 0.73683059
v 0.27761358 0.29027596 -0.37780955
v 0.08569382 -0.01760067 -0.61925811
v -0.22830261 0.06554853 -0.02652863
v -0.19746986 0.13929170 0.05132360
v -0.04890807 0.10540940 0.36770603
v 0.02755133 -0.07165486 0.13447903
v -0.16152582 0.17650190 0.08660519
v 0.25296706 0.27215448 0.71218342
v 0.11821081 -0.29367483 0.33865771
v 0.07909312 -0.17505887 0.54334092
v 0.09366138 -0.39160797 -0.42557406
v 0.35637730 -0.04949699 0.41455105
v -0.15317369 -0.21888170 0.83859581
v 0.06914099 -0.23376974 0.29746783
v 0.03669608 0.22841053 0.00010799
v -0.09765319 0.18424742 0.55962980
v -0.12737268 0.37032038 0.45071781
v -0.06353785 0.07190755 0.25409487
v -0.15894191 0.17759168 0.20208298
v -0.00356787 -0.07768741 0.35675180
v -0.02921137 -0.07408120 0.33978093
v -0.23124991 0.03488840 -0.25119412
v 0.13666067 0.18123111 0.06796981
v 0.12772912 0.32223755 0.40829119
v -0.28477544 -0.26947141 0.57755530
v -0.05054318 -0.17130819 0.53150707
v -0.11401681 -0.32024986 0.35786352
v 0.05712943 -0.32184446 0.34077561
v -0.03879630 -0.38798743 -0.35041374
v 0.09581885 0.00098569 0.43337443
v -0.13888025 0.04502316 -0.60540920
v 0.18080355 -0.13654627 -0.16830087
v -0.13774236 0.00096872 -0.59393197
v 0.02997313 -0.37324199 0.53764558
v -0.04792975 -0.17517823 -0.83243340
v -0.25092611 -0.32390293 -0.72103554
v 0.14574236 0.18407401 0.27155012
v 0.28251332 0.15016876 0.35876617
v 0.10406855 -0.35833544 0.39380080
v -0.22831737 -0.06102376 -0.03387831
v -0.33639991 -0.06749704 0.83389378
v -0.37448850 0.11965729 -0.35601366
v -0.17868283 -0.15547468 -0.25250483
v -0.03585978 -0.05614220 0.25517699
v 0.11800728 -0.35545197 0.47759271
v 0.19084892 0.17992200 0.32216778
v -0.18203266 0.15677176 -0.17318164
v -0.36535472 -0.07092889 -0.33289716
v -0.23976621 -0.19946660 0.84642142
v -0.22722679 -0.30040371 0.67081225
v -0.32459709 -0.24919574 -0.74101323
v 0.26214480 0.26755029 0.61155570
v -0.24035406 0.26215434 0.78188580
v -0.30322596 0.17049909 0.35361373
v 0.32281101 -0.23603955 -0.39879543
v 0.08435474 0.20556872 0.81806117
v 0.09373498 -0.05443493 -0.66145003
v 0.14978044 0.10859035 0.57768738
v 0.05309648 -0.37392697 0.39902744
v 0.36261773 -0.02272088 -0.83620447
v -0.19844680 -0.05190722 -0.68898124
v 0.03191480 0.09197851 0.44400340
v -0.33554411 -0.09237369 -0.84995049
v -0.19935140 0.16527890 0.30530974
v 0.00143068 0.30814663 0.85036832
v 0.20322841 0.21848251 0.85113728
v -0.17665756 0.02536992 -0.78332144
v 0.39395112 0.02166135 -0.80278385
v -0.00057030 0.05908608 0.10486617
v -0.11603855 -0.22143444 0.83308113
v -0.16694669 0.17498976 0.28964862
v 0.05232625 -0.39341259 -0.37802616
v -0.11898539 0.21092938 0.83214515
v 0.25672507 -0.31745282 -0.64883953
v 0.08362535 -0.33314729 0.84055597
v -0.32354757 0.12024736 0.85023767
v -0.03391398 0.39129165 -0.35923830
v -0.38314334 -0.04993833 -0.83126092
v -0.19223925 -0.30587417 0.39481118
v 0.09551769 0.39341068 -0.46686974
v -0.07813074 0.10119212 0.40298226
v 0.13232069 0.16102327 0.71269757
v 0.13487528 -0.34739545 -0.83595330
v -0.32632542 0.23767249 -0.80330157
v 0.25798303 0.27420235 0.45897564
v -0.28153080 0.21275710 -0.85002309
v -0.09053242 0.00006434 0.14436673
v -0.01105206 -0.22863917 0.13583323
v 0.15445440 0.00879426 -0.65388381
v 0.21375413 0.11689281 0.85073423
v 0.21405528 0.06818959 -0.01505811
v -0.15364319 0.06483640 0.49604231
v -0.16601472 -0.19580577 -0.27197739
v 0.34282580 -0.10339513 0.83831394
v 0.21148913 -0.11178771 0.84764636
v 0.34147567 -0.14232644 0.72194213
v 0.35660636 -0.11006028 0.79850090
v -0.28652424 -0.26876318 0.62095171
v -0.18042955 0.02140392 -0.68119037
v 0.22685082 0.00036615 -0.10519240
v 0.09791162 0.35200235 -0.32618970
v 0.17564353 0.14397711 0.06846763
v -0.11699123 -0.25051466 0.32163170
v -0.00696619 -0.22994089 -0.11029917
v 0.02474933 -0.25257522 0.83469182
v -0.09714194 0.04247900 0.27010179
v -0.19253881 -0.04979428 -0.70962220
v 0.34320760 -0.17984930 -0.82777929
v 0.24901506 -0.28454059 -0.33519208
v 0.36969030 -0.13041019 -0.37172529
v -0.19312316 0.14410655 -0.01823077
v 0.14586134 0.30874193 0.80021548
v -0.05389401 -0.15548900 0.50922900
v -0.02281858 0.07291204 -0.58283234
v -0.08702766 0.05227397 0.24497132
v -0.14766513 0.33522162 0.82796013
v -0.30339512 -0.17080398 0.83650982
v -0.15428132 0.08629274 -0.84218371
v -0.16691481 -0.00348855 -0.59713328
v -0.12429727 0.08279998 0.46480784
v 0.33660424 -0.14761335 0.78540128
v -0.11330119 -0.39139569 -0.64862573
v 0.06950938 0.23916757 0.33750054
v -0.10219436 0.07637412 0.38470691
v -0.04155213 -0.15370263 -0.65233964
v 0.10184530 -0.22995345 0.31870496
v 0.29104027 0.28495726 -0.43539888
v 0.12821732 -0.35547334 0.68549556
v -0.34528771 0.08534221 0.84969479
v 0.21976013 0.24524066 0.84838474
v 0.34065711 0.21800371 -0.79924625
v -0.17821158 -0.15943833 -0.05088729
v -0.23460546 0.05149219 0.27982980
v -0.11780445 0.02153916 0.35941613
v -0.18872052 -0.10138842 0.61796182
v -0.19100681 0.13785833 -0.23664875
v -0.20135134 -0.30865514 0.79920816
v 0.03559114 0.17353001 -0.83655423
v -0.01665460 -0.14104797 -0.62527585
v 0.26794273 0.25428891 0.77682120
v 0.30526510 0.26332164 -0.80966765
v -0.21046212 -0.02464127 -0.63384324
v 0.18130298 0.03468680 -0.79830074
v 0.32355243 0.14014599 -0.32059297
v -0.10727716 0.39241201 -0.72897178
v -0.10380110 -0.37735689 -0.36165094
v -0.07393003 0.09878109 0.31985119
v 0.04035577 -0.17000575 0.49860618
v -0.35763437 0.16679329 -0.35868216
v -0.06748310 -0.22074172 0.80312902
v 0.33926055 -0.22053772 -0.58970183
v 0.35627422 -0.11363520 0.53802669
v -0.02747111 -0.16400151 -0.67650354
v -0.05813960 0.36818883 0.76788354
v 0.18326670 -0.16247746 -0.26844633
v 0.10273642 0.32117033 0.80088675
v -0.32449132 -0.24953939 -0.56039900
v 0.29026318 -0.28470039 -0.44507951
v -0.35502347 0.14743628 0.68649703
v 0.18295485 -0.01570262 0.52641302
v 0.04708812 0.12219221 -0.62676704
v 0.03634989 -0.18768388 0.61617249
v -0.07171795 -0.34225732 0.39429006
v -0.26630762 -0.28163016 0.45032480
v 0.23163901 -0.01861537 -0.25848046
v 0.16254777 -0.15816867 0.04349487
v 0.35893375 -0.06397355 0.49242991
v 0.36975119 -0.08030045 -0.34194055
v -0.09319337 0.21965496 0.76454419
v -0.03176469 0.11129191 0.32369760
v 0.02530300 -0.35792086 0.82450938
v 0.17842560 0.14211182 -0.10874648
v -0.01750541 0.24895351 -0.26969248
v 0.05980831 -0.17653084 0.50792807
v 0.07768910 0.16793080 -0.85058600
v -0.37647170 0.04016048 0.72127342
v -0.07864075 -0.01648017 0.17917204
v 0.28212646 0.18655786 0.83318639
v 0.02794101 -0.37329212 0.79484749
v 0.04812739 -0.16355199 -0.84746712
v 0.24387810 -0.09376033 0.32770985
v -0.20643957 -0.13957009 0.79629880
v -0.15451860 0.34333885 0.61112380
v 0.19894764 0.33958304 -0.36224473
v 0.12861760 -0.17976069 0.21514089
v -0.10002772 -0.16747841 -0.85068899
v -0.25139576 0.32362360 -0.70518678
v 0.25776955 0.27359614 0.49188200
v -0.29911441 0.18071052 -0.85071748
v -0.00649082 -0.35740784 0.39023444
v -0.23685944 -0.03339453 -0.26362294
v -0.30312639 -0.23031446 0.80962908
v 0.07160206 -0.01278920 0.25439808
v -0.11129691 0.09564095 -0.63364100
v 0.19686751 0.01523494 0.69647288
v -0.03044875 -0.10400624 -0.60835344
v -0.07869247 -0.36776626 -0.33422515
v 0.20436865 0.01110636 0.73031121
v 0.14569916 0.18932688 0.30615103
v -0.10010251 -0.04679642 -0.59295201
v -0.18791354 -0.14283293 -0.09349234
v -0.21862528 -0.09598014 0.30060652
v -0.37591383 0.03668851 0.63315707
v -0.11811851 0.06570031 0.42237300
v -0.16888438 -0.19553120 0.82952362
v 0.33437634 -0.22361447 -0.49249715
v -0.17619081 0.08617551 0.56561470
v 0.34874675 -0.18115626 -0.37230837
v -0.24674004 0.15904537 0.85117328
v -0.23887928 0.06219419 -0.26602864
v -0.11064416 0.39211792 -0.66253126
v 0.34279984 -0.06457816 0.83442318
v -0.32415846 -0.25026116 -0.47905296
v -0.16757479 -0.20084094 0.31727406
v -0.02967918 -0.21772572 0.72256857
v 0.32172802 0.08843910 0.39347592
v -0.34748736 0.01832920 0.35317820
v 0.04214479 -0.37629208 0.61033922
v -0.25953272 -0.31171572 -0.39009157
v -0.20508514 0.13354397 0.29053402
v -0.03900104 -0.05112148 0.12131031
v -0.00330628 -0.08017525 0.17861304
v 0.30108491 0.12663205 -0.85074443
v -0.04259370 0.04397546 0.11822587
v -0.09658533 0.17200449 -0.85056555
v -0.39384136 0.07008383 -0.81306875
v 0.02738039 0.16858363 -0.64282537
v -0.19109944 -0.09426700 -0.85075313
v -0.29421347 0.22301887 0.42967290
v 0.19119392 0.00668322 -0.80670071
v 0.21393391 -0.25509354 0.83060116
v -0.03551563 0.06754160 0.20121729
v -0.32433441 -0.25003460 -0.67953181
v -0.09354644 0.09597874 -0.60627371
v -0.37400582 0.11187578 -0.83443367
v -0.19501463 0.10580583 0.80029225
v 0.01222589 -0.06897661 0.23680408
v 0.26179984 0.19222037 -0.85092896
v -0.00152369 -0.23790058 0.29448831
v 0.09318329 -0.20168357 0.02030034
v -0.29362324 0.20866702 0.79893798
v 0.36002508 -0.08709279 0.64463687
v 0.16098921 0.00189583 -0.70491421
v 0.18586962 0.13704877 0.30106363
v 0.14730318 -0.17215644 -0.10689857
v -0.16549020 0.05692509 -0.83292466
v -0.12827812 -0.01329698 0.46957946
v 0.08030953 0.21152884 0.22144814
v -0.11998703 0.05043150 0.39011377
v -0.12507735 -0.05339057 0.52981430
v -0.17299742 0.19015287 0.85008520
v -0.08565178 0.22250339 -0.85103953
v 0.02585918 0.07639886 0.40848291
v -0.26199603 -0.27974090 0.38835490
v -0.18147258 0.30541217 -0.84929234
v 0.02531485 -0.23689345 -0.26479271
v 0.18269344 -0.00038478 0.58572876
v -0.39102989 -0.11541646 -0.49280739
v -0.24581760 0.06813480 0.83204716
v -0.12008069 0.03339525 0.32311147
v 0.33996806 -0.22135352 -0.78556901
v -0.39416716 -0.06251628 -0.80307597
v 0.32678089 -0.04579997 -0.85032582
v 0.21286201 -0.27117336 0.79770976
v -0.18702699 0.00521883 -0.80955029
v -0.17786364 -0.36242267 -0.50128156
v -0.22096252 -0.03421354 0.71221542
v 0.00348568 0.16796434 0.52214956
v 0.29020131 -0.28699031 -0.51760107
v 0.05743827 0.18176010 0.67198509
v -0.10356241 0.20708437 -0.20887475
v -0.11527302 0.09463101 -0.79833782
v 0.10084488 -0.39270481 -0.49245360
v 0.04578876 -0.03644389 0.10329072
v -0.00364755 0.19117814 -0.70542264
v -0.17136538 -0.18395883 0.80923843
v 0.14616463 0.17449729 0.13762093
v 0.35694331 -0.05976010 0.79546702
v -0.08119525 0.14929543 -0.83407789
v -0.20452650 0.07875150 0.67867553
v -0.20536746 -0.34692988 -0.40074450
v 0.31028798 -0.11996370 -0.85011041
v -0.23736645 0.25656825 0.81741416
v 0.14637852 -0.17357329 -0.16174389
v 0.17226756 0.27569762 0.35674196
v 0.17941624 0.13950261 0.00986887
v -0.10845163 0.20617957 0.20813577
v -0.00835605 -0.23026545 -0.16164231
v -0.31805548 -0.11549639 0.34682778
v 0.17816757 -0.03191489 0.59504461
v -0.13637659 0.21513426 -0.27079293
v 0.39312011 -0.00839079 -0.37737000
v 0.11598836 -0.07080851 0.49159250
v -0.32717279 -0.00013771 0.84987235
v -0.36384559 0.03440465 -0.85048795
v 0.28560421 0.27984440 -0.81507856
v 0.22844906 0.00365265 -0.16183792
v 0.18535514 -0.12859881 -0.23364329
v -0.31805328 0.18219820 0.80929190
v -0.28672603 0.06594400 0.85060006
v -0.10693330 0.06523722 0.30887029
v 0.35379270 0.12941261 -0.83341634
v -0.38960397 -0.11431447 -0.42408156
v -0.39004439 -0.10471959 -0.79636651
v -0.24048102 -0.29306147 0.80262893
v -0.17993777 -0.15125923 0.69694722
v 0.14440179 -0.26562461 0.85047394
v -0.00788784 -0.12065779 0.45786142
v 0.09376442 0.39139560 -0.41868994
v -0.01560255 -0.28552878 0.83357519
v -0.07396411 -0.21270926 0.00868443
v 0.22576436 -0.07994541 -0.26746097
v 0.16610362 0.03663774 -0.74513042
v -0.18414417 0.15506901 -0.12734166
v 0.22987968 -0.06310628 0.84714544
v 0.15707427 -0.15946044 0.17454828
v -0.28808945 -0.26736775 0.67096651
v -0.05093478 -0.02105274 -0.58150959
v -0.28609562 0.26606002 -0.34681109
v -0.00351541 0.19049169 0.61747134
v 0.10643223 0.17290476 0.59411484
v 0.32295695 0.24694608 -0.59254926
v 0.06344769 -0.26761985 0.32849753
v 0.23447014 -0.04955731 -0.26658824
v -0.07708332 -0.03835264 0.42415467
v 0.27392662 -0.19541429 0.37530923
v 0.18849283 0.13478056 -0.25661665
v 0.04785904 -0.09155763 -0.63586581
v -0.25166884 0.32321665 -0.74703133
v -0.15489861 0.29012108 0.85003692
v -0.37385130 0.02662868 0.55382073
v 0.32408002 0.25034997 -0.74322766
v 0.02995841 0.35315633 -0.31971171
v -0.14404908 0.16351691 0.79454505
v 0.03787203 0.22893764 -0.07609627
v 0.39291400 -0.06196123 -0.38826379
v -0.25394031 -0.27257469 0.83123964
v 0.21170127 -0.06986750 0.22738421
v -0.01393781 -0.07252333 0.20389231
v -0.19743158 0.00837637 -0.82810885
v -0.19440089 0.35227913 -0.39256528
v -0.15683965 0.34408799 0.68875289
v -0.17096390 0.13916491 0.81337905
v -0.22323428 -0.01542073 0.66213268
v -0.16915257 0.16892871 0.25750738
v 0.17755404 0.00106865 -0.77469569
v 0.14536931 0.13164750 0.64559311
v -0.05616135 -0.02774207 0.11324546
v 0.39033914 0.06792306 -0.81475222
v -0.30165911 -0.22232144 0.37193134
v -0.00849196 -0.21530573 0.67847365
v -0.18363631 0.01998265 0.59506464
v -0.34334335 0.21333934 -0.63047481
v 0.17442243 0.13567288 0.19917855
v -0.05024910 0.22687453 0.18836558
v 0.37183672 -0.09740834 -0.82961279
v -0.19994740 -0.01670007 0.58677793
v -0.08554506 0.06574006 -0.59429073
v 0.02046109 -0.05760014 0.39994743
v 0.20592462 0.09034513 0.28034994
v 0.11890990 -0.19069655 -0.23903060
v -0.36774719 0.16634989 -0.55550909
v -0.08729748 -0.00867268 0.21232226
v -0.14469875 0.35623679 0.40663365
v -0.08430211 -0.20743874 0.09666705
v -0.20939174 0.10226306 -0.23998009
v 0.14484034 0.17576030 0.19023629
v -0.21911739 0.10747895 0.29009372
v -0.11299231 -0.10295783 -0.64849460
v -0.02516343 -0.10183116 0.45301729
v -0.04615942 0.31451309 -0.85079855
v 0.35771513 -0.05530376 0.72439235
v -0.11773114 0.38828653 -0.41380855
v -0.01673532 0.23213024 -0.25314170
v 0.18757108 0.02044549 -0.77030081
v 0.10552800 -0.07323539 -0.80299586
v 0.33377644 0.03159044 0.79210407
v 0.14380471 0.17704220 -0.00159241
v -0.35345161 0.00032919 0.83355826
v -0.28261855 -0.18710719 -0.31329405
v -0.03336674 -0.37739140 -0.83136672
v -0.29804301 -0.25235924 0.51465458
v 0.39359066 0.04816506 -0.38270214
v 0.13541447 -0.37228587 -0.81693864
v -0.30462837 0.27026919 -0.67921758
v 0.00001598 -0.24945405 -0.26988238
v 0.03187814 -0.14186762 -0.80212188
v 0.15681216 -0.29238895 -0.85083020
v -0.04221244 -0.33857203 -0.85003066
v -0.04924941 0.32559434 0.84989196
v 0.09523198 -0.21622624 -0.26548392
v 0.22734548 -0.33445033 -0.57330978
v 0.20806538 0.05237412 0.82508183
v 0.22163334 -0.33971933 -0.78214127
v 0.20267947 -0.05347919 0.83023626
v -0.09949407 -0.39324769 -0.72055930
v -0.30835506 -0.23031200 0.58151644
v -0.01245054 -0.07437633 0.12067564
v -0.16876736 -0.16599333 -0.09337196
v 0.26121116 0.26808125 0.42467248
v -0.36593714 0.13632952 0.59111160
v -0.05130372 0.25686750 0.84157908
v 0.19329068 0.08630271 0.82513869
v 0.29130328 -0.28551921 -0.59546155
v -0.15066484 0.35959426 -0.82906359
v 0.39196053 -0.10566768 -0.52643174
v -0.03385239 -0.23840982 0.30989751
v 0.23785384 0.06386833 0.84993732
v 0.00544942 0.22464344 0.79376400
v -0.37386611 0.15280175 -0.69228274
v 0.20084308 -0.03087382 -0.85083354
v 0.17869943 -0.36131161 -0.78545946
v 0.17220436 0.15174614 0.27029502
v -0.11995865 -0.33178464 -0.32014394
v -0.17058374 0.06370050 0.52678430
v -0.22785723 -0.06012193 -0.21437447
v -0.02475995 0.36391690 -0.83472306
v -0.18557087 -0.30495402 0.82058537
v 0.17906047 0.31952459 -0.32781741
v 0.04399309 0.17508027 0.61924601
v -0.05297353 0.36943048 -0.33308956
v -0.15393826 -0.15201685 0.59425741
v -0.14643383 -0.37687168 -0.77481908
v -0.23604478 -0.00645994 0.17153297
v 0.09797920 0.39321670 -0.51785231
v 0.21047637 -0.06881192 -0.06404626
v -0.06900492 0.25157809 0.31820986
v 0.12593292 -0.35249531 0.54167634
v -0.05092387 0.23854907 0.82161534
v 0.02777517 -0.12579173 -0.66342711
v -0.18760191 0.05867402 0.56744707
v -0.05193827 -0.22072795 -0.23884121
v -0.20271981 0.27326706 0.35514694
v -0.19874334 0.16500942 0.85029018
v -0.14022143 -0.32687747 0.80184156
v 0.15546831 0.37267753 -0.66948074
v 0.24756759 -0.22892003 0.39435884
v 0.13526070 0.27220628 0.35197219
v -0.01726739 0.34902820 0.81691277
v 0.11924532 -0.13873918 0.63823467
v 0.19181359 -0.01155680 0.64365119
v 0.24103157 0.27486280 0.80072737
v -0.18428509 -0.15022889 0.24865270
v -0.30819359 0.00152470 -0.29659587
v -0.16912127 -0.16540854 -0.17792995
v -0.16179916 -0.17127968 0.73004019
v 0.29064056 -0.22266747 -0.32710069
v -0.20132652 -0.06915797 0.62839329
v -0.20995244 0.29505321 0.38606697
v -0.12951633 0.23669070 0.84966487
v 0.09511384 0.15124688 -0.85050666
v 0.20697618 0.24800834 -0.85086143
v 0.04187830 0.23176457 -0.26036489
v 0.22167195 -0.09243703 0.30664688
v 0.19778322 0.24388874 -0.30056870
v 0.29217020 0.20189652 0.65719116
v 0.23006555 -0.03136888 0.30165693
v -0.31684214 -0.03427047 0.85011679
v -0.25056300 -0.23746182 -0.85082453
v 0.32214630 -0.25033775 -0.66270071
v -0.11875673 0.04764678 0.35702297
v 0.35650536 0.18733975 -0.80188555
v -0.08409747 0.01588296 0.18824694
v 0.01391713 -0.07089207 0.20374428
v -0.38924730 -0.11964886 -0.56395549
v -0.11693976 -0.07959679 -0.62330818
v -0.31711856 -0.21038845 0.71231681
v -0.00527968 0.17981569 0.56726754
v 0.19608107 0.00501203 -0.82592154
v -0.00444712 0.08545908 0.17820136
v -0.23754841 -0.02089407 0.79576886
v -0.19219799 0.14471547 0.27099836
v 0.04394814 -0.37661996 0.67907155
v -0.32470202 0.24723586 -0.48806393
v 0.32354563 0.04030285 -0.85015559
v -0.10027104 0.20803754 0.62905276
v 0.21345966 0.33926806 -0.81211233
v -0.37543690 0.11688250 0.55338895
v 0.29498845 -0.18883482 0.79986680
v -0.36855277 0.04078105 -0.33092511
v -0.35641101 0.15199859 0.53768480
v 0.09961323 0.39283648 -0.57694066
v -0.04352920 -0.13863620 -0.62912875
v -0.02889802 0.22378376 0.73657775
v -0.20466703 -0.11528017 -0.25411573
v 0.19010335 0.03850895 -0.83119619
v 0.09225450 -0.28833109 -0.29660067
v 0.05056324 -0.03240258 0.21006750
v 0.31136325 -0.07845769 0.35293263
v -0.32147130 -0.18058687 0.39096951
v 0.06854022 -0.20221207 0.80724323
v -0.09023548 0.37876716 0.58317786
v -0.27786043 -0.28855437 -0.36607867
v 0.03270458 -0.18488581 0.52089053
v -0.04754475 0.22764693 -0.02531508
v 0.35773107 -0.05597884 0.57382327
v -0.05894079 0.04088298 0.19604132
v -0.24761929 0.08402944 0.30492306
v -0.28673464 -0.26778546 0.54433835
v 0.07890227 0.01687671 0.19557619
v 0.11086199 -0.39172918 -0.69627929
v 0.16545267 -0.15691827 -0.05792370
v -0.29183707 -0.24199399 -0.83691949
v -0.23858084 0.04246360 -0.85092372
v -0.06457923 0.11843527 0.42994434
v -0.33459294 -0.09694374 0.36071754
v 0.04666294 -0.06706590 0.45116132
v -0.18471950 0.08496410 -0.85094225
v -0.35492438 -0.03378628 0.81533581
v 0.12448670 0.36008230 -0.83123666
v -0.11267675 0.36059719 0.80717206
v -0.18660766 -0.21992293 0.84324676
v -0.08821391 0.16978358 0.52273506
v -0.03374902 -0.30583748 0.33560580
v 0.11256494 0.13466676 -0.85042739
v 0.39157641 -0.11065821 -0.59628850
v 0.30107582 -0.17835435 0.39248413
v -0.37392408 -0.15267137 -0.66614473
v -0.22743563 0.07388063 0.13518950
v 0.02005909 0.19031642 -0.83826679
v 0.15818246 -0.07121728 0.66042739
v -0.26928619 0.28639522 -0.82602918
v -0.22196212 -0.30927429 -0.83345419
v 0.33254537 -0.03533738 0.83746743
v 0.08815100 -0.37125745 0.43424034
v 0.39362609 0.09616108 -0.68674481
v 0.08373297 -0.20828550 -0.05734295
v -0.15085387 0.11611646 -0.85068953
v -0.20254917 -0.28778046 0.35444790
v 0.21512155 0.04307684 0.05805162
v 0.03928919 -0.37565100 0.73847693
v 0.28294012 0.29276997 -0.61970645
v 0.15275799 0.17179337 0.22811389
v -0.06079444 -0.22450817 0.18307799
v 0.29137316 0.20460856 0.48207814
v 0.05420622 0.21990831 0.13014132
v -0.18594313 -0.30310622 -0.84565681
v -0.08275907 0.21581104 0.11522777
v -0.08625837 -0.00902256 0.27087134
v 0.23492236 0.28620511 0.51666552
v 0.01689505 0.23210287 -0.25297010
v -0.07050136 -0.15638392 -0.83177292
v 0.14502643 0.15907013 0.74522817
v -0.20015624 0.30151424 0.78270274
v 0.17917106 -0.13772276 -0.10749241
v 0.24142830 0.23348342 0.35520190
v -0.34827390 0.20383176 -0.39406249
v -0.22831799 -0.06076949 0.03404323
v 0.15083468 -0.00305701 -0.68372387
v 0.07934136 -0.37609184 0.78993207
v -0.35597128 -0.03342195 0.61900020
v -0.39003849 -0.02754749 -0.35070750
v 0.00733988 0.23681447 0.25424793
v -0.00030341 -0.35415971 -0.84776449
v -0.19784349 0.13830492 0.17795947
v 0.23181051 0.03367853 -0.85045636
v 0.10990909 -0.16455473 0.67248684
v -0.08241110 0.08160605 0.28863460
v -0.18461557 -0.14974394 0.18678278
v -0.20738792 -0.03400783 -0.83740717
v 0.20689365 -0.30993357 -0.83579159
v -0.07344607 0.13863935 -0.64322710
v -0.30771127 -0.06813608 0.85044020
v -0.00802406 -0.22797605 0.07066036
v -0.20465083 0.01359287 0.65779406
v 0.18326144 0.11648726 0.83166957
v -0.39331234 -0.09589987 -0.63616395
v 0.37457955 0.15109414 -0.71390325
v 0.03376726 -0.37558183 -0.33722124
v -0.11957277 0.24355802 0.31039456
v -0.06329297 0.37676007 0.47639054
v 0.39125979 -0.11413683 -0.66295552
v 0.34387952 -0.01399190 0.38625568
v -0.12174202 0.07070193 -0.60929090
v -0.32405967 -0.10668088 0.83584911
v -0.09273601 -0.17421566 0.62255889
v 0.25632730 -0.15399455 -0.29494670
v 0.09712123 0.20262167 -0.23776954
v -0.08818158 -0.06657483 0.49797997
v 0.03150436 0.22800440 0.06679953
v -0.14688896 0.35340583 0.54887080
v 0.34323162 -0.11814255 0.38393474
v -0.29107508 -0.10495993 0.85141432
v 0.06571478 -0.21776174 0.23649265
v -0.25149620 0.32357323 -0.64528084
v 0.08765040 0.21718499 -0.26202652
v 0.09070712 -0.37330326 0.62140071
v 0.09431916 -0.37706998 -0.36012551
v 0.12192821 0.20258959 0.31387550
v -0.11074749 0.39210877 -0.58604485
v 0.09879249 0.39299297 -0.72304934
v -0.13591538 0.19320309 0.83355790
v -0.08848803 0.11945681 -0.62382334
v 0.14934587 -0.18303335 0.28863835
v -0.26843214 0.03161430 0.31039652
v 0.27090511 0.14346939 0.84922725
v 0.07791306 0.15478601 0.47611541
v -0.15391402 0.34496048 0.76248765
v -0.04338352 0.22852246 0.04880986
v -0.08124053 0.38011941 0.53869843
v -0.22261861 0.06699549 0.76170343
v -0.03447409 -0.18901092 0.59073311
v -0.13691792 0.15164220 -0.85098422
v -0.25227910 0.32310203 -0.50123334
v -0.18948387 0.01743111 -0.63978112
v -0.04112254 0.17879175 -0.61308903
v 0.14291240 0.17805570 -0.06795291
v 0.27812523 -0.20405740 0.42994201
v -0.25555870 -0.31860542 -0.55462044
v 0.11236791 -0.35447025 -0.33350402
v 0.06687821 0.21749765 -0.24351747
v -0.18755470 0.25409949 -0.30120462
v 0.16147725 -0.03763458 -0.83670014
v 0.10158750 0.16965643 0.54066539
v 0.04200299 -0.21645643 0.18747613
v -0.39363784 0.09530833 -0.72225350
v 0.17028640 0.02114247 -0.70470124
v 0.05345435 -0.21293257 0.10488116
v 0.13285646 -0.33287638 0.38352716
v -0.10802165 0.19951883 0.69781595
v 0.32339701 -0.25102210 -0.72857773
v -0.00390024 -0.20327285 0.61314636
v 0.20424852 0.09038011 0.06051508
v -0.00417688 0.10461856 0.32160348
v 0.22839303 0.32933906 -0.49354196
v -0.33091924 -0.13778377 0.60983813
v 0.33694658 0.02456407 0.66873509
v -0.36616629 0.13337259 0.76212609
v 0.07754949 -0.01298829 0.17285614
v -0.21880376 -0.29888076 -0.33188099
v -0.23383752 0.25127941 0.35954297
v 0.05333088 -0.09877416 -0.66074395
v 0.16722782 -0.04855094 0.52310884
v -0.08516935 -0.32290071 0.34912357
v -0.01754841 -0.32882231 0.83235890
v -0.17548679 -0.32668781 -0.33216143
v 0.06399312 -0.03145513 0.13278262
v 0.10916912 -0.39232835 -0.62884980
v 0.26845512 -0.16487122 0.34530553
v -0.30459413 0.22244577 -0.33582628
v 0.00254408 0.34243873 0.36265180
v -0.23421982 0.00004643 -0.26106659
v 0.20191123 0.16592333 -0.27589896
v -0.29242399 -0.15116155 0.34022480
v 0.18721466 -0.25547934 0.34804237
v 0.29500139 0.28178328 -0.48359355
v 0.34949443 -0.13020301 0.50222051
v 0.29426971 0.28338662 -0.54185724
v -0.12534292 -0.20523995 0.24946807
v -0.12561612 0.31970394 -0.84926927
v -0.23116991 -0.05479620 0.14979269
v 0.20764649 0.07268301 0.21895468
v -0.25146097 0.32362625 -0.57761902
v 0.36676174 -0.03963095 -0.33022606
v 0.08595335 0.31714630 -0.85074848
v 0.39260232 0.09540645 -0.51690090
v 0.32066631 0.09451120 0.79734486
v -0.20606664 -0.05822976 -0.65409631
v -0.38644984 0.04973344 -0.83534551
v -0.00580460 -0.20945899 0.64478922
v -0.30903423 -0.14354187 -0.85038066
v -0.11778937 -0.10479072 -0.79729092
v -0.03067745 0.21345396 0.66179615
v 0.37208202 0.15482886 -0.60377157
v 0.20788659 0.08538905 -0.14674924
v 0.38945973 -0.05964053 -0.81832451
v 0.31496456 0.03356747 -0.30266881
v -0.23423705 -0.04908074 0.21501321
v -0.17326851 0.30958226 0.83164144
v 0.27426267 0.06989235 0.85133594
v 0.14064863 0.18000777 -0.13351981
v -0.10816827 -0.39234018 -0.57316786
v -0.22814511 0.06784444 -0.10235468
v 0.23786969 0.28400901 0.57743806
v -0.22825719 0.06438995 0.06027580
v 0.11840715 0.12745638 0.47378331
v 0.07111648 0.11043092 -0.71201503
v -0.17859517 -0.15914918 0.03403829
v 0.24586180 -0.06784553 0.32639632
v -0.20680788 0.05667549 -0.85065979
v -0.39289951 -0.10128548 -0.72271317
v 0.24526520 -0.22947496 -0.85070246
v -0.10998479 0.39226934 -0.50121909
v 0.09851591 -0.17017488 0.63040298
v -0.23137003 -0.29806125 0.58066529
v -0.00519771 -0.22945553 -0.05076990
v -0.16484396 0.17415652 0.14431092
v 0.23028573 -0.25361720 0.59815907
v 0.21905847 -0.33045959 -0.37850639
v -0.25013259 -0.32384157 -0.63783163
v 0.34251636 -0.14064860 0.42305282
v -0.00150096 -0.15344378 0.47719440
v 0.21127148 -0.26786906 0.46311346
v -0.23496188 -0.06568886 -0.26585999
v 0.25483364 0.26479757 0.38815066
v 0.26560402 0.24989001 0.81465966
v 0.21863979 0.28986692 0.64757860
v 0.16546471 -0.15651096 -0.00846076
v -0.07968894 0.37860098 0.62428296
v 0.13678096 0.35444480 -0.33661970
v -0.14701140 0.31057525 0.35269228
v -0.00504342 0.09578991 0.26586568
v 0.20475999 0.28273192 0.37150118
v -0.07525591 -0.33783412 0.81684929
v -0.39365482 0.09734725 -0.55188698
v -0.28650644 -0.27002838 -0.82590383
f 298 965 2000
f 298 1345 965
f 1345 298 1330
f 1330 1527 1345
f 1527 1330 1984
f 1984 1126 1527
f 1903 1126 1984
f 1903 1451 1126
f 1903 1507 1451
f 1162 1507 1903
f 132 1162 1513
f 1787 132 1513
f 983 1955 686
f 1196 2000 965
f 1196 1797 2000
f 686 1797 1196
f 686 754 1797
f 1955 754 686
f 1812 195 798
f 195 983 798
f 195 1002 983
f 1975 195 1812
f 798 686 526
f 798 526 1345
f 1345 1812 798
f 1812 1345 1527
f 798 983 686
f 526 686 1196
f 965 526 1196
f 1345 526 965
f 1759 1126 1451
f 1759 1812 1126
f 1812 1527 1126
f 1552 1451 1507
f 1552 1759 1451
f 1233 1552 1507
f 1597 1552 1233
f 1265 1597 1233
f 1074 1233 1507
f 1074 1507 132
f 132 1507 1162
f 1265 1233 936
f 1082 1265 936
f 1112 1265 1082
f 936 1233 1074
f 936 1074 909
f 909 1074 132
f 1674 936 909
f 1674 1082 936
f 909 132 1787
f 1372 1221 563
f 959 1221 1372
f 959 789 1221
f 563 1357 1002
f 1221 1357 563
f 1002 1955 983
f 1357 1955 1002
f 789 1005 1221
f 1221 1005 1357
f 1975 1556 1598
f 959 1372 1556
f 205 959 1556
f 1598 1002 195
f 1975 1598 195
f 1598 563 1002
f 1556 563 1598
f 1556 1372 563
f 1999 1861 1759
f 1759 1861 1812
f 1861 1975 1812
f 1161 1552 1597
f 1552 1999 1759
f 941 1552 1161
f 941 1161 1846
f 1161 1597 1265
f 1112 1161 1265
f 1342 1161 1112
f 1846 1161 1342
f 218 1846 1342
f 1738 218 1342
f 476 1082 1674
f 476 1112 1082
f 476 1342 1112
f 1738 1342 476
f 1988 1738 476
f 1485 1738 1988
f 605 2000 63
f 2000 605 298
f 63 1817 605
f 1817 1158 415
f 63 1154 1817
f 1817 1831 1158
f 1154 1831 1817
f 932 1158 1831
f 1158 932 549
f 1831 898 932
f 932 682 549
f 415 298 605
f 1330 298 415
f 415 605 1817
f 1330 415 1158
f 1717 1158 549
f 1717 1330 1158
f 1416 1330 1717
f 1416 1717 1690
f 1717 549 682
f 1416 1984 1330
f 1966 1984 1416
f 1966 1903 1984
f 1560 1903 1966
f 1575 1513 1162
f 1560 1162 1903
f 1575 1162 1560
f 1063 1575 1560
f 960 1787 1513
f 576 1787 960
f 960 1513 1575
f 1924 576 960
f 781 960 1575
f 1924 960 781
f 1930 1924 781
f 517 781 1575
f 1930 781 517
f 611 1924 1930
f 517 1575 1063
f 200 1930 517
f 1708 1930 200
f 611 1930 1708
f 1797 63 2000
f 1797 1753 63
f 754 1753 1797
f 1955 1522 754
f 1753 1154 63
f 754 342 1753
f 1522 342 754
f 1753 824 1154
f 342 824 1753
f 1154 898 1831
f 342 1143 824
f 824 1480 1154
f 576 909 1787
f 1674 909 576
f 476 1674 1145
f 611 576 1924
f 611 1674 576
f 1145 1674 611
f 1145 611 1387
f 821 611 95
f 821 1387 611
f 689 1145 1387
f 1337 1145 689
f 1337 1016 1145
f 1091 1016 1337
f 359 1091 1739
f 357 359 1739
f 805 1337 689
f 805 1091 1337
f 1091 805 1078
f 1739 1091 1078
f 24 1387 821
f 24 689 1387
f 24 805 689
f 1078 805 24
f 1495 357 1693
f 1426 1495 1693
f 1357 900 1955
f 1005 900 1357
f 1955 900 1522
f 1005 1854 900
f 331 1854 1005
f 331 1001 1854
f 900 678 1522
f 1854 678 900
f 1854 1067 678
f 1854 173 1067
f 1001 173 1854
f 678 1067 1522
f 1522 617 342
f 1067 617 1522
f 342 595 1143
f 617 595 342
f 499 1401 921
f 499 1031 1401
f 1031 1128 1401
f 1128 1355 1401
f 1128 952 1355
f 1001 1559 173
f 1031 583 1128
f 1355 830 1401
f 173 300 1067
f 173 196 300
f 173 118 196
f 118 707 196
f 118 921 707
f 921 812 707
f 1401 812 921
f 118 499 921
f 1559 118 173
f 1559 628 118
f 628 499 118
f 300 617 1067
f 1401 830 812
f 617 196 1956
f 196 617 300
f 196 707 1956
f 707 399 1956
f 707 812 399
f 812 830 399
f 952 1092 1952
f 1092 656 1952
f 1092 158 656
f 1128 956 952
f 956 1092 952
f 1436 158 1092
f 956 616 1092
f 616 1436 1092
f 1952 676 952
f 1355 952 676
f 1436 734 158
f 734 825 158
f 583 956 1128
f 616 734 1436
f 676 830 1355
f 676 272 830
f 1952 272 676
f 656 272 1952
f 158 272 656
f 158 825 272
f 734 343 825
f 734 1413 343
f 825 756 272
f 825 384 756
f 343 384 825
f 272 954 830
f 756 954 272
f 343 1055 384
f 1055 1413 1327
f 1055 343 1413
f 1936 1738 1485
f 1710 1988 796
f 1710 1485 1988
f 1936 1485 1710
f 1779 476 1145
f 796 476 1779
f 796 1779 1016
f 1710 1016 359
f 1710 796 1016
f 612 1710 359
f 796 1988 476
f 1016 1779 1145
f 359 1016 1091
f 1066 359 1495
f 1066 612 359
f 1334 1066 1495
f 1495 359 357
f 1426 1334 1495
f 1137 1334 1426
f 932 912 682
f 898 912 932
f 682 912 661
f 912 995 661
f 912 1683 995
f 1683 1675 995
f 1675 1848 379
f 1683 1848 1675
f 661 1717 682
f 1717 661 210
f 1690 1717 210
f 210 661 995
f 1690 210 1035
f 1035 995 1675
f 1035 210 995
f 892 1690 1035
f 379 1035 1675
f 1035 379 892
f 642 1560 1966
f 1063 1560 642
f 356 1063 642
f 1440 517 1063
f 200 517 1440
f 1440 1063 356
f 1491 200 1440
f 1491 1708 200
f 1323 1440 356
f 1323 1491 1440
f 604 1708 1491
f 979 1708 604
f 979 41 1708
f 604 1491 1323
f 1114 1323 356
f 640 1323 1114
f 640 604 1323
f 1680 979 604
f 1154 877 898
f 1480 877 1154
f 824 1065 1480
f 898 421 912
f 877 421 898
f 1480 1836 877
f 1065 1836 1480
f 421 1683 912
f 877 1329 421
f 1836 1329 877
f 421 817 1683
f 1329 311 421
f 421 311 817
f 311 452 817
f 1065 638 1836
f 399 635 638
f 399 829 635
f 399 495 829
f 481 495 399
f 1329 638 762
f 638 1329 1836
f 638 635 762
f 481 440 495
f 481 1447 440
f 762 311 1329
f 762 728 311
f 440 1447 295
f 728 452 311
f 762 1040 728
f 635 1040 762
f 829 1040 635
f 829 116 1040
f 495 116 829
f 481 1419 1447
f 304 1419 481
f 304 1777 1419
f 1419 494 1447
f 1777 494 1419
f 1777 1433 494
f 494 295 1447
f 494 190 295
f 1433 190 494
f 95 611 1708
f 41 95 1708
f 424 41 979
f 1739 1078 1119
f 1119 357 1739
f 355 821 95
f 671 821 355
f 671 24 821
f 671 1078 24
f 1119 1078 671
f 355 95 41
f 492 355 41
f 492 671 355
f 1726 671 492
f 1119 671 1726
f 492 41 424
f 1726 492 424
f 1582 1726 827
f 1582 1119 1726
f 1289 424 979
f 1289 1726 424
f 827 1726 1289
f 358 979 1680
f 358 1289 979
f 827 1289 358
f 1693 357 1119
f 1426 1693 1056
f 1137 1426 1056
f 1056 1693 1119
f 1605 1137 1056
f 1398 1119 1582
f 1398 1056 1119
f 1056 1398 1980
f 1605 1056 1980
f 690 1605 1980
f 1143 1160 824
f 595 1160 1143
f 1160 1065 824
f 617 1956 595
f 1956 1160 595
f 830 1663 399
f 1956 1065 1160
f 1663 481 399
f 1956 638 1065
f 399 638 1956
f 954 1663 830
f 756 1760 954
f 384 1760 756
f 384 1055 1760
f 1760 1663 954
f 1055 1494 1760
f 1327 1494 1055
f 1663 757 481
f 1760 757 1663
f 1494 1100 1760
f 1327 1183 1494
f 757 466 481
f 757 1100 466
f 1760 1100 757
f 1183 1612 1494
f 466 304 481
f 1494 1612 1100
f 466 1777 304
f 466 1490 1777
f 1100 1490 466
f 1100 996 1490
f 1612 996 1100
f 1490 1433 1777
f 1612 497 996
f 403 843 1784
f 1784 76 1644
f 1784 843 76
f 1644 523 837
f 76 1122 1644
f 843 1938 76
f 837 523 1548
f 1644 1025 523
f 1644 1122 1025
f 1938 1122 76
f 527 403 1784
f 1784 1644 837
f 102 1784 837
f 527 102 625
f 527 1784 102
f 527 625 1676
f 102 837 1458
f 625 102 1458
f 625 1458 703
f 703 1676 625
f 1793 1676 703
f 1691 527 1676
f 1691 1920 527
f 449 1920 1691
f 1691 1793 1319
f 1691 1319 1392
f 1691 1676 1793
f 449 1691 1392
f 449 1392 1611
f 1138 1761 836
f 513 1138 836
f 1761 1920 449
f 836 1761 770
f 836 770 1486
f 1486 770 387
f 1761 449 1611
f 1761 1611 544
f 894 1761 544
f 770 1761 894
f 770 894 555
f 555 387 770
f 15 1138 513
f 701 836 1486
f 1411 836 701
f 1411 513 836
f 15 513 1411
f 701 1486 639
f 629 15 1411
f 639 1486 387
f 240 701 639
f 240 1411 701
f 566 1411 240
f 566 629 1411
f 664 157 1046
f 1046 1109 1800
f 1046 1800 403
f 1046 567 1109
f 157 567 1046
f 403 1583 843
f 403 1800 1583
f 1109 1583 1800
f 1583 1938 843
f 1109 989 1583
f 567 989 1109
f 567 394 989
f 1059 394 567
f 23 664 1046
f 1046 403 527
f 23 1046 527
f 1625 23 527
f 1845 1625 527
f 1845 527 1920
f 893 1470 844
f 893 844 1803
f 844 1920 1138
f 203 844 1138
f 844 1845 1920
f 844 1470 1845
f 1138 1920 1761
f 1673 893 1803
f 1335 844 203
f 1803 844 1335
f 161 1803 1335
f 1673 1803 161
f 1869 1138 15
f 1869 203 1138
f 1335 203 1869
f 1588 1673 161
f 1588 161 1752
f 1857 1869 29
f 1857 1335 1869
f 1752 1335 1857
f 1752 161 1335
f 1877 15 629
f 1877 1869 15
f 29 1869 1877
f 1857 29 1877
f 1254 1752 1857
f 1174 1752 1254
f 1174 1588 1752
f 408 1857 1877
f 1857 408 1254
f 504 1548 658
f 1823 504 658
f 1373 504 1823
f 287 1823 592
f 1373 1823 287
f 799 1373 287
f 799 287 177
f 592 177 287
f 1458 837 1548
f 1458 1548 504
f 1373 1458 504
f 703 1458 1373
f 799 703 1373
f 1979 703 799
f 1979 1793 703
f 1979 1319 1793
f 1979 1392 1319
f 1392 1979 1344
f 1344 1611 1392
f 544 1611 1344
f 544 1344 482
f 482 894 544
f 1599 894 482
f 1599 555 894
f 1431 1599 482
f 482 1344 731
f 1729 482 731
f 1729 1431 482
f 1121 1431 1729
f 1121 1712 1431
f 1631 555 1599
f 957 1631 1599
f 957 1599 1431
f 1712 957 1431
f 105 957 1712
f 105 1712 1121
f 808 105 1121
f 1278 1853 368
f 1853 1278 1247
f 1737 1853 1247
f 1943 1737 1247
f 524 1737 1943
f 1548 523 1025
f 1025 658 1548
f 1938 1129 1122
f 1938 920 1129
f 1025 1024 658
f 1122 1024 1025
f 1122 1129 1024
f 658 1024 1823
f 920 1271 1129
f 1024 592 1823
f 1129 1508 1024
f 1271 451 1129
f 1129 451 1508
f 1271 432 451
f 1024 483 592
f 1508 483 1024
f 451 524 1508
f 524 432 1737
f 524 451 432
f 592 1397 177
f 483 1397 592
f 507 1508 524
f 1508 507 483
f 524 1943 507
f 239 341 722
f 239 746 341
f 1716 722 341
f 341 880 1716
f 1105 1476 958
f 1476 85 958
f 652 584 1740
f 1105 584 652
f 958 584 1105
f 958 1570 584
f 1600 746 239
f 1600 396 746
f 652 396 1600
f 652 1740 396
f 1570 37 573
f 1740 584 573
f 584 1570 573
f 1631 387 555
f 367 387 1631
f 367 639 387
f 1343 639 367
f 1343 240 639
f 380 240 1343
f 380 566 240
f 765 566 380
f 586 1631 957
f 586 367 1631
f 284 367 586
f 284 1343 367
f 765 380 85
f 273 1343 284
f 380 273 85
f 273 380 1343
f 1476 765 85
f 777 957 105
f 777 586 957
f 1806 586 777
f 1806 284 586
f 273 284 1806
f 958 85 273
f 1499 273 1806
f 273 1570 958
f 1570 273 1499
f 1246 777 105
f 1307 777 1246
f 1307 1806 777
f 1499 1806 1307
f 1246 105 808
f 1499 37 1570
f 37 1499 1307
f 1718 630 1945
f 1945 630 368
f 1137 1842 1334
f 1972 1842 1137
f 632 1842 1972
f 632 630 1842
f 368 630 632
f 980 1718 1962
f 255 1962 419
f 255 980 1962
f 1962 1718 1945
f 1962 1945 1853
f 1962 1853 879
f 879 419 1962
f 1853 1945 368
f 1737 879 1853
f 1583 920 1938
f 989 920 1583
f 1059 693 394
f 394 419 989
f 394 255 419
f 122 980 255
f 693 122 255
f 693 255 394
f 989 1496 920
f 989 419 1496
f 920 1496 1271
f 1496 419 879
f 879 1737 432
f 1271 879 432
f 1496 879 1271
f 1541 174 1179
f 848 351 1742
f 351 1638 1742
f 1651 351 848
f 1742 239 1429
f 848 1742 1429
f 292 1429 722
f 1429 239 722
f 848 1429 292
f 1275 1651 848
f 1266 1651 1275
f 292 722 1716
f 1179 1266 1275
f 982 292 1716
f 1544 848 292
f 1275 848 1544
f 1179 1275 1544
f 924 480 981
f 1765 480 924
f 1294 924 1561
f 1294 1765 924
f 814 1294 1561
f 924 742 1476
f 981 742 924
f 1638 1561 1742
f 814 1561 1638
f 1476 1105 924
f 1742 1600 239
f 1561 652 1600
f 1561 924 652
f 924 1105 652
f 1742 1561 1600
f 626 629 566
f 626 1877 629
f 408 1877 626
f 655 1254 408
f 545 1254 655
f 545 1174 1254
f 626 566 765
f 981 408 626
f 480 408 981
f 480 655 408
f 1765 655 480
f 1765 545 655
f 742 626 765
f 981 626 742
f 742 765 1476
f 799 177 1321
f 1457 1321 1928
f 1457 799 1321
f 1928 1321 177
f 1397 1928 177
f 1457 1928 364
f 364 1928 1808
f 1484 364 1000
f 1484 1457 364
f 1808 1000 364
f 1328 799 1457
f 1328 1979 799
f 1328 1457 725
f 725 1457 1484
f 391 1344 1979
f 731 1344 391
f 391 1979 1328
f 391 1328 1512
f 115 1729 731
f 772 115 731
f 1998 115 772
f 772 731 391
f 420 1998 772
f 571 772 330
f 571 420 772
f 330 772 391
f 1825 330 391
f 908 1121 1729
f 808 1121 908
f 908 1729 115
f 551 808 908
f 19 908 115
f 615 908 19
f 615 551 908
f 1998 19 115
f 477 1998 420
f 477 19 1998
f 477 615 19
f 222 615 477
f 477 420 571
f 1929 477 571
f 1604 477 1929
f 1604 222 477
f 312 571 330
f 1929 571 312
f 1972 1137 1605
f 632 1972 1659
f 1278 632 1659
f 1278 368 632
f 1659 1972 1605
f 1858 1659 1605
f 1659 1858 1382
f 1858 1605 690
f 1828 1278 1659
f 1828 1247 1278
f 716 1247 1828
f 716 1943 1247
f 1828 1659 1382
f 1124 716 1828
f 1124 1828 1382
f 483 507 230
f 507 1943 230
f 620 483 230
f 483 620 1397
f 620 230 716
f 716 230 1943
f 1397 547 1928
f 620 547 1397
f 547 620 716
f 547 1808 1928
f 547 1701 1808
f 1701 547 716
f 1701 286 1808
f 1533 716 1124
f 1533 1701 716
f 286 1701 1533
f 289 1320 1407
f 1320 289 124
f 1407 1320 986
f 1407 986 437
f 1320 1238 986
f 1986 437 986
f 746 425 341
f 880 89 1716
f 982 1716 89
f 880 1870 89
f 341 1870 880
f 425 1870 341
f 89 831 982
f 294 982 831
f 89 1870 831
f 294 831 124
f 294 124 289
f 425 1645 1870
f 831 1896 124
f 1870 1896 831
f 1870 1954 1896
f 1645 1954 1870
f 124 1896 1320
f 1954 1916 1896
f 1896 1238 1320
f 1896 687 1238
f 1896 1916 687
f 396 425 746
f 1740 425 396
f 1740 1509 425
f 573 1509 1740
f 573 280 1444
f 573 1444 1509
f 1444 1041 1509
f 425 1509 1645
f 1444 320 1041
f 1041 794 1509
f 320 1226 1041
f 1509 794 1645
f 1246 808 551
f 1364 1307 1246
f 1307 1364 37
f 1242 1246 551
f 1364 1246 1242
f 37 1364 573
f 1242 551 615
f 135 1364 1242
f 1364 280 573
f 280 1364 135
f 81 1242 615
f 135 1242 81
f 1444 280 135
f 222 81 615
f 334 81 222
f 135 334 1444
f 334 135 81
f 334 320 1444
f 1287 222 1604
f 334 1287 320
f 1287 334 222
f 1286 1287 1604
f 1287 1226 320
f 533 1032 172
f 1032 1642 172
f 1032 68 1642
f 1088 1642 308
f 1088 172 1642
f 68 1515 1642
f 308 1642 1515
f 515 1515 1692
f 465 1515 515
f 465 308 1515
f 859 308 465
f 1381 1032 533
f 1032 167 1471
f 167 1032 1381
f 17 1471 167
f 747 1471 17
f 747 1657 1471
f 1471 68 1032
f 1657 309 1338
f 309 536 1338
f 536 1833 1338
f 68 1120 1515
f 68 1633 1120
f 68 1471 1633
f 1657 1633 1471
f 1338 1633 1657
f 1515 1120 1692
f 1633 1516 1120
f 1338 392 1633
f 1338 1060 392
f 1833 679 863
f 679 715 863
f 1192 1619 914
f 1619 1192 136
f 1833 863 1338
f 136 863 715
f 863 136 1192
f 863 1315 1111
f 1338 863 1111
f 863 1192 1315
f 1111 1060 1338
f 1111 1240 1060
f 1315 1240 1111
f 1315 189 1240
f 1315 1314 189
f 1192 1314 1315
f 1192 1107 1314
f 914 1107 1192
f 1179 1544 1541
f 1544 1873 1541
f 1873 294 289
f 1873 1544 294
f 1541 1619 453
f 1619 1541 1873
f 136 453 1619
f 712 289 1407
f 1873 289 712
f 1873 1207 1619
f 1873 712 1207
f 1407 437 712
f 1207 712 907
f 914 1207 907
f 1207 914 1619
f 1664 437 1602
f 1664 712 437
f 712 1664 907
f 914 907 650
f 1602 437 1986
f 907 903 650
f 1664 903 907
f 903 1664 1602
f 914 650 1107
f 292 982 1544
f 1544 982 294
f 205 228 959
f 1953 228 205
f 1520 378 1953
f 228 789 959
f 1953 1589 228
f 1953 585 1589
f 378 585 1953
f 1589 789 228
f 378 916 585
f 1529 916 378
f 49 916 1529
f 49 538 916
f 1589 1798 789
f 585 1798 1589
f 916 1798 585
f 538 930 916
f 1798 1005 789
f 930 1798 916
f 1910 1556 1975
f 1910 205 1556
f 1520 1953 205
f 1910 1520 205
f 1910 170 1520
f 170 378 1520
f 170 1529 378
f 191 1529 170
f 191 49 1529
f 191 170 1910
f 846 1975 1861
f 846 1910 1975
f 1999 846 1861
f 1704 1910 846
f 1101 1999 1552
f 941 1101 1552
f 155 1101 941
f 47 1101 155
f 1113 155 941
f 218 941 1846
f 1774 941 218
f 1774 1113 941
f 435 155 1113
f 1336 155 435
f 1336 47 155
f 1774 435 1113
f 802 1336 435
f 1738 1774 218
f 802 1774 1738
f 802 435 1774
f 1504 802 1738
f 1504 1738 1058
f 858 802 1504
f 160 802 858
f 809 538 49
f 838 953 809
f 246 838 809
f 809 930 538
f 809 953 930
f 838 946 953
f 303 946 838
f 953 1483 930
f 946 1483 953
f 1378 90 946
f 946 1380 1483
f 90 1380 946
f 90 1051 1380
f 505 1051 90
f 1704 191 1910
f 246 49 191
f 246 809 49
f 457 191 1704
f 457 246 191
f 303 838 246
f 457 303 246
f 1378 946 303
f 457 1378 303
f 14 1378 457
f 505 90 1378
f 14 505 1378
f 1679 14 457
f 1656 846 1999
f 1647 1704 846
f 1656 1647 846
f 1704 1647 457
f 1656 577 1647
f 1679 457 1647
f 577 1679 1647
f 1101 1656 1999
f 1841 1101 47
f 1768 1656 1101
f 1841 1768 1101
f 1656 1768 577
f 1029 1768 1841
f 1443 47 1336
f 1443 1841 47
f 802 1443 1336
f 201 1443 802
f 10 1841 1443
f 10 1443 201
f 1089 1841 10
f 1089 1029 1841
f 1934 10 201
f 10 1934 1089
f 160 201 802
f 1613 1089 1934
f 1089 1613 1029
f 160 1934 201
f 505 1816 1051
f 505 141 1816
f 14 141 505
f 1623 141 14
f 1481 14 1679
f 1481 1623 14
f 1879 1679 577
f 1947 1879 577
f 1768 1898 577
f 1898 1947 577
f 1023 1768 1029
f 1023 1898 1768
f 319 1029 1613
f 1798 331 1005
f 930 1974 1798
f 930 1802 1974
f 1798 1974 331
f 331 1634 1001
f 331 162 1634
f 1974 162 331
f 1974 1540 162
f 1802 1540 1974
f 1802 1412 1540
f 1802 1822 1412
f 50 1540 1412
f 1634 1559 1001
f 162 1559 1634
f 628 219 499
f 219 1031 499
f 1062 1559 162
f 1062 628 1559
f 1062 1361 628
f 1361 219 628
f 219 803 1031
f 803 583 1031
f 803 1393 583
f 1062 1017 1361
f 1017 219 1361
f 975 162 1540
f 975 1062 162
f 1017 1062 975
f 1017 803 219
f 975 1540 50
f 975 803 1017
f 583 1393 956
f 1393 616 956
f 1393 1899 616
f 1899 734 616
f 1899 108 734
f 108 1413 734
f 1899 8 108
f 1393 1280 1899
f 1280 8 1899
f 8 1413 108
f 8 454 1413
f 775 8 1280
f 775 454 8
f 803 1280 1393
f 454 1327 1413
f 1325 454 775
f 993 1280 803
f 1280 993 775
f 993 1325 775
f 1058 1738 1936
f 11 160 858
f 1316 1936 1710
f 103 1710 612
f 103 1316 1710
f 1316 1058 1936
f 103 6 1316
f 1504 1058 1316
f 6 1504 1316
f 6 858 1504
f 1660 858 6
f 103 1660 6
f 1660 11 858
f 103 1341 1660
f 1608 1341 103
f 1430 11 1660
f 1341 1430 1660
f 1967 612 1066
f 1967 103 612
f 1297 1066 1334
f 1297 1967 1066
f 1608 103 1967
f 1291 1967 1297
f 1405 1291 1297
f 1291 1608 1967
f 1051 1011 1380
f 1483 1802 930
f 1483 1897 1802
f 1380 1897 1483
f 1380 1011 1897
f 1897 1822 1802
f 1011 749 1897
f 749 1546 1897
f 1549 1546 749
f 1613 1934 160
f 413 160 11
f 1906 1613 160
f 1613 1906 1047
f 1106 160 413
f 1106 1906 160
f 1585 1906 1106
f 1430 413 11
f 1430 609 413
f 1043 609 1430
f 317 1043 1430
f 317 1430 1341
f 1106 413 609
f 609 1043 1106
f 570 1341 1608
f 1043 410 1106
f 1341 570 317
f 317 410 1043
f 1585 1106 410
f 1405 1026 1291
f 1405 1172 1026
f 1291 570 1608
f 1291 1026 570
f 1816 1011 1051
f 1816 202 1011
f 1072 202 1816
f 202 749 1011
f 1072 213 202
f 213 749 202
f 213 1549 749
f 217 1549 213
f 217 783 1549
f 783 262 1549
f 1070 1699 262
f 262 1944 1549
f 262 1699 1944
f 1623 644 141
f 1072 1816 141
f 644 1072 141
f 1072 1057 213
f 644 1057 1072
f 1623 1057 644
f 1057 217 213
f 1057 783 217
f 1057 1070 783
f 1623 1070 1057
f 1481 1070 1623
f 1070 262 783
f 1481 1439 1070
f 1481 1505 1439
f 1070 1127 1699
f 1070 1439 1127
f 1127 704 1699
f 1679 1879 1481
f 1879 1505 1481
f 1879 1884 1505
f 1947 1884 1879
f 1023 1635 1898
f 1898 1884 1947
f 1898 1977 1884
f 1635 1977 1898
f 1635 1667 1977
f 319 1023 1029
f 1047 319 1613
f 1047 1023 319
f 1047 1635 1023
f 1269 1047 1906
f 1635 1047 1269
f 1269 917 1635
f 1084 1269 1906
f 917 1269 1084
f 917 1667 1635
f 662 50 1412
f 1822 662 1412
f 265 1822 1897
f 1822 265 662
f 265 745 662
f 1566 975 50
f 1566 803 975
f 662 1566 50
f 1566 1488 803
f 1488 993 803
f 745 1566 662
f 1856 1488 1566
f 745 1856 1566
f 884 745 111
f 884 1856 745
f 226 1327 454
f 1325 226 454
f 1868 1325 993
f 1488 1868 993
f 1868 226 1325
f 1488 1528 1868
f 226 1183 1327
f 226 1652 1183
f 1868 1652 226
f 1528 1652 1868
f 1488 1887 1528
f 1856 1887 1488
f 578 1528 1887
f 1183 890 1612
f 1652 890 1183
f 578 1652 1528
f 1652 1408 890
f 578 1408 1652
f 578 1175 1408
f 890 497 1612
f 890 768 497
f 768 890 1408
f 1897 752 265
f 1546 1519 1897
f 1549 1944 1546
f 1897 1519 752
f 752 1573 265
f 1573 745 265
f 752 1519 1573
f 1546 250 1519
f 1519 250 1573
f 1573 438 111
f 250 438 1573
f 250 411 438
f 1546 411 250
f 1546 1012 411
f 1546 1036 1012
f 411 531 438
f 1012 531 411
f 531 797 438
f 531 1230 797
f 1012 738 531
f 738 1230 531
f 1036 738 1012
f 738 252 1230
f 1036 4 738
f 1573 111 745
f 884 111 648
f 1085 65 111
f 65 648 111
f 648 518 884
f 1085 111 438
f 326 65 1085
f 797 1085 438
f 326 1085 797
f 455 884 518
f 455 148 884
f 933 1230 252
f 933 797 1230
f 990 797 933
f 990 326 797
f 199 326 990
f 199 65 326
f 474 65 199
f 474 648 65
f 474 518 648
f 1569 518 474
f 1569 455 518
f 148 455 1569
f 1856 61 1887
f 61 578 1887
f 884 423 1856
f 423 61 1856
f 423 99 61
f 99 446 61
f 61 1175 578
f 61 1042 1175
f 446 1042 61
f 1257 423 884
f 1900 99 423
f 1900 446 99
f 1257 36 423
f 36 1900 423
f 1900 1039 1042
f 1900 1042 446
f 139 884 148
f 139 1257 884
f 478 1257 139
f 2 1257 478
f 2 36 1257
f 1039 36 2
f 36 1039 1900
f 1042 1039 137
f 1039 486 137
f 1039 2 486
f 486 478 139
f 486 2 478
f 637 1906 1585
f 317 1565 410
f 570 1565 317
f 410 1565 588
f 588 1585 410
f 1585 588 637
f 1565 32 588
f 570 1166 1565
f 32 637 588
f 1565 291 32
f 1565 1166 291
f 1038 637 32
f 32 291 1038
f 291 1668 1038
f 1467 1038 1668
f 1026 1250 570
f 1026 1789 1250
f 570 1250 1166
f 1789 1629 1250
f 1699 841 1944
f 704 841 1699
f 841 220 1944
f 841 899 220
f 704 899 841
f 1944 1665 1546
f 1944 220 1665
f 1665 1036 1546
f 899 365 220
f 220 1711 1665
f 365 1711 220
f 365 221 1711
f 1665 4 1036
f 1711 1215 1665
f 221 138 1711
f 1127 94 704
f 1127 1439 94
f 94 899 704
f 94 365 899
f 1439 365 94
f 1439 221 365
f 1439 138 221
f 1884 188 1505
f 1667 634 1977
f 634 1374 1977
f 634 653 1374
f 1371 653 634
f 1084 1906 637
f 123 917 1084
f 123 1667 917
f 409 123 1084
f 123 634 1667
f 123 409 634
f 1038 1084 637
f 1715 1084 1038
f 1715 409 1084
f 409 1715 634
f 1715 1038 1467
f 1715 1371 634
f 1094 1715 1467
f 1715 1094 1371
f 1627 1094 1467
f 1094 653 1371
f 1290 1282 113
f 146 1282 1290
f 795 146 1290
f 664 1511 157
f 113 1511 664
f 113 1282 1511
f 1511 567 157
f 146 1141 1282
f 1511 1059 567
f 1282 973 1511
f 1141 973 1282
f 1511 1889 1059
f 973 1889 1511
f 1290 113 664
f 23 1290 664
f 663 23 1625
f 1772 663 1625
f 633 1290 23
f 663 633 23
f 633 795 1290
f 1497 1772 1625
f 1695 1772 1497
f 1288 1695 1497
f 1079 1288 1497
f 1497 1625 1845
f 1079 1497 1470
f 1159 1470 673
f 127 1159 673
f 128 1079 1470
f 1159 128 1470
f 594 1159 127
f 1922 128 1159
f 1470 1497 1845
f 673 1470 893
f 127 673 852
f 212 893 1673
f 212 673 893
f 852 673 212
f 647 1159 594
f 21 647 594
f 705 852 212
f 1423 852 705
f 1423 127 852
f 1423 594 127
f 21 594 1423
f 234 1673 1588
f 234 212 1673
f 705 212 234
f 1370 21 1423
f 1594 705 234
f 1594 1423 705
f 1370 1423 1594
f 668 1588 1174
f 668 234 1588
f 1594 234 668
f 1251 1370 1594
f 7 1370 1251
f 795 1252 146
f 1274 1141 146
f 1252 1274 146
f 1168 1274 1252
f 1274 1348 1141
f 1168 1348 1274
f 1168 321 1348
f 1141 1348 973
f 520 321 1168
f 940 633 663
f 1775 663 1772
f 1252 795 633
f 940 1252 633
f 1775 940 663
f 1252 1523 1168
f 940 1523 1252
f 1775 1523 940
f 1523 520 1168
f 822 1523 1775
f 344 520 1523
f 1695 1775 1772
f 1453 1288 1079
f 1288 1453 1695
f 1695 822 1775
f 1453 822 1695
f 128 1453 1079
f 176 1922 1159
f 647 176 1159
f 176 128 1922
f 128 1535 1453
f 176 1535 128
f 176 1593 1535
f 1347 1453 1535
f 1347 822 1453
f 688 21 1370
f 688 647 21
f 688 176 647
f 1593 176 688
f 7 688 1370
f 667 688 7
f 688 404 1593
f 404 688 667
f 1593 404 1535
f 181 1535 404
f 216 1535 181
f 1297 1334 1842
f 1969 1297 1842
f 1969 1842 630
f 1718 1969 630
f 1813 1969 1718
f 1298 1297 1969
f 1298 1405 1297
f 1217 1298 1969
f 1217 1969 1813
f 1427 980 122
f 866 1813 1718
f 866 1718 980
f 1427 866 980
f 750 866 1427
f 225 750 1427
f 1849 1217 1813
f 1849 1813 866
f 748 1849 866
f 750 748 866
f 750 1766 748
f 1889 693 1059
f 973 860 1889
f 973 1792 860
f 973 1197 1792
f 1889 122 693
f 860 1427 122
f 860 122 1889
f 1792 1427 860
f 1792 225 1427
f 1197 225 1792
f 1197 1662 225
f 225 1662 750
f 1514 750 1662
f 1197 1514 1662
f 1514 1766 750
f 174 1266 1179
f 1386 1709 174
f 1709 1266 174
f 34 174 1541
f 845 967 34
f 967 174 34
f 967 1386 174
f 1414 1386 967
f 1386 1501 1709
f 793 351 1651
f 793 1638 351
f 793 1859 1638
f 1148 569 1859
f 1646 793 1651
f 1646 1236 793
f 1148 793 1236
f 1148 1859 793
f 1228 1646 1725
f 1228 1236 1646
f 1236 1574 1148
f 1266 1646 1651
f 1709 1725 1266
f 1725 1646 1266
f 1709 1501 1725
f 1501 1228 1725
f 1125 1228 1501
f 1125 1236 1228
f 1574 1236 1125
f 84 1125 1501
f 1 791 1765
f 464 1259 1
f 1259 791 1
f 1259 98 791
f 1294 1 1765
f 522 1294 814
f 522 464 1294
f 464 1 1294
f 1014 283 522
f 283 464 522
f 283 1895 464
f 1895 1259 464
f 1895 98 1259
f 1859 814 1638
f 569 814 1859
f 569 522 814
f 569 1014 522
f 1148 1014 569
f 1574 1014 1148
f 1895 1530 98
f 283 1014 1574
f 283 1530 1895
f 1530 283 1574
f 1628 1530 1574
f 1637 1530 1628
f 619 1174 545
f 619 668 1174
f 791 215 619
f 215 668 619
f 215 1594 668
f 1251 1594 215
f 1165 7 1251
f 791 545 1765
f 791 619 545
f 98 215 791
f 98 1553 215
f 1553 1251 215
f 1165 1251 1553
f 558 1553 98
f 558 1165 1553
f 1530 558 98
f 1530 792 558
f 792 1165 558
f 263 1165 792
f 1530 675 792
f 675 263 792
f 675 1530 1637
f 1172 1405 1298
f 1301 1298 1217
f 1981 1301 1217
f 1298 1301 1172
f 1849 1981 1217
f 1313 1849 748
f 1639 748 1766
f 1849 1313 1981
f 748 1639 1313
f 540 1313 1639
f 540 1639 660
f 1348 1197 973
f 1348 39 1197
f 321 1185 1348
f 520 1185 321
f 344 1185 520
f 1185 39 1348
f 344 1925 1185
f 998 1925 344
f 39 1514 1197
f 1358 1514 39
f 1185 1358 39
f 1185 865 1358
f 1925 865 1185
f 1358 1766 1514
f 1358 293 1766
f 1925 1727 865
f 293 1639 1766
f 1358 1365 293
f 1358 865 1365
f 293 1365 1639
f 1727 1864 865
f 1365 660 1639
f 865 660 1365
f 865 882 660
f 1864 882 865
f 57 344 1523
f 822 57 1523
f 344 57 998
f 574 1125 84
f 1914 1125 574
f 1535 216 1347
f 216 1577 1347
f 1125 1914 1574
f 1914 1628 1574
f 1503 7 1165
f 1503 667 7
f 444 667 1503
f 444 404 667
f 181 404 444
f 28 181 444
f 181 1200 216
f 1200 181 28
f 1577 216 1200
f 263 1503 1165
f 28 444 1503
f 290 1577 1200
f 1728 1503 263
f 28 1503 1728
f 28 736 1200
f 290 1200 736
f 1728 263 675
f 1545 28 1728
f 736 28 1545
f 614 290 736
f 338 675 1637
f 338 1728 675
f 1545 1728 338
f 1628 338 1637
f 281 1545 338
f 1097 736 1545
f 614 736 1097
f 281 338 1628
f 1886 1545 281
f 1097 1545 1886
f 1744 614 1097
f 1624 614 1744
f 998 1727 1925
f 998 1743 1727
f 1743 596 1727
f 1177 596 1743
f 608 596 1177
f 596 1995 1727
f 608 1995 596
f 1995 1864 1727
f 608 277 1995
f 1658 277 608
f 57 1743 998
f 1875 57 822
f 57 1177 1743
f 57 753 1177
f 1875 753 57
f 753 1311 1177
f 1177 1658 608
f 1177 1311 1658
f 822 1477 1875
f 1636 1477 822
f 1347 1636 822
f 1347 1838 1636
f 1577 1838 1347
f 1577 874 1838
f 1838 1892 1636
f 1963 1838 874
f 1963 1892 1838
f 1963 1410 1892
f 290 874 1577
f 874 290 614
f 1963 874 614
f 1624 1963 614
f 939 1963 1624
f 1410 1963 939
f 1088 759 172
f 759 533 172
f 500 759 1088
f 386 759 500
f 500 1088 308
f 448 386 500
f 1518 386 448
f 448 500 308
f 516 1518 448
f 299 1518 516
f 859 448 308
f 516 448 859
f 1363 299 516
f 114 299 1363
f 597 114 1363
f 17 1757 747
f 1757 1657 747
f 1757 324 1657
f 324 309 1657
f 324 316 309
f 316 536 309
f 316 1833 536
f 316 88 1833
f 251 316 324
f 251 1409 316
f 1409 88 316
f 1409 1400 88
f 1409 883 1400
f 934 533 759
f 934 1381 533
f 934 167 1381
f 1757 167 934
f 1757 17 167
f 1791 324 1757
f 1791 251 324
f 1312 883 1409
f 934 759 386
f 1791 1757 934
f 1312 251 1791
f 1312 1409 251
f 1526 1312 1791
f 724 386 1518
f 724 934 386
f 1791 934 724
f 299 724 1518
f 724 1526 1791
f 1277 1312 1526
f 1277 117 1312
f 724 299 114
f 352 724 114
f 1764 724 352
f 56 724 1764
f 56 1526 724
f 972 1526 56
f 972 1277 1526
f 184 1277 972
f 184 117 1277
f 1996 117 184
f 1554 1755 1428
f 1755 800 1428
f 1755 1543 800
f 715 1428 136
f 1428 800 136
f 1049 238 679
f 238 1554 679
f 1554 715 679
f 1554 1428 715
f 1595 1554 238
f 1595 1755 1554
f 867 1755 1595
f 867 1418 1755
f 1418 1543 1755
f 88 1049 1833
f 1049 679 1833
f 1400 1049 88
f 1400 238 1049
f 883 238 1400
f 883 1595 238
f 1852 1595 883
f 700 1418 867
f 1852 1441 1595
f 1441 867 1595
f 700 1375 1418
f 1312 1852 883
f 1441 1852 717
f 1299 867 1441
f 1299 700 867
f 1375 700 1299
f 117 717 1312
f 717 1852 1312
f 1464 1441 717
f 1299 1441 1464
f 373 1375 1299
f 1996 717 117
f 1996 677 717
f 253 1299 1464
f 906 1299 253
f 373 1299 906
f 1918 717 677
f 1918 1464 717
f 253 1464 1918
f 906 253 175
f 769 906 175
f 769 373 906
f 453 34 1541
f 800 845 453
f 845 34 453
f 1543 845 800
f 1543 1498 845
f 1498 967 845
f 1498 1414 967
f 1050 1501 1386
f 1050 1386 1414
f 1050 84 1501
f 800 453 136
f 1418 1498 1543
f 1208 1414 1498
f 267 1050 1414
f 1208 1498 1418
f 1375 1208 1418
f 267 1414 1208
f 1050 267 580
f 1799 1208 1375
f 267 1208 1799
f 580 267 1799
f 373 1799 1375
f 447 1799 373
f 69 373 769
f 613 373 69
f 613 447 373
f 1981 1832 1301
f 1832 1172 1301
f 1172 1789 1026
f 1172 1893 1789
f 1832 1893 1172
f 1832 96 1893
f 1893 1309 1789
f 96 1874 1893
f 1313 1581 1981
f 540 1581 1313
f 1981 1581 1832
f 540 187 1581
f 962 1581 187
f 1581 1649 1832
f 962 1649 1581
f 1649 96 1832
f 962 1847 1649
f 1649 1033 96
f 1847 1033 1649
f 660 882 540
f 882 187 540
f 882 371 187
f 1864 371 882
f 1864 832 371
f 371 832 187
f 681 832 1864
f 187 484 962
f 832 484 187
f 832 1721 484
f 681 1721 832
f 484 1147 962
f 1721 1147 484
f 1721 1211 1147
f 1147 1847 962
f 1211 943 1147
f 1147 943 1847
f 1211 1260 943
f 447 580 1799
f 1006 1050 580
f 1006 1807 1050
f 1156 1807 1006
f 784 580 447
f 1006 580 784
f 1010 447 613
f 1010 784 447
f 1562 784 1010
f 1562 1006 784
f 1310 574 84
f 1914 574 968
f 1310 1050 1807
f 1310 84 1050
f 968 574 1770
f 1310 325 574
f 325 1770 574
f 441 325 1310
f 1156 1310 1807
f 441 1310 1156
f 1191 325 441
f 1191 1770 325
f 485 1770 1191
f 485 968 1770
f 729 1156 1006
f 729 441 1156
f 1054 441 729
f 1054 1191 441
f 1054 485 1191
f 1957 485 1054
f 729 1006 1762
f 1054 729 1614
f 1762 1006 1562
f 1614 729 1762
f 1957 1054 1614
f 1205 1628 1914
f 1205 1463 1628
f 1463 818 1628
f 779 1914 968
f 1205 1914 779
f 856 818 1463
f 779 968 485
f 339 779 485
f 339 1205 779
f 1778 1205 339
f 159 1205 1778
f 159 1463 1205
f 159 856 1463
f 636 856 159
f 339 485 1957
f 1723 636 159
f 236 339 1957
f 1778 339 236
f 395 1723 159
f 1703 159 1778
f 395 159 1703
f 1886 281 1628
f 818 1886 1628
f 1367 1097 1886
f 1744 1097 1367
f 1268 1624 1744
f 1367 1886 818
f 948 1744 1367
f 1268 1744 948
f 948 818 856
f 948 1367 818
f 59 1268 948
f 337 1268 59
f 636 948 856
f 59 948 636
f 1723 59 636
f 1696 59 1723
f 1696 337 59
f 684 1723 395
f 684 1696 1723
f 1995 681 1864
f 1995 270 681
f 277 270 1995
f 277 744 270
f 1658 744 277
f 1658 727 744
f 744 427 270
f 727 427 744
f 681 1211 1721
f 270 1211 681
f 427 350 270
f 727 1213 427
f 270 350 1211
f 427 182 350
f 1213 182 427
f 350 1260 1211
f 182 1935 350
f 182 227 1935
f 1213 227 182
f 1311 727 1658
f 1875 1894 753
f 753 1865 1311
f 1311 1865 727
f 1894 1865 753
f 1865 1213 727
f 1786 1875 1477
f 1096 1477 1636
f 1875 1786 1894
f 1477 1993 1786
f 1096 1993 1477
f 1894 1786 1993
f 1410 1805 1892
f 670 1636 1892
f 670 71 1636
f 1805 670 1892
f 1636 71 1096
f 670 1448 71
f 1805 1448 670
f 1805 305 1448
f 305 60 1448
f 60 1733 1448
f 1096 71 1448
f 1448 1733 1235
f 939 1624 1268
f 1276 1410 939
f 1410 1276 1805
f 1134 1276 939
f 337 939 1268
f 1134 939 337
f 1276 305 1805
f 305 1276 1134
f 669 337 1696
f 1684 337 669
f 1684 1134 337
f 60 1134 1684
f 60 305 1134
f 669 1696 684
f 1684 669 683
f 60 683 1733
f 683 60 1684
f 834 669 684
f 1359 669 834
f 669 1359 683
f 1733 683 885
f 1683 1037 1848
f 817 1037 1683
f 1848 348 379
f 1848 1037 348
f 541 348 855
f 1037 855 348
f 1037 1209 855
f 855 726 541
f 855 462 726
f 1209 462 855
f 1678 462 1377
f 462 1678 726
f 1209 1377 462
f 1795 1690 892
f 1795 892 530
f 892 379 348
f 530 892 285
f 285 892 348
f 285 348 541
f 530 285 541
f 530 541 726
f 149 726 1678
f 149 530 726
f 1795 530 149
f 1932 1690 1795
f 1932 1416 1690
f 1932 1966 1416
f 786 1966 1932
f 786 642 1966
f 1567 642 786
f 1305 642 1567
f 1366 642 1305
f 1366 356 642
f 1114 356 1366
f 1680 604 640
f 1863 640 1114
f 1863 1114 1366
f 963 640 1863
f 1781 640 963
f 1781 1680 640
f 851 1680 1781
f 963 1863 1366
f 1882 963 1366
f 1882 1366 1305
f 1904 963 1882
f 1781 963 1904
f 1008 1882 1305
f 1904 1882 1008
f 964 1781 1904
f 452 598 817
f 452 1009 598
f 452 297 1009
f 1009 456 598
f 297 674 1009
f 817 598 1037
f 1009 1474 456
f 674 1474 1009
f 598 1209 1037
f 598 456 1209
f 674 54 1474
f 674 9 54
f 1474 54 456
f 54 1219 456
f 456 1682 1209
f 1219 1682 456
f 728 297 452
f 1040 297 728
f 297 1681 674
f 1040 1681 297
f 116 1681 1040
f 440 1724 495
f 295 1724 440
f 1218 295 190
f 1433 1218 190
f 1218 1724 295
f 851 1550 1680
f 439 851 1781
f 1685 439 1781
f 1180 77 1685
f 1550 358 1680
f 429 358 1550
f 429 827 358
f 429 1550 851
f 1582 827 429
f 429 16 1582
f 439 429 851
f 1099 429 439
f 16 429 1099
f 1099 439 1685
f 77 1099 1685
f 1655 1099 77
f 1578 1099 1655
f 1578 16 1099
f 1655 77 1180
f 1578 1655 828
f 5 1655 1180
f 16 1398 1582
f 16 1821 1398
f 1821 1980 1398
f 1821 690 1980
f 1534 690 1821
f 1539 1821 16
f 1539 16 1578
f 1539 1796 1821
f 1796 1992 1821
f 1992 1534 1821
f 9 767 54
f 9 109 767
f 767 1219 54
f 109 1131 767
f 109 209 1131
f 209 931 1131
f 767 26 1219
f 1131 26 767
f 931 26 1131
f 209 25 931
f 931 126 26
f 25 126 931
f 25 314 126
f 197 314 25
f 840 1681 116
f 840 116 495
f 1724 840 495
f 1681 9 674
f 840 1227 1681
f 1926 840 1724
f 1681 1227 9
f 1227 109 9
f 209 109 1227
f 840 1670 1227
f 3 840 1926
f 1227 1670 209
f 1670 25 209
f 3 1351 840
f 1670 197 25
f 840 1351 1670
f 1351 1044 1670
f 328 1044 1351
f 1843 1044 328
f 1433 22 1218
f 1490 22 1433
f 1490 1182 22
f 996 1182 1490
f 497 1182 996
f 22 1724 1218
f 22 48 1724
f 1080 1253 1182
f 497 1080 1182
f 48 1926 1724
f 1622 1926 48
f 1182 48 22
f 1182 1622 48
f 1253 1622 1182
f 1253 1926 1622
f 1253 3 1926
f 1080 248 1253
f 1253 248 3
f 1080 1296 248
f 248 1351 3
f 208 1351 248
f 1296 208 248
f 208 328 1351
f 443 328 208
f 1296 443 208
f 904 1843 328
f 904 328 443
f 443 698 904
f 1209 1682 1377
f 1377 152 1678
f 1377 498 152
f 1377 363 498
f 1682 363 1377
f 961 498 363
f 1855 961 363
f 1682 1855 363
f 1682 185 1855
f 1855 92 961
f 261 92 1855
f 185 261 1855
f 261 1130 92
f 261 706 1130
f 1706 1678 152
f 1706 149 1678
f 1706 1795 149
f 591 1795 1706
f 961 152 498
f 1706 152 961
f 1688 1706 961
f 591 1706 1688
f 1688 961 92
f 473 1688 92
f 591 1688 473
f 473 92 1130
f 1686 786 1932
f 1368 1795 591
f 1368 1932 1795
f 1686 1932 1368
f 1698 1686 1368
f 1698 1563 1686
f 377 1305 1567
f 1008 1305 377
f 377 786 1686
f 377 1567 786
f 1983 1008 377
f 720 1983 377
f 1563 377 1686
f 720 377 1452
f 1563 1452 377
f 964 1904 1008
f 106 1781 964
f 400 964 1008
f 106 964 400
f 400 1008 1983
f 1983 788 400
f 788 106 400
f 788 1983 720
f 720 1403 788
f 1219 185 1682
f 1219 1976 185
f 1219 1139 1976
f 1139 1186 1976
f 1976 261 185
f 1976 706 261
f 1180 1685 1781
f 557 1781 106
f 557 1180 1781
f 1132 1180 557
f 1449 1132 557
f 557 106 788
f 1403 557 788
f 1871 1449 557
f 1871 761 1449
f 562 557 1403
f 1741 557 562
f 1741 1871 557
f 828 1655 5
f 572 828 5
f 1132 5 1180
f 572 5 1132
f 590 828 572
f 828 1326 1578
f 1449 572 1132
f 590 572 1449
f 1592 828 590
f 1326 828 1592
f 761 590 1449
f 1326 1539 1578
f 1326 1839 1539
f 1839 1796 1539
f 26 1139 1219
f 126 1139 26
f 314 33 126
f 314 816 33
f 197 816 314
f 197 52 816
f 33 1139 126
f 816 361 33
f 816 1907 361
f 52 1907 816
f 52 401 1907
f 33 361 1139
f 1907 847 361
f 1907 1034 847
f 401 1034 1907
f 622 1034 401
f 361 847 1139
f 1034 1705 847
f 622 1763 1034
f 1034 1264 1705
f 1139 1576 1186
f 847 1576 1139
f 1705 1576 847
f 1705 1557 1576
f 1264 1557 1705
f 1670 52 197
f 1044 1640 52
f 1044 52 1670
f 1537 1044 1843
f 1640 401 52
f 1044 1022 1640
f 1640 622 401
f 1606 761 1871
f 1606 53 761
f 761 1592 590
f 53 1592 761
f 53 235 1592
f 235 1326 1592
f 235 1155 1326
f 1606 235 53
f 1201 235 1606
f 1201 1155 235
f 1201 771 1155
f 1618 1201 1606
f 1591 1155 771
f 1459 1201 1618
f 1459 771 1201
f 353 1459 1618
f 1839 1720 1796
f 1992 1796 1720
f 1155 1839 1326
f 1720 992 1992
f 1720 1839 1155
f 1394 1720 1155
f 468 992 1720
f 1591 1394 1155
f 468 1720 1394
f 706 86 1130
f 86 473 1130
f 86 591 473
f 86 1915 591
f 1754 591 1915
f 1754 1368 591
f 1698 1368 1754
f 18 1403 720
f 1976 183 706
f 1976 680 183
f 1186 680 1976
f 706 183 86
f 1186 1402 680
f 1576 1402 1186
f 680 1402 905
f 1576 868 1402
f 868 231 1402
f 575 86 183
f 1915 86 575
f 680 575 183
f 905 575 680
f 905 1555 575
f 1555 1915 575
f 1402 654 905
f 654 1555 905
f 654 1915 1555
f 654 1281 1915
f 1281 1754 1915
f 1281 1866 1754
f 231 654 1402
f 231 1281 654
f 1754 1445 1698
f 1445 1563 1698
f 1866 1445 1754
f 1866 1810 1445
f 1810 1700 1445
f 1452 1563 1500
f 1500 1563 1445
f 1349 1452 1500
f 1500 1502 1349
f 1700 1500 1445
f 1232 1502 1500
f 1700 1232 1500
f 1232 1404 1502
f 18 562 1403
f 1452 1349 720
f 1349 18 720
f 1741 562 18
f 787 1741 18
f 593 1871 1741
f 787 18 1349
f 593 1741 787
f 763 1871 593
f 1502 787 1349
f 1502 593 787
f 763 593 1502
f 1404 763 1502
f 458 1557 1264
f 1576 1650 868
f 1557 1650 1576
f 1557 1960 1650
f 1557 1354 1960
f 1354 870 1960
f 868 713 231
f 713 1281 231
f 1650 713 868
f 1960 713 1650
f 1960 1281 713
f 870 1281 1960
f 1362 1281 870
f 1362 1866 1281
f 1362 1820 1866
f 30 1810 1866
f 30 1700 1810
f 1586 1630 1232
f 711 1618 1606
f 711 353 1618
f 697 711 1871
f 711 1606 1871
f 697 1871 763
f 1948 697 1462
f 1948 711 697
f 732 711 1948
f 1404 697 763
f 1462 697 1404
f 1232 1630 1404
f 1630 1462 1404
f 1630 1948 1462
f 1586 1948 1630
f 1586 732 1948
f 1484 1000 737
f 1353 1484 737
f 1000 1322 737
f 1808 1322 1000
f 286 1322 1808
f 286 627 1322
f 627 1617 1322
f 1353 737 1146
f 1322 1146 737
f 1333 1353 1146
f 1322 244 1146
f 1322 1303 244
f 1617 1303 1322
f 1333 1146 244
f 1913 1333 244
f 659 1913 244
f 1303 659 244
f 725 1484 1353
f 426 1328 725
f 1819 725 1353
f 426 725 1819
f 179 1328 426
f 1819 1353 1333
f 1339 426 1819
f 1722 426 1339
f 1722 179 426
f 1913 1819 1333
f 1913 1339 1819
f 1767 391 1512
f 1512 1328 179
f 1881 1512 179
f 910 1512 1881
f 910 1767 1512
f 1292 1881 179
f 1292 179 1722
f 1422 1881 1292
f 1422 910 1881
f 1825 391 1767
f 1473 330 1825
f 312 330 1473
f 1844 1473 1825
f 402 1473 1844
f 970 1767 910
f 970 1825 1767
f 1844 1825 970
f 970 910 1422
f 776 1844 970
f 776 186 1844
f 101 1929 312
f 1604 1929 101
f 1465 312 1473
f 1465 101 312
f 1117 1604 101
f 1399 1604 1117
f 1399 1286 1604
f 402 1465 1473
f 345 1465 402
f 345 101 1465
f 1117 101 345
f 186 402 1844
f 186 345 402
f 1369 345 186
f 1369 1117 345
f 1204 1117 1369
f 985 1117 1204
f 776 1019 186
f 1019 1369 186
f 1204 1369 1019
f 487 579 1019
f 579 1204 1019
f 579 985 1204
f 1601 985 579
f 1912 1382 1858
f 1912 1858 690
f 1912 690 1534
f 546 1912 1534
f 546 1104 1912
f 546 1534 1460
f 1909 1124 1382
f 1878 1124 1909
f 1181 1124 1878
f 1909 1382 1912
f 1878 1909 1479
f 1479 1912 1104
f 1479 1909 1912
f 1479 911 1878
f 1104 1610 1479
f 1888 911 1479
f 627 1533 1181
f 627 286 1533
f 1181 1533 1124
f 1617 627 140
f 140 1181 1308
f 140 627 1181
f 1308 1181 1878
f 140 1222 1617
f 1308 1222 140
f 1617 1222 1303
f 1308 1420 1222
f 911 1308 1878
f 911 1420 1308
f 1420 1303 1222
f 1420 850 1303
f 911 850 1420
f 1238 506 986
f 1986 986 506
f 1238 1788 506
f 506 1442 1986
f 153 1986 1442
f 1788 1442 506
f 1788 1468 1442
f 1788 1304 1468
f 643 1442 1468
f 643 153 1442
f 1304 43 1468
f 43 643 1468
f 178 643 43
f 623 43 1304
f 623 178 43
f 623 12 178
f 1916 1456 687
f 1954 1456 1916
f 1954 288 1456
f 1645 288 1954
f 687 1788 1238
f 687 511 1788
f 1456 511 687
f 511 1304 1788
f 1456 1978 511
f 288 1978 1456
f 1978 741 511
f 288 1851 1978
f 1071 623 1304
f 1071 1304 511
f 741 1071 511
f 1734 741 1978
f 1734 1978 1851
f 1041 488 794
f 1226 488 1041
f 1226 1069 488
f 1069 873 488
f 794 288 1645
f 873 1785 488
f 794 730 288
f 488 730 794
f 488 1785 730
f 1785 1283 730
f 1785 1153 1283
f 288 730 1851
f 1153 471 1283
f 1283 329 730
f 556 1283 471
f 556 329 1283
f 1287 1069 1226
f 1069 1287 1286
f 1399 1069 1286
f 873 1069 1399
f 1216 873 1399
f 260 1399 1117
f 260 1216 1399
f 1216 260 45
f 873 45 1785
f 45 873 1216
f 260 1117 985
f 260 758 45
f 758 260 985
f 758 603 45
f 1785 603 1153
f 603 1785 45
f 896 758 985
f 603 758 896
f 1601 896 985
f 603 82 1153
f 82 603 896
f 471 1153 82
f 269 1692 695
f 269 515 1692
f 721 515 269
f 721 465 515
f 859 465 721
f 1300 269 695
f 976 859 721
f 1300 491 269
f 269 1568 721
f 1568 269 491
f 254 721 1568
f 254 976 721
f 491 1931 1568
f 1931 62 1568
f 1068 1568 62
f 1068 254 1568
f 62 1018 1068
f 819 62 1931
f 819 1018 62
f 1120 695 1692
f 1120 322 695
f 1516 322 1120
f 1633 1758 1516
f 392 1758 1633
f 392 1531 1758
f 1060 1531 392
f 1060 543 1531
f 322 1300 695
f 322 112 1300
f 1516 112 322
f 1758 112 1516
f 1531 1782 1758
f 112 491 1300
f 1782 112 1758
f 543 1782 1531
f 543 1003 1782
f 1003 1487 1782
f 112 1931 491
f 112 1782 1931
f 1923 1931 1782
f 1487 376 1782
f 376 259 1782
f 1782 259 1923
f 891 819 1931
f 1923 891 1931
f 1923 390 891
f 1240 543 1060
f 1225 189 1314
f 1653 1314 1107
f 1653 1225 1314
f 189 1225 1240
f 1003 543 1240
f 1225 1003 1240
f 1653 878 1225
f 42 922 1225
f 72 42 1225
f 878 72 1225
f 1225 922 1003
f 1223 1487 1003
f 151 72 878
f 922 1223 1003
f 782 903 1602
f 650 646 1107
f 646 650 903
f 646 903 782
f 1653 1107 646
f 1986 153 1602
f 782 1602 153
f 1801 782 153
f 1801 646 782
f 646 31 1653
f 1801 31 646
f 1653 31 878
f 666 1801 153
f 178 153 643
f 666 153 178
f 31 450 878
f 450 151 878
f 1587 1801 666
f 1801 362 31
f 362 1801 1587
f 362 450 31
f 450 1324 245
f 362 1324 450
f 142 178 12
f 142 666 178
f 1587 666 142
f 1194 142 12
f 1194 318 142
f 1587 142 318
f 1587 1244 362
f 1071 12 623
f 1071 1194 12
f 741 1194 1071
f 1734 1194 741
f 1303 307 659
f 1115 1913 659
f 1115 659 307
f 1987 1913 1115
f 1987 1339 1913
f 1722 1339 1987
f 1987 1115 1237
f 1982 1292 1722
f 1982 1422 1292
f 1982 1722 1987
f 657 776 970
f 657 970 1422
f 1558 657 1422
f 1558 1167 657
f 1982 1558 1422
f 1019 776 657
f 657 487 1019
f 156 579 487
f 156 1601 579
f 1167 487 657
f 1167 156 487
f 1558 512 1167
f 512 156 1167
f 1460 1534 1992
f 1888 1479 947
f 1285 1479 1610
f 947 1479 1285
f 850 307 1303
f 1171 850 911
f 1171 911 1888
f 850 1939 307
f 850 1171 1939
f 1888 469 1171
f 1939 1115 307
f 1255 1888 947
f 1255 469 1888
f 1939 1237 1115
f 1171 1108 1939
f 469 1108 1171
f 469 733 1108
f 733 469 313
f 1255 313 469
f 1237 1939 1108
f 1108 1731 1237
f 147 1108 733
f 313 35 733
f 1108 147 1731
f 733 1933 147
f 35 1933 733
f 1620 1731 147
f 1933 1620 147
f 1731 1987 1237
f 1731 1902 1987
f 1902 1982 1987
f 1133 1558 1982
f 618 1558 1133
f 1206 896 1601
f 82 896 1206
f 82 886 471
f 471 886 556
f 372 556 886
f 1206 1601 766
f 886 82 1206
f 766 1601 156
f 607 886 1206
f 372 886 607
f 512 766 156
f 470 1206 766
f 607 1206 470
f 601 372 607
f 1558 1525 512
f 1525 766 512
f 470 766 1525
f 919 607 470
f 601 607 919
f 618 1525 1558
f 618 470 1525
f 919 470 618
f 418 601 919
f 1133 442 618
f 442 919 618
f 418 919 442
f 621 601 418
f 1133 433 442
f 433 418 442
f 621 418 433
f 992 1460 1992
f 928 546 1460
f 928 1104 546
f 992 928 1460
f 1824 928 992
f 1104 1285 1610
f 1267 1104 928
f 1267 1285 1104
f 1267 1632 1285
f 1632 947 1285
f 1632 510 947
f 1632 214 510
f 1030 1632 1267
f 1030 1176 1632
f 928 1030 1267
f 214 1632 1176
f 947 510 1255
f 510 313 1255
f 35 313 510
f 214 1748 510
f 1748 35 510
f 1748 1475 35
f 75 1748 214
f 75 1475 1748
f 1751 75 214
f 1176 1751 214
f 1973 1475 75
f 1751 1973 75
f 1751 723 1973
f 1270 723 1751
f 35 820 1933
f 1475 820 35
f 472 1587 318
f 472 318 1194
f 237 1587 472
f 1073 1587 237
f 1073 1244 1587
f 1194 1927 472
f 1927 237 472
f 1073 1190 1244
f 237 1081 1073
f 1454 237 1927
f 1454 1081 237
f 1584 1194 1734
f 1815 1584 1734
f 1194 393 1927
f 1584 393 1194
f 1815 1735 1584
f 393 1454 1927
f 1735 232 1584
f 760 1735 1815
f 1248 1454 393
f 1551 393 1584
f 1551 1248 393
f 232 1551 1584
f 760 460 1735
f 631 329 556
f 1815 1734 1851
f 1815 1851 730
f 329 1815 730
f 692 1815 329
f 692 329 631
f 760 1815 692
f 631 38 692
f 1195 760 692
f 346 1195 692
f 1492 760 1195
f 372 631 556
f 38 631 372
f 1389 372 601
f 1389 38 372
f 1689 692 38
f 346 692 1689
f 1609 38 1389
f 1609 1689 38
f 74 346 1689
f 1609 1389 67
f 74 1689 1609
f 67 601 621
f 67 1389 601
f 1013 74 1609
f 599 74 1013
f 1013 1609 67
f 1933 1811 1620
f 1933 820 1811
f 428 1811 820
f 820 624 428
f 1902 1731 1620
f 1262 1982 1902
f 1902 1620 1811
f 1052 1262 1902
f 1052 1902 1811
f 428 1985 1811
f 1985 1052 1811
f 1262 1052 1941
f 997 1982 1262
f 672 1982 997
f 382 997 1262
f 1390 1982 672
f 1390 1133 1982
f 1390 1773 1133
f 1415 1773 1390
f 1415 119 1773
f 823 1415 1390
f 1773 433 1133
f 1773 559 433
f 559 621 433
f 119 621 559
f 496 621 119
f 119 559 1773
f 194 496 119
f 194 119 1415
f 1475 1783 820
f 1973 1783 1475
f 723 1783 1973
f 1270 1045 723
f 1783 624 820
f 723 1045 1783
f 624 1876 428
f 1783 1876 624
f 1783 241 1876
f 1783 58 241
f 1045 58 1783
f 1876 1985 428
f 241 561 1876
f 58 561 241
f 58 1306 561
f 1867 58 1045
f 1867 1306 58
f 1985 1087 1052
f 1941 1446 1262
f 1876 561 1985
f 561 1087 1985
f 1087 1941 1052
f 1867 503 1306
f 503 1461 1306
f 778 1790 1461
f 1461 1941 1087
f 1461 1446 1941
f 1306 1087 561
f 1306 1461 1087
f 1461 1790 1446
f 1446 382 1262
f 1536 672 997
f 1536 1053 672
f 1790 1921 1536
f 1536 997 382
f 1790 382 1446
f 1790 1536 382
f 1053 1390 672
f 823 1391 1415
f 1053 823 1390
f 1921 1666 1536
f 1666 389 1572
f 1666 823 1053
f 1666 1391 823
f 1666 1572 1391
f 1536 1666 1053
f 496 67 621
f 764 67 496
f 1095 67 764
f 1095 1013 67
f 539 1013 1095
f 764 496 194
f 1818 539 1095
f 1388 764 194
f 1388 1095 764
f 1818 1095 1506
f 389 528 1818
f 528 539 1818
f 1391 194 1415
f 1391 1388 194
f 1572 1388 1391
f 1572 1506 1388
f 1506 1095 1388
f 1572 1818 1506
f 389 1818 1572
f 375 1809 249
f 249 755 70
f 1809 755 249
f 685 180 375
f 1971 207 685
f 1971 375 249
f 1971 685 375
f 1971 249 70
f 1607 1971 70
f 274 1607 1239
f 274 1971 1607
f 1175 1263 1408
f 1042 1263 1175
f 768 1080 497
f 768 1144 1080
f 1408 1144 768
f 1263 1455 1408
f 1408 1455 1144
f 1144 935 1210
f 1455 935 1144
f 1455 163 935
f 302 1971 1061
f 1455 302 163
f 1144 1296 1080
f 1144 1210 1296
f 302 1061 163
f 935 301 1210
f 1061 1971 274
f 1061 274 1178
f 935 1061 1178
f 935 163 1061
f 1210 443 1296
f 1210 698 443
f 301 698 1210
f 1178 274 87
f 1178 87 301
f 935 1178 301
f 698 278 904
f 301 987 698
f 87 274 271
f 301 87 987
f 738 1814 252
f 738 532 1814
f 4 532 738
f 1814 702 1432
f 532 702 1814
f 1432 702 130
f 130 1469 180
f 702 1469 130
f 180 1745 375
f 1469 1745 180
f 1949 702 532
f 1745 1809 375
f 1949 1212 702
f 702 1212 1469
f 474 199 207
f 1569 474 207
f 933 252 1814
f 79 148 1569
f 207 990 685
f 207 199 990
f 79 1569 207
f 933 1432 685
f 933 1814 1432
f 990 933 685
f 685 1432 130
f 955 79 207
f 685 130 180
f 137 1263 1042
f 79 139 148
f 826 139 79
f 826 486 139
f 486 826 137
f 1263 137 1521
f 1521 826 79
f 1521 137 826
f 955 1971 302
f 955 207 1971
f 1263 955 1455
f 955 1521 79
f 1521 955 1263
f 955 302 1455
f 1064 587 1747
f 347 1064 1880
f 291 1835 1668
f 291 1258 1835
f 1166 1258 291
f 1166 405 1258
f 587 1668 1835
f 587 1467 1668
f 1258 1747 1835
f 1747 587 1835
f 1747 1905 1064
f 1258 1905 1747
f 1064 1905 1880
f 1905 1872 1880
f 1258 1872 1905
f 405 1872 1258
f 1872 1965 923
f 1872 405 1965
f 1872 719 1880
f 347 1880 719
f 719 282 1229
f 1872 282 719
f 1872 923 282
f 719 1229 347
f 1250 405 1166
f 1250 1629 405
f 1789 1309 1629
f 1629 1965 405
f 1965 1629 1901
f 1629 1672 1901
f 1629 1309 1672
f 1665 1215 4
f 1711 436 1215
f 138 436 1711
f 1215 532 4
f 1215 1949 532
f 1215 445 1949
f 436 445 1215
f 445 872 1949
f 872 1804 1949
f 1949 1804 1212
f 872 385 1804
f 1439 978 138
f 1439 1885 978
f 1505 1885 1439
f 1505 188 1885
f 138 978 436
f 978 445 436
f 978 125 445
f 1885 125 978
f 125 872 445
f 125 743 872
f 1885 743 125
f 743 385 872
f 1884 1776 188
f 188 1730 1885
f 1977 1776 1884
f 1977 1719 1776
f 1977 1374 1719
f 653 279 1374
f 279 1603 1374
f 1627 1467 587
f 1094 969 653
f 969 1094 1627
f 969 279 653
f 1627 587 1064
f 969 875 279
f 875 969 1627
f 1395 1627 1064
f 1627 1395 875
f 1395 1064 347
f 875 1395 944
f 875 944 279
f 279 944 1603
f 1713 1395 347
f 1994 1395 1713
f 944 1994 97
f 1395 1994 944
f 944 97 1603
f 70 406 1293
f 755 406 70
f 1293 937 535
f 406 937 1293
f 535 918 1780
f 937 918 535
f 1763 1264 1034
f 1763 306 1264
f 306 229 1780
f 229 306 1763
f 1780 332 306
f 918 332 1780
f 306 458 1264
f 306 1850 458
f 332 1850 306
f 937 332 918
f 937 1517 332
f 332 1517 1850
f 271 274 1239
f 70 1293 1437
f 70 1437 1607
f 275 1537 1843
f 271 1911 110
f 271 1239 1911
f 1437 1293 535
f 1607 1437 46
f 665 622 1640
f 665 1524 622
f 1044 897 1022
f 1044 193 897
f 1537 193 1044
f 1537 1911 193
f 275 1911 1537
f 275 110 1911
f 897 46 1022
f 897 1607 46
f 193 1607 897
f 193 1239 1607
f 1911 1239 193
f 1437 1780 229
f 1437 535 1780
f 46 1437 1669
f 1524 1763 622
f 1640 1669 665
f 1022 1669 1640
f 229 1763 1524
f 665 229 1524
f 665 1437 229
f 1669 1437 665
f 46 1669 1022
f 1383 1843 904
f 1383 994 1843
f 278 1383 904
f 278 698 987
f 849 87 271
f 849 987 87
f 987 849 278
f 994 275 1843
f 278 164 1383
f 271 275 994
f 271 110 275
f 164 994 1383
f 164 271 994
f 164 849 271
f 164 278 849
f 416 489 353
f 64 1959 276
f 1621 276 131
f 1621 1203 276
f 1203 64 276
f 64 1077 1959
f 1959 1591 887
f 564 887 242
f 564 276 887
f 276 1959 887
f 131 276 564
f 489 771 1459
f 489 887 771
f 887 1591 771
f 242 887 489
f 1187 131 564
f 353 489 1459
f 416 242 489
f 564 416 1187
f 416 564 242
f 1466 1028 1959
f 1466 691 1028
f 691 1385 1028
f 691 1580 1385
f 1077 1466 1959
f 1959 1394 1591
f 1028 1394 1959
f 1028 468 1394
f 1385 468 1028
f 1469 1746 1745
f 1212 1746 1469
f 1745 1746 1809
f 1809 1746 755
f 755 937 406
f 755 1532 937
f 1746 1532 755
f 1532 1517 937
f 1746 315 1532
f 315 1083 1532
f 854 347 1229
f 1749 347 854
f 854 1273 1937
f 1749 854 1937
f 1937 131 1187
f 1150 1749 1937
f 257 1749 1150
f 257 853 1749
f 1150 1937 1187
f 923 529 282
f 923 1965 1077
f 529 64 1203
f 529 923 64
f 923 1077 64
f 1273 529 502
f 282 529 1273
f 1229 1273 854
f 1273 1229 282
f 502 1203 1621
f 502 529 1203
f 1937 502 1621
f 1937 1273 502
f 1937 1621 131
f 1077 1965 1466
f 1901 1466 1965
f 1466 1901 691
f 1672 691 1901
f 1672 1580 691
f 1804 804 1212
f 1804 385 804
f 804 430 1212
f 804 422 430
f 1212 991 1746
f 430 991 1212
f 430 1771 991
f 991 315 1746
f 991 780 315
f 780 581 315
f 743 649 385
f 1885 649 743
f 1885 1730 649
f 385 649 804
f 649 422 804
f 1730 1151 649
f 649 1151 422
f 422 1771 430
f 1151 1771 422
f 1771 398 991
f 1151 398 1771
f 398 780 991
f 398 381 509
f 398 1151 381
f 398 581 780
f 398 509 581
f 1776 1730 188
f 1776 774 1730
f 1730 774 1151
f 381 774 1826
f 774 381 1151
f 774 1942 1826
f 1374 1603 97
f 1719 774 1776
f 1719 1919 774
f 1374 1919 1719
f 97 1919 1374
f 97 1478 1919
f 1478 785 1919
f 774 1919 1942
f 1919 1940 1942
f 1919 1421 1940
f 785 1421 1919
f 1749 1713 347
f 414 1994 1713
f 1994 414 97
f 414 1478 97
f 853 1713 1749
f 1478 1713 1189
f 1713 1478 414
f 1189 1713 853
f 1189 853 542
f 1478 1189 785
f 542 853 257
f 1189 542 785
f 785 1295 1421
f 785 542 1295
f 1850 1769 458
f 1850 1517 1769
f 458 1769 1557
f 1769 1354 1557
f 1517 606 1769
f 1517 1596 606
f 1769 133 1354
f 1769 204 133
f 606 204 1769
f 1596 1169 606
f 133 870 1354
f 606 1643 204
f 1169 1643 606
f 1596 714 1169
f 133 1362 870
f 204 1362 133
f 714 610 1169
f 1862 1820 610
f 610 1820 1362
f 1643 1362 204
f 1643 610 1362
f 1169 610 1643
f 1820 1958 30
f 1958 1950 30
f 1820 30 1866
f 30 1950 1700
f 1950 1232 1700
f 1950 1586 1232
f 1950 1284 1586
f 1284 1677 1586
f 1961 353 711
f 416 353 1961
f 1438 416 1961
f 1438 1187 416
f 735 1438 1961
f 732 1961 711
f 589 1961 732
f 735 1961 589
f 100 1438 735
f 1110 735 589
f 100 735 1110
f 1677 732 1586
f 1677 589 732
f 1110 589 1677
f 1284 1110 1677
f 1098 1110 1284
f 315 1435 1083
f 1532 247 1517
f 1083 247 1532
f 1083 296 247
f 1435 296 1083
f 1517 999 1596
f 247 999 1517
f 999 714 1596
f 509 1626 1435
f 296 1425 247
f 296 1626 1425
f 1626 296 1435
f 247 1756 999
f 247 1425 1756
f 1425 1862 1756
f 1425 1626 1862
f 1626 1152 1862
f 999 1756 714
f 1756 1862 714
f 714 1862 610
f 1826 1616 1152
f 1152 1616 1958
f 1616 790 1958
f 1152 1958 1862
f 1862 1958 1820
f 1942 1940 790
f 1942 790 1616
f 1421 790 1940
f 1421 902 790
f 790 1193 1098
f 790 902 1193
f 1958 790 1950
f 790 1284 1950
f 790 1098 1284
f 1438 1150 1187
f 1093 1150 1438
f 257 224 310
f 224 257 1150
f 224 1150 1093
f 310 224 902
f 121 1093 1438
f 224 1193 902
f 1193 224 1093
f 121 1438 100
f 1193 121 1098
f 1093 121 1193
f 1098 100 1110
f 121 100 1098
f 581 1590 315
f 1590 1435 315
f 581 509 1590
f 1590 509 1435
f 381 1626 509
f 381 1152 1626
f 1826 1152 381
f 1826 1942 1616
f 542 310 1295
f 310 542 257
f 1421 1295 902
f 1295 310 902
f 479 516 859
f 211 516 479
f 1363 516 211
f 479 859 976
f 881 1363 211
f 881 597 1363
f 807 976 254
f 807 479 976
f 168 479 807
f 168 211 479
f 1075 211 168
f 1075 881 211
f 1170 881 1075
f 254 1068 807
f 977 807 1068
f 977 168 807
f 258 168 977
f 258 1075 168
f 1170 1075 258
f 565 1068 1018
f 565 977 1068
f 258 977 565
f 565 1018 819
f 565 819 198
f 340 114 597
f 352 114 340
f 1163 972 56
f 1764 352 869
f 56 1764 869
f 184 972 1163
f 949 597 881
f 949 340 597
f 949 352 340
f 869 352 949
f 1163 56 869
f 1996 1163 929
f 1996 184 1163
f 1170 949 881
f 949 1170 971
f 951 869 971
f 951 1163 869
f 929 1163 951
f 869 949 971
f 91 971 1170
f 951 971 1794
f 1794 1923 259
f 1794 390 1923
f 233 1794 259
f 233 259 376
f 370 376 1487
f 370 233 376
f 91 198 390
f 1794 91 390
f 233 951 1794
f 369 233 370
f 369 951 233
f 369 929 951
f 198 258 565
f 198 1170 258
f 91 1170 198
f 971 91 1794
f 891 198 819
f 390 198 891
f 175 253 1918
f 769 175 1547
f 1020 677 1996
f 1020 1918 677
f 459 175 1020
f 1547 175 459
f 1020 175 1918
f 1020 929 552
f 1020 1996 929
f 266 1020 552
f 1199 459 1020
f 1231 1199 461
f 1231 459 1199
f 1020 266 1199
f 434 1487 1223
f 434 370 1487
f 374 1223 922
f 374 434 1223
f 42 374 922
f 1164 42 72
f 1021 72 151
f 1021 1164 72
f 552 370 434
f 552 369 370
f 552 929 369
f 266 434 374
f 266 552 434
f 1199 374 42
f 1199 266 374
f 1199 42 1164
f 461 1199 1164
f 1021 461 1164
f 1021 1231 461
f 813 69 769
f 613 69 813
f 1356 769 1547
f 1356 813 769
f 1184 613 813
f 876 459 1231
f 876 1547 459
f 521 1547 876
f 521 1356 1547
f 525 813 1356
f 1184 813 525
f 876 1231 78
f 525 1356 521
f 718 1184 525
f 245 151 450
f 245 1021 151
f 78 1021 245
f 78 1231 1021
f 1173 876 78
f 833 876 1173
f 833 521 876
f 833 525 521
f 1173 245 1324
f 1173 78 245
f 1086 525 833
f 1970 525 1086
f 1970 718 525
f 645 1324 362
f 645 1173 1324
f 388 1173 645
f 388 833 1173
f 93 833 388
f 1086 833 93
f 475 362 1244
f 475 645 362
f 388 645 475
f 835 1086 93
f 1970 1086 835
f 1893 1874 1309
f 96 1830 1874
f 1309 1317 1672
f 1874 1317 1309
f 1830 1317 1874
f 1830 1571 1317
f 1033 1830 96
f 1847 1542 1033
f 1033 1542 1830
f 1542 1571 1830
f 1542 1661 1571
f 1542 1827 1661
f 1542 1331 1827
f 943 839 1847
f 943 55 839
f 1260 55 943
f 55 335 839
f 1260 335 55
f 335 1234 839
f 839 1542 1847
f 839 901 1542
f 1234 901 839
f 335 1417 1234
f 1234 1417 901
f 1417 1015 901
f 901 1331 1542
f 901 1883 1331
f 1015 1883 901
f 1015 974 1883
f 1417 1732 1015
f 1015 1732 974
f 1184 1010 613
f 1261 1010 1184
f 1261 1562 1010
f 243 1562 1261
f 810 1184 718
f 810 1261 1184
f 243 1261 810
f 1891 810 718
f 354 718 1970
f 354 1891 718
f 1004 1891 354
f 1004 810 1891
f 1004 243 810
f 1908 243 1004
f 1243 354 1970
f 1243 1970 27
f 333 1243 27
f 1243 1004 354
f 333 1004 1243
f 333 1908 1004
f 915 1762 1562
f 1714 1762 915
f 1714 1614 1762
f 1564 1614 1714
f 1564 1957 1614
f 915 1562 243
f 1908 915 243
f 560 915 1908
f 1615 915 560
f 1615 1714 915
f 1564 1714 927
f 739 1714 1615
f 927 1714 739
f 966 1564 927
f 560 1908 333
f 560 333 1245
f 1245 1615 560
f 739 1615 1245
f 927 739 1641
f 966 1641 519
f 966 927 1641
f 1564 236 1957
f 1703 236 1564
f 1703 1778 236
f 1256 1703 1564
f 550 1703 1256
f 1350 550 1256
f 1256 1564 966
f 165 1256 1241
f 165 1350 1256
f 1376 1256 966
f 1256 1376 1837
f 1241 1256 1837
f 1090 395 1703
f 1090 684 395
f 834 684 1090
f 550 1090 1703
f 942 1090 550
f 942 834 1090
f 1272 942 550
f 1272 550 1350
f 553 942 1272
f 641 1272 1350
f 553 1272 641
f 145 1350 165
f 641 1350 145
f 801 553 641
f 264 641 145
f 264 801 641
f 350 1935 1260
f 1935 360 1260
f 1935 548 360
f 227 548 1935
f 1260 360 335
f 548 708 360
f 227 708 548
f 335 327 1417
f 360 327 335
f 360 166 327
f 708 166 360
f 166 192 327
f 327 1732 1417
f 327 268 1732
f 327 192 268
f 166 1318 192
f 1865 227 1213
f 1865 708 227
f 708 1865 1318
f 708 1318 166
f 1096 1235 1993
f 1865 1894 1318
f 1993 1991 1894
f 1235 1991 1993
f 1235 1450 1991
f 1894 1968 1318
f 1991 1968 1894
f 1968 1834 1318
f 1448 1235 1096
f 1235 366 1450
f 1450 366 694
f 1450 1406 1991
f 885 683 1359
f 1733 885 1235
f 709 1359 834
f 349 1359 709
f 349 885 1359
f 709 834 942
f 885 349 1235
f 1188 709 942
f 699 709 1188
f 699 349 709
f 349 366 1235
f 349 699 366
f 1188 942 553
f 694 699 1188
f 366 699 694
f 501 1188 553
f 694 1188 501
f 501 553 801
f 694 1149 1450
f 1149 694 501
f 66 501 801
f 926 501 66
f 926 1149 501
f 1149 1406 1450
f 1149 926 1406
f 1580 1917 1385
f 1917 938 862
f 1580 1396 1917
f 1396 938 1917
f 468 1824 992
f 1824 862 928
f 1385 1824 468
f 1385 1917 1824
f 1917 862 1824
f 938 1648 862
f 1648 1946 862
f 1648 1654 1946
f 1707 1654 1648
f 862 1030 928
f 862 1946 1030
f 1946 1176 1030
f 1946 811 1176
f 1946 1654 811
f 1707 1538 1654
f 1538 508 1654
f 1654 554 811
f 1654 1214 554
f 508 1214 1654
f 1176 811 1751
f 811 1270 1751
f 811 463 1270
f 554 463 811
f 554 1214 463
f 1214 154 463
f 1214 568 154
f 1214 1332 568
f 1244 1190 475
f 1249 475 1190
f 600 1249 1190
f 1249 388 475
f 1048 388 1249
f 913 1249 600
f 913 1048 1249
f 1118 913 600
f 93 388 1048
f 913 93 1048
f 1142 913 1118
f 864 1118 493
f 864 1142 1118
f 835 93 913
f 1142 835 913
f 27 835 1142
f 864 27 1142
f 27 1970 835
f 864 333 27
f 143 1073 1081
f 143 1190 1073
f 600 1190 143
f 1118 600 143
f 143 1081 1454
f 1454 1118 143
f 171 864 493
f 1352 864 171
f 83 1352 171
f 651 1352 83
f 1641 651 83
f 1352 333 864
f 1352 1245 333
f 651 1245 1352
f 493 1118 1248
f 171 493 1248
f 519 1641 83
f 1248 1118 1454
f 888 1551 232
f 1551 171 1248
f 888 171 1551
f 888 83 171
f 83 888 460
f 83 460 1489
f 1735 888 232
f 460 888 1735
f 1489 519 83
f 740 519 1489
f 740 1489 1492
f 107 1492 1220
f 107 740 1492
f 1697 107 1220
f 1860 107 1697
f 1116 107 1860
f 1489 460 760
f 1492 1489 760
f 1687 1220 467
f 1697 1220 1687
f 1220 1492 1195
f 467 1195 346
f 467 1220 1195
f 602 467 346
f 602 346 74
f 1687 467 602
f 773 1697 1687
f 1384 1697 773
f 1384 1860 1697
f 1384 534 1860
f 599 602 74
f 988 602 599
f 988 1687 602
f 1702 1687 988
f 773 1687 1702
f 134 988 599
f 1702 988 134
f 1136 773 1702
f 1136 1384 773
f 431 599 1013
f 431 134 599
f 1964 1702 134
f 1136 1702 1964
f 1317 1580 1672
f 1317 1396 1580
f 1396 1571 938
f 1571 1396 1317
f 1571 1648 938
f 1571 1661 1648
f 1661 1827 1648
f 1827 1331 1707
f 1707 1648 1827
f 1883 1493 1331
f 1883 871 1493
f 974 871 1883
f 1102 871 974
f 1732 1102 974
f 1331 417 1707
f 1493 417 1331
f 1493 871 417
f 1732 1579 1102
f 1707 417 1538
f 871 1340 417
f 417 1340 1538
f 1102 1340 871
f 1340 508 1538
f 1102 1840 1340
f 1102 1140 1840
f 1579 1140 1102
f 1997 1140 1579
f 1340 1840 1202
f 508 1332 1214
f 1340 1332 508
f 1340 1202 1332
f 1140 1989 1840
f 1840 144 1202
f 1989 144 1840
f 651 739 1245
f 1641 739 651
f 1376 966 519
f 1376 519 740
f 1837 1376 740
f 1241 1837 107
f 1123 1241 107
f 1123 165 1241
f 751 165 1123
f 107 1837 740
f 1123 107 1116
f 514 1302 1007
f 1302 945 1007
f 1736 1990 1434
f 751 145 165
f 1279 145 751
f 264 145 1279
f 984 801 264
f 984 66 801
f 80 1123 1116
f 80 751 1123
f 80 1279 751
f 490 264 1279
f 490 1279 256
f 984 264 490
f 412 1116 1860
f 412 80 1116
f 256 80 412
f 256 1279 80
f 169 984 490
f 534 412 1860
f 1360 490 256
f 169 490 1360
f 1027 412 534
f 1027 256 412
f 1360 256 1027
f 1424 169 1360
f 73 169 1424
f 1027 534 1384
f 815 1360 1027
f 44 1360 815
f 1424 1360 44
f 1890 1384 1136
f 1890 1027 1384
f 815 1027 20
f 206 1424 44
f 206 73 1424
f 20 1027 1890
f 842 815 20
f 857 842 120
f 857 815 842
f 857 44 815
f 206 857 1990
f 857 206 44
f 206 1990 1736
f 192 104 268
f 1318 104 192
f 268 1579 1732
f 268 104 1579
f 104 1157 1579
f 1157 1997 1579
f 1157 1103 1997
f 1103 1140 1997
f 1103 1989 1140
f 1318 1157 104
f 1318 1103 1157
f 1318 1834 1103
f 1834 1379 1103
f 1379 1834 1482
f 1103 1694 1989
f 1379 1694 1103
f 1834 336 1482
f 150 336 1834
f 1968 150 1834
f 1991 1346 1968
f 1991 129 1346
f 1991 514 129
f 1968 407 150
f 1346 407 1968
f 1406 696 1991
f 1406 1198 696
f 696 1302 1991
f 1198 1736 696
f 1302 514 1991
f 696 945 1302
f 945 1736 1434
f 696 1736 945
f 582 66 984
f 926 582 1406
f 582 926 66
f 582 984 169
f 582 1198 1406
f 582 169 1198
f 169 73 1198
f 73 1736 1198
f 1736 73 206
f 1270 383 1045
f 463 383 1270
f 463 154 383
f 383 950 1045
f 154 1135 383
f 154 1510 1135
f 568 1510 154
f 568 537 1510
f 950 1867 1045
f 383 1135 950
f 1135 503 950
f 503 1867 950
f 537 1829 1510
f 1829 778 1510
f 1829 13 778
f 1510 503 1135
f 1510 778 503
f 503 778 1461
f 13 1921 778
f 13 1750 1921
f 778 1921 1790
f 1750 1951 1921
f 1750 806 1951
f 1921 1951 1671
f 1951 223 1671
f 1921 1671 1666
f 1671 389 1666
f 431 1013 539
f 51 134 431
f 1964 134 51
f 40 1136 1964
f 1890 1136 40
f 1224 431 539
f 51 431 1224
f 710 1964 51
f 895 1964 710
f 895 40 1964
f 397 40 895
f 397 1890 40
f 528 1224 539
f 223 1224 528
f 223 51 1224
f 1951 710 223
f 710 51 223
f 1951 895 710
f 806 895 1951
f 806 397 895
f 1671 528 389
f 1671 223 528
f 1202 861 1332
f 1202 323 861
f 144 323 1202
f 1332 537 568
f 861 537 1332
f 1694 1829 323
f 336 13 1829
f 144 1694 323
f 1694 144 1989
f 1694 1379 1829
f 1379 1482 1829
f 1482 336 1829
f 861 323 537
f 323 1829 537
f 1346 1750 13
f 336 150 13
f 150 407 13
f 407 1346 13
f 1346 129 1750
f 129 514 1750
f 1007 1434 889
f 514 1007 1750
f 945 1434 1007
f 1434 1990 889
f 1750 1007 806
f 1007 1076 806
f 1007 889 1076
f 1472 1890 925
f 1472 20 1890
f 889 1472 1076
f 889 120 1472
f 120 20 1472
f 120 842 20
f 889 857 120
f 1990 857 889
f 806 925 397
f 925 1890 397
f 1076 925 806
f 1076 1472 925

