# https://github.com/mikedh/trimesh
v 0.85269213 0.09368040 0.26536989
v 0.85334933 0.01703290 0.24320924
v -0.85334301 -0.23059167 -0.08037861
v -0.40041077 0.47738376 -0.25561902
v 0.67978340 0.47739801 -0.08516403
v 0.63021350 -0.44687200 -0.28028131
v -0.84665483 -0.46673265 0.21291000
v 0.59614801 -0.46676201 0.27566901
v 0.68260235 0.00954869 -0.28036699
v -0.32204670 -0.43101770 -0.28037643
v -0.82981038 0.47743753 0.02156916
v 0.82225496 0.05961480 0.28040966
v -0.01612680 -0.47739801 0.08335202
v 0.85306287 0.45688748 0.02554920
v -0.17953496 0.29208952 -0.28036699
v 0.85334301 0.02577041 -0.09191079
v 0.07759383 0.18673000 0.28036699
v 0.05975456 -0.47738376 -0.25561899
v 0.02554932 -0.47738871 0.25542399
v -0.83167690 0.47745654 0.04258200
v -0.82285643 0.18728043 0.28041622
v -0.28090924 -0.47738612 0.25562644
v 0.26400799 -0.47726399 -0.26388097
v 0.64710820 0.44718963 0.28020623
v -0.08502569 0.44718963 0.28020623
v -0.11071300 -0.47527900 0.26587501
v 0.45136899 0.45136899 -0.27959001
v -0.83167696 0.47745654 -0.17884400
v 0.82225388 0.21291000 -0.28040239
v 0.10219690 -0.43015271 0.28037822
v -0.24814220 -0.16694479 -0.28036699
v -0.46827015 0.47738701 0.25562614
v -0.85268474 0.12774600 0.26543900
v 0.18627694 -0.30736458 0.28036699
v -0.67224014 -0.47739801 -0.07535165
v 0.07664760 0.47737679 0.25583270
v 0.30659050 0.44687200 -0.28028131
v -0.73241025 -0.43016952 -0.28037754
v 0.85311997 0.45687911 -0.00851640
v 0.19587693 0.47738817 -0.25540394
v 0.44520220 -0.16562930 -0.28036699
v 0.85334301 0.16566426 -0.06407577
v 0.07869975 0.47739801 -0.08957615
v 0.34917200 -0.47683480 -0.26408026
v 0.03440626 0.32089791 0.28036699
v 0.85105795 -0.26400799 -0.26639971
v -0.54568517 0.16155739 -0.28036699
v 0.42985409 0.03541030 0.28036699
v 0.21291000 0.47527900 0.26587501
v 0.82225561 -0.20439351 0.28041455
v -0.65156633 -0.30202365 -0.28036699
v 0.82225496 0.00000000 -0.28040966
v 0.02568088 0.47738501 0.25562668
v -0.85323888 0.39176869 0.25637859
v -0.14597405 0.31689966 0.28036699
v 0.36620513 -0.47738871 0.25542402
v -0.84231585 0.47135404 0.21291000
v 0.28104100 0.47726935 0.26374769
v -0.64917678 0.08436915 -0.28036699
v 0.07664760 0.47723180 -0.26389492
v 0.83167523 0.47744638 -0.00851640
v -0.67445731 0.47739801 0.08744892
v -0.08041067 0.47739801 -0.08912515
v -0.14463931 0.47738376 -0.25561896
v 0.01088806 0.47739801 0.06478932
v -0.59614789 -0.43015239 0.28037760
v 0.31804347 0.04874903 -0.28036699
v -0.33001050 -0.28785434 -0.28036699
v 0.16213913 0.30888322 0.28036699
v 0.04220708 0.44244808 0.28035417
v -0.39045188 0.47739801 0.06943373
v 0.58763200 -0.47726399 -0.26388097
v 0.85306293 -0.02554920 -0.26522917
v -0.55356598 -0.47726935 0.26374766
v -0.52801663 -0.44669104 0.28028685
v 0.37458917 0.44735205 -0.28019783
v -0.82285643 0.15337557 0.28041625
v -0.43433601 0.47723851 0.26376149
v 0.06503429 0.05729212 0.28036699
v -0.29872912 -0.07075161 0.28036699
v -0.84118700 0.43433601 0.27628699
v 0.23845889 0.43016905 -0.28037649
v 0.49395183 -0.43015167 0.28037652
v -0.62169701 0.47685805 0.26394737
v 0.41887584 0.14713718 -0.28036699
v 0.14477900 -0.44687197 -0.28028131
v -0.09108219 0.20424928 -0.28036699
v -0.11005813 -0.17753421 0.28036699
v 0.85334951 -0.27392229 -0.24399629
v 0.85306293 -0.22994301 0.26522914
v 0.85334814 0.43240687 0.12858646
v 0.57492912 0.17047234 0.28036699
v 0.72426897 0.44244650 0.28035632
v -0.45136899 -0.46676201 0.27566901
v -0.20284519 0.11432622 -0.28036699
v 0.22641876 -0.03465293 -0.28036699
v -0.85315776 0.45687294 0.05961480
v 0.03393329 -0.44735205 -0.28019783
v -0.49337053 -0.25665334 -0.28036699
v 0.32299566 -0.47739801 0.08399863
v 0.43433601 0.46676201 -0.27566901
v -0.61317980 -0.43016884 -0.28037649
v 0.85245007 0.45815200 -0.07664760
v -0.29820576 -0.47738612 0.25562644
v 0.85334301 0.24894786 0.09027387
v -0.60466403 0.47738871 0.25542399
v -0.85334891 -0.15471035 -0.24395852
v 0.28955689 -0.43016750 -0.28037524
v -0.85305977 0.14477900 0.26529723
v 0.55369782 -0.47738701 0.25562614
v -0.09368043 -0.18618165 -0.28036699
v -0.85334969 -0.08516397 -0.24484715
v -0.01545681 0.43101969 -0.28038076
v 0.17784251 0.05694296 0.28036699
v 0.66427934 0.44687200 -0.28028131
v 0.54671139 -0.47739801 -0.08267143
v -0.82285643 0.25557217 0.28041622
v -0.65576297 -0.47726399 -0.26388097
v 0.82225388 -0.07664760 -0.28040239
v 0.48543501 0.44784251 -0.28007129
v 0.69530326 -0.18766500 0.28036699
v -0.54788846 -0.06947587 0.28036699
v 0.67279601 -0.47726399 -0.26388097
v 0.78356183 0.44738883 -0.28016064
v -0.07469299 0.06324472 -0.28036699
v 0.60466403 -0.46351033 -0.27763969
v -0.19718741 -0.47739801 0.08221604
v -0.36620501 -0.46339750 0.27767152
v 0.34065598 0.44686943 -0.28029585
v -0.51098400 0.44668967 0.28029427
v -0.82981634 -0.47743157 0.08062612
v -0.85334301 -0.03980112 -0.07212869
v -0.85334760 -0.43290368 -0.09368046
v -0.67279601 0.47683477 -0.26408026
v 0.29350424 0.47739801 0.08350229
v 0.85334957 0.43198651 -0.09368113
v -0.84118700 -0.02554920 0.27628699
v 0.48845673 -0.29560149 0.28036699
v 0.22974922 0.47739801 -0.08303493
v 0.17884400 -0.47726935 0.26374769
v -0.07677928 -0.47738501 0.25562668
v -0.16932608 -0.04508681 -0.28036699
v -0.80596107 0.11922976 0.28036815
v 0.82225436 -0.05109841 -0.28040570
v -0.85334736 -0.43290287 -0.14477883
v -0.85329062 -0.20441332 -0.25630954
v 0.57059902 -0.47685805 0.26394740
v -0.58763200 0.47685805 0.26394737
v 0.82225388 0.00851640 0.28040239
v 0.00877844 -0.30986589 -0.28036699
v -0.43433642 0.24645154 -0.28036699
v 0.38323790 0.47738677 -0.25540441
v -0.65576297 -0.46339747 0.27767152
v 0.22710398 -0.19048353 -0.28036699
v -0.32161930 0.16531835 -0.28036699
v -0.05948312 0.47738501 0.25562668
v -0.05948308 -0.47738373 0.25562701
v 0.43261158 0.47739801 0.06500492
v -0.82256436 0.35768861 0.28040260
v -0.85334969 0.05109840 0.24484715
v 0.64457709 -0.30748013 0.28036699
v 0.85334915 -0.32222545 0.24399589
v 0.43433601 0.44784251 -0.28007129
v 0.04010949 0.17087746 -0.28036699
v -0.85102969 0.09368040 0.26647139
v -0.68131202 0.44686741 -0.28030616
v 0.66276258 -0.29877397 -0.28036699
v -0.85268474 0.28104100 0.26543903
v 0.05727694 -0.30775928 0.28036699
v 0.85334301 -0.12849744 0.12649360
v -0.85334826 0.08672754 0.24384646
v -0.40063426 0.44268510 -0.28035352
v -0.85334915 0.01703274 0.24484648
v 0.36620498 -0.47738677 -0.25540435
v 0.11922956 0.44686943 -0.28029585
v 0.69219410 0.47739801 0.08516403
v -0.39188680 -0.44735205 -0.28019783
v -0.32001451 0.30731210 -0.28036699
v 0.82225388 0.08516397 -0.28040239
v -0.63872999 0.47683480 -0.26408026
v 0.07045384 -0.20129675 -0.28036699
v 0.85334873 -0.32516727 -0.24388559
v 0.31524667 0.47738376 -0.25561896
v -0.36431268 -0.47739801 -0.07759389
v -0.25940496 0.47739801 0.10403822
v -0.38585842 0.47739801 -0.09564577
v 0.82225496 0.26400799 -0.28040966
v 0.82970476 0.47750556 -0.22596741
v -0.41730401 -0.47683480 -0.26408026
v 0.65576297 -0.44687197 -0.28028131
v 0.82916141 -0.47743139 -0.01183507
v -0.46840200 0.46676201 0.27566901
v 0.41730401 -0.47729024 0.26373798
v 0.43768716 -0.00767872 -0.28036699
v -0.85334933 -0.29807439 0.24368496
v -0.02554920 0.46339750 0.27767152
v 0.15329555 0.43015361 0.28037971
v -0.30659047 -0.43015334 0.28037891
v 0.42679730 0.30561307 0.28036699
v -0.23845936 0.44668967 0.28029427
v 0.68131202 0.29600942 -0.28036699
v 0.25564140 -0.19288903 0.28036699
v -0.47691846 -0.43016535 -0.28037378
v 0.65576297 -0.47685805 0.26394740
v -0.81839967 0.02554920 -0.28040165
v 0.43433607 0.47738677 -0.25540435
v 0.33964556 -0.07578151 0.28036699
v -0.49178594 0.18028790 0.28036699
v 0.49198586 -0.31117612 -0.28036699
v -0.38309830 -0.47738215 -0.25561929
v -0.41861379 -0.07337204 0.28036699
v 0.68005550 0.15315557 -0.28036699
v -0.44490105 0.05810555 -0.28036699
v 0.85334778 0.43240568 0.07580638
v 0.41730401 0.47527900 0.26587501
v 0.54504979 0.43017086 -0.28037965
v 0.56383973 0.30753666 0.28036699
v -0.85245723 -0.45811707 -0.04258200
v 0.85105795 -0.34917200 0.26639971
v 0.05961480 0.46339747 0.27767152
v 0.45988545 -0.47738311 0.25581971
v -0.57807940 0.44932130 0.27992964
v -0.56194425 -0.44718963 0.28020623
v 0.82225496 0.12774600 -0.28040966
v -0.03528223 0.10549911 0.28036699
v 0.82981080 0.47744134 -0.15783186
v 0.84950644 -0.46620318 0.12774600
v -0.68888211 0.29902026 0.28036699
v 0.44682720 0.16805696 0.28036699
v -0.42581999 0.30864602 0.28036699
v -0.65603316 0.05015212 0.28036699
v -0.45988551 -0.44669104 0.28028685
v 0.85245007 0.45815200 -0.11071300
v -0.82609099 0.22142652 0.28020900
v 0.09291492 -0.47739801 -0.08028384
v -0.85102969 0.02554920 0.26647139
v -0.83832866 -0.36620501 -0.27827886
v 0.07504071 -0.06347126 0.28036699
v 0.56110507 -0.06938770 -0.28036699
v -0.63021350 -0.44770008 0.28008255
v -0.81839973 -0.22994293 0.28040165
v 0.32346830 0.18751569 0.28036699
v 0.04244211 -0.47738704 -0.25561810
v 0.58763200 0.47726935 0.26374769
v -0.69848293 -0.44718963 0.28020626
v -0.84232002 -0.46790400 0.26182899
v 0.18749891 0.44718963 0.28020626
v -0.05718152 -0.29529315 0.28036699
v 0.38116083 0.47739801 -0.08869523
v 0.48630086 -0.08473095 0.28036699
v 0.51963174 0.47738373 0.25562701
v -0.05109840 -0.43015102 0.28037566
v -0.11922918 0.43015257 0.28037760
v 0.68550259 -0.14423805 -0.28036699
v -0.85310513 0.21291000 -0.26527911
v -0.85334301 -0.27252480 0.08154002
v -0.13729848 0.44932133 0.27992964
v 0.40878761 -0.43015090 0.28037566
v -0.23845959 0.43016884 -0.28037649
v -0.85245723 -0.45811710 -0.16181201
v 0.82225436 -0.01703279 0.28040570
v 0.54613352 0.31417766 -0.28036699
v -0.17556889 -0.31281385 0.28036699
v 0.85334951 -0.03546304 0.24399620
v -0.15461464 -0.30359164 -0.28036699
v -0.11071300 0.47723180 -0.26389492
v 0.83167690 0.47745654 -0.11071300
v 0.85334951 0.20299588 -0.24399634
v -0.09368040 -0.47726399 -0.26388097
v 0.85334992 -0.35908616 0.24399681
v 0.82981795 -0.47744587 -0.12376748
v 0.85334301 -0.28785434 -0.07579596
v -0.67908460 -0.04363016 -0.28036699
v 0.68731534 0.09284275 0.28036699
v -0.53200555 -0.06672977 -0.28036699
v -0.21291000 -0.47739801 -0.08342204
v -0.49128804 0.44531545 -0.28032747
v 0.18070740 -0.31217924 -0.28036699
v 0.14477900 0.44686943 -0.28029585
v 0.82225496 0.22142650 0.28040966
v 0.48543495 0.47738677 -0.25540435
v -0.84232920 0.47134304 -0.11071300
v 0.83852214 0.38323799 -0.27822983
v -0.82256442 0.20439349 -0.28040260
v -0.22994301 -0.47685763 0.26779252
v -0.51083964 0.05412964 0.28036699
v 0.84118700 0.16181201 0.27628699
v -0.85334861 -0.01712987 0.24472496
v -0.29107842 0.31054440 0.28036699
v -0.41730401 0.46351033 -0.27763969
v 0.06813175 -0.43016857 -0.28037605
v -0.85315949 -0.45681927 0.16181201
v 0.82225496 0.28955749 -0.28040966
v -0.23027031 -0.19260171 0.28036699
v 0.11071304 0.47738746 0.25542444
v -0.64586538 -0.17493148 -0.28036699
v -0.67039090 0.47739801 -0.08426230
v 0.12774602 -0.18736087 0.28036699
v -0.43433642 -0.31117609 0.28036699
v -0.82981795 -0.47744587 -0.04656051
v -0.33214000 -0.46676201 -0.27566901
v 0.85334301 -0.09124714 0.01119298
v -0.36620492 0.47738677 -0.25540441
v -0.02225253 -0.07802121 -0.28036699
v 0.05923988 -0.44244808 0.28035417
v 0.24716695 -0.47739801 -0.08009246
v -0.12582982 0.47739801 0.07941546
v 0.27265695 0.44735205 -0.28019783
v 0.40721071 0.43101770 -0.28037643
v 0.68879610 0.25626624 0.28036699
v -0.11071300 -0.47737679 0.25583270
v -0.55291092 -0.30626279 0.28036699
v -0.55225581 0.31196225 -0.28036699
v 0.25549200 -0.43015230 0.28037760
v -0.85102969 -0.07664760 0.26647139
v 0.66025496 -0.47739801 0.08432174
v -0.83168167 -0.47745642 -0.11071300
v -0.23827797 0.47739801 -0.07302362
v 0.82225388 0.17032801 0.28040239
v -0.15329131 -0.47738105 -0.25583023
v -0.85334849 -0.06969365 0.24384710
v -0.82609099 -0.03406560 0.28020900
v 0.39968348 -0.19528989 0.28036699
v -0.35863510 -0.19366930 0.28036699
v 0.85334301 0.06476012 0.08534145
v 0.14501211 0.27544138 -0.28036699
v 0.85334980 -0.16172609 -0.24479531
v 0.40878737 0.44669104 0.28028685
v 0.84118700 -0.21291000 -0.27628699
v 0.50233632 0.47738501 0.25562668
v -0.65576297 0.47738752 -0.25540420
v 0.56153297 0.03214254 0.28036699
v -0.59614801 0.44687200 -0.28028131
v 0.05873378 0.03406560 -0.28036699
v 0.29793423 0.47738504 -0.25561869
v -0.82915241 0.47743380 0.16512905
v 0.82225496 0.05961480 -0.28040966
v -0.13519785 0.18594146 0.28036699
v -0.17032802 0.44669259 0.28027773
v -0.31510714 0.47738746 0.25542444
v 0.67279589 -0.47738671 0.25542468
v 0.33213955 -0.30999690 0.28036699
v -0.63872999 -0.46676201 -0.27566901
v 0.40085143 -0.47739801 -0.08109938
v -0.51790363 -0.47739801 -0.07345398
v 0.04272176 0.47738376 -0.25561899
v -0.68465769 -0.07238937 0.28036699
v -0.82256442 -0.10219672 0.28040260
v -0.68086374 0.24764796 -0.28036699
v 0.85334301 0.30605137 -0.07233552
v -0.85334301 -0.09861992 0.08005417
v 0.43433601 -0.46351033 -0.27763969
v 0.82981080 0.47744134 0.01249642
v 0.19587700 0.44687533 -0.28025931
v 0.70686102 -0.47685805 0.26394737
v -0.56138432 0.30086625 0.28036699
v -0.82256335 0.13626251 -0.28039652
v -0.84634662 -0.43437794 -0.27335924
v -0.41730377 0.44188577 0.28036562
v 0.14949872 0.47739801 0.08239363
v -0.63950419 0.17239259 0.28036699
v 0.72389400 0.47683480 -0.26408026
v -0.82981676 -0.47743428 0.14875746
v -0.60466439 -0.47739801 0.08994517
v 0.27575523 0.30424103 -0.28036699
v -0.85334301 0.09282016 0.07458302
v -0.54504949 0.44669259 0.28027773
v -0.80596417 -0.03406506 0.28036851
v -0.26400843 0.05835309 0.28036699
v 0.85334849 0.25563526 -0.24310616
v 0.49296507 -0.47739801 0.08238499
v -0.30719867 -0.31236935 0.28036699
v 0.40686408 0.28955764 -0.28036699
v 0.38323799 -0.47683480 -0.26408026
v 0.27844301 0.17797832 -0.28036699
v -0.85315949 -0.45681930 0.07664760
v -0.56208247 -0.44687057 -0.28028923
v -0.81839973 -0.12774603 -0.28040165
v -0.84148496 0.47157258 -0.24699271
v 0.53653300 0.46351033 -0.27763969
v 0.70686096 0.47738677 -0.25540441
v 0.34203705 -0.27551708 -0.28036699
v 0.17032801 -0.46676201 0.27566901
v -0.59614789 0.43015239 0.28037760
v -0.38259524 0.05447280 0.28036699
v 0.56519157 -0.17668152 0.28036699
v 0.51085168 0.44735205 -0.28019783
v -0.04825959 -0.03660557 0.28036699
v -0.17556886 -0.06747606 0.28036699
v 0.45988584 0.43016887 -0.28037649
v 0.01703280 0.44784251 -0.28007129
v -0.70686102 0.47726935 0.26374766
v -0.14616922 0.05579108 0.28036699
v 0.67978340 -0.47739801 -0.08516403
v 0.56573224 0.47739801 0.08527464
v 0.15365005 -0.47739801 0.08480918
v 0.17032801 0.44686943 -0.28029585
v -0.03736788 0.24210906 0.28036699
v -0.65129513 -0.18805893 0.28036699
v -0.15329537 -0.44669104 0.28028685
v -0.47691849 -0.46676201 0.27566901
v 0.82225496 0.15329538 -0.28040966
v -0.21291000 0.44668847 0.28030044
v -0.00851640 0.47738811 0.25542417
v 0.85105795 -0.33214000 0.26639971
v 0.71537751 0.44687060 -0.28028923
v -0.16196229 0.47738788 -0.25560492
v 0.84118700 0.04258200 -0.27628699
v -0.07664768 0.47738677 -0.25540441
v -0.39183253 -0.47739801 0.08711733
v -0.09368040 0.47685805 0.26394737
v -0.11922953 -0.44668967 0.28029427
v 0.33654463 -0.10895119 -0.28036699
v 0.47691852 0.44668967 0.28029427
v -0.15063208 -0.44531703 -0.28032175
v -0.39509627 -0.12623675 -0.28036699
v -0.02554920 -0.44770008 0.28008255
v 0.55216986 0.07106305 -0.28036699
v 0.21291004 0.47738871 0.25542399
v 0.00786129 -0.17491376 0.28036699
v -0.30728090 0.00115086 -0.28036699
v -0.74944329 0.47737849 -0.25582406
v 0.85217410 0.22994301 -0.26563856
v 0.51098400 0.44668967 0.28029427
v 0.45136899 -0.47726399 -0.26388097
v -0.06150731 -0.47739801 -0.08118971
v -0.17897573 0.47738501 0.25562671
v 0.28838295 0.30864602 0.28036699
v 0.74106663 0.47738019 -0.25561956
v -0.02554920 -0.47723851 0.26376149
v -0.24287510 0.19019964 0.28036699
v 0.50246799 0.47527900 0.26587501
v -0.52801669 -0.44687054 -0.28028923
v 0.82980967 -0.47742930 0.05563099
v 0.53713441 0.47739801 -0.08606577
v -0.82256436 -0.08516397 -0.28040260
v -0.85334301 0.14079238 -0.08172122
v 0.00041884 0.30728847 -0.28036699
v -0.85334700 -0.43246913 -0.04177015
v -0.36556253 0.18398644 0.28036699
v 0.49395138 -0.44687197 -0.28028131
v 0.02540948 0.47738376 -0.25561896
v 0.43433601 0.44669104 0.28028685
v -0.82256436 0.25549200 -0.28040260
v -0.82256341 -0.23845936 -0.28039652
v 0.85334891 -0.08502009 -0.24310726
v 0.39175448 -0.43016788 -0.28037563
v 0.41730383 0.47738922 0.25542372
v 0.82225388 -0.25549200 -0.28040239
v 0.85334301 -0.27151099 0.07745870
v 0.82225496 0.30659050 0.28040966
v -0.52801687 0.47739801 -0.09598216
v -0.35926557 -0.43101719 -0.28037590
v -0.45136899 -0.47728574 -0.26387116
v 0.82225496 0.25549200 0.28040966
v -0.04258200 -0.47726399 -0.26388097
v 0.12176961 -0.08471575 -0.28036699
v 0.20514067 -0.06708530 0.28036699
v 0.02554920 0.46339750 0.27767152
v -0.85334301 0.29707208 -0.08766886
v 0.67279601 0.47723180 -0.26389492
v 0.54609549 0.20006077 -0.28036699
v -0.50015801 -0.18808258 0.28036699
v 0.12774600 0.46676201 0.27566901
v 0.82225496 0.18736063 -0.28040966
v 0.57924771 0.44735208 -0.28019783
v 0.85289127 -0.17884400 0.26529178
v 0.40977865 -0.44941029 -0.27992082
v 0.21304975 -0.47738376 -0.25561899
v -0.29793420 -0.47738612 -0.25561839
v 0.85334301 -0.14015558 -0.10390012
v 0.85316068 -0.45489109 -0.08986939
v 0.19685994 0.18277510 0.28036699
v 0.16914882 0.10573438 -0.28036699
v -0.07677931 0.47738501 0.25562671
v -0.24697600 -0.47726399 -0.26388097
v -0.30659050 0.44687352 -0.28027156
v 0.67279601 -0.46676201 -0.27566901
v 0.67152447 -0.05529302 0.28036699
v 0.82981128 0.47744596 -0.08970036
v -0.16168028 0.47738373 0.25562701
v 0.54504949 0.44669104 0.28028685
v 0.84232879 0.47134334 -0.19587700
v 0.85269213 -0.12774600 -0.26536989
v 0.85327870 -0.08518278 0.25642377
v -0.82981706 -0.47743747 -0.15783337
v 0.82175481 0.40884435 0.28045896
v -0.85245723 -0.45811707 -0.17884400
v 0.41730401 0.46676201 -0.27566901
v -0.82256341 0.05109840 0.28039652
v 0.11922956 -0.44687352 -0.28027156
v -0.85078889 -0.26400799 0.27147192
v -0.62169701 0.47723180 -0.26389492
v -0.85268474 -0.11071300 0.26543900
v 0.84118700 0.00851640 0.27628699
v 0.84118700 0.05961480 -0.27628699
v 0.83167994 -0.47744626 -0.16181201
v 0.85105795 0.02554920 -0.26639971
v 0.58763200 0.47368830 -0.27090329
v 0.41730401 0.46676201 0.27566901
v 0.85276264 -0.45700994 0.02554920
v -0.84118700 -0.09368040 -0.27628699
v -0.00851640 0.46676201 -0.27566901
v 0.84690982 0.09368040 -0.27292973
v 0.85318917 0.31519741 -0.26498625
v -0.84677792 0.34917200 -0.27302557
v 0.85275674 0.45706639 -0.12774600
v 0.85306293 0.34917200 -0.26522917
v 0.11071300 -0.47726935 0.26374766
v 0.85269213 0.07664760 -0.26536989
v -0.70686102 0.46676201 -0.27566901
v 0.25535968 -0.44735205 -0.28019783
v -0.55356598 0.47707954 -0.26395562
v -0.84118700 -0.17884400 -0.27628699
v -0.84118700 -0.12774600 0.27628699
v -0.02554920 0.47685805 0.26394740
v -0.31524676 -0.47738504 -0.25561869
v -0.48543501 0.47527900 0.26587501
v 0.85328919 -0.27250579 0.25642222
v -0.38323799 0.46351033 -0.27763969
v 0.83852214 -0.31510699 0.27822983
v -0.31510699 -0.46676201 0.27566901
v -0.46840200 0.47726399 -0.26388097
v 0.85217410 0.17884400 -0.26563862
v 0.84118700 0.29807401 0.27628699
v -0.82981038 0.47743753 -0.02156916
v 0.58763200 -0.46676201 -0.27566901
v -0.19587700 -0.47726935 0.26374769
v 0.19587700 0.47685805 0.26394740
v 0.84230983 -0.47135904 0.19587700
v 0.82981795 -0.47744587 -0.04656051
v -0.84677792 0.16181201 -0.27302560
v 0.84118700 0.40027100 -0.27628699
v 0.85312206 -0.45682546 -0.11071300
v 0.85245723 -0.45811707 -0.00851640
v -0.04258200 0.46676201 0.27566901
v 0.84118700 -0.12774600 -0.27628699
v 0.84118700 0.19587700 0.27628699
v 0.10323269 0.44932133 0.27992964
v -0.53653300 0.47723180 -0.26389492
v -0.85102969 -0.00851640 0.26647139
v -0.57059902 0.47368830 -0.27090329
v 0.14477900 0.46676201 -0.27566901
v -0.84118700 -0.26400799 -0.27628699
v -0.82254577 -0.39172849 -0.28041914
v 0.84118700 0.11071300 0.27628699
v -0.02554920 0.47527900 -0.26587501
v 0.84691036 -0.41730401 0.27292934
v -0.84118700 0.09368040 -0.27628699
v -0.85288823 -0.40027100 0.26533321
v 0.55356598 0.47683480 -0.26408026
v 0.16181201 -0.47723180 -0.26389492
v 0.85245723 -0.45811707 -0.02554920
v -0.00851640 -0.47726399 -0.26388097
v 0.85306293 0.16181201 0.26522917
v 0.84118700 0.24697600 -0.27628699
v 0.84888923 -0.14477900 -0.27198929
v -0.84118700 -0.07664760 0.27628699
v -0.85245723 -0.45811707 -0.05961480
v 0.55356598 0.47723851 0.26376149
v 0.85105795 0.21291000 0.26639971
v 0.85105795 0.24697600 -0.26639971
v -0.84232920 0.47134304 0.00851640
v 0.83852214 -0.11071300 0.27822986
v -0.70686102 0.46339747 0.27767152
v 0.84368002 -0.46876901 -0.14477900
v -0.16181201 -0.47685802 0.26394740
v 0.84717518 0.41730401 0.27273691
v 0.84118700 0.14477900 0.27628699
v -0.85279220 0.45672581 -0.22994329
v 0.85105795 -0.16181201 -0.26639971
v 0.84661531 -0.46678114 -0.16181201
v 0.05961480 0.47737679 0.25583270
v -0.84118700 0.11071300 0.27628699
v 0.46840200 0.47685805 0.26394740
v 0.85105795 -0.28104100 -0.26639971
v 0.84118700 0.31510699 -0.27628699
v 0.09368040 0.47726399 -0.26388097
v 0.85306549 -0.45683381 0.04258200
v 0.85306293 0.28104100 0.26522914
v -0.28942519 -0.44735205 -0.28019783
v -0.84364098 -0.46871600 0.24697600
v 0.82225496 -0.13626251 -0.28040966
v 0.75796002 -0.46339750 0.27767152
v 0.85217410 0.19587700 0.26563856
v 0.14477900 -0.47726935 0.26374769
v 0.84118700 -0.24697600 0.27628699
v -0.85245723 -0.45811707 -0.11071300
v 0.74944335 0.44687197 -0.28028131
v 0.38323799 -0.47685805 0.26394740
v -0.68982798 0.47726935 0.26374769
v 0.01703280 -0.44669104 0.28028685
v 0.72389400 -0.46339750 0.27767152
v -0.65576297 0.47527900 -0.26587501
v 0.85109466 -0.41730401 -0.27076954
v -0.58763200 0.47368833 -0.27090332
v 0.82086653 -0.27489191 0.28040698
v 0.45136899 -0.46676201 -0.27566901
v 0.70686102 -0.46676201 0.27566901
v 0.22994301 0.47685805 0.26394737
v 0.75795949 -0.47738490 -0.25540453
v 0.85310829 -0.45540062 0.24952014
v -0.85334766 0.05124309 -0.24305879
v 0.28955752 -0.46676201 0.27566901
v -0.84118700 0.24697600 0.27628699
v 0.72389400 0.47685763 0.26779252
v 0.82981128 0.47744596 -0.04656203
v 0.14477900 0.47726399 -0.26388097
v 0.55356598 0.46676201 0.27566901
v -0.77499199 -0.47685799 0.26394776
v -0.55356598 0.46676201 -0.27566901
v 0.34065598 -0.46676201 0.27566901
v -0.17884400 -0.46676201 0.27566901
v -0.19587700 0.46676201 0.27566901
v 0.80170053 -0.44771415 -0.28009585
v -0.84118700 0.05961480 0.27628699
v -0.33214000 0.47685805 0.26394737
v 0.84185922 -0.47459352 0.00851640
v -0.62169701 -0.46676201 -0.27566901
v 0.82981706 -0.47743747 0.13172457
v 0.85105795 -0.09368040 -0.26639971
v 0.85306287 0.45688748 0.17884400
v -0.85102969 0.28104100 -0.26647139
v 0.84118700 -0.07664760 -0.27628699
v -0.75796002 -0.47527900 0.26587501
v 0.00851640 -0.46351033 -0.27763969
v -0.85311997 0.45687911 -0.17884400
v 0.19587700 -0.46339747 0.27767152
v 0.36620501 -0.47527900 0.26587501
v -0.77499199 0.46350545 -0.27764106
v -0.36620501 -0.46676201 -0.27566901
v 0.70686102 -0.46351033 -0.27763969
v 0.84118700 -0.17884400 0.27628699
v 0.84661537 -0.46678111 -0.07664760
v -0.82256341 0.10219672 -0.28039652
v -0.72389400 -0.47707954 -0.26395562
v -0.34065601 -0.46676201 0.27566901
v -0.07664760 0.46676201 -0.27566901
v -0.85102969 0.29807401 -0.26647139
v -0.83608818 -0.45152560 -0.27824450
v 0.84368002 -0.46876901 0.16181201
v -0.79202503 0.46325210 -0.27771252
v 0.22994301 -0.46351033 -0.27763969
v 0.85217410 -0.38323799 0.26563859
v 0.26400799 -0.47726935 0.26374769
v 0.84690982 0.05961480 0.27292973
v -0.84368002 0.46876901 0.04258200
v 0.25549200 0.46676201 0.27566901
v 0.84118700 -0.09368040 -0.27628699
v -0.12774600 0.46676201 0.27566901
v 0.43433601 -0.47709239 0.26382187
v 0.07664760 0.46676201 -0.27566901
v -0.07664760 0.47527900 0.26587501
v -0.82256442 0.32362336 0.28040260
v 0.84368002 -0.46876901 0.09368040
v 0.50246799 0.47683480 -0.26408026
v -0.65576297 -0.46351033 -0.27763969
v -0.63872999 -0.46676201 0.27566901
v 0.02554920 -0.47683480 -0.26408026
v 0.12774600 -0.46676201 0.27566901
v 0.85269254 -0.40027100 -0.26536596
v -0.19587700 0.47685805 0.26394737
v -0.33966479 0.44941026 -0.27992082
v -0.24697600 0.46351033 -0.27763969
v 0.85105795 -0.31510699 0.26639971
v -0.83832866 0.31510699 -0.27827886
v 0.05109921 0.43016884 -0.28037649
v -0.15329537 0.44687060 -0.28028923
v 0.83179998 -0.47751847 -0.22144240
v -0.84118700 0.22994301 0.27628699
v 0.84660757 -0.46678934 0.22994424
v 0.84118700 0.14477900 -0.27628699
v 0.76648015 0.44668785 0.28027791
v -0.85102969 -0.02554920 0.26647139
v 0.07664760 -0.46676201 -0.27566901
v 0.65576297 0.46676201 0.27566901
v -0.53653300 0.46676201 0.27566901
v -0.21291108 -0.47731674 0.26372218
v 0.62169701 0.47726935 0.26374769
v 0.84692234 -0.40027100 0.27292064
v 0.42685592 -0.44932133 0.27992964
v 0.84368002 0.46876901 -0.04258200
v 0.74092698 0.47527900 -0.26587501
v -0.84118700 -0.05961480 -0.27628699
v -0.83167690 0.47745654 0.05961480
v 0.77499199 0.47718829 0.26378280
v 0.84118700 0.34917200 -0.27628699
v 0.85320425 0.31519744 0.26497948
v -0.84118700 0.05961480 -0.27628699
v 0.70686102 0.46339750 0.27767152
v -0.48543501 -0.47726399 -0.26388097
v -0.38323799 -0.47389999 0.27073270
v 0.85105795 -0.22994301 -0.26639971
v -0.84368002 -0.46876901 -0.12774600
v -0.84368002 -0.46876901 -0.16181201
v 0.85299712 -0.38323799 -0.26525435
v 0.84231049 -0.47135851 -0.19587700
v -0.85299319 -0.34917200 -0.26532260
v 0.46840200 -0.47389999 0.27073270
v -0.84118700 0.19587700 0.27628699
v -0.85102969 -0.04258200 -0.26647139
v 0.84118700 -0.19587700 0.27628699
v -0.84118700 -0.04258200 0.27628699
v 0.51950002 -0.47390002 0.27073273
v 0.85245007 0.45815200 0.05961480
v -0.62169701 0.46339747 0.27767152
v 0.05961480 0.47527900 0.26587501
v -0.84231013 -0.47135875 0.16181201
v 0.84690982 -0.09368040 0.27292973
v -0.40027100 0.47527900 -0.26587501
v 0.85306293 0.11071300 0.26522917
v -0.50246799 -0.46676201 -0.27566901
v -0.85311997 0.45687911 -0.11071300
v -0.29807401 0.47685805 0.26394740
v 0.84659642 0.46680433 -0.17884400
v 0.11071300 -0.47726399 -0.26388097
v 0.83726633 -0.36620501 -0.27923617
v 0.83614612 -0.45152554 0.27823010
v -0.59614801 -0.45136899 0.27959001
v -0.84118700 0.24697600 -0.27628699
v 0.16181201 0.47726935 0.26374769
v 0.29807401 -0.47723180 -0.26389492
v -0.80905819 0.47728360 -0.25612471
v -0.84118700 0.17884400 0.27628699
v 0.34917197 0.47738811 0.25542420
v 0.65576297 0.47685805 0.26394737
v -0.46840200 -0.47726399 -0.26388097
v 0.84232920 0.47134304 -0.05961480
v -0.00851640 -0.47723851 0.26376149
v -0.36620501 0.47527900 -0.26587501
v 0.84882718 -0.43441221 0.27203164
v 0.48543501 -0.47726399 -0.26388097
v 0.84118700 0.26400799 0.27628699
v 0.21291000 0.46676201 0.27566901
v 0.85297966 -0.45651037 -0.25169468
v -0.07664760 0.46676201 0.27566901
v -0.82285643 -0.06821139 0.28041622
v -0.84176779 -0.47180206 0.22994424
v -0.85278451 0.45685217 0.25203067
v -0.85102969 0.04258200 -0.26647139
v -0.36620501 -0.47683480 -0.26408026
v -0.21291000 0.47723851 0.26376149
v -0.79202503 0.47708854 -0.26386189
v 0.84118700 -0.40027100 -0.27628699
v -0.43433601 -0.47726935 0.26374766
v 0.82769156 -0.47754848 -0.26096943
v 0.82084537 -0.38937214 0.28042984
v -0.85268474 0.24697600 -0.26543900
v 0.85269213 -0.11071300 0.26536989
v 0.85299712 -0.19587700 0.26525435
v -0.63120478 -0.44941026 -0.27992082
v 0.12026554 -0.44932133 0.27992964
v 0.84231013 -0.47135878 -0.02554920
v 0.84118700 0.22994301 -0.27628699
v -0.38323799 -0.47527900 -0.26587501
v -0.34917200 -0.47726935 0.26374766
v 0.04258200 -0.46676201 -0.27566901
v 0.76647621 -0.44691178 -0.28025791
v -0.34065601 0.46676201 -0.27566901
v 0.16181201 -0.46676201 -0.27566901
v 0.62169701 -0.47726935 0.26374766
v -0.82618028 0.47619480 0.26359278
v -0.84232920 0.47134304 -0.05961480
v 0.84689093 -0.46643659 -0.22994411
v -0.22994301 0.46676201 0.27566901
v 0.63021350 0.44686943 -0.28029585
v -0.85216051 0.02554920 -0.26571074
v -0.84368002 -0.46876901 -0.04258200
v 0.31510699 0.47527900 -0.26587501
v 0.85217410 0.28104100 -0.26563862
v 0.74092698 -0.47683480 -0.26408026
v -0.58763200 0.46676201 0.27566901
v -0.04258200 -0.47685805 0.26394740
v 0.84184808 0.47459799 0.21291000
v -0.85224485 0.43438280 -0.26529667
v 0.85217661 0.40027100 -0.26562548
v 0.72389400 -0.47527900 0.26587501
v -0.78367680 -0.44653055 0.28024042
v 0.07664760 0.46339750 0.27767152
v 0.68982798 -0.46676201 0.27566901
v -0.84231013 -0.47135878 -0.05961480
v -0.04258204 0.44188467 0.28036579
v -0.12774600 -0.46676201 0.27566901
v 0.21291000 0.47683480 -0.26408026
v -0.07664760 -0.47726399 -0.26388097
v 0.85105795 -0.21291000 -0.26639971
v -0.84677792 -0.19587700 -0.27302557
v 0.84118700 -0.29807401 -0.27628699
v -0.85268474 -0.22994301 -0.26543900
v -0.85307646 -0.45492488 0.19968118
v -0.85275871 -0.45704687 0.22994329
v 0.34065601 -0.44669104 0.28028685
v 0.41730401 -0.47683477 -0.26408026
v -0.84368002 0.46876901 -0.16181201
v 0.16181201 0.46676201 -0.27566901
v 0.09368040 -0.47723180 -0.26389492
v 0.84118700 -0.22994301 -0.27628699
v 0.33214000 -0.46676201 -0.27566901
v 0.83852214 -0.29807401 0.27822983
v -0.14477900 0.47685805 0.26394740
v 0.85245007 0.45815200 -0.09368040
v -0.24697600 0.47723851 0.26376149
v 0.85315776 0.45687294 0.00851640
v 0.31510699 -0.47726935 0.26374769
v -0.72389400 0.46676201 -0.27566901
v 0.62169701 -0.46339747 0.27767152
v 0.84118700 0.22994301 0.27628699
v 0.65576297 -0.46676201 -0.27566901
v -0.11071300 0.46339747 0.27767152
v 0.81841874 0.46691415 0.27597988
v -0.51950002 0.46676201 0.27566901
v -0.19587709 -0.47738677 -0.25540441
v 0.85217410 -0.24697600 -0.26563862
v -0.85102969 0.24697600 0.26647139
v -0.85311997 0.45687911 -0.05961480
v -0.53653300 0.47726935 0.26374766
v 0.53653300 0.47685805 0.26394740
v 0.84231013 -0.47135878 0.14477900
v 0.11071300 0.47527900 0.26587501
v -0.40027100 -0.46676201 -0.27566901
v -0.84659648 0.46680430 -0.04258200
v -0.85315949 -0.45681930 0.10219674
v -0.84118700 0.28104100 0.27628699
v -0.85305977 -0.24697600 -0.26529723
v 0.84118700 0.00851640 -0.27628699
v -0.51098400 0.46676201 -0.27566901
v 0.84118700 -0.11071300 -0.27628699
v 0.85105795 -0.07664760 -0.26639971
v 0.26400799 -0.46339750 0.27767152
v 0.24697600 0.46351033 -0.27763969
v 0.65576297 0.46676201 -0.27566901
v -0.48556674 0.47738501 0.25562671
v -0.85268474 0.19587700 0.26543900
v -0.14477900 -0.46676201 0.27566901
v 0.82225496 -0.28955749 -0.28040966
v -0.25549200 -0.46676201 -0.27566901
v -0.84871852 -0.28104100 0.27218321
v 0.09368040 0.46676201 -0.27566901
v -0.80905801 0.47527900 -0.26587501
v -0.07664760 -0.46351033 -0.27763969
v -0.27265695 0.44735205 -0.28019783
v -0.72389400 -0.46676201 -0.27566901
v 0.45136899 0.44669104 0.28028685
v -0.85216051 0.07664760 -0.26571074
v -0.74092799 0.47729033 0.26373494
v 0.84118700 -0.04258200 0.27628699
v -0.82779646 0.47765747 -0.26055035
v -0.85058564 -0.45150661 0.26445425
v 0.05961480 0.46351033 -0.27763969
v 0.84118700 0.24697600 0.27628699
v 0.57059902 -0.47726399 -0.26388097
v 0.14477900 -0.47726399 -0.26388097
v -0.82981128 0.47744596 0.12376597
v -0.72389400 0.46339750 0.27767152
v 0.85105795 0.26400799 -0.26639971
v 0.29807401 0.47527900 -0.26587501
v 0.84661537 -0.46678111 0.07664760
v -0.17884400 0.46351033 -0.27763969
v -0.85268474 0.36620501 -0.26543900
v -0.22994190 0.47731334 -0.26385516
v 0.82392251 0.44355506 -0.28035295
v 0.80906713 -0.47636613 -0.26851717
v -0.16181201 0.46676201 -0.27566901
v -0.05109840 -0.45136899 0.27959001
v 0.84118700 0.21291000 0.27628699
v -0.84118700 -0.14477900 0.27628699
v 0.84661537 -0.46678111 -0.17884400
v 0.43433601 0.46676201 0.27566901
v -0.57059902 0.47723851 0.26376149
v 0.21291000 -0.47527900 -0.26587501
v -0.65576297 0.46339750 0.27767152
v 0.50246799 -0.47726399 -0.26388097
v -0.84118700 0.14477900 0.27628699
v 0.85245007 0.45815200 0.10219675
v -0.67279601 -0.46676201 -0.27566901
v 0.84612423 0.45168856 -0.27237964
v 0.45150065 0.47738501 0.25562665
v 0.85105795 0.19587700 -0.26639971
v 0.84368002 -0.46876901 -0.00851640
v 0.85328919 0.06815004 0.25642222
v -0.16181201 -0.46676201 0.27566901
v -0.07664760 -0.46676201 0.27566901
v -0.84118700 0.36620501 0.27628699
v 0.14477900 0.47723851 0.26376149
v -0.84232920 0.47134304 0.07664760
v 0.84118700 0.19587700 -0.27628699
v 0.12774600 0.47685805 0.26394740
v 0.63872999 -0.47726399 -0.26388097
v 0.84690982 -0.07664760 0.27292973
v 0.85120267 0.43435997 -0.26597303
v -0.46840200 -0.46676201 -0.27566901
v -0.48543501 -0.47729024 0.26373798
v -0.82125324 -0.17252833 0.28040174
v 0.84690982 0.07664760 0.27292973
v 0.28104100 -0.47726935 0.26374766
v 0.85105795 0.00851640 0.26639971
v 0.32638037 0.44509897 0.28032953
v 0.84368002 0.46876901 -0.12774600
v 0.21291000 0.46676201 -0.27566901
v 0.74092698 -0.47685805 0.26394740
v 0.80906045 -0.47696546 0.26333186
v 0.83852214 -0.36620501 0.27822983
v 0.05961480 -0.47723851 0.26376149
v 0.40041077 -0.47738376 -0.25561902
v 0.22994301 0.46676201 -0.27566901
v -0.73241049 -0.46676201 0.27566901
v -0.84232002 -0.46790400 -0.26182899
v 0.00851640 0.46676201 0.27566901
v 0.50246799 0.46676201 -0.27566901
v 0.85217410 -0.34917200 -0.26563856
v 0.51950002 0.47683477 -0.26408026
v 0.82807857 0.47695515 0.26259920
v -0.85102969 0.05961480 0.26647139
v 0.84232920 0.47134304 0.04258200
v -0.85102969 -0.05961480 0.26647139
v -0.65576297 0.46351033 -0.27763969
v -0.82256436 -0.01703280 -0.28040260
v -0.84231013 -0.47135881 0.11071300
v 0.33214000 0.47685802 0.26394740
v -0.75796002 0.47368833 -0.27090332
v 0.82648957 0.47419131 -0.27018356
v -0.84118700 0.26400799 -0.27628699
v 0.84232920 0.47134304 0.11071300
v -0.02554916 0.47738677 -0.25540435
v -0.27252463 0.44669104 0.28028685
v 0.85306549 -0.45683366 0.18736033
v -0.85102969 0.07664760 0.26647139
v 0.85306287 0.45688745 -0.14477900
v 0.16181201 0.46339750 0.27767152
v -0.53653300 -0.47726399 -0.26388097
v -0.84368002 0.46876901 -0.17884400
v 0.00851640 0.47685805 0.26394740
v -0.83331096 0.47768834 0.25037500
v -0.57059902 -0.47709239 0.26382187
v 0.29247761 -0.44551709 0.28030330
v -0.17884400 0.47683480 -0.26408026
v -0.85104078 0.43435925 0.26638296
v -0.85267955 0.41730401 -0.26548719
v 0.82981747 -0.47744125 0.16579030
v -0.43433601 0.46339750 0.27767152
v 0.40027100 0.46676201 -0.27566901
v 0.84118700 0.17884400 -0.27628699
v -0.82613969 0.44463864 0.28016269
v 0.07664760 -0.46339750 0.27767152
v 0.83852214 -0.19587700 -0.27822983
v 0.84368002 0.46876901 -0.11071300
v 0.25549200 0.44669104 0.28028685
v 0.58763200 -0.47723851 0.26376149
v -0.85315776 0.45687294 -0.00851640
v -0.84232920 0.47134298 0.17884400
v 0.83980340 0.47533479 -0.24877565
v 0.51950002 -0.47726399 -0.26388097
v -0.84677792 0.33214000 -0.27302560
v -0.75796002 0.47685763 0.26779252
v -0.31510699 -0.47527900 -0.26587501
v -0.67279601 0.46676201 -0.27566901
v -0.49395138 -0.44669104 0.28028685
v 0.85334921 0.03392267 -0.24310803
v -0.83711088 0.43436098 -0.27863628
v -0.33214000 0.46339750 0.27767152
v -0.84118700 0.02554920 0.27628699
v 0.17884400 0.47683477 -0.26408026
v 0.84122294 -0.46697769 0.26744738
v 0.02554920 0.46676201 -0.27566901
v 0.82225496 0.10219672 0.28040966
v -0.85310513 0.16181201 0.26527911
v 0.85245007 0.45815200 0.12774600
v -0.84659648 0.46680430 0.02554920
v 0.79202503 -0.46321467 0.27772307
v 0.84368002 -0.46876901 -0.12774600
v 0.60466403 0.46676201 0.27566901
v -0.07664760 -0.47527900 0.26587501
v -0.84118700 -0.38323799 -0.27628699
v -0.84188932 0.47458148 -0.12774600
v 0.74092698 0.46339747 0.27767152
v 0.84118700 0.28104100 0.27628699
v -0.85245723 -0.45811707 -0.14477900
v -0.85268474 -0.14477900 0.26543900
v -0.74944335 0.44687197 -0.28028131
v 0.40027100 0.46676201 0.27566901
v -0.65576297 -0.47685805 0.26394737
v -0.76660925 0.44722885 0.28017068
v -0.05109841 -0.46676201 -0.27566901
v -0.05961480 0.47683480 -0.26408026
v 0.85334843 0.22142570 0.24300560
v 0.63872999 0.47726399 -0.26388097
v 0.85214102 0.45305899 0.26128438
v -0.84118700 0.21291000 0.27628699
v 0.77499199 -0.47685960 0.26778427
v -0.09368040 0.46676201 -0.27566901
v 0.84368002 0.46876901 0.00851640
v 0.29807401 0.46676201 0.27566901
v 0.85326254 0.10217165 -0.25645781
v -0.85311997 0.45687908 -0.09368040
v 0.84231013 -0.47135875 0.17884400
v -0.84118700 -0.31510699 -0.27628699
v -0.85216051 -0.09368040 0.26571074
v -0.28104100 -0.47683480 -0.26408026
v -0.14477900 -0.47527900 0.26587501
v 0.40878737 0.45136899 -0.27959001
v -0.84232920 0.47134304 -0.00851640
v 0.51950002 -0.46351033 -0.27763969
v 0.62169701 -0.46676201 -0.27566901
v 0.84118700 -0.24697600 -0.27628699
v 0.82636863 -0.47281057 0.27147403
v -0.26400799 0.47723851 0.26376149
v 0.84118700 0.12774600 0.27628699
v -0.83209062 0.46637475 0.27619013
v -0.51950002 0.47723180 -0.26389492
v 0.84888923 -0.17884400 -0.27198929
v -0.82256335 0.17032801 -0.28039652
v 0.04258200 0.47685805 0.26394740
v 0.79202396 -0.47719318 0.26370841
v 0.85269213 -0.24697600 0.26536989
v 0.63872999 -0.46339750 0.27767152
v -0.84188932 0.47458148 0.14477900
v -0.68982798 0.47723180 -0.26389492
v 0.79202503 -0.47708690 -0.26387909
v -0.84118700 0.12774600 0.27628699
v 0.12774600 0.46676201 -0.27566901
v -0.29807401 0.47728574 -0.26387116
v -0.82972652 -0.47750732 -0.21696624
v 0.84368002 -0.46876901 0.21291000
v -0.42582002 -0.46676201 0.27566901
v -0.24697600 0.47726399 -0.26388097
v 0.82986748 -0.46319464 -0.27753669
v -0.84659654 0.46680427 0.16181201
v 0.75796002 -0.47527900 -0.26587501
v 0.40027100 -0.47527900 -0.26587501
v 0.19587700 0.47527900 -0.26587501
v -0.84118700 -0.09368040 0.27628699
v 0.85289127 0.38323799 -0.26529178
v -0.85306293 0.45688584 -0.19587700
v -0.84232002 0.46790400 -0.26182899
v -0.51098400 -0.46676201 0.27566901
v 0.46840200 0.47683480 -0.26408026
v 0.70686102 0.47527900 -0.26587501
v 0.38323799 -0.46676201 0.27566901
v -0.72389400 0.47707954 -0.26395562
v 0.63021314 -0.43015257 0.28037760
v -0.45136899 -0.47726935 0.26374769
v 0.84368002 0.46876901 -0.00851640
v 0.13522652 0.44932133 0.27992964
v 0.62169701 -0.47726399 -0.26388097
v -0.00851640 -0.46676201 -0.27566901
v -0.84232002 0.46790400 0.26182899
v -0.85334790 -0.05100065 -0.24472408
v -0.85244983 0.45815352 0.22994329
v 0.46840200 0.46676201 0.27566901
v -0.17884400 0.46676201 0.27566901
v -0.84230959 -0.47135925 -0.19587700
v 0.16181201 -0.47726935 0.26374766
v 0.84118700 0.26400799 -0.27628699
v 0.00851640 -0.46676201 0.27566901
v -0.53653300 -0.46676201 -0.27566901
v -0.85225427 -0.43438318 0.26524711
v 0.07664760 0.47527900 0.26587501
v -0.04258200 0.46676201 -0.27566901
v -0.36620501 -0.47709239 0.26382187
v -0.26400799 -0.47685805 0.26394734
v -0.48543501 0.46676201 -0.27566901
v 0.37458321 -0.44718963 0.28020623
v -0.75796002 -0.46339750 0.27767152
v -0.75043464 -0.44941029 -0.27992082
v 0.84690982 0.38323799 0.27292973
v 0.53653300 -0.46676201 -0.27566901
v -0.60466403 0.46676201 -0.27566901
v -0.21291000 -0.46351033 -0.27763969
v -0.23570228 -0.44509891 0.28032956
v 0.34917200 -0.46351033 -0.27763969
v 0.17884400 0.47723851 0.26376149
v -0.85334301 0.27252480 0.07842187
v 0.84626818 0.46666634 0.24699178
v -0.80905998 0.47622994 0.26454839
v -0.17884400 0.47527900 0.26587501
v -0.84648710 0.45169729 0.27203590
v 0.85302472 -0.45501560 -0.05584085
v -0.85268474 0.19587700 -0.26543900
v -0.07664760 0.44784251 -0.28007129
v -0.50246799 -0.47726399 -0.26388097
v -0.85319084 0.45495203 0.14854378
v -0.83014113 0.47749233 -0.22619559
v -0.29807401 -0.46676201 -0.27566901
v -0.10219671 -0.44687060 -0.28028923
v 0.84188932 0.47458148 0.14477900
v -0.84368002 0.46876901 -0.19587700
v 0.19587700 0.46676201 0.27566901
v 0.36620501 -0.46676201 -0.27566901
v -0.84659648 0.46680430 0.12774600
v 0.11071300 -0.46676201 0.27566901
v 0.85089272 0.33214000 0.27123332
v -0.85064310 -0.45148626 -0.26373982
v 0.82980245 -0.47746873 0.20893998
v -0.43433601 -0.46676201 -0.27566901
v 0.60466403 -0.47726935 0.26374769
v -0.84118700 -0.34917200 -0.27628699
v -0.85320270 -0.31519872 -0.26504394
v 0.37472150 0.46676201 0.27566901
v 0.60466403 -0.47726399 -0.26388097
v -0.34917200 0.47683480 -0.26408026
v 0.85315776 0.45687297 -0.16181201
v 0.72389400 -0.47676322 -0.26818922
v -0.74092698 0.47368830 -0.27090329
v -0.31510693 0.44188586 0.28036562
v -0.27238634 -0.44718963 0.28020623
v 0.83719009 -0.43436098 -0.27861580
v 0.84118700 -0.21291000 0.27628699
v 0.57059902 0.47707954 -0.26395562
v -0.82981670 -0.47743428 0.01249494
v 0.02554920 -0.46676201 0.27566901
v 0.84118700 -0.05961480 -0.27628699
v -0.85317647 0.45495376 -0.02931400
v -0.68945330 0.44244805 0.28035417
v 0.73240995 -0.43015197 0.28037703
v 0.85269213 0.29807401 -0.26536989
v -0.12774600 -0.47685805 0.26394740
v -0.29807401 0.46676201 -0.27566901
v -0.85268474 0.00851640 -0.26543900
v 0.45136899 -0.47389999 0.27073270
v -0.84118700 0.09368040 0.27628699
v 0.74092698 0.46676201 -0.27566901
v 0.34917200 0.46676201 -0.27566901
v 0.12774600 -0.47726399 -0.26388097
v -0.85312206 -0.45682546 0.17884400
v 0.70686209 0.47730538 0.26372766
v 0.07664760 -0.47683480 -0.26408026
v -0.85268474 -0.19587700 0.26543900
v -0.84188932 0.47458148 -0.07664760
v 0.85105795 0.12774600 -0.26639971
v -0.84007555 -0.45626485 0.27584362
v -0.84680563 0.40027100 0.27300543
v -0.68982798 -0.46351033 -0.27763969
v 0.84118700 -0.00851640 0.27628699
v 0.85296845 -0.45687506 -0.14477900
v 0.84118700 -0.22994301 0.27628699
v 0.84888923 -0.16181201 0.27198929
v 0.84118700 -0.28104100 -0.27628699
v 0.84232962 0.47134265 0.19587700
v 0.84232920 0.47134301 0.09368040
v -0.85078883 0.31510699 0.27147195
v -0.70686102 -0.47685763 0.26779255
v 0.00851640 -0.47723180 -0.26389492
v 0.84118700 0.43433601 -0.27628699
v 0.62169701 0.47707954 -0.26395562
v -0.75796002 -0.47368830 -0.27090329
v -0.35768861 -0.45136899 -0.27959001
v 0.26400799 -0.46676201 -0.27566901
v 0.84118700 -0.02554920 -0.27628699
v 0.22994301 0.46676201 0.27566901
v -0.84368002 0.46876901 0.09368040
v -0.22994301 0.46351033 -0.27763969
v -0.28104100 0.46676201 0.27566901
v -0.60466403 0.47527900 0.26587501
v 0.29807401 -0.47726935 0.26374766
v -0.85276264 -0.45700994 -0.00851640
v -0.84231013 -0.47135878 -0.09368040
v -0.62169701 -0.46676201 0.27566901
v 0.24697600 -0.47723180 -0.26389492
v 0.12774600 0.47726399 -0.26388097
v 0.83852214 -0.38323799 -0.27822983
v 0.84118700 -0.33214000 0.27628699
v -0.28104100 -0.47527900 0.26587501
v 0.83852214 -0.16181201 -0.27822986
v 0.74092698 -0.46339750 0.27767152
v 0.84690982 -0.26400799 0.27292976
v -0.48543501 -0.46676201 -0.27566901
v -0.83705384 0.40027100 -0.27926764
v 0.32362339 0.46676201 0.27566901
v 0.05961480 -0.47527900 -0.26587501
v 0.04258200 0.46676201 0.27566901
v -0.84368002 -0.46876901 0.00851640
v -0.85102969 0.04258200 0.26647139
v -0.40027100 0.46339750 0.27767152
v -0.55356598 -0.47726399 -0.26388097
v 0.74092698 0.47723851 0.26376149
v 0.53653300 0.46676201 0.27566901
v -0.65576297 0.47726935 0.26374769
v 0.85311997 0.45687911 -0.02554920
v -0.67279601 -0.47726399 -0.26388097
v -0.02554920 -0.46351033 -0.27763969
v -0.84118700 -0.29807401 -0.27628699
v -0.82256436 0.22994301 -0.28040260
v -0.57059902 -0.47728574 -0.26387119
v -0.74092698 0.46339750 0.27767152
v 0.85217410 -0.00851640 0.26563856
v 0.55356598 -0.46676201 0.27566901
v -0.85102969 -0.09368040 -0.26647139
v 0.11071300 0.46676201 -0.27566901
v -0.84232920 0.47134304 -0.14477900
v -0.83168167 -0.47745642 -0.12774600
v 0.78316534 0.46676201 0.27566901
v -0.41730401 0.46676201 0.27566901
v 0.24697600 0.47723851 0.26376149
v -0.40027100 0.46676201 -0.27566901
v 0.17884400 -0.46676201 -0.27566901
v 0.75796002 0.47718829 0.26378280
v 0.07664760 -0.47729024 0.26373798
v 0.83712482 0.45574641 0.27773598
v -0.09368040 0.44687536 -0.28025931
v -0.19587700 -0.46351033 -0.27763969
v -0.38323799 -0.46676201 -0.27566901
v 0.80906242 -0.46290684 0.27781072
v 0.85269213 0.26400799 0.26536989
v -0.59515679 -0.44941026 -0.27992082
v 0.84949690 0.46621910 -0.22994663
v 0.82086712 -0.13389525 0.28041241
v -0.41730401 -0.47709239 0.26382187
v 0.04258200 0.47527900 -0.26587501
v -0.85102969 -0.11071300 -0.26647139
v 0.63872999 0.47723851 0.26376149
v 0.51950002 0.46676201 0.27566901
v -0.85319084 0.45495194 0.11447790
v -0.04258200 0.47685805 0.26394740
v -0.45889422 -0.44941026 -0.27992082
v -0.12774600 0.46676201 -0.27566901
v -0.84368002 -0.46876901 -0.02554920
v -0.85315949 -0.45681930 0.05961480
v -0.84677792 0.34917200 0.27302560
v -0.58763200 -0.47728574 -0.26387116
v 0.33214000 -0.47527900 -0.26587501
v 0.53653300 -0.47389999 0.27073270
v 0.84368002 -0.46876901 0.05961480
v 0.26400799 0.47723180 -0.26389492
v -0.84231013 -0.47135878 0.02554920
v -0.85078889 -0.22994301 0.27147192
v -0.82609099 0.11922956 0.28020900
v -0.28104100 0.47726399 -0.26388097
v 0.17884400 0.46676201 0.27566901
v -0.71438622 -0.44941026 -0.27992082
v 0.83192641 0.47761458 0.23870429
v 0.82225561 -0.17032799 0.28041455
v -0.85245723 -0.45811707 -0.12774600
v 0.85328859 0.39144623 0.25611836
v 0.80906236 0.46363300 -0.27760628
v -0.45136899 0.46339747 0.27767152
v 0.46840200 0.46676201 -0.27566901
v 0.62169701 0.46676201 0.27566901
v 0.84118700 0.02554920 -0.27628699
v -0.84368002 0.46876901 0.19587700
v -0.84223378 -0.47142154 -0.22994436
v 0.85105795 -0.02554920 0.26639971
v -0.85273677 -0.45818189 0.24964193
v 0.05961480 -0.46351033 -0.27763969
v -0.82141775 0.39380038 0.28042939
v -0.84118700 -0.29807401 0.27628699
v 0.84232914 0.47134307 0.17884400
v 0.85217410 0.16181201 -0.26563856
v -0.36620501 0.47726935 0.26374766
v 0.36620501 -0.46676201 0.27566901
v -0.85315949 -0.45681930 0.04258200
v 0.40027100 0.47683480 -0.26408026
v 0.84118700 0.07664760 -0.27628699
v -0.84677792 0.33214000 0.27302557
v 0.24697600 0.47726399 -0.26388097
v -0.55356598 0.46676201 0.27566901
v -0.21291000 -0.47683480 -0.26408026
v -0.60466403 -0.47389999 0.27073267
v -0.84368002 -0.46876901 0.14477900
v -0.84118700 0.29807401 -0.27628699
v -0.63872999 0.46676201 0.27566901
v 0.28955752 0.44669104 0.28028685
v -0.84677792 -0.02554920 -0.27302557
v -0.84677792 0.17884400 -0.27302557
v 0.84118700 0.34917200 0.27628699
v -0.16181201 0.47527900 0.26587501
v -0.85268474 -0.38323799 -0.26543900
v 0.77499199 -0.47683492 -0.26407951
v 0.28104100 0.47683480 -0.26408026
v -0.45136899 -0.46676201 -0.27566901
v -0.31510699 0.46676201 -0.27566901
v 0.41730401 -0.46676201 -0.27566901
v 0.19587809 -0.47731674 0.26372215
v -0.82256335 -0.27252460 -0.28039652
v 0.31510699 0.46676201 -0.27566901
v -0.67279601 0.47726935 0.26374766
v -0.17884400 -0.47723851 0.26376149
v 0.85105795 0.14477900 -0.26639971
v -0.83832866 0.04258200 -0.27827886
v -0.82997078 -0.47750038 0.21685472
v -0.09368040 -0.46676201 -0.27566901
v 0.85217410 0.04258200 0.26563856
v -0.45136899 0.47685805 0.26394737
v 0.83858138 0.41730401 -0.27821484
v -0.85288715 0.40027100 -0.26534754
v -0.36620501 0.46351033 -0.27763969
v -0.84368002 -0.46876901 -0.11071300
v -0.85079032 -0.40027100 -0.27146852
v -0.79202503 -0.47625858 -0.26877108
v 0.85217410 -0.11071300 -0.26563856
v -0.84118700 0.21291000 -0.27628699
v -0.83621478 -0.38029334 0.27887195
v 0.82981253 0.47745895 0.08062760
v 0.34917200 0.47723180 -0.26389492
v -0.85102969 0.05961480 -0.26647139
v -0.84667021 -0.41730401 -0.27310383
v 0.80906034 0.47692025 0.26359653
v -0.18736061 -0.44669104 0.28028685
v 0.85217410 -0.05961480 -0.26563859
v 0.69820637 -0.44718963 0.28020623
v 0.84661537 -0.46678111 -0.04258200
v 0.60466403 0.47726935 0.26374766
v 0.29807401 0.46676201 -0.27566901
v 0.38323799 0.46676201 -0.27566901
v -0.85275680 0.45706582 0.21291000
v -0.82632887 -0.47238064 0.27129298
v 0.17032801 -0.44687200 -0.28028131
v 0.85334802 -0.43206224 0.11071325
v 0.57059902 -0.46351033 -0.27763969
v -0.84166080 0.47467199 0.22994733
v 0.28104100 0.46676201 -0.27566901
v 0.42581999 -0.46676201 0.27566901
v 0.85306293 0.36620501 -0.26522917
v 0.34917200 0.46339750 0.27767152
v 0.84232920 0.47134304 -0.07664760
v -0.85216051 0.26400799 -0.26571074
v -0.84232920 0.47134301 -0.09368040
v 0.29807401 0.47726935 0.26374769
v 0.55356598 -0.47726399 -0.26388097
v 0.55356598 -0.47527900 0.26587501
v -0.46840200 0.46351033 -0.27763969
v -0.84368002 -0.46876901 0.05961480
v 0.34917200 -0.47685802 0.26394740
v 0.79202503 0.47710130 0.26372924
v -0.84364098 0.46871600 0.24697600
v -0.28104100 0.47723851 0.26376149
v 0.31510699 -0.46339750 0.27767152
v -0.68982798 -0.47726399 -0.26388097
v -0.25549880 -0.44691044 -0.28027031
v -0.19587700 -0.47527900 -0.26587501
v -0.84118700 0.07664760 0.27628699
v -0.85245723 -0.45811707 -0.07664760
v -0.62169701 -0.47685805 0.26394740
v 0.84888923 -0.12774600 0.27198935
v 0.85279047 0.45681202 -0.25207254
v -0.84871858 -0.31510699 0.27218315
v 0.84232002 0.46790400 0.26182899
v 0.74092698 -0.46351033 -0.27763969
v 0.84118700 -0.26400799 -0.27628699
v 0.75796002 0.46676201 0.27566901
v 0.84118700 0.28104100 -0.27628699
v 0.67279601 0.46339750 0.27767152
v 0.09368040 0.46676201 0.27566901
v -0.00851640 0.46676201 0.27566901
v -0.38323799 0.47726935 0.26374766
v -0.11922955 0.44686943 -0.28029585
v 0.85245723 -0.45811707 0.11071300
v -0.85311997 0.45687911 -0.07664760
v 0.84368002 0.46876901 0.12774600
v -0.63872999 -0.47527900 0.26587501
v 0.77499199 0.47717947 -0.26391676
v -0.07664760 0.47527900 -0.26587501
v -0.68982798 -0.47685763 0.26779252
v 0.04258200 -0.47685805 0.26394740
v -0.83832866 0.28104100 -0.27827886
v -0.83832866 0.36620501 -0.27827886
v -0.77499199 0.47642308 0.26840508
v -0.85268474 0.14477900 -0.26543900
v 0.84623778 -0.45162717 -0.27159065
v -0.80906159 0.46203634 -0.27806330
v 0.82038051 -0.40648171 -0.28044716
v 0.26400799 0.46676201 -0.27566901
v 0.84118700 -0.00851640 -0.27628699
v -0.85078883 -0.33214000 0.27147195
v -0.29807401 0.46339750 0.27767152
v 0.45136899 0.46676201 -0.27566901
v 0.40027100 0.47685805 0.26394737
v 0.84118700 0.17884400 0.27628699
v -0.85315776 0.45687291 -0.16181201
v 0.56523663 -0.20313194 -0.28036699
v -0.84677792 -0.16181201 0.27302560
v -0.85078889 -0.28104100 -0.27147192
v 0.12774600 -0.46676201 -0.27566901
v 0.82225496 0.07664760 0.28040966
v -0.85102671 0.41730401 0.26647890
v 0.45974720 -0.44718963 0.28020623
v -0.30659050 -0.45136899 0.27959001
v 0.19587700 -0.46351033 -0.27763969
v -0.84368002 -0.46876901 -0.17884400
v -0.11071300 0.47723851 0.26376149
v -0.84118700 -0.11071300 0.27628699
v 0.85306293 0.34917200 0.26522914
v 0.68982798 -0.47726399 -0.26388097
v -0.04258200 -0.46676201 0.27566901
v -0.85102969 -0.14477900 -0.26647139
v -0.75795972 -0.47738481 0.25542518
v -0.14477900 0.47527900 -0.26587501
v 0.85269213 -0.00851640 -0.26536989
v -0.31510699 0.47527900 0.26587501
v 0.22994301 -0.47685763 0.26779255
v -0.33214000 -0.47723851 0.26376149
v 0.84118700 0.02554920 0.27628699
v 0.84368002 0.46876901 0.07664760
v -0.11071300 -0.46676201 0.27566901
v 0.68982798 -0.47685802 0.26394740
v 0.84231013 -0.47135878 -0.05961480
v 0.21291000 -0.47685763 0.26779252
v 0.19587700 -0.47527900 -0.26587501
v -0.81692761 -0.44926199 0.28007370
v 0.60466403 0.47368833 -0.27090332
v 0.02554920 0.47527900 0.26587501
v 0.08529629 0.44735205 -0.28019783
v -0.85316861 -0.34926376 0.26505917
v 0.36620501 -0.47527900 -0.26587501
v -0.12774600 0.47683480 -0.26408026
v -0.82125324 0.34285629 -0.28040174
v 0.61318064 0.44668967 0.28029427
v 0.84118700 -0.04258200 -0.27628699
v -0.85011858 -0.46468386 -0.24850592
v 0.57911539 0.44669104 0.28028685
v 0.24697492 -0.47733277 0.26371419
v -0.83685744 0.38323799 -0.27961013
v -0.70686102 -0.46676201 -0.27566901
v -0.84118700 -0.34917200 0.27628699
v -0.63873005 -0.47738671 0.25542468
v 0.85274875 -0.45591238 0.08975602
v 0.53653300 0.47527900 -0.26587501
v 0.84368002 0.46876901 -0.09368040
v -0.05961480 0.46676201 -0.27566901
v 0.84118700 0.29807401 -0.27628699
v 0.48543501 0.46676201 -0.27566901
v 0.84364098 -0.46871600 0.24697600
v -0.80906034 -0.47690943 0.26365829
v 0.05961480 -0.46676201 0.27566901
v -0.82285643 0.08508378 0.28041622
v 0.83852214 -0.31510699 -0.27822983
v -0.02554920 0.46676201 -0.27566901
v 0.84231013 -0.47135878 0.04258200
v 0.85306293 0.45688614 0.19587700
v -0.84232920 0.47134301 0.11071300
v -0.29807401 -0.47527900 0.26587501
v 0.85275674 0.45706639 -0.05961480
v 0.28104100 -0.46351033 -0.27763969
v 0.83852214 -0.34917200 -0.27822983
v -0.85319084 0.45495197 0.03881719
v -0.85102969 -0.29807401 0.26647139
v 0.41730401 0.47683480 -0.26408026
v 0.84368002 0.46876901 0.05961480
v 0.85306293 0.12774600 0.26522917
v -0.84118700 -0.12774600 -0.27628699
v -0.14477900 -0.47368830 -0.27090329
v -0.58763200 -0.47390002 0.27073273
v -0.55356598 -0.46676201 -0.27566901
v -0.34917200 -0.46676201 -0.27566901
v -0.84118700 0.00851640 0.27628699
v -0.84677792 -0.17884400 0.27302557
v 0.63872999 0.46676201 0.27566901
v -0.22994301 -0.46351033 -0.27763969
v -0.48543501 0.46339750 0.27767152
v 0.14477900 -0.46339750 0.27767152
v 0.43433601 0.47527900 -0.26587501
v 0.59600973 -0.44718963 0.28020623
v 0.84690982 -0.14477900 0.27292973
v 0.84232920 0.47134304 0.02554920
v 0.80180091 0.44753689 0.28010964
v -0.00851640 0.47527900 0.26587501
v 0.85109442 0.43435967 0.26627043
v 0.70686209 -0.47728583 -0.26386809
v 0.48543501 0.47685805 0.26394737
v -0.36620504 0.44188473 0.28036579
v -0.84118700 -0.04258200 -0.27628699
v 0.46840200 -0.47728574 -0.26387116
v -0.83832866 0.00851640 -0.27827886
v -0.84231013 -0.47135878 0.09368040
v -0.09368040 0.46676201 0.27566901
v 0.85296381 0.45694384 0.21291000
v -0.84368002 -0.46876901 -0.07664760
v 0.68982798 0.46339750 0.27767152
v 0.84231013 -0.47135878 0.11071300
v -0.85245723 -0.45811698 -0.19587700
v 0.84118700 0.09368040 0.27628699
v -0.51950002 0.47723851 0.26376149
v -0.46840200 -0.47729024 0.26373798
v -0.84118700 -0.40027100 0.27628699
v -0.40027100 0.47726935 0.26374769
v 0.48543501 0.46676201 0.27566901
v -0.53653300 0.46676201 -0.27566901
v 0.36620501 0.47683480 -0.26408026
v 0.53653300 -0.47726399 -0.26388097
v -0.34079427 -0.44718963 0.28020623
v 0.66441762 -0.44718963 0.28020623
v -0.84118700 0.07664760 -0.27628699
v 0.38323799 0.47723851 0.26376149
v 0.00851640 -0.47685805 0.26394740
v -0.16181201 -0.47368830 -0.27090329
v -0.82256436 0.28955752 0.28040260
v 0.84118700 0.21291000 -0.27628699
v -0.00851640 -0.44669446 0.28026628
v 0.58763200 0.46676201 0.27566901
v 0.84118700 0.36620501 -0.27628699
v -0.83832866 -0.19587700 0.27827886
v 0.50246799 -0.46339750 0.27767152
v -0.26400799 -0.47723180 -0.26389492
v 0.85089278 0.33214000 -0.27123329
v -0.85299325 0.38323799 -0.26532257
v -0.20157495 0.44572121 -0.28029719
v -0.05961480 0.46339750 0.27767152
v -0.04258200 0.47683480 -0.26408026
v -0.57059902 -0.46676201 0.27566901
v 0.84118700 0.31510699 0.27628699
v 0.09368040 -0.46339747 0.27767152
v 0.85105795 -0.33214000 -0.26639971
v -0.84951568 -0.46618146 -0.21291000
v 0.84691769 0.40027100 0.27292401
v 0.79202503 0.46676201 -0.27566901
v 0.84666824 -0.46671617 -0.21291000
v -0.34917200 0.46339750 0.27767152
v 0.09368040 -0.47726935 0.26374766
v 0.85269213 0.17884400 0.26536989
v -0.85335058 -0.43255872 -0.19612996
v 0.67279601 0.47527900 0.26587501
v 0.17884400 -0.47683480 -0.26408026
v 0.67279601 -0.46676201 0.27566901
v -0.38323799 0.47683480 -0.26408026
v 0.84118700 0.04258200 0.27628699
v -0.84118700 0.19587700 -0.27628699
v -0.62169701 0.46351033 -0.27763969
v -0.36620501 0.46676201 0.27566901
v -0.84118700 0.02554920 -0.27628699
v 0.22994301 0.47723180 -0.26389492
v 0.36620501 0.46676201 -0.27566901
v -0.85305977 0.29807401 0.26529726
v -0.00851640 -0.46676201 0.27566901
v -0.83806813 0.41730401 -0.27834484
v 0.28104100 -0.47726399 -0.26388097
v 0.68982798 0.47685805 0.26394734
v 0.56208247 -0.44668847 0.28030044
v 0.08615524 -0.44941026 -0.27992082
v 0.50246799 0.46676201 0.27566901
v -0.85331225 0.34037536 0.25598362
v 0.85107833 0.41730401 -0.26634797
v -0.84118700 -0.00851640 0.27628699
v -0.57059902 0.46676201 0.27566901
v 0.85306293 0.29807401 0.26522917
v -0.31510699 -0.46676201 -0.27566901
v 0.17136393 -0.44932133 0.27992964
v 0.17884400 0.46676201 -0.27566901
v -0.72389293 -0.47731674 0.26372215
v 0.63872999 0.46676201 -0.27566901
v 0.84690982 0.11071300 -0.27292973
v -0.77499199 0.47707966 -0.26395458
v -0.57059902 -0.46676201 -0.27566901
v 0.84690982 -0.28104100 0.27292973
v -0.05961480 0.47527900 0.26587501
v -0.84368002 0.46876901 0.05961480
v -0.85245723 -0.45811707 -0.02554920
v -0.24697600 -0.47723851 0.26376149
v 0.85105795 -0.04258200 0.26639971
v -0.85102969 -0.12774600 -0.26647139
v -0.79635662 0.47739118 0.25217944
v -0.60466403 0.46339750 0.27767152
v -0.34917200 -0.47723180 -0.26389492
v 0.28104100 0.46676201 0.27566901
v -0.84118700 0.04258200 0.27628699
v -0.83719277 -0.43436098 0.27861512
v -0.50246799 -0.47729024 0.26373801
v -0.77499199 -0.47625148 -0.26878694
v 0.85275674 0.45706639 0.04258200
v 0.85217410 0.05961480 -0.26563856
v 0.77563024 -0.44217455 0.28035653
v -0.84118700 -0.22994301 -0.27628699
v -0.63873005 0.44213462 -0.28036326
v -0.83168048 0.47747207 -0.19587700
v 0.84231013 -0.47135878 -0.09368040
v -0.85102969 -0.16181201 -0.26647139
v -0.84611762 0.45162243 -0.27169156
v -0.85102969 -0.07664760 -0.26647139
v 0.85105795 -0.36620501 0.26639971
v -0.67279601 0.46339750 0.27767152
v -0.82256341 -0.30659050 -0.28039652
v 0.14477900 -0.46676201 -0.27566901
v -0.85102969 -0.05961480 -0.26647139
v -0.85078883 -0.36620501 0.27147195
v 0.02554920 -0.46676201 -0.27566901
v -0.80059946 -0.46676761 0.27567962
v 0.45136899 0.46676201 0.27566901
v -0.85296446 0.45693406 -0.21291000
v 0.67279601 0.47738746 0.25542450
v 0.00851640 0.46676201 -0.27566901
v -0.25549200 -0.46676201 0.27566901
v 0.04258200 -0.47527900 -0.26587501
v 0.84118700 -0.02554920 0.27628699
v -0.82981634 -0.47743157 0.05563627
v 0.51950002 0.47527900 0.26587501
v -0.31510699 0.47726399 -0.26388097
v -0.84231013 -0.47135878 0.04258200
v -0.85245723 -0.45811707 -0.09368040
v 0.83852214 -0.34917200 0.27822986
v 0.62169701 0.46676201 -0.27566901
v 0.82225496 -0.05109840 0.28040966
v -0.85102969 0.22994301 0.26647139
v -0.68374527 -0.30659035 0.28036699
v 0.85245723 -0.45811707 0.00851640
v -0.19587700 -0.46676201 0.27566901
v -0.44285265 0.46676201 -0.27566901
v 0.67279601 -0.47527900 0.26587501
v 0.82225496 0.13626251 0.28040966
v -0.80093944 0.44647458 0.28023228
v -0.84118700 0.14477900 -0.27628699
v 0.57059902 0.47726935 0.26374766
v -0.14477900 0.46676201 0.27566901
v 0.85226357 -0.43438259 -0.26519826
v -0.85277796 -0.45684355 -0.22994328
v 0.68982798 0.44687200 -0.28028131
v -0.55356598 -0.46676201 0.27566901
v -0.21291000 0.46676201 0.27566901
v -0.45136899 0.47726399 -0.26388097
v -0.83014995 0.46301442 -0.27755049
v 0.57059902 0.46676201 0.27566901
v 0.50246799 -0.47709239 0.26382187
v -0.84118700 -0.16181201 -0.27628699
v -0.74954480 -0.47738004 -0.25572097
v -0.55356598 0.47726935 0.26374769
v -0.31510699 -0.47685805 0.26394737
v -0.66427934 -0.43015283 0.28037822
v -0.02554920 -0.47726399 -0.26388097
v -0.19587700 0.47676322 -0.26818922
v -0.68982798 0.46676201 0.27566901
v 0.85055143 -0.45148373 0.26397195
v 0.84118700 -0.05961480 0.27628699
v -0.85216045 -0.17884400 -0.26571077
v -0.52801663 0.44687200 -0.28028131
v -0.83832866 -0.11071300 -0.27827886
v -0.22994301 -0.47723180 -0.26389492
v -0.85305977 0.11071300 -0.26529723
v -0.84118700 0.16181201 0.27628699
v 0.77499199 0.46676201 -0.27566901
v 0.84231013 -0.47135881 -0.11071300
v 0.55356598 -0.46351033 -0.27763969
v 0.84108162 -0.47612152 0.02554920
v -0.40027100 -0.47527900 -0.26587501
v -0.84118700 0.12774600 -0.27628699
v -0.85315949 -0.45681930 0.14477900
v 0.83724809 0.43436098 0.27860081
v 0.83151436 -0.47785613 0.25220463
v 0.04258200 0.46351033 -0.27763969
v -0.53194016 0.47739801 0.07186313
v 0.82225496 0.19587700 0.28040966
v -0.28104100 -0.46676201 -0.27566901
v 0.75796002 0.46676201 -0.27566901
v 0.84118700 -0.33214000 -0.27628699
v 0.40027100 -0.46339750 0.27767152
v 0.46840200 -0.46351033 -0.27763969
v -0.25549200 0.46676201 0.27566901
v 0.75796002 -0.47723851 0.26376149
v 0.80906045 0.47695842 -0.26337183
v 0.72389400 0.46676201 -0.27566901
v 0.11071300 0.47726399 -0.26388097
v -0.84970301 -0.04258200 0.26777700
v 0.85322362 -0.40887189 0.25622725
v 0.75796002 -0.46676201 -0.27566901
v 0.43433601 -0.47723180 -0.26389492
v 0.85296839 -0.45687532 -0.19587700
v 0.82915294 0.47743958 0.12442873
v 0.85310775 0.14477900 0.26521119
v -0.82935494 -0.47800088 -0.25813514
v -0.56208247 0.44687200 -0.28028131
v 0.24697600 -0.46676201 -0.27566901
v 0.85275674 0.45706636 0.16181201
v -0.12774600 -0.47707954 -0.26395562
v 0.21291001 -0.44213718 -0.28036183
v 0.31510699 -0.47683480 -0.26408026
v 0.85105795 0.22994301 0.26639971
v 0.22994301 -0.47683480 -0.26408026
v 0.84232002 -0.46790400 -0.26182899
v -0.48543501 0.47726399 -0.26388097
v -0.17884400 -0.47683477 -0.26408026
v 0.57059902 -0.46676201 0.27566901
v 0.82190830 0.47739318 0.18733609
v -0.85268474 0.36620501 0.26543900
v -0.82980663 0.47748178 0.19987400
v 0.04258200 -0.46339750 0.27767152
v -0.16181201 0.47527900 -0.26587501
v 0.84188932 0.47458145 0.16181201
v -0.84118700 0.22994301 -0.27628699
v 0.85315949 -0.45681930 -0.12774600
v 0.00851640 0.47683480 -0.26408026
v -0.84118700 -0.24697600 -0.27628699
v -0.73516750 -0.44509977 0.28032684
v 0.34917200 0.47527900 0.26587501
v 0.75796002 0.47683480 -0.26408026
v -0.78351021 -0.44659337 -0.28025606
v -0.50246799 0.46676201 0.27566901
v 0.84118700 -0.38323799 0.27628699
v -0.09368040 -0.47685805 0.26394740
v -0.84118700 0.26400799 0.27628699
v 0.78331518 -0.46676201 -0.27566901
v 0.05961480 0.47683480 -0.26408026
v -0.85216045 0.26400799 0.26571077
v 0.02554920 0.47527900 -0.26587501
v 0.36620501 0.47685805 0.26394740
v -0.00851640 0.47683480 -0.26408026
v 0.45136899 0.47683480 -0.26408026
v -0.32362336 -0.45136899 -0.27959001
v -0.84231013 -0.47135884 0.17884400
v -0.41730401 0.47683477 -0.26408026
v -0.85318750 -0.21300174 0.26505080
v -0.39175451 -0.47738215 0.25581989
v -0.53653300 -0.47726935 0.26374769
v 0.40027100 -0.46676201 -0.27566901
v -0.85268474 0.09368040 -0.26543900
v -0.85305977 0.12774600 -0.26529726
v -0.85315949 -0.45681930 0.02554920
v 0.40027100 -0.47723851 0.26376149
v -0.01703280 0.45136899 -0.27959001
v 0.48543501 0.47527900 -0.26587501
v 0.60466403 0.44687200 -0.28028131
v 0.85275680 0.45706552 -0.21291000
v 0.82225496 0.32362336 -0.28040966
v 0.82981795 -0.47744587 0.09765887
v -0.27252463 0.46676201 -0.27566901
v -0.85299325 -0.38323799 0.26532257
v -0.85334957 0.28941259 -0.24306320
v 0.53653312 -0.44213665 -0.28036219
v -0.40041089 -0.47738612 -0.25561839
v 0.85217410 -0.19587700 -0.26563856
v 0.59614801 0.47738308 -0.25582334
v -0.85318875 -0.04258200 0.25642195
v 0.85310966 0.45498297 -0.19211039
v 0.85245007 0.45815200 0.14477900
v 0.83167690 0.47745654 -0.12774600
v -0.85318750 -0.26409975 -0.26505080
v 0.68982798 -0.46676201 -0.27566901
v 0.84124273 -0.47178954 -0.24699222
v -0.29807401 -0.47527900 -0.26587501
v 0.29807401 -0.46351033 -0.27763969
v 0.85269213 -0.36620501 -0.26536989
v -0.17884400 -0.46189326 -0.27874160
v -0.84677792 -0.21291000 -0.27302557
v 0.82225496 -0.08516397 0.28040966
v -0.28104100 -0.46676201 0.27566901
v -0.82981968 -0.47745156 0.19189958
v -0.40027100 -0.47389999 0.27073270
v 0.11071300 0.46676201 0.27566901
v -0.79202503 -0.47710016 0.26374096
v 0.38323799 0.47527900 -0.26587501
v -0.33214000 0.47723180 -0.26389492
v 0.38323799 -0.46676201 -0.27566901
v 0.57059902 0.46676201 -0.27566901
v -0.12774600 -0.46351033 -0.27763969
v -0.59614801 -0.46676201 -0.27566901
v -0.70686102 -0.47726399 -0.26388097
v 0.84232920 0.47134304 -0.14477900
v 0.82225561 0.37472150 0.28041455
v 0.85276264 -0.45700994 0.14477900
v -0.02554920 -0.46676201 0.27566901
v -0.84118700 -0.07664760 -0.27628699
v 0.85342926 0.42123604 0.25304604
v -0.60466403 0.47707954 -0.26395562
v -0.85305977 0.22994301 -0.26529726
v -0.82981032 0.47743753 -0.15783180
v -0.83832866 -0.14477900 -0.27827886
v -0.85327458 -0.42619860 -0.25526026
v 0.55356598 0.46351033 -0.27763969
v -0.85305977 -0.12774600 0.26529726
v -0.85268509 -0.41730401 0.26543549
v -0.80906242 -0.46327433 -0.27770725
v 0.85324550 -0.44817555 -0.17030461
v 0.65576297 -0.47726399 -0.26388097
v 0.82981110 0.47745168 -0.18282467
v 0.22142652 0.44668967 0.28029427
v -0.80905801 0.46676201 0.27566901
v -0.49494267 -0.44941029 -0.27992082
v -0.16181201 0.46676201 0.27566901
v -0.84368002 -0.46876901 0.12774600
v 0.48543501 -0.47709239 0.26382187
v 0.31510699 -0.46351033 -0.27763969
v -0.43433601 0.47723180 -0.26389492
v -0.46840200 0.47527900 0.26587501
v -0.84677792 -0.00851640 -0.27302557
v -0.73241031 0.43015274 0.28037822
v -0.60466403 -0.47728571 -0.26387119
v -0.85102969 0.00851640 0.26647139
v -0.46840203 0.44188523 0.28036574
v 0.82225496 0.03406560 -0.28040966
v 0.19587700 0.46676201 -0.27566901
v 0.51950002 0.46676201 -0.27566901
v -0.85288620 -0.36620501 -0.26536027
v 0.30124956 0.05903739 0.28036699
v -0.05961480 -0.47527900 0.26587501
v -0.82256436 0.01703282 0.28040260
v -0.42581996 -0.44687057 -0.28028923
v -0.84368002 0.46876901 -0.02554920
v -0.85296482 0.45692846 0.19587700
v -0.63910490 0.44244725 0.28035533
v -0.51950002 -0.46676201 -0.27566901
v 0.45136908 -0.44213724 -0.28036183
v -0.74092698 -0.47368830 -0.27090332
v 0.02554920 -0.47527900 0.26587501
v 0.85306549 -0.45683384 0.16181201
v -0.05961480 -0.47726399 -0.26388097
v 0.63872999 -0.47723851 0.26376149
v -0.85305977 0.17884400 0.26529726
v 0.81791323 -0.17884421 -0.28041428
v 0.84368002 0.46876901 -0.02554920
v 0.85217410 0.00851640 -0.26563856
v -0.84231013 -0.47135878 -0.00851640
v -0.74092698 -0.47685805 0.26394737
v -0.83832866 -0.24697600 0.27827886
v -0.83834934 0.41730401 0.27827361
v -0.67279601 -0.46339750 0.27767152
v 0.12774600 -0.47726935 0.26374769
v 0.45136899 0.47527900 0.26587501
v -0.83832866 -0.21291000 0.27827886
v 0.82189971 -0.42633927 0.28059161
v -0.29807401 -0.46676201 0.27566901
v 0.53653300 0.47738588 -0.25540468
v 0.58763176 -0.44213551 -0.28036278
v 0.82225388 0.34065601 0.28040239
v -0.53653300 -0.46676201 0.27566901
v 0.72389400 -0.44213554 -0.28036278
v 0.33200020 -0.47738612 -0.25561839
v -0.85329062 0.34067583 -0.25630954
v -0.09368040 -0.46676201 0.27566901
v 0.85105795 0.04258200 -0.26639971
v -0.09368040 0.47683480 -0.26408026
v 0.70686102 0.46676201 -0.27566901
v 0.84368002 0.46876901 -0.16181201
v 0.72389400 -0.47738671 0.25542465
v -0.38899741 -0.44509977 0.28032681
v -0.85216051 0.21291000 0.26571074
v -0.84227246 0.47139001 -0.21291000
v -0.67279708 -0.47731674 0.26372215
v -0.84368002 -0.46876901 0.07664760
v -0.79638398 0.42895553 -0.28041521
v 0.31510699 0.47723851 0.26376149
v -0.80899876 -0.47714868 -0.26323631
v 0.83168167 -0.47745642 -0.14477900
v -0.85310513 -0.29807401 -0.26527911
v -0.84118700 -0.05961480 0.27628699
v -0.50246799 0.47726399 -0.26388097
v 0.82981855 -0.47745156 -0.18282175
v -0.11071300 0.46676201 -0.27566901
v -0.59614432 -0.47737846 0.25582647
v 0.85245007 0.45815200 0.07664760
v 0.65576297 -0.46676201 0.27566901
v 0.82225496 0.28104100 0.28040966
v 0.84118700 0.12774600 -0.27628699
v -0.63872999 -0.47726399 -0.26388097
v -0.21291000 -0.46339750 0.27767152
v -0.77499199 -0.46676201 0.27566901
v -0.85315949 -0.45681930 0.12774600
v -0.85315776 0.45687294 0.09368040
v -0.85294646 0.45661324 -0.25181162
v -0.82981634 -0.47743157 0.12376746
v -0.79202503 0.47381887 0.27079809
v 0.82225496 0.35768864 -0.28040966
v 0.85217410 -0.05961480 0.26563856
v 0.37373021 -0.44941026 -0.27992082
v -0.82256335 -0.20439351 -0.28039652
v 0.68982798 0.47683477 -0.26408026
v -0.68982798 0.46676201 -0.27566901
v 0.85306293 -0.21291000 0.26522917
v -0.84118700 0.11071300 -0.27628699
v 0.84118700 0.16181201 -0.27628699
v -0.85311997 0.45687911 -0.14477900
v -0.82981128 0.47744596 -0.04656203
v -0.70686102 0.47726399 -0.26388097
v 0.33214000 0.46676201 -0.27566901
v -0.11071300 -0.46676201 -0.27566901
v 0.82225496 -0.10219672 -0.28040966
v -0.21291000 0.47676322 -0.26818922
v 0.81734055 0.40066230 -0.28043571
v -0.82981128 0.47744596 0.08970036
v -0.82256436 -0.30659050 0.28040260
v 0.85306549 -0.45683381 0.05961480
v 0.33250302 -0.44268650 -0.28035104
v 0.26400799 0.47726935 0.26374766
v 0.85105795 0.21291000 -0.26639971
v 0.85089272 0.36620501 0.27123332
v 0.46840200 0.45136899 -0.27959001
v -0.82256442 -0.27252463 0.28040260
v -0.05961480 -0.46676201 0.27566901
v -0.82981795 -0.47744587 -0.08062609
v -0.85078889 -0.33214000 -0.27147192
v 0.22043522 0.44941026 -0.27992082
v 0.85105795 -0.31510699 -0.26639971
v -0.82125348 -0.34285629 -0.28040394
v -0.85311997 0.45687911 -0.12774600
v 0.84122747 0.46698168 -0.26743427
v -0.12774600 0.47723851 0.26376149
v -0.85330379 0.17032801 -0.25627396
v -0.33214000 -0.47683480 -0.26408026
v -0.82981747 -0.47744125 -0.02157068
v -0.50246799 0.47685805 0.26394737
v -0.63872999 0.46676201 -0.27566901
v -0.82125407 -0.34285629 0.28040934
v -0.83155721 -0.47802511 0.25138861
v 0.85331881 -0.14477900 0.25319648
v -0.05109840 0.45136899 -0.27959001
v -0.38323799 0.46339750 0.27767152
v -0.83808112 -0.41730401 0.27834156
v -0.81864017 -0.40020379 0.28042579
v -0.14477903 -0.47738811 0.25542420
v 0.24697600 -0.46339750 0.27767152
v -0.85216051 0.31510699 -0.26571077
v 0.82225496 -0.23845938 0.28040966
v 0.68982798 0.46676201 -0.27566901
v 0.85105795 0.02554920 0.26639971
v -0.67279577 -0.44213712 -0.28036183
v -0.34917200 0.47723851 0.26376149
v -0.62169701 -0.47726399 -0.26388097
v -0.43433601 -0.47723180 -0.26389492
v -0.82256335 0.06813120 -0.28039652
v 0.83157128 -0.47756523 0.22994331
v 0.82981795 -0.47744587 -0.08062609
v 0.82225388 -0.22142650 -0.28040239
v -0.63872999 0.47723851 0.26376149
v 0.81791240 -0.33213979 0.28040534
v 0.21291000 -0.46676201 -0.27566901
v 0.08516417 0.43015310 0.28037891
v -0.85339278 0.42870370 0.24293585
v 0.84232044 0.47135022 -0.21291000
v -0.31510699 0.46676201 0.27566901
v -0.85306549 -0.45683381 0.00851640
v 0.85334820 0.13756397 -0.24388458
v -0.00000000 0.44669104 0.28028685
v 0.79202503 0.47708282 -0.26392144
v 0.84956211 0.46606299 0.22994633
v -0.82256335 -0.17032801 -0.28039652
v 0.85338610 0.42781952 -0.24255811
v -0.22994301 0.47723851 0.26376149
v 0.83167690 0.47745654 -0.02554920
v -0.11071300 -0.47726399 -0.26388097
v -0.85330993 -0.17032805 0.25627267
v 0.14477900 0.46676201 0.27566901
v -0.82256383 -0.13626252 0.28039926
v -0.21155758 -0.43125662 -0.28037614
v -0.85311997 0.45687908 0.17884400
v -0.85315776 0.45687294 0.07664760
v 0.67279601 0.46676201 -0.27566901
v 0.82225496 -0.02554920 -0.28040966
v -0.00851640 -0.44213718 -0.28036183
v -0.08530226 -0.44718963 0.28020623
v 0.81752908 -0.33264151 -0.28040171
v 0.82225496 0.11071300 -0.28040966
v 0.85217410 0.24697600 0.26563862
v -0.41730401 0.47726935 0.26374766
v 0.85217410 -0.29807401 -0.26563859
v -0.84368002 0.46876901 -0.22994301
v -0.42581999 -0.44669104 0.28028685
v -0.41730401 -0.46676201 -0.27566901
v 0.09368040 0.47685805 0.26394740
v 0.85317034 -0.44784734 -0.22143291
v 0.85306287 0.45688748 -0.04258200
v 0.82225436 0.03406559 0.28040570
v 0.82981187 0.47745168 0.05563477
v -0.82256436 -0.05109840 -0.28040260
v -0.82189995 0.47739321 -0.10219675
v -0.82981777 -0.47745159 -0.18282308
v -0.80596215 0.22142594 0.28036824
v -0.84368002 -0.46876901 0.19587700
v 0.82225436 0.23845936 -0.28040570
v -0.05376168 -0.44531548 -0.28032747
v -0.84677792 0.38323799 0.27302557
v -0.85334808 0.23845853 0.24295835
v 0.10219672 -0.46676201 -0.27566901
v 0.33214000 -0.47723851 0.26376149
v -0.57911539 0.47738308 -0.25582334
v -0.72389400 0.47726935 0.26374766
v 0.19573711 -0.47738704 -0.25561810
v 0.15487848 -0.43100438 0.28037867
v 0.85334802 -0.43206224 -0.00851564
v -0.85315776 0.45687294 0.00851640
v 0.49395138 -0.46676201 -0.27566901
v 0.85334963 -0.22142661 -0.24320965
v -0.26400799 0.47726399 -0.26388097
v -0.51950002 -0.47726399 -0.26388097
v -0.05267546 0.43101668 -0.28037539
v -0.85216045 0.11071300 0.26571077
v 0.68131202 -0.44687200 -0.28028131
v 0.21850640 -0.44551840 0.28029680
v 0.48543501 -0.46339750 0.27767152
v 0.37472150 0.44668967 0.28029427
v -0.82221943 -0.42617270 -0.28057453
v 0.52815491 -0.44718963 0.28020626
v -0.85334867 -0.11922956 -0.24484581
v 0.83168167 -0.47745642 0.07664760
v -0.19587700 0.44669104 0.28028685
v 0.63872999 -0.46676201 -0.27566901
v 0.85269213 -0.04258200 -0.26536989
v -0.85299319 -0.24697600 0.26532260
v 0.43433601 0.47685805 0.26394737
v 0.65576297 0.47726399 -0.26388097
v -0.82315487 -0.00851640 0.28042510
v -0.81839997 0.29807404 -0.28040397
v -0.14477900 0.46676201 -0.27566901
v 0.85217410 -0.29807401 0.26563859
v 0.85295975 -0.45495072 0.21669562
v -0.83259124 -0.46624917 -0.27610353
v -0.84118700 0.29807401 0.27628699
v -0.44285262 0.44686741 -0.28030616
v 0.33214000 0.47683480 -0.26408026
v -0.35768861 0.43016970 -0.28037754
v -0.84231013 -0.47135878 -0.14477900
v 0.68131173 0.43014917 0.28037462
v 0.16181201 0.47723180 -0.26389492
v -0.71537751 0.44686836 -0.28030139
v 0.52801293 -0.47737846 0.25582647
v -0.51950002 -0.47729024 0.26373798
v -0.85326463 -0.01700643 -0.25634670
f 358 1974 640
f 1295 1974 358
f 1752 1092 1408
f 1602 1752 1408
f 1509 1602 1502
f 1509 1502 1469
f 1509 1469 488
f 145 488 260
f 145 1509 488
f 145 260 977
f 1509 1752 1602
f 1408 907 1655
f 1240 1408 1655
f 1240 1602 1408
f 1502 1240 1022
f 1502 1602 1240
f 1051 1502 1022
f 1051 1469 1502
f 1378 1051 1949
f 1378 1469 1051
f 1378 488 1469
f 695 1949 486
f 695 1378 1949
f 695 488 1378
f 695 260 488
f 1994 695 486
f 1994 260 695
f 1994 977 260
f 1092 1989 907
f 1092 640 1989
f 1092 907 1408
f 358 640 1092
f 1752 358 1092
f 1752 1295 358
f 1022 1240 1655
f 1949 1051 1022
f 1655 907 1989
f 145 977 1232
f 133 1232 588
f 133 145 1232
f 133 588 1586
f 133 1586 1331
f 439 1331 559
f 439 133 1331
f 439 559 218
f 439 218 1545
f 1155 439 1545
f 694 1994 1190
f 694 977 1994
f 694 1232 977
f 1286 1190 317
f 1286 694 1190
f 1286 1232 694
f 1286 588 1232
f 1156 1286 317
f 1156 588 1286
f 1156 1586 588
f 1466 1156 1873
f 1466 1586 1156
f 1466 1331 1586
f 781 1466 1873
f 781 1331 1466
f 781 559 1331
f 768 781 300
f 768 559 781
f 768 218 559
f 1216 300 1883
f 1216 768 300
f 1216 218 768
f 1216 1545 218
f 1796 1216 1883
f 1796 1545 1216
f 1796 1155 1545
f 1190 1994 486
f 1873 1156 317
f 300 781 1873
f 1287 1974 1295
f 1287 545 1974
f 973 545 1287
f 237 545 973
f 1096 1877 237
f 1874 1877 1096
f 996 1877 1874
f 996 1569 1877
f 1181 1569 996
f 1371 1569 1181
f 1371 1273 1569
f 1266 1287 1752
f 1509 1266 1752
f 1777 1266 1509
f 698 1777 1509
f 1097 1874 698
f 1097 698 1509
f 145 1097 1509
f 3 1097 145
f 3 1828 1097
f 1721 1371 1828
f 3 1721 1828
f 1287 1295 1752
f 1266 973 1287
f 1777 973 1266
f 1777 237 973
f 698 237 1777
f 698 1096 237
f 1874 1096 698
f 1097 996 1874
f 1828 996 1097
f 1828 1181 996
f 1371 1181 1828
f 439 3 133
f 3 145 133
f 256 3 439
f 544 1273 1371
f 1677 1273 544
f 1677 445 1273
f 1560 445 1677
f 1728 445 1560
f 1728 1849 445
f 787 1849 1728
f 514 1849 787
f 514 1919 1849
f 1610 1919 514
f 1751 1919 1610
f 3 824 1721
f 146 789 824
f 3 146 824
f 3 107 146
f 107 1620 146
f 107 1564 1620
f 107 1384 1564
f 1721 544 1371
f 824 544 1721
f 824 1677 544
f 789 1677 824
f 789 1560 1677
f 1728 1560 789
f 146 1728 789
f 146 787 1728
f 1620 514 787
f 1620 787 146
f 1564 514 1620
f 1564 1610 514
f 1384 1610 1564
f 1384 1751 1610
f 1439 378 1751
f 1622 378 1439
f 502 436 1622
f 1746 436 502
f 684 436 1746
f 684 1947 436
f 1460 1947 684
f 1262 1947 1460
f 1262 917 1947
f 1769 917 1262
f 1976 1384 107
f 1976 1548 1384
f 1976 1209 1548
f 112 1209 1976
f 112 1187 1209
f 132 112 1976
f 112 1566 1187
f 1047 1566 112
f 1047 1571 1566
f 132 1047 112
f 1047 701 1571
f 2000 701 1047
f 1548 1751 1384
f 1548 1439 1751
f 1209 1439 1548
f 1209 1622 1439
f 1187 1622 1209
f 1187 502 1622
f 1566 502 1187
f 1566 1746 502
f 1571 1746 1566
f 1571 684 1746
f 701 684 1571
f 701 1460 684
f 1262 1460 701
f 2000 1262 701
f 2000 1769 1262
f 132 107 3
f 132 1976 107
f 351 132 3
f 640 1756 1989
f 1974 1756 640
f 1756 1681 1288
f 1974 1681 1756
f 1681 1556 1288
f 1681 1145 1556
f 1681 1064 1145
f 1681 38 1064
f 1064 1787 1145
f 1064 842 1787
f 1064 1229 842
f 38 1229 1064
f 1229 1412 842
f 1229 1132 1412
f 1229 1899 1132
f 38 1899 1229
f 1022 1655 1826
f 1826 1989 1756
f 1826 1655 1989
f 1288 1826 1756
f 1611 1288 1556
f 1611 1826 1288
f 1611 1022 1826
f 1949 1022 1611
f 1556 1145 1611
f 486 1949 1611
f 1145 1787 1611
f 35 486 1611
f 636 1787 842
f 1787 636 1611
f 1741 1611 636
f 35 1611 1741
f 1741 842 1412
f 1741 636 842
f 35 1741 1327
f 1327 1412 1132
f 1327 1741 1412
f 35 1190 486
f 35 317 1190
f 35 1873 317
f 35 300 1873
f 35 1883 300
f 237 1877 545
f 545 1681 1974
f 545 38 1681
f 1877 38 545
f 1877 51 38
f 1569 51 1877
f 1273 51 1569
f 38 51 1899
f 1751 378 1919
f 445 51 1273
f 445 296 51
f 1849 296 445
f 1919 296 1849
f 378 296 1919
f 436 378 1622
f 436 273 378
f 1947 273 436
f 917 273 1947
f 378 273 296
f 1132 1899 875
f 1899 657 875
f 657 751 343
f 1899 751 657
f 1899 102 751
f 751 619 343
f 751 1740 619
f 751 1204 1740
f 102 1204 751
f 1204 1541 1740
f 1204 377 1541
f 102 377 1204
f 377 1442 1541
f 35 1327 1179
f 1179 1132 875
f 1179 1327 1132
f 35 1179 118
f 118 875 657
f 118 1179 875
f 35 118 1838
f 1838 657 343
f 1838 118 657
f 35 1838 1901
f 1901 343 619
f 1901 1838 343
f 1771 35 1901
f 1771 619 1740
f 1771 1901 619
f 345 1771 1219
f 345 35 1771
f 1219 1771 1740
f 345 1219 1183
f 1183 1740 1541
f 1183 1219 1740
f 345 1183 1174
f 1174 1541 1442
f 1174 1183 1541
f 51 102 1899
f 51 377 102
f 51 99 377
f 296 99 51
f 273 275 296
f 377 1055 1442
f 377 433 1055
f 433 1785 1055
f 433 712 1785
f 433 1762 712
f 433 203 1762
f 1762 1166 712
f 1762 891 1166
f 1762 1214 891
f 203 1214 1762
f 1214 1269 891
f 1214 1094 1269
f 1214 1781 1094
f 203 1781 1214
f 1781 1941 1094
f 345 1174 930
f 930 1442 1055
f 930 1174 1442
f 345 930 1967
f 1967 1055 1785
f 1967 930 1055
f 345 1967 1080
f 1080 1785 712
f 1080 1967 1785
f 345 1080 691
f 691 712 1166
f 691 1080 712
f 345 691 727
f 727 1166 891
f 727 691 1166
f 454 345 727
f 454 891 1269
f 454 727 891
f 1714 454 1902
f 184 454 1714
f 184 345 454
f 1902 1269 1094
f 1902 454 1269
f 1714 1902 189
f 189 1094 1941
f 189 1902 1094
f 99 433 377
f 99 203 433
f 99 1781 203
f 99 68 1781
f 296 275 99
f 275 416 99
f 213 416 275
f 1781 820 1941
f 1781 177 820
f 177 1201 820
f 177 631 1201
f 177 1146 631
f 177 453 1146
f 1146 1443 631
f 1146 301 1443
f 1146 1693 301
f 453 1693 1146
f 453 10 1693
f 1693 1534 301
f 1693 1083 1534
f 1693 581 1083
f 10 581 1693
f 581 1638 1083
f 1630 1941 820
f 1630 189 1941
f 189 1630 1714
f 184 1714 210
f 755 820 1201
f 755 1630 820
f 1630 210 1714
f 1630 755 210
f 741 1201 631
f 741 755 1201
f 755 741 210
f 1551 210 741
f 517 210 1551
f 184 210 517
f 1551 631 1443
f 1551 741 631
f 517 1551 1882
f 1882 1443 301
f 1882 1551 1443
f 955 301 1534
f 955 1882 301
f 1882 955 517
f 184 517 470
f 1724 1534 1083
f 1724 955 1534
f 955 470 517
f 955 1724 470
f 276 184 470
f 998 1083 1638
f 998 1724 1083
f 1724 998 470
f 1781 453 177
f 68 453 1781
f 68 10 453
f 99 416 68
f 416 31 68
f 213 421 416
f 421 31 416
f 581 836 1638
f 581 1328 836
f 1328 1447 836
f 1328 1927 1447
f 1927 1068 1447
f 1927 1200 1068
f 1927 1727 1200
f 1727 415 1484
f 1927 415 1727
f 415 1440 1484
f 1492 470 998
f 1492 1638 836
f 1492 998 1638
f 476 470 1492
f 276 470 476
f 476 1492 836
f 812 476 1623
f 276 476 812
f 1623 836 1447
f 1623 476 836
f 812 1623 1256
f 1256 1447 1068
f 1256 1623 1447
f 1329 1068 1200
f 1329 1256 1068
f 1256 1329 812
f 1666 1200 1727
f 1666 1329 1200
f 1329 1666 812
f 320 812 1666
f 276 812 320
f 1484 1666 1727
f 1666 1484 320
f 1484 1440 320
f 10 1328 581
f 68 1328 10
f 68 1927 1328
f 68 265 1927
f 265 415 1927
f 31 265 68
f 31 111 265
f 421 142 31
f 31 142 111
f 415 1739 1440
f 1739 1084 1859
f 415 1084 1739
f 1084 1280 1859
f 1084 840 1280
f 1084 1953 840
f 840 1953 983
f 1953 1180 983
f 1953 1932 1180
f 1180 1932 1045
f 426 276 320
f 1659 1440 1739
f 1440 1659 320
f 1923 320 1659
f 426 320 1923
f 1923 1739 1859
f 1923 1659 1739
f 426 1923 269
f 269 1859 1280
f 269 1923 1859
f 426 269 785
f 785 1280 840
f 785 269 1280
f 426 785 1790
f 1790 840 983
f 1790 785 840
f 426 1790 456
f 456 1790 983
f 426 456 1615
f 1615 983 1180
f 1615 456 983
f 426 1615 554
f 554 1180 1045
f 554 1615 1180
f 265 1084 415
f 265 1953 1084
f 265 150 1953
f 150 1932 1953
f 111 150 265
f 111 181 150
f 111 304 181
f 142 304 111
f 125 304 142
f 1914 439 1155
f 1171 1796 1109
f 1171 1155 1796
f 1171 1914 1155
f 1224 1171 1109
f 1224 1914 1171
f 1224 1702 1914
f 1585 1702 1224
f 1585 1250 1702
f 1321 1585 1582
f 1321 1250 1585
f 1321 1217 1250
f 1823 1582 131
f 1823 1321 1582
f 1823 1217 1321
f 1823 376 1217
f 1463 1823 131
f 1463 376 1823
f 1463 822 376
f 918 822 1463
f 1764 918 1844
f 1764 822 918
f 1764 1841 822
f 1109 1796 1883
f 1582 1224 1109
f 1582 1585 1224
f 1844 1463 131
f 1844 918 1463
f 791 790 7
f 1056 791 1242
f 1056 1242 848
f 1755 790 791
f 1755 791 1056
f 1258 1844 363
f 1258 1764 1844
f 1258 1841 1764
f 1258 1632 1841
f 708 1258 363
f 708 1632 1258
f 708 292 1632
f 1694 292 708
f 1694 1124 292
f 1951 1694 1731
f 1951 1124 1694
f 1951 790 1124
f 7 1731 1279
f 7 1951 1731
f 7 790 1951
f 738 7 1279
f 738 791 7
f 582 738 1887
f 582 791 738
f 582 1242 791
f 246 582 1887
f 246 1242 582
f 848 1242 246
f 1731 708 363
f 1731 1694 708
f 1887 738 1279
f 1305 246 1887
f 1130 848 246
f 1554 848 1130
f 1554 1056 848
f 1891 1056 1554
f 1891 1755 1056
f 1305 1130 246
f 1398 1130 1305
f 1554 1130 1398
f 1702 439 1914
f 256 439 1702
f 256 1702 1250
f 256 1250 1217
f 256 1217 376
f 256 376 822
f 256 822 1841
f 550 790 1755
f 1711 1124 790
f 1711 790 550
f 1402 292 1124
f 1402 1124 1711
f 1572 1402 1711
f 256 1841 1632
f 195 1632 292
f 195 256 1632
f 195 292 1402
f 1363 195 1402
f 1335 195 1363
f 1435 195 1335
f 837 195 1435
f 1473 1755 1891
f 1473 550 1755
f 1291 550 1473
f 1291 1711 550
f 1572 1711 1291
f 1413 1402 1572
f 1363 1402 1413
f 1245 1435 1335
f 837 1435 1245
f 1892 1473 1891
f 1291 1473 1892
f 1886 1572 1291
f 1886 1413 1572
f 1886 1363 1413
f 1864 1363 1886
f 1864 1335 1363
f 1864 1245 1335
f 1871 1245 1864
f 1871 837 1245
f 351 3 256
f 492 195 837
f 1981 195 492
f 1696 256 195
f 1696 195 1981
f 1225 1696 1981
f 1924 256 1696
f 1127 1924 1696
f 1924 351 256
f 1445 1924 1127
f 1370 1924 1445
f 978 1924 1370
f 1798 1981 492
f 1225 1981 1798
f 1803 1696 1225
f 1490 1696 1803
f 1490 1127 1696
f 1445 1127 1490
f 866 978 1370
f 1871 492 837
f 1798 492 1871
f 241 1225 1798
f 1803 1225 241
f 893 1445 1490
f 893 1370 1445
f 1926 1370 893
f 1926 866 1370
f 1754 351 1924
f 1754 1924 978
f 321 351 1754
f 494 321 1754
f 997 321 494
f 315 321 997
f 915 321 315
f 1717 288 321
f 1717 321 915
f 288 351 321
f 674 288 1717
f 541 288 674
f 1648 1717 915
f 674 1717 1648
f 515 978 866
f 515 1754 978
f 1380 1754 515
f 1380 494 1754
f 1031 494 1380
f 1031 997 494
f 558 997 1031
f 558 315 997
f 1829 315 558
f 1829 915 315
f 703 915 1829
f 703 1648 915
f 137 1648 703
f 137 674 1648
f 1531 674 137
f 1531 541 674
f 1926 515 866
f 348 515 1926
f 348 1380 515
f 348 1031 1380
f 737 1031 348
f 737 558 1031
f 737 1829 558
f 322 1829 737
f 322 703 1829
f 322 137 703
f 1984 137 322
f 1984 1531 137
f 35 1109 1883
f 364 1109 35
f 364 1582 1109
f 364 131 1582
f 364 1844 131
f 1422 1887 1279
f 1422 1305 1887
f 1734 1422 1279
f 1385 1279 1731
f 1385 1734 1279
f 610 1734 1385
f 625 610 1385
f 1385 1731 363
f 1797 625 1385
f 1537 1797 1385
f 364 363 1844
f 1537 363 364
f 1537 1385 363
f 1822 1537 364
f 1352 1537 1822
f 1352 1141 1537
f 1574 1305 1422
f 1398 1305 1574
f 1892 1554 1398
f 1892 1891 1554
f 1574 1422 1734
f 778 1398 1574
f 778 1892 1398
f 1840 1734 610
f 1840 1574 1734
f 778 1574 1840
f 1063 610 625
f 1063 1840 610
f 1063 778 1840
f 1678 778 1063
f 906 625 1797
f 906 1063 625
f 1678 1063 906
f 906 1797 1537
f 1141 906 1537
f 245 906 1141
f 245 1678 906
f 245 1141 1352
f 1886 1291 1892
f 1678 1892 778
f 1678 1886 1892
f 1591 1886 1678
f 1591 1864 1886
f 1591 1871 1864
f 1614 1678 245
f 1591 1678 1614
f 241 1798 1871
f 893 1803 241
f 893 1490 1803
f 241 1871 1591
f 399 241 1591
f 399 893 241
f 347 893 399
f 347 1926 893
f 368 322 737
f 1984 322 368
f 368 737 348
f 347 348 1926
f 347 368 348
f 364 35 345
f 1414 1822 364
f 981 1822 1414
f 1349 981 1414
f 1332 1349 1414
f 1833 1414 364
f 1833 1332 1414
f 1257 1332 1833
f 1441 1257 1833
f 934 1441 1833
f 74 1833 364
f 74 934 1833
f 1800 1352 1822
f 1800 245 1352
f 1614 245 1800
f 153 1822 981
f 153 1800 1822
f 1614 1800 153
f 658 981 1349
f 658 153 981
f 240 153 658
f 240 1614 153
f 1157 1349 1332
f 1157 658 1349
f 240 658 1157
f 66 1614 240
f 1257 1157 1332
f 719 1157 1257
f 719 240 1157
f 66 240 719
f 719 1257 1441
f 1498 1441 934
f 223 1441 1498
f 223 719 1441
f 223 66 719
f 1604 934 74
f 1604 1498 934
f 223 1498 1604
f 1591 1614 66
f 312 1591 66
f 399 1591 312
f 463 399 312
f 122 399 463
f 122 347 399
f 231 347 122
f 410 364 345
f 410 345 184
f 1698 74 364
f 1999 1698 364
f 1555 1999 364
f 892 364 410
f 892 1555 364
f 1472 892 410
f 1041 1472 410
f 745 1041 410
f 1697 745 410
f 1207 745 1697
f 1809 74 1698
f 1809 1604 74
f 75 1604 1809
f 75 223 1604
f 1035 1698 1999
f 1035 1809 1698
f 75 1809 1035
f 1035 1999 1555
f 957 75 1035
f 401 1555 892
f 401 1035 1555
f 957 1035 401
f 401 892 1472
f 232 957 401
f 94 1472 1041
f 94 401 1472
f 232 401 94
f 1024 1041 745
f 1024 94 1041
f 1940 94 1024
f 1940 232 94
f 1024 745 1207
f 75 66 223
f 312 66 75
f 312 75 957
f 299 312 957
f 299 957 232
f 299 232 1940
f 463 312 299
f 324 463 299
f 211 463 324
f 211 122 463
f 286 122 211
f 127 184 276
f 127 410 184
f 1732 1207 1697
f 692 1732 1697
f 1059 692 1697
f 756 1697 410
f 756 1059 1697
f 104 756 410
f 1390 756 104
f 1613 1390 104
f 1430 1613 104
f 22 410 127
f 22 104 410
f 1162 104 22
f 1162 1430 104
f 1732 1024 1207
f 1819 1024 1732
f 1819 1940 1024
f 1819 1732 692
f 128 692 1059
f 128 1819 692
f 637 1059 756
f 637 128 1059
f 1479 128 637
f 1479 1819 128
f 637 756 1390
f 522 1390 1613
f 522 637 1390
f 1376 637 522
f 1376 1479 637
f 198 1479 1376
f 1805 1613 1430
f 1805 522 1613
f 1376 522 1805
f 1730 1430 1162
f 1730 1805 1430
f 1105 1805 1730
f 1105 1376 1805
f 1105 198 1376
f 299 1940 1819
f 372 299 1819
f 198 1819 1479
f 372 1819 198
f 324 299 372
f 294 324 372
f 294 80 324
f 80 211 324
f 385 211 80
f 1060 1162 22
f 1546 1060 22
f 678 22 127
f 678 1546 22
f 285 1546 678
f 528 678 127
f 1893 528 127
f 1276 528 1893
f 567 1276 1893
f 999 567 1893
f 1579 1162 1060
f 1579 1730 1162
f 1105 1730 1579
f 1579 1060 1546
f 1069 1105 1579
f 285 1579 1546
f 1069 1579 285
f 1839 285 678
f 1839 1069 285
f 1593 678 528
f 1593 1839 678
f 1297 1839 1593
f 1297 1069 1839
f 613 528 1276
f 613 1593 528
f 1297 1593 613
f 881 1276 567
f 881 613 1276
f 400 613 881
f 400 1297 613
f 834 567 999
f 834 881 567
f 400 881 834
f 1069 198 1105
f 1069 372 198
f 263 372 1069
f 263 1069 1297
f 263 1297 400
f 294 372 263
f 88 294 263
f 389 80 294
f 369 80 389
f 389 294 88
f 127 276 426
f 13 127 426
f 1116 999 1893
f 311 1893 127
f 311 1116 1893
f 26 1116 311
f 141 127 13
f 141 311 127
f 1684 311 141
f 1684 26 311
f 972 1684 141
f 157 141 13
f 1779 141 157
f 1779 972 141
f 773 1779 157
f 430 773 157
f 19 157 13
f 729 157 19
f 729 430 157
f 783 999 1116
f 783 834 999
f 412 834 783
f 412 400 834
f 1393 1116 26
f 1393 783 1116
f 412 783 1393
f 1813 26 1684
f 1813 1393 26
f 1933 1393 1813
f 1933 412 1393
f 882 1684 972
f 882 1813 1684
f 1933 1813 882
f 1872 972 1779
f 1872 882 972
f 864 882 1872
f 864 1933 882
f 252 1933 864
f 1383 1779 773
f 1383 1872 1779
f 864 1872 1383
f 1745 773 430
f 1745 1383 773
f 417 1383 1745
f 417 864 1383
f 417 252 864
f 1522 430 729
f 1522 1745 430
f 1487 1745 1522
f 1487 417 1745
f 1487 252 417
f 263 400 412
f 252 412 1933
f 248 412 252
f 248 263 412
f 88 263 248
f 420 88 248
f 388 393 389
f 388 389 88
f 388 88 420
f 1462 917 1769
f 1518 205 1462
f 1278 205 1518
f 689 1903 1278
f 1481 1903 689
f 549 1903 1481
f 549 635 1903
f 1853 635 549
f 1631 635 1853
f 1631 357 635
f 603 2000 1047
f 132 603 1047
f 603 767 1118
f 603 1118 2000
f 603 740 767
f 603 1294 740
f 844 1294 603
f 1700 844 603
f 1624 1700 603
f 437 1624 603
f 437 1701 1624
f 1118 1462 1769
f 1118 1769 2000
f 767 1462 1118
f 767 1518 1462
f 740 1518 767
f 740 1278 1518
f 1294 1278 740
f 1294 689 1278
f 844 689 1294
f 844 1481 689
f 1700 1481 844
f 1700 549 1481
f 1624 549 1700
f 1624 1853 549
f 1701 1853 1624
f 1701 1631 1853
f 437 603 132
f 366 437 132
f 1598 357 1631
f 532 357 1598
f 532 1011 357
f 1263 1011 532
f 1515 1011 1263
f 1515 284 1011
f 1290 284 1515
f 1674 284 1290
f 1674 1182 284
f 720 1182 1674
f 720 444 1182
f 922 444 720
f 1881 1357 1701
f 437 1881 1701
f 255 1078 1881
f 255 1881 437
f 460 1749 255
f 460 255 437
f 1712 748 1749
f 460 1712 1749
f 1712 1315 748
f 1357 1631 1701
f 1357 1598 1631
f 532 1598 1357
f 1881 532 1357
f 1881 1263 532
f 1078 1515 1263
f 1078 1263 1881
f 255 1515 1078
f 255 1290 1515
f 1749 1290 255
f 1749 1674 1290
f 748 1674 1749
f 748 720 1674
f 1315 720 748
f 1315 922 720
f 1072 460 437
f 1354 444 922
f 1259 1985 1354
f 666 1985 1259
f 953 1405 666
f 506 1405 953
f 1355 1405 506
f 1712 623 1315
f 1712 639 623
f 1895 639 1712
f 1812 1895 1712
f 460 1812 1712
f 1368 1812 460
f 1494 859 1812
f 627 1494 1812
f 1368 627 1812
f 1855 1368 460
f 1033 1284 1494
f 627 1033 1494
f 623 922 1315
f 623 1354 922
f 639 1354 623
f 639 1259 1354
f 1895 1259 639
f 1895 666 1259
f 953 666 1895
f 1812 953 1895
f 1812 506 953
f 859 1355 506
f 859 506 1812
f 1494 1355 859
f 1494 1411 1355
f 1284 1411 1494
f 1284 1167 1411
f 949 1112 460
f 1878 1855 460
f 713 1878 460
f 994 713 460
f 1347 994 460
f 815 1347 460
f 1112 815 460
f 1565 1607 959
f 1576 938 1284
f 1033 1576 1284
f 570 775 938
f 1576 570 938
f 570 1843 775
f 938 1167 1284
f 938 1523 1167
f 775 1523 938
f 775 959 1523
f 1565 959 775
f 1843 1565 775
f 1034 1607 1565
f 1843 1034 1565
f 1843 379 1034
f 570 379 1843
f 570 1939 379
f 1576 1939 570
f 1576 1821 1939
f 1033 1821 1576
f 1033 1086 1821
f 627 1086 1033
f 627 931 1086
f 1368 931 627
f 1368 794 931
f 1855 794 1368
f 1855 1189 794
f 379 847 1034
f 1082 379 1939
f 1821 1082 1939
f 1562 1821 1086
f 28 1086 931
f 28 1562 1086
f 1750 931 794
f 1750 28 931
f 1189 1750 794
f 1034 847 1607
f 1082 847 379
f 1562 1082 1821
f 821 815 1112
f 1878 1189 1855
f 1878 974 1189
f 713 974 1878
f 713 282 974
f 994 282 713
f 994 1316 282
f 1347 1316 994
f 1347 1128 1316
f 815 1128 1347
f 815 763 1128
f 821 763 815
f 1112 1782 821
f 949 1782 1112
f 949 1001 1782
f 1856 763 821
f 526 821 1782
f 526 1856 821
f 1001 526 1782
f 974 1750 1189
f 282 1948 974
f 1316 1948 282
f 1128 1948 1316
f 763 1856 1128
f 1462 205 917
f 1903 205 1278
f 205 273 917
f 205 59 273
f 1903 59 205
f 635 59 1903
f 357 59 635
f 284 349 1011
f 1182 349 284
f 444 349 1182
f 1011 59 357
f 1011 349 59
f 1354 1985 444
f 1405 1985 666
f 1411 1405 1355
f 1167 1824 1411
f 1411 1824 1405
f 1985 349 444
f 1824 979 1405
f 1405 349 1985
f 979 1997 1405
f 1405 1997 349
f 1997 166 349
f 1523 1824 1167
f 959 1824 1523
f 1607 1824 959
f 1607 1359 1824
f 1359 642 1824
f 642 630 1824
f 630 979 1824
f 630 920 979
f 920 1103 979
f 1103 1997 979
f 1103 805 1997
f 805 511 1997
f 511 166 1997
f 511 1851 166
f 847 1359 1607
f 847 839 1359
f 847 723 839
f 1082 723 847
f 839 642 1359
f 839 743 642
f 723 743 839
f 1082 743 723
f 743 630 642
f 743 1540 630
f 1082 1540 743
f 1082 422 1540
f 1562 422 1082
f 1540 920 630
f 1540 422 920
f 28 422 1562
f 422 1103 920
f 1750 422 28
f 1103 1039 805
f 422 1039 1103
f 1750 297 422
f 1039 511 805
f 1039 1857 511
f 422 1857 1039
f 297 1857 422
f 1857 1851 511
f 1857 1017 1851
f 1857 331 1017
f 297 331 1857
f 974 1948 1750
f 1856 1948 1128
f 1948 297 1750
f 1856 297 1948
f 526 297 1856
f 59 275 273
f 349 47 59
f 349 313 47
f 166 1561 349
f 1561 313 349
f 1561 333 313
f 333 1656 313
f 1851 956 166
f 166 916 1561
f 956 916 166
f 916 1885 1561
f 1885 1516 1561
f 1516 333 1561
f 1516 1067 333
f 1067 596 333
f 596 1656 333
f 596 542 1656
f 542 611 1656
f 1017 956 1851
f 1017 134 956
f 1017 331 134
f 134 916 956
f 134 594 916
f 134 331 594
f 594 1885 916
f 594 180 1885
f 331 180 594
f 180 1516 1885
f 180 493 1516
f 331 493 180
f 493 1067 1516
f 493 1748 1067
f 493 1958 1748
f 331 1958 493
f 297 1958 331
f 1748 596 1067
f 1748 1958 596
f 297 452 1958
f 1958 542 596
f 542 513 611
f 1958 513 542
f 297 1636 452
f 59 213 275
f 47 213 59
f 313 151 47
f 47 151 213
f 1656 1621 313
f 1621 277 313
f 313 1991 151
f 277 1991 313
f 1991 172 151
f 611 1621 1656
f 611 1476 1621
f 1476 826 1621
f 826 277 1621
f 826 1061 277
f 1061 1320 277
f 1320 1991 277
f 1320 1594 1991
f 1991 290 172
f 1594 290 1991
f 513 1476 611
f 513 540 1476
f 1958 540 513
f 1958 452 540
f 540 826 1476
f 540 1009 826
f 452 1009 540
f 1009 1830 826
f 452 1830 1009
f 1830 1061 826
f 1830 1665 1061
f 452 1665 1830
f 1665 1320 1061
f 1665 523 1320
f 452 523 1665
f 523 1594 1320
f 523 1606 1594
f 452 1606 523
f 452 186 1606
f 1606 1767 1594
f 1606 4 1767
f 186 4 1606
f 1767 290 1594
f 1767 1695 290
f 1767 4 1695
f 1636 186 452
f 1636 71 186
f 155 421 213
f 155 95 421
f 151 155 213
f 151 178 155
f 172 178 151
f 172 1993 178
f 1993 477 178
f 477 259 178
f 477 841 259
f 290 1194 172
f 1194 520 172
f 520 1993 172
f 520 1285 1993
f 1285 663 1993
f 1285 759 663
f 663 477 1993
f 759 477 663
f 759 1270 477
f 1270 1117 477
f 1117 841 477
f 1117 1710 841
f 1695 1194 290
f 1695 710 1194
f 1695 4 710
f 710 520 1194
f 710 1513 520
f 4 1513 710
f 4 303 1513
f 186 303 4
f 1513 1285 520
f 1513 730 1285
f 1513 303 730
f 730 759 1285
f 730 1100 759
f 303 1100 730
f 1100 1736 759
f 303 1736 1100
f 1736 1270 759
f 1736 1584 1270
f 303 1584 1736
f 186 1584 303
f 1584 1117 1270
f 1584 1021 1117
f 186 1021 1584
f 186 318 1021
f 1021 1710 1117
f 1021 1227 1710
f 1021 318 1227
f 71 318 186
f 95 142 421
f 95 125 142
f 178 15 155
f 155 15 95
f 15 87 95
f 259 15 178
f 259 1495 15
f 1495 668 15
f 841 664 259
f 1710 664 841
f 664 1151 259
f 1151 1495 259
f 1151 1861 1495
f 1861 1616 1495
f 1616 858 1495
f 858 668 1495
f 858 863 668
f 863 1986 668
f 1227 1966 1710
f 318 1966 1227
f 1966 664 1710
f 1966 1025 664
f 318 1025 1966
f 1025 1151 664
f 1025 860 1151
f 318 860 1025
f 860 1861 1151
f 860 1616 1861
f 860 407 1616
f 318 407 860
f 1616 936 858
f 1616 407 936
f 936 863 858
f 936 1672 863
f 936 407 1672
f 318 63 407
f 1672 1986 863
f 1672 1386 1986
f 407 1386 1672
f 407 64 1386
f 63 64 407
f 307 63 318
f 125 334 304
f 87 125 95
f 87 164 125
f 438 164 87
f 668 1345 15
f 1345 1968 15
f 1345 1199 1968
f 15 438 87
f 1968 438 15
f 1968 113 438
f 1986 1345 668
f 1986 1215 1345
f 1215 1832 1345
f 1832 1199 1345
f 1832 990 1199
f 1199 1079 1968
f 990 1079 1199
f 990 638 1079
f 1079 1889 1968
f 638 1889 1079
f 638 1418 1889
f 1418 1058 1889
f 1889 113 1968
f 1889 1704 113
f 1058 1704 1889
f 1058 1426 1704
f 1426 503 1704
f 1386 1215 1986
f 1386 1404 1215
f 64 1404 1386
f 1404 1832 1215
f 1404 266 1832
f 64 266 1404
f 64 409 266
f 63 409 64
f 266 990 1832
f 266 1815 990
f 266 409 1815
f 1815 638 990
f 1815 1351 638
f 1815 409 1351
f 1351 1418 638
f 1351 984 1418
f 409 984 1351
f 984 1058 1418
f 984 1497 1058
f 409 1497 984
f 409 924 1497
f 63 924 409
f 1497 1426 1058
f 1497 547 1426
f 1497 924 547
f 547 503 1426
f 547 1691 503
f 924 1691 547
f 366 132 351
f 173 351 288
f 173 366 351
f 1772 288 541
f 1772 173 288
f 236 173 1772
f 160 366 173
f 1172 173 236
f 1172 160 173
f 913 160 1172
f 171 366 160
f 927 160 913
f 927 171 160
f 165 171 927
f 1969 171 165
f 33 171 1969
f 1444 541 1531
f 1444 1772 541
f 961 1772 1444
f 961 236 1772
f 1553 236 961
f 1553 1172 236
f 616 1172 1553
f 616 913 1172
f 1330 913 616
f 1330 927 913
f 1120 927 1330
f 1120 165 927
f 574 165 1120
f 574 1969 165
f 1019 1969 574
f 1019 33 1969
f 1780 1531 1984
f 1780 1444 1531
f 1780 961 1444
f 490 961 1780
f 490 1553 961
f 490 616 1553
f 1424 616 490
f 1424 1330 616
f 1424 1120 1330
f 1226 1120 1424
f 1226 574 1120
f 1226 1019 574
f 1072 437 366
f 109 171 33
f 966 366 171
f 966 171 109
f 1955 366 966
f 1792 1955 966
f 1955 1072 366
f 833 1955 1792
f 1820 1955 833
f 1590 1955 1820
f 814 1955 1590
f 1688 1955 814
f 873 33 1019
f 873 109 33
f 1625 109 873
f 1625 966 109
f 724 966 1625
f 724 1792 966
f 700 1792 724
f 700 833 1792
f 988 833 700
f 988 1820 833
f 670 1820 988
f 670 1590 1820
f 605 1590 670
f 605 814 1590
f 1685 814 605
f 1685 1688 814
f 77 1019 1226
f 77 873 1019
f 77 1625 873
f 21 1625 77
f 21 724 1625
f 21 700 724
f 234 700 21
f 234 988 700
f 234 670 988
f 117 670 234
f 117 605 670
f 117 1685 605
f 1963 460 1072
f 1963 949 460
f 1434 1963 1072
f 97 1434 1072
f 1929 97 1072
f 1842 1929 1072
f 1212 1842 1072
f 168 1955 1688
f 1521 1072 1955
f 1521 1955 168
f 1529 1072 1521
f 1140 1529 1521
f 1081 1212 1072
f 1081 1072 1529
f 1928 1081 1529
f 54 1928 1529
f 54 1529 1669
f 1911 1928 54
f 1253 1529 1140
f 1218 1529 1253
f 1669 1529 1218
f 1954 54 1669
f 1131 54 1954
f 823 1688 1685
f 823 168 1688
f 1990 168 823
f 1990 1521 168
f 1140 1521 1990
f 883 1669 1218
f 1954 1669 883
f 1485 1685 117
f 1485 823 1685
f 1485 1990 823
f 654 1990 1485
f 654 1140 1990
f 654 1253 1140
f 159 1253 654
f 159 1218 1253
f 159 883 1218
f 1244 883 159
f 1244 1954 883
f 1244 1131 1954
f 968 1963 1434
f 1963 1001 949
f 1963 563 1001
f 968 563 1963
f 1434 647 968
f 97 647 1434
f 97 1544 647
f 1929 1544 97
f 1929 885 1544
f 1842 885 1929
f 1842 1150 885
f 1212 1150 1842
f 1212 1429 1150
f 1089 1429 1212
f 11 563 968
f 20 968 647
f 20 11 968
f 685 647 1544
f 685 20 647
f 885 685 1544
f 1863 885 1150
f 1429 1863 1150
f 853 1429 1089
f 563 526 1001
f 563 11 526
f 885 1863 685
f 1429 853 1863
f 1783 1928 1911
f 1374 1911 54
f 1304 1783 1911
f 937 1911 1374
f 1048 1304 1911
f 739 1048 1911
f 739 1911 937
f 1081 1089 1212
f 1928 1027 1081
f 1374 54 1131
f 1076 739 937
f 1081 1016 1089
f 1027 1016 1081
f 1928 950 1027
f 1783 950 1928
f 1783 1239 950
f 1304 1239 1783
f 1304 57 1239
f 1048 57 1304
f 1048 1309 57
f 739 1309 1048
f 739 1324 1309
f 739 1046 1324
f 1046 739 1076
f 1016 853 1089
f 336 1016 1027
f 950 336 1027
f 1670 950 1239
f 57 1670 1239
f 933 1309 1324
f 933 1324 1046
f 1670 336 950
f 1309 1670 57
f 762 933 1046
f 1799 1374 1131
f 81 1374 1799
f 81 937 1374
f 1076 937 81
f 1008 1046 1076
f 1799 1131 1244
f 943 81 1799
f 943 1076 81
f 1008 762 1046
f 1008 1076 943
f 143 1226 1424
f 1780 1984 368
f 143 1424 490
f 231 368 347
f 231 1780 368
f 231 490 1780
f 231 143 490
f 361 143 231
f 77 1226 143
f 1950 234 21
f 117 234 1950
f 1950 77 143
f 1950 21 77
f 361 1950 143
f 228 1950 361
f 1485 117 1950
f 1770 1244 159
f 228 1485 1950
f 228 654 1485
f 228 159 654
f 1770 159 228
f 1113 1770 228
f 20 62 11
f 685 62 20
f 1863 62 685
f 853 62 1863
f 11 297 526
f 11 62 297
f 1016 336 853
f 1309 1549 1670
f 933 1549 1309
f 762 1549 933
f 762 1074 1549
f 1549 1074 1845
f 1356 1549 1845
f 1670 1549 336
f 1549 954 845
f 1356 954 1549
f 336 62 853
f 1549 845 336
f 845 62 336
f 845 1959 62
f 1959 392 62
f 392 591 62
f 1597 1799 1244
f 1597 943 1799
f 1008 1074 762
f 1008 1761 1074
f 1761 943 1597
f 1761 1008 943
f 1761 1845 1074
f 1845 1761 1597
f 982 1597 1244
f 1356 1597 982
f 1356 1845 1597
f 1770 982 1244
f 954 1356 982
f 1184 982 1770
f 954 1184 845
f 1184 954 982
f 854 1184 1770
f 1184 1959 845
f 1184 854 1959
f 565 1770 1113
f 565 854 1770
f 854 392 1959
f 854 565 392
f 565 591 392
f 565 1617 591
f 1617 565 1113
f 286 231 122
f 286 361 231
f 208 361 286
f 356 228 361
f 356 361 208
f 1784 1113 228
f 384 228 356
f 384 1784 228
f 62 1636 297
f 591 1275 62
f 1275 1177 62
f 1177 106 62
f 1177 1907 106
f 1907 84 106
f 106 84 1153
f 106 1636 62
f 148 106 1153
f 148 869 106
f 106 1612 1636
f 869 1612 106
f 1617 1275 591
f 1617 1568 1275
f 1568 1617 1113
f 871 1113 1784
f 871 1568 1113
f 1568 1177 1275
f 1568 871 1177
f 871 1907 1177
f 871 1260 1907
f 1260 871 1784
f 1260 84 1907
f 1260 706 84
f 706 1260 1784
f 1550 1784 384
f 1550 706 1784
f 706 1153 84
f 706 1550 1153
f 222 1550 384
f 1550 148 1153
f 1550 772 148
f 772 1550 222
f 772 869 148
f 772 1532 869
f 1532 772 222
f 367 222 384
f 1532 1612 869
f 1532 1255 1612
f 1255 222 367
f 1255 1532 222
f 385 286 211
f 385 208 286
f 440 208 385
f 230 356 208
f 230 208 440
f 367 384 356
f 130 367 356
f 1773 356 230
f 1773 130 356
f 359 1773 230
f 1612 816 1636
f 816 832 1636
f 816 1471 832
f 1471 1884 832
f 832 1884 518
f 832 32 1636
f 32 518 1768
f 32 832 518
f 32 71 1636
f 1282 32 1768
f 1282 78 32
f 32 1937 71
f 78 1937 32
f 1255 816 1612
f 1255 677 816
f 677 1255 367
f 677 1471 816
f 677 811 1471
f 811 367 130
f 811 677 367
f 811 1884 1471
f 811 1682 1884
f 1682 811 130
f 1448 130 1773
f 1682 518 1884
f 1682 1448 518
f 1448 1682 130
f 1448 1768 518
f 1448 192 1768
f 192 1448 1773
f 192 1282 1768
f 192 1235 1282
f 1235 192 1773
f 940 1773 359
f 940 1235 1773
f 1235 78 1282
f 1235 940 78
f 940 1937 78
f 940 1192 1937
f 1192 940 359
f 369 385 80
f 440 385 369
f 289 230 440
f 431 440 369
f 289 440 431
f 1459 359 230
f 1459 230 289
f 1104 1459 289
f 925 1104 289
f 71 185 318
f 1937 1474 71
f 1474 1344 71
f 1344 1248 71
f 1248 340 71
f 1248 1900 340
f 340 185 71
f 1900 617 340
f 340 617 1388
f 714 340 1388
f 340 1325 185
f 714 1325 340
f 1192 1474 1937
f 1192 1173 1474
f 1173 1192 359
f 1890 359 1459
f 1890 1173 359
f 1173 1344 1474
f 1173 1890 1344
f 1890 1248 1344
f 1890 1517 1248
f 1517 1890 1459
f 1517 1900 1248
f 1517 1506 1900
f 1506 1517 1459
f 960 1459 1104
f 960 1506 1459
f 1506 617 1900
f 1506 960 617
f 960 1388 617
f 960 1913 1388
f 1913 960 1104
f 1913 714 1388
f 1913 1364 714
f 1364 1913 1104
f 925 1364 1104
f 1364 1325 714
f 1364 1152 1325
f 1152 1364 925
f 393 369 389
f 431 369 393
f 338 431 393
f 55 431 338
f 200 925 289
f 55 289 431
f 403 289 55
f 403 200 289
f 1978 403 55
f 339 1978 55
f 253 339 55
f 185 307 318
f 1325 1006 185
f 1006 802 185
f 802 1921 185
f 1921 427 185
f 1921 742 427
f 742 662 427
f 185 427 307
f 427 662 1075
f 427 481 307
f 481 1075 1265
f 481 427 1075
f 800 481 1265
f 1152 1006 1325
f 1152 1643 1006
f 1643 1152 925
f 1643 802 1006
f 1643 925 200
f 1643 1921 802
f 1643 765 1921
f 765 1643 200
f 765 742 1921
f 765 1605 742
f 1605 200 403
f 1605 765 200
f 1605 662 742
f 1605 614 662
f 614 403 1978
f 614 1605 403
f 614 1075 662
f 614 1050 1075
f 1050 1978 339
f 1050 614 1978
f 1050 1265 1075
f 1050 1763 1265
f 1763 1050 339
f 257 339 253
f 1763 800 1265
f 1763 1600 800
f 1600 339 257
f 1600 1763 339
f 225 338 393
f 225 393 388
f 398 55 338
f 398 338 225
f 782 253 55
f 782 25 253
f 45 55 398
f 782 55 45
f 1916 782 45
f 307 65 63
f 800 1880 481
f 481 475 307
f 1880 475 481
f 1880 1379 475
f 1379 411 475
f 475 411 653
f 475 156 307
f 156 653 1543
f 156 475 653
f 156 65 307
f 1213 156 1543
f 156 404 65
f 1213 404 156
f 1213 516 404
f 404 516 1455
f 1600 1880 800
f 1600 650 1880
f 650 1600 257
f 809 257 253
f 650 1379 1880
f 650 809 1379
f 809 650 257
f 25 809 253
f 809 411 1379
f 809 1464 411
f 1464 809 25
f 1464 653 411
f 1464 736 653
f 736 1464 25
f 1496 25 782
f 736 1543 653
f 736 1496 1543
f 1496 736 25
f 1496 1213 1543
f 1496 536 1213
f 536 1496 782
f 536 516 1213
f 536 196 516
f 196 536 782
f 1916 196 782
f 196 1455 516
f 196 1343 1455
f 1343 196 1916
f 1932 626 1045
f 626 98 1573
f 1932 98 626
f 98 757 1573
f 98 1243 757
f 98 291 1243
f 1243 1527 675
f 291 1527 1243
f 1527 1956 675
f 1527 491 1956
f 291 491 1527
f 491 1372 1956
f 243 554 1142
f 243 426 554
f 1142 1045 626
f 1142 554 1045
f 243 1142 659
f 235 426 243
f 659 626 1573
f 659 1142 626
f 1580 1573 757
f 1580 659 1573
f 659 1580 243
f 235 243 18
f 1169 757 1243
f 1169 1580 757
f 1580 18 243
f 1580 1169 18
f 1126 1243 675
f 1126 1169 1243
f 1169 1126 18
f 796 18 1126
f 796 675 1956
f 796 1126 675
f 716 18 796
f 235 18 716
f 716 796 1956
f 235 716 1123
f 1123 1956 1372
f 1123 716 1956
f 235 13 426
f 1932 291 98
f 150 291 1932
f 150 278 291
f 181 278 150
f 291 278 491
f 304 457 181
f 334 457 304
f 491 1570 1372
f 491 86 1570
f 86 760 1570
f 86 1306 760
f 1306 1195 760
f 1306 1377 1195
f 1306 1660 1377
f 1377 1660 1909
f 1660 643 1909
f 643 512 1657
f 1660 512 643
f 512 1147 1657
f 235 1123 852
f 852 1372 1570
f 852 1123 1372
f 1960 852 552
f 1960 235 852
f 552 1570 760
f 552 852 1570
f 1960 552 1511
f 306 235 1960
f 1511 760 1195
f 1511 552 760
f 1397 1195 1377
f 1397 1511 1195
f 1511 1397 1960
f 306 1960 469
f 870 1377 1909
f 870 1397 1377
f 1397 469 1960
f 1397 870 469
f 1663 1909 643
f 1663 870 1909
f 870 1663 469
f 1158 469 1663
f 1158 643 1657
f 1158 1663 643
f 23 469 1158
f 306 469 23
f 23 1657 1147
f 23 1158 1657
f 396 235 306
f 278 86 491
f 278 1306 86
f 278 1660 1306
f 1660 108 512
f 278 108 1660
f 181 154 278
f 457 154 181
f 154 382 278
f 457 96 154
f 96 413 154
f 512 1432 1147
f 512 108 1432
f 108 1725 1432
f 108 1766 1725
f 108 1866 1766
f 1766 1866 798
f 1866 1070 798
f 1070 1848 1088
f 1866 1848 1070
f 1866 447 1848
f 1848 1737 1088
f 1848 1699 1737
f 1848 468 1699
f 447 468 1848
f 306 23 1524
f 1524 1147 1432
f 1524 23 1147
f 1811 1524 722
f 306 1524 1811
f 722 1432 1725
f 722 1524 1432
f 1811 722 1661
f 1661 1725 1766
f 1661 722 1725
f 344 306 1811
f 1220 1766 798
f 1220 1661 1766
f 1661 1220 1811
f 174 1811 44
f 344 1811 174
f 44 798 1070
f 44 1220 798
f 1220 44 1811
f 1403 1070 1088
f 1403 44 1070
f 44 1403 174
f 374 1088 1737
f 374 1403 1088
f 1403 374 174
f 904 174 374
f 344 174 904
f 1029 1737 1699
f 1029 374 1737
f 374 1029 904
f 100 306 344
f 278 382 108
f 382 1866 108
f 382 447 1866
f 154 413 382
f 413 41 382
f 96 67 413
f 67 194 413
f 468 1271 1699
f 468 352 1271
f 468 1786 352
f 447 1786 468
f 352 1786 598
f 1786 1642 598
f 1642 441 1964
f 1786 441 1642
f 441 1002 1964
f 441 1713 1002
f 1002 1713 1066
f 793 1699 1271
f 793 1029 1699
f 1029 793 904
f 1651 904 793
f 1651 1271 352
f 1651 793 1271
f 425 904 1651
f 344 904 425
f 425 352 598
f 425 1651 352
f 1461 344 425
f 1461 598 1642
f 1461 425 598
f 116 1461 732
f 116 344 1461
f 732 1642 1964
f 732 1461 1642
f 116 732 872
f 872 732 1964
f 116 872 952
f 952 1964 1002
f 952 872 1964
f 116 952 1478
f 1478 1002 1066
f 1478 952 1002
f 371 344 116
f 382 209 447
f 447 209 1786
f 209 441 1786
f 209 1713 441
f 382 41 209
f 41 1369 209
f 413 194 41
f 194 239 41
f 41 239 1369
f 1713 1628 1066
f 1713 1308 1628
f 1713 1807 1308
f 1308 1807 527
f 1807 126 527
f 126 6 1003
f 1807 6 126
f 6 1979 1003
f 6 808 1979
f 6 190 808
f 190 478 808
f 190 1970 478
f 116 1478 1318
f 1318 1066 1628
f 1318 1478 1066
f 116 1318 851
f 851 1628 1308
f 851 1318 1628
f 116 851 72
f 72 1308 527
f 72 851 1308
f 116 72 1099
f 1099 527 126
f 1099 72 527
f 394 1099 1044
f 394 116 1099
f 1044 126 1003
f 1044 1099 126
f 394 1044 888
f 888 1003 1979
f 888 1044 1003
f 394 888 1758
f 1758 1979 808
f 1758 888 1979
f 394 1758 123
f 123 808 478
f 123 1758 808
f 209 1807 1713
f 209 167 1807
f 1369 167 209
f 1807 167 6
f 167 190 6
f 167 1970 190
f 1369 254 167
f 239 254 1369
f 239 9 254
f 1970 1722 478
f 1970 632 1722
f 1970 1810 632
f 632 1810 1102
f 1810 1337 1102
f 1337 758 1650
f 1810 758 1337
f 758 1686 1650
f 758 615 1686
f 758 1360 615
f 615 862 1686
f 394 123 1382
f 1382 478 1722
f 1382 123 478
f 394 1382 1457
f 1457 1722 632
f 1457 1382 1722
f 394 1457 601
f 1102 1457 632
f 601 1102 771
f 601 1457 1102
f 497 394 601
f 771 1102 1337
f 497 601 1831
f 1827 394 497
f 1028 1337 1650
f 1028 771 1337
f 771 1028 601
f 1267 1650 1686
f 1267 1028 1650
f 1028 1267 601
f 1018 601 1267
f 669 601 1018
f 1831 601 669
f 1018 1267 1686
f 669 1018 862
f 862 1018 1686
f 271 394 1827
f 1905 394 271
f 531 394 1905
f 191 394 531
f 167 1810 1970
f 167 1934 1810
f 1810 1934 758
f 167 835 1934
f 1934 1360 758
f 1934 717 1360
f 167 1906 449
f 254 1906 167
f 449 835 167
f 254 1793 1906
f 254 583 1793
f 9 119 254
f 9 144 119
f 254 1860 583
f 119 1860 254
f 9 1931 144
f 9 52 1931
f 615 1026 862
f 615 1106 1026
f 1360 1106 615
f 1106 1358 1026
f 1360 595 1106
f 669 862 746
f 746 862 1026
f 669 746 1723
f 697 1831 669
f 1664 746 1026
f 1664 1723 746
f 1723 764 669
f 764 1505 669
f 1505 697 669
f 697 867 1831
f 867 497 1831
f 867 572 497
f 572 1827 497
f 572 566 1827
f 1358 1664 1026
f 1106 1601 1358
f 595 1601 1106
f 735 1723 1664
f 764 1723 735
f 1652 697 1505
f 867 697 1652
f 1134 566 572
f 1358 735 1664
f 735 1943 764
f 1943 1505 764
f 1943 1652 1505
f 1652 1757 867
f 1757 572 867
f 1757 1134 572
f 1601 735 1358
f 1601 1943 735
f 595 1943 1601
f 1563 271 1627
f 1563 1905 271
f 1395 531 1905
f 753 191 531
f 566 271 1827
f 566 970 271
f 970 1627 271
f 1563 634 1905
f 634 1395 1905
f 1395 1300 531
f 1300 753 531
f 753 879 191
f 1675 566 1134
f 1675 970 566
f 534 970 1675
f 534 1627 970
f 472 1627 534
f 472 1563 1627
f 634 1563 472
f 1077 1395 634
f 1300 1395 1077
f 553 753 1300
f 535 753 553
f 535 879 753
f 472 1077 634
f 1077 553 1300
f 1077 1962 553
f 1962 535 553
f 717 1160 1360
f 1934 1433 717
f 835 1425 1934
f 1360 744 595
f 1160 744 1360
f 1934 1640 1433
f 1425 1640 1934
f 835 788 1425
f 835 1137 788
f 744 661 595
f 1160 661 744
f 1160 696 661
f 717 696 1160
f 717 1726 696
f 1433 1726 717
f 1433 910 1726
f 1640 910 1433
f 1640 1501 910
f 1425 1501 1640
f 1425 1876 1501
f 788 1876 1425
f 788 1938 1876
f 1137 1938 788
f 1137 576 1938
f 661 1943 595
f 1943 1757 1652
f 696 1943 661
f 696 1757 1943
f 1726 182 696
f 182 1757 696
f 910 182 1726
f 182 272 1757
f 1501 182 910
f 1876 182 1501
f 1938 182 1876
f 1938 89 182
f 89 272 182
f 576 89 1938
f 1757 1675 1134
f 472 1962 1077
f 1675 272 534
f 272 472 534
f 272 1962 472
f 272 1675 1757
f 1793 945 1906
f 583 1163 1793
f 449 1137 835
f 449 1338 1137
f 449 1004 1338
f 1906 1004 449
f 1906 797 1004
f 1906 329 797
f 945 329 1906
f 1793 1010 945
f 1163 1010 1793
f 583 557 1163
f 1338 576 1137
f 1338 46 576
f 1004 46 1338
f 1004 813 46
f 797 813 1004
f 797 693 813
f 329 693 797
f 329 786 693
f 945 786 329
f 945 1715 786
f 1010 1715 945
f 1163 571 1010
f 557 571 1163
f 46 89 576
f 813 89 46
f 813 1965 89
f 1965 272 89
f 693 1965 813
f 786 1965 693
f 1965 471 272
f 1715 1965 786
f 1010 327 1715
f 327 1965 1715
f 327 471 1965
f 571 327 1010
f 557 327 571
f 471 302 272
f 583 537 557
f 1860 537 583
f 1860 827 537
f 1860 649 827
f 119 649 1860
f 119 624 649
f 144 624 119
f 144 1111 624
f 144 1407 1111
f 1931 1407 144
f 1931 1148 1407
f 52 1148 1931
f 52 1362 1148
f 537 484 557
f 827 484 537
f 827 1289 484
f 649 1289 827
f 649 621 1289
f 624 621 649
f 624 828 621
f 1111 828 624
f 1111 1298 828
f 1407 1298 1111
f 1407 1980 1298
f 1148 1980 1407
f 1148 73 1980
f 1362 73 1148
f 1362 1387 73
f 484 327 557
f 1289 446 484
f 446 327 484
f 446 471 327
f 621 446 1289
f 828 446 621
f 1298 446 828
f 1980 446 1298
f 446 16 471
f 73 446 1980
f 73 16 446
f 1387 958 73
f 958 16 73
f 16 302 471
f 396 13 235
f 1483 729 19
f 1788 1483 19
f 1353 1788 19
f 903 1353 19
f 1197 13 396
f 1197 19 13
f 1197 903 19
f 1507 1197 396
f 509 1507 396
f 1801 509 396
f 1054 729 1483
f 1054 1522 729
f 592 1522 1054
f 592 1487 1522
f 1110 1483 1788
f 1110 1054 1483
f 592 1054 1110
f 1671 1788 1353
f 1671 1110 1788
f 1671 592 1110
f 305 592 1671
f 1423 1353 903
f 1423 1671 1353
f 305 1671 1423
f 944 903 1197
f 944 1423 903
f 944 305 1423
f 1500 1197 1507
f 1500 944 1197
f 30 944 1500
f 30 305 944
f 1090 1507 509
f 1090 1500 1507
f 752 1500 1090
f 30 1500 752
f 660 509 1801
f 660 1090 509
f 752 1090 660
f 592 252 1487
f 169 252 592
f 169 248 252
f 169 592 305
f 169 305 30
f 34 169 30
f 420 248 169
f 298 420 169
f 298 169 34
f 238 388 420
f 238 420 298
f 100 396 306
f 586 1801 396
f 1052 586 396
f 140 1052 396
f 1272 140 396
f 1410 1272 396
f 1389 1272 1410
f 1389 1396 1272
f 1410 396 100
f 645 1410 100
f 1449 1801 586
f 1449 660 1801
f 1449 752 660
f 1961 752 1449
f 1961 30 752
f 383 586 1052
f 383 1449 586
f 1535 1449 383
f 1961 1449 1535
f 383 1052 140
f 628 140 1272
f 628 383 140
f 628 1535 383
f 1971 1535 628
f 1971 1961 1535
f 1396 628 1272
f 1971 628 1396
f 1971 1396 1389
f 1894 1389 1410
f 1894 1971 1389
f 314 1971 1894
f 829 1410 645
f 829 1894 1410
f 314 1894 829
f 34 30 1961
f 34 1961 1971
f 314 34 1971
f 342 34 314
f 202 298 34
f 202 34 342
f 458 238 298
f 114 238 458
f 458 298 202
f 895 645 100
f 1154 895 100
f 804 1154 100
f 56 804 100
f 1957 804 56
f 1322 1957 56
f 629 1322 56
f 590 629 56
f 1703 590 56
f 604 645 895
f 604 829 645
f 935 829 604
f 935 314 829
f 604 895 1154
f 1326 1154 804
f 1326 604 1154
f 1326 935 604
f 612 804 1957
f 612 1326 804
f 792 1326 612
f 792 935 1326
f 612 1957 1322
f 1249 1322 629
f 1249 612 1322
f 1062 612 1249
f 1062 792 612
f 1038 629 590
f 1038 1249 629
f 1062 1249 1038
f 1641 590 1703
f 1641 1038 590
f 1641 1062 1038
f 258 1062 1641
f 342 314 935
f 342 935 792
f 258 792 1062
f 342 792 258
f 323 202 342
f 207 202 323
f 207 458 202
f 1778 458 207
f 371 100 344
f 193 100 371
f 193 56 100
f 193 1703 56
f 221 193 371
f 651 193 221
f 1119 651 221
f 699 1119 221
f 1765 699 221
f 1998 221 371
f 1609 221 1998
f 1609 1765 221
f 704 1609 1998
f 1221 704 1998
f 1311 1703 193
f 1311 1641 1703
f 681 1641 1311
f 258 1641 681
f 1311 193 651
f 1119 1311 651
f 1375 1311 1119
f 1375 681 1311
f 1375 258 681
f 1375 1119 699
f 1972 699 1765
f 1972 1375 699
f 83 1375 1972
f 1491 1765 1609
f 1491 1972 1765
f 83 1972 1491
f 704 1491 1609
f 1975 1491 704
f 1975 83 1491
f 1975 704 1221
f 138 342 258
f 83 258 1375
f 138 258 83
f 323 342 138
f 386 323 138
f 250 323 386
f 250 207 323
f 48 207 250
f 332 48 250
f 316 371 116
f 316 116 394
f 110 1998 371
f 1319 1998 110
f 1319 1221 1998
f 147 1319 110
f 110 371 316
f 948 147 110
f 1095 110 316
f 1095 948 110
f 761 1095 316
f 341 761 316
f 1791 761 341
f 204 1791 341
f 1595 204 341
f 1186 1221 1319
f 1526 1221 1186
f 1526 1975 1221
f 1667 1319 147
f 1667 1186 1319
f 1526 1186 1667
f 8 147 948
f 8 1667 147
f 1451 1667 8
f 1451 1526 1667
f 8 948 1095
f 806 1095 761
f 806 8 1095
f 806 1451 8
f 1040 1451 806
f 1015 761 1791
f 1015 806 761
f 1040 806 1015
f 1835 1791 204
f 1835 1015 1791
f 1480 1015 1835
f 1480 1040 1015
f 1512 204 1595
f 1512 1835 204
f 1480 1835 1512
f 1526 83 1975
f 138 83 1526
f 161 138 1526
f 1040 1526 1451
f 161 1526 1040
f 386 138 161
f 121 386 161
f 479 250 386
f 332 250 479
f 479 386 121
f 191 316 394
f 434 316 191
f 1977 316 434
f 1709 316 1977
f 620 316 1709
f 1629 434 191
f 1394 1595 341
f 1818 341 316
f 355 341 1818
f 355 1394 341
f 777 355 1818
f 939 316 620
f 939 1818 316
f 900 777 1818
f 1644 1818 939
f 1644 900 1818
f 1093 1644 939
f 1013 1644 1093
f 989 1644 1013
f 1904 1013 1093
f 901 1013 1904
f 780 1595 1394
f 780 1512 1595
f 1299 1512 780
f 1299 1480 1512
f 599 1394 355
f 599 780 1394
f 1299 780 599
f 593 355 777
f 593 599 355
f 593 1299 599
f 1114 1299 593
f 1164 777 900
f 1164 593 777
f 1114 593 1164
f 584 900 1644
f 584 1164 900
f 1559 1164 584
f 1559 1114 1164
f 989 584 1644
f 1559 584 989
f 969 989 1013
f 969 1559 989
f 1202 1013 901
f 1202 969 1013
f 1804 969 1202
f 1804 1559 969
f 1114 1480 1299
f 1114 1040 1480
f 161 1040 1114
f 1908 161 1114
f 597 161 1908
f 1908 1114 747
f 747 1114 1559
f 747 1559 1804
f 597 121 161
f 1896 121 597
f 50 121 1896
f 1206 121 1231
f 1231 121 50
f 1206 479 121
f 1729 479 1206
f 1589 479 1729
f 261 479 1589
f 1629 191 618
f 1427 434 1629
f 620 1709 1468
f 879 618 191
f 1427 1222 434
f 1222 1977 434
f 1222 857 1977
f 857 1709 1977
f 857 655 1709
f 655 1468 1709
f 1468 227 620
f 1592 879 535
f 1592 618 879
f 501 618 1592
f 501 1629 618
f 579 1629 501
f 579 1427 1629
f 1865 1427 579
f 1865 1222 1427
f 857 1222 1865
f 1415 655 857
f 1346 655 1415
f 1346 1468 655
f 227 1468 1346
f 1865 1415 857
f 1962 1592 535
f 1962 501 1592
f 1307 1346 1415
f 1307 227 1346
f 1962 579 501
f 1865 1307 1415
f 1634 901 1904
f 1005 901 1634
f 939 620 818
f 530 939 995
f 530 1093 939
f 227 818 620
f 818 641 939
f 641 995 939
f 530 1023 1093
f 1023 1904 1093
f 1023 671 1904
f 671 1634 1904
f 671 1421 1634
f 1421 963 1634
f 963 1005 1634
f 1744 818 227
f 1789 818 1744
f 1789 641 818
f 926 641 1789
f 926 995 641
f 926 530 995
f 1988 530 926
f 1988 1023 530
f 671 1023 1988
f 602 1421 671
f 602 963 1421
f 1988 602 671
f 1618 963 602
f 1307 1744 227
f 602 731 1618
f 1307 1789 1744
f 1649 602 1988
f 1649 731 602
f 1649 548 731
f 1005 1202 901
f 718 1202 1005
f 1804 1202 718
f 1618 718 963
f 718 1005 963
f 731 718 1618
f 731 1804 718
f 548 1804 731
f 1962 1865 579
f 1962 1307 1865
f 450 1307 1962
f 272 450 1962
f 926 1649 1988
f 1649 680 548
f 1307 926 1789
f 1307 270 926
f 270 1649 926
f 270 644 1649
f 644 680 1649
f 270 1567 644
f 270 219 1567
f 450 270 1307
f 450 162 270
f 162 219 270
f 162 405 219
f 162 665 405
f 1987 665 162
f 519 1987 162
f 519 1542 1987
f 1587 747 902
f 1587 1908 747
f 799 1908 521
f 799 597 1908
f 680 1804 548
f 680 747 1804
f 644 1683 680
f 1683 747 680
f 1567 1683 644
f 1567 902 1683
f 902 747 1683
f 219 902 1567
f 219 1587 902
f 405 1587 219
f 405 1161 1587
f 1161 1908 1587
f 665 1161 405
f 665 521 1161
f 521 1908 1161
f 1987 521 665
f 1987 799 521
f 1542 799 1987
f 1542 597 799
f 302 450 272
f 302 170 450
f 450 519 162
f 519 1165 1542
f 1014 1165 519
f 450 90 519
f 90 1014 519
f 170 90 450
f 170 1852 90
f 170 750 1852
f 170 1888 750
f 1888 467 750
f 1888 1136 467
f 1888 1452 1136
f 1165 597 1542
f 1014 587 1165
f 587 597 1165
f 587 1896 597
f 90 587 1014
f 90 1135 587
f 1135 1896 587
f 1852 1135 90
f 1852 1107 1135
f 1107 1896 1135
f 1107 50 1896
f 750 1107 1852
f 750 702 1107
f 702 50 1107
f 467 702 750
f 467 633 702
f 633 50 702
f 633 1231 50
f 1136 633 467
f 1136 1231 633
f 1452 1231 1136
f 1452 1206 1231
f 325 170 302
f 1333 1452 1888
f 170 485 1888
f 485 749 1888
f 749 1333 1888
f 485 709 749
f 485 889 709
f 264 485 170
f 264 1847 485
f 1847 889 485
f 264 1547 1847
f 325 264 170
f 264 1241 1547
f 325 2 264
f 2 1185 264
f 1185 1241 264
f 1729 1206 564
f 1333 1206 1452
f 749 564 1333
f 564 1206 1333
f 709 564 749
f 709 1729 564
f 889 1729 709
f 1847 1619 889
f 1619 1729 889
f 1619 1589 1729
f 1547 1619 1847
f 1547 846 1619
f 846 1589 1619
f 1241 846 1547
f 1241 1581 846
f 1581 1589 846
f 1581 261 1589
f 1185 1581 1241
f 1185 1133 1581
f 1133 261 1581
f 164 334 125
f 164 474 334
f 438 326 164
f 164 326 474
f 113 667 438
f 667 326 438
f 667 175 326
f 1401 175 667
f 1704 391 113
f 503 391 1704
f 503 1578 391
f 391 667 113
f 1578 964 391
f 391 1635 667
f 964 1635 391
f 1635 849 667
f 849 1401 667
f 849 652 1401
f 652 838 1401
f 838 175 1401
f 838 1188 175
f 1188 1020 175
f 1691 1578 503
f 1691 1676 1578
f 924 1676 1691
f 924 442 1676
f 63 442 924
f 63 43 442
f 1676 964 1578
f 1676 1689 964
f 1676 442 1689
f 1689 1635 964
f 1689 1208 1635
f 442 1208 1689
f 442 346 1208
f 43 346 442
f 1208 849 1635
f 1208 1687 849
f 346 1687 1208
f 1687 652 849
f 1687 60 652
f 346 60 1687
f 60 838 652
f 60 578 838
f 346 578 60
f 43 578 346
f 578 1188 838
f 578 1647 1188
f 43 1647 578
f 1647 1020 1188
f 1647 1159 1020
f 43 1159 1647
f 65 43 63
f 334 96 457
f 474 96 334
f 474 67 96
f 375 67 474
f 326 375 474
f 326 365 375
f 175 279 326
f 279 397 326
f 397 82 326
f 397 354 82
f 82 365 326
f 1020 279 175
f 1020 543 279
f 543 397 279
f 543 795 397
f 795 1536 397
f 1536 354 397
f 1536 1775 354
f 354 1875 82
f 1775 1875 354
f 1775 899 1875
f 899 905 1875
f 1875 830 82
f 905 830 1875
f 830 308 82
f 830 1361 308
f 1159 543 1020
f 1159 608 543
f 43 608 1159
f 608 795 543
f 608 1996 795
f 608 40 1996
f 43 40 608
f 43 139 40
f 1996 1536 795
f 1996 962 1536
f 1996 40 962
f 962 1775 1536
f 962 1030 1775
f 962 40 1030
f 1030 899 1775
f 1030 784 899
f 40 784 1030
f 784 905 899
f 784 1519 905
f 40 1519 784
f 1519 830 905
f 1519 1254 830
f 40 1254 1519
f 139 1254 40
f 1254 1361 830
f 1254 1223 1361
f 1254 335 1223
f 139 335 1254
f 360 139 43
f 375 85 67
f 67 85 194
f 365 373 375
f 373 85 375
f 82 37 365
f 308 37 82
f 37 129 365
f 129 373 365
f 129 309 373
f 129 76 309
f 1361 1310 308
f 1310 37 308
f 1310 1302 37
f 1302 1274 37
f 1274 129 37
f 1274 1858 129
f 1858 1122 129
f 1122 76 129
f 1122 1520 76
f 1520 1303 76
f 76 1000 309
f 1303 1000 76
f 1303 941 1000
f 1223 1310 1361
f 1223 1268 1310
f 1223 335 1268
f 1268 1302 1310
f 1268 856 1302
f 1268 335 856
f 856 1274 1302
f 856 769 1274
f 335 769 856
f 335 183 769
f 139 183 335
f 139 249 183
f 769 1858 1274
f 769 1992 1858
f 183 1992 769
f 1992 1122 1858
f 1992 1293 1122
f 183 1293 1992
f 183 152 1293
f 249 152 183
f 1293 1520 1122
f 1293 1477 1520
f 1293 152 1477
f 1477 1303 1520
f 1477 1735 1303
f 1477 152 1735
f 1735 941 1303
f 1735 1251 941
f 152 1251 1735
f 135 249 139
f 85 418 194
f 194 418 239
f 373 462 85
f 373 262 462
f 85 462 418
f 309 390 373
f 390 262 373
f 390 216 262
f 387 216 390
f 941 489 1000
f 309 163 390
f 1000 163 309
f 489 163 1000
f 489 101 163
f 163 27 390
f 101 27 163
f 101 1365 27
f 27 1870 390
f 1365 1870 27
f 1365 1236 1870
f 1870 120 390
f 1236 120 1870
f 1236 1420 120
f 120 387 390
f 1420 387 120
f 1420 909 387
f 909 1776 387
f 387 380 216
f 1776 380 387
f 1251 489 941
f 1251 1436 489
f 152 1436 1251
f 152 206 1436
f 249 206 152
f 1436 101 489
f 1436 1450 101
f 1436 206 1450
f 1450 1365 101
f 1450 1692 1365
f 206 1692 1450
f 1692 1236 1365
f 1692 1036 1236
f 206 1036 1692
f 206 281 1036
f 249 281 206
f 249 435 281
f 1036 1420 1236
f 1036 1705 1420
f 1036 281 1705
f 1705 909 1420
f 1705 656 909
f 281 656 1705
f 656 1776 909
f 656 911 1776
f 281 911 656
f 281 1806 911
f 435 1806 281
f 911 380 1776
f 911 1416 380
f 911 1806 1416
f 158 435 249
f 418 9 239
f 418 212 9
f 462 212 418
f 262 201 462
f 462 201 212
f 216 1706 262
f 466 1706 216
f 262 766 201
f 1706 766 262
f 766 115 201
f 380 1753 216
f 1753 466 216
f 1753 1738 466
f 1738 499 466
f 499 1706 466
f 499 1399 1706
f 1399 766 1706
f 1399 1588 766
f 1588 1538 766
f 1538 115 766
f 1538 831 115
f 831 1930 115
f 1416 1753 380
f 1416 551 1753
f 1806 551 1416
f 551 1738 1753
f 551 1108 1738
f 1806 1108 551
f 1806 1716 1108
f 435 1716 1806
f 1108 499 1738
f 1108 1716 499
f 1716 1399 499
f 1399 1144 1588
f 1716 1144 1399
f 435 5 1716
f 1144 1538 1588
f 1144 986 1538
f 1716 986 1144
f 5 986 1716
f 986 831 1538
f 986 1983 831
f 5 1983 986
f 1983 1930 831
f 1983 461 1930
f 1983 381 461
f 5 381 1983
f 395 5 435
f 212 179 9
f 9 1774 52
f 9 337 1774
f 179 337 9
f 212 1935 179
f 212 224 1935
f 201 29 212
f 201 1952 29
f 212 402 224
f 212 465 402
f 29 465 212
f 201 187 1952
f 115 1603 201
f 1603 406 201
f 406 589 201
f 201 293 187
f 201 1708 293
f 201 1846 1708
f 589 1846 201
f 589 1862 1846
f 1930 1603 115
f 1930 1897 1603
f 1897 406 1603
f 1897 1816 406
f 1816 1646 406
f 1646 589 406
f 1646 1121 589
f 1121 1639 589
f 589 124 1862
f 1639 124 589
f 1639 1626 124
f 1626 1504 124
f 124 861 1862
f 124 1234 861
f 1504 1234 124
f 461 1897 1930
f 461 1850 1897
f 461 381 1850
f 1850 1816 1897
f 1850 1037 1816
f 1850 381 1037
f 1037 1646 1816
f 1037 362 1646
f 381 362 1037
f 362 1121 1646
f 362 683 1121
f 362 429 683
f 381 429 362
f 5 429 381
f 5 226 429
f 683 1639 1121
f 683 1680 1639
f 429 1680 683
f 226 1759 429
f 1680 1626 1639
f 1680 1350 1626
f 429 1350 1680
f 429 1759 1350
f 1350 1504 1626
f 1350 1917 1504
f 1350 188 1917
f 1759 188 1350
f 1917 1234 1504
f 1917 1645 1234
f 1917 188 1645
f 5 1720 226
f 5 267 1720
f 5 480 267
f 5 607 480
f 5 1922 607
f 61 1922 5
f 52 825 1362
f 1774 825 52
f 1774 1238 825
f 1774 408 1238
f 337 408 1774
f 337 496 408
f 179 496 337
f 179 1252 496
f 179 504 1252
f 1935 504 179
f 1935 1539 504
f 224 1539 1935
f 224 1837 1539
f 825 1387 1362
f 825 1795 1387
f 1238 1795 825
f 1238 498 1795
f 408 498 1238
f 408 1814 498
f 496 1814 408
f 496 1558 1814
f 1252 1558 496
f 1252 510 1558
f 504 510 1252
f 1837 1129 1539
f 1795 958 1387
f 498 958 1795
f 1814 958 498
f 1558 958 1814
f 510 958 1558
f 510 993 958
f 504 993 510
f 993 16 958
f 993 1915 16
f 1539 993 504
f 1915 42 16
f 1129 993 1539
f 1129 1915 993
f 42 325 16
f 402 1837 224
f 402 672 1837
f 402 1854 672
f 465 1854 402
f 465 942 1854
f 465 886 942
f 29 886 465
f 29 1486 886
f 1952 1486 29
f 1952 754 1486
f 1952 556 754
f 187 556 1952
f 187 1053 556
f 672 1129 1837
f 672 1277 1129
f 1854 1277 672
f 1854 1247 1277
f 942 1247 1854
f 942 524 1247
f 886 524 942
f 886 878 524
f 1486 878 886
f 1486 1868 878
f 754 1868 1486
f 754 423 1868
f 556 423 754
f 556 562 423
f 1053 562 556
f 1053 855 562
f 1277 1915 1129
f 1247 1915 1277
f 524 1915 1247
f 524 268 1915
f 268 42 1915
f 878 268 524
f 1868 268 878
f 423 268 1868
f 423 370 268
f 370 42 268
f 562 370 423
f 855 370 562
f 350 42 370
f 1862 283 1846
f 293 1053 187
f 293 1340 1053
f 293 1419 1340
f 1708 1419 293
f 1708 577 1419
f 1708 1493 577
f 1846 1493 1708
f 1846 687 1493
f 1846 1489 687
f 283 1489 1846
f 1862 533 283
f 1340 855 1053
f 1340 770 855
f 1419 770 1340
f 1419 1115 770
f 577 1115 1419
f 577 505 1115
f 1493 505 577
f 687 508 1493
f 1489 508 687
f 1489 1312 508
f 283 1312 1489
f 283 1032 1312
f 533 1032 283
f 533 776 1032
f 770 370 855
f 1115 370 770
f 505 370 1115
f 505 350 370
f 508 505 1493
f 508 350 505
f 1312 350 508
f 1312 1101 350
f 1101 136 350
f 1032 1920 1312
f 1920 1718 1312
f 1718 1101 1312
f 776 1920 1032
f 1101 928 136
f 136 1178 350
f 1178 39 350
f 1944 1178 136
f 861 1283 1862
f 1234 921 861
f 1283 533 1862
f 861 1143 1283
f 861 876 1143
f 921 876 861
f 921 1879 876
f 1645 921 1234
f 1645 951 921
f 188 951 1645
f 1283 776 533
f 1283 1530 776
f 1143 1530 1283
f 1143 890 1530
f 876 890 1143
f 921 951 1879
f 951 188 1205
f 188 1912 1205
f 1759 1912 188
f 1759 483 1912
f 483 1759 715
f 1759 1817 715
f 1759 226 1817
f 226 1742 1817
f 1530 1920 776
f 890 1920 1530
f 1707 1718 1920
f 876 1334 890
f 1334 1920 890
f 1334 1205 1920
f 1205 1707 1920
f 1879 1334 876
f 951 1334 1879
f 1205 1334 951
f 1912 1707 1205
f 483 1707 1912
f 483 1718 1707
f 715 1718 483
f 715 1101 1718
f 1817 1101 715
f 1742 1101 1817
f 1742 928 1101
f 1742 1720 898
f 1720 1742 226
f 1720 946 898
f 1720 267 946
f 267 1417 946
f 267 480 1417
f 480 1314 1417
f 607 1314 480
f 607 728 1314
f 728 607 682
f 607 1794 682
f 607 1922 1794
f 1922 1042 1794
f 1922 61 1042
f 928 507 136
f 1431 1944 136
f 507 233 136
f 233 801 136
f 801 103 136
f 103 1431 136
f 898 928 1742
f 898 507 928
f 946 507 898
f 946 233 507
f 1417 233 946
f 1417 801 233
f 1314 801 1417
f 1314 103 801
f 728 103 1314
f 728 1431 103
f 682 1431 728
f 682 1944 1431
f 1794 1944 682
f 1794 1178 1944
f 1042 1178 1794
f 1042 39 1178
f 79 225 388
f 79 388 238
f 17 225 79
f 114 79 238
f 17 79 114
f 17 398 225
f 45 398 17
f 70 1916 45
f 1910 70 45
f 69 45 17
f 1910 45 69
f 197 1910 69
f 65 360 43
f 932 404 1455
f 404 53 65
f 932 53 404
f 53 932 1400
f 1012 53 1400
f 53 573 65
f 1012 573 53
f 573 1012 707
f 573 360 65
f 573 36 360
f 36 707 1057
f 36 573 707
f 36 295 360
f 36 1942 295
f 1942 36 1057
f 295 1942 819
f 887 295 819
f 1343 932 1455
f 1343 908 932
f 908 1343 1916
f 459 1916 70
f 908 1400 932
f 908 459 1400
f 459 908 1916
f 459 1012 1400
f 459 1170 1012
f 1170 459 70
f 1170 707 1012
f 1170 220 707
f 220 1170 70
f 779 70 1910
f 779 220 70
f 220 1057 707
f 220 779 1057
f 539 779 1910
f 779 1942 1057
f 779 1342 1942
f 1342 779 539
f 1342 819 1942
f 1342 1733 819
f 1733 1342 539
f 1043 1910 197
f 1043 539 1910
f 1733 887 819
f 1733 464 887
f 464 539 1043
f 464 1733 539
f 473 17 114
f 1778 114 458
f 473 114 1778
f 69 17 473
f 428 69 473
f 242 473 1778
f 428 473 242
f 1760 197 69
f 1760 247 197
f 1760 69 428
f 947 1760 428
f 360 135 139
f 887 884 295
f 295 721 360
f 884 721 295
f 721 419 360
f 721 1071 419
f 1071 529 419
f 419 529 49
f 419 135 360
f 600 419 49
f 600 1193 419
f 419 1867 135
f 1193 1867 419
f 464 884 887
f 464 1925 884
f 1925 464 1043
f 929 1043 197
f 1925 721 884
f 1925 929 721
f 929 1925 1043
f 247 929 197
f 929 1071 721
f 929 1228 1071
f 1228 929 247
f 1228 529 1071
f 1228 1087 529
f 1087 1228 247
f 1087 49 529
f 1087 734 49
f 734 247 1760
f 734 1087 247
f 734 600 49
f 734 1149 600
f 1149 734 1760
f 1149 1193 600
f 1149 648 1193
f 648 1760 947
f 648 1149 1760
f 648 1867 1193
f 48 1778 207
f 229 1778 48
f 229 242 1778
f 199 428 242
f 199 242 229
f 1261 947 428
f 897 1261 428
f 1973 428 199
f 1973 897 428
f 328 1973 199
f 135 158 249
f 1867 58 135
f 58 1317 135
f 1317 725 135
f 1317 1825 725
f 1825 919 725
f 725 919 1679
f 1690 725 1679
f 725 158 135
f 725 448 158
f 725 1482 448
f 1690 1482 725
f 1482 1366 448
f 648 58 1867
f 648 1552 58
f 1552 947 1261
f 1552 648 947
f 1552 1317 58
f 1552 992 1317
f 992 1552 1261
f 992 1825 1317
f 992 1168 1825
f 1168 1261 897
f 1168 992 1261
f 1168 919 1825
f 1168 1679 919
f 1168 1313 1679
f 1313 1168 897
f 1973 1313 897
f 1313 1690 1679
f 1313 1098 1690
f 1098 1313 1973
f 1098 1482 1690
f 1098 1366 1482
f 1098 980 1366
f 980 1973 328
f 980 1098 1973
f 229 48 332
f 92 229 332
f 217 199 229
f 217 229 92
f 443 328 199
f 843 443 199
f 414 843 199
f 424 199 217
f 424 414 199
f 482 424 217
f 158 395 435
f 448 1366 215
f 1982 448 215
f 448 877 158
f 1982 877 448
f 877 1982 1802
f 575 877 1802
f 877 330 158
f 575 330 877
f 575 1458 330
f 330 395 158
f 330 1458 432
f 330 251 395
f 251 432 1583
f 251 330 432
f 817 251 1583
f 980 215 1366
f 980 500 215
f 500 980 328
f 500 1982 215
f 500 868 1982
f 868 328 443
f 868 500 328
f 868 1802 1982
f 868 1575 1802
f 1575 443 843
f 1575 868 443
f 1575 575 1802
f 1575 1049 575
f 1049 843 414
f 1049 1575 843
f 1049 1458 575
f 1049 1475 1458
f 1475 1049 414
f 1475 432 1458
f 1475 1528 432
f 1528 414 424
f 1528 1475 414
f 1528 1583 432
f 1528 1211 1583
f 1211 1528 424
f 1211 817 1583
f 1211 1176 817
f 1176 424 482
f 1176 1211 424
f 274 92 332
f 274 332 479
f 310 217 92
f 310 92 274
f 1409 482 217
f 1406 1409 217
f 1995 1406 217
f 24 1406 1995
f 1995 217 310
f 395 176 5
f 817 560 251
f 251 1599 395
f 560 1599 251
f 1599 244 395
f 244 1301 395
f 1301 679 395
f 679 176 395
f 679 1577 176
f 679 1210 1577
f 1210 726 1577
f 1577 726 1510
f 1176 560 817
f 1176 609 560
f 609 1176 482
f 609 1599 560
f 609 1608 1599
f 1608 482 1409
f 1608 609 482
f 1608 244 1599
f 1608 1488 244
f 1488 1608 1409
f 1488 1301 244
f 1488 971 1301
f 971 1409 1406
f 971 1488 1409
f 971 679 1301
f 971 1237 679
f 1237 971 1406
f 1237 1210 679
f 1237 1446 1210
f 1446 1406 24
f 1446 1237 1406
f 1446 726 1210
f 1446 676 726
f 676 1446 24
f 1341 24 1995
f 676 1510 726
f 676 1341 1510
f 1341 676 24
f 149 479 261
f 1945 479 149
f 1945 274 479
f 12 274 1945
f 1373 274 12
f 965 274 1373
f 1596 274 965
f 319 310 274
f 319 274 1596
f 1637 310 319
f 280 310 1637
f 455 310 280
f 1808 1995 310
f 93 1995 1808
f 1836 310 455
f 451 310 1836
f 1808 310 451
f 1743 93 1808
f 673 93 1743
f 487 673 1743
f 176 61 5
f 176 353 61
f 176 1946 353
f 176 1292 1946
f 176 1653 1292
f 1525 1577 1510
f 1525 1125 1577
f 1577 1125 176
f 1125 1668 176
f 1125 1175 1668
f 606 1175 1125
f 1668 1653 176
f 1175 1196 1668
f 1196 686 1668
f 686 1323 1668
f 1323 1230 1668
f 1323 1296 1230
f 1467 1341 1995
f 1341 1525 1510
f 1341 1467 1525
f 690 1995 93
f 690 1467 1995
f 1467 1125 1525
f 1467 690 1125
f 690 606 1125
f 606 690 93
f 606 975 1175
f 975 606 93
f 673 975 93
f 975 1196 1175
f 975 1339 1196
f 1339 975 673
f 1339 686 1196
f 1339 1191 686
f 1191 1339 673
f 1454 673 487
f 1191 1323 686
f 1191 673 1454
f 1191 1296 1323
f 1191 810 1296
f 810 1191 1454
f 16 325 302
f 2 896 1185
f 2 1898 896
f 1281 1898 2
f 880 1281 2
f 880 646 1281
f 325 880 2
f 880 894 646
f 1 894 880
f 325 711 880
f 711 1 880
f 325 1438 711
f 896 1133 1185
f 896 495 1133
f 495 261 1133
f 495 149 261
f 1898 495 896
f 1898 1391 495
f 1391 149 495
f 1391 1945 149
f 1281 1391 1898
f 1281 1514 1391
f 1514 1945 1391
f 646 1514 1281
f 646 1945 1514
f 646 12 1945
f 894 12 646
f 894 1373 12
f 1 1470 894
f 1470 1373 894
f 1470 965 1373
f 711 1470 1
f 711 546 1470
f 546 965 1470
f 1438 546 711
f 1438 1007 546
f 1007 965 546
f 1007 1596 965
f 42 105 325
f 350 105 42
f 1654 1438 325
f 105 1654 325
f 105 985 1654
f 985 555 1654
f 985 1508 555
f 985 585 1508
f 985 561 585
f 985 1662 561
f 1936 1662 985
f 1203 1936 985
f 1654 1007 1438
f 1654 569 1007
f 569 1596 1007
f 555 569 1654
f 555 287 569
f 287 1596 569
f 287 319 1596
f 1508 287 555
f 1508 1367 287
f 1367 319 287
f 585 1367 1508
f 585 538 1367
f 538 319 1367
f 538 1637 319
f 561 538 585
f 561 865 538
f 865 1637 538
f 865 280 1637
f 1662 865 561
f 1662 807 865
f 807 280 865
f 1936 807 1662
f 1936 850 807
f 850 280 807
f 850 455 280
f 1203 850 1936
f 1203 733 850
f 733 455 850
f 214 105 350
f 214 91 105
f 803 214 350
f 39 803 350
f 803 14 214
f 105 580 985
f 580 1203 985
f 105 1533 580
f 105 688 1533
f 91 688 105
f 91 1381 688
f 1381 1091 688
f 91 1233 1381
f 1233 1869 1381
f 1233 1065 1869
f 622 1233 91
f 622 1428 1233
f 1233 1503 1065
f 580 733 1203
f 580 976 733
f 976 455 733
f 976 1836 455
f 1533 976 580
f 1533 525 976
f 525 1836 976
f 525 451 1836
f 688 525 1533
f 688 1499 525
f 1499 451 525
f 1091 1499 688
f 1091 451 1499
f 1091 1808 451
f 1381 1264 1091
f 1264 1808 1091
f 1869 1264 1381
f 1869 1808 1264
f 1869 1743 1808
f 1065 1743 1869
f 1503 1743 1065
f 1503 487 1743
f 61 991 1042
f 61 353 991
f 353 1453 991
f 1946 1453 353
f 1946 914 1453
f 914 1946 1437
f 1946 1392 1437
f 1946 1292 1392
f 1292 1139 1392
f 1653 1139 1292
f 1653 923 1139
f 923 1653 1348
f 14 1557 214
f 1557 705 214
f 705 1834 214
f 1834 874 214
f 874 91 214
f 874 967 91
f 991 39 1042
f 991 803 39
f 1453 803 991
f 1453 14 803
f 914 14 1453
f 914 1557 14
f 1437 1557 914
f 1437 705 1557
f 1392 705 1437
f 1392 1834 705
f 1139 1834 1392
f 1139 874 1834
f 923 874 1139
f 1348 874 923
f 1348 967 874
f 1668 1085 1653
f 1668 1673 1085
f 1230 774 1668
f 1296 912 1230
f 1653 1085 1348
f 1668 1246 1673
f 1668 1138 1246
f 774 1138 1668
f 774 1230 1918
f 1230 1073 1918
f 1230 1336 1073
f 1230 912 1336
f 1428 1465 1233
f 1465 1747 1233
f 1747 1503 1233
f 1747 568 1503
f 1658 622 91
f 1456 568 1747
f 967 1719 91
f 1719 1658 91
f 1465 1918 1747
f 1918 987 1747
f 987 1456 1747
f 1085 967 1348
f 1085 1719 967
f 1673 1719 1085
f 1673 1658 1719
f 1246 1658 1673
f 1246 622 1658
f 1138 622 1246
f 1138 1428 622
f 774 1428 1138
f 774 1465 1428
f 1918 1465 774
f 1918 1073 987
f 1336 987 1073
f 1633 1454 487
f 1198 1454 1633
f 810 912 1296
f 810 1454 1198
f 568 487 1503
f 1456 1633 568
f 1633 487 568
f 987 1633 1456
f 987 1198 1633
f 1336 1198 987
f 810 1336 912
f 810 1198 1336

