# https://github.com/mikedh/trimesh
v 0.29512247 -0.41888937 0.39343724
v -0.30831492 -0.30721420 0.00777793
v 0.31689334 0.22485474 -0.68993050
v -0.27916607 0.24083783 0.28899333
v 0.28372377 -0.23861924 -0.36307535
v 0.31394112 0.26779774 0.01239394
v 0.31056684 -0.31042805 0.04611207
v 0.24274479 0.30253386 0.07999133
v 0.24750738 0.39106679 -0.28475168
v -0.27967918 0.24790810 0.25915655
v 0.29320818 0.16737086 0.53883803
v -0.30183122 -0.42118949 0.41355968
v -0.30185163 0.34929645 -0.20504320
v -0.15948890 -0.45994058 0.57626200
v -0.01227167 0.10339487 0.73460394
v 0.30784208 -0.30162600 -0.01291206
v -0.31551266 -0.34015658 0.20907703
v -0.31239429 0.27626947 0.01114856
v -0.31221780 0.36618099 -0.35938883
v -0.04110250 -0.11943785 0.78508049
v -0.31144109 0.32615459 -0.70002741
v -0.30573139 0.18864349 0.41938525
v -0.30033118 0.24508668 0.22224899
v 0.14043814 -0.06479856 0.75156838
v 0.07888090 -0.40230107 0.63821810
v 0.03907751 -0.19207475 0.81293058
v 0.22277816 0.19447535 0.52759570
v -0.30334282 0.09220149 0.67617196
v -0.17590527 0.45133942 -0.70030600
v 0.29751334 0.39783919 -0.40097809
v 0.30128467 -0.35092416 0.14049587
v -0.31685627 0.10746124 0.55214328
v 0.29533395 -0.05214317 -0.80115885
v 0.30564427 0.26545456 0.09963760
v -0.26229993 -0.36892408 0.60937238
v 0.28886396 -0.40595865 0.31763273
v -0.31691077 -0.26118383 -0.01296593
v -0.31077442 -0.31014472 0.03441481
v -0.23037906 0.46595430 -0.67687947
v 0.30572984 0.21567197 0.30156901
v -0.31623107 -0.28597969 0.00905897
v -0.31300232 0.34760755 -0.29224071
v 0.16129747 -0.12319081 0.82695311
v 0.31711543 -0.07728925 0.60266531
v 0.21331589 -0.28431556 0.76962769
v -0.08610609 -0.09083490 0.76169747
v -0.30654520 0.39110467 -0.41431487
v -0.27687594 -0.38216853 0.19467402
v -0.25785691 0.37587985 -0.23062404
v -0.01082986 -0.11816432 -0.81668764
v -0.31630924 0.19237313 -0.72116876
v 0.27723610 -0.07712435 -0.81679064
v 0.20950903 -0.11885500 -0.81118929
v 0.31697580 0.35840383 -0.61867613
v -0.17832665 -0.05503694 0.71864200
v -0.19719394 0.44106624 -0.70822769
v -0.29511356 0.08613744 -0.78658652
v 0.28878000 -0.11575039 -0.78386074
v 0.31703302 0.34231803 -0.39171389
v 0.06283130 -0.11381552 -0.82159233
v 0.29254931 -0.21172252 -0.44014633
v 0.31341743 -0.34630790 0.21751000
v 0.28795800 0.30029568 0.02782120
v -0.25927442 0.32138929 -0.01055008
v -0.29549423 0.36914626 -0.70944393
v -0.29039019 0.31680435 -0.73023593
v -0.31264034 -0.25081170 -0.17695916
v 0.02001471 -0.28141657 0.77600390
v -0.30695403 0.20395002 -0.74366581
v -0.31661710 0.16677399 0.38627851
v -0.14916049 -0.12118665 -0.81303382
v -0.31341776 0.13397925 0.55358779
v 0.14331940 -0.20717722 0.83841032
v -0.31562874 0.29994324 -0.12672539
v -0.26506788 0.11230022 0.69939071
v 0.24083695 -0.39874673 0.61121583
v -0.28301787 -0.32026914 -0.04227006
v -0.30917567 0.02478109 -0.78041571
v 0.30175853 0.38807529 -0.38312709
v -0.30530474 -0.02018569 -0.79412800
v -0.30451068 0.20532645 0.35994065
v 0.22095858 -0.02448911 0.71549553
v -0.31665581 0.34768447 -0.38791379
v -0.21215877 0.15647204 0.66679162
v -0.30650914 0.26615539 0.10429532
v 0.27469647 0.42677391 -0.69810742
v -0.29108518 -0.21910144 -0.42480469
v -0.10406635 0.47714528 -0.64471579
v -0.31412566 0.25333881 0.08389881
v -0.29786432 -0.13391647 -0.71421695
v -0.28611064 -0.37118194 0.16281639
v 0.26172391 0.28132519 0.14831123
v 0.01183136 0.12607357 0.71653289
v -0.30757922 0.13016495 -0.76029426
v -0.29630816 -0.00868312 -0.80452955
v -0.00046258 0.14752740 0.69507951
v -0.30433106 0.42262155 -0.53709644
v 0.20427543 -0.35894606 0.64984357
v 0.25751513 0.24699228 0.29120407
v 0.24536166 0.46867120 -0.64449114
v -0.27291244 0.15884729 -0.78116792
v -0.23204829 0.43377793 -0.71072072
v 0.30566725 -0.30113032 -0.03032910
v 0.29196411 -0.17193994 -0.59585720
v -0.30647641 0.30108735 -0.03740557
v -0.07517260 -0.44060844 0.60412961
v 0.28654954 -0.00778948 -0.80991977
v -0.28962389 0.18549615 0.49351314
v 0.30380759 -0.12074967 -0.72729236
v 0.30750245 -0.29148701 -0.05079019
v -0.30009025 -0.26755857 -0.21071696
v 0.30763295 -0.22985600 -0.29874724
v -0.27850500 -0.24385116 -0.34684533
v -0.25426653 0.19820516 0.49419236
v -0.28653181 0.12438620 -0.78388733
v 0.31564537 -0.27030227 -0.05886224
v 0.28827500 0.25127977 0.22450650
v -0.31650469 0.36626437 -0.48849392
v -0.31343746 -0.34485245 0.56301498
v 0.28207383 0.29272801 0.06789226
v 0.31445807 0.17904073 -0.72694176
v 0.12045857 0.08992755 0.73946381
v 0.31703424 0.31756550 -0.29760414
v -0.28863350 0.28525257 0.09231653
v 0.25189552 -0.35462826 0.62494838
v 0.18385038 -0.12744677 0.82357705
v 0.27232364 0.18354990 0.52435684
v -0.30697605 -0.16198744 -0.57966799
v 0.25797454 -0.34730789 0.03379190
v 0.31471223 -0.10235212 -0.70538121
v -0.31133002 -0.15981875 -0.55165309
v 0.16922317 -0.01903952 0.73077667
v 0.27693090 -0.36932418 0.14459580
v -0.28714862 0.27377945 0.13876146
v -0.01441092 -0.10167257 -0.82906163
v -0.19704886 0.47251308 -0.66636926
v -0.30463061 -0.35551453 0.16526075
v 0.02109929 -0.09240635 -0.83289427
v -0.30810288 -0.35572881 0.19278856
v 0.30803040 0.36661252 -0.33472595
v 0.30853009 -0.39996943 0.39363524
v 0.20211144 -0.08573207 -0.83510125
v 0.31415057 0.31431490 -0.69254774
v 0.28382513 -0.19240347 -0.53856879
v -0.29706076 0.01793578 0.68187433
v 0.28488609 0.38756385 -0.31665063
v 0.27899072 0.12264288 0.68461680
v 0.31707525 -0.11452453 -0.60900414
v -0.31306723 0.32812747 -0.20917620
v -0.29890755 -0.29543716 -0.09785254
v -0.28348112 -0.28538859 -0.17842573
v -0.30558890 0.40254337 -0.44756582
v -0.31040925 -0.09025612 -0.75030243
v -0.29855546 -0.38094258 0.23689133
v 0.29929140 -0.41150087 0.55683511
v 0.15904312 0.09315791 0.73657852
v -0.30138645 -0.30003649 -0.07663023
v -0.07812118 0.12105948 0.72259867
v -0.04521348 -0.09458494 0.77425021
v -0.30079490 0.05950658 -0.78823781
v -0.30888292 -0.36311525 0.22602017
v 0.30958891 -0.26693252 -0.13662042
v -0.26404580 0.28705499 0.12322380
v -0.31233966 0.22495873 0.21975456
v 0.30070803 -0.36383051 0.19268282
v -0.31405216 -0.02410426 -0.77165264
v -0.29390416 -0.35143518 0.10206991
v 0.31469497 -0.08059607 -0.72347099
v 0.25420073 -0.08555446 -0.82491708
v -0.30905926 -0.09356795 0.64459199
v -0.23607717 -0.43216470 0.35372171
v 0.30727366 -0.24145423 -0.25160852
v 0.18450853 -0.25659510 0.80798602
v 0.31603095 0.37547013 -0.46383902
v 0.01093976 -0.11717247 0.80137533
v 0.29458460 0.21703196 0.34540415
v -0.28517526 -0.11179341 -0.78185701
v -0.18453987 0.13725241 0.70584130
v -0.25116274 0.45135543 -0.69318193
v -0.08030465 -0.12634398 -0.80288082
v -0.30340031 0.24139079 -0.73996449
v -0.00418990 -0.28817269 0.76223379
v -0.30242616 -0.29762638 0.60121953
v -0.02556195 0.15031926 0.69173062
v 0.26284438 -0.25792289 -0.31568593
v 0.26462784 -0.42104053 0.33305553
v -0.30700552 0.23094812 0.24253790
v 0.31588182 0.12032302 -0.73523778
v -0.31392443 0.18530656 0.36092168
v -0.30920693 0.30037096 -0.05659011
v 0.31693393 -0.26982120 0.01944940
v -0.29397163 -0.24324022 0.62505573
v -0.12484476 -0.11103075 -0.82410353
v -0.31695625 -0.30695277 0.14949863
v -0.29147980 0.39276138 -0.70507890
v -0.31688559 0.24235919 0.05667216
v 0.29533374 0.38929102 -0.36053765
v -0.30018142 0.26068643 0.15727708
v -0.31599644 0.01145093 0.62248552
v -0.26849511 0.38184363 -0.26687965
v 0.30748504 -0.18461742 -0.47822610
v 0.31621990 0.29194430 -0.12054358
v -0.31523538 -0.10170456 -0.67297524
v -0.30045170 0.14271596 0.59545559
v 0.26246372 -0.45820576 0.50050485
v 0.01629688 0.46755970 -0.68368036
v 0.27546749 -0.10218883 -0.80696875
v -0.28550109 0.21819343 0.37100893
v -0.10586675 -0.47649848 0.52733141
v -0.31121299 0.39459640 -0.46928987
v -0.30396283 -0.04355658 -0.79206520
v 0.30734193 -0.36976227 0.56853133
v 0.17154118 -0.47385150 0.52708459
v 0.31374988 0.13383256 0.53124195
v 0.25282830 -0.38987243 0.19776981
v -0.29862413 0.03993301 -0.79366511
v -0.27813053 0.41648635 -0.70276332
v 0.25314808 -0.07111659 0.72813660
v 0.30727294 0.24611905 0.16695267
v 0.31695530 -0.19428600 -0.28017101
v 0.28981012 0.27083465 -0.74308705
v 0.30664209 0.18178178 0.42730930
v 0.20147771 -0.32203788 0.71684790
v 0.31562498 -0.22000717 -0.25987366
v 0.30413005 -0.18469697 -0.50054359
v -0.28674260 0.35363501 -0.18142976
v 0.22504056 0.38610396 -0.25213367
v 0.31428102 -0.16228279 -0.50314832
v -0.03259838 -0.06823093 -0.83413666
v -0.31704432 -0.36331818 0.36554292
v -0.09917663 0.46072626 -0.68919742
v 0.30860737 0.25346756 0.12363613
v 0.01909786 -0.37100381 0.66545302
v -0.04895542 0.46228635 -0.68836153
v -0.30162811 -0.27061766 -0.18965162
v 0.28524616 -0.43653101 0.55485111
v 0.29915714 0.35990557 -0.25672257
v -0.31221598 0.26490253 0.05228882
v 0.10902134 0.14616184 0.69586515
v -0.10018729 -0.11723670 -0.81977260
v 0.26819736 -0.12269791 -0.79397672
v 0.31427726 -0.31365219 0.09964412
v -0.30684608 -0.42502168 0.47974035
v 0.31660521 0.19093049 0.27411580
v -0.00946472 -0.14572562 -0.76427102
v -0.27989119 -0.25046828 -0.31948882
v -0.26027420 0.43074298 -0.70495576
v -0.31211835 -0.13485883 0.62801021
v 0.28816208 0.26136935 0.18030445
v -0.30489036 -0.40542534 0.36929294
v 0.31224298 0.36896908 -0.38473898
v 0.23270281 -0.11574057 0.78834450
v 0.30447695 0.23358084 -0.73727065
v 0.30451965 -0.39209768 0.32871667
v -0.30801025 0.35159278 -0.69996405
v 0.29577407 -0.34430569 0.59434026
v -0.31374550 0.14343035 0.52401596
v 0.17654793 -0.39639252 0.63084656
v 0.31276506 0.21861859 0.22522891
v 0.08036746 -0.22907625 0.82514346
v 0.31112915 0.28999019 -0.70766044
v -0.27094391 -0.39564547 0.24074070
v 0.30153883 0.01598432 -0.79104573
v 0.31212491 -0.39646468 0.49986258
v 0.25057828 0.45264852 -0.53855819
v 0.19939882 0.47133741 -0.60386282
v 0.31667084 0.15372947 0.39496937
v 0.04627770 -0.26676598 0.79454345
v -0.30004039 -0.33481473 0.05429945
v 0.03080033 -0.12239632 -0.80804932
v 0.30088541 -0.33344680 0.06955642
v 0.23072149 -0.28154680 -0.24307328
v -0.31313094 -0.25830567 -0.14915249
v -0.31286687 0.10988797 -0.75356954
v -0.27485442 -0.33113915 -0.00915289
v -0.27505732 -0.45154718 0.52135330
v -0.30845717 0.38024518 -0.37562728
v -0.12089615 -0.26691487 0.71211904
v 0.31716004 0.20127584 0.19902095
v 0.11627420 -0.11893536 -0.81294066
v 0.30300036 -0.29491919 -0.07046755
v 0.29022110 0.22601970 0.31643242
v -0.31488830 0.35314646 -0.34058473
v -0.31316295 -0.07864451 -0.71001661
v 0.21209252 -0.05856423 0.73157573
v 0.29832539 -0.29478103 -0.09035875
v -0.30875233 0.09525234 -0.76746929
v -0.28020141 -0.27465639 0.62670076
v -0.31618920 0.38134924 -0.56721234
v 0.29828531 0.16581991 -0.76204330
v 0.29109505 -0.14857233 -0.68769467
v -0.04777351 -0.31224275 0.72653115
v -0.30172053 0.36578089 -0.27156612
v -0.25419924 -0.21518277 -0.48561391
v 0.27821034 -0.42786044 0.57281321
v -0.17591092 0.06881726 0.73382753
v -0.29004145 0.27601099 -0.74237478
v -0.31701380 0.27885634 -0.10463136
v -0.30025381 -0.10899493 -0.76779848
v -0.27972791 -0.06064184 0.67889053
v 0.20857340 -0.00559553 -0.83109832
v -0.29553828 -0.10802533 0.65978700
v 0.30461767 -0.31644776 0.02367055
v -0.26863265 -0.40415376 0.27117780
v 0.29565588 0.13819511 0.62693262
v -0.03233944 -0.04334027 0.73252147
v 0.09872708 0.45633540 -0.69655728
v -0.28979030 -0.25695702 -0.27635592
v 0.11522014 -0.03075427 0.73372054
v 0.28965184 0.35878247 -0.21751668
v -0.19806868 0.09577598 0.72859752
v 0.30218101 -0.26549479 -0.19323768
v 0.30506814 0.15574643 0.52897257
v 0.30457920 -0.26763013 -0.16988094
v -0.31704009 0.21723624 0.11435957
v 0.31184599 0.15381390 -0.74114108
v 0.30382648 -0.36676279 0.21867935
v 0.06559457 -0.05561136 0.74366790
v 0.29321641 -0.36399522 0.16609712
v 0.31097984 0.15852678 0.47625363
v 0.22637869 -0.45416307 0.56992972
v -0.30968973 -0.27066129 -0.12794532
v -0.23132536 0.27242175 0.21077415
v -0.30761462 0.37021810 -0.33232087
v 0.25353792 -0.32708129 0.63771266
v -0.30987096 -0.41554123 0.45115405
v 0.06692623 0.44322801 -0.70720255
v 0.31287163 0.10071706 0.63931662
v -0.31042263 -0.33795601 0.14269677
v 0.19025753 -0.03439476 0.72585237
v -0.26957068 0.15410292 0.64201087
v -0.22885977 0.14011656 0.68926597
v -0.24563432 -0.46064904 0.49322885
v -0.30330598 0.33453092 -0.15163554
v 0.00820076 -0.12162583 -0.81001937
v 0.27948365 -0.22662114 -0.41557285
v -0.30720845 0.10946921 0.65375054
v -0.30634254 0.21505623 0.31256989
v 0.13181040 -0.11255595 -0.82210356
v 0.30005601 0.25447828 -0.73882997
v 0.27844766 -0.31191692 -0.07902970
v 0.15625973 -0.10939479 -0.82493776
v 0.04515578 -0.29775298 0.77223706
v -0.30573526 -0.11783096 0.64555144
v -0.28292713 -0.30836582 -0.08734215
v -0.27787811 -0.43469641 0.56462806
v 0.30445245 0.28436154 0.03072370
v -0.27974594 -0.43451479 0.41518459
v 0.31155258 -0.14190054 -0.61249757
v 0.29941919 0.43216038 -0.57560647
v 0.31256244 0.39893293 -0.61970717
v 0.26010767 0.37272269 -0.22107837
v -0.31695819 -0.28249934 0.03627845
v 0.29189941 0.37088555 -0.27027068
v -0.14421253 -0.44761410 0.59478480
v 0.24005067 -0.02763165 0.70857435
v -0.29729208 -0.03531044 -0.80524564
v 0.04109458 0.07958182 0.74357486
v 0.06073604 0.14869671 0.69355047
v 0.26158753 0.39216951 -0.72269779
v 0.30956811 -0.21321055 0.62051272
v -0.30206656 0.22927237 0.28111506
v -0.00641518 0.46585116 -0.68514872
v -0.29403561 0.42895293 -0.67851901
v -0.15488589 0.47372469 -0.66405487
v 0.29411581 0.20234500 0.40279353
v -0.29809049 0.44055337 -0.61134142
v -0.09411962 -0.05482087 0.73418522
v -0.31644019 0.18126896 0.33668253
v -0.14106742 0.39860779 -0.73045623
v 0.09336238 -0.03048769 0.73384529
v -0.30829880 -0.17962521 -0.50169605
v 0.26607606 -0.43521965 0.39377439
v 0.11524151 -0.06634387 0.75431728
v -0.30081099 -0.28297475 -0.14548901
v -0.27367356 -0.11132187 0.67386603
v -0.09213004 -0.14599213 -0.76446205
v 0.20689231 -0.03711305 0.72118878
v 0.21741782 -0.10108626 0.78761327
v -0.30223209 -0.17341939 -0.56145620
v -0.29087329 0.26235276 0.17733306
v -0.31296936 0.26124302 -0.71519339
v -0.31021002 0.30237445 -0.71072668
v -0.28655982 0.18272258 -0.76957220
v -0.30226839 0.38437480 -0.35058352
v 0.29779589 0.21137448 -0.75264376
v -0.26340845 -0.32111534 -0.06159199
v -0.31587535 -0.04286322 0.04612719
v -0.29348075 -0.28449878 -0.16065568
v -0.26837820 0.33650890 -0.08224385
v 0.26856235 -0.02515509 -0.82205003
v 0.25995889 -0.30553064 0.65162325
v -0.30846378 -0.11029192 -0.72675425
v 0.29496193 -0.30790171 -0.05192472
v 0.27218547 -0.04854464 0.69636995
v 0.30384484 -0.24150389 -0.27615306
v 0.14861727 -0.35163710 0.70758188
v -0.31474859 -0.17833856 -0.43866429
v 0.31415030 -0.29663363 0.02896820
v -0.11362668 0.16358060 0.65879357
v 0.29062617 0.23332857 -0.75376511
v 0.09209760 -0.09600317 -0.83197713
v -0.16120285 -0.13192225 -0.79416442
v 0.06872305 -0.14639623 -0.76237279
v -0.27926213 -0.21592905 -0.45543927
v -0.30454481 0.16584870 0.51597315
v -0.30057511 0.41108003 -0.68671423
v -0.26729771 0.27421862 -0.75421786
v 0.29828379 -0.42200810 0.53068370
v 0.31691363 -0.30896357 0.14015831
v 0.30416372 -0.40368006 0.37111616
v 0.26251686 -0.45429128 0.55366254
v 0.23820679 0.13930216 0.68890131
v 0.04142900 -0.47758296 0.52420807
v 0.31723616 -0.13125023 -0.54849052
v 0.24527101 -0.26876241 -0.28691283
v 0.29944566 0.17958908 0.47326064
v 0.28403795 -0.42137817 0.36616620
v 0.29867890 0.06031143 -0.78752458
v -0.29235324 -0.19872023 -0.50076884
v 0.30417821 0.31786978 -0.10416786
v 0.30698994 -0.36738923 0.24313852
v 0.28680944 -0.28373238 -0.17696369
v 0.31320211 0.21116172 0.25207385
v -0.30600923 -0.40841556 0.39323014
v -0.30025840 -0.38540033 0.25679812
v 0.02949241 -0.04352798 0.73456556
v 0.29527012 -0.09489492 -0.79592365
v 0.27382085 -0.02740862 0.69328403
v -0.08269854 -0.45711914 0.58541173
v 0.31391364 -0.21901445 -0.28372574
v 0.25695026 -0.41362241 0.29683250
v 0.30764237 0.36162019 -0.31017539
v 0.26446840 0.26659626 0.20514792
v 0.26784560 0.29195493 0.09557771
v -0.14498477 -0.31508034 0.67645818
v -0.22676739 -0.09389377 -0.83079755
v 0.29197526 0.35322013 -0.71794039
v -0.31208849 0.01625330 0.65786999
v 0.31686535 -0.15712197 -0.47733822
v 0.31704578 0.31503722 -0.26063833
v -0.29774669 -0.26210481 -0.23311524
v -0.30743867 0.28162649 0.03339887
v -0.31683162 0.32510403 -0.29481977
v 0.30510825 -0.14800288 -0.63588881
v 0.30827788 -0.15369990 -0.59362727
v 0.24078678 -0.04897377 0.71321690
v 0.26041189 0.35608688 -0.15388830
v -0.25549027 -0.45319271 0.56151718
v 0.27651745 0.24650538 0.26496416
v -0.28738427 0.44932806 -0.66229159
v -0.07835610 0.15795349 0.67382538
v -0.30637690 -0.13640548 -0.67453718
v 0.00956315 -0.04483019 0.73435122
v 0.20232344 -0.40139386 0.62086058
v 0.30803385 -0.10348307 -0.74323851
v -0.25382587 -0.34409308 0.01987895
v -0.31374773 0.08121910 0.65405822
v 0.30232677 0.29084143 0.01319701
v -0.31699750 0.11645134 0.52484542
v 0.23320583 -0.34370616 0.00185388
v 0.03846984 -0.44126782 0.60611337
v 0.24809395 -0.23784426 0.77383482
v -0.31081691 0.41955277 -0.61930513
v 0.22733724 -0.08954566 -0.83168465
v -0.30586931 0.17136286 -0.75488800
v -0.15790890 0.43530929 -0.71176046
v 0.31703722 -0.15616041 -0.44029704
v -0.31699511 0.27401221 -0.06890465
v -0.31699091 0.27941671 -0.15693678
v 0.28050411 0.43697363 -0.51050133
v 0.29676411 0.12981004 -0.77336884
v 0.29165691 0.05044639 0.69022459
v -0.30264452 0.31435487 -0.06856041
v 0.31694150 -0.22616871 -0.16231957
v 0.30355397 0.14669707 0.57412195
v 0.24919064 0.21230564 0.44104299
v 0.29120585 0.19372955 0.44291949
v 0.15695396 -0.25807339 0.81698626
v 0.29011869 0.36546490 -0.24043038
v -0.30778354 -0.15414377 -0.60338265
v -0.06716464 -0.09919838 0.77124435
v 0.29581022 0.25079438 0.20579125
v -0.27958745 -0.16388220 0.65815687
v 0.30508378 0.42496306 -0.63844746
v -0.29653633 -0.06029530 -0.80128717
v 0.15084833 -0.04127202 0.73377556
v -0.28982380 -0.16839260 -0.61991131
v 0.24327983 0.29161134 0.12403281
v 0.28639269 0.21518359 0.37172553
v 0.00035565 -0.47632101 0.53237379
v -0.26510090 -0.09939276 -0.82488555
v -0.28650811 -0.33366585 0.01792441
v -0.24915789 0.30863574 0.05067009
v -0.12413983 -0.12454444 -0.80685884
v -0.24646357 0.40914783 -0.71949697
v 0.27192461 -0.32314503 -0.04644667
v 0.10918147 0.42924601 -0.71618778
v 0.31648007 0.18006901 0.32519570
v 0.28510854 -0.33279857 0.01618518
v -0.30544055 -0.19033326 -0.47774547
v 0.30140555 0.16751178 0.51210308
v 0.31198192 -0.34536868 0.19716620
v 0.26245642 0.03726124 -0.81344604
v 0.23765205 0.11910427 0.70821726
v 0.29178968 0.41848648 -0.46327320
v -0.29784638 0.28408664 0.07369509
v -0.23261730 -0.24447130 -0.38650689
v -0.30030772 0.43521506 -0.57247221
v -0.30623785 -0.39321771 0.33169097
v -0.05022497 -0.11176565 -0.82363200
v 0.28042978 0.28094709 0.11879664
v -0.07312886 -0.06431615 0.74532568
v 0.22299990 -0.04792549 0.71926254
v 0.21146707 0.33960852 -0.74464697
v -0.31663266 -0.24227759 0.58397228
v 0.23027816 -0.11337373 -0.81730348
v 0.31022841 -0.18742287 -0.44423327
v -0.27335754 -0.36577553 0.12522860
v 0.30923170 0.26977426 0.05123699
v 0.28651071 0.01187725 -0.80838740
v -0.23992972 -0.40999654 0.60427374
v 0.23097503 0.46675792 -0.66487712
v 0.29182169 -0.20114690 -0.48685384
v 0.31479150 0.09630347 0.60510111
v -0.25894970 0.03810610 0.71248066
v -0.10197093 0.12981015 0.71453464
v 0.24219024 0.46904689 -0.61571914
v -0.30345678 0.32062995 -0.71783370
v -0.31421399 -0.31277147 0.08290055
v 0.30313030 0.23726563 0.22636294
v 0.31089950 -0.33313707 0.14116374
v -0.27270648 0.03371470 -0.81168705
v -0.31706503 0.18212740 0.26322001
v 0.27693626 -0.00282281 0.69464010
v 0.09971155 -0.11156449 -0.82320106
v 0.31688416 -0.28611782 0.04985163
v 0.06531397 -0.01847602 0.73530197
v -0.01155110 -0.02373444 0.73215473
v -0.31238908 -0.27521238 -0.09070504
v 0.29495817 0.14588240 0.60834545
v 0.30767751 0.31658673 -0.12511657
v 0.24521324 0.43555489 -0.70638138
v 0.15185285 -0.05513204 0.74136913
v -0.24485588 0.24427882 -0.76679629
v 0.30348778 0.14259677 -0.76084405
v -0.25459296 0.35808510 -0.15483820
v -0.29399401 -0.17172073 -0.59819210
v 0.31123757 -0.31373015 0.06251436
v 0.25579217 0.31529406 0.01703956
v 0.31385097 -0.26295072 -0.10934839
v -0.24007121 0.16122229 0.64182585
v -0.30263892 -0.24646387 -0.27792692
v 0.30417433 0.42860553 -0.61190099
v -0.28696725 -0.42054695 0.36352026
v -0.05061875 -0.12263301 -0.80911773
v 0.29891518 0.14759825 0.59095246
v -0.23501036 -0.44966179 0.57671863
v 0.23608798 -0.36436218 0.08441672
v -0.25236490 0.16941243 0.60907131
v -0.21272895 0.24347150 0.33165267
v 0.30632722 -0.22678156 -0.31880087
v -0.30664271 0.20649207 0.34025726
v -0.31243610 0.39537796 -0.49381635
v -0.04670080 0.11976241 0.72310501
v 0.27502340 -0.18492447 0.75096375
v 0.30372545 -0.22467697 -0.34316498
v 0.06455570 -0.12442429 -0.80370188
v -0.31538448 0.22620824 0.17276961
v 0.30274525 0.11054875 0.66422647
v -0.30401975 -0.33747339 0.08780011
v 0.28456998 0.03198404 -0.80661380
v -0.27312812 0.10001684 -0.79556447
v -0.30410290 0.11637862 -0.77054447
v 0.19498396 -0.46601689 0.55539101
v 0.30799830 0.12168501 0.61937052
v 0.30925936 -0.38329002 0.55451077
v 0.06579089 0.47665763 -0.65805900
v 0.31268781 -0.29649067 0.00903397
v -0.21666120 0.13002074 -0.79820871
v 0.28533682 0.14953041 -0.77784467
v -0.31107375 0.04929459 -0.77096826
v 0.28544354 -0.10345182 0.71225202
v -0.15109496 -0.05414537 0.72506279
v -0.05751133 -0.07370452 -0.83571899
v -0.25740248 0.17687693 0.57364184
v 0.14640015 0.42908978 -0.71590304
v 0.29243490 -0.39746153 0.57641786
v -0.24876834 0.47338232 -0.63321877
v 0.04606218 -0.11714780 -0.81723404
v -0.26433092 0.45852602 -0.67321992
v -0.29237729 -0.20381567 -0.48182082
v 0.27226189 -0.13279432 -0.77242219
v -0.09599783 -0.31992161 0.69640386
v -0.31271383 0.34469488 -0.27219209
v 0.28100699 0.25303513 -0.75491387
v 0.16433685 -0.08430193 -0.83466446
v -0.01242735 -0.31433070 0.74034435
v 0.29984629 -0.19998865 -0.46148545
v 0.29594740 0.26746511 0.13823041
v -0.29841241 -0.20874888 -0.44128129
v -0.30318344 0.32687330 -0.12364737
v -0.29261699 0.38059020 -0.30765751
v 0.27628410 0.31566387 -0.01137504
v -0.26881853 0.25935805 0.22948997
v 0.21069470 0.10618095 0.72221881
v 0.08507407 -0.38126397 0.66643679
v 0.30313811 0.18155596 0.45306349
v 0.20153397 -0.45108339 0.58494520
v 0.27676898 0.39857033 -0.34819248
v -0.28626335 -0.15423833 -0.67294520
v 0.31290275 0.17854358 0.38541603
v 0.25651565 0.15104239 0.65758115
v 0.31697816 -0.17483334 -0.38065782
v -0.31576067 0.39654633 -0.59972817
v 0.31360307 -0.39051348 0.52729774
v 0.31711158 0.22217129 0.12509471
v 0.26819825 -0.33393994 -0.00904708
v -0.30442324 -0.27134863 -0.16880953
v 0.29065496 0.24394816 0.24342839
v 0.27636561 0.09402318 0.70185864
v -0.31389886 -0.21435115 0.60241550
v 0.14564130 -0.44716069 0.59876257
v 0.27726439 0.06459368 -0.80302542
v -0.31557998 0.27785346 -0.04088512
v -0.30016276 -0.35187504 0.12232767
v -0.31514621 -0.20995013 -0.30986163
v -0.02703470 -0.12625818 -0.80212665
v 0.30604416 0.11503324 -0.76247221
v 0.10680691 -0.39634633 0.64754087
v 0.30334541 0.19945517 0.38453954
v -0.14611699 0.45278323 -0.69889444
v -0.30254453 -0.32225835 0.02348298
v 0.30694771 -0.13299617 -0.67836744
v 0.30904323 -0.20501189 -0.38470787
v -0.25109050 0.34807253 -0.11044940
v 0.24149445 -0.31955409 0.66732442
v 0.15220900 -0.36934489 0.67860305
v -0.23449412 -0.28046545 -0.24430721
v 0.30590671 -0.24904987 0.61738569
v -0.11766776 -0.38492808 0.62822962
v -0.29445264 0.20507132 0.40116191
v -0.28679550 0.30967200 -0.00707727
v 0.25591928 0.23963952 -0.76555365
v -0.31568167 -0.04663418 -0.23470564
v 0.13056560 -0.11528142 0.82146484
v -0.31305754 -0.32804260 0.12450006
v 0.31545588 -0.30587241 0.56718618
v 0.07523449 -0.07439331 -0.83498162
v 0.28025374 -0.28058016 -0.20069793
v 0.25180489 0.26086894 0.24149339
v -0.02481859 -0.06080258 0.74630499
v 0.29916599 0.41816497 -0.49800408
v -0.14434776 0.11969344 0.72394657
v 0.31710374 0.23652671 0.06258825
v -0.27437598 0.36470655 -0.20580387
v -0.27334395 0.26611185 0.19697259
v -0.31381509 0.21705547 -0.72528553
v -0.22228783 0.45252737 -0.69864273
v -0.31239864 -0.05295511 -0.75732219
v -0.31050321 -0.36915764 0.56082797
v -0.31555131 0.37633428 -0.45882714
v 0.28329211 0.40042228 -0.70571220
v -0.30719596 0.19057275 0.39873207
v -0.30462426 0.30019274 -0.02031543
v 0.22143233 -0.35675734 0.63901532
v -0.31526995 -0.37166688 0.33309245
v -0.25671908 0.39265928 -0.29760888
v 0.13440420 0.14671437 0.69516718
v 0.27139777 0.33888113 -0.73504639
v 0.23951647 -0.08262356 0.75144750
v -0.29964828 0.43996394 -0.63687712
v 0.17167160 -0.04136005 0.73113012
v -0.00225800 -0.39766672 0.63296986
v -0.31426886 -0.17160574 -0.47302309
v -0.30850080 0.23643097 0.20526968
v 0.28724706 0.35541546 -0.19334140
v 0.17032309 -0.47070441 0.48621437
v 0.25364828 0.27579901 0.17932451
v -0.31469265 -0.33418414 0.17117198
v -0.30989993 0.31123763 -0.10777158
v 0.25513962 -0.03763529 0.70272702
v -0.31010231 -0.41745287 0.51452786
v 0.31661654 -0.24447271 -0.13468349
v 0.00082767 0.47485045 -0.61618876
v 0.31716648 0.21272513 0.15893240
v -0.31368881 0.37915486 -0.43510115
v -0.26041752 -0.04862466 -0.82584572
v 0.25441909 -0.11503883 0.76301610
v 0.30860695 0.21601665 0.27795842
v -0.31217530 0.41056356 -0.57259899
v -0.07084554 0.47699735 -0.64818424
v -0.29386833 0.24434149 0.24090622
v -0.28369296 -0.08798868 0.67241466
v 0.31495237 -0.12722576 -0.63073802
v 0.30826968 0.29641509 -0.04575052
v -0.26054019 0.44545051 -0.51707679
v 0.23792543 -0.22195360 -0.47425079
v 0.31518874 -0.08114754 -0.67976123
v 0.29992807 0.03149288 0.68166769
v 0.31180248 0.06484069 -0.76149899
v 0.31531700 0.11221182 0.56549305
v 0.29407212 -0.07465000 -0.80481488
v 0.30801222 -0.38218111 0.30932248
v 0.24316938 -0.26666597 0.75655288
v -0.30272007 0.23288563 0.26443499
v -0.26314875 -0.07763647 -0.83062100
v 0.23665719 -0.34243318 0.64051485
v 0.16092072 -0.15439808 0.83567607
v -0.31705490 0.21401408 0.14678814
v 0.17127384 -0.10810846 -0.82585049
v 0.30389085 -0.16757311 -0.56989437
v 0.31571501 -0.09932680 -0.64538616
v 0.04530803 0.15756786 0.67451590
v -0.08046034 0.47201100 -0.67234403
v -0.27876812 -0.41710347 0.33690968
v -0.03167659 -0.38114294 0.63852423
v -0.04083851 -0.47627565 0.53217554
v 0.31094751 -0.16065104 -0.54526699
v -0.30041173 -0.41359007 0.54952574
v 0.29550737 0.33243689 -0.12492675
v 0.21598673 -0.08458104 0.76641524
v -0.31217352 -0.31328183 0.05911040
v -0.30520821 0.22068191 -0.74246055
v -0.03317232 -0.45290250 0.59316248
v -0.31683716 -0.22524966 -0.17499454
v 0.23470697 -0.16822658 0.80001086
v -0.31698662 0.31476793 -0.26440200
v -0.30058819 -0.23472792 -0.33834556
v -0.29352280 -0.22270572 -0.40205136
v 0.30857685 0.29047525 -0.02592136
v 0.28659469 -0.16206856 -0.64601070
v -0.31281686 -0.01408114 0.64372385
v -0.30069453 -0.37253568 0.20821647
v -0.31447965 0.31289688 -0.16648042
v 0.01976329 -0.45534787 0.58920556
v -0.27671570 -0.23628481 -0.37983358
v 0.08307336 -0.47488499 0.48915949
v 0.31660211 0.34811506 -0.35806912
v 0.28400770 -0.34120229 0.04768268
v 0.14223723 0.46674040 -0.68388063
v 0.29384488 0.04179439 -0.79527974
v -0.30234292 0.20297481 0.38200876
v 0.31681049 0.38058266 -0.57740426
v 0.29606119 0.38429773 -0.33931845
v 0.28959444 -0.38572678 0.23727019
v -0.01301183 -0.46454948 0.56771612
v -0.06770299 -0.09536579 -0.83135945
v -0.31324479 0.33788267 -0.25079075
v 0.29171482 0.44002700 -0.62493509
v 0.06787106 -0.31390411 0.75941497
v -0.10780147 -0.46076256 0.57526910
v 0.30440521 0.34200850 -0.20821777
v -0.30143824 -0.05020448 0.66173661
v -0.31091160 0.40058196 -0.67005610
v -0.29857764 -0.22955130 -0.36018142
v -0.30195430 0.41590708 -0.48202458
v -0.29961836 0.25150311 0.19925603
v 0.29995003 0.09002667 0.68280464
v 0.27000308 -0.35281253 0.06780031
v 0.25834635 -0.36712942 0.11281617
v 0.31702599 0.26583871 -0.05396825
v 0.12095518 0.15963793 0.67127836
v 0.30966276 -0.04384619 -0.77739912
v -0.06231253 -0.40216538 0.62594754
v -0.31649980 0.02440791 -0.75270790
v -0.31325331 -0.29426596 0.58177590
v 0.31108665 0.40924692 -0.56869215
v 0.08029740 -0.00288913 -0.83070076
v -0.22350456 -0.46106267 0.55604595
v 0.26040065 0.06057722 0.71259665
v 0.30960575 0.24692702 0.14573283
v -0.00147727 -0.09252536 0.78387201
v 0.18442394 -0.36231431 0.66369903
v -0.26895753 0.21835911 0.39722380
v 0.31324083 -0.25248158 -0.15826032
v -0.27354494 0.07528157 -0.80198169
v 0.05883203 -0.14954941 0.82137895
v -0.18410318 -0.46019587 0.57270455
v -0.15920340 -0.06244585 -0.83563656
v 0.31689292 -0.32600543 0.25294706
v -0.28521243 0.38008165 -0.28840894
v -0.17419888 0.47698700 -0.64546502
v 0.24943958 -0.05529111 -0.82544410
v 0.26616913 0.27943629 -0.75262582
v 0.08470906 -0.26035622 0.81243938
v 0.30646062 -0.02800091 0.65849328
v -0.31335744 0.12634595 0.57800233
v -0.27970722 -0.09594581 -0.81426507
v 0.30218604 -0.25943699 -0.21380287
v 0.30428603 0.23077632 0.25046962
v -0.31679344 0.09665202 0.57799911
v 0.24069391 -0.12780096 -0.79360759
v -0.31225365 0.24230857 -0.72321939
v 0.29902700 0.37008578 -0.29195687
v -0.31056345 -0.06389701 0.64192992
v 0.15965612 0.45293730 -0.69934636
v -0.26297012 -0.40522680 0.59538722
v -0.31680244 -0.07782378 0.61206037
v -0.28720945 -0.01075650 0.68267423
v -0.31549782 0.20953114 0.23825085
v -0.29743212 -0.36916387 0.18419223
v -0.29116920 0.40474918 -0.40419239
v -0.13662542 0.47709712 -0.64562625
v -0.11749464 0.47454575 -0.61446339
v -0.20543408 0.47696629 -0.63347501
v 0.28648993 0.13157044 0.66259497
v -0.29206881 -0.42132559 0.38127115
v -0.21483670 -0.13428178 -0.78909951
v 0.28596976 -0.35139400 0.09076966
v 0.29656249 -0.28215954 -0.15059239
v 0.30428377 -0.07398347 -0.78731662
v -0.31575277 0.30314580 -0.14789143
v -0.05558435 0.39887357 -0.73020089
v 0.31205228 -0.24429230 -0.20509389
v 0.28455886 -0.38163608 0.21143788
v 0.04564727 -0.05332725 0.74101996
v 0.29305696 -0.43357414 0.46875778
v 0.27377036 0.44893321 -0.57221109
v 0.28296444 -0.07724351 0.70435810
v -0.30037692 -0.15064126 -0.65930581
v 0.30715239 0.14543635 0.55354899
v 0.21853583 0.45990202 -0.55450147
v -0.28665024 -0.38491321 0.21909028
v -0.28758857 0.06599204 0.69745284
v -0.25482488 0.32839152 -0.74217939
v -0.29768240 -0.20385486 -0.46485037
v -0.30035451 -0.43495786 0.49495324
v -0.23839106 -0.12195954 -0.80491108
v 0.30514759 -0.17745537 -0.52144039
v 0.04423928 -0.10146677 -0.82941341
v 0.26651368 -0.17546862 -0.63153362
v -0.12549551 0.05627367 0.73667532
v -0.30606049 0.33469200 -0.17132750
v 0.30281839 0.40160161 -0.44354898
v 0.30831575 0.26784208 -0.72028214
v -0.31631768 0.32660615 -0.67809689
v -0.28882757 -0.17997725 -0.58019120
v -0.28906569 -0.18652815 -0.55561507
v -0.30496582 -0.15374114 -0.62587291
v 0.31681746 0.14326678 -0.70890683
v -0.29780248 -0.28913707 -0.12940075
v 0.22418548 0.07870503 0.72623986
v -0.24335311 -0.11019204 -0.82075495
v -0.07475837 -0.11556727 -0.82108361
v -0.00932463 -0.05079752 0.73619723
v -0.30614382 0.25716966 0.13899614
v -0.30388400 0.26581833 0.12332300
v 0.31690779 -0.29745880 0.11521903
v -0.31283900 0.17022008 0.43608296
v 0.30278331 0.17065272 0.49102610
v 0.30027083 -0.14791222 -0.66104037
v -0.31533119 -0.11613745 -0.64549208
v 0.31442180 0.19414428 0.30217105
v 0.26781851 -0.22324054 -0.44626230
v -0.13959832 0.15310682 0.68595040
v 0.29258797 -0.22486974 -0.38786742
v -0.23732044 0.17136557 -0.78668940
v -0.11809407 0.45429727 -0.69731075
v -0.31278810 -0.36163160 0.25469875
v 0.30486560 -0.28265497 -0.10854250
v 0.31473088 0.32461691 -0.22940056
v 0.24125138 -0.02172050 -0.83224756
v -0.13631906 -0.42329672 0.61035228
v -0.29913467 -0.32187063 0.00472132
v 0.31390294 0.31951299 -0.19585162
v -0.29752064 -0.40903011 0.34991795
v 0.24716809 -0.38162673 0.16028312
v -0.24779890 -0.09345518 -0.83012933
v -0.30144790 0.21765256 0.33098131
v -0.29945126 0.18531166 0.46963012
v 0.28667632 0.29123160 -0.74068999
v 0.08830103 -0.45528287 0.58830869
v -0.30326900 0.40209949 -0.42883807
v -0.29284671 -0.42376995 0.39690125
v -0.11613732 0.11316702 0.72801596
v -0.12648521 -0.05478546 0.73004711
v 0.05363662 0.46463639 -0.68838954
v 0.28197610 0.09331402 -0.79376256
v 0.31696981 -0.21764129 -0.20277546
v -0.23602180 -0.14940912 -0.74530679
v 0.29020834 -0.43323556 0.44379076
v -0.26154435 -0.17272466 -0.64572746
v 0.12623435 -0.05036432 0.73807263
v -0.07106216 -0.04485958 0.73135746
v 0.29058510 0.10810269 0.68703556
v -0.29654223 0.16264009 -0.76737213
v -0.14239940 -0.12719212 0.73675948
v 0.06020583 0.10312135 0.73458737
v -0.30053520 -0.26370937 0.61342657
v 0.09363344 -0.12263681 -0.80638540
v -0.26069129 0.09059633 0.71240038
v -0.28600413 -0.06299095 -0.81740600
v 0.10064781 -0.09574158 0.79833555
v -0.30611426 -0.27918318 0.60202742
v -0.28967094 -0.13078804 -0.73413509
v -0.02579293 0.47209871 -0.67391652
v -0.28129101 -0.31213725 0.61615664
v 0.31483364 -0.11164566 -0.67751610
v -0.05516426 -0.37105829 0.64264143
v 0.31682447 -0.17258447 -0.41530812
v 0.30019364 -0.17710976 -0.54500508
v 0.29693821 -0.42771947 0.49610931
v 0.16808841 -0.18681215 0.83428043
v -0.31344622 -0.16110124 -0.52590358
v 0.28019500 -0.13771532 -0.74516708
v 0.00391209 -0.06525443 0.75192374
v 0.13781378 -0.28060547 0.80483133
v -0.18521601 -0.09318547 0.72104049
v 0.31094864 -0.27707422 -0.08383041
v -0.25491831 0.21440755 0.42774671
v 0.31004292 -0.34548378 0.17964098
v -0.18989927 -0.44718951 0.58967078
v 0.31739292 -0.12610978 -0.58422488
v -0.25510851 -0.31064516 -0.10980810
v -0.31447878 0.20026504 0.29481590
v -0.28289565 0.18161762 0.52117711
v 0.30761033 0.18533663 0.40707764
v -0.31670204 0.24641111 -0.69413453
v -0.30726242 0.36751071 -0.31434554
v -0.26601088 0.20146371 -0.77331489
v 0.07447800 -0.04134265 0.73508805
v -0.30949470 -0.11880195 -0.69789547
v -0.29876557 -0.22383869 -0.38237679
v 0.25815669 -0.44611874 0.43026245
v -0.27422515 -0.44816431 0.46762055
v -0.10217750 -0.07688197 0.74963886
v -0.30777684 -0.24516259 -0.24628855
v 0.28246719 -0.44597700 0.49153960
v -0.15528190 0.13809428 0.70696384
v 0.31573436 -0.33562380 0.54982138
v -0.30429748 -0.33783710 0.58714932
v -0.29293156 -0.30969235 -0.05851215
v 0.28040439 -0.25944901 -0.28522855
v -0.28806779 -0.29273078 0.61635190
v -0.18560120 -0.33415017 0.64147437
v 0.31572181 -0.38049564 0.47171029
v -0.29740873 -0.43420422 0.46235639
v -0.31676152 -0.24990092 -0.10822325
v 0.31104007 -0.05561145 0.64788371
v -0.28066450 0.34382117 -0.13251776
v 0.29337701 0.40551773 -0.41907674
v 0.27560166 0.15076712 0.63524735
v 0.29923758 0.28494290 -0.73006600
v -0.16997293 -0.40975973 0.61541206
v -0.21557748 -0.46951231 0.51728225
v -0.05714027 -0.45810327 0.58378553
v 0.23258242 -0.37197906 0.62527066
v -0.31641033 -0.32973078 0.53832555
v 0.16200793 0.11671294 0.72256303
v 0.24927272 -0.14239594 -0.76339090
v 0.30848926 0.35171577 -0.27544948
v 0.31703436 0.36991638 -0.49445787
v 0.29087242 0.43790466 -0.65472263
v -0.24570562 0.36348772 -0.73435581
v -0.30782726 0.33565322 -0.18803388
v -0.29475752 -0.40315676 0.31417504
v 0.30648875 -0.35238746 0.57689542
v 0.31660724 -0.13146342 0.61210668
v 0.29758376 0.40499657 -0.68629950
v 0.28404215 -0.19957983 -0.51243907
v 0.31091952 0.12445764 0.59285843
v -0.31137231 0.21193540 0.28289548
v -0.30477273 -0.30474010 -0.03632763
v -0.05026159 -0.05501188 0.73794347
v -0.28083932 0.23275428 0.32001564
v -0.23210566 0.38875332 -0.26319724
v 0.25730652 0.36523807 -0.18799354
v 0.31578732 -0.15168734 -0.52653140
v -0.31680715 0.14229712 0.46548584
v -0.29355842 -0.39392757 0.27445707
v -0.31666794 0.06033118 -0.74350244
v 0.31506613 -0.03900771 0.35702103
v -0.21649285 0.47247586 -0.60574812
v 0.30668354 -0.00722378 0.66403955
v -0.10696790 -0.33984333 0.66700536
v 0.31479117 -0.20376880 -0.33525220
v -0.30144602 -0.18281075 -0.53751433
v -0.22258340 0.44131890 -0.47713348
v -0.27445635 0.46121019 -0.64404726
v 0.30716121 -0.39313108 0.35237443
v 0.18504508 0.10506215 0.72766507
v 0.14751837 -0.12012213 -0.81005239
v 0.18674071 0.45364928 -0.69656688
v 0.31691381 -0.32044905 0.21215911
v 0.28758112 0.18245728 0.49878860
v -0.28706482 0.44778222 -0.58874756
v 0.31079954 -0.09032818 0.65139896
v 0.29609776 0.00768065 0.68098569
v 0.12361357 -0.47556752 0.49886292
v 0.30488223 0.20136045 0.36466151
v -0.31622010 0.07841197 0.62451309
v -0.31178534 0.07520402 -0.76440823
v -0.18986656 -0.12573692 -0.80527639
v -0.16312352 -0.02947021 0.72153461
v 0.10994507 -0.15107778 0.83374149
v -0.31332728 -0.06220937 -0.55522853
v -0.30397266 0.14925116 -0.76270491
v 0.07427744 -0.46958822 0.55818331
v -0.28282917 0.44201466 -0.54344583
v -0.30007747 0.34230000 -0.71475184
v 0.01583531 0.15705749 0.67667443
v 0.18596369 -0.09461502 -0.83331811
v -0.31301466 -0.06782866 -0.62260896
v 0.19472601 -0.06846737 0.74867916
v 0.25266474 -0.15160044 -0.73517293
v -0.23009667 0.46286991 -0.56639177
v 0.30825651 -0.32764584 0.58318162
v -0.24588354 -0.16691944 -0.68197536
v -0.14053829 0.08699350 0.73490834
v -0.03318114 0.47711933 -0.63720834
v 0.30871868 0.09287109 -0.76262271
v -0.31266305 -0.03678564 0.62073731
v 0.02598528 0.00143378 -0.82946628
v 0.26139662 0.17023891 -0.78153586
v 0.02410523 -0.38778192 0.64400077
v -0.00862062 -0.45103946 0.59569603
v -0.30107477 -0.36131394 0.58241999
v -0.21729675 -0.11541735 -0.82002074
v 0.07030659 0.05141258 0.74658632
v -0.25689182 0.40032783 -0.32840168
v 0.04050254 -0.11458874 0.80715448
v -0.31699097 0.25717267 -0.00386473
v -0.30689672 -0.38898101 0.31432468
v 0.27752873 0.21659696 -0.76496828
v -0.31514549 -0.39234290 0.51118666
v -0.30511165 0.35466015 -0.25077143
v -0.30855075 0.16813412 0.48172233
v 0.30508438 0.21076204 0.32526234
v 0.31235313 0.01083936 0.63559073
v -0.17306943 -0.09237435 -0.83181208
v -0.25745812 -0.43501768 0.58298439
v 0.03878797 0.47210926 -0.67482984
v -0.16775095 -0.44413918 0.59546292
v -0.31541577 -0.31499264 0.56771708
v -0.11325458 0.47234774 -0.67025787
v -0.31563869 0.04413315 0.64546561
v -0.30890501 -0.23171014 -0.29411161
v 0.30755737 -0.19784431 -0.42654440
v 0.29981926 0.31293359 -0.06206846
v 0.28821814 0.41697928 -0.44175357
v -0.30096388 -0.19797958 0.63190323
v 0.30376661 0.33609578 -0.70935917
v 0.26221386 0.45460328 -0.67101318
v 0.30539912 -0.12706144 -0.70344836
v -0.30070454 0.16439719 0.53399891
v 0.05118775 -0.23890088 0.80805540
v 0.26787016 0.41207618 -0.39057070
v 0.00410667 0.44397587 -0.70677912
v 0.28508532 -0.24446519 -0.33244276
v -0.30753052 -0.20758389 -0.39473042
v 0.13844642 -0.47566652 0.53076440
v -0.06451228 -0.33340552 0.69570953
v 0.31618020 -0.37584573 0.37962440
v 0.27587208 0.43251917 -0.48384535
v 0.29151070 0.31573576 -0.04276657
v 0.30107689 0.30892438 -0.72225451
v -0.27664506 -0.28217283 -0.19922091
v -0.28802362 0.11643260 0.68577933
v 0.05046757 -0.03717304 0.73408687
v 0.28411558 0.17427471 -0.77324390
v 0.18308917 0.43029532 -0.71505606
v 0.28011006 0.38325495 -0.29061753
v -0.28779945 -0.29873422 -0.11604976
v -0.31358802 0.40246618 -0.54375100
v 0.25705078 -0.01458621 0.70445919
v 0.31717968 0.18594237 0.23473692
v 0.08292533 0.14076872 0.70123303
v -0.27591708 0.44138435 -0.68540907
v 0.30749330 0.40008137 -0.47128204
v 0.28092328 0.12459530 -0.78728318
v 0.19870847 -0.00409477 0.72658587
v -0.26682025 0.39111868 -0.71995670
v 0.28800139 -0.42938349 0.41796523
v 0.02517389 -0.11247700 -0.82279080
v 0.18737920 -0.37851295 0.64039427
v 0.22912975 0.32678995 -0.01038596
v -0.30230796 0.26491860 -0.73590857
v -0.31587324 -0.36152372 0.30280963
v 0.26460674 0.42049652 -0.41951314
v 0.29614469 -0.16471185 0.69102520
v -0.22917917 -0.43201602 0.59417641
v -0.31150818 0.16632710 0.46014351
v -0.09617217 -0.09595502 -0.83094764
v -0.26581118 -0.11319166 -0.80190748
v -0.31342390 0.40947562 -0.64348900
v -0.08115061 -0.47666624 0.50357664
v -0.19250028 -0.11457236 -0.82109243
v -0.14780810 -0.28651258 0.69052255
v -0.22452398 -0.37274057 0.11523565
v -0.00529498 -0.07448108 -0.83525938
v 0.30351669 0.18850197 -0.75039989
v -0.29406938 0.29559869 0.03303494
v -0.30486801 -0.38797382 0.29453507
v 0.25730366 -0.20086797 -0.54376191
v 0.30287510 -0.22020496 -0.36675912
v 0.20685084 -0.11478340 0.80732322
v 0.30866951 0.19928369 0.34497288
v 0.26122689 -0.45912194 0.52798325
v 0.22277550 0.42215666 -0.71753651
v 0.30029950 -0.25608465 -0.23615880
v 0.22039872 0.27046081 0.22160187
v 0.30100212 0.27904457 0.07058258
v 0.15775679 -0.46744469 0.56335330
v -0.30963674 -0.39167348 0.35074815
v -0.25805902 0.13015488 -0.79296404
v -0.31119666 -0.24341697 -0.22650880
v 0.23105402 -0.46202895 0.54644722
v -0.30518258 -0.00219799 0.66692495
v -0.07450225 -0.47323322 0.54133296
v 0.30070820 -0.31629184 0.00038162
v 0.03117107 0.47705215 -0.64514858
v -0.30543947 -0.22048488 0.61941844
v 0.31171772 0.29352853 -0.06647662
v 0.30962354 0.28359440 -0.00661046
v -0.28666630 0.32513982 -0.06938800
v -0.31233379 -0.39393827 0.53940320
v 0.29487720 -0.12231042 -0.75523293
v 0.31259966 -0.19298071 -0.40322959
v 0.26027378 0.11732972 0.69987798
v -0.31643331 0.10044813 0.60313070
v -0.26526093 0.27730331 0.16047780
v -0.31534192 0.34580046 -0.31700262
v -0.28564599 0.25110289 -0.75282627
v 0.26821047 -0.15517038 -0.70619673
v 0.29212463 -0.40905294 0.34448379
v -0.29246357 -0.08061702 -0.81140566
v -0.30971485 -0.37349150 0.27627951
v -0.31587267 -0.18229422 -0.40659773
v -0.07058115 -0.35585642 0.65600461
v 0.07110131 -0.28556108 0.78944433
v -0.31700277 0.29998356 -0.22264272
v 0.29350960 0.26329759 0.15960632
v -0.02407290 0.45299494 -0.69953656
v -0.30308861 0.28381044 0.05477275
v 0.20492119 -0.43002236 0.60329485
v 0.14243290 -0.09918422 -0.83092350
v 0.29322425 -0.32050344 0.60728878
v -0.30737758 -0.24245331 0.60887051
v 0.07480683 -0.43967652 0.60818559
v -0.25496039 0.46586367 -0.59920329
v 0.30944601 0.38588166 -0.43024656
v -0.31636867 -0.11246535 0.61663896
v 0.07426973 0.46583170 -0.68753576
v 0.26347750 -0.45156628 0.46458706
v 0.28547895 -0.16309308 0.72465289
v 0.30285758 -0.10170536 -0.77155972
v -0.30560902 -0.29821205 -0.05441409
v 0.00188549 0.07689299 0.74300486
v 0.08873477 -0.05392547 0.74207133
v -0.29904461 0.22619732 0.30001798
v -0.27179384 0.30259386 -0.74426061
v 0.25138444 0.35977700 -0.73538154
v 0.20159553 -0.27439359 0.78997755
v 0.30884331 0.41700214 -0.59299153
v -0.17063308 0.46559128 -0.67973530
v 0.31101596 0.40709138 -0.54175931
v -0.06972630 -0.12673534 0.77175844
v -0.05026168 0.14703920 0.69620681
v -0.30171561 0.18783189 0.44537479
v 0.17113216 0.46914804 -0.67723823
v -0.28174722 -0.04754445 -0.81317466
v 0.27936745 0.44149300 -0.53923798
v -0.30924240 -0.15953028 0.62787145
v 0.31249619 -0.12785575 -0.65312606
v -0.29381809 -0.24916387 -0.29896107
v 0.13623902 -0.07756396 -0.83339429
v 0.31542334 -0.36811283 0.32824928
v -0.31467122 -0.40400097 0.48178434
v -0.28077647 0.16295439 0.59030479
v 0.29917672 0.23250932 0.26962441
v -0.31700844 0.23601115 0.02079796
v -0.31227744 0.24165389 0.15272780
v -0.31173220 -0.29532543 -0.01695450
v 0.29278076 -0.24627127 -0.30440849
v 0.29289907 0.10750559 -0.78249890
v 0.31355426 -0.14720815 -0.56997383
v -0.30549139 0.36578792 -0.29327896
v -0.31714451 -0.14565428 -0.45375621
v 0.31706804 0.33326584 -0.65710360
v -0.31585550 0.35163012 -0.67763555
v -0.31162816 0.40412694 -0.51853120
v 0.31397229 0.07081588 0.63830030
v -0.22503991 0.47555959 -0.65384042
v 0.16599302 -0.33181351 0.73024100
v -0.30103305 -0.31683895 -0.01159735
v -0.30977938 0.12447570 0.60359561
v -0.09309477 -0.28724679 0.71903962
v -0.27917093 0.29762283 0.05799717
v -0.31413043 0.27772254 -0.01865442
v -0.28863749 0.31745601 -0.03877298
v 0.13719867 -0.39158753 0.65137208
v 0.23339130 -0.19651762 -0.57712632
v 0.08456883 0.08317548 0.74204296
v -0.28954205 0.04185600 0.69367921
v -0.30639833 0.34768674 -0.22731109
v 0.23133789 0.45491484 -0.68819499
v 0.31702250 0.25736421 -0.02037088
v -0.16533299 0.10278539 0.73002911
v -0.02277455 -0.43082210 0.61290431
v 0.27491140 -0.05239191 -0.81975853
v -0.30296656 0.12882787 0.62543327
v -0.23197725 -0.06487263 -0.83590937
v 0.26313618 -0.20995320 0.76609635
v 0.31650478 0.23787434 0.09608293
v 0.22775653 -0.06673902 0.73622286
v -0.24786882 0.14928131 0.67070764
v -0.28979498 0.38772833 -0.32819510
v 0.30244735 0.24934183 0.18894266
v -0.25484467 -0.36078313 0.08664560
v 0.31418628 -0.17422794 -0.46078902
v -0.30525589 0.27085677 0.08820377
v -0.30771849 -0.07290390 -0.78536808
v 0.08390165 -0.13432208 0.82377964
v 0.31696543 -0.07195701 0.51010233
v 0.30597165 -0.34838536 0.16081408
v 0.05062897 -0.07634791 -0.83559835
v -0.03766438 0.08831301 0.73996216
v -0.31387311 -0.18337335 0.61151826
v 0.31565845 -0.04777160 -0.28507045
v 0.29993245 -0.21246399 -0.40916130
v 0.28595927 0.43569562 -0.67798942
v 0.08606549 -0.47703862 0.52484232
v 0.02300530 -0.31506056 0.75165141
v 0.25562033 -0.25008878 -0.35310361
v -0.13246974 -0.46982050 0.54870278
v -0.31548566 0.36790439 -0.41637018
v -0.31660864 -0.02117626 -0.66100985
v 0.31316799 -0.31275496 0.07968899
v 0.31401500 0.34283710 -0.29641739
v -0.30235347 -0.23715192 -0.31852776
v 0.20909357 -0.10632414 -0.82598794
v 0.12409464 -0.37931824 0.67167985
v 0.11676679 0.47138312 -0.67807049
v -0.29527283 0.42866758 -0.51963782
v 0.26966289 -0.11297932 0.74138540
v 0.31594980 -0.35215321 0.26953167
v 0.29647329 0.28840482 0.04896423
v 0.31356576 -0.20118542 -0.35934630
v -0.16265738 0.00022841 -0.82799137
v 0.24964085 0.19990651 0.49064383
v -0.31000364 0.18382174 -0.74295336
v 0.25420222 0.18182789 0.55690515
v 0.29910702 -0.32693163 0.04196895
v 0.30786788 0.32167092 -0.14916827
v -0.30475214 0.42548054 -0.65853620
v -0.15266483 -0.10934703 -0.82464671
v 0.11765262 -0.25961375 0.82128626
v 0.03102098 -0.14913413 0.81321627
v -0.29321742 0.22973968 -0.75295985
v -0.28335497 0.05443431 -0.80205697
v -0.24996583 -0.13504405 -0.77701354
v 0.30652925 0.37456596 -0.36018834
v 0.29665038 -0.16203141 -0.61876184
v 0.22465642 -0.35555691 0.04569511
v 0.31670940 -0.36657891 0.35240042
v -0.24122934 -0.38296530 0.16228002
v 0.30372313 0.34967902 -0.23262012
v 0.28964022 -0.24910928 0.65118021
v -0.20035829 -0.42746353 0.60239094
v 0.30092886 0.41998973 -0.51646203
v -0.10795026 -0.10811951 0.75567675
v 0.28004086 -0.18717355 -0.57069087
v 0.29593855 0.30211291 -0.00140735
v -0.25100327 -0.45915446 0.53534746
v 0.20573550 -0.15170579 0.81818014
v 0.22638653 -0.43945351 0.59078032
v 0.10402498 -0.07580943 -0.83384717
v -0.15551351 -0.09054343 0.73559338
v -0.22468524 0.10329486 0.72191280
v 0.29721716 0.41671884 -0.48170525
v -0.30190951 -0.35437900 0.14401357
v 0.29248384 -0.25773203 -0.25862575
v 0.31314397 0.22785017 0.18502145
v 0.29156354 0.16306983 0.56016582
v -0.07655033 0.14495571 0.69853759
v -0.13963957 -0.09214690 -0.83195460
v 0.31144917 -0.02554691 0.61805797
v -0.31576645 -0.04172150 -0.40704021
v 0.13811626 -0.14655817 -0.76154828
v 0.28744814 0.33272985 -0.10071506
v -0.23206776 0.41129130 -0.35483950
v 0.24528725 -0.43234155 0.36027560
v -0.28060225 0.43158790 -0.49239054
v 0.26602438 0.37976459 -0.25699809
v 0.06735209 -0.09561304 -0.83198410
v -0.23934583 0.11289484 0.71044040
v -0.02930122 -0.11445516 -0.82163900
v -0.31536531 0.32623169 -0.23241235
v -0.27947047 0.36552492 -0.72213107
v 0.23583436 -0.16342217 -0.70022476
v -0.31664073 -0.15329780 0.60010427
v -0.30060264 0.19053484 -0.75678456
v 0.29298660 0.19802167 0.42448029
v -0.25315866 -0.18496296 -0.60587990
v 0.31247202 -0.07532908 -0.75858223
v 0.29212624 0.33998773 -0.14704782
v 0.31245655 0.39592144 -0.50635147
v -0.05118748 -0.07731010 0.76077616
v 0.29841080 0.27041528 0.11645333
v 0.30568868 -0.30214089 0.59848809
v -0.29988959 0.41238299 -0.46346027
v -0.08714470 -0.07216674 -0.83608055
v 0.21229509 -0.24742660 -0.38433874
v 0.31476608 -0.38431388 0.41365781
v 0.27361143 0.37074587 -0.72401524
v 0.29064170 0.32664338 -0.72695118
v 0.25123319 0.08875483 0.71481347
v 0.19167897 0.12863296 0.71025234
v -0.00994311 0.16289364 0.66229695
v -0.23380472 -0.29379037 -0.19226080
v 0.27995405 0.30983138 -0.73975706
v 0.28564015 -0.35791886 0.11828393
v -0.29503125 0.14023556 -0.77404195
v 0.31495658 -0.27821371 -0.03251209
v -0.29149345 -0.15973935 -0.64467478
v -0.21327725 -0.25451502 0.66878414
v -0.31647351 -0.13148110 -0.58072060
v -0.28124443 -0.03474513 0.68073392
v -0.25407726 -0.04505808 0.69375652
v -0.01680848 -0.11847705 0.79324245
v 0.25599781 -0.21143170 -0.50370020
v 0.31600955 0.30591401 -0.17179833
v -0.07415961 0.45882970 -0.69218206
v -0.28153130 -0.02790589 -0.81539756
v 0.17480180 -0.22233422 0.82524705
v -0.29713964 -0.33263549 0.03804824
v 0.24616823 0.30989677 -0.74993789
v -0.12203614 -0.44788647 0.59556490
v -0.25729012 -0.01528981 0.70134693
v 0.25637573 -0.17672642 0.77868211
v 0.13945021 -0.02041875 0.73406780
v 0.26707727 -0.16501497 -0.67078245
v 0.31487963 -0.34719115 0.24197519
v 0.30424532 -0.00667053 -0.79006881
v 0.17153083 -0.14651337 -0.76071066
v 0.20831493 -0.14733940 -0.75773484
v -0.20964675 -0.45302689 0.57984722
v 0.26762831 -0.14540608 0.75702387
v 0.31689286 0.26268744 -0.69042033
v 0.31703344 0.27235240 -0.09113397
v -0.27593145 -0.44627807 0.54507738
v -0.29292202 -0.14309292 -0.69542819
v 0.30132273 -0.34344459 0.11759687
v -0.31565619 0.25953120 0.03171488
v -0.22700027 0.28321126 0.16846718
v 0.31691441 -0.25247228 -0.08179072
v 0.25233155 -0.11654884 -0.80819422
v 0.29691732 0.08186454 -0.78477460
v -0.06448392 0.09611111 0.73693782
v -0.31678292 -0.28158441 0.55837053
v -0.30207002 -0.31772789 0.59615946
v 0.21295089 0.47452322 -0.64065701
v -0.23216003 -0.42082825 0.30619505
v -0.31579843 -0.04430656 -0.05047796
v -0.21064824 -0.34709734 0.62994933
v -0.25799897 -0.01379941 -0.82744551
v 0.26732409 -0.41374862 0.59194875
v 0.18438786 -0.10869919 0.81025016
v -0.31668261 0.16350909 -0.72216558
v 0.28247753 -0.13132730 0.72507554
v 0.02899864 0.04287801 0.74386442
v -0.30736184 0.06562055 0.67489773
v 0.11286124 -0.23098840 0.83415794
v -0.28268164 0.22502626 0.34717846
v -0.01978941 0.13030918 0.71305323
v -0.31392536 0.36960885 -0.39554015
v -0.31666142 -0.14964561 -0.49459565
v -0.31700861 0.20704997 0.18907425
v -0.23111543 0.45335859 -0.52700758
v -0.31578815 0.16691485 0.41063872
v -0.04204320 -0.47643104 0.49881935
v -0.19687186 -0.06238372 -0.83583617
v -0.02511410 -0.09205413 0.77871341
v 0.27860737 -0.39832014 0.26487038
v 0.28479436 -0.20209846 0.71987700
v -0.28575313 0.15079866 0.61887670
v 0.31068224 0.08305767 0.66211933
v 0.08839959 0.15601565 0.67899752
v 0.29309568 0.28021371 0.09156483
v -0.00083986 -0.14770409 0.80115426
v 0.23392513 -0.30749658 0.70276070
v 0.03035573 0.14633650 0.69612163
v -0.13294111 -0.02230823 0.72589123
v -0.28583482 -0.34932676 0.07890002
v 0.02347221 -0.01835792 0.73400843
v 0.30365926 0.33459139 -0.16932459
v -0.31689978 -0.24745804 -0.06730056
v 0.18227525 -0.15392327 0.82912827
v -0.12804165 -0.08357574 0.74493134
v -0.31706026 0.17229287 0.30364761
v 0.12004617 -0.41284359 0.24884315
v 0.21965921 0.25864598 0.26997215
v 0.17332862 -0.30179572 -0.17663325
v -0.27235624 0.22856669 -0.76378012
v 0.30463570 -0.33409619 0.09353893
v 0.28992978 -0.04214600 0.67904717
v -0.29498997 0.12154164 0.66820711
v -0.03203704 -0.29123148 0.74792022
v 0.31558144 0.25540265 0.03607673
v 0.26709983 -0.18376598 -0.60016954
v -0.28159216 0.33980855 -0.72910744
v -0.31693178 -0.36566645 0.41159391
v -0.05398523 0.44003800 -0.70927107
v -0.30454293 0.42594111 -0.55626369
v -0.30133221 0.14987957 0.57301909
v -0.17169681 -0.11701021 -0.81948560
v 0.30659211 0.37222460 -0.69031268
v 0.27761102 -0.34910414 0.61003679
v -0.19664854 -0.02857936 0.71519583
v -0.31696525 -0.29774714 0.11012670
v 0.15505806 -0.39517513 0.64005160
v -0.29213619 0.36072639 -0.22607349
v 0.05519372 -0.45441413 0.59025705
v 0.15017791 -0.08001789 0.77383721
v -0.29750890 0.01554343 -0.79956734
v 0.21891382 0.13224238 0.70563871
v -0.31692806 -0.17835669 -0.33487776
v 0.30349290 -0.37750179 0.26223043
v 0.31689987 -0.31763622 0.18190964
v -0.31667903 -0.18271042 -0.37469745
v 0.25528386 0.33003870 -0.04266692
v 0.29830888 -0.09614335 0.68441987
v 0.04562399 -0.06872793 0.75791484
v 0.17813608 -0.12052230 -0.80864602
v 0.15107346 0.06563204 0.74304956
v -0.31512344 -0.26766565 0.58525050
v 0.12295944 -0.41010222 0.63128906
v 0.31703344 0.37926486 -0.53364778
v -0.23808716 0.36932456 -0.18602039
v 0.31172091 0.04079177 0.65838337
v -0.25436136 0.43757099 -0.47708991
v -0.27572337 0.41752297 -0.42259353
v -0.27514875 0.20051368 0.46028882
v 0.29041901 -0.37173951 0.58892983
v -0.27226746 0.01201619 0.69939530
v 0.27831510 -0.44863251 0.53743160
v -0.22480717 -0.30699554 -0.14333582
v -0.25635019 0.41499659 -0.38777792
v 0.28815565 0.34880072 -0.16814114
v 0.20595224 -0.47037718 0.52025336
v -0.28670469 0.09197062 0.69485652
v -0.21307571 -0.30678347 0.64675379
v -0.23157509 0.21115415 0.45861048
v 0.29583305 -0.28090206 0.62054479
v 0.22696073 -0.25816393 0.78383023
v -0.30638909 -0.19508857 -0.45320418
v 0.30990189 0.26270434 0.07749659
v -0.28363782 -0.38569313 0.59237754
v -0.09033606 -0.02092852 0.72906506
v -0.11910667 -0.35724145 0.64160156
v -0.30883688 0.26875782 0.07065464
v 0.31069800 0.34105468 -0.25332382
v 0.21128964 -0.26187700 -0.32764789
v 0.22337234 -0.13555555 0.80515504
v 0.02538898 -0.05871239 0.74558657
v 0.27265409 0.02610038 0.70156211
v -0.30899170 -0.33267614 0.10453056
v 0.23463488 0.16486847 0.63368165
v 0.14755815 -0.32137167 0.75248259
v 0.15071684 -0.30199555 0.77888405
v 0.03574217 -0.46927857 0.55750251
v 0.31193715 -0.23928423 -0.22598247
v 0.29916355 -0.13024622 0.68635249
v -0.10271706 -0.42296669 0.61291021
v 0.21915963 -0.45462024 0.43515354
v -0.00034989 -0.47655550 0.49751741
v 0.10365759 0.47641724 -0.63924569
v -0.30295286 0.07505879 -0.78141528
v 0.21159765 -0.05502394 -0.82654434
v 0.29700580 0.42729861 -0.53654069
v -0.27556220 0.45969179 -0.61858660
v 0.27911088 -0.24019884 0.70039117
v -0.18110889 0.12098827 0.72100693
v 0.23278373 0.06744499 -0.81317288
v 0.24681601 -0.23401421 -0.42206994
v 0.30088279 -0.02499247 -0.79775757
v -0.27411982 0.00681293 -0.81765324
v -0.13666980 -0.14634074 -0.76399106
v -0.21569312 -0.16255827 -0.70810509
v 0.31263858 0.20870550 -0.72620451
v -0.30639082 0.29168367 -0.00419584
v -0.26098698 -0.15201704 -0.71826833
v -0.13771847 0.46663627 -0.67948812
v 0.25865540 0.00370940 -0.82211429
v 0.22496676 -0.29505089 0.73792821
v -0.31646451 0.30036977 -0.68586010
v -0.30970624 0.23687389 0.18983838
v 0.17859441 0.47651130 -0.64573526
v 0.05271476 -0.38404980 0.65501070
v -0.25488141 -0.29164433 0.63352817
v -0.26076907 -0.23074464 -0.41812146
v -0.24313602 0.43048280 -0.43823999
v 0.00856452 -0.33548838 0.72215474
v -0.26454192 0.13194279 0.68204236
v 0.30474529 -0.38183710 0.28353974
v 0.29176632 -0.01739529 0.67969936
v 0.31692806 -0.21503361 -0.23752093
v 0.30643722 -0.40845135 0.44339028
v -0.26950282 0.30983275 0.02301471
v -0.05244875 -0.02191165 0.73085570
v 0.31702647 0.23962517 0.01376604
v -0.30760181 0.32254565 -0.14041276
v -0.08840720 -0.36819783 0.63802963
v -0.21351372 0.40861204 -0.72328186
v 0.18876430 -0.11221974 -0.82198310
v -0.28988266 -0.40212494 0.29579991
v 0.26179525 -0.28207719 -0.22148350
v -0.25668854 -0.43672824 0.39107674
v -0.28883249 0.20213667 0.42912805
v 0.17521450 -0.05852462 0.74094123
v -0.24341309 0.24805899 0.30183795
v -0.25666794 0.33091587 -0.04673311
v -0.27792585 0.13970447 0.66441667
v -0.30896547 0.28170300 -0.71925426
v -0.17002751 0.16339348 0.65799177
v -0.27830288 0.42328775 -0.45343176
v 0.07973667 -0.06814865 0.75737005
v 0.26381093 0.30541608 0.04851242
v -0.31276235 -0.27981269 -0.06648373
v 0.31633237 -0.04662550 -0.74029249
v 0.27456105 -0.21419089 -0.47193056
v 0.27444991 -0.30655533 0.63123411
v 0.22284029 -0.44365287 0.39238492
v -0.02250217 0.04986933 0.74177742
v 0.10860968 -0.19764732 0.83786571
v 0.01111155 -0.25073126 0.78431869
v 0.31352478 0.23951045 -0.71407694
v 0.27518958 -0.30024204 -0.13338183
v 0.06366456 0.47332123 -0.60979944
v 0.28705055 -0.14165762 -0.71785170
v 0.21960065 -0.33765158 0.66723877
v 0.30920318 0.01586563 0.66376811
v 0.21740241 0.33932689 -0.06003557
v -0.29400444 0.10470551 -0.78264701
v -0.22610036 0.28610882 -0.75852513
v -0.31687939 -0.19290349 -0.28114948
v -0.26242217 0.06663939 0.71365523
v -0.09798481 0.09081493 0.73681855
v 0.26030105 -0.05846125 0.71176094
v 0.16030550 0.14748392 0.69414121
v -0.11817485 -0.30469429 0.69720906
v -0.30812353 0.04083348 0.67113465
v -0.31256860 0.10895313 0.62817067
v 0.30168715 0.34055999 -0.18785951
v 0.29233226 0.23146521 0.29288185
v -0.27974218 -0.26705477 -0.25482416
v 0.07959390 -0.11370058 -0.82157356
v -0.06144704 -0.28435841 0.73646116
v -0.30741966 -0.41646713 0.43191442
v -0.30700719 0.37228316 -0.69406581
v 0.10496182 -0.14681813 -0.76193184
v -0.30669722 0.24829529 0.17398694
v 0.20347582 0.46850958 -0.67478275
v 0.29953930 -0.28545472 -0.12723875
v -0.25323585 -0.33494237 0.62253070
v 0.17497420 -0.45427507 0.58529156
v 0.21540955 0.22587419 0.40426904
v -0.29942718 -0.07586423 0.66153473
v -0.31070116 -0.00094995 -0.78070956
v 0.31486785 0.01042533 -0.76038951
v 0.25690863 -0.09323548 0.74499208
v -0.25267652 0.23633181 0.34150645
v -0.29966995 -0.38963237 0.57018816
v -0.29354468 0.13211232 0.64489394
v 0.11232001 -0.44481578 0.60302269
v 0.28709042 -0.27053624 -0.22800736
v -0.31659302 0.12952599 -0.73404408
v -0.28812069 -0.13317432 0.66028100
v 0.02133217 0.10236083 0.73526543
v -0.30698505 0.16724257 0.49868500
v 0.31170046 -0.01647829 0.52839839
v 0.31676221 0.04236110 -0.74031878
v -0.29980719 -0.14613490 0.64617288
v 0.23469648 0.24653462 0.31254274
v -0.31619611 0.38017023 -0.64434111
v -0.31544745 -0.04168257 -0.48381421
v -0.29744542 -0.40532377 0.33172700
v -0.28445297 -0.36045411 0.60030472
v 0.18049023 0.18171561 0.58682787
v -0.00697515 -0.19664474 0.78941047
v -0.22676377 -0.40768278 0.25323534
v 0.26484621 0.23380439 0.33591989
v 0.26187065 0.16510588 0.60803616
v -0.25256947 0.47040132 -0.66130459
v -0.05165412 -0.43948093 0.60565025
v -0.19788145 0.17448154 0.61299366
v -0.13680938 -0.29218954 -0.21372265
v 0.27081144 -0.08813251 0.72613817
v -0.28374583 0.17106470 0.55692917
v 0.31619632 0.13008144 0.47148731
v 0.31261671 0.34549674 -0.68755120
v 0.04707399 0.12488861 0.71704775
v -0.30486977 0.39021331 -0.69115490
v -0.10030055 0.39871517 -0.73052126
v 0.31663910 -0.20133972 -0.31034926
v 0.27549651 -0.37883011 0.18223202
v -0.29186770 0.33158746 -0.10425755
v 0.01115120 -0.43480748 0.61113089
v -0.30373743 0.15364885 0.55277079
v 0.13971382 -0.13928212 0.83389962
v -0.28537470 0.34840021 -0.15841736
v -0.28993183 0.27884653 0.11274201
v 0.23554827 -0.21078166 0.79298413
v -0.21680824 -0.26914003 -0.29392812
v -0.31703484 -0.14517000 -0.40391663
v 0.26797178 -0.29543892 -0.16120103
v 0.17691536 -0.34625730 0.69839942
v 0.23379108 0.38703477 -0.72921610
v 0.22322440 0.42991370 -0.43164080
v 0.10578542 -0.29294893 0.78960878
v 0.10425749 -0.11472084 0.81740308
v -0.27326927 -0.13217551 -0.75682956
v -0.30070505 0.29688391 0.01213845
v -0.29403746 -0.31818780 -0.02657595
v 0.25816756 0.44630101 -0.69072157
v -0.22616553 0.31964466 0.01967973
v -0.25795352 -0.26384705 -0.29080537
v -0.31697649 0.11645526 0.49013701
v 0.21150850 0.44450334 -0.70430577
v 0.06954423 -0.11182143 0.81004488
v -0.12682107 -0.47402817 0.49984181
v -0.18565957 -0.14652669 -0.76375693
v 0.15243505 -0.41210547 0.62574536
v -0.25624493 0.29801565 0.08745990
v -0.31707200 0.13966124 0.43002000
v -0.03095031 -0.25702336 0.76108187
v 0.31513736 -0.27458090 0.57993692
v -0.21644974 0.26183975 0.25646523
v 0.23961358 0.46431050 -0.58236957
v -0.14972106 -0.47461563 0.52376986
v -0.16287719 0.47440991 -0.61403370
v 0.20959686 0.29892930 0.10558765
v 0.12210158 -0.36180222 0.69643229
v 0.29695633 0.37702203 -0.31806147
v 0.21395725 -0.21073015 -0.52525789
v 0.24861015 -0.13965905 0.78353316
v -0.23472105 -0.20821036 -0.52767968
v 0.25427055 -0.44236442 0.57374525
v 0.31307280 0.15965937 0.45293325
v -0.31674042 0.34795627 -0.44076139
v 0.31078112 -0.32835406 0.11837488
v 0.19365668 -0.05428638 0.73271197
v 0.16477622 -0.06887767 0.75524735
v 0.23220444 -0.17447583 -0.66021448
v -0.20908071 -0.06236422 0.71022654
v -0.21485744 0.22387679 0.41164938
v 0.03031952 0.42417300 -0.71884722
v 0.00023281 0.47603041 -0.65959984
v -0.10425753 0.15014304 0.69212246
v -0.22757462 0.29395342 0.12421842
v 0.26859891 0.45583680 -0.64123005
v 0.30457407 -0.41015181 0.41862276
v -0.31294098 -0.22868885 -0.26741195
v 0.22892964 0.17881267 0.58671743
v -0.31699777 -0.34204188 0.32997534
v -0.21496256 0.05325367 0.72643209
v 0.09283178 0.47231510 -0.67557216
v 0.22654675 0.11888471 -0.80062985
v 0.12646271 -0.45957476 0.57990193
v 0.24746883 -0.10204832 -0.81966424
v -0.30585459 -0.20524624 -0.41970998
v -0.08788752 0.43865228 -0.71015555
v 0.30682075 0.40860868 -0.65931314
v -0.23977774 0.23067851 0.37482607
v -0.31028658 0.18801463 0.38199642
v -0.29103163 0.39828172 -0.37646157
v -0.30708915 0.42621157 -0.59406459
v -0.31679407 -0.21511397 -0.24489954
v 0.26064566 0.14086325 -0.78936893
v -0.31700328 -0.33071688 0.24142556
v 0.29409111 0.37590545 -0.70767307
v -0.08215614 -0.36552572 0.06730814
v -0.02087144 0.42299271 -0.71955281
v 0.31543982 0.10900635 0.52851737
v 0.22317350 -0.46374342 0.47950950
v -0.10123581 -0.44765794 0.59693056
v 0.31754845 -0.13248689 -0.50337714
v 0.16397837 -0.32684800 -0.08051218
v -0.31629828 0.37533009 -0.52386892
v -0.17090532 0.15119936 0.68886364
v -0.22287422 0.18495335 0.56713700
v -0.30789280 -0.14275643 -0.64329469
v 0.30822659 0.03740840 -0.77410901
v 0.21785788 0.28328666 0.16912363
v -0.26448810 0.45546293 -0.56381989
v -0.23366372 0.00906531 0.71597487
v 0.26470637 0.34731150 -0.12306181
v -0.23087879 -0.03069349 -0.83279556
v 0.02916312 -0.13818024 -0.77906799
v 0.24552533 0.40820768 -0.35238454
v 0.23257592 -0.18531825 -0.61974490
v -0.30349576 -0.02870360 0.66170055
v -0.12155667 0.43324944 -0.71323544
v 0.10848600 -0.44335991 0.36608312
v -0.27544060 -0.34703591 0.05412833
v -0.17750788 -0.47203305 0.50604916
v -0.28346789 -0.41093105 0.57700223
v 0.14191082 0.47654563 -0.65687054
v -0.31681547 -0.13142742 -0.54977065
v -0.30347824 0.41836098 -0.50077170
v 0.28715062 -0.03468191 -0.81049114
v -0.03639107 -0.09318921 -0.83232111
v -0.30488577 0.38981822 -0.39450282
v -0.20105921 -0.09414521 -0.83087832
v -0.29881641 -0.17524762 0.64006007
v 0.03314940 0.45347142 -0.69920200
v 0.11373874 -0.47093746 0.55542415
v -0.31198820 0.15071820 -0.74732673
v -0.04837319 0.16179320 0.66573924
v -0.21401508 0.19995689 0.50924361
v -0.28919694 -0.36316237 0.14174215
v 0.05255566 -0.35516667 0.70110661
v 0.18274160 -0.30719453 0.75864536
v 0.23654687 -0.33283442 -0.03968697
v 0.20374902 0.21056052 0.46843904
v 0.23164697 0.44602868 -0.49837759
v -0.31583467 -0.27493432 -0.04013406
v -0.02685960 -0.44012085 0.35312343
v -0.22550128 0.34279436 -0.07444741
v 0.26872548 0.45566079 -0.60719132
v 0.31688914 0.14995199 0.35318157
v -0.25428441 0.18754114 0.53744030
v 0.16866601 -0.00620440 -0.83168811
v -0.27032483 -0.29756644 -0.14619178
v -0.30690220 -0.28205985 -0.11060533
v -0.07538392 -0.30858138 0.71593428
v -0.30234385 -0.33643866 0.07022063
v -0.18373407 -0.46924663 0.54238653
v -0.15793575 -0.36233744 0.63233984
v 0.14095515 -0.23795459 0.83090901
v 0.26219979 0.21820064 0.40258342
v -0.30003348 -0.11787421 -0.74959397
v 0.07609589 -0.18229480 0.82879913
v 0.25786829 0.13791463 0.67801797
v 0.31368971 -0.36383680 0.29219463
v 0.13690414 -0.17251261 0.83894628
v -0.17827396 -0.30002123 0.66854978
v -0.13412540 -0.45899901 0.57950282
v -0.31671128 0.21494155 -0.70367056
v 0.09647142 0.10937978 0.72974604
v 0.27755913 0.16534279 0.58295542
v 0.26833183 -0.38222805 0.60510612
v 0.02973028 -0.15031217 -0.75081474
v 0.25323766 -0.27530521 0.72208482
v 0.18814075 0.15107159 0.68625855
v -0.29583225 -0.43887630 0.51334733
v 0.28148115 0.32771614 -0.07149092
v 0.31693071 0.33740550 -0.33071607
v -0.15153551 -0.33796406 0.65082741
v 0.24233410 0.23230365 0.36609030
v 0.04517229 -0.40345550 0.63365507
v -0.17804952 0.41534728 -0.72310144
v 0.30840647 0.23411667 0.20528427
v 0.26339319 -0.23909557 -0.38989431
v -0.19859578 0.45876926 -0.68886501
v 0.29680407 0.30613297 -0.02506090
v -0.23795611 0.08475922 0.72159731
v 0.02528194 -0.06665716 -0.83297944
v 0.11760737 0.05372871 0.74676019
v 0.25993723 0.09686176 -0.80018520
v 0.06999035 0.41704115 -0.72152281
v 0.27598378 0.19630598 0.46587572
v -0.30478397 -0.09383011 -0.78091872
v 0.25448185 0.41203219 -0.71719360
v -0.30045301 -0.18794774 -0.51924074
v -0.03888041 -0.15359432 0.78253150
v 0.31645900 0.13598128 0.43197137
v -0.04965204 0.47420782 -0.66670871
v 0.31202409 0.29783183 -0.09132769
v 0.26704225 -0.23579420 0.74338067
v 0.12851782 0.45357609 -0.69915450
v 0.30144602 0.12572645 0.64435059
v -0.28105876 -0.33726618 0.60890174
v 0.14317824 0.47286648 -0.60906720
v 0.30504239 -0.41112033 0.47012773
v 0.30889216 -0.27465099 0.60172176
v 0.21833816 0.22133467 -0.77522624
v -0.31342691 0.21123658 0.25996742
v -0.31715479 -0.01141324 -0.73720294
v -0.27711871 -0.19379430 0.65193617
v -0.29647496 -0.43338400 0.53512442
v 0.23914973 -0.09888185 0.76748127
v 0.22038607 0.37552550 -0.20853047
v -0.27660319 -0.27474591 -0.22860301
v 0.23533528 -0.30529660 -0.14829856
v -0.31699973 -0.33879691 0.28145447
v -0.31575432 -0.04559870 -0.14221354
v 0.21738894 0.15167552 0.67604846
v -0.03233345 0.00210742 -0.82906687
v 0.15642312 0.02750387 0.74044716
v -0.27058485 -0.24170862 0.64274126
v -0.09519719 -0.14553382 0.75633782
v -0.27775458 -0.19886120 -0.52449703
v -0.31374195 0.24373284 0.12441801
v 0.31689724 -0.34607992 0.30897948
v -0.27741271 -0.44974533 0.49500462
v -0.31656843 -0.12349567 -0.51218385
v 0.31696787 0.29016021 -0.67175484
v -0.21838614 0.30612570 0.07539897
v -0.21678907 -0.18052523 -0.64153337
v 0.31693247 -0.25169289 -0.03754971
v 0.05712974 -0.09138737 0.79026431
v -0.31677517 -0.00763666 -0.56884640
v -0.29882443 0.29390940 -0.73083043
v -0.31446940 -0.38674784 0.38430354
v -0.31338179 0.19627190 0.31911674
v 0.22892863 -0.41061145 0.26405206
v 0.24340665 -0.42413858 0.59652233
v 0.31599042 -0.04438737 -0.40609372
v 0.18996897 -0.09432293 0.78954792
v 0.31244069 -0.16914093 0.62423342
v 0.11728624 -0.09813134 -0.83143836
v 0.31703061 0.29648092 -0.21267270
v 0.02471196 -0.09336734 0.78893906
v 0.12787439 -0.33776358 0.73015618
v 0.23116440 0.02568042 -0.82353562
v 0.22275132 0.36385646 -0.16077857
v 0.31545672 -0.01971738 -0.76047212
v 0.25464082 -0.39858350 0.23390158
v 0.20542006 -0.19157869 0.81679100
v -0.31695446 -0.31094047 0.19421598
v -0.09436432 0.00123496 -0.82867980
v 0.21911520 0.40073416 -0.31186995
v 0.31672606 -0.19116870 0.58730280
v 0.31694457 -0.23570634 -0.10940860
v -0.29220667 0.20854598 -0.75859183
v 0.22325581 0.04393587 0.72590005
v 0.26050413 -0.28627241 0.68419224
v -0.28856462 0.36907035 -0.24895275
v 0.15653376 0.15976071 0.66960871
v 0.31377515 0.37320769 -0.65888673
v 0.29273659 0.07298946 0.69123435
v 0.24439393 -0.31392398 -0.11043298
v -0.12572969 0.13973349 0.70485294
v -0.17500961 0.01883474 0.72811300
v 0.28647780 0.40157557 -0.37518883
v 0.29609209 -0.21196605 0.66675031
v -0.31688529 -0.21306434 -0.21196805
v 0.15411963 -0.10399207 0.80966538
v -0.22527669 -0.32238287 -0.08249407
v -0.31528711 -0.03589869 0.48223022
v 0.24791618 -0.32201490 -0.07650191
v 0.28508788 -0.44431472 0.51741612
v 0.31453463 0.16166951 0.42380020
v 0.31616879 -0.23664099 0.58603126
v 0.30157682 0.31720811 -0.08339025
v -0.31688493 -0.23056704 -0.13602649
v 0.31479537 -0.32748586 0.16026594
v 0.04171936 -0.47517776 0.49018091
v -0.31538594 -0.36745793 0.53692859
v -0.31126231 -0.20853816 -0.36311927
v 0.20975406 -0.37678555 0.63130552
v 0.31652397 -0.27730885 -0.00878962
v 0.21676566 -0.42563814 0.31932467
v -0.31540039 0.24329147 0.10316639
v 0.19262448 0.16571291 0.64668065
v -0.31563178 -0.04517017 -0.32245189
v -0.31703976 0.19393235 0.21848172
v -0.24213420 0.05164094 -0.81598383
v -0.31621373 -0.38098800 0.45235625
v 0.25225928 0.43293968 -0.45849890
v 0.28691399 0.19290303 -0.76626354
v 0.31676355 0.08391831 -0.73026609
v 0.31703520 0.35545042 -0.43466282
v -0.22500259 -0.03590285 0.70580876
v -0.31484014 0.37663743 -0.67187893
v 0.27686188 -0.27969453 0.64790493
v -0.31579742 0.14360107 0.49524215
v -0.12012848 -0.07633150 -0.83638364
v -0.22587892 -0.23060994 -0.44423741
v 0.30719200 0.05934953 0.67391902
v 0.28255954 -0.30332798 -0.10896117
v -0.05059097 -0.14571860 -0.76485997
v 0.22717150 0.27073029 -0.76224583
v -0.25091380 0.25573438 0.26351717
v 0.17411616 -0.28454977 0.79333878
v -0.31576288 -0.03675000 0.41121674
v -0.22902742 -0.33689576 -0.02462720
v 0.11289472 0.35231090 -0.74194759
v -0.00542363 -0.37558964 0.65004796
v 0.20362863 0.24249829 0.33773690
v 0.29739150 -0.06774218 0.67771804
v 0.31646803 -0.27301145 0.54894888
v 0.31696972 -0.17600438 -0.34217060
v -0.20710462 -0.46149659 0.46497053
v -0.31620207 -0.12249839 -0.61244726
v -0.31693158 0.30514240 -0.18885718
v -0.31709743 0.15446354 0.36035866
v -0.31671011 0.34008387 -0.36260137
v 0.31705573 0.16207449 0.29410022
v 0.31530049 -0.05389616 -0.05315699
v -0.23633090 -0.37495118 0.61657494
v 0.25779325 0.20260964 -0.77471155
v 0.31669554 -0.00056131 -0.72465688
v 0.00376929 -0.10588831 -0.82724279
v 0.24231106 -0.29350442 -0.19147286
v -0.10965589 -0.03843792 0.72709233
v 0.21776472 0.31457493 0.04126423
v 0.13144729 0.11156575 0.72740394
v -0.25769305 -0.19510722 -0.56063175
v -0.22370555 -0.35558808 0.04767308
v 0.21095245 -0.39601541 0.20121045
v 0.27007824 -0.27136332 -0.25592542
v -0.31701320 0.22222368 0.07992189
v 0.18799111 0.06779024 0.73639417
v -0.02858234 -0.36163738 0.66269499
v 0.31414518 -0.03628531 0.43690965
v -0.03164774 -0.33171967 0.71239996
v -0.28701723 -0.22087525 0.63729376
v -0.18159992 0.37679559 -0.73630053
v -0.22406279 0.40010449 -0.30822584
v 0.31486726 -0.04067143 0.26921198
v 0.10168727 0.02567900 0.74345332
v -0.07132002 0.06045483 0.73991084
v -0.23979737 0.09100620 -0.80679667
v -0.20808646 -0.40208444 0.61318141
v 0.18077487 -0.27856308 -0.26585686
v 0.17297243 -0.43360817 0.60682780
v -0.10878234 -0.32887104 -0.07318126
v 0.31289646 0.37352562 -0.40833321
v -0.07021973 0.47434732 -0.61356664
v 0.31470782 0.14008920 0.50218993
v -0.22398262 0.33084857 -0.02573303
v -0.31672764 -0.19860725 0.58261192
v -0.24005400 0.01567247 -0.82374191
v -0.31242782 -0.21270850 -0.33434227
v 0.31584018 -0.35812193 0.52320421
v -0.31259933 -0.24626192 -0.20041294
v -0.30033389 -0.25452021 -0.25725225
v -0.20622425 -0.21885490 -0.49447158
v 0.31474614 -0.04293369 0.16963765
v 0.12636085 -0.00290452 -0.83086962
v -0.08361752 -0.23342288 0.74102789
v 0.31704655 0.28615123 -0.15014479
v -0.31585234 -0.03892998 0.24425282
v -0.20154084 0.14748240 0.69006044
v 0.13343324 -0.38193592 0.13034835
v 0.31686854 0.18586731 -0.69880283
v 0.22501186 0.41763568 -0.38133201
v 0.24075954 0.00262967 0.71304452
v -0.31700107 0.25030991 -0.03846181
v -0.20496038 0.32777563 -0.74858767
v 0.22147413 -0.37774792 0.13208526
v 0.31637874 -0.36979210 0.43834910
v -0.21453576 -0.44722858 0.40718156
v -0.31693980 -0.28341803 0.07239517
v 0.16414143 -0.37902513 0.65435112
v -0.27288580 -0.41216722 0.30952704
v 0.31528136 -0.05378840 0.06091681
v 0.31623319 -0.04399639 -0.53603536
v -0.21536168 -0.19755477 -0.57598168
v -0.31691843 0.32393175 -0.33180416
v -0.17084001 -0.25364405 -0.36138546
v 0.28946710 -0.39986679 0.29409212
v -0.31667206 0.09483633 -0.73489386
v -0.31650725 0.27563965 -0.69567490
v 0.29001403 -0.31929943 -0.02552113
v -0.22499403 0.42348742 -0.40403402
v 0.22748470 0.17208515 -0.78745693
v -0.23813504 -0.07449551 0.69764733
v -0.27720511 0.39997983 -0.35363343
v 0.31692934 -0.28675228 0.07855459
v -0.29267007 -0.43257812 0.43654710
v -0.31351310 -0.39713034 0.41794959
v 0.06704108 0.16554119 0.65237802
v -0.23818645 -0.25581849 -0.33924621
v -0.05582488 -0.40254259 0.20919804
v -0.20786583 0.12013467 0.71629083
v 0.25810039 0.39695829 -0.31859404
v 0.23539861 -0.46595854 0.51740837
v -0.23146348 -0.39502305 0.20479800
v -0.05426974 -0.17793486 -0.65137893
v -0.31589022 -0.04092972 0.14778954
v 0.14684805 -0.35351682 0.02145838
v -0.27960354 -0.07994826 -0.82400215
v 0.31533489 -0.04756305 -0.16933750
v 0.31654742 0.07145611 -0.00517455
v 0.22447422 0.35225049 -0.11344529
v -0.31442574 -0.03346822 0.54679799
v 0.01352257 0.37792677 -0.73582065
v -0.22062878 0.35757846 -0.13431478
v 0.29794726 0.43074763 -0.55677438
v -0.30426341 0.31771731 -0.08948731
v -0.22060153 0.37884730 -0.22122818
v -0.00454008 0.29765755 0.11175547
v 0.31519842 0.17725278 0.35697293
v 0.20910072 -0.23755729 0.80380213
v 0.10434876 -0.05341717 0.74143654
v 0.29214060 0.44008785 -0.59413183
v -0.31584427 -0.03782469 0.33202261
v -0.31307220 0.29660609 -0.08312571
v -0.24965909 -0.44970310 0.43975314
v -0.16565681 -0.24472851 0.69610739
v -0.21153426 -0.11987168 0.70365256
v 0.20520736 -0.23158365 -0.44584131
v 0.31377304 -0.24490003 -0.18436785
v -0.29297453 -0.09687768 -0.79811430
v -0.21827103 0.21639250 -0.77662724
v 0.25258988 0.34088767 -0.08437056
f 151 619 235
f 619 151 389
f 375 619 389
f 1725 389 151
f 1725 375 389
f 1058 111 1785
f 1058 235 111
f 151 235 1058
f 1174 964 1186
f 1726 322 842
f 1726 150 540
f 540 150 157
f 540 157 1520
f 157 1148 1520
f 1148 964 1718
f 1718 1520 1148
f 1718 964 1174
f 37 1718 1174
f 77 964 933
f 964 1148 933
f 964 77 1615
f 1186 964 1615
f 1726 842 1064
f 150 1726 1064
f 150 1064 345
f 150 345 157
f 1148 157 933
f 842 322 375
f 275 1615 77
f 275 1186 1615
f 933 157 345
f 933 345 387
f 933 387 77
f 1064 842 1725
f 842 375 1725
f 611 453 1343
f 90 896 1483
f 90 1483 1343
f 131 128 380
f 380 978 131
f 1318 481 128
f 1700 128 131
f 1700 1318 128
f 838 128 548
f 839 380 838
f 380 128 838
f 978 380 839
f 1316 1683 821
f 488 840 1316
f 840 1683 1316
f 488 481 840
f 481 488 548
f 481 548 128
f 821 453 611
f 1316 611 883
f 1316 821 611
f 488 1316 883
f 1662 398 601
f 398 1447 601
f 675 372 501
f 675 501 1447
f 398 675 1447
f 398 1662 1129
f 131 978 905
f 905 978 1766
f 905 1766 372
f 1368 905 372
f 1368 372 675
f 1179 675 398
f 1606 398 1129
f 1700 131 905
f 1368 675 1179
f 1179 398 1606
f 601 1447 827
f 87 1662 601
f 730 1662 87
f 372 1766 420
f 501 372 420
f 501 420 592
f 501 592 827
f 827 1447 501
f 1492 730 87
f 827 592 405
f 601 827 405
f 405 87 601
f 1794 1766 978
f 978 839 1794
f 420 1766 1794
f 1038 553 1654
f 1852 1051 924
f 1852 924 756
f 756 729 1927
f 1852 756 1927
f 729 1231 1927
f 1927 1231 627
f 627 1231 1038
f 1537 1038 1654
f 1537 627 1038
f 1129 1662 1051
f 1421 1051 1852
f 1418 1852 1927
f 627 1418 1927
f 1129 1051 1421
f 1421 1852 1418
f 1537 1418 627
f 1606 1129 1421
f 1038 1231 1166
f 553 1166 308
f 553 1038 1166
f 756 924 737
f 756 113 729
f 1051 1662 730
f 730 924 1051
f 1166 1618 308
f 113 756 737
f 246 1231 729
f 246 729 113
f 246 1166 1231
f 924 730 737
f 67 235 619
f 273 619 375
f 1107 928 442
f 1107 442 111
f 1107 111 1929
f 111 235 1929
f 1929 235 67
f 67 619 273
f 553 1930 1654
f 1654 1930 928
f 1669 1654 928
f 1669 928 1107
f 1839 1107 1929
f 726 1839 1929
f 726 1929 67
f 67 273 726
f 726 273 1848
f 1669 1107 1839
f 1537 1654 1669
f 1537 1669 1839
f 442 928 1930
f 442 1785 111
f 1930 553 308
f 1547 1930 308
f 1547 442 1930
f 1547 1785 442
f 273 375 322
f 939 322 1726
f 939 1726 540
f 1388 540 1520
f 1718 1388 1520
f 1848 273 939
f 273 322 939
f 939 540 1388
f 37 1388 1718
f 1388 1848 939
f 1355 1848 1388
f 1355 1388 37
f 1976 492 789
f 1127 893 1976
f 1127 1976 789
f 1325 688 1162
f 1325 1162 357
f 1478 1357 1325
f 1325 357 95
f 95 1478 1325
f 923 90 1343
f 923 1343 453
f 393 90 923
f 923 453 203
f 153 1764 299
f 153 299 1733
f 153 1733 393
f 284 393 923
f 203 284 923
f 153 1213 1764
f 153 393 284
f 1213 153 660
f 660 153 284
f 211 486 1213
f 211 1213 660
f 1780 660 284
f 80 357 211
f 166 80 211
f 166 211 660
f 1780 166 660
f 1780 284 1228
f 1560 80 166
f 393 1733 896
f 90 393 896
f 1998 177 1764
f 1764 177 299
f 1998 1764 1213
f 1213 1127 1998
f 893 1127 486
f 486 1127 1213
f 211 357 486
f 1162 893 486
f 357 1162 486
f 357 80 95
f 896 1733 1613
f 1613 1733 299
f 299 177 1613
f 789 1085 1998
f 1998 1127 789
f 1998 1085 177
f 453 821 1683
f 853 453 1683
f 1887 853 1683
f 840 481 1887
f 1683 840 1887
f 1887 481 1318
f 203 453 853
f 1004 853 1887
f 997 1318 1700
f 203 853 1004
f 997 1887 1318
f 1004 1887 997
f 1228 284 203
f 1004 1228 203
f 1804 1004 997
f 1228 1004 1804
f 1700 905 1798
f 905 1368 1798
f 1798 1368 1179
f 997 1700 1798
f 1279 1179 1606
f 1577 997 1798
f 1798 1179 1577
f 1577 1179 1279
f 1577 1804 997
f 1606 1421 1418
f 1858 1606 1418
f 645 1858 1537
f 1858 1418 1537
f 1279 1606 1858
f 645 1537 1839
f 1839 726 1788
f 726 1848 1788
f 645 1839 1788
f 1788 1848 1355
f 1311 151 1058
f 1438 1725 1311
f 1725 151 1311
f 1547 1618 639
f 639 1785 1547
f 1311 1785 639
f 1311 1058 1785
f 639 1618 1605
f 1311 639 1588
f 1588 1438 1311
f 639 1605 1588
f 345 1064 915
f 345 915 387
f 1725 915 1064
f 1879 275 77
f 77 387 1879
f 915 1725 1438
f 1841 387 915
f 1879 387 1841
f 1841 915 1438
f 1879 1841 1920
f 1920 1841 1438
f 1438 1588 1920
f 1009 1343 1483
f 611 1343 1009
f 896 1613 1483
f 881 1613 1252
f 1483 1613 881
f 1483 881 1480
f 1009 1483 1480
f 881 1252 809
f 1623 881 809
f 1480 881 1623
f 809 994 1623
f 1623 994 403
f 1480 1623 1479
f 1623 403 1479
f 1901 838 1295
f 1901 839 838
f 1295 488 883
f 1295 838 548
f 548 488 1295
f 883 611 1009
f 1952 1901 1295
f 1638 1901 1952
f 883 1009 1801
f 1801 1295 883
f 1952 1295 1801
f 1009 1480 1801
f 87 405 1492
f 420 1794 294
f 592 420 294
f 405 592 294
f 1901 1638 1794
f 1794 839 1901
f 1871 405 294
f 1492 405 1871
f 294 1794 1638
f 508 1492 1871
f 294 1931 1871
f 1931 294 1638
f 1954 508 1871
f 1638 1952 1931
f 1166 246 1618
f 246 113 1967
f 737 730 1492
f 1618 246 1967
f 508 737 1492
f 1967 113 737
f 1967 737 508
f 1605 1618 1967
f 1605 1967 1954
f 1954 1967 508
f 1547 308 1618
f 1085 789 492
f 707 492 1976
f 893 707 1976
f 893 688 707
f 1162 688 893
f 1325 1357 688
f 844 1085 492
f 1085 844 829
f 869 844 492
f 869 492 707
f 707 1203 869
f 688 1203 707
f 688 1689 1203
f 1357 1689 688
f 844 1019 829
f 437 1019 844
f 437 844 869
f 1203 437 869
f 1705 1019 437
f 1203 1373 1705
f 1203 1705 437
f 1689 1373 1203
f 1088 994 1019
f 1088 1019 1705
f 1240 1373 1689
f 1088 1407 994
f 1031 1407 1088
f 1031 1088 1705
f 1373 1031 1705
f 780 1031 1373
f 1240 780 1373
f 1407 1247 71
f 1031 1247 1407
f 1031 1277 1247
f 780 1277 1031
f 177 1085 1252
f 1613 177 1252
f 1252 1085 829
f 809 1252 829
f 809 829 1019
f 809 1019 994
f 1407 71 403
f 994 1407 403
f 1588 1605 1954
f 1973 1480 1479
f 1479 403 495
f 1973 1479 377
f 377 1479 495
f 1973 377 1874
f 1874 245 1973
f 1973 245 1744
f 1952 1801 1973
f 1801 1480 1973
f 1931 1952 1973
f 1871 1931 1954
f 1954 1931 1973
f 193 71 1247
f 71 193 495
f 193 1247 1277
f 1870 1277 780
f 1240 1823 1870
f 1240 1870 780
f 193 240 495
f 1277 1870 193
f 1084 240 193
f 1870 1084 193
f 1870 1303 1084
f 1303 1870 1823
f 845 180 240
f 845 240 1084
f 748 845 1084
f 1303 748 1084
f 845 511 556
f 748 511 845
f 1303 585 748
f 1823 585 1303
f 1823 1790 585
f 748 1703 511
f 1703 748 585
f 585 229 1703
f 1790 229 585
f 511 1288 556
f 1288 628 556
f 1288 511 1703
f 135 1288 1703
f 50 1288 135
f 50 628 1288
f 229 1091 1703
f 1091 135 1703
f 1790 1091 229
f 495 403 71
f 180 495 240
f 180 377 495
f 180 845 556
f 1874 180 556
f 1874 377 180
f 628 1874 556
f 628 245 1874
f 808 250 555
f 250 867 555
f 875 425 808
f 425 250 808
f 1949 957 1507
f 716 1578 957
f 716 957 1949
f 716 867 1578
f 555 867 716
f 326 938 243
f 1169 326 243
f 683 1169 243
f 243 828 683
f 1964 1550 12
f 1964 326 1550
f 938 326 1964
f 828 243 938
f 1747 683 828
f 1782 683 1747
f 12 425 875
f 938 1964 926
f 1797 938 926
f 828 938 1797
f 276 1747 1797
f 1747 828 1797
f 276 1782 1747
f 348 12 875
f 1964 12 348
f 683 1782 720
f 1342 1782 276
f 346 1782 1342
f 720 1782 346
f 1698 720 346
f 647 1458 626
f 38 2 633
f 2 865 633
f 633 1327 38
f 723 1327 269
f 38 1327 723
f 723 269 1728
f 723 1728 530
f 530 1728 571
f 530 571 1458
f 1411 530 1458
f 1411 1458 647
f 1174 1186 2
f 41 1174 2
f 353 2 38
f 353 41 2
f 1947 353 723
f 353 38 723
f 1947 723 530
f 1411 1947 530
f 41 37 1174
f 167 571 1385
f 571 1728 1385
f 1458 571 167
f 626 1458 167
f 633 865 493
f 633 493 1327
f 865 2 1186
f 626 167 519
f 1696 1327 493
f 269 1327 1696
f 1385 269 1696
f 1728 269 1385
f 865 1186 275
f 493 865 275
f 161 154 860
f 860 154 426
f 329 626 1272
f 137 329 1272
f 139 680 137
f 139 734 17
f 17 734 161
f 1671 161 860
f 1671 17 161
f 647 626 329
f 329 137 680
f 1822 680 17
f 680 139 17
f 647 329 194
f 329 680 194
f 1822 194 680
f 1671 1822 17
f 1411 647 194
f 824 154 734
f 154 161 734
f 1272 626 1712
f 91 1272 1712
f 91 137 1272
f 802 137 91
f 139 137 802
f 802 734 139
f 154 824 262
f 304 971 262
f 426 154 262
f 971 426 262
f 48 802 91
f 734 802 48
f 824 734 48
f 1712 626 519
f 1712 519 91
f 1578 867 1105
f 510 1578 1105
f 1105 867 250
f 1806 250 425
f 1128 426 971
f 1128 971 1094
f 667 1024 510
f 667 510 1105
f 1806 1105 250
f 230 1105 1806
f 860 426 1128
f 1128 1094 1079
f 1094 1024 1079
f 1079 1024 667
f 230 667 1105
f 1403 230 1806
f 860 1128 1787
f 1787 1128 1079
f 1079 667 1656
f 1656 667 230
f 1671 860 1787
f 1787 1079 1656
f 1656 230 1403
f 1507 1094 971
f 957 1094 1507
f 957 1024 1094
f 1578 1024 957
f 1578 510 1024
f 1507 971 304
f 425 12 1965
f 1965 1806 425
f 12 1550 1965
f 1861 1550 326
f 1861 1965 1550
f 1169 1861 326
f 1026 1169 683
f 1026 683 1117
f 1403 1806 1965
f 1861 1403 1965
f 1851 1026 1117
f 1026 1861 1169
f 949 1861 1026
f 949 1026 1851
f 949 1403 1861
f 1117 683 720
f 1564 1117 720
f 661 1117 1564
f 661 1851 1117
f 119 1851 661
f 119 949 1851
f 932 119 1018
f 119 661 1018
f 1035 949 119
f 932 1035 119
f 1035 932 1352
f 1351 949 1035
f 767 1351 1035
f 767 1035 1352
f 767 1352 183
f 1427 1351 767
f 767 183 895
f 895 1427 767
f 1564 720 1698
f 1018 661 1564
f 1018 1564 1449
f 1018 1449 1579
f 932 1018 1579
f 1352 932 1774
f 1352 1774 898
f 1352 898 935
f 183 1352 935
f 890 895 935
f 895 183 935
f 288 890 935
f 1449 1698 798
f 1449 1564 1698
f 1579 1449 35
f 1774 932 1579
f 37 41 353
f 1947 37 353
f 388 37 1947
f 388 1355 37
f 388 1947 1974
f 1947 1411 1974
f 1411 194 1974
f 1974 194 1822
f 1974 1822 1936
f 1822 1671 1936
f 1671 1787 1991
f 1936 1671 1991
f 1991 1787 1656
f 1991 1656 1878
f 1403 949 1351
f 1925 1351 516
f 1351 1656 1403
f 1925 1878 1351
f 1878 1656 1351
f 1842 1878 1925
f 890 1427 895
f 516 1351 1427
f 1139 1427 890
f 516 1427 1139
f 1113 622 1139
f 622 516 1139
f 1139 192 1113
f 1925 516 622
f 1219 1925 622
f 1042 622 1113
f 1219 622 1042
f 1706 1219 1042
f 1925 1219 1292
f 1219 1706 1164
f 1164 1292 1219
f 248 1292 1164
f 1574 248 1164
f 192 1139 890
f 1910 1113 192
f 1042 1113 1910
f 1574 1164 1706
f 484 1574 1706
f 1569 1574 484
f 192 890 288
f 192 288 1792
f 1910 192 1792
f 1042 1910 1781
f 1706 1042 1781
f 1706 1781 484
f 1842 1925 1292
f 1980 1842 1292
f 1143 1292 248
f 344 248 1574
f 1143 248 344
f 799 1292 1143
f 1980 1292 799
f 170 799 1143
f 170 1143 344
f 170 344 302
f 796 799 170
f 1559 796 170
f 754 796 1559
f 1013 1980 799
f 799 796 1013
f 754 1013 796
f 733 1013 1693
f 1013 754 1693
f 199 1980 1013
f 733 199 1013
f 1109 733 1693
f 1569 344 1574
f 302 344 1569
f 1559 170 302
f 302 694 1559
f 302 1569 376
f 694 302 376
f 1559 694 300
f 300 754 1559
f 1319 754 300
f 1693 754 1319
f 1693 1319 800
f 800 1109 1693
f 304 262 1582
f 171 555 716
f 555 171 1509
f 1509 808 555
f 1509 875 808
f 1949 1507 304
f 1354 716 1949
f 171 716 1354
f 1354 1949 304
f 1509 171 1946
f 1354 304 1582
f 1797 926 333
f 276 1797 333
f 1964 348 1993
f 926 1964 1993
f 1342 276 1265
f 348 875 1509
f 333 926 1993
f 1265 276 333
f 348 1509 1993
f 333 1993 1886
f 1265 333 946
f 1993 1509 1946
f 1993 1946 1886
f 946 333 1886
f 1729 946 1697
f 1697 946 1886
f 1631 1729 1697
f 1631 1697 1622
f 1886 1946 1622
f 1697 1886 1622
f 449 1342 1265
f 449 346 1342
f 1032 346 449
f 798 1698 1032
f 1698 346 1032
f 558 1032 449
f 1032 558 1082
f 1032 1082 522
f 798 1032 522
f 1265 946 770
f 449 1265 770
f 558 449 770
f 1338 558 770
f 1082 558 1338
f 1082 1338 1260
f 1917 1082 1260
f 522 1082 1917
f 1729 770 946
f 779 770 1729
f 1338 770 779
f 1338 779 913
f 1260 1338 913
f 913 779 1034
f 1034 1260 913
f 945 1260 1034
f 945 1917 1260
f 14 779 1729
f 1034 779 14
f 1226 1729 1631
f 14 1729 1226
f 14 1226 1739
f 355 14 1739
f 1034 14 355
f 864 1034 355
f 864 945 1034
f 167 1385 1210
f 519 167 1210
f 1696 493 457
f 1385 1696 1210
f 275 457 493
f 1696 1902 1210
f 519 1210 1090
f 275 1879 457
f 1696 457 1902
f 1210 1902 1090
f 1902 457 1879
f 1090 1902 1673
f 1673 1879 1920
f 1673 1902 1879
f 824 48 262
f 91 519 1257
f 1257 48 91
f 48 1257 1972
f 262 48 1972
f 262 1972 1582
f 1257 519 1090
f 1972 1257 1090
f 1972 1968 1582
f 35 1449 798
f 1556 1774 35
f 1774 1579 35
f 898 1774 1556
f 1491 898 1556
f 1491 935 898
f 288 935 1491
f 1893 798 522
f 35 798 1893
f 1556 35 1893
f 522 1917 1893
f 1556 1893 1356
f 1556 1356 1443
f 1443 1491 1556
f 1317 1491 1443
f 1356 1893 1917
f 936 1443 1356
f 1738 1443 936
f 1317 1443 1738
f 1730 1917 945
f 1356 1917 1730
f 936 1356 1730
f 1750 936 1730
f 1738 936 1750
f 1738 1750 436
f 641 945 864
f 1730 945 641
f 1089 1738 436
f 1792 288 1491
f 1781 1910 1792
f 1317 1792 1491
f 1781 1792 1317
f 1995 376 484
f 376 1569 484
f 1995 1781 1317
f 1995 484 1781
f 1995 1317 1994
f 1994 1317 1738
f 1994 1738 1089
f 888 1995 1994
f 278 1994 1089
f 1961 300 694
f 694 376 1961
f 1320 300 1961
f 1320 1319 300
f 1330 1319 1320
f 800 1319 1330
f 1330 1320 1866
f 1961 376 1995
f 1320 1961 1866
f 1866 1961 1646
f 1687 1330 1866
f 1646 1961 1995
f 1410 1687 1866
f 1646 1995 909
f 1646 909 55
f 1410 1646 55
f 1410 1866 1646
f 909 1995 888
f 1410 55 995
f 1269 909 888
f 55 909 1269
f 55 1269 584
f 995 55 584
f 1269 1390 584
f 995 584 1384
f 1719 171 1354
f 171 1719 1946
f 1582 1968 1354
f 1719 1354 1968
f 209 1631 1622
f 1622 1946 1719
f 209 1622 1087
f 1719 1087 1622
f 1110 209 1087
f 1087 1372 718
f 718 1110 1087
f 1372 1087 1719
f 491 1372 1467
f 718 1372 491
f 1467 1372 1719
f 1631 209 1226
f 355 1739 1329
f 864 355 1329
f 1739 1226 752
f 1677 1329 752
f 1329 1739 752
f 1329 1677 1465
f 864 1329 1465
f 641 864 1465
f 752 1226 209
f 752 209 1110
f 430 1677 752
f 430 752 1110
f 106 1677 430
f 1465 1677 106
f 765 1465 106
f 430 1110 947
f 1586 106 947
f 106 430 947
f 765 106 1586
f 947 1110 718
f 725 1586 947
f 1200 765 1586
f 747 947 718
f 725 947 747
f 1200 1586 725
f 747 718 491
f 725 747 1017
f 1200 725 1017
f 1972 1090 1968
f 1968 1090 1673
f 1451 1730 641
f 1750 1730 1451
f 976 1750 1451
f 976 436 1750
f 1504 1451 641
f 976 1451 1504
f 976 1504 1130
f 765 641 1465
f 1504 641 765
f 900 1504 765
f 1130 1504 900
f 717 900 765
f 1907 1130 900
f 717 765 1200
f 717 1200 674
f 1907 900 717
f 1907 717 1881
f 1881 717 674
f 1089 436 1542
f 278 1089 1542
f 1542 436 976
f 1542 976 594
f 278 1542 1188
f 1188 1542 594
f 1053 976 1130
f 1053 594 976
f 594 1053 1727
f 1188 594 1727
f 1188 1727 1549
f 1727 1053 292
f 1549 1727 292
f 1907 1053 1130
f 292 1053 1909
f 1549 292 1399
f 1909 1053 1907
f 292 1909 598
f 598 1399 292
f 1909 1907 1494
f 1907 233 1494
f 598 1909 1494
f 182 1399 598
f 1934 1994 278
f 888 1994 1934
f 888 1934 1793
f 278 1188 1934
f 1934 1188 1549
f 1934 1549 1627
f 1793 1934 1767
f 1793 1767 1158
f 1549 1399 1627
f 1581 1934 1627
f 1767 1934 1581
f 1627 1399 182
f 1527 1627 182
f 1581 1627 1527
f 1767 1581 1381
f 888 1262 1390
f 1269 888 1390
f 584 1390 877
f 1384 584 877
f 1262 888 1793
f 1390 1262 927
f 877 927 368
f 927 877 1390
f 877 368 1898
f 1384 877 1898
f 1384 1898 1450
f 927 1262 46
f 1898 368 1450
f 482 46 1158
f 1262 1793 1158
f 46 1262 1158
f 46 513 927
f 513 885 368
f 513 368 927
f 1450 368 885
f 46 1299 513
f 1299 46 482
f 513 965 885
f 1501 1450 885
f 20 1158 1767
f 20 482 1158
f 159 482 20
f 1299 482 159
f 1374 1299 159
f 513 1299 965
f 1501 885 965
f 1501 965 306
f 20 1767 1321
f 1321 1374 20
f 159 20 1374
f 1374 652 1299
f 652 306 965
f 965 1299 652
f 1501 306 539
f 1321 1767 1381
f 773 1374 1321
f 1374 907 652
f 773 907 1374
f 846 306 652
f 907 846 652
f 539 306 846
f 1416 1478 95
f 1416 533 1478
f 1560 166 1780
f 766 1560 1780
f 78 1416 1560
f 78 1560 766
f 582 216 78
f 582 78 766
f 972 766 1780
f 972 1780 1228
f 160 216 582
f 972 582 766
f 993 160 582
f 1469 160 993
f 993 582 972
f 287 1469 993
f 993 972 1956
f 1956 287 993
f 274 574 287
f 274 287 1956
f 1568 94 274
f 94 574 274
f 1568 274 1956
f 1416 95 1560
f 95 80 1560
f 533 1416 216
f 1416 78 216
f 1469 57 160
f 287 57 1469
f 574 1535 287
f 1535 57 287
f 115 1535 574
f 1314 115 574
f 94 1314 574
f 1251 533 216
f 160 1251 216
f 57 1251 160
f 57 777 1251
f 57 573 777
f 573 57 1535
f 115 573 1535
f 972 1228 1956
f 1956 1228 1804
f 1568 1956 1360
f 1956 1804 1360
f 470 645 1788
f 1942 1788 1355
f 1172 1942 1355
f 1942 470 1788
f 1709 94 1568
f 1709 998 94
f 1709 1568 1360
f 466 998 1709
f 466 1709 1360
f 1242 466 1360
f 1293 466 1242
f 1242 1360 51
f 51 1360 1740
f 1293 1242 69
f 658 69 51
f 69 1242 51
f 1740 658 51
f 724 69 658
f 724 658 794
f 181 724 794
f 658 1740 794
f 794 1740 919
f 1078 181 794
f 382 1078 794
f 382 794 919
f 998 1314 94
f 887 1314 998
f 887 998 466
f 466 384 887
f 1293 384 466
f 1827 1293 69
f 1250 1827 724
f 724 1827 69
f 181 1250 724
f 181 1124 1250
f 1078 1124 181
f 101 1106 115
f 1314 101 115
f 887 101 1314
f 384 101 887
f 384 1293 1827
f 921 384 1827
f 1250 1395 1827
f 1395 921 1827
f 1250 1124 1395
f 1740 1360 1804
f 1680 289 919
f 289 1487 919
f 1641 1577 1279
f 1641 1804 1577
f 1953 1641 1279
f 1641 1740 1804
f 919 1740 1641
f 118 919 1641
f 1641 1953 1890
f 1680 919 118
f 1641 1890 83
f 1953 1279 1858
f 728 1953 1858
f 1132 728 1858
f 1953 728 444
f 1132 1858 645
f 1132 645 470
f 298 470 1942
f 298 1942 469
f 1942 1172 1023
f 1515 1078 382
f 382 919 1957
f 1957 1515 382
f 1487 383 1957
f 383 1515 1957
f 383 1805 1515
f 383 529 1805
f 383 1487 21
f 529 383 21
f 21 1487 837
f 1001 529 21
f 255 1001 21
f 1181 255 21
f 1181 21 837
f 65 255 1551
f 1551 255 1181
f 1551 1181 1867
f 755 1594 1867
f 1594 1551 1867
f 297 1078 1805
f 1805 1078 1515
f 66 1152 1805
f 529 66 1805
f 1001 66 529
f 1402 66 1001
f 65 1290 1001
f 1290 1402 1001
f 255 65 1001
f 65 1551 195
f 195 1551 1594
f 1124 1078 297
f 408 1124 297
f 1805 1152 297
f 1152 408 297
f 1402 826 1152
f 1402 1152 66
f 195 1290 65
f 1073 1290 195
f 1957 919 1487
f 289 837 1487
f 289 1576 837
f 1576 1181 837
f 615 1576 289
f 1867 1181 1576
f 1576 755 1867
f 289 1680 1065
f 662 118 1641
f 1641 83 1227
f 662 1641 687
f 687 1641 1227
f 1182 1065 1680
f 564 1680 118
f 564 1182 1680
f 564 118 210
f 210 118 662
f 152 662 687
f 152 210 662
f 874 152 687
f 47 687 1227
f 47 874 687
f 283 1890 1953
f 1123 283 1953
f 1953 444 1123
f 42 1123 444
f 444 728 595
f 595 42 444
f 1367 1227 83
f 19 83 1890
f 19 1890 283
f 324 283 1123
f 920 324 1123
f 1178 920 1123
f 1178 1123 42
f 293 42 595
f 293 1178 42
f 1367 83 277
f 277 83 19
f 385 19 324
f 19 283 324
f 1704 1227 1367
f 47 1227 1704
f 1704 1367 277
f 277 19 385
f 1208 385 324
f 920 1208 324
f 603 1208 920
f 603 920 1178
f 1178 782 603
f 293 782 1178
f 1704 803 47
f 277 1667 1704
f 385 1667 277
f 385 1962 1667
f 1962 385 1208
f 1888 1132 470
f 1289 728 1132
f 735 1888 470
f 735 470 813
f 1289 749 728
f 1289 1132 149
f 956 149 1888
f 149 1132 1888
f 834 1888 735
f 834 956 1888
f 334 834 735
f 1503 735 813
f 334 735 1503
f 595 728 749
f 1196 749 1289
f 13 1196 149
f 1196 1289 149
f 956 13 149
f 595 749 1027
f 1027 293 595
f 1027 749 1196
f 226 13 956
f 834 226 956
f 1602 226 834
f 334 1602 834
f 1830 293 1027
f 1413 1830 1027
f 1413 1027 1196
f 13 1413 1196
f 334 941 1602
f 13 656 1413
f 226 656 13
f 547 1602 941
f 1830 200 293
f 200 782 293
f 49 1830 1413
f 656 49 1413
f 625 469 1942
f 625 1942 1190
f 1190 1942 1023
f 470 298 74
f 74 813 470
f 1992 298 469
f 190 1992 469
f 105 190 625
f 190 469 625
f 665 625 1190
f 665 105 625
f 1482 665 1190
f 74 298 681
f 1984 681 1992
f 681 298 1992
f 474 1984 1992
f 474 1992 190
f 1503 813 74
f 1503 74 602
f 602 74 681
f 1191 474 190
f 105 1191 190
f 665 1191 105
f 643 1191 665
f 643 665 1482
f 681 1598 602
f 1598 681 1984
f 474 1116 1984
f 1191 1116 474
f 334 1503 602
f 941 334 602
f 1598 941 602
f 1116 390 1598
f 1116 1598 1984
f 64 1191 643
f 407 1594 755
f 407 195 1594
f 217 1073 195
f 407 217 195
f 364 217 407
f 1069 217 364
f 1086 755 1576
f 464 1576 615
f 1086 1576 464
f 615 289 691
f 691 289 1065
f 1246 407 755
f 1246 364 407
f 1246 755 1086
f 464 672 1086
f 672 1246 1086
f 1668 464 615
f 509 1668 691
f 1668 615 691
f 1405 509 691
f 1405 691 1065
f 1405 1065 97
f 367 672 464
f 367 464 1668
f 364 1246 451
f 672 451 1246
f 1668 987 367
f 509 987 1668
f 1405 97 1000
f 1000 509 1405
f 980 451 672
f 1472 980 672
f 1472 672 367
f 1069 364 451
f 1686 987 509
f 1000 1686 509
f 591 1069 451
f 367 987 1472
f 1701 1182 564
f 757 564 210
f 757 1701 564
f 1302 757 210
f 152 1302 210
f 1065 1182 97
f 1701 1235 1182
f 1235 97 1182
f 803 874 47
f 1302 152 1517
f 1000 97 1235
f 1517 152 874
f 1433 1517 874
f 803 1433 874
f 1284 1235 1701
f 1284 1701 757
f 1284 757 1302
f 1517 1284 1302
f 697 1000 1235
f 697 1235 1284
f 803 1704 1667
f 533 1926 1478
f 1251 1860 533
f 777 1860 1251
f 1478 1926 1357
f 1860 1926 533
f 777 1916 1860
f 1689 1357 1926
f 1240 1689 1926
f 1860 1240 1926
f 1916 1240 1860
f 580 1240 1916
f 573 1916 777
f 1106 573 115
f 1916 573 1106
f 580 1916 1106
f 921 101 384
f 1124 545 1395
f 408 545 1124
f 101 858 1106
f 858 101 921
f 1395 545 921
f 545 1999 921
f 580 1106 858
f 1999 858 921
f 1536 1999 545
f 1999 580 858
f 955 826 1402
f 1290 955 1402
f 1073 955 1290
f 408 1536 545
f 1152 1536 408
f 826 1536 1152
f 1073 496 955
f 1943 1536 826
f 955 1943 826
f 496 1505 955
f 955 1911 1943
f 1505 1911 955
f 1021 1962 1208
f 603 1021 1208
f 603 668 1021
f 668 603 782
f 200 668 782
f 668 1912 1021
f 200 967 668
f 967 1912 668
f 226 547 1430
f 1430 656 226
f 547 226 1602
f 1830 49 200
f 49 967 200
f 1430 49 656
f 547 1982 1430
f 1985 967 49
f 1430 1985 49
f 1985 1430 1982
f 1513 390 1116
f 1513 1116 1191
f 1191 64 1513
f 1598 636 941
f 390 636 1598
f 636 547 941
f 64 1924 1513
f 1720 636 390
f 1513 1720 390
f 636 1982 547
f 1513 1924 1720
f 1982 636 1720
f 217 496 1073
f 247 496 217
f 247 217 1069
f 1069 179 247
f 179 1069 591
f 247 102 496
f 179 102 247
f 591 39 179
f 102 1505 496
f 179 659 102
f 39 659 179
f 56 1505 102
f 659 56 102
f 39 1756 659
f 136 1756 39
f 1753 1911 1505
f 56 1753 1505
f 1756 56 659
f 56 29 467
f 467 1753 56
f 29 56 1756
f 1156 29 1756
f 1156 1756 136
f 1753 370 1911
f 29 632 467
f 1156 632 29
f 467 370 1753
f 1156 1484 632
f 365 1484 1156
f 980 1585 591
f 591 451 980
f 987 1141 1472
f 1686 1141 987
f 589 1585 980
f 980 1472 589
f 589 1472 1141
f 1585 39 591
f 1686 1007 1141
f 1686 1370 1007
f 1007 974 1141
f 1585 1184 39
f 589 1184 1585
f 589 806 1184
f 1141 974 589
f 974 806 589
f 1184 136 39
f 806 136 1184
f 1632 974 1007
f 136 783 1156
f 806 783 136
f 974 1632 806
f 1632 783 806
f 1370 1632 1007
f 783 365 1156
f 783 804 365
f 1632 804 783
f 1432 1284 1517
f 1433 1493 1517
f 1284 1432 697
f 1686 1000 697
f 1493 1432 1517
f 1433 1439 1493
f 1439 1959 1493
f 1370 1686 697
f 1432 1370 697
f 1432 979 1370
f 979 1432 1493
f 1959 979 1493
f 1439 1433 803
f 1439 803 1667
f 1439 1667 1962
f 1962 1282 1439
f 1021 1282 1962
f 1021 1912 1282
f 1439 1282 1959
f 580 1823 1240
f 1943 814 1999
f 580 1790 1823
f 814 1981 1999
f 1999 1790 580
f 1999 1981 1790
f 1943 1999 1536
f 1911 370 1943
f 370 1595 1943
f 1595 814 1943
f 814 1674 1981
f 1985 1912 967
f 1986 1720 1924
f 1986 1982 1720
f 1694 370 467
f 632 1694 467
f 859 1694 632
f 1484 859 632
f 1595 370 1694
f 1484 1036 859
f 1036 231 859
f 1663 1595 1694
f 1663 1694 859
f 859 231 1663
f 1036 715 231
f 1663 814 1595
f 1324 1663 231
f 231 715 1324
f 1404 814 1663
f 1324 1404 1663
f 234 1404 1324
f 715 234 1324
f 715 1769 234
f 1404 1674 814
f 1404 1134 1674
f 1134 1404 234
f 897 1134 234
f 1769 897 234
f 1134 1049 1674
f 897 363 1134
f 365 804 1484
f 804 1036 1484
f 805 804 1632
f 88 1036 804
f 805 88 804
f 88 715 1036
f 1922 88 805
f 692 715 88
f 88 1922 692
f 692 1769 715
f 692 1011 1769
f 1922 1011 692
f 1011 897 1769
f 1922 685 1011
f 1649 363 897
f 1649 897 1011
f 685 1649 1011
f 1370 805 1632
f 805 1370 979
f 979 1922 805
f 1959 1922 979
f 1959 685 1922
f 1959 1282 1912
f 315 1905 388
f 315 388 1974
f 710 315 1974
f 1172 1355 388
f 1172 388 1905
f 1859 1974 1936
f 1391 534 1936
f 1859 1369 1974
f 1369 710 1974
f 1859 1936 534
f 1626 1991 1878
f 1626 1889 1991
f 1936 1991 1391
f 1391 1991 1889
f 460 1619 1842
f 32 460 1842
f 32 1842 1980
f 1619 1626 1878
f 1619 1878 1842
f 970 1626 1619
f 439 199 733
f 439 733 1109
f 792 32 1980
f 792 1980 199
f 199 439 1037
f 1037 439 1543
f 792 199 992
f 992 199 1037
f 1363 1037 1543
f 1121 792 992
f 992 1037 458
f 458 1037 1363
f 1544 1121 992
f 992 458 337
f 1544 992 337
f 72 460 32
f 788 32 792
f 788 72 32
f 792 1121 1187
f 788 792 1187
f 1187 1121 1544
f 1202 1187 1544
f 337 1202 1544
f 337 1565 1202
f 337 1398 1565
f 439 1109 145
f 439 145 1543
f 28 458 1363
f 337 458 28
f 145 1109 800
f 1195 1543 145
f 1363 1543 1195
f 825 1363 1195
f 1442 1363 825
f 28 1363 1442
f 28 1398 337
f 28 1059 1398
f 1059 28 1442
f 1436 145 800
f 1195 145 1436
f 1195 1436 526
f 1538 1195 526
f 1538 825 1195
f 825 1538 892
f 1442 825 892
f 75 1059 1442
f 75 1442 892
f 1059 1495 1514
f 1059 1514 1398
f 196 1172 1905
f 89 196 1905
f 1856 89 1905
f 1856 1905 315
f 1856 315 1795
f 1345 1023 1172
f 1172 196 1345
f 238 1345 196
f 89 1452 196
f 1452 238 196
f 85 89 1856
f 848 85 1856
f 848 1856 1795
f 801 1859 534
f 569 710 1369
f 1779 801 534
f 1488 569 1369
f 1369 1859 164
f 164 676 1369
f 676 1488 1369
f 1859 801 164
f 187 164 801
f 706 187 1779
f 187 801 1779
f 1795 315 710
f 1795 710 1173
f 710 569 1173
f 1553 1173 569
f 1488 1553 569
f 23 676 164
f 187 23 164
f 1795 1173 847
f 847 848 1795
f 198 847 1173
f 1553 198 1173
f 1553 1488 758
f 758 1488 676
f 23 758 676
f 693 23 187
f 706 693 187
f 1553 381 198
f 758 381 1553
f 706 10 693
f 758 657 381
f 657 758 23
f 605 657 23
f 605 23 693
f 605 693 10
f 1889 1626 70
f 369 1391 1889
f 189 369 1889
f 70 189 1889
f 916 534 1391
f 1807 916 1391
f 1807 1391 369
f 189 70 1666
f 1666 70 664
f 1779 534 963
f 963 534 916
f 338 916 1807
f 870 338 1807
f 563 1807 369
f 563 870 1807
f 81 369 189
f 563 369 81
f 189 1666 743
f 81 189 743
f 743 1666 664
f 362 1779 963
f 362 706 1779
f 1151 362 963
f 963 916 338
f 1151 963 338
f 743 208 81
f 642 743 664
f 966 1151 338
f 870 966 338
f 1365 563 81
f 1365 81 208
f 870 563 1365
f 4 362 1151
f 642 208 743
f 775 208 642
f 1365 966 870
f 362 10 706
f 362 4 10
f 1151 966 4
f 1371 70 1626
f 970 1619 1869
f 1619 460 257
f 1869 1619 257
f 850 1371 1626
f 1083 850 1626
f 1083 1626 970
f 1028 1083 970
f 1571 1028 1869
f 1028 970 1869
f 406 1869 257
f 406 1571 1869
f 1046 406 257
f 1028 871 1083
f 664 70 1371
f 664 1371 22
f 1371 850 22
f 1160 22 850
f 1160 850 1083
f 1160 1083 871
f 108 871 1028
f 1571 108 1028
f 406 917 108
f 406 108 1571
f 406 1046 917
f 22 642 664
f 1160 1510 22
f 1510 642 22
f 871 1434 1160
f 108 1434 871
f 1510 775 642
f 1510 1160 1434
f 257 460 72
f 1406 72 788
f 204 788 1187
f 204 1406 788
f 257 72 1600
f 1600 1046 257
f 1600 72 1406
f 1377 204 1202
f 204 1187 1202
f 1565 1377 1202
f 1514 1565 1398
f 1170 1406 204
f 1377 1170 204
f 1590 1046 1600
f 1590 1600 1406
f 331 1377 1565
f 1514 331 1565
f 1590 917 1046
f 1590 1406 1170
f 917 1590 1723
f 18 1190 1023
f 443 18 1345
f 18 1023 1345
f 443 1345 238
f 1135 443 238
f 1452 1135 238
f 1452 89 1212
f 1212 89 85
f 1614 1482 18
f 1482 1190 18
f 443 1614 18
f 507 1135 1452
f 507 1452 1212
f 1212 124 507
f 85 124 1212
f 1603 124 85
f 1603 85 848
f 443 1093 1614
f 1093 443 1135
f 643 1482 1614
f 848 134 1603
f 134 163 1603
f 1189 1093 1135
f 1189 1135 507
f 124 1189 507
f 1093 1500 1614
f 1500 643 1614
f 1093 1189 1500
f 134 848 847
f 134 847 198
f 198 1122 134
f 1122 198 381
f 1436 800 1330
f 1059 75 1495
f 1687 1436 1330
f 526 1436 1687
f 1657 1538 526
f 1538 1657 1758
f 892 1538 1758
f 892 1758 1287
f 1287 75 892
f 1270 1287 1758
f 75 1287 1495
f 526 1687 1657
f 1758 1657 311
f 311 1270 1758
f 1969 1270 311
f 1969 332 1287
f 1287 1270 1969
f 1687 1410 1836
f 1657 1687 1836
f 296 311 1657
f 1969 311 1474
f 1410 995 1836
f 296 1657 1836
f 1199 311 296
f 1199 1474 311
f 1199 296 1010
f 654 930 1474
f 654 1474 1199
f 1836 995 1384
f 296 1836 833
f 1010 296 833
f 654 1199 1010
f 1876 605 10
f 1876 1629 605
f 1629 323 605
f 1365 1563 966
f 208 1563 1365
f 1665 1563 208
f 775 1665 208
f 4 1876 10
f 966 1512 4
f 1512 1876 4
f 1563 1512 966
f 1563 561 1512
f 1665 561 1563
f 1512 1629 1876
f 561 1665 1647
f 1512 561 1629
f 114 1434 108
f 917 114 108
f 1723 114 917
f 911 775 1510
f 1434 911 1510
f 1444 911 1434
f 114 1444 1434
f 1711 114 1723
f 1711 1444 114
f 911 1647 775
f 1647 1665 775
f 911 1444 1647
f 1444 1711 1647
f 1377 560 1170
f 331 560 1377
f 1207 331 1514
f 586 1723 1590
f 1170 586 1590
f 1170 560 586
f 331 552 560
f 1207 552 331
f 1682 1723 586
f 1207 84 552
f 560 1682 586
f 1587 1682 560
f 552 1587 560
f 1587 552 84
f 1682 1711 1723
f 1587 84 1516
f 1495 1207 1514
f 1495 1287 332
f 1207 1495 332
f 84 1207 332
f 332 1969 1937
f 84 332 1937
f 1969 178 1937
f 1969 1474 178
f 1937 1516 84
f 1937 1681 1516
f 1681 1937 178
f 930 1681 178
f 178 1474 930
f 1681 856 1516
f 1681 930 856
f 1625 1189 124
f 1603 1625 124
f 1603 163 1625
f 1500 64 643
f 494 1500 1189
f 494 1189 1625
f 163 1651 1625
f 494 1617 1500
f 64 1500 1617
f 1651 1800 1625
f 1625 1800 494
f 1617 1924 64
f 1800 1617 494
f 1122 163 134
f 1122 381 657
f 657 1346 1122
f 657 323 1346
f 323 657 605
f 1651 163 1122
f 1346 1651 1122
f 833 1836 1384
f 876 654 1010
f 876 1835 654
f 833 1384 1450
f 1010 833 1539
f 876 1010 1539
f 527 1835 876
f 1915 833 1450
f 1539 833 1915
f 876 1539 158
f 158 527 876
f 1539 1915 1350
f 158 1539 1350
f 1915 1450 1501
f 158 1350 565
f 1525 1915 1501
f 1915 1525 1218
f 1350 1915 1218
f 565 1350 1218
f 1501 539 1525
f 15 565 1218
f 1366 565 15
f 1149 1218 1525
f 15 1218 1149
f 561 1986 1629
f 400 1710 1711
f 1310 1711 1710
f 1711 1310 1647
f 856 400 1516
f 1516 400 1587
f 1587 1711 1682
f 400 1711 1587
f 452 1710 400
f 1835 856 930
f 930 654 1835
f 1835 527 1650
f 856 1650 400
f 1650 856 1835
f 527 1276 1650
f 1650 452 400
f 1276 527 158
f 1650 1276 452
f 1159 158 565
f 1159 1276 158
f 1159 1710 452
f 1276 1159 452
f 1159 1366 184
f 1366 1159 565
f 184 1310 1710
f 184 1710 1159
f 1366 96 184
f 96 1310 184
f 1651 1986 1800
f 1617 1800 1986
f 1617 1986 1924
f 1629 1346 323
f 1346 1986 1651
f 1986 1346 1629
f 1920 1588 1394
f 1588 1918 1394
f 1673 1920 1975
f 1975 1920 1679
f 1679 1920 1394
f 1744 245 1690
f 404 1744 1690
f 1636 1973 1692
f 1552 1744 404
f 1744 1552 1692
f 1744 1692 1973
f 1193 1636 1692
f 1552 1280 1645
f 1692 1552 1645
f 1996 1954 1973
f 1996 1973 1636
f 1588 1954 1918
f 1304 1954 1996
f 1954 1304 1918
f 1918 1304 1454
f 335 50 1896
f 50 135 1896
f 1091 138 1896
f 1896 135 1091
f 1790 1014 1091
f 1014 1759 1091
f 1075 335 1896
f 1075 270 335
f 138 1075 1896
f 1091 1759 138
f 1075 831 590
f 1075 590 270
f 831 1075 138
f 1217 831 138
f 1759 1217 138
f 590 831 60
f 60 568 590
f 1286 60 831
f 1217 1286 831
f 769 1217 1759
f 1014 769 1759
f 1548 568 60
f 1286 1548 60
f 1217 649 1286
f 649 1217 769
f 891 568 1548
f 1548 536 891
f 402 536 1548
f 402 1548 1286
f 402 1286 649
f 649 1268 402
f 769 1268 649
f 536 280 891
f 1813 536 402
f 1268 1813 402
f 1933 1268 769
f 280 536 1813
f 280 1813 339
f 1268 1167 1813
f 1933 1167 1268
f 335 628 50
f 1690 245 335
f 245 628 335
f 335 270 1690
f 270 590 568
f 1690 270 568
f 1690 568 404
f 568 891 404
f 891 1552 404
f 1280 1552 280
f 1552 891 280
f 1394 1918 272
f 1897 1394 272
f 1786 1394 1897
f 272 1918 416
f 1897 272 1508
f 1786 1897 1607
f 1607 1529 1786
f 1904 272 416
f 272 1904 1508
f 1715 1975 1679
f 461 1975 1715
f 1786 1679 1394
f 1679 1834 1843
f 1679 1843 1715
f 1679 1786 1834
f 461 1715 618
f 1715 1843 497
f 618 1715 497
f 1529 1834 1786
f 1645 1280 1336
f 1645 1336 1291
f 1291 1336 1337
f 1337 1006 1291
f 1337 793 951
f 1006 1337 951
f 1125 1291 1006
f 1291 1125 1333
f 1291 1333 1645
f 1636 1193 1095
f 1401 1193 1692
f 1263 1193 1401
f 1095 1193 1263
f 832 1645 1333
f 1692 1645 832
f 1401 1692 832
f 1996 1636 698
f 1304 1996 1476
f 1476 1996 698
f 1636 1095 1322
f 698 1636 1322
f 855 698 1522
f 855 1476 698
f 1522 698 1322
f 1454 416 1918
f 1304 1225 1454
f 185 1454 1225
f 185 416 1454
f 1755 1304 1476
f 1304 1755 1225
f 1225 1050 185
f 339 983 280
f 1137 339 1813
f 1137 1813 1167
f 339 1137 342
f 983 339 342
f 1137 597 342
f 597 1137 1167
f 1167 1724 597
f 1724 1167 1933
f 342 1425 983
f 342 711 1425
f 597 711 342
f 597 1003 711
f 1506 1425 711
f 1003 1506 711
f 142 1003 597
f 597 1470 142
f 1724 1470 597
f 1724 301 1470
f 53 1506 1232
f 53 1425 1506
f 1232 1506 1003
f 1003 142 1232
f 517 53 1232
f 142 465 1232
f 465 517 1232
f 465 142 1470
f 301 863 1470
f 517 1661 1348
f 465 1661 517
f 169 1661 465
f 784 169 465
f 784 465 1470
f 784 1470 863
f 391 784 863
f 1485 391 863
f 1280 280 983
f 983 1336 1280
f 1336 983 1425
f 1425 1337 1336
f 1337 1425 53
f 53 517 793
f 793 1337 53
f 517 1348 793
f 241 793 1348
f 593 793 241
f 793 593 951
f 1897 1508 650
f 423 1897 650
f 1607 1897 423
f 1508 1904 1567
f 811 1607 423
f 1529 1607 811
f 650 1508 1567
f 650 312 423
f 811 423 314
f 1843 341 497
f 1958 618 497
f 1834 1529 1873
f 341 1843 1834
f 341 1834 1873
f 1111 618 1958
f 286 341 1873
f 394 497 341
f 394 1958 497
f 1529 811 1555
f 1873 1529 1555
f 281 341 286
f 394 341 281
f 861 1873 1555
f 1958 394 103
f 16 1958 103
f 1111 1958 16
f 286 1873 861
f 110 394 281
f 110 103 394
f 1555 811 162
f 910 286 861
f 910 281 286
f 910 116 281
f 116 110 281
f 116 1315 110
f 1315 103 110
f 16 103 1315
f 1854 16 1315
f 1333 1125 291
f 906 951 593
f 906 1006 951
f 1531 1006 906
f 1531 1125 1006
f 291 1125 1531
f 1095 1263 144
f 832 1333 732
f 104 1401 832
f 104 832 1254
f 712 1263 104
f 1263 1401 104
f 902 144 1263
f 1333 291 852
f 852 732 1333
f 732 1254 832
f 902 1263 712
f 1254 732 445
f 104 1254 446
f 712 104 446
f 719 902 712
f 852 291 634
f 852 445 732
f 349 1254 445
f 446 1254 349
f 1177 712 446
f 719 712 1177
f 1177 415 719
f 336 1476 855
f 1322 1095 961
f 524 1322 961
f 1322 524 1522
f 144 961 1095
f 336 855 61
f 1522 524 599
f 1522 599 61
f 855 1522 61
f 1221 336 61
f 225 524 961
f 902 830 144
f 961 144 830
f 225 961 830
f 1221 61 1039
f 524 225 201
f 599 524 201
f 599 518 61
f 1039 61 518
f 1119 1221 1039
f 1211 599 201
f 518 599 1211
f 518 901 1039
f 901 1119 1039
f 719 830 902
f 719 969 830
f 969 228 830
f 225 830 228
f 201 225 228
f 440 201 228
f 1211 201 440
f 468 518 1211
f 468 901 518
f 415 969 719
f 969 1678 228
f 1678 440 228
f 468 1211 440
f 934 416 185
f 416 934 1904
f 1225 1755 5
f 1050 1225 5
f 1050 1175 185
f 1755 1476 336
f 857 5 1755
f 934 185 1175
f 1175 396 934
f 857 1755 336
f 857 1096 5
f 1096 567 5
f 567 1050 5
f 567 562 1050
f 562 1175 1050
f 857 336 1221
f 1175 112 396
f 562 112 1175
f 112 431 396
f 635 857 1221
f 857 635 1096
f 1239 567 1096
f 1239 977 567
f 977 562 567
f 977 1596 562
f 1596 112 562
f 1596 431 112
f 1119 635 1221
f 1239 1096 635
f 220 431 1596
f 901 614 1119
f 614 635 1119
f 1239 635 614
f 614 1885 1239
f 1885 977 1239
f 1596 977 1885
f 1885 220 1596
f 1904 934 1273
f 1904 1273 1567
f 1273 1101 1567
f 790 650 1567
f 312 650 790
f 314 423 312
f 1273 934 396
f 1273 172 1101
f 790 1567 1101
f 776 162 314
f 162 811 314
f 172 1273 396
f 172 1463 1101
f 790 1101 1463
f 1463 815 790
f 312 790 815
f 1997 312 815
f 1997 314 312
f 776 314 1997
f 684 162 776
f 431 224 396
f 224 172 396
f 224 1498 172
f 1498 1463 172
f 1463 880 815
f 880 1997 815
f 475 776 1997
f 475 684 776
f 880 1463 1498
f 880 475 1997
f 224 431 220
f 220 1498 224
f 861 1555 162
f 551 861 162
f 551 910 861
f 551 1347 910
f 1347 116 910
f 116 1802 1315
f 1802 1854 1315
f 551 162 684
f 684 1826 551
f 1826 1347 551
f 1347 1802 116
f 475 1826 684
f 1826 1802 1347
f 1802 1826 1892
f 169 207 1661
f 207 1348 1661
f 52 207 169
f 52 169 784
f 1201 52 784
f 1201 784 391
f 1702 1201 391
f 1485 107 391
f 52 428 207
f 703 428 52
f 1201 33 703
f 1201 703 52
f 1702 33 1201
f 107 1702 391
f 241 1348 207
f 207 58 241
f 58 593 241
f 593 58 1118
f 906 593 1118
f 1118 109 906
f 109 1531 906
f 109 1045 1531
f 1045 291 1531
f 1147 1118 58
f 428 58 207
f 1147 58 428
f 1477 33 1702
f 1477 1702 107
f 107 1335 1477
f 1045 634 291
f 1118 1147 456
f 456 109 1118
f 109 130 1045
f 130 899 1045
f 899 634 1045
f 168 130 456
f 130 109 456
f 130 699 899
f 703 812 428
f 812 1147 428
f 1296 1147 812
f 456 1147 1296
f 168 456 1296
f 168 699 130
f 33 812 703
f 764 1296 812
f 1521 168 1296
f 764 812 33
f 1521 1296 764
f 1521 699 168
f 1477 764 33
f 1521 764 1819
f 1895 699 1521
f 1335 764 1477
f 1819 764 1335
f 1895 1521 1819
f 1165 852 634
f 1165 445 852
f 695 445 1165
f 349 445 695
f 695 148 349
f 914 446 349
f 148 914 349
f 914 1177 446
f 914 415 1177
f 899 1165 634
f 899 713 1165
f 713 695 1165
f 699 713 899
f 148 695 713
f 148 1951 914
f 1951 415 914
f 713 1951 148
f 699 1951 713
f 415 1678 969
f 1678 468 440
f 1678 415 1951
f 1810 468 1678
f 1810 1678 1951
f 468 614 901
f 1220 220 1885
f 614 468 1810
f 1885 614 1810
f 1810 1220 1885
f 1498 1977 880
f 1977 475 880
f 1977 220 1220
f 1498 220 1977
f 1826 475 1977
f 1977 1892 1826
f 1392 1719 1968
f 1719 1392 1695
f 414 1467 1850
f 491 1467 414
f 1850 1467 1719
f 1719 1695 1850
f 1223 414 1850
f 1223 1850 738
f 738 1850 1695
f 990 1223 738
f 1052 1223 990
f 738 1695 990
f 1017 747 736
f 1017 736 1599
f 1200 1017 1599
f 674 1200 1599
f 1462 491 414
f 747 491 1462
f 736 747 1462
f 1599 736 462
f 1752 674 1599
f 1414 736 1462
f 462 736 1414
f 1752 1599 462
f 999 1462 414
f 1414 1462 999
f 1140 462 1414
f 1752 462 1140
f 999 414 1223
f 873 1414 999
f 1140 1414 873
f 25 1752 1140
f 999 1223 1708
f 1660 873 1708
f 873 999 1708
f 1566 873 1660
f 1566 1140 873
f 1428 1140 1566
f 25 1140 1428
f 630 25 1428
f 1708 1223 1052
f 1938 1968 1673
f 1673 1975 1938
f 1968 1938 1392
f 1881 674 1016
f 1016 674 1752
f 233 1881 1016
f 1016 1752 1490
f 1490 233 1016
f 25 1490 1752
f 607 1490 25
f 607 25 630
f 1233 607 630
f 1192 630 1428
f 630 1192 1233
f 1907 1881 233
f 1224 598 1494
f 1224 182 598
f 1494 233 1713
f 68 182 1224
f 343 68 1224
f 268 68 343
f 1713 233 1490
f 751 1224 1494
f 751 1494 1713
f 343 1224 751
f 1131 268 343
f 1713 1490 607
f 343 751 1131
f 1634 1713 607
f 1713 1634 1816
f 751 1713 1816
f 1131 751 1611
f 1634 607 1233
f 751 1816 1611
f 1611 1816 1460
f 1611 1460 1461
f 1131 1611 786
f 1248 786 1611
f 1248 1611 908
f 1527 182 68
f 268 1527 68
f 1527 1047 26
f 1581 1527 26
f 1047 1527 268
f 786 268 1131
f 26 1249 1381
f 1381 1581 26
f 260 26 1047
f 26 260 1734
f 1249 26 778
f 778 26 1734
f 786 1047 268
f 260 1047 786
f 1734 260 1526
f 1214 778 1734
f 1214 1734 996
f 1364 260 786
f 1364 786 1248
f 1526 260 1364
f 996 1734 1526
f 1731 1364 1248
f 1526 1364 73
f 1737 996 1526
f 175 1321 1381
f 773 1321 175
f 846 907 454
f 1386 539 454
f 539 846 454
f 1815 773 175
f 773 1815 907
f 1815 1424 907
f 907 1424 1456
f 427 454 1456
f 454 907 1456
f 1386 454 427
f 1803 1815 1022
f 1815 175 1022
f 1424 1815 1803
f 1424 817 1456
f 817 1060 427
f 817 427 1456
f 1060 1386 427
f 1022 1621 1803
f 1424 318 817
f 817 318 1060
f 1386 1060 538
f 1803 1518 1424
f 1424 1518 318
f 318 922 1060
f 538 1060 922
f 894 1803 1621
f 1518 1803 894
f 1150 318 1518
f 1150 371 922
f 1150 922 318
f 371 538 922
f 1518 894 374
f 1518 1989 1150
f 1518 374 1989
f 1989 309 371
f 1989 371 1150
f 1415 374 894
f 884 309 1989
f 884 1989 374
f 175 1381 1249
f 1022 175 1249
f 1621 1022 778
f 1022 1249 778
f 1214 1621 778
f 1621 1612 894
f 1621 1214 1612
f 1612 1214 996
f 646 996 1601
f 646 1612 996
f 646 894 1612
f 1392 1903 1808
f 1375 1808 1820
f 1695 1392 1855
f 1524 1695 1855
f 1392 1808 1855
f 1855 1283 1524
f 1855 432 186
f 1283 1855 186
f 432 1855 1808
f 1524 1283 373
f 432 1808 1375
f 990 1695 678
f 213 1052 678
f 1052 990 678
f 678 1695 1466
f 1466 1695 1524
f 1441 213 678
f 1676 678 1466
f 1441 678 1676
f 1441 1676 1971
f 1145 1676 1466
f 1676 205 1971
f 1466 1524 925
f 1145 1466 925
f 205 1676 1145
f 1099 1971 205
f 925 1524 373
f 1104 1708 1052
f 1104 1660 1708
f 623 1566 1660
f 1428 1566 623
f 1428 623 1624
f 1104 1052 213
f 623 1660 1104
f 623 1104 1557
f 1919 1624 623
f 1104 213 575
f 1919 623 1557
f 1624 1919 258
f 575 213 1441
f 609 1557 575
f 1557 1104 575
f 1557 609 1136
f 1919 1557 1136
f 455 1919 1136
f 258 1919 455
f 609 575 321
f 1441 1971 1108
f 1108 575 1441
f 321 575 1108
f 1267 609 321
f 1136 609 1267
f 1809 1136 1267
f 76 1136 1809
f 76 455 1136
f 321 1639 1267
f 1809 1267 1639
f 1108 1971 1099
f 412 1108 1099
f 321 1108 412
f 1639 321 412
f 1809 1639 1358
f 76 1809 1358
f 1975 1255 559
f 1938 1975 559
f 559 1944 1938
f 1255 1975 461
f 761 1944 559
f 129 1255 461
f 760 1255 129
f 559 1255 760
f 761 559 760
f 461 618 129
f 1903 1392 1938
f 1944 1903 1938
f 1903 1944 868
f 1820 1808 1903
f 1903 868 215
f 1820 1903 215
f 133 868 761
f 868 1944 761
f 868 1597 215
f 1412 1428 1624
f 1192 1428 1412
f 1948 1192 1412
f 258 1412 1624
f 1412 258 1076
f 1948 1412 1076
f 774 1948 1076
f 774 638 1948
f 258 455 1076
f 98 774 1076
f 1076 455 1853
f 666 98 1853
f 1076 1853 98
f 948 455 76
f 1853 455 948
f 666 1853 948
f 1532 98 666
f 666 708 1532
f 708 666 948
f 708 948 125
f 708 325 637
f 1532 708 637
f 392 637 325
f 1743 76 1358
f 1743 948 76
f 125 948 1743
f 325 708 125
f 1523 392 325
f 1233 1192 638
f 638 1634 1233
f 397 1634 638
f 397 1816 1634
f 908 1611 1461
f 638 1192 1948
f 1185 1816 397
f 1460 1816 1185
f 908 1461 1877
f 638 774 1608
f 1608 397 638
f 1185 397 1608
f 1460 1185 1714
f 1461 1460 1714
f 1877 1461 1714
f 223 1185 1608
f 1714 1185 223
f 1154 1877 1714
f 1532 774 98
f 1608 774 1532
f 1608 1532 223
f 1486 1714 223
f 45 1714 1486
f 45 1154 1714
f 1382 223 1532
f 1382 1532 637
f 1486 223 1382
f 705 45 1486
f 1829 1382 637
f 1486 1382 1745
f 1745 705 1486
f 1829 637 392
f 1745 1382 1829
f 479 908 1877
f 173 1877 1154
f 1988 173 1154
f 1446 45 705
f 1154 45 1446
f 1988 1154 1446
f 463 1604 1446
f 1604 1988 1446
f 463 1446 705
f 727 1604 1331
f 727 1331 1637
f 1637 1455 727
f 1473 1771 1745
f 1771 705 1745
f 463 705 1771
f 1771 1204 463
f 1204 1604 463
f 1331 1604 1204
f 1637 1331 1339
f 479 1248 908
f 1248 479 1731
f 73 1364 1731
f 1737 1526 73
f 1601 996 1737
f 73 1731 1326
f 1737 73 904
f 709 1737 904
f 709 1601 1737
f 479 1877 173
f 479 173 1326
f 1731 479 1326
f 904 73 1326
f 709 904 1389
f 1326 173 1988
f 1821 904 1326
f 1389 1821 1266
f 904 1821 1389
f 1821 1326 1988
f 1821 1988 1604
f 727 1821 1604
f 1266 1821 727
f 1266 727 1455
f 894 1840 1415
f 1415 24 374
f 24 884 374
f 884 544 487
f 884 24 544
f 1332 884 487
f 309 884 1332
f 1644 544 24
f 24 1415 1644
f 132 1332 487
f 1840 1811 1415
f 1415 1811 1644
f 1511 544 1644
f 673 544 1511
f 487 544 673
f 132 487 673
f 1811 1005 1644
f 1511 1005 1643
f 1511 1644 1005
f 673 1511 1643
f 330 673 1643
f 330 132 673
f 132 330 1072
f 379 722 1811
f 1811 1359 1097
f 1811 1097 379
f 1811 722 1005
f 1005 285 1643
f 378 1643 285
f 378 330 1643
f 1072 378 82
f 330 378 1072
f 252 1097 1455
f 379 1097 252
f 1206 1005 722
f 671 1206 722
f 285 1005 1206
f 285 1206 514
f 514 378 285
f 82 378 514
f 252 1455 1637
f 252 1637 689
f 1783 252 689
f 379 1783 722
f 379 252 1783
f 671 218 1206
f 671 722 1783
f 1206 447 514
f 1206 218 447
f 356 447 682
f 356 514 447
f 82 514 356
f 1941 82 356
f 1236 689 1339
f 689 1637 1339
f 689 1236 1562
f 1783 1562 671
f 1562 1783 689
f 218 1562 1589
f 671 1562 218
f 218 1540 447
f 682 1540 395
f 682 447 1540
f 1066 356 682
f 1066 1941 356
f 646 1840 894
f 1601 709 43
f 646 43 1840
f 646 1601 43
f 709 1389 126
f 43 709 126
f 1359 43 126
f 43 1359 1840
f 1359 1811 1840
f 126 1389 1266
f 1097 1266 1455
f 1097 126 1266
f 1359 126 1097
f 418 1283 186
f 373 1283 418
f 432 1375 1955
f 36 432 1955
f 186 432 36
f 1126 418 186
f 373 418 1
f 1126 186 36
f 411 1 418
f 411 1126 981
f 411 418 1126
f 1 411 141
f 925 373 1074
f 1145 925 882
f 929 205 1145
f 929 1844 205
f 1099 205 1844
f 1437 1099 1844
f 882 925 1074
f 818 1145 882
f 929 1145 818
f 1074 373 1
f 903 929 818
f 903 1844 929
f 903 409 1844
f 1 1653 1074
f 1653 882 1074
f 1653 1499 882
f 1499 1776 818
f 1499 818 882
f 1776 903 818
f 1653 1 141
f 264 903 1776
f 903 264 409
f 1437 412 1099
f 412 1437 236
f 412 236 295
f 1639 412 295
f 1358 1639 295
f 409 236 1437
f 1437 1844 409
f 155 236 409
f 295 236 155
f 155 588 295
f 588 1358 295
f 810 761 760
f 1313 761 810
f 761 1313 133
f 129 618 500
f 129 500 740
f 760 129 740
f 760 740 271
f 271 810 760
f 810 1344 1313
f 500 618 1111
f 1244 740 500
f 1244 271 740
f 303 500 1111
f 810 271 1396
f 1344 810 1396
f 1244 500 303
f 549 271 1244
f 1642 1344 1396
f 7 1244 303
f 7 549 1244
f 1229 271 549
f 1396 271 1229
f 242 1396 1229
f 242 1642 1396
f 242 849 1642
f 849 410 1642
f 579 1111 16
f 303 1111 579
f 399 303 579
f 399 7 303
f 399 537 7
f 537 549 7
f 537 1963 549
f 1963 1229 549
f 1963 242 1229
f 1963 849 242
f 579 16 1854
f 1854 191 579
f 191 399 579
f 191 537 399
f 746 1820 816
f 1820 215 816
f 1820 746 1375
f 1597 868 133
f 816 215 1597
f 1597 133 319
f 1597 165 816
f 1419 1375 746
f 133 1313 31
f 133 31 319
f 165 1597 319
f 317 816 165
f 1344 31 1313
f 317 746 816
f 746 317 422
f 1419 746 422
f 1216 319 31
f 912 319 1216
f 319 912 165
f 422 1237 1419
f 503 165 912
f 503 317 165
f 62 317 503
f 422 317 62
f 1334 422 62
f 1334 1237 422
f 31 1344 1642
f 532 31 1642
f 1216 31 532
f 1849 1216 532
f 1849 912 1216
f 1849 1420 912
f 1420 503 912
f 1420 985 503
f 985 62 503
f 985 1334 62
f 985 781 1334
f 781 1237 1334
f 410 532 1642
f 1849 532 410
f 1420 1849 410
f 1375 1496 1955
f 254 1126 36
f 1419 1496 1375
f 1955 1496 704
f 704 36 1955
f 254 36 704
f 981 1126 254
f 704 1168 254
f 1168 1256 981
f 1168 981 254
f 1256 1054 981
f 1054 411 981
f 141 411 1054
f 1237 1496 1419
f 1237 1736 1496
f 704 1496 1736
f 1736 1796 704
f 1796 1168 704
f 1237 1796 1736
f 1796 1256 1168
f 781 1796 1237
f 141 1305 1653
f 1305 1499 1653
f 1499 937 1776
f 937 264 1776
f 616 409 264
f 1054 1305 141
f 1945 1499 1305
f 937 1499 1945
f 1928 616 264
f 1928 264 937
f 1054 1945 1305
f 1928 937 1945
f 1945 1884 1928
f 1884 931 1928
f 1945 1054 1256
f 588 1743 1358
f 1409 1743 1435
f 1409 125 1743
f 1138 1523 1409
f 1523 325 1409
f 325 125 1409
f 1868 392 1523
f 1829 392 1868
f 1435 1743 588
f 256 1435 958
f 256 1409 1435
f 1138 1409 256
f 1445 1523 1138
f 1445 1138 1301
f 1868 1523 1445
f 616 155 409
f 616 577 155
f 577 588 155
f 212 588 577
f 212 1435 588
f 1928 577 616
f 1928 212 577
f 958 1435 212
f 212 1928 931
f 958 212 931
f 1008 958 931
f 1008 256 958
f 1008 1138 256
f 1008 931 648
f 648 1301 1008
f 1301 1138 1008
f 648 931 1884
f 1628 648 1884
f 1301 648 1628
f 1777 1301 1628
f 1445 1301 1777
f 1802 191 1854
f 191 1963 537
f 1963 191 1950
f 1892 1950 1802
f 1950 191 1802
f 849 1420 410
f 1932 1420 849
f 1932 985 1420
f 1932 1913 985
f 1913 781 985
f 1950 1932 1963
f 1932 849 1963
f 973 781 1913
f 1796 781 973
f 1945 1256 1796
f 1796 1884 1945
f 1884 1796 973
f 973 1215 1884
f 1908 1215 973
f 1825 1884 1215
f 640 1259 1445
f 1259 1868 1445
f 361 1259 640
f 640 1445 1777
f 1846 1628 1884
f 1846 1777 1628
f 640 1777 1846
f 1846 361 640
f 1825 1846 1884
f 1825 361 1846
f 1838 1259 361
f 1812 361 1825
f 1812 1838 361
f 1812 1081 1838
f 959 1812 1825
f 1464 1081 1812
f 1259 1473 1829
f 1259 1829 1868
f 1745 1829 1473
f 1376 1771 1473
f 1376 1204 1771
f 566 1204 1376
f 1146 566 1376
f 1331 1204 566
f 1146 1339 566
f 1339 1331 566
f 1361 1339 1146
f 1838 1473 1259
f 1838 1376 1473
f 1081 1376 1838
f 1081 1146 1376
f 1464 1361 1146
f 1464 1146 1081
f 1908 1572 1215
f 959 1825 1215
f 1464 1812 959
f 1215 44 959
f 1464 959 988
f 988 959 44
f 988 44 940
f 1883 988 940
f 1572 44 1215
f 1278 940 44
f 1397 1883 940
f 787 1397 940
f 1278 44 1572
f 787 940 1278
f 1030 975 787
f 1030 787 1278
f 1361 1236 1339
f 583 1236 1361
f 1589 1236 583
f 1562 1236 1589
f 1589 583 820
f 820 1540 218
f 1589 820 218
f 395 1540 820
f 429 395 1397
f 429 682 395
f 1497 535 429
f 1066 682 429
f 535 1066 429
f 1423 583 1464
f 583 1361 1464
f 1883 820 1423
f 583 1423 820
f 1883 1397 395
f 1883 395 820
f 787 1497 1397
f 1497 429 1397
f 975 1497 787
f 988 1423 1464
f 1883 1423 988
f 769 1659 1933
f 1981 1014 1790
f 1981 1880 1014
f 1880 1778 1014
f 1014 1778 1960
f 1014 1960 769
f 1659 769 1960
f 1762 1880 1981
f 1762 498 1880
f 1784 1982 1818
f 1784 1985 1982
f 1824 1912 1985
f 1985 227 1824
f 1985 1784 227
f 1982 1979 1818
f 1982 1534 1979
f 1982 1986 1534
f 1986 1899 1534
f 1899 1077 1534
f 1674 1648 1981
f 1049 1648 1674
f 363 1049 1134
f 363 206 1049
f 1049 1707 1648
f 206 1707 1049
f 206 1033 1707
f 1033 878 1707
f 1762 1981 1648
f 1707 327 1648
f 327 1762 1648
f 878 327 1707
f 878 1144 327
f 327 498 1762
f 327 307 498
f 307 327 1144
f 1144 1658 307
f 1658 1234 307
f 1772 498 307
f 1234 1772 307
f 1649 206 363
f 1649 1112 1033
f 1649 1033 206
f 1112 1649 685
f 685 1530 1112
f 578 878 1033
f 578 1033 1112
f 1530 578 1112
f 1144 878 578
f 1658 1144 578
f 1468 1658 578
f 1530 1468 578
f 1468 1234 1658
f 1530 1775 1468
f 1468 1699 1234
f 685 1610 1530
f 1530 1717 1775
f 1610 1717 1530
f 1959 1824 1940
f 1824 1959 1912
f 1959 1940 1610
f 1959 1610 685
f 1475 1724 1933
f 1659 1475 1933
f 1817 301 1724
f 1475 1817 1724
f 1817 863 301
f 1817 1485 863
f 1659 1761 1475
f 504 1485 1817
f 504 1817 1475
f 1475 624 504
f 1761 624 1475
f 1659 1670 1761
f 1960 1670 1659
f 1894 1960 1778
f 1778 644 1894
f 644 1778 1875
f 1670 1960 1015
f 1894 1015 1960
f 644 1025 1894
f 1875 1778 1880
f 498 587 1880
f 515 1875 1880
f 515 1880 587
f 1062 515 587
f 1609 515 1062
f 1328 1875 515
f 1609 1153 515
f 515 1153 1328
f 785 644 1875
f 1328 785 1875
f 1153 670 1328
f 360 1306 1153
f 360 1153 1609
f 227 9 1824
f 9 1970 1824
f 1784 352 227
f 968 352 1784
f 1818 968 1784
f 448 968 1818
f 1285 227 352
f 227 1285 9
f 1422 1534 1077
f 2000 1979 1534
f 1534 1422 2000
f 1979 448 1818
f 1688 448 1979
f 604 1422 1077
f 1688 1979 2000
f 2000 1422 1748
f 1772 587 498
f 1234 741 1772
f 797 587 1772
f 741 797 1772
f 741 1161 797
f 797 1062 587
f 984 1062 797
f 1161 984 797
f 1161 1554 984
f 1100 1609 1062
f 1620 1100 1062
f 1620 1062 984
f 1554 1620 984
f 1197 1620 1554
f 1100 1765 1609
f 1100 543 1765
f 1620 543 1100
f 1197 543 1620
f 1765 360 1609
f 1616 86 543
f 1616 543 1197
f 1197 1044 1616
f 1699 741 1234
f 1468 1775 1699
f 1699 1161 741
f 1775 1489 1699
f 823 266 1775
f 1489 1161 1699
f 1775 266 1489
f 1489 1554 1161
f 1353 1554 1489
f 1353 1489 266
f 523 1197 1554
f 823 1630 266
f 523 1554 1353
f 266 528 1353
f 266 1630 528
f 265 1630 823
f 1353 100 523
f 1353 528 100
f 1044 1197 523
f 1044 523 100
f 1652 1044 100
f 528 1652 100
f 1721 1652 528
f 1630 1721 528
f 819 1721 1630
f 265 819 1630
f 823 1775 1717
f 1610 1862 1717
f 265 823 1717
f 1080 1862 1610
f 1717 471 265
f 1717 1055 471
f 1862 1055 1717
f 1824 1691 1940
f 1824 1970 1691
f 1940 1080 1610
f 1048 1940 1691
f 1691 1970 610
f 1940 1048 1080
f 1485 521 107
f 504 572 521
f 504 521 1485
f 624 572 504
f 624 742 572
f 879 624 1761
f 1670 1071 1761
f 1071 879 1761
f 521 263 1335
f 521 1335 107
f 572 263 521
f 742 263 572
f 624 419 742
f 624 1349 419
f 879 1349 624
f 1176 1349 879
f 1176 879 1071
f 1071 472 1176
f 263 1561 1335
f 1561 1819 1335
f 1895 1819 1561
f 1684 1561 263
f 1573 1895 1561
f 742 1684 263
f 1573 1561 1684
f 1684 742 419
f 419 701 1684
f 1573 1684 701
f 1349 701 419
f 1864 1573 701
f 1012 701 1349
f 1012 1864 701
f 1176 1012 1349
f 1176 629 1012
f 629 188 1012
f 188 1864 1012
f 188 841 1864
f 472 629 1176
f 1895 1951 699
f 1895 1573 1864
f 1864 1951 1895
f 841 1951 1864
f 1814 1977 1220
f 1814 1935 1977
f 1935 1978 1977
f 1977 1978 1892
f 1670 581 1071
f 1015 581 1670
f 1061 581 1015
f 1894 1863 1061
f 1894 1061 1015
f 1894 1025 1863
f 644 596 401
f 401 1025 644
f 581 472 1071
f 581 546 472
f 290 546 581
f 290 581 1061
f 1863 290 1061
f 1025 386 1863
f 386 1092 1863
f 1025 401 386
f 340 401 596
f 546 629 472
f 546 188 629
f 546 316 188
f 316 841 188
f 290 316 546
f 1092 316 290
f 1092 121 316
f 841 316 121
f 1939 841 121
f 1092 290 1863
f 386 1481 1092
f 1481 121 1092
f 1481 1939 121
f 1481 3 1939
f 401 253 386
f 253 1481 386
f 253 1528 1481
f 1528 3 1481
f 253 401 340
f 1528 253 340
f 340 836 1528
f 836 1340 1528
f 1340 3 1528
f 1799 3 1340
f 54 1429 1799
f 1951 841 1939
f 1939 1865 1951
f 1865 1810 1951
f 1865 59 1810
f 3 1865 1939
f 953 1865 3
f 1799 953 3
f 953 1799 1429
f 123 1220 1810
f 123 1814 1220
f 123 1810 59
f 441 1814 123
f 59 1749 123
f 1341 1978 1935
f 1341 762 1978
f 1198 1978 762
f 1502 1978 1198
f 1935 202 1341
f 596 644 785
f 785 221 596
f 1312 872 785
f 1312 785 1328
f 670 1312 1328
f 670 1307 1312
f 1153 1306 670
f 360 663 1306
f 221 340 596
f 872 221 785
f 944 221 872
f 1057 944 872
f 1312 1057 872
f 1307 1057 1312
f 670 438 1307
f 438 1043 1307
f 1306 438 670
f 1672 438 1306
f 663 1672 1306
f 663 960 1672
f 944 836 221
f 836 340 221
f 836 261 1340
f 261 836 944
f 1799 1340 261
f 261 944 1057
f 1057 143 261
f 1799 261 143
f 1307 1043 1057
f 1043 143 1057
f 1592 143 1043
f 438 1592 1043
f 438 1408 1592
f 1408 438 1672
f 960 1408 1672
f 1180 54 1799
f 1429 54 744
f 1180 1799 143
f 1180 143 1592
f 1832 1180 1592
f 1832 54 1180
f 1832 1592 1408
f 960 1832 1408
f 960 1664 1832
f 1664 351 1832
f 351 54 1832
f 351 744 54
f 768 1429 744
f 768 1157 1429
f 953 174 1865
f 1865 1921 59
f 174 1142 1865
f 1142 1921 1865
f 1298 953 1429
f 1298 1070 953
f 1070 174 953
f 1070 835 174
f 835 1142 174
f 942 1142 835
f 1142 30 1921
f 30 1142 942
f 1970 146 610
f 9 1063 1970
f 1063 146 1970
f 9 1285 1063
f 1063 1635 146
f 795 1635 1063
f 354 795 1063
f 610 197 1837
f 610 745 197
f 745 146 1635
f 146 745 610
f 739 1749 59
f 1230 123 1749
f 1230 441 123
f 952 441 1230
f 1921 251 59
f 251 739 59
f 140 1749 739
f 140 433 1749
f 433 1230 1749
f 433 795 1230
f 795 952 1230
f 354 952 795
f 1253 739 251
f 1253 140 739
f 1253 197 745
f 745 140 1253
f 1635 140 745
f 140 1635 433
f 795 433 1635
f 79 251 1921
f 30 79 1921
f 1253 251 79
f 79 197 1253
f 79 1837 197
f 968 310 352
f 677 310 968
f 968 1440 677
f 448 1440 968
f 448 1297 1440
f 1688 1297 448
f 480 352 310
f 352 480 1285
f 753 1258 310
f 677 1545 753
f 677 753 310
f 677 1440 1545
f 354 1063 1285
f 354 480 237
f 480 354 1285
f 1814 1323 1935
f 441 862 1814
f 1323 1814 866
f 1323 1245 1935
f 866 1814 862
f 866 1387 1323
f 1387 1245 1323
f 1453 441 952
f 1453 862 441
f 1453 1258 862
f 1258 753 862
f 753 866 862
f 1545 866 753
f 1545 1387 866
f 1440 1387 1545
f 1297 1387 1440
f 1387 1297 1245
f 952 237 1453
f 237 952 354
f 237 1258 1453
f 480 1258 237
f 310 1258 480
f 1056 1748 1422
f 604 1056 1422
f 1281 1688 2000
f 1748 1281 2000
f 604 1757 1056
f 604 1264 1757
f 1748 1847 1281
f 1748 1040 1847
f 1056 1040 1748
f 1688 721 1297
f 1281 721 1688
f 762 731 1198
f 731 1115 1198
f 202 1770 1341
f 1770 1114 1341
f 762 1341 1114
f 696 762 1114
f 731 762 696
f 731 1757 1264
f 1264 1115 731
f 1245 202 1935
f 1245 542 202
f 542 421 202
f 421 1770 202
f 421 1847 1770
f 1847 1114 1770
f 1847 1040 1114
f 1040 696 1114
f 696 1040 1056
f 696 1757 731
f 1757 696 1056
f 1245 1297 721
f 542 1245 721
f 1281 421 721
f 421 542 721
f 1847 421 1281
f 1765 663 360
f 543 86 1765
f 86 663 1765
f 1222 86 1616
f 1044 1222 1616
f 86 960 663
f 86 1222 960
f 1163 819 265
f 1044 954 1222
f 1652 954 1044
f 1721 750 1652
f 819 1990 1721
f 1222 1664 960
f 1222 954 1664
f 750 485 954
f 750 954 1652
f 750 1990 554
f 1990 750 1721
f 819 350 1990
f 819 1983 350
f 1983 1163 1471
f 1163 1983 819
f 1664 485 351
f 1155 744 351
f 768 744 1155
f 485 1664 954
f 554 351 485
f 485 750 554
f 1155 351 554
f 1990 1155 554
f 1155 350 768
f 1155 1990 350
f 350 1983 768
f 1983 1157 768
f 1983 1471 1157
f 1862 506 1055
f 1041 506 1862
f 1041 1862 1080
f 471 1163 265
f 1041 942 835
f 942 1041 1080
f 653 1261 471
f 1055 653 471
f 1271 653 1055
f 506 1271 1055
f 1163 471 1471
f 471 1261 1471
f 1298 1429 1157
f 1157 1261 1298
f 1261 653 1298
f 653 1070 1298
f 653 1271 1070
f 1070 1271 506
f 835 1070 506
f 835 506 1041
f 1471 1261 1157
f 1837 1048 1691
f 1691 610 1837
f 942 1080 1048
f 30 942 1048
f 1837 79 30
f 1837 30 1048
f 539 1386 1362
f 1525 539 1362
f 1149 1525 1362
f 1149 1570 15
f 15 1570 93
f 93 1366 15
f 1149 1362 358
f 1570 1149 358
f 358 889 1570
f 1570 889 1593
f 1593 93 1570
f 1020 1362 538
f 1362 1386 538
f 358 1362 1020
f 1914 1020 538
f 1194 358 1020
f 889 358 1194
f 889 1741 1068
f 889 1068 1593
f 538 371 1914
f 1741 889 1194
f 371 309 1914
f 1020 1914 1760
f 122 1194 1760
f 1194 1020 1760
f 1194 122 1741
f 1914 309 1332
f 1900 1741 122
f 561 1647 1882
f 1986 561 1882
f 1882 1393 1986
f 1310 1716 1647
f 1310 1966 1716
f 1647 1716 1882
f 1716 1558 1882
f 1966 1580 1716
f 1002 1966 1310
f 1966 1002 714
f 763 1966 1379
f 1966 763 1580
f 96 1366 93
f 1002 1310 96
f 93 1383 96
f 1002 96 1383
f 1383 93 1593
f 1383 714 1002
f 1593 359 1383
f 1383 359 714
f 1068 359 1593
f 714 359 1966
f 359 1379 1966
f 1379 359 1068
f 1068 1741 239
f 239 763 1379
f 239 1379 1068
f 239 1741 1900
f 239 1900 669
f 239 669 763
f 1633 1899 1986
f 1986 1393 1102
f 1986 1102 1685
f 1685 1633 1986
f 1791 1914 1332
f 1760 1914 1791
f 1760 1791 1426
f 1426 122 1760
f 156 122 1426
f 122 156 1900
f 1791 1332 132
f 950 1900 156
f 1072 1791 132
f 1426 1791 1906
f 1426 1906 156
f 982 950 156
f 1906 1791 1828
f 1791 1072 1828
f 982 156 1906
f 982 606 1309
f 950 982 1309
f 1906 1828 843
f 606 1906 843
f 606 982 1906
f 1417 1309 606
f 1941 1072 82
f 1828 1072 1941
f 1417 606 505
f 843 1828 771
f 1308 843 771
f 505 843 1308
f 606 843 505
f 535 1941 1066
f 1457 1941 535
f 1828 1941 1457
f 771 1828 1457
f 1120 505 1308
f 651 1102 1393
f 1751 1882 1558
f 1882 1575 1393
f 1558 1732 1751
f 1882 1751 1575
f 1751 1583 1575
f 1575 99 1393
f 1583 99 1575
f 99 450 651
f 99 651 1393
f 27 1716 1580
f 27 1241 1716
f 477 1558 1716
f 1241 477 1716
f 477 1732 1558
f 127 1241 27
f 1241 1763 477
f 763 1831 1580
f 1831 1857 1580
f 1857 1655 1580
f 1459 1655 1857
f 1580 1655 27
f 1789 1459 1857
f 1789 613 1459
f 1459 1584 1655
f 1655 1243 27
f 1459 943 1584
f 613 943 1459
f 1655 1742 1243
f 1584 1742 1655
f 1243 127 27
f 669 1831 763
f 669 1900 950
f 1541 669 950
f 1541 1831 669
f 1309 1541 950
f 1541 1746 1831
f 1309 1746 1541
f 1746 1857 1831
f 1746 1417 1789
f 1309 1417 1746
f 1789 1857 1746
f 1417 413 1789
f 413 1417 505
f 613 413 1735
f 613 1789 413
f 1735 413 1120
f 413 505 1120
f 1633 8 1899
f 1633 489 8
f 1899 1519 550
f 8 1519 1899
f 1899 550 1077
f 489 435 8
f 1519 8 120
f 550 604 1077
f 1685 489 1633
f 679 92 1685
f 679 1685 1102
f 434 679 1102
f 1102 651 434
f 1685 92 489
f 1978 1950 1892
f 1978 1932 1950
f 617 686 1978
f 1067 1913 1932
f 1067 1891 1913
f 686 1932 1978
f 686 279 1932
f 1067 1932 279
f 1722 973 1913
f 1722 1768 973
f 1891 1722 1913
f 1722 267 1768
f 1908 973 1768
f 1768 1591 1908
f 1572 1908 1591
f 1675 1572 1591
f 1675 1591 1923
f 1923 214 1675
f 1030 1533 975
f 1572 1030 1278
f 525 1030 1572
f 1533 1030 1431
f 702 1572 1675
f 525 1572 702
f 1183 1030 525
f 1183 1431 1030
f 1183 1872 1431
f 1378 1872 1183
f 525 328 1183
f 328 1378 1183
f 702 962 525
f 576 328 525
f 570 1378 328
f 214 702 1675
f 576 525 962
f 1773 328 576
f 1773 576 305
f 570 328 1773
f 807 570 1773
f 771 1457 473
f 771 473 1833
f 1833 621 771
f 1308 771 621
f 1120 1308 621
f 147 1735 1120
f 1120 621 147
f 989 535 1497
f 700 1457 989
f 1457 535 989
f 473 1457 700
f 759 621 1833
f 621 759 886
f 807 147 886
f 807 886 570
f 147 621 886
f 1533 989 975
f 989 1497 975
f 700 989 1533
f 1431 700 1533
f 1872 700 1431
f 473 700 1872
f 1833 473 1872
f 759 1872 1378
f 1833 1872 759
f 570 759 1378
f 570 886 759
f 655 617 1978
f 1502 655 1978
f 1205 617 655
f 1400 655 1502
f 1205 232 617
f 1198 6 1502
f 6 1400 1502
f 520 655 1400
f 520 1448 655
f 1205 655 1448
f 1448 34 1205
f 34 232 1205
f 651 117 434
f 651 620 117
f 450 620 651
f 450 1171 620
f 483 1209 249
f 483 249 434
f 483 434 117
f 244 1891 1067
f 259 1067 279
f 259 424 1067
f 424 244 1067
f 279 686 1274
f 1274 1754 279
f 1754 259 279
f 259 791 424
f 232 772 617
f 686 617 772
f 219 686 772
f 219 1274 686
f 219 1209 1274
f 1209 1754 1274
f 1754 1209 483
f 531 259 1754
f 531 1754 483
f 531 483 117
f 531 791 259
f 531 117 620
f 620 791 531
f 1171 791 620
f 600 772 232
f 1133 772 600
f 1133 219 772
f 249 219 1133
f 1209 219 249
f 1751 490 1583
f 490 176 1583
f 490 1751 1732
f 1546 450 99
f 99 282 1546
f 1583 282 99
f 1732 366 490
f 366 631 490
f 282 176 1029
f 176 282 1583
f 1546 1171 450
f 499 1722 1891
f 1987 1722 499
f 1987 267 1722
f 612 267 1987
f 854 1891 244
f 854 499 1891
f 1098 1987 499
f 1098 991 1987
f 991 631 612
f 991 612 1987
f 424 690 244
f 690 40 854
f 690 854 244
f 40 1029 854
f 1029 499 854
f 1098 499 1029
f 176 1098 1029
f 490 991 176
f 991 1098 176
f 490 631 991
f 791 690 424
f 791 1171 690
f 1546 690 1171
f 1546 40 690
f 282 40 1546
f 1029 40 282
f 986 1763 1241
f 127 986 1241
f 477 1294 1732
f 478 1294 477
f 1763 478 477
f 11 313 502
f 127 502 986
f 127 11 502
f 1763 608 478
f 417 608 1763
f 986 851 417
f 986 417 1763
f 366 1732 1294
f 1768 1640 1591
f 1845 1768 267
f 1845 1640 1768
f 320 1591 1640
f 1923 1591 320
f 320 851 1923
f 851 502 1923
f 502 313 1923
f 313 214 1923
f 612 918 267
f 918 1845 267
f 918 222 1845
f 222 608 1640
f 222 1640 1845
f 608 320 1640
f 608 417 320
f 417 851 320
f 502 851 986
f 631 918 612
f 918 631 366
f 918 366 1294
f 222 918 1294
f 478 222 1294
f 478 608 222
f 807 943 613
f 1243 11 127
f 1275 11 1243
f 1742 1275 1243
f 943 1773 305
f 807 1773 943
f 1742 476 1275
f 557 476 1742
f 541 557 1742
f 541 1742 1584
f 541 1584 943
f 541 943 305
f 822 702 214
f 476 962 702
f 476 702 822
f 476 557 962
f 557 541 962
f 541 576 962
f 541 305 576
f 313 822 214
f 11 822 313
f 1275 822 11
f 476 822 1275
f 807 1735 147
f 1735 807 613
f 120 8 435
f 435 512 1380
f 512 435 489
f 512 489 92
f 63 604 550
f 1519 63 550
f 512 1300 1380
f 120 1238 1519
f 1238 63 1519
f 1238 120 1103
f 120 1380 1103
f 1380 120 435
f 63 459 1264
f 1264 604 63
f 1115 6 1198
f 347 1400 6
f 347 520 1400
f 520 1103 1448
f 1380 34 1448
f 1448 1103 1380
f 1300 34 1380
f 1300 232 34
f 1300 600 232
f 459 6 1115
f 459 1115 1264
f 459 347 6
f 63 347 459
f 1238 347 63
f 1238 520 347
f 1103 520 1238
f 679 1133 92
f 249 1133 679
f 434 249 679
f 92 600 512
f 600 1300 512
f 1133 600 92

