# https://github.com/mikedh/trimesh
v 0.17348394 0.18832545 0.15997635
v 0.75984550 -0.17370078 -0.23025674
v -0.63204944 0.13571002 -0.58631390
v 0.67998654 0.19475646 -0.14003643
v 0.50978118 -0.05866790 0.58665848
v -0.43203679 -0.20993553 0.27210468
v 0.46743587 -0.20924532 0.23581241
v -0.25960377 -0.20840004 0.11228974
v -0.72382414 -0.18839785 -0.00505602
v -0.61811858 0.17642002 0.33986586
v -0.78104949 -0.13964191 0.27399132
v 0.42457268 -0.21060486 0.41570637
v 0.32878137 -0.20650603 0.07177921
v 0.68654698 -0.17894031 -0.41296649
v -0.51422077 -0.20838691 0.48138896
v -0.13194089 -0.21124287 0.22497222
v -0.61643237 -0.20710912 0.35011744
v 0.00268401 0.19792561 -0.04765922
v -0.67672497 -0.20561838 0.54252857
v -0.38020697 0.20964850 -0.46157017
v 0.47488177 0.15344110 -0.59200037
v 0.54891795 0.17164707 0.39022630
v 0.39181674 -0.18712229 -0.37053967
v -0.66180903 -0.19911557 0.12767152
v 0.37052640 0.16266641 0.55759501
v 0.04144682 0.17972434 0.30904308
v -0.24590808 0.20957215 -0.43346357
v -0.53075749 -0.19210100 -0.25269637
v -0.33047438 0.00529430 0.59537268
v -0.30027744 0.18181615 0.26870447
v -0.18077290 -0.18761678 -0.37998232
v -0.62655771 -0.16913930 -0.48938054
v 0.78963101 -0.05002432 0.06221241
v -0.73988563 -0.12032452 -0.50763041
v -0.18307115 -0.21196839 0.32445446
v -0.66460413 -0.20640245 0.44039184
v -0.12028065 0.19606574 -0.01485208
v -0.30254254 0.11416034 0.59586781
v -0.58676416 -0.19677296 -0.09674840
v 0.57914203 0.20069993 -0.32603705
v 0.21334790 0.21156248 -0.55479378
v 0.76577228 -0.14249316 -0.45129538
v 0.70028150 -0.19683276 0.09795479
v -0.40467766 0.18007401 0.29149836
v 0.65342587 -0.20747291 0.36739513
v -0.22533783 0.20451801 -0.25333670
v -0.78569722 0.03312026 0.10166363
v 0.63762140 -0.05911633 -0.59715790
v 0.14964800 0.20766699 -0.57418299
v -0.78692442 -0.12216854 -0.36461231
v 0.04108350 0.20937003 -0.39067957
v 0.24636325 -0.20499298 -0.00780391
v 0.44304636 0.20047554 -0.15618299
v -0.72826779 -0.17313236 -0.41689786
v -0.55759960 -0.20094635 -0.00552432
v 0.70269066 -0.14254010 -0.56593698
v 0.27432698 -0.18933639 -0.34911340
v -0.22828116 0.19446874 0.01036758
v -0.38738087 0.20629501 -0.56454962
v -0.07629521 -0.18815444 -0.37561882
v 0.53530365 -0.20229542 0.52707005
v -0.02813690 0.17546432 0.38327014
v 0.66989273 0.11761230 0.58196592
v -0.43940759 0.02647233 0.59641355
v 0.14681056 -0.18146221 -0.46068314
v -0.74112093 0.19307365 -0.11955261
v -0.20864177 0.17169507 0.44994840
v 0.24199165 0.18983077 0.12820716
v 0.72700977 -0.18594733 -0.14011616
v 0.49365672 0.20353103 -0.26375282
v 0.52185148 0.13128069 0.58722389
v -0.73021752 0.20093277 -0.31693363
v 0.79060531 0.05524763 0.23299231
v 0.78439265 -0.05021590 -0.30494490
v 0.77108461 -0.17860809 0.13126698
v 0.23407145 -0.20966196 0.16634887
v 0.39445460 -0.20487706 0.54381496
v 0.65872991 0.19658296 -0.20016377
v 0.42162898 -0.17743456 -0.49508193
v -0.01672592 -0.19808449 -0.20587401
v 0.53762990 0.15263246 -0.59231353
v 0.69194597 0.05709151 -0.59282583
v 0.77834052 -0.06264123 0.53509748
v 0.10819330 0.18373871 0.23901917
v -0.37876758 0.19563095 -0.04376635
v -0.75908840 -0.17779359 -0.15904634
v 0.53516358 -0.18602307 -0.36895669
v -0.75576645 0.18012013 -0.21434911
v 0.66453397 0.17273709 0.31375715
v 0.60572296 0.14032535 0.58438349
v -0.15044300 0.15002900 0.58937401
v -0.02406192 0.03348279 0.59386933
v -0.71796674 0.19709927 -0.21474262
v -0.32465643 -0.21139774 0.31657526
v -0.21830742 -0.15842903 0.58700675
v 0.78903949 0.04103909 -0.06222443
v 0.47766820 0.18200411 0.22203149
v 0.49097100 0.20529452 -0.44203860
v -0.77049923 -0.17768343 0.14889123
v 0.65453953 -0.18406683 -0.34113878
v 0.36586499 0.12689322 -0.59521157
v -0.14746222 0.18789199 0.15914561
v 0.78262681 0.11582666 0.21897171
v -0.00303744 -0.20477767 -0.04212781
v -0.77756631 -0.02663296 0.42834103
v 0.62521237 -0.20694929 0.30045408
v -0.59425545 0.16846257 0.43756530
v 0.18131816 0.12649214 -0.59376115
v 0.51096064 0.17688254 0.30596876
v 0.40412331 0.15337040 -0.59162420
v -0.79026258 0.05121253 -0.24608788
v -0.61191165 0.15890169 0.47295031
v -0.15796492 -0.20862024 0.10040186
v -0.32417867 -0.20647974 0.56501359
v 0.10440984 0.18780831 0.16865501
v -0.17976794 -0.19785605 -0.20162098
v -0.01715075 0.19142956 0.09120650
v -0.16623668 -0.10881236 0.59007770
v 0.43504909 -0.20241642 -0.02580361
v -0.50026643 0.18827455 0.10020126
v 0.53301191 -0.20908910 0.30119053
v 0.37187469 -0.20924376 0.19557329
v 0.68657863 -0.09442979 0.58188164
v -0.13464800 0.19741100 -0.57938898
v 0.50667334 0.20215283 -0.55692452
v 0.76772588 0.11627851 0.33943275
v 0.12508947 -0.21163195 0.25141612
v -0.43488127 -0.20986885 0.38164261
v 0.40097505 0.08063212 0.59055817
v 0.12320369 -0.20841198 0.08876177
v 0.54913259 -0.20455292 0.11423814
v -0.40062508 -0.18437852 -0.41041920
v 0.70014608 -0.18385091 -0.26808375
v 0.78852630 -0.05120754 -0.02204444
v -0.79004389 0.06150509 -0.29320732
v 0.44425964 0.17695190 0.32076049
v 0.59327763 -0.19003975 -0.26401740
v -0.52211058 -0.11190760 0.59049064
v 0.72213441 0.00183164 0.58346438
v 0.00712621 -0.21124117 0.20909338
v 0.59679186 -0.16313964 -0.54512054
v 0.29518342 0.19697143 -0.03329355
v 0.29180890 -0.16172680 -0.58146918
v -0.30052084 -0.19546245 -0.23793906
v 0.79010695 0.05784741 0.38082403
v -0.19829769 -0.15597984 -0.58577645
v -0.75830191 0.18305790 -0.30911550
v 0.47815669 -0.20839193 0.51860100
v -0.27913484 0.16734485 0.52060068
v -0.46333954 0.20967607 -0.48372218
v 0.22851071 0.12687084 -0.59414715
v -0.40666369 -0.20908418 0.48493296
v -0.65796959 -0.20190802 0.21950649
v -0.29122201 -0.19902100 0.57339400
v 0.78752607 -0.11082365 0.27223268
v 0.04492036 -0.18982340 -0.35013780
v 0.12069819 0.19412406 0.03898397
v -0.67058444 0.16444682 0.42562139
v 0.44361639 0.18740404 0.13302204
v -0.37173960 0.16495851 0.52234316
v -0.62996244 0.18050708 0.25109610
v 0.66187465 -0.02220229 -0.59794939
v -0.21124803 0.17822984 0.33700749
v -0.10160814 0.20463133 -0.23778431
v 0.32346275 -0.18839362 0.57589364
v 0.20410773 -0.21209571 0.34889713
v 0.64813465 -0.19082101 -0.17845000
v -0.41851395 -0.19188765 -0.28559774
v 0.07777566 -0.21214245 0.35475045
v -0.76676852 0.15999453 -0.35561350
v 0.38855222 0.20911169 -0.41414124
v -0.02449683 0.16465977 0.55728018
v 0.55931163 0.16752189 0.46313655
v 0.78878134 -0.08566076 0.13990976
v 0.75289685 0.17621538 -0.37237692
v 0.01148701 0.20382635 -0.20367822
v 0.31954581 0.20254084 -0.17320304
v 0.78378356 0.12457710 -0.16600624
v 0.57301903 0.19966076 -0.20280226
v 0.24401350 0.20991963 -0.42273211
v -0.78748751 0.03922604 0.00242360
v -0.11944485 -0.20212355 -0.10872325
v 0.04655948 -0.17168260 -0.55770963
v 0.14953828 0.16376853 0.55755389
v -0.74332124 -0.18965042 0.16506420
v -0.28878841 0.19854333 -0.10176972
v -0.04734442 -0.21211767 0.34348160
v -0.30010894 -0.20229745 -0.07789741
v -0.49296862 0.20757027 -0.40671596
v 0.15739082 -0.17997561 0.58312881
v 0.50638574 0.11504108 -0.59702301
v -0.48680627 0.16596524 0.48231053
v 0.43760154 0.19451290 -0.00827344
v 0.56257790 -0.20975588 0.42305845
v 0.14427659 0.20672207 -0.28946555
v 0.29274926 -0.18048553 -0.46566272
v 0.71990871 -0.20077816 0.26599741
v -0.76140767 0.02304319 0.44912070
v 0.39891374 0.18154857 0.24995558
v -0.69599760 -0.02807475 0.59390932
v 0.12991101 -0.20375209 -0.06214122
v -0.77688271 -0.17069824 0.22787613
v -0.74682498 0.18098100 -0.00903612
v -0.31996563 0.20555902 -0.30551267
v 0.44050735 0.20642371 -0.33964986
v 0.10262321 -0.19718601 -0.22627322
v -0.55737388 0.17226695 0.41679761
v 0.16690315 -0.19159852 -0.32386979
v 0.73813683 -0.11415990 0.54167974
v -0.53785902 -0.14897330 -0.57459038
v -0.30816799 -0.14660163 -0.58424294
v -0.54089856 -0.20740227 0.21675804
v 0.39402539 0.19240379 0.05629919
v 0.03909582 0.12647282 -0.59263390
v 0.59452492 -0.04406334 -0.59881967
v -0.78312898 -0.07877503 -0.44651145
v -0.27679414 0.13051090 0.59581733
v -0.78123719 -0.14400761 0.20339400
v 0.27590179 0.14666162 -0.59185821
v -0.36844158 0.16888037 0.48779491
v 0.77599734 -0.16592596 0.31799361
v -0.77894235 0.10956981 -0.24500063
v -0.42894447 -0.20758800 0.14266537
v -0.78625059 0.03979801 0.05480700
v -0.43584099 0.19190897 0.03066585
v -0.44594595 -0.19793901 -0.14650810
v -0.52531344 0.20922713 -0.47825733
v 0.06246845 0.03631326 0.59322435
v -0.33486518 0.18962295 0.09869666
v -0.29571778 -0.18705800 -0.38194585
v -0.78806013 0.05711286 -0.08916106
v -0.76606488 0.16412784 -0.39951357
v 0.78586262 0.06312674 -0.27954212
v 0.78271753 0.09084719 -0.38028893
v -0.58357847 -0.20740490 0.28403574
v -0.71315938 -0.09336434 0.59106523
v 0.30941302 -0.21089375 0.28731069
v 0.01226578 -0.18137792 -0.46249163
v -0.41132933 0.20658173 -0.35785532
v -0.75348353 0.08079540 -0.56103504
v 0.77668941 -0.09337541 0.48818105
v -0.17547704 0.12689959 -0.59075159
v -0.13824984 0.20035577 -0.12205185
v 0.77160984 -0.16246273 -0.08803397
v 0.59067237 -0.20589139 0.21398139
v 0.71690947 0.18815155 -0.44369304
v -0.19959310 0.18380214 0.24023119
v 0.68366671 0.17696002 0.22044089
v 0.15845975 -0.21014971 0.47911561
v 0.33173156 0.19029990 0.10983746
v 0.35498920 -0.20023870 0.55557138
v -0.69359773 -0.17332077 -0.43327639
v -0.73264939 0.15031736 0.41022298
v 0.07067611 0.21142818 -0.55927497
v -0.34019193 -0.04132478 -0.58976334
v 0.49449205 0.17237888 0.39053324
v -0.77658987 0.01095908 -0.52868116
v 0.78369880 0.08913655 -0.34181422
v -0.30168214 -0.21015619 0.20517066
v -0.77191871 -0.10701203 -0.45719522
v -0.57873988 0.15838726 0.49117050
v -0.78615659 -0.05192332 0.21880837
v -0.78915673 0.05485339 -0.17764109
v -0.04549432 -0.20794559 0.06405951
v -0.78404999 0.02288068 0.19657508
v 0.41822749 0.20848303 -0.57010102
v 0.11542568 0.20041388 -0.10217652
v 0.16877171 0.03577907 0.59228593
v 0.44053808 -0.20843096 0.52212024
v -0.44768763 0.17021906 0.45968926
v 0.22114135 0.20206015 -0.14478607
v -0.22832252 -0.20760565 0.54040867
v -0.10191011 0.20956261 -0.41034737
v -0.49163884 0.20779106 -0.52485436
v -0.06353738 0.12496952 -0.59181362
v 0.40170443 0.10974542 -0.59612584
v -0.47036457 0.15473823 -0.58595163
v -0.38070145 -0.12964982 -0.58368427
v 0.14572775 0.00695500 -0.59436584
v 0.60287488 -0.19619669 -0.08789562
v -0.51389235 0.17841968 0.31214035
v -0.08968248 0.18500064 0.21898161
v 0.00993462 0.18652320 0.19164662
v -0.05449020 -0.09992275 0.58974373
v 0.72801924 -0.18778513 -0.09332560
v -0.58029026 -0.01226379 -0.58730799
v -0.08734153 -0.21033043 0.46986574
v -0.67055452 -0.18490225 -0.28115368
v 0.78153181 -0.09278592 -0.38660181
v 0.68026888 -0.19464797 -0.00573659
v 0.33918077 0.16142060 0.57367313
v 0.73626262 0.09303542 0.57104236
v 0.30858898 -0.20875949 0.52018636
v 0.24790624 -0.19908187 -0.16049613
v -0.72788131 -0.16879265 -0.43555099
v -0.36414161 0.11453135 0.59636134
v -0.11885022 -0.18540642 0.58454567
v -0.30767125 -0.21029946 0.45062110
v -0.42565596 -0.20411748 0.01641610
v -0.44823688 0.18536432 0.17374563
v -0.12270855 -0.07463475 -0.59191066
v 0.76975316 0.15999541 -0.22227742
v -0.49794972 0.18943404 -0.57320899
v 0.32124844 -0.00962550 -0.59607637
v 0.43400103 -0.17359875 0.57823354
v -0.27679810 -0.16972876 -0.55851614
v 0.72733051 -0.16636366 -0.46025851
v 0.32338399 -0.16307101 -0.57747102
v 0.48271173 0.08193963 0.58974898
v -0.16624852 0.20319080 -0.57670552
v -0.74406135 0.17503853 0.19640079
v 0.30766648 -0.18898468 0.57671815
v 0.73403400 -0.14911801 -0.54604000
v -0.27679700 0.19741100 -0.57766402
v 0.41815513 0.14793369 0.58696741
v -0.75551027 -0.19244950 0.35761985
v 0.46555871 0.15903872 0.58346879
v -0.68744701 0.10137400 0.58997601
v 0.11806145 -0.16317357 -0.58248192
v 0.41815302 0.15944438 0.58114964
v 0.78712195 -0.06061168 -0.11059721
v 0.49776334 -0.14507274 -0.58510900
v 0.72804308 -0.18224174 -0.23469225
v -0.27947336 -0.20637369 0.56487375
v 0.52871519 -0.16673358 -0.55827212
v -0.65613616 -0.14581655 -0.56910706
v 0.74174374 0.18261237 -0.46713370
v 0.32338879 0.21029559 -0.57111597
v 0.71872902 -0.18981569 0.45536149
v -0.30838501 -0.16285799 -0.57613897
v 0.00749495 0.20928507 -0.57069236
v -0.78920799 -0.05257924 -0.04197476
v 0.77184653 -0.14180282 -0.33291450
v -0.71279818 0.05536666 0.59220153
v -0.75062299 0.19783700 -0.40389201
v -0.60060072 0.19598885 -0.56003469
v 0.77998298 0.04848881 0.53811914
v 0.73403805 0.18266279 -0.52219373
v -0.71677232 0.07126246 0.58400083
v -0.46632817 -0.20667769 0.56544065
v -0.33997300 0.14841700 0.58946800
v 0.52448601 0.16188294 0.55802459
v -0.24520935 -0.17002888 -0.55788046
v 0.73897547 -0.08683477 0.57387710
v 0.12439879 0.21192300 -0.54276419
v -0.52129537 -0.12600854 -0.57906175
v -0.76840270 -0.18717471 0.40159813
v 0.00747090 -0.16196950 -0.58515507
v -0.22155428 0.21146518 -0.54276556
v -0.75042659 0.16250055 0.11579920
v -0.32418069 -0.16941401 -0.55842274
v 0.33917800 -0.16294600 -0.57734501
v 0.78645885 0.11221568 0.15730575
v -0.77313399 -0.12352875 0.52859348
v 0.76709867 -0.17502914 -0.00906719
v 0.76033348 0.17852761 -0.22184262
v 0.77500117 0.14112844 0.14882404
v -0.75787181 0.17598821 -0.23340841
v 0.51291502 0.15969899 0.57534999
v 0.05488865 0.14730103 0.59028715
v 0.78165603 -0.01702932 -0.46544853
v -0.15042080 -0.15554570 -0.58658344
v 0.18124169 0.14748798 0.58912462
v -0.55864286 0.11187952 0.59665930
v 0.76771861 0.17790358 -0.10382991
v 0.13385345 -0.17148638 -0.55860806
v -0.41894561 -0.20657599 0.56542492
v -0.74890918 -0.18469986 0.54378790
v 0.75436240 0.19082403 -0.08647241
v 0.62021774 0.19319828 -0.56775278
v 0.76168889 -0.17037156 -0.21438050
v 0.56031054 0.18303847 -0.58497918
v -0.73082578 0.19849896 -0.25357804
v 0.37082019 -0.15928775 -0.58445579
v -0.60848230 -0.20291533 0.57115328
v -0.77682090 -0.17138796 0.24367167
v 0.76381052 0.10282428 -0.56609297
v 0.03908362 0.20938247 -0.57088512
v -0.12431394 0.12796539 0.59446424
v 0.57610697 0.18257616 -0.58465427
v 0.33917853 0.20961398 -0.57232296
v -0.54531306 -0.20515093 0.57077861
v 0.72338504 -0.19770472 0.17785005
v -0.78220409 -0.14434132 0.05377612
v 0.76212132 -0.18374729 0.08570595
v 0.44973963 0.16054766 0.57402879
v -0.46165460 0.20049064 -0.20248379
v -0.37156200 0.15454400 0.57534999
v 0.77092683 0.07106262 -0.56231779
v 0.28384185 -0.17115442 -0.55693495
v 0.30759621 0.15998316 0.58140928
v -0.57576972 0.12848788 0.58129102
v -0.25322324 0.13423820 0.59521431
v 0.26020876 0.16188070 0.57360739
v -0.10306548 -0.16210829 -0.58191681
v -0.75075930 0.18510826 -0.13534476
v 0.61303884 -0.20116295 0.51070189
v 0.10226500 0.20759501 -0.57400602
v 0.48132700 0.19660801 -0.57720900
v 0.67742431 0.16417158 0.37735036
v 0.74709398 -0.09629052 -0.56759828
v -0.51138812 -0.16638111 -0.55741328
v -0.34767941 -0.18131077 0.58317780
v 0.02330240 -0.19334860 0.57763815
v 0.67074108 0.13616472 0.56939220
v -0.07146922 -0.20634516 0.55978912
v 0.00749962 0.19741100 -0.58058101
v -0.74807835 0.17424825 0.06996127
v -0.49795473 -0.16358715 -0.56898046
v 0.33120006 0.12796827 0.59013349
v 0.78100538 0.12722255 0.18055700
v -0.68744701 -0.19568899 0.57169199
v 0.76205140 -0.18356965 0.33039317
v -0.35577533 0.15586357 0.57398790
v 0.77998239 0.13743827 0.12807839
v 0.75829828 -0.16018383 -0.42109776
v 0.32339326 -0.15458550 -0.58802134
v 0.71830422 0.18627045 -0.55696404
v 0.65506297 -0.15105300 -0.56183398
v -0.08728067 0.20391312 -0.57708246
v 0.57164425 -0.17737988 -0.48807827
v 0.77084976 0.03945985 -0.56229937
v -0.04048803 -0.15482043 -0.58804435
v 0.75272614 0.17828709 -0.34075207
v 0.73644280 -0.09973191 0.56649709
v -0.51371002 0.13255601 0.58976698
v 0.75806689 -0.16791131 -0.31691882
v 0.74358934 0.16815150 -0.57156545
v 0.46553200 -0.16194899 -0.57613099
v -0.75208825 0.14810643 0.20799282
v 0.49712101 -0.16170000 -0.57521600
v -0.52950555 -0.20660305 0.56550789
v 0.13384645 0.19543019 -0.58320290
v -0.21362829 0.20844519 -0.56932497
v 0.33918425 0.15666941 0.58533990
v -0.08725946 -0.19456592 0.57784915
v 0.77704698 0.09335929 0.41745442
v 0.20493157 -0.17140278 -0.55803555
v 0.30759567 0.14771834 0.58797878
v 0.73788750 -0.19731192 0.22670752
v 0.67964512 0.10232524 0.58387989
v 0.71907866 -0.13209566 -0.56822032
v -0.76592994 -0.18545289 0.49654195
v 0.54458058 -0.16271606 -0.57031029
v -0.68177789 0.06549760 0.59634489
v 0.75627369 0.16604614 -0.39594972
v -0.26101702 0.15898265 0.58049977
v 0.03909606 0.15705459 0.58700991
v 0.52876765 -0.15734109 0.57831442
v -0.75961155 -0.19302815 0.44898725
v 0.58379698 -0.13210057 -0.58249879
v -0.40315023 0.13139778 0.59629786
v -0.77180547 -0.18196219 0.33842084
v -0.34002152 -0.15922271 -0.57934505
v 0.08646404 0.19531007 -0.58298141
v -0.49772644 0.14023861 0.58643001
v -0.67298704 -0.20572335 0.55957663
v 0.10226676 -0.20644718 0.55859017
v -0.03988310 0.19741100 -0.58019799
v -0.63147771 0.20801385 -0.47688359
v -0.75524026 0.17996496 -0.19855386
v 0.77711785 -0.05159885 -0.52695423
v -0.02408880 0.19741100 -0.58032697
v -0.49043897 0.11374607 0.59689975
v 0.77624077 -0.15681604 0.34569564
v 0.21282500 -0.16449501 -0.57762802
v 0.03908810 -0.19553301 0.57458401
v 0.78445184 0.14439385 0.01531546
v -0.52064538 0.14064132 0.57493770
v -0.41073209 -0.17869486 0.58266187
v 0.76711810 -0.18005499 0.11077337
v -0.21365662 0.15830235 0.58531564
v 0.76719463 0.17924768 -0.07305542
v -0.75238693 -0.18971244 0.22064354
v -0.54571915 0.20574394 -0.54023468
v -0.74737835 0.18606214 -0.07218469
v 0.26021868 0.21099757 -0.57046467
v -0.73621410 0.17485963 0.30699199
v 0.57616788 0.19495106 -0.57282776
v -0.35576800 -0.19744401 0.57499802
v 0.76400983 0.10725268 0.40948901
v 0.71824002 0.08685180 0.57729203
v -0.77413887 -0.18175721 0.44904998
v -0.75495046 0.18877207 -0.27746457
v -0.38735601 -0.19744401 0.57500303
v -0.70012885 0.15833373 -0.57038158
v -0.64087093 0.11958353 0.57344896
v 0.63001674 -0.17249174 0.54056495
v 0.02326510 -0.16200143 -0.58525890
v 0.56029803 0.19361000 -0.57594699
v -0.37156200 0.19702700 -0.57514203
v 0.66559345 -0.11336462 -0.57904255
v 0.02318502 -0.17151161 -0.55858797
v -0.79033184 -0.05509600 -0.20148636
v -0.21973515 0.17819677 -0.58404386
v -0.73241609 0.02375398 0.56931418
v 0.76375216 0.07925643 0.56678051
v -0.72804165 -0.05526410 0.58947641
v 0.03909188 0.16319278 0.57322723
v 0.19703399 -0.20549047 0.55887222
v 0.70587927 0.16268820 0.28112888
v -0.51725805 0.18674557 -0.57290465
v 0.75482976 0.19120014 -0.13539732
v 0.75751960 -0.18039487 -0.10384569
v -0.77508271 -0.15424956 -0.31709847
v 0.08647080 -0.16509300 -0.57762802
v 0.78176707 0.06769766 0.47487369
v -0.08729450 -0.16166708 -0.58459604
v 0.19702999 -0.19460399 0.57383400
v 0.74666381 -0.18015924 -0.20646147
v 0.32367092 0.12590484 -0.59497696
v 0.48135462 -0.15044609 -0.58455759
v -0.77308536 -0.17552198 0.11728609
v 0.68971008 0.17511992 0.25284779
v 0.76777983 -0.03194216 0.56806046
v 0.38658124 0.15932478 0.58389300
v 0.75627130 0.18078519 -0.01768730
v -0.19333389 -0.06619729 -0.59117830
v 0.11805900 -0.19506900 0.57422000
v -0.10305531 0.14699352 0.59135890
v -0.35576779 -0.20656760 0.56516540
v -0.02408346 0.14722019 0.59098995
v -0.71294302 0.04834988 -0.58539039
v 0.75707012 -0.16724768 -0.34074661
v 0.61153185 -0.17880608 -0.45932901
v 0.76430702 -0.07109050 -0.56008798
v 0.77656454 0.00787036 -0.55252033
v 0.10226500 -0.19516100 0.57429498
v 0.77586102 0.15881117 0.03329203
v -0.74298263 0.17360593 0.24378179
v -0.68006909 -0.15854488 -0.51306194
v 0.37076700 0.16048600 0.57534999
v 0.72982621 -0.15280512 -0.53027916
v -0.74362630 0.00240377 0.55382240
v -0.26870793 -0.18400851 0.58379084
v -0.05178711 -0.18274660 0.58447367
v 0.19703713 0.15686445 0.58614141
v -0.11885400 -0.19646201 0.57519197
v 0.65381342 0.16652931 0.43901297
v -0.76641798 -0.18122000 0.19628900
v 0.59295398 -0.15154099 -0.57359099
v 0.75860989 0.18837215 -0.16616893
v -0.58609432 -0.17815150 0.57990515
v 0.05488230 -0.16492200 -0.57762802
v 0.78326911 -0.14038523 0.08068472
v -0.72164577 -0.19638474 0.53809792
v -0.24520800 0.19741100 -0.57825601
v 0.11805633 0.20954406 -0.57126218
v 0.44550288 0.18581831 -0.58633626
v 0.03908295 0.19527978 -0.58221775
v 0.35496241 0.20243400 -0.58201945
v -0.60847920 0.09966747 0.59703135
v -0.00829945 0.20923159 -0.57059038
v 0.22863442 -0.16080315 -0.58564162
v 0.07066946 0.19526657 -0.58290571
v -0.77602327 -0.17189516 0.21207827
v 0.74657917 0.17207867 -0.51447994
v -0.36372662 -0.16894533 -0.55814463
v -0.35576800 -0.16252699 -0.57509798
v -0.18203101 -0.16332400 -0.57762802
v 0.43400732 -0.15891230 -0.58321720
v -0.77373761 -0.16704115 -0.06427614
v 0.27600950 0.15697712 0.58592820
v 0.79010558 0.04703094 0.42334393
v -0.19783075 0.20852837 -0.56941026
v -0.78322804 -0.14178911 -0.08029346
v -0.71772516 -0.06480562 -0.57856214
v 0.35502163 -0.15934330 -0.58474332
v 0.39383417 -0.12294197 -0.59553707
v -0.02408952 0.16125843 0.58209187
v -0.24139340 -0.18438628 0.58388674
v -0.11885779 0.16075353 0.58151793
v -0.73794800 0.17629793 0.25955832
v -0.22940986 -0.20571332 0.56402344
v -0.37156153 -0.20651281 0.56536281
v 0.70244598 0.18031700 -0.57707000
v -0.75062299 0.19897400 -0.41968599
v 0.46555656 -0.15154123 -0.58515209
v 0.76496118 -0.11620632 -0.54147953
v -0.03988752 0.16017130 0.58570254
v -0.26100200 0.19741100 -0.57801598
v -0.65594304 -0.20596738 0.56937826
v -0.75508064 0.18742836 -0.26167327
v -0.78121847 -0.01463475 0.38440871
v 0.74769628 -0.17487167 -0.36441985
v -0.65560710 0.19218594 -0.56050003
v 0.74040663 -0.17814530 -0.30601650
v -0.74190956 0.18016522 0.11738496
v 0.19702375 0.19560839 -0.58348507
v 0.73330218 0.18958353 -0.30611503
v 0.75812721 -0.15011291 -0.48292682
v 0.33919263 -0.15493907 -0.58749384
v 0.77478546 0.14336339 -0.26051950
v 0.76747489 -0.17633541 0.02252209
v -0.45835978 -0.17876819 0.58183402
v 0.16544473 -0.20619304 0.55848008
v -0.77230263 -0.18233165 0.38581479
v 0.24441460 -0.17131944 -0.55757332
v 0.54882056 0.16180091 0.55759209
v 0.23074976 0.14581127 0.58907467
v -0.75087363 0.14877847 0.23183310
v -0.43473899 -0.19744401 0.57470500
v -0.73042566 0.18916689 -0.00933959
v 0.18123625 0.20957749 -0.57155651
v -0.40325952 0.20511183 -0.56850517
v -0.72825754 0.17167719 0.36854360
v 0.44983095 -0.17267799 0.57762408
v -0.16624238 -0.16558146 -0.57480413
v -0.26100200 -0.19729900 0.57505500
v 0.64185941 -0.13857615 0.56920350
v -0.77340919 -0.16004625 -0.26057732
v -0.37156200 0.14756900 0.58943897
v -0.77169991 -0.16284460 0.50559640
v 0.11805237 0.19539094 -0.58312982
v -0.33299774 0.13109431 0.59617662
v 0.68778265 -0.15475969 -0.54264426
v -0.13465716 0.15936238 0.58531725
v -0.75094670 -0.17896837 0.56463158
v -0.37156200 -0.19744401 0.57501698
v -0.00032446 -0.20640330 0.55919212
v 0.29180717 0.21084882 -0.57066494
v 0.74189430 0.18384366 -0.43554235
v -0.31627110 -0.18239371 0.58346832
v 0.05486002 -0.15549730 -0.58901185
v -0.40314999 0.14663300 0.58924699
v -0.15859653 0.17902896 -0.58436841
v -0.27679700 -0.19739200 0.57493198
v 0.14729972 0.14547454 0.58986115
v -0.77632922 -0.17304341 0.28303078
v -0.10306241 0.21132359 -0.55891317
v -0.75748259 0.19203731 -0.37223232
v 0.77990878 -0.07652753 0.50809437
v -0.16623865 0.21070197 -0.55958050
v -0.11885977 -0.15633723 -0.58661366
v 0.47444132 -0.14743772 0.58240247
v 0.52871686 0.18469790 -0.58515435
v 0.30146793 -0.15252019 -0.58907133
v 0.53835815 -0.20792326 0.50775015
v -0.77668393 -0.17106231 0.39835018
v 0.77165806 0.08871443 -0.56162709
v -0.23101072 0.15819284 0.58474606
v 0.74655992 -0.17414938 -0.38823414
v -0.32417899 0.14885600 0.58942902
v -0.64012277 0.19926064 -0.55475521
v -0.00827946 0.16034605 0.58570457
v -0.68171853 0.11179846 0.57591730
v 0.75585556 -0.17813087 0.36244798
v -0.19006951 0.12924382 0.59501618
v 0.76429600 -0.10286124 -0.55452079
v -0.75867051 -0.17882529 -0.12715574
v 0.69159150 0.10485443 -0.59503770
v 0.14964932 -0.16187035 -0.58563507
v -0.22169963 0.12959324 0.59536487
v -0.76641798 -0.18218300 0.22787701
v -0.33997300 -0.19744401 0.57496703
v -0.72718710 0.00909709 0.58473140
v 0.51292050 0.15653439 0.58396906
v -0.15044698 0.16054788 0.58129263
v 0.14965205 0.16064355 0.58175069
v -0.28483158 0.17784348 -0.58367455
v 0.47430617 0.18652928 -0.58589190
v 0.74885088 0.18695803 -0.24598719
v 0.22134133 -0.20794994 0.53844166
v -0.55137026 -0.17841110 0.58037287
v -0.48219156 0.20461842 -0.55908424
v -0.38735601 0.15360799 0.57534999
v 0.10224779 -0.16224355 -0.58565259
v 0.46446300 0.19878900 -0.57594901
v -0.71704215 0.14084877 -0.57118827
v -0.07147150 0.19741100 -0.57993698
v -0.74319047 0.18336044 0.03843137
v -0.74820352 0.17262071 0.08575572
v 0.26020315 0.19595256 -0.58342749
v -0.73838353 0.20634754 -0.47028899
v -0.36395603 0.13423693 0.59594166
v -0.74187428 0.19530076 -0.18270767
v 0.78922981 -0.09377452 0.39249101
v -0.03987541 -0.19408332 0.57778049
v -0.74444699 -0.18403146 -0.03589766
v -0.30840206 0.15797898 0.57784450
v -0.77312297 -0.17377982 0.05410257
v -0.77453709 0.12723884 -0.49956483
v -0.13290527 -0.17911673 -0.48528257
v -0.69505370 -0.16480015 -0.47585350
v 0.76315343 0.09114792 0.51207560
v -0.23711884 0.16556513 0.55417907
v -0.32424629 0.20515980 -0.57252598
v -0.77739829 -0.16528876 0.00816618
v 0.78929478 -0.08933045 0.20734987
v -0.00831274 -0.15559383 -0.58822030
v 0.77708459 0.11542571 -0.41203076
v 0.49712780 0.18493739 -0.58603072
v 0.24441300 -0.19432500 0.57359201
v 0.32340455 0.15956341 0.58417851
v 0.59201926 0.19501373 -0.57108265
v -0.37819034 -0.17919289 0.58296984
v -0.75012797 0.19584100 -0.35650900
v 0.00927015 0.16344202 0.57149225
v -0.21362212 -0.15419500 -0.58564091
v -0.74361557 -0.10263874 0.58168679
v 0.06895191 0.16322725 0.57157308
v 0.75750506 0.14185174 -0.54390854
v -0.61608255 -0.17836222 0.57941324
v 0.08647081 0.21185347 -0.55846840
v 0.75462401 0.17800461 -0.31961870
v -0.40315506 0.15310758 0.57359028
v 0.65519285 -0.12392396 0.57644361
v 0.76086098 0.12306599 -0.56599760
v 0.44974461 0.15647286 0.58466363
v -0.41113946 0.17670555 -0.58210826
v 0.69073373 -0.20618612 0.48100767
v -0.62427241 -0.20643176 0.56603956
v 0.71824002 -0.14565700 -0.55894202
v -0.03988801 0.20912020 -0.57037205
v 0.49714851 0.15891303 0.58321512
v -0.71199375 0.13803434 0.47847894
v -0.77451724 -0.16253600 -0.17243452
v -0.73645180 0.15381002 -0.55203766
v 0.48132700 -0.16182400 -0.57568401
v -0.74125326 -0.03953845 -0.57380176
v 0.12580037 -0.14601436 -0.59180015
v -0.43662855 -0.10543866 -0.58398324
v 0.66934460 0.17060219 -0.58608961
v -0.18981250 -0.20640598 0.56131887
v 0.02329380 0.19741100 -0.58070701
v 0.69495010 0.14300373 -0.59163308
v 0.73111188 0.18860315 -0.36488402
v -0.74167269 -0.05595687 0.57537502
v 0.14188512 -0.20621653 0.55851871
v -0.76165485 -0.14696407 -0.42821056
v -0.74754715 0.01471751 -0.56813407
v -0.72991359 0.20218594 -0.34851536
v 0.77899903 0.15839949 -0.07920866
v -0.72874725 0.16611001 0.38620797
v -0.00448854 -0.18189986 0.58426458
v 0.40235659 0.16080646 0.57398349
v -0.00830000 0.19508614 -0.58185804
v 0.00750801 -0.19353852 0.57767576
v -0.29259515 -0.18332653 0.58362401
v 0.77850884 -0.16090783 0.15567812
v -0.29259232 -0.16966817 -0.55850393
v 0.22861922 0.20958784 -0.57179457
v -0.48253956 0.14163941 0.58979481
v -0.00829461 -0.19581200 0.57479298
v 0.72301626 -0.13252974 0.54313880
v -0.41897964 0.14325675 0.59298456
v -0.65585798 0.10264600 0.59367597
v -0.79085290 0.05982701 -0.34089294
v -0.77361816 -0.05687855 0.49734196
v -0.22941400 0.19741100 -0.57842100
v 0.41816214 -0.16441473 -0.57357365
v 0.63936824 -0.15518002 -0.55943954
v 0.62351811 0.18126312 -0.58357263
v -0.15113699 -0.18483096 0.58446407
v -0.70614499 0.19039661 -0.55874330
v 0.36276945 -0.12434855 -0.59624815
v -0.71307963 0.08882567 0.58211416
v 0.71590430 -0.08049227 0.58207512
v -0.76690102 -0.17583209 -0.10387387
v -0.00036148 -0.17140624 -0.55860877
v 0.00750773 0.15707768 0.58718622
v 0.24440756 0.19575496 -0.58369082
v -0.11885400 0.15002900 0.58944201
v 0.77984971 -0.03061324 0.55833250
v -0.13470097 -0.16058375 -0.58572942
v 0.75992453 0.17098713 -0.30131137
v -0.38740116 -0.15936682 -0.57776439
v 0.77502668 0.15642896 0.05285769
v -0.74067825 0.03946158 -0.57427204
v -0.40315038 -0.20656899 0.56544417
v -0.32417899 -0.19744401 0.57493198
v 0.77346253 0.10991436 0.35314801
v 0.78750116 0.09646782 0.19202153
v 0.10226466 0.21148242 -0.55923599
v -0.74133182 0.13156797 -0.55560273
v 0.37918878 -0.16235545 0.58235162
v 0.18123880 -0.20617239 0.55848503
v -0.71818352 0.11059594 0.52812213
v 0.37076452 0.19614299 -0.58426422
v -0.74370384 0.17464149 0.21220186
v 0.42965424 0.20859636 -0.50278801
v 0.71916199 0.18124802 0.10957258
v 0.76886690 -0.16239387 -0.14381427
v -0.07931352 -0.17110574 -0.55798054
v -0.35441315 0.20489217 -0.57108575
v 0.38659471 0.21005401 -0.57149017
v 0.78086072 0.14240652 0.09405649
v -0.16624102 0.16044214 0.58117467
v -0.72964400 -0.19786321 0.50638843
v 0.76668119 0.17809780 -0.11961971
v 0.75338334 0.16472134 -0.45127654
v -0.58549130 -0.10537288 0.59087563
v 0.74431109 0.17085434 -0.56186801
v 0.29185957 -0.20444854 0.55790144
v 0.76378858 0.12254553 0.31497124
v -0.53378505 -0.16876519 -0.53626424
v -0.75670123 0.19076745 -0.34063554
v -0.27680203 -0.14830917 -0.58476508
v -0.74888498 0.19462900 -0.29333201
v -0.73886603 0.19315094 -0.51406878
v 0.40241241 -0.15914714 -0.58387768
v -0.75833631 0.19141185 -0.38689110
v -0.67171788 0.19888006 -0.55346191
v 0.07864890 -0.17154752 -0.55870956
v 0.76243496 -0.17863695 -0.03256770
v -0.46636817 0.18989253 -0.57503253
v -0.09523189 -0.17747881 0.58518994
v 0.43410435 0.19548094 -0.58179551
v -0.77671081 0.10581946 -0.52081001
v 0.14964150 0.19547157 -0.58327538
v -0.41897103 -0.16534662 -0.57003468
v -0.33997276 -0.20652738 0.56504214
v 0.78273350 -0.12454025 -0.10001215
v 0.78448999 0.14500111 -0.01615727
v -0.37157691 0.20602161 -0.56619936
v -0.13464557 -0.18569243 0.58449972
v -0.77203095 -0.18217024 0.35421953
v -0.05567543 0.16335538 0.57288462
v -0.27684629 0.15689531 0.58514488
v -0.78944314 0.06285264 -0.52317011
v -0.57691866 -0.15772569 -0.56992495
v -0.74160701 -0.07146578 -0.56997728
v 0.77377194 -0.00786532 0.56549001
v 0.74807030 0.18935047 -0.23021062
v -0.71590668 0.12569046 0.50622982
v 0.77279532 -0.14252624 -0.30144989
v 0.44178033 -0.20373829 0.54165393
v -0.60640830 -0.14101009 -0.57319307
v 0.78876430 0.01398145 0.49788943
v 0.10226865 0.16284443 0.57331395
v 0.45249730 0.20608528 -0.56814474
v 0.78319651 -0.12613569 -0.05758741
v -0.70330566 0.20117156 -0.54073370
v -0.29259780 -0.14765252 -0.58449924
v -0.74983901 0.19766000 -0.48182100
v -0.05568220 0.20906515 -0.57025898
v 0.68674660 0.17795800 -0.58241647
v -0.46635053 0.13131279 0.59579527
v 0.22861333 0.19570538 -0.58362186
v 0.02329826 0.16114229 0.58203137
v 0.17335826 -0.17146313 -0.55837196
v -0.74082369 0.19250402 -0.10376382
v -0.68744701 -0.20286100 0.55955601
v 0.11806077 -0.20644362 0.55852115
v 0.77109563 -0.16199538 -0.10382684
v -0.58992350 0.12627973 0.58047950
v 0.77543575 -0.16489659 0.05777807
v 0.77801234 -0.16174331 0.21955971
v 0.37919298 -0.18380651 0.57357430
v 0.75727731 0.17436755 0.02102289
v -0.73140162 0.18837228 0.00677592
v -0.52950400 -0.19744401 0.57401103
v 0.16543967 -0.15638582 -0.58849484
v -0.24521452 -0.14990152 -0.58531767
v 0.37077293 0.15660974 0.58515328
v 0.67032403 0.18303400 -0.57614797
v -0.43474194 0.15126488 0.57323629
v 0.24442147 0.15984699 0.58465213
v -0.73486996 -0.16077089 0.57736778
v 0.13385086 0.20956942 -0.57133108
v 0.73403400 0.16582300 -0.57909298
v -0.78431445 -0.12577143 0.00541141
v -0.51374608 0.20136654 -0.55904287
v -0.48212293 -0.20658638 0.56549740
v 0.77552342 0.07529796 0.53310162
v -0.70675576 0.10497244 0.57442373
v -0.65592575 0.11369086 0.58361101
v -0.75900763 -0.19340870 0.46478540
v 0.03127347 -0.20628518 0.55904645
v -0.03187886 -0.17133303 -0.55833095
v 0.74661785 -0.18861000 0.00672774
v 0.71824002 0.17971700 -0.57686299
v -0.48995045 -0.17870829 0.58131725
v -0.10306363 0.16085096 0.58162516
v 0.21282500 0.20776400 -0.57442403
v 0.75653517 -0.15956147 -0.44245720
v 0.77190191 -0.05597249 0.55747437
v -0.24523728 0.15816893 0.58477432
v -0.30838501 -0.19744401 0.57490098
v -0.29259101 0.19741100 -0.57720000
v -0.27681300 0.20764595 -0.56872106
v 0.77436131 0.16638964 -0.00897428
v 0.21284355 0.15985726 0.58469445
v -0.07771192 0.17797883 -0.58509880
v -0.34005383 0.20571060 -0.57133007
v 0.75601476 -0.17810516 -0.18281113
v 0.77632076 0.12116837 0.25334570
v -0.74289197 0.18273963 0.05422228
v -0.71611106 0.18001908 0.23287588
v 0.78816515 0.04799452 -0.13392906
v 0.34759128 -0.20792270 0.53504544
v 0.75980467 -0.19353375 0.28304046
v -0.73196024 0.19415657 -0.14337477
v 0.74139416 0.18205574 -0.48293182
v 0.22862111 0.16034047 0.58160555
v -0.77288860 -0.16607541 -0.11960599
v -0.11885400 -0.16375700 -0.57762802
v 0.44981298 -0.15876037 -0.58279574
v 0.77099550 0.05526015 -0.56225920
v -0.76129621 0.15407039 -0.50699085
v -0.79097420 0.02374472 -0.48888484
v 0.67715985 -0.20147516 0.49545535
v 0.75689167 0.18648468 -0.19871572
v 0.55991161 0.13160904 0.58620393
v 0.55395669 0.19847460 -0.55732822
v 0.73447734 0.17917566 -0.56912786
v 0.05487838 0.20943141 -0.57097775
v -0.77265084 -0.18251036 0.43319851
v 0.16546270 0.15998529 0.58489799
v -0.56130928 -0.15901606 -0.57106125
v -0.62438893 0.11175117 0.59333384
v 0.62357253 0.14991829 0.58268964
v 0.43396538 0.15915135 0.58366776
v 0.30790764 -0.16133636 -0.58089644
v 0.58034581 -0.16227013 0.56532246
v 0.68577617 0.12234337 0.57283187
v 0.56034154 0.15854213 0.58253360
v 0.08647080 0.20757100 -0.57394803
v -0.22942454 0.20831139 -0.56923747
v 0.30760086 0.21077675 -0.57076156
v 0.78334963 0.13758430 -0.11676286
v -0.74198592 -0.15927964 -0.44703367
v 0.41065592 -0.18057016 0.57405674
v -0.56109995 0.20493957 -0.54328263
v -0.74920303 0.19493200 -0.30912599
v 0.76328236 -0.14129889 -0.49875367
v -0.56110018 -0.20301016 0.57135326
v -0.54536015 -0.16129963 -0.56827235
v 0.36264619 0.12845311 0.58971941
v 0.08646117 -0.15681070 -0.58831954
v -0.29260683 0.20735976 -0.56839198
v 0.76410913 -0.18017574 0.04619521
v -0.73772353 -0.12376317 0.58336920
v 0.76169002 -0.15795243 -0.36422440
v 0.74580026 0.18988129 -0.06308028
v -0.69005615 -0.12161905 -0.57121515
v 0.70248830 0.16985382 -0.58593941
v -0.77016622 -0.17753644 0.13309382
v 0.13386033 -0.18061167 0.58328009
v -0.71113616 0.10993683 0.56028134
v 0.75123018 -0.06322689 -0.56889129
v 0.70726568 -0.03283652 0.58404392
v -0.09511670 -0.20635605 0.56002665
v 0.72036451 -0.11137891 -0.57355607
v -0.11885890 0.20884910 -0.56980747
v -0.05570614 -0.16181469 -0.58475053
v -0.35836220 0.20927773 -0.54449397
v -0.77081138 0.14628091 -0.47874421
v 0.63373220 0.12927139 0.58455288
v 0.71553540 -0.15589181 0.52293575
v -0.10306235 0.19381566 -0.58132136
v -0.70358515 0.09250148 0.59008729
v -0.16624354 -0.15565692 -0.58629918
v -0.10306000 0.20696700 -0.57290602
v -0.08727287 0.15978482 0.58552831
v -0.74171829 0.19474585 -0.16691780
v -0.26100200 -0.16301300 -0.57685101
v -0.76437098 -0.18676665 0.24360073
v 0.74987763 0.06540149 0.57306075
v 0.26020700 0.15888000 0.58420199
v -0.13465293 0.20878343 -0.56973273
v -0.07147779 0.15991810 0.58559161
v -0.74075615 -0.09792834 -0.53921562
v 0.64598274 -0.19294105 0.51334226
v -0.38735867 -0.16849466 -0.55873221
v 0.75635642 -0.19344439 0.31444445
v 0.73021156 -0.15651181 -0.51020515
v -0.76120526 -0.18708082 0.51185751
v -0.61870229 -0.15772755 -0.54869896
v -0.75909793 0.18593167 -0.35649773
v 0.37079385 -0.20664577 0.54220837
v -0.64006400 -0.19744401 0.57307899
v -0.75950050 -0.00808233 -0.55721194
v 0.59188598 0.15943500 0.57442802
v -0.67906493 0.20322652 -0.52716506
v 0.35504079 -0.18693119 0.57403320
v 0.74147522 -0.19696353 0.34706837
v 0.70255387 -0.09714748 0.58009648
v -0.02408151 -0.18405740 0.58416206
v -0.60036165 0.20394450 -0.54275244
v -0.24520800 -0.16305400 -0.57705897
v -0.72099066 -0.19110988 0.56069529
v -0.45054603 -0.20450196 0.57184291
v 0.77646345 0.07778419 0.50511265
v -0.52956218 -0.16232117 -0.56850898
v -0.77597243 -0.17149787 0.19628313
v -0.73041695 0.09917564 -0.57740319
v -0.19876900 -0.16216099 -0.57919902
v -0.73042369 0.14195773 0.43663251
v -0.41905898 0.20480296 -0.56770086
v -0.57688820 -0.20647277 0.56607807
v -0.69668281 -0.16152647 0.58051670
v -0.77299535 -0.17345177 0.03830701
v -0.30838501 0.14930999 0.58938801
v 0.74521154 0.17290647 -0.53026980
v -0.74141693 0.17888674 0.14896438
v 0.77168059 0.05548993 0.56642669
v 0.75777268 -0.15481119 -0.46731415
v 0.08647256 -0.20645103 0.55866373
v -0.74446434 0.19597526 -0.23009789
v -0.52592772 0.20564243 -0.54394597
v -0.74951601 0.19523500 -0.32492101
v -0.72935748 0.20482385 -0.41264978
v -0.75169170 0.18518293 -0.15112822
v -0.02408880 -0.19590500 0.57486099
v 0.77272999 0.03956215 0.56615967
v 0.51291502 -0.16157500 -0.57479101
v -0.77820277 -0.16180307 0.33031732
v 0.65784818 0.14562345 0.56581557
v -0.77238536 -0.17774370 0.47933084
v -0.77690053 -0.17093398 0.36670259
v 0.70626754 -0.19177914 0.48627791
v 0.16544206 0.20957729 -0.57147741
v -0.71456391 -0.18444866 0.57250476
v -0.22941767 -0.15204202 -0.58547425
v 0.77579802 -0.03953527 -0.55273402
v 0.27604339 -0.18967468 0.57771862
v 0.21281900 0.19565634 -0.58355349
v -0.21251608 -0.18664426 0.58368760
v -0.62427002 -0.19744401 0.57322198
v -0.64024282 0.10998118 0.59312189
v 0.72946590 0.18540327 -0.49867526
v -0.73953515 0.20088345 -0.49677581
v 0.02329380 0.15002900 0.58922201
v -0.75604939 -0.16490245 -0.41065839
v -0.66741437 0.12425167 -0.58624524
v -0.70121807 -0.20203137 0.53364056
v -0.59269857 -0.20546125 0.57023937
v 0.75766033 0.18771784 -0.18293019
v -0.75336552 0.16452216 0.00675894
v -0.73476368 0.18701570 -0.53014725
v -0.11885400 0.19741100 -0.57953602
v 0.74498439 -0.18727554 -0.03281428
v 0.73069042 0.19247597 -0.16258070
v 0.75537479 -0.07147492 0.56948447
v -0.73929679 0.17911991 0.18058577
v -0.29372078 -0.20642056 0.56349027
v -0.74376100 0.19512220 -0.19851828
v 0.74665201 0.17966400 -0.41968599
v -0.77237982 -0.16551834 -0.15119341
v -0.77314109 -0.17506380 0.10149056
v 0.16544200 -0.16490300 -0.57762802
v -0.22284877 -0.17027453 -0.55737835
v 0.64652228 -0.20555870 0.49461094
v -0.77253401 -0.18245099 0.41740283
v 0.76174980 -0.17797974 -0.06427490
v 0.13385749 -0.16307756 -0.58243966
v 0.75922912 -0.14410903 -0.53072095
v -0.63023603 0.20421614 -0.52826816
v 0.58462059 -0.20752050 0.50230342
v -0.74052554 0.19030358 -0.04060913
v -0.26100200 0.14982900 0.58917701
v 0.22861899 -0.19441800 0.57367402
v 0.76186579 0.17371695 -0.24597339
v -0.74166405 0.17952457 0.13317484
v -0.57688701 -0.19744401 0.57362700
v -0.75508493 0.16462117 -0.04501546
v -0.77549875 -0.08790668 0.52259654
v 0.74208105 0.15015681 -0.57794589
v -0.72645682 0.17519887 0.35427082
v 0.40236163 0.19658670 -0.58378923
v 0.75747514 -0.17191817 -0.29343382
v 0.01578970 0.18207791 -0.58515596
v -0.25787276 -0.20634305 0.56235397
v 0.77655590 -0.15699516 -0.00100924
v -0.52950400 0.13115700 0.58945101
v -0.37937099 0.17711854 -0.58282584
v -0.76451832 -0.17342404 0.54398227
v -0.74771798 0.18161701 -0.04062460
v 0.77274448 -0.18164808 0.29110470
v 0.33919865 -0.20098297 0.55630749
v -0.77977908 -0.05270432 0.45211068
v -0.77485055 -0.16405426 -0.13541050
v -0.75302339 0.18882991 -0.24589276
v 0.75720114 -0.11867726 -0.56032562
v 0.60773557 0.15804687 0.57919925
v -0.15044300 -0.16354001 -0.57762802
v 0.22862014 -0.17134650 -0.55773556
v 0.74604350 -0.18925050 0.02294338
v 0.76198894 0.18149455 -0.04810570
v 0.16544200 -0.19479001 0.57399100
v -0.62432384 0.19975317 -0.55474192
v -0.71748602 0.10264600 0.54376203
v 0.75491655 0.14391559 -0.56186104
v 0.26821780 -0.12844682 -0.59577990
v -0.02409372 0.20917588 -0.57048315
v -0.44369319 -0.17001623 -0.54267007
v -0.73128641 -0.00784816 0.58150846
v -0.52260810 0.11456533 0.59684598
v 0.51415586 -0.07780316 -0.59809369
v 0.70764035 0.17393723 0.20386739
v -0.75647736 0.16380706 -0.07849070
v -0.73321706 -0.18687014 0.55843228
v -0.76288199 -0.17908201 0.52796799
v -0.77919185 0.03669984 -0.53668660
v 0.77048874 -0.18106191 0.30693570
v -0.12637456 0.17972668 -0.58449894
v -0.45058852 0.14746532 0.58519989
v 0.76999038 -0.18030612 0.16467693
v 0.33924296 0.19591470 -0.58420694
v 0.19544055 0.16236922 0.57194215
v 0.74607426 0.03206602 0.57564694
v -0.74655700 0.18043000 0.00675811
v -0.40314999 -0.19744401 0.57492697
v -0.24522002 0.20814289 -0.56913978
v -0.30838436 -0.20643459 0.56473768
v -0.74338311 0.17367454 0.22906262
v -0.05567863 0.15676451 0.58725274
v -0.76508307 -0.18903434 0.29096672
v 0.72875524 -0.18420166 -0.17687702
v 0.10225831 0.19535144 -0.58305556
v 0.65765679 0.12143435 0.58397019
v -0.18772101 -0.17072479 -0.55580908
v -0.63209110 0.08385459 0.59709048
v -0.00829461 -0.16450600 -0.57762802
v -0.51880056 -0.18576443 -0.36987612
v -0.51374906 -0.15795803 -0.57360452
v 0.51292264 0.18444802 -0.58580208
v 0.24441467 -0.15569001 -0.58844662
v 0.71020830 -0.20434961 0.41026354
v 0.62482429 -0.15809916 -0.55661207
v 0.28671604 0.12685084 0.59056103
v 0.72325963 -0.12133376 0.55680096
v -0.57829398 0.11998700 0.58998299
v -0.74730468 0.16582298 0.17245765
v -0.72824895 0.12023947 -0.57267052
v 0.08647854 0.15700194 0.58675086
v -0.13446514 0.21171841 -0.54283476
v 0.73471081 -0.18801107 0.40856993
v 0.75663608 -0.17905223 -0.15122536
v 0.78650218 0.09827942 0.23655704
v 0.63268846 -0.11272147 0.58206868
v -0.74040705 -0.01680443 -0.57427889
v 0.73403400 -0.14486600 -0.55780900
v 0.26020908 -0.17127657 -0.55733943
v -0.45058143 -0.15893260 -0.57583433
v 0.77115214 0.09418651 0.46376675
v -0.45053780 0.13157886 0.59612769
v -0.03988310 -0.16429400 -0.57762802
v 0.37079865 -0.19392802 0.56414676
v -0.75655586 -0.13441062 0.57099444
v -0.05567730 -0.19609100 0.57498997
v -0.59304607 -0.15641819 -0.56696981
v 0.77496177 0.16777670 -0.02478363
v -0.38735601 0.14710100 0.58935100
v 0.07064954 -0.16219880 -0.58547539
v -0.69411123 0.13540404 0.49918881
v 0.73812681 0.09909131 0.55730712
v -0.74907404 0.16401203 0.14084803
v 0.68692607 -0.14413352 -0.56756401
v 0.30759513 -0.17074601 -0.55804867
v -0.74569511 0.19000998 -0.05623789
v 0.60331649 -0.08312364 -0.59352899
v 0.76431555 0.02364342 -0.56770104
v 0.32337910 0.19599782 -0.58403772
v -0.71650320 0.08034323 -0.58612454
v -0.75046432 -0.18905579 0.18048601
v -0.77517474 0.08080783 -0.53994930
v -0.18203819 0.19418731 -0.58075434
v -0.74719030 -0.18769127 0.10935101
v -0.60838473 -0.20675029 0.55592489
v -0.71368939 -0.12896153 0.58521253
v 0.08647444 0.16292475 0.57329243
v -0.77364057 -0.18101385 0.46490055
v -0.75707859 -0.02449773 -0.55758637
v -0.25318000 0.17916016 -0.58366346
v -0.76573241 -0.17437580 -0.18284832
v 0.52874261 -0.14759336 -0.58271062
v 0.11806165 0.16255932 0.57338685
v -0.78272855 0.00833907 0.29861286
v -0.18204157 0.15891105 0.58507997
v 0.75905198 0.16588888 -0.35270736
v -0.66165119 0.17326449 0.39015791
v 0.56060416 -0.15947533 -0.57411784
v -0.29265958 0.15633118 0.58527666
v -0.52155179 -0.17865311 0.58080488
v 0.77403450 0.16184989 -0.14474848
v 0.77635223 -0.00792513 -0.55293721
v 0.67267436 -0.13936180 -0.57112843
v 0.08647080 -0.19525400 0.57436800
v 0.10227265 0.15698393 0.58666521
v 0.78207433 0.10996889 -0.29434663
v -0.73100007 0.01785602 -0.57933372
v 0.59190029 0.15473855 0.58307093
v 0.75694549 -0.17950226 -0.13543260
v -0.72737169 -0.17853625 -0.32326421
v 0.53202760 0.15385635 0.58409077
v 0.54454046 0.15795396 0.58351433
v -0.19782926 0.19465466 -0.58012819
v -0.72577488 0.11173144 0.49560839
v -0.61587328 0.12370520 0.57434064
v 0.77339971 0.16473579 0.00681739
v -0.72757590 0.03980158 0.57543433
v 0.75906616 -0.17310728 -0.25346813
v -0.16623700 0.15002900 0.58933198
v -0.73951942 -0.07093540 0.58263582
v -0.71844441 -0.10137542 -0.56679004
v 0.62670922 0.16021438 0.57021660
v -0.62437749 -0.15011817 -0.56572455
v 0.26022184 -0.20638973 0.55796766
v -0.11091314 -0.17077154 -0.55801862
v -0.69674385 0.16969863 0.39477369
v -0.53748292 0.15941070 -0.58266211
v 0.74414307 -0.17812073 -0.27511936
v -0.07147638 0.20900778 -0.57015097
v -0.73946744 0.17978755 0.16479640
v 0.76608813 0.08378883 0.54406095
v -0.15044300 0.19741100 -0.57923198
v 0.60798800 -0.15518650 -0.57023191
v 0.51294255 -0.14790058 -0.58355445
v 0.77816415 0.07861716 -0.54007232
v -0.46414635 -0.14513066 -0.57877803
v 0.14964800 -0.19488300 0.57406902
v -0.74792773 0.18632987 -0.08797384
v 0.68019956 0.18895143 -0.55882597
v 0.77986205 0.10798849 0.30277145
v -0.76251358 -0.17057678 0.55976963
v -0.07147150 -0.16407999 -0.57762802
v 0.24441300 -0.16406401 -0.57762802
v 0.14964844 -0.17147842 -0.55852282
v -0.76798600 -0.17936000 0.17948700
v 0.74216330 0.17725138 -0.54617727
v -0.46632701 -0.19744401 0.57448202
v 0.57640463 -0.15944539 -0.57186848
v -0.54418945 0.16678910 0.46072280
v 0.22846632 -0.12854131 -0.59536189
v -0.16642597 0.16553779 0.55602193
v 0.59190571 0.18211626 -0.58431619
v -0.52957189 0.19644639 -0.56481266
v 0.75632513 -0.17858660 -0.16701797
v -0.74792147 -0.18841892 0.14068185
v -0.40317354 -0.16551566 -0.57018721
v -0.77149314 0.04898212 -0.54635495
v -0.74446440 0.15857488 0.31447625
v -0.07147150 -0.19618399 0.57504398
v -0.68540621 -0.13239239 -0.56748873
v -0.70324099 0.07105750 0.59441900
v 0.30752271 0.16296726 0.55776954
v -0.02408880 -0.16440099 -0.57762802
v 0.76728356 -0.17562170 0.00672695
v -0.57689476 0.20448467 -0.54330367
v -0.70357549 -0.19647396 0.56532216
v -0.65586919 0.20235494 -0.54278517
v -0.77637488 -0.16646163 -0.00905433
v -0.42723677 0.11425305 0.59670550
v 0.44289431 -0.16840057 -0.55727679
v 0.24441786 0.21041335 -0.57069784
v -0.72676891 -0.03134295 0.58915323
v -0.27679700 -0.16297100 -0.57665098
v -0.43485868 0.20448400 -0.56683600
v -0.75829744 -0.17693214 -0.20645425
v -0.60769397 -0.15488698 -0.56063080
v -0.00047895 0.12960921 0.59328568
v -0.41894501 -0.19744401 0.57481599
v -0.56112397 0.19494313 -0.56406146
v -0.75515670 -0.15010327 0.57259923
v 0.74736530 0.18006839 -0.39597452
v -0.72500879 0.16173898 0.40656850
v -0.69371814 -0.14869067 -0.53213263
v 0.74594903 0.18549277 -0.29336780
v -0.74772710 0.17272499 0.10154929
v 0.77783769 -0.16129462 0.25125882
v 0.75168520 -0.19087151 0.10902165
v 0.74551356 -0.15726292 -0.49283114
v 0.75628102 -0.14776699 -0.51461923
v 0.77275550 -0.16302671 -0.05645292
v 0.43176699 -0.09035818 -0.59734583
v -0.45066300 0.20416860 -0.56583601
v -0.08765271 0.16501722 0.55697089
v 0.50494331 -0.16721423 -0.55827034
v 0.79043245 0.05281279 0.14963312
v -0.72466534 0.19025713 -0.54646569
v 0.71665210 0.10477681 0.57100874
v 0.75483674 0.04753692 -0.57231069
v -0.02410582 -0.15561119 -0.58802330
v -0.77679294 -0.17213729 0.30684945
v -0.75524449 0.19763887 -0.46813074
v 0.52863562 0.15912738 0.57873148
v 0.16543558 0.19551536 -0.58334649
v -0.74566734 -0.18670577 0.06160680
v 0.44973800 0.19741100 -0.57855201
v 0.77584863 -0.12899038 -0.39617187
v -0.42667583 -0.14744188 -0.57987523
v 0.76679778 0.17916258 -0.08801247
v 0.40236059 0.15654832 0.58496654
v 0.51291502 0.19540900 -0.57681000
v 0.61570328 -0.13190067 -0.57899034
v 0.20514727 -0.17899984 0.58273017
v 0.76185614 -0.03958421 -0.56671691
v 0.32344842 -0.20363905 0.55539376
v 0.77793062 0.04699183 -0.54108882
v -0.18203519 -0.15544559 -0.58607554
v -0.34827039 0.17761618 -0.58328968
v 0.65511203 -0.14157665 -0.57235307
v -0.78996336 -0.07874311 -0.40704945
v 0.77334958 -0.16350892 -0.03272926
v -0.76875174 -0.16328231 0.52800173
v 0.75487685 0.18102403 -0.26227668
v -0.78599608 -0.03230335 -0.47039458
v 0.38497639 0.19360961 -0.58474118
v -0.19782388 -0.19581860 0.57749164
v 0.76348931 -0.02376372 -0.56678301
v 0.75764495 -0.18091302 -0.08805266
v 0.03905994 -0.16197377 -0.58541375
v 0.64047647 0.16200705 0.51974791
v -0.76788878 -0.18692434 0.37001023
v -0.67075676 0.10612458 0.58894992
v -0.77559698 -0.14451385 -0.39644423
v 0.50554311 -0.20864423 0.50822532
v -0.74350762 0.18397170 0.02264011
v 0.42515251 -0.19013900 0.56218207
v -0.75736201 -0.19162928 0.33066612
v 0.77282339 -0.17969084 0.18837646
v 0.77446347 -0.16963260 0.09354917
v -0.78111267 -0.11457119 -0.42671883
v 0.74723959 0.17266180 -0.49868861
v 0.11013798 -0.18122245 0.58343375
v 0.26021102 0.14768556 0.58849537
v -0.15847093 0.12928315 0.59474128
v -0.75724757 -0.16754404 0.57087159
v -0.66881245 -0.15468340 -0.53607631
v 0.75057167 0.12741426 -0.57397360
v 0.72014701 -0.10773510 0.57133096
v -0.77286309 -0.17311044 0.02251162
v 0.43964115 0.12838978 0.58870256
v 0.59303755 -0.15921235 -0.56644952
v 0.41816670 -0.15416051 -0.58587855
v 0.77224058 0.10935407 -0.54202765
v -0.77972400 -0.15429738 -0.10717919
v -0.44215930 0.17603171 -0.58153296
v 0.77891964 0.01665726 0.55637455
v -0.27573138 0.16419302 0.55535662
v 0.48808369 -0.17922205 0.56498706
v -0.75621855 -0.19410707 0.48442787
v 0.35499540 0.21066639 -0.55466670
v 0.37077582 0.20958275 -0.57255363
v -0.51371002 -0.19744401 0.57413399
v 0.54597819 -0.14621916 -0.58168322
v 0.47450289 0.20463975 -0.55822510
v -0.12672938 -0.20649658 0.56032008
v -0.03191273 -0.20648050 0.55936986
v 0.77699101 -0.08125184 -0.50732148
v -0.74790460 -0.18908274 0.52914125
v 0.47104859 -0.16959551 0.57658041
v -0.57228947 -0.16638654 -0.53238374
v -0.15044795 0.20871291 -0.56967324
v 0.65509498 0.18073194 -0.58040857
v 0.15058374 -0.08660936 0.58885741
v -0.54545450 0.12670077 0.59299308
v 0.75765175 -0.19214688 0.20430899
v -0.77555197 -0.17144150 0.17923880
v 0.27602333 -0.16006297 -0.58566368
v 0.40242293 0.20946334 -0.57081997
v -0.16759783 -0.19386058 0.58112973
v -0.59268099 0.11766100 0.58994699
v -0.74555928 0.18467812 -0.02656439
v 0.75658822 -0.19149581 0.17273757
v 0.18951002 -0.14538892 -0.59286273
v 0.77821320 -0.12521814 0.41726130
v -0.78005821 -0.08524565 0.47688216
v 0.14964871 0.21151540 -0.55920136
v 0.53639305 -0.17275867 0.56238014
v 0.76472533 -0.17197181 -0.11962513
v -0.30845928 0.20546103 -0.57288808
v 0.74590760 -0.18367012 -0.11961451
v -0.05567909 -0.17128028 -0.55805343
v 0.68026644 0.17382425 0.28313491
v -0.60106879 0.13810654 -0.58671862
v -0.00729138 -0.09807395 -0.59300244
v 0.57617575 -0.14345261 0.57982814
v -0.45053300 -0.16674800 -0.56183398
v 0.77113831 0.09028872 0.48077273
v -0.34016010 0.15693462 0.57312268
v -0.33316538 -0.13219205 -0.58461094
v -0.50626671 0.15362817 0.53915632
v -0.60034776 0.18238905 -0.56943649
v -0.18203594 0.20859036 -0.56949967
v 0.56051642 -0.15843046 0.57432520
v -0.43477803 0.14271723 0.59299934
v -0.37160745 -0.15936817 -0.57824016
v 0.71250194 0.17627282 0.17246602
v 0.41818154 0.19669962 -0.58361596
v -0.18202570 -0.19548596 0.57779723
v 0.41819802 -0.20654915 0.54005980
v 0.75198132 0.16455089 -0.47497034
v 0.76090902 -0.00880379 -0.56844962
v 0.69486624 0.12505180 0.55674958
v 0.75034249 0.08879607 0.56704777
v 0.76643467 0.14124149 0.18767974
v -0.75897634 -0.17346752 -0.32961085
v 0.77662450 0.12677667 -0.34037185
v 0.73435003 -0.12908773 -0.56679744
v -0.48216069 0.19004552 -0.57395029
v 0.47206080 -0.20460127 0.53740990
v 0.29179215 0.19604702 -0.58360207
v -0.70968962 0.11612059 0.54413265
v -0.69936621 0.17454550 0.36776739
v 0.72896236 0.06846633 0.57740551
v -0.07148497 -0.15564543 -0.58743352
v 0.75951928 -0.19295157 0.25176835
v -0.71290451 0.17814465 0.28372669
v 0.18161902 -0.17808816 0.58303583
v 0.77723646 -0.14612333 -0.12515222
v -0.66451186 0.08569513 0.59702075
v -0.18990226 -0.17706846 0.58507401
v 0.54461110 -0.15676199 0.57740009
v -0.69561613 0.10786667 -0.58565229
v 0.30758503 0.19595082 -0.58396846
v -0.75301421 -0.04079262 -0.55812991
v 0.48121363 0.16212057 0.55760163
v 0.39652601 -0.16965380 -0.55479962
v -0.70395082 -0.10829144 -0.57168752
v 0.75525969 0.07923029 -0.57234466
v -0.49791601 -0.19744401 0.57425302
v 0.66303885 -0.15719630 -0.54271281
v 0.20477182 0.12922925 0.59128600
v -0.75602770 -0.19279435 0.38909435
v 0.21282762 -0.20397174 0.55993110
v 0.63932806 0.19173583 -0.56925529
v -0.66447127 -0.19592254 0.02486394
v -0.66316622 0.15935142 -0.57520598
v -0.74168819 -0.08676136 0.58231390
v 0.77422237 0.11903711 0.28630489
v 0.76799083 0.10006688 0.43934953
v -0.35576800 0.14800601 0.58948302
v 0.38109392 -0.07081354 0.58767152
v -0.07950389 0.12960565 0.59402460
v 0.11806659 0.15696576 0.58657867
v 0.75569618 -0.05533899 0.57271403
v 0.63933635 -0.14121020 -0.57407475
v -0.74245864 0.14800623 0.37719208
v -0.21225400 -0.19552800 0.57690698
v 0.77823836 0.09491877 0.38585648
v -0.78581464 -0.12633559 -0.19829114
v -0.76085454 -0.18075624 -0.00080823
v 0.52870899 -0.16125000 -0.57419199
v -0.76440674 -0.18855865 0.27517346
v 0.77204406 0.14358731 -0.30239639
v 0.77773446 0.09391712 0.40165663
v 0.76512384 0.12871732 0.27096450
v 0.27601343 0.21092208 -0.57056576
v 0.76774174 0.01573674 0.56865233
v -0.26101652 0.20792320 -0.56897551
v 0.39434537 0.13120036 0.58906728
v -0.72096509 0.08410599 0.55188602
v -0.78581160 -0.12230810 -0.12789896
v 0.74758750 -0.19067620 0.07401976
v 0.76152211 0.17110707 -0.27337781
v -0.76701719 0.12649707 -0.52120477
v -0.29259101 -0.16292700 -0.57643902
v -0.77147561 -0.16166969 -0.29336250
v -0.33997521 -0.16925706 -0.55833387
v 0.51303160 -0.20289525 0.53099382
v -0.68751675 0.19832277 -0.55305529
v 0.65824956 0.19043580 -0.56850815
v 0.07856057 -0.18199700 0.58361363
v 0.48135510 0.15897040 0.58334833
v 0.05487454 0.19522154 -0.58282274
v -0.41894826 0.15216257 0.57345945
v -0.75259012 0.16441728 0.03057357
v -0.73004919 0.18966398 -0.02521471
v -0.76018977 0.18903042 -0.41967788
v 0.23664084 -0.17838120 0.58243829
v 0.22862163 -0.20389462 0.55991030
v 0.77149093 -0.18185882 0.21206312
v 0.77531981 0.16945250 -0.04809900
v 0.39567631 -0.19230421 0.56306386
v 0.74410939 -0.18641265 -0.06387537
v -0.77661556 -0.15548204 -0.23740175
v 0.57612270 0.15924969 0.58074188
v 0.71201277 -0.20447958 0.37899202
v 0.71786094 0.11120320 0.55720210
v 0.69711626 0.08297401 0.58344203
v -0.05567573 -0.20648600 0.55955940
v -0.73892754 0.06118465 -0.57578743
v 0.35499352 0.15943873 0.58404285
v -0.48216590 -0.15849738 -0.57471424
v 0.71899557 0.16259034 -0.58598471
v 0.70273113 0.10828584 0.57513624
v 0.77299178 -0.18249309 0.26736552
v -0.78284943 -0.14279062 -0.04124625
v 0.59683907 -0.11472584 0.58319843
v -0.69730884 0.01929604 0.59511989
v 0.64252812 0.09487147 0.58734030
v -0.63205224 -0.12987497 -0.57432854
v 0.72898597 -0.17308825 -0.42617843
v 0.52879649 0.19744360 -0.57356775
v 0.78884596 0.07744416 0.29613215
v -0.54526019 0.13689932 0.57242268
v -0.77378130 -0.16278452 -0.20643300
v 0.74185753 0.18328607 -0.45133764
v 0.70266336 -0.14737843 0.53934348
v 0.60006142 -0.13431516 0.58043122
v -0.74432755 0.20446613 -0.43775174
v -0.66617936 -0.20624447 0.49578413
v -0.74522585 -0.17870690 -0.23878659
v -0.14245145 -0.17062564 -0.55784196
v 0.77618104 -0.02372308 -0.55289865
v 0.27701595 -0.16556086 0.58293414
v -0.71165550 0.00376512 -0.58289540
v 0.69837582 -0.20563954 0.46494189
v -0.74630708 0.16067089 0.26138374
v 0.60044760 0.16189085 0.55246377
v -0.77040702 -0.17424156 -0.08810520
v -0.26100323 -0.16986978 -0.55824685
v 0.18122967 0.19556138 -0.58341616
v 0.21282494 -0.15596291 -0.58848226
v 0.11271181 0.12740447 0.59235197
v -0.77152109 -0.18172236 0.32262507
v -0.78199095 -0.14387420 0.10151155
v -0.58545399 0.09831149 0.59715074
v 0.76546699 0.15699701 0.09267727
v -0.67145449 -0.14144772 -0.57028031
v -0.77747649 0.11873683 -0.47994414
v 0.71753871 -0.16816400 0.50095701
v 0.76045895 0.18839380 -0.15130247
v -0.43477049 -0.16510846 -0.56985241
v 0.24442038 -0.20539550 0.55876523
v 0.18123600 -0.19469699 0.57391298
v -0.78138494 -0.14453045 0.17346978
v -0.11891117 0.12780474 -0.59122026
v -0.75997686 0.18814526 -0.40388256
v -0.68662196 0.12455828 0.53484774
v 0.70031422 -0.20592807 0.44160825
v -0.76137441 0.07980660 0.36481398
v -0.77616179 -0.17313156 0.25946054
v 0.62261218 0.12943131 -0.59674847
v -0.76644975 -0.14574631 0.55082947
v -0.07146440 -0.18479794 0.58441079
v 0.54459101 0.19053495 -0.58215308
v 0.45630708 -0.18801406 0.56039262
v 0.27604279 -0.20587865 0.55772448
v 0.43400344 0.20741482 -0.56904197
v 0.74548286 -0.02862884 0.57680434
v 0.60778594 0.18663543 -0.58216500
v -0.72466260 0.05448634 0.57217997
v -0.49791715 -0.20658940 0.56550378
v -0.38735601 0.19671801 -0.57466298
v 0.77201140 -0.07924153 -0.54252344
v -0.74095541 0.16489731 0.33854321
v -0.78707230 0.07300822 -0.13536312
v -0.64006907 -0.20642760 0.56526816
v 0.78585207 0.12983325 0.05631689
v 0.07067650 -0.19534700 0.57444102
v -0.03175915 0.18056421 -0.58505595
v 0.72885525 0.18777519 -0.41950375
v 0.47409430 -0.16780771 -0.55770391
v 0.76515013 0.11050551 0.38496813
v -0.77873021 -0.16191758 0.14073762
v -0.75132322 -0.18925413 0.19628334
v -0.71007305 -0.06703382 0.59274572
v 0.69334692 -0.17809093 0.51326871
v -0.69975507 -0.08282758 -0.57729483
v -0.71968716 -0.15370855 -0.48921585
v -0.74410164 0.19557936 -0.21431173
v 0.77299112 0.16051115 -0.16806884
v 0.44275412 -0.14803419 0.58269250
v 0.55876631 -0.20399873 0.51924896
v 0.58326060 -0.19944589 0.51880533
v -0.22941591 -0.19574180 0.57758498
v 0.75236994 -0.13714071 -0.55816519
v 0.70895582 -0.20406094 0.34594858
v 0.78174347 -0.11145888 -0.27846625
v 0.64075303 0.17929295 -0.58356273
v 0.43223697 -0.12819713 -0.59213185
v -0.76474208 0.17035566 -0.47282782
v 0.02328927 0.20933446 -0.57079029
v -0.67136037 -0.20085736 0.57058930
v -0.31623310 0.17750430 -0.58354545
v -0.49534315 -0.14498924 -0.57763290
v -0.78702354 -0.12082738 -0.29736435
v -0.76631403 -0.18043800 0.16470000
v -0.67909867 0.17969561 -0.56559563
v -0.76959819 -0.16355202 -0.27754593
v -0.70582259 -0.11986188 -0.55884027
v -0.75672251 -0.02867446 0.53592825
v 0.78668064 0.11413716 0.09319982
v -0.76539272 -0.17926872 0.07830583
v -0.77248734 -0.17198390 -0.02487194
v 0.77179575 0.16011338 -0.19126184
v -0.75343704 0.20092478 -0.45125601
v -0.19783711 0.15878670 0.58496267
v -0.78606433 0.06498099 -0.04255492
v 0.77791196 -0.10140570 -0.48067170
v 0.78867817 -0.04586263 0.50062633
v 0.62369579 -0.13986745 0.57381839
v -0.78490698 0.08974463 -0.50393116
v 0.72810394 -0.20093599 0.31024051
v 0.70155418 -0.09148283 -0.58099145
v 0.06287072 -0.20637698 0.55882615
v 0.49718621 -0.15873277 0.57936990
v -0.75412601 0.16465779 -0.01692130
v 0.49712101 0.19600900 -0.57702303
v -0.72267950 0.02375841 0.58652836
v 0.77327275 -0.14606369 0.38433373
v -0.67660856 -0.10849979 -0.57514054
v 0.29183650 0.15980995 0.58445758
v -0.78679913 -0.12126797 -0.24362656
v 0.78915089 -0.06243259 0.46635276
v 0.55370253 -0.13159864 0.58235127
v 0.76437223 0.00784307 -0.56729901
v 0.77659363 0.11113294 -0.45105395
v -0.76066732 -0.18926151 0.25833645
v 0.76926804 0.13196290 0.23408014
v 0.66700524 0.16504680 0.40966615
v 0.33925372 -0.18761797 0.57501715
v -0.69887435 -0.15864743 -0.50114000
v -0.51092827 0.12453873 -0.58772510
v 0.65269756 -0.17841177 -0.43933004
v 0.74559015 -0.17263377 -0.40513369
v 0.65618640 0.07982711 -0.59880424
v 0.77155483 0.14857934 0.11730660
v -0.71205634 -0.18809435 -0.09261971
v -0.57774699 0.20876083 -0.47780108
v 0.78034347 0.12629990 0.19637334
v 0.77245057 -0.16189942 -0.07368883
v -0.63178623 0.18079825 -0.56795532
v -0.13464800 -0.19655500 0.57524002
v -0.71904981 -0.16250138 0.57838917
v -0.71338171 -0.03133808 -0.58109301
v -0.75875324 0.18364051 -0.32490879
v 0.73250449 -0.06523387 0.58079946
v -0.78689522 -0.12258378 -0.33303791
v 0.74979436 -0.08865625 0.55677414
v -0.77227813 -0.17167820 -0.04066617
v -0.65072072 -0.17832604 0.57892549
v 0.76674139 -0.12877640 -0.51142007
v 0.31571800 -0.16421899 0.58275628
v -0.75800854 0.18195723 -0.29281700
v 0.67227399 -0.14743800 -0.56339002
v -0.77587593 -0.17075533 0.16469835
v 0.16533834 0.12388319 0.59188980
v -0.73017740 0.20350078 -0.38149777
v 0.11019062 -0.17150821 -0.55869007
v -0.75014269 -0.13614336 -0.46603581
v -0.38735601 0.13122165 0.59633690
v -0.75764072 0.11100277 -0.54624385
v 0.78864259 -0.10844293 0.32349291
v 0.76868409 -0.12018994 0.45997116
v 0.78580999 -0.09434620 0.45695913
v -0.54516315 0.19228661 -0.56827682
v -0.10305393 -0.19471221 0.57786667
v -0.60847503 0.11626600 0.58975101
v -0.72708297 -0.15929143 -0.46829185
v 0.21282500 -0.19451100 0.57375503
v 0.30861002 -0.20436279 0.55559206
v -0.73061514 0.18479674 0.09357590
v 0.79073650 0.04799082 0.34010458
v -0.74244153 0.15857199 0.35368419
v -0.76608247 -0.17032033 -0.23786861
v -0.04546586 0.12819657 0.59373122
v -0.75999427 -0.17414403 -0.30367199
v -0.42446518 0.20958737 -0.51862478
v 0.73049325 -0.00019723 -0.57847297
v 0.66335738 -0.09677787 0.58254880
v 0.41035587 -0.16124494 0.58218873
v 0.76287800 -0.08688480 -0.55936098
v 0.26022524 -0.16030712 -0.58565128
v 0.78800803 -0.01620867 0.52283609
v 0.74113792 0.17736350 0.06177801
v -0.73693764 0.17171098 0.32273537
v -0.76641798 -0.18170100 0.21208300
v 0.75545925 0.16353875 -0.42634675
v 0.72871661 0.18843894 -0.02496221
v -0.75208813 0.16342500 0.05497633
v -0.46636236 -0.16441965 -0.56938982
v 0.07584763 0.12770127 0.59265429
v -0.70438051 0.12623291 0.52055192
v 0.75976008 -0.16856241 -0.27755627
v 0.71165907 -0.15143883 -0.54604262
v -0.72570163 0.14036161 0.45731789
v 0.78097343 -0.11211535 -0.32545492
v 0.51134068 -0.17105520 0.56985605
v -0.37975907 0.15715328 0.55945581
v 0.69978219 -0.12040685 0.56630450
v 0.77755648 -0.12809440 -0.36406973
v 0.66328818 -0.20725298 0.47430924
v 0.29185599 -0.18912512 0.57753861
v 0.77086216 -0.13060415 -0.47534436
v 0.73027635 0.18928322 -0.33390555
v 0.07067650 0.20754600 -0.57388997
v -0.78062034 0.09872328 -0.17580596
v 0.71278846 0.18716322 -0.51995164
v 0.19703773 -0.16260684 -0.58227229
v -0.75102901 0.18161701 -0.11959600
v 0.78665316 0.11360379 0.12590660
v -0.79119468 -0.04388526 -0.43731698
v 0.74152422 -0.17713237 -0.33293965
v 0.51462054 -0.14060734 0.58253199
v 0.78589535 0.09655655 0.26737526
v -0.24520409 -0.20008171 0.57288909
v 0.26022756 -0.19006884 0.57762927
v 0.77189153 -0.05575760 -0.55697614
v 0.76927507 -0.17991899 0.14888769
v -0.08505186 0.21175109 -0.55661452
v -0.77028620 -0.16063924 -0.34076205
v -0.40316162 -0.14720570 -0.58085603
v 0.02814731 -0.12650219 -0.59231949
v 0.75287509 -0.19184138 0.14050110
v 0.74063236 -0.19179618 0.37945342
v -0.72336042 -0.18322709 -0.19967555
v -0.48212200 -0.19744401 0.57436901
v 0.77466100 0.15409896 0.07008415
v 0.78365177 -0.10531545 -0.21876302
v -0.46640021 0.14633511 0.58486646
v -0.73981738 0.13125898 0.40987837
v 0.76382488 0.08788963 0.52802861
v 0.78749925 -0.03351612 0.54012424
v 0.78974330 0.04248010 0.46237302
v 0.34748894 -0.16353527 0.58246136
v 0.36282566 -0.17044304 -0.55576533
v -0.75596559 0.18098654 -0.49215430
v -0.05568264 0.19486223 -0.58148015
v 0.71575481 0.18767050 -0.47524315
v -0.20607002 0.16571482 0.55517364
v -0.35578278 -0.14618845 -0.58285457
v -0.66077965 -0.20380300 0.30702060
v 0.75771433 -0.14280003 -0.54809570
v -0.05883458 -0.09630347 -0.59227115
v -0.64815342 -0.09744393 0.59128600
v 0.76220471 -0.17066045 -0.19858855
v -0.30114475 0.13423511 0.59560466
v 0.77905607 -0.13719529 -0.17144619
v -0.56769359 0.17588289 -0.57419455
v 0.77928954 -0.10918655 -0.44036311
v 0.68423152 -0.06606807 -0.58866364
v 0.78432316 0.08201483 0.36248997
v -0.57692826 0.19422905 -0.56380123
v -0.79171199 0.04821937 -0.50042939
v 0.08797014 -0.12658161 -0.59364712
v 0.77219826 -0.18241164 0.24365692
v 0.68309808 0.17888728 0.18278974
v 0.77598548 0.10552851 -0.49961063
v -0.54552239 0.15452805 0.51956731
v -0.15044300 -0.19664800 0.57528800
v 0.54888964 -0.16933185 -0.53778851
v -0.76063472 0.18789394 -0.43757394
v -0.30822879 0.21085893 -0.53997952
v -0.76182127 -0.05581723 0.53785819
v 0.32917839 -0.17064793 -0.55708081
v 0.05488669 0.16101968 0.58195990
v -0.15852645 -0.20650466 0.56078565
v 0.27599815 0.19600019 -0.58351463
v 0.63790572 0.15972382 0.55269563
v 0.78211224 0.12552699 -0.21371190
v -0.22941400 -0.16309500 -0.57727599
v -0.32389915 0.16650379 0.52685118
v 0.62347502 -0.14749700 -0.57250398
v 0.78058487 -0.15354012 0.11768274
v 0.07068434 0.15701991 0.58683717
v 0.73069441 0.13025734 -0.58250636
v 0.78610063 -0.11862946 0.36739299
v 0.71881092 0.18314780 0.08054548
v 0.71342736 0.17979565 0.14114082
v -0.38735592 -0.20654812 0.56546348
v -0.78196776 -0.11100429 0.36404708
v 0.24371654 0.10752045 0.59161556
v 0.78719473 0.06220631 -0.20419779
v 0.19703026 0.20957999 -0.57163537
v -0.79120064 0.05993992 -0.38998303
v -0.78210169 -0.05590964 0.40036422
v -0.32422763 -0.15905958 -0.57999110
v 0.22845270 0.16337350 0.55756986
v -0.30838650 -0.16956292 -0.55848694
v 0.76812315 -0.17754202 0.06990863
v 0.05488230 -0.19543999 0.57451302
v -0.43474317 -0.17883420 0.58221817
v 0.77612495 -0.14172627 -0.23852068
v -0.71327823 0.15618171 0.42760003
v -0.64015967 -0.14858416 -0.56534845
v -0.75970912 -0.09759107 0.55451584
v 0.33122972 -0.12693118 -0.59626639
v -0.75862950 -0.16699134 -0.38861164
v 0.74607903 -0.18809240 -0.00906764
v 0.77210826 0.07095698 0.55930853
v -0.76555037 -0.18903998 0.30676565
v -0.77983946 0.09220949 -0.08957355
v 0.03531560 -0.18122081 0.58399779
v -0.45264173 -0.11677044 0.59017783
v 0.78348529 0.10785371 -0.25075400
v -0.25323483 0.11253984 0.59550565
v -0.62254649 0.17226905 0.40660369
v 0.76134795 -0.15639843 -0.39636457
v 0.77376968 0.13989952 0.16491905
v -0.70984662 -0.14369808 -0.51779729
v -0.47990787 -0.16722958 -0.55699861
v -0.72296107 0.17204423 -0.55776101
v 0.70247042 0.18745621 -0.55841959
v 0.74579930 0.18793058 -0.27638683
v 0.04850421 0.21198276 -0.54247284
v -0.72197485 -0.18491843 -0.15072323
v 0.56080502 -0.20847677 0.48924115
v 0.78075016 0.07526312 -0.47621086
v 0.77532423 -0.14533593 -0.20640507
v -0.78472990 0.02982257 0.14896165
v -0.56117916 0.13033809 0.58393919
v -0.71602845 0.20520161 -0.49325648
v 0.39314288 -0.20862225 0.52298009
v 0.59997660 -0.15198605 0.57109767
v 0.77565789 -0.16277552 0.03353595
v 0.78393751 0.14494224 -0.04772044
v 0.18124200 -0.16274875 -0.58231527
v 0.74767864 0.18998560 -0.21344405
v 0.72558606 -0.18997626 0.43244460
v -0.49674028 0.20444365 -0.55649686
v 0.78935754 0.05491090 0.00705586
v -0.46635580 0.15282448 0.55574071
v 0.78498429 0.12550610 -0.07897040
v -0.78273863 -0.14348923 -0.15968169
v 0.75464666 0.19165526 -0.11217579
v -0.79117393 -0.03474212 -0.30693862
v 0.65378982 0.13315378 0.58107734
v -0.76149303 -0.10047701 -0.49138471
v -0.75693500 0.16599235 -0.11280577
v 0.47628507 -0.09671747 -0.59686136
v -0.79057330 -0.00066212 -0.47525510
v 0.74765974 -0.19006744 0.04635775
v 0.77243698 0.10762776 0.37022737
v -0.76891458 -0.15976615 -0.36427930
v -0.32419372 0.15729617 0.57627761
v 0.27624530 0.10945052 -0.59499484
v 0.67286229 0.17009482 0.34665701
v -0.25943911 -0.14723432 -0.58515745
v -0.35974255 -0.17759602 -0.49115786
v 0.66500151 0.13394526 -0.59529889
v 0.38661638 -0.15922952 -0.58416986
v 0.48033458 0.13116872 0.58792198
v 0.77669948 0.02366450 -0.55266327
v -0.71536905 -0.00789770 0.59239340
v 0.78658432 0.06599773 0.40716663
v 0.55943757 -0.07929703 -0.59681553
v -0.78812206 -0.11045126 -0.39599839
v -0.78658468 0.07754375 -0.21341498
v 0.78423595 -0.12790793 0.03757966
v 0.05488962 -0.18254133 0.58373129
v -0.74176037 0.17245224 0.27538729
v -0.75483459 0.14425802 0.16974223
v -0.72574359 0.09782024 0.51334965
v 0.74858201 0.18064199 -0.35650900
v 0.56542540 0.08391806 0.58873630
v 0.72681725 0.18638025 0.01540015
v -0.75438845 0.17988399 -0.17471147
v 0.00746718 0.21199995 -0.54322064
v 0.57512927 0.19199827 -0.02157775
v -0.73767084 0.11389589 0.44071689
v -0.72846013 0.18598473 0.06713099
v 0.66224498 0.14754398 0.53768551
v 0.76176405 0.15280862 0.13359126
v -0.10278748 -0.14496581 -0.58809263
v -0.00832993 0.12680638 -0.59223264
v -0.43511480 -0.20661587 0.56488770
v 0.77861619 0.08314425 0.44131440
v -0.41005683 -0.17034255 -0.54358959
v -0.67802101 -0.18021545 0.57818687
v -0.56548727 0.18429823 0.17788707
v -0.50421453 -0.03137599 -0.58785254
v -0.56651884 0.13992319 -0.58689314
v 0.78257769 0.07611215 -0.41982961
v -0.63705289 0.16343315 0.44536391
v 0.77806681 0.10675823 0.32756501
v 0.74482638 0.10078664 -0.57654023
v -0.77820712 -0.15850151 0.42611188
v -0.75305438 -0.11833996 0.57193804
v 0.15810494 -0.12540077 -0.59456134
v 0.78370231 -0.12725623 -0.00929093
v -0.72648072 -0.08853512 -0.57191908
v -0.78740656 -0.05462253 0.12650898
v -0.77543789 -0.16947506 0.07782084
v 0.70031697 0.03703937 0.58561188
v -0.78414226 -0.04326616 0.32181218
v -0.62852716 -0.17746240 -0.43023825
v -0.64573437 -0.15549745 -0.54446381
v -0.73299271 0.19170499 -0.08009709
v -0.71308148 -0.16783690 -0.45132259
v 0.53537083 0.20296457 -0.38606566
v -0.71500015 0.18110774 0.20451555
v -0.75538898 -0.17638767 -0.26975200
v 0.49698529 -0.20370692 0.53316331
v 0.63852322 0.14652023 0.57993197
v 0.77482766 0.12535556 -0.38119414
v -0.26109073 0.21121556 -0.54190671
v -0.18812406 0.21156009 -0.54182535
v -0.48336086 -0.17899892 -0.46620402
v 0.64766103 0.16977809 0.38025948
v -0.77860355 0.08355729 0.00993382
v -0.74410653 -0.05566149 -0.57156420
v -0.37422279 -0.12865411 0.58944798
v -0.21362001 0.19741100 -0.57858598
v -0.68744701 0.08685180 0.59663802
v 0.30064613 0.03758609 0.59104359
v 0.62643456 0.19820718 -0.26776418
v 0.78393948 -0.10662587 -0.15619659
v -0.11100721 0.03074828 0.59451157
v -0.72344941 0.17600571 0.33509213
v 0.70447248 0.17124270 0.23287903
v -0.40421307 0.12843364 -0.58864659
v -0.75079679 -0.17444734 -0.36426795
v -0.74212432 0.17067474 0.29120532
v 0.26071116 -0.08438602 0.58814329
v 0.73370796 0.19034007 -0.25778255
v 0.63380021 0.16502914 0.48149002
v -0.71383697 0.03950828 0.59214658
v -0.72829896 0.12054621 0.47391251
v 0.78516144 0.00278347 0.54001874
v -0.24713166 -0.17880547 -0.48451859
v -0.19413076 -0.21060848 0.45263043
v 0.79067290 -0.06269885 0.26125669
v 0.76683229 -0.16312060 -0.17484131
v -0.75037903 0.18161701 -0.10380100
v -0.26382229 -0.05179629 -0.59053177
v -0.57363415 -0.12494260 -0.57725054
v -0.55909169 -0.17896800 -0.45498624
v -0.77971274 0.01114001 0.35416338
v 0.69188184 0.16552794 0.31607282
v -0.73482901 -0.17864300 0.57104802
v -0.77788228 -0.13215566 0.47895831
v -0.46637917 0.20485479 -0.56037694
v -0.21361727 -0.20563856 0.56370318
v -0.77205694 0.09434383 0.08418345
v -0.74614280 -0.18566066 0.03066973
v 0.73059875 0.18804613 -0.39504904
v 0.61978364 -0.20737933 0.49359721
v 0.35557359 0.18585937 0.18311806
v 0.78341657 -0.13808988 0.18529017
v 0.77401316 -0.13040239 -0.42654240
v -0.71530837 0.18376569 0.13430212
v -0.29031718 -0.12357380 0.58983004
v -0.41926637 -0.03000322 -0.58898050
v -0.74019539 -0.03154235 0.57159424
v -0.24513760 0.12640329 -0.59013808
v -0.66200221 -0.20573446 0.38196912
v -0.76570141 0.01441769 -0.55021268
v 0.66988945 0.06003928 0.58695793
v -0.78335392 0.01688086 0.24457391
v 0.77102566 0.13424024 0.21257424
v -0.55188149 0.02572647 0.59649134
v -0.42220053 0.16697873 0.49689683
v -0.32381284 0.12407015 -0.58946949
v 0.76346803 0.18161701 -0.13539000
v 0.44785857 0.11645898 -0.59646589
v -0.21173611 0.02276822 0.59504396
v -0.21362001 -0.16313501 -0.57749599
v 0.03115533 -0.21024355 0.47544852
v 0.08654957 0.12662940 -0.59296376
v -0.51371133 -0.20659518 0.56550771
v 0.30002049 -0.12951851 -0.59601074
v -0.68520188 0.20701464 -0.46198580
v 0.39296386 -0.19906650 -0.13127951
v -0.71580720 0.18771978 0.03054286
v -0.56116080 -0.20696919 0.55568594
v 0.27600399 0.16182576 0.57365626
v 0.77052641 -0.18542141 0.22781803
v 0.67636424 -0.12269013 0.57195354
v -0.79112262 0.06008166 -0.44351500
v -0.74665362 -0.18717751 0.08559759
v 0.48542550 -0.19425018 -0.21139668
v 0.66185302 0.02170305 -0.59890795
v 0.77382010 -0.14297760 -0.26992935
v 0.57486290 0.12529895 -0.59726959
v -0.57474333 -0.20342191 0.09929197
v -0.77250916 0.13602473 -0.30118814
v -0.75901926 -0.19278595 0.42565089
v 0.49873167 -0.17789371 -0.48871797
v 0.18123995 0.16051385 0.58168125
v -0.78202784 -0.14046450 -0.27223074
v 0.13387364 0.16006480 0.58503735
v -0.73623449 -0.17421477 -0.39469686
v -0.50587153 0.15864162 -0.58399314
v -0.75487828 -0.07690181 -0.52832425
v 0.78920591 -0.09135754 0.42663142
v 0.13393649 0.12658626 -0.59335035
v -0.65343857 0.00936522 -0.58671784
v -0.10281652 0.17098795 0.46130759
v 0.03112592 0.12950872 0.59300148
v -0.69018644 -0.14316855 -0.54939771
v -0.71688008 0.20252430 -0.52202708
v 0.72832710 -0.13870262 0.52391124
v 0.04726002 -0.09375134 0.58929306
v 0.42599469 0.16248323 0.55614668
v 0.78984308 0.05736211 0.07728552
v -0.50524306 0.17116411 0.43996140
v 0.78635979 0.08162383 0.33019996
v -0.12690872 0.16526112 0.55650645
v 0.76431936 0.09327161 0.49558419
v 0.32984695 0.20666616 -0.30465490
v 0.55402642 -0.20128143 0.01189583
v -0.78844291 -0.05021960 0.03989345
v 0.30293596 -0.21133408 0.40084541
v 0.72119999 0.18504678 0.04367494
v -0.79011375 -0.04206486 -0.12130635
v -0.75906670 -0.18021020 -0.06459713
v 0.65840608 0.15915436 0.47997794
v -0.04016550 0.21193729 -0.54292107
v 0.78385776 0.05030875 0.50429195
v -0.69930273 0.14785649 0.45980349
v -0.37084657 0.21030894 -0.51847821
v 0.13385300 -0.19497600 0.57414502
v -0.60894877 -0.19204852 -0.19290413
v -0.73049563 0.19968559 -0.28534731
v 0.17306015 0.21179706 -0.54188383
f 1308 730 1025
f 1308 1025 1773
f 1308 1315 730
f 50 1308 1819
f 1623 1819 1696
f 1623 50 1819
f 1623 1696 505
f 1571 1623 505
f 1571 505 1451
f 1965 1571 1451
f 1574 1652 1877
f 1574 1451 1652
f 611 1574 1877
f 1819 1308 1773
f 505 1696 1390
f 505 1390 1652
f 1451 505 1652
f 1574 1965 1451
f 611 1965 1574
f 1809 717 1040
f 1073 1809 1040
f 1598 611 1469
f 1598 1965 611
f 1434 1469 1490
f 1434 1598 1469
f 1434 1490 717
f 1809 1434 717
f 1446 1809 1073
f 1650 611 1877
f 1650 1469 611
f 1490 1650 1251
f 1490 1469 1650
f 1167 1490 1251
f 1167 717 1490
f 717 1167 86
f 1040 717 86
f 1073 86 650
f 1073 1040 86
f 1329 1073 896
f 566 1329 1504
f 566 1504 562
f 1481 566 562
f 1481 562 1625
f 1481 1625 1579
f 1244 1481 1579
f 1446 1073 1329
f 862 1481 1244
f 896 1073 650
f 759 896 650
f 759 1329 896
f 1504 1329 759
f 562 1504 1991
f 1625 562 1991
f 1244 1579 1435
f 257 1409 1969
f 257 1165 1409
f 257 973 1165
f 1687 1816 1299
f 1832 1315 1308
f 216 260 1315
f 1295 216 1315
f 1295 1315 1832
f 1687 1299 216
f 1687 216 1295
f 1816 257 1299
f 1315 1635 730
f 1315 260 1635
f 216 1813 260
f 1299 1969 1813
f 1299 1813 216
f 1299 257 1969
f 1760 1687 1295
f 1811 1760 1295
f 50 1832 1308
f 1598 1571 1965
f 50 1295 1832
f 1623 1295 50
f 1623 1811 1295
f 1811 1623 1571
f 1598 1811 1571
f 111 1811 494
f 1446 1434 1809
f 494 1598 1434
f 1446 494 1434
f 1990 494 1446
f 494 1811 1598
f 566 1446 1329
f 332 1446 566
f 332 566 1481
f 332 1481 862
f 332 1990 1446
f 1785 1975 1259
f 1785 1575 1975
f 531 1785 1259
f 1975 1575 1236
f 1321 1975 1513
f 1321 1259 1975
f 531 1259 1321
f 1236 1513 1975
f 1872 1513 326
f 1872 1321 1513
f 32 1321 1872
f 32 531 1321
f 1872 326 1770
f 326 1485 1770
f 730 922 1025
f 730 1635 922
f 54 922 295
f 54 1025 922
f 1967 1025 54
f 1967 1773 1025
f 922 1635 1644
f 1635 34 1554
f 1635 1554 1644
f 1874 922 1644
f 295 922 1874
f 1554 34 1785
f 684 1554 1607
f 684 1644 1554
f 1874 1644 684
f 252 295 1874
f 252 54 295
f 1607 1554 1785
f 252 1967 54
f 252 1874 684
f 1607 1785 531
f 684 1607 531
f 32 684 531
f 1871 684 32
f 1871 252 684
f 1897 1773 1967
f 1897 1819 1773
f 1390 1819 1897
f 1390 1696 1819
f 1186 1390 1897
f 1186 1652 1390
f 1877 1652 1186
f 1186 1897 1967
f 288 1877 1186
f 288 1496 1877
f 1186 1967 252
f 288 252 1871
f 288 1186 252
f 1496 1650 1877
f 1251 1650 1496
f 1701 1251 1496
f 1701 1167 1251
f 1791 1167 1701
f 1791 86 1167
f 1791 650 86
f 1701 1496 288
f 1998 1701 288
f 1998 1791 1701
f 679 1625 1991
f 679 1579 1625
f 1435 1579 679
f 1613 759 650
f 1613 1504 759
f 1991 1504 1613
f 9 1435 679
f 1613 650 1791
f 679 1991 1613
f 679 1613 9
f 1420 9 1613
f 39 1791 1998
f 39 1613 1791
f 1420 1613 39
f 1969 963 34
f 1969 822 963
f 1409 822 1969
f 1409 1886 822
f 1409 720 1886
f 1165 720 1409
f 1165 1133 720
f 973 1133 1165
f 963 1866 1197
f 963 822 1866
f 1785 963 1575
f 34 963 1785
f 963 1197 1575
f 822 567 1866
f 1886 567 822
f 720 567 1886
f 720 1620 567
f 1133 1620 720
f 1133 1500 1620
f 1197 1412 1575
f 1866 1412 1197
f 1866 1553 1412
f 567 1553 1866
f 936 1575 1412
f 1575 936 1236
f 1412 1596 936
f 1553 1596 1412
f 1620 1553 567
f 936 1513 1236
f 936 1596 1513
f 1500 1972 1620
f 1596 326 1513
f 1620 1972 1553
f 1596 1485 326
f 1972 1596 1553
f 1813 34 1635
f 1635 260 1813
f 1813 1969 34
f 32 1872 969
f 969 1770 1199
f 969 1872 1770
f 1485 1199 1770
f 1252 1199 828
f 969 1199 1252
f 1485 828 1199
f 1143 969 1252
f 1345 969 1143
f 1345 32 969
f 1143 1252 828
f 1345 1143 821
f 828 821 1143
f 828 1911 821
f 1345 821 910
f 1911 910 821
f 796 910 928
f 796 1345 910
f 910 210 928
f 1911 210 910
f 796 928 985
f 210 985 928
f 402 985 1117
f 402 796 985
f 210 1117 985
f 346 1117 210
f 1912 1871 32
f 1116 1871 1912
f 1912 32 1345
f 1345 796 1912
f 1883 1912 796
f 1116 1912 1883
f 1116 288 1871
f 28 288 1116
f 1998 288 28
f 226 1998 28
f 226 39 1998
f 55 1420 39
f 1596 286 1485
f 1972 286 1596
f 1485 1911 828
f 286 1911 1485
f 1911 346 210
f 1911 1856 346
f 286 1856 1911
f 409 402 1117
f 1117 1570 409
f 346 1570 1117
f 1786 409 1477
f 1786 402 409
f 1786 796 402
f 796 1786 1883
f 1570 1477 409
f 1666 1786 1477
f 1786 1087 1883
f 1477 1212 1666
f 1570 1212 1477
f 1371 1666 1136
f 1087 1666 1371
f 1087 1786 1666
f 1212 1136 1666
f 1517 1371 1136
f 1087 1371 1517
f 1136 1283 1517
f 1212 1283 1136
f 1853 1517 811
f 1853 1087 1517
f 1283 811 1517
f 1853 811 1232
f 1283 1232 811
f 1283 1697 1232
f 965 1232 767
f 965 1853 1232
f 1697 767 1232
f 1697 278 767
f 132 1116 1883
f 1824 1087 1853
f 1824 1883 1087
f 132 1883 1824
f 1116 168 28
f 168 1116 132
f 226 28 168
f 55 39 226
f 299 55 226
f 299 226 188
f 346 722 1570
f 1856 722 346
f 1570 722 1212
f 1856 1928 722
f 722 1283 1212
f 722 1697 1283
f 722 278 1697
f 1928 278 722
f 558 767 1380
f 558 965 767
f 558 1853 965
f 1824 1853 558
f 278 1380 767
f 558 1380 559
f 1380 1716 559
f 278 1716 1380
f 1452 559 454
f 1452 558 559
f 558 1452 1824
f 1716 454 559
f 1716 1374 454
f 1824 1452 351
f 351 454 1762
f 351 1452 454
f 1374 1762 454
f 1764 1824 351
f 1764 1762 330
f 1764 351 1762
f 1762 211 330
f 1374 211 1762
f 741 330 1450
f 741 1764 330
f 211 1450 330
f 211 834 1450
f 1905 741 306
f 306 1450 1249
f 306 741 1450
f 834 1249 1450
f 834 798 1249
f 1905 306 1505
f 1505 1249 957
f 1505 306 1249
f 798 957 1249
f 798 1823 957
f 230 132 1824
f 1905 1764 741
f 1905 1824 1764
f 230 1824 1905
f 230 168 132
f 144 168 230
f 144 226 168
f 188 226 144
f 1928 255 278
f 278 1374 1716
f 278 255 1374
f 1374 834 211
f 1374 1910 834
f 255 1910 1374
f 1910 798 834
f 1910 1823 798
f 1905 1505 343
f 343 957 981
f 343 1505 957
f 1823 981 957
f 1823 854 981
f 1905 343 1043
f 1043 981 1746
f 1043 343 981
f 854 1746 981
f 854 1015 1746
f 1043 1746 1942
f 1015 1942 1746
f 1015 699 1942
f 1113 1942 988
f 1113 1043 1942
f 699 988 1942
f 699 146 988
f 560 146 1292
f 560 988 146
f 1113 988 560
f 608 1292 953
f 608 560 1292
f 608 1113 560
f 683 1113 1497
f 1077 953 362
f 1077 608 953
f 1497 608 1077
f 1497 1113 608
f 765 1077 362
f 1497 1077 765
f 31 230 1905
f 1905 1043 1113
f 683 1905 1113
f 31 1905 683
f 144 230 31
f 116 144 31
f 116 188 144
f 182 188 116
f 113 188 182
f 1823 1015 854
f 1910 1015 1823
f 1910 518 1015
f 1015 518 699
f 518 146 699
f 518 1292 146
f 518 953 1292
f 518 362 953
f 518 301 362
f 683 1497 1201
f 897 765 634
f 1201 765 897
f 1201 1497 765
f 765 1849 634
f 395 897 634
f 1201 897 395
f 634 1849 395
f 784 683 1201
f 784 395 508
f 784 1201 395
f 1849 508 395
f 1218 508 1399
f 784 508 1218
f 1849 1399 508
f 946 1218 1399
f 1366 1218 946
f 1366 784 1218
f 1399 423 946
f 1139 946 423
f 870 946 1139
f 870 1366 946
f 1239 423 1275
f 1239 1139 423
f 870 1139 1239
f 1115 1275 690
f 1115 1239 1275
f 760 1239 1115
f 760 870 1239
f 60 31 683
f 238 784 1366
f 238 683 784
f 60 683 238
f 238 1366 870
f 238 870 760
f 156 60 238
f 116 31 60
f 80 116 60
f 80 60 156
f 80 182 116
f 182 104 264
f 104 182 80
f 362 1849 765
f 301 1849 362
f 301 1719 1849
f 1849 1719 1399
f 1719 423 1399
f 1719 1275 423
f 1719 1369 1275
f 1369 690 1275
f 384 1324 993
f 384 688 1324
f 384 993 681
f 384 681 1868
f 1510 384 1868
f 1510 1868 1041
f 1510 1041 513
f 862 1244 688
f 384 862 688
f 688 1244 1435
f 1324 688 1435
f 1868 681 1578
f 1041 1868 1578
f 1549 1510 513
f 1520 1549 1631
f 1520 1631 1351
f 218 1351 986
f 218 1520 1351
f 218 986 556
f 202 218 556
f 11 202 376
f 11 218 202
f 540 1351 1221
f 540 986 1351
f 1662 986 540
f 1662 556 986
f 654 556 1662
f 654 202 556
f 958 202 654
f 958 376 202
f 938 1549 513
f 99 1549 938
f 1631 99 1572
f 1631 1549 99
f 1351 1572 1221
f 1351 1631 1572
f 1008 1276 1509
f 1008 1509 453
f 1011 453 817
f 1011 1008 453
f 11 376 1526
f 11 1526 629
f 1276 11 629
f 1008 11 1276
f 1756 1008 1011
f 1603 376 958
f 1603 1526 376
f 1437 1526 1603
f 1437 629 1526
f 1109 629 1437
f 1776 629 1109
f 1776 1276 629
f 1509 1776 1312
f 1509 1276 1776
f 453 1509 1312
f 817 1312 316
f 817 453 1312
f 1306 817 316
f 1306 1011 817
f 639 1011 597
f 1862 639 1045
f 1862 1045 908
f 483 1862 908
f 1916 483 1164
f 1916 1862 483
f 1916 1164 1010
f 1756 1011 639
f 1862 1756 639
f 597 1306 1417
f 597 1011 1306
f 347 597 1417
f 347 639 597
f 1045 347 1962
f 1045 639 347
f 908 1045 1962
f 483 1962 450
f 483 908 1962
f 1164 450 868
f 1164 483 450
f 1010 868 1334
f 1010 1164 868
f 443 1010 1334
f 613 1010 443
f 613 1916 1010
f 613 443 968
f 1297 968 1094
f 1297 613 968
f 1068 1297 1094
f 1528 1297 1068
f 1528 1068 1217
f 1256 1217 1320
f 1256 1528 1217
f 354 1916 613
f 354 613 1297
f 1528 354 1297
f 1141 1528 1256
f 1987 862 384
f 1867 384 1510
f 1867 1987 384
f 1987 332 862
f 181 332 1987
f 47 1987 1867
f 47 224 1987
f 1520 1510 1549
f 1520 1867 1510
f 262 1867 1520
f 262 1520 218
f 262 218 11
f 1795 47 1867
f 265 1867 262
f 265 1795 1867
f 1934 265 262
f 1756 11 1008
f 1870 11 1756
f 1870 262 11
f 1761 1870 1756
f 584 1870 1761
f 1170 262 1870
f 1170 1934 262
f 1913 1170 1870
f 1913 1870 584
f 1761 1756 1862
f 1360 1761 1862
f 1360 1862 1916
f 1072 1761 1360
f 749 1072 1360
f 105 1761 1072
f 105 584 1761
f 198 105 1072
f 198 1072 749
f 1576 198 749
f 1058 1916 354
f 1058 1360 1916
f 1058 749 1360
f 1863 1528 1141
f 1863 354 1528
f 1771 1058 354
f 1771 354 1863
f 1739 1058 1771
f 1739 749 1058
f 1576 749 1739
f 1920 1324 1435
f 1920 993 1324
f 1280 993 1920
f 1280 681 993
f 1280 1578 681
f 1955 1578 1280
f 1160 1578 1955
f 1160 1041 1578
f 1160 513 1041
f 1920 1435 9
f 1420 1920 9
f 1280 1920 1420
f 24 1280 1420
f 24 1955 1280
f 24 1160 1955
f 1231 513 1160
f 1231 938 513
f 1231 99 938
f 185 99 1231
f 185 1572 99
f 1157 1572 185
f 1157 1221 1572
f 1550 1221 1157
f 1550 540 1221
f 474 540 1550
f 474 1662 540
f 474 654 1662
f 958 654 474
f 1550 1157 185
f 24 1231 1160
f 185 1231 24
f 153 474 1550
f 153 185 24
f 153 1550 185
f 1603 958 474
f 1109 1437 1603
f 1312 1776 1109
f 1603 474 153
f 1717 1109 1603
f 1717 1312 1109
f 1931 1312 1717
f 1931 316 1312
f 1717 1603 153
f 1931 1717 17
f 1417 1306 316
f 1962 347 1417
f 789 1334 868
f 1931 1417 316
f 36 1417 1931
f 36 1962 1417
f 36 450 1962
f 36 868 450
f 789 868 36
f 1495 789 36
f 968 443 1334
f 1343 1094 968
f 368 1094 1343
f 368 1068 1094
f 618 1068 368
f 618 1217 1068
f 618 1320 1217
f 789 968 1334
f 1343 968 789
f 368 1343 546
f 1093 368 546
f 1093 618 368
f 1915 618 1093
f 859 618 1915
f 859 1320 618
f 859 1256 1320
f 933 1256 859
f 933 1141 1256
f 546 1343 789
f 982 1093 546
f 1014 1093 982
f 1014 1915 1093
f 1619 1915 1014
f 1619 859 1915
f 1162 859 1619
f 1162 933 859
f 1027 546 789
f 1242 546 1027
f 1242 982 546
f 1242 1014 982
f 992 1619 1014
f 1162 1619 992
f 1027 789 1495
f 843 1027 19
f 843 1242 1027
f 412 1242 843
f 1854 1242 412
f 1854 1014 1242
f 992 1014 1854
f 19 1027 1495
f 457 843 19
f 1568 843 457
f 1568 412 843
f 1854 412 1568
f 582 457 19
f 582 1568 457
f 1626 1568 582
f 1626 1854 1568
f 1626 992 1854
f 1720 992 1626
f 1542 19 1495
f 1542 582 19
f 972 582 1542
f 1626 582 972
f 700 1771 1863
f 1422 1771 700
f 728 1739 1771
f 1196 1771 1422
f 1196 728 1771
f 1929 1739 728
f 1929 1576 1739
f 534 1576 1929
f 933 1863 1141
f 700 1863 933
f 498 728 1196
f 1248 728 498
f 1248 1929 728
f 1088 534 1929
f 1088 1929 1248
f 236 933 1162
f 236 700 933
f 236 1422 700
f 1551 1422 236
f 1551 1196 1422
f 498 1196 1551
f 1829 1088 1248
f 200 498 1551
f 200 1248 498
f 1829 1248 200
f 1720 1162 992
f 1720 236 1162
f 1720 1551 236
f 200 1551 1720
f 1960 24 1420
f 1960 1420 55
f 212 24 1960
f 212 153 24
f 153 212 235
f 235 1717 153
f 17 1717 235
f 128 17 235
f 36 1931 17
f 15 36 17
f 15 1495 36
f 1950 1495 15
f 1950 1161 1495
f 15 17 128
f 1161 1542 1495
f 712 1542 1161
f 1020 1542 712
f 1020 972 1542
f 703 972 1020
f 703 1626 972
f 1720 1626 703
f 375 712 1161
f 375 1020 712
f 703 1020 375
f 792 1720 703
f 1028 375 1161
f 543 375 1028
f 543 703 375
f 792 703 543
f 991 1161 1950
f 991 1028 1161
f 1056 1028 991
f 543 1028 1056
f 927 991 1950
f 927 1056 991
f 664 1056 927
f 664 543 1056
f 792 543 664
f 382 927 1950
f 664 927 382
f 138 792 664
f 432 1950 15
f 432 382 1950
f 852 382 432
f 1176 382 852
f 1176 664 382
f 138 664 1176
f 1945 432 15
f 1337 432 1945
f 1337 852 432
f 1176 852 1337
f 1936 1720 792
f 1936 200 1720
f 1936 792 138
f 1960 55 299
f 223 1960 299
f 223 212 1960
f 6 212 223
f 6 235 212
f 128 235 6
f 128 6 94
f 152 15 128
f 1537 1945 15
f 1414 1945 1537
f 1414 1337 1945
f 873 1337 1414
f 873 1176 1337
f 138 1176 873
f 864 1537 15
f 1702 1537 864
f 1702 1414 1537
f 873 1414 1702
f 1779 138 873
f 340 864 15
f 1223 864 340
f 1223 1702 864
f 595 1702 1223
f 595 873 1702
f 1779 873 595
f 152 340 15
f 1851 340 152
f 983 340 1851
f 983 1223 340
f 595 1223 983
f 602 983 1851
f 1767 983 602
f 1767 595 983
f 1779 595 1767
f 367 1851 152
f 1254 1851 367
f 1254 602 1851
f 470 602 1254
f 470 1767 602
f 1779 1767 470
f 770 367 152
f 1104 367 770
f 1104 1254 367
f 470 1254 1104
f 1887 1779 470
f 1755 770 152
f 485 770 1755
f 485 1104 770
f 696 1104 485
f 696 470 1104
f 1887 470 696
f 64 138 1779
f 64 1936 138
f 64 1779 1887
f 29 64 1887
f 8 223 299
f 188 8 299
f 259 6 223
f 259 223 8
f 94 6 259
f 152 128 298
f 298 128 94
f 575 1755 152
f 619 1755 575
f 619 485 1755
f 696 485 619
f 521 575 152
f 480 575 521
f 480 619 575
f 403 619 480
f 403 696 619
f 1887 696 403
f 812 152 298
f 812 521 152
f 655 521 812
f 655 480 521
f 403 480 655
f 114 812 298
f 771 812 114
f 771 655 812
f 623 655 771
f 623 403 655
f 1927 403 623
f 1927 1887 403
f 1106 114 298
f 879 114 1106
f 879 771 114
f 623 771 879
f 1037 1106 298
f 324 154 1037
f 154 1106 1037
f 154 879 1106
f 739 879 154
f 739 623 879
f 1927 623 739
f 324 1037 298
f 627 154 324
f 535 154 627
f 535 739 154
f 1927 739 535
f 272 324 298
f 1064 324 272
f 609 324 1064
f 609 627 324
f 535 627 609
f 29 1887 1927
f 1941 29 1927
f 188 113 8
f 16 259 8
f 16 8 113
f 35 94 259
f 35 259 16
f 1906 94 35
f 1906 298 94
f 272 298 1906
f 1691 609 1064
f 571 609 1691
f 571 535 609
f 95 535 571
f 95 1927 535
f 574 1064 272
f 574 1691 1064
f 1560 1691 574
f 1560 571 1691
f 1918 574 272
f 1432 574 1918
f 1432 1560 574
f 1019 1560 1432
f 1019 571 1560
f 95 571 1019
f 724 1918 272
f 1301 1918 724
f 1301 1432 1918
f 1301 1019 1432
f 1405 1019 1301
f 1405 95 1019
f 724 272 1906
f 1383 1301 724
f 1405 1301 1383
f 118 95 1405
f 1742 724 1906
f 1354 724 1742
f 1354 1383 724
f 1354 1405 1383
f 754 1405 1354
f 1735 1354 1742
f 754 1354 1735
f 118 1405 754
f 1340 1906 287
f 1340 1742 1906
f 1618 1742 1340
f 1618 1735 1742
f 816 1735 1618
f 816 754 1735
f 118 754 816
f 118 1927 95
f 1941 1927 118
f 1893 1941 118
f 264 113 182
f 16 113 264
f 140 16 264
f 187 35 16
f 187 16 140
f 287 35 187
f 287 1906 35
f 1943 287 187
f 538 1618 1340
f 297 1618 538
f 297 816 1618
f 807 816 297
f 807 118 816
f 943 1340 287
f 1642 1340 943
f 1642 538 1340
f 1642 297 538
f 807 297 1642
f 436 1642 943
f 807 1642 436
f 406 943 287
f 1235 943 406
f 1235 436 943
f 1529 436 1235
f 1529 807 436
f 284 807 1529
f 1474 406 287
f 1142 406 1474
f 1142 1235 406
f 536 1235 1142
f 536 1529 1235
f 284 1529 536
f 1341 1474 287
f 678 1474 1341
f 678 1142 1474
f 678 536 1142
f 1341 287 1943
f 1005 678 1341
f 979 678 1005
f 979 536 678
f 284 536 979
f 620 1341 1943
f 744 1341 620
f 744 1005 1341
f 735 1005 744
f 735 979 1005
f 735 284 979
f 284 118 807
f 1893 118 284
f 92 1893 284
f 1729 1095 257
f 820 1233 1095
f 820 1095 1729
f 820 1158 1233
f 1587 1158 820
f 809 1158 1587
f 257 1932 973
f 257 1095 1932
f 1095 1233 1932
f 1158 240 1233
f 809 1637 1158
f 1449 1637 809
f 1954 1816 1687
f 1760 1954 1687
f 1954 901 1816
f 1954 1729 901
f 901 257 1816
f 1729 257 901
f 1729 1587 820
f 1954 1587 1729
f 1514 1587 1954
f 682 809 1587
f 1514 682 1587
f 232 1514 1954
f 232 1954 1760
f 682 1449 809
f 748 1760 1811
f 135 748 1811
f 111 135 1811
f 222 135 111
f 1961 748 135
f 222 1961 135
f 170 232 1760
f 170 1760 748
f 1961 170 748
f 263 111 494
f 263 494 1990
f 1541 263 1990
f 263 1833 111
f 1833 222 111
f 1682 1833 263
f 1541 1682 263
f 1682 222 1833
f 231 1990 332
f 1583 231 332
f 181 1583 332
f 231 1541 1990
f 1885 1583 181
f 1777 1541 231
f 1583 1777 231
f 1777 1682 1541
f 1057 1777 1583
f 1592 1583 1885
f 1592 1057 1583
f 1514 948 682
f 232 948 1514
f 900 1449 682
f 948 900 682
f 1566 900 948
f 1737 948 232
f 1737 1566 948
f 1712 900 1566
f 1462 1737 232
f 1522 1462 232
f 802 1522 232
f 1277 1712 1566
f 1581 1566 1737
f 1581 1277 1566
f 583 1961 222
f 1621 170 1961
f 147 1621 1961
f 1629 147 1961
f 583 1629 1961
f 631 232 170
f 631 802 232
f 970 631 170
f 797 970 170
f 1621 797 170
f 583 484 1629
f 358 583 222
f 88 358 222
f 461 222 1682
f 461 88 222
f 1842 461 1682
f 1004 1842 1682
f 1814 1004 1682
f 1814 1682 1777
f 1092 1814 1777
f 1057 1092 1777
f 731 1133 973
f 1932 731 973
f 1233 731 1932
f 1233 769 731
f 1233 1475 769
f 240 1475 1233
f 1637 240 1158
f 731 1183 1133
f 769 1183 731
f 240 987 1475
f 1637 987 240
f 775 987 1637
f 775 1126 987
f 1183 1500 1133
f 769 523 1183
f 1475 523 769
f 1475 1156 523
f 987 1156 1475
f 523 1500 1183
f 987 1407 1156
f 1126 1407 987
f 523 1972 1500
f 1156 1407 523
f 1407 1972 523
f 1407 1026 1972
f 1449 775 1637
f 900 775 1449
f 900 718 775
f 1031 718 900
f 800 1031 900
f 1272 1787 718
f 1031 1272 718
f 775 669 1126
f 718 669 775
f 1787 669 718
f 1272 755 1787
f 1031 1976 1272
f 800 1976 1031
f 669 1407 1126
f 1787 486 669
f 1787 755 486
f 1272 833 755
f 1976 833 1272
f 669 1026 1407
f 486 1026 669
f 755 1573 486
f 755 1454 1573
f 833 1454 755
f 833 975 1454
f 1976 975 833
f 486 1421 1026
f 1573 1421 486
f 1454 803 1573
f 975 803 1454
f 586 1617 1421
f 1573 586 1421
f 803 586 1573
f 803 1243 586
f 975 1243 803
f 1421 3 1026
f 1421 1617 3
f 586 644 1617
f 1243 644 586
f 1243 1049 644
f 975 1049 1243
f 1712 800 900
f 1023 800 1712
f 835 1023 1712
f 1277 835 1712
f 1737 1494 1581
f 1462 1494 1737
f 1462 577 1494
f 1522 577 1462
f 1522 335 577
f 802 335 1522
f 674 835 1277
f 1581 674 1277
f 577 1003 1494
f 335 1003 577
f 802 1003 335
f 802 1633 1003
f 674 1023 835
f 1581 1494 674
f 1023 1976 800
f 1023 1797 1976
f 674 1797 1023
f 1494 1003 674
f 674 1947 1797
f 1003 1947 674
f 1797 975 1976
f 1947 975 1797
f 1633 1947 1003
f 460 1049 975
f 1947 460 975
f 697 631 970
f 797 697 970
f 1002 797 1621
f 925 1621 147
f 925 1002 1621
f 799 147 1629
f 799 925 147
f 484 799 1629
f 631 1633 802
f 697 1633 631
f 697 732 1633
f 797 732 697
f 1002 732 797
f 1002 72 732
f 925 72 1002
f 799 72 925
f 799 1999 72
f 484 1999 799
f 583 1999 484
f 583 373 1999
f 373 93 1999
f 1814 396 1004
f 358 1074 583
f 1000 1074 358
f 1555 358 88
f 1555 1000 358
f 1038 88 461
f 1038 1555 88
f 676 461 1842
f 676 1038 461
f 956 676 1842
f 1004 956 1842
f 1074 373 583
f 1000 373 1074
f 1004 893 956
f 396 893 1004
f 1000 93 373
f 1555 93 1000
f 1038 93 1555
f 676 93 1038
f 956 93 676
f 956 893 93
f 1685 396 1814
f 1909 1685 1814
f 1214 1814 1092
f 1214 1909 1814
f 476 1214 1092
f 1152 1092 1057
f 1152 476 1092
f 1069 1152 1057
f 1356 1057 1592
f 1356 1069 1057
f 203 1356 1592
f 66 396 1685
f 842 1685 1909
f 842 66 1685
f 1214 842 1909
f 1051 1152 1069
f 1356 1051 1069
f 203 1461 1356
f 203 603 1461
f 66 893 396
f 1214 1873 842
f 476 1873 1214
f 1152 1873 476
f 1356 1461 1051
f 1051 1461 1152
f 842 893 66
f 1461 1873 1152
f 842 1873 893
f 603 1949 1461
f 1026 3 1972
f 3 1368 1972
f 1368 286 1972
f 1368 1857 286
f 1857 1608 286
f 1608 1856 286
f 644 1082 1617
f 1049 1082 644
f 1617 1368 3
f 1617 1376 1368
f 1082 1376 1617
f 1082 336 1376
f 1082 980 336
f 1049 980 1082
f 1376 1857 1368
f 1376 1724 1857
f 1376 1728 1724
f 336 1728 1376
f 980 1728 336
f 980 1241 1728
f 1728 1255 1724
f 1241 1255 1728
f 1241 924 1255
f 1724 1203 1857
f 1724 1641 1203
f 1255 1641 1724
f 924 1641 1255
f 924 475 1641
f 1203 1608 1857
f 1641 502 1203
f 1641 1229 502
f 475 1229 1641
f 475 1001 1229
f 1203 1968 1608
f 502 1968 1203
f 1229 863 502
f 1001 863 1229
f 460 980 1049
f 460 1614 980
f 1614 1241 980
f 1614 924 1241
f 1614 475 924
f 1614 227 475
f 1614 189 227
f 227 1001 475
f 227 274 1001
f 1633 460 1947
f 732 460 1633
f 460 189 1614
f 732 189 460
f 72 189 732
f 1999 189 72
f 1999 387 189
f 93 387 1999
f 893 387 93
f 1873 387 893
f 1949 120 1461
f 1873 225 387
f 1461 225 1873
f 120 225 1461
f 1608 1928 1856
f 1608 1896 1928
f 277 1896 1608
f 502 303 1968
f 863 303 502
f 863 1805 303
f 1001 1805 863
f 1001 274 1805
f 1968 277 1608
f 303 277 1968
f 303 1393 277
f 1805 1393 303
f 1805 665 1393
f 274 665 1805
f 1393 806 277
f 665 806 1393
f 665 1917 806
f 274 1917 665
f 806 1330 277
f 806 1268 1330
f 1917 1268 806
f 274 1268 1917
f 274 1653 1268
f 277 1330 1896
f 1268 1250 1330
f 1653 1250 1268
f 1330 710 1896
f 1250 710 1330
f 1250 990 710
f 1653 990 1250
f 990 605 710
f 1653 605 990
f 710 1067 1896
f 605 1067 710
f 605 1538 1067
f 605 59 1538
f 1653 59 605
f 1653 1996 59
f 227 150 274
f 189 150 227
f 150 1653 274
f 150 20 1653
f 189 20 150
f 239 20 189
f 20 1996 1653
f 387 239 189
f 387 204 239
f 225 85 387
f 1896 255 1928
f 1896 1938 255
f 1938 1910 255
f 1938 1930 1910
f 1538 491 1067
f 59 491 1538
f 59 815 491
f 59 947 815
f 1996 947 59
f 1067 1938 1896
f 1067 1293 1938
f 491 1293 1067
f 491 785 1293
f 815 785 491
f 947 785 815
f 785 885 1293
f 947 885 785
f 1293 1569 1938
f 885 1569 1293
f 885 687 1569
f 947 687 885
f 947 1738 687
f 1996 1738 947
f 687 1364 1569
f 1738 1364 687
f 1569 660 1938
f 1364 660 1569
f 1364 880 660
f 1364 931 880
f 1738 931 1364
f 660 1930 1938
f 880 314 660
f 931 314 880
f 931 881 314
f 1738 881 931
f 1738 1881 881
f 660 1166 1930
f 314 1166 660
f 314 581 1166
f 881 581 314
f 881 1443 581
f 1881 1443 881
f 20 1738 1996
f 239 204 20
f 20 27 1738
f 204 27 20
f 1738 27 1881
f 85 186 387
f 186 204 387
f 186 46 204
f 85 58 186
f 1930 518 1910
f 1930 242 518
f 242 301 518
f 242 1521 301
f 581 547 1166
f 1443 547 581
f 1443 1105 547
f 1881 1105 1443
f 1166 495 1930
f 547 495 1166
f 547 750 495
f 1105 750 547
f 1105 919 750
f 1881 919 1105
f 1881 349 919
f 750 1888 495
f 919 1888 750
f 919 434 1888
f 349 434 919
f 495 242 1930
f 1888 1189 495
f 434 1189 1888
f 434 565 1189
f 349 565 434
f 349 1882 565
f 495 626 242
f 495 1159 626
f 1189 1159 495
f 565 1159 1189
f 565 1377 1159
f 1882 1377 565
f 1159 310 626
f 1377 310 1159
f 1377 633 310
f 1882 633 1377
f 310 1208 626
f 310 1346 1208
f 633 1346 310
f 633 1128 1346
f 1882 1128 633
f 626 1521 242
f 626 1097 1521
f 1208 1097 626
f 1208 124 1097
f 1346 124 1208
f 1346 961 124
f 1128 961 1346
f 27 349 1881
f 27 1882 349
f 27 273 1882
f 1882 273 1128
f 204 46 27
f 46 273 27
f 46 164 273
f 186 243 46
f 243 164 46
f 58 243 186
f 58 37 243
f 1521 275 301
f 275 1719 301
f 275 1369 1719
f 275 1850 1369
f 124 1032 1097
f 961 1032 124
f 961 945 1032
f 1128 945 961
f 1032 951 1097
f 945 951 1032
f 945 954 951
f 945 630 954
f 1128 630 945
f 1521 884 275
f 1097 884 1521
f 951 884 1097
f 951 420 884
f 954 420 951
f 630 420 954
f 630 1695 420
f 1128 1695 630
f 420 670 884
f 420 1205 670
f 1695 1205 420
f 670 1713 884
f 1205 1713 670
f 1205 836 1713
f 1695 836 1205
f 1695 1993 836
f 884 1545 275
f 1713 1545 884
f 1713 459 1545
f 836 459 1713
f 836 714 459
f 1993 714 836
f 1545 1850 275
f 459 463 1545
f 714 463 459
f 714 1086 463
f 1993 1086 714
f 463 737 1545
f 1086 737 463
f 1086 553 737
f 1993 553 1086
f 1993 1843 553
f 273 1695 1128
f 273 1993 1695
f 273 1843 1993
f 273 51 1843
f 164 51 273
f 164 176 51
f 243 176 164
f 37 18 243
f 243 18 176
f 224 181 1987
f 1885 181 224
f 1919 224 47
f 1919 1885 224
f 1795 1919 47
f 1837 1795 265
f 430 1837 265
f 601 265 1934
f 601 430 265
f 1837 1919 1795
f 1525 1170 1913
f 1525 1934 1170
f 1525 601 1934
f 1234 601 1525
f 1234 1502 601
f 198 584 105
f 198 1913 584
f 1525 1913 198
f 1030 1592 1885
f 1460 1030 1885
f 1665 1885 1919
f 1665 1460 1885
f 1149 1919 1837
f 1149 350 1919
f 1649 1234 1525
f 1431 1649 1525
f 1845 1525 198
f 1838 1845 198
f 1845 1706 1525
f 1706 1431 1525
f 1838 1190 1845
f 1190 1903 1845
f 534 198 1576
f 656 534 1088
f 496 534 656
f 534 1838 198
f 1193 534 496
f 1445 1838 534
f 1536 534 1193
f 1536 1445 534
f 656 1088 1829
f 1594 496 656
f 1193 496 1594
f 1902 1193 1594
f 334 1193 1902
f 334 1536 1193
f 339 1445 1536
f 339 1536 334
f 757 1445 339
f 1083 1838 1445
f 1083 778 1838
f 940 1083 1445
f 866 1445 757
f 866 940 1445
f 825 1190 1838
f 778 825 1838
f 1396 778 1083
f 940 1396 1083
f 1483 656 1829
f 1483 1594 656
f 1902 1594 1483
f 1237 339 334
f 952 339 1237
f 952 757 339
f 952 866 757
f 778 1668 825
f 1396 1668 778
f 1483 1829 200
f 445 1902 1483
f 445 334 1902
f 445 1237 334
f 1889 1237 445
f 1889 952 1237
f 952 646 866
f 952 318 646
f 318 952 1889
f 1396 1523 1668
f 940 1523 1396
f 940 646 1523
f 866 646 940
f 1404 1889 445
f 318 1307 646
f 1307 1889 1404
f 1307 318 1889
f 747 1307 1404
f 646 487 1523
f 646 867 487
f 1307 867 646
f 867 1307 747
f 1114 445 1483
f 1114 1404 445
f 1021 1404 1114
f 1021 747 1404
f 867 1021 487
f 1021 867 747
f 1919 672 1665
f 350 672 1919
f 672 408 1665
f 1261 672 350
f 1103 1592 1030
f 1103 203 1592
f 1310 1030 1460
f 1310 1103 1030
f 671 1310 1460
f 888 1460 1665
f 888 671 1460
f 408 888 1665
f 588 1261 350
f 1103 603 203
f 1103 851 603
f 1310 851 1103
f 408 1846 888
f 672 1846 408
f 672 1647 1846
f 1261 1647 672
f 588 1647 1261
f 1310 1949 851
f 671 1949 1310
f 888 1949 671
f 888 1846 1949
f 588 1926 1647
f 851 1949 603
f 1647 1949 1846
f 1647 1926 1949
f 1125 1149 1837
f 311 1837 430
f 311 1125 1837
f 780 311 430
f 1107 430 601
f 1107 780 430
f 530 1107 601
f 1055 350 1149
f 1055 588 350
f 996 1055 1149
f 1206 1149 1125
f 1206 996 1149
f 1036 1206 1125
f 311 1036 1125
f 1055 1926 588
f 996 1926 1055
f 1206 1926 996
f 311 1876 1036
f 780 1876 311
f 1107 1876 780
f 1107 889 1876
f 530 889 1107
f 1036 1926 1206
f 1036 1876 1926
f 889 161 1876
f 1876 1855 1926
f 1876 161 1855
f 1898 1502 1234
f 1540 1234 1649
f 1502 530 601
f 1898 1836 1502
f 1502 573 530
f 1836 573 1502
f 1234 478 1898
f 1234 1661 478
f 1540 1661 1234
f 606 1649 1431
f 1894 1661 1540
f 1060 1540 1649
f 1060 1894 1540
f 606 1060 1649
f 573 889 530
f 1836 1401 573
f 1898 1401 1836
f 478 1401 1898
f 1661 1894 478
f 573 1401 889
f 1894 1401 478
f 1060 1397 1894
f 606 1397 1060
f 1401 161 889
f 1894 1397 1401
f 1401 10 161
f 1397 10 1401
f 1397 1173 10
f 989 1706 1845
f 1671 989 1845
f 1671 1845 1903
f 253 1431 1706
f 989 253 1706
f 734 606 1431
f 1258 1431 253
f 1258 734 1431
f 716 1671 1903
f 825 1903 1190
f 825 716 1903
f 989 1769 253
f 989 1671 1769
f 1258 253 1769
f 825 1147 716
f 1671 1995 1769
f 1995 1671 716
f 734 1397 606
f 734 1202 1397
f 1258 1202 734
f 1258 1769 1202
f 1995 158 1769
f 1995 716 1147
f 1769 158 1202
f 158 1173 1202
f 1173 1397 1202
f 1995 1859 158
f 1147 1859 1995
f 1147 112 1859
f 158 1782 1173
f 158 1859 1782
f 825 1668 1147
f 1668 1523 1147
f 1523 112 1147
f 1523 487 112
f 911 1021 1114
f 1021 1191 487
f 1021 911 1191
f 1936 1483 200
f 1936 1114 1483
f 552 911 1114
f 911 1643 1191
f 1643 911 552
f 1511 1114 1936
f 1511 552 1114
f 1643 846 1191
f 1643 1355 846
f 1355 552 1511
f 1355 1643 552
f 1355 1124 846
f 1124 1355 1511
f 364 1124 1511
f 364 1511 1936
f 1089 364 1936
f 1089 1349 364
f 1926 120 1949
f 1926 1855 120
f 10 281 161
f 161 281 1855
f 207 281 10
f 1173 1782 10
f 1859 107 1782
f 112 107 1859
f 107 207 1782
f 112 261 107
f 1782 207 10
f 107 1225 207
f 261 1225 107
f 261 1734 1225
f 1225 1981 207
f 1225 192 1981
f 1734 192 1225
f 487 1191 112
f 1191 261 112
f 1191 846 261
f 1734 261 846
f 392 846 1124
f 1734 846 392
f 392 1796 1489
f 1796 1124 364
f 1796 392 1124
f 1734 392 1489
f 1796 1349 1489
f 1349 1796 364
f 1349 469 1489
f 1349 1066 469
f 1066 1349 1089
f 1489 1375 1734
f 1489 469 1375
f 1066 426 469
f 426 1066 1089
f 1734 1375 192
f 464 1089 1936
f 64 464 1936
f 1245 464 64
f 1138 464 1245
f 1138 838 464
f 296 1245 64
f 1636 1245 296
f 1636 452 1245
f 300 225 120
f 300 229 225
f 1855 300 120
f 281 300 1855
f 281 44 300
f 207 1981 281
f 192 270 1981
f 192 1937 270
f 1981 270 281
f 270 44 281
f 1937 220 270
f 426 456 469
f 456 1089 464
f 456 426 1089
f 469 456 1375
f 743 456 464
f 456 1807 1375
f 456 743 1807
f 838 743 464
f 743 1705 1807
f 1705 743 838
f 1375 1807 192
f 1705 1098 1807
f 1098 838 1138
f 1098 1705 838
f 1807 1937 192
f 1379 1138 1245
f 1098 857 1807
f 1098 1379 857
f 1379 1098 1138
f 1807 857 1937
f 746 1379 1245
f 1379 1459 857
f 1379 746 1459
f 857 1459 1937
f 452 746 1245
f 746 706 1459
f 746 625 706
f 625 746 452
f 1459 160 1937
f 1459 1674 160
f 1674 1459 706
f 706 666 1674
f 625 666 706
f 625 1145 666
f 1145 452 1636
f 1145 625 452
f 1937 160 220
f 296 64 29
f 38 296 29
f 615 296 38
f 1781 38 29
f 217 38 1781
f 1781 29 1941
f 225 229 85
f 229 58 85
f 300 30 229
f 44 30 300
f 30 247 229
f 270 220 44
f 220 30 44
f 220 1747 149
f 220 163 30
f 220 149 67
f 220 67 163
f 675 1636 296
f 666 388 1674
f 1145 388 666
f 1145 612 388
f 612 1636 675
f 612 1145 1636
f 388 414 1674
f 612 414 388
f 612 1425 414
f 1425 612 675
f 1674 414 160
f 615 675 296
f 1425 1373 414
f 1425 341 1373
f 341 675 615
f 341 1425 675
f 160 1747 220
f 414 1747 160
f 414 1373 1747
f 341 1820 1373
f 341 643 1820
f 643 341 615
f 1373 1820 1747
f 1722 615 38
f 643 680 1820
f 643 994 680
f 994 615 1722
f 994 643 615
f 1820 680 1747
f 994 1175 680
f 1175 994 1722
f 1747 1332 149
f 680 1332 1747
f 680 1175 1332
f 217 1722 38
f 819 1722 217
f 819 1175 1722
f 1175 819 1332
f 393 217 1781
f 819 1052 447
f 1052 217 393
f 1052 819 217
f 819 447 1332
f 653 1781 1941
f 648 653 1941
f 1319 648 1941
f 1893 1319 1941
f 379 1319 1893
f 229 102 58
f 58 102 37
f 247 102 229
f 247 282 102
f 163 247 30
f 1227 1973 67
f 67 1973 163
f 1052 878 447
f 878 1052 393
f 1332 686 149
f 447 686 1332
f 447 878 686
f 653 393 1781
f 641 393 653
f 641 878 393
f 149 686 67
f 878 641 686
f 472 641 653
f 686 1715 67
f 641 1715 686
f 641 472 1715
f 1582 653 648
f 1582 472 653
f 472 1582 1715
f 1171 1582 648
f 1715 1227 67
f 1582 1227 1715
f 1582 1171 1227
f 1195 648 1319
f 1195 1171 648
f 1171 788 1227
f 788 1171 1195
f 91 1195 1319
f 788 658 1227
f 658 1195 91
f 658 788 1195
f 617 1319 379
f 617 91 1319
f 1227 1983 1973
f 658 1983 1227
f 658 617 1983
f 617 658 91
f 1427 379 1893
f 1651 1893 92
f 1651 1427 1893
f 1253 1651 92
f 102 117 37
f 37 117 18
f 102 282 117
f 282 283 117
f 163 282 247
f 163 62 282
f 62 26 282
f 282 26 283
f 1973 62 163
f 172 62 1973
f 763 617 379
f 617 572 1983
f 572 617 763
f 520 763 379
f 1983 1269 1973
f 572 1269 1983
f 572 874 1269
f 874 763 520
f 874 572 763
f 1427 520 379
f 955 520 1427
f 874 955 1269
f 955 874 520
f 962 955 1427
f 955 962 1269
f 1108 1427 1651
f 1108 962 1427
f 1269 172 1973
f 1269 818 172
f 962 818 1269
f 962 1108 818
f 580 1108 1651
f 818 580 172
f 1108 580 818
f 522 580 1651
f 580 570 172
f 570 580 522
f 1253 522 1651
f 645 522 1253
f 570 645 172
f 645 570 522
f 348 1115 690
f 760 1115 348
f 690 1698 348
f 493 348 489
f 493 760 348
f 1698 489 348
f 183 489 1304
f 183 493 489
f 1698 1304 489
f 544 1304 624
f 183 1304 544
f 1698 624 1304
f 1146 544 624
f 804 544 1146
f 804 183 544
f 624 1730 1146
f 506 1146 930
f 804 1146 506
f 1730 930 1146
f 667 506 930
f 1634 506 667
f 1634 804 506
f 1730 667 930
f 1634 667 319
f 667 721 319
f 1730 721 667
f 238 760 493
f 238 493 183
f 804 238 183
f 65 238 804
f 156 238 65
f 65 804 1634
f 206 80 156
f 206 156 208
f 208 156 65
f 201 80 206
f 201 104 80
f 1369 1698 690
f 1698 1730 624
f 1369 1730 1698
f 1369 279 1730
f 366 319 1047
f 366 1634 319
f 721 1047 319
f 1220 1047 652
f 1220 366 1047
f 721 652 1047
f 721 1864 652
f 1042 652 853
f 841 652 1042
f 841 1220 652
f 1864 853 652
f 1802 1042 853
f 841 1042 1802
f 853 1358 1802
f 1864 1358 853
f 438 1802 1684
f 438 841 1802
f 1358 1684 1802
f 466 1684 1507
f 438 1684 466
f 1358 1507 1684
f 1358 1226 1507
f 554 466 1507
f 1078 466 554
f 1078 438 466
f 1226 554 1507
f 1219 554 1119
f 598 554 1219
f 598 1078 554
f 1226 1119 554
f 65 1634 366
f 65 366 1220
f 65 1220 841
f 438 65 841
f 57 208 65
f 196 438 1078
f 196 65 438
f 57 65 196
f 196 1078 598
f 201 206 294
f 294 206 208
f 294 208 57
f 52 201 294
f 1730 1864 721
f 279 1864 1730
f 1864 1226 1358
f 279 1226 1864
f 279 304 1226
f 1658 1219 1119
f 1135 1219 1658
f 1135 598 1219
f 1226 1658 1119
f 1226 1085 1658
f 390 1658 1352
f 390 1135 1658
f 1085 1352 1658
f 390 1352 143
f 1352 637 143
f 1085 637 1352
f 1085 1946 637
f 914 143 637
f 1151 143 914
f 1151 390 143
f 1740 914 308
f 1740 1151 914
f 417 914 637
f 914 417 308
f 1946 417 637
f 1946 1772 417
f 1740 308 352
f 417 352 308
f 417 592 352
f 1772 592 417
f 1711 352 568
f 1711 1740 352
f 592 568 352
f 1772 568 592
f 1772 756 568
f 1711 568 374
f 756 374 568
f 196 598 1135
f 196 1135 390
f 196 390 1151
f 196 1151 1740
f 23 57 196
f 1711 196 1740
f 79 196 1711
f 23 196 79
f 1948 294 57
f 1948 57 23
f 1948 52 294
f 119 52 1948
f 119 13 52
f 304 1085 1226
f 304 1946 1085
f 304 1772 1946
f 304 756 1772
f 79 1711 1411
f 1411 374 1826
f 1411 1711 374
f 756 1826 374
f 756 569 1826
f 1411 1826 801
f 569 801 1826
f 751 1411 801
f 801 1327 751
f 569 1327 801
f 569 1565 1327
f 1246 751 561
f 1246 1411 751
f 1411 1246 79
f 1327 561 751
f 1565 561 1327
f 1246 561 898
f 1565 898 561
f 1547 898 429
f 1547 1246 898
f 1246 1963 79
f 1246 1547 1963
f 898 578 429
f 1565 578 898
f 1547 429 719
f 578 719 429
f 578 512 719
f 1270 719 431
f 1270 1547 719
f 1963 1547 1270
f 512 431 719
f 512 322 431
f 1963 23 79
f 87 23 1963
f 1956 23 87
f 1956 1948 23
f 119 1948 1956
f 756 1267 569
f 304 1267 756
f 569 1267 1565
f 1565 1815 578
f 1267 1815 1565
f 1267 1090 1815
f 1815 512 578
f 1815 322 512
f 1270 431 1007
f 322 1007 431
f 322 1210 1007
f 325 1007 1436
f 325 1270 1007
f 1736 1270 325
f 1736 1963 1270
f 1210 1436 1007
f 1210 1168 1436
f 444 325 1436
f 1736 325 444
f 1168 444 1436
f 1168 1338 444
f 1736 444 1174
f 1338 1174 444
f 141 1174 1224
f 141 1736 1174
f 421 1736 141
f 1338 1224 1174
f 1338 451 1224
f 141 1224 1326
f 1224 541 1326
f 451 541 1224
f 141 1326 1209
f 1209 1326 541
f 451 1209 541
f 451 1287 1209
f 1121 141 1209
f 1121 1209 1748
f 1287 1748 1209
f 421 1963 1736
f 87 1963 421
f 525 87 421
f 100 87 525
f 100 525 1609
f 525 421 141
f 137 1956 87
f 137 87 100
f 167 1956 137
f 280 1956 167
f 280 119 1956
f 1986 119 280
f 290 1986 280
f 1815 1210 322
f 1815 1090 1210
f 1090 1168 1210
f 1090 1338 1168
f 1090 1831 1338
f 1090 215 1831
f 1831 451 1338
f 1831 1153 451
f 215 1153 1831
f 1153 1287 451
f 215 48 1153
f 1415 1121 752
f 1415 141 1121
f 752 1748 1430
f 752 1121 1748
f 1287 1430 1748
f 419 1430 1294
f 419 752 1430
f 1415 752 419
f 1630 1294 1179
f 1630 419 1294
f 1415 419 1630
f 616 1630 1150
f 616 1415 1630
f 1179 1150 1630
f 1670 1150 56
f 1670 616 1150
f 1670 56 713
f 533 616 1670
f 967 616 533
f 56 442 713
f 313 713 1134
f 313 1670 713
f 533 1670 313
f 442 1134 713
f 442 1392 1134
f 1718 1134 1561
f 1718 313 1134
f 1048 313 1718
f 1048 533 313
f 1265 533 1048
f 1265 967 533
f 1392 1561 1134
f 525 141 1415
f 14 100 1609
f 1609 525 1415
f 307 1415 616
f 307 1609 1415
f 307 616 967
f 1486 1609 307
f 1486 14 1609
f 642 14 1486
f 642 1486 1610
f 1264 307 967
f 998 307 1264
f 876 307 998
f 876 1486 307
f 416 1486 876
f 1610 1486 416
f 1264 967 1265
f 591 998 1264
f 133 137 100
f 1688 100 14
f 587 100 1688
f 587 133 100
f 585 14 642
f 585 1688 14
f 1204 133 587
f 1204 587 1062
f 585 524 1688
f 524 427 1688
f 427 587 1688
f 427 1062 587
f 1062 1669 1204
f 1669 1194 1204
f 167 137 133
f 323 167 133
f 1110 167 323
f 69 167 1110
f 323 133 1204
f 510 1110 323
f 1194 323 1204
f 2 323 1194
f 510 323 2
f 886 1110 510
f 1230 1110 886
f 1130 1110 1230
f 1130 69 1110
f 1185 69 1130
f 285 167 69
f 285 280 167
f 290 280 285
f 1468 290 285
f 1033 290 1468
f 1774 290 1033
f 285 69 1365
f 1365 69 1185
f 504 285 1365
f 1303 285 504
f 1468 285 1303
f 492 1287 1153
f 1287 492 1430
f 1153 48 492
f 215 162 48
f 1430 492 1294
f 492 1179 1294
f 48 1726 492
f 162 1726 48
f 492 1150 1179
f 1589 492 1726
f 492 56 1150
f 492 944 56
f 1589 944 492
f 162 1654 1726
f 944 442 56
f 1726 941 1589
f 1726 1654 941
f 1392 442 944
f 944 401 1392
f 1589 401 944
f 1589 941 401
f 1654 1289 941
f 1392 1075 1561
f 401 1075 1392
f 1654 1302 1289
f 1654 1386 1302
f 1048 1627 1265
f 1783 1610 416
f 1783 642 1610
f 926 1264 1265
f 591 1264 926
f 42 876 998
f 1627 926 1265
f 926 1679 591
f 1679 998 591
f 1679 42 998
f 42 1925 876
f 1925 416 876
f 1925 1783 416
f 1925 1282 1783
f 934 642 1783
f 934 585 642
f 524 585 934
f 934 333 524
f 333 427 524
f 333 826 427
f 826 1062 427
f 826 1669 1062
f 826 1958 1669
f 1958 1194 1669
f 1282 934 1783
f 1282 1676 934
f 1676 333 934
f 371 510 2
f 1721 510 371
f 886 510 1721
f 1721 1908 886
f 1908 1230 886
f 1908 1130 1230
f 1908 783 1130
f 783 1185 1130
f 1958 1768 1194
f 1768 2 1194
f 1768 371 2
f 1768 1794 371
f 1794 1721 371
f 1794 1908 1721
f 1723 1908 1794
f 783 1908 1723
f 1723 1403 783
f 1363 1365 1185
f 504 1365 1363
f 1046 1468 1303
f 805 1468 1046
f 805 1033 1468
f 355 1033 805
f 355 1774 1033
f 783 1363 1185
f 1363 845 504
f 845 1303 504
f 845 244 1303
f 244 1046 1303
f 244 1616 1046
f 1616 1266 1046
f 1266 805 1046
f 1266 1296 805
f 1296 355 805
f 783 1403 1363
f 1403 845 1363
f 1065 355 1296
f 1403 813 845
f 813 244 845
f 813 1616 244
f 813 832 1616
f 832 1266 1616
f 832 1296 1266
f 832 1865 1296
f 1865 1065 1296
f 1075 1718 1561
f 1075 579 1718
f 579 1048 1718
f 579 1627 1048
f 401 649 1075
f 649 579 1075
f 579 1342 1627
f 401 1657 649
f 1657 1539 649
f 1539 579 649
f 1539 1342 579
f 941 1657 401
f 941 526 1657
f 526 1539 1657
f 941 1693 526
f 1693 1539 526
f 1289 1693 941
f 1693 462 1539
f 462 1342 1539
f 1289 1016 1693
f 1016 462 1693
f 1302 1016 1289
f 1302 1498 1016
f 1498 462 1016
f 1386 1498 1302
f 1386 1178 1498
f 1178 462 1498
f 1627 1679 926
f 1584 1679 1627
f 1679 1725 42
f 1725 1925 42
f 1584 1627 1342
f 1584 1725 1679
f 1725 1282 1925
f 1725 289 1282
f 1342 361 1584
f 361 1725 1584
f 361 289 1725
f 462 361 1342
f 1178 361 462
f 1676 1672 333
f 1672 826 333
f 1672 1563 826
f 1563 1958 826
f 289 1676 1282
f 289 1672 1676
f 289 74 1672
f 74 1563 1672
f 361 74 289
f 1563 1768 1958
f 1704 1794 1768
f 1704 1723 1794
f 1892 1403 1723
f 1563 1704 1768
f 1704 1892 1723
f 74 1704 1563
f 1704 321 1892
f 1758 1704 74
f 1758 321 1704
f 1758 890 321
f 1892 813 1403
f 1892 321 813
f 321 832 813
f 134 1865 832
f 321 134 832
f 96 134 321
f 130 264 104
f 130 104 201
f 140 264 130
f 127 140 130
f 169 187 140
f 169 140 127
f 169 1943 187
f 249 1943 169
f 738 744 620
f 738 735 744
f 869 620 1943
f 404 620 869
f 404 738 620
f 1778 738 404
f 1778 735 738
f 1978 735 1778
f 467 404 869
f 1778 404 467
f 1590 869 1943
f 1766 869 1590
f 1766 467 869
f 1835 467 1766
f 1835 1778 467
f 1978 1778 1835
f 1544 1766 1590
f 1456 1766 1544
f 1456 1835 1766
f 1978 1835 1456
f 999 1590 1943
f 1180 1590 999
f 1180 1544 1590
f 1456 1544 1180
f 458 1943 249
f 458 999 1943
f 528 999 458
f 528 1180 999
f 1317 1180 528
f 1317 1456 1180
f 844 458 249
f 519 458 844
f 519 528 458
f 1317 528 519
f 1978 284 735
f 1978 92 284
f 228 92 1978
f 1348 1456 1317
f 1348 1978 1456
f 228 1978 1348
f 268 228 1348
f 52 130 201
f 76 130 52
f 76 127 130
f 166 169 127
f 237 127 76
f 166 127 237
f 249 169 166
f 1988 249 166
f 663 249 1988
f 729 844 249
f 1997 844 729
f 1997 519 844
f 939 519 1997
f 939 1317 519
f 1213 1997 729
f 190 1997 1213
f 190 939 1997
f 596 729 249
f 1081 729 596
f 1081 1213 729
f 190 1213 1081
f 777 596 249
f 1519 596 777
f 1519 1081 596
f 1402 1081 1519
f 1402 190 1081
f 663 777 249
f 500 777 663
f 509 777 500
f 509 1519 777
f 1288 1519 509
f 1288 1402 1519
f 1418 500 663
f 1645 500 1418
f 1645 509 500
f 1288 509 1645
f 1464 1418 663
f 1053 1418 1464
f 1053 1645 1418
f 1463 1645 1053
f 1463 1288 1645
f 1518 1464 663
f 693 1464 1518
f 693 1053 1464
f 1463 1053 693
f 1348 1317 939
f 1348 939 190
f 1348 190 1402
f 1348 1402 1288
f 1899 1348 1288
f 268 1348 1899
f 1899 1288 1463
f 1890 268 1899
f 13 76 52
f 237 76 122
f 122 76 13
f 1988 166 237
f 12 1988 237
f 293 663 1988
f 1798 293 1988
f 891 293 1798
f 1798 1988 12
f 1200 663 293
f 1200 1518 663
f 1692 1518 1200
f 1692 693 1518
f 1692 1463 693
f 1499 1463 1692
f 1532 1200 293
f 1017 1200 1532
f 1017 1692 1200
f 1499 1692 1017
f 794 1532 293
f 1678 1532 794
f 1678 1017 1532
f 1499 1017 1678
f 1646 794 293
f 312 794 1646
f 312 1678 794
f 1628 1678 312
f 1628 1499 1678
f 1290 1646 293
f 165 1646 1290
f 165 312 1646
f 1628 312 165
f 891 1290 293
f 1071 1290 891
f 1606 1290 1071
f 1606 165 1290
f 1710 165 1606
f 1710 1628 165
f 251 1071 891
f 976 1071 251
f 976 1606 1071
f 1710 1606 976
f 971 891 1798
f 971 251 891
f 1140 251 971
f 1140 976 251
f 849 976 1140
f 776 976 849
f 776 1710 976
f 1899 1463 1499
f 1628 1899 1499
f 1426 1899 1628
f 1890 1899 1426
f 1426 1628 1710
f 1426 1710 776
f 131 122 13
f 119 131 13
f 131 119 1986
f 7 122 131
f 7 237 122
f 12 237 7
f 12 7 121
f 269 1798 12
f 148 269 12
f 1309 148 12
f 194 12 121
f 1309 12 194
f 77 971 1798
f 1467 971 77
f 1467 1140 971
f 849 1140 1467
f 923 849 1467
f 1656 849 923
f 1656 776 849
f 1384 1798 269
f 1384 77 1798
f 1311 77 1384
f 1311 1467 77
f 923 1467 1311
f 827 1384 269
f 1311 1384 827
f 305 923 1311
f 305 1656 923
f 1557 1656 305
f 1531 1311 827
f 607 1311 1531
f 607 305 1311
f 1557 305 607
f 1394 269 148
f 1394 827 269
f 1531 827 1394
f 1344 607 1531
f 635 607 1344
f 635 1557 607
f 1333 1531 1394
f 1333 1344 1531
f 1878 148 1309
f 1878 1394 148
f 1333 1394 1878
f 1591 1344 1333
f 1591 635 1344
f 1689 635 1591
f 1426 776 1656
f 1426 1656 1557
f 5 1426 1557
f 5 1557 635
f 5 635 1689
f 43 131 1986
f 245 7 131
f 245 121 7
f 106 121 245
f 45 121 106
f 194 121 45
f 1792 1309 194
f 638 1309 1792
f 1050 1792 194
f 1922 1050 194
f 1677 194 45
f 1922 194 1677
f 1453 1878 1309
f 1453 1333 1878
f 1673 1333 1453
f 1673 1591 1333
f 1689 1591 1673
f 61 1309 638
f 61 1453 1309
f 1362 1453 61
f 1362 1673 1453
f 449 1673 1362
f 449 1689 1673
f 1558 61 638
f 1406 449 1362
f 1600 449 1406
f 1600 1689 449
f 1558 638 1792
f 1558 1362 61
f 1378 1406 1362
f 1600 1406 1378
f 1050 1558 1792
f 1559 1558 1050
f 915 1558 1559
f 915 1362 1558
f 915 1378 1362
f 1370 1378 915
f 1370 1600 1378
f 1799 1370 915
f 1493 1370 1799
f 397 1050 1922
f 397 1559 1050
f 488 1559 397
f 488 915 1559
f 1799 915 488
f 1586 1799 488
f 1586 1493 1799
f 5 1689 1600
f 1482 1600 1370
f 1482 5 1600
f 1482 1370 1493
f 1933 5 1482
f 1933 1840 5
f 1132 1493 1586
f 1132 1482 1493
f 1655 1482 1132
f 1933 1482 1655
f 43 1986 290
f 43 290 1817
f 871 290 1774
f 1079 290 871
f 1817 290 1079
f 1447 43 1817
f 1263 43 1447
f 385 1263 1447
f 43 245 131
f 383 245 43
f 197 245 383
f 197 106 245
f 440 197 383
f 383 43 1699
f 1699 43 1263
f 1357 383 1699
f 1350 383 1357
f 1350 440 383
f 106 1562 45
f 1471 45 1562
f 1588 106 197
f 1562 106 1588
f 977 1562 1588
f 1700 1562 977
f 1700 1471 1562
f 1400 197 440
f 892 197 1400
f 892 1588 197
f 966 1588 892
f 977 1588 966
f 413 977 966
f 413 647 977
f 647 1700 977
f 1044 1922 1677
f 1524 1677 45
f 902 1044 1677
f 1120 45 1471
f 1120 1524 45
f 1501 1677 1524
f 711 1677 1501
f 902 1677 711
f 1501 1012 711
f 1012 902 711
f 1012 1552 902
f 1804 1524 1120
f 329 1524 1804
f 329 1501 1524
f 1012 1501 329
f 329 1515 1012
f 1129 1471 1700
f 1129 1120 1471
f 1804 1120 1129
f 647 1129 1700
f 1595 1359 1129
f 1359 1804 1129
f 1359 1639 1804
f 1639 329 1804
f 1639 1515 329
f 1977 1515 1639
f 964 1922 1044
f 964 397 1922
f 488 397 964
f 610 1586 488
f 902 964 1044
f 1552 964 902
f 1552 488 964
f 1492 488 1552
f 1492 610 488
f 1953 610 1492
f 1953 707 610
f 1492 1552 950
f 1675 1953 1492
f 1515 1552 1012
f 950 1552 1515
f 1977 1492 950
f 1977 745 1492
f 1123 1492 745
f 1123 1675 1492
f 1977 950 1515
f 1639 241 1977
f 1132 1586 610
f 942 1933 1655
f 707 1132 610
f 1655 1132 707
f 1655 707 1953
f 123 1655 1953
f 942 1655 123
f 978 1953 1675
f 978 123 1953
f 758 123 978
f 942 123 758
f 1323 1675 1123
f 1323 978 1675
f 758 978 1323
f 1622 942 758
f 209 745 1977
f 209 1123 745
f 209 425 1123
f 425 1323 1123
f 344 1323 425
f 344 758 1323
f 1622 758 344
f 1534 942 1622
f 139 942 1534
f 241 209 1977
f 1624 425 209
f 344 425 1624
f 1035 344 1624
f 1035 1622 344
f 1429 1622 1035
f 1534 1622 1429
f 1240 1774 355
f 1240 871 1774
f 594 871 1240
f 594 1079 871
f 932 1079 594
f 932 1817 1079
f 1765 1817 932
f 1765 1447 1817
f 385 1447 1765
f 471 1263 385
f 594 1800 932
f 1800 847 932
f 847 1765 932
f 1765 1314 385
f 1314 471 385
f 1065 1240 355
f 1800 1240 1065
f 1800 594 1240
f 1314 1765 847
f 1749 471 1314
f 545 1314 847
f 545 1749 1314
f 1865 1800 1065
f 1865 1834 1800
f 1834 847 1800
f 1834 545 847
f 1952 440 1350
f 1400 440 1952
f 75 1263 471
f 75 1699 1263
f 75 1694 1699
f 1694 1357 1699
f 1694 1099 1357
f 1099 1313 1357
f 1313 1350 1357
f 1313 1465 1350
f 1465 1952 1350
f 1952 1731 1400
f 75 471 1749
f 75 740 1694
f 740 1099 1694
f 740 1313 1099
f 1313 848 1465
f 848 1952 1465
f 848 1731 1952
f 848 1262 1731
f 1749 740 75
f 740 1924 1313
f 1924 848 1313
f 1731 1480 1400
f 1480 892 1400
f 1480 1070 892
f 1070 966 892
f 1070 1096 966
f 1096 413 966
f 221 465 413
f 465 647 413
f 465 1595 647
f 221 413 1096
f 1262 1480 1731
f 1070 221 1096
f 1262 1070 1480
f 1262 221 1070
f 155 221 1262
f 155 1638 221
f 1638 465 221
f 1752 1595 465
f 1595 1129 647
f 174 1749 545
f 33 545 1834
f 33 174 545
f 134 1834 1865
f 134 33 1834
f 174 740 1749
f 174 1924 740
f 689 848 1924
f 689 1262 848
f 689 155 1262
f 174 689 1924
f 689 1907 155
f 1271 174 33
f 1271 689 174
f 1271 73 689
f 73 1907 689
f 1638 1752 465
f 1907 1638 155
f 1638 677 1752
f 1907 1648 1638
f 1648 677 1638
f 1752 1359 1595
f 677 1359 1752
f 677 1970 1359
f 1970 1639 1359
f 1970 1640 1639
f 241 1639 1640
f 1970 1599 1640
f 1599 241 1640
f 1599 632 241
f 1599 1585 632
f 829 1585 1599
f 677 1599 1970
f 1648 145 677
f 145 564 677
f 564 1599 677
f 564 1709 1599
f 1709 829 1599
f 632 209 241
f 632 1624 209
f 83 1624 632
f 83 1035 1624
f 877 1035 83
f 877 1429 1035
f 515 1429 877
f 515 1534 1429
f 823 1534 515
f 1585 83 632
f 1585 1708 83
f 1708 877 83
f 1708 764 877
f 764 515 877
f 1659 1708 1585
f 829 1659 1585
f 1659 1904 1708
f 1904 764 1708
f 1904 823 764
f 823 515 764
f 1850 214 1369
f 214 279 1369
f 214 1944 279
f 1944 1971 279
f 1545 1063 1850
f 737 1063 1545
f 737 407 1063
f 553 407 737
f 553 331 407
f 1843 331 553
f 1063 214 1850
f 407 725 1063
f 331 725 407
f 331 1567 725
f 1843 1567 331
f 725 550 1063
f 1567 550 725
f 1567 378 550
f 1843 378 1567
f 1843 1790 378
f 1063 1458 214
f 550 1458 1063
f 378 1458 550
f 378 907 1458
f 1790 907 378
f 1458 1944 214
f 1458 555 1944
f 907 555 1458
f 907 1681 555
f 907 254 1681
f 1790 254 907
f 555 455 1944
f 1681 455 555
f 1681 918 455
f 254 918 1681
f 254 704 918
f 1790 704 254
f 455 1111 1944
f 918 1111 455
f 918 398 1111
f 704 398 918
f 704 774 398
f 704 345 774
f 1111 1971 1944
f 1111 614 1971
f 398 614 1111
f 398 548 614
f 774 548 398
f 774 345 548
f 51 1790 1843
f 1790 345 704
f 51 345 1790
f 176 195 51
f 267 195 176
f 18 267 176
f 18 157 267
f 1971 108 279
f 108 151 279
f 151 1821 279
f 1821 304 279
f 614 433 1971
f 548 433 614
f 548 860 433
f 345 860 548
f 433 810 1971
f 860 810 433
f 860 49 810
f 860 1361 49
f 345 1361 860
f 345 2000 1361
f 810 108 1971
f 810 1279 108
f 49 1279 810
f 49 1013 1279
f 1361 1013 49
f 1361 2000 1013
f 1279 1506 108
f 1013 1506 1279
f 1013 604 1506
f 2000 604 1013
f 1506 589 108
f 604 589 1506
f 604 1759 589
f 2000 1759 604
f 2000 41 1759
f 589 151 108
f 589 1018 151
f 1759 1018 589
f 1759 875 1018
f 1759 41 875
f 1018 839 151
f 875 839 1018
f 875 742 839
f 41 742 875
f 839 762 151
f 742 762 839
f 742 1247 762
f 41 1247 742
f 51 2000 345
f 51 180 2000
f 51 195 180
f 2000 180 41
f 195 1985 180
f 267 271 195
f 1985 195 271
f 267 142 271
f 157 142 267
f 1821 511 304
f 511 276 304
f 511 101 276
f 151 219 1821
f 762 219 151
f 762 673 219
f 1247 673 762
f 1247 477 673
f 41 477 1247
f 673 1743 219
f 477 1743 673
f 477 1441 1743
f 1743 1395 219
f 1441 1395 1743
f 1441 621 1395
f 219 511 1821
f 219 1408 511
f 1395 1408 219
f 621 1408 1395
f 621 920 1408
f 1408 1155 511
f 920 1155 1408
f 920 328 1155
f 920 1335 328
f 1155 1100 511
f 328 1100 1155
f 328 381 1100
f 328 1335 381
f 1100 101 511
f 381 551 1100
f 381 1335 551
f 1100 779 101
f 551 779 1100
f 551 1336 779
f 1335 1336 551
f 180 477 41
f 180 1441 477
f 180 621 1441
f 180 920 621
f 180 1335 920
f 180 171 1335
f 171 781 1335
f 1985 171 180
f 271 177 1985
f 271 142 177
f 276 1267 304
f 276 1940 1267
f 1940 1090 1267
f 1940 191 1090
f 779 110 101
f 779 1300 110
f 1336 1300 779
f 1336 786 1300
f 1335 786 1336
f 101 110 276
f 1300 1061 110
f 786 1061 1300
f 786 1353 1061
f 1335 1353 786
f 1335 781 1353
f 1061 1382 110
f 1353 1382 1061
f 1353 266 1382
f 781 266 1353
f 110 1940 276
f 1382 549 110
f 1382 808 549
f 266 808 1382
f 266 1533 808
f 781 1533 266
f 110 21 1940
f 549 21 110
f 808 1281 549
f 1533 1281 808
f 1533 831 1281
f 781 831 1533
f 549 661 21
f 1281 661 549
f 1281 668 661
f 831 668 1281
f 831 1339 668
f 781 1339 831
f 21 191 1940
f 668 399 661
f 1339 399 668
f 661 692 21
f 399 692 661
f 399 1593 692
f 1339 1593 399
f 1339 125 1593
f 171 98 781
f 205 98 171
f 781 125 1339
f 781 98 125
f 1985 205 171
f 1985 70 205
f 98 205 1875
f 177 70 1985
f 177 53 70
f 142 53 177
f 142 193 53
f 191 215 1090
f 191 1959 215
f 1959 1957 215
f 1959 1611 1957
f 1959 1527 1611
f 215 1957 162
f 21 81 191
f 692 81 21
f 692 1118 81
f 1593 1118 692
f 1593 1286 1118
f 125 1286 1593
f 1118 636 81
f 1286 636 1118
f 1286 1487 636
f 125 1487 1286
f 81 1959 191
f 636 1530 81
f 1487 1530 636
f 1487 905 1530
f 125 905 1487
f 1530 372 81
f 1530 490 372
f 905 490 1530
f 372 1959 81
f 372 380 1959
f 490 380 372
f 490 479 380
f 905 479 490
f 380 1228 1959
f 479 1228 380
f 479 695 1228
f 905 695 479
f 1228 1527 1959
f 1228 1535 1527
f 695 1535 1228
f 695 370 1535
f 1535 753 1527
f 1535 370 753
f 98 905 125
f 1875 905 98
f 905 370 695
f 1875 370 905
f 1875 1714 370
f 1875 246 1714
f 205 70 1875
f 70 40 1875
f 70 179 40
f 179 1891 40
f 53 179 70
f 179 78 1891
f 179 4 78
f 193 1844 53
f 1844 179 53
f 1844 4 179
f 1527 1825 1611
f 1611 82 1957
f 1825 651 1611
f 1611 651 82
f 1957 1654 162
f 1957 82 1654
f 651 1861 82
f 1751 1861 651
f 82 1274 1654
f 82 1413 1274
f 1861 1413 82
f 1654 1601 1386
f 1654 1154 1601
f 1274 1154 1654
f 1751 1322 1861
f 753 1564 1527
f 370 1564 753
f 370 1419 1564
f 1564 1825 1527
f 1564 723 1825
f 1564 1347 723
f 1419 1347 1564
f 1419 1455 1347
f 1419 1215 1455
f 1347 856 723
f 1455 856 1347
f 1455 1215 856
f 1825 726 651
f 723 726 1825
f 723 837 726
f 856 837 723
f 1215 837 856
f 837 937 726
f 837 576 937
f 1215 576 837
f 1215 1788 576
f 1683 1788 1215
f 726 1751 651
f 726 1478 1751
f 937 1478 726
f 576 1478 937
f 576 872 1478
f 1788 872 576
f 1788 418 872
f 1683 418 1788
f 1478 1059 1751
f 1478 861 1059
f 872 861 1478
f 872 906 861
f 418 906 872
f 418 1222 906
f 1683 1222 418
f 1683 338 1222
f 1059 1322 1751
f 1059 1084 1322
f 861 428 1059
f 428 1084 1059
f 428 793 1084
f 793 702 1084
f 793 1222 702
f 1222 995 702
f 995 557 702
f 906 428 861
f 906 793 428
f 1222 793 906
f 338 995 1222
f 338 557 995
f 370 1714 1419
f 40 246 1875
f 1419 1683 1215
f 1714 1683 1419
f 40 1921 246
f 1921 1546 246
f 1714 1022 1683
f 1022 338 1683
f 1714 894 1022
f 1714 327 894
f 246 327 1714
f 246 1491 327
f 246 622 1491
f 1546 622 246
f 1022 557 338
f 1022 1316 557
f 1316 894 1385
f 894 1316 1022
f 894 327 1385
f 327 791 1385
f 327 1491 791
f 1491 1663 791
f 1491 622 1663
f 622 1039 1663
f 1546 1039 622
f 1039 446 1663
f 1039 1257 446
f 1921 1039 1546
f 1921 1257 1039
f 40 727 1921
f 40 1680 727
f 1891 1680 40
f 1891 590 1680
f 1891 1900 590
f 590 1789 1260
f 1900 1789 590
f 1257 175 446
f 727 1257 1921
f 727 175 1257
f 175 1839 1172
f 727 1839 175
f 1839 424 1172
f 1680 1839 727
f 1680 424 1839
f 1680 705 424
f 590 705 1680
f 1260 705 590
f 1900 1298 1789
f 78 1900 1891
f 78 1803 1900
f 4 1034 78
f 1803 824 1900
f 1034 1803 78
f 1900 662 1298
f 824 662 1900
f 1034 903 1803
f 1034 1029 903
f 1034 542 1029
f 1034 1516 542
f 503 1516 1034
f 1844 1664 4
f 1664 1844 1841
f 1664 935 4
f 4 1810 1034
f 935 1810 4
f 935 369 1810
f 1810 503 1034
f 1664 1080 935
f 1664 517 1080
f 1274 422 1154
f 1274 899 422
f 1413 899 1274
f 1413 389 899
f 1413 640 389
f 1861 377 1413
f 377 640 1413
f 1322 377 1861
f 1322 708 377
f 708 1328 377
f 1601 1178 1386
f 1601 527 1178
f 1154 527 1601
f 1154 1828 527
f 1828 1291 527
f 422 1828 1154
f 422 1291 1828
f 899 1291 422
f 389 1291 899
f 389 1211 1291
f 640 1211 389
f 640 1328 1211
f 1328 640 377
f 1328 1733 1211
f 527 361 1178
f 1291 361 527
f 1793 361 1291
f 1793 1858 361
f 1211 1793 1291
f 1733 1793 1211
f 1602 1858 1793
f 1733 1602 1793
f 1602 691 1858
f 691 234 1858
f 691 1880 234
f 1858 74 361
f 234 74 1858
f 234 258 74
f 258 233 74
f 258 1182 233
f 1182 1780 233
f 1880 258 234
f 1880 1391 258
f 1391 1182 258
f 233 1758 74
f 1780 1758 233
f 178 890 1758
f 1780 1745 1758
f 1745 178 1758
f 890 96 321
f 96 1806 134
f 1808 96 890
f 178 921 890
f 921 1808 890
f 1808 1801 96
f 1801 1806 96
f 1801 814 1806
f 1084 708 1322
f 708 702 1328
f 702 708 1084
f 702 1733 1328
f 1385 1602 1733
f 702 1316 1733
f 1316 702 557
f 1316 1385 1733
f 1385 791 1602
f 791 1663 1602
f 1663 691 1602
f 1663 446 691
f 446 1880 691
f 446 1172 1880
f 1172 1391 1880
f 1172 1438 1391
f 446 175 1172
f 1172 705 1438
f 705 1172 424
f 705 766 1438
f 766 593 1438
f 766 1448 593
f 1260 766 705
f 1789 766 1260
f 1789 1448 766
f 1298 1448 1789
f 1391 1438 1182
f 1438 593 1182
f 593 1780 1182
f 1448 1054 593
f 1054 302 593
f 1298 1054 1448
f 662 1054 1298
f 1054 356 302
f 824 1054 662
f 824 356 1054
f 1803 356 824
f 356 1580 302
f 356 903 1580
f 903 356 1803
f 903 1029 1580
f 1029 1556 1580
f 1029 542 1556
f 542 1177 1556
f 542 1516 1177
f 1516 1939 1177
f 1516 503 1939
f 593 1745 1780
f 593 302 1745
f 302 1580 1745
f 1580 178 1745
f 1580 1556 178
f 1556 1177 178
f 1177 921 178
f 1939 790 1177
f 473 1080 1466
f 935 1080 473
f 1080 1144 1466
f 1080 517 1144
f 517 882 1144
f 503 790 1939
f 503 1810 790
f 1810 365 790
f 1810 1284 365
f 1810 369 1284
f 369 473 1284
f 369 935 473
f 921 733 1808
f 733 1801 1808
f 1177 790 921
f 790 365 921
f 365 733 921
f 1284 733 365
f 473 733 1284
f 733 1466 1801
f 1466 733 473
f 1466 814 1801
f 1466 1144 814
f 1144 882 814
f 1974 92 228
f 1974 1253 92
f 1667 1974 228
f 1508 1667 228
f 1508 228 268
f 117 157 18
f 117 115 157
f 115 117 283
f 283 84 115
f 26 84 283
f 172 499 62
f 698 499 172
f 499 701 62
f 62 184 26
f 701 184 62
f 1163 184 701
f 1163 830 184
f 761 645 1253
f 645 698 172
f 645 761 698
f 1024 1253 1974
f 1024 761 1253
f 761 840 698
f 840 761 1024
f 448 1024 1974
f 840 499 698
f 840 448 499
f 448 840 1024
f 360 1974 1667
f 360 448 1974
f 499 1741 701
f 448 1741 499
f 1741 448 360
f 1750 360 1667
f 1741 1750 701
f 1750 1741 360
f 1127 1750 1667
f 1750 1163 701
f 1750 1127 1163
f 1181 1667 1508
f 1181 1127 1667
f 1127 830 1163
f 1127 1181 830
f 1428 1181 1508
f 830 1169 184
f 1181 1169 830
f 1181 1428 1169
f 1632 1508 268
f 1416 1632 268
f 1757 1416 268
f 1757 268 1890
f 115 1 157
f 1 68 157
f 157 68 142
f 84 1 115
f 26 1763 84
f 1763 26 184
f 1966 1508 628
f 1966 1428 1508
f 1169 1966 184
f 1428 1966 1169
f 628 1508 1632
f 1966 659 184
f 659 1966 628
f 909 628 1632
f 659 909 184
f 909 659 628
f 363 909 1632
f 909 1101 184
f 909 1964 1101
f 1964 909 363
f 1416 363 1632
f 537 363 1416
f 1101 1763 184
f 1964 537 1101
f 537 1964 363
f 883 537 1416
f 1101 883 1763
f 537 883 1101
f 600 1416 1757
f 600 883 1416
f 883 895 1763
f 895 883 600
f 895 858 1763
f 858 895 600
f 1122 1757 1890
f 410 1122 1890
f 929 1890 129
f 929 410 1890
f 68 250 142
f 250 213 142
f 213 193 142
f 1 1923 68
f 68 1923 250
f 84 1923 1
f 84 199 1923
f 1763 199 84
f 1763 1238 199
f 1238 136 199
f 1238 25 136
f 1318 600 1757
f 1318 858 600
f 858 394 1763
f 858 960 394
f 960 858 1318
f 1122 1318 1757
f 563 1318 1122
f 394 1238 1763
f 394 1951 1238
f 960 1951 394
f 960 563 1951
f 563 960 1318
f 1597 563 1122
f 1951 1597 1238
f 563 1597 1951
f 439 1597 1122
f 1597 391 1238
f 391 1597 439
f 410 439 1122
f 694 439 410
f 391 694 1238
f 694 391 439
f 435 694 410
f 1238 291 25
f 694 291 1238
f 694 435 291
f 1476 410 929
f 1476 435 410
f 291 1476 25
f 435 1476 291
f 855 1476 929
f 1476 532 25
f 1476 855 532
f 129 1890 1426
f 1444 929 129
f 1325 1444 129
f 309 1426 5
f 309 129 1426
f 1325 129 309
f 1827 1325 309
f 250 159 213
f 213 159 193
f 1923 159 250
f 1923 199 159
f 199 97 159
f 199 136 97
f 136 109 97
f 256 109 136
f 25 256 136
f 25 1979 256
f 1979 1410 256
f 1410 173 256
f 516 929 1444
f 516 855 929
f 532 516 25
f 855 516 532
f 1285 516 1444
f 25 736 1979
f 516 736 25
f 516 1285 736
f 315 1444 1325
f 315 1285 1444
f 736 320 1979
f 1285 320 736
f 320 1285 315
f 913 315 1325
f 320 913 1979
f 913 320 315
f 709 913 1325
f 913 386 1979
f 913 709 386
f 317 1325 1827
f 317 709 1325
f 386 1410 1979
f 386 317 1410
f 709 317 386
f 1457 317 1827
f 317 1457 1410
f 715 1457 1827
f 1457 715 1410
f 71 1827 309
f 1840 309 5
f 71 309 1840
f 904 71 1840
f 90 904 1840
f 90 1840 1484
f 1484 1840 1933
f 949 90 1484
f 1844 193 159
f 159 1732 1844
f 1732 1753 1844
f 1732 782 1753
f 97 1732 159
f 97 248 1732
f 109 248 97
f 256 22 109
f 109 89 248
f 22 89 109
f 22 1884 89
f 89 1367 248
f 256 173 22
f 22 539 1884
f 173 539 22
f 173 1901 539
f 657 1827 71
f 657 715 1827
f 1410 342 173
f 715 342 1410
f 715 359 342
f 715 657 359
f 1187 657 71
f 359 1278 342
f 657 1278 359
f 1278 657 1187
f 1188 71 904
f 1188 1187 71
f 342 599 173
f 1278 599 342
f 1278 1188 599
f 1188 1278 1187
f 917 1188 904
f 1188 917 599
f 1470 917 904
f 599 1503 173
f 599 1470 1503
f 917 1470 599
f 1184 904 90
f 1184 1470 904
f 1503 1901 173
f 1470 974 1503
f 974 1470 1184
f 1184 90 1076
f 1503 1305 1901
f 974 1076 1503
f 1076 974 1184
f 90 912 1076
f 912 90 949
f 1503 1744 1305
f 1503 1198 1744
f 1076 1198 1503
f 1198 1076 912
f 1869 1933 942
f 1112 949 1484
f 441 1484 1933
f 63 1484 441
f 63 1112 1484
f 1473 441 1933
f 916 63 441
f 139 1869 942
f 1473 1933 1869
f 1479 441 1473
f 916 1479 1387
f 1479 916 441
f 1398 1473 1869
f 482 1473 1398
f 1273 1473 482
f 1273 1479 1473
f 1387 1472 1984
f 1479 1472 1387
f 1479 1273 1472
f 1102 1869 139
f 1398 1869 1102
f 292 482 1398
f 1273 1148 1472
f 1273 292 1148
f 292 1273 482
f 1472 685 1984
f 685 1472 1148
f 1442 139 1534
f 1102 139 1442
f 959 1398 1102
f 1388 1398 959
f 1388 292 1398
f 1148 1707 685
f 1707 1148 1207
f 1148 1388 1207
f 1148 292 1388
f 1753 1989 1844
f 1732 1754 782
f 1844 1989 1841
f 1753 1660 1989
f 782 1512 1753
f 782 1848 1512
f 1841 517 1664
f 1841 850 517
f 1989 850 1841
f 1660 850 1989
f 1660 1753 1512
f 1732 1381 1754
f 1732 1091 1381
f 248 1091 1732
f 248 1895 1091
f 514 1895 248
f 1381 1091 1389
f 1091 1935 1389
f 1895 1935 1091
f 1895 1604 1935
f 1754 1848 782
f 1381 1848 1754
f 1381 1784 1848
f 1381 1389 1784
f 1884 1822 89
f 1367 514 248
f 1884 400 1822
f 89 1914 1367
f 1822 1914 89
f 1367 501 514
f 1914 501 1367
f 1914 400 126
f 1822 400 1914
f 514 501 1895
f 400 1548 126
f 501 795 1440
f 1914 795 501
f 795 1914 126
f 501 1604 1895
f 501 1440 1604
f 539 1605 1884
f 1901 1992 539
f 1605 400 1884
f 1605 481 400
f 539 481 1605
f 539 1424 481
f 1424 1992 1137
f 1992 1424 539
f 1992 1984 1137
f 1992 1387 1984
f 481 1548 400
f 1879 912 949
f 1744 1198 1879
f 1198 912 1879
f 949 1812 1879
f 1812 949 1112
f 1744 1847 1305
f 1744 1009 1847
f 1879 1009 1744
f 1009 1879 1812
f 1305 1992 1901
f 405 1112 63
f 405 1812 1112
f 1305 1847 1992
f 1847 1009 405
f 1009 1812 405
f 405 1387 1847
f 405 916 1387
f 916 405 63
f 1847 1387 1992
f 1577 1271 1980
f 1577 1686 1271
f 814 468 1806
f 468 1543 1806
f 1543 1980 1806
f 1543 1577 1980
f 1806 33 134
f 1806 1980 33
f 1980 1271 33
f 1686 353 1271
f 353 773 1271
f 773 1131 73
f 103 1131 773
f 353 411 773
f 411 1615 773
f 1615 103 773
f 103 887 1131
f 773 73 1271
f 1548 772 126
f 1548 1818 772
f 1982 1727 1648
f 1727 145 1648
f 1131 1690 73
f 1690 1216 1488
f 1216 1982 1488
f 1216 1860 1982
f 1860 1727 1982
f 1860 772 1727
f 772 1818 1727
f 887 1690 1131
f 887 1423 1690
f 1440 1423 887
f 1423 1216 1690
f 795 1216 1423
f 795 1860 1216
f 126 1860 795
f 126 772 1860
f 73 1648 1907
f 73 1488 1648
f 1982 1648 1488
f 1488 73 1690
f 1984 1372 1137
f 1709 1994 829
f 507 1994 1709
f 1830 1852 564
f 1852 1709 564
f 1852 507 1709
f 507 984 1994
f 1727 1433 145
f 1433 1830 145
f 1433 1439 1830
f 1439 437 1830
f 437 1852 1830
f 1852 1137 507
f 1137 1372 507
f 1372 984 507
f 1984 984 1372
f 1818 1433 1727
f 1548 1433 1818
f 481 1433 1548
f 481 1439 1433
f 481 437 1439
f 437 1424 1852
f 1424 437 481
f 1424 1137 1852
f 145 1830 564
f 1442 1534 823
f 1006 1102 1442
f 997 1102 1006
f 997 959 1102
f 1775 497 997
f 497 959 997
f 1207 497 1775
f 1388 497 1207
f 497 1388 959
f 829 1904 1659
f 1904 1331 823
f 1331 1442 823
f 1994 1904 829
f 1994 337 1904
f 337 1331 1904
f 337 1006 1331
f 1006 1442 1331
f 337 997 1006
f 984 337 1994
f 984 865 337
f 865 997 337
f 865 1775 997
f 1775 865 1207
f 685 984 1984
f 1707 984 685
f 1707 865 984
f 1207 865 1707
f 1660 529 850
f 1660 768 529
f 1660 1703 768
f 1512 1703 1660
f 1848 1612 1512
f 517 1192 882
f 517 850 1192
f 1543 787 1577
f 787 1686 1577
f 787 415 1686
f 468 529 1543
f 529 768 1543
f 768 1703 1543
f 1703 787 1543
f 1512 787 1703
f 787 1612 415
f 1612 787 1512
f 882 468 814
f 882 1192 468
f 1192 529 468
f 850 529 1192
f 1784 357 1848
f 415 353 1686
f 415 357 353
f 357 1784 353
f 1784 411 353
f 1389 411 1784
f 1389 1615 411
f 1615 1935 103
f 1935 1615 1389
f 1935 1604 103
f 1604 887 103
f 1848 415 1612
f 357 415 1848
f 1604 1440 887
f 795 1423 1440

