# https://github.com/mikedh/trimesh
v -0.08168349 -0.55392975 -0.52285361
v -0.53793544 0.07240784 0.27032015
v 0.54643643 -0.09466385 -0.53056401
v -0.17403737 0.54898965 0.18739207
v 0.08412817 0.11997879 0.45794705
v -0.12620093 0.55034018 0.22121850
v -0.23366603 0.52525753 -0.48643142
v -0.33175731 0.47936782 -0.24675941
v -0.26022378 -0.51924527 -0.11307876
v 0.47903484 0.25243753 -0.53961468
v -0.33122030 0.43940303 -0.52492446
v -0.11727998 0.56838661 -0.28784043
v 0.28062266 -0.48948067 0.23563893
v 0.03479570 -0.56290513 -0.51382387
v -0.50145733 0.17417563 -0.53894532
v 0.46840474 0.05302766 -0.56136024
v -0.35763386 -0.34209913 0.30559671
v -0.31366590 0.45451128 -0.52406943
v -0.14113842 -0.53846610 -0.52364099
v -0.09350969 0.54904097 -0.52306920
v 0.47730586 -0.29076982 -0.52585381
v -0.47846070 0.30642495 0.21617569
v -0.52875131 -0.18676110 -0.51337427
v -0.12792042 -0.05537859 0.45798561
v 0.21256337 -0.51922470 -0.51890463
v -0.09612382 -0.54831380 -0.52653009
v -0.44175759 0.33999294 -0.52021176
v 0.26710215 -0.46918532 -0.53902549
v -0.53356516 0.15102834 -0.51802152
v -0.20551592 0.54002088 0.17089845
v 0.48939490 0.05834896 -0.55612022
v -0.09515826 -0.01520030 0.50545245
v 0.44840676 0.18017787 -0.56028318
v 0.46576661 0.33137557 -0.50530970
v 0.09981065 0.10524727 0.45838594
v 0.36890674 0.44522014 -0.49327999
v -0.30356628 -0.45707402 -0.52977896
v -0.25677800 0.50161719 -0.51095659
v 0.03526907 0.07063945 0.52783859
v -0.09894238 0.50443453 -0.54738688
v 0.12728934 -0.54113948 -0.52267730
v 0.01092727 0.55755204 -0.51823413
v -0.45511413 0.32182613 -0.52141929
v 0.41999674 -0.40504676 0.07847349
v -0.06934255 -0.10404436 0.46988365
v 0.58201313 0.07023861 0.01881802
v -0.04698339 0.52643037 -0.53944927
v 0.31483620 0.48918247 0.14656404
v 0.42401138 -0.05678302 0.34914494
v 0.54852569 0.12928744 -0.52013290
v -0.02478344 -0.56845921 -0.50594145
v 0.56796896 -0.10104751 0.05384091
v -0.57569748 -0.11182416 0.16079128
v -0.14068319 -0.03518879 0.45760417
v 0.12540726 -0.07055453 0.46125320
v -0.54435402 -0.01757109 -0.52868479
v -0.08230548 0.11881547 0.45433462
v -0.57414746 -0.07878958 -0.45068359
v 0.38759300 0.36439887 -0.54306406
v -0.22004150 -0.51997650 -0.51079232
v -0.32793128 0.40969422 -0.54327458
v -0.12008140 0.03510116 0.46837354
v 0.39051193 0.43089134 -0.48365542
v 0.35721973 0.45771942 0.20174658
v -0.02848412 -0.13658558 0.45664468
v 0.31446028 -0.43627965 -0.54081786
v 0.47995046 -0.32880849 0.03738527
v 0.46738690 -0.22193339 0.29709023
v 0.42865679 0.40415567 0.18053763
v -0.02317955 0.56418186 -0.51146722
v 0.58057934 -0.10591465 0.01941284
v 0.47576189 0.34895045 -0.05857217
v 0.33940336 0.44176430 0.25430015
v 0.52616650 -0.19237633 -0.52558535
v 0.55405951 0.05694823 0.24421300
v 0.52668536 -0.20853770 0.23971173
v -0.46688816 0.31739086 -0.50697505
v -0.49269545 0.28319174 -0.49955589
v 0.30010247 -0.47789213 0.23796302
v 0.49159700 0.33156711 0.17290622
v -0.34357485 0.45051268 -0.50539887
v -0.41286871 -0.38558450 -0.50670427
v -0.57407790 0.00017390 -0.48063728
v -0.33593792 -0.47045189 0.04852821
v 0.54032880 0.21783203 0.19761798
v -0.05936907 -0.12983754 0.45567560
v -0.05604224 0.01106261 0.54251140
v 0.31128561 -0.48914009 -0.48060891
v 0.23428206 -0.48151985 -0.54222107
v -0.40310428 0.42231476 0.09658004
v -0.23319228 0.45728892 -0.54800498
v 0.43005642 0.38989246 -0.48815584
v 0.40435252 0.39642039 0.23600876
v 0.09411009 -0.51890695 0.27865854
v 0.49018759 0.33277628 0.10447243
v 0.54955083 0.21437880 -0.01195899
v 0.29000300 0.45692581 -0.53972548
v 0.41201907 -0.29535607 -0.55105555
v -0.29218894 -0.45743266 0.25941303
v -0.51322198 0.19949992 0.25546384
v 0.04691035 0.52231544 -0.54185057
v -0.37288967 -0.39578909 0.25687715
v 0.58530921 -0.07656568 0.00999112
v -0.52864730 0.17201748 0.24762683
v 0.55428618 0.10694817 -0.51779944
v 0.03690793 0.57421559 0.20579581
v -0.18197106 0.53873563 -0.50055963
v 0.42666003 -0.37469044 -0.51454097
v 0.56243420 0.02337931 0.23822656
v 0.32435498 0.43220437 -0.53976852
v -0.48311168 0.27041394 -0.52178723
v 0.48949224 0.23294242 -0.54015344
v 0.19715956 -0.50874680 -0.53675663
v 0.29426044 -0.31270209 -0.56124479
v 0.38586977 0.43258411 0.20865598
v -0.54615933 -0.00585688 -0.52754939
v 0.51177049 -0.23301207 -0.52295530
v 0.15858679 0.47693160 0.30657375
v -0.13916473 0.02261007 0.45747682
v -0.27480733 0.45995823 -0.53902012
v 0.01247965 -0.56381226 -0.51303518
v 0.44948071 0.35322410 0.23754454
v -0.51188904 0.22592765 -0.51260984
v 0.20912348 0.54026353 -0.48106688
v 0.47667351 0.34622058 -0.44676986
v 0.09361179 0.54932696 -0.52355731
v -0.54762280 0.05576837 -0.52502960
v -0.19373682 -0.42425659 -0.56111372
v -0.39530241 0.40140927 -0.50580287
v 0.26377282 0.47624394 -0.53815883
v 0.05126372 -0.58389270 -0.44347256
v 0.13974899 -0.04654019 0.45641232
v 0.07952360 -0.13605902 0.45228398
v 0.06535420 0.09347138 0.49033913
v -0.32256016 0.13227098 -0.56134194
v 0.01481631 0.00493791 0.55429292
v -0.57109636 -0.11825821 0.07674615
v -0.14145370 0.55580223 0.20130239
v 0.49097693 -0.28108668 0.24670728
v 0.14430383 0.09467457 0.44937217
v -0.51311600 -0.24634334 0.22062457
v 0.57436430 0.02990239 0.19156937
v 0.05878666 -0.54029882 -0.53633958
v 0.01109149 0.13590579 0.46037707
v -0.13008827 -0.08871476 0.45020363
v 0.57490736 0.10500326 0.09465732
v -0.37449738 0.43338886 0.22036730
v -0.02294091 -0.53141588 -0.54323089
v 0.14916979 0.03420975 0.45525229
v -0.19825037 0.52889937 -0.51217413
v -0.47337607 0.23686235 -0.54136527
v 0.05646454 0.08153271 0.50740981
v 0.15345152 0.53692812 0.24757801
v -0.50251353 0.24916697 0.23361430
v 0.54959673 0.21463524 -0.40370145
v -0.11626470 0.08714460 0.45645642
v -0.07400499 0.53308511 0.26570958
v 0.58019751 0.04250615 -0.48905477
v 0.43883589 -0.31423220 -0.53880382
v -0.44396189 0.26722547 -0.54485381
v -0.54780686 -0.03644635 0.25475007
v 0.04718743 0.55152535 -0.52296776
v 0.56007797 -0.02208444 -0.52617174
v -0.52475065 -0.19460113 0.23771477
v 0.38233605 -0.12871303 0.36107227
v 0.12821458 0.54063272 -0.52393651
v -0.05891613 0.55070770 -0.52411777
v 0.08124932 0.07124458 0.49944291
v -0.36814424 0.36822936 0.28160578
v 0.16066927 0.01261127 0.45289391
v -0.03328302 0.03325551 0.54807919
v 0.25699127 -0.51629257 -0.49518499
v 0.00105962 -0.01445722 0.55807751
v -0.12339383 0.55353528 -0.50720441
v -0.22235492 -0.49134356 -0.53850400
v -0.44975954 0.36240014 0.18524207
v -0.48681653 -0.31420431 -0.16990156
v 0.11306937 -0.01140067 0.49353594
v -0.17719060 -0.53010744 0.23492031
v 0.05782438 0.56460482 -0.50863361
v 0.05839081 -0.13978551 0.45498395
v -0.56450975 0.01288783 -0.50163722
v -0.06030068 -0.01193516 0.54046780
v 0.01233459 -0.11354894 0.48754284
v 0.41032797 -0.39782697 0.23788849
v -0.42717987 0.38913149 -0.45938918
v 0.55953604 0.17479366 -0.46847370
v 0.05914442 -0.09993814 0.48938343
v 0.24675767 -0.45725936 -0.54800743
v 0.42802137 -0.37225568 0.25492394
v -0.41254687 -0.39455971 0.05706204
v 0.29590714 0.47088745 -0.52677870
v 0.34608111 0.47261265 -0.45219913
v -0.01189752 0.14001518 0.45746276
v -0.44247922 0.32443646 -0.52919775
v 0.47372317 -0.35198736 -0.31866094
v 0.01238601 0.07748375 0.52553570
v 0.35273802 0.39963683 -0.54377317
v -0.16455252 -0.42357317 0.33209890
v 0.17925864 -0.14986849 0.42872897
v 0.48078182 -0.14799303 -0.55436665
v 0.53935009 0.23446776 -0.45309678
v 0.36450076 -0.42513531 -0.52216524
v -0.54762512 0.05034444 0.26300463
v 0.33794937 0.45760438 -0.50994003
v 0.51688445 -0.27935261 -0.03180358
v -0.54212546 0.18886681 -0.47412479
v -0.20999230 -0.03239219 0.43557018
v -0.55050021 0.07483301 -0.51405996
v -0.03504910 -0.58166796 -0.46065083
v 0.07014480 -0.01008763 0.53798449
v 0.20741704 -0.51240200 0.25787315
v 0.56731522 -0.11367412 -0.49128005
v -0.38205948 0.38735005 -0.52912986
v 0.54856670 0.09219903 -0.52910709
v -0.48837537 0.26585850 0.24130565
v 0.44717154 -0.36789474 0.04698387
v -0.32196739 0.46283421 -0.51075661
v -0.03638285 0.52427357 0.28539684
v -0.40240818 -0.38781059 0.23576456
v -0.50594622 -0.24621576 -0.51092577
v 0.37703380 -0.41071931 0.25532237
v 0.56310666 -0.05788728 -0.51942283
v 0.02762652 -0.14880629 0.45533401
v 0.28065440 -0.50610411 -0.48204595
v 0.47330904 0.26849583 0.26636440
v -0.08863892 -0.56798935 -0.49127907
v 0.14012076 -0.07382835 0.45189759
v -0.50638443 0.25022513 -0.50579947
v -0.45756069 0.22009596 -0.54815513
v -0.19885558 0.51589835 -0.52482897
v 0.14043365 0.01753115 0.46541688
v 0.01377999 0.53272820 0.28205121
v -0.44069073 -0.35860556 0.21120924
v -0.32922560 0.42536092 -0.53653294
v -0.02698940 0.57399845 0.20139407
v 0.36409381 -0.39373672 -0.54049128
v -0.19891343 -0.52040327 -0.52323562
v -0.11941574 0.52507627 -0.53796560
v -0.42114788 0.32913914 -0.53812605
v 0.15285949 -0.53381664 -0.52451444
v 0.17152677 -0.53702736 -0.51453662
v -0.49227473 0.19927135 -0.53964084
v 0.18072000 0.53108197 0.24153018
v 0.05159685 0.11002194 0.48076424
v 0.47918499 -0.30406696 0.24812742
v 0.56457376 0.04602573 0.22821204
v 0.35757014 0.43846151 -0.51868403
v -0.39715993 -0.00582280 -0.56135744
v 0.22316186 -0.53468794 -0.47956946
v 0.39934132 -0.35222137 -0.54377830
v 0.47903353 -0.33426020 -0.48048154
v -0.17404215 0.48605463 -0.54673690
v 0.55616599 0.07703338 -0.52404994
v 0.31068408 0.42076474 -0.54591429
v 0.14508888 0.00602788 0.46299562
v 0.49336776 0.29973125 0.22603635
v -0.30201480 -0.47451457 -0.51408190
v 0.42247555 0.10562650 0.34105691
v 0.10410883 -0.11159627 0.45608053
v 0.36033943 0.37040374 -0.54743707
v -0.46271279 0.34960380 -0.40949941
v -0.42522058 -0.34367713 -0.52923834
v 0.29575142 -0.44236472 -0.54392457
v -0.04167128 0.06691681 0.52130479
v -0.24664804 -0.50517011 0.22794089
v -0.02525996 -0.04787384 0.54632235
v 0.03502236 0.56415433 -0.51100439
v 0.47025242 -0.32622787 -0.50591826
v 0.57346755 0.06462909 0.19162682
v 0.27011192 0.50527030 0.22034302
v 0.47728094 -0.32326725 0.05816244
v -0.57415271 -0.02413150 -0.47091550
v 0.46587822 0.34678507 0.22051375
v -0.48645425 -0.31321931 0.04314302
v 0.21402064 -0.49771833 -0.53986913
v -0.49105528 0.24420811 -0.52775133
v 0.15252015 -0.03155059 0.45387909
v 0.53851128 -0.16495980 0.24003549
v 0.54791158 0.21783097 0.03610886
v 0.35424072 -0.44417244 0.23554437
v 0.12882988 -0.56641203 0.20449516
v 0.50410432 -0.28172678 0.19048297
v -0.47171351 0.25598064 -0.53843170
v 0.45776936 0.36010855 -0.48013157
v 0.30994394 -0.44184697 0.27015275
v -0.48744732 0.28379011 0.22471951
v -0.12363450 0.01735826 0.47109258
v 0.50662160 0.05103055 0.29362592
v -0.03574781 0.55159408 -0.52326310
v 0.51520240 -0.25749958 0.05060481
v 0.33913219 0.41893321 -0.54087067
v -0.39887846 0.41315222 -0.47426781
v -0.07540793 0.57418239 0.16522604
v -0.56738269 -0.04681828 -0.49190563
v 0.56270373 -0.02321026 0.23836868
v 0.38912672 -0.41786650 -0.50849009
v 0.56404006 0.03318046 -0.52112520
v 0.51274949 -0.22072229 0.25464287
v 0.36798093 0.20409502 0.35194984
v -0.21938267 -0.51321828 0.23485115
v 0.40990925 0.35114884 -0.53899813
v 0.43282524 -0.38503274 0.05017313
v 0.05791660 -0.56103921 -0.51288426
v 0.38060418 0.41913369 0.23499529
v -0.07006071 -0.55173385 0.24446303
v 0.13493055 -0.00329123 0.47203729
v 0.47006309 -0.26603410 -0.53752947
v -0.58275932 -0.07607786 0.14530209
v 0.39110214 -0.22784738 -0.56135243
v -0.15420035 -0.54788208 -0.50302839
v 0.00731023 -0.54842138 -0.52901125
v -0.37994674 -0.39727288 -0.52847934
v -0.44448778 0.24775693 -0.54740310
v -0.41979608 -0.35295624 0.25034067
v 0.24343778 0.51179171 -0.51503515
v 0.44078147 -0.29234120 0.29298070
v -0.53037220 -0.05943416 -0.53485101
v -0.08406121 -0.57483888 0.17885384
v -0.36003637 0.44436029 -0.49373126
v -0.57408470 -0.07976741 -0.25261125
v -0.26029319 -0.03759407 0.41888058
v -0.56377882 0.11937462 -0.46459362
v -0.02009589 -0.02766642 0.55512637
v -0.50408500 -0.26782882 0.21658595
v -0.07076374 0.52237612 -0.54186469
v 0.56731397 -0.15573050 0.04777294
v -0.55598491 0.15178850 -0.38262916
v -0.52747142 -0.07968785 -0.53582108
v -0.57040477 0.04772278 -0.47955313
v -0.47181460 0.20920289 -0.54658931
v -0.42059344 -0.31569007 -0.54275250
v 0.23726557 0.52860045 -0.48530799
v -0.23526333 0.48179355 -0.54074758
v 0.19653790 -0.54175127 0.20250250
v 0.35157436 -0.41025338 -0.53864598
v 0.56138009 0.00015971 -0.52610123
v 0.18096976 0.55356896 -0.47152838
v 0.47578573 0.34944743 -0.28705946
v 0.36103791 0.46352476 -0.01744747
v 0.57358479 -0.03080333 0.20522676
v 0.06218945 0.01392125 0.54125100
v -0.26808503 -0.29889521 0.36005864
v -0.04786554 -0.56292671 -0.51432216
v 0.11735610 0.52930331 0.26878530
v -0.51786345 0.09359042 -0.53810591
v -0.35400829 -0.44529709 -0.50130945
v 0.48874596 0.08773412 -0.55547601
v 0.46258640 -0.32430917 0.25638404
v -0.55838227 -0.01138446 0.24852745
v -0.51099867 0.20975983 -0.52428466
v 0.22058558 0.52059454 -0.51586246
v 0.04602721 -0.12563170 0.47183409
v 0.50517523 0.19041571 -0.54029363
v -0.51821142 -0.18832026 -0.52548873
v 0.52589989 -0.26085418 -0.46312305
v 0.52794403 -0.17743017 -0.52801806
v 0.47262105 0.23327662 -0.54817092
v -0.46282649 -0.30796674 -0.52444673
v -0.55513358 -0.01757542 -0.51782030
v -0.47322091 -0.28005198 0.25027618
v 0.46606115 -0.30382666 0.26523247
v 0.11781412 -0.09438282 0.45683718
v 0.55254555 -0.04545074 -0.53006333
v 0.24394685 -0.52696133 0.17383850
v -0.45154706 0.36345431 -0.45467490
v -0.54530913 -0.07710325 -0.52294040
v 0.03104320 0.02318871 0.54791701
v -0.02389221 -0.06545717 0.53615004
v -0.53757691 0.09359317 0.26696807
v 0.44283888 -0.38283074 0.01680362
v -0.09406575 0.57543892 -0.00435567
v 0.51104838 0.25805289 -0.50652415
v 0.07814056 -0.53951228 0.26012161
v 0.10253724 -0.06312985 0.48658118
v -0.33651802 0.38694417 -0.54668540
v -0.32839292 -0.41933328 -0.53932858
v -0.57376993 -0.07078040 0.06166459
v 0.55414844 -0.19248801 -0.46302390
v 0.14714985 -0.53665859 0.25192106
v -0.54547471 -0.04102270 -0.52722609
v -0.05981928 0.02675239 0.53563750
v 0.48202884 -0.27500713 0.26423833
v 0.55872196 -0.17748708 0.06427878
v -0.40852076 0.38714829 -0.50719839
v -0.47599426 -0.32298660 0.19262366
v -0.57207364 0.06073377 0.21227975
v -0.41911024 -0.40185520 -0.45827982
v -0.52746868 -0.20691383 -0.49753430
v 0.14710957 0.56397682 -0.46911061
v 0.02330600 -0.02496791 0.55190074
v 0.38901353 0.42120054 -0.50239009
v -0.30468723 0.47961012 -0.50401175
v -0.24679527 -0.49827039 -0.52138233
v -0.53851140 -0.14115906 -0.51576012
v 0.29758731 -0.49344921 0.20564078
v 0.42860261 0.37322053 0.23700027
v 0.23452955 -0.51466352 -0.51501119
v -0.11251915 0.56012923 0.20511538
v 0.29568276 0.42431590 0.29619870
v 0.14109692 0.55057734 -0.50848413
v 0.55019319 0.21301118 -0.10550325
v -0.15289129 -0.53951162 0.23455375
v -0.28007963 -0.45542344 -0.54053032
v 0.27361238 0.49028841 -0.51994836
v -0.13390270 0.00131829 0.46264744
v -0.47741622 -0.30450645 -0.50688255
v -0.07619358 0.55011916 -0.52434826
v 0.47054535 0.11710164 -0.56097692
v 0.17641449 -0.51802784 -0.53322291
v -0.21210958 0.49384087 -0.53901678
v -0.51458919 0.18895996 -0.52802342
v -0.45168227 -0.15854897 -0.55675560
v -0.02117628 0.56768441 0.22240025
v 0.07993880 0.49188635 0.30853716
v 0.00783493 0.58758134 -0.38660681
v -0.27531120 -0.33394456 -0.56132716
v 0.38000813 -0.43892640 -0.48905841
v -0.11317277 -0.57417989 -0.21642794
v -0.29155308 0.45281667 -0.53586990
v 0.53759772 0.15773045 0.24149096
v 0.07097357 0.55114138 -0.52315789
v 0.27543852 0.46837467 -0.53882653
v 0.56890053 0.09989258 0.05571092
v 0.09761074 -0.57719451 0.13022615
v -0.39327824 0.42649102 0.04663701
v 0.49781016 -0.30911288 -0.47187662
v 0.26669711 -0.51031160 0.19895728
v 0.51899445 0.18321691 0.25860450
v 0.40892971 0.37411118 -0.52730161
v 0.53906691 0.17598759 -0.51484174
v 0.46364370 0.32447472 0.24475272
v -0.49542075 0.26020354 -0.51339287
v -0.32843357 0.46865696 -0.49287975
v -0.52045190 -0.13055070 -0.53729391
v 0.56313455 0.15555081 0.05205606
v 0.54722965 0.15333007 -0.51420331
v -0.45966390 0.35401976 -0.15117887
v 0.57514018 -0.08580687 0.03574963
v -0.50083423 -0.27611566 -0.49128234
v 0.53742361 -0.16280396 -0.52313775
v 0.50640851 -0.27000946 -0.50402272
v 0.03717392 0.57274592 -0.49444827
v 0.32897171 -0.39816499 0.29530689
v 0.41752422 0.41460940 0.07127398
v 0.50688303 0.13939340 -0.54706991
v -0.52324402 0.13481003 -0.53323019
v 0.48124093 -0.18746462 0.29662928
v -0.55468404 -0.03428536 -0.51726431
v -0.55068004 0.11954894 0.23364581
v 0.42144561 0.18667975 -0.56136531
v -0.17107700 0.53637874 0.22522360
v 0.08734162 0.04677532 0.50838614
v -0.25044456 -0.51491696 -0.48844424
v 0.08182837 0.10417379 0.46878856
v 0.30327520 -0.48390353 -0.50570160
v 0.51588660 -0.21262628 -0.52840710
v 0.27885842 -0.50317842 -0.49833408
v 0.05809482 -0.22508609 0.42822948
v 0.47736284 0.30786011 -0.50941807
v 0.17592339 -0.50347114 -0.54234231
v 0.04232353 0.51059699 0.29981977
v -0.26671103 0.48484153 -0.52209830
v 0.02638696 -0.58700693 0.01294027
v -0.47967863 0.30015251 -0.50434756
v -0.48016423 0.17555396 -0.54853171
v -0.09678958 0.08146282 0.47185305
v -0.53151852 0.22342968 0.09121947
v -0.54665846 0.01281947 -0.52785021
v 0.36335966 0.45692682 -0.46897998
v 0.55167443 -0.14777249 -0.50924641
v -0.57521486 0.00429423 0.05114057
v -0.51116276 0.10540600 0.28709891
v 0.43763441 -0.35485464 0.25877962
v 0.25154743 -0.33702779 -0.56133020
v -0.36403763 0.44736844 -0.47064930
v -0.27015764 0.50498116 -0.49363133
v -0.18772925 0.49845174 -0.54108900
v -0.38657200 0.39950973 -0.51758027
v 0.43441004 -0.21705906 -0.55785877
v 0.15004918 0.53717089 -0.52218074
v 0.57104152 0.02267621 0.06006250
v -0.50481248 0.22389179 0.25541750
v -0.42856666 -0.38103172 0.18756111
v 0.31237575 0.46568456 0.24547893
v -0.21219839 0.52986825 -0.49537268
v -0.55577809 -0.15710944 0.04958413
v -0.37500575 0.32514188 -0.54925692
v 0.42064765 -0.33775163 -0.53963870
v 0.50391525 -0.29174793 -0.48923346
v 0.21811981 -0.46229154 -0.54936951
v -0.51707482 -0.22180177 0.23315834
v 0.04117073 0.58225179 -0.45914409
v 0.50641954 0.30063719 -0.39184079
v 0.49017894 0.18384694 -0.54885089
v -0.49896398 -0.16370186 -0.54280448
v -0.54318923 -0.06040324 -0.52743697
v -0.38132986 -0.42983466 -0.48664358
v 0.56735009 0.12857597 0.05235782
v 0.35676327 0.40304649 0.27430940
v 0.34831917 -0.46335062 -0.48570865
v 0.54994762 -0.13745382 0.22320090
v 0.49007386 -0.26842374 -0.52600753
v 0.29710743 0.19356686 0.38262492
v 0.54949880 0.21337990 0.11593326
v -0.37092909 -0.36675191 0.28409111
v -0.55821282 0.14746702 -0.28905731
v -0.33926910 0.45788699 0.22332236
v 0.45134690 -0.14781101 -0.56149900
v -0.32656974 -0.44237414 -0.52911556
v 0.57444876 -0.13222463 0.03468112
v -0.28068492 0.50339830 -0.46247637
v -0.53154522 0.21754913 -0.46912009
v 0.48982379 -0.31439692 -0.48821789
v 0.45000494 -0.33161607 -0.52650231
v -0.50619000 -0.22321638 -0.52472472
v -0.44539705 -0.32647568 -0.52558333
v 0.53969419 -0.14051753 -0.52671647
v -0.36943215 -0.42977890 -0.50762916
v -0.23394157 0.50931758 0.23250362
v 0.43371731 0.37641692 -0.49867085
v -0.47734833 -0.29183823 -0.52170193
v 0.49183244 -0.00628630 -0.55733252
v -0.54597574 -0.02929448 -0.52750152
v -0.16335481 -0.53271449 -0.52310753
v -0.39870080 0.32872364 -0.54616654
v 0.52613604 0.14589876 0.25954428
v 0.20816208 0.46445993 -0.54838711
v -0.24783108 -0.36566097 -0.56133723
v 0.58587652 -0.07894123 -0.39795136
v 0.07275023 -0.03834118 0.52820283
v -0.05249953 -0.57285452 -0.49053764
v -0.04514991 -0.09406777 0.49404958
v -0.08192671 0.56142437 -0.50500739
v 0.05992840 0.58052438 -0.14924307
v -0.14062364 0.53817832 -0.52179307
v -0.36322841 -0.36323932 -0.54758501
v 0.52819973 -0.20948002 -0.51496428
v 0.58279228 -0.07751063 -0.47139400
v 0.32768583 -0.45232159 -0.52271509
v -0.45478642 0.30363876 -0.53094620
v 0.07146590 -0.11881719 0.46628681
v 0.11072794 0.12128043 0.45091563
v -0.33486614 0.47265637 0.19481640
v 0.27709791 -0.51841569 -0.37485734
v 0.46770447 -0.33657515 0.04916079
v 0.58596927 -0.09561913 -0.06704298
v 0.27796203 0.50019425 -0.50331795
v 0.31537813 0.47965157 0.22295094
v -0.11840836 0.00404831 0.47980043
v -0.47554460 -0.32561180 -0.47322229
v 0.22026670 -0.04000638 0.43212697
v 0.01943983 -0.07348903 0.52625757
v 0.12353592 0.07336100 0.46228081
v 0.54920572 -0.07011679 -0.53096545
v 0.09966764 0.50290370 -0.54748660
v -0.46306631 0.34905690 -0.29190236
v 0.48366323 -0.07441166 -0.56039679
v -0.08833463 -0.08371116 0.47206590
v 0.03447830 0.12868233 0.46481097
v 0.34339872 -0.32844448 0.32570201
v 0.25092643 -0.47853991 0.27335405
v -0.25815478 -0.46669963 -0.54208982
v 0.29362711 0.49187130 0.22344305
v -0.28169119 0.49003100 -0.50945717
v -0.27179152 -0.49028718 -0.51643491
v 0.21380290 0.54331315 -0.45308402
v -0.40941653 -0.41351438 -0.09995865
v 0.47577086 0.34898248 -0.12883271
v 0.55720258 0.02154669 -0.52962381
v 0.25232980 0.47890040 0.27278641
v -0.52662718 -0.16600944 -0.52330309
v 0.35396120 -0.45509261 0.21232870
v 0.52616900 0.12815848 -0.53872138
v -0.40003729 -0.32911071 -0.54636335
v -0.57406318 -0.06388305 -0.11792117
v -0.13143277 -0.51596129 -0.53996468
v 0.28110647 -0.45463949 -0.54260665
v 0.10867891 0.03512466 0.49351683
v 0.29039857 -0.46878460 -0.52802855
v -0.49675450 -0.29733959 0.17163758
v 0.30543625 0.44403163 -0.54073620
v -0.04671468 0.04629621 0.53694284
v 0.02308555 -0.13075918 0.46907577
v 0.41526696 -0.40189183 0.04783975
v 0.46718004 0.26643941 -0.54137671
v -0.24314289 -0.47974253 -0.53941882
v -0.33556992 -0.44638559 -0.52126455
v 0.47581908 0.34943584 -0.34563643
v 0.57806140 -0.04996083 -0.48982120
v 0.01865608 -0.55760950 0.23942873
v 0.44286448 0.30375114 -0.54096115
v 0.56829524 -0.03513612 -0.51513427
v -0.46722570 0.34002247 0.18932791
v 0.32293004 0.10359177 0.38982207
v -0.03577726 -0.02223784 0.55085391
v 0.55055803 -0.17135231 -0.49821985
v 0.09081613 -0.03919819 0.50896668
v -0.40685990 -0.39676121 0.21186197
v -0.32870546 0.48129392 0.04912082
v -0.14392444 -0.01296116 0.45653325
v 0.57484990 0.09937589 0.03635292
v -0.58644080 -0.05476322 0.16222990
v -0.46199799 -0.24825646 -0.54334825
v 0.01696189 -0.58705533 0.09465936
v -0.33901766 -0.37470299 -0.54957837
v -0.38573715 -0.42448062 0.18791468
v 0.37608033 0.39863524 0.26439387
v -0.46982619 0.28448510 -0.52829593
v -0.53540969 0.07617796 -0.53177083
v 0.04885538 -0.08229715 0.51001495
v -0.16405436 0.52850169 -0.52391756
v -0.13017958 0.50639665 -0.54542118
v -0.55158985 -0.16701387 0.19496110
v 0.17698488 0.53907013 -0.50901616
v 0.05871735 -0.02467068 0.54243189
v 0.56493425 0.11559156 0.19925326
v 0.54007047 -0.18803857 -0.50882632
v 0.08085442 0.14417802 0.45141083
v 0.41718733 0.40013364 -0.49253729
v 0.22149095 -0.18761335 0.40975830
v -0.44413570 0.37870830 0.13719758
v -0.43869880 -0.35831931 -0.50635928
v 0.23207535 0.23459765 0.39411026
v -0.29994369 -0.40269750 0.30245191
v -0.45419028 -0.32326379 0.23344593
v -0.45781234 -0.35627365 0.00198375
v 0.41329929 0.41489613 0.18942359
v 0.01399705 0.57081926 -0.50035799
v -0.53790563 -0.19714335 -0.47145921
v -0.41880509 -0.36161086 -0.52371311
v -0.21121743 0.50926584 0.24751958
v -0.25277317 -0.51816303 0.13360339
v 0.52800417 -0.18718879 0.24683531
v -0.29245085 -0.42251718 -0.54789513
v -0.22088146 0.51683885 -0.51406825
v -0.00021546 0.57422304 0.21236414
v -0.41434297 0.41008052 -0.44114867
v -0.55891979 -0.08507154 0.23146337
v -0.10556637 -0.09533019 0.45507780
v -0.10834678 -0.57396924 -0.43541825
v 0.12603524 -0.57409918 -0.27962977
v -0.55402327 -0.14093730 0.21774761
v -0.27430806 0.12586816 0.40020868
v 0.09112727 -0.11929864 0.45633882
v 0.35284930 0.46875906 -0.28664181
v -0.45278934 -0.21759403 -0.55017447
v -0.56882972 0.09093644 -0.46777186
v -0.00447572 0.55475640 0.24966790
v 0.56512332 -0.14235076 -0.48316729
v -0.09712249 0.04006991 0.49104220
v 0.13238119 -0.02345066 0.46885276
v 0.48767406 0.24116527 0.26456875
v 0.25794846 0.52439809 -0.45339581
v 0.34004277 0.46938020 0.19882572
v -0.06611757 0.12826025 0.45339891
v -0.55073828 0.06803271 0.25695682
v -0.38747084 -0.41258371 -0.50593185
v -0.05382527 0.08736836 0.49475884
v 0.58664274 0.07153107 -0.07930501
v -0.51561731 -0.20665206 -0.52275777
v -0.05713127 0.57741278 -0.44981664
v 0.02854165 -0.57250708 -0.49433738
v -0.22317527 -0.40005252 -0.56131488
v 0.12814072 -0.42671710 -0.56099385
v -0.30165923 -0.47229159 0.22758342
v 0.57469749 -0.00268888 0.19531476
v 0.15673180 -0.55257159 0.22062771
v -0.36679596 0.41537151 -0.51913726
v -0.37668619 -0.37698951 -0.53921396
v 0.01093745 0.09806769 0.50254828
v -0.58607465 -0.01109151 0.18170892
v -0.57370806 -0.09391817 -0.34564409
v -0.55714554 -0.09518768 -0.50161076
v -0.52889037 -0.00193497 -0.53506017
v 0.58664292 0.06264330 -0.02306843
v -0.35531053 0.45239460 0.21450475
v -0.39070919 -0.35220414 -0.54287285
v -0.43776047 -0.36917254 0.05509154
v 0.11670289 0.55174351 -0.51482159
v -0.39168379 0.34957352 -0.54318416
v 0.01792228 -0.58662045 -0.44330409
v 0.51383138 -0.24811941 -0.51100320
v -0.01127529 0.58314502 -0.45433468
v 0.31791228 0.45921132 -0.52532053
v -0.44555825 -0.36359796 0.18758051
v -0.54059643 -0.17729746 0.22086012
v -0.49040559 -0.27607653 0.23350330
v 0.50306427 0.27915871 -0.50264227
v -0.51780194 0.18068074 0.25750747
v -0.04106646 0.56574565 -0.50828260
v 0.45766068 -0.35190740 0.05408021
v 0.35018227 -0.37449324 -0.54864722
v -0.32839516 -0.45854768 -0.51025087
v -0.19113384 -0.22024913 0.40685326
v 0.48360872 -0.31248248 0.05147463
v 0.45168161 -0.33995962 0.25580046
v 0.29499811 0.48588744 -0.51018995
v 0.34085900 0.42174259 0.27359143
v -0.07144245 0.04819690 0.51365805
v -0.49953195 0.22382680 -0.52912778
v 0.55072272 0.04729416 -0.53265625
v -0.03551736 0.11982509 0.46849287
v 0.52714491 -0.23476225 0.04911634
v 0.09327337 0.01647952 0.51487589
v 0.24674435 0.51439476 0.22643778
v -0.40674755 -0.41457614 -0.06309051
v -0.13326377 -0.56437671 -0.45837671
v 0.06040627 0.48652866 -0.55180305
v -0.19865355 0.54579884 -0.38703585
v 0.09590315 -0.56132102 0.22317833
v 0.33879814 0.46298528 0.22296585
v -0.56619674 -0.09026990 0.04102650
v -0.55908340 0.14720561 0.14020047
v -0.57244200 -0.08370420 0.20466866
v -0.55061609 -0.05480145 -0.52015036
v 0.13659722 -0.11356627 0.44727087
v 0.35994297 0.46427062 0.04929980
v -0.36193347 0.38562596 -0.54072207
v -0.53866571 0.16939054 -0.50065392
v 0.15457967 -0.51545429 -0.54049826
v -0.57378852 -0.09136181 -0.41526967
v -0.55348229 0.13841160 -0.48481724
v -0.11986413 -0.55048591 0.23232888
v 0.55039746 0.08700925 0.24588938
v 0.56784934 -0.13129470 0.05772459
v 0.55065793 0.21256439 -0.26947752
v -0.22510625 -0.53012091 -0.47631675
v 0.48810670 0.15286493 0.29385239
v -0.17832598 -0.53459656 -0.51495731
v -0.57980984 0.03557203 0.18919516
v -0.53732622 -0.09332206 -0.52868950
v -0.00192212 0.44752488 -0.56097502
v 0.57588160 0.07765070 -0.48753136
v 0.51576728 -0.27221161 0.02435752
v 0.39995924 -0.39291912 -0.52240366
v 0.03619017 -0.54196829 -0.53500158
v -0.35142934 -0.46011353 -0.06426275
v 0.56902260 0.04703886 0.04907706
v 0.39348412 0.39083433 -0.52743149
v -0.42644086 -0.37246683 -0.50493163
v -0.46788099 0.34125295 -0.45934540
v 0.25313821 -0.48164812 -0.53564477
v -0.51848161 0.11764328 -0.53752965
v 0.58693802 0.06238448 -0.37508738
v -0.41249618 0.41269419 -0.16393164
v 0.42458147 0.29434836 -0.54893047
v -0.09580239 0.10486847 0.45823187
v -0.22918496 -0.46641979 -0.54794556
v -0.47983533 0.32989615 0.12150336
v -0.25796652 0.45713270 -0.54496020
v -0.56472296 -0.12812196 0.19578126
v 0.56121635 -0.09103017 0.21939076
v -0.56328666 -0.15588248 0.09827609
v -0.01194585 -0.00080027 0.55858779
v 0.02298218 -0.52946210 -0.54252976
v 0.48144713 -0.20980239 0.29009864
v -0.52683908 0.19009414 0.23413052
v 0.56885546 -0.02334773 0.04638107
v -0.46326643 0.34847224 0.03676732
v 0.22472732 -0.41206616 0.32490644
v -0.35584390 -0.42092389 -0.52741408
v 0.47338262 -0.34944257 -0.46565667
v -0.20130309 0.44606256 0.30420595
v -0.21058837 -0.50794888 -0.52969366
v -0.40771046 0.41718543 -0.01167602
v 0.49168536 -0.29765671 0.22188257
v -0.54879105 0.03555395 -0.52650797
v -0.48976046 -0.19181819 -0.54302824
v 0.10613482 -0.54904902 -0.51718396
v -0.40251404 -0.40372193 -0.49546406
v -0.30108255 0.41940841 -0.54644293
v 0.53811127 -0.18556288 0.22420657
v -0.08958048 -0.21431318 0.42834926
v 0.55734640 -0.09325850 -0.51802123
v 0.38997579 -0.41456130 0.23844802
v 0.55161184 -0.11786970 -0.51929897
v 0.58378792 0.04692317 0.01667407
v 0.57488394 0.10934636 -0.47619450
v -0.25875467 -0.49139598 0.23842303
v -0.29280275 0.48915812 0.22054704
v -0.40715080 0.41771552 0.01619934
v -0.04626668 -0.11367756 0.47039014
v -0.43392378 -0.29490662 -0.54407007
v -0.25028765 -0.43095380 0.30596256
v 0.51583761 -0.23937871 0.23415726
v 0.39734870 -0.34337080 0.29669726
v -0.57821476 -0.09200045 0.11167817
v 0.01845530 -0.09553866 0.50549954
v -0.22733080 0.48436680 0.26351571
v -0.51743913 0.23902164 -0.49100327
v -0.46318427 -0.32331020 -0.51127225
v 0.56854713 -0.08610453 0.17979488
v -0.34421343 -0.43072855 0.25041562
v 0.41077110 0.36371729 0.26341015
v 0.13230327 0.56705391 0.03898049
v -0.48292112 0.31801516 0.18759181
v -0.18167341 0.52600968 -0.52166057
v -0.31538758 -0.48694506 -0.45937085
v -0.38553280 -0.42102426 0.05598185
v 0.52843881 0.25483242 0.20267348
v 0.40139636 -0.27645090 0.31913504
v -0.11570804 -0.07131825 0.45831960
v 0.45538419 0.36876246 -0.45648149
v -0.34189701 -0.03939781 0.38433704
v -0.37803990 0.36638668 -0.54193449
v -0.52207339 -0.25674531 0.11908869
v -0.11914462 -0.53966445 -0.52768213
v -0.46249110 0.01754593 -0.55574185
v 0.11882714 -0.52684337 -0.53934956
v -0.25865683 -0.50313777 -0.50782859
v 0.11419189 0.56559741 -0.48526379
v 0.31693077 0.47255903 -0.50848204
v -0.29331598 -0.44048762 -0.54274154
v 0.45674530 -0.29269531 -0.53699178
v 0.08957099 0.54556793 0.25178128
v 0.44466072 0.37520385 -0.48574620
v 0.08155550 -0.54614735 -0.52772290
v -0.57361424 0.06469256 -0.46036881
v 0.08043915 -0.53168303 -0.53993803
v -0.50727469 -0.27326256 0.04921997
v 0.52391559 -0.24810015 -0.49281535
v -0.14093678 0.54959369 -0.50609213
v 0.40403315 0.41849875 -0.47029546
v -0.38933736 -0.41332060 0.21540211
v -0.53653187 -0.22705358 0.16305368
v -0.43394038 0.35969284 -0.50396430
v 0.09482308 -0.57645267 0.19328249
v 0.48259065 0.21139288 -0.54804671
v -0.39082637 0.41473994 0.21951041
v -0.48548028 0.31468430 -0.44996572
v 0.25774062 -0.50467628 -0.51374078
v -0.11739577 0.05866426 0.46297368
v -0.51601124 -0.22508577 -0.50952649
v 0.21538985 0.49582210 0.27412114
v -0.37446222 0.43365338 -0.48631001
v -0.29421434 0.47167549 -0.52075177
v -0.45018685 0.28411734 -0.54017442
v 0.17599997 0.52891690 -0.52320051
v 0.40273768 0.40770337 -0.50149095
v -0.01107809 -0.11109120 0.48614937
v 0.01377424 0.58697319 -0.43296540
v -0.00094259 -0.03524811 0.55200773
v -0.01465782 -0.58685714 -0.43844852
v 0.03332376 -0.58255839 0.05068716
v -0.20426837 -0.47099277 0.29183224
v 0.12885450 0.51753187 -0.54229647
v -0.51760232 -0.26044413 0.17378624
v 0.28024969 -0.49190402 -0.51303649
v -0.52676010 0.20364891 -0.50008154
v -0.03983973 -0.46214274 -0.56130975
v 0.43096468 -0.40645695 -0.42473012
v -0.41854823 0.39151153 0.20104106
v 0.14633426 0.52642959 0.26511413
v 0.55775601 -0.18977894 -0.13068609
v -0.55306035 -0.14533031 -0.48275778
v -0.19718176 -0.54201770 -0.47391433
v 0.42605206 0.33262256 -0.53869402
v 0.05619302 0.56595379 0.22187683
v 0.50016022 -0.24317431 0.26159137
v -0.32633072 -0.47410196 0.17966916
v -0.48188984 0.30996406 -0.47948647
v 0.32432199 -0.46990842 0.22994335
v 0.01002729 0.06354193 0.53744364
v 0.54580897 -0.11691653 0.24641907
v 0.03446379 0.09178395 0.50537932
v -0.19984002 -0.48530558 -0.54496211
v -0.20794713 0.46921313 -0.54758841
v -0.41916785 0.37041995 -0.51506442
v -0.46601683 0.30458984 -0.52101046
v -0.45127240 -0.03497855 -0.55914313
v 0.42370024 0.31660005 -0.54506248
v 0.46341723 0.36012858 0.04616167
v -0.45646536 0.27633199 0.26652029
v 0.04866707 -0.58239514 0.19295827
v -0.49453837 0.21202430 0.26853466
v -0.01121190 0.53352237 0.28185254
v 0.56387347 0.16687466 -0.17906654
v 0.23128162 -0.52715248 -0.49611446
v -0.01049128 -0.56078368 -0.51729077
v -0.04710064 -0.55783659 0.23871559
v -0.12453648 -0.03014306 0.47054708
v 0.53992361 -0.23015116 -0.46182701
v -0.50363046 0.28865090 0.14290904
v 0.43165705 0.34585565 0.25821164
v -0.52813143 0.05525674 -0.53485459
v -0.05877140 0.51852417 0.28606108
v 0.50190771 -0.25790295 0.24806204
v -0.26699540 -0.51771462 -0.22898543
v -0.56563729 -0.07406920 -0.48994574
v 0.11343283 -0.56750083 -0.48282734
v 0.21987934 0.54128349 -0.10005041
v -0.56059784 0.03865044 -0.50494438
v -0.27905306 -0.50987160 -0.44827053
v 0.14488576 -0.56208807 -0.47435722
v 0.41319764 -0.40414682 0.20764601
v 0.32925847 -0.42335063 -0.54114515
v -0.35721281 -0.23363143 -0.56134003
v -0.56098640 0.13132268 0.00903535
v -0.54247260 -0.12826194 0.23724076
v 0.55013418 0.21315283 -0.05865567
v -0.49206823 0.14456432 0.29382950
v 0.56896555 -0.06984539 0.04649131
v -0.57520926 0.03254377 0.20903940
v 0.45820823 -0.26980346 0.29116145
v 0.13333008 0.03427884 0.46811500
v -0.26045546 -0.15630123 0.40378380
v -0.58688414 0.01605731 0.14092174
v 0.25691563 0.45940214 -0.54531729
v 0.19795617 -0.52821803 -0.51451582
v -0.41175494 0.35465366 -0.53069198
v -0.36863273 -0.44691795 -0.45744178
v 0.47319382 -0.07421678 0.31816408
v -0.33542100 0.47626278 0.00084238
v 0.42941836 0.35333940 -0.52437824
v -0.34650490 -0.43356338 -0.52497405
v 0.43171397 0.40301460 0.11253886
v 0.33916259 -0.45860383 0.23092037
v 0.01230320 0.11759637 0.48049647
v 0.42099509 -0.41346672 -0.45319921
v -0.25599673 0.47477174 -0.53688538
v -0.44730887 -0.08252671 -0.56100881
v 0.58668411 -0.09076694 -0.14079824
v 0.00088764 -0.13399266 0.46228611
v 0.40786546 -0.36562005 0.27543166
v 0.16002317 0.54322290 -0.51281977
v 0.24960564 0.33081925 -0.56132889
v 0.43379152 0.39078194 0.04720494
v 0.09192850 -0.09956543 0.46884817
v 0.04140635 -0.04180706 0.54126960
v 0.25930017 0.51039815 -0.50582206
v 0.00020165 -0.06071078 0.54003549
v 0.37365639 0.44576171 0.19736108
v -0.53876972 0.11785791 0.25695229
v -0.11700547 0.54547781 -0.52094883
v 0.39671123 -0.37235013 -0.53560448
v -0.57357198 0.02319855 -0.48049477
v 0.03577118 -0.11006819 0.48882422
v 0.46985945 -0.35519946 -0.14956394
v -0.23381472 -0.51752955 0.21514793
v 0.18274368 -0.55492210 0.02515832
v 0.48954788 -0.29609171 -0.50542670
v 0.17987101 -0.55443168 -0.46400726
v 0.05282741 -0.49192736 -0.55349648
v -0.00010607 0.51915669 -0.54340112
v 0.10754250 -0.08336718 0.46928942
v 0.54879397 0.20148227 -0.47012055
v 0.08457407 -0.57614446 -0.45715642
v 0.37235066 -0.45341173 -0.01306146
v 0.37555504 -0.36411661 0.29586896
v 0.42210558 -0.41276819 -0.26966083
v 0.09252291 -0.51475424 -0.54590482
v -0.38846099 0.43135449 -0.44916189
v 0.46008787 -0.36752385 -0.46084437
v -0.40733132 -0.30131605 -0.54897642
v 0.08596078 -0.27823648 0.40928340
v 0.49341649 0.30102286 -0.49194127
v -0.42883304 0.22798666 -0.55038488
v 0.50868958 -0.29024529 -0.46962580
v -0.26698431 -0.51689553 -0.17025906
v -0.10049617 -0.53834927 0.25774679
v 0.57121843 -0.09074605 0.14487781
v 0.46901438 0.35905835 0.17862822
v 0.46420857 0.34638721 -0.49235272
v 0.31855643 0.48222989 0.19950356
v 0.54911172 -0.09385202 0.24780142
v 0.56180656 0.08640607 0.22397855
v -0.45621818 0.01933775 0.32651398
v -0.37022051 0.39859203 -0.52939165
v -0.48851034 -0.31121826 -0.39827979
v -0.46320271 0.26944813 -0.53894335
v -0.02438160 -0.12242554 0.46815938
v 0.22145046 -0.48157552 0.28148088
v -0.46121129 -0.34372559 0.19395749
v 0.46949512 0.01800489 -0.56137258
v 0.54842031 -0.21518816 -0.37223461
v -0.53764737 0.06444706 -0.53108579
v -0.52628434 0.23418266 0.15383452
v 0.49929217 0.21075240 -0.53939497
v 0.15511879 0.51475805 -0.53901422
v 0.13781969 -0.52464956 -0.53698945
v 0.10792541 -0.56998038 0.20391604
v 0.16552976 -0.52627361 0.25903687
v -0.18941604 0.51328093 0.25416821
v 0.55812597 -0.18770821 -0.06005298
v 0.22863236 -0.49652806 0.26454905
v -0.58552790 -0.03765915 0.17793329
v 0.37522671 -0.37594983 -0.54346567
v 0.24922042 0.05957505 0.42113027
v 0.54791850 -0.18304682 0.14993897
v 0.15075539 -0.01129725 0.45745358
v 0.22978675 -0.51213408 0.23979449
v -0.15188496 -0.50291574 -0.54358101
v 0.49172691 -0.29920173 0.05175861
v 0.56905037 0.07022293 0.05020776
v 0.48053092 0.32686806 -0.48173276
v 0.02586808 0.54991817 -0.52427709
v 0.51813293 0.28213474 0.19754423
v -0.35283732 -0.39320874 -0.54187846
v -0.49491483 -0.24672076 -0.52519357
v 0.46412125 -0.31387913 -0.52440512
v -0.26349914 -0.50657856 0.19457799
v -0.41988713 -0.39529067 0.01268830
v 0.07567737 0.52382141 -0.54114300
v 0.08171103 -0.08214910 0.49013874
v 0.52172625 0.23395954 -0.50614083
v -0.07309952 0.57859832 -0.10943787
v 0.58669722 -0.00003864 0.01406006
v 0.47581682 0.34890908 -0.08194336
v 0.36986616 -0.42833576 0.24113782
v 0.24649353 0.34069073 0.35384950
v -0.47951779 0.15317903 -0.54977411
v -0.26327416 0.50000370 0.22709838
v -0.06823280 -0.08753494 0.48731351
v -0.42565501 -0.39871138 -0.29804081
v 0.48454580 0.33572423 0.04222297
v 0.53704458 -0.11718098 -0.53444600
v 0.56047106 0.16537990 0.17282827
v -0.40550229 0.30294466 -0.54798484
v 0.57303733 -0.05633746 0.16958712
v -0.27584004 -0.49128395 0.21991701
v -0.30410895 -0.49765068 -0.39854747
v 0.02930780 -0.51861650 0.28067541
v 0.56765860 -0.13415989 0.09082194
v -0.56190252 -0.03554384 0.23729549
v -0.52696246 -0.23206170 -0.41563624
v 0.52100641 0.15408041 -0.53729576
v -0.11141673 -0.57388717 -0.32166123
v -0.18095946 0.55185223 0.04554988
v -0.53089005 -0.11655388 -0.53096998
v -0.45393196 -0.35787046 -0.47039333
v -0.39531577 -0.38609374 -0.52534783
v 0.18743369 -0.52413070 0.25400561
v 0.44972366 0.15065308 -0.56139445
v 0.44370380 -0.38887161 -0.45458341
v 0.45460588 -0.35840580 -0.49264857
v 0.44358516 -0.35123643 -0.51959616
v -0.54023433 0.13642073 0.24851102
v 0.04822406 -0.58604819 -0.39585987
v -0.04905962 -0.03596079 0.53721511
v 0.53030139 -0.08397004 -0.54029834
v -0.49217069 -0.26688182 -0.51828068
v 0.15089458 -0.56197625 0.19598243
v -0.06276660 0.06888760 0.50801975
v 0.07071365 -0.58116829 0.19451898
v -0.48012868 0.18083899 0.29151955
v -0.33418220 -0.47382563 0.08913559
v -0.15921773 0.54952621 0.20754343
v 0.12548225 0.01073142 0.48226076
v -0.53893161 -0.16581471 -0.50554746
v 0.23596899 0.48409417 -0.54241806
v -0.41995609 0.40571228 -0.33971345
v 0.33454153 -0.39376280 -0.54769731
v 0.58684725 0.05874696 -0.42150065
v 0.02339790 0.05012178 0.54201233
v 0.08311985 0.57359022 0.18169339
v -0.46481532 -0.34369287 0.04355043
v -0.39632282 -0.42446443 -0.45771423
v -0.50493914 0.26978818 -0.48497486
v -0.49596334 0.29680067 -0.38915083
v -0.58452249 0.01161947 0.18601801
v 0.56187820 -0.04904269 0.23642008
v 0.38321736 0.34322014 -0.54837966
v 0.37275875 0.42946699 -0.51276624
v 0.46823874 -0.32665172 0.23478021
v 0.55240130 0.18336208 0.19032148
v -0.55183184 -0.12251760 -0.50062877
v 0.29195336 0.50778729 -0.45517066
v 0.53761989 0.20205396 -0.49961859
v -0.53794402 0.12828669 -0.51863974
v -0.48016790 0.11942972 -0.55068016
v 0.41085926 -0.41467983 -0.48030445
v -0.15673722 0.55247360 -0.48464331
v -0.31285748 0.48251587 -0.47819808
v 0.41367790 -0.41165498 0.02428498
v 0.25877193 0.44909114 0.29453254
v 0.54001272 -0.14111073 0.24690920
v 0.12232606 0.54950356 0.23578833
v 0.47578248 0.34939942 -0.38075373
v -0.01183545 0.12381718 0.47150788
v -0.51239330 0.26553178 0.17931388
v -0.15268233 -0.56140447 0.10109837
v -0.30123940 0.39401871 -0.54973626
v -0.07308766 0.00408966 0.52999347
v -0.39163095 0.26825547 0.31302372
v 0.54207617 -0.21596155 0.08657703
v 0.09119558 0.56440878 0.21665901
v -0.08412524 0.01473742 0.51546794
v -0.54543537 -0.15273783 0.22632690
v -0.11855851 0.56560260 0.17312308
v -0.37374616 0.44496968 0.04516276
v 0.53270781 0.10689245 -0.53775531
v 0.50468040 0.16476195 -0.54584491
v 0.43842956 0.28185514 -0.54861778
v -0.03801977 -0.55159235 -0.52690989
v -0.57375652 -0.09298463 -0.38073292
v 0.56119317 0.05803845 -0.52113932
v 0.54197931 -0.20747221 -0.48593077
v -0.42830783 -0.39472872 -0.35827759
v -0.49947971 0.29407585 0.18323238
v -0.03461491 0.14085999 0.45377085
v 0.31775090 0.44019362 0.27368343
v 0.36318120 0.44531232 0.22212449
v 0.11108964 0.57408446 -0.45281300
v -0.46849352 0.32791555 0.20903838
v -0.47986710 -0.21900010 -0.54184735
v -0.48060232 -0.13093257 0.29646900
v 0.11556432 0.09296807 0.45684955
v 0.17799115 -0.55153918 0.19667408
v 0.12210396 -0.04796048 0.47141060
v -0.05427543 0.43502876 -0.56133670
v -0.58364683 0.04001796 0.11264952
v -0.47510228 -0.33049035 0.11127868
v 0.07841024 -0.06095072 0.50918406
v -0.16225685 -0.55814755 0.04243577
v -0.50620580 -0.04768318 0.29222742
v -0.14844537 0.43671185 0.32460853
v 0.02348912 -0.58729064 -0.03485521
v -0.01405539 0.08827082 0.51024145
v -0.13653415 0.51853436 0.26454142
v 0.09019110 -0.01084007 0.51746535
v -0.43696296 0.38285127 -0.43866658
v 0.36084348 0.41933161 0.25839126
v 0.58661401 0.07879975 -0.13465473
v 0.39618868 -0.32814735 -0.54918176
v -0.47352204 -0.33253667 0.07406147
v 0.10638628 0.05923878 0.48496506
v -0.55760986 -0.11820412 0.22373264
v -0.07344213 0.56545913 0.20779982
v -0.23800035 -0.45571607 0.29156405
v -0.44685784 -0.12310883 -0.56101441
v 0.06710394 0.04731615 0.52635288
v 0.47589400 0.34889513 -0.15809596
v -0.37668914 -0.33985439 -0.54890203
v 0.18383633 -0.01109740 0.44566727
v -0.53301263 0.22175042 -0.20808733
v 0.19136478 -0.43909061 0.31825599
v -0.14959493 -0.55059350 0.20748450
v 0.25769100 -0.45992467 0.28442922
v 0.52961373 -0.22720492 -0.50096416
v 0.07792631 0.01558844 0.52949047
v -0.27207312 -0.38955528 -0.55627424
v 0.17801161 -0.47625557 0.29883233
v -0.29924005 -0.49403962 0.03092496
v 0.58666420 -0.02340087 0.01410280
v -0.34420064 0.46277446 -0.47607926
v 0.56995976 -0.05251360 0.06889944
v -0.02590506 0.57325876 -0.49119759
v 0.04800771 0.04300676 0.53805256
v 0.48223543 -0.10312541 0.30878669
v -0.02216703 -0.56153589 0.23557752
v -0.45822459 -0.34050626 -0.49515414
v -0.09317242 0.57115966 -0.47439346
v -0.00565608 -0.58734447 -0.35679236
v -0.01390665 0.10534803 0.49169669
v 0.19437405 -0.54484135 -0.48770672
v 0.13694482 -0.55332518 -0.50010777
v 0.02189470 -0.58758026 -0.08779422
v 0.47576949 0.34878427 0.00513174
v 0.15339388 -0.26863712 0.40306973
v 0.55150729 0.20506710 0.16518015
v 0.46555385 -0.24540313 0.29280320
v -0.40962017 0.41058123 0.04998418
v -0.06676864 -0.55903256 -0.51839370
v -0.39445210 -0.08220039 0.35735154
v 0.48344001 -0.11146366 -0.55780351
v -0.07198690 -0.53900975 -0.53652596
v -0.17165840 -0.48640981 -0.54705757
v -0.23430930 -0.51017189 -0.51562619
v 0.58677053 0.07602246 -0.19325832
v 0.13117990 -0.21109973 0.42369327
v 0.53925896 0.07978647 -0.53623748
v -0.18341753 -0.50774050 -0.53587264
v 0.40586251 0.41365293 0.20883489
v -0.51653570 -0.25213996 -0.47569501
v 0.16391668 -0.55180550 -0.49092281
v 0.36043635 0.46399894 -0.05241915
v 0.45122153 -0.18155433 -0.55900723
v 0.45409343 0.36750653 0.20545575
v -0.41534021 -0.16421646 -0.56131649
v 0.57398313 0.07999430 0.16157672
v -0.55482465 0.03543174 0.25383684
v -0.57399148 -0.05232869 -0.46707979
v -0.45348865 0.33695084 -0.50388151
v -0.17811315 0.55319065 -0.16779631
v 0.28274548 -0.33124572 0.34582195
v -0.31265911 -0.43756518 0.26808739
v 0.09673728 0.08688401 0.47392842
v -0.39935735 0.37570849 -0.52612936
v -0.53878838 0.15473787 0.23725864
v -0.11919449 -0.56110823 -0.49158415
v -0.09807454 0.41166329 0.34830466
v 0.40451321 0.41575596 -0.48685342
v -0.53873616 0.09361455 -0.52790642
v -0.36989161 -0.41004884 -0.52617532
v -0.46915558 0.06993341 -0.55356592
v -0.49065211 -0.30302048 -0.47332329
v 0.57709640 0.12026257 -0.02129537
v -0.19905846 -0.52424467 0.23150809
v -0.56821698 -0.02074480 -0.49278730
v 0.57354695 -0.00531059 -0.50763780
v -0.40805739 -0.40201500 0.18779075
v -0.30712053 0.43581969 -0.53987968
v 0.12893128 0.56061375 0.20019372
v -0.05087873 0.56455064 0.21906905
v 0.39932436 0.32898173 -0.54785335
v -0.14643224 -0.50425118 0.28401926
v 0.32078478 0.48996857 -0.45599741
v 0.56302702 -0.07814862 -0.51421052
v -0.33478227 0.47711676 -0.36320636
v -0.48971185 0.24516843 0.25759527
v 0.27608377 0.48791158 0.24259220
v 0.15756983 0.55909264 0.14713161
v 0.20770441 0.14376786 0.42249018
v 0.57331669 0.02330184 0.03886325
v -0.06615426 0.57331187 -0.48021138
v -0.41115093 -0.41409770 -0.20927541
v 0.24260484 0.52254725 0.19565204
v 0.07670159 0.57638264 -0.47493041
v 0.56484348 0.12709543 -0.49175617
v -0.52520323 0.17514147 -0.52214962
v -0.03506914 -0.07921093 0.51547116
v 0.57154834 -0.05957362 0.20476289
v 0.54834116 -0.21680985 -0.32192454
v 0.37918860 -0.43824586 0.19485506
v -0.38544422 0.09259288 0.36072037
v -0.39417747 -0.17418239 0.34283739
v -0.52042866 -0.10607204 -0.53835231
v -0.10019351 0.01091245 0.49899456
v 0.44925523 0.35305241 -0.50452483
v -0.53252506 0.11491461 -0.52922183
v -0.35869706 0.43006915 -0.51248485
v -0.30147761 -0.30149072 -0.56133634
v 0.58667481 -0.08915717 -0.18733782
v 0.10656614 0.52929312 -0.53783941
v -0.44909450 -0.36777103 -0.11410868
v -0.11608113 -0.56374365 0.19205695
v -0.38952649 -0.42864844 -0.02537255
v 0.56974649 -0.11141146 0.11752476
v -0.28145415 -0.49876994 -0.48474932
v 0.33950499 0.44572982 -0.52379853
v 0.56117725 0.17637549 0.03085753
v 0.09207008 0.57400894 0.14310591
v -0.56893355 -0.10527048 -0.44865093
v -0.15275133 -0.17363909 0.42739910
v 0.23941548 -0.52993876 0.03641865
v -0.54658639 -0.17123884 -0.47032902
v -0.54215205 -0.19935048 0.04127200
v 0.44064090 -0.38978049 -0.15776718
v 0.19932538 0.52688336 -0.51776546
v -0.56064939 -0.16956837 0.15398255
v -0.15563142 0.51171529 -0.53917158
v 0.27732316 -0.51828593 -0.21618089
v -0.51914400 -0.15046866 -0.53363907
v 0.28515449 0.45921123 0.27355793
v 0.40663889 -0.41788548 0.17823243
v -0.19029640 -0.54494083 0.13636519
v 0.50430292 -0.28869665 0.08943025
v -0.00062034 0.47913593 0.31706005
v -0.00170836 -0.47454908 -0.56043512
v -0.24594861 0.28325218 -0.56125820
v 0.46051037 0.24749227 -0.54915947
v 0.30554271 -0.41707280 0.29375887
v 0.56380737 -0.15978569 -0.46441239
v 0.08694448 0.56128275 -0.50640321
v 0.47571903 0.34928387 -0.41496822
v 0.36861867 -0.45641026 -0.45656043
v 0.48043045 0.31709203 -0.49858186
v -0.38198340 0.41741776 -0.50226933
v 0.01754944 -0.58817893 -0.29036218
v -0.24565437 0.51484257 -0.49889421
v -0.10291987 0.52481061 0.26712379
v 0.52562541 -0.22087586 0.22309937
v -0.13477622 0.17653273 0.43061197
v 0.44216013 0.19130778 0.31303820
v -0.19173269 -0.53523278 0.20909764
v 0.57733047 -0.12715621 -0.03114069
v 0.46386391 -0.35125020 0.08399145
v -0.07604942 -0.57798713 -0.45042282
v -0.03453709 -0.58037049 0.17657311
v 0.58590382 0.02343666 -0.47699174
v 0.33395442 -0.47043318 0.20694330
v -0.13097371 -0.53573382 0.25182438
v 0.31787905 0.49195570 0.00092276
v -0.56085855 -0.05679711 0.23565692
v -0.51408148 0.21583953 0.23988701
v 0.08389457 -0.44530711 -0.56122500
v 0.34366477 0.46687543 -0.47997978
v -0.58051932 -0.07863559 0.17720951
v 0.03554103 -0.45606178 -0.56136233
v 0.23228265 -0.49978790 -0.53011823
v 0.41576409 -0.38532883 0.25369069
v -0.13294832 -0.55200827 -0.50688845
v 0.06257553 0.57419634 0.20147283
v -0.35617501 -0.45377064 0.17919648
v 0.54060745 -0.01602111 -0.53666127
v 0.35743272 -0.44785088 -0.50651091
v 0.52466345 -0.24864396 0.12452684
v 0.39809310 -0.39763308 0.25397778
v -0.54335165 0.18943793 0.14633901
v -0.08675825 -0.11292878 0.45649037
v 0.23942266 -0.53066880 0.07992782
v 0.08568282 -0.56396121 -0.49965876
v 0.54033512 -0.19320153 0.18798606
v 0.52398294 -0.25226358 0.08823444
v 0.39528719 0.42960811 0.18718226
v 0.49362901 -0.21927811 -0.53714567
v -0.15890855 0.38816229 0.34903628
v 0.54891759 0.06448273 -0.53290367
v -0.46914560 -0.33826974 -0.45668331
v 0.37509617 -0.45325601 -0.11475527
v -0.39688039 0.33884755 0.27850914
v 0.42360073 0.39933074 -0.47349605
v 0.44802916 -0.35242382 0.23952965
v 0.19443555 0.55098122 -0.36958572
v 0.35398424 -0.38229215 0.29398221
v 0.37939629 0.44214767 -0.47904310
v -0.41500342 0.41031614 -0.20473197
v -0.02593246 0.53984362 0.27173451
v -0.49888405 -0.24655043 0.24150105
v -0.45463055 -0.28350908 -0.53786469
v -0.01081347 0.03158860 0.55132109
v -0.31942254 0.47168458 0.22132269
v 0.50246781 -0.28082356 0.04986142
v -0.32454166 -0.39894852 -0.54730505
v 0.45130518 0.06277998 0.32956111
v -0.31157112 -0.42594317 -0.54272002
v -0.38280916 0.43609801 0.18162063
v 0.13193665 -0.52493894 0.27057961
v 0.46129134 -0.36539063 -0.06455357
v -0.45950636 -0.34833473 0.15098181
v -0.21788293 -0.53807563 -0.06812532
v -0.29119146 0.49323067 -0.49165121
v 0.11122990 0.57603902 -0.04019218
v -0.05313326 -0.49953350 0.29937178
v -0.31177112 0.48596817 0.20351104
v -0.47451246 -0.17438343 0.29082966
v -0.32087147 0.48883966 0.14371337
v 0.54879594 -0.21584825 -0.19389489
v -0.00007154 -0.53096026 -0.54256964
v 0.58623093 -0.00533591 -0.47214505
v 0.10979675 0.57468641 0.00976814
v -0.48224470 -0.27246192 -0.52590215
v -0.53225285 0.22316779 -0.34376305
v 0.58675104 -0.08298075 -0.03164513
v -0.43002611 0.37410176 0.21126500
v -0.55534202 -0.00041157 -0.51764578
v -0.11755452 0.56759721 -0.36921731
v 0.39487860 -0.43485257 -0.46074080
v 0.37208974 -0.43538648 0.22446622
v -0.49873906 0.28941494 -0.46076325
v -0.44009620 -0.37778831 -0.44169429
v 0.56131995 0.00017545 0.24129122
v 0.39529836 -0.42949542 0.14862777
v -0.47024870 0.09658150 0.31488296
v -0.56593680 -0.10448876 0.21533847
v -0.10396037 -0.14469677 0.44515443
v 0.51614231 -0.27270383 -0.48276052
v 0.20061611 0.51020348 -0.53232652
v -0.04679342 0.53690541 0.26944527
v 0.47555593 0.34935367 -0.19328737
v -0.00021250 -0.56958348 0.22305566
v -0.05795166 0.56444424 -0.50699753
v 0.28828010 0.51287073 -0.40998325
v 0.52978873 0.20020010 0.23395616
v -0.48890015 -0.31020996 -0.01817880
v -0.26541841 0.51687247 -0.12169995
v 0.12295011 0.54081219 0.25470245
v -0.45156512 0.35018444 0.20797847
v -0.48142448 -0.32096159 0.15492751
v -0.09928351 -0.51744533 -0.54384649
v 0.05272377 0.24010347 0.42558309
v 0.48451215 -0.03343068 0.31259948
v 0.56095672 0.14392869 0.19548607
v -0.53406066 0.21514973 -0.40285835
v 0.33688197 0.26329502 -0.56132352
v -0.53301752 -0.20201620 0.21580593
v -0.07058976 0.10247786 0.47161213
v 0.20265642 0.53849655 0.20227408
v -0.53978688 -0.11594360 -0.52057081
v -0.52933466 0.03490480 -0.53460777
v -0.18249913 0.55036354 -0.45461711
v 0.47562447 0.34942144 -0.22257930
v -0.53413522 0.21994685 -0.28189984
v 0.16559935 -0.39426604 -0.56133926
v 0.11066030 0.01128711 0.49759042
v 0.46755183 0.08832198 -0.56134635
v -0.42065009 0.17082117 0.32646000
v 0.28308326 -0.43637586 0.29024205
v 0.06146709 0.12808532 0.46035048
v -0.18813474 0.54747027 0.11333539
v -0.39469138 -0.35065493 0.27630341
v 0.07687370 0.57268620 0.04799010
v 0.58675331 0.07036591 -0.29280290
v -0.16484374 0.51543009 0.25984102
v -0.41204590 -0.41271973 -0.16969304
v -0.19572052 0.13287626 0.42490298
v -0.58652329 -0.01616540 0.14820743
v -0.43048769 -0.23667683 0.30368346
v -0.09967162 0.57383621 0.09428619
v 0.50602323 0.30143902 -0.19301338
v -0.41190225 -0.41230211 -0.13496459
v 0.28465614 -0.51318556 -0.15352796
v 0.56628066 0.14771187 0.12873489
v 0.02978954 -0.01824702 -0.56136101
v -0.25944436 -0.52056259 -0.38520837
v 0.41753566 -0.31920931 0.29542130
v 0.36574695 -0.45914310 -0.29888073
v -0.56278282 -0.13509892 -0.05213653
v -0.45200548 -0.03682500 0.32880640
v 0.37832269 -0.40110233 -0.52969575
v -0.28767985 0.35577098 0.32622892
v 0.57461458 0.08102880 0.12451182
v -0.09409055 0.52666688 -0.53944618
v 0.58619529 -0.04401259 -0.46744949
v -0.18652844 0.55023426 -0.25014418
v -0.10560083 -0.04038436 0.48381987
v -0.19572611 0.53937310 0.20241109
v -0.11119368 -0.57435292 -0.26918596
v -0.41654506 0.40888172 -0.24028647
v -0.40955377 0.41552624 -0.07597374
v 0.02878673 -0.57600480 0.20864852
v 0.50493491 0.30541933 0.19455466
v -0.56950217 -0.14246528 0.15656926
v 0.12752931 0.57365304 -0.31526983
v -0.53028047 -0.03569001 -0.53478026
v 0.31452575 -0.48034129 0.22047240
v -0.08149746 0.57730669 -0.05660514
v 0.31182110 -0.40508816 -0.54905140
v 0.23033638 -0.52882403 0.19477585
v 0.50797564 0.08861239 0.28984445
v -0.17380674 -0.48483214 0.29125786
v 0.43441078 -0.39821512 -0.21861054
v 0.05130144 -0.54952705 0.24851047
v 0.05552671 0.29603413 0.40737778
v 0.04238019 0.35373938 0.38219801
v 0.38447541 0.37426648 0.27370003
v 0.55193025 0.20609894 -0.44148988
v -0.20892790 -0.31040516 0.37385869
v 0.51139688 -0.29054904 -0.31722936
v -0.27941775 -0.47630525 0.24406467
v -0.11332840 -0.55073601 -0.51657915
v -0.07898267 -0.01514217 0.52192742
v 0.37265804 -0.35217577 -0.54886740
v -0.49746618 0.29314476 -0.06430013
v 0.42904493 -0.39496627 0.13231072
v -0.33169588 0.47910735 -0.17701472
v 0.50852209 0.29492581 0.04447328
v 0.41345090 0.25098747 0.31237161
v 0.32186851 -0.05079140 0.39539987
v 0.05928649 0.06516211 0.52195269
v -0.41256359 -0.32693434 0.27763379
v -0.46089473 0.35235834 -0.08106642
v 0.01665489 0.57378763 0.04894301
v -0.56091881 -0.14226145 0.00134397
v 0.36979014 -0.17832570 0.35940787
v 0.18248813 0.11007057 0.43596950
v -0.45222613 -0.29861680 0.26269147
v 0.36383069 0.31712031 0.31475997
v 0.34228787 -0.43733302 -0.52708071
v -0.33428103 -0.47689644 -0.25670841
v -0.42477298 -0.37686816 0.21334736
v 0.48861629 -0.04244059 -0.55945122
v 0.42318773 -0.25374395 -0.55463111
v -0.42817703 0.35154814 -0.52282333
v 0.55016559 -0.02169361 0.25474265
v 0.24136271 0.16652633 0.40792647
v 0.34849688 0.46891522 0.14927937
v 0.50626910 0.30094093 -0.33377683
v -0.47348955 -0.30133277 0.22988525
v -0.23331654 0.50037879 -0.52409023
v 0.48723063 0.33007810 0.19820282
v 0.40067968 0.42427665 0.03969619
v -0.19806586 -0.52843738 -0.51240301
v -0.42051670 -0.40503258 -0.24765410
v 0.21716148 -0.54074860 -0.45376244
v 0.50585389 0.30179253 -0.11097708
v 0.12365992 0.57302463 -0.38521633
v -0.35598308 0.43190917 0.23939836
v -0.32858366 -0.26927677 -0.56133276
v -0.36894187 -0.44549787 0.00979928
v -0.01138378 0.07010369 0.53018755
v -0.55028021 0.16484173 -0.47743878
v 0.50934136 -0.29479632 -0.17040990
v -0.30382487 0.26368234 0.35806772
v 0.14709891 0.06187653 0.45359510
v 0.54893112 -0.21605802 -0.25841656
v 0.57016891 0.13765197 0.08411463
v -0.40028116 -0.42452407 -0.28846225
v 0.18101406 0.49890283 -0.54333228
v 0.56895167 -0.04664520 0.04532739
v 0.38825995 0.01810860 0.36689004
v -0.55502212 0.15280248 -0.45245704
v -0.34950945 -0.12763612 0.37370411
v -0.53145695 -0.22409290 -0.19309427
v -0.32469249 -0.48109862 -0.11924728
v -0.33929521 -0.37136805 0.30080289
v 0.36720735 -0.45926282 -0.06384657
v -0.41263482 -0.41226354 -0.42597178
v -0.49091858 -0.29374734 0.20662786
v 0.58617347 -0.04685127 0.01359511
v -0.33600962 0.47586456 -0.05276233
v -0.34605300 0.36502635 -0.54884350
v 0.28687677 0.51349980 -0.35792372
v -0.56522673 0.13073468 0.10590085
v 0.32869014 -0.46809575 -0.50511271
v -0.42031923 0.40538722 -0.36886489
v 0.35835859 0.46524417 -0.12831128
v 0.17944574 0.51070553 0.27134448
v -0.25644869 0.43413755 -0.54923654
v 0.33051321 0.39988232 -0.54677743
v 0.52339631 0.27884391 0.14824158
v -0.33602491 0.47587836 -0.11146802
v -0.57326698 0.09505852 -0.24401549
v 0.26168334 -0.52028596 0.12900150
v 0.52921003 -0.25596488 -0.40146732
v -0.33178163 0.40881017 0.27675316
v 0.27903381 -0.51700670 -0.41564068
v -0.52828890 -0.22733766 -0.46903223
v 0.09369446 0.52984130 0.27289423
v -0.53998816 0.02693143 0.26867127
v -0.48567802 0.22220871 -0.53826314
v 0.37268868 0.41144007 -0.52751976
v -0.35874045 -0.44814661 0.05071083
v 0.14784138 0.49252677 -0.54684311
v -0.01982445 -0.57339901 0.21084957
v 0.13508189 0.23703270 0.41539034
v 0.29276612 -0.42259392 -0.54871029
v 0.31646365 0.49351197 -0.07053008
v 0.23103103 0.47194749 0.29008675
v -0.17509587 -0.54072076 0.21459733
v 0.51155472 0.21623686 0.25280768
v -0.37366539 -0.41619959 0.23474288
v 0.43835625 -0.38461876 -0.48291677
v -0.04299220 -0.06160785 0.52701604
v 0.27622569 0.51228672 0.06286418
v -0.42501846 0.30795220 0.27419454
v 0.34351423 0.15794498 0.37214980
v 0.06668464 0.52873969 0.27861494
v 0.13104333 0.57211435 -0.17456780
v 0.19404325 0.48148331 0.29421458
v 0.07461867 -0.58188921 -0.34607610
v 0.41264835 -0.39762181 -0.50430429
v 0.21452138 0.49320215 -0.54150397
v -0.55043012 0.09449524 0.24684168
v -0.10000510 -0.44419625 0.33064049
v -0.49574313 0.29647392 -0.15244342
v 0.27912578 0.44174141 -0.54581368
v -0.31628451 -0.46007231 -0.52030510
v 0.43035996 -0.37633201 0.23703082
v 0.19765732 0.43830284 0.31837097
v 0.25304314 0.48102835 -0.53949684
v -0.41096184 0.41418296 -0.11720141
v 0.53389037 0.25345522 0.10818435
v -0.38893566 -0.26816690 0.31950304
v 0.47554907 0.34960532 -0.25181368
v -0.06962693 -0.31780797 0.39536342
v 0.51979393 -0.14518467 -0.53829342
v -0.34988090 -0.39019474 0.28394327
v -0.27389038 -0.43879277 0.28956038
v -0.43624488 0.23181576 0.30069000
v 0.10111782 0.57406223 0.08655311
v 0.51313645 -0.26834759 0.15567428
v -0.11330067 -0.57280731 -0.01412894
v 0.28962317 0.51117837 -0.29525942
v 0.26666337 -0.44065809 -0.54879183
v -0.29086074 -0.08622137 0.40315774
v 0.52620089 0.20723873 -0.51527959
v -0.26594055 0.51577640 0.03697010
v 0.58668846 0.05519333 -0.46763596
v 0.10404547 -0.53599346 -0.53441244
v 0.44734314 0.38415012 0.08150709
v 0.30256423 -0.50081164 -0.44072041
v 0.54921597 0.21507697 -0.15781197
v 0.58664447 -0.09203362 -0.09951749
v -0.13029872 0.12674032 0.44457906
v -0.23810111 -0.52753627 -0.44892427
v -0.52954942 0.15285376 0.25466454
v 0.42401823 -0.41231543 -0.31707710
v -0.26862374 -0.51736993 -0.28541172
v 0.48859167 0.19944867 0.27789026
v -0.36660457 -0.30913696 0.31527537
v -0.53391051 -0.21991260 -0.03129056
v -0.34967440 -0.46194625 0.12921359
v 0.38609710 -0.08017761 0.36533228
v -0.41860601 0.40692720 -0.40313056
v -0.15135828 0.49208432 -0.54709357
v -0.01238391 -0.58619761 0.13968785
v 0.22935414 0.50412560 -0.52900290
v -0.19777952 -0.54622519 -0.00508677
v 0.27167314 -0.13238323 0.40402377
v -0.21574514 0.53716093 -0.45672399
v -0.00250837 0.56707788 -0.50755632
v 0.57491767 0.13094826 0.02157563
v 0.51706529 -0.28047600 -0.09036789
v -0.00914386 0.18978581 0.44132534
v -0.35470864 0.17559683 0.35974893
v 0.27713835 -0.51859820 -0.32817709
v 0.50604129 0.30138543 -0.26916420
v 0.45432624 0.28099540 -0.54354125
v -0.38159516 -0.42898148 0.11038407
v -0.51699507 0.24924433 -0.46685645
v -0.03620884 0.00441385 0.55258346
v 0.20549360 0.36391032 -0.56134826
v -0.11496703 -0.50586236 0.28904089
v 0.58560878 -0.07558384 -0.44151005
v -0.04935488 0.12679906 0.45783132
v 0.26107311 -0.23198912 0.38646993
v -0.12530425 -0.49402013 -0.54852319
v 0.43218830 0.39053693 0.20483761
v -0.57406366 0.08399850 -0.19237073
v -0.03071714 0.58298993 -0.22545806
v 0.31641439 0.05238477 0.39785913
v 0.13588782 -0.57099253 -0.10059797
v -0.56339455 -0.11852472 -0.46886146
v -0.00188618 -0.57257092 -0.49491677
v 0.16020995 0.39509672 -0.56137991
v 0.25721222 -0.49989086 0.23772290
v 0.44801566 0.38371029 0.18054341
v -0.56245458 0.08847179 0.22108680
v -0.11080720 -0.01374302 0.48798525
v -0.43483722 0.30556715 -0.54017979
v -0.57370901 0.08532009 -0.38630006
v 0.04213999 -0.00691738 0.55096304
v 0.49056089 0.01072356 0.30840990
v -0.46686155 0.34667578 0.07828456
v 0.10929298 -0.53833222 0.26004764
v 0.29955959 0.50469303 -0.22377065
v -0.57402229 0.08979844 -0.29314557
v 0.57383835 -0.12364344 -0.46181399
v -0.57411361 0.03173278 -0.45959005
v 0.58687198 0.02560744 0.00835728
v 0.30430624 -0.27304840 0.36125803
v -0.01034983 -0.08636365 0.51601505
v 0.37460423 -0.45000508 0.07678358
v 0.04372070 -0.17070574 0.44643977
v 0.45740938 0.29425552 0.26753199
v -0.04677275 -0.53515977 -0.54102862
v -0.16329804 0.54027510 -0.51219654
v -0.46094230 0.35218757 -0.22101082
v 0.27275923 -0.51284862 0.17247272
v -0.56987858 0.09743467 0.16078430
v 0.19602366 -0.48151553 -0.54659963
v -0.22618200 0.52896625 0.19822866
v 0.47587109 0.34938666 -0.31627402
v 0.10733202 0.18664546 0.43506509
v -0.40175262 -0.36884296 -0.53077662
v -0.33157623 -0.47766313 -0.18813096
v -0.48722318 -0.31369448 -0.25192544
v -0.11689468 -0.44355488 -0.56128639
v -0.11302628 0.42982864 -0.56120473
v -0.27616018 0.45416647 0.26692784
v 0.10755078 -0.57432777 0.03660316
v -0.16019891 0.22237250 0.41360262
v -0.02288584 0.52075887 -0.54263473
v 0.38342595 -0.44098559 0.11448123
v -0.41181138 -0.41367084 -0.38876233
v 0.00642658 0.58759898 -0.33787695
v -0.57363284 -0.09434205 -0.30469480
v -0.50298011 -0.28137067 -0.46779802
v -0.16907172 -0.55246270 -0.46148863
v 0.35691914 0.46605304 -0.17558512
v -0.40855515 0.41642481 -0.04092489
v 0.57759619 -0.10487072 -0.46882871
v -0.56853563 -0.11132670 -0.25228673
v -0.03696376 0.38956553 0.36543372
v 0.47836557 0.32711440 0.22401966
v 0.47558087 0.34911698 -0.02926115
v 0.37261313 -0.45138556 0.03411273
v -0.45425573 -0.36122316 -0.04997285
v -0.40687734 0.39646792 0.21734068
v -0.34324622 -0.46637189 -0.46955585
v 0.17611752 -0.53947836 0.23474365
v -0.33855894 0.30447188 0.32756051
v 0.20958132 -0.53974038 0.18574047
v 0.58652836 0.06883852 -0.33342469
v -0.07783075 -0.45423290 -0.56124067
v -0.54414630 0.18414302 0.02503482
v -0.17316271 0.55513507 -0.08828992
v 0.45889518 -0.36682570 -0.02589128
v -0.07973384 0.07598977 0.49024576
v 0.54624325 0.12135243 0.24277768
v 0.01356351 -0.58522415 0.17220384
v -0.57817978 0.05960694 0.07566929
v 0.04133383 0.58313441 -0.22780634
v 0.03657104 -0.39528605 0.36216694
v 0.41758016 -0.18848747 -0.56137782
v -0.50559485 0.14885584 -0.54093194
v -0.40850055 -0.41696143 -0.33880189
v 0.13491562 -0.57066351 -0.03646399
v -0.55645478 0.15233263 -0.07911064
v -0.00190715 0.05380318 0.54409492
v -0.24286196 0.29057682 0.36840442
v 0.22312710 -0.35550556 0.35413861
v 0.48038754 -0.13479097 0.30565250
v 0.50690526 -0.18267101 -0.53834313
v -0.16263080 0.40175158 -0.56117684
v 0.29010409 0.49722299 0.20167156
v 0.46145838 -0.36592185 -0.10403899
v 0.47828379 -0.34433240 -0.42054924
v 0.48965096 0.33471009 0.13484468
v -0.11567956 0.49375325 0.29486623
v -0.13545607 0.04811881 0.45556560
v -0.30480501 0.20384412 0.37549391
v -0.46328542 0.34875777 -0.35716790
v 0.48833674 -0.32576171 -0.46501327
v 0.10551124 0.41880500 0.34551644
v -0.28308463 0.20644923 -0.56131375
v -0.50023204 0.28821078 0.00978310
v 0.48593155 -0.31335735 0.15262128
v 0.51649648 0.27085397 -0.47617579
v -0.09147506 0.55580223 0.22304088
v -0.21236780 -0.44096747 0.31099916
v -0.04650262 0.49874750 -0.54914725
v 0.55106860 -0.04738359 0.25327536
v -0.32845300 -0.48114052 -0.32903785
v 0.17137802 0.54960877 0.19999981
v 0.53721374 0.02149153 0.26536119
v -0.51927209 0.23194949 0.20125863
v -0.20698890 0.54296118 -0.31858620
v 0.57777083 0.11645744 -0.07745131
v -0.31213412 -0.48703760 0.13118312
v 0.36122355 0.46342593 0.01970897
v 0.30780175 -0.49549997 0.09866685
v -0.48746726 -0.31294861 -0.12925036
v 0.29331902 0.29544261 -0.56135756
v 0.38167787 -0.44789115 -0.22743103
v -0.56124973 -0.12316539 0.04356540
v 0.25240955 -0.52747440 -0.43681580
v -0.24436542 0.52598965 -0.21326075
v -0.10146695 0.57393730 0.04639005
v -0.07221261 -0.56319964 0.22235473
v -0.55715311 0.15312825 -0.17177834
v 0.48524770 -0.32112002 0.08538334
v 0.31501389 -0.49398792 -0.01628794
v 0.55033338 0.21328859 -0.31638429
v -0.27210221 -0.38662770 0.32216763
v 0.11269289 0.57585377 -0.10008071
v 0.46738982 -0.35039470 0.02088617
v 0.56914955 -0.00029011 0.04572168
v 0.47296393 -0.35199085 -0.20470394
v -0.37213302 -0.43581548 0.20250766
v -0.56702721 -0.11755734 -0.18801448
v 0.41789627 0.21347895 -0.56023586
v 0.09865887 -0.46539468 0.31803513
v -0.24681360 0.43259090 0.29944137
v 0.03704866 0.41016454 0.35604170
v -0.48721874 -0.31352955 -0.21107967
v 0.35977101 0.46432480 -0.08779702
v -0.02173799 -0.42569757 0.34621742
v 0.12206100 0.47762173 0.31270462
v 0.03678542 0.15099595 0.45255089
v -0.55580449 0.01156855 0.25384334
v 0.24924541 0.28740332 0.37258497
v -0.34659162 0.05792760 0.38083914
v -0.32694218 -0.40357485 0.28942880
v -0.33330488 0.47830650 -0.31090558
v 0.15450692 -0.49174008 -0.54723173
v 0.58638376 -0.08449185 -0.29780543
v 0.03921727 0.53885150 0.26989752
v -0.01186894 0.55176002 -0.52304375
v 0.51390368 -0.15360777 0.27143559
v -0.07250439 0.30028623 0.40075883
v -0.48930746 -0.30957603 -0.43828252
v -0.11020272 -0.26727837 0.40982527
v -0.11862324 -0.57269359 -0.08329008
v -0.44766358 -0.33983350 -0.51453441
v -0.00275467 0.58638585 -0.28617778
v -0.15826628 -0.05272013 0.45026159
v -0.49991900 0.28983310 0.06079436
v 0.02280721 0.57189208 0.21705663
v -0.04587727 -0.56792355 0.22004022
v 0.42908594 -0.40848419 -0.39262226
v 0.27359629 0.51274818 0.12412318
v -0.53189051 -0.16367014 0.23868454
v 0.34270844 0.26668602 0.34420443
v -0.15363024 0.27099669 0.40012708
v 0.43123898 0.40305313 0.14593019
v -0.01902385 -0.17627357 0.44534621
v 0.21095437 -0.29163480 0.38219175
v 0.15025039 -0.49133223 0.29370314
v -0.57396859 0.07220016 -0.05117970
v 0.55186164 -0.20302317 -0.41986701
v -0.28717655 -0.47953579 -0.51979142
v -0.57328469 -0.03976882 0.02445343
v -0.12448060 -0.37476480 0.36411270
v -0.34648266 -0.44874766 0.21676534
v 0.12368699 -0.15086876 0.44174442
v -0.27800605 0.50211066 0.20714651
v 0.12675999 -0.38608992 0.35986698
v -0.49809545 -0.09008275 0.29134253
v 0.58678740 0.07355531 -0.24582477
v 0.50651133 -0.26825836 0.22300068
v 0.48148808 -0.16432446 0.30034757
v 0.49599245 0.31696156 -0.44466463
v 0.35216469 0.46891260 -0.34491956
v -0.53514886 -0.01021403 0.27123189
v 0.13772458 -0.57107610 -0.15900400
v 0.13559821 -0.56939757 0.07543290
v 0.27820152 -0.45888340 0.27539968
v -0.43632463 -0.26547316 -0.54835123
v 0.53724766 -0.23096697 0.01921178
v -0.26508471 0.51771510 -0.03959678
v -0.41523370 0.40929469 0.15031952
v -0.49364978 0.30062795 -0.31695157
v -0.49451017 0.29890501 -0.24053371
v 0.33620304 -0.47818848 -0.45803496
v -0.36235642 0.06144074 -0.56133521
v 0.13532606 -0.57188922 -0.21718016
v -0.54936993 -0.19626227 0.16202229
v 0.37418392 0.38606989 -0.54084289
v -0.57414418 -0.04955523 -0.04613830
v 0.48961252 0.29137608 -0.50846380
v 0.55516773 -0.17607580 0.10390384
v 0.15579180 0.35561752 0.36718455
v -0.20626080 0.36992455 0.34710822
v 0.55212301 -0.07044792 0.24860738
v -0.57372081 0.08153550 -0.12937760
v -0.05653055 -0.07416853 0.50703883
v 0.37762424 0.23207957 -0.56131989
v 0.51146930 0.29022154 -0.44973475
v 0.48916152 0.33181229 0.07501318
v -0.27920499 -0.51188070 -0.33799565
v -0.13051052 -0.56595254 0.14457017
v 0.40944943 0.30961972 0.29339024
v -0.15261056 -0.30846149 0.38761127
v -0.15143168 0.47608221 0.29704738
v -0.56421971 0.12844561 0.05665430
v 0.35527113 0.46705845 -0.22800449
v 0.49090734 0.02872153 -0.55650580
v 0.14811601 -0.56407917 0.13519028
v -0.53006983 -0.22636887 -0.27520013
v 0.42707267 -0.41008830 -0.35764092
v 0.04924679 -0.58497375 0.15620139
v 0.31730336 0.33110574 0.33202159
v 0.13062912 0.57291102 -0.24674267
v 0.34758365 -0.42418200 0.26191467
v -0.57350212 0.06798632 0.02027250
v -0.49801916 -0.21564141 0.25713187
v 0.30894259 0.49852780 -0.14649662
v 0.58090323 0.08199485 -0.46901584
v -0.46159860 0.35115802 -0.01714605
v 0.58657753 -0.08720102 -0.23981930
v 0.52879906 0.25563246 -0.45882779
v -0.18648553 0.31590632 0.37692457
v -0.14916793 0.55951518 -0.45455903
v 0.02040567 -0.58785647 -0.15161778
v -0.56499070 -0.12606598 -0.11704452
v 0.05489282 -0.06002637 0.52661365
v -0.48822659 -0.31183809 -0.34577182
v 0.47040221 0.14154103 -0.55890709
v 0.10107397 0.32326370 0.39021459
v -0.53258175 -0.22224452 -0.11117629
v -0.02311719 0.05607406 0.54044336
v -0.25375471 0.51855356 -0.46325985
v -0.17253640 0.55545378 -0.01468577
v 0.36423242 -0.25763485 -0.56133562
v 0.14614314 -0.56720632 -0.33314389
v 0.53684032 -0.23984894 -0.12789756
v 0.47467849 -0.35078642 -0.26412165
v -0.43481719 -0.32003751 0.26553017
v 0.02345029 0.52002072 -0.54308200
v -0.29486749 0.42680392 0.28277358
v -0.31165370 0.49461004 0.09527946
v -0.47007820 -0.21791950 0.28387809
v -0.48786098 -0.31253633 -0.29272968
v -0.11201886 0.57003909 -0.19677103
v -0.31900328 -0.45374542 0.24517782
v 0.21918833 0.52621001 0.22732933
v -0.52165431 0.23744841 0.03261284
v 0.44244415 -0.38069373 0.08711211
v -0.52510512 -0.23881523 0.04431437
v -0.43107551 0.07762486 0.33923554
v 0.20148161 -0.52654207 0.23778482
v 0.21686788 0.54338431 -0.17918228
v 0.18020895 0.27616110 0.39339280
v 0.42094058 -0.36125293 -0.52869207
v 0.38989589 0.12986626 0.35506812
v 0.29619208 0.38456494 0.31619689
v -0.33872640 0.47366622 -0.41200456
v -0.30102023 -0.49539936 -0.03779644
v -0.09388762 -0.55402243 0.23762615
v 0.50577050 0.30195311 -0.02955674
v 0.50017112 0.12112871 0.29121000
v 0.08712165 -0.33823574 0.38653290
v -0.36298680 0.35102063 -0.54842144
v -0.05437437 0.23700598 0.42319834
v -0.30814603 -0.26000437 0.35996523
v -0.43982452 -0.37993789 -0.18750574
v -0.52504790 0.23726521 -0.04802900
v -0.00797676 -0.58364016 0.04707173
v -0.15583247 -0.43281856 -0.56130195
v -0.57288903 0.08560425 -0.42731756
v -0.52472836 -0.22873190 0.20737481
v -0.21749957 -0.53765523 -0.16567497
v 0.16862069 -0.55914706 -0.40114263
v 0.45744759 -0.10902648 -0.56137830
v 0.23295462 0.53489977 -0.02476417
v 0.32300830 -0.15229948 0.38185808
v 0.38499185 0.44365981 0.06778561
v -0.24684568 -0.34554622 0.34890413
v 0.58000106 0.09892651 0.01184088
v -0.48801613 -0.31190959 -0.07684235
v -0.23680981 0.19878629 0.39928710
v -0.21107046 -0.52738017 0.21138467
v 0.23735498 0.40451041 0.32646808
v -0.54559648 0.10889420 -0.51126873
v -0.30357468 0.49275586 -0.43173280
v -0.52841252 -0.22940147 -0.35215372
v -0.57373607 0.08953067 -0.34040833
v -0.09687952 0.57368165 0.13837208
v 0.31983206 -0.49063081 0.03947152
v -0.36938542 0.39627481 0.25899366
v -0.26300550 0.51556057 0.15253493
v 0.01845844 -0.58813018 -0.22210677
v 0.57579482 -0.13356170 0.01070592
v 0.52219993 0.23766166 0.22692290
v -0.18872263 -0.08679628 0.43590200
v -0.29087549 0.03564905 0.40561980
v 0.56613058 0.14762418 -0.47392011
v 0.36173519 0.46287376 0.09719431
v 0.21441796 -0.54449689 -0.07784088
v -0.04715487 0.58092910 -0.16343842
v -0.50005853 -0.29217070 0.08271843
v -0.23532780 -0.52639973 0.05445942
v 0.47909263 -0.34389627 -0.37077007
v 0.39947608 0.29971427 -0.55172020
v -0.11086665 -0.57358873 -0.38056916
v -0.25092530 0.51555002 0.20567580
v 0.46938369 -0.01951420 -0.56137723
v -0.46565205 0.19013847 -0.54941440
v 0.49360242 -0.24622938 -0.53180766
v -0.52728873 0.23344293 -0.12382615
v -0.57407987 -0.07428513 -0.18840113
v -0.42883235 0.38989091 0.04648831
v 0.51686549 -0.05716996 0.28289706
v 0.55549335 -0.19263977 0.01523301
v -0.08642370 -0.57627666 0.06046488
v -0.03890539 -0.23446368 0.42494974
v -0.29534167 -0.49594545 0.16698110
v 0.05056191 0.43859592 -0.56132561
v -0.35351619 -0.22323611 0.35262904
v 0.39666280 -0.42608118 0.05102245
v 0.20867945 -0.36580461 -0.56132495
v -0.26335609 -0.44467562 -0.54812670
v -0.02590385 -0.35714367 0.37953740
v -0.28112710 0.43240049 -0.54711479
v -0.37994471 0.44228926 0.14784725
v 0.39789236 0.38499448 0.25680494
v -0.11689381 -0.57339466 -0.15220010
v 0.39173925 -0.22628258 0.33843172
v -0.57341653 -0.05726934 0.20651528
v 0.10585388 0.41752085 -0.56133348
v 0.16853733 0.55665851 0.09350432
v 0.50672477 -0.30040029 -0.24426965
v -0.43528113 -0.37848866 -0.47065136
v -0.10582429 0.55761051 -0.50501221
v 0.54422075 0.22862753 0.06945733
v -0.20772782 0.35262817 -0.56125915
v 0.12362450 -0.50660688 -0.54625088
v -0.45814982 -0.25507689 0.27877301
v 0.06464943 -0.57085496 -0.48960394
v 0.54957390 0.21446159 -0.21749708
v -0.41958714 0.27599269 -0.54844987
v -0.12319429 0.56430089 -0.47543311
v 0.36654258 -0.45818985 -0.38063771
v 0.30304918 -0.50144923 -0.08393442
v 0.27707285 -0.51875848 -0.27539402
v -0.34906688 0.40833566 -0.53616512
v 0.04329108 -0.46694189 0.31970820
v 0.37928808 -0.45000443 -0.16896796
v 0.55022740 0.21346967 -0.36321241
v 0.35258836 0.46799186 -0.39820907
v 0.51219898 0.27376178 0.21980709
v -0.08609053 -0.49806958 0.29908437
v 0.26641017 -0.05184603 0.41587588
v 0.33243176 -0.28778079 -0.56123132
v 0.22237359 0.53737086 0.04365639
v 0.44555745 0.26054516 -0.55060911
v -0.05778570 -0.57925487 0.15624541
v -0.08527404 0.50731367 0.29036939
v 0.47574401 0.34899640 -0.10540180
v -0.06220656 -0.51583576 -0.54745901
v -0.01347262 -0.50086892 0.29722211
v 0.12541753 0.04879514 0.47192821
v -0.30319607 -0.18529667 0.38298920
v -0.22373608 -0.12201819 0.42026350
v -0.38830003 -0.19922818 -0.56128597
v 0.30647111 -0.45625484 -0.53071284
v 0.54191792 -0.20900591 0.05170057
v 0.58614028 -0.08175740 -0.35127637
v 0.21857992 0.54270089 -0.26415023
v -0.41937733 0.40625903 -0.31050828
v 0.49676776 -0.30714932 0.02053245
v 0.53884196 0.24040583 0.16957706
v -0.20683312 0.03235042 0.43400759
v -0.52378452 0.15190879 -0.52908534
v -0.05731346 0.45864066 0.32632488
v -0.41827437 0.40727955 -0.27531996
v -0.04756390 0.57413459 0.18375072
f 890 674 1615
f 1183 295 890
f 273 295 1183
f 273 1200 295
f 83 1200 273
f 722 1183 58
f 273 1183 722
f 1096 273 722
f 1631 273 1096
f 58 1615 1244
f 58 890 1615
f 722 58 1244
f 1183 890 58
f 321 1659 1665
f 1934 1665 1743
f 1934 321 1665
f 576 1743 1848
f 576 1934 1743
f 576 1848 1409
f 1812 576 1409
f 1812 1409 1455
f 713 1812 1455
f 1785 1812 713
f 1660 440 1197
f 440 522 407
f 440 407 1197
f 551 407 792
f 551 1197 407
f 407 522 359
f 1660 1197 1764
f 1764 1197 551
f 1310 1764 551
f 970 1764 1310
f 1903 1725 1236
f 1366 1670 627
f 1366 1903 1670
f 630 389 1519
f 1519 834 1175
f 389 834 1519
f 389 661 834
f 23 661 389
f 23 355 661
f 1175 440 1660
f 1175 221 440
f 1175 834 221
f 834 516 221
f 834 661 516
f 221 1000 1042
f 221 1042 440
f 516 1000 221
f 661 769 516
f 355 769 661
f 1042 1343 522
f 1042 522 440
f 1000 1343 1042
f 516 1106 1000
f 769 1106 516
f 1000 604 1343
f 1106 604 1000
f 630 1519 1026
f 1026 1519 1175
f 1026 1660 1764
f 1026 1764 970
f 1909 1026 970
f 1026 1175 1660
f 1909 970 1850
f 1832 1850 1866
f 1832 1909 1850
f 1832 1866 1649
f 1495 1649 1748
f 1495 1832 1649
f 1495 1748 177
f 1725 1495 177
f 1853 1725 1903
f 1853 1495 1725
f 1583 1903 1366
f 1583 1853 1903
f 1615 1067 856
f 674 1067 1615
f 856 1050 1247
f 856 395 1050
f 1067 395 856
f 1067 1380 395
f 674 732 1380
f 674 1380 1067
f 1050 23 389
f 630 1050 389
f 630 1247 1050
f 1050 572 23
f 395 572 1050
f 395 435 1254
f 1380 435 395
f 1380 1030 435
f 732 1030 1380
f 572 355 23
f 395 1254 572
f 1030 1228 435
f 732 1228 1030
f 572 496 355
f 1254 496 572
f 496 769 355
f 435 496 1254
f 1228 1131 435
f 1228 922 1131
f 496 413 769
f 496 1131 413
f 435 1131 496
f 722 1244 1247
f 1096 722 1247
f 1244 856 1247
f 1244 1615 856
f 1247 630 1026
f 1096 1247 1026
f 1096 1026 1909
f 1665 1659 1832
f 1832 1659 1909
f 1909 673 1096
f 1909 1659 673
f 1495 1665 1832
f 1495 1743 1665
f 1848 1743 1495
f 1848 1495 1853
f 1409 1853 1583
f 1409 1848 1853
f 1455 1409 1583
f 890 367 674
f 890 716 367
f 295 716 890
f 295 449 716
f 1200 449 295
f 1200 360 449
f 1347 360 1200
f 367 732 674
f 716 497 367
f 381 497 716
f 449 381 716
f 449 524 381
f 360 524 449
f 360 56 524
f 1347 56 360
f 1347 116 56
f 367 329 732
f 497 329 367
f 497 318 329
f 381 318 497
f 381 1426 318
f 524 1426 381
f 56 1426 524
f 116 675 56
f 732 329 1228
f 56 675 1426
f 329 922 1228
f 318 922 329
f 318 871 922
f 1426 871 318
f 675 871 1426
f 675 809 871
f 388 1956 771
f 82 1956 741
f 1956 82 771
f 388 771 1058
f 771 658 498
f 1058 771 498
f 1032 313 658
f 82 658 771
f 82 1032 658
f 658 519 498
f 658 313 1195
f 1032 670 313
f 1099 1352 1657
f 1352 388 1499
f 1352 1956 388
f 1352 1499 1657
f 1499 388 1058
f 1058 498 912
f 1499 1058 912
f 1015 1099 1689
f 1099 1657 1689
f 1489 1015 1689
f 1217 1889 1475
f 1475 1015 1489
f 1475 1489 1217
f 1236 1889 1402
f 1889 1217 1396
f 1402 1889 1396
f 1236 1402 568
f 707 1236 568
f 707 1670 1236
f 1670 707 1003
f 1003 627 1670
f 1003 707 1238
f 551 1152 1031
f 1152 551 792
f 792 407 359
f 522 1321 359
f 1152 1767 623
f 1152 623 1031
f 1152 792 1767
f 792 517 1767
f 359 517 792
f 1031 623 1956
f 359 784 517
f 1321 784 359
f 741 1956 623
f 623 631 741
f 1767 631 623
f 1767 263 631
f 517 263 1767
f 517 332 263
f 784 332 517
f 741 631 82
f 332 575 263
f 784 955 332
f 631 1032 82
f 631 1647 1032
f 263 1647 631
f 263 678 1647
f 263 575 678
f 332 955 575
f 670 1647 678
f 1647 670 1032
f 575 1134 678
f 955 1134 575
f 970 1310 1352
f 1310 551 1031
f 1352 1310 1031
f 1099 970 1352
f 1352 1031 1956
f 1850 970 1099
f 1015 1850 1099
f 1015 1866 1850
f 1748 1649 1889
f 1649 1015 1475
f 1649 1866 1015
f 1889 1649 1475
f 177 1748 1889
f 1236 177 1889
f 1236 1725 177
f 1670 1903 1236
f 1343 1321 522
f 1343 604 1321
f 1106 647 604
f 769 647 1106
f 604 1801 1321
f 1321 1801 784
f 647 1801 604
f 1801 955 784
f 1180 1988 647
f 647 1988 1801
f 1801 898 955
f 1988 898 1801
f 769 413 647
f 413 1180 647
f 1131 1180 413
f 922 1180 1131
f 871 249 922
f 799 694 258
f 799 1672 694
f 1240 799 258
f 1240 258 1784
f 1022 1672 799
f 1022 799 894
f 894 799 1240
f 1823 1716 1022
f 1580 1716 1823
f 1580 1461 1716
f 889 1648 1461
f 889 1461 1580
f 960 1648 889
f 1496 1648 960
f 9 1496 960
f 1881 738 1496
f 1881 1496 9
f 912 498 347
f 519 658 1195
f 670 999 313
f 1672 912 347
f 347 498 519
f 519 916 347
f 519 762 916
f 1195 762 519
f 1195 999 762
f 313 999 1195
f 347 916 588
f 999 377 762
f 1672 347 694
f 694 347 588
f 588 916 510
f 916 377 510
f 762 377 916
f 999 1325 377
f 606 1325 999
f 1549 588 510
f 694 588 1549
f 694 1549 258
f 1549 510 37
f 510 1327 37
f 377 1327 510
f 1325 1327 377
f 1549 37 258
f 1327 814 37
f 1327 635 814
f 1325 635 1327
f 1784 37 404
f 37 1784 258
f 404 37 814
f 1325 1142 635
f 1657 1499 912
f 1657 912 1022
f 1657 1022 1716
f 912 1672 1022
f 1489 1689 1716
f 1716 1689 1657
f 1461 1489 1716
f 1461 1217 1489
f 1217 1461 1648
f 1396 1217 1648
f 1402 1396 1648
f 568 1496 738
f 568 1402 1496
f 1496 1402 1648
f 738 707 568
f 738 1238 707
f 1481 1238 738
f 1481 738 1881
f 678 537 670
f 1134 537 678
f 537 999 670
f 955 1480 1134
f 537 606 999
f 1134 606 537
f 1134 1233 606
f 1480 1233 1134
f 1233 417 606
f 606 1142 1325
f 606 417 1142
f 898 1480 955
f 922 249 1180
f 249 1988 1180
f 566 1240 1784
f 811 1240 566
f 1240 811 454
f 1784 563 566
f 811 566 394
f 394 566 587
f 563 587 566
f 1169 811 394
f 454 811 1169
f 60 454 1169
f 728 454 60
f 1169 175 765
f 1169 394 175
f 587 175 394
f 587 749 175
f 1169 765 60
f 857 60 1474
f 857 728 60
f 1474 60 238
f 765 238 60
f 765 175 867
f 749 867 175
f 765 1173 238
f 1173 765 867
f 1406 1022 894
f 894 1240 454
f 1577 894 454
f 1406 894 1577
f 1577 454 728
f 857 1577 728
f 1661 1577 857
f 1406 1577 1661
f 1406 1823 1022
f 1580 1823 1406
f 1028 1580 1406
f 960 889 1895
f 9 960 1895
f 1332 9 1895
f 1881 9 1332
f 1590 1881 1332
f 814 1945 404
f 635 1945 814
f 404 563 1784
f 404 1945 563
f 635 1142 1945
f 563 749 587
f 1945 749 563
f 1142 664 1945
f 529 664 1142
f 1945 664 749
f 664 128 749
f 749 128 867
f 417 529 1142
f 249 898 1988
f 1279 1191 227
f 1279 708 1191
f 641 708 1279
f 1474 730 857
f 730 238 1173
f 238 730 1474
f 867 1168 1173
f 311 857 730
f 1661 857 311
f 525 730 1173
f 730 525 311
f 1173 993 525
f 1168 993 1173
f 708 1661 311
f 311 525 19
f 525 577 19
f 993 577 525
f 1168 1609 993
f 1191 311 1293
f 708 311 1191
f 1293 311 19
f 993 1609 577
f 1442 19 808
f 1442 1293 19
f 577 808 19
f 1191 1293 1442
f 577 1371 808
f 1609 1371 577
f 227 1191 1442
f 26 1442 808
f 808 1371 26
f 1928 1406 1661
f 1928 708 641
f 1928 1661 708
f 1028 1406 1928
f 1419 1580 1028
f 1419 889 1580
f 419 889 1419
f 419 1895 889
f 1766 1895 1950
f 1766 1332 1895
f 1950 1895 419
f 1564 1332 1766
f 1564 1590 1332
f 128 1168 867
f 128 1892 1168
f 1168 1892 1609
f 1892 1650 1609
f 1650 1677 1609
f 664 1892 128
f 529 1892 664
f 898 1405 1480
f 1480 1405 1233
f 1233 1405 417
f 249 1405 898
f 1808 1405 249
f 532 227 1164
f 227 532 1279
f 532 1164 344
f 210 532 51
f 51 532 344
f 210 51 1616
f 1616 51 880
f 1928 641 1279
f 210 1279 532
f 1154 1279 844
f 1154 1928 1279
f 844 1279 210
f 844 210 1616
f 1154 1028 1928
f 1270 1028 1154
f 1270 1419 1028
f 1915 1419 1270
f 1915 419 1419
f 1847 419 1915
f 1847 1950 419
f 1158 1950 1847
f 1158 1766 1950
f 1118 1766 1158
f 1118 1564 1766
f 1891 1564 1118
f 464 1891 1118
f 1 1442 26
f 227 1442 1
f 1371 1167 26
f 1609 1677 1371
f 1 1164 227
f 26 1167 1
f 1371 1983 1167
f 1677 1983 1371
f 1167 1164 1
f 344 1164 1095
f 1167 1095 1164
f 1167 1638 1095
f 1983 1638 1167
f 1677 851 1983
f 51 344 1095
f 1638 148 1095
f 1983 148 1638
f 851 148 1983
f 880 51 1095
f 1095 148 880
f 851 1260 148
f 148 312 880
f 148 1340 312
f 1260 1340 148
f 529 1650 1892
f 417 1405 529
f 529 1405 1650
f 1405 1677 1650
f 1677 1290 851
f 1405 1290 1677
f 137 1728 487
f 137 487 754
f 713 1455 1728
f 137 713 1728
f 1424 754 1251
f 788 137 754
f 53 754 1424
f 53 788 754
f 752 53 1424
f 1356 752 1128
f 715 53 752
f 715 1289 53
f 1356 715 752
f 788 378 137
f 472 1785 378
f 378 713 137
f 378 1785 713
f 987 1398 603
f 672 1398 987
f 309 788 53
f 1289 309 53
f 603 309 1289
f 987 603 1289
f 1398 378 788
f 1398 788 309
f 603 1398 309
f 1398 472 378
f 908 472 1398
f 1952 1289 715
f 1952 987 1289
f 672 987 1952
f 639 715 1356
f 1285 715 639
f 1285 1952 715
f 1025 1952 1285
f 1025 672 1952
f 350 672 1025
f 821 1366 275
f 1924 821 275
f 1924 275 1126
f 275 627 1057
f 275 1366 627
f 1126 275 1057
f 807 1924 1113
f 581 1113 1370
f 581 807 1113
f 1113 1924 1126
f 581 1370 386
f 1500 581 386
f 688 1500 1470
f 1470 1500 386
f 361 688 1470
f 1248 1583 1872
f 807 1872 821
f 1924 807 821
f 1872 1366 821
f 1872 1583 1366
f 754 1248 807
f 1810 754 807
f 1810 807 826
f 1810 1251 754
f 807 1248 1872
f 848 826 807
f 848 807 581
f 1377 826 1894
f 1377 1810 826
f 1894 826 848
f 1894 848 141
f 492 1894 141
f 492 1377 1894
f 164 1377 492
f 141 848 325
f 492 141 1320
f 1839 164 492
f 1500 848 581
f 1500 325 848
f 688 325 1500
f 1320 141 325
f 1320 325 688
f 1839 492 1320
f 1320 688 361
f 1337 1839 1865
f 1961 1320 361
f 1865 1320 1961
f 1865 1839 1320
f 1728 1455 487
f 1248 1455 1583
f 1248 754 487
f 487 1455 1248
f 614 1251 1810
f 614 1424 1251
f 614 752 1424
f 643 752 614
f 1128 752 643
f 639 1356 1128
f 614 1810 1377
f 687 614 1377
f 1089 614 687
f 1089 643 614
f 900 643 1089
f 900 1128 643
f 639 1128 900
f 687 1377 164
f 1775 687 164
f 1775 1089 687
f 900 1089 1775
f 1107 900 1775
f 1791 900 1107
f 1337 164 1839
f 1337 1775 164
f 1107 1775 1337
f 161 1025 1285
f 350 1025 161
f 1797 350 161
f 161 1285 639
f 1791 639 900
f 1116 639 1791
f 1116 161 639
f 1797 161 1116
f 1410 1116 1791
f 968 1116 1410
f 679 1003 191
f 191 1003 800
f 191 800 1601
f 1003 1238 1481
f 800 1003 1481
f 191 1331 679
f 1331 191 1601
f 1331 1601 484
f 1202 484 1601
f 607 1202 1601
f 1462 1202 599
f 1462 484 1202
f 220 1462 599
f 825 1202 607
f 825 599 1202
f 220 599 825
f 825 607 1742
f 1533 220 825
f 102 220 1533
f 1057 627 679
f 1126 1057 679
f 679 627 1003
f 1331 1370 1113
f 974 1370 1331
f 974 386 1370
f 974 1331 686
f 686 1331 484
f 679 1113 1126
f 1113 679 1331
f 626 386 974
f 1470 386 626
f 1458 1470 626
f 1458 361 1470
f 974 686 234
f 626 974 234
f 626 234 315
f 1861 1458 626
f 1462 686 484
f 1462 234 686
f 315 234 1462
f 315 1861 626
f 315 1462 220
f 1452 1861 315
f 1392 1452 315
f 1392 220 102
f 1392 315 220
f 506 1392 102
f 1452 1458 1861
f 1555 1452 1582
f 1582 1392 17
f 1582 1452 1392
f 1961 361 1458
f 1399 1865 1961
f 1337 1865 1399
f 1555 1458 1452
f 1555 1961 1458
f 1555 1399 1961
f 1227 1399 1555
f 1942 1227 1555
f 1227 1337 1399
f 1227 1107 1337
f 1165 1107 1227
f 1494 1165 1227
f 1410 1791 1107
f 1165 1410 1107
f 805 1410 1165
f 1144 1481 1881
f 1144 84 1481
f 1047 84 1144
f 1722 1047 1144
f 1722 1584 1047
f 861 1584 1722
f 1940 861 1722
f 666 861 1940
f 1021 1940 1002
f 1021 666 1940
f 1441 666 1021
f 1524 800 1481
f 1601 800 1524
f 1047 1601 1524
f 84 1524 1481
f 1524 84 1047
f 1295 1601 1584
f 1295 607 1601
f 1584 1601 1047
f 861 1295 1584
f 1742 607 1295
f 1533 825 1742
f 1787 1742 1295
f 1533 1742 1787
f 794 1533 1787
f 102 1533 794
f 1559 506 102
f 1559 102 794
f 1559 794 1756
f 1787 1295 861
f 794 1787 1868
f 1756 794 1187
f 666 1787 861
f 1868 1787 666
f 1187 794 1868
f 99 1868 666
f 99 1187 1868
f 99 666 1441
f 1560 1187 99
f 1497 1559 1756
f 625 1497 1756
f 625 1756 1187
f 625 1187 1560
f 17 1392 506
f 17 506 1497
f 1497 506 1559
f 343 1582 17
f 1888 1582 343
f 1737 1497 625
f 343 1497 1737
f 343 17 1497
f 1901 343 1737
f 1888 1555 1582
f 1888 1942 1555
f 1986 1942 1888
f 1494 1227 1942
f 1986 1494 1942
f 907 1494 1986
f 1567 1494 907
f 805 1165 1494
f 805 1494 1567
f 322 805 1567
f 1919 805 322
f 633 1144 1925
f 633 1722 1144
f 1925 1881 1590
f 1925 1144 1881
f 1115 1925 1590
f 1082 1925 1115
f 1940 1722 633
f 1002 1940 633
f 1905 1002 633
f 940 1002 1905
f 1257 633 1925
f 1905 633 1257
f 1276 1905 1257
f 1257 1925 1082
f 780 1441 1021
f 266 1021 1002
f 266 780 1021
f 940 266 1002
f 301 266 940
f 301 780 266
f 846 780 301
f 1130 780 846
f 301 940 1905
f 1199 301 1905
f 1199 1905 1276
f 1432 301 1199
f 1432 846 301
f 1560 99 1441
f 1130 1441 780
f 1130 1560 1441
f 785 625 1560
f 1737 625 785
f 785 1560 1130
f 1713 785 1130
f 1713 1130 846
f 1713 1737 785
f 1901 1737 1713
f 1901 1713 199
f 343 1901 1439
f 695 1986 1888
f 695 1888 343
f 695 907 1986
f 695 343 1439
f 1987 1567 907
f 1987 907 695
f 1245 1987 695
f 322 1567 1987
f 1918 322 1987
f 208 322 1918
f 1082 1115 1938
f 1938 1115 1564
f 1824 1082 1938
f 319 1237 1824
f 1115 1590 1564
f 1138 1276 1257
f 1824 1257 1082
f 1138 1257 1824
f 1237 1138 1824
f 179 1276 1531
f 179 1199 1276
f 1432 1199 179
f 1531 1276 1138
f 1432 179 1207
f 403 1531 1138
f 403 179 1531
f 1207 179 403
f 1207 403 1283
f 724 403 1138
f 1283 403 724
f 724 1138 1237
f 1605 1207 1283
f 961 1283 724
f 1605 1283 961
f 1882 1237 1732
f 1882 724 1237
f 961 724 1882
f 199 846 1432
f 199 1713 846
f 1546 1432 1207
f 199 1432 1546
f 1546 1207 1605
f 1786 199 1546
f 1546 1605 1975
f 1786 1901 199
f 1439 1901 1786
f 1826 1439 1786
f 1557 1826 1786
f 1557 1765 1826
f 695 1439 1826
f 1765 695 1826
f 774 695 1765
f 774 1245 695
f 1918 1987 1245
f 145 1918 1245
f 145 1245 1357
f 1357 1245 774
f 640 145 1357
f 1301 640 1357
f 1769 208 1918
f 601 208 1769
f 1769 1918 145
f 601 1769 54
f 24 1769 145
f 54 1769 24
f 24 145 803
f 882 54 24
f 882 601 54
f 406 601 882
f 803 145 640
f 559 803 640
f 550 406 882
f 550 882 1621
f 1417 24 803
f 1417 882 24
f 1621 882 1417
f 1417 803 559
f 32 1621 1417
f 1891 1938 1564
f 1980 1824 1938
f 319 1824 1980
f 1280 319 1980
f 1588 1938 1891
f 1588 1980 1938
f 1280 1980 1588
f 605 1588 1891
f 1683 1280 1588
f 1732 1237 319
f 1772 319 1280
f 1772 1732 319
f 1772 1280 1526
f 1151 1772 1526
f 1526 1280 1683
f 1362 1151 1526
f 306 1882 1732
f 306 961 1882
f 1335 961 306
f 881 1732 1772
f 881 306 1732
f 1335 306 881
f 1151 881 1772
f 1984 1335 881
f 1984 881 1151
f 1023 1984 1151
f 1975 1605 961
f 1335 1975 961
f 1546 1975 1335
f 1946 1546 1750
f 1946 1786 1546
f 1750 1546 1335
f 1750 1335 1984
f 1946 1557 1786
f 1939 1557 1946
f 1939 774 1765
f 1939 1765 1557
f 1779 774 1939
f 1301 1357 86
f 86 1357 774
f 45 1301 86
f 1779 86 774
f 783 45 86
f 65 86 1779
f 783 86 65
f 972 783 65
f 924 65 1779
f 924 972 65
f 45 559 1301
f 533 45 783
f 533 1014 45
f 841 783 972
f 533 783 841
f 841 972 924
f 559 640 1301
f 1014 559 45
f 1819 559 1014
f 1819 1417 559
f 1443 1417 1819
f 1443 32 1417
f 1040 1443 1819
f 1040 1819 1535
f 183 1443 1040
f 183 1084 1443
f 1819 1014 533
f 1222 1819 533
f 1535 1819 1222
f 1040 1535 267
f 596 183 1040
f 1603 183 596
f 369 1535 1222
f 267 1535 369
f 596 1040 267
f 324 596 267
f 1634 533 841
f 1634 1222 533
f 369 1222 1634
f 755 596 324
f 755 1603 596
f 932 369 1634
f 932 267 369
f 843 267 932
f 843 324 267
f 173 324 843
f 755 324 173
f 182 1347 1200
f 83 182 1200
f 937 182 83
f 937 893 182
f 330 893 937
f 648 330 819
f 1631 83 273
f 1623 1631 1096
f 1631 937 83
f 1623 1893 1631
f 1631 330 937
f 819 330 1631
f 1893 819 1631
f 1893 648 819
f 1623 1096 673
f 1910 1623 673
f 1910 673 1659
f 1629 1910 1659
f 1629 1659 321
f 1611 321 1934
f 1514 1629 321
f 1611 1514 321
f 576 1611 1934
f 1818 1611 576
f 1782 576 1812
f 1782 1818 576
f 1838 1812 1785
f 1838 1782 1812
f 323 648 1893
f 328 1893 1623
f 1910 328 1623
f 507 1910 1629
f 1514 507 1629
f 1733 1514 1611
f 1733 1611 1818
f 1691 1733 1818
f 899 1782 1838
f 1691 1818 1782
f 899 1691 1782
f 182 469 1347
f 893 469 182
f 893 768 469
f 893 127 768
f 209 127 893
f 330 209 893
f 648 209 330
f 1347 469 116
f 209 977 127
f 209 610 977
f 1194 610 209
f 469 675 116
f 768 1381 469
f 127 1381 768
f 127 886 1381
f 977 886 127
f 469 1381 675
f 610 346 886
f 610 886 977
f 1194 346 610
f 1381 809 675
f 346 1196 886
f 1381 1196 809
f 886 1196 1381
f 648 1907 209
f 323 1907 648
f 723 1907 323
f 1907 1194 209
f 723 1070 1907
f 723 29 1070
f 720 29 723
f 1483 720 723
f 207 720 1483
f 1907 1231 1194
f 1070 1231 1907
f 1070 447 1231
f 29 447 1070
f 29 1997 447
f 720 1221 29
f 1231 346 1194
f 1231 744 346
f 447 744 1231
f 1221 1997 29
f 447 1688 744
f 1997 1688 447
f 1221 1688 1997
f 1221 15 1688
f 412 15 1221
f 744 1071 346
f 1688 1071 744
f 346 1071 1196
f 1688 1012 1071
f 15 1012 1688
f 15 466 1012
f 1893 1493 323
f 1893 328 1493
f 1493 723 323
f 1493 1483 723
f 207 1483 1493
f 1375 1493 328
f 1910 507 328
f 1344 328 507
f 1733 507 1514
f 1733 1136 507
f 1136 1384 507
f 899 1678 1691
f 850 1221 720
f 207 850 720
f 513 850 207
f 850 412 1221
f 850 351 412
f 123 351 850
f 791 123 850
f 513 791 850
f 1602 791 513
f 791 229 123
f 1059 229 791
f 1059 791 1602
f 412 243 15
f 351 243 412
f 351 701 243
f 123 701 351
f 123 277 701
f 229 277 123
f 229 433 277
f 229 1059 433
f 78 433 1059
f 243 466 15
f 701 1522 243
f 277 1522 701
f 433 111 277
f 78 111 433
f 243 1931 466
f 243 331 1931
f 1522 331 243
f 1522 151 331
f 277 151 1522
f 277 284 151
f 111 284 277
f 111 609 284
f 1375 207 1493
f 1375 513 207
f 1375 1602 513
f 1060 1602 1375
f 1351 1059 1602
f 1060 1351 1602
f 1344 1375 328
f 1384 1344 507
f 1344 1060 1375
f 1384 1805 1344
f 1805 1060 1344
f 1136 1806 1384
f 1806 1805 1384
f 1547 1806 1136
f 1933 1733 1691
f 1933 1136 1733
f 1933 1547 1136
f 1445 1547 1933
f 1890 1691 1678
f 1890 1933 1691
f 1870 1890 1678
f 1870 1709 1890
f 1445 1933 1890
f 1709 1445 1890
f 1351 78 1059
f 1351 862 78
f 862 465 78
f 78 609 111
f 78 465 609
f 465 870 609
f 77 870 465
f 862 77 465
f 1060 831 1351
f 831 862 1351
f 1060 262 831
f 742 862 831
f 262 742 831
f 1705 262 1060
f 1805 1705 1060
f 557 1705 1805
f 557 1805 1806
f 1640 1806 1547
f 1640 557 1806
f 1453 1547 1445
f 438 1640 1547
f 1453 438 1547
f 1842 1445 1709
f 1842 1453 1445
f 809 249 871
f 1196 249 809
f 1196 1808 249
f 466 1931 1012
f 1071 1808 1196
f 1012 1931 1071
f 1071 135 1808
f 1931 135 1071
f 958 135 1931
f 151 230 331
f 609 971 284
f 331 230 1931
f 151 314 230
f 284 314 151
f 971 314 284
f 971 160 314
f 971 838 160
f 230 958 1931
f 314 958 230
f 160 1964 314
f 314 1964 958
f 870 541 609
f 77 43 870
f 862 1184 77
f 742 1184 862
f 609 838 971
f 541 838 609
f 870 43 541
f 43 195 541
f 1184 27 43
f 1184 43 77
f 366 1184 742
f 366 827 1184
f 541 1622 838
f 195 1622 541
f 27 195 43
f 1184 827 27
f 827 1465 27
f 838 1964 160
f 1622 1964 838
f 195 240 1622
f 27 240 195
f 1465 240 27
f 869 1465 827
f 366 186 827
f 1622 1019 1964
f 240 1019 1622
f 1465 911 240
f 869 911 1465
f 240 526 1019
f 911 526 240
f 911 681 526
f 869 1189 911
f 1189 806 681
f 1189 681 911
f 526 488 1019
f 681 488 526
f 262 366 742
f 1122 366 262
f 557 1993 1705
f 827 385 869
f 186 385 827
f 385 1189 869
f 186 293 385
f 293 129 385
f 385 479 1189
f 385 129 479
f 293 1269 129
f 1189 214 806
f 479 214 1189
f 1269 669 479
f 1269 479 129
f 293 836 1269
f 1122 186 366
f 1586 1122 262
f 1507 262 1705
f 1507 1586 262
f 638 186 1122
f 1586 638 1122
f 638 293 186
f 953 293 638
f 1586 953 638
f 953 836 293
f 1052 1507 1705
f 1993 1052 1705
f 1999 1993 557
f 1420 557 1640
f 1420 1999 557
f 1318 1420 1640
f 1318 1640 438
f 1553 438 1453
f 746 1318 438
f 1553 746 438
f 1553 1453 1421
f 1453 1663 1421
f 1842 1663 1453
f 1842 766 1663
f 958 1708 135
f 1964 1708 958
f 1019 1708 1964
f 1019 488 1708
f 488 1261 1708
f 681 1886 488
f 806 1886 681
f 806 1503 1886
f 1886 1503 488
f 488 1503 1261
f 376 1083 1503
f 1503 1083 1261
f 214 719 806
f 214 969 719
f 479 969 214
f 669 969 479
f 1269 1232 669
f 1269 836 1232
f 320 1232 836
f 719 1503 806
f 969 1969 719
f 969 669 1969
f 476 320 836
f 719 376 1503
f 1969 376 719
f 1232 235 1969
f 1232 1969 669
f 81 11 1232
f 320 81 1232
f 320 1146 81
f 476 1146 320
f 1969 61 376
f 1969 235 61
f 1232 11 235
f 434 218 81
f 1146 434 81
f 81 18 11
f 81 218 18
f 61 1083 376
f 61 772 1083
f 235 772 61
f 235 1203 772
f 11 1203 235
f 18 1203 11
f 18 420 1203
f 837 420 18
f 1203 1947 772
f 420 1947 1203
f 953 476 836
f 1586 1880 953
f 1507 1880 1586
f 1507 1210 1880
f 953 1880 476
f 1880 1146 476
f 1052 1210 1507
f 1052 1757 1210
f 1993 1757 1052
f 1999 1757 1993
f 1420 8 1999
f 8 1757 1999
f 8 1420 1318
f 1447 8 1318
f 1447 1318 746
f 1513 1447 746
f 1513 746 1553
f 1421 1513 1553
f 1502 1513 1421
f 1502 1421 1663
f 914 1663 766
f 914 1502 1663
f 1146 1074 434
f 393 18 218
f 393 837 18
f 434 393 218
f 434 1074 393
f 1074 1333 393
f 393 565 837
f 393 1333 565
f 1880 1074 1146
f 1880 1908 1074
f 1210 1908 1880
f 512 1333 1074
f 1908 512 1074
f 1447 1730 8
f 1513 1367 1447
f 914 1803 1502
f 1502 1367 1513
f 1502 1803 1367
f 1083 1959 1261
f 772 1947 1083
f 420 120 1947
f 1947 1510 1083
f 120 1510 1947
f 120 751 1510
f 1510 1959 1083
f 751 91 1510
f 1510 1697 1959
f 91 1697 1510
f 868 1697 91
f 837 120 420
f 837 463 120
f 565 463 837
f 1333 477 565
f 512 477 1333
f 921 751 120
f 463 921 120
f 565 38 463
f 477 38 565
f 512 1855 477
f 477 1271 38
f 1855 1271 477
f 921 91 751
f 921 334 91
f 463 334 921
f 463 1471 334
f 38 1471 463
f 1271 1471 38
f 1855 7 1271
f 1271 636 1471
f 1271 7 636
f 334 868 91
f 334 411 868
f 1471 411 334
f 636 411 1471
f 7 486 636
f 7 1592 486
f 636 231 411
f 636 150 231
f 486 150 636
f 411 478 868
f 231 478 411
f 486 107 150
f 1592 107 486
f 1592 1382 107
f 1908 1855 512
f 1908 710 1855
f 710 1592 1855
f 1855 1592 7
f 710 1382 1592
f 1210 1720 1908
f 1757 1720 1210
f 1720 710 1908
f 8 1720 1757
f 8 1730 1720
f 1730 1416 1720
f 1730 1185 1416
f 1367 1730 1447
f 1367 1185 1730
f 1679 1185 1367
f 1803 1679 1367
f 1856 1679 1803
f 1808 135 1405
f 1708 1405 135
f 868 253 1697
f 253 1651 1697
f 253 1587 1651
f 478 253 868
f 231 798 478
f 150 798 231
f 150 107 798
f 478 1252 253
f 798 1252 478
f 798 612 1252
f 107 612 798
f 107 1639 612
f 1382 1073 107
f 1252 1587 253
f 107 1073 1639
f 612 536 1252
f 1639 536 612
f 1639 823 536
f 1073 823 1639
f 1252 613 1587
f 1252 239 613
f 536 239 1252
f 1073 1965 823
f 1587 613 1651
f 536 935 239
f 823 935 536
f 823 174 935
f 1965 174 823
f 613 40 1651
f 239 40 613
f 174 1957 935
f 1965 1957 174
f 239 1414 40
f 935 1414 239
f 935 20 1414
f 1957 20 935
f 1382 1846 1073
f 710 1846 1382
f 710 1348 1846
f 1846 1965 1073
f 1720 1348 710
f 1416 12 1720
f 1720 12 1348
f 1185 1867 1416
f 1965 1153 1957
f 1846 1153 1965
f 1348 1153 1846
f 1416 1867 12
f 1185 1007 1867
f 1679 1007 1185
f 1856 1428 1679
f 1856 372 1428
f 1679 1428 1007
f 1261 1405 1708
f 1959 1111 1261
f 1111 1405 1261
f 1697 1111 1959
f 1651 1111 1697
f 1957 534 20
f 40 1111 1651
f 1414 326 40
f 20 326 1414
f 20 408 326
f 534 408 20
f 40 1714 1111
f 326 1714 40
f 408 167 326
f 534 167 408
f 534 1363 167
f 326 47 1714
f 167 47 326
f 167 290 47
f 1363 290 167
f 1363 691 290
f 1714 733 1111
f 47 1655 1714
f 290 1655 47
f 691 70 290
f 290 1761 1655
f 70 1761 290
f 1714 945 733
f 1655 945 1714
f 1761 945 1655
f 70 1593 1761
f 1153 534 1957
f 1153 1216 534
f 1216 1363 534
f 1216 691 1363
f 1216 1148 691
f 691 1148 70
f 1148 1593 70
f 1348 662 1153
f 662 1216 1153
f 1348 416 662
f 662 1148 1216
f 662 684 1148
f 662 416 684
f 416 842 684
f 1348 1658 416
f 12 1658 1348
f 12 1768 1658
f 1867 1612 12
f 1867 1923 1612
f 1612 1768 12
f 1007 1923 1867
f 372 1454 1428
f 472 1838 1785
f 1112 1684 472
f 1684 1838 472
f 1061 1398 672
f 1061 908 1398
f 1112 472 908
f 731 908 1061
f 731 1112 908
f 1642 1112 731
f 1642 1684 1112
f 731 387 1642
f 1642 1505 1684
f 904 1061 672
f 904 731 1061
f 387 731 904
f 904 672 350
f 1753 904 350
f 1182 904 1753
f 387 904 1182
f 1620 1642 387
f 1828 1838 1684
f 1505 1828 1684
f 1828 899 1838
f 714 1505 1642
f 657 387 1182
f 657 1182 204
f 657 1620 387
f 1545 1620 657
f 1753 350 1797
f 1521 1182 1753
f 204 1182 1521
f 2 657 204
f 370 657 2
f 370 1545 657
f 1521 1753 1797
f 2 204 1521
f 473 370 2
f 968 1521 1797
f 968 1797 1116
f 1355 1521 968
f 1355 2 1521
f 1355 473 2
f 1678 899 1828
f 468 1678 1828
f 468 1828 1505
f 714 1300 1505
f 1300 468 1505
f 450 1620 1545
f 450 1642 1620
f 450 714 1642
f 934 450 1545
f 934 1545 370
f 1038 450 934
f 450 1190 714
f 1190 450 1038
f 1190 1300 714
f 1038 1578 1190
f 104 1190 1578
f 758 1300 1190
f 104 758 1190
f 370 473 934
f 1578 1038 934
f 1578 934 473
f 690 104 1578
f 104 690 758
f 902 1578 473
f 690 1578 902
f 1046 690 902
f 902 473 1355
f 468 1870 1678
f 468 1770 1870
f 1770 1709 1870
f 978 468 1300
f 1719 978 1300
f 1081 978 1719
f 884 468 978
f 1081 884 978
f 884 1770 468
f 1719 1300 758
f 100 758 690
f 100 1286 758
f 1286 1719 758
f 483 1286 100
f 154 1719 1286
f 483 154 1286
f 154 1081 1719
f 876 690 1046
f 876 100 690
f 876 483 100
f 483 1211 154
f 154 287 1081
f 1081 287 1100
f 287 154 216
f 1211 483 876
f 1211 216 154
f 874 216 1211
f 760 1709 1770
f 1709 760 1842
f 1626 760 1770
f 1100 884 1081
f 750 1770 884
f 1100 797 884
f 750 1626 1770
f 797 750 884
f 594 750 797
f 22 1100 287
f 22 797 1100
f 874 287 216
f 1105 797 22
f 1105 594 797
f 1873 1355 968
f 805 968 1410
f 1755 968 805
f 1755 1873 968
f 1226 1873 1755
f 1388 902 1355
f 1388 1046 902
f 1388 1355 1873
f 1388 1873 1226
f 1597 1388 1226
f 874 1211 1561
f 1561 876 1046
f 876 1561 1211
f 1561 1046 1388
f 1537 874 1561
f 1085 1537 1561
f 1085 1561 1388
f 1597 1085 1388
f 760 1935 1842
f 1626 1935 760
f 176 750 594
f 176 622 750
f 750 622 1626
f 22 287 874
f 1369 594 1105
f 1537 22 874
f 176 594 1369
f 1537 1105 22
f 1369 1105 1537
f 1346 176 1369
f 1312 1369 1537
f 1312 1346 1369
f 1671 1346 1312
f 1913 1671 1312
f 169 1913 1312
f 1312 1537 1085
f 1935 766 1842
f 782 766 1935
f 90 1163 1935
f 1935 1163 782
f 426 782 1163
f 90 426 1163
f 426 1091 782
f 90 1091 426
f 622 1935 1626
f 622 90 1935
f 1804 622 176
f 853 1804 176
f 1804 90 622
f 1328 1804 853
f 1804 1948 90
f 1328 1948 1804
f 1346 853 176
f 1671 853 1346
f 830 1328 853
f 830 853 1671
f 1913 830 1671
f 830 147 1328
f 1919 1755 805
f 644 1755 1919
f 1597 1226 1755
f 644 1597 1755
f 1704 1597 644
f 1485 1597 1704
f 1485 1085 1597
f 1674 1085 1485
f 1085 1674 1312
f 169 1312 1674
f 1412 169 1674
f 1412 1674 1485
f 782 1091 766
f 1091 914 766
f 1091 600 914
f 1864 1091 90
f 1948 1864 90
f 544 1948 1328
f 1864 600 1091
f 1948 1338 1864
f 544 1338 1948
f 830 1479 147
f 1479 830 1913
f 677 1328 147
f 147 1479 677
f 677 544 1328
f 1517 1913 169
f 1913 1517 1479
f 508 677 1479
f 508 544 677
f 1517 1863 1479
f 508 1652 1323
f 1652 1479 1863
f 1652 508 1479
f 1517 169 1412
f 1863 1517 1412
f 600 1569 914
f 914 1569 1803
f 1864 1569 600
f 544 1336 1338
f 1336 1914 1338
f 1336 1789 1914
f 1914 1864 1338
f 1323 544 508
f 1323 1336 544
f 781 1336 1323
f 781 1323 1652
f 781 1789 1336
f 1996 1919 322
f 1996 644 1919
f 1996 322 208
f 1397 644 1996
f 1904 1704 644
f 1904 644 1397
f 1485 1704 1904
f 1693 1485 1904
f 1777 1904 1654
f 1777 1693 1904
f 1777 1845 1693
f 1693 1412 1485
f 1816 1412 1693
f 1845 1816 1693
f 790 1652 1746
f 1746 1863 1412
f 1863 1746 1652
f 1816 1746 1412
f 764 1746 1816
f 764 790 1746
f 1308 764 1816
f 1569 1856 1803
f 1569 1029 1856
f 1569 1391 1029
f 1789 1929 1914
f 1914 1569 1864
f 1929 1644 1914
f 1391 1569 1914
f 1644 30 1914
f 30 1391 1914
f 1652 1013 781
f 781 1013 1789
f 1789 1013 1929
f 790 1013 1652
f 790 520 1013
f 1013 520 1929
f 632 520 790
f 1929 520 1644
f 520 1418 1644
f 520 632 1418
f 1644 1418 30
f 984 632 790
f 632 984 452
f 452 1418 632
f 1827 790 764
f 1827 984 790
f 601 1996 208
f 119 1996 601
f 1703 1996 119
f 1397 1996 1703
f 156 1397 1703
f 119 601 406
f 288 119 406
f 62 119 288
f 62 1703 119
f 833 1703 62
f 156 1703 833
f 288 406 550
f 1229 550 1621
f 651 288 550
f 651 62 288
f 467 156 833
f 1229 1621 32
f 651 550 1229
f 651 833 62
f 467 833 651
f 1654 1904 1397
f 1274 1654 1397
f 1576 1397 156
f 1274 1397 1576
f 748 1576 156
f 748 156 467
f 57 1576 748
f 1274 1576 57
f 1274 1887 1654
f 1887 1777 1654
f 1763 1777 1887
f 1308 1816 1845
f 1192 1308 1763
f 1763 1845 1777
f 1308 1845 1763
f 1308 1117 764
f 1827 764 1117
f 1192 1117 1308
f 1117 1702 1827
f 1998 1117 1192
f 1998 1702 1117
f 1391 1400 1029
f 30 4 1391
f 4 1090 1391
f 4 138 1090
f 1391 1911 1400
f 1090 1911 1391
f 1418 4 30
f 1395 984 1827
f 452 984 1395
f 1418 1048 4
f 452 1048 1418
f 1395 1120 452
f 452 6 1048
f 1048 138 4
f 1120 6 452
f 6 138 1048
f 138 399 1090
f 6 399 138
f 1120 1272 6
f 1712 6 1272
f 6 1712 399
f 1827 1120 1395
f 1827 1702 1120
f 1702 1272 1120
f 1702 1981 1272
f 1856 1731 372
f 1029 1731 1856
f 1400 1731 1029
f 1088 1229 32
f 1088 32 1443
f 1088 651 1229
f 700 651 1088
f 1681 467 651
f 1084 1088 1443
f 1681 651 700
f 1044 1681 700
f 1681 1378 467
f 87 1084 183
f 1084 382 1088
f 87 382 1084
f 700 1088 382
f 659 1681 1044
f 382 583 700
f 265 700 583
f 265 1044 700
f 1603 87 183
f 171 87 1603
f 171 382 87
f 583 382 171
f 1044 265 659
f 1854 583 171
f 1854 265 583
f 1119 659 265
f 1322 1603 755
f 1322 171 1603
f 1854 171 1322
f 1854 1482 265
f 265 1482 1119
f 1692 1854 1322
f 1854 1692 1482
f 656 1274 57
f 57 748 1378
f 656 57 1378
f 1607 656 1378
f 1101 656 1607
f 1596 656 1101
f 1101 1607 703
f 194 703 1080
f 194 1101 703
f 1596 1101 194
f 1378 748 467
f 1378 1681 659
f 659 703 1378
f 1378 703 1607
f 1155 659 1119
f 1155 703 659
f 1155 1080 703
f 919 1080 1155
f 1887 1274 656
f 1596 1887 656
f 1763 1666 1192
f 1435 1763 1887
f 1763 1435 1436
f 1436 1666 1763
f 1998 1192 1666
f 1259 1666 1747
f 1259 1998 1666
f 1272 157 1712
f 1712 1205 1129
f 1205 1712 157
f 1360 157 887
f 1205 157 1360
f 1360 887 219
f 1360 414 1205
f 1360 649 414
f 649 1360 1319
f 1319 877 649
f 1981 1702 1998
f 1981 157 1272
f 1981 887 157
f 1998 887 1981
f 887 1259 219
f 1259 887 1998
f 219 1319 1360
f 219 877 1319
f 877 219 1259
f 1731 1454 372
f 1400 1454 1731
f 1090 294 1911
f 1911 294 1400
f 1400 294 1454
f 294 2000 1454
f 399 294 1090
f 399 1129 294
f 1129 399 1712
f 1129 2000 294
f 1129 1205 2000
f 1205 236 2000
f 1205 414 236
f 414 637 236
f 1616 880 121
f 663 1616 121
f 663 121 14
f 1962 14 304
f 1962 663 14
f 1303 1962 304
f 948 1962 1303
f 682 844 1616
f 1039 844 682
f 1039 1154 844
f 682 1616 663
f 1039 682 131
f 131 682 663
f 131 663 1962
f 948 131 1962
f 948 1039 131
f 1542 1154 1039
f 1270 1154 1542
f 642 1270 1542
f 642 1915 1270
f 1809 1915 642
f 1847 1915 1809
f 1798 1847 1809
f 1614 1847 1798
f 1614 1158 1847
f 1653 464 1118
f 1690 1158 1614
f 1690 1118 1158
f 1653 1118 1690
f 121 880 312
f 1340 756 312
f 1260 756 1340
f 312 14 121
f 312 737 14
f 756 737 312
f 1260 944 756
f 1260 1290 944
f 737 304 14
f 737 143 304
f 756 143 737
f 944 143 756
f 944 820 143
f 1303 304 818
f 143 818 304
f 143 820 818
f 944 952 820
f 944 1287 952
f 851 1290 1260
f 1290 1287 944
f 1287 1385 665
f 1405 1385 1290
f 1290 1385 1287
f 1405 1944 1385
f 891 948 1303
f 948 1542 1039
f 1542 948 1896
f 895 948 891
f 1896 948 895
f 642 1542 1858
f 1858 1542 1896
f 770 1303 818
f 770 818 1571
f 820 1571 818
f 952 1571 820
f 891 1303 770
f 952 810 1571
f 952 1960 810
f 1287 1960 952
f 1157 891 770
f 41 770 1571
f 770 41 1157
f 1571 810 41
f 891 1157 895
f 41 810 981
f 1960 981 810
f 1157 41 241
f 241 41 981
f 1960 721 981
f 1960 1758 721
f 1176 895 1157
f 242 1157 241
f 1176 1157 242
f 981 721 241
f 943 895 1176
f 721 410 241
f 410 242 241
f 410 721 461
f 1758 461 721
f 943 1176 1156
f 1156 1176 242
f 1758 1643 461
f 1896 895 943
f 1922 1690 1614
f 1287 665 1960
f 665 1758 1960
f 665 1643 1758
f 665 491 1643
f 1385 491 665
f 1405 475 1944
f 1405 114 475
f 1156 242 910
f 910 410 113
f 410 910 242
f 113 410 461
f 1643 113 461
f 25 910 113
f 1643 276 113
f 879 910 25
f 879 1156 910
f 250 1156 879
f 25 113 276
f 1643 491 276
f 879 25 398
f 398 276 1291
f 398 25 276
f 89 1291 276
f 491 89 276
f 172 879 398
f 172 250 879
f 398 832 172
f 832 1291 743
f 1291 832 398
f 89 743 1291
f 458 172 832
f 225 172 458
f 832 849 458
f 849 743 28
f 743 849 832
f 28 580 849
f 1476 1896 943
f 1476 943 1156
f 1476 1156 250
f 1729 1896 1476
f 545 1896 1729
f 1729 1476 250
f 1729 250 172
f 1518 545 1729
f 225 1729 172
f 225 1573 1729
f 1573 1518 1729
f 1598 1896 545
f 1598 1858 1896
f 1968 1858 1598
f 1968 642 1858
f 1968 1809 642
f 1253 1809 1968
f 1922 1614 1798
f 1253 1798 1809
f 1403 1798 1253
f 1922 1798 1403
f 1967 1922 1403
f 941 1690 1922
f 1246 941 1922
f 1735 1922 1967
f 1735 1246 1922
f 1944 491 1385
f 1944 189 491
f 491 189 89
f 1944 1566 189
f 189 743 89
f 1944 475 1566
f 189 28 743
f 189 1566 28
f 475 1528 1566
f 1566 578 28
f 475 1429 1528
f 1405 1977 114
f 1405 1857 1977
f 1405 310 1857
f 1405 1687 310
f 1405 1897 1687
f 1405 1930 1897
f 456 458 849
f 88 458 456
f 88 225 458
f 580 456 849
f 456 1506 88
f 501 88 1506
f 1807 88 501
f 1573 225 88
f 545 1518 1573
f 1807 1573 88
f 1573 1966 545
f 1807 1966 1573
f 1408 1968 1598
f 1966 1598 545
f 1408 1598 1966
f 1727 1968 1408
f 1727 1253 1968
f 1971 1253 1727
f 1971 1403 1253
f 1967 1403 1311
f 1971 1311 1403
f 1498 1735 1967
f 1498 1967 1311
f 949 1735 1498
f 580 28 578
f 1566 264 578
f 1566 1528 264
f 1989 578 264
f 578 1989 580
f 580 1989 456
f 1989 1506 456
f 66 1989 264
f 1528 66 264
f 1528 1429 66
f 1506 1989 540
f 66 540 1989
f 1429 897 66
f 66 1460 540
f 897 1460 66
f 1429 1053 897
f 1297 540 1460
f 540 1297 1506
f 1297 501 1506
f 897 336 1460
f 1053 336 897
f 1297 1460 203
f 336 203 1460
f 1053 237 336
f 693 237 1053
f 418 501 1297
f 1267 501 418
f 336 1411 203
f 237 1411 336
f 693 988 237
f 1267 1807 501
f 1966 1807 1267
f 475 114 1429
f 114 1053 1429
f 114 693 1053
f 114 1444 693
f 114 1977 1444
f 1444 988 693
f 1977 1125 1444
f 203 418 1297
f 203 297 418
f 1411 297 203
f 1411 237 988
f 297 1072 418
f 1411 736 297
f 988 736 1411
f 988 936 736
f 1072 1349 418
f 1543 297 736
f 1543 1072 297
f 108 1543 736
f 1543 1534 1072
f 108 1534 1543
f 418 1349 1267
f 1349 1966 1267
f 852 1966 1349
f 852 1773 1966
f 852 1349 920
f 1072 920 1349
f 1534 920 1072
f 1534 1035 920
f 852 920 1035
f 1579 1966 1833
f 1579 1408 1966
f 951 1408 1579
f 1833 1966 1773
f 1833 196 1579
f 196 951 1579
f 196 1860 951
f 1727 1408 951
f 1433 1727 951
f 1433 1971 1727
f 1860 1433 951
f 1249 1311 1971
f 1249 1971 1433
f 1249 1699 1311
f 1699 1498 1311
f 1699 1330 1498
f 1330 949 1498
f 1330 1680 949
f 1680 1075 949
f 371 1075 1680
f 1977 98 1125
f 1857 98 1977
f 1444 936 988
f 1444 251 936
f 1125 251 1444
f 936 108 736
f 936 1877 108
f 251 1877 936
f 489 1877 251
f 1125 489 251
f 98 489 1125
f 98 159 489
f 108 1036 1534
f 1877 1037 108
f 1037 1036 108
f 489 1037 1877
f 489 515 1037
f 159 515 489
f 98 815 159
f 1036 954 1534
f 1036 763 954
f 1036 1037 269
f 515 269 1037
f 1001 269 515
f 159 1001 515
f 815 1001 159
f 954 1035 1534
f 1035 1700 852
f 1700 1773 852
f 1700 1926 1773
f 1700 1035 954
f 1926 1833 1773
f 1926 196 1833
f 1741 1433 1860
f 1741 1249 1433
f 939 1699 1249
f 939 1249 1741
f 1857 1464 98
f 310 1464 1857
f 310 480 1464
f 1687 480 310
f 1464 815 98
f 1687 1178 480
f 1464 308 815
f 1464 480 308
f 1897 509 1687
f 509 1178 1687
f 1930 558 1897
f 1930 1463 558
f 763 1036 252
f 269 252 1036
f 21 1001 815
f 21 269 1001
f 21 942 269
f 514 252 269
f 514 1706 252
f 514 269 942
f 427 1706 514
f 942 490 514
f 490 427 514
f 959 427 490
f 1700 954 763
f 1706 763 252
f 1706 1700 763
f 427 959 1706
f 959 1700 1706
f 1516 1700 959
f 1516 1926 1700
f 1440 196 1926
f 1860 196 1440
f 1440 1926 1516
f 1955 1741 1860
f 1440 1955 1860
f 1955 1484 1741
f 1484 939 1741
f 1595 1699 939
f 1484 1595 939
f 1595 1330 1699
f 1330 206 1680
f 206 1994 1680
f 1994 1739 1680
f 206 1330 1595
f 308 21 815
f 480 1932 308
f 480 1307 1932
f 1178 1307 480
f 308 503 21
f 503 942 21
f 308 1932 503
f 1178 1696 1307
f 503 442 942
f 442 490 942
f 442 1358 490
f 1358 959 490
f 442 503 683
f 1932 683 503
f 1932 117 683
f 1307 117 1932
f 1307 457 117
f 1696 457 1307
f 1358 442 822
f 683 822 442
f 822 356 1358
f 117 1140 683
f 1140 822 683
f 457 1140 117
f 457 538 1140
f 1696 74 457
f 74 538 457
f 822 883 356
f 1140 883 822
f 1098 883 1140
f 538 1098 1140
f 74 618 538
f 618 1098 538
f 356 959 1358
f 1516 959 356
f 883 1516 356
f 883 1783 1516
f 1783 976 1516
f 1098 379 883
f 379 1783 883
f 976 1440 1516
f 976 1224 1440
f 1224 1487 1440
f 1487 1955 1440
f 1339 1484 1955
f 1487 1339 1955
f 1859 1595 1484
f 1339 1859 1484
f 855 1859 1339
f 1802 735 206
f 1859 985 1595
f 985 206 1595
f 1802 206 985
f 855 985 1859
f 985 1937 1802
f 509 201 1178
f 1897 201 509
f 1897 1166 201
f 201 1696 1178
f 201 1558 1696
f 1166 1558 201
f 1696 357 74
f 1558 357 1696
f 1166 1017 1558
f 1041 1017 1166
f 357 618 74
f 1558 441 357
f 1558 518 441
f 1017 518 1558
f 1041 3 1017
f 597 1098 618
f 441 618 357
f 441 597 618
f 441 471 597
f 518 471 441
f 1017 777 518
f 3 777 1017
f 597 379 1098
f 597 1264 379
f 650 1264 597
f 471 650 597
f 471 518 777
f 777 650 471
f 777 213 650
f 3 775 777
f 1264 1783 379
f 1897 558 1166
f 1930 523 1463
f 558 1041 1166
f 1463 1041 558
f 1463 1296 1041
f 523 1296 1463
f 364 555 1041
f 1296 364 1041
f 1041 555 3
f 555 775 3
f 555 1209 775
f 555 223 1209
f 364 223 555
f 1296 163 364
f 1296 337 163
f 213 1630 650
f 213 1664 1630
f 775 213 777
f 650 1630 1264
f 1630 1783 1264
f 1630 530 1783
f 1664 1606 1630
f 1606 530 1630
f 1783 1991 976
f 1991 1224 976
f 1991 1759 1224
f 1759 1487 1224
f 530 1991 1783
f 1759 1843 1487
f 1843 1339 1487
f 1843 1234 1339
f 1234 855 1339
f 1234 923 855
f 923 1575 855
f 1277 1937 985
f 1277 1916 1937
f 1575 985 855
f 1575 547 985
f 547 1277 985
f 1277 71 1916
f 547 1345 1277
f 1345 71 1277
f 1209 213 775
f 1209 539 213
f 223 590 1209
f 364 593 223
f 593 590 223
f 163 593 364
f 163 1201 593
f 337 1201 163
f 539 1664 213
f 539 1209 590
f 590 1415 539
f 1201 590 593
f 1201 1341 590
f 1341 1415 590
f 539 1606 1664
f 1415 1606 539
f 1415 530 1606
f 1341 530 1415
f 1341 1054 530
f 1054 745 530
f 745 1991 530
f 745 1676 1991
f 1676 1759 1991
f 1676 1394 1759
f 1394 1843 1759
f 1394 1792 1843
f 1843 1170 1234
f 1124 1575 923
f 1124 660 1575
f 1345 103 71
f 1501 103 1345
f 1145 1501 1345
f 1575 1345 547
f 660 1345 1575
f 660 1008 1345
f 1008 1145 1345
f 605 1891 845
f 845 1891 464
f 1653 845 464
f 425 605 845
f 425 845 1653
f 1834 1588 605
f 1834 1683 1588
f 875 1683 1834
f 425 1834 605
f 1045 875 1834
f 828 1834 425
f 828 1045 1834
f 1362 1526 1683
f 1422 1362 1683
f 591 1362 1422
f 875 1422 1683
f 1045 1422 875
f 1434 1422 1045
f 711 1434 1045
f 711 1045 828
f 591 1151 1362
f 1023 1151 591
f 1023 591 1434
f 1434 591 1422
f 374 1023 1434
f 374 1434 711
f 1970 1984 1023
f 94 1023 374
f 1970 1023 94
f 1745 1970 94
f 1970 1750 1984
f 1686 1946 1750
f 1686 1750 1970
f 1745 1686 1970
f 1790 1686 1745
f 1885 1686 1790
f 956 1939 1946
f 1885 1946 1686
f 956 1946 1885
f 459 1939 956
f 459 1779 1939
f 1636 1779 459
f 924 1779 224
f 224 1779 1636
f 584 924 224
f 353 584 224
f 181 224 1636
f 181 353 224
f 542 353 181
f 133 181 1636
f 542 181 133
f 645 542 133
f 184 841 924
f 789 841 184
f 789 1634 841
f 184 924 584
f 938 184 584
f 789 184 938
f 938 584 353
f 188 938 353
f 188 353 542
f 929 188 542
f 1005 188 929
f 929 542 645
f 553 932 1634
f 553 1634 789
f 391 843 932
f 391 173 843
f 136 173 391
f 611 553 789
f 930 932 553
f 930 391 932
f 1624 136 391
f 611 789 938
f 1849 553 611
f 930 553 1849
f 1624 391 930
f 611 938 188
f 616 1624 930
f 1005 611 188
f 1114 1849 611
f 531 930 1849
f 616 930 531
f 211 1624 616
f 1114 611 1005
f 598 531 1114
f 531 1849 1114
f 1121 211 531
f 211 616 531
f 375 1114 1005
f 1121 531 598
f 1799 425 1653
f 941 1653 1690
f 1799 1653 941
f 282 425 1831
f 282 828 425
f 1831 425 1799
f 1043 282 1831
f 711 828 982
f 282 982 828
f 1109 1043 1831
f 1831 1675 1109
f 1627 374 711
f 94 374 1627
f 282 711 982
f 380 711 282
f 380 1627 711
f 1329 94 1627
f 668 380 282
f 1329 1627 380
f 668 282 1043
f 983 1329 380
f 668 1043 1109
f 1673 380 668
f 983 380 1673
f 1673 668 1109
f 1033 983 1673
f 1143 983 1033
f 1143 1781 983
f 1781 94 1329
f 1781 1745 94
f 1781 1329 983
f 1143 1745 1781
f 1137 1745 1143
f 1137 1790 1745
f 761 1790 1137
f 1694 1790 761
f 1780 1790 1694
f 1160 956 1885
f 1160 1885 1790
f 1780 1160 1790
f 1171 459 956
f 1171 956 1160
f 621 1171 1160
f 1788 459 1171
f 1788 1636 459
f 1788 133 1636
f 929 645 260
f 1788 645 133
f 260 645 1788
f 363 929 260
f 717 260 1788
f 363 260 717
f 200 1788 1171
f 200 717 1788
f 200 1171 621
f 946 929 363
f 55 946 363
f 228 363 717
f 228 55 363
f 132 55 228
f 132 1110 55
f 278 652 132
f 991 652 278
f 991 307 652
f 278 132 228
f 1135 991 278
f 1005 929 946
f 946 375 1005
f 375 598 1114
f 178 1121 598
f 598 375 1110
f 178 598 1110
f 55 375 946
f 1110 375 55
f 652 178 1110
f 307 178 652
f 652 1110 132
f 1302 1799 941
f 1302 941 1246
f 1302 1831 1799
f 1675 1831 1302
f 1515 1675 1302
f 1515 365 1675
f 1430 1675 365
f 1641 365 1515
f 1724 1515 1302
f 335 1109 1675
f 335 1673 1109
f 1874 1673 335
f 1033 1673 1874
f 212 1143 1033
f 212 1033 1874
f 1430 335 1675
f 1874 335 1430
f 212 1874 992
f 973 212 986
f 992 1874 1430
f 986 212 992
f 1618 986 992
f 562 973 986
f 428 1430 365
f 428 992 1430
f 1618 992 428
f 1618 562 986
f 428 365 1641
f 13 1618 428
f 13 562 1618
f 1800 562 13
f 973 1143 212
f 1800 1139 562
f 1137 1143 973
f 1139 1137 973
f 1139 761 1137
f 1139 973 562
f 1389 761 1139
f 1389 1139 1800
f 1263 761 1389
f 1186 761 1263
f 1186 1780 1694
f 1186 1694 761
f 1633 1780 1186
f 621 1160 1780
f 621 1780 1608
f 1608 1780 1633
f 1591 200 621
f 1591 552 200
f 1591 621 1608
f 552 228 200
f 228 717 200
f 552 278 228
f 552 1135 278
f 1976 552 1591
f 1912 1246 1735
f 1724 1246 1912
f 1724 1302 1246
f 1912 1735 949
f 1635 1724 1912
f 1641 1515 1724
f 1282 1641 1724
f 1282 396 1641
f 1282 1724 1656
f 1641 396 428
f 13 428 396
f 1800 13 79
f 79 13 396
f 1427 79 396
f 1427 396 1282
f 863 79 1427
f 863 1427 1282
f 949 1669 1912
f 1669 1635 1912
f 1635 1656 1724
f 1225 1282 1656
f 573 1282 1225
f 1656 1354 1225
f 286 1800 79
f 286 1389 1800
f 918 286 863
f 286 79 863
f 1282 918 863
f 281 1837 918
f 1837 286 918
f 1837 1263 286
f 918 1282 573
f 281 918 573
f 1350 281 573
f 1010 1837 281
f 1225 1350 573
f 1010 281 1350
f 222 1837 1010
f 1316 1837 222
f 286 1263 1389
f 444 1263 1837
f 1316 444 1837
f 444 1186 1263
f 561 1186 444
f 1633 1186 561
f 561 444 1316
f 561 1316 950
f 1899 1608 1633
f 1456 1899 1633
f 1456 1633 1951
f 802 1633 561
f 1951 1633 802
f 165 1899 1456
f 1899 1591 1608
f 1450 1591 1899
f 1585 1899 165
f 1585 1450 1899
f 1450 1976 1591
f 1492 1450 1585
f 1943 1635 1669
f 1075 1669 949
f 1075 1943 1669
f 44 1635 1943
f 44 1943 585
f 585 1943 1075
f 371 585 1075
f 371 303 585
f 303 44 585
f 1871 44 303
f 217 303 371
f 1256 1225 1354
f 1656 1635 44
f 1446 1656 44
f 1446 1354 1656
f 1446 1256 1354
f 1871 1446 44
f 1446 896 1256
f 776 1010 1350
f 222 1010 776
f 1299 1316 222
f 950 1316 1299
f 1256 896 1225
f 896 1350 1225
f 896 776 1350
f 1299 222 776
f 925 950 1299
f 896 185 776
f 1299 776 185
f 925 1299 1292
f 1292 1299 185
f 1550 185 896
f 1550 1292 185
f 190 1292 1550
f 217 1871 303
f 692 1871 217
f 692 1278 1871
f 1739 371 1680
f 1739 217 371
f 1739 692 217
f 1739 546 692
f 1278 1446 1871
f 1710 896 1446
f 1710 1314 896
f 1278 1710 1446
f 190 925 1292
f 474 925 190
f 1407 925 474
f 1314 190 1550
f 1314 474 190
f 697 1407 474
f 1314 1550 896
f 697 474 1314
f 362 697 349
f 362 317 697
f 1065 1314 1710
f 1065 697 1314
f 349 697 1065
f 787 561 950
f 802 561 787
f 787 950 925
f 1407 802 787
f 1407 787 925
f 317 802 1407
f 317 1407 697
f 905 317 362
f 1162 1951 802
f 68 1951 1162
f 905 802 317
f 1162 802 905
f 1794 1951 448
f 1794 1456 1951
f 1794 165 1456
f 49 1585 165
f 448 1951 68
f 1695 165 1794
f 1150 165 1695
f 913 165 1150
f 913 49 165
f 49 1492 1585
f 1373 49 913
f 1278 692 546
f 67 546 1739
f 272 1278 546
f 272 1734 1278
f 67 272 546
f 1994 67 1739
f 696 272 67
f 1994 696 67
f 696 1734 272
f 994 696 1994
f 1734 696 994
f 994 1258 1734
f 1324 1258 994
f 1324 994 1994
f 206 735 1994
f 735 1324 1994
f 1734 1710 1278
f 1710 1734 1258
f 1258 1563 1710
f 1563 283 1710
f 1710 767 1065
f 246 349 1065
f 362 349 246
f 246 383 362
f 246 1065 767
f 283 767 1710
f 767 139 246
f 383 246 139
f 291 1258 1324
f 291 1305 1258
f 291 1324 735
f 704 1305 291
f 704 735 1802
f 704 291 735
f 704 1086 1305
f 1990 1086 704
f 1990 704 1802
f 1937 1990 1802
f 384 1086 1990
f 1814 1086 384
f 1298 1563 1258
f 1305 1298 1258
f 1086 1298 1305
f 1304 1563 1298
f 990 1304 1298
f 990 1298 1086
f 1814 990 1086
f 383 905 362
f 860 1162 383
f 283 1793 767
f 1793 139 767
f 1793 888 139
f 888 383 139
f 860 383 888
f 299 757 860
f 786 888 1793
f 786 860 888
f 786 299 860
f 299 448 757
f 1563 1273 283
f 1273 1793 283
f 1273 786 1793
f 1304 1273 1563
f 1273 76 786
f 76 299 786
f 634 299 76
f 1304 773 1273
f 773 76 1273
f 773 634 76
f 1162 905 383
f 448 68 757
f 757 1162 860
f 757 68 1162
f 1937 384 1990
f 1937 327 384
f 1024 990 1814
f 1024 1239 990
f 990 502 1304
f 1239 962 990
f 962 793 990
f 793 502 990
f 634 1762 299
f 1762 448 299
f 966 1762 865
f 966 1936 1762
f 279 634 773
f 279 1762 634
f 1077 1762 279
f 865 1762 1077
f 502 773 1304
f 502 279 773
f 502 1077 279
f 502 865 1077
f 793 753 502
f 753 865 502
f 753 966 865
f 1762 1794 448
f 1695 1794 1762
f 1150 1695 1762
f 1936 1150 1762
f 1817 1936 966
f 1715 1936 1817
f 1466 1936 1715
f 753 1817 966
f 1062 1817 753
f 1062 1715 1817
f 296 1715 1062
f 296 1466 1715
f 1353 1466 296
f 1936 913 1150
f 1373 913 1936
f 1718 1936 1466
f 1718 1373 1936
f 1718 1625 1373
f 1916 327 1937
f 1024 1814 384
f 1916 511 327
f 726 384 327
f 726 1024 384
f 511 726 327
f 52 726 511
f 52 1024 726
f 52 1239 1024
f 71 511 1916
f 71 52 511
f 439 52 71
f 903 52 439
f 903 1147 52
f 1491 1147 903
f 759 1147 1491
f 1740 1147 759
f 1740 482 1147
f 103 439 71
f 103 903 439
f 1501 903 103
f 1501 1491 903
f 1145 1491 1501
f 1145 759 1491
f 1008 759 1145
f 1008 1740 759
f 1147 1239 52
f 1147 962 1239
f 1020 793 962
f 1147 1020 962
f 667 341 1020
f 482 1020 1147
f 793 1223 753
f 1020 1223 793
f 1223 1062 753
f 1020 341 1223
f 341 1062 1223
f 341 296 1062
f 667 296 341
f 667 1353 296
f 1111 1953 1405
f 1111 1941 1953
f 1953 1617 1405
f 1617 1604 1405
f 1111 733 1941
f 709 1953 1941
f 1761 42 945
f 1593 42 1761
f 945 1862 733
f 42 1862 945
f 42 997 1862
f 733 709 1941
f 1862 709 733
f 42 268 997
f 1862 101 709
f 997 101 1862
f 997 162 101
f 268 162 997
f 268 180 162
f 101 1004 709
f 162 1004 101
f 162 422 1004
f 180 422 162
f 180 1265 422
f 1004 556 709
f 422 126 1004
f 1265 126 422
f 1148 629 1593
f 684 629 1148
f 1593 629 42
f 629 268 42
f 629 443 268
f 629 493 443
f 443 180 268
f 443 1219 180
f 493 1219 443
f 1219 1265 180
f 684 493 629
f 684 842 493
f 416 493 842
f 493 1104 1219
f 416 1104 493
f 416 1478 1104
f 1768 1425 1658
f 1768 1685 1425
f 1658 1478 416
f 1658 1425 1478
f 1612 1685 1768
f 1685 1836 1425
f 535 1540 1685
f 1007 535 1923
f 1923 1685 1612
f 1923 535 1685
f 1428 535 1007
f 1428 1334 535
f 1428 1454 1334
f 1334 1738 535
f 1454 1342 1334
f 1604 927 1405
f 927 1726 1405
f 709 556 1953
f 556 1525 1953
f 1525 1617 1953
f 1525 528 1617
f 1004 1235 556
f 126 1235 1004
f 126 680 1235
f 1265 680 126
f 1265 812 680
f 556 847 1525
f 1235 847 556
f 1235 166 847
f 680 166 1235
f 680 401 166
f 812 401 680
f 812 390 401
f 847 980 1525
f 166 980 847
f 166 481 980
f 401 481 166
f 401 926 481
f 390 926 401
f 980 1490 1525
f 481 839 980
f 926 839 481
f 926 615 839
f 926 338 615
f 390 338 926
f 1490 528 1525
f 839 1490 980
f 1478 338 390
f 1478 1315 338
f 1315 567 338
f 1836 1992 1425
f 1836 1875 1992
f 1540 1875 1836
f 1738 892 1540
f 1540 892 1875
f 1334 892 1738
f 1334 1898 892
f 796 1898 1334
f 1219 812 1265
f 1219 1104 812
f 1104 390 812
f 1478 390 1104
f 1425 1315 1478
f 1685 1540 1836
f 1738 1540 535
f 1334 1342 796
f 1376 1820 1405
f 1405 975 1930
f 1405 16 975
f 1405 451 16
f 1820 451 1405
f 1726 1376 1405
f 1617 528 1604
f 528 909 1604
f 909 1548 1604
f 1604 1548 927
f 1548 255 927
f 909 423 1548
f 839 1359 1490
f 839 1250 1359
f 615 1250 839
f 338 124 615
f 1490 1544 528
f 1359 1544 1490
f 615 124 1250
f 1359 1589 1544
f 1359 352 1589
f 1250 352 1359
f 124 352 1250
f 1544 1051 528
f 1544 1589 1051
f 124 333 352
f 1051 909 528
f 352 316 1589
f 333 316 352
f 1051 1552 909
f 1589 1552 1051
f 1589 316 1552
f 333 931 316
f 1552 130 909
f 1552 405 130
f 316 405 1552
f 931 405 316
f 333 654 931
f 130 423 909
f 130 405 423
f 931 548 405
f 654 548 931
f 654 1068 548
f 338 567 124
f 567 333 124
f 567 654 333
f 1315 654 567
f 1315 1364 654
f 1315 1504 1364
f 654 1364 1068
f 1425 1992 1315
f 1992 1504 1315
f 1992 1565 1504
f 1992 1875 1628
f 1992 1628 1565
f 892 1840 1875
f 1875 1840 1628
f 1840 892 1529
f 1898 1529 892
f 451 1387 16
f 451 1034 1387
f 927 1511 1726
f 1511 261 1726
f 1726 1063 1376
f 261 1063 1726
f 1063 1927 1376
f 255 1511 927
f 423 97 1548
f 1548 582 255
f 97 582 1548
f 192 582 97
f 192 685 582
f 582 110 255
f 582 685 110
f 255 292 1511
f 110 292 255
f 685 1241 110
f 685 205 1241
f 813 205 685
f 1511 198 261
f 292 198 1511
f 1241 292 110
f 1241 248 292
f 292 1523 198
f 292 248 1523
f 205 248 1241
f 205 36 248
f 205 1288 36
f 1288 470 36
f 198 1811 261
f 198 1523 1811
f 248 1064 1523
f 36 1064 248
f 193 470 1288
f 193 1973 470
f 423 192 97
f 405 192 423
f 405 698 192
f 548 698 405
f 698 1068 1208
f 1068 698 548
f 192 813 685
f 698 813 192
f 1208 813 698
f 813 1208 1288
f 813 1288 205
f 1364 1208 1068
f 1208 1364 1973
f 1364 1504 1973
f 1208 193 1288
f 1973 193 1208
f 1504 1796 1973
f 1565 1796 1504
f 1565 646 1796
f 1565 1628 646
f 1628 1829 646
f 1628 1662 1829
f 1840 1662 1628
f 1840 1508 1662
f 1508 1529 1749
f 1529 1508 1840
f 1898 1284 1529
f 1529 340 1177
f 1529 1284 340
f 1529 1177 1749
f 1034 409 1387
f 451 33 1034
f 1034 1851 409
f 1376 1927 1820
f 1820 1744 451
f 1820 1979 1744
f 1927 1979 1820
f 1927 747 1979
f 747 1094 1979
f 1744 33 451
f 1744 358 33
f 1744 1262 358
f 1979 1262 1744
f 1094 1600 1979
f 358 829 33
f 1979 586 1262
f 1600 586 1979
f 1063 1206 1927
f 261 59 1063
f 1063 302 1206
f 59 302 1063
f 59 430 302
f 1927 872 747
f 1206 872 1927
f 1206 858 872
f 302 858 1206
f 430 915 302
f 302 915 858
f 430 521 915
f 747 592 1094
f 872 592 747
f 872 858 592
f 521 1230 915
f 592 1600 1094
f 858 34 592
f 915 34 858
f 915 1230 34
f 521 817 1230
f 817 285 1230
f 592 460 1600
f 34 460 592
f 1230 964 34
f 285 964 1230
f 804 1266 125
f 1811 59 261
f 1064 392 1523
f 1064 36 392
f 36 63 392
f 36 1317 63
f 470 1317 36
f 1811 740 59
f 1523 740 1811
f 1523 392 740
f 392 840 740
f 392 63 1193
f 740 430 59
f 740 840 430
f 1193 840 392
f 63 824 1193
f 840 620 430
f 620 521 430
f 1193 620 840
f 1193 1313 620
f 1193 824 1313
f 620 92 521
f 620 1313 92
f 92 817 521
f 63 1317 824
f 470 824 1317
f 1973 824 470
f 824 1973 1079
f 824 804 1313
f 824 1079 804
f 92 804 817
f 92 1313 804
f 1079 1266 804
f 817 804 285
f 1973 1796 1079
f 1796 589 1079
f 1796 1645 589
f 1796 646 1645
f 646 339 1645
f 646 1556 339
f 646 1829 1556
f 1829 1383 1556
f 1829 1361 1383
f 1829 1662 1361
f 1662 1133 1361
f 1662 1508 1133
f 1508 569 1133
f 1508 1982 569
f 1508 1749 1982
f 1749 1009 1982
f 1749 72 1009
f 1749 1177 72
f 1177 1473 1668
f 340 1473 1177
f 1668 72 1177
f 1668 1473 928
f 1668 928 1159
f 975 523 1930
f 975 1830 523
f 16 1830 975
f 16 31 1830
f 1387 31 16
f 1387 348 31
f 1830 1296 523
f 31 702 1830
f 31 1172 702
f 348 1172 31
f 1830 570 1296
f 1830 702 570
f 1172 1309 702
f 570 337 1296
f 702 298 570
f 702 1097 298
f 1309 1097 702
f 1172 254 1309
f 254 1097 1309
f 215 254 1172
f 33 1851 1034
f 33 495 1851
f 409 348 1387
f 495 1093 1851
f 409 446 348
f 1851 446 409
f 1093 446 1851
f 446 1092 348
f 495 354 1093
f 348 1092 1172
f 446 574 1092
f 446 1027 574
f 1093 1027 446
f 354 1027 1093
f 354 431 1027
f 1027 50 574
f 1027 437 50
f 1027 431 437
f 1092 215 1172
f 1092 105 215
f 574 50 1092
f 50 105 1092
f 105 254 215
f 50 1220 105
f 437 1220 50
f 437 1920 1220
f 437 187 1920
f 187 437 431
f 1574 402 878
f 829 495 33
f 1262 10 358
f 586 10 1262
f 358 112 829
f 10 112 358
f 586 1813 10
f 829 354 495
f 829 979 354
f 112 979 829
f 10 373 112
f 1813 373 10
f 1813 689 373
f 979 1006 1568
f 112 1006 979
f 373 1006 112
f 689 1711 373
f 354 1568 431
f 979 1568 354
f 373 1711 1006
f 1711 1844 1006
f 1568 1069 431
f 1006 1069 1568
f 1006 947 1069
f 1006 202 947
f 1006 1844 202
f 1069 187 431
f 1069 947 187
f 1711 1821 1844
f 1821 494 1844
f 1844 155 202
f 1844 494 155
f 494 1972 155
f 202 1438 947
f 202 155 1438
f 947 1438 187
f 1469 1972 494
f 1469 1736 1972
f 1599 1736 1469
f 1736 1599 727
f 1599 1963 727
f 1401 1963 1599
f 1401 1574 1963
f 1477 1574 1401
f 1574 1477 402
f 1963 1574 878
f 1477 901 402
f 1883 901 1477
f 1883 96 901
f 1600 1813 586
f 460 1813 1600
f 34 1268 460
f 34 996 1268
f 964 996 34
f 460 957 1813
f 460 1268 957
f 1268 996 957
f 1813 957 689
f 957 1711 689
f 957 1821 1711
f 964 125 996
f 285 125 964
f 804 125 285
f 996 125 1795
f 125 1266 1795
f 1266 1079 494
f 957 1795 1821
f 996 1795 957
f 1266 494 1795
f 1795 494 1821
f 589 1645 1469
f 589 494 1079
f 589 1469 494
f 1469 339 1599
f 339 1469 1645
f 339 1556 1599
f 1599 1383 1401
f 1383 1599 1556
f 1361 1401 1383
f 1133 1401 1361
f 1133 1477 1401
f 569 1477 1133
f 1982 1477 569
f 1009 1477 1982
f 1009 1883 1477
f 1009 72 1883
f 1668 1883 72
f 1159 1883 1668
f 570 1201 337
f 570 298 1201
f 1097 158 298
f 1097 734 158
f 254 734 1097
f 1281 1341 1201
f 298 1281 1201
f 298 158 1281
f 734 1570 158
f 734 1841 1570
f 158 1570 1281
f 1841 1054 1570
f 1281 1054 1341
f 1570 1054 1281
f 1792 1170 1843
f 1170 923 1234
f 1170 1124 923
f 660 676 1008
f 676 1632 1008
f 105 734 254
f 105 779 734
f 1220 779 105
f 1220 1920 779
f 779 1841 734
f 1920 1054 779
f 1920 745 1054
f 1920 155 745
f 155 1972 745
f 187 155 1920
f 1438 155 187
f 779 1054 1841
f 1972 1676 745
f 1972 1736 1676
f 1736 1394 1676
f 1736 727 1394
f 727 1792 1394
f 727 878 1792
f 727 1963 878
f 878 1170 1792
f 878 1721 1124
f 402 1721 878
f 1124 1721 660
f 878 1124 1170
f 402 901 1721
f 901 1198 1721
f 901 96 1198
f 96 1594 1198
f 96 1242 1594
f 1721 676 660
f 1721 1198 676
f 1198 1902 676
f 136 755 173
f 136 1322 755
f 1692 864 1482
f 197 1482 864
f 1119 197 671
f 197 1119 1482
f 368 1322 136
f 1055 1322 368
f 1055 1692 1322
f 864 1692 1055
f 39 864 1055
f 39 197 864
f 197 866 671
f 866 197 39
f 136 1624 368
f 1149 1055 368
f 39 1055 1149
f 866 39 152
f 342 368 1624
f 1149 368 342
f 1451 39 1149
f 39 1451 152
f 342 1624 211
f 1132 1149 342
f 1451 1149 1132
f 1141 211 1121
f 1141 342 211
f 1132 342 1141
f 168 1132 453
f 168 1451 1132
f 168 152 1451
f 134 152 168
f 705 1141 1121
f 453 1141 705
f 453 1132 1141
f 134 1188 455
f 1188 134 168
f 144 194 1080
f 1596 194 144
f 1752 1596 144
f 1752 144 560
f 560 1390 1752
f 619 1752 1390
f 5 1390 455
f 619 1390 5
f 1119 671 1155
f 1155 671 919
f 1080 919 144
f 919 671 866
f 919 560 144
f 245 919 866
f 560 919 245
f 866 134 245
f 134 866 152
f 560 245 1390
f 245 455 1390
f 455 245 134
f 1372 1887 1596
f 1435 1887 1372
f 1372 1596 1752
f 1646 1752 619
f 1372 1752 1646
f 1852 1436 1435
f 1747 1666 1436
f 415 1259 1747
f 1707 1747 1436
f 415 1747 1707
f 877 233 649
f 233 1760 649
f 649 1760 1771
f 1760 859 1771
f 1760 1539 816
f 1760 816 859
f 859 816 1087
f 816 1539 1520
f 233 877 1259
f 462 233 1259
f 1760 233 462
f 415 462 1259
f 1539 1760 462
f 462 415 1539
f 415 1520 1539
f 1454 1393 1342
f 2000 106 1454
f 236 106 2000
f 637 106 236
f 106 1243 1454
f 1454 1562 1393
f 1243 1562 1454
f 106 1056 1243
f 106 1294 1056
f 649 637 414
f 649 1771 637
f 637 1771 106
f 1771 859 106
f 106 859 1294
f 859 1087 1294
f 1294 1087 1056
f 1486 554 1985
f 140 1108 554
f 256 307 991
f 170 232 256
f 149 232 170
f 149 906 232
f 1486 906 149
f 1486 1985 906
f 140 554 1486
f 170 256 991
f 170 991 1135
f 1457 140 1486
f 1386 1121 178
f 1386 705 1121
f 579 705 1386
f 579 453 705
f 1127 453 579
f 1127 168 453
f 1188 168 1127
f 554 1188 1127
f 1108 1188 554
f 1049 178 307
f 1049 1386 178
f 906 579 1049
f 579 1386 1049
f 1985 579 906
f 1985 1127 579
f 554 1127 1985
f 232 307 256
f 232 1049 307
f 906 1049 232
f 35 5 455
f 543 5 35
f 543 619 5
f 1108 35 1188
f 543 35 1108
f 1646 619 543
f 140 543 1108
f 1457 543 140
f 1646 1457 1214
f 1457 1646 543
f 455 1188 35
f 1527 1372 1646
f 1435 1372 1527
f 1527 1646 1214
f 1852 1435 1527
f 1876 1852 1527
f 1815 1852 1876
f 1707 1436 1852
f 1707 1751 415
f 1707 1852 1815
f 1707 118 1751
f 1707 1551 118
f 1551 1707 1815
f 1541 118 1551
f 796 1978 1898
f 1954 1978 796
f 1204 1717 1213
f 816 1368 1078
f 1368 1520 345
f 1368 816 1520
f 816 1078 1087
f 1078 1204 1087
f 345 854 1368
f 854 153 1368
f 1078 153 1204
f 1368 153 1078
f 153 1717 1204
f 854 244 153
f 854 1509 244
f 153 244 1717
f 345 415 1751
f 415 345 1520
f 854 345 1751
f 854 1751 118
f 1509 854 118
f 1509 118 1541
f 1393 796 1342
f 1562 796 1393
f 1562 1954 796
f 1056 1204 1243
f 1243 1954 1562
f 1243 1213 1954
f 1204 1213 1243
f 1087 1204 1056
f 1486 149 170
f 989 170 1135
f 989 1486 170
f 989 1457 1486
f 989 1135 552
f 989 552 1976
f 1214 1457 989
f 1467 1214 989
f 595 1467 989
f 624 1527 1214
f 1876 1527 624
f 624 1214 1467
f 1754 1876 624
f 504 624 1467
f 1011 1815 1876
f 1011 1876 1754
f 1551 1815 1906
f 1906 1815 1011
f 1530 1541 1551
f 1076 1551 1906
f 1076 1530 1551
f 1879 1906 1011
f 400 1906 1879
f 400 1076 1906
f 1076 1255 571
f 1978 1536 1898
f 1898 1536 1284
f 1717 1379 1213
f 1213 1774 1954
f 1213 1218 1774
f 1379 1218 1213
f 1954 1774 1978
f 1978 1774 1536
f 1218 1698 1774
f 1379 1717 244
f 1869 1509 835
f 1869 244 1509
f 244 1869 1379
f 1869 1218 1379
f 835 571 706
f 835 706 1869
f 1869 706 1218
f 706 1212 271
f 571 1212 706
f 706 271 1218
f 1212 571 1255
f 271 1698 1218
f 1541 835 1509
f 835 1541 1530
f 1530 571 835
f 571 1530 1076
f 595 1613 1492
f 1613 989 1976
f 595 989 1613
f 1613 1976 1450
f 1492 1613 1450
f 1878 1538 595
f 504 1467 595
f 1538 504 595
f 1754 624 504
f 1776 1754 504
f 1776 504 300
f 300 504 1538
f 1754 1835 1011
f 1879 1011 1835
f 1835 1754 1776
f 1459 1835 1776
f 500 1835 1459
f 500 1879 1835
f 1437 500 1459
f 718 1921 1900
f 655 64 1468
f 64 933 1468
f 485 1255 1102
f 73 1102 699
f 1102 73 485
f 712 485 73
f 699 500 1123
f 699 1123 73
f 1103 73 1123
f 73 1103 712
f 712 64 655
f 64 712 1103
f 608 500 1437
f 1123 500 608
f 1103 1123 305
f 1103 933 64
f 1255 1076 400
f 1255 400 1102
f 699 400 1879
f 1102 400 699
f 1879 500 699
f 1536 718 1284
f 1536 1921 718
f 1284 718 1723
f 1284 1723 340
f 1774 1698 48
f 1536 1774 48
f 1698 965 48
f 48 1921 1536
f 965 655 1468
f 48 1468 1921
f 48 965 1468
f 271 564 1698
f 564 271 1212
f 485 1212 1255
f 564 485 549
f 564 1212 485
f 564 965 1698
f 564 549 965
f 549 485 712
f 549 655 965
f 549 712 655
f 259 1878 1492
f 1878 595 1492
f 1326 259 1492
f 1625 1492 49
f 1326 1492 1625
f 1625 49 1373
f 300 1538 1878
f 1275 300 1878
f 1275 1878 259
f 729 1275 259
f 1884 259 1326
f 729 259 1884
f 1449 1776 300
f 1449 300 1275
f 226 1275 653
f 226 1449 1275
f 1637 1449 226
f 653 1275 1581
f 1572 1701 95
f 917 1701 1572
f 1778 1701 917
f 1619 1701 1778
f 1619 963 1701
f 795 1825 885
f 397 795 885
f 885 1825 1637
f 885 122 397
f 432 885 1637
f 122 885 432
f 397 122 1179
f 274 122 432
f 122 274 1179
f 1179 963 1619
f 1459 1776 1449
f 1437 1459 1825
f 1459 1449 1825
f 795 1437 1825
f 1637 1825 1449
f 1723 718 1473
f 718 1900 1473
f 1723 1473 340
f 1900 445 1473
f 1473 445 928
f 445 1572 928
f 1159 928 873
f 928 1572 873
f 1468 933 1306
f 1900 1921 917
f 1921 1778 917
f 1921 1306 1778
f 1468 1306 1921
f 917 445 1900
f 1306 628 1778
f 628 69 1778
f 917 1572 445
f 1778 69 1619
f 305 1123 608
f 1103 115 933
f 115 1103 305
f 1949 608 1437
f 608 93 305
f 608 1949 93
f 115 305 1174
f 115 1306 933
f 1949 1437 795
f 1174 305 93
f 1306 1174 628
f 115 1174 1306
f 397 1949 795
f 1949 397 93
f 1174 93 1610
f 93 397 1610
f 1174 69 628
f 1174 1610 69
f 1610 397 1179
f 69 1610 1619
f 1610 1179 1619
f 75 289 1718
f 725 289 75
f 725 1431 289
f 1353 1718 1466
f 109 1718 1353
f 247 75 109
f 75 1718 109
f 967 725 75
f 289 1326 1625
f 1431 1326 289
f 289 1625 1718
f 436 505 1488
f 505 1404 1488
f 1404 1161 1018
f 429 729 527
f 429 1581 729
f 1682 1884 1431
f 527 1884 1682
f 1682 1431 725
f 421 429 527
f 1365 429 421
f 421 527 1682
f 1066 421 1374
f 1066 1365 421
f 617 1682 967
f 1682 725 967
f 1374 1682 617
f 1374 421 1682
f 1018 1066 1374
f 1581 1275 729
f 1884 1326 1431
f 527 729 1884
f 1448 96 1883
f 96 1448 280
f 1448 1958 280
f 1554 1958 1448
f 1242 1958 436
f 1958 505 436
f 96 280 1242
f 280 1958 1242
f 1512 1995 1554
f 998 1995 1512
f 998 801 1995
f 505 1995 1161
f 1995 85 1161
f 1958 1554 505
f 1554 1995 505
f 505 1161 1404
f 1161 1066 1018
f 1581 1532 653
f 226 653 1974
f 1532 1581 429
f 653 1532 1917
f 1974 653 1917
f 1365 1532 429
f 1917 1532 1365
f 1974 1917 801
f 998 1974 801
f 1917 1365 85
f 1995 801 85
f 801 1917 85
f 1161 85 1066
f 85 1365 1066
f 1159 873 1016
f 873 1822 1016
f 1572 1822 873
f 1159 1448 1883
f 1159 1016 1448
f 1016 1822 1448
f 1572 95 1822
f 963 80 1701
f 1822 1554 1448
f 1822 95 1554
f 95 1512 1554
f 1423 998 1512
f 95 1701 1512
f 1701 80 1512
f 80 1423 1512
f 257 1637 226
f 432 1637 257
f 432 1667 274
f 274 1667 1472
f 963 274 1472
f 1179 274 963
f 432 257 1667
f 1472 1667 257
f 1472 80 963
f 257 226 1974
f 257 1423 1472
f 80 1472 1423
f 1423 1974 998
f 1423 257 1974
f 1215 482 1740
f 739 482 1215
f 602 424 995
f 424 146 995
f 1632 1215 1008
f 1215 1740 1008
f 778 1215 1632
f 778 739 1215
f 46 739 778
f 46 995 739
f 1902 46 676
f 1902 602 46
f 602 995 46
f 676 778 1632
f 46 778 676
f 482 667 1020
f 482 142 667
f 1413 142 482
f 739 1413 482
f 995 1413 739
f 146 1413 995
f 1413 1181 142
f 1181 270 142
f 142 109 667
f 109 1353 667
f 142 247 109
f 270 247 142
f 270 967 247
f 967 75 247
f 499 424 602
f 499 146 424
f 499 1488 146
f 1594 436 499
f 436 1488 499
f 1242 436 1594
f 1198 1594 1902
f 1594 602 1902
f 1594 499 602
f 1404 1413 146
f 1404 1181 1413
f 1404 617 1181
f 1488 1404 146
f 1404 1374 617
f 1018 1374 1404
f 617 270 1181
f 617 967 270

