# https://github.com/mikedh/trimesh
v -0.21290055 -0.54708582 -0.49313328
v -0.25932756 0.65372318 -0.29550377
v -0.26300237 0.41670588 0.30973053
v 0.29414734 0.63878149 0.25634551
v -0.38327029 0.63770604 0.13476072
v -0.22477667 0.65420347 0.29796886
v 0.33908451 0.42268968 -0.23071407
v -0.22807112 0.64136982 0.32550129
v 0.48487610 -0.56268984 -0.16935267
v -0.25179809 -0.56022811 0.45053884
v -0.07057986 0.41025093 0.40148371
v 0.09800265 0.45340136 0.40530828
v -0.42013663 0.40400475 -0.09015006
v 0.39849186 0.41628242 0.05689976
v 0.12083968 -0.62617183 0.42440686
v -0.07634182 0.58697379 0.40497744
v 0.26182744 0.40559390 0.31781325
v -0.15375116 0.08420612 -0.52540511
v -0.26645252 0.41704041 -0.32086268
v 0.11275406 0.40615234 0.39655450
v -0.40479645 0.63133109 -0.11446767
v 0.05792940 0.65494484 0.36271945
v -0.24136309 0.40891269 0.33599889
v -0.52537125 -0.56135964 -0.01505913
v 0.31248257 0.50880706 -0.29135785
v -0.21034989 -0.06072429 0.49109930
v -0.40418202 0.64673585 0.03095854
v -0.39599574 0.64894319 -0.06650459
v 0.40396595 0.41153598 -0.04746952
v -0.31454521 0.40375555 -0.29634005
v 0.02715033 0.62866551 -0.42395547
v 0.37463912 0.40846306 -0.17773116
v 0.11800730 0.57406563 -0.41134724
v 0.16569412 -0.60203546 -0.46057647
v 0.16428748 0.41897267 -0.37710550
v -0.01131125 0.40040916 0.42303425
v -0.22731616 0.40851784 0.34730881
v 0.38242596 -0.60808170 -0.28101903
v -0.37938499 0.63465679 -0.18036111
v 0.12894830 0.63812757 0.37464795
v 0.28520602 0.41881940 0.28206035
v 0.13645980 0.10241646 0.51045877
v 0.35715333 0.40527984 -0.22069876
v -0.51361877 0.32027826 0.11785543
v -0.25974467 0.31354854 -0.46992049
v -0.48428917 0.36055523 0.07385784
v -0.03893071 0.63020605 0.39559159
v 0.30648917 0.64376241 -0.26804534
v -0.21653271 0.61469531 -0.36956239
v -0.03897857 0.42664927 -0.41815522
v -0.04453630 0.41336301 -0.41600600
v 0.27661368 -0.60437429 0.38694763
v 0.41939613 0.44450438 0.01069625
v 0.40060648 0.41741264 0.03067057
v 0.36163074 0.62153804 -0.20692727
v -0.03590258 -0.65501302 0.05139995
v 0.26929694 0.19438517 0.45269680
v 0.19693309 0.64461845 -0.35247076
v -0.36272708 0.41990989 0.19118622
v 0.47880784 0.31127611 0.20563486
v 0.10718471 -0.61498219 0.44359165
v 0.34164545 0.65462732 -0.16281444
v 0.16417052 0.63956094 -0.38041079
v 0.30777678 0.41748092 0.25347564
v -0.35354674 -0.65465873 0.05818430
v 0.13978107 -0.57414687 0.48032504
v -0.01824651 -0.62884313 -0.45049694
v 0.28039157 0.64257050 0.26715168
v 0.31092513 0.62970084 0.24374752
v 0.19426937 0.41890663 0.34945774
v -0.39083359 0.64420748 0.09886034
v 0.22919618 0.42677799 -0.34891015
v -0.37192360 0.41024199 0.18826164
v 0.02772339 0.64288974 0.38872072
v 0.35826296 0.07441825 -0.40182945
v -0.13041176 0.65511131 -0.34537500
v 0.39320630 0.29106274 -0.36230603
v 0.52875584 -0.48617983 -0.09500534
v -0.32894948 0.40644673 -0.27181742
v 0.39049807 0.42688778 0.11939234
v 0.19084400 0.41619501 -0.36519399
v 0.30190581 0.29955059 0.42842650
v 0.18054374 0.64010119 0.35089043
v 0.38339072 0.41464520 -0.14052290
v 0.12090477 0.64283520 -0.39471129
v 0.22816625 0.38276130 -0.39559871
v 0.37038553 0.65506166 -0.00295231
v 0.24481604 -0.64764857 -0.31276989
v 0.25656033 0.09976348 -0.47244301
v 0.39242783 -0.58300358 -0.31633002
v -0.17777821 0.62636000 -0.38670072
v 0.33480701 0.41176200 0.22727901
v 0.40798047 0.44717672 -0.10809766
v 0.09907628 0.41803852 -0.40254921
v -0.22882034 0.42735261 0.33934110
v -0.08363371 0.41016477 0.39985371
v -0.40991852 0.41636029 -0.07348967
v 0.42851314 -0.56853300 0.26524612
v -0.40392673 0.64094639 -0.08561035
v -0.39765671 0.41837624 0.10876842
v -0.24195914 0.34125590 -0.45617375
v -0.35854626 0.34643495 -0.36219636
v -0.07677782 0.65341538 -0.38529909
v -0.03147589 0.64572191 0.38713539
v 0.27023464 0.42832518 0.30245692
v -0.26145872 -0.53659505 0.45637050
v 0.40380001 0.41795310 0.00474943
v 0.40495566 -0.56020224 0.30708954
v 0.35435542 0.29420716 0.38529652
v -0.40372160 0.64596957 -0.04756350
v 0.35007998 0.41786090 0.19693372
v -0.33588701 0.41596901 -0.24686700
v 0.32966277 0.28786179 -0.42100689
v -0.30915490 0.33429128 0.40840057
v 0.26238549 0.40600491 -0.32827210
v 0.12241969 -0.56008101 0.49622926
v 0.39789236 0.31424645 -0.34228882
v 0.28914273 0.09803246 -0.45345506
v -0.41124210 0.41840100 -0.06046695
v 0.32745898 0.64224595 0.21563555
v 0.40366900 0.42469677 -0.04752571
v 0.16463199 0.41164100 0.37083799
v 0.24412900 0.41498199 0.31897801
v -0.37118191 0.40455043 -0.21969137
v -0.31511310 0.44181600 -0.28444797
v -0.34678453 0.40923956 -0.24315710
v -0.27514279 0.44038332 0.31191581
v -0.37736186 0.65404737 -0.10257073
v 0.06016609 0.64628726 -0.40648571
v 0.21923949 0.41880774 0.33447573
v -0.29381248 0.40992156 0.29323459
v 0.04692134 0.41085964 0.40201283
v 0.38887158 0.40717825 0.13459177
v -0.19212598 0.64020199 0.35035971
v -0.31149346 0.65476304 0.21293981
v 0.02075444 0.41010559 -0.42013213
v 0.06842294 0.42730245 0.40102258
v 0.05189624 0.40494385 -0.42301732
v -0.36592996 0.65454030 0.10357865
v -0.27718240 0.28279057 0.45421091
v 0.36732447 0.62685436 0.16401148
v -0.16564052 0.64138502 -0.38210025
v 0.15461189 0.63955486 0.36301637
v -0.28694144 0.32243866 -0.44788271
v 0.32112092 0.40625995 0.25462335
v 0.38320613 0.40574506 0.15159222
v 0.41417167 0.40600356 -0.02330470
v -0.01144608 0.41674733 0.40346050
v 0.12449981 0.40434533 -0.40863979
v -0.42010346 0.29442343 -0.34061551
v 0.42769557 0.08838856 0.30601561
v -0.40416732 0.63083452 0.09118848
v -0.38754633 0.40782517 0.16077249
v 0.40526932 0.32657081 0.30813545
v 0.28667364 -0.64278907 -0.29459420
v -0.52918810 -0.09172396 -0.17220557
v 0.36273062 0.42948756 0.19072476
v 0.33231822 0.65095162 0.17481200
v 0.27929142 0.32831252 0.42765993
v 0.42005023 0.44471145 -0.04137995
v -0.03403283 0.39954868 0.42263779
v 0.35960823 0.40532386 0.20355432
v 0.32027355 0.40614536 -0.27015010
v -0.29564780 0.63661754 -0.29158700
v -0.38895628 0.41087568 0.14835717
v -0.47161099 -0.59947777 0.12328221
v 0.05824245 -0.62787724 -0.44664252
v 0.11238400 0.41320601 -0.40201399
v 0.26655912 -0.55387992 -0.45713979
v -0.46047038 0.30379787 -0.27884144
v -0.36482966 0.64005047 0.17381994
v -0.40216714 0.63872683 -0.10007560
v -0.52471370 0.32762441 0.02436007
v -0.47337288 -0.54197276 0.24058554
v 0.06007700 0.41351399 0.39943400
v 0.34056658 0.65509659 0.11639182
v 0.29908809 0.24660753 -0.44581297
v -0.31497797 0.63784778 -0.26980227
v 0.11757332 0.30243376 0.51169938
v -0.37834576 0.46491823 0.18125103
v -0.27978796 0.33598939 0.42745441
v -0.10682151 0.31993088 0.50897074
v 0.32419229 0.41836014 -0.24611092
v -0.06321562 0.42676273 -0.41408440
v 0.09335124 0.64198244 0.38120544
v -0.31913799 0.41455999 -0.27038401
v -0.09694887 0.64679265 0.37659082
v -0.34413952 0.43943253 0.22624099
v 0.52884227 -0.41649759 -0.14264113
v 0.25905174 0.42046249 -0.31585786
v -0.26196188 -0.62005657 0.37949482
v 0.15067163 0.56204462 0.39036384
v 0.33790001 0.41548601 -0.23061000
v -0.41838571 -0.64056158 0.07684557
v -0.41731548 -0.63197070 0.14700690
v -0.04439932 0.41853148 0.39999858
v 0.21719272 0.40342775 0.35399136
v 0.34560195 0.42789963 0.21443486
v -0.29565999 0.41537899 -0.29842600
v -0.41382316 0.42107072 -0.03443339
v 0.13902724 0.42452481 -0.39304215
v 0.12549311 0.65047210 0.35555130
v 0.31736970 0.31718469 -0.41693348
v 0.39181665 0.61298609 0.12015493
v -0.23350248 0.65041387 -0.32117906
v -0.34896988 0.64321625 0.19595307
v -0.21754944 0.45810241 0.35641059
v 0.17532548 0.65510160 -0.33792913
v -0.11003426 0.64600527 0.37481919
v -0.29308298 0.64054555 0.27309370
v -0.33593991 0.62886137 -0.25612086
v 0.30890027 0.65499139 0.17931676
v 0.26918933 0.41754746 -0.30785239
v 0.28240600 0.41152501 0.29247499
v -0.36013451 0.28419676 -0.40762237
v 0.33750880 0.64604253 0.18799280
v -0.09058231 0.42091349 -0.40626800
v -0.25542074 0.40430859 -0.34625193
v 0.36846223 0.65330291 -0.09894460
v 0.38937509 0.41870549 -0.11254333
v 0.35227713 -0.57508355 -0.36543307
v -0.16987219 0.30201769 -0.51385462
v -0.40194184 0.42095938 -0.10812753
v -0.09715679 0.40667018 -0.41637221
v -0.48077711 0.31378460 -0.23674518
v -0.33733985 -0.60512686 0.34116548
v -0.28689438 -0.60229284 -0.40173939
v 0.22429612 0.45591345 0.35260928
v -0.34796372 0.41971546 0.21561590
v 0.36130720 0.41822979 -0.19097227
v -0.28137124 0.45744410 -0.31988311
v 0.28064924 0.65465885 -0.26253104
v 0.40318179 0.41882730 -0.02124324
v 0.31915638 -0.31959906 -0.44930285
v 0.13853700 0.41507900 -0.39053500
v -0.26329920 0.28506845 -0.47428030
v -0.03795398 0.29644048 0.52686870
v 0.11172736 0.42691904 -0.40336773
v 0.32118201 0.41415900 0.24018100
v -0.09830949 0.05810173 0.52644867
v 0.09151617 0.09294865 0.52132326
v 0.48804334 0.32604665 0.15522927
v -0.21526542 0.06426446 -0.51770175
v -0.28831601 0.42498001 -0.30431101
v -0.49130446 -0.58914810 0.08222229
v 0.34369338 0.41849062 -0.21890758
v 0.37878987 0.64467841 0.10296643
v 0.37999129 0.64028829 0.12215624
v -0.31167006 0.42747480 0.26513904
v 0.21362065 0.44762990 -0.37014234
v -0.39785218 0.62806743 -0.13931657
v -0.51990062 0.07660958 0.13558500
v 0.13257302 0.40642682 0.38938889
v 0.32902792 0.65395242 -0.19844051
v 0.37038937 0.40603077 -0.19414286
v -0.29215500 0.41088900 -0.30830300
v -0.00528586 0.41260293 -0.41967705
v 0.40227583 0.41786638 0.01771623
v -0.29251680 0.65277076 0.24674530
v 0.50090307 0.30173093 0.15606084
v 0.39961457 0.64000398 -0.03445668
v -0.09058584 0.65504789 -0.37220258
v 0.17713411 0.41885841 0.35968459
v -0.13004678 0.42548144 -0.39824277
v -0.34414157 0.64304078 -0.22710566
v 0.03718016 0.45228946 0.41481856
v -0.36817223 0.42870930 0.18508440
v -0.01213167 0.65412557 -0.39580268
v 0.40530127 0.42869839 -0.07111217
v -0.01831872 0.41091534 -0.41955963
v -0.33950722 0.63799584 -0.24281608
v 0.01267588 0.18998684 -0.54225791
v 0.03080203 -0.53107971 -0.53314543
v -0.29582617 0.39953688 -0.32435614
v -0.29822379 0.44112027 -0.30128381
v -0.19262321 -0.56208259 0.47713500
v -0.05118418 -0.46323287 0.53243023
v -0.15015928 0.40663868 -0.39989781
v 0.09013673 0.41390547 0.39494920
v 0.39760789 0.40633115 0.11337061
v 0.40029481 0.63874060 -0.04756777
v -0.44665331 0.28945771 -0.30304042
v -0.34491375 0.40457338 -0.25611633
v 0.39096442 0.64504474 -0.07376425
v -0.19937378 0.33305204 0.46946153
v 0.23244506 0.40467346 0.34155759
v 0.31370863 0.41914222 0.24434195
v -0.23460838 0.62158573 -0.35400915
v 0.32699904 -0.55934143 -0.40560499
v -0.45055103 0.29074135 0.28789568
v 0.45741698 0.32052812 -0.24933106
v -0.30859980 0.63379329 -0.28154656
v 0.37202153 0.29983115 0.36688015
v 0.29501051 0.40299451 0.29451430
v 0.38466725 0.60898697 -0.16125652
v 0.40595037 0.43080953 0.07501484
v 0.39180425 0.63956678 0.07676016
v -0.32361710 0.32563075 -0.41960019
v 0.45108831 0.09988129 0.27299589
v -0.36363623 0.64595276 -0.18382189
v 0.37601236 0.41912568 -0.15175819
v 0.29922599 0.64467204 0.24172218
v -0.20959829 0.65439081 -0.32370281
v -0.32994723 0.30990672 -0.42615882
v -0.29953215 0.44001830 0.28635815
v -0.36168930 0.52883619 -0.22666684
v 0.52927339 0.26391980 -0.01991197
v 0.26321346 0.32044300 0.44303221
v 0.29559642 0.41027227 0.27946845
v -0.06069126 0.63780218 -0.41381133
v -0.41440612 0.42126206 -0.01468690
v 0.00763596 0.41489363 -0.41643819
v 0.07305349 0.40992829 0.40000960
v -0.41388232 0.40911865 0.07006804
v 0.00415172 -0.55050266 0.51854092
v -0.29847983 0.42138264 0.28084299
v -0.41689840 -0.59168327 -0.28245062
v -0.12223946 0.65326303 0.35352194
v -0.50770456 0.33534679 -0.11369578
v 0.30821687 0.40733656 0.26873136
v -0.37336120 0.41789088 0.16985446
v -0.40378869 0.64657694 -0.00831447
v 0.39903918 0.41688707 0.04371584
v -0.34026572 0.33139479 0.38731647
v 0.31242776 0.40558168 -0.28160197
v 0.51193047 0.32705674 -0.05400341
v 0.23735189 0.65334624 -0.30505764
v -0.38261682 0.42856997 0.15640013
v 0.37385076 0.40985581 0.16089803
v -0.03824729 0.65445501 0.36781311
v -0.49237785 0.35928360 -0.02947278
v 0.37148240 -0.55602384 -0.36743671
v -0.36374798 0.41096210 0.20061496
v -0.33275399 0.41202000 -0.25749299
v 0.11031287 -0.48282987 -0.53083903
v -0.23514688 0.60485882 -0.35715356
v 0.38311628 0.65164095 -0.02791124
v 0.26890224 0.64011103 0.28300887
v -0.40351263 0.55978113 0.12088807
v -0.30686253 0.63527286 0.26704714
v -0.14918451 0.64678049 -0.37873265
v 0.31870535 0.32897529 0.39787945
v 0.13612707 0.41864634 0.37590206
v 0.47127596 0.32936934 -0.20097290
v -0.03137662 0.41031626 -0.41865620
v -0.14554963 0.41832834 -0.39042509
v 0.03381935 0.40928370 -0.41923028
v -0.24356380 0.42221767 0.32524860
v 0.39034200 0.41035923 -0.12570453
v 0.25449789 -0.58912867 -0.43235978
v -0.41193563 0.40629202 -0.11291661
v 0.36169365 0.41706577 0.17436936
v 0.45156044 -0.54131317 0.25220197
v 0.12346885 -0.35410345 -0.53717893
v -0.54846901 -0.19452895 -0.03492192
v 0.12231514 -0.39802051 -0.53714567
v 0.12671500 0.41398001 0.38325399
v 0.46039614 0.32516101 0.22122203
v 0.06018768 0.64204979 0.38615015
v -0.07905611 0.65513146 -0.08508703
v 0.39601311 0.64269239 0.01800098
v -0.38953489 0.42090711 -0.14789926
v 0.18027532 -0.41249853 -0.51788151
v 0.04880688 0.42775574 -0.41453135
v -0.30954778 0.41635051 -0.27937508
v 0.26756880 0.65446806 -0.27554059
v -0.18131031 0.32060489 -0.50115621
v -0.28764787 0.46770430 0.30441046
v -0.42309687 0.40718138 -0.04096142
v -0.30934972 0.40784258 0.28296903
v -0.38153616 0.65359068 0.06295744
v 0.28341252 0.36247745 0.37957725
v -0.28053525 0.62724096 0.29421252
v -0.37333870 0.42687717 -0.18851416
v -0.19253527 0.40561822 0.36990494
v 0.09368372 0.40309203 0.40682340
v 0.06723350 0.46193323 0.41253361
v 0.24306284 0.42708388 -0.33600298
v 0.39247814 0.44299597 0.13946696
v 0.46484131 -0.61295539 -0.02689128
v -0.12774725 0.62751514 -0.40748939
v -0.37558457 0.64359540 -0.16588245
v -0.13621260 0.64749432 0.36374849
v 0.29299837 0.42705429 -0.29605985
v -0.53394085 0.30196467 0.01833972
v 0.01495712 0.30419874 -0.53889096
v -0.40980220 0.63992608 0.04411233
v 0.00874065 0.64429319 0.38898218
v -0.34602937 0.30360943 -0.41628256
v 0.25968742 0.44698629 0.32831091
v 0.36084723 -0.65026206 -0.12871544
v 0.25247812 0.29985452 0.45902130
v -0.51255316 0.31179234 -0.16176088
v -0.18545218 0.45940700 0.37517297
v 0.48205280 -0.55269325 -0.19735126
v -0.32855090 0.41883883 0.24228019
v 0.39153895 0.63285452 0.10185690
v -0.39829415 0.41096199 -0.14038944
v -0.33766875 0.45030892 -0.25978062
v 0.32190931 0.42677742 -0.25589046
v -0.14915000 0.64764899 0.35784000
v 0.39333341 0.41980913 0.08164129
v 0.28238001 0.64749199 0.25322700
v -0.40854976 0.41786689 0.05673526
v 0.15012607 0.29698524 -0.51408607
v 0.23084199 0.41213900 0.33217701
v 0.31596988 0.65428883 -0.21660013
v 0.34147662 0.64019835 -0.22104774
v -0.24196646 -0.07154492 -0.51280785
v -0.17472512 0.62804216 0.36204329
v -0.24707873 0.43830124 -0.34486696
v -0.25444397 0.63977218 0.30535331
v 0.34506473 0.45387921 0.23864365
v 0.14650531 -0.53678536 -0.51133507
v -0.17537323 0.64793998 -0.36528650
v -0.38910758 -0.55379945 0.34437212
v 0.21178436 0.63272780 0.33629915
v 0.40306586 0.62640351 -0.07396109
v -0.10233942 0.64057261 -0.40440598
v 0.27944148 0.41969299 -0.29970598
v 0.39060488 0.41896442 0.09596477
v 0.45681837 -0.56213433 -0.23663658
v 0.35264906 0.64114457 0.17480098
v -0.40097910 0.26065078 0.35445935
v -0.52531910 0.32731703 -0.00162033
v -0.07533977 0.41025046 -0.41501251
v 0.33338669 0.40499154 0.24198060
v -0.35009617 0.40855423 0.22761920
v 0.29728121 0.40809932 -0.29450366
v 0.49504676 0.28252819 0.18049152
v 0.07853688 -0.65447885 -0.36950108
v 0.40449750 0.42349795 -0.03446659
v 0.30199119 0.41844285 0.25975928
v 0.37387103 0.64245713 -0.14349957
v 0.13353248 0.45825365 0.39556670
v -0.40379503 0.64624935 -0.02820707
v -0.28906089 0.42655620 0.29092458
v -0.30401272 0.65321082 0.23256959
v 0.36943257 0.64995271 -0.11292673
v 0.33377388 0.42817888 0.22941707
v 0.19831048 -0.59719759 -0.45247325
v -0.32501414 0.64580160 0.22715849
v 0.40070400 0.41250199 -0.07369020
v -0.05753208 0.41027701 -0.41637060
v 0.04700030 0.41291401 -0.41515401
v -0.21898505 -0.64151615 0.35172021
v 0.07350943 0.64177448 -0.40972582
v -0.52126169 -0.54252100 0.11649956
v -0.43614882 0.33906776 -0.27735224
v -0.27983740 0.63903409 -0.30332208
v -0.34179199 0.42498001 0.22464199
v -0.39731747 0.41208088 0.12760045
v 0.20098622 0.65274513 0.31490725
v 0.40027544 0.41669115 -0.06052256
v -0.41728351 0.62638640 0.03182903
v 0.36968067 -0.53685319 -0.37882707
v -0.40240276 0.61725289 0.10456476
v 0.52486461 0.29576468 -0.05862806
v -0.40823346 0.41609421 -0.08650130
v 0.33872080 0.63987881 0.20085125
v 0.00878372 0.44493398 0.41344976
v -0.39630878 0.63542503 -0.12670147
v -0.31150040 0.65340310 -0.24253927
v 0.16086318 0.44787958 -0.39583635
v 0.07116051 0.42025456 -0.40647367
v -0.15634502 -0.65456867 0.31888026
v -0.39765334 0.64793432 0.05066497
v 0.53127807 0.08988562 0.02439924
v 0.10377099 -0.63026887 -0.43650851
v -0.39384466 0.62631714 -0.15500452
v -0.10938419 0.45295247 0.40033904
v 0.20471798 0.42450774 0.34909251
v 0.50926363 -0.56183362 -0.00885939
v -0.39909521 -0.56671906 -0.34143975
v -0.39068875 0.42142397 0.13093184
v 0.42431352 -0.54704112 -0.30910322
v -0.20756456 0.65314472 0.31398410
v -0.35617644 -0.00045220 -0.41937625
v -0.40627044 0.40476137 0.12636861
v -0.36627683 0.61670518 0.19678393
v 0.52071738 0.28717223 0.06858994
v -0.01137838 0.62663728 -0.42686939
v -0.34903193 0.41933361 -0.22842962
v 0.29421443 0.42751178 0.27814341
v 0.33465213 0.40998220 -0.24356420
v 0.04713998 0.64276004 0.38737848
v 0.37134144 0.41853797 -0.16522759
v 0.24318200 0.41167900 -0.33521301
v 0.47491297 -0.53451186 0.21472569
v 0.40024373 0.45485333 -0.13613971
v 0.25609300 0.41398701 -0.32160401
v -0.32476452 0.64041090 0.24002071
v -0.35893086 -0.54821634 0.37527815
v 0.30701989 0.65220970 0.20870699
v 0.51087564 0.32888275 0.02859036
v 0.37789616 0.41904324 0.13328095
v 0.40486947 0.41258350 -0.03441057
v -0.29203540 -0.35989261 -0.48716232
v 0.34629038 0.40587318 -0.23621073
v 0.00809640 0.45568216 -0.42860135
v 0.15279029 0.40516087 -0.39615640
v -0.12443262 0.65409148 -0.36919799
v -0.11601155 0.32543793 -0.51325327
v -0.49868134 0.30020723 0.19674708
v 0.19482478 0.62633449 -0.37356147
v -0.32095015 0.41831273 0.25250646
v 0.38034227 -0.14367393 -0.39089268
v 0.40180716 0.63220370 -0.00183419
v -0.35684606 0.64338714 -0.20486587
v -0.21088581 0.41890329 0.34802988
v -0.24190865 0.63538408 -0.33871794
v -0.30108428 0.36446968 -0.38442037
v -0.34101406 0.65391475 0.16930409
v -0.05769667 0.65229630 -0.39442003
v -0.32758325 0.65364414 0.19605616
v 0.38736799 0.41227999 0.12385200
v 0.42739466 0.29925731 0.30062342
v -0.12665571 -0.56433129 0.49426636
v 0.28438762 0.63045007 0.27193058
v 0.22943461 0.40991369 -0.34779665
v 0.34734684 0.40984276 0.21325241
v -0.37142459 0.41028738 -0.20387577
v 0.12468200 0.41141599 -0.40036100
v -0.31471813 0.41359255 0.26771420
v -0.27795491 0.65512413 -0.25463754
v -0.13654727 0.62840343 0.37684736
v 0.02084986 0.65486085 0.36941138
v -0.52259320 0.32763186 -0.05379880
v 0.38334405 0.40478173 -0.16882792
v 0.34360880 0.45419022 -0.25225753
v -0.33079103 -0.55397284 -0.41874176
v 0.06499030 0.32882673 -0.51936835
v -0.27069947 0.40653145 0.31698158
v 0.43507570 -0.08507677 0.33940336
v -0.49615431 0.32207108 0.17492022
v 0.11238042 0.40545312 -0.41069269
v -0.09047466 0.45069510 -0.41818014
v -0.37685487 0.30196732 0.37448961
v -0.29425249 0.55131501 -0.31212196
v -0.40391725 0.64688760 0.01157176
v -0.08403929 0.30002967 -0.53292948
v -0.29717526 0.65503573 -0.25346315
v 0.39063346 -0.64087230 0.14375518
v 0.37302989 0.44949156 -0.19649643
v -0.16279481 0.41237667 -0.38824299
v -0.41681162 0.41036129 0.03083787
v -0.47339365 0.31566432 0.23520522
v 0.32081822 0.65030414 0.19602925
v 0.18098885 0.63999259 -0.37022531
v 0.54510522 -0.35572660 0.06294052
v -0.38327429 0.62950653 0.14883119
v -0.35358000 0.62526309 -0.23522796
v 0.23379895 0.41878095 0.32322213
v 0.41220066 0.40116787 -0.09100952
v 0.50931740 -0.55068493 0.07013097
v 0.33601376 0.56583607 -0.26066428
v 0.17363016 0.62189060 -0.38377529
v -0.41307375 0.41967899 -0.04749954
v -0.50274724 -0.46569213 -0.22148013
v -0.10996088 0.65456110 -0.37154669
v -0.25208211 0.65500653 0.27130312
v -0.17136541 0.64871424 0.34856027
v -0.41646188 0.63135600 -0.04873848
v 0.02111656 0.30004096 0.52427816
v -0.38529584 0.64079970 -0.14653197
v -0.05754652 0.41223130 0.40203348
v -0.02589578 -0.56981343 -0.52123380
v 0.23813981 0.45439860 -0.35553330
v -0.21185166 0.63930309 -0.35597968
v -0.47283006 0.30430639 -0.25903609
v -0.07956972 -0.56544334 0.50407082
v -0.52738184 -0.54344398 0.09035002
v -0.45061955 -0.54023272 -0.29728779
v -0.38243756 0.65448207 0.03786529
v -0.46406633 0.33458298 -0.23738514
v 0.24382666 0.42450204 0.32030976
v -0.24772519 0.39033160 0.36559823
v 0.21603900 0.41102600 0.34412801
v 0.28320506 0.42804962 0.29084903
v -0.52110696 0.31646669 -0.11433743
v -0.32157356 0.64187056 -0.25615245
v 0.22068350 0.32468274 -0.47322941
v 0.39060369 0.64097726 -0.10022222
v 0.19112000 0.41178599 0.35792699
v -0.23549573 0.29961830 -0.48785973
v 0.50676620 -0.42757699 -0.20561449
v -0.27989772 0.42091921 0.29708740
v 0.41323563 0.59324110 -0.06508798
v 0.17974710 0.09602206 0.49485183
v 0.51354289 0.26504701 0.12150270
v -0.38310826 0.65481305 0.01135914
v -0.27563375 0.64429337 0.28165269
v 0.38522404 0.40800536 -0.15209441
v 0.44202289 -0.20865071 0.32358378
v -0.22116968 0.09186533 -0.49603847
v 0.37774414 -0.22207101 -0.39561716
v 0.33695272 0.42868435 -0.24317943
v 0.26569647 0.30438447 -0.46084484
v -0.53049248 0.29484978 -0.09702396
v -0.10307924 -0.56434220 -0.51203287
v -0.32679108 0.62371850 -0.26990765
v -0.28503159 0.30302694 -0.46004772
v -0.18257186 0.65366751 0.32701007
v 0.09165920 0.33466145 -0.50919563
v 0.10720757 0.65289462 0.35490486
v -0.31988832 -0.64240491 0.26817939
v -0.31255335 0.61888212 -0.28954741
v -0.04456623 0.64521867 0.38686994
v 0.40056011 0.42534369 -0.08708198
v 0.29830119 0.41897741 0.26575422
v -0.17819309 0.42204592 0.36476493
v 0.30664054 0.42986810 0.26823932
v 0.39415342 0.64010483 0.05743425
v -0.12277352 0.40970987 -0.40502992
v -0.49997601 -0.39656645 0.20278600
v -0.38083634 0.33057478 0.34957880
v -0.47784522 -0.56010634 0.21476088
v 0.19855766 0.31661811 0.47904608
v -0.07194091 0.46616289 0.41087180
v 0.36580202 -0.30832830 0.39294100
v 0.33144438 -0.64682406 0.20623527
v -0.04953612 -0.50219345 -0.53628457
v -0.26831225 0.40649968 -0.33263370
v 0.22064720 0.65424752 -0.31695899
v 0.21534300 0.42640400 0.34341300
v 0.54399461 0.05808278 -0.03058593
v 0.16571358 -0.55727166 -0.49771506
v -0.41411760 0.32417464 -0.32721791
v -0.44454920 0.31635696 -0.29214966
v -0.03119994 0.41619629 0.40169513
v 0.40567452 0.42034921 -0.00833172
v -0.38384798 0.64412946 0.11495615
v -0.48493159 0.31634507 0.21185586
v -0.35428753 0.59697437 -0.23784240
v -0.04696009 0.40424865 -0.42584753
v -0.24501994 0.65421838 -0.30498028
v -0.53889555 -0.46952036 0.03274820
v -0.26569751 0.42506385 0.30892161
v 0.39246529 0.64600247 -0.00183587
v 0.10015651 0.42153654 0.39070812
v -0.32105684 0.42637619 -0.26906711
v 0.39316449 0.64182764 -0.08755451
v -0.14934212 0.63915545 0.36853448
v -0.35854545 0.40849659 -0.23021175
v 0.49398279 0.33045655 0.12342494
v 0.09341960 0.64774591 0.37094894
v 0.35396048 0.41729617 -0.20421198
v -0.18725465 0.09473456 -0.50867540
v 0.38168913 0.63167858 -0.14880343
v 0.12328818 0.08664218 -0.52350861
v -0.52342433 0.29071683 -0.14432977
v -0.16201785 0.41174713 0.37554207
v 0.15161400 0.41426200 0.37319699
v -0.19920707 -0.52905607 0.48593491
v 0.03907315 0.64270717 -0.41348270
v -0.09754325 0.41050249 0.39844272
v 0.49300277 -0.58279943 0.05146604
v -0.43109578 -0.55092341 0.30347073
v 0.24872427 0.33698490 0.43713173
v -0.36232743 0.63035023 -0.21778762
v 0.35607806 0.65184528 -0.14631708
v 0.38332036 0.32745808 0.33459201
v 0.10266747 0.46016136 -0.41625303
v 0.14024353 0.64407706 0.36311659
v 0.14643103 0.62873971 -0.39336163
v -0.39636180 0.30550227 0.35517204
v -0.36435550 0.65510166 -0.12234308
v 0.22883733 0.42682308 0.33329380
v 0.03810344 0.09180874 0.52694434
v -0.25733784 0.62526071 -0.33542371
v 0.27799609 0.36490104 -0.39224622
v -0.45553556 -0.37228712 0.30165914
v 0.16574199 0.61622810 0.36748648
v -0.40537059 0.61191899 -0.12747483
v -0.36343256 0.64433759 0.16175930
v 0.12709258 0.42066994 -0.39424074
v 0.20999996 0.63509059 -0.35701600
v 0.35091853 0.64685160 0.16184707
v -0.33082098 0.60208911 -0.26860222
v -0.30869770 0.30941841 -0.44345719
v 0.39816594 0.63327640 0.03747008
v 0.41632801 0.51146263 0.07762609
v -0.20165023 0.64585912 0.33694983
v 0.38864392 0.41704774 0.10915204
v 0.40785083 0.61749709 -0.03103538
v 0.01455378 0.64210141 -0.41520306
v -0.35696363 0.41584617 -0.21797273
v -0.24053408 0.03912568 -0.51276278
v 0.47929004 -0.43789804 -0.24956124
v 0.48738623 -0.54801565 0.17997861
v 0.40137753 0.35079163 -0.29050782
v -0.45368955 -0.59893936 0.18572080
v 0.19023880 -0.54382366 0.48041654
v 0.51668322 -0.54726464 -0.07874414
v 0.13783322 0.17567979 0.50928289
v -0.36534461 -0.47746742 -0.40490505
v 0.28758797 0.64293021 -0.28561452
v -0.34018099 0.64183652 0.21555865
v 0.24317959 0.58328110 -0.35013792
v -0.54759687 -0.41374224 -0.01803155
v -0.37160975 0.32093656 -0.38121942
v -0.20517355 0.42884067 0.35449114
v 0.28483033 0.40621632 -0.31006968
v 0.27219099 0.41579801 0.29565001
v 0.34403396 -0.52052069 0.39819488
v -0.21533273 0.63959539 0.33768299
v -0.19360724 0.58071321 -0.38332433
v 0.32845709 0.44785815 -0.27272815
v 0.50469983 0.09683942 -0.16288956
v 0.02739456 -0.56111658 -0.52452224
v 0.27219099 0.42248699 0.29565001
v -0.33800051 0.65504217 -0.18545669
v -0.38081080 0.60055548 0.17135166
v 0.01760980 0.61344451 0.40116850
v -0.26155928 -0.18959396 -0.50374460
v 0.37216410 -0.62529492 0.24413952
v -0.12283123 0.41112751 0.39040208
v -0.53424728 -0.40942165 -0.16448297
v 0.07856882 -0.65285307 0.36028051
v 0.14542013 -0.62030977 0.42886040
v 0.14827046 0.64590818 -0.37853280
v -0.15040147 0.42125869 0.37667185
v 0.16895886 -0.17617033 0.51767147
v -0.40189049 0.42075747 0.09269296
v -0.52499998 0.32684138 -0.02783492
v 0.19454041 0.20116235 -0.50181478
v 0.20370583 -0.60594016 0.42660347
v 0.37840444 0.54489398 0.18606938
v -0.49655795 0.32907861 -0.17508289
v 0.23219755 0.41801140 -0.33768135
v 0.26862201 0.41108000 0.30500099
v 0.12705949 0.33289832 0.49155819
v -0.00884054 0.34465602 -0.50983047
v 0.38284239 -0.57126296 0.32731611
v 0.33151326 0.65506226 -0.17675777
v 0.35078415 -0.63870728 -0.23816068
v -0.17735840 0.07058452 0.50168520
v 0.36766449 0.63218695 -0.18491323
v 0.19192457 0.56496668 0.37104610
v 0.33918846 0.33588430 0.37132823
v -0.25459599 0.41209799 -0.33579600
v 0.02075704 0.41843745 0.40043285
v -0.13448031 0.08162601 0.51198167
v 0.03328143 -0.59474599 -0.49497291
v 0.02042634 -0.62864548 -0.45007160
v -0.41885799 0.22972642 -0.34446013
v 0.37194622 0.30863360 -0.37732130
v 0.24305846 0.64751917 0.29748514
v -0.01171687 0.29609057 0.52755898
v -0.14269663 0.16377003 -0.52542639
v 0.18393348 0.29339975 0.49194232
v 0.44422916 -0.31409609 0.31315434
v -0.04738351 0.33065614 -0.52026451
v -0.24203555 0.42122123 -0.34074053
v 0.30975062 0.29701903 -0.43475580
v 0.40998223 0.40626276 0.03773398
v -0.17056066 -0.53174794 0.49758065
v -0.06664852 -0.63736290 0.42212814
v 0.33782199 0.41570100 0.21652700
v -0.19863178 0.40655717 -0.37877262
v 0.48478749 -0.56416744 0.15757912
v 0.35839799 0.65180498 0.11782575
v 0.42249084 0.50305766 -0.04058848
v 0.51347113 0.30492699 -0.11116154
v -0.39549610 0.28842339 -0.37001011
v 0.28918782 -0.54994160 -0.44312951
v -0.32932669 0.40344027 0.26755267
v 0.29714260 0.41824326 -0.28244558
v 0.03360752 0.41555536 0.39880115
v 0.19111328 0.42151102 -0.36600888
v 0.21796085 0.09631559 -0.49049982
v -0.05838664 0.64311677 0.38922694
v 0.03070944 0.42690518 -0.41785586
v -0.42282563 0.01986118 0.33842772
v 0.39088508 0.07285033 -0.36856046
v -0.13226454 0.10692064 -0.52798498
v -0.24710226 0.33432287 0.44765770
v 0.07320442 0.64691710 0.37754431
v 0.35869545 0.39097303 -0.25608662
v 0.40218234 0.40794343 0.08208586
v 0.18739946 0.44727695 -0.38281441
v -0.33202103 0.56246978 0.25620499
v 0.34112442 0.31382471 0.39049822
v 0.07982194 0.44729045 -0.42206576
v -0.10188653 0.64915198 -0.38753963
v 0.31161174 0.41862908 -0.25985411
v 0.33537129 -0.65491712 0.07587969
v -0.52432775 0.32458323 0.04975663
v -0.36438912 0.42275053 -0.20544018
v -0.45816854 0.14594007 -0.29287082
v -0.07332456 0.08878995 0.52344751
v -0.40939263 0.40800482 0.10280906
v -0.32790199 0.43989056 0.24798341
v 0.21602616 -0.65218484 0.29983193
v 0.21053474 0.30969268 -0.48808917
v 0.09927209 0.40679535 -0.41237023
v -0.30738178 -0.54748780 0.42484063
v -0.14796300 0.41119900 0.38354400
v 0.36845770 0.65146911 0.07605775
v -0.41789481 0.63131070 -0.00825878
v -0.28771591 -0.16755572 0.45616257
v -0.22927319 -0.41694611 0.48655650
v -0.13711709 0.40834117 0.38898277
v 0.41238499 0.40734705 0.01130469
v 0.41515481 0.45935839 0.07969452
v 0.21627308 0.41981611 -0.35028058
v 0.17150918 0.44884002 0.38105604
v 0.04745501 0.42577329 0.40330335
v 0.23875488 0.63276196 0.31858474
v -0.16166976 0.64220911 0.36192596
v 0.34523827 0.32294437 -0.38892323
v 0.08564747 0.41736746 -0.40356338
v 0.13708937 0.64120167 -0.38982329
v 0.35591269 0.65433389 -0.12428817
v -0.33919555 0.42544758 -0.24379800
v -0.01493879 0.63623488 0.39434412
v -0.41702315 0.63183522 0.01089750
v -0.41909623 0.41115123 0.00470665
v 0.32174340 0.49924278 0.27036858
v -0.13615601 0.65270334 -0.36987478
v 0.06270392 0.40435907 0.40905803
v -0.32660499 0.47602403 -0.27609226
v -0.40865201 0.48807880 0.09533446
v -0.14399610 0.65382886 0.34232077
v 0.48695821 0.31516969 0.18176898
v 0.38538706 -0.58471757 0.30360544
v -0.08399145 0.64180380 -0.40689424
v 0.24586543 0.41789269 -0.32498011
v 0.28753033 0.65512365 -0.21651438
v -0.32267874 0.28261745 0.42306599
v 0.40754440 0.44196662 0.10135490
v -0.24059884 0.41033655 -0.34831995
v -0.27474636 0.65359908 0.26191187
v -0.01195058 0.42531484 -0.42006904
v 0.20060772 0.61302137 0.35084519
v -0.35529080 -0.55276674 -0.39802185
v 0.16010457 -0.55777550 0.48691848
v -0.53445375 -0.53588229 0.01478469
v 0.27727580 0.30041009 0.44505134
v 0.08232129 0.16347718 0.52187586
v 0.31077924 -0.60995263 -0.35963053
v 0.19915140 0.45358169 0.36706612
v -0.12965654 0.59846163 -0.40924042
v 0.04957828 0.45038304 -0.42528293
v 0.17833599 0.41390401 -0.37369701
v 0.38097540 0.64206874 -0.12745580
v 0.11325694 0.64214677 0.37665710
v -0.27686504 0.41853350 -0.31210867
v 0.50706834 0.32066214 0.09462897
v 0.39426050 0.62014461 -0.11538646
v 0.24731073 0.31978068 -0.46450788
v -0.47465688 0.24745390 0.25335163
v -0.17543299 0.41163200 0.37093800
v 0.30282322 0.45445505 -0.30055431
v -0.14398819 0.31551328 -0.51586980
v -0.29848516 0.61745274 0.28330836
v 0.43124795 -0.04054353 0.34291658
v -0.20040564 0.65162629 -0.34070078
v -0.37406811 0.64317518 0.14324053
v -0.45199639 -0.56373250 0.25866687
v 0.08558274 0.64072496 -0.40756160
v 0.16821115 -0.64979607 -0.35605025
v -0.27420497 0.10208862 -0.47080159
v 0.32105440 0.44805869 0.27089781
v 0.26512808 0.43830881 -0.32979605
v -0.39966047 0.64149517 0.08338739
v 0.38643515 -0.56610501 -0.34473744
v 0.39207131 0.42716724 -0.12690288
v 0.10322124 0.24379539 -0.52910227
v -0.49358195 0.32266879 -0.19692293
v -0.46762818 0.26293159 -0.27387333
v 0.32497874 0.40941122 -0.25693527
v 0.46997902 -0.60882044 0.02388304
v 0.07863125 0.34562612 0.48921913
v 0.31374499 -0.65470672 0.14797793
v 0.49913594 0.30007452 -0.15941443
v 0.27195358 0.56145787 0.31839076
v 0.26930401 0.64818799 0.26630300
v -0.40753162 0.42882168 0.07713747
v 0.23830159 0.65475786 0.27561113
v 0.34597430 0.61667699 -0.23331751
v -0.23854288 0.08081563 0.47465521
v -0.48406214 0.28903913 -0.23960143
v 0.23509423 -0.56018829 -0.46865195
v -0.05313290 0.04441150 0.53641754
v -0.35236394 0.29920986 0.39600715
v -0.32869899 0.61922175 0.24840502
v -0.32878470 -0.55444241 0.40251800
v -0.41034710 0.41946432 0.04110295
v 0.32720762 0.64522547 -0.23246953
v -0.31276995 0.64062470 0.25329280
v 0.39869881 0.63952661 -0.06066934
v 0.04063546 0.65367794 -0.39682510
v 0.39818501 0.40286249 -0.13683766
v -0.40811318 0.63771510 -0.07378651
v -0.39823246 0.32493785 -0.34556210
v 0.25643209 0.45343700 -0.34303647
v -0.50818741 0.29931802 -0.18542773
v 0.25086296 -0.55542397 0.45384225
v 0.06974738 0.29534104 -0.53349018
v 0.06618908 -0.56799197 0.50427556
v 0.16477065 0.64549369 0.34974357
v 0.50608099 0.05310390 -0.19774474
v -0.27437875 -0.65371412 -0.26248416
v -0.11664408 0.30468115 -0.52756017
v 0.10412561 0.63611352 -0.40714213
v -0.51098698 0.29441983 0.16177171
v -0.52298987 0.31233379 0.10304093
v -0.37284207 0.63056821 -0.19848184
v -0.32522678 0.42115408 -0.25948012
v -0.21521841 0.41263330 -0.36245820
v -0.17321602 0.32480392 0.48820704
v 0.01450084 0.65468222 -0.39578271
v -0.36268291 0.63295567 0.19302197
v -0.45167372 -0.40728018 0.30602902
v -0.08412173 0.64116746 0.38782927
v -0.25270998 0.41919002 0.31676549
v -0.08957178 0.61687225 -0.41745362
v -0.24547580 0.65251952 0.28949478
v 0.35760778 0.34599906 0.33916125
v -0.21621355 0.42593527 -0.35907197
v -0.09018900 0.35404781 0.47896248
v 0.36404219 0.64559633 0.14193037
v 0.26610884 0.65498871 0.23656468
v -0.17730418 0.52493960 -0.39019501
v 0.22084898 0.65448493 0.29143766
v 0.19756038 0.04876054 -0.51141030
v -0.30275032 0.40421963 -0.30852252
v -0.51143938 0.31544358 0.14270155
v -0.34936646 0.65508264 -0.15917602
v 0.40389434 0.60708320 0.07911909
v -0.35719982 0.31608054 -0.39920929
v -0.40833983 0.63880157 0.05724113
v -0.07075686 0.64518535 -0.40397313
v 0.36924729 0.65459591 -0.07999577
v -0.32475951 0.28812873 -0.43376303
v -0.05221531 -0.56292492 0.50951660
v -0.41805378 0.46284419 0.05403852
v 0.43714899 -0.56992215 -0.25955707
v 0.52538830 0.30369809 -0.02149684
v 0.29975253 0.32735401 0.41420996
v 0.38940325 0.45675904 0.15154818
v 0.03436533 0.34154889 -0.51212740
v -0.29911307 0.04024678 0.44871277
v 0.36495835 0.20876274 0.37800142
v 0.52444923 0.30015439 0.01839919
v -0.38657364 0.63182974 -0.16625568
v 0.29042390 -0.63211668 0.31816331
v -0.25748402 0.42279118 -0.32974023
v -0.39676514 -0.62207693 0.23249741
v -0.35531580 0.52703589 0.22313468
v 0.39244321 0.41888767 -0.09704103
v -0.35756069 -0.64002192 -0.24794379
v 0.51625270 0.31700927 -0.08104469
v 0.36315387 -0.34060702 -0.41529626
v -0.43469048 0.39155561 0.10028981
v -0.34356570 0.09136794 0.40869918
v 0.43574265 -0.61284184 -0.16314252
v -0.24325430 -0.34553018 -0.51176190
v 0.14594744 0.65414619 0.33914441
v 0.07285339 -0.64090985 -0.41667584
v 0.27336007 0.44699645 0.31670001
v 0.19322422 0.40379909 0.36763740
v -0.04748917 0.40659320 0.41050339
v -0.12336867 0.64255893 0.37593770
v -0.08409601 0.42799899 0.39946890
v -0.40434930 0.64131641 0.07069505
v -0.40961936 0.63894778 -0.06071057
v -0.45057419 -0.54074383 0.27928433
v 0.41980863 0.44437253 -0.01518388
v -0.04952902 -0.61931169 0.45563701
v 0.40326014 -0.58714515 0.27800399
v -0.20232250 0.28947997 -0.50222433
v -0.07093830 0.64243639 0.38897029
v 0.14495395 0.32304010 -0.50494510
v -0.24510621 -0.01290679 -0.51146394
v -0.01188090 0.64241278 -0.41517225
v -0.28100345 0.40792987 -0.32123932
v -0.52235705 0.23534486 -0.15474150
v 0.30702147 0.65355885 -0.23636636
v -0.48842016 -0.58401239 0.12165389
v -0.43336236 0.32266521 0.29321730
v 0.25660953 0.42494607 0.31045702
v 0.44902468 -0.61454612 -0.12585284
v 0.37864342 0.44996071 0.17744866
v 0.34645164 0.40353101 0.22809134
v 0.52308053 0.09174012 -0.06705879
v 0.33184543 0.44858187 0.25676239
v -0.45411617 0.31460711 0.26985201
v -0.41395563 0.29995883 0.33628860
v -0.24144436 0.64391339 0.31006533
v 0.36279976 -0.28642651 -0.41500357
v -0.16000088 0.57222730 0.38484150
v -0.22368596 0.65502989 -0.30774719
v 0.24506624 0.09574544 0.46597156
v 0.47060877 -0.53813565 -0.22875567
v 0.44402555 0.00434810 0.31545207
v 0.11847364 0.61801004 -0.40775341
v -0.23352288 0.61454016 0.33509797
v -0.37373373 0.41441184 -0.18780190
v 0.02828478 0.34939194 0.49064943
v -0.27854902 -0.27331886 -0.49390650
v -0.17342219 0.46056336 -0.38993388
v -0.42119229 0.40579146 0.05038130
v -0.38955832 0.31430098 -0.36992207
v -0.36979532 0.59829891 -0.21334831
v 0.03908714 0.65414006 0.36971337
v -0.49986997 -0.27391466 0.20282070
v 0.45296839 -0.56555605 0.23423469
v 0.36899644 0.49589658 0.20257695
v -0.37082386 -0.60029542 0.31862444
v -0.40225339 0.15438873 0.35506621
v -0.23428869 -0.53677064 0.46859887
v 0.34576949 -0.09932535 0.42597997
v -0.41106197 0.48026863 -0.10763913
v 0.28350541 0.33493000 -0.42891473
v -0.38122442 0.65504736 -0.04532691
v -0.49453729 -0.55744666 0.17669104
v 0.15160790 0.40594515 0.38289902
v -0.38601154 -0.42685083 0.37332031
v -0.16277261 0.42886239 0.37587836
v -0.18929121 0.64110875 -0.36925623
v 0.38706666 0.64896375 -0.05423311
v 0.49732539 -0.54512215 -0.16175033
v 0.19549304 0.34337938 0.45649794
v 0.34609818 -0.55995816 -0.38802290
v -0.52360129 -0.54973274 -0.08843656
v -0.33978036 0.62994450 0.22861505
v 0.24510655 0.63946563 -0.32652634
v 0.23165360 0.05686480 0.48923919
v 0.44991124 -0.61261547 0.12148879
v -0.06149341 0.42623577 0.40229183
v 0.41699436 0.44435066 0.04375014
v -0.20643753 0.31293085 -0.49633771
v 0.08728331 -0.63359517 0.41981608
v 0.32595959 0.57585740 0.25909844
v -0.49353704 -0.59832472 0.00468264
v 0.44644725 0.30778563 0.27226430
v -0.30909500 0.42539528 -0.28146276
v -0.35702375 0.57346547 0.22090472
v -0.30433890 -0.63553143 0.30750084
v -0.10264797 0.63021386 0.38733274
v 0.50515991 0.30610615 0.13166697
v 0.22421134 0.65037596 0.30531150
v 0.51361406 -0.55080146 -0.10601042
v 0.35793969 0.45046550 -0.22808968
v 0.44882619 -0.55074567 -0.26284340
v 0.32365653 0.64191574 -0.24708422
v 0.34488505 0.65313959 0.14361502
v 0.08781925 0.31443194 0.51257217
v -0.50574309 0.33006114 -0.14509745
v -0.21342559 0.40513313 0.36072263
v -0.21660812 0.45695096 -0.36497051
v -0.32199430 -0.23904160 -0.45609662
v -0.17646098 0.40388101 0.38020480
v 0.20370992 0.41280547 0.34858096
v -0.32825151 0.38983792 0.30187818
v 0.02972471 0.59494197 -0.42716905
v 0.18455423 0.36300290 -0.44788542
v -0.05205899 -0.56804127 -0.52005333
v 0.35291421 0.65512049 0.08929317
v -0.03775460 0.63329089 -0.42129824
v -0.15179683 0.46040213 0.38885197
v 0.15457277 0.42053485 -0.38306120
v 0.52366662 -0.18692867 0.16763921
v 0.28706369 0.45470911 0.30451661
v 0.25147930 -0.65436435 -0.24834514
v -0.45084569 -0.60485291 -0.19191495
v 0.40649945 0.29955894 0.32586408
v -0.23126829 0.31816909 0.47019419
v -0.00399821 0.33491951 0.50569111
v -0.38293037 0.40477487 0.18079993
v -0.32761332 -0.60243165 -0.36953938
v -0.07979802 0.39916337 -0.42979050
v 0.37293452 0.40054154 -0.20751542
v 0.00172001 -0.56594372 -0.52359140
v -0.35262200 0.44524840 -0.23719282
v 0.21911454 0.61618751 -0.36048272
v 0.51337188 0.32815519 -0.02772730
v -0.25120056 0.45654023 0.33259428
v 0.54273075 0.05568571 -0.07746895
v -0.22684677 0.63307136 -0.35174525
v 0.39908636 -0.64404547 -0.07275759
v -0.39231315 0.63565618 0.11632740
v -0.50438952 -0.58717877 -0.03555723
v 0.36184442 0.32082576 0.36514485
v -0.50563145 -0.58242333 -0.07513399
v 0.25649330 0.64006019 0.29657817
v -0.50360918 -0.57433605 -0.11304866
v 0.12276817 -0.65407264 -0.35120901
v 0.18419673 0.40657336 -0.37955338
v -0.50036198 -0.13729827 0.20171672
v 0.29816315 -0.65489548 -0.11104476
v 0.44747165 -0.41839331 0.30063862
v 0.39095739 0.64427751 0.03707639
v 0.37932619 0.34746167 -0.32707947
v 0.03616820 -0.64042205 0.41616732
v -0.41108888 0.41024253 -0.09896904
v -0.50846589 0.34020057 0.05834592
v -0.33643219 0.42005110 0.23101932
v 0.33773974 -0.17660782 -0.43585855
v -0.18796290 0.41979980 0.35975915
v 0.30691335 -0.26166487 0.45102116
v -0.09178346 -0.65237868 -0.37886775
v 0.37780124 0.57887959 0.17874798
v 0.36607003 0.65489161 0.05090153
v 0.32859072 0.65476674 0.15739544
v 0.48420510 0.35271186 -0.07034873
v 0.51260126 -0.53105909 -0.12960207
v -0.41636062 0.61746770 -0.06640684
v 0.06121091 0.41653255 -0.41043112
v 0.05273249 0.63218182 -0.41949782
v 0.15856031 0.49820772 -0.39828324
v -0.15607221 -0.41922373 -0.53547823
v 0.51326901 0.32800353 -0.00163743
v 0.41578346 0.36032808 0.23408456
v -0.37820679 0.62778193 0.16583516
v -0.49687308 0.06796464 0.20305303
v -0.21495327 0.28886878 0.48393545
v -0.09086752 -0.46319789 -0.53727722
v 0.35646236 0.16665046 0.38821471
v -0.36289877 0.19617918 -0.40557122
v 0.24513404 -0.46094438 -0.48801509
v 0.21872431 -0.54330772 -0.48459637
v 0.22193138 0.43918580 0.35008368
v -0.46356660 -0.55119193 -0.26392394
v -0.14554873 0.36495906 0.45175728
v 0.30786371 0.61220795 -0.28220442
v 0.13111800 0.45325601 -0.40746996
v -0.20191959 -0.65455180 0.29242653
v -0.01049207 -0.53546125 -0.53492701
v 0.49450201 -0.58562589 0.00332140
v 0.28404459 0.44518802 -0.31704164
v 0.18167242 0.42023402 -0.36986837
v -0.09628908 -0.61173737 -0.47252810
v -0.33161670 -0.65490836 -0.13654172
v -0.35958967 0.44242835 0.20576781
v 0.05043286 0.51098555 0.41545138
v -0.26747754 0.64260286 -0.30971035
v -0.52883738 0.04767682 -0.16629499
v -0.42252585 0.57606369 0.01349307
v 0.32076484 0.42672065 0.24391229
v 0.51118040 -0.56064987 -0.05053412
v 0.32470757 0.41932547 0.23004475
v 0.13475348 0.36522824 -0.46497831
v -0.42013285 0.51068622 0.04574822
v -0.27899012 0.62260598 -0.32019484
v -0.10895492 0.41707158 -0.40278113
v 0.19790590 0.28580195 -0.49927396
v 0.43910557 -0.59605420 0.20194945
v 0.23103224 -0.62911165 -0.38135248
v 0.30707791 0.56379533 -0.29667929
v -0.38873407 -0.64125806 0.15776807
v 0.30414805 0.45427373 0.28820661
v 0.11185712 0.41878963 0.38526899
v -0.47321710 0.35310361 0.15410897
v 0.42717275 0.32201299 0.28215885
v -0.12035288 -0.58109564 -0.49782863
v 0.41001567 -0.55180854 -0.32912558
v -0.36768365 -0.65457040 -0.01044586
v 0.27666417 -0.49021173 -0.46561962
v 0.25334191 -0.53219289 -0.47189590
v -0.49028808 -0.59898579 0.04456731
v 0.31483272 0.64328468 0.22860968
v 0.04172836 0.04360935 0.53913063
v 0.17770441 0.40775850 0.36912686
v -0.42414919 0.40856412 -0.01483742
v -0.22483243 0.41831189 -0.35140300
v -0.37776652 -0.55212259 -0.37617218
v 0.28573811 0.03156086 0.45742026
v -0.23095100 0.41617200 0.33560899
v -0.53496689 0.16975997 -0.08099159
v -0.04233696 0.54863459 -0.42870039
v 0.12750266 -0.64476633 0.37362781
v 0.26183867 0.65426129 0.25267005
v 0.29441357 0.65200323 0.22454791
v -0.19945693 0.41888306 -0.36611348
v 0.11396512 -0.43679249 -0.53587717
v 0.11845257 0.32541963 -0.51073951
v 0.41387936 0.56482232 0.08667161
v 0.49483442 -0.56111979 0.12917201
v -0.26027834 0.15998478 -0.47982636
v 0.41383949 0.40715262 -0.00830376
v -0.36716613 0.65221184 -0.14574631
v 0.47363430 0.30780455 -0.22420067
v -0.30512401 0.41076100 -0.29484999
v 0.36948985 0.42223439 0.16377038
v 0.32295150 -0.01931213 -0.44785503
v -0.52966237 -0.54891860 0.03857552
v 0.37764630 0.63019216 0.14229941
v -0.03586094 0.45734319 -0.42669186
v -0.11314228 -0.63199925 0.42392147
v -0.54130650 -0.47248045 -0.03758067
v 0.28384680 -0.18333676 -0.47161579
v 0.35433063 -0.61299634 -0.31230584
v 0.25343201 0.65397394 -0.28993112
v -0.12882431 0.64396089 -0.39082271
v 0.07589410 0.07363351 -0.53695953
v -0.34238654 0.37027466 -0.33726442
v 0.51173735 -0.39771175 0.17698987
v -0.38006708 -0.60883367 -0.30244175
v 0.01246072 0.24838485 -0.54219514
v 0.21114780 0.49795124 -0.37268931
v 0.36776453 0.64115697 -0.16527404
v -0.52910960 -0.54630774 0.06401291
v 0.10632536 0.56358945 0.40365559
v -0.19645472 0.35955453 0.44040573
v 0.12195906 -0.28907031 -0.53727645
v 0.28432378 0.62728578 -0.29793319
v 0.39748254 0.35299036 0.27915502
v 0.00757720 0.41634712 0.40172639
v -0.34377813 0.40533537 0.24347109
v -0.52446222 -0.47972164 -0.15406649
v -0.42101300 0.40578294 -0.06720612
v 0.24569806 0.59645140 0.32841846
v -0.36302376 -0.57286489 0.35674581
v -0.37515762 0.30192244 -0.39069450
v 0.11649995 0.29788855 -0.52338153
v -0.38376245 0.42819747 -0.16992788
v -0.24811454 0.10300044 -0.48512220
v 0.40015399 0.41197699 0.07127740
v -0.05021298 0.29420924 -0.53777367
v 0.02009336 0.40586570 0.41218159
v -0.42832118 -0.05231839 0.33224607
v 0.18405244 -0.57345802 0.46784303
v -0.42009333 0.55827296 0.05124938
v 0.07051814 0.56068307 -0.42447445
v 0.28945580 0.65490443 0.20858084
v -0.27659068 0.31418207 0.44678256
v -0.53001916 -0.21584937 -0.17800465
v 0.16608824 0.33023274 0.48072308
v 0.28073835 0.40364820 0.30640587
v 0.37156314 0.65500486 -0.05347686
v -0.17805038 0.05894032 -0.52634466
v 0.44629556 -0.60422164 0.16149652
v 0.37097117 0.35543308 0.30929169
v -0.38542521 0.40869367 -0.17668009
v 0.37361315 0.41768539 0.14807861
v -0.43272620 0.30297965 -0.31870896
v -0.13797446 0.36948705 -0.46072179
v 0.41586304 -0.59908974 0.24102667
v -0.50109190 -0.53684622 -0.19173887
v 0.28083125 -0.59503818 -0.40585431
v 0.22086984 0.40656787 -0.35952425
v -0.15679401 0.40195149 0.39197946
v 0.49744806 -0.57890874 -0.07746290
v -0.30250636 0.33314744 -0.42733631
v 0.19816732 -0.56182176 -0.48386121
v 0.39434284 0.56985116 0.14442423
v -0.53081626 -0.32722512 -0.18122724
v 0.33490533 -0.65135682 -0.17092036
v -0.24264693 -0.60792065 0.41036037
v -0.40460944 0.30580622 -0.35596132
v 0.27930021 -0.54778671 0.43844464
v -0.37955528 0.65226346 0.08214090
v -0.13289809 0.30044305 0.51094437
v -0.29578745 -0.09072032 0.45131886
v 0.37025994 -0.43506247 -0.40327004
v -0.54244256 0.08211227 -0.01176505
v -0.22099678 0.64746702 -0.33664778
v 0.21766765 -0.39471370 0.49990472
v 0.47475219 0.18559146 0.22579473
v -0.02658978 0.30648610 -0.53614217
v -0.42433366 0.08454149 0.33001876
v -0.43414149 -0.12985411 0.32539195
v 0.17100504 -0.65420282 0.31578973
v -0.40657988 -0.56627482 0.31676027
v -0.28544912 -0.35023078 0.45785066
v -0.53352451 0.30093065 -0.06076228
v -0.37990463 0.65493512 -0.08087678
v 0.32182580 -0.58801556 0.36592570
v -0.52577537 0.31660637 0.07690721
v 0.19579509 0.64492083 0.33550996
v -0.45692340 0.32649300 -0.26312861
v 0.28959382 0.58620346 0.29180974
v 0.00785597 0.62664336 -0.42706209
v 0.38661048 0.63986820 -0.11289211
v -0.09777559 -0.06795502 -0.54131716
v 0.17753412 0.65343714 0.32631657
v -0.13795736 -0.61423129 -0.45733702
v -0.28077215 0.60355920 -0.32308412
v 0.04926570 0.32987106 0.50577927
v 0.21001311 -0.64758128 -0.34063691
v -0.41737279 0.48360944 -0.07355215
v -0.01294310 0.50941956 -0.42917660
v -0.25913867 0.46663997 -0.34101331
v 0.39849854 -0.53263056 -0.35452715
v -0.52479553 -0.55972958 -0.04771239
v -0.47976330 0.35821259 0.10860584
v -0.14396577 0.28563362 -0.52397692
v -0.15014650 -0.56960362 -0.50060558
v -0.41429046 0.40766895 0.08339184
v -0.41472012 0.42964569 0.01275712
v -0.36616030 -0.65395504 -0.07547628
v 0.32108957 -0.20958915 0.44216719
v -0.25157610 0.30477998 0.46645153
v 0.27018386 -0.62813234 0.34773588
v -0.24792820 -0.65363580 0.27286199
v 0.42005482 0.55791390 -0.06408883
v 0.30944213 -0.54600769 0.41699755
v 0.36560601 0.41882434 -0.17594016
v -0.01074744 -0.63942683 0.42116913
v -0.33501953 -0.42571262 -0.44224921
v -0.38857386 0.64514315 -0.11819408
v 0.20488769 0.41701129 -0.35731000
v -0.00754220 0.29684383 -0.54113185
v 0.28002501 0.24645242 0.44503269
v -0.02493376 -0.55053055 0.52181458
v 0.08109701 -0.14405930 0.53690940
v -0.43902540 -0.59496868 -0.23428595
v -0.39806706 0.41741794 -0.12572862
v 0.30046812 0.56103486 0.29075843
v -0.46688718 0.20537992 -0.27714792
v 0.52257901 0.00826780 -0.17164813
v 0.41732371 -0.62697262 -0.15064934
v -0.36160737 0.40751773 0.21298465
v -0.10633803 0.41899562 0.38974291
v 0.12520379 -0.40358639 0.53125143
v 0.09309547 0.65452754 -0.38060567
v 0.34914467 0.64268953 -0.19836193
v -0.39909053 0.40618071 -0.15372393
v 0.11343813 0.61109376 0.38888162
v 0.11588032 0.65511668 0.33559752
v 0.47079965 0.36757040 -0.01286606
v -0.29491964 0.36494833 0.37595806
v 0.36257342 -0.65230674 -0.07854468
v -0.52727348 0.28725731 0.10231691
v -0.42589638 0.33157799 -0.30440924
v -0.13476312 0.42797261 0.38604769
v -0.26037487 0.63819182 -0.32213423
v -0.25108245 -0.04293555 -0.50761753
v -0.29369244 -0.49626258 0.44600752
v -0.16590492 0.42263129 -0.38373733
v -0.41256547 0.61610675 0.06369091
v 0.41921118 -0.57055610 -0.29348129
v -0.44236404 -0.63309264 -0.05302183
v 0.16487138 0.40706453 -0.38781998
v -0.26825958 0.34616598 -0.43430266
v 0.15262800 0.41212699 -0.38786101
v 0.47391674 0.35429132 -0.11484464
v 0.38531098 -0.49652249 0.36056128
v 0.31949082 0.05528524 -0.44800869
v 0.40564767 0.61563396 0.02390886
v 0.24042705 -0.33405662 -0.49775100
v -0.15735099 0.26220468 0.50809729
v 0.26552859 0.64267480 -0.30528659
v 0.16593914 0.40329745 0.38097495
v -0.47881621 -0.55425429 -0.23222539
v 0.33311278 0.61058360 0.22883694
v -0.15765604 0.65504181 0.32705104
v -0.47565740 0.18930440 0.25317064
v -0.19243136 0.36273587 -0.45021310
v 0.45049125 0.11247756 -0.28392613
v -0.17900482 0.30110151 0.49841842
v -0.17494731 0.41803429 -0.37752649
v 0.17666377 0.30833521 -0.50252104
v -0.21714565 -0.47308320 -0.50882035
v 0.33736944 -0.54809260 0.39202988
v -0.24120046 -0.56028819 -0.47008443
v -0.53324097 0.22229168 0.07481425
v -0.35308412 0.62196153 0.21423621
v 0.25540692 0.65100735 0.27399436
v 0.32971957 0.27189615 0.40892130
v 0.34298909 -0.53688610 -0.40286562
v 0.42059147 0.56306183 0.04048154
v 0.12547280 0.42579377 0.38662151
v -0.07804114 0.40105349 0.41382343
v -0.53001946 -0.14997253 -0.17352623
v 0.10731535 -0.53517318 -0.52526617
v -0.19384933 0.61696559 -0.38107443
v 0.13180013 -0.55506200 -0.50998026
v 0.33020940 -0.61941886 -0.32759926
v 0.26835573 0.51036114 -0.33424842
v -0.29314750 -0.60069078 0.38414124
v -0.41814962 0.15987560 -0.34510663
v -0.51381081 0.22144084 0.15643057
v 0.39973867 0.40952772 -0.09979202
v -0.51517349 -0.55286682 -0.12831275
v -0.41453066 0.44446424 -0.08712479
v 0.34260443 -0.03184863 0.42536664
v -0.34853077 0.65493888 0.14404687
v -0.41836286 0.63155866 -0.02788424
v 0.03512727 -0.59979743 0.47751197
v 0.18475164 -0.01995909 -0.51737320
v -0.38321087 0.61666960 -0.18409054
v 0.45566911 -0.61691004 -0.08231889
v -0.49015313 0.35941297 0.02478775
v -0.53490537 -0.53317422 -0.02056402
v -0.39374480 0.60040557 -0.16045880
v -0.08337194 0.32322124 -0.52353466
v -0.39289069 0.09671209 0.36520094
v 0.31308654 -0.54457182 -0.42595890
v -0.53050435 -0.27489138 -0.17967530
v -0.13622184 -0.53117609 0.50577474
v 0.36102167 0.41008568 0.18768607
v -0.22339423 0.32659179 -0.47952339
v -0.32724515 -0.63946611 -0.28964651
v -0.42546368 -0.64037901 0.04458386
v 0.38552061 0.23508570 -0.37169555
v 0.32388347 0.62701970 -0.25910932
v 0.49928248 -0.58093089 -0.03358840
v 0.19619580 -0.09218570 -0.51363093
v 0.54947078 -0.18858953 0.03685492
v 0.31020853 0.42584670 -0.27235851
v 0.46667856 -0.56521034 -0.21081215
v 0.32467607 0.30232814 0.41052353
v 0.16508207 -0.62954551 -0.41872025
v 0.35870099 0.56169981 -0.23074317
v 0.24080580 0.35388696 -0.43286750
v 0.30461854 0.41639057 -0.27210599
v 0.38872850 -0.62073421 -0.23989144
v -0.15075216 -0.64300716 -0.39443421
v 0.15967184 0.14724880 -0.51520622
v -0.16136786 -0.64188135 0.38277894
v -0.28279868 0.54216647 0.30984673
v 0.23449363 0.29697445 -0.47891527
v 0.51754558 0.31272972 0.05552669
v -0.24315551 0.01314531 -0.51237762
v -0.38742846 0.41116250 -0.16501455
v 0.17150602 -0.61601359 0.42657533
v -0.49662420 0.30121577 -0.21157816
v 0.44596738 0.19631353 -0.29146293
v -0.06415793 0.65304035 0.36831734
v -0.05112436 -0.53299630 0.52279383
v -0.04571117 0.33200294 0.50798744
v 0.54323137 -0.31258222 -0.08543909
v -0.30809560 -0.65458143 0.17620115
v 0.32511592 0.54468828 0.26651344
v 0.19149126 0.42741054 0.36081657
v 0.28199446 -0.57638252 0.41257158
v -0.41652048 -0.43266925 -0.35310090
v 0.46212208 0.32716030 -0.22603552
v -0.25723827 -0.09855936 -0.50467789
v 0.15764426 0.36092108 0.44909579
v -0.10651822 0.40221205 0.40714267
v 0.40005600 0.41183901 -0.08684150
v 0.36274937 0.45262668 0.21284622
v -0.28595519 -0.54453528 0.44243133
v 0.38967222 0.17611974 -0.36722183
v -0.43155956 0.29904738 0.31337488
v -0.16011512 -0.55948389 0.48932493
v 0.13770358 0.51108366 0.39500332
v -0.32587615 0.65476125 -0.21143471
v -0.38329285 0.40474004 -0.19426700
v -0.48253900 0.32744303 -0.21333407
v 0.42553142 0.06659252 -0.32467842
v -0.50433868 -0.55907923 -0.16155767
v 0.38716671 -0.03301915 0.38632092
v -0.22369343 -0.65481395 -0.29881278
v -0.37373102 0.46223435 -0.20445493
v 0.32172599 -0.62755042 0.29921874
v -0.01803108 -0.61598104 -0.47003403
v 0.29529753 0.20229101 -0.44895428
v -0.53715265 0.22359630 -0.02216534
v -0.40811890 0.36831221 -0.25905570
v 0.32397243 -0.06474736 -0.44763410
v -0.26066762 0.61889207 0.31244010
v -0.46433643 -0.01026219 -0.28879490
v -0.15896568 0.61935711 -0.39579129
v 0.43719840 -0.12422098 0.33479655
v -0.26082352 0.49978098 -0.34052604
v 0.25597885 0.05208245 -0.48216665
v 0.38954002 -0.53907382 0.34036815
v -0.10046825 -0.54534650 0.51018518
v -0.30052707 0.31123510 0.43226713
v -0.28517863 0.65411848 -0.26950112
v 0.08974693 -0.03006811 -0.53895867
v 0.52177048 0.08677059 -0.11140652
v 0.22889890 0.32788071 0.45770034
v 0.38908777 0.11253899 -0.36816552
v 0.18048030 0.32511598 -0.48897824
v -0.50312901 -0.48439616 0.18901819
v 0.35091650 0.62965584 0.18881229
v 0.46908873 0.33294109 0.18768260
v 0.47568390 0.19148150 -0.23148699
v -0.52814066 -0.04583453 -0.17256142
v -0.45421895 -0.32699805 0.30334339
v 0.37217873 0.40545610 0.17719498
v 0.50025988 -0.52229369 0.14914924
v 0.06554858 0.65505028 -0.38327777
v 0.01392312 0.11687028 -0.54208797
v -0.34246352 -0.33419457 0.42008433
v 0.17945293 0.53860068 -0.39109004
v -0.47247341 -0.49586371 -0.26955736
v 0.04532146 -0.27211642 0.53876960
v 0.07704320 -0.04404151 0.53745192
v -0.26053631 0.60232842 -0.33866420
v 0.24298872 -0.59636623 0.42046759
v 0.07579499 -0.59684366 -0.48934186
v -0.52425063 0.11402819 -0.14902732
v -0.23187420 0.40511096 -0.36237445
v 0.09541027 0.23178111 0.51815343
v 0.45836163 0.36774090 0.09296496
v -0.24443918 0.22135250 -0.48591292
v 0.24477154 0.51271302 0.34136489
v 0.22430390 0.29938027 0.47429943
v -0.30047631 -0.55446988 -0.44071549
v 0.02696502 -0.65374404 -0.38381124
v -0.00529059 0.64546335 0.38697922
v 0.03092886 -0.65446454 0.36394879
v -0.00675837 -0.60888278 0.46917769
v 0.52978253 0.20528844 -0.00871327
v -0.53887898 0.14559896 0.02208498
v 0.03618850 -0.55825996 0.51202267
v 0.15219699 0.42393890 0.37385798
v -0.34291667 -0.39670539 0.42017415
v 0.53196567 -0.06035110 -0.16107199
v -0.36314985 0.65300596 0.12611994
v -0.16334796 -0.26194328 -0.53394204
v 0.54220867 -0.00369890 -0.10990258
v 0.44720727 -0.36669317 0.30596381
v -0.36263791 0.32516187 0.37419444
v -0.40908846 -0.53008348 0.33133283
v -0.29265794 -0.31669384 -0.48589191
v -0.47099188 0.29739696 0.25807187
v 0.30466342 -0.57588279 -0.40825838
v 0.24480693 0.45166752 0.34036005
v 0.40469301 0.41638499 -0.00830684
v -0.29067996 0.40372699 0.30624273
v -0.42977726 -0.60333872 0.22728427
v 0.09312880 -0.56070703 0.50423586
v 0.07729030 0.62987638 0.39050519
v -0.51270574 -0.54114974 0.14785494
v 0.49752685 -0.56202698 -0.12992631
v -0.46628717 0.36426249 -0.13999191
v -0.25102475 0.65511715 -0.28117183
v 0.48217177 0.08813980 -0.22708958
v 0.33782199 0.42183700 0.21652700
v -0.01838510 0.64949381 0.37977138
v -0.23134728 -0.41054419 -0.51557142
v -0.15702732 0.13889931 0.50864923
v -0.40316084 0.20947541 0.35319147
v 0.22762915 -0.25310636 0.49533042
v -0.07234467 0.52982062 0.41214535
v 0.31338316 -0.46982267 0.43064311
v 0.33299872 -0.15603326 0.43457788
v 0.34545243 0.30267116 -0.40600014
v -0.44579053 0.35957348 0.19870855
v 0.54278195 -0.40617296 -0.07109485
v -0.31891224 0.40785331 -0.28219590
v -0.08378926 0.65135407 0.36853448
v -0.28485793 0.14945395 0.45197663
v -0.13565052 0.40741971 -0.40409148
v -0.42870203 -0.54683930 -0.32414144
v -0.19845745 -0.62031168 0.41223389
v -0.41393775 -0.63867402 0.10945076
v 0.04011935 0.30335012 -0.53632438
v -0.52024096 0.32689184 -0.08028089
v 0.44596744 0.20922309 0.28042346
v 0.05798521 0.29542357 0.52210724
v 0.40610313 0.36704004 -0.24852803
v 0.11632217 -0.48012972 0.51852524
v 0.39758343 -0.64537895 0.03828809
v -0.27272815 -0.54983932 -0.46036589
v -0.49944872 -0.53164756 0.19195217
v 0.06716289 0.65513003 0.06274525
v 0.49344727 -0.11342865 0.22818033
v 0.31405598 0.34427187 -0.39419350
v 0.24290763 -0.39999056 -0.49719036
v 0.26547137 0.14266674 0.45574141
v -0.13567756 -0.42716801 0.51859564
v 0.40025723 0.40770352 0.09625795
v 0.39949533 0.63979679 -0.02135833
v -0.29070312 0.08580591 0.44670752
v -0.31088609 0.65508413 -0.22894081
v -0.42947412 0.34599289 0.26331624
v 0.51010382 -0.37975702 -0.20665732
v -0.03204725 -0.65442109 0.35929686
v -0.08337402 -0.39552629 -0.54265112
v 0.42356154 0.56002343 -0.01654580
v 0.47951913 0.08388679 0.22135583
v -0.28939614 -0.44184184 -0.48119205
v 0.45871469 -0.47695762 0.26280487
v -0.27717137 0.06175113 -0.48242396
v 0.53039533 0.14784706 0.00414511
v -0.07561132 0.65510052 0.34984240
v -0.39432469 0.35479355 0.29523689
v 0.52813435 0.09284864 -0.02196811
v 0.28919101 0.29653245 -0.44912538
v 0.18653291 0.65507078 0.30371839
v -0.24285963 0.63107103 0.32093388
v 0.50015116 -0.56576318 0.09872463
v 0.36369950 -0.56883454 0.35003215
v -0.20666543 0.61147964 0.35321295
v 0.50246942 0.32468769 -0.11418227
v -0.33257422 0.40791309 0.25307274
v -0.10795595 0.03473452 -0.53944808
v -0.53282142 0.29914764 0.05406710
v 0.00098986 0.06577545 0.53630263
v 0.36319888 -0.38802943 -0.41557300
v 0.00018010 0.65495569 0.36764470
v -0.45640799 0.38570377 -0.02559523
v -0.29652521 -0.01921811 0.45052654
v -0.36465704 -0.64371520 0.19575754
v 0.27228230 0.45701671 -0.32917926
v 0.32325521 0.01936225 -0.44692877
v 0.41633621 0.45649290 -0.07125448
v 0.15844823 0.65412909 -0.35527703
v 0.19776447 0.65473032 -0.32890633
v -0.12630410 -0.22856733 0.52278763
v -0.20867449 0.31415600 0.48206908
v 0.26373470 0.47507742 0.32599673
v -0.29120621 -0.39841592 -0.48836270
v 0.44451132 -0.26100078 0.31643724
v 0.00246303 0.40072227 -0.43565783
v 0.05117130 -0.45156205 -0.53771901
v -0.29151437 0.21794070 -0.45850381
v 0.36014384 -0.65427530 -0.00316833
v -0.23993155 0.36349761 0.41416016
v -0.30206719 0.60176229 -0.30449998
v -0.28324080 0.50321859 0.30876151
v -0.06729215 0.36266100 -0.48465112
v 0.44672555 0.15672003 0.28045937
v -0.16692849 -0.34145275 -0.53428519
v 0.35382983 0.64494544 -0.18078756
v 0.17263234 0.09001385 -0.50959247
v -0.38554814 0.35656616 -0.31629825
v -0.26986724 0.21387798 0.45949331
v 0.19446403 0.24224961 -0.50168234
v 0.38642991 0.44783407 -0.16617647
v 0.22528268 0.64193380 -0.34006244
v -0.52839947 -0.37934542 0.12125986
v 0.50315720 0.08840982 0.16076040
v 0.21211421 0.09407010 0.48079711
v -0.23464637 0.37525532 -0.41263980
v 0.53308928 -0.01047103 0.12654500
v 0.38881257 0.00682408 -0.37813404
v 0.28900379 -0.31349528 0.46330252
v 0.44907880 0.36469752 -0.15750775
v -0.03887231 0.65501022 -0.38629228
v 0.40193892 0.51155907 0.12427521
v 0.20616180 0.40570384 -0.37014827
v 0.46167311 0.01198951 -0.27677038
v -0.41081396 0.56737375 -0.11104842
v -0.41599661 -0.62610990 0.18961173
v 0.55090141 -0.02529825 -0.03336374
v -0.25668293 0.40501618 0.33078644
v -0.04538090 -0.08108715 0.53771788
v -0.53413641 0.07260158 0.06547201
v 0.51853257 0.22015460 -0.10626776
v -0.54299402 -0.06466063 -0.09089107
v 0.19194917 0.16718678 0.48977020
v -0.09727388 -0.16615297 -0.54211044
v 0.54788399 -0.27411255 0.04780478
v -0.32672626 0.31530789 0.41014048
v -0.38940695 0.56342131 0.16104157
v -0.17510471 0.40657732 -0.38987255
v 0.38896745 0.30055696 0.34685892
v -0.21927184 -0.55792254 0.46865535
v 0.22062302 0.36843011 0.41162845
v -0.36252919 0.08069041 -0.40627035
v 0.24518017 0.40622240 0.32944474
v 0.37110332 0.51197582 -0.20581095
v 0.49875504 0.33694798 0.07237189
v -0.44118860 -0.62795281 -0.10537162
v -0.34569827 -0.16632919 0.41562834
v 0.18797211 -0.63404626 0.37937531
v -0.24676254 0.56750512 0.33750620
v -0.14327383 0.22791091 -0.52475405
v 0.33636695 0.17181246 -0.41574842
v 0.05270636 0.56892908 0.41397256
v 0.25576273 -0.51667750 0.46226132
v -0.06771075 0.50158751 -0.42358392
v 0.25301841 0.41671821 0.30974519
v -0.24853157 -0.64297843 -0.34593406
v 0.22122893 0.64395541 0.32142761
v 0.44507289 0.27555859 -0.29191202
v 0.39346531 -0.64411056 0.09009937
v -0.27377236 0.65511668 0.23336700
v 0.48510319 -0.35690248 0.24249090
v -0.30500039 -0.49040312 -0.45663851
v -0.35257402 0.01505612 0.40736467
v 0.20364776 -0.00620947 0.50585842
v -0.53530645 0.30215520 -0.02148035
v 0.22595531 0.23991202 0.47450167
v -0.35470703 0.42497784 0.20565687
v -0.51940978 0.08800291 -0.17093217
v 0.32204089 0.36910954 0.33727223
v -0.24845286 0.06381373 -0.50439340
v -0.47418347 -0.59138054 0.15676405
v 0.00164642 0.03823660 -0.54296696
v 0.41364658 -0.62279862 -0.18916680
v 0.29420337 -0.62812412 -0.33765537
v -0.28843465 0.57949072 0.30128330
v -0.05759226 -0.61883688 -0.46609455
v -0.20327200 0.63294864 -0.36862537
v 0.52661228 -0.17047925 -0.17383786
v 0.23287240 0.56288999 0.34874427
v 0.41536140 -0.45709544 0.33198392
v 0.05390038 -0.55416107 -0.52644235
v 0.29438227 0.65406561 -0.25023204
v 0.51474565 0.29797149 0.10539293
v 0.27712891 -0.36544856 0.47088945
v -0.25913659 -0.14571048 -0.50470084
v 0.38392213 0.56759214 -0.18235929
v -0.22279212 -0.58210361 0.44707078
v -0.22452213 -0.12330676 -0.51860309
v 0.34175271 0.35216811 -0.35810047
v -0.30486453 -0.65483171 -0.20171110
v -0.54688770 -0.01110545 -0.00897335
v 0.46029833 0.29716659 -0.26007321
v 0.49948636 0.32157722 -0.14392520
v 0.11924445 -0.21064140 -0.53716046
v -0.38615832 0.48893899 -0.18055046
v -0.40799385 -0.52615476 -0.35598436
v -0.21487625 -0.20257461 0.49098060
v -0.11804058 0.55818689 0.39971623
v 0.28349087 -0.64836478 0.25458899
v -0.05561072 -0.39619884 0.53882456
v 0.12464951 -0.60287607 -0.47086272
v 0.40802836 0.40526396 -0.07666162
v -0.54864806 -0.33905268 -0.02937677
v -0.41003218 0.07205074 -0.35670787
v 0.11957657 0.65457922 -0.36968002
v -0.18087539 0.65466237 -0.34270093
v 0.26037470 -0.47067827 0.46949926
v 0.52042252 0.08891819 0.09536988
v 0.22730795 0.15948179 -0.48660156
v 0.41754818 0.28758991 -0.32972887
v 0.07356573 0.40624136 -0.41807479
v -0.09776750 -0.65416414 0.34945643
v -0.26587459 0.63973635 0.29675075
v -0.27104303 0.65509021 -0.27962682
v -0.35145205 0.36033675 0.33589587
v 0.46204388 -0.61015588 0.07725089
v 0.09254429 0.31448653 -0.52252364
v 0.07985191 0.65504837 0.35443872
v -0.33340982 -0.15766479 -0.44400811
v 0.19699487 -0.63215011 -0.39759490
v 0.52355975 -0.33411112 0.17003429
v -0.13945307 0.44868410 -0.40471357
v -0.41827881 0.53490055 -0.08101190
v -0.33541974 0.33907673 -0.39536738
v 0.01242510 -0.48865807 0.52945691
v 0.32113415 0.38451862 -0.31958842
v 0.35501784 0.56020415 0.22416209
v 0.54398757 0.01190783 0.05616034
v -0.20141439 0.65512151 0.28435975
v -0.03055152 0.09316820 0.52925271
v -0.14595705 0.49686205 -0.40368998
v -0.15629922 -0.61895764 0.43058810
v 0.28843236 0.15661426 -0.45393476
v 0.53360999 -0.46792716 -0.02872305
v 0.34584087 0.23269747 0.39608189
v 0.13622080 0.65510583 -0.35510862
v -0.18193154 -0.61800134 -0.43637526
v 0.45655525 0.31315753 0.24791123
v 0.42121071 -0.51762331 -0.32487625
v 0.41058499 0.40518388 -0.05862201
v 0.40595281 0.56466216 -0.12794541
v 0.21928628 -0.55795610 0.46534872
v -0.40294167 -0.63894141 -0.15273890
v -0.27980500 -0.63142222 0.34109008
v 0.42616832 -0.39137092 -0.32867539
v -0.02716574 0.22960952 0.52985483
v 0.39426631 0.08581026 0.34706393
v 0.42612317 0.31082866 -0.30937034
v -0.07733481 0.32796875 0.50751269
v -0.10555459 -0.59221125 0.47591838
v -0.04296693 0.56690586 0.41424909
v 0.52016026 -0.27465147 -0.18931180
v -0.43308052 -0.63923788 -0.00146738
v -0.18850966 0.41835487 -0.37158570
v -0.31111410 0.10119794 -0.44535732
v -0.41975302 -0.20486261 -0.34876859
v 0.18748680 0.57361728 -0.38600901
v 0.26404366 -0.62779170 -0.36247715
v -0.04973407 -0.19712800 0.53821486
v -0.38050184 0.38908407 0.23236094
v 0.36567143 -0.40481234 0.38667819
v 0.51749080 0.15219016 -0.11916830
v -0.02401531 0.58612955 -0.42904049
v -0.47222692 0.33705801 0.20275444
v 0.54437292 -0.41297215 0.03341232
v 0.36183611 0.11406801 0.38353050
v 0.36723179 -0.53533906 0.37393266
v 0.36965552 0.65498167 0.02454551
v -0.46169087 -0.43474445 0.28663221
v 0.14638008 0.59478331 -0.39993399
v -0.41244492 0.61589217 -0.09352502
v -0.08241194 0.58233106 -0.42092380
v -0.54882759 -0.26972809 -0.03715093
v -0.39247763 0.61841780 0.13243417
v -0.31242594 -0.44837120 0.43909380
v -0.07427650 0.18352817 -0.53598857
v 0.31952149 0.45820960 -0.28370264
v -0.48911893 0.13984281 -0.23406537
v 0.20104225 -0.07621706 0.50762773
v 0.13862915 0.40593788 -0.40116033
v -0.27898499 0.41091999 0.30479100
v -0.31397757 0.61648172 0.26776811
v -0.52228653 0.17622681 -0.15673362
v -0.13145262 -0.04381693 0.52156126
v 0.52141404 -0.22266734 -0.18590255
v 0.27124894 -0.41805068 0.47293904
v 0.43435350 0.36683407 0.17493805
v -0.48538160 0.29344663 0.22922963
v 0.14841750 0.44482756 0.38973206
v -0.49960291 0.07448201 -0.21927150
v -0.41583326 0.38992494 0.16142014
v -0.17539571 0.51034904 0.38100901
v 0.31168136 -0.41162246 -0.45415100
v 0.28162006 0.65324754 0.23514457
v 0.48546857 0.30961752 -0.19334865
v -0.52837390 -0.19694345 0.12010289
v -0.03153470 -0.65408528 -0.38173202
v -0.41790578 0.41089866 0.01778392
v -0.17785116 -0.55480480 -0.49937293
v -0.03819146 0.64768648 -0.40619442
v -0.47516406 -0.60332167 0.08339472
v -0.41420588 -0.32292053 -0.35639265
v -0.14435743 0.63580269 -0.39614210
v -0.47511744 -0.47676551 0.25095680
v 0.50531083 0.02253504 0.19001937
v -0.52805936 -0.00013390 -0.17066398
v 0.40410724 0.45770258 0.11643134
v -0.34551513 -0.07862157 -0.43104297
v -0.23585896 -0.51556861 -0.49219707
v 0.10609935 0.36944163 0.45387477
v 0.24009392 -0.65454656 0.26089433
v 0.13848048 -0.32819316 0.52838850
v -0.35399380 0.65512788 0.07114322
v 0.47258323 0.29349414 0.22781546
v -0.32655784 0.20776345 0.42099687
v -0.40904811 0.32583174 0.32149744
v -0.40798619 0.40539017 -0.12976256
v -0.20214900 0.41188100 0.35811600
v -0.32146287 0.05399192 -0.44631124
v 0.23561771 -0.26272222 -0.49905455
v -0.45817885 0.08181064 -0.29429525
v -0.38945660 0.51377577 0.15814036
v -0.15574330 0.20293388 0.50897801
v 0.06089164 -0.62687713 0.43717027
v 0.00130802 0.56928885 0.41602743
v 0.36707279 0.07073630 0.38195589
v 0.18342768 0.50365001 0.37580061
v -0.35937664 -0.60118645 -0.34105533
v 0.36454579 0.28709057 -0.39080587
v 0.46374637 -0.12507020 -0.27446607
v -0.23239803 0.50961906 0.34714115
v 0.21236388 -0.17747599 -0.50730592
v 0.32378426 0.09512919 -0.42606005
v -0.52181596 -0.42672339 -0.19672514
v -0.19261815 0.55980438 0.37220120
v -0.31730431 0.50242394 0.27106965
v 0.33185121 0.65513140 -0.12511253
v -0.34053990 -0.64470369 0.23076384
v 0.51725245 0.19908796 0.10579158
v 0.14544462 0.05153529 -0.52643257
v -0.03153659 0.44872755 0.41217780
v -0.46527964 -0.26225474 -0.28804326
v -0.15612279 -0.65503669 -0.33498043
v -0.02984834 0.37001169 0.46702459
v -0.29819465 0.42498246 -0.29408917
v -0.13851301 0.33233541 0.49248305
v -0.06369092 0.61711895 -0.42107657
v -0.36344683 0.14416443 -0.40529522
v 0.23049587 0.65511703 -0.27419356
v -0.35165882 -0.07300295 0.40899503
v -0.48978856 0.35669163 -0.07772336
v -0.52946931 -0.37389722 -0.18530783
v 0.41376859 -0.64223653 -0.02266777
v 0.13769180 -0.24743262 0.52763891
v -0.19453527 -0.57657278 -0.47931883
v -0.46840924 0.05877169 0.26862535
v 0.51984894 -0.26299122 0.18226787
v -0.42098048 0.57838589 -0.04959961
v -0.32692668 0.52541620 -0.27675757
v -0.38290274 0.65500218 -0.01488407
v -0.46989200 -0.12760331 -0.28097412
v 0.18635510 -0.53728288 -0.49739724
v -0.47749507 0.12019200 0.25048149
v -0.10422217 0.65463001 0.35406983
v -0.07421207 -0.57997066 -0.50875545
v 0.45136300 -0.48209476 -0.28444189
v -0.29537928 0.62371373 -0.30633181
v -0.52831799 -0.09783631 0.11902317
v -0.52706093 -0.45558691 0.11832935
v 0.07632278 0.51095766 -0.42348015
v 0.41866300 0.47247085 0.04507819
v 0.51734114 -0.32813284 -0.19380797
v 0.32648852 -0.11797736 -0.44567049
v -0.36277539 0.24190879 -0.40548629
v -0.37909579 -0.61374593 0.28255668
v 0.10317653 -0.12842718 -0.53836852
v -0.05474973 -0.30250117 0.53833151
v 0.08041201 -0.54916388 -0.52598482
v 0.39930105 0.40724665 -0.11294603
v 0.22433151 -0.59388775 -0.44428402
v 0.42465124 -0.54826343 0.28688091
v -0.52833521 -0.29469511 0.12100399
v 0.50728005 -0.56219018 0.03142310
v -0.44726074 0.36255297 -0.19992132
v -0.54746789 -0.11225665 -0.01405888
v -0.20035738 -0.19389735 -0.52512145
v 0.45378596 0.04565074 0.28869912
v -0.54427052 -0.40885088 -0.09571669
v -0.27709219 -0.65449339 0.23030186
v 0.15158378 0.30777586 0.50043511
v 0.42393818 0.36943918 -0.20387110
v -0.40268058 0.44882300 -0.13221061
v -0.36691183 0.49270236 0.20241310
v -0.12892234 -0.32669485 0.52201629
v -0.38605994 0.54827434 -0.18298079
v 0.38547370 0.42582536 -0.13861613
v 0.31957003 0.09185395 0.41575921
v 0.43423778 -0.55421138 -0.28783584
v 0.38788998 -0.48369136 -0.37498391
v -0.38018572 -0.64031875 -0.20006302
v 0.54560238 -0.08643704 0.06380946
v -0.41968465 -0.07351449 -0.34759459
v 0.27524418 0.56245792 -0.32896009
v 0.40859726 0.40509996 0.06077895
v -0.22882006 -0.31875023 0.48663867
v -0.44861248 -0.48054358 0.29670188
v 0.39313066 -0.62792379 -0.21136172
v 0.53026527 -0.09775353 0.13965192
v -0.34312674 -0.25662181 0.41906631
v -0.47871903 -0.02878257 0.25250095
v 0.07724383 0.36457467 -0.47886688
v -0.28254187 -0.25334194 0.45929909
v 0.16179579 0.65504158 0.32364836
v 0.49483547 -0.48519945 -0.20393889
v 0.26110995 0.62476730 -0.31955528
v 0.40836936 0.01659390 0.35616514
v -0.41037002 -0.60183877 0.26387557
v 0.50041825 -0.46364465 0.18098432
v -0.46537492 -0.11707262 0.27847195
v -0.33744729 -0.65461254 0.11991394
v -0.07371005 0.29738232 0.52118212
v -0.14042962 0.54903460 -0.40660384
v 0.44243133 0.31808805 -0.27936283
v -0.48646078 -0.56565624 -0.19509761
v 0.48527491 0.32660356 -0.17168669
v 0.32556745 -0.63968509 -0.27124426
v 0.48125204 0.35726699 0.03525803
v -0.52473938 -0.56019503 0.01213897
v -0.33812752 0.40320921 -0.26787356
v 0.27515456 0.09489637 0.44825637
v 0.29116127 -0.65393806 -0.20769498
v 0.33568120 -0.23921745 -0.43783852
v 0.50765067 0.14938098 0.14947662
v 0.16663398 0.42151371 0.36692768
v -0.31192562 0.65512818 0.17188530
v -0.12960541 -0.13514562 0.52214223
v 0.47010592 -0.56296480 0.20380421
v -0.54130793 0.06647914 -0.08521523
v -0.45070288 -0.20164825 0.30697212
v -0.40318283 -0.62160289 -0.22777998
v 0.34625021 -0.62802011 0.27188540
v 0.10014810 0.17617756 -0.52975559
v -0.52781183 -0.00527430 0.12020366
v 0.00718559 0.37077150 -0.47914925
v 0.24324934 0.40456423 -0.34574726
v -0.46814620 -0.38839167 -0.28488278
v 0.38695309 -0.63414955 0.19140826
v 0.38523170 -0.06533480 -0.38365161
v -0.23724103 -0.60547626 -0.42424360
v 0.50064313 0.21620528 0.16667110
v 0.16474515 0.23196678 0.49953333
v 0.52698666 -0.47285238 0.06778575
v -0.29263851 -0.64003569 -0.32176849
v 0.07665539 0.61713403 -0.41871151
v -0.23977970 -0.28188899 -0.51307970
v 0.13094135 -0.63677680 -0.41319656
v 0.23149954 -0.62900144 0.37286395
v 0.44745058 0.26325715 0.27676827
v -0.45314479 0.33954266 0.23846211
v -0.26315546 -0.22974534 -0.50351441
v 0.53155714 -0.11844400 -0.16347694
v -0.13477227 0.03500014 0.52047497
v -0.15736628 0.65413898 -0.35681412
v 0.40325308 0.50926775 -0.13324945
v 0.12406832 -0.65473914 0.32837370
v -0.45247880 -0.26861659 0.30520251
v 0.14748642 0.05988114 0.52012140
v -0.46332747 -0.60543936 -0.14834498
v 0.18746081 -0.65475208 -0.28604573
v 0.34821883 0.50906986 -0.24617292
v 0.27892226 -0.65476704 0.21051039
v -0.20874919 -0.04271514 -0.52133280
v 0.09152056 0.04502440 0.53441757
v -0.19070385 0.65511686 -0.31652936
v -0.07093939 0.07846560 -0.53791159
v -0.24993660 0.53080666 -0.34931570
v -0.52373558 0.15365134 0.12793976
v 0.03740895 -0.40995729 0.53891307
v 0.16680779 -0.42617565 0.51633453
v -0.08005118 -0.28154075 -0.54276115
v 0.21743487 -0.14708573 0.49996829
v 0.55066180 -0.10854945 -0.01909182
v -0.11021768 0.62346268 -0.41311154
v 0.10254724 -0.55985945 -0.51407140
v 0.44064233 -0.16320573 0.32823664
v -0.20829524 -0.64160085 -0.37438884
v -0.23738582 0.56593931 -0.35851654
v 0.19165379 0.05696189 0.50958544
v -0.33580980 -0.57640111 0.37842155
v 0.54442656 -0.20764585 -0.08592803
v -0.02662184 0.16447291 0.53039724
f 1388 1288 24
f 718 1843 1213
f 1213 1897 718
f 700 1897 1193
f 1388 1027 1288
f 1027 1213 1378
f 1193 1027 1388
f 1193 1213 1027
f 1897 1213 1193
f 1897 1861 718
f 1250 1861 1897
f 718 1861 1843
f 1712 1897 700
f 1712 1250 1897
f 1782 1250 1712
f 1782 1393 1250
f 1782 1230 1393
f 355 1230 1782
f 1641 156 1368
f 355 1368 1230
f 1641 1368 355
f 1894 1641 355
f 1641 1476 156
f 1815 1476 1641
f 1700 1641 1894
f 1348 1310 1933
f 1310 1348 1126
f 1126 317 1310
f 573 317 1126
f 573 1544 317
f 1378 1447 1089
f 1933 1447 1242
f 1242 1348 1933
f 1977 1933 1068
f 1977 1447 1933
f 1977 1089 1447
f 1068 1933 1310
f 1752 1977 1068
f 1752 1655 1977
f 1068 1310 1949
f 1288 1087 1085
f 24 1288 1085
f 1027 1378 1089
f 1027 1089 1087
f 1288 1027 1087
f 1037 24 1085
f 1037 1085 1336
f 1089 1977 1655
f 1087 1089 1655
f 1762 1037 1336
f 1336 1087 1655
f 1336 1085 1087
f 1431 1705 1544
f 559 1484 1348
f 559 1348 1242
f 1484 1126 1348
f 559 1955 1484
f 1484 573 1126
f 1955 1431 1484
f 1484 1544 573
f 1484 1431 1544
f 1213 1242 1447
f 1378 1213 1447
f 1213 559 1242
f 1843 559 1213
f 1955 1811 1431
f 1861 1955 1843
f 1843 1955 559
f 1250 1955 1861
f 1250 1851 1955
f 1851 1811 1955
f 1765 1811 1851
f 1393 1851 1250
f 1230 1851 1393
f 1870 1911 1765
f 1368 1870 1230
f 156 1870 1368
f 1870 1851 1230
f 1870 1765 1851
f 1476 1870 156
f 1476 1458 1870
f 1815 1458 1476
f 1458 1911 1870
f 1909 1949 953
f 1294 1752 1136
f 1136 1752 1909
f 1699 1909 953
f 1136 1909 1699
f 1294 1655 1752
f 1294 1336 1655
f 1160 1336 1294
f 1160 1762 1336
f 1544 1705 474
f 474 1837 1201
f 1705 1169 474
f 474 1169 1837
f 1073 1837 1169
f 1169 836 1073
f 836 531 1073
f 1962 1837 1073
f 1962 1397 1837
f 1073 531 227
f 1949 1310 317
f 1544 474 317
f 1201 317 474
f 953 317 1201
f 953 1949 317
f 1201 1397 953
f 1397 1201 1837
f 1909 1068 1949
f 1752 1068 1909
f 696 1671 531
f 696 1303 1671
f 531 1671 1497
f 1431 696 1705
f 1705 696 1169
f 696 836 1169
f 696 531 836
f 1514 498 1303
f 498 1603 1303
f 1431 1303 696
f 1811 1303 1431
f 1811 1514 1303
f 1765 1054 1811
f 1811 1054 1514
f 1911 1728 1765
f 1911 1817 1728
f 1765 1728 1054
f 1911 478 1817
f 904 953 1397
f 1699 953 904
f 904 1397 1962
f 1449 1962 1665
f 1449 904 1962
f 1160 1294 1136
f 1958 1497 1554
f 1958 227 1497
f 1554 1359 1958
f 1554 1818 1359
f 1 1359 1818
f 1359 1864 1958
f 1359 1 1864
f 531 1497 227
f 1665 1073 227
f 1962 1073 1665
f 1995 227 1958
f 1665 227 1995
f 1303 1572 1671
f 1671 1554 1497
f 1671 1818 1554
f 1671 1572 1818
f 1572 1357 1818
f 1572 1530 1357
f 1303 1603 1572
f 1603 1530 1572
f 1514 959 498
f 498 1530 1603
f 498 959 1530
f 1054 1002 1514
f 1054 1969 1002
f 1514 1964 959
f 1002 1964 1514
f 1002 1969 1964
f 1969 1895 1964
f 1728 715 1054
f 1054 715 1969
f 1728 1694 715
f 1728 1433 1694
f 1433 1697 1694
f 715 1895 1969
f 1694 1895 715
f 1697 1895 1694
f 1817 1433 1728
f 1817 1331 1433
f 478 1331 1817
f 1828 1331 478
f 1828 976 1331
f 1331 409 1433
f 409 1697 1433
f 1331 1981 409
f 976 1981 1331
f 1449 1665 1995
f 1852 1449 1995
f 1852 1995 1412
f 1412 1995 1746
f 1104 1852 1412
f 1104 1412 1280
f 1449 1699 904
f 56 1699 1449
f 56 1160 1136
f 56 65 1160
f 56 1136 1699
f 1746 1958 1864
f 1 1808 1864
f 1280 1864 1291
f 1864 1280 1746
f 1808 1291 1864
f 1746 1280 1412
f 1291 1158 1280
f 1291 600 1158
f 1158 1135 1280
f 1995 1958 1746
f 1120 1114 1569
f 1818 1357 1
f 1357 1808 1
f 1530 1114 1357
f 1357 1120 1808
f 1357 1114 1120
f 1808 1120 1291
f 1120 600 1291
f 1614 1114 1530
f 1614 1569 1114
f 959 1614 1530
f 1964 1509 1614
f 1509 1989 1614
f 1643 1989 1509
f 1964 1614 959
f 1895 1509 1964
f 1697 1643 1895
f 1697 1278 1643
f 1895 1643 1509
f 1981 1278 1697
f 1981 1587 1278
f 409 1981 1697
f 1104 1280 1135
f 1104 1135 1685
f 1806 1104 1685
f 1806 1685 67
f 1806 1852 1104
f 56 1449 1852
f 56 1852 1806
f 1060 1131 567
f 622 1131 1060
f 1131 1076 567
f 1874 1158 600
f 1158 1874 1135
f 1874 1685 1135
f 600 1060 1874
f 1060 600 622
f 1685 1874 1060
f 67 1685 1452
f 1452 1060 567
f 1452 1685 1060
f 1452 567 1076
f 1120 1606 622
f 1569 1606 1120
f 1120 622 600
f 1614 1989 1569
f 1587 1681 1278
f 838 24 1937
f 838 1388 24
f 1189 838 1937
f 637 1388 838
f 637 1193 1388
f 700 1193 637
f 637 838 1189
f 637 1189 1205
f 1878 1205 572
f 1878 637 1205
f 1878 572 448
f 1622 700 637
f 1622 1712 700
f 1891 1712 1622
f 1622 637 1878
f 1891 1782 1712
f 1805 1782 1891
f 1805 355 1782
f 1894 355 1805
f 1877 1894 1805
f 1877 1700 1894
f 1952 1700 1877
f 1189 1937 1163
f 1037 1937 24
f 1163 1937 1037
f 1163 1205 1189
f 245 1205 1163
f 245 572 1205
f 1810 245 1163
f 1398 1037 1762
f 1398 1163 1037
f 1398 1810 1163
f 194 1810 1398
f 1546 1810 194
f 981 572 245
f 981 448 572
f 1523 448 981
f 1555 1523 1018
f 1680 1523 981
f 1018 1523 1680
f 1555 1018 617
f 166 245 1810
f 166 981 245
f 1680 981 166
f 1018 1680 692
f 617 1018 692
f 1680 166 195
f 1546 166 1810
f 195 166 1546
f 692 1680 195
f 692 195 1635
f 174 1555 617
f 174 617 860
f 969 174 860
f 1520 617 692
f 860 617 1520
f 658 969 860
f 1520 692 1635
f 1926 860 1520
f 658 860 1926
f 1472 1523 1555
f 1878 448 1523
f 1472 1878 1523
f 615 1878 1472
f 1813 1555 174
f 1813 1472 1555
f 1813 615 1472
f 1778 615 1813
f 1813 174 969
f 1915 1813 969
f 1778 1813 1915
f 1915 969 658
f 1915 658 1513
f 915 1778 1915
f 615 1622 1878
f 1891 1622 615
f 1008 1891 615
f 672 615 1778
f 1477 615 672
f 1477 1008 615
f 672 1778 915
f 1008 1805 1891
f 1975 1008 1477
f 1948 1008 1975
f 1092 1877 1805
f 1092 1805 1008
f 1948 1092 1008
f 1928 1092 1948
f 1265 1928 1948
f 1919 1877 1092
f 1919 1952 1877
f 1919 1092 1928
f 1224 1919 1928
f 774 1919 1224
f 1224 1928 1265
f 1398 1762 1160
f 65 1398 1160
f 65 194 1398
f 1929 194 65
f 1929 1546 194
f 195 1546 1153
f 1153 1635 195
f 1594 1635 1153
f 1153 1546 1929
f 1594 1153 1929
f 1427 1594 1929
f 1847 1594 1427
f 950 1635 1594
f 1847 950 1594
f 606 1884 1847
f 950 1520 1635
f 1926 1520 950
f 1267 658 1926
f 1267 1926 1884
f 1267 1884 1011
f 1884 1926 950
f 1884 950 1847
f 1041 1884 606
f 1041 1011 1884
f 1513 658 1267
f 1513 1267 416
f 416 1267 1011
f 1216 416 1011
f 493 416 1216
f 1216 1011 226
f 493 1216 1998
f 226 1011 1041
f 1998 1216 226
f 888 493 1998
f 1998 226 1374
f 1020 1915 1513
f 1020 915 1915
f 493 1513 416
f 1020 1513 493
f 1784 493 888
f 1784 1020 493
f 1506 1020 1784
f 1332 1784 888
f 1332 888 797
f 672 915 1020
f 1477 672 1020
f 1482 1477 1020
f 1482 1020 1506
f 1918 1477 1482
f 1918 1975 1477
f 1918 1948 1975
f 1656 1948 1918
f 1656 1265 1948
f 1859 1265 1656
f 1257 1859 1656
f 1224 1265 1859
f 1672 774 1224
f 1672 1224 1859
f 1672 1859 1593
f 1593 1859 1257
f 1898 1847 1427
f 606 1847 1898
f 1298 606 1898
f 1041 606 1298
f 1753 1041 1298
f 446 1753 1298
f 446 191 1753
f 446 1298 1130
f 1753 226 1041
f 1374 226 1753
f 888 1998 1374
f 797 888 1374
f 191 1374 1753
f 1252 1374 191
f 1252 191 446
f 1545 1252 446
f 1438 797 1374
f 1252 1438 1374
f 10 1438 1252
f 106 1438 10
f 1696 10 1252
f 1013 106 10
f 1649 10 1696
f 1013 10 1649
f 1696 1252 1545
f 654 1013 1649
f 1332 797 1438
f 106 1332 1438
f 802 1784 1332
f 1013 1332 106
f 802 1332 1013
f 802 1013 654
f 1268 1482 1506
f 1268 1506 1784
f 802 1268 1784
f 1914 1268 802
f 1921 1918 1482
f 1921 1482 1268
f 1921 1268 1914
f 1706 1921 1914
f 801 1918 1921
f 801 1656 1918
f 1257 1656 801
f 1706 801 1921
f 26 1257 801
f 26 801 1706
f 26 1593 1257
f 56 1929 65
f 1427 1929 56
f 1898 1427 56
f 1130 1898 56
f 466 1130 56
f 1130 1298 1898
f 466 446 1130
f 1414 1545 446
f 1414 446 466
f 1741 1545 1414
f 1192 1741 1414
f 1721 1414 466
f 1192 1414 1721
f 276 1649 1696
f 654 1649 276
f 1741 1696 1545
f 276 1696 1741
f 757 276 1441
f 757 654 276
f 1441 276 1741
f 1394 757 1441
f 1759 1441 1741
f 518 1441 1759
f 1394 1441 518
f 1759 1741 1192
f 1464 1394 518
f 1561 654 757
f 1561 802 654
f 1561 757 1394
f 1903 802 1561
f 1903 1914 802
f 1600 1914 1903
f 1600 1706 1914
f 1945 26 1706
f 1945 1706 1600
f 1793 26 1945
f 1721 466 56
f 1568 1721 56
f 758 1192 1721
f 1568 758 1721
f 1302 758 1568
f 1302 971 758
f 571 518 1759
f 1464 518 571
f 971 1192 758
f 1759 1192 971
f 1424 1464 571
f 937 1759 971
f 937 571 1759
f 1424 571 937
f 1501 937 971
f 1501 971 1302
f 1308 937 1501
f 315 1308 1501
f 1424 937 1308
f 277 1394 1464
f 277 1561 1394
f 277 1464 1424
f 1709 1561 277
f 1734 1424 1308
f 1734 277 1424
f 1734 1308 315
f 1987 277 1734
f 1987 1709 277
f 1709 1903 1561
f 1886 1903 1709
f 1600 1903 1886
f 1768 1600 1886
f 1485 1768 1886
f 1768 1945 1600
f 1638 1945 1768
f 1638 1793 1945
f 885 1793 1638
f 1165 885 1638
f 1947 1140 1815
f 1490 1677 1140
f 1490 1140 1947
f 1947 1815 1641
f 1700 1947 1641
f 1259 1947 1700
f 1172 1792 1490
f 1259 1172 1947
f 1503 1172 1259
f 1454 1172 1503
f 1172 1490 1947
f 979 1792 1172
f 599 651 979
f 580 651 599
f 1674 1269 1454
f 599 979 1172
f 1454 599 1172
f 1269 599 1454
f 1548 580 599
f 1548 599 1269
f 528 1548 1269
f 725 1269 1674
f 725 528 1269
f 425 725 1674
f 1830 1713 1458
f 1458 1713 1911
f 1799 1458 1815
f 1799 1830 1458
f 1677 1799 1140
f 1140 1799 1815
f 790 1713 1830
f 790 1375 1713
f 1787 1830 1799
f 1787 790 1830
f 1313 790 1787
f 1313 1375 790
f 1313 746 1375
f 1677 1787 1799
f 1490 1787 1677
f 1792 1787 1490
f 282 150 746
f 1239 150 282
f 979 1313 1787
f 979 883 1313
f 883 871 1313
f 1421 225 883
f 570 871 883
f 225 570 883
f 570 170 871
f 170 282 871
f 170 629 282
f 871 746 1313
f 282 746 871
f 629 1239 282
f 651 898 979
f 393 898 651
f 979 1787 1792
f 1421 883 979
f 898 1421 979
f 628 150 1239
f 1445 225 1421
f 1445 575 225
f 1274 170 570
f 225 1274 570
f 225 575 1274
f 1274 629 170
f 1274 449 629
f 629 1328 1239
f 449 1328 629
f 575 449 1274
f 1455 449 575
f 1893 1455 575
f 1328 628 1239
f 1051 393 651
f 580 1051 651
f 319 1051 580
f 870 1421 898
f 729 870 898
f 393 729 898
f 1051 729 393
f 870 1445 1421
f 729 1445 870
f 1051 1525 729
f 319 1525 1051
f 1893 575 1445
f 729 1893 1445
f 1525 1893 729
f 1525 1321 1893
f 1525 1826 1321
f 351 1826 1525
f 1548 319 580
f 1860 319 1548
f 528 1860 1548
f 528 331 1860
f 725 331 528
f 425 331 725
f 1860 1525 319
f 331 1592 1860
f 13 1525 1860
f 1860 1214 13
f 1592 1214 1860
f 13 351 1525
f 1592 369 1214
f 1592 1167 369
f 1293 1284 311
f 1146 1284 1293
f 1867 1732 1284
f 1141 1284 1146
f 1141 1867 1284
f 1867 1634 1732
f 1382 1110 1867
f 800 1867 1141
f 800 1382 1867
f 1382 563 1110
f 1651 1828 478
f 1651 1764 1828
f 1713 478 1911
f 1713 1651 478
f 1122 1607 1857
f 1375 1857 1713
f 1857 1651 1713
f 1375 1122 1857
f 746 1122 1375
f 1857 1764 1651
f 1883 1607 1122
f 389 304 936
f 1883 936 1607
f 304 680 936
f 150 765 746
f 150 1253 765
f 1253 1005 765
f 746 1883 1122
f 765 1883 746
f 1005 1217 765
f 765 215 1883
f 765 1217 215
f 932 389 215
f 1217 932 215
f 215 936 1883
f 389 936 215
f 298 680 304
f 628 1253 150
f 628 896 1253
f 896 1005 1253
f 1617 896 628
f 1005 701 1217
f 1005 102 701
f 896 102 1005
f 1617 102 896
f 701 932 1217
f 1617 1199 102
f 701 1733 932
f 102 1733 701
f 389 298 304
f 932 298 389
f 932 1733 298
f 102 1199 1733
f 1199 512 1733
f 1455 1328 449
f 1455 1617 1328
f 1444 1455 1893
f 1328 1617 628
f 1444 124 1455
f 283 1617 1455
f 283 1938 1617
f 124 283 1455
f 1938 1199 1617
f 124 126 283
f 124 644 126
f 124 687 644
f 644 483 126
f 687 483 644
f 1938 30 1199
f 1938 79 30
f 334 79 1938
f 283 334 1938
f 126 334 283
f 126 112 334
f 30 274 1199
f 79 1540 30
f 79 186 1540
f 334 186 79
f 334 910 186
f 1893 1321 1444
f 1237 1444 1321
f 1826 398 1321
f 1419 1237 1321
f 1826 1311 398
f 351 1311 1826
f 351 223 1311
f 1321 362 1419
f 398 362 1321
f 1444 522 124
f 1444 1000 522
f 1237 1000 1444
f 522 687 124
f 522 789 687
f 13 1098 351
f 13 459 1098
f 1214 459 13
f 1214 97 459
f 1214 119 97
f 369 119 1214
f 369 558 119
f 369 200 558
f 1167 200 369
f 1167 311 200
f 1098 223 351
f 789 483 687
f 789 1077 483
f 1450 1077 789
f 1450 306 1077
f 483 815 126
f 1077 815 483
f 306 399 1077
f 306 822 399
f 306 1868 822
f 815 334 112
f 815 910 334
f 815 112 126
f 399 641 910
f 815 399 910
f 815 1077 399
f 910 641 186
f 641 125 1039
f 125 399 822
f 399 125 641
f 1311 362 398
f 1901 362 1311
f 223 1901 1311
f 1901 1219 362
f 1901 1704 1219
f 1015 1704 1901
f 1219 1237 1419
f 362 1219 1419
f 1219 1450 374
f 1704 1450 1219
f 374 522 1000
f 374 789 522
f 1219 1000 1237
f 1219 374 1000
f 1450 789 374
f 1704 306 1450
f 459 223 1098
f 1379 223 459
f 1379 459 97
f 119 1379 97
f 1379 1901 223
f 558 1379 119
f 1015 1901 1379
f 1284 1379 558
f 200 1284 558
f 311 1284 200
f 1284 1015 1379
f 1732 1015 1284
f 1006 634 306
f 660 634 1006
f 660 552 634
f 634 1868 306
f 552 679 634
f 552 211 679
f 634 679 1868
f 211 601 679
f 679 539 1868
f 679 1610 539
f 607 1610 679
f 601 607 679
f 1732 1634 1015
f 1634 1704 1015
f 1634 1904 1704
f 1634 1389 1904
f 674 1389 1634
f 251 1389 674
f 251 470 1389
f 1389 1006 1904
f 1389 1385 1006
f 947 1385 1389
f 470 947 1389
f 1904 306 1704
f 1006 306 1904
f 909 660 1006
f 909 1006 1385
f 1780 674 1634
f 1110 1634 1867
f 1110 1780 1634
f 1780 21 674
f 271 211 552
f 552 265 271
f 660 265 552
f 509 265 660
f 271 581 211
f 178 607 601
f 178 292 607
f 211 178 601
f 211 581 178
f 271 463 581
f 265 463 271
f 265 1565 463
f 1443 1565 265
f 462 251 674
f 21 462 674
f 1304 462 21
f 947 39 1385
f 470 565 947
f 251 565 470
f 462 565 251
f 565 382 947
f 1304 565 462
f 39 909 1385
f 947 382 39
f 300 909 39
f 382 300 39
f 565 1184 382
f 1304 1184 565
f 1304 667 1184
f 1304 128 667
f 909 509 660
f 300 509 909
f 382 930 300
f 1184 930 382
f 300 712 509
f 930 712 300
f 667 930 1184
f 509 1443 265
f 712 1443 509
f 172 21 1780
f 99 172 1780
f 895 1780 1110
f 895 99 1780
f 968 895 1110
f 563 968 1110
f 110 968 563
f 436 563 1382
f 436 110 563
f 322 1382 800
f 322 436 1382
f 172 1304 21
f 895 28 99
f 968 28 895
f 110 28 968
f 172 128 1304
f 99 128 172
f 99 1270 128
f 28 1270 99
f 110 1017 28
f 436 1017 110
f 436 1869 1017
f 322 1869 436
f 1017 1270 28
f 1270 667 128
f 1828 1574 976
f 1764 1574 1828
f 1764 863 1574
f 1574 1418 976
f 1574 688 1418
f 1574 1679 688
f 1574 1220 1679
f 863 1220 1574
f 1220 595 1679
f 1679 243 688
f 595 243 1679
f 1607 1182 1764
f 1857 1607 1764
f 1182 863 1764
f 1607 1494 1182
f 1182 1220 863
f 1182 595 1220
f 602 236 1607
f 936 602 1607
f 680 602 936
f 236 1494 1607
f 602 45 236
f 236 585 1494
f 45 585 236
f 585 973 1494
f 585 1034 973
f 298 1247 680
f 680 144 602
f 1247 144 680
f 1247 1338 144
f 144 45 602
f 144 1338 45
f 1338 101 45
f 45 1396 585
f 101 1396 45
f 1338 1625 101
f 1396 1034 585
f 101 1352 1396
f 1625 1352 101
f 1733 1247 298
f 1733 512 1247
f 1199 274 512
f 512 1338 1247
f 274 218 512
f 274 623 218
f 274 978 623
f 512 1625 1338
f 978 19 623
f 218 1625 512
f 218 1491 1625
f 623 741 218
f 19 741 623
f 19 949 741
f 218 832 1491
f 741 832 218
f 741 754 832
f 832 1168 1491
f 1491 760 1625
f 911 760 1491
f 1168 911 1491
f 30 928 274
f 1186 928 30
f 1540 1186 30
f 1540 365 1186
f 186 365 1540
f 256 274 928
f 256 978 274
f 1186 256 928
f 1186 199 256
f 256 848 978
f 848 19 978
f 231 19 848
f 231 949 19
f 231 1286 949
f 1461 1286 231
f 1286 411 949
f 949 754 741
f 411 754 949
f 1286 1053 411
f 1461 1053 1286
f 754 1168 832
f 411 921 1168
f 411 1168 754
f 411 1053 921
f 1461 1985 1053
f 1168 921 911
f 1985 925 1053
f 1039 1186 365
f 1039 1854 1186
f 365 641 1039
f 641 365 186
f 125 1854 1039
f 125 275 1854
f 125 822 275
f 822 231 275
f 1854 256 199
f 1854 244 256
f 1854 199 1186
f 275 244 1854
f 1868 231 822
f 1868 1461 231
f 539 1461 1868
f 244 848 256
f 275 231 848
f 275 848 244
f 539 1985 1461
f 539 1487 1985
f 1281 1487 539
f 1147 1487 1281
f 1147 670 1487
f 1487 1996 1985
f 1487 336 1996
f 670 336 1487
f 670 288 336
f 670 511 288
f 1996 925 1985
f 336 707 1996
f 336 49 707
f 288 49 336
f 607 1876 1610
f 1610 1281 539
f 1876 1281 1610
f 1876 1147 1281
f 1330 670 1147
f 1330 511 670
f 1330 205 511
f 511 1082 288
f 1260 1082 511
f 205 1260 511
f 569 1686 49
f 1082 49 288
f 1082 569 49
f 1260 569 1082
f 205 303 1260
f 994 303 205
f 292 164 607
f 581 542 178
f 463 542 581
f 164 1876 607
f 178 164 292
f 178 1466 164
f 542 1466 178
f 1565 542 463
f 1876 450 1147
f 164 450 1876
f 164 1723 450
f 1466 1723 164
f 542 525 1466
f 1565 525 542
f 450 1330 1147
f 450 1139 1330
f 450 2 1139
f 1723 2 450
f 525 1723 1466
f 1139 636 1330
f 2 636 1139
f 1723 1526 2
f 525 1526 1723
f 636 205 1330
f 1526 636 2
f 636 994 205
f 1526 994 636
f 712 1565 1443
f 712 525 1565
f 930 360 712
f 1017 667 1270
f 1017 360 667
f 667 360 930
f 1869 360 1017
f 1822 360 1869
f 1234 1587 1981
f 18 1587 1234
f 776 1587 18
f 1418 1981 976
f 688 243 1418
f 595 648 243
f 1418 1234 1981
f 243 1234 1418
f 648 1234 243
f 648 18 1234
f 1659 1785 750
f 1182 648 595
f 1182 750 648
f 1494 750 1182
f 1494 1659 750
f 648 776 18
f 750 776 648
f 1290 905 1659
f 973 1659 1494
f 1034 367 973
f 973 222 1659
f 367 222 973
f 222 1290 1659
f 222 855 1290
f 855 905 1290
f 1396 367 1034
f 1396 1352 367
f 367 855 222
f 1352 1240 367
f 1352 278 1240
f 1240 855 367
f 1240 503 855
f 278 1543 1240
f 855 503 905
f 1543 614 1240
f 1240 1612 503
f 614 224 1240
f 911 1177 760
f 1625 1647 1352
f 760 1647 1625
f 1177 1763 760
f 1763 1647 760
f 1763 1355 1647
f 1647 278 1352
f 1647 545 278
f 1355 545 1647
f 1355 1333 545
f 545 346 278
f 346 1543 278
f 614 1148 224
f 921 1177 911
f 921 1053 1177
f 1053 1763 1177
f 1053 1003 1763
f 925 1003 1053
f 1355 1003 1333
f 1355 1763 1003
f 1003 1731 1333
f 925 1740 1003
f 1333 346 545
f 346 1333 1731
f 1003 1740 1731
f 346 264 1543
f 1731 264 346
f 264 614 1543
f 264 1148 614
f 1148 264 1731
f 1731 537 1148
f 1740 537 1731
f 1996 707 925
f 49 1370 707
f 707 1931 925
f 1370 91 707
f 91 1459 707
f 925 1931 1740
f 707 843 1931
f 1459 843 707
f 1459 381 843
f 843 1781 1931
f 381 1992 843
f 1686 1370 49
f 1260 858 569
f 303 858 1260
f 1022 91 1370
f 1686 1022 1370
f 569 1022 1686
f 858 1022 569
f 858 1715 1022
f 303 1715 858
f 303 1983 1715
f 1022 142 91
f 1022 415 142
f 1715 415 1022
f 91 142 1459
f 415 1972 142
f 1715 1972 415
f 142 1812 1459
f 142 341 1812
f 1972 341 142
f 1715 76 1972
f 1812 381 1459
f 341 1197 1812
f 341 820 1197
f 1972 820 341
f 1972 76 820
f 1197 381 1812
f 820 502 1197
f 76 502 820
f 381 419 1992
f 1197 419 381
f 1197 785 419
f 502 785 1197
f 502 560 785
f 76 560 502
f 994 1983 303
f 1526 1983 994
f 1983 76 1715
f 712 360 525
f 525 360 1526
f 1526 360 1983
f 776 1984 1587
f 1984 1681 1587
f 1984 1481 1681
f 750 1785 776
f 776 1785 1984
f 1785 1481 1984
f 1785 272 1481
f 905 541 1659
f 1659 541 1785
f 541 1222 1785
f 1785 1202 272
f 1222 1202 1785
f 1222 1306 1202
f 1263 1306 1222
f 905 1390 541
f 1390 1222 541
f 1390 753 1222
f 753 1263 1222
f 503 1390 905
f 1240 1074 1612
f 224 1074 1240
f 1612 1390 503
f 1612 753 1390
f 1074 635 1612
f 426 635 1074
f 426 444 635
f 1612 733 753
f 635 1953 1612
f 753 733 1263
f 1612 1953 733
f 635 1605 1953
f 345 1605 635
f 345 270 1605
f 1263 733 1306
f 270 257 1605
f 1148 217 224
f 426 1074 224
f 217 426 224
f 444 51 635
f 51 345 635
f 537 1191 184
f 1663 1191 537
f 1191 50 184
f 1663 1285 1191
f 1191 834 50
f 1191 500 834
f 1285 500 1191
f 1148 537 217
f 1740 1663 537
f 217 184 426
f 537 184 217
f 184 444 426
f 184 51 444
f 184 50 51
f 50 345 51
f 50 270 345
f 50 834 270
f 834 257 270
f 918 1856 1781
f 1781 1772 1173
f 1856 1772 1781
f 1173 1285 1663
f 1062 1772 1856
f 1062 482 1772
f 1173 1772 1285
f 1931 1663 1740
f 1931 1781 1663
f 1992 1781 843
f 1992 918 1781
f 1781 1173 1663
f 310 1062 1856
f 1992 419 918
f 560 262 785
f 76 262 560
f 419 827 918
f 785 827 419
f 785 103 827
f 262 103 785
f 827 1856 918
f 827 310 1856
f 827 934 310
f 103 934 827
f 934 514 310
f 103 514 934
f 262 514 103
f 262 1630 514
f 310 1809 1062
f 514 1809 310
f 514 1630 1809
f 1062 977 482
f 1809 977 1062
f 1809 268 977
f 1630 268 1809
f 76 1630 262
f 360 1630 76
f 360 76 1983
f 1639 1700 1952
f 1639 1259 1700
f 252 1639 1952
f 1503 1259 1639
f 1360 1454 1503
f 1986 1503 1639
f 1360 1503 1986
f 1986 1639 252
f 1376 1360 1986
f 385 1454 1360
f 385 1674 1454
f 1588 385 1360
f 1327 1588 1360
f 1272 1588 1327
f 908 1272 1327
f 1327 1360 1376
f 425 1674 385
f 173 425 385
f 788 385 1588
f 788 173 385
f 1272 788 1588
f 1118 252 1952
f 1118 1952 1919
f 1865 1118 1919
f 1872 1118 1865
f 1865 1919 774
f 1264 1865 774
f 1986 252 1118
f 1872 1986 1118
f 1351 1986 1872
f 1351 1376 1986
f 1872 1865 1264
f 1012 1872 1264
f 1012 1351 1872
f 1532 1351 1012
f 907 1327 1376
f 929 1327 907
f 44 908 1327
f 929 44 1327
f 504 907 1376
f 504 535 907
f 1797 1376 852
f 1797 504 1376
f 852 1376 1351
f 633 504 1797
f 1515 1797 852
f 1797 547 633
f 1515 547 1797
f 290 1515 852
f 989 1515 290
f 1532 852 1351
f 290 852 1532
f 290 982 989
f 1440 982 290
f 424 290 1532
f 1440 290 424
f 990 1440 424
f 1099 788 1272
f 1099 173 788
f 908 1099 1272
f 908 44 1099
f 425 1387 331
f 173 1387 425
f 1099 1387 173
f 1289 1099 44
f 1289 46 1099
f 46 1387 1099
f 1387 1592 331
f 1289 956 46
f 1387 1807 1592
f 1387 1004 1807
f 46 1004 1387
f 46 956 1004
f 1807 818 1592
f 546 1807 1004
f 818 1167 1592
f 314 1004 956
f 956 1292 314
f 535 929 907
f 633 535 504
f 535 1156 929
f 1773 535 633
f 1156 44 929
f 1156 1289 44
f 1773 1156 535
f 1538 1156 1773
f 1156 956 1289
f 1538 1800 1156
f 1800 956 1156
f 1800 479 956
f 547 1773 633
f 989 547 1515
f 547 1968 1773
f 1968 547 989
f 1968 1538 1773
f 989 1566 1968
f 982 1566 989
f 1968 1566 1538
f 1825 982 1440
f 1146 1293 938
f 1226 1141 1146
f 1334 1141 1226
f 817 800 1141
f 455 817 1141
f 455 1141 1334
f 1391 1264 774
f 1391 774 1672
f 957 1391 1672
f 944 1672 1593
f 944 957 1672
f 1564 957 944
f 1012 1264 1391
f 957 1012 1391
f 1824 1532 1012
f 1824 1012 957
f 1542 1824 957
f 1542 957 1564
f 990 1825 1440
f 666 990 424
f 538 666 424
f 424 1532 1824
f 886 424 1824
f 886 538 424
f 830 886 1824
f 1645 886 830
f 956 792 1292
f 818 311 1167
f 1004 889 546
f 1004 404 889
f 314 404 1004
f 792 724 1292
f 1072 1800 1538
f 479 792 956
f 1800 165 479
f 1800 153 165
f 1800 1072 153
f 792 100 724
f 479 100 792
f 479 452 100
f 165 452 479
f 165 475 452
f 1072 333 73
f 1072 321 153
f 1072 73 321
f 333 59 73
f 982 1577 1566
f 1577 982 1825
f 1769 1538 1566
f 1769 1072 1538
f 1577 1769 1566
f 1769 333 1072
f 1769 1316 333
f 1577 1724 1057
f 1577 1212 1769
f 1577 767 1212
f 1057 767 1577
f 1769 428 1316
f 1769 1212 428
f 428 229 1316
f 767 1586 1212
f 1212 1100 428
f 1212 396 1100
f 1212 1586 396
f 1057 370 767
f 1586 506 396
f 767 506 1586
f 767 524 506
f 370 524 767
f 990 666 1825
f 616 1825 666
f 538 616 666
f 616 1577 1825
f 538 1512 616
f 616 1724 1577
f 1512 538 886
f 616 1512 1724
f 324 1512 886
f 1512 324 1724
f 1645 324 886
f 114 324 1645
f 324 1325 1724
f 1293 311 818
f 1293 818 1807
f 889 1807 546
f 889 1293 1807
f 879 404 314
f 879 314 1292
f 938 1293 889
f 938 889 404
f 938 404 879
f 823 938 879
f 823 1146 938
f 724 879 1292
f 475 100 452
f 100 879 724
f 100 823 879
f 823 100 475
f 328 823 475
f 1831 823 328
f 328 475 165
f 328 165 153
f 180 1831 328
f 1902 1831 180
f 321 328 153
f 267 321 73
f 267 328 321
f 180 328 267
f 1137 180 267
f 59 267 73
f 1676 59 333
f 1137 59 1676
f 1137 267 59
f 1902 180 1137
f 1676 333 1316
f 229 1676 1316
f 451 229 428
f 188 1676 229
f 188 1137 1676
f 188 229 451
f 188 1902 1137
f 951 1902 188
f 1100 451 428
f 188 451 1100
f 793 1100 396
f 793 188 1100
f 1845 188 793
f 1845 951 188
f 249 506 524
f 793 396 506
f 249 793 506
f 339 1146 823
f 339 1226 1146
f 339 1334 1226
f 457 1334 339
f 152 1334 457
f 339 823 1831
f 1646 339 1831
f 1783 457 339
f 1783 339 1646
f 713 1783 1646
f 1117 1783 713
f 1117 551 1783
f 951 1831 1902
f 951 1646 1831
f 1040 1646 951
f 1040 713 1646
f 480 713 1040
f 480 1117 713
f 1361 480 1040
f 782 1040 951
f 887 1361 1040
f 1028 1361 887
f 782 951 1845
f 887 1040 782
f 1791 887 782
f 933 455 1334
f 933 387 455
f 967 933 1334
f 152 967 1334
f 540 800 817
f 540 322 800
f 27 817 455
f 27 540 817
f 387 27 455
f 152 866 967
f 387 467 27
f 933 467 387
f 967 467 933
f 71 866 152
f 540 1869 322
f 540 591 1869
f 27 591 540
f 27 574 591
f 467 574 27
f 467 371 574
f 967 371 467
f 866 371 967
f 866 1255 371
f 71 1255 866
f 71 139 1255
f 371 1822 574
f 1255 1822 371
f 139 1822 1255
f 574 1822 591
f 1084 152 457
f 1084 457 1783
f 71 152 1084
f 1783 5 1084
f 551 5 1783
f 632 71 1084
f 5 632 1084
f 551 859 5
f 1117 859 551
f 914 1117 480
f 914 171 1117
f 632 139 71
f 632 1508 139
f 5 1508 632
f 5 859 1508
f 675 859 1117
f 171 675 1117
f 859 1381 1508
f 675 1381 859
f 206 171 914
f 675 513 1381
f 171 513 675
f 206 513 171
f 206 515 513
f 1508 1381 139
f 139 1381 1822
f 513 1944 1381
f 515 1944 513
f 1361 914 480
f 1361 206 914
f 1361 698 206
f 1028 698 1361
f 492 1028 887
f 698 515 206
f 442 698 1028
f 492 442 1028
f 887 891 492
f 340 887 1791
f 340 891 887
f 698 135 515
f 442 135 698
f 1564 944 882
f 882 944 1593
f 882 1593 26
f 737 882 26
f 1618 1824 1542
f 1542 1564 882
f 1531 1542 882
f 1832 1542 1531
f 1832 1618 1542
f 1465 1645 830
f 140 1824 1618
f 140 830 1824
f 1465 830 140
f 1229 1465 140
f 1296 1229 140
f 1119 140 1618
f 1296 140 1119
f 1070 1296 1119
f 1601 1070 1119
f 1057 1519 370
f 1519 131 370
f 370 131 316
f 1519 587 131
f 1519 1790 587
f 114 1325 324
f 1724 1325 1057
f 1325 1519 1057
f 1325 114 181
f 1325 533 1519
f 1325 1637 533
f 533 1790 1519
f 181 1609 1325
f 1325 577 1637
f 533 3 1790
f 1325 1609 577
f 533 917 3
f 1637 917 533
f 577 23 1637
f 1637 348 917
f 1637 23 348
f 577 37 23
f 577 1052 37
f 23 37 1171
f 1609 1052 577
f 37 1052 510
f 1645 1465 114
f 181 114 1465
f 181 1465 1229
f 777 181 1229
f 1296 777 1229
f 181 777 1609
f 1296 1070 777
f 1070 285 777
f 285 1070 1601
f 1207 777 285
f 1207 1609 777
f 316 524 370
f 316 249 524
f 305 249 316
f 305 793 249
f 305 1845 793
f 368 1845 305
f 437 316 131
f 305 316 437
f 368 305 127
f 1611 1845 368
f 587 437 131
f 127 437 587
f 127 305 437
f 638 1790 3
f 638 587 1790
f 127 587 638
f 1080 368 127
f 1611 368 1080
f 917 638 3
f 917 127 638
f 1080 127 917
f 1080 917 348
f 1840 1611 1080
f 1080 348 95
f 95 23 1171
f 95 348 23
f 95 1171 37
f 207 1080 95
f 1840 1080 207
f 510 95 37
f 702 95 510
f 702 207 95
f 1415 782 1845
f 1684 782 1415
f 856 782 1684
f 856 1791 782
f 1415 1845 1611
f 373 856 1684
f 1457 373 1684
f 1658 1684 1415
f 1840 1415 1611
f 1658 1415 1840
f 1457 1684 1658
f 999 1457 1658
f 1581 1457 999
f 1844 1658 1840
f 1584 1658 1844
f 1584 999 1658
f 591 1822 1869
f 515 135 1944
f 1381 1944 1822
f 135 1669 1944
f 340 1791 856
f 442 438 135
f 492 438 442
f 891 438 492
f 210 340 856
f 373 210 856
f 891 259 438
f 340 259 891
f 340 210 259
f 373 592 210
f 210 833 259
f 210 592 833
f 438 1669 135
f 259 1669 438
f 259 833 1669
f 1722 373 1457
f 1722 592 373
f 412 1722 1457
f 592 561 833
f 1722 561 592
f 1722 919 561
f 1722 412 919
f 833 561 1669
f 412 991 919
f 991 6 919
f 919 6 561
f 6 1738 561
f 1581 412 1457
f 1581 991 412
f 8 1581 999
f 706 8 999
f 991 8 6
f 8 991 1581
f 706 999 1584
f 8 477 6
f 8 706 477
f 1971 737 26
f 1971 26 1793
f 743 737 1971
f 1971 240 743
f 1531 882 737
f 1531 737 743
f 1832 1119 1618
f 1345 1119 1832
f 1354 1119 1345
f 1354 1601 1119
f 1256 1354 1345
f 1609 375 1052
f 1609 1207 375
f 1052 1827 510
f 375 1827 1052
f 1207 1055 375
f 375 1102 1827
f 1245 1055 1207
f 375 611 1102
f 375 853 611
f 853 375 1055
f 1055 652 853
f 652 1055 1245
f 652 798 722
f 798 652 1245
f 803 798 1245
f 803 1435 717
f 1317 717 1435
f 1601 912 285
f 912 1601 1354
f 1127 1207 285
f 912 1127 285
f 1245 1207 1127
f 1855 1354 1256
f 1855 912 1354
f 912 1855 1127
f 1127 803 1245
f 182 1855 1256
f 1127 1435 803
f 922 1855 182
f 922 1127 1855
f 702 510 1827
f 394 207 702
f 1801 207 394
f 1801 1840 207
f 1102 702 1827
f 611 702 1102
f 394 702 611
f 394 611 1021
f 1021 853 652
f 1021 611 853
f 1063 394 1021
f 1801 394 1063
f 722 1021 652
f 1329 1021 722
f 1063 1021 1329
f 1329 798 803
f 1329 722 798
f 1329 803 717
f 471 1063 1329
f 471 1801 1063
f 1707 1801 471
f 1317 1329 717
f 471 1329 1317
f 1534 1707 471
f 1844 1840 1801
f 993 1584 1844
f 410 1584 993
f 993 1844 1801
f 1707 993 1801
f 993 526 410
f 526 993 1707
f 1707 1042 526
f 1944 360 1822
f 1944 1669 360
f 1669 1738 360
f 1738 1556 360
f 561 1738 1669
f 6 477 1738
f 477 603 1738
f 603 1350 1738
f 134 706 1584
f 706 683 477
f 683 706 134
f 134 1584 410
f 683 603 477
f 683 134 603
f 134 562 603
f 562 134 410
f 562 1350 603
f 810 562 410
f 643 410 526
f 643 810 410
f 562 824 1350
f 810 824 562
f 810 401 824
f 810 643 401
f 401 383 824
f 643 383 401
f 383 643 526
f 383 318 824
f 383 965 318
f 965 383 526
f 1042 965 526
f 965 1873 318
f 965 209 1873
f 209 965 1042
f 824 1873 1350
f 318 1873 824
f 791 743 240
f 885 1971 1793
f 885 240 1971
f 791 240 885
f 885 1739 791
f 1589 1739 885
f 1589 885 1165
f 791 1531 743
f 2000 1832 1531
f 1755 1832 2000
f 791 2000 1531
f 2000 791 1739
f 1930 1345 1832
f 1930 1256 1345
f 182 1256 1930
f 1930 1832 1755
f 237 1930 1755
f 749 237 1755
f 656 1317 1435
f 96 1435 1367
f 96 656 1435
f 11 96 1367
f 566 1367 964
f 566 11 1367
f 566 964 196
f 964 630 196
f 630 964 161
f 148 161 36
f 148 630 161
f 1127 922 1367
f 1367 1435 1127
f 1758 182 1930
f 182 1758 922
f 1425 1758 1930
f 1758 1425 922
f 1367 1853 161
f 1853 1367 922
f 161 964 1367
f 1425 1930 237
f 1853 922 1425
f 1071 237 749
f 1071 1425 237
f 1853 1425 1071
f 1853 36 161
f 966 471 1317
f 1534 471 619
f 966 656 96
f 966 1317 656
f 619 471 966
f 1032 96 11
f 1032 966 96
f 619 966 1032
f 1032 11 566
f 196 1032 566
f 1850 1032 196
f 1850 619 1032
f 1850 196 630
f 1534 619 1850
f 1850 630 148
f 461 1850 148
f 1138 1850 461
f 1834 1850 1138
f 1834 1534 1850
f 16 1042 1707
f 16 1707 1534
f 916 1042 16
f 974 916 16
f 1760 16 1534
f 47 974 16
f 47 16 1760
f 1834 1760 1534
f 816 1760 1834
f 816 47 1760
f 714 816 1834
f 1576 1556 1738
f 1873 1576 1350
f 1350 1576 1738
f 330 1591 1576
f 209 187 1873
f 187 209 1042
f 187 1541 1873
f 187 916 1541
f 916 187 1042
f 1576 1873 1541
f 916 1423 1541
f 916 974 1423
f 1576 1541 1423
f 772 974 47
f 974 772 1423
f 772 330 1423
f 772 608 330
f 608 772 47
f 1423 330 1576
f 608 104 330
f 104 608 47
f 104 1529 330
f 104 816 1529
f 816 104 47
f 330 1529 1591
f 1529 1499 1591
f 816 1499 1529
f 961 167 469
f 67 1498 1806
f 67 745 1498
f 961 745 167
f 745 961 1498
f 431 1498 961
f 431 1806 1498
f 56 1806 431
f 56 431 1978
f 1978 431 1090
f 1093 56 1978
f 1131 710 1076
f 1131 273 710
f 273 1690 710
f 745 67 1452
f 744 1452 1076
f 745 1452 744
f 744 1076 710
f 167 745 744
f 710 1690 744
f 167 744 1489
f 1690 1489 744
f 1690 1887 1489
f 1489 469 167
f 1887 1993 1489
f 1489 1710 469
f 1887 1369 1993
f 622 273 1131
f 622 1606 273
f 273 1887 1690
f 273 335 1887
f 1606 335 273
f 335 1369 1887
f 1606 1178 335
f 1569 354 1606
f 1989 354 1569
f 1989 1208 354
f 354 356 1606
f 356 1178 1606
f 1703 1208 1989
f 1278 1885 1643
f 1643 1703 1989
f 1643 1885 1703
f 1278 1467 1885
f 1681 1467 1278
f 1965 431 961
f 1090 431 1965
f 469 1965 961
f 862 1090 1965
f 1407 862 1965
f 1407 1729 862
f 1283 862 1729
f 862 1978 1090
f 1978 862 1283
f 1093 1978 1067
f 1710 1489 1993
f 1993 1371 1710
f 1369 1371 1993
f 1965 469 1710
f 1369 414 1371
f 1407 1710 34
f 1407 1965 1710
f 627 1710 1371
f 1710 627 34
f 414 627 1371
f 627 1248 34
f 414 1871 627
f 34 441 1407
f 441 34 1248
f 1871 1248 627
f 441 1729 1407
f 1871 1124 1248
f 335 414 1369
f 335 1871 414
f 1178 363 335
f 1871 335 363
f 363 1123 1871
f 356 363 1178
f 354 363 356
f 354 1344 363
f 1703 1829 1208
f 1703 1841 1829
f 1208 1344 354
f 1208 1829 1344
f 1885 1841 1703
f 1885 1402 1841
f 1467 1402 1885
f 1467 1384 1402
f 1283 1729 1151
f 1767 1283 1151
f 1767 88 1283
f 1683 88 1767
f 88 1978 1283
f 1067 1978 88
f 1067 88 155
f 155 88 1683
f 1935 1067 155
f 1940 1067 1935
f 1093 1067 1940
f 1093 1940 1251
f 1608 1093 1326
f 1248 1889 441
f 1248 884 1889
f 1124 884 1248
f 884 350 1889
f 1124 1162 884
f 884 169 350
f 1162 169 884
f 766 350 169
f 350 766 1243
f 766 169 1162
f 766 1516 1243
f 766 1392 1516
f 1889 1729 441
f 1889 1151 1729
f 1151 1889 350
f 1243 1151 350
f 1243 1767 1151
f 1683 1767 841
f 841 1767 1243
f 841 1243 1516
f 1123 1124 1871
f 363 1559 1123
f 1123 1162 1124
f 1123 1161 1162
f 1161 766 1162
f 1123 1802 1161
f 1559 1802 1123
f 1161 1392 766
f 1344 1559 363
f 1344 1802 1559
f 1344 234 1802
f 1829 234 1344
f 1829 1941 234
f 1194 1941 1829
f 1841 1194 1829
f 1402 1194 1841
f 1402 1882 1194
f 1384 1456 1402
f 1384 1188 1456
f 1462 1188 1384
f 1402 1456 1882
f 736 1940 1935
f 1372 155 1683
f 1935 155 1372
f 1916 736 1411
f 1251 1940 736
f 391 1093 1251
f 1916 1251 736
f 1916 391 1251
f 1315 1916 1682
f 1315 391 1916
f 1083 391 1315
f 1326 1093 391
f 1083 1326 391
f 1862 1326 1083
f 1862 1608 1326
f 1372 1683 841
f 1516 221 841
f 1392 289 1516
f 221 1516 1026
f 289 1026 1516
f 1392 1364 289
f 841 221 1372
f 221 1195 1372
f 1364 1026 289
f 221 867 1195
f 1026 332 221
f 1364 456 1026
f 456 332 1026
f 867 90 1195
f 867 221 332
f 1287 332 456
f 1287 867 332
f 1159 90 867
f 1287 1159 867
f 1287 1748 1159
f 1372 1195 1935
f 38 1935 1195
f 1935 38 736
f 1411 736 38
f 90 38 1195
f 1335 38 90
f 939 38 1335
f 38 939 1411
f 1335 90 1159
f 1159 476 1335
f 1161 1364 1392
f 1161 1258 1364
f 1802 1258 1161
f 1258 1908 1364
f 1364 1908 456
f 1908 1287 456
f 1258 1754 1908
f 1908 1748 1287
f 234 1590 1802
f 234 955 1590
f 1802 1590 1258
f 1590 1754 1258
f 955 1754 1590
f 1941 992 234
f 234 992 955
f 1941 596 992
f 992 1754 955
f 1194 1101 1941
f 1882 1101 1194
f 1101 596 1941
f 1882 507 1101
f 1101 507 596
f 1882 1957 507
f 1456 1957 1882
f 1188 1957 1456
f 1188 1627 1957
f 1386 1315 984
f 1386 1083 1315
f 1862 1083 1386
f 1748 476 1159
f 1682 1916 1411
f 939 1682 1411
f 476 1907 1335
f 422 1682 939
f 939 1335 1907
f 1907 1047 939
f 1047 422 939
f 1047 996 422
f 996 1405 422
f 958 1315 1682
f 984 1315 958
f 1405 1682 422
f 1405 958 1682
f 9 958 1405
f 9 984 958
f 1524 984 9
f 9 1405 395
f 996 395 1405
f 1024 1524 9
f 395 1024 9
f 1024 1109 1524
f 1109 1045 1524
f 1386 380 1862
f 1246 1386 984
f 1246 380 1386
f 1246 1401 380
f 1524 1246 984
f 1132 380 1401
f 1045 1246 1524
f 1143 1401 1246
f 473 1132 1401
f 1045 694 1246
f 694 1143 1246
f 1143 473 1401
f 1908 1754 1748
f 1754 1875 1748
f 1748 1907 476
f 1748 1875 1907
f 1875 1047 1907
f 1754 689 1875
f 1875 996 1047
f 1875 1923 996
f 1875 689 1923
f 689 586 1923
f 996 1923 395
f 1923 1024 395
f 1923 1109 1024
f 1923 78 1109
f 189 78 1923
f 586 189 1923
f 1109 78 1045
f 78 694 1045
f 1743 1143 694
f 1743 473 1143
f 1754 1567 689
f 1754 1881 1567
f 689 1567 586
f 1567 189 586
f 596 1754 992
f 596 1761 1754
f 596 1839 1761
f 1761 1881 1754
f 1839 1794 1761
f 507 1839 596
f 1839 1687 1794
f 1839 1970 1687
f 1957 1839 507
f 1627 1633 1957
f 1633 1839 1957
f 1633 1507 1839
f 1633 1314 1507
f 1507 1970 1839
f 78 1743 694
f 189 1539 78
f 1539 1743 78
f 1881 189 1567
f 189 1426 1539
f 1881 1426 189
f 1539 1774 1743
f 1426 1774 1539
f 1426 550 1774
f 1426 1644 550
f 1761 1426 1881
f 1761 1999 1426
f 1794 1999 1761
f 1999 1644 1426
f 1999 1403 1644
f 1687 1999 1794
f 1970 1999 1687
f 1991 1403 1999
f 1970 1991 1999
f 1314 1510 1507
f 1507 1991 1970
f 1507 1636 1991
f 1510 1636 1507
f 1500 1568 56
f 1974 1500 56
f 719 1500 1974
f 1302 1568 1500
f 1097 1302 1500
f 1097 1500 719
f 1035 1097 719
f 1035 719 1174
f 1035 1833 1097
f 315 1501 1383
f 1501 1302 1097
f 1504 315 1383
f 1833 1501 1097
f 1383 1501 1833
f 901 1504 1383
f 1521 1504 901
f 61 1833 1035
f 61 1383 1833
f 1521 1383 61
f 1521 901 1383
f 1552 1504 1521
f 1552 1734 1504
f 1734 315 1504
f 1552 1987 1734
f 1318 1987 1552
f 1987 1886 1709
f 1485 1886 1987
f 1821 1485 1987
f 1821 1987 1318
f 1863 1485 1821
f 1309 1638 1768
f 1309 1768 1485
f 1309 1485 1863
f 1165 1638 1486
f 1486 1638 1309
f 875 56 787
f 787 56 1093
f 1820 1974 56
f 1266 1974 1820
f 1980 1820 56
f 1980 56 875
f 794 1266 1820
f 1174 719 1974
f 15 1035 1174
f 720 15 1174
f 1657 1974 1266
f 1657 1174 1974
f 1657 720 1174
f 1420 720 1657
f 1657 1266 794
f 727 1420 1657
f 61 1035 15
f 66 1521 61
f 116 1521 66
f 720 61 15
f 66 61 720
f 837 116 66
f 1225 720 1420
f 1225 66 720
f 837 66 1225
f 693 837 1225
f 727 1225 1420
f 1751 693 1225
f 116 1552 1521
f 837 1552 116
f 693 1552 837
f 1988 1552 693
f 1716 1988 693
f 1988 1318 1552
f 1261 1318 1988
f 1821 1318 1261
f 1533 1863 1821
f 723 1863 1533
f 1788 723 1990
f 723 1309 1863
f 1788 1309 723
f 1788 1486 1309
f 1673 1486 1788
f 1673 1976 1486
f 1608 787 1093
f 621 1980 875
f 948 794 1820
f 1708 1820 1980
f 948 1820 1708
f 1708 1980 621
f 1451 948 1708
f 1966 1657 794
f 1297 1966 794
f 1297 794 948
f 727 1657 1966
f 1488 727 1966
f 52 1488 1966
f 52 1966 1297
f 1430 1488 52
f 1271 1297 948
f 1271 52 1297
f 1430 52 1271
f 1271 1300 1430
f 1751 1225 727
f 1751 727 1488
f 899 1751 1488
f 1662 1751 899
f 1430 899 1488
f 1254 899 1430
f 1662 899 1254
f 1300 1254 1430
f 1716 693 1662
f 1261 1988 1716
f 1662 693 1751
f 1795 1261 1716
f 1535 1716 1662
f 1535 1662 1254
f 1795 1716 1535
f 1535 1254 1300
f 1533 1821 1261
f 1628 1261 1693
f 1628 1533 1261
f 1693 1261 1795
f 1103 1533 1628
f 1295 1533 1103
f 1990 723 1533
f 1295 1990 1533
f 1536 1990 1295
f 1170 1673 1788
f 1014 1990 1536
f 1014 1788 1990
f 1380 1788 1014
f 1380 1170 1788
f 1553 787 1608
f 1668 787 1553
f 1553 1608 1862
f 543 787 1668
f 543 875 787
f 1956 875 543
f 1956 621 875
f 1950 1708 621
f 1451 1708 1950
f 1950 621 716
f 716 621 1956
f 826 1451 1950
f 826 1950 716
f 972 826 716
f 1241 716 1956
f 972 716 1241
f 108 826 972
f 1150 1241 1956
f 98 108 972
f 1890 108 98
f 1271 948 1451
f 1358 1300 1271
f 705 1300 1358
f 1583 1451 826
f 1583 1271 1451
f 1358 1271 1583
f 734 1583 826
f 1776 1358 1583
f 1776 705 1358
f 1463 1776 1583
f 1463 1583 734
f 108 734 826
f 1463 734 108
f 1341 1535 705
f 1770 1535 1341
f 1341 705 1776
f 1341 1776 1463
f 1689 1770 1341
f 1890 1463 108
f 1890 1689 1463
f 1689 1341 1463
f 705 1535 1300
f 752 1770 1511
f 752 620 1770
f 1094 1770 1689
f 1511 1770 1094
f 1770 1795 1535
f 1770 1693 1795
f 620 1693 1770
f 620 1628 1693
f 1295 1103 620
f 594 1295 620
f 594 620 1604
f 1604 620 752
f 620 1103 1628
f 1994 1536 594
f 1536 1295 594
f 1460 1536 1994
f 1460 1014 1536
f 534 1014 1460
f 1448 1380 1014
f 1448 1014 534
f 857 1448 534
f 1925 1448 857
f 873 1553 1862
f 1031 543 1668
f 1725 1668 1553
f 1725 1031 1668
f 380 873 1862
f 1725 1553 873
f 1132 873 380
f 657 1725 873
f 657 1582 1725
f 657 873 1132
f 1892 657 1132
f 473 1892 1132
f 1582 657 555
f 1892 555 657
f 1235 543 1031
f 1235 1956 543
f 1150 1956 1235
f 761 1235 1031
f 1946 1150 1235
f 761 1946 1235
f 1582 1031 1725
f 1582 1181 1031
f 1181 761 1031
f 690 1946 761
f 690 489 1946
f 1181 1479 761
f 1479 690 761
f 1582 1479 1181
f 98 972 1241
f 1009 1241 1150
f 98 1241 1009
f 1009 353 98
f 353 1890 98
f 1946 1009 1150
f 489 1009 1946
f 489 353 1009
f 1743 1892 473
f 1743 1961 1892
f 1961 555 1892
f 1479 1927 690
f 1927 489 690
f 555 1479 1582
f 1961 1479 555
f 1961 1927 1479
f 1200 1927 1961
f 1573 1689 1890
f 1573 1890 353
f 1094 1689 1573
f 489 1573 353
f 1927 1573 489
f 1670 1511 1094
f 1670 752 1511
f 1670 1573 1927
f 1670 1094 1573
f 1200 1670 1927
f 1730 1670 1200
f 1866 1604 1670
f 1604 752 1670
f 1866 594 1604
f 1866 1670 1730
f 1917 1557 1065
f 1557 1460 1994
f 1557 1994 594
f 1065 594 1866
f 1557 594 1065
f 1814 1557 1917
f 1626 1814 1917
f 1557 534 1460
f 997 534 1557
f 997 857 534
f 1814 997 1557
f 1814 1896 997
f 997 1925 857
f 1774 1961 1743
f 1774 1200 1961
f 550 1200 1774
f 550 1730 1200
f 1644 1730 550
f 1644 1866 1730
f 1065 1866 1644
f 1403 1065 1644
f 1910 1917 1403
f 1991 1910 1403
f 1917 1065 1403
f 1636 1910 1991
f 1636 1737 1910
f 1737 1626 1910
f 1626 1917 1910
f 1481 1198 1681
f 1681 1198 1467
f 272 1951 1481
f 1481 1951 1198
f 1951 650 1198
f 1306 386 1202
f 386 1547 1202
f 1547 900 1202
f 272 869 1951
f 1202 869 272
f 1202 900 869
f 900 1218 869
f 1726 1218 900
f 1547 532 900
f 532 1726 900
f 733 386 1306
f 257 312 1605
f 733 943 386
f 1953 943 733
f 312 136 1605
f 943 1547 386
f 136 347 1605
f 943 532 1547
f 1953 1920 943
f 1605 1920 1953
f 1605 138 1920
f 347 138 1605
f 943 1920 532
f 1920 604 532
f 138 1720 1920
f 532 604 1726
f 1720 796 1920
f 347 445 138
f 138 1111 1720
f 445 1111 138
f 465 1720 1111
f 465 812 1720
f 812 796 1720
f 812 94 796
f 834 500 312
f 500 773 312
f 500 844 773
f 1285 844 500
f 1285 1879 844
f 1879 784 844
f 1879 663 784
f 834 312 257
f 312 773 136
f 773 347 136
f 773 445 347
f 773 364 445
f 364 773 844
f 364 1111 445
f 784 364 844
f 364 465 1111
f 364 784 465
f 784 812 465
f 784 94 812
f 784 238 94
f 784 663 238
f 482 1058 1772
f 482 1276 1058
f 1772 1058 1285
f 1276 31 1058
f 1285 1227 1879
f 1058 1227 1285
f 31 1112 1058
f 1058 1963 1227
f 1112 1963 1058
f 1963 33 1227
f 1963 998 33
f 1963 906 998
f 977 1276 482
f 977 686 1276
f 268 686 977
f 268 913 686
f 1630 913 268
f 686 31 1276
f 686 655 31
f 913 655 686
f 913 893 655
f 913 1480 893
f 655 1112 31
f 655 129 1112
f 893 129 655
f 893 1480 129
f 1112 447 1963
f 129 447 1112
f 1480 447 129
f 447 861 1963
f 1480 861 447
f 1480 1319 861
f 861 906 1963
f 1319 906 861
f 1630 1480 913
f 360 1480 1630
f 1480 1745 1319
f 1319 1745 1714
f 360 1745 1480
f 360 1858 1745
f 1745 1858 208
f 1198 1849 1467
f 1198 650 1849
f 1849 1384 1467
f 650 1616 1849
f 1849 927 1384
f 1616 927 1849
f 1616 771 927
f 1951 1413 650
f 1413 1616 650
f 1951 726 1413
f 1413 771 1616
f 1413 1718 771
f 726 1718 1413
f 1218 405 869
f 869 726 1951
f 869 1619 726
f 869 405 1619
f 405 1149 1619
f 405 1356 1149
f 1356 795 1149
f 1726 1179 1218
f 604 1179 1726
f 1920 1145 604
f 796 1145 1920
f 796 536 1145
f 1145 1179 604
f 536 149 1145
f 1179 405 1218
f 1179 975 405
f 1145 975 1179
f 149 1789 1145
f 975 1356 405
f 975 1471 1356
f 1145 1471 975
f 1145 1059 1471
f 1789 1059 1145
f 1471 795 1356
f 1471 582 795
f 1059 582 1471
f 94 536 796
f 94 168 536
f 168 149 536
f 168 523 149
f 523 1789 149
f 676 1789 523
f 676 235 1789
f 235 501 1789
f 235 1339 501
f 1789 501 1059
f 1339 1337 501
f 1064 1337 1339
f 1064 35 1337
f 501 1337 1059
f 35 1091 1337
f 35 845 1091
f 1337 1091 1059
f 1134 1091 845
f 1134 81 1091
f 1091 86 1059
f 1091 1632 86
f 81 1632 1091
f 81 1305 1632
f 94 238 168
f 238 523 168
f 238 676 523
f 238 1129 676
f 663 1129 238
f 663 1113 1129
f 1879 1113 663
f 676 201 235
f 1129 201 676
f 201 1339 235
f 201 1064 1339
f 464 1064 201
f 1129 464 201
f 1129 1113 464
f 464 35 1064
f 35 1134 845
f 464 781 35
f 781 1134 35
f 1113 781 464
f 1134 770 81
f 781 770 1134
f 1113 1203 781
f 1483 1203 1113
f 770 1305 81
f 781 250 770
f 250 1305 770
f 1203 250 781
f 1227 33 1879
f 1879 33 1113
f 998 1779 33
f 998 665 1779
f 33 1483 1113
f 33 1779 1483
f 1779 1766 1483
f 665 557 1779
f 557 1766 1779
f 557 505 1766
f 505 1078 1766
f 1319 85 906
f 1319 1714 85
f 906 85 998
f 85 665 998
f 813 665 85
f 1714 813 85
f 1714 721 813
f 1714 1745 721
f 813 721 665
f 1745 1598 721
f 1745 208 1598
f 665 63 557
f 721 63 665
f 1598 63 721
f 63 549 557
f 1598 549 63
f 1598 208 549
f 549 505 557
f 208 58 549
f 208 1599 58
f 505 677 1078
f 549 677 505
f 58 677 549
f 1858 1599 208
f 1858 624 1599
f 1556 1858 360
f 1556 829 1858
f 1556 1846 829
f 927 1462 1384
f 771 1462 927
f 771 89 1462
f 1462 1596 1188
f 89 118 1462
f 1462 1342 1596
f 118 1342 1462
f 118 1842 1342
f 1718 89 771
f 1718 1742 89
f 1453 1742 1718
f 1742 118 89
f 1742 1842 118
f 1453 1660 1742
f 795 1416 1149
f 1149 1416 1619
f 726 1453 1718
f 1619 1453 726
f 1416 1453 1619
f 1416 177 1453
f 851 598 1416
f 1416 598 177
f 598 1579 177
f 1579 755 177
f 755 113 177
f 1059 1409 582
f 582 1416 795
f 582 851 1416
f 1409 851 582
f 851 1016 598
f 1409 1016 851
f 598 1016 1579
f 1016 755 1579
f 1016 203 755
f 86 1409 1059
f 1305 1244 1632
f 1305 806 1244
f 1632 1244 86
f 806 520 1244
f 1244 1954 86
f 520 1954 1244
f 730 1954 520
f 730 488 1954
f 86 671 1409
f 1954 671 86
f 488 115 1954
f 828 115 488
f 828 491 115
f 1409 671 1016
f 1954 115 671
f 671 1558 1016
f 115 1735 671
f 115 703 1735
f 1016 1558 203
f 671 1698 1558
f 1735 1698 671
f 190 115 491
f 190 213 115
f 213 703 115
f 420 703 213
f 420 429 703
f 429 1735 703
f 768 325 429
f 1410 325 768
f 250 806 1305
f 806 72 520
f 72 730 520
f 250 72 806
f 250 568 72
f 1203 568 250
f 378 730 72
f 730 378 488
f 378 828 488
f 378 72 568
f 1203 1373 568
f 190 828 378
f 828 190 491
f 865 378 897
f 865 190 378
f 568 897 378
f 1373 897 568
f 897 1595 865
f 1373 1595 897
f 1595 1133 865
f 865 213 190
f 865 1133 213
f 1133 420 213
f 420 384 429
f 384 768 429
f 1133 384 420
f 1133 854 384
f 1595 854 1133
f 1373 854 1595
f 1373 25 854
f 1404 1410 768
f 1404 786 1410
f 1404 384 854
f 384 1404 768
f 854 1786 1404
f 25 1786 854
f 1766 1203 1483
f 1766 699 1203
f 1078 699 1766
f 699 1373 1203
f 1078 1029 699
f 1621 1029 1078
f 699 1912 1373
f 1029 1924 699
f 699 1924 1912
f 1924 1209 1912
f 1912 25 1373
f 1912 1152 25
f 1209 1152 1912
f 1209 1128 1152
f 58 1621 677
f 1599 1621 58
f 1599 624 1621
f 677 1621 1078
f 624 1029 1621
f 1858 327 624
f 327 1029 624
f 1858 1196 327
f 1029 1346 1924
f 327 1346 1029
f 327 1196 1346
f 1858 366 1196
f 1858 232 366
f 1858 829 232
f 1196 366 1346
f 1346 1209 1924
f 1346 697 1209
f 366 697 1346
f 366 232 697
f 829 1691 232
f 1209 697 1128
f 232 48 697
f 232 1691 48
f 829 980 1691
f 697 48 1128
f 1691 980 48
f 829 407 980
f 1846 735 829
f 829 254 407
f 735 254 829
f 1556 87 1846
f 87 1233 1846
f 1842 75 1342
f 1342 75 1596
f 1596 1627 1188
f 1596 75 1627
f 1470 775 75
f 75 775 1627
f 775 1446 1627
f 1470 1446 775
f 1742 1660 1842
f 1842 1470 75
f 1660 1470 1842
f 1660 1399 1439
f 1660 1439 1470
f 755 203 113
f 177 1660 1453
f 203 1537 113
f 177 1399 1660
f 113 1399 177
f 113 1838 1399
f 1537 1838 113
f 1537 747 1838
f 811 747 1537
f 1838 77 1399
f 747 77 1838
f 1399 1422 1439
f 77 1719 1399
f 117 1719 77
f 117 1757 1719
f 203 811 1537
f 1558 811 203
f 1558 1698 811
f 1735 1096 1698
f 811 1698 747
f 747 1096 117
f 1698 1096 747
f 747 117 77
f 1096 1757 117
f 429 325 1735
f 1410 163 325
f 786 163 1410
f 786 872 163
f 325 163 1735
f 183 485 872
f 163 779 1735
f 872 779 163
f 485 779 872
f 485 499 779
f 193 499 485
f 246 499 193
f 1735 779 1096
f 499 43 779
f 246 43 499
f 779 691 1096
f 779 43 1075
f 779 1551 691
f 1075 1551 779
f 1075 1900 1551
f 691 1757 1096
f 43 647 1075
f 647 43 246
f 647 255 1075
f 230 255 647
f 1301 255 230
f 1301 32 255
f 1301 487 32
f 32 529 255
f 487 529 32
f 301 529 487
f 301 593 529
f 593 84 894
f 84 593 301
f 1075 529 1900
f 255 529 1075
f 593 894 529
f 349 894 84
f 349 1888 894
f 220 1888 349
f 952 1888 220
f 952 1377 1888
f 1377 1436 554
f 952 1436 1377
f 1377 554 1888
f 1436 1711 554
f 443 1711 1436
f 454 1711 443
f 454 1749 1711
f 29 1749 454
f 29 147 1749
f 29 497 147
f 233 147 497
f 1518 147 233
f 1518 1183 147
f 400 786 1404
f 786 400 872
f 400 183 872
f 708 400 1404
f 1786 708 1404
f 597 183 400
f 183 597 485
f 597 193 485
f 597 7 193
f 7 246 193
f 597 400 708
f 708 530 597
f 1786 530 708
f 25 1979 1786
f 1979 530 1786
f 597 1046 7
f 1046 246 7
f 530 1046 597
f 1979 1046 530
f 246 1046 647
f 1979 1653 1046
f 1046 544 647
f 544 230 647
f 544 1301 230
f 544 1620 1301
f 1620 487 1301
f 544 1046 1653
f 1905 84 301
f 1905 349 84
f 1905 868 349
f 868 220 349
f 1620 301 487
f 1620 1905 301
f 1653 1620 544
f 1653 1973 1620
f 1973 490 1620
f 490 1905 1620
f 868 1905 490
f 868 93 220
f 490 93 868
f 1973 93 490
f 952 609 1436
f 609 443 1436
f 609 269 443
f 269 454 443
f 454 121 29
f 121 497 29
f 121 432 497
f 432 233 497
f 233 631 1518
f 93 952 220
f 93 609 952
f 121 454 269
f 269 160 121
f 160 432 121
f 160 233 432
f 160 970 233
f 970 631 233
f 93 1597 609
f 1597 269 609
f 1597 160 269
f 1973 1597 93
f 1973 763 1597
f 1973 1299 763
f 1152 556 25
f 1128 556 1152
f 556 1979 25
f 1400 556 1128
f 1400 881 556
f 556 1408 1979
f 881 1408 556
f 1408 1653 1979
f 881 55 1408
f 1408 1695 1653
f 55 1695 1408
f 55 295 1695
f 738 295 55
f 1695 1973 1653
f 649 850 295
f 1695 1750 1973
f 295 1750 1695
f 295 850 1750
f 850 418 588
f 1750 1299 1973
f 1750 588 1299
f 588 1570 1299
f 850 588 1750
f 588 685 1570
f 418 685 588
f 281 685 418
f 48 1400 1128
f 48 1048 1400
f 980 1048 48
f 980 890 1048
f 407 890 980
f 1400 1048 881
f 1048 408 881
f 890 408 1048
f 407 408 890
f 408 55 881
f 1846 62 735
f 254 408 407
f 254 1320 408
f 735 1320 254
f 735 1615 1320
f 62 1615 735
f 1846 661 62
f 1846 814 661
f 1320 55 408
f 1320 738 55
f 1320 1615 738
f 1615 1204 738
f 62 1204 1615
f 661 1204 62
f 738 1204 295
f 1204 434 649
f 661 434 1204
f 814 434 661
f 814 846 434
f 439 846 814
f 1204 649 295
f 649 846 850
f 846 649 434
f 846 1277 850
f 439 1277 846
f 1233 935 1846
f 1846 219 814
f 935 219 1846
f 814 219 439
f 87 337 1233
f 219 1277 439
f 219 583 1277
f 935 583 219
f 935 642 583
f 935 284 642
f 1233 284 935
f 1233 1023 284
f 337 1023 1233
f 87 639 337
f 583 850 1277
f 583 418 850
f 583 642 418
f 892 281 418
f 281 261 685
f 261 1563 685
f 1563 508 685
f 642 284 418
f 284 892 418
f 1023 892 284
f 1023 281 892
f 337 281 1023
f 337 261 281
f 337 1563 261
f 1563 639 508
f 639 1563 337
f 1446 1633 1627
f 1446 1353 1633
f 1353 1527 1633
f 1527 903 1633
f 1633 903 1314
f 1527 709 903
f 903 709 1314
f 709 1468 1314
f 1470 1353 1446
f 1439 1353 1470
f 1439 1422 1353
f 1422 1475 1353
f 1475 1527 1353
f 1475 709 1527
f 1475 1771 709
f 1475 1640 1771
f 1771 1468 709
f 1771 987 1468
f 1719 1422 1399
f 1719 1667 1422
f 1757 1667 1719
f 1757 1932 1667
f 1932 1701 1667
f 1667 1475 1422
f 1701 1475 1667
f 291 1185 1701
f 1701 1185 1475
f 1185 1804 1475
f 876 1640 1475
f 1804 876 1475
f 876 764 1640
f 1702 764 876
f 764 458 1640
f 764 954 458
f 691 1932 1757
f 691 1551 1932
f 1551 291 1932
f 1551 1432 291
f 1900 1432 1551
f 1932 291 1701
f 291 1432 1185
f 529 1629 1900
f 894 1629 529
f 1888 554 894
f 1629 554 1340
f 554 1629 894
f 1900 344 1432
f 1900 1629 344
f 344 1629 1934
f 1185 344 1804
f 344 1185 1432
f 344 1934 1804
f 1934 1340 1702
f 1340 1934 1629
f 1934 876 1804
f 1340 1585 1702
f 1702 876 1934
f 1702 1585 764
f 1749 554 1711
f 554 1108 1340
f 554 1749 1108
f 1749 1324 1108
f 147 1324 1749
f 1183 1324 147
f 1340 1108 1585
f 1108 1324 1079
f 1324 1115 1079
f 1108 954 1585
f 1108 326 954
f 1079 326 1108
f 954 764 1585
f 954 326 458
f 326 940 458
f 326 1079 940
f 1079 1115 940
f 1597 763 160
f 763 970 160
f 1299 1570 763
f 1314 1468 1510
f 1468 1081 1510
f 1468 987 1081
f 987 1578 626
f 1081 1636 1510
f 1081 626 1636
f 626 1081 987
f 987 1575 1578
f 1771 1575 987
f 1771 1502 1575
f 1640 1502 1771
f 1640 307 1502
f 458 307 1640
f 458 940 307
f 669 1739 1589
f 1589 1165 669
f 1982 1165 1486
f 241 1165 1982
f 241 669 1165
f 2000 1739 669
f 840 2000 669
f 840 1755 2000
f 840 669 241
f 179 1550 1492
f 179 1050 1550
f 564 749 1755
f 564 1755 1550
f 1492 1755 840
f 1492 1550 1755
f 1211 36 1223
f 1211 148 36
f 1211 1223 742
f 1223 769 742
f 132 769 1223
f 132 821 175
f 821 313 175
f 313 376 279
f 376 313 821
f 1071 749 564
f 1071 1001 1853
f 1223 1853 1001
f 1223 36 1853
f 1071 1282 1001
f 1282 1071 564
f 1282 564 1550
f 821 1223 1001
f 1223 821 132
f 1282 874 1001
f 1001 874 1819
f 821 1001 1819
f 1050 1282 1550
f 874 1282 1050
f 821 1819 376
f 461 148 1211
f 461 1211 742
f 1138 461 266
f 266 742 769
f 266 461 742
f 808 769 132
f 808 266 769
f 1138 266 377
f 137 132 175
f 137 808 132
f 377 808 137
f 377 266 808
f 137 175 313
f 279 137 313
f 12 377 137
f 12 279 640
f 12 137 279
f 1442 377 12
f 1442 1138 377
f 1661 1834 1138
f 714 1834 1661
f 1522 714 1661
f 1522 486 714
f 1206 1661 1138
f 1322 1661 1206
f 1522 1661 1322
f 1206 1138 1442
f 1323 1580 1556
f 1576 1591 1556
f 1591 1727 1556
f 1591 527 1727
f 1727 1323 1556
f 527 22 1727
f 388 816 714
f 1499 388 1591
f 388 1499 816
f 74 388 714
f 388 527 1591
f 388 74 527
f 74 1007 527
f 527 1007 22
f 486 74 714
f 74 486 1007
f 359 486 1522
f 486 22 1007
f 486 359 22
f 22 778 1727
f 359 778 22
f 778 359 1522
f 778 646 1727
f 778 185 646
f 185 778 1522
f 185 1522 1322
f 646 605 1727
f 1727 605 1323
f 42 241 1976
f 1976 589 42
f 1997 1976 1673
f 1976 1997 589
f 1624 589 1997
f 1976 241 1982
f 1976 1982 1486
f 840 241 42
f 1492 840 695
f 695 840 42
f 1642 42 589
f 1642 695 42
f 1960 695 1642
f 1642 589 1624
f 1960 1492 695
f 179 1492 1960
f 1899 179 1960
f 751 1899 1960
f 1675 1960 1642
f 751 1960 1675
f 1496 751 1675
f 618 751 1496
f 279 1155 640
f 279 20 1155
f 20 279 376
f 20 357 1155
f 20 253 357
f 357 253 343
f 253 653 343
f 253 1019 653
f 1019 122 653
f 1019 1347 122
f 122 263 1943
f 122 1166 263
f 1166 122 1347
f 1347 963 1166
f 1166 584 263
f 1166 963 584
f 1347 1650 963
f 584 1056 70
f 1056 584 963
f 1050 732 874
f 732 1050 179
f 1819 874 732
f 1819 20 376
f 1899 732 179
f 1434 1819 732
f 20 1434 253
f 1819 1434 20
f 1231 732 1899
f 732 1231 1434
f 1434 1019 253
f 1434 1347 1019
f 1231 1899 751
f 1231 1025 1434
f 1347 1434 1650
f 618 1231 751
f 1231 618 1025
f 1650 1434 1025
f 1366 640 1155
f 1366 12 640
f 343 1366 357
f 1366 1155 357
f 435 12 1366
f 1442 12 435
f 1798 1366 343
f 435 1366 1798
f 1505 343 653
f 1798 343 1505
f 1943 653 122
f 1943 1505 653
f 1943 807 1505
f 807 1798 1505
f 807 435 1798
f 1836 435 807
f 1836 1442 435
f 807 1943 263
f 70 1429 584
f 1429 263 584
f 1429 807 263
f 842 807 1429
f 842 1836 807
f 472 70 1056
f 472 1429 70
f 192 1206 1442
f 1206 192 1322
f 40 1322 673
f 673 1322 192
f 192 1442 1836
f 673 192 739
f 739 192 1836
f 673 739 835
f 1580 924 1556
f 924 1228 1556
f 1228 212 1556
f 1323 1922 1580
f 1580 880 924
f 1580 926 880
f 1580 453 926
f 847 185 1322
f 646 847 605
f 185 847 646
f 40 847 1322
f 847 202 605
f 847 40 202
f 1323 605 202
f 202 664 960
f 40 664 202
f 1323 960 1922
f 960 1323 202
f 143 40 673
f 664 143 960
f 664 40 143
f 960 902 1922
f 143 902 960
f 83 143 673
f 902 1279 1922
f 902 83 1279
f 83 902 143
f 1922 1279 1580
f 83 673 835
f 1279 1273 453
f 83 1273 1279
f 1580 1279 453
f 417 83 835
f 1273 83 417
f 1030 1997 1673
f 1997 1030 1624
f 1030 1673 1170
f 995 1624 1030
f 1030 1170 995
f 1939 995 1170
f 1906 1939 1170
f 1560 1624 995
f 1560 1642 1624
f 1675 1642 57
f 57 1642 1560
f 1560 995 1939
f 1560 1939 1906
f 392 1496 1675
f 1307 1675 57
f 392 1675 1307
f 839 392 1307
f 82 839 1307
f 1363 82 1307
f 214 1232 294
f 731 214 704
f 731 1232 214
f 214 309 41
f 214 294 309
f 294 320 309
f 610 64 433
f 610 320 64
f 309 320 610
f 963 1650 197
f 1056 197 578
f 197 1056 963
f 578 406 130
f 578 286 406
f 286 578 197
f 197 1650 372
f 406 123 553
f 406 1652 123
f 1652 406 286
f 1650 659 372
f 197 372 286
f 123 17 1664
f 1652 17 123
f 372 659 159
f 286 17 1652
f 286 372 17
f 731 17 1232
f 17 731 1664
f 159 941 372
f 17 372 1232
f 372 1678 1232
f 941 342 372
f 1232 1678 294
f 1469 618 1496
f 1469 1025 618
f 1469 659 1025
f 1650 1025 659
f 1469 1496 392
f 308 1469 392
f 659 1469 308
f 308 392 839
f 159 659 308
f 159 308 839
f 941 159 82
f 159 839 82
f 941 82 1406
f 711 731 704
f 711 105 731
f 105 1664 731
f 105 983 1664
f 41 579 214
f 579 704 214
f 579 711 704
f 105 711 579
f 610 484 309
f 484 41 309
f 579 41 484
f 1066 105 579
f 1154 1066 579
f 819 1066 1154
f 819 1602 1066
f 1312 1602 819
f 1312 877 1602
f 612 433 64
f 612 610 433
f 612 484 610
f 1154 484 612
f 1154 579 484
f 130 625 578
f 625 1056 578
f 625 472 1056
f 1125 472 625
f 1125 1429 472
f 228 1429 1125
f 228 842 1429
f 228 1836 842
f 1495 1836 228
f 553 668 406
f 668 130 406
f 668 625 130
f 1125 625 668
f 1664 576 123
f 576 553 123
f 576 668 553
f 1517 668 576
f 1517 1125 668
f 1517 228 1125
f 1495 1517 1602
f 1495 228 1517
f 983 576 1664
f 390 576 983
f 390 1517 576
f 1602 1517 390
f 962 983 105
f 390 983 962
f 1602 390 962
f 1066 962 105
f 1066 1602 962
f 877 1495 1602
f 338 1088 1275
f 1088 1215 1275
f 519 338 1275
f 877 1312 1275
f 1428 1312 819
f 1036 1275 1312
f 69 1275 1036
f 69 519 1275
f 519 69 4
f 1688 1836 1495
f 1688 739 1836
f 835 739 1688
f 1215 835 1688
f 835 1215 417
f 809 417 1215
f 877 1688 1495
f 1215 1688 877
f 1088 809 1215
f 1275 1215 877
f 1556 1777 87
f 1556 1061 1777
f 1556 176 1061
f 212 176 1556
f 1061 1106 1777
f 212 1107 176
f 212 494 548
f 1228 494 212
f 926 453 1044
f 880 1175 924
f 926 748 880
f 1044 748 926
f 748 1362 880
f 748 1088 1362
f 1088 748 809
f 880 1362 1175
f 1362 878 1175
f 1362 338 878
f 1088 338 1362
f 1175 1803 924
f 1175 403 1803
f 878 403 1175
f 878 68 403
f 338 68 878
f 68 338 519
f 924 1803 1228
f 1803 302 1176
f 403 302 1803
f 403 4 302
f 68 4 403
f 4 68 519
f 1803 1176 1228
f 4 69 302
f 1176 1164 494
f 1164 302 69
f 302 1164 1176
f 494 1228 1176
f 453 1666 1044
f 1273 1666 453
f 1666 1273 417
f 417 809 1666
f 1666 748 1044
f 1666 809 748
f 1775 1906 1835
f 1835 1380 1448
f 1925 1835 1448
f 1756 1775 1835
f 1756 1835 1925
f 1835 1170 1380
f 1906 1170 1835
f 1121 1906 1775
f 945 1744 1121
f 1121 1775 1756
f 1613 1121 1756
f 945 1121 1613
f 1613 1756 151
f 1549 945 1613
f 1121 1560 1906
f 1121 57 1560
f 1744 57 1121
f 109 1363 1744
f 109 1406 1363
f 783 1406 109
f 293 1744 945
f 293 109 1744
f 1648 293 945
f 1069 1648 945
f 1967 1069 1549
f 1069 945 1549
f 517 1069 1967
f 1744 1307 57
f 1363 1307 1744
f 1406 82 1363
f 402 780 1221
f 421 780 402
f 421 1562 780
f 107 1183 1518
f 107 804 1183
f 258 804 107
f 54 804 258
f 54 756 804
f 323 756 54
f 14 756 323
f 14 1913 756
f 1221 1913 14
f 1913 1221 780
f 111 162 1395
f 162 1478 1395
f 352 329 1187
f 352 1478 329
f 1395 1478 352
f 1478 146 329
f 496 133 516
f 1238 133 496
f 1238 146 133
f 329 146 1238
f 1478 1116 1796
f 684 1562 421
f 684 280 1562
f 516 280 684
f 280 516 133
f 146 1796 133
f 1478 1796 146
f 64 239 287
f 64 145 239
f 320 145 64
f 294 145 320
f 294 1678 1236
f 92 427 986
f 239 92 1144
f 239 427 92
f 145 427 239
f 294 1236 145
f 92 521 759
f 92 986 521
f 986 427 1210
f 427 1236 1210
f 145 1236 427
f 986 162 521
f 521 162 111
f 986 1210 1116
f 986 1116 162
f 1236 154 1210
f 162 1116 1478
f 1210 154 1157
f 342 941 1406
f 342 740 372
f 372 740 1678
f 783 342 1406
f 740 342 783
f 1678 740 920
f 740 783 1086
f 1678 920 1236
f 1086 109 293
f 1086 783 109
f 740 1086 920
f 662 293 1648
f 662 1086 293
f 1086 662 920
f 1236 920 662
f 1236 662 154
f 154 662 1069
f 662 1648 1069
f 154 1069 517
f 631 107 1518
f 14 296 1221
f 296 402 1221
f 296 421 402
f 296 831 421
f 970 107 631
f 970 53 107
f 53 258 107
f 53 54 258
f 53 1033 54
f 1033 323 54
f 1033 14 323
f 1033 296 14
f 1033 805 296
f 805 831 296
f 53 1880 1033
f 1880 805 1033
f 1880 682 805
f 352 157 1395
f 157 111 1395
f 157 198 111
f 1238 1187 329
f 157 352 1187
f 985 157 1187
f 985 1437 157
f 1010 1437 985
f 684 80 516
f 80 496 516
f 80 379 496
f 379 1238 496
f 379 1187 1238
f 379 985 1187
f 942 985 379
f 942 1010 985
f 1631 1010 942
f 728 1010 1631
f 80 684 421
f 831 80 421
f 1816 80 831
f 1816 379 80
f 1816 942 379
f 1631 942 1816
f 805 1816 831
f 682 1816 805
f 682 1631 1816
f 1144 1142 239
f 1142 287 239
f 1142 64 287
f 1142 612 64
f 864 612 1142
f 864 1154 612
f 819 1154 864
f 1528 92 759
f 1528 440 92
f 440 1144 92
f 440 1142 1144
f 988 1142 440
f 988 864 1142
f 413 988 440
f 819 864 988
f 819 988 413
f 111 198 521
f 198 759 521
f 198 1528 759
f 198 440 1528
f 413 440 198
f 1010 819 413
f 1437 198 157
f 1437 413 198
f 1010 413 1437
f 681 931 1343
f 681 613 931
f 1365 1180 682
f 685 1343 1570
f 1343 1365 1570
f 1343 931 1365
f 931 1180 1365
f 508 1343 685
f 141 1473 1105
f 1473 1349 1105
f 1105 1736 728
f 1249 728 1631
f 1249 1105 728
f 204 1190 1249
f 1190 1105 1249
f 1190 141 1105
f 1180 1249 1631
f 931 204 1180
f 204 1249 1180
f 397 204 931
f 1180 1631 682
f 1036 1312 1428
f 1349 69 1036
f 1036 1428 1736
f 1736 819 1010
f 1736 1428 819
f 1036 1736 1349
f 1349 1473 460
f 728 1736 1010
f 1349 1736 1105
f 1061 799 1106
f 1061 247 799
f 1777 639 87
f 1777 361 639
f 1777 1095 361
f 1106 1095 1777
f 1106 613 1095
f 799 613 1106
f 799 297 613
f 297 247 397
f 247 297 799
f 508 361 1343
f 361 681 1343
f 613 297 931
f 297 397 931
f 639 361 508
f 361 1095 681
f 1095 613 681
f 1107 212 158
f 212 548 158
f 548 216 158
f 548 460 216
f 1107 1049 176
f 1107 678 1049
f 158 678 1107
f 158 423 678
f 423 216 1473
f 216 423 158
f 216 460 1473
f 176 1049 762
f 423 1473 141
f 1049 923 762
f 923 678 141
f 678 923 1049
f 678 423 141
f 176 762 1061
f 141 1190 923
f 762 247 1061
f 762 248 247
f 248 923 1190
f 923 248 762
f 397 248 204
f 248 1190 204
f 247 248 397
f 1164 69 1349
f 494 120 548
f 1164 120 494
f 460 120 1349
f 120 1164 1349
f 120 460 548
f 1623 1571 1814
f 1717 1623 1626
f 1623 1814 1626
f 299 151 1896
f 1571 299 1896
f 1571 1896 1814
f 1896 1925 997
f 151 1925 1896
f 151 1756 1925
f 1575 1848 1717
f 1942 1571 1623
f 1942 1262 1571
f 1959 1262 1942
f 1848 1959 1942
f 1942 1623 1717
f 1848 1942 1717
f 1613 151 299
f 1262 299 1571
f 1262 1613 299
f 1262 1549 1613
f 481 1848 1502
f 481 590 1848
f 481 1692 590
f 946 1417 481
f 1417 849 481
f 849 1692 481
f 260 825 430
f 825 60 430
f 590 430 1959
f 260 430 590
f 1043 260 590
f 590 1959 1848
f 1692 1043 590
f 1038 517 1967
f 517 1038 1157
f 1747 1038 1967
f 1823 1967 1262
f 1967 1549 1262
f 1747 1967 1823
f 430 1262 1959
f 430 1823 1262
f 60 1823 430
f 780 1493 1913
f 1562 1493 780
f 804 1324 1183
f 756 1324 804
f 756 1936 1324
f 1913 1936 756
f 1913 1493 1936
f 1493 1654 1936
f 1324 1936 1115
f 495 1654 1417
f 1936 495 1115
f 1654 495 1936
f 1115 946 940
f 1115 495 946
f 495 1417 946
f 849 1417 1654
f 280 1796 1493
f 133 1796 280
f 280 1493 1562
f 1474 242 1796
f 1796 645 1493
f 1796 242 645
f 242 1474 825
f 1474 60 825
f 242 825 260
f 1654 645 849
f 645 1654 1493
f 849 1043 1692
f 849 645 1043
f 242 1043 645
f 1043 242 260
f 154 517 1157
f 1210 1157 1116
f 1157 1747 1116
f 1747 1157 1038
f 1116 1747 358
f 1796 1116 358
f 358 1474 1796
f 358 1823 60
f 358 1747 1823
f 1474 358 60
f 763 53 970
f 763 1880 53
f 763 1365 1880
f 1570 1365 763
f 1365 682 1880
f 468 1717 1737
f 626 1737 1636
f 626 468 1737
f 468 626 1578
f 1717 1626 1737
f 1575 468 1578
f 1575 1717 468
f 1502 1848 1575
f 307 946 1502
f 946 481 1502
f 940 946 307

