# https://github.com/mikedh/trimesh
v 0.35066113 -0.11377300 0.57783073
v 0.36172801 0.06217378 0.06118093
v 0.16270350 0.36203709 -0.55588007
v 0.36176240 -0.32107696 0.10290638
v 0.10729855 0.36199546 -0.35570315
v -0.36172801 -0.07292286 0.26005331
v 0.36121565 -0.33787286 -0.70242029
v 0.05115698 0.13132699 0.79605138
v 0.22057381 -0.36196622 -0.00857292
v 0.36177289 0.14008309 -0.84619689
v 0.33373749 0.36181748 -0.36428252
v 0.11044600 -0.33360845 0.74718046
v -0.33389482 0.36174661 -0.20020902
v 0.09922720 0.36201507 -0.61090881
v 0.34330326 -0.13127963 -0.87863165
v 0.36172801 -0.05656202 0.13698253
v -0.07446481 0.25388026 0.77269840
v 0.36172801 0.18509857 -0.59018785
v 0.36172801 -0.07000500 -0.66514766
v -0.21007866 0.36205187 -0.84667760
v 0.35090137 0.35674253 -0.46607500
v -0.36172801 0.19190685 0.23754412
v -0.36172801 -0.18195815 -0.31956804
v -0.05990918 -0.36196694 0.08196411
v 0.36172801 0.18620478 -0.33443484
v -0.35939199 0.34141201 0.13792050
v -0.36172801 0.20204167 -0.03594926
v 0.21883516 -0.34295458 -0.87872046
v 0.14319603 0.36200622 -0.18244933
v -0.13164468 -0.36153060 0.43353975
v -0.33443889 -0.36117250 -0.25896350
v -0.09374999 -0.24830063 0.66281146
v 0.36176112 0.31895670 -0.68491328
v 0.05726157 -0.21537320 0.73120624
v 0.31963024 0.36206377 -0.62530172
v 0.36172801 -0.19443034 -0.70335877
v 0.18453152 0.34196177 -0.87873846
v -0.00000121 -0.36164600 -0.84660625
v -0.13829572 0.15362108 -0.87882340
v 0.36172691 -0.17153324 0.54060572
v 0.35089675 0.35674474 0.49681601
v 0.34322557 -0.21881481 -0.87892318
v -0.25319400 -0.35166499 0.63637501
v 0.17397891 -0.33462423 0.62397069
v -0.36172801 -0.19213772 -0.00727748
v 0.36109081 0.33601746 -0.02602960
v -0.00923487 -0.35276499 0.84726697
v 0.31960025 -0.36161098 0.15737720
v -0.01426663 0.36201912 0.54135215
v 0.07073630 0.19260123 0.77544606
v 0.09614845 0.36202133 0.10290620
v -0.19300304 0.33893710 0.62595099
v 0.13844602 0.36199579 -0.44662020
v -0.31952327 -0.36148927 0.36356074
v 0.36172801 0.18788813 -0.71218449
v 0.07593936 0.27490786 0.64028031
v 0.12748641 -0.32747722 0.59857029
v -0.36172801 0.17509449 -0.41456360
v -0.08737986 -0.36184081 0.31910297
v 0.35938701 0.34141201 0.23420900
v 0.02626061 -0.36135843 0.54327178
v 0.36094892 0.33824626 -0.15958002
v -0.16088137 0.10503981 0.71161884
v 0.11660932 -0.36176175 -0.60084450
v -0.36175299 -0.31899741 0.13791999
v -0.36141846 -0.33547297 -0.53352422
v -0.36172801 -0.08173147 -0.51364130
v 0.14710744 0.36201632 0.05038485
v -0.36171719 -0.09956555 0.54114312
v 0.31954613 0.36208415 0.49515888
v 0.12265476 0.21761727 -0.87880135
v 0.36172801 0.04156312 -0.56697953
v -0.10984445 0.29995495 0.70947707
v -0.08029091 -0.36193284 0.20016077
v 0.35059866 -0.35659027 0.26922408
v 0.04376776 -0.34278202 -0.87870425
v -0.11085892 -0.33547369 0.74661863
v 0.36166471 -0.07000498 0.54263544
v 0.36168066 0.07005195 0.54262704
v 0.34310469 0.21886246 -0.87892443
v 0.33473399 -0.07000774 -0.87914073
v -0.20133200 0.35557801 -0.86750102
v 0.08033491 0.22825223 0.67963833
v -0.13932744 0.36199400 0.11165974
v 0.36172801 -0.19717006 -0.08410168
v -0.02035603 0.32286286 0.84949690
v 0.34320927 -0.23632185 -0.87898654
v -0.00641927 0.08269601 -0.87882310
v -0.15529409 -0.36161816 -0.24754281
v -0.19257435 0.32205239 0.68921709
v 0.35392398 -0.00873006 0.57263881
v 0.35929799 -0.34136501 0.09415260
v 0.18286735 0.32121757 0.69606936
v -0.36176026 -0.32092553 -0.37870479
v 0.36177287 -0.31996673 -0.42053598
v -0.03445611 0.24619927 0.66569376
v 0.01246850 0.07880550 0.86236596
v 0.00876685 0.17658080 0.74137551
v 0.36175847 -0.32092285 -0.46624070
v -0.35716027 -0.34953931 0.46180201
v -0.34000716 0.12257354 0.58492202
v -0.36172801 -0.20226303 0.25617293
v 0.32160044 -0.16631061 -0.87920237
v 0.36167786 0.11381973 0.54262859
v -0.13932750 0.36199400 0.35675919
v -0.14329408 -0.36155286 -0.32658163
v -0.36130425 0.33776793 -0.34352499
v -0.00000000 0.13132700 0.87409401
v -0.36176071 0.31974250 -0.21059151
v -0.35090718 0.35674754 -0.18596099
v 0.12069944 -0.36183846 0.21589266
v 0.36036044 -0.33875477 -0.62363899
v 0.16157815 0.00002350 0.71112388
v 0.35710761 0.34997454 -0.22097500
v -0.36172801 0.05638414 -0.46976063
v 0.36172801 -0.09381469 -0.33722252
v -0.36172801 -0.03968013 0.40146488
v -0.10442353 0.34148139 0.74987715
v 0.35090137 0.35674253 0.19919500
v 0.06530366 -0.08751289 0.77970880
v 0.14665256 -0.10676371 -0.87885112
v 0.22802551 -0.32194874 0.66415387
v -0.12799424 -0.36161974 0.00718729
v 0.13129887 0.34267193 -0.87846506
v 0.11987740 -0.36176425 -0.37854347
v -0.06970733 0.26977453 0.73142266
v 0.36112663 -0.03627506 0.54681158
v 0.15745494 0.36204320 -0.82953918
v 0.12950069 -0.36177811 0.12893777
v -0.32064816 0.36206573 -0.60613203
v -0.15239151 -0.36177003 0.08467854
v -0.33438393 -0.36127916 -0.44558737
v 0.22757788 0.36204928 -0.84668416
v 0.09801409 0.36201707 0.21730548
v -0.35393608 0.03503774 0.57270849
v -0.32058972 0.36209354 -0.79914504
v -0.36172801 -0.05464497 0.01850867
v -0.36172801 0.01155596 -0.60112983
v 0.36145937 -0.33533609 -0.37591481
v 0.02626070 0.34261712 -0.87856591
v -0.36172801 0.07315811 -0.02980904
v -0.19273394 -0.32034054 0.68909538
v 0.26259249 0.36205736 -0.84667861
v -0.36044264 0.33870524 0.11166000
v 0.35058489 -0.35662100 -0.62363893
v 0.07000782 0.36205548 -0.84674048
v -0.14910911 -0.18976338 -0.87884802
v -0.36137211 -0.33547968 -0.56850177
v -0.16101775 -0.08750334 0.71152294
v -0.36172801 -0.19086529 -0.45225355
v 0.05088669 0.10495783 0.79632729
v 0.33517712 -0.36117405 -0.65605462
v -0.36175802 0.31896162 -0.52734953
v 0.36176470 -0.31899670 -0.21222146
v -0.16092227 0.00878760 0.71159011
v -0.05027213 -0.36189118 -0.17470145
v -0.35092020 0.35675564 0.53185177
v -0.13932747 0.36199400 -0.08967213
v 0.11449961 -0.36179358 -0.16139925
v 0.34002531 0.10500663 0.58488369
v 0.36112663 0.00130781 0.54681158
v 0.36176878 0.10506819 -0.84619355
v 0.36172801 -0.02829683 -0.22612442
v 0.36176082 0.31973746 -0.05628940
v 0.36172801 -0.18638404 -0.23991744
v -0.36172801 0.17523344 -0.54805261
v 0.02554979 -0.34189203 -0.87881881
v 0.10358123 -0.35405940 0.57188642
v 0.22290470 -0.36191997 0.22878133
v -0.36172801 0.07724243 0.37270316
v 0.36172801 0.09809913 -0.21097121
v 0.36172354 0.21358088 0.54069310
v 0.07002082 0.36194181 0.54326940
v 0.35545301 0.10506795 -0.86750102
v -0.31941184 -0.36146089 -0.00387611
v 0.09629961 -0.35085905 -0.87463170
v -0.23634332 -0.35096219 -0.87467831
v -0.13945842 0.36199290 -0.29979786
v 0.01217714 -0.28884402 0.86249429
v -0.36172801 0.04379129 -0.71273756
v 0.16131045 -0.20991448 0.71131408
v 0.36172801 0.10468567 -0.46112731
v 0.36172801 0.05779701 -0.33091995
v -0.32064727 0.36206105 0.39177310
v -0.33837485 -0.36015323 0.23420900
v -0.33782694 -0.36063942 0.20809336
v 0.21822453 -0.35166410 0.65373540
v 0.36174798 -0.01748304 0.52486247
v 0.01246850 -0.06125140 0.86236596
v -0.36178502 0.08756074 -0.84599954
v 0.19268975 0.36203837 -0.84718597
v -0.36192295 0.31434372 0.53996456
v 0.11276925 0.36199859 -0.74340045
v -0.00000005 0.36204469 -0.84673256
v 0.36172801 0.18934047 -0.09705258
v 0.14176174 0.36200458 -0.67113763
v -0.33964971 -0.35984665 -0.82385492
v 0.04592856 -0.36187729 -0.49647754
v 0.35710761 0.34997454 -0.04590430
v -0.34602007 0.07005218 0.58074749
v 0.36176324 -0.31996781 0.20617819
v -0.20970137 -0.36024967 0.55997181
v 0.36172801 0.18444149 0.15498237
v 0.35059777 -0.35658267 0.40928113
v 0.14205049 -0.36175954 -0.49238235
v 0.11011513 0.36200655 0.34673372
v 0.35576078 0.35424829 -0.29100400
v 0.36177287 -0.31996745 -0.10540823
v -0.36172801 -0.04681573 -0.37946069
v 0.35090131 0.35674253 0.40928099
v -0.16041254 -0.20083998 0.71195149
v -0.36172801 0.19185972 0.39236692
v -0.13132489 -0.35066050 -0.87446171
v -0.36167458 -0.04374429 0.54256403
v 0.35715717 -0.34956086 -0.50108898
v 0.01205751 0.22972965 0.75776792
v -0.10506353 -0.36134413 0.54329473
v -0.13932748 0.36199400 -0.59737802
v 0.36168066 -0.21006149 0.54262704
v 0.36172801 0.18352975 0.28927737
v 0.06751750 -0.36199576 0.13527535
v -0.05989461 0.32073933 0.78597111
v -0.31795707 -0.36149767 0.52184302
v 0.36172801 -0.18011531 0.05299558
v -0.36172801 0.05747870 0.24153058
v -0.31917039 0.36205888 -0.23154451
v 0.15753324 0.36153233 -0.85123503
v 0.00875355 0.34260520 -0.87859726
v 0.36173344 -0.14003164 -0.82936573
v 0.03178031 -0.32239556 0.76902825
v 0.20992097 -0.36094525 0.55506349
v -0.33243123 0.36179596 -0.04543191
v 0.36172801 -0.05838663 -0.00293229
v -0.36172801 0.16579388 0.09798235
v 0.14988574 0.36201838 0.27491575
v 0.22170530 -0.36194366 -0.13833873
v 0.07073996 -0.05250075 0.77542931
v 0.10425054 0.36200249 -0.51942092
v 0.03391371 0.32519287 0.76859695
v -0.04974575 0.18053113 0.79795629
v 0.20997015 0.34679219 0.59655344
v 0.36177191 0.32106516 -0.41355345
v -0.35711315 0.34997961 -0.67615998
v 0.32060996 -0.36174929 -0.39604521
v 0.34316564 0.06129883 -0.87891603
v 0.34417278 -0.16629389 -0.87741953
v -0.02462735 -0.12167425 -0.87886977
v -0.35060209 -0.35655156 -0.67615998
v -0.31960195 -0.36145869 0.25852948
v 0.36175901 0.27172157 0.52691323
v -0.36175945 0.31896189 -0.42230746
v -0.31950948 -0.36147746 -0.65187955
v -0.34600839 -0.21006174 0.58073968
v -0.36095059 0.33824852 -0.49221522
v 0.21609443 -0.36197877 0.11138381
v -0.21285196 0.32159206 0.67487818
v 0.09454369 0.36202288 -0.12029438
v -0.18375435 -0.36142394 -0.84202015
v 0.34312117 0.18384847 -0.87893164
v 0.26558980 0.36176264 0.55201882
v -0.31834170 0.36205915 -0.08967239
v -0.13972116 0.36199045 -0.39604649
v 0.33434057 -0.36129999 -0.35802403
v -0.09669510 0.23519599 0.69101202
v 0.05063579 0.15758842 0.79660410
v 0.36177629 0.31993917 -0.45913410
v 0.17517339 0.36204165 -0.36133823
v 0.06415197 0.36203885 -0.43402892
v 0.16161957 0.10504554 0.71109438
v 0.35090137 0.35674253 0.09415260
v -0.14127715 -0.36153841 -0.41360253
v 0.11332171 0.24759965 0.69195408
v -0.23374097 0.34176713 0.65913749
v -0.33531004 -0.36092305 -0.04333748
v 0.11333800 0.28930801 0.63716102
v 0.27192500 0.35164899 0.61987501
v -0.16475421 -0.36165181 0.34343204
v -0.36172801 -0.12290687 -0.71015954
v -0.36172801 -0.18198992 -0.60190600
v 0.07074113 0.01753062 0.77544314
v -0.15547431 -0.36180913 0.16164264
v 0.36172801 0.18384805 0.41119048
v 0.10505456 0.36198583 -0.84670281
v -0.11451805 -0.34186861 -0.87876076
v -0.31839004 -0.36151505 -0.50984114
v -0.16113570 -0.36175969 0.25068006
v -0.36175773 -0.31899852 -0.68491364
v 0.35929799 -0.34136501 -0.29100400
v 0.15589750 0.35491556 0.57429808
v -0.36176243 -0.32107812 -0.32601801
v 0.10477702 -0.36128175 0.54322463
v 0.35710546 0.34997907 -0.79870999
v -0.36077043 0.33831608 0.38291052
v -0.31947392 -0.36150050 -0.57788938
v 0.36175701 -0.31996700 0.24473393
v -0.19295733 -0.36182308 -0.00506526
v 0.11741862 0.32093236 0.74236113
v 0.07217219 -0.13526987 0.77436960
v 0.36176333 0.32091552 0.19903295
v -0.36172801 0.17159310 -0.16641149
v 0.36172801 0.05008292 0.37536049
v 0.06127493 0.34263185 -0.87852013
v 0.01977182 -0.32286644 0.85048217
v 0.34610024 0.23636900 0.58065510
v -0.28313559 -0.32160631 0.62517542
v -0.13932745 0.36199400 0.01537060
v -0.02695496 0.34176522 -0.87868017
v 0.35819066 -0.30635139 -0.86419976
v -0.23456290 0.32185012 0.65952271
v 0.13987781 0.36186942 0.54344857
v -0.35060638 -0.35654923 -0.01089010
v 0.35090137 0.35674253 0.35675901
v -0.06911048 -0.01203628 0.77661455
v -0.36173406 0.14008144 -0.82935488
v -0.13952394 0.36199230 -0.19466905
v 0.11446054 -0.36182347 0.04169515
v 0.07878200 0.35558000 -0.86745602
v 0.36172801 0.18209730 0.02202331
v -0.05810581 -0.36192527 -0.04706183
v 0.33684152 0.36157155 0.17295131
v 0.21270470 -0.36190447 -0.28644603
v 0.34138900 0.35955501 -0.19471450
v 0.36172801 0.20990507 -0.46159640
v -0.00000000 0.16634101 0.87409401
v 0.36175901 0.31973717 0.11878148
v -0.35217243 -0.08573744 0.57618052
v 0.31944999 -0.36170006 -0.30176738
v -0.36172801 -0.19299965 -0.16904743
v -0.36172801 -0.14215544 0.12890162
v -0.34004563 -0.00002858 0.58489472
v 0.25385126 0.35120779 -0.87457329
v 0.03501412 0.36204913 -0.84673709
v 0.36176342 0.31993791 0.24477583
v 0.35066232 -0.27133700 0.57782924
v 0.36172801 0.05535852 -0.08748374
v -0.36070719 -0.33679047 -0.78353655
v 0.25236398 -0.36123750 0.55078477
v -0.33473197 -0.08751518 -0.87915635
v 0.28813168 -0.34208474 -0.87894303
v 0.09139296 -0.28828558 0.62845391
v 0.36172801 -0.09251416 -0.51046789
v 0.17477036 -0.36138606 0.54223275
v -0.07167125 0.35759526 0.56367874
v 0.10867087 -0.36160797 0.42462677
v 0.34006351 0.21010832 0.58486378
v -0.05726831 0.28221077 0.78785479
v -0.35715994 -0.34954005 -0.72868198
v -0.35060176 -0.35655248 -0.71117401
v -0.35692272 -0.35005677 0.53187543
v 0.31927508 -0.36167240 -0.17546648
v -0.28062004 0.32148519 0.62695682
v -0.36175853 -0.32077438 -0.48358214
v -0.36109221 0.33602074 -0.24084857
v -0.36176744 -0.21005987 -0.84598112
v -0.35090718 0.35674754 0.28673100
v 0.14517727 0.36201087 -0.06334506
v -0.36173522 -0.12252535 -0.82934040
v 0.33465371 -0.36113462 -0.20643499
v 0.36175883 -0.31996658 0.06612094
v 0.36177364 0.27999717 -0.84669948
v -0.25323999 0.35179499 0.63641500
v -0.34286246 -0.16622482 -0.87909120
v 0.06743360 0.08579936 0.77791637
v 0.01246850 -0.09626560 0.86236596
v -0.14052056 0.36198711 0.44375575
v -0.34007746 -0.14003903 0.58487433
v -0.36118987 0.33778164 -0.62363899
v 0.36140937 0.33527437 -0.55632603
v 0.14495125 -0.22150184 -0.87885976
v -0.13932750 0.36199400 0.19919518
v 0.15240487 -0.00067050 -0.87885320
v -0.21883886 -0.35789818 -0.86442071
v -0.33876386 -0.31588417 0.58590502
v -0.36176321 0.32091945 0.33941364
v -0.36176243 -0.32107815 0.21670191
v -0.36176026 -0.32092553 -0.22080956
v 0.36176267 -0.31899557 -0.64989954
v -0.35060638 -0.35654923 -0.32601801
v -0.13932741 0.36199400 0.27797732
v 0.31835118 -0.36163664 0.31795231
v 0.35710761 0.34997454 -0.43106100
v -0.00000009 0.28889099 0.87409401
v -0.36172917 0.08401380 0.54052794
v 0.36179921 0.06130010 -0.84116960
v -0.36172801 0.02450378 0.12085842
v -0.00000000 -0.00873006 0.87409401
v 0.16631278 -0.35087186 -0.87465841
v 0.36172801 -0.18041255 0.19919519
v 0.35929799 -0.34136501 0.11166000
v 0.31833681 0.36206132 -0.29975715
v 0.36176288 0.31973770 -0.52571815
v 0.36043975 0.33870381 -0.48358199
v 0.07074023 0.12257350 0.77544367
v 0.07949303 -0.34193024 -0.87874788
v -0.36179292 -0.02623555 -0.84090233
v -0.01255239 0.03503774 0.86223447
v 0.11427955 -0.36175483 -0.71017140
v -0.13828538 -0.36149865 -0.50100797
v -0.35060599 -0.35654938 0.37426600
v 0.36176696 0.31895745 -0.35227862
v -0.36095059 0.33824852 -0.56248426
v 0.18812743 -0.36171070 0.39941946
v -0.31963488 0.36206251 -0.45022923
v 0.25439230 -0.32211226 0.64549530
v -0.15230234 -0.02097675 -0.87884611
v 0.01222956 0.09631260 0.86241543
v 0.06997001 -0.36195430 -0.05421123
v -0.36172801 0.07326164 -0.30705202
v -0.13165507 -0.36156768 -0.16874366
v 0.36043975 0.33870381 0.35675901
v 0.14707722 0.36201409 0.15553674
v 0.36167109 0.03503782 0.54263216
v -0.06120517 -0.13481212 0.78238815
v -0.35090718 0.35674754 -0.27349699
v 0.33964226 -0.29718369 0.58509493
v 0.13112165 -0.36175972 -0.05592845
v 0.28886735 -0.35789761 -0.86438441
v 0.10118367 0.27140889 0.64292789
v 0.04984196 0.26828650 0.79784960
v 0.07074113 0.05254485 0.77544314
v 0.36176088 -0.31996703 0.13969119
v 0.17583065 0.33982152 0.59778404
v 0.33527169 -0.36105740 0.07922484
v 0.02409976 0.29720503 0.76696301
v -0.36172801 -0.07594492 -0.10561609
v -0.21087624 -0.34826431 0.59338325
v -0.34314343 -0.06125106 -0.87863648
v 0.35090137 0.35674253 0.12916701
v 0.36172801 -0.19919519 -0.39876306
v -0.36172801 -0.06969237 -0.24692337
v -0.13127023 0.36196062 -0.84175622
v -0.36172801 0.04124479 -0.16877228
v -0.34284684 -0.00879658 -0.87904632
v -0.35060626 -0.35654929 0.35675901
v 0.34007025 0.14008504 0.58485883
v -0.34000733 0.19260128 0.58492130
v -0.18382013 -0.35088927 -0.87463349
v -0.36126831 -0.33789355 0.40052700
v -0.26715890 -0.35264111 0.59904671
v -0.36095059 0.33824852 0.26035011
v 0.36172801 -0.20048746 0.36058888
v -0.13167697 0.32114735 0.73228794
v 0.13822168 0.36199331 -0.27552706
v -0.13775285 -0.36140648 -0.71111673
v 0.36172801 -0.06273509 0.27901584
v -0.08228016 0.33460954 0.76644969
v 0.36176112 0.31895667 0.01537096
v 0.33677164 -0.36110380 -0.03759577
v 0.12922908 0.33023953 0.59598511
v -0.31858128 -0.36146662 -0.08967524
v 0.25323999 0.35180199 0.63641798
v 0.36176741 -0.32090774 -0.78103369
v -0.13803652 -0.36146259 -0.59739453
v 0.32064438 0.36206585 0.07664555
v 0.35929799 -0.34136501 -0.64114600
v 0.15951507 0.32201165 0.71265650
v -0.34844539 -0.17653501 0.57928360
v 0.20098899 0.35163400 0.67160797
v 0.09614840 0.36202133 -0.00213651
v -0.07365864 0.21506573 0.71947467
v -0.13964567 0.36199230 -0.49238116
v 0.21212262 0.36200115 0.54164952
v -0.07257425 0.30234054 0.77411455
v -0.05576249 -0.36140892 0.54134053
v -0.15244780 0.32123756 0.71763319
v 0.36182326 -0.27144533 -0.84105831
v 0.05063664 -0.01748363 0.79660630
v -0.36178553 0.24208561 -0.84429234
v 0.33739981 0.36126930 -0.26457241
v 0.03727665 0.34617782 0.81155771
v 0.36172801 -0.08919550 0.40961727
v 0.16130798 0.20998150 0.71131682
v 0.12671191 0.26194087 0.68150288
v -0.32058990 0.36207759 0.48808029
v 0.11291798 -0.36178419 -0.26343390
v -0.36130425 0.33776793 0.20794851
v 0.31993461 -0.36165255 -0.11414496
v -0.35090718 0.35674754 -0.62363899
v 0.36172801 -0.01215536 -0.42763543
v 0.34609506 0.26262960 0.58065337
v -0.10145259 0.36202651 0.54123026
v 0.35230255 -0.24678856 0.57589173
v 0.36173296 -0.03498998 -0.82937098
v -0.36130425 0.33776793 -0.06341140
v 0.06134422 -0.33742741 0.75246227
v -0.28274116 0.35442820 0.59430283
v -0.09628926 0.35103312 -0.87444985
v -0.31940645 0.36206603 -0.28428417
v 0.09085221 0.30429980 0.61586702
v 0.19908583 -0.32206315 0.68460608
v -0.36176068 -0.31976306 -0.05307331
v -0.11024006 -0.31458896 0.71273410
v 0.33834785 -0.36030668 -0.32601795
v 0.12078128 -0.36181346 0.30992302
v -0.36172801 0.20410134 -0.29580972
v 0.36035991 -0.33875844 -0.30851099
v 0.36177135 -0.17520264 -0.84673744
v 0.32064438 0.36206585 -0.15094700
v 0.36177123 -0.10486095 -0.84673947
v -0.14269038 -0.36161977 -0.08063894
v 0.36172801 0.21344335 -0.21513957
v 0.36172801 -0.19738410 -0.55934554
v -0.07317489 -0.07000496 0.77363604
v -0.36172801 -0.17823063 0.39707860
v -0.04818105 0.25765973 0.80033171
v 0.33233255 -0.36136144 0.39178169
v -0.36172801 0.18088531 -0.68639511
v 0.36172801 0.06129843 0.21670228
v 0.32046655 0.36206162 -0.09823037
v 0.32029003 0.36205682 0.33925217
v -0.03305035 -0.36185333 -0.32712904
v -0.21883722 0.35115919 -0.87456632
v -0.07878204 -0.34275129 -0.87870234
v -0.13953419 0.36199102 -0.71103525
v 0.34007356 -0.05249785 0.58484685
v 0.31937069 -0.36177540 -0.61691427
v -0.04764461 -0.19923759 0.80123699
v 0.12255039 -0.36145559 -0.84653729
v -0.34296858 0.20135546 -0.87893349
v -0.03650563 -0.34754521 0.81173575
v 0.35392398 -0.02623720 0.57263881
v -0.33726528 -0.36092865 -0.14219365
v 0.35090137 0.35674253 -0.13344000
v 0.35059667 -0.35659933 0.11166012
v -0.34767586 -0.27133670 -0.87856531
v 0.35545301 -0.16629399 -0.86750102
v -0.35544801 -0.12252465 -0.86750001
v 0.09639118 0.24007654 0.66940844
v 0.01246850 -0.04374430 0.86236596
v -0.07878200 -0.35529399 -0.86742097
v 0.33167106 0.36193219 -0.74618888
v -0.11057100 -0.34136501 0.72015101
v 0.00000000 0.06129840 0.87409401
v -0.27078739 -0.32146001 0.63391173
v 0.04971572 -0.34183967 0.79284447
v -0.35716131 -0.34953707 -0.06341140
v 0.17280400 0.33227330 0.61504024
v 0.35697994 0.35027048 -0.83373487
v 0.35059038 -0.35661578 -0.37853891
v 0.36035961 -0.33876035 -0.13344000
v -0.35823607 0.14883403 -0.86405760
v 0.35710761 0.34997454 -0.20346799
v -0.03257323 0.32160053 0.82762802
v -0.35090715 0.35674754 0.09415260
v 0.34317398 0.00877748 -0.87892598
v -0.33696193 0.36130956 -0.40480000
v -0.35929501 -0.34136501 0.26922399
v 0.01236394 0.15760580 0.86239785
v 0.35929799 -0.34136501 0.21670200
v 0.01246850 0.04379130 0.86236596
v 0.14881000 0.35558000 -0.86747497
v 0.09760560 -0.35101399 0.74313599
v 0.27136919 0.35267565 0.60128587
v -0.21220306 -0.34360987 0.62973654
v 0.12824483 -0.30659881 0.64488703
v -0.35716131 -0.34953707 -0.13344000
v 0.14895630 0.33019468 0.60250723
v 0.01568930 -0.34136501 0.85351700
v 0.00875355 -0.17266500 0.73745102
v 0.00094570 -0.18025024 0.71228379
v -0.19595808 0.34933767 0.68318307
v -0.26566553 0.35067815 0.62334287
v 0.13794404 -0.32972920 0.63952357
v 0.17923869 0.34486943 0.69679469
v -0.35713810 -0.34958628 -0.81621706
v 0.34475896 0.35532603 0.56701404
v 0.14775290 -0.35193804 0.70615292
v -0.33977020 -0.35980770 0.15457450
v -0.34856206 -0.14878649 -0.87748301
v 0.35059753 -0.35659549 0.18168813
v 0.35929799 -0.34136501 -0.27349699
v 0.13603400 0.33865601 0.68939400
v -0.36089170 -0.33834815 -0.63250476
v 0.35710761 0.34997454 -0.74618900
v 0.27758572 0.32171261 0.62909305
v 0.12762041 0.30682927 0.64134341
v -0.35627398 -0.15343879 0.56840837
v -0.01297744 0.35365340 0.84299457
v -0.01314932 -0.17232323 0.73645622
v 0.10463266 0.34192085 0.74969709
v 0.34307474 0.30639833 -0.87820685
v 0.32062915 -0.36176541 -0.69366848
v -0.09187752 -0.22774734 0.69960392
v 0.34315625 0.11382043 -0.87890649
v -0.12728389 0.28753164 0.65010065
v 0.35090137 0.35674253 0.26922399
v -0.35716131 -0.34953707 -0.34352499
v 0.23634604 -0.35790569 -0.86438614
v 0.03089954 -0.19776908 0.73385847
v -0.16686317 0.34990045 0.70266914
v 0.35058653 -0.35661936 -0.55360997
v -0.01918352 0.17971209 0.73432183
v 0.07311759 -0.26283452 0.77367592
v 0.32602102 0.33913916 0.59334046
v 0.35058165 -0.35662377 -0.74618894
v 0.36070096 -0.33839861 -0.07206263
v 0.36009857 0.33997637 -0.66664356
v 0.13449658 0.32957682 0.65433252
v -0.35090718 0.35674754 0.00661705
v -0.12830451 -0.31451195 0.61651111
v 0.19171499 0.35698542 0.57383341
v -0.00000000 -0.06125140 0.87409401
v 0.13018399 -0.35128900 0.72356403
v 0.04699279 -0.35167381 0.77999222
v -0.00000004 -0.09626560 0.87409401
v 0.36035904 -0.33876488 0.26922399
v -0.00023333 0.35254014 0.86474341
v -0.04566826 0.34646019 0.76779169
v 0.03640658 -0.34230927 0.81430656
v 0.05049976 0.34424487 0.79114646
v 0.35710761 0.34997454 -0.06341140
v 0.35059810 -0.35659373 0.21670210
v -0.13375095 -0.30625078 0.66420960
v 0.12100491 -0.25374609 0.68620735
v 0.05705284 -0.18883476 0.71670640
v 0.09224886 -0.25617525 0.71247500
v 0.10508484 0.36187440 0.54329205
v 0.36094892 0.33824626 0.05050533
v -0.07619341 0.35026491 0.74821818
v 0.17098373 -0.34138203 0.70289254
v 0.36118874 0.33777845 0.33925200
v -0.15055612 -0.34898880 0.69077832
v 0.35110876 -0.06125129 -0.87391949
v 0.34193674 -0.35010362 -0.87145746
v 0.35810101 -0.14003350 0.56140709
v -0.01255239 0.09631260 0.86223447
v -0.00875355 0.32390499 0.78038800
v -0.01255357 0.16634101 0.86223280
v -0.09702850 -0.23485699 0.69069701
v -0.01255283 -0.16629399 0.86223382
v -0.27137825 0.34124967 -0.87886441
v 0.35058442 -0.35662153 -0.64114594
v 0.09249175 0.22818770 0.69837826
v -0.35060400 -0.35655031 -0.60613197
v -0.34310603 0.14883438 -0.87860334
v 0.35938701 0.34141201 0.12041345
v 0.35111105 -0.07875840 -0.87391913
v -0.16059664 0.20995191 0.71182179
v -0.33374277 0.36181790 -0.51534712
v -0.35090718 0.35674754 0.14667401
v -0.34877539 0.35988861 0.18168800
v 0.35059854 -0.35659122 0.25171712
v -0.35095045 0.13132714 -0.87408590
v 0.35884213 0.34842190 0.44429499
v -0.35929501 -0.34136501 -0.59737849
v -0.00000001 0.02628420 0.87409401
v 0.07888361 0.36203697 -0.23659600
v 0.12936059 -0.31855878 0.61801547
v 0.02626070 0.35233501 0.79443699
v 0.35574120 -0.35399666 0.42678830
v 0.34910643 -0.35844055 -0.08091821
v 0.35710761 0.34997451 -0.39604601
v -0.13139400 0.34215599 0.70490700
v -0.03092057 0.32353395 0.76983857
v 0.05997325 0.20284961 0.72539103
v -0.36130425 0.33776790 -0.36103201
v 0.35929799 -0.34136501 -0.10717892
v 0.36121550 -0.33787528 -0.54485625
v 0.16955468 -0.35115609 0.70018125
v 0.35059536 -0.35660434 0.00661713
v -0.00456894 -0.18507071 0.74909478
v 0.03090658 0.34142143 0.82769632
v 0.02626029 -0.35792395 -0.86433053
v -0.20036420 -0.35114715 0.65776414
v -0.36089170 -0.33834815 0.29559675
v -0.35929501 -0.34136501 0.00661705
v 0.01247026 -0.21881501 0.86236477
v 0.34908789 -0.35846257 -0.51859576
v -0.02626070 0.35835233 -0.86431879
v 0.00000014 -0.25382999 0.87409401
v 0.35059738 -0.35659644 0.16418108
v -0.02746440 -0.35189000 0.81214702
v 0.00000004 -0.27133700 0.87409401
v -0.17508157 0.36207101 -0.84668428
v -0.06127490 0.35153899 0.77354699
v 0.06187862 0.33733499 0.75184745
v 0.36001486 -0.33999032 -0.23046188
v 0.00808972 -0.18297000 0.74512798
v -0.35714141 -0.34957922 0.49681601
v 0.35090137 0.35674253 -0.48358199
v -0.11344399 0.35202762 0.72340924
v 0.01247095 0.21886201 0.86236352
v 0.03096613 -0.35128713 0.80840510
v -0.35090718 0.35674754 0.05913840
v -0.35090718 0.35674754 -0.09842560
v 0.12993422 0.35184246 0.71254438
v -0.02565835 -0.19072257 0.70880055
v -0.17605203 0.34881312 0.69894987
v 0.08040531 -0.35163930 0.76168567
v 0.35545301 -0.20130800 -0.86750102
v -0.35090718 0.35674754 0.12916701
v -0.35090718 0.35674754 -0.60613197
v 0.14880183 -0.35082388 -0.87463784
v -0.03327620 0.35223582 0.80239308
v -0.32064852 0.36206767 -0.74618876
v -0.13988557 -0.36108828 0.54350388
v 0.35718068 -0.34731987 -0.85870165
v 0.34882632 0.34196085 -0.87235022
v -0.35716039 -0.34953904 -0.69366699
v 0.35545301 0.06129840 -0.86750102
v -0.16630366 0.35106239 -0.87455446
v -0.35929501 -0.34136501 -0.22097500
v 0.35715714 -0.34956095 -0.46607500
v 0.07331307 -0.21042855 0.71879971
v 0.35090137 0.35674253 -0.67615998
v -0.07994640 -0.35169646 0.76283801
v 0.35059679 -0.35659835 0.12916714
v 0.33684152 0.36157155 -0.05464103
v -0.34934890 0.35873052 0.16418099
v -0.35939199 0.34141201 -0.22097500
v 0.00000000 0.21886200 0.87409401
v -0.35090715 0.35674754 -0.57111800
v -0.35716122 -0.34953725 -0.55361003
v 0.22187583 0.34687743 0.66608900
v 0.35090137 0.35674253 0.23420900
v 0.35059077 -0.35661504 -0.34352493
v 0.01224514 0.28889102 0.86239326
v 0.06106995 0.35189867 0.77766037
v -0.33689976 0.36131009 -0.84332955
v -0.34882653 0.34848091 -0.87027645
v 0.02922994 -0.34721074 0.82969528
v -0.36089170 -0.33834815 0.05049711
v 0.34315929 0.09631302 -0.87890929
v -0.00040606 0.34399563 0.87398607
v 0.16707918 0.34983319 0.70327252
v 0.13128410 0.35396960 0.57239127
v 0.35710761 0.34997457 -0.78120297
v 0.00875300 -0.35086790 -0.87460583
v 0.35390061 0.29761297 0.57268679
v -0.00198995 -0.35457507 0.81192690
v 0.20406844 0.32188538 0.68108380
v -0.14213479 0.36185572 0.54125476
v -0.25298062 -0.34135285 0.64473712
v 0.21881838 -0.36176404 -0.84160584
v -0.34934890 0.35873052 0.19919500
v -0.06095456 -0.31653088 0.78498125
v 0.06172599 -0.20029293 0.70482522
v 0.36159918 -0.01636738 -0.84903860
v -0.05252142 -0.35115626 0.57684427
v -0.01255377 -0.23632203 0.86223412
v 0.35090137 0.35674253 -0.60613197
v -0.35090718 0.35674754 0.33925200
v 0.34487945 -0.34580061 0.58093822
v 0.35090137 0.35674253 -0.51859599
v -0.07163773 -0.23197305 0.67686027
v 0.35090137 0.35674253 0.02412420
v 0.00000000 0.07880550 0.87409401
v 0.28968573 0.34944722 0.61689067
v -0.35096154 0.04379141 -0.87408459
v 0.35058978 -0.35661653 -0.41355395
v -0.09341420 0.33633888 0.73064452
v -0.36035588 -0.33877441 -0.65865302
v -0.01244653 0.12255440 0.86227107
v 0.35715896 -0.34955642 -0.79870999
v -0.09643252 0.24043716 0.67107278
v 0.35392398 -0.05249785 0.57263881
v 0.00000009 -0.28884399 0.87409401
v 0.23744771 0.35052893 0.65469342
v -0.35711318 0.34997955 -0.25599000
v -0.10022015 0.26043886 0.65410960
v 0.33373752 0.36181748 -0.01414067
v -0.01129622 0.30639800 0.86291838
v 0.02632526 0.19018303 0.70943826
v 0.31236687 0.32164261 0.60450113
v 0.12614778 0.31700319 0.61968398
v 0.20130269 0.35128316 0.65698928
v 0.35090137 0.35674253 -0.76369601
v 0.14501429 0.34692770 0.71894807
v 0.35058618 -0.35661966 -0.57111794
v 0.35090137 0.35674253 -0.64114600
v 0.36123645 -0.33526352 0.51168311
v -0.21842583 -0.35125762 0.65226048
v -0.35090718 0.35674754 0.44429499
v 0.08322593 0.24310291 0.71741647
v 0.33372238 0.36188558 0.21345145
v 0.12544706 -0.29573050 0.69123495
v -0.33472380 -0.36096320 0.02706457
v 0.12823488 -0.32178161 0.69612408
v 0.00850465 0.35118771 0.78425890
v 0.35710761 0.34997454 0.42678800
v 0.33956474 0.36038810 -0.82414627
v 0.35929799 -0.34136501 0.14667401
v -0.36144739 0.33730820 -0.75459135
v 0.06287230 -0.35124201 0.76041102
v -0.12650798 0.29380265 0.69183493
v -0.35098016 -0.09626549 -0.87408179
v 0.10565884 0.25578371 0.65733820
v -0.12710883 -0.30046704 0.63807559
v -0.11379735 -0.35378826 0.57248747
v 0.35710761 0.34997451 -0.23848200
v 0.35059372 -0.35661018 -0.13343993
v -0.14973509 0.32690817 0.62304252
v -0.33740234 0.36127084 0.31316215
v -0.14065520 0.33937934 0.67161149
v 0.01104489 0.13132700 0.86325055
v -0.10024614 -0.34311649 0.75219274
v -0.21563300 0.35121399 0.66557401
v -0.35420799 0.31567776 0.57242060
v -0.12032731 -0.34598470 0.71400106
v -0.34934890 0.35873052 0.04163130
v -0.35711315 0.34997961 -0.51859599
v 0.35059401 -0.35658109 0.44429517
v -0.35075599 0.35682040 -0.81621706
v -0.35091248 0.35674497 0.49681601
v -0.35327825 0.34149700 0.57169580
v 0.01246861 -0.13128000 0.86236578
v 0.35090137 0.35674253 -0.50108898
v 0.07276836 -0.20664999 0.70526671
v -0.18547501 0.34141201 0.69263798
v -0.10444460 0.32114986 0.75156456
v -0.11340059 0.27223295 0.64987880
v -0.35090718 0.35674754 -0.01089010
v 0.14739572 0.35172623 0.70568663
v -0.15130660 0.34969696 0.69131774
v -0.35060638 -0.35654920 0.05913840
v -0.32064816 0.36206573 -0.70242059
v 0.00781748 0.34141201 0.86446500
v 0.04376781 0.34263355 -0.87852019
v 0.36077434 0.33826110 0.50526935
v 0.35710761 0.34997454 -0.34352499
v -0.33957359 0.36036649 -0.30071470
v 0.35854205 0.30639806 -0.86316323
v -0.12771988 0.35165483 0.71194577
v -0.06510017 0.20323470 0.70704079
v -0.07878982 0.34099209 -0.87869287
v -0.35509327 0.35423824 0.54976904
v -0.04550402 -0.31651580 0.80533302
v 0.07675052 -0.35003260 0.74843132
v 0.15816696 -0.35179472 0.69001234
v 0.12430555 0.28849372 0.64935637
v 0.34385347 -0.31336659 -0.87817538
v 0.35090137 0.35674253 -0.44856799
v -0.02627151 -0.35228571 0.78775913
v -0.35090718 0.35674754 -0.08091850
v 0.35938701 0.34141201 0.01537062
v 0.10134649 -0.33444762 0.59045988
v 0.04389878 -0.19964620 0.73061842
v 0.35090137 0.35674253 -0.08091850
v 0.01098140 -0.30635101 0.86333287
v -0.11522584 -0.26413101 0.65892899
v 0.00774045 -0.34136501 0.86446500
v 0.00000000 0.14883400 0.87409401
v -0.04417108 -0.18766549 0.71484363
v 0.35710761 0.34997454 0.18168800
v -0.35043591 0.32462934 -0.87522101
v -0.24780872 0.34880489 0.64769739
v 0.01247022 -0.27133703 0.86236554
v 0.35090137 0.35674253 0.33925200
v -0.06178866 -0.35166919 0.75891805
v -0.34886315 0.30639884 -0.87725300
v 0.16631542 0.34281218 -0.87852854
v -0.36134917 -0.33788231 0.35675901
v -0.01255432 0.18384801 0.86223191
v -0.28886700 -0.35322499 0.60185897
v -0.03112584 0.19772679 0.73320514
v -0.13330156 0.31512398 0.67183143
v 0.01246850 -0.00873006 0.86236596
v 0.35821906 -0.28884399 -0.86411369
v 0.35710761 0.34997454 0.30423799
v -0.35716134 -0.34953710 -0.41355401
v 0.33873060 0.36091515 0.53989285
v 0.35059825 -0.35659268 0.23420912
v -0.35060638 -0.35654923 0.04163130
v 0.17375883 -0.33419710 0.60502124
v -0.35544801 -0.06125140 -0.86750001
v -0.34751412 -0.28884375 -0.87859505
v 0.05721844 0.18900964 0.71527022
v -0.35711315 0.34997958 -0.15094700
v 0.00000000 -0.18380100 0.87409401
v 0.35066113 0.04379130 0.57783073
v 0.34934235 0.35872689 -0.65865302
v -0.02842928 0.34825364 0.82976425
v -0.06108949 -0.35169020 0.77766728
v 0.01104489 0.11382000 0.86325055
v -0.12037260 -0.33751521 0.58801305
v -0.35716131 -0.34953707 -0.18596099
v 0.36172801 0.05566055 -0.70256925
v 0.02024970 0.32148221 0.84979326
v 0.23634601 0.35558000 -0.86750102
v 0.35213125 -0.35218367 0.56919116
v 0.34911513 -0.35840657 0.35675934
v -0.36035588 -0.33877438 -0.01089010
v 0.32064295 0.36205873 -0.48358187
v 0.07002585 0.35417578 0.57253128
v 0.35715646 -0.34956199 -0.65865302
v -0.00000000 0.20135500 0.87409401
v -0.04546767 -0.35145128 0.77541173
v 0.25754699 0.34141201 0.64138103
v -0.02509270 0.18450999 0.72606099
v -0.04566440 0.35108799 0.77876502
v 0.34977758 -0.14878674 -0.87588078
v 0.13218001 0.32390499 0.67188698
v -0.33373809 0.36184016 0.35351014
v -0.35090718 0.35674754 -0.34352499
v -0.22097717 -0.34739736 0.66610199
v -0.13140231 -0.36131370 -0.84179866
v -0.00000000 -0.16629399 0.87409401
v 0.00000000 -0.14878701 0.87409401
v 0.35710761 0.34997457 -0.57111800
v 0.34317693 -0.00872963 -0.87893033
v -0.00461226 -0.23683926 0.76815689
v -0.07295659 0.34964541 0.77037388
v -0.35060254 -0.35655114 -0.65865302
v -0.13131046 0.35087287 -0.87437099
v 0.01880201 0.17784859 0.73396170
v -0.15625310 -0.34535819 0.67184031
v -0.10359907 0.35449940 0.57191694
v 0.35545301 -0.13128000 -0.86750102
v -0.01262491 -0.27985257 0.77277547
v -0.34005457 0.28003138 0.58485663
v -0.34299672 0.16634145 -0.87890291
v 0.35710761 0.34997457 -0.25599000
v 0.35715717 -0.34956089 -0.48358199
v 0.09571640 -0.23771100 0.70341301
v -0.13723843 -0.32949653 0.64739954
v -0.01285660 -0.17807800 0.72109401
v -0.00875355 0.34259620 -0.87862003
v -0.00771394 -0.17233700 0.72592098
v -0.36160704 0.12141316 -0.84894478
v 0.05253626 -0.35120729 0.57689112
v 0.07052150 0.20957901 0.69774699
v -0.00130933 -0.30635104 0.87427831
v -0.07613550 -0.35014781 0.74765432
v 0.00927382 0.35292500 0.84730601
v 0.24808490 0.34722608 0.64787376
v -0.35711315 0.34997958 -0.30851099
v 0.13132000 0.34238100 0.70458198
v 0.10825485 0.31127042 0.71315295
v -0.35090715 0.35674754 0.38301960
v -0.35709059 -0.34848416 -0.85859275
v 0.08087769 0.21876264 0.71064472
v 0.35716060 -0.34955037 0.39177305
v 0.16631800 0.35558000 -0.86748701
v 0.35545301 -0.21881500 -0.86750102
v -0.12737504 0.27037752 0.66736627
v 0.02749990 0.35203901 0.81225097
v 0.11379819 -0.34283802 -0.87856948
v 0.32101810 0.36044100 0.56319213
v -0.14951117 0.34182337 -0.87871444
v -0.11379600 -0.35121301 0.73706502
v -0.06496284 -0.21060270 0.69598734
v -0.36118567 0.33784363 -0.08966093
v 0.35090137 0.35674253 0.32174501
v -0.35090718 0.35674754 -0.16845401
v -0.35716131 -0.34953707 0.33925200
v -0.35711315 0.34997961 -0.20346799
v -0.06547453 -0.20279075 0.70658571
v -0.02959490 -0.19888146 0.73474157
v 0.35710761 0.34997454 -0.58862501
v 0.18382500 0.35558000 -0.86749703
v 0.11487200 0.35144699 0.72517699
v -0.12991463 -0.32360259 0.69488657
v 0.34810099 0.28889197 -0.87810290
v 0.01247022 0.19260179 0.86236382
v -0.35060582 -0.35654950 0.39177299
v 0.04917513 -0.34826747 0.76565516
v 0.35090134 0.35674253 -0.09842560
v 0.01246873 -0.14878701 0.86236560
v 0.35822728 0.04379132 -0.86409998
v -0.23634601 0.35159701 0.65071303
v -0.21008165 -0.34291032 -0.87872469
v -0.35823846 0.21886207 -0.86405075
v -0.02368958 0.35295531 0.81147063
v 0.14880569 0.34276152 -0.87850887
v -0.18382174 0.35110325 -0.87455773
v 0.35715741 -0.34956104 -0.16845399
v -0.11450837 0.34171444 -0.87865585
v 0.02626070 0.35558099 -0.86746001
v -0.34856704 -0.23632148 -0.87749577
v 0.02120419 -0.34505820 0.84415346
v -0.13315167 0.31972301 0.61317354
v 0.18243900 0.35147500 0.68852800
v -0.20062238 0.34197927 -0.87878370
v -0.01237617 -0.28884402 0.86219800
v 0.00875355 0.35558099 -0.86746001
v 0.36176085 -0.31899610 -0.28225085
v -0.36137870 0.33775717 -0.60613197
v 0.35059229 -0.35661286 -0.23848195
v 0.35059175 -0.35661358 -0.27349693
v -0.00000006 0.11382000 0.87409401
v 0.01274160 0.17813900 0.72113901
v -0.35711318 0.34997961 -0.39604601
v -0.35705796 0.35010475 -0.83374399
v -0.35090718 0.35674754 -0.02839720
v -0.05774906 -0.22372325 0.73168111
v 0.20605201 -0.34136501 0.67707801
v 0.02256110 0.35225201 0.82945102
v -0.33837292 -0.36015353 0.33925200
v 0.13200366 -0.34190789 -0.87866437
v -0.35929501 -0.34136501 -0.32601801
v 0.35090137 0.35674253 0.07664550
v 0.36105025 -0.33796036 0.01538198
v 0.35058945 -0.35661694 -0.43106091
v 0.00000004 0.09631260 0.87409401
v 0.01246850 -0.02623720 0.86236596
v -0.31468439 0.35578874 -0.86762404
v -0.29374230 -0.34759408 0.61561614
v 0.35090137 0.35674253 -0.72868198
v 0.35059148 -0.35661399 -0.29100394
v 0.34908658 -0.35846362 -0.53610277
v -0.24960686 -0.36098087 0.55528349
v -0.35716134 -0.34953704 0.11166000
v -0.35716134 -0.34953704 -0.37853900
v 0.11463953 -0.24789381 0.67130220
v 0.35090137 0.35674253 -0.15970051
v 0.11052300 0.24103101 0.67504400
v 0.35715929 -0.34955436 0.19919501
v 0.35545301 -0.01748181 -0.86750102
v 0.04376780 0.18961400 0.71137601
v 0.01247120 0.23636903 0.86236352
v 0.35545301 0.21011060 -0.86749297
v -0.00000000 0.04379130 0.87409401
v 0.35059267 -0.35658070 0.46180218
v 0.34316882 0.04379172 -0.87891936
v -0.20360480 0.35091496 0.67492831
v 0.35710761 0.34997454 0.37426600
v 0.34312874 0.16634147 -0.87893492
v 0.15492401 0.34141201 0.71330500
v -0.14892307 -0.32881957 0.60192072
v 0.34317103 0.02628462 -0.87892228
v 0.35059702 -0.35659689 0.14667413
v 0.28816557 0.34216818 -0.87884271
v -0.35711318 0.34997958 0.30423799
v -0.13275699 -0.28884399 0.67188698
v 0.05731815 0.31698877 0.78835458
v -0.32276776 -0.34407386 0.59398949
v -0.36121377 -0.33559644 -0.08350284
v 0.36123252 0.33590436 0.27199760
v 0.35090137 0.35674253 0.14667401
v -0.35060635 -0.35654920 0.25171700
v 0.33167106 0.36193219 -0.69366711
v 0.10020101 -0.34305775 0.75229073
v -0.31979841 0.36206615 0.07478992
v -0.01255239 -0.02623720 0.86223447
v -0.02547040 -0.18336073 0.72831118
v -0.11210735 -0.24750239 0.69279379
v 0.11379600 0.35129201 0.73711002
v -0.13154534 0.30585244 0.64708281
v 0.35392398 0.21010850 0.57263881
v -0.36126831 -0.33789355 0.37426600
v -0.35711318 0.34997958 -0.65865302
v -0.04492892 -0.20255271 0.73146296
v -0.35716131 -0.34953707 -0.50108898
v -0.20133179 -0.35790297 -0.86441267
v 0.35710761 0.34997454 -0.53610301
v -0.36045823 0.33859816 -0.81621706
v 0.23707122 -0.34205803 -0.87888765
v 0.04376780 0.35558099 -0.86746001
v -0.36176085 -0.31899908 -0.75494230
v -0.35929501 -0.34136501 -0.27349699
v 0.35090131 0.35674253 -0.55361003
v 0.35090137 0.35674253 -0.62363899
v 0.23706067 0.34202725 -0.87883365
v -0.34296063 0.21886247 -0.87893015
v -0.33740237 0.36127084 -0.12485711
v -0.15111317 -0.33968931 0.71657187
v -0.33443138 -0.36121684 -0.23550911
v 0.30637631 -0.35944873 -0.86273134
v 0.35058340 -0.35662258 -0.67615992
v 0.32397026 0.35178003 -0.87273628
v 0.13962397 -0.35401914 0.57246941
v -0.34296599 0.23636946 -0.87888920
v 0.36114228 -0.33794141 -0.73742408
v -0.01422355 0.30619147 0.77697557
v -0.36089170 -0.33834824 0.43542942
v -0.11719758 0.25408831 0.67175144
v -0.35711315 0.34997958 0.32174501
v 0.16031179 -0.36174110 -0.84494835
v -0.36095059 0.33824852 -0.00225678
v -0.33837485 -0.36015323 -0.06341140
v -0.01244744 -0.21008076 0.86227077
v 0.04431830 0.35137799 0.77737999
v 0.13042895 0.29745793 0.67188418
v -0.04788942 0.18749362 0.71470565
v -0.08027025 -0.21731831 0.70959610
v -0.35388789 -0.35499778 0.54992753
v 0.06127501 -0.35791889 -0.86434388
v -0.10130325 -0.23868994 0.67379588
v 0.35715473 0.34988189 0.53187597
v -0.23582971 -0.35158402 0.63599968
v -0.11342157 -0.27577484 0.70181477
v 0.35058546 -0.35662058 -0.60613191
v 0.35885313 -0.34798202 0.32174504
v -0.33976966 -0.35980779 -0.29890421
v -0.35716131 -0.34953707 0.16418099
v -0.36160740 -0.14119539 -0.84894210
v 0.33675808 0.36151570 -0.23848200
v -0.36177921 0.05254644 -0.84599596
v -0.35090718 0.35674754 0.11166000
v -0.06403270 0.21304376 0.69492573
v -0.18416612 -0.35084084 0.69090056
v -0.20094100 -0.35148901 0.67155498
v 0.35059577 -0.35660249 0.04163141
v 0.15161809 0.33949447 0.65436196
v 0.36035919 -0.33876377 0.18168800
v -0.09213830 0.35115299 0.75286901
v 0.33658233 -0.36132509 -0.49278507
v 0.05769749 0.22304089 0.73167503
v -0.35090718 0.35674754 0.46180201
v -0.35095254 0.11382011 -0.87408584
v 0.13915290 -0.33927900 0.67164439
v -0.35716131 -0.34953707 -0.20346799
v -0.11491400 -0.35134500 0.72521502
v 0.01925539 -0.17952985 0.73441172
v -0.27135992 0.35831967 -0.86437845
v -0.33781633 -0.36064395 -0.35242546
v 0.06127490 0.35558099 -0.86745900
v 0.35059926 -0.35658842 0.30423811
v -0.35716131 -0.34953707 0.12916701
v 0.32489878 -0.34246626 -0.87835717
v -0.21369219 0.34730873 0.59783709
v -0.06229360 0.09266255 0.78171521
v 0.01246853 -0.11377300 0.86236590
v 0.11567900 0.25145701 0.67029798
v -0.35090718 0.35674754 -0.36103201
v -0.03771323 -0.36160716 -0.84507239
v -0.33440274 -0.36113846 -0.79572260
v 0.12210497 -0.27113622 0.69083422
v 0.16551757 0.35161358 0.68493992
v 0.35059011 -0.35661611 -0.39604595
v -0.13130300 -0.35120201 0.71277797
v -0.00000000 -0.21881500 0.87409401
v 0.35822648 -0.04374428 -0.86409950
v -0.11380777 -0.35792822 -0.86434519
v 0.12511963 0.36199632 0.43847099
v -0.12537143 0.26781324 0.69055969
v 0.15102905 0.34988114 0.69119257
v 0.26859310 0.34634432 0.63216245
v 0.09744053 0.35212395 0.74350357
v 0.06285790 0.35136700 0.76037103
v 0.13167146 -0.31770098 0.67185718
v -0.34199035 -0.33231342 -0.87840134
v 0.33739981 0.36126927 -0.33494246
v 0.01247137 0.27138403 0.86236358
v -0.12779076 -0.34447172 0.73240298
v -0.07780217 0.22442693 0.68759018
v -0.36175847 -0.32092533 -0.13327427
v -0.13961998 -0.32063302 0.72665751
v 0.35545307 0.17509645 -0.86749756
v 0.03178769 -0.34101146 0.77623922
v 0.00000006 -0.11377300 0.87409401
v 0.04974966 0.05796666 0.79795635
v -0.33672395 -0.36106825 -0.19429271
v -0.35716131 -0.34953707 -0.44856799
v -0.35716131 -0.34953707 0.02412420
v 0.02626212 -0.35219041 0.78782719
v -0.31393465 -0.34351537 -0.87850952
v 0.19919832 0.34532949 0.68111789
v 0.35059130 -0.35661432 -0.30851090
v 0.00008357 0.32390404 0.87356842
v 0.12547885 0.29606953 0.69144142
v 0.36172801 -0.08528084 -0.13035040
v 0.24116687 -0.34929895 0.60593635
v -0.35544801 0.01753240 -0.86750001
v -0.02081321 -0.31815770 0.84886986
v -0.35711318 0.34997955 -0.41355401
v -0.09291197 0.30443284 0.61646885
v -0.33977020 -0.35980770 -0.10803231
v 0.01918956 0.34566265 0.84690696
v 0.00000000 -0.13128000 0.87409401
v -0.07878200 0.35558000 -0.86745900
v 0.35714954 -0.34956136 0.49681607
v 0.35715723 -0.34956098 -0.36103201
v 0.21883640 0.34289059 -0.87871593
v -0.30338117 -0.35701764 0.58148772
v -0.36110184 0.33784556 -0.78992265
v 0.34311277 0.20135546 -0.87892801
v -0.35060638 -0.35654923 0.00661705
v -0.11802914 0.30856395 0.61654520
v -0.03971000 0.35109499 0.79443699
v 0.35545301 -0.09626560 -0.86750102
v -0.35060200 -0.35655388 -0.74618906
v -0.25386038 -0.34129849 -0.87895918
v 0.36051726 -0.33814964 0.54044443
v -0.35232535 0.35574055 -0.05607009
v -0.35060474 -0.35655001 -0.57111800
v 0.35710761 0.34997454 0.28673100
v -0.35703614 -0.34980229 0.51432312
v -0.36167458 0.00002350 0.54256403
v 0.33453655 -0.36123103 0.05618661
v -0.16701715 -0.34186289 -0.87873077
v -0.21277086 -0.32200634 0.67493445
v 0.35710761 0.34997454 -0.18596099
v -0.35716131 -0.34953704 -0.39604601
v 0.30637074 -0.34283814 -0.87864882
v -0.35716131 -0.34953707 -0.46607500
v 0.35885322 -0.34798139 0.33925200
v -0.23634247 0.36182418 0.55221480
v -0.35544801 -0.17504570 -0.86750001
v 0.36151138 0.33515838 -0.60342205
v 0.35938701 0.34141201 -0.41355401
v -0.35711315 0.34997958 -0.11593300
v 0.36140937 0.33527443 0.41199675
v 0.11313787 -0.32291746 0.71246833
v -0.11483700 -0.25234500 0.67049003
v 0.30604151 -0.34145433 0.60878438
v -0.16630611 -0.35791847 -0.86433583
v 0.35392398 0.10506628 0.57263881
v -0.01255387 -0.27133703 0.86223423
v -0.01520470 0.28688672 0.77264875
v -0.34138900 -0.35908201 -0.50984293
v -0.36171603 0.23966922 0.54114556
v 0.34310988 0.23636946 -0.87888324
v -0.32366601 -0.35362801 0.58454198
v 0.35703874 0.34989828 -0.85137874
v 0.36177272 0.21011204 -0.84620124
v 0.12862946 -0.27830899 0.66948897
v 0.35058215 -0.35662287 -0.71117395
v -0.09371231 0.25424036 0.71038717
v 0.35710761 0.34997454 -0.32601801
v 0.35938701 0.34141201 -0.46607500
v 0.24009866 -0.35163602 0.64941978
v 0.04245800 0.35109299 0.79285598
v -0.35716131 -0.34953707 -0.11593300
v -0.16822913 -0.35122535 0.70052963
v 0.01584147 0.35759014 0.56370121
v 0.35352001 -0.35348001 -0.32601801
v -0.09206370 -0.35105100 0.75278997
v -0.07831530 0.35142800 0.75899202
v -0.35711318 0.34997958 -0.29100400
v 0.08527640 -0.23618349 0.71463317
v -0.00779797 0.34141201 0.86446500
v 0.35058179 -0.35662335 -0.72868192
v -0.32315925 -0.35968512 0.56241727
v 0.07003208 -0.36133415 0.54328209
v 0.35715580 -0.34956318 -0.76369601
v -0.13137101 -0.34221399 0.70481700
v 0.36148641 0.33516282 0.31903502
v 0.11687502 0.30430728 0.62539977
v 0.01247115 0.25387704 0.86236376
v -0.00868548 0.35012016 0.78277230
v -0.35090718 0.35674754 -0.44856799
v -0.28886530 0.35125336 -0.87456214
v 0.01134926 -0.31270564 0.77867287
v 0.34879485 0.34738323 0.57803380
v 0.05520944 -0.22089431 0.78939611
v -0.35090718 0.35674754 -0.50108898
v 0.26536632 -0.36171019 -0.84488267
v -0.25754699 0.34141201 0.64137799
v -0.18395899 0.35160288 0.67134565
v -0.06127544 -0.35792863 -0.86432880
v 0.00000000 0.18384799 0.87409401
v -0.00497095 0.18503761 0.74803525
v -0.35090718 0.35674754 -0.69366699
v 0.22449940 -0.34466195 0.66495252
v -0.33470812 0.12257075 -0.87909579
v -0.35090718 0.35674754 0.07664550
v -0.09188325 0.23156689 0.70131809
v 0.35715714 -0.34956098 -0.44856799
v -0.23563001 0.34201086 -0.87884945
v -0.35716131 -0.34953707 -0.48358199
v -0.35060483 -0.35655001 0.44429499
v -0.36130425 0.33776793 -0.03715075
v -0.36178344 -0.27997297 -0.84651309
v -0.35716131 -0.34953707 -0.29100400
v -0.04983828 0.36206380 -0.84516740
v -0.00000015 0.30639800 0.87409401
v -0.13203695 0.35165840 0.72601545
v -0.23903744 -0.35175210 0.64977103
v 0.07878200 -0.35529199 -0.86744702
v 0.03965760 -0.35099301 0.79443699
v 0.35392398 -0.08751208 0.57263881
v -0.13017000 -0.35130301 0.72359902
v -0.23634601 0.35557801 -0.86750102
v 0.13015801 0.35140401 0.72364098
v -0.35224861 0.17332478 0.57605296
v -0.33471897 0.05254244 -0.87911171
v 0.36036006 -0.33875743 -0.39604601
v 0.35665813 0.34920555 0.54956007
v 0.09440301 -0.23104472 0.68731105
v 0.07763510 0.22050799 0.69001800
v -0.35716131 -0.34953707 -0.36103201
v 0.34329775 -0.09626528 -0.87862670
v -0.35968804 -0.32039952 -0.86045611
v -0.25385121 0.35118407 -0.87458324
v 0.10498637 0.35224327 0.57609826
v -0.36177483 -0.24507436 -0.84598249
v 0.28124523 -0.32169572 0.62651426
v -0.31940645 0.36206603 -0.65193319
v 0.36136749 -0.33745399 0.29581448
v -0.35090718 0.35674754 -0.37853900
v 0.08659597 0.33545518 0.73523438
v 0.33975878 -0.35993677 -0.15883985
v 0.08123510 -0.21943100 0.70697701
v -0.08882968 -0.33573285 0.73338872
v 0.34317985 -0.02623678 -0.87893456
v -0.34302694 0.00877748 -0.87893313
v 0.35715628 -0.34956214 -0.78120297
v -0.16632663 0.35157028 0.68367308
v -0.35092559 0.35673869 0.51432300
v -0.01255558 0.21010889 0.86223078
v -0.35576662 0.35425386 0.40928099
v 0.36139631 -0.33745104 0.45337856
v 0.34889618 -0.35843346 0.53188229
v 0.11538115 0.34137535 0.71635127
v -0.36044261 0.33870524 -0.64114600
v 0.00868118 -0.34993559 0.78263581
v 0.20133191 -0.35791066 -0.86438471
v 0.36130339 0.33776471 -0.13344000
v -0.35576659 0.35425386 0.42678800
v -0.35090718 0.35674754 -0.76369601
v -0.09754000 -0.35104999 0.74316400
v -0.03157313 -0.33905700 0.82791382
v 0.11379600 -0.35515901 -0.86737502
v 0.35090137 0.35674253 0.05913840
v -0.18134339 -0.34501800 0.65219247
v 0.08986916 -0.22525240 0.69904441
v 0.35235733 -0.32393217 0.57587260
v -0.34140804 -0.35914469 0.52356702
v 0.18449728 -0.34975109 0.69121099
v 0.07803959 0.35355514 0.75630534
v 0.34328881 -0.04374398 -0.87861866
v -0.35060638 -0.35654923 0.30423799
v -0.10943358 0.24041498 0.68241787
v -0.36160743 -0.10385410 -0.84894180
v -0.35716131 -0.34953707 -0.04590430
v 0.27833900 0.34141201 0.62634200
v 0.12777668 -0.34173405 0.70785058
v -0.35929501 -0.34136501 -0.74618900
v -0.35716131 -0.34953707 -0.15094700
v -0.35929501 -0.34136501 0.25171700
v -0.35060638 -0.35654923 0.32174501
v -0.35060322 -0.35655546 -0.78120303
v 0.34934235 0.35872689 0.46180201
v -0.35090718 0.35674754 0.21670200
v -0.35060543 -0.35654965 0.40928099
v -0.15340422 0.33731624 0.64817977
v 0.20094000 -0.35149601 0.67155403
v 0.11346162 -0.35195872 0.72348827
v -0.35060638 -0.35654923 -0.02839720
v 0.34978080 -0.18380074 -0.87588322
v -0.30736354 -0.35041678 0.60408813
v 0.00764497 0.17245500 0.72594798
v -0.35090715 0.35674754 0.23420900
v -0.02628985 0.18986328 0.71066076
v 0.00420371 0.24858974 0.77547395
v 0.27135810 -0.35098180 -0.87472600
v -0.33957359 0.36036649 -0.66836369
v 0.09629750 0.35101527 -0.87445694
v -0.35060638 -0.35654923 -0.27349699
v 0.06320505 -0.35185340 0.77306700
v 0.01205511 -0.22856458 0.75706661
v 0.04412752 -0.18749671 0.71915489
v -0.01255372 -0.25383002 0.86223429
v -0.00000003 0.27138400 0.87409401
v 0.35059959 -0.35658479 0.37426615
v -0.08705190 -0.24626720 0.71473813
v 0.36188155 0.31900337 -0.81853932
v -0.14419040 0.34981951 0.71842390
v 0.10959500 -0.24158899 0.68939400
v -0.04718310 -0.34943593 0.79280001
v -0.35716131 -0.34953707 0.19919500
v 0.27135831 0.35121873 -0.87458229
v -0.36095059 0.33824852 -0.70254087
v 0.24302654 0.35204062 0.59491658
v -0.10161823 -0.34851810 0.73040783
v -0.35576659 0.35425386 0.02412420
v 0.35059899 -0.35658991 0.28673112
v 0.35878333 0.32399112 -0.86286515
v -0.35060504 -0.35654983 0.42678800
v -0.36150849 -0.33535981 0.32435557
v -0.09759890 0.35112199 0.74315101
v -0.27348709 -0.34130523 0.62945867
v -0.33779991 -0.36065781 0.48792219
v 0.21189286 0.34416828 0.62959427
v -0.01244994 0.24510410 0.86226743
v 0.20754883 -0.34145951 0.62279081
v -0.35090715 0.35674757 -0.78120297
v 0.03395233 0.24628688 0.74568182
v -0.14029299 -0.35352045 0.57378316
v 0.35707113 0.35005188 -0.81621706
v -0.36035588 -0.33877438 -0.02839720
v -0.36016369 0.33996955 0.52203852
v 0.07216702 0.24036127 0.77437222
v -0.35090718 0.35674754 -0.64114600
v -0.35090718 0.35674754 0.47930899
v -0.01293355 0.07880550 0.86173171
v -0.36118346 -0.33607399 0.09643508
v -0.01255297 -0.18380100 0.86223382
v -0.01008209 0.17397788 0.72363734
v 0.36035967 -0.33875987 -0.18596099
v 0.35822451 -0.25382999 -0.86409843
v -0.35716000 -0.34953985 0.47930899
v -0.11563663 -0.29595733 0.62854677
v -0.13895862 0.35337803 0.57411939
v 0.01311275 -0.25413248 0.76741999
v -0.35097778 -0.07875840 -0.87408215
v -0.19971891 -0.34419611 0.68094796
v -0.15038134 -0.32768112 0.62470323
v 0.21825701 0.35135567 0.65220964
v 0.36125284 0.33777118 -0.10717930
v 0.10940249 0.31888372 0.60438848
v 0.35887814 0.27561983 0.55850756
v 0.21883900 0.35558000 -0.86750102
v -0.07907800 -0.22553319 0.68699694
v -0.03501464 0.35148087 0.57688862
v 0.07311965 -0.23800755 0.66980362
v -0.35224861 0.21187821 0.57605296
v -0.00875355 0.35558099 -0.86746001
v 0.33957279 0.36036298 0.43649924
v -0.01255242 -0.10501931 0.86223441
v -0.27436230 0.34143761 0.62931132
v -0.35060638 -0.35654920 0.09415260
v 0.22978471 -0.35151497 0.63803267
v -0.35711318 0.34997958 -0.13344000
v 0.35090137 0.35674253 0.47930899
v 0.23496200 -0.34257999 0.65790898
v -0.07853550 0.21844999 0.70513898
v 0.07400903 0.24703981 0.66285276
v -0.33373922 0.31811851 0.58947217
v 0.20132998 0.35117713 -0.87454355
v -0.35060638 -0.35654923 0.07664550
v 0.00127710 0.20028393 0.75537515
v 0.21556900 -0.35111001 0.66549700
v -0.04964614 0.34196654 0.79293519
v -0.06997196 0.34707001 0.58062136
v 0.36124301 -0.14003164 -0.85123098
v 0.19633983 -0.34755230 0.68346816
v 0.35715738 -0.34956101 -0.20346799
v 0.05063369 0.19260246 0.79660338
v 0.36043975 0.33870381 0.09415260
v 0.35715845 -0.34955713 0.07664552
v 0.01246899 -0.16629399 0.86236537
v 0.05566663 -0.24446231 0.73444945
v 0.07566901 0.34594852 0.76860893
v -0.03584123 0.26346365 0.74878877
v 0.34886199 0.27138484 -0.87726521
v -0.33721063 -0.36115608 -0.37853929
v -0.36178526 -0.07000335 -0.84599328
v -0.35090718 0.35674757 -0.55361003
v -0.34311977 0.07880586 -0.87861472
v -0.35646462 0.28889099 0.56895840
v 0.35929799 -0.34136501 -0.60613197
v -0.01574150 0.34141201 0.85356897
v -0.05076191 -0.27135485 0.79646361
v -0.15054533 0.35090253 0.70968235
v -0.05958218 0.22067115 0.73023343
v -0.18242800 0.35145599 0.68852800
v -0.36168092 0.13132688 0.54256040
v -0.01171730 0.22807308 0.75623441
v -0.36183748 -0.31031477 0.54313302
v -0.35716131 -0.34953710 -0.51859599
v -0.36175671 0.31896132 0.13792051
v -0.35090718 0.35674754 -0.22097500
v -0.01151912 0.26800576 0.77196407
v -0.03633562 0.34252036 0.81449336
v -0.34846824 0.24363542 0.57929349
v -0.00091468 0.18038183 0.71243238
v 0.35036269 0.07004546 0.57789731
v 0.30439350 0.34944433 0.60730314
v 0.17483775 -0.35367489 0.57934648
v -0.04376780 0.35104623 -0.87444174
v 0.13592285 0.32625100 0.63881868
v -0.35823768 0.20135505 -0.86405283
v -0.36132017 0.33589897 -0.38090029
v 0.01274350 -0.27948633 0.77299166
v -0.35627398 -0.12662818 0.56840837
v -0.31349882 0.36075270 0.56215072
v -0.36130956 -0.33548775 -0.17103280
v 0.04172996 -0.20533939 0.69681084
v 0.35715789 -0.34955883 -0.04590429
v -0.25385284 -0.35789311 -0.86442471
v -0.00075905 0.20361476 0.69942480
v -0.36118987 0.33778164 0.08539908
v 0.35058588 -0.35662013 -0.58862495
v 0.06118803 -0.28278753 0.73871911
v -0.36213839 0.31618357 -0.84467191
v -0.35090110 0.35675046 -0.79870999
v 0.00921645 -0.35276201 0.84724700
v 0.11540357 -0.26595417 0.65694106
v -0.34934890 0.35873052 -0.32601801
v 0.30637336 0.35170454 -0.87317032
v 0.00023121 -0.34138733 0.87410569
v 0.36035943 -0.33876202 0.04163130
v -0.21864150 0.34401244 0.62403435
v -0.12667026 -0.28200936 0.65374142
v -0.36134917 -0.33788231 0.07664550
v -0.07386818 0.24149802 0.66970474
v 0.33681017 -0.36108872 -0.80715394
v 0.33975050 -0.35995936 -0.45818716
v 0.00000015 0.23636900 0.87409401
v -0.27030599 -0.35143894 0.62285489
v -0.35716131 -0.34953704 -0.23848200
v -0.36095059 0.33824852 -0.45744175
v 0.28950766 -0.35130018 0.61498225
v 0.33937192 -0.36020398 -0.84233999
v -0.35544801 0.08756097 -0.86750001
v 0.13598156 -0.33396402 0.65374881
v -0.35000336 -0.06125140 0.57807612
v -0.35090718 0.35674754 -0.58862501
v 0.14301901 -0.35093901 0.71716499
v 0.34316239 0.07880594 -0.87891239
v -0.12192617 0.32131901 0.70541346
v -0.13636699 -0.33813500 0.68939400
v 0.34900460 -0.35843611 0.51432693
v -0.35711315 0.34997958 0.35675901
v -0.21889570 0.35164261 0.65199435
v -0.35627398 0.26673225 0.56840831
v -0.14879847 0.35806960 -0.86421704
v 0.01750912 -0.35101631 0.57692778
v -0.35090718 0.35674754 0.26047033
v -0.34170350 -0.35754818 -0.86095017
v 0.35545304 0.24512516 -0.86748850
v 0.01246959 -0.19255473 0.86236501
v 0.35715747 -0.34956038 -0.15094699
v 0.14894255 -0.32971767 0.60227591
v 0.18382467 -0.35791361 -0.86438298
v -0.09628915 -0.34276322 -0.87865180
v 0.35545301 -0.11377300 -0.86750102
v 0.35822767 0.07880551 -0.86410010
v 0.36177349 -0.22756696 -0.84618139
v -0.09008110 0.27849695 0.63834137
v 0.02510580 0.18438300 0.72615302
v -0.07227745 0.31933552 0.74012870
v -0.12947328 -0.26555178 0.67754751
v 0.32396969 -0.35798022 -0.86417288
v 0.35710761 0.34997454 0.21670200
v 0.36177227 0.31993890 -0.19290175
v 0.04376780 0.18961400 0.72103101
v 0.35710761 0.34997454 -0.36103201
v 0.11309972 0.34176555 -0.87857968
v 0.35929799 -0.34136501 0.25171700
v 0.31959781 -0.36160532 0.22350198
v 0.31457371 -0.36038741 0.56009960
v 0.36139664 -0.33745065 0.36518347
v 0.35059398 -0.35660973 -0.11593292
v -0.33525541 -0.36095148 -0.69108903
v -0.35823470 -0.00873005 -0.86405599
v -0.02285844 -0.35145217 0.83542997
v -0.08445037 0.23612027 0.71363562
v 0.35059202 -0.35661325 -0.25598991
v -0.10701667 0.33338389 0.59189266
v 0.07344309 0.20628436 0.70978177
v -0.01062556 -0.34133410 0.86033112
v -0.34216338 0.34747961 0.58151865
v 0.28886700 0.35343200 0.60185897
v -0.35716134 -0.34953710 0.23420900
v -0.34295782 0.25387746 -0.87888557
v -0.29457441 0.36212140 -0.84520996
v -0.01255239 -0.07000495 0.86223447
v -0.35576659 0.35425386 -0.53610301
v 0.34331295 -0.20130767 -0.87864542
v -0.35060638 -0.35654923 -0.08091850
v 0.36043975 0.33870381 -0.37853900
v -0.16940890 0.33015448 0.61287427
v -0.33804426 0.36074755 -0.25599000
v -0.36095059 0.33824852 0.17305475
v 0.11146077 -0.35284519 0.73631650
v 0.06058587 0.21083716 0.69344664
v 0.12276407 0.32165661 0.70376098
v 0.06040850 -0.20232800 0.72434598
v 0.35710761 0.34997454 -0.69366699
v -0.06474789 -0.18026730 0.77992010
v -0.04545988 0.20300744 0.73148143
v 0.35732472 0.17677268 0.56367010
v 0.27354941 -0.34743500 0.62974548
v 0.08753306 -0.36168244 -0.84657252
v -0.34298894 0.18384844 -0.87889934
v -0.34931856 -0.35282075 0.57428181
v 0.03682870 0.34982127 0.57850283
v 0.21883900 -0.35529399 -0.86748397
v 0.36136550 0.33731773 0.47020370
v -0.22436526 0.34663671 0.66438860
v -0.36168355 0.03503774 0.54255885
v -0.00540310 -0.35481885 0.82946569
v 0.05304182 0.22578220 0.79285860
v -0.12875229 -0.32485035 0.60078251
v 0.07878207 0.34265152 -0.87844682
v 0.35090137 0.35674253 -0.11593300
v 0.11277898 0.27650476 0.70073432
v 0.35090137 0.35674253 -0.30851099
v 0.20132820 -0.34292522 -0.87868953
v -0.35060638 -0.35654923 0.28673100
v 0.34240937 0.32572263 -0.87805861
v -0.14880870 -0.34262863 -0.87857574
v 0.35090137 0.35674253 -0.37853900
v 0.36177343 -0.20130800 -0.84618247
v -0.36176091 -0.31996852 0.46878529
v 0.13027900 0.32390499 0.68939400
v 0.03507846 0.19947812 0.73283517
v 0.00000001 0.00877705 0.87409401
v 0.11345804 -0.30300838 0.62169147
v -0.12413087 0.34919545 0.73437858
v 0.01100566 0.30639800 0.86330080
v 0.00000000 -0.20130800 0.87409401
v 0.35090137 0.35674253 -0.41355401
v -0.35060528 -0.35654974 -0.53610301
v 0.13130300 0.35540900 -0.86736298
v 0.11379600 0.35540801 -0.86735302
v -0.33437580 -0.36124983 -0.72568983
v -0.24776876 -0.34885728 0.61675030
v -0.35576659 0.35425386 -0.43106100
v -0.14734502 0.32937941 0.60091865
v -0.06056507 -0.34187707 -0.87880915
v -0.30519110 0.34477651 0.60886967
v 0.31833723 0.36206380 0.41803414
v -0.14677824 -0.35209852 0.70777231
v 0.28886694 0.35833049 -0.86434519
v -0.31841490 -0.36150351 -0.31728110
v -0.35060638 -0.35654923 0.26922399
v 0.33617026 -0.36061004 0.19654217
v -0.35716134 -0.34953710 -0.25599000
v -0.35716134 -0.34953704 -0.09842560
v 0.02486114 -0.19039941 0.70895857
v 0.09563410 0.23221099 0.68863302
v -0.00008587 -0.32385367 0.87358809
v 0.03635104 0.31886664 0.82099879
v -0.16575599 -0.35148129 0.68697447
v 0.32076254 -0.36159176 0.26922685
v -0.06127497 0.35104609 -0.87444174
v -0.35060638 -0.35654923 -0.22097500
v 0.35929799 -0.34136501 0.23420900
v -0.08447876 -0.31975234 0.76554257
v -0.36070731 -0.33678952 -0.71350777
v 0.36035979 -0.33875906 -0.25599000
v -0.35025188 -0.03499646 0.57806677
v -0.06837454 0.14883275 0.77720314
v -0.34312835 0.02628455 -0.87862241
v 0.07878269 -0.35203239 0.57590878
v 0.19706927 -0.35040709 0.65708810
v 0.33749947 0.36108828 0.38286546
v 0.36036053 -0.33875418 -0.67615998
v 0.13614400 -0.33824000 0.68939400
v -0.34809986 -0.30635074 -0.87771207
v -0.35393608 0.00002350 0.57270849
v 0.00000000 -0.04374430 0.87409401
v 0.36126992 -0.33787170 -0.34352499
v 0.35929799 -0.34136501 0.12916701
v 0.33684152 0.36157155 -0.57985455
v 0.05616507 -0.31904113 0.78962994
v -0.34409428 -0.10812927 0.58207262
v 0.35023701 -0.17504765 0.57791817
v 0.00030478 -0.35240132 0.86472976
v -0.09753913 -0.27142078 0.64357328
v 0.35008648 -0.35621619 0.54946500
v 0.06727777 0.28209856 0.77815497
v -0.35544798 0.24512550 -0.86748797
v 0.12703270 0.34558168 0.73269171
v 0.35090137 0.35674253 0.04163130
v -0.35929501 -0.34136501 -0.67615998
v 0.06532984 -0.34249035 0.77759522
v 0.17417009 0.36194530 0.54339451
v -0.02597295 0.34744027 0.78076673
v 0.36126712 0.33539173 0.14935777
v 0.36094892 0.33824626 -0.72004849
v 0.36175901 0.31973717 0.38138771
v 0.35710761 0.34997457 0.39177299
v -0.01751312 -0.35529301 -0.86743146
v -0.35090718 0.35674757 -0.23848200
v 0.20812201 -0.34606615 0.59749043
v -0.14879976 -0.35764161 -0.86419070
v -0.35715762 -0.34954494 -0.79870999
v -0.31402248 0.34244093 -0.87863553
v -0.33721837 -0.36108714 -0.40480074
v -0.00000014 -0.23632200 0.87409401
v -0.35544801 0.28015846 -0.86748350
v 0.10977384 -0.29991576 0.70922667
v 0.36194155 0.31696665 0.54084331
v -0.13743716 0.32807457 0.64811009
v 0.33773240 -0.36088738 -0.77259856
v -0.06909969 0.19804360 0.77662814
v 0.00874333 0.31407589 0.77933919
v 0.18311884 -0.34203324 -0.87872171
v 0.00876713 0.35479048 0.82438910
v -0.35716131 -0.34953707 0.14667401
v 0.35719728 -0.34947592 -0.81621736
v -0.23356314 -0.33835235 0.65968579
v -0.04632710 0.32088956 0.80385667
v 0.34892347 -0.27133656 -0.87734693
v -0.36187673 -0.31771860 -0.82462186
v 0.36177117 -0.07015970 -0.84674048
v -0.33780527 -0.36064991 -0.47468057
v 0.35929799 -0.34136501 -0.58862501
v -0.35939199 0.34141201 -0.27349699
v 0.35090137 0.35674253 0.00661705
v -0.28005818 -0.36140040 -0.84665674
v -0.01750478 -0.35102934 0.57687515
v 0.04376780 -0.35529301 -0.86744201
v 0.33679774 -0.36099604 0.48851457
v 0.33997747 -0.22756727 0.58492100
v -0.01746158 -0.22709771 0.75276929
v 0.06157050 0.19991700 0.70692700
v -0.23632699 -0.36139789 -0.84199381
v 0.35884213 0.34842187 -0.27349699
v 0.09206590 -0.35105100 0.75278997
v 0.02515980 -0.18426900 0.72616398
v 0.35885012 -0.34798121 0.47930911
v -0.35716131 -0.34953707 0.21670200
v 0.34910688 -0.35843980 -0.06341115
v 0.10187078 0.34958088 0.73058391
v 0.16159706 -0.10503569 0.71111000
v -0.06177460 -0.22886500 0.78219318
v -0.36181790 -0.31969017 0.50587749
v 0.35090137 0.35674253 -0.02839720
v 0.35058275 -0.35662296 -0.69366693
v 0.34610024 0.17509450 0.58065510
v -0.35090718 0.35674754 -0.46607500
v 0.34331205 -0.28884384 -0.87866402
v 0.34517631 0.35703099 -0.86195433
v -0.04339174 -0.20093590 0.70159960
v -0.36130425 0.33776793 0.23420900
v -0.36170685 -0.25300810 0.54187286
v 0.23620349 0.35098103 0.63347012
v 0.31975281 -0.36176923 -0.56927156
v -0.01255239 0.00002350 0.86223447
v 0.25385100 -0.35097048 -0.87471640
v 0.13718057 -0.32130602 0.72838593
v -0.33617699 -0.36050361 -0.55096310
v 0.35059321 -0.35661250 -0.18596093
v -0.36175945 0.31896195 -0.66740632
v -0.33735937 -0.36078659 0.12042718
v 0.30331194 0.35671237 0.58406383
v 0.01246850 -0.07875850 0.86236596
v -0.35715932 -0.34954131 -0.76369601
v -0.35707629 -0.34974238 -0.83373427
v -0.34934890 0.35873052 -0.48358199
v 0.03716028 -0.32106853 0.81947589
v 0.35715839 -0.34955722 0.05913840
v 0.01111077 0.27784237 0.77403212
v 0.00007009 -0.35025230 0.87334669
v -0.06136190 0.20155901 0.72228599
v 0.09650022 -0.23931913 0.66914088
v -0.34303510 -0.04374391 -0.87894666
v 0.22538520 0.32220459 0.66600972
v -0.35824654 0.35240656 -0.72868198
v 0.05257382 -0.27457097 0.79363841
v 0.35938701 0.34141201 -0.44856799
v -0.17437589 -0.35483065 0.57645035
v -0.05671031 -0.18963224 0.71556973
v -0.31609300 -0.36167496 -0.84553427
v 0.08404216 -0.31969771 0.76590091
v -0.01255300 0.14883400 0.86223352
v -0.35732964 0.34865662 -0.85147440
v -0.35015476 -0.24507600 0.57807982
v -0.35544804 -0.21005985 -0.86750001
v 0.11437900 0.27050000 0.65382701
v -0.25466931 0.32202190 0.64530146
v 0.01246850 0.06129840 0.86236596
v 0.35059562 -0.35660389 0.02412430
v 0.35059646 -0.35660022 0.09415270
v 0.04376747 -0.36175606 -0.84163898
v 0.31502599 0.33408844 -0.87891817
v 0.02598743 0.34985545 0.78202331
v -0.07065911 -0.27157754 0.77552170
v -0.36179504 0.28024030 -0.84575564
v -0.06076278 -0.27177379 0.73657191
v -0.00844709 -0.35023603 0.78331786
v -0.31859279 -0.36145583 0.17293660
v 0.35573539 -0.35401335 -0.01088993
v -0.36177516 0.31896383 -0.28225043
v 0.35087553 0.35675496 0.51432300
v -0.36095059 0.33824852 0.45316878
v -0.36137870 0.33775717 -0.58862501
v -0.00103450 -0.20029846 0.75543702
v -0.32053271 -0.36150080 0.40949002
v 0.33804280 0.36074474 -0.22097500
v -0.31821820 0.36219126 0.52355045
v -0.35090718 0.35674757 -0.71117401
v 0.16471322 -0.32147306 0.70896560
v 0.35545298 0.01753237 -0.86750102
v -0.35060355 -0.35655051 -0.62363899
v -0.35736296 0.06835528 0.56363159
v 0.18444136 0.35117540 0.66824847
v -0.36175790 0.32077172 -0.13343993
v 0.25366765 0.35110566 0.61802292
v -0.00875355 0.17273401 0.73739398
v 0.01012461 -0.17374931 0.72363716
v -0.13272101 0.28889099 0.67188698
v 0.29756910 -0.35633406 0.58246523
v -0.35433605 -0.31528011 0.57234961
v 0.04974745 -0.16296566 0.79795468
v -0.32253945 0.35227644 0.59204119
v -0.34903890 0.35379162 0.56912929
v -0.00182501 0.34977266 0.57841367
v -0.34008217 0.03503931 0.58486646
v -0.01274745 -0.14009248 0.86198252
v -0.35939199 0.34141201 0.28673100
v 0.12486853 -0.28845456 0.65072894
v 0.34002531 -0.08757175 0.58488369
v -0.23695439 0.35001451 0.63218677
v -0.05321908 0.01391554 0.79243398
v 0.22796792 0.35998741 0.56383806
v -0.33452961 -0.36116406 0.45885870
v -0.01270049 -0.31281191 0.77842009
v -0.17205057 -0.33864915 0.70317376
v -0.24508496 0.36205205 -0.84667218
v 0.35230255 -0.20834903 0.57589173
v -0.34750301 -0.25382966 -0.87872869
v 0.11205778 -0.28536823 0.63832802
v -0.35095957 0.06129850 -0.87408483
v -0.28968254 0.34669530 0.61842924
v 0.33373752 0.36181748 -0.43431148
v -0.32064816 0.36206573 0.44429499
v -0.34913135 -0.35835046 -0.16845401
v -0.18407226 -0.35134518 0.67144156
v 0.12858343 -0.35143510 0.71324152
v 0.04603477 0.34539062 0.76763046
v -0.12655403 -0.29785851 0.69297326
v 0.09123532 -0.26474735 0.64726627
v -0.05234070 -0.09626637 0.79391903
v 0.36177260 0.24512641 -0.84620368
v -0.09628910 -0.35529399 -0.86741799
v 0.35059261 -0.35661310 -0.22097495
v -0.11535034 0.29179966 0.63220143
v -0.36176467 0.31896269 0.41803473
v 0.36114606 -0.33788615 -0.32601801
v -0.02106720 0.34141201 0.84481603
v 0.14250420 0.32157394 0.72462010
v 0.32052428 -0.36157468 0.44448748
v -0.36118346 -0.33607399 0.17940556
v 0.36036035 -0.33875537 -0.57111800
v 0.36148548 0.33385420 -0.30815595
v -0.25398114 -0.32074070 0.64579105
v 0.12729448 -0.34575760 0.73268336
v -0.34305558 -0.20130782 -0.87898761
v -0.11211722 0.35283348 0.73663104
v 0.33684152 0.36157155 0.29546767
v -0.35716131 -0.34953707 -0.30851099
v -0.03217997 -0.33844212 0.77374840
v -0.36132017 0.33589900 -0.32365677
v -0.27135736 -0.35099486 -0.87470460
v -0.17606679 0.34185600 0.59523910
v -0.34855303 -0.02623665 -0.87746811
v 0.33372885 0.36185789 -0.39929673
v 0.10109713 0.29052529 0.62718761
v -0.36175424 -0.17504750 0.53898561
v 0.35938701 0.34141201 0.19919500
v 0.00000000 -0.07875850 0.87409401
v -0.17672727 -0.36133507 0.54211366
v -0.06278695 -0.20364241 0.72301710
v 0.36155009 -0.33348817 0.40928110
v 0.14037077 0.34042439 0.67163140
v -0.11380727 0.35835057 -0.86427969
v -0.32049182 -0.36144811 0.07664447
v -0.35902438 -0.21053094 0.55986553
v 0.35059428 -0.35660890 -0.09842550
v -0.13410391 0.33438694 0.68912607
v -0.35060304 -0.35655078 -0.64114600
v -0.34286815 -0.21888459 -0.87910336
v -0.11061453 0.25091735 0.69552052
v -0.36167458 0.18384799 0.54256403
v -0.34297094 0.28009433 -0.87874126
v -0.36077043 0.33831608 -0.17709839
v 0.34293815 0.25394240 -0.87894994
v -0.05594541 0.34737009 0.78387207
v 0.36172673 -0.10853357 0.54060894
v 0.35197714 0.32399443 0.57643902
v 0.33674157 0.36157775 -0.78996062
v -0.01255239 -0.04374430 0.86223447
v -0.01750726 -0.36137259 0.54326868
v -0.04376831 -0.35086378 -0.87459219
v 0.35829180 -0.32395044 -0.86390078
v -0.35224861 0.10329653 0.57605296
v -0.19702594 0.35046250 0.65704864
v 0.36176091 -0.31996581 -0.15792929
v -0.34315106 -0.11377264 -0.87864447
v 0.36177281 0.17509784 -0.84619892
v 0.35090131 0.35674253 -0.71117401
v 0.35392398 0.14008051 0.57263881
v 0.33976310 -0.35988629 0.33135605
v -0.05578063 0.22714099 0.78939247
v 0.34007117 -0.01748363 0.58484244
v -0.00835144 -0.25390249 0.77056694
v 0.34314841 0.14883444 -0.87889934
v 0.10630430 -0.24793999 0.69937086
v 0.12534839 0.26977202 0.66689366
v -0.28885815 -0.34959576 -0.87774038
v -0.36010215 0.33997715 0.05114729
v 0.35545301 -0.23632200 -0.86750102
v -0.35939199 0.34141201 0.33925200
v -0.05234109 -0.04374430 0.79391837
v 0.31351745 0.36234877 -0.84414876
v -0.13398422 -0.32901332 0.67175204
v -0.04836625 -0.33437899 0.76030582
v -0.35090718 0.35674754 -0.74618900
v 0.36175853 -0.32077283 -0.02839681
v 0.35090131 0.35674253 0.11166000
v 0.01247049 -0.24507616 0.86236495
v -0.01246139 0.28000286 0.86224979
v -0.35060439 -0.35655013 -0.58862501
v -0.34304672 -0.13127971 -0.87897223
v -0.35060605 -0.35654935 -0.43106100
v 0.34002742 0.01759118 0.58488995
v 0.35545313 0.14008215 -0.86750054
v -0.36176583 0.31994283 0.29367366
v 0.06849717 -0.18397084 0.77709681
v 0.36172673 0.16110179 0.54060888
v -0.35224861 0.14185022 0.57605296
v 0.07999087 0.28716838 0.72775680
v 0.34315288 0.13132745 -0.87890291
v 0.35715801 -0.34955871 -0.02839719
v 0.13130300 -0.35516000 -0.86737400
v -0.32064727 0.36206105 0.00661665
v 0.32200283 0.35332578 0.58758813
v 0.36193264 -0.31912467 -0.82628030
v 0.07074113 -0.01748363 0.77544314
v 0.14982428 -0.32874295 0.62506455
v -0.36125448 0.33776334 0.48804814
v -0.35544807 0.17509729 -0.86749703
v -0.04907107 0.12616177 0.79892731
v 0.01246850 0.01753062 0.86236596
v 0.00000001 -0.02623720 0.87409401
v -0.36177927 0.01753231 -0.84599465
v -0.17396758 -0.33146560 0.60745215
v -0.31963488 0.36206251 -0.35937080
v -0.01751110 -0.34275255 -0.87873769
v -0.08593947 -0.35703096 0.56379509
v 0.32051855 -0.36168051 -0.25579321
v -0.05252206 0.36195794 0.54328376
v 0.35710761 0.34997454 0.16418099
v 0.32064348 0.36206117 0.02412376
v 0.35810101 0.24512300 0.56140709
v -0.00000015 0.25387701 0.87409401
v -0.33439618 -0.36120200 -0.76070678
v 0.04974963 -0.05791985 0.79795641
v 0.09096615 -0.33559129 0.73211753
v 0.15082727 0.33084917 0.62809223
v 0.36163855 -0.28868350 0.54286849
v -0.35036340 -0.27991870 0.57806426
v -0.36143887 -0.33368787 -0.43106094
v 0.35741588 -0.34901032 -0.83374351
v 0.32564253 -0.34437826 0.59425974
v 0.15116754 -0.34138075 0.71589434
v -0.36175412 -0.31976196 -0.59896326
v 0.02484440 0.12257674 0.84126580
v 0.36156037 0.33326688 -0.76369596
v 0.17766610 -0.35077372 0.67206633
v -0.01293355 0.06129840 0.86173171
v 0.36043975 0.33870381 -0.08091850
v 0.07000128 0.34011385 0.58633935
v 0.36168066 -0.24507599 0.54262704
v -0.04073443 0.21808767 0.68861967
v 0.04321600 0.19995333 0.70166218
v 0.35395166 -0.29776955 0.57258332
v 0.32045251 -0.36162788 0.00661231
v 0.36177632 0.32029694 -0.24013162
v 0.09065964 -0.30841190 0.61204612
v 0.36176598 -0.31996578 -0.59560686
v -0.36176914 -0.31996953 0.26224029
v -0.36175945 0.31896189 0.03287804
v 0.32046685 0.36206296 0.12936218
v 0.14724985 0.10575759 -0.87884802
v 0.36177826 0.01753234 -0.84619373
v 0.25224996 -0.35194474 0.63296783
v 0.36137426 -0.33544457 -0.51600236
v 0.07523564 -0.21992408 0.68687278
v -0.09300804 -0.29357311 0.62502182
v -0.06162581 0.35177377 0.75874686
v -0.31461775 -0.35551783 -0.86758924
v -0.36180186 0.17833780 -0.84475607
v -0.33372772 0.36188585 -0.15419586
v 0.03501408 0.36196420 0.54328018
v -0.34311664 0.09631293 -0.87861145
v 0.06127487 -0.34278715 -0.87870449
v 0.33167887 0.36190262 -0.53610313
v -0.32071209 -0.36148942 -0.61488855
v 0.33167467 0.36191928 0.25171676
v -0.31940535 0.36206108 0.28001186
v 0.25470388 0.32144535 0.64527750
v -0.35823438 -0.04374428 -0.86405569
v 0.05063664 0.01753062 0.79660630
v 0.34607658 -0.14003441 0.58065975
v 0.35710761 0.34997451 0.25171700
v -0.34305325 -0.18380077 -0.87898445
v 0.35392398 0.01753062 0.57263881
v -0.36176267 -0.31899962 0.01537107
v 0.34321174 -0.11377262 -0.87889522
v 0.07073875 0.15758704 0.77544463
v 0.13130099 0.36183131 -0.84765702
v 0.35710761 0.34997454 -0.01089010
v 0.31959534 -0.36161301 0.11845676
v -0.32077426 -0.36147115 0.30424473
v 0.31939805 -0.36175993 -0.73946190
v -0.36178544 -0.17504592 -0.84598917
v 0.05183887 -0.11652607 0.79458058
v 0.31940049 0.36206117 -0.19675080
v -0.08754614 0.36205086 -0.84672987
v -0.18147595 0.36124781 0.55769783
v -0.08756198 -0.34697655 0.58028811
v 0.34019926 0.29747680 0.58465481
v -0.08750582 -0.36150721 -0.84669727
v -0.20435280 -0.36175719 -0.15054150
v 0.34303391 -0.25390011 -0.87906420
v 0.31935000 -0.36176306 -0.44185174
v -0.31979844 0.36206615 0.23235388
v 0.08417342 0.32005882 0.76573253
v 0.36009857 0.33997637 -0.50907958
v 0.13928910 -0.36130670 0.54285640
v -0.06108134 0.04995283 0.78253013
v -0.36176243 -0.32107812 -0.27349684
v -0.31246293 -0.32156488 0.60443836
v 0.36118874 0.33777845 0.07664550
v -0.17024308 0.32084337 0.70504439
v -0.35060638 -0.35654923 0.18168800
v -0.31963488 0.36206251 0.13128971
v 0.36118874 0.33777845 -0.63239253
v 0.36035922 -0.33876354 0.16418099
v 0.35929799 -0.34136501 -0.42230693
v -0.32064727 0.36206105 -0.55361009
v 0.25369871 -0.34138346 0.64439863
f 1254 1624 1274
f 1254 866 1624
f 930 1132 1502
f 1274 1132 930
f 1624 1132 1274
f 1730 1502 1949
f 1132 1949 1502
f 1132 1147 1949
f 1624 1147 1132
f 866 1147 1624
f 1676 1949 1867
f 1676 1730 1949
f 1147 1867 1949
f 866 1867 1147
f 336 1652 1323
f 1714 336 1323
f 1319 1714 1172
f 347 1319 1172
f 1614 347 348
f 1670 930 1715
f 1670 1274 930
f 1670 1715 565
f 336 565 1652
f 336 1670 565
f 1049 336 1714
f 1049 1714 1319
f 1614 1319 347
f 1614 1049 1319
f 1049 1670 336
f 287 1049 1614
f 1254 1274 1670
f 197 930 1502
f 197 1715 930
f 197 565 1715
f 1117 565 197
f 1117 1652 565
f 1323 1652 1117
f 1914 1714 1323
f 1172 1714 1914
f 1590 347 1172
f 348 347 1590
f 1730 197 1502
f 1914 1323 1117
f 1590 1172 1914
f 1117 197 1730
f 1117 1730 1676
f 699 1614 348
f 1640 699 248
f 752 248 903
f 752 1640 248
f 573 903 1838
f 573 752 903
f 573 1838 1761
f 645 1761 634
f 645 573 1761
f 645 634 1880
f 148 1880 1176
f 148 645 1880
f 287 1614 699
f 287 699 1640
f 752 287 1640
f 1924 573 645
f 148 1924 645
f 573 287 752
f 1527 699 348
f 248 699 1527
f 1527 348 1590
f 252 248 1527
f 252 903 248
f 252 1838 903
f 1956 1838 252
f 1956 1761 1838
f 1956 634 1761
f 294 634 1956
f 294 1880 634
f 294 1176 1880
f 713 148 1176
f 66 713 1587
f 1442 66 1587
f 1920 1144 1882
f 66 148 713
f 352 1442 1043
f 352 66 1442
f 352 1043 1251
f 352 1251 1186
f 1920 1186 1144
f 1920 352 1186
f 1708 713 1176
f 1587 713 1708
f 1201 1442 1587
f 1201 1043 1442
f 1672 1043 1201
f 1672 1251 1043
f 1672 1186 1251
f 132 1186 1672
f 132 1144 1186
f 1882 1144 132
f 1708 1176 294
f 285 1587 1708
f 285 1201 1587
f 1672 1201 285
f 285 1708 294
f 860 1920 1882
f 990 587 378
f 1818 990 378
f 94 860 1184
f 94 1920 860
f 94 1184 1003
f 94 1003 1272
f 290 1272 587
f 290 94 1272
f 290 587 990
f 290 990 1818
f 1990 1818 1255
f 1990 290 1818
f 1654 860 1882
f 1654 1184 860
f 1428 1184 1654
f 1428 1003 1184
f 1106 1003 1428
f 1106 1272 1003
f 1106 587 1272
f 378 587 1106
f 1084 1818 378
f 1084 1255 1818
f 1654 1882 132
f 1599 378 1106
f 1599 1084 378
f 1050 1255 1340
f 1602 1050 1340
f 702 1483 1611
f 1102 702 1611
f 1459 876 1794
f 1320 1459 1794
f 1990 1255 1050
f 1990 1050 1602
f 376 1602 1483
f 376 1990 1602
f 376 1483 702
f 376 702 1102
f 1459 1102 876
f 1459 376 1102
f 1137 1459 1320
f 1340 1255 1084
f 31 1602 1340
f 1057 1602 31
f 1057 1483 1602
f 1611 1483 1057
f 1143 1102 1611
f 1143 876 1102
f 1794 876 1143
f 522 1320 1794
f 31 1340 1084
f 1143 1611 1057
f 31 1084 1599
f 522 1794 1143
f 1027 1603 1543
f 536 1027 1543
f 1372 1316 1330
f 882 1330 311
f 882 1372 1330
f 1137 1320 556
f 1137 556 1214
f 1027 1214 1603
f 1027 1137 1214
f 491 1027 536
f 491 536 1316
f 1372 491 1316
f 1966 1372 882
f 1966 491 1372
f 491 1137 1027
f 522 556 1320
f 1158 556 522
f 1158 1214 556
f 1158 1603 1214
f 1543 1603 1158
f 1070 536 1543
f 274 536 1070
f 274 1316 536
f 1330 1316 274
f 450 1543 1158
f 1070 1543 450
f 175 1330 274
f 175 311 1330
f 450 1158 522
f 274 1070 450
f 1254 525 866
f 1277 525 1254
f 1277 1788 525
f 1277 969 1788
f 354 969 1277
f 354 1735 969
f 1974 1735 354
f 1974 1189 1735
f 1086 1189 1974
f 1086 569 1189
f 1735 1839 969
f 1735 1815 1839
f 1189 1815 1735
f 1189 1964 1815
f 1189 362 1964
f 569 362 1189
f 969 1839 1788
f 1049 1254 1670
f 1277 1254 1049
f 354 1277 1049
f 278 354 1049
f 278 1049 287
f 278 1974 354
f 278 357 1974
f 357 1086 1974
f 1924 287 573
f 279 287 1924
f 279 278 287
f 66 1924 148
f 150 352 1920
f 279 1924 66
f 150 66 352
f 150 279 66
f 67 279 150
f 150 1920 94
f 23 150 94
f 23 94 290
f 23 290 1990
f 1137 376 1459
f 328 376 1137
f 328 1990 376
f 328 23 1990
f 430 23 328
f 45 491 1966
f 45 1137 491
f 45 328 1137
f 425 328 45
f 1086 527 569
f 1315 527 1086
f 1315 786 527
f 1429 786 1315
f 1429 1387 786
f 1429 865 1387
f 1960 865 1429
f 395 1823 1960
f 1528 1823 395
f 527 1881 569
f 527 1856 1881
f 786 338 1856
f 786 1856 527
f 1387 338 786
f 427 338 1387
f 865 427 1387
f 1960 427 865
f 1960 1723 427
f 1823 1723 1960
f 1528 433 1823
f 1881 362 569
f 1823 433 1723
f 1856 338 1881
f 1723 338 427
f 357 1315 1086
f 1429 1315 357
f 278 1429 357
f 395 1960 1429
f 395 1429 278
f 180 395 278
f 138 278 279
f 67 138 279
f 138 180 278
f 209 67 150
f 115 67 209
f 209 150 23
f 430 209 23
f 425 430 328
f 432 430 425
f 137 425 45
f 1676 1867 1821
f 1867 1173 1821
f 866 1173 1867
f 1462 1676 1821
f 1821 1173 1462
f 1683 1462 177
f 1173 177 1462
f 372 1683 177
f 177 961 372
f 1173 961 177
f 961 1044 372
f 258 1044 437
f 961 437 1044
f 961 1181 437
f 1197 258 437
f 437 1181 1197
f 1181 1651 1197
f 1181 1575 1651
f 1683 1676 1462
f 1683 1117 1676
f 1683 1914 1117
f 1590 1914 1683
f 444 1590 1683
f 258 372 1044
f 258 1683 372
f 444 1683 258
f 896 1197 1651
f 896 258 1197
f 444 258 896
f 252 1527 1590
f 252 1590 444
f 453 252 444
f 453 1956 252
f 453 294 1956
f 132 1672 285
f 398 294 453
f 398 285 294
f 271 285 398
f 271 132 285
f 1599 1106 1428
f 271 1654 132
f 1428 1654 271
f 106 1428 271
f 106 1599 1428
f 89 1599 106
f 522 1143 1982
f 1982 1143 1057
f 89 31 1599
f 89 1057 31
f 1982 1057 89
f 409 1982 89
f 175 274 450
f 1982 450 522
f 296 175 450
f 296 450 1982
f 296 1982 500
f 500 1982 409
f 123 296 500
f 525 1173 866
f 1788 1173 525
f 1839 1173 1788
f 1839 147 1173
f 1815 147 1839
f 1964 147 1815
f 362 147 1964
f 147 961 1173
f 147 1181 961
f 147 1575 1181
f 1881 147 362
f 338 147 1881
f 1723 405 338
f 433 405 1723
f 338 405 147
f 896 1651 213
f 1575 213 1651
f 1575 284 213
f 1124 896 213
f 213 284 1124
f 1981 1124 1802
f 284 1802 1124
f 284 1508 1802
f 1981 1802 530
f 1508 530 1802
f 1508 513 530
f 1241 1981 530
f 513 1241 530
f 513 1594 1241
f 1116 1241 1851
f 1594 1851 1241
f 1116 1851 1648
f 1851 1906 1648
f 1594 1906 1851
f 38 1116 1648
f 1981 896 1124
f 444 896 1981
f 1116 1981 1241
f 1116 444 1981
f 38 444 1116
f 397 444 38
f 64 444 397
f 64 453 444
f 198 453 64
f 198 398 453
f 198 271 398
f 511 106 271
f 511 271 198
f 511 89 106
f 156 409 89
f 156 89 511
f 319 123 500
f 156 500 409
f 319 500 156
f 147 284 1575
f 147 1508 284
f 147 513 1508
f 147 1594 513
f 147 247 1594
f 247 1906 1594
f 405 247 147
f 405 88 247
f 666 311 1168
f 666 882 311
f 1145 666 1168
f 722 1145 863
f 722 863 815
f 1477 815 1412
f 1477 722 815
f 1378 1412 1403
f 1378 1477 1412
f 1002 1378 1403
f 1966 882 666
f 1966 666 1145
f 722 1966 1145
f 65 1002 1109
f 65 1378 1002
f 777 1145 1168
f 863 1145 777
f 1711 1002 1403
f 1711 1109 1002
f 175 1168 311
f 777 1168 175
f 1834 863 777
f 1834 815 863
f 1834 1412 815
f 1834 1403 1412
f 1711 1403 1834
f 1834 777 175
f 1810 1085 1994
f 1352 1810 1994
f 1321 1537 1030
f 547 1030 1600
f 547 1321 1030
f 65 1109 1665
f 1810 1665 1085
f 1810 65 1665
f 375 1810 1352
f 375 1352 1688
f 375 1688 1537
f 1939 1537 1321
f 1939 375 1537
f 1939 1321 547
f 568 1109 1711
f 568 1665 1109
f 568 1085 1665
f 1994 1085 568
f 186 1352 1994
f 186 1688 1352
f 185 1688 186
f 185 1537 1688
f 1030 1537 185
f 1748 1994 568
f 186 1994 1748
f 249 1030 185
f 249 1600 1030
f 1748 568 1711
f 249 185 186
f 665 1600 1573
f 665 547 1600
f 665 1573 1313
f 1361 1313 1322
f 1361 665 1313
f 945 1361 1322
f 852 945 434
f 1040 434 399
f 1040 852 434
f 438 399 955
f 438 1040 399
f 438 955 1326
f 665 1939 547
f 852 1361 945
f 988 945 1322
f 434 945 988
f 1972 1600 249
f 1972 1573 1600
f 1972 1313 1573
f 1972 1322 1313
f 988 1322 1972
f 54 434 988
f 54 399 434
f 1755 399 54
f 1755 955 399
f 1755 1326 955
f 54 988 1972
f 1065 1326 1360
f 1065 438 1326
f 1065 1360 1252
f 100 1065 1252
f 1578 1065 100
f 1578 100 1383
f 1693 1383 679
f 1693 1578 1383
f 1693 679 1178
f 1441 1178 349
f 1441 1693 1178
f 1441 349 1076
f 1783 100 1252
f 1364 100 1783
f 1364 1383 100
f 1364 679 1383
f 1309 679 1364
f 1309 1178 679
f 1309 349 1178
f 1076 349 1309
f 1755 1360 1326
f 1783 1360 1755
f 1783 1252 1360
f 223 1309 1364
f 1224 1309 223
f 1224 1076 1309
f 1165 1224 223
f 1770 1076 1559
f 1770 1441 1076
f 1919 1441 1770
f 373 1770 1559
f 1919 1770 373
f 1224 1559 1076
f 1204 1559 1224
f 1026 1559 1204
f 373 1559 1026
f 1991 373 1026
f 1165 1204 1224
f 1332 1204 1165
f 1332 1026 1204
f 1991 1026 1332
f 1991 1332 997
f 854 1332 1165
f 997 1332 854
f 305 1991 997
f 1477 1966 722
f 65 1477 1378
f 45 1966 1477
f 65 45 1477
f 329 45 65
f 375 65 1810
f 102 375 1939
f 102 65 375
f 102 329 65
f 1361 1939 665
f 1361 102 1939
f 504 852 1040
f 504 1040 438
f 504 102 1361
f 504 1361 852
f 1578 438 1065
f 1702 1578 1693
f 1702 1693 1441
f 1578 504 438
f 1702 504 1578
f 1826 504 1702
f 1826 1702 1835
f 1919 1702 1441
f 1734 1702 1919
f 1835 1702 1734
f 253 1835 1734
f 457 1826 1835
f 457 1835 253
f 577 1826 457
f 366 577 457
f 1919 373 1991
f 1734 1919 1991
f 305 1734 1991
f 253 1734 305
f 137 45 329
f 385 137 329
f 6 329 102
f 6 385 329
f 225 385 6
f 6 102 504
f 117 6 504
f 69 504 1826
f 1457 1826 577
f 1457 69 1826
f 69 117 504
f 214 117 69
f 1179 117 214
f 326 69 1457
f 326 1457 1631
f 1489 69 326
f 1489 214 69
f 1616 214 1489
f 1625 214 1616
f 1625 1179 214
f 366 1457 577
f 1631 1457 366
f 330 1625 1616
f 1489 326 1631
f 1748 1711 1834
f 1834 175 296
f 281 1834 131
f 281 1748 1834
f 131 1834 296
f 123 131 296
f 249 186 1748
f 286 249 1748
f 286 1748 281
f 286 1972 249
f 277 1972 286
f 277 54 1972
f 1755 54 277
f 223 1364 1783
f 1001 1165 223
f 1001 223 1783
f 1001 1783 1755
f 30 1755 277
f 1829 1755 30
f 1829 1001 1755
f 202 1001 1829
f 696 1829 30
f 439 1165 1001
f 439 854 1165
f 1482 854 439
f 1482 997 854
f 1363 997 1482
f 305 997 1363
f 534 305 1363
f 1591 1482 439
f 43 1482 1591
f 733 1482 43
f 733 1363 1482
f 733 43 1259
f 1813 1363 733
f 1813 534 1363
f 426 439 1001
f 1591 439 426
f 1080 43 1591
f 1259 43 1080
f 1667 733 1259
f 1667 1813 733
f 1182 1813 1667
f 426 1001 202
f 772 1259 1080
f 554 1591 426
f 554 1080 1591
f 1080 554 772
f 895 1259 772
f 895 1667 1259
f 1182 1667 895
f 1092 772 664
f 1092 895 772
f 664 772 554
f 1388 895 1092
f 1182 895 1388
f 142 1182 1388
f 1728 202 1829
f 1728 426 202
f 1795 1092 664
f 1091 1092 1795
f 1091 1388 1092
f 1904 426 1728
f 1904 554 426
f 1306 554 1904
f 1306 664 554
f 1306 1795 664
f 142 1388 1091
f 1608 1091 1795
f 1389 1306 1904
f 906 1795 1306
f 1795 906 1608
f 1370 1829 696
f 1370 1728 1829
f 1019 1728 1370
f 1019 1904 1728
f 915 1306 1389
f 906 1306 915
f 622 1608 906
f 1389 1904 1019
f 1785 1091 1215
f 1785 142 1091
f 1215 1091 1608
f 1597 1608 622
f 1597 1215 1608
f 1056 1215 1597
f 1056 1785 1215
f 1138 1785 1056
f 1138 142 1785
f 253 305 534
f 1813 253 534
f 211 253 1813
f 366 457 253
f 211 366 253
f 211 1813 1182
f 211 1182 142
f 211 142 1138
f 330 1616 1489
f 149 1631 366
f 149 1489 1631
f 149 330 1489
f 149 366 211
f 155 330 149
f 24 131 123
f 24 281 131
f 24 123 319
f 74 286 281
f 74 281 24
f 59 286 74
f 74 24 221
f 59 277 286
f 30 277 59
f 344 30 59
f 217 696 30
f 464 217 30
f 1907 217 464
f 1850 464 30
f 1850 30 344
f 1567 1370 875
f 1567 1019 1370
f 1873 906 915
f 1494 906 1873
f 1494 622 906
f 600 1019 1567
f 600 1389 1019
f 915 1389 600
f 1873 952 1494
f 600 788 915
f 788 613 915
f 613 1873 915
f 613 952 1873
f 613 1798 952
f 788 1476 613
f 1476 1024 613
f 1024 1798 613
f 789 696 217
f 789 1370 696
f 875 1370 789
f 1384 788 600
f 1476 788 1384
f 1907 789 217
f 1979 789 1907
f 1979 875 789
f 1947 1567 875
f 1947 600 1567
f 1947 1384 600
f 1947 875 1979
f 739 1907 464
f 739 1979 1907
f 1947 1979 739
f 1677 464 1850
f 1677 739 464
f 1677 1947 739
f 1263 1597 1121
f 1227 622 1494
f 1227 1597 622
f 1597 1227 1121
f 1135 1597 1263
f 1135 1056 1597
f 952 1227 1494
f 1138 1056 1135
f 1103 1121 799
f 1103 1263 1121
f 940 1263 1103
f 940 1135 1263
f 1227 799 1121
f 799 532 1103
f 77 1135 940
f 952 799 1227
f 952 492 799
f 492 532 799
f 77 1138 1135
f 1798 492 952
f 1798 1081 492
f 1613 1138 77
f 1302 1103 1356
f 1302 940 1103
f 532 1356 1103
f 1356 1285 1302
f 796 940 1302
f 796 77 940
f 796 1302 1218
f 492 1356 532
f 492 1285 1356
f 1613 77 796
f 706 1302 923
f 706 1218 1302
f 1285 923 1302
f 706 796 1218
f 1613 796 706
f 1081 1285 492
f 1081 1746 1285
f 849 706 923
f 873 706 849
f 1285 1874 923
f 1874 849 923
f 736 706 873
f 736 1613 706
f 736 873 1351
f 1746 1874 1285
f 1744 1613 736
f 1435 1744 736
f 887 873 849
f 1351 873 887
f 849 1874 887
f 1874 1819 887
f 827 736 1351
f 827 1351 520
f 1303 827 520
f 1435 736 827
f 833 1351 887
f 672 1351 833
f 672 520 1351
f 1819 833 887
f 1303 672 1529
f 1303 520 672
f 1874 1784 1819
f 1155 827 1303
f 1746 1784 1874
f 1746 909 1784
f 730 833 1747
f 730 672 833
f 1565 672 730
f 1565 1529 672
f 1819 1747 833
f 1819 1784 1747
f 1155 1303 1529
f 47 1529 1565
f 1534 1529 47
f 1534 47 1633
f 1473 1633 1720
f 1473 1534 1633
f 1155 1529 1534
f 1606 1155 1534
f 1606 1534 1473
f 922 1155 1606
f 974 1155 922
f 757 974 922
f 1476 1515 1024
f 1515 1798 1024
f 1634 1476 1384
f 1634 840 1476
f 840 1515 1476
f 1515 1081 1798
f 1195 1515 840
f 1036 1515 1195
f 1515 1036 1081
f 1078 1036 1195
f 1634 1384 1947
f 32 840 1634
f 32 1195 840
f 1078 1195 32
f 629 1036 1078
f 745 1078 32
f 1395 1078 745
f 1395 629 1078
f 1395 583 629
f 745 32 1634
f 941 1395 745
f 1700 941 745
f 745 1634 1947
f 1744 1138 1613
f 1744 211 1138
f 1692 211 1744
f 1553 211 1692
f 413 211 1553
f 1036 1347 1081
f 629 1347 1036
f 629 583 1347
f 1347 1746 1081
f 1075 583 1395
f 583 1075 1347
f 947 1830 1075
f 1347 985 1746
f 1692 1744 1435
f 941 1075 1395
f 1075 985 1347
f 947 1075 941
f 1830 985 1075
f 1830 1042 985
f 517 1553 1692
f 1729 1830 947
f 517 1692 1435
f 1700 947 941
f 843 947 1700
f 843 1729 947
f 1729 1042 1830
f 1729 843 1042
f 413 1553 517
f 1776 413 517
f 1199 827 1155
f 1199 1435 827
f 1681 909 1746
f 1681 1863 909
f 1344 1435 1199
f 985 1681 1746
f 740 1435 1344
f 740 517 1435
f 1071 517 740
f 1042 1681 985
f 1042 948 1681
f 687 843 1700
f 1035 843 687
f 843 948 1042
f 843 1035 948
f 630 517 1379
f 1776 517 630
f 1681 901 1863
f 948 1754 1681
f 916 687 560
f 916 1035 687
f 1035 1754 948
f 1035 661 1754
f 560 918 916
f 918 1035 916
f 918 579 1035
f 579 661 1035
f 1199 1155 974
f 1379 517 1071
f 673 974 757
f 673 1199 974
f 670 1199 673
f 670 1344 1199
f 1655 1344 670
f 1655 740 1344
f 1122 740 1655
f 1122 1071 740
f 1585 1071 1122
f 869 1071 1585
f 869 1379 1071
f 897 1379 869
f 897 630 1379
f 898 630 897
f 898 1776 630
f 413 149 211
f 503 149 413
f 313 149 503
f 313 155 149
f 1800 503 413
f 1871 503 1800
f 313 503 1871
f 1781 313 1871
f 1401 413 1776
f 1401 1800 413
f 1540 1800 1401
f 1540 1871 1800
f 1849 1871 1540
f 1034 1871 1849
f 1705 1871 1034
f 1705 1781 1871
f 1160 1776 898
f 1141 1776 1160
f 1141 1401 1776
f 605 1401 1141
f 1828 1401 605
f 1828 1540 1401
f 602 1540 1828
f 1626 1540 602
f 1626 1849 1540
f 1902 1849 1626
f 1902 1034 1849
f 386 1034 1902
f 386 1705 1034
f 1903 1154 1528
f 1088 1154 1903
f 1088 749 1154
f 1088 1790 749
f 190 1790 1088
f 190 1487 1790
f 919 1487 190
f 919 1100 1487
f 919 643 1100
f 1154 433 1528
f 1154 1287 433
f 1154 1618 1287
f 749 1267 1618
f 749 1618 1154
f 1790 1267 749
f 1431 1267 1790
f 1487 1431 1790
f 1487 1953 1431
f 1100 1246 1953
f 1100 1953 1487
f 643 1246 1100
f 1618 1267 1287
f 1953 1267 1431
f 1953 1246 1267
f 1903 1528 395
f 180 1903 395
f 180 1088 1903
f 180 190 1088
f 180 314 190
f 314 919 190
f 507 314 180
f 507 180 138
f 166 507 138
f 115 138 67
f 115 166 138
f 408 209 430
f 408 115 209
f 408 58 115
f 432 408 430
f 300 408 432
f 141 432 425
f 141 425 137
f 141 300 432
f 541 643 919
f 1950 1899 541
f 1454 1899 1950
f 468 1637 962
f 1745 1637 468
f 1745 1656 1637
f 635 1246 643
f 541 635 643
f 1899 635 541
f 1899 911 635
f 1899 1558 911
f 1454 1558 1899
f 1454 519 1558
f 962 519 1454
f 962 1054 519
f 1637 1054 962
f 1637 1062 1054
f 1637 1538 1062
f 1656 1538 1637
f 1656 1842 1538
f 911 1246 635
f 314 541 919
f 1950 541 314
f 507 1950 314
f 468 1454 1950
f 468 962 1454
f 468 1950 507
f 783 468 507
f 783 1745 468
f 1710 783 507
f 977 507 166
f 977 1710 507
f 1753 977 166
f 153 1753 166
f 58 166 115
f 251 166 58
f 251 153 166
f 495 58 408
f 495 251 58
f 656 251 495
f 656 1455 251
f 107 656 495
f 1820 107 495
f 1750 1820 495
f 300 495 408
f 109 495 300
f 1764 109 300
f 109 1750 495
f 27 300 141
f 1764 300 27
f 942 1764 27
f 484 942 27
f 1253 484 27
f 1940 1253 27
f 1467 1656 1745
f 1467 850 1656
f 1467 845 850
f 1733 845 1467
f 1733 720 845
f 850 1842 1656
f 1733 719 720
f 845 1653 850
f 720 1653 845
f 720 996 1653
f 719 996 720
f 850 1653 1842
f 719 1539 996
f 1653 631 1842
f 1653 1233 631
f 996 1233 1653
f 1539 1233 996
f 783 1166 1745
f 1354 783 1710
f 1166 1467 1745
f 1166 1046 1467
f 1354 1725 783
f 983 1733 1467
f 1046 983 1467
f 803 983 1046
f 1468 1046 1166
f 1468 803 1046
f 1368 1468 1166
f 1301 1166 783
f 1301 1368 1166
f 1875 1301 783
f 1725 1875 783
f 1758 1725 1354
f 983 719 1733
f 803 719 983
f 803 136 719
f 1468 136 803
f 1368 136 1468
f 1301 136 1368
f 1301 695 136
f 1875 695 1301
f 1725 695 1875
f 1758 695 1725
f 1758 816 695
f 136 1539 719
f 977 367 1710
f 401 1753 153
f 367 1296 1710
f 243 1354 1710
f 1041 243 1710
f 1296 1041 1710
f 1244 1758 1354
f 243 1244 1354
f 1375 1041 1296
f 478 1296 367
f 478 1375 1296
f 692 367 977
f 692 478 367
f 1490 977 1753
f 1490 692 977
f 712 1753 401
f 712 1490 1753
f 243 1338 1244
f 1041 1338 243
f 1375 1338 1041
f 1244 816 1758
f 1338 816 1244
f 1375 1279 1338
f 478 1279 1375
f 478 130 1279
f 692 130 478
f 1490 130 692
f 712 130 1490
f 712 1999 130
f 1338 1279 816
f 1484 153 251
f 1484 254 153
f 1541 401 153
f 801 1541 153
f 254 801 153
f 1592 1484 251
f 1430 712 401
f 1541 1430 401
f 1237 801 254
f 1716 1237 254
f 1697 254 1484
f 1697 1716 254
f 1232 1697 1484
f 1592 1232 1484
f 801 639 1541
f 1237 639 801
f 1430 1999 712
f 1541 1999 1430
f 639 1999 1541
f 1716 639 1237
f 1697 403 1716
f 1232 403 1697
f 1592 403 1232
f 1716 403 639
f 1156 1592 251
f 982 251 1455
f 982 1156 251
f 1220 1820 1750
f 1220 926 1820
f 1281 982 1455
f 1115 1455 656
f 1115 1281 1455
f 894 656 107
f 894 1115 656
f 1471 107 1820
f 1471 894 107
f 926 1471 1820
f 1156 546 1592
f 982 546 1156
f 1281 546 982
f 926 821 1471
f 1220 821 926
f 546 403 1592
f 1281 1905 546
f 1115 1905 1281
f 894 1905 1115
f 1471 1905 894
f 821 1905 1471
f 821 488 1905
f 546 1905 403
f 353 1750 109
f 1843 109 1764
f 1674 1220 1750
f 759 1750 353
f 759 1674 1750
f 710 353 109
f 946 710 109
f 1843 946 109
f 868 1843 1764
f 414 1220 1674
f 759 414 1674
f 1649 759 353
f 1444 353 710
f 1444 1649 353
f 946 1444 710
f 110 946 1843
f 944 110 1843
f 868 944 1843
f 414 821 1220
f 759 1546 414
f 1649 1546 759
f 946 13 1444
f 110 13 946
f 868 1951 944
f 414 488 821
f 1546 488 414
f 1649 226 1546
f 1444 226 1649
f 13 226 1444
f 944 13 110
f 944 1951 13
f 1546 226 488
f 1069 1253 1940
f 1405 868 1764
f 1192 1405 1764
f 942 1192 1764
f 685 1192 942
f 834 685 942
f 1175 942 484
f 1175 834 942
f 1175 484 1253
f 984 1175 1253
f 812 1253 1069
f 812 984 1253
f 1405 1951 868
f 1405 1055 1951
f 1192 1055 1405
f 685 1055 1192
f 984 232 1175
f 685 261 1055
f 834 261 685
f 1175 261 834
f 1175 232 261
f 812 232 984
f 812 1893 232
f 1287 405 433
f 1267 405 1287
f 1267 39 405
f 1246 39 1267
f 1842 631 1538
f 911 39 1246
f 1558 39 911
f 519 39 1558
f 1062 1250 1054
f 1538 1250 1062
f 631 1250 1538
f 1054 39 519
f 1250 39 1054
f 1250 973 39
f 973 939 39
f 1233 1105 631
f 1539 1105 1233
f 1105 1275 631
f 1105 1786 1275
f 1275 1250 631
f 1275 1264 1250
f 1786 1264 1275
f 1264 512 1250
f 1786 512 1264
f 1786 20 512
f 512 973 1250
f 512 82 973
f 20 82 512
f 82 965 973
f 20 965 82
f 20 674 965
f 965 939 973
f 965 701 939
f 674 701 965
f 701 1499 939
f 674 1499 701
f 1539 1786 1105
f 136 1786 1539
f 695 1786 136
f 695 20 1786
f 695 514 20
f 816 514 695
f 514 674 20
f 674 431 1499
f 514 431 674
f 1279 514 816
f 1279 218 514
f 130 218 1279
f 1999 218 130
f 639 461 1999
f 403 461 639
f 1999 461 218
f 403 262 461
f 1905 262 403
f 1905 178 262
f 488 178 1905
f 1951 226 13
f 226 178 488
f 226 315 178
f 1951 315 226
f 1055 261 1951
f 1893 261 232
f 261 315 1951
f 261 158 315
f 1893 158 261
f 1893 306 158
f 39 88 405
f 939 967 39
f 967 825 39
f 825 307 39
f 39 307 88
f 307 917 88
f 939 904 967
f 1499 904 939
f 1499 431 904
f 904 1833 967
f 431 1833 904
f 967 487 825
f 1833 487 967
f 1833 1977 487
f 487 1161 825
f 1977 1161 487
f 1161 1610 825
f 1977 1610 1161
f 1977 1256 1610
f 1610 307 825
f 1610 1452 307
f 1256 1452 1610
f 1452 669 307
f 1256 669 1452
f 669 917 307
f 669 1399 917
f 669 194 1399
f 431 1977 1833
f 514 1977 431
f 514 1256 1977
f 1256 194 669
f 514 194 1256
f 514 193 194
f 514 14 193
f 218 14 514
f 262 268 461
f 218 238 14
f 461 238 218
f 461 268 238
f 178 268 262
f 178 5 268
f 178 647 5
f 315 647 178
f 315 257 647
f 158 257 315
f 158 459 257
f 306 459 158
f 385 141 137
f 234 141 385
f 225 234 385
f 22 234 225
f 170 6 117
f 170 225 6
f 170 22 225
f 1564 117 1179
f 1564 170 117
f 383 170 1564
f 1762 383 1564
f 1439 170 383
f 1439 212 170
f 135 1179 1625
f 135 1564 1179
f 1762 1564 135
f 200 1762 135
f 1853 383 1762
f 1853 1762 200
f 1853 1439 383
f 1888 1439 1853
f 1775 1625 330
f 1775 135 1625
f 200 135 1775
f 101 1888 1853
f 101 1853 200
f 234 27 141
f 1940 27 234
f 1443 1940 234
f 22 1443 234
f 476 1443 22
f 1701 476 22
f 1885 1701 22
f 212 22 170
f 374 22 212
f 374 1885 22
f 1805 374 212
f 1841 212 1439
f 1202 212 1841
f 1805 212 1202
f 1898 1805 1202
f 1266 1439 1888
f 1266 1841 1439
f 1398 1841 1266
f 1398 1202 1841
f 1447 1202 1398
f 1498 1202 1447
f 436 1398 1266
f 910 1498 1447
f 436 1888 101
f 436 1266 1888
f 1447 1398 436
f 1464 1940 1443
f 1464 1868 1940
f 144 1464 1443
f 1357 1069 1940
f 1868 1357 1940
f 26 144 1443
f 599 812 1069
f 1357 599 1069
f 800 1357 1868
f 684 800 1868
f 1247 1868 1464
f 1247 684 1868
f 544 1247 1464
f 1089 1464 144
f 1089 544 1464
f 691 144 26
f 691 1089 144
f 599 1893 812
f 1357 1893 599
f 800 1893 1357
f 684 1033 800
f 1247 1033 684
f 544 1033 1247
f 1089 1033 544
f 1089 1995 1033
f 691 1995 1089
f 800 1033 1893
f 476 1547 1443
f 440 1701 1885
f 1547 26 1443
f 640 691 26
f 709 26 1547
f 709 640 26
f 641 709 1547
f 735 1547 476
f 735 641 1547
f 1325 735 476
f 1334 476 1701
f 1334 1325 476
f 1501 1701 440
f 1501 1334 1701
f 640 1995 691
f 709 1995 640
f 1325 1985 735
f 1334 1985 1325
f 1501 1985 1334
f 1501 1958 1985
f 641 1995 709
f 735 1985 641
f 1985 1995 641
f 1805 293 374
f 1777 440 1885
f 1023 1777 1885
f 1067 1885 374
f 1067 1023 1885
f 1870 1067 374
f 1496 1870 374
f 293 1496 374
f 1292 293 1805
f 355 440 1777
f 355 1501 440
f 1023 355 1777
f 742 1067 1870
f 1496 742 1870
f 929 1496 293
f 1292 929 293
f 1023 793 355
f 1067 793 1023
f 742 793 1067
f 1496 893 742
f 929 893 1496
f 355 1958 1501
f 793 1958 355
f 742 893 793
f 929 184 893
f 1292 184 929
f 1898 1752 1805
f 192 1898 1202
f 1432 1202 1498
f 1432 192 1202
f 1373 1898 192
f 1300 1292 1805
f 1752 1300 1805
f 826 1373 192
f 773 1300 1752
f 1099 773 1752
f 1376 1752 1898
f 1376 1099 1752
f 804 1376 1898
f 1290 1898 1373
f 1290 804 1898
f 157 1290 1373
f 826 157 1373
f 1300 184 1292
f 1300 1793 184
f 773 1793 1300
f 1099 1793 773
f 1376 1793 1099
f 1376 474 1793
f 804 474 1376
f 1290 474 804
f 1290 1757 474
f 157 1757 1290
f 826 1757 157
f 826 1458 1757
f 798 192 1432
f 805 192 798
f 805 826 192
f 1773 826 805
f 910 1432 1498
f 1410 1432 910
f 1410 798 1432
f 1535 798 1410
f 1535 805 798
f 1535 1773 805
f 1772 1535 1410
f 1773 1458 826
f 1535 1458 1773
f 1535 1772 1458
f 351 1410 910
f 1595 1410 351
f 1595 1772 1410
f 1791 1595 351
f 1772 486 1458
f 1595 486 1772
f 1595 1791 486
f 155 1775 330
f 63 200 1775
f 63 101 200
f 63 1775 155
f 351 1447 436
f 351 910 1447
f 1737 436 638
f 1737 351 436
f 638 101 63
f 638 436 101
f 309 1737 638
f 256 309 638
f 90 256 638
f 1993 90 638
f 465 1993 638
f 1033 306 1893
f 1033 84 306
f 1995 84 1033
f 1995 370 84
f 1985 370 1995
f 1985 379 370
f 1958 379 1985
f 893 1958 793
f 1958 105 379
f 893 105 1958
f 184 105 893
f 184 365 105
f 1458 1188 1757
f 1757 1188 474
f 474 1188 1793
f 1793 365 184
f 1188 365 1793
f 1188 1978 365
f 1978 732 365
f 1402 1791 351
f 1458 486 1188
f 1791 562 486
f 562 1791 1402
f 1239 351 1737
f 1239 1402 351
f 846 1239 1737
f 361 1402 1239
f 361 562 1402
f 846 361 1239
f 562 1780 1111
f 273 1737 309
f 273 846 1737
f 486 1111 1188
f 562 1111 486
f 361 1780 562
f 846 1780 361
f 846 960 1780
f 960 846 273
f 1780 1475 1111
f 1563 309 256
f 1563 273 309
f 1780 1497 1475
f 960 1497 1780
f 1497 273 1563
f 1497 960 273
f 797 1497 1563
f 1475 52 1111
f 1497 52 1475
f 1497 1854 52
f 1015 1563 256
f 561 256 90
f 561 1015 256
f 1111 1978 1188
f 797 1854 1497
f 797 1015 1854
f 1015 797 1563
f 1822 52 1545
f 52 1822 1111
f 809 561 90
f 1111 1822 1978
f 1015 1240 1854
f 561 1240 1015
f 561 1438 1240
f 1438 561 809
f 1545 1327 792
f 52 1327 1545
f 1854 1327 52
f 1240 1327 1854
f 1240 1289 1327
f 1438 1289 1240
f 1545 792 1593
f 1822 1593 1385
f 1593 1822 1545
f 1289 794 1327
f 1289 814 794
f 1978 1385 732
f 1822 1385 1978
f 688 90 1993
f 688 809 90
f 688 1438 809
f 590 688 1993
f 688 1289 1438
f 688 590 1289
f 1436 1993 465
f 1436 590 1993
f 1349 1436 465
f 590 814 1289
f 590 1436 814
f 1989 155 313
f 1989 63 155
f 1112 63 1989
f 1617 63 1112
f 1781 1989 313
f 1900 1617 1112
f 1928 1989 1781
f 1377 1989 1928
f 1377 1112 1989
f 1900 1112 1377
f 396 1781 1705
f 1928 1781 396
f 626 1900 1377
f 753 1900 626
f 1581 1705 386
f 646 1705 1581
f 646 396 1705
f 1012 396 646
f 533 396 1012
f 533 1928 396
f 747 1928 533
f 747 1377 1928
f 994 1377 747
f 994 626 1377
f 980 626 994
f 980 753 626
f 108 753 980
f 935 1126 1066
f 1066 1840 1314
f 1126 1840 1066
f 811 1066 760
f 811 935 1066
f 1314 264 755
f 1066 755 760
f 755 1066 1314
f 1840 264 1314
f 811 760 1512
f 264 1478 755
f 264 1136 1478
f 1136 264 1248
f 755 1478 760
f 1512 760 1478
f 1136 96 1478
f 1136 1932 96
f 1932 1136 1090
f 96 1512 1478
f 96 1932 1463
f 442 465 638
f 1617 638 63
f 1661 638 1617
f 17 638 1661
f 810 638 17
f 810 442 638
f 1840 1248 264
f 1840 1209 1248
f 1126 1209 1840
f 1248 1408 1136
f 1408 460 824
f 1248 1530 1408
f 1530 460 1408
f 1209 1530 1248
f 240 1661 1617
f 824 1721 1074
f 460 1721 824
f 1408 1090 1136
f 1090 1408 824
f 460 1437 1721
f 1530 1437 460
f 1861 17 1661
f 1209 1437 1530
f 1209 126 1437
f 505 17 1861
f 346 17 505
f 240 1617 1900
f 824 1932 1090
f 824 1074 1932
f 1721 1554 1074
f 1437 1554 1721
f 1861 1661 240
f 126 1426 1437
f 628 1900 1732
f 628 240 1900
f 1074 889 1335
f 853 240 628
f 1074 1335 1932
f 1554 889 1074
f 1554 855 889
f 855 592 889
f 1291 240 853
f 1554 1440 855
f 1291 1861 240
f 1437 1440 1554
f 1366 1861 1291
f 1366 505 1861
f 1426 1440 1437
f 592 1766 1380
f 889 1448 1335
f 889 1380 1448
f 1380 889 592
f 592 1243 1766
f 1335 1463 1932
f 1463 1335 1448
f 855 1243 592
f 855 1413 1243
f 1440 1413 855
f 1426 1445 1440
f 1445 1336 1440
f 1732 1900 753
f 1879 505 1366
f 842 753 108
f 842 1732 753
f 324 1732 842
f 324 628 1732
f 1242 628 324
f 1242 853 628
f 886 853 1242
f 886 1291 853
f 711 1291 886
f 1481 1291 711
f 1481 1366 1291
f 1913 1366 1481
f 1345 1366 1913
f 1345 1879 1366
f 306 51 459
f 84 51 306
f 370 51 84
f 370 134 51
f 379 134 370
f 379 206 134
f 105 206 379
f 365 206 105
f 365 49 206
f 732 481 365
f 481 1909 365
f 343 1909 481
f 1909 49 365
f 585 1768 935
f 1768 1126 935
f 1768 785 1126
f 1038 1768 585
f 1038 856 1768
f 856 785 1768
f 792 971 1593
f 971 1038 1169
f 971 1659 1038
f 792 1659 971
f 1659 856 1038
f 856 1837 785
f 1385 971 1532
f 1385 1593 971
f 1327 1659 792
f 1659 794 856
f 794 1659 1327
f 794 1837 856
f 814 1837 794
f 1804 585 811
f 585 935 811
f 1038 1804 1169
f 1804 1038 585
f 1532 971 1169
f 1385 481 732
f 1385 907 481
f 907 1385 1532
f 1804 1512 1157
f 1512 1804 811
f 1157 1169 1804
f 1532 1169 1157
f 1532 1157 1416
f 907 343 481
f 907 1416 343
f 1416 907 1532
f 1396 1416 1157
f 343 1396 1909
f 1416 1396 343
f 1396 1512 96
f 1396 1157 1512
f 1396 49 1909
f 1774 1396 96
f 1396 1774 49
f 1837 1493 785
f 1837 653 1493
f 1436 1837 814
f 1436 653 1837
f 1258 465 442
f 1258 1349 465
f 1583 1258 442
f 1436 823 653
f 1349 823 1436
f 1349 1258 823
f 785 73 1126
f 1493 73 785
f 653 823 1493
f 823 681 1493
f 118 442 810
f 118 1583 442
f 1258 681 823
f 1583 681 1258
f 1583 1816 681
f 1816 1583 118
f 73 1209 1126
f 463 810 17
f 1493 751 73
f 681 751 1493
f 681 1816 751
f 1816 1362 751
f 1362 1816 118
f 1096 1362 118
f 73 126 1209
f 73 1514 126
f 751 1514 73
f 446 810 463
f 751 619 1514
f 446 118 810
f 1362 619 751
f 1096 619 1362
f 1096 1219 619
f 1219 118 446
f 1219 1096 118
f 902 1219 446
f 346 463 17
f 222 463 346
f 222 446 463
f 619 1948 1514
f 1845 446 222
f 1845 902 446
f 1415 1845 222
f 1219 1948 619
f 902 1948 1219
f 902 675 1948
f 675 902 1845
f 543 346 505
f 1514 1426 126
f 1514 654 1426
f 1668 222 346
f 543 1668 346
f 1948 654 1514
f 1948 608 654
f 1415 222 1668
f 1446 1415 1668
f 1446 1668 543
f 675 608 1948
f 675 890 608
f 890 675 1845
f 1170 1845 1415
f 1170 890 1845
f 694 1415 1446
f 694 1170 1415
f 543 505 1879
f 654 1200 1426
f 654 1064 1200
f 608 1643 654
f 872 1446 543
f 890 1643 608
f 1170 1643 890
f 1170 694 1643
f 963 694 1446
f 872 963 1446
f 1200 1445 1426
f 654 627 1064
f 1643 627 654
f 1643 1231 627
f 694 1231 1643
f 963 1231 694
f 872 578 963
f 86 543 1879
f 1807 543 86
f 1807 872 543
f 578 872 1807
f 382 1879 1345
f 762 86 1879
f 1257 1879 382
f 1257 762 1879
f 1150 86 762
f 1150 762 1257
f 1434 1807 86
f 1222 86 1150
f 1222 1434 86
f 724 1222 1150
f 578 1807 1434
f 607 1434 1222
f 607 578 1434
f 724 607 1222
f 38 1648 728
f 1906 728 1648
f 1906 167 728
f 663 38 728
f 728 167 663
f 1741 663 1678
f 167 1678 663
f 167 76 1678
f 1077 1741 1678
f 76 1077 1678
f 76 1954 1077
f 1557 1077 1260
f 1954 1260 1077
f 1954 394 1260
f 1557 1260 176
f 394 176 1260
f 518 176 1304
f 518 1557 176
f 176 937 1304
f 394 937 176
f 518 1304 1892
f 937 1892 1304
f 937 989 1892
f 1741 38 663
f 397 38 1741
f 1557 1741 1077
f 397 1741 1557
f 397 1557 518
f 205 198 64
f 125 198 205
f 125 511 198
f 475 511 125
f 475 156 511
f 159 156 475
f 407 319 156
f 407 156 159
f 416 407 159
f 247 167 1906
f 167 369 76
f 247 369 167
f 369 1954 76
f 1954 369 394
f 247 121 369
f 369 937 394
f 369 989 937
f 88 371 247
f 247 371 121
f 1068 1892 693
f 1068 518 1892
f 989 693 1892
f 1068 693 387
f 989 387 693
f 989 1663 387
f 1507 1068 387
f 387 1663 1507
f 1663 1298 1507
f 1663 1572 1298
f 734 1298 1561
f 1572 1561 1298
f 1572 28 1561
f 588 734 1561
f 28 588 1561
f 28 1047 588
f 1238 588 1706
f 1047 1706 588
f 1238 1706 1337
f 1047 1337 1706
f 1047 339 1337
f 397 518 1068
f 734 1507 1298
f 734 1068 1507
f 397 1068 734
f 1973 397 734
f 582 397 1973
f 1238 734 588
f 1973 734 1238
f 516 397 582
f 516 64 397
f 1704 64 516
f 205 64 1704
f 1097 205 1704
f 1984 205 1097
f 321 475 125
f 244 125 205
f 244 205 1984
f 244 321 125
f 327 321 244
f 236 475 321
f 236 159 475
f 350 321 1908
f 350 236 321
f 1908 321 327
f 416 159 236
f 9 416 236
f 477 9 236
f 369 1663 989
f 369 1572 1663
f 369 28 1572
f 369 1047 28
f 121 103 369
f 369 1983 1047
f 369 87 1983
f 369 103 87
f 1983 339 1047
f 103 42 87
f 371 81 121
f 121 81 103
f 371 1286 81
f 371 900 1286
f 81 1967 103
f 417 1238 1337
f 1337 339 417
f 339 1058 417
f 339 1185 1058
f 339 1698 1185
f 1185 1516 1058
f 1185 1110 1516
f 1185 831 1110
f 1698 831 1185
f 1486 1516 624
f 1110 624 1516
f 831 624 1110
f 697 1486 624
f 831 697 624
f 831 1852 697
f 831 308 1852
f 1698 308 831
f 1698 858 308
f 1660 1238 1479
f 1660 1973 1238
f 1058 1238 417
f 1479 1238 1058
f 1486 1058 1516
f 1479 1058 1486
f 595 1973 1660
f 1223 1973 595
f 1208 1973 1223
f 1208 582 1973
f 1921 1486 697
f 1666 1486 1921
f 1666 1479 1486
f 754 1479 1666
f 1288 1479 754
f 1288 1660 1479
f 1226 1660 1288
f 595 1660 1226
f 1226 1063 595
f 1063 1223 595
f 1063 1208 1223
f 1063 7 1208
f 1852 1921 697
f 1852 1895 1921
f 1895 1666 1921
f 1895 754 1666
f 1895 452 754
f 452 1288 754
f 452 1226 1288
f 452 1063 1226
f 308 1895 1852
f 858 1895 308
f 858 466 1895
f 466 452 1895
f 516 582 152
f 1695 582 1208
f 1059 582 1695
f 152 582 1059
f 145 152 632
f 145 516 152
f 1082 516 145
f 1465 516 1082
f 1465 1704 516
f 769 1704 1465
f 885 152 1059
f 632 152 885
f 7 1695 1208
f 7 1059 1695
f 7 1622 1059
f 1622 885 1059
f 885 455 632
f 455 145 632
f 455 112 145
f 112 1082 145
f 112 1433 1082
f 1433 1465 1082
f 1433 1673 1465
f 1673 769 1465
f 1673 1811 769
f 1622 377 885
f 377 455 885
f 377 112 455
f 112 1938 1433
f 1938 1673 1433
f 1938 1811 1673
f 7 377 1622
f 377 1938 112
f 668 1704 1000
f 668 1097 1704
f 1480 1984 1097
f 591 1704 769
f 1000 1704 591
f 993 1984 1480
f 215 1097 668
f 913 1097 215
f 703 1097 913
f 703 1480 1097
f 1249 1480 703
f 993 1480 1249
f 1811 591 769
f 1811 658 591
f 658 1000 591
f 658 668 1000
f 658 1945 668
f 1945 215 668
f 1249 1998 993
f 1945 913 215
f 1945 99 913
f 99 703 913
f 99 1249 703
f 99 1998 1249
f 99 95 1998
f 1938 658 1811
f 263 327 244
f 493 327 263
f 750 1984 993
f 750 244 1984
f 1120 244 750
f 539 244 1120
f 263 244 539
f 493 263 716
f 1149 327 493
f 999 327 1149
f 1163 263 539
f 716 263 1163
f 1217 493 716
f 1149 493 1217
f 1998 750 993
f 1998 1120 750
f 1998 1268 1120
f 1268 539 1120
f 1268 139 539
f 139 1163 539
f 1163 1627 716
f 1627 1217 716
f 1627 1806 1217
f 1806 1149 1217
f 1806 496 1149
f 496 999 1149
f 496 288 999
f 95 1268 1998
f 139 1627 1163
f 496 976 288
f 95 139 1268
f 1806 976 496
f 358 350 1908
f 979 327 999
f 979 1908 327
f 1531 1908 979
f 978 1908 1531
f 1803 1908 978
f 1803 358 1908
f 1709 350 358
f 1283 350 1709
f 1419 358 1803
f 1709 358 1419
f 966 1283 1709
f 1505 1283 966
f 288 979 999
f 288 571 979
f 571 1531 979
f 571 1615 1531
f 1615 978 1531
f 1615 677 978
f 677 1803 978
f 677 1419 1803
f 1419 1381 1709
f 1381 966 1709
f 976 571 288
f 976 1615 571
f 154 1419 677
f 154 1381 1419
f 1381 1855 966
f 1855 1505 966
f 976 677 1615
f 976 154 677
f 154 1855 1381
f 477 236 350
f 448 9 477
f 1935 9 448
f 477 350 1283
f 1689 477 651
f 1689 448 477
f 791 477 1283
f 1526 477 791
f 1836 477 1526
f 651 477 1836
f 1749 1935 448
f 791 1283 1505
f 1461 448 1689
f 1891 448 1461
f 1749 448 1891
f 1505 540 791
f 540 1526 791
f 540 657 1526
f 657 1836 1526
f 657 651 1836
f 657 596 651
f 596 1689 651
f 596 1461 1689
f 1855 540 1505
f 540 208 657
f 208 596 657
f 596 1876 1461
f 1876 1891 1461
f 1876 1749 1891
f 1855 208 540
f 208 1876 596
f 1983 1698 339
f 103 1542 42
f 1983 1669 1698
f 103 1331 1542
f 103 246 1331
f 103 891 246
f 1669 858 1698
f 1669 466 858
f 1983 1382 1669
f 1382 466 1669
f 87 1382 1983
f 87 1869 1382
f 1869 1511 1382
f 42 1869 87
f 42 934 1869
f 934 1511 1869
f 1542 934 42
f 1542 690 934
f 690 1511 934
f 690 1577 1511
f 1331 690 1542
f 1331 1577 690
f 1331 497 1577
f 246 526 1331
f 526 497 1331
f 891 526 246
f 891 497 526
f 891 1417 497
f 36 1063 452
f 36 7 1063
f 1511 466 1382
f 1511 452 466
f 1511 36 452
f 1577 36 1511
f 497 229 1577
f 229 36 1577
f 1417 229 497
f 36 377 7
f 36 502 377
f 502 1938 377
f 502 658 1938
f 502 1945 658
f 502 99 1945
f 99 429 95
f 502 429 99
f 341 429 502
f 1627 976 1806
f 429 139 95
f 429 1627 139
f 429 976 1627
f 429 165 976
f 116 165 429
f 165 154 976
f 165 1855 154
f 165 85 1855
f 1152 85 165
f 1855 85 208
f 85 1876 208
f 1967 15 103
f 81 1273 1967
f 1286 1312 81
f 15 891 103
f 81 637 1273
f 81 623 637
f 1312 623 81
f 15 908 891
f 908 1417 891
f 1967 908 15
f 1967 1509 908
f 1509 1417 908
f 1509 499 1417
f 1273 1509 1967
f 1273 1171 1509
f 1171 499 1509
f 637 1171 1273
f 637 499 1171
f 637 1671 499
f 623 1671 637
f 1312 1123 623
f 1123 1671 623
f 1286 1123 1312
f 1286 1008 1123
f 1008 738 1123
f 900 1008 1286
f 499 229 1417
f 229 19 36
f 1671 229 499
f 1671 483 229
f 483 19 229
f 1123 483 1671
f 738 483 1123
f 877 19 483
f 19 502 36
f 19 341 502
f 72 341 19
f 72 479 341
f 341 116 429
f 479 116 341
f 479 183 116
f 183 163 116
f 116 163 165
f 163 1152 165
f 233 224 85
f 1152 233 85
f 335 233 1152
f 407 24 319
f 316 24 407
f 221 24 316
f 129 221 316
f 316 407 416
f 111 74 221
f 494 74 111
f 494 59 74
f 111 221 129
f 344 59 494
f 61 1850 344
f 1225 61 344
f 291 1225 344
f 1988 291 344
f 1500 1850 61
f 1500 1677 1850
f 340 1677 1500
f 340 1947 1677
f 920 1500 61
f 1937 1500 920
f 340 1500 1937
f 920 61 1225
f 1619 920 1225
f 836 920 1619
f 1937 920 836
f 168 1225 291
f 168 1619 1225
f 836 1619 168
f 1582 836 57
f 1582 1937 836
f 1582 57 648
f 1582 340 1937
f 1789 340 1582
f 1061 291 1988
f 1061 168 291
f 57 168 1061
f 57 836 168
f 1131 1488 1101
f 778 1101 1623
f 778 1131 1101
f 555 648 563
f 555 1582 648
f 555 563 1488
f 1131 555 1488
f 776 1131 778
f 1778 1582 555
f 1778 1789 1582
f 1207 555 1131
f 1207 1778 555
f 776 1207 1131
f 730 1747 1297
f 1784 1297 1747
f 1784 1234 1297
f 909 1234 1784
f 909 1456 1234
f 683 1297 1146
f 683 730 1297
f 721 730 683
f 721 1565 730
f 1297 1140 1146
f 609 721 683
f 1234 1140 1297
f 1234 230 1140
f 1456 230 1234
f 1261 1146 604
f 683 1146 1261
f 1140 956 604
f 1140 604 1146
f 604 535 1261
f 535 683 1261
f 535 609 683
f 230 956 1140
f 1630 609 535
f 1630 1717 609
f 1717 721 609
f 1456 1466 230
f 1726 1717 1630
f 1341 956 784
f 1341 604 956
f 485 828 784
f 956 485 784
f 1641 604 1341
f 535 604 1641
f 230 485 956
f 1630 535 1641
f 485 230 1466
f 689 784 828
f 1341 784 689
f 689 1641 1341
f 485 1916 828
f 1731 1641 689
f 1731 1630 1641
f 1466 1916 485
f 593 1630 1731
f 593 1726 1630
f 1685 828 552
f 1685 689 828
f 1916 1548 552
f 828 1916 552
f 1032 1685 552
f 1032 689 1685
f 1731 689 1032
f 1466 1657 1916
f 1329 1318 1796
f 1916 1329 1548
f 12 552 1548
f 12 1032 552
f 1194 1318 1329
f 1916 1194 1329
f 12 1731 1032
f 1657 1194 1916
f 1707 1731 12
f 603 1329 1796
f 1814 1329 603
f 1814 1548 1329
f 1814 12 1548
f 778 1623 1318
f 1194 778 1318
f 1707 12 1814
f 778 1657 776
f 1657 778 1194
f 1469 47 1565
f 1633 47 1469
f 558 1633 1469
f 558 841 1633
f 841 1720 1633
f 841 1473 1720
f 303 841 558
f 303 1606 841
f 1606 1473 841
f 839 1606 303
f 839 922 1606
f 179 922 839
f 179 757 922
f 970 1565 721
f 970 1469 1565
f 970 558 1469
f 1717 970 721
f 1717 303 970
f 303 558 970
f 1717 179 303
f 179 839 303
f 1397 1947 340
f 1397 745 1947
f 1460 745 1397
f 1460 1700 745
f 1460 687 1700
f 1604 687 1460
f 1799 1397 340
f 1946 1460 1397
f 737 1460 1946
f 1946 1397 1270
f 808 737 1946
f 1722 1397 1799
f 1270 1397 1722
f 1307 1946 1270
f 1789 1799 340
f 1470 1789 1778
f 1470 1799 1789
f 1004 1799 1470
f 1004 1722 1799
f 1350 1004 614
f 1350 1722 1004
f 1350 1270 1722
f 1207 1470 1778
f 1118 1207 776
f 614 1470 1207
f 614 1004 1470
f 614 1207 1118
f 1863 1456 909
f 1863 1386 1456
f 901 1342 1386
f 901 1386 1863
f 1681 1342 901
f 1754 1342 1681
f 560 687 1604
f 661 678 1754
f 1767 918 560
f 559 918 1767
f 559 579 918
f 579 678 661
f 579 559 678
f 1754 589 1342
f 1686 560 1604
f 1686 1767 560
f 1104 1686 589
f 678 589 1754
f 678 1104 589
f 1104 1767 1686
f 1104 559 1767
f 559 1104 678
f 1466 1456 1386
f 1726 847 1717
f 1386 1424 1466
f 1726 1878 847
f 1342 1424 1386
f 1236 1878 1726
f 1342 34 1424
f 1236 667 1878
f 589 34 1342
f 589 837 34
f 1236 1504 667
f 1343 1604 1460
f 1343 1686 1604
f 1686 837 589
f 1686 1343 837
f 1771 1504 1236
f 1771 1423 1504
f 1771 958 1423
f 1236 1726 593
f 34 837 1551
f 615 1460 737
f 615 1343 1460
f 615 737 1551
f 1343 1551 837
f 1343 615 1551
f 1886 1771 1236
f 298 1771 1886
f 1424 616 1466
f 1424 1221 616
f 704 1284 1221
f 34 1221 1424
f 34 704 1221
f 808 1946 1284
f 704 808 1284
f 704 737 808
f 704 1551 737
f 1551 704 34
f 1466 616 1657
f 1221 914 616
f 1307 1270 914
f 1307 1284 1946
f 1284 914 1221
f 1284 1307 914
f 1886 1236 593
f 1118 776 1657
f 616 1118 1657
f 593 1731 1707
f 1865 614 1118
f 616 1865 1118
f 1865 1350 614
f 1865 1270 1350
f 1865 914 1270
f 914 1865 616
f 181 1886 593
f 181 593 1707
f 1691 1886 181
f 1691 298 1886
f 847 757 179
f 847 673 757
f 1878 673 847
f 1878 670 673
f 1878 1655 670
f 667 1655 1878
f 667 1122 1655
f 1504 1122 667
f 1504 1585 1122
f 1504 869 1585
f 1423 869 1504
f 1423 897 869
f 958 897 1423
f 958 898 897
f 847 179 1717
f 1975 958 1771
f 1975 806 958
f 1975 1113 806
f 1975 364 1113
f 1915 364 1975
f 1915 1713 364
f 1915 189 1713
f 1915 529 189
f 467 529 1915
f 467 995 529
f 467 857 995
f 298 1975 1771
f 120 1915 1975
f 237 1915 120
f 1896 1915 237
f 1896 467 1915
f 120 1975 298
f 1691 120 298
f 237 120 1691
f 113 237 1691
f 113 1896 237
f 806 898 958
f 806 1160 898
f 1113 1160 806
f 1113 1141 1160
f 364 1141 1113
f 364 605 1141
f 1713 605 364
f 1713 1828 605
f 189 1828 1713
f 189 602 1828
f 529 602 189
f 529 1626 602
f 995 1626 529
f 995 1902 1626
f 857 1902 995
f 857 386 1902
f 9 316 416
f 129 316 255
f 255 316 9
f 1180 9 1935
f 1180 255 9
f 1971 255 1180
f 169 129 255
f 169 111 129
f 169 494 111
f 48 255 1971
f 48 169 255
f 1523 169 48
f 402 344 494
f 402 494 169
f 380 402 169
f 380 169 1609
f 506 402 380
f 1809 402 506
f 342 344 402
f 342 1988 344
f 231 342 402
f 337 231 402
f 337 402 1809
f 1506 57 1061
f 829 1623 1101
f 1897 57 1506
f 1897 648 57
f 1897 563 648
f 1451 1988 342
f 1451 1061 1988
f 864 1061 1451
f 864 1506 1061
f 1927 563 44
f 1927 1488 563
f 1927 1101 1488
f 829 1101 1927
f 44 1506 864
f 44 1897 1506
f 1897 44 563
f 1310 829 1927
f 1620 1927 44
f 231 1451 342
f 1650 1451 231
f 1328 1927 1620
f 1418 1927 1328
f 1418 1310 1927
f 1650 864 1451
f 1367 864 1650
f 1367 44 864
f 1620 44 1367
f 986 1418 1328
f 490 1418 986
f 490 1310 1418
f 1414 1620 187
f 1414 1328 1620
f 187 1367 1404
f 187 1620 1367
f 1245 1414 187
f 1245 1328 1414
f 1245 986 1328
f 122 986 1245
f 122 490 986
f 1153 231 337
f 1153 1650 231
f 1212 187 1404
f 1153 1367 1650
f 1404 1153 1944
f 1404 1367 1153
f 1407 187 1212
f 1407 1245 187
f 122 1245 1407
f 1212 1404 1944
f 2000 1212 1944
f 2000 1407 1212
f 404 1407 2000
f 404 122 1407
f 1769 1153 337
f 1485 1153 1769
f 1556 1153 1485
f 1556 1944 1153
f 1556 2000 1944
f 1278 2000 1556
f 1278 404 2000
f 1491 1796 567
f 1491 603 1796
f 567 1623 829
f 567 1318 1623
f 1318 567 1796
f 1923 1491 567
f 1923 603 1491
f 1923 1814 603
f 1759 1707 1923
f 1707 1814 1923
f 659 567 829
f 620 567 659
f 620 1923 567
f 1759 1923 620
f 659 829 1310
f 1310 620 659
f 490 620 1310
f 490 1759 620
f 181 490 122
f 404 181 122
f 1680 181 404
f 1962 181 1680
f 1962 1691 181
f 1680 404 1278
f 181 1707 1759
f 181 1759 490
f 1779 1691 1962
f 515 1691 1779
f 515 113 1691
f 1862 113 515
f 423 1971 1180
f 660 1935 1749
f 1739 1935 660
f 1093 1935 1739
f 1093 1180 1935
f 524 423 1740
f 524 1971 423
f 707 1971 524
f 1718 1180 1093
f 1422 1180 1718
f 1422 423 1180
f 1740 423 1422
f 1749 992 660
f 992 1739 660
f 992 1093 1739
f 992 1474 1093
f 1474 1718 1093
f 1422 92 1740
f 92 524 1740
f 92 389 524
f 389 707 524
f 389 1628 707
f 1876 992 1749
f 1474 359 1718
f 359 1422 1718
f 359 92 1422
f 359 4 92
f 4 389 92
f 4 1628 389
f 4 421 1628
f 992 359 1474
f 1609 169 1523
f 1601 1523 48
f 1021 1971 707
f 1021 48 1971
f 671 48 1021
f 570 48 671
f 570 1601 48
f 612 1523 1601
f 862 1523 612
f 642 1523 862
f 642 1609 1523
f 75 1609 642
f 1007 1601 570
f 612 1601 1007
f 1628 1021 707
f 1628 782 1021
f 782 671 1021
f 782 1997 671
f 1997 570 671
f 1997 1095 570
f 1095 1007 570
f 1007 549 612
f 549 862 612
f 549 1612 862
f 1612 642 862
f 1612 1522 642
f 1522 75 642
f 1522 606 75
f 421 782 1628
f 421 1997 782
f 1095 201 1007
f 201 549 1007
f 201 1612 549
f 201 295 1612
f 295 1522 1612
f 295 606 1522
f 421 1095 1997
f 421 201 1095
f 881 380 1860
f 506 380 881
f 1358 1609 75
f 1108 1609 1358
f 1108 380 1609
f 1860 380 1108
f 1346 506 881
f 1083 1860 1108
f 1187 1860 1083
f 881 1860 1187
f 932 506 1346
f 204 506 932
f 606 1358 75
f 606 1280 1358
f 1280 1108 1358
f 1280 1083 1108
f 1187 1525 881
f 1525 1346 881
f 1525 932 1346
f 932 1831 204
f 1525 1831 932
f 295 1280 606
f 1280 1187 1083
f 1280 1525 1187
f 1679 337 1809
f 1524 337 1679
f 1294 1679 1495
f 1294 1524 1679
f 650 506 204
f 650 1809 506
f 802 1809 650
f 1013 1809 802
f 1679 1809 1013
f 1635 1524 1294
f 1687 1679 1013
f 1162 1679 1687
f 1495 1679 1162
f 1831 650 204
f 650 1293 802
f 1293 1013 802
f 1293 1687 1013
f 1162 771 1495
f 771 1294 1495
f 771 1174 1294
f 1174 1635 1294
f 1831 1293 650
f 1687 771 1162
f 1293 771 1687
f 771 1918 1174
f 1293 1918 771
f 1769 337 1524
f 1278 1556 1485
f 1196 1485 1769
f 1196 1278 1485
f 415 1278 1196
f 1922 1769 1524
f 1922 1196 1769
f 415 1196 1922
f 880 1524 1635
f 743 1524 880
f 743 1922 1524
f 1308 1922 743
f 415 1922 1308
f 1174 880 1635
f 1174 1308 880
f 1308 743 880
f 1918 1308 1174
f 1918 1934 1308
f 1934 415 1308
f 1876 359 992
f 85 224 1876
f 224 359 1876
f 224 4 359
f 224 421 4
f 224 388 421
f 388 201 421
f 388 295 201
f 295 441 1280
f 441 1525 1280
f 441 1831 1525
f 388 441 295
f 388 445 441
f 1931 1918 1293
f 441 1293 1831
f 441 1931 1293
f 441 219 1931
f 441 40 219
f 471 40 441
f 1962 1680 1632
f 1680 1278 415
f 482 415 334
f 482 1680 415
f 1632 1680 1787
f 1918 334 1934
f 334 415 1934
f 1931 334 1918
f 1931 482 334
f 219 482 1931
f 219 1787 482
f 1787 1680 482
f 40 1787 219
f 40 1632 1787
f 625 1632 40
f 625 1962 1632
f 224 16 388
f 233 16 224
f 2 16 233
f 16 445 388
f 508 445 16
f 445 471 441
f 445 301 471
f 471 1846 40
f 1846 625 40
f 471 78 1846
f 471 188 78
f 188 127 78
f 301 188 471
f 188 161 127
f 1 1779 1962
f 1846 1 625
f 1 1962 625
f 1846 1262 1
f 1262 1779 1
f 78 1262 1846
f 78 756 1262
f 756 1779 1262
f 756 515 1779
f 127 756 78
f 127 521 756
f 521 515 756
f 521 1862 515
f 161 521 127
f 161 91 521
f 91 1862 521
f 88 1942 371
f 917 71 88
f 917 228 71
f 228 140 71
f 140 818 71
f 818 302 71
f 71 1942 88
f 1399 228 917
f 1399 975 228
f 194 975 1399
f 975 140 228
f 975 968 140
f 194 968 975
f 194 332 968
f 968 818 140
f 968 1048 818
f 332 1048 968
f 1048 302 818
f 1048 1107 302
f 332 1107 1048
f 332 146 1107
f 302 1568 71
f 1107 1568 302
f 1107 317 1568
f 146 317 1107
f 1568 1521 71
f 1568 1339 1521
f 317 1339 1568
f 146 1339 317
f 146 283 1339
f 1339 1589 1521
f 283 1589 1339
f 1521 124 71
f 1589 124 1521
f 1589 1588 124
f 283 1588 1589
f 283 1969 1588
f 194 193 332
f 332 193 146
f 193 283 146
f 283 128 1969
f 193 128 283
f 14 196 193
f 268 53 238
f 238 3 14
f 647 443 5
f 5 53 268
f 257 29 647
f 647 29 443
f 459 356 257
f 371 545 900
f 371 1020 545
f 371 1014 1020
f 1942 1014 371
f 1942 245 1014
f 1942 1492 245
f 1942 723 1492
f 1942 584 723
f 1942 1890 584
f 37 1164 71
f 71 1017 1942
f 71 259 1017
f 71 1167 259
f 71 80 1167
f 71 1053 80
f 1164 1053 71
f 1942 1864 1890
f 1017 1864 1942
f 1053 1203 80
f 1053 1844 1203
f 1053 1022 1844
f 124 964 71
f 1588 964 124
f 1588 551 964
f 1969 551 1588
f 1969 227 551
f 964 851 71
f 551 851 964
f 551 933 851
f 227 933 551
f 851 37 71
f 933 37 851
f 933 950 37
f 227 950 933
f 227 191 950
f 950 1411 37
f 191 1411 950
f 1411 1164 37
f 1411 1394 1164
f 191 1394 1411
f 191 133 1394
f 1394 1053 1164
f 1394 879 1053
f 133 879 1394
f 879 331 1053
f 133 331 879
f 133 143 331
f 331 1022 1053
f 331 1353 1022
f 143 1353 331
f 1969 128 227
f 128 191 227
f 128 133 191
f 193 133 128
f 196 133 193
f 196 531 133
f 196 1031 531
f 133 531 143
f 531 1848 143
f 14 3 196
f 3 35 196
f 35 1031 196
f 3 1629 35
f 53 3 238
f 53 883 3
f 53 267 883
f 3 1955 1629
f 3 883 1955
f 267 1792 883
f 5 267 53
f 443 267 5
f 443 390 267
f 267 1824 1792
f 267 11 1824
f 390 11 267
f 443 1976 390
f 29 1976 443
f 29 498 1976
f 257 356 29
f 356 498 29
f 356 509 498
f 356 708 509
f 356 761 708
f 1911 761 356
f 545 1008 900
f 545 1760 1008
f 1760 738 1008
f 1760 1943 738
f 1020 1760 545
f 1014 1760 1020
f 1014 959 1760
f 959 1943 1760
f 245 959 1014
f 245 700 959
f 700 384 959
f 1492 700 245
f 1492 1510 700
f 1510 384 700
f 723 1510 1492
f 723 174 1510
f 174 162 1510
f 584 174 723
f 1890 174 584
f 1890 1884 174
f 1884 162 174
f 1884 10 162
f 1943 483 738
f 1943 877 483
f 959 384 1943
f 384 877 1943
f 162 384 1510
f 162 877 384
f 10 55 162
f 55 877 162
f 877 72 19
f 877 18 72
f 55 18 877
f 72 182 479
f 18 182 72
f 182 183 479
f 182 25 183
f 183 171 163
f 171 335 163
f 25 171 183
f 335 1152 163
f 335 2 233
f 335 318 2
f 171 195 335
f 195 318 335
f 1864 1884 1890
f 1017 1884 1864
f 1017 1139 1884
f 1139 10 1884
f 1139 1857 10
f 259 1139 1017
f 1167 1139 259
f 1167 1011 1139
f 1011 1857 1139
f 1011 1206 1857
f 80 1011 1167
f 1203 1011 80
f 1203 1503 1011
f 1503 1206 1011
f 1503 1801 1206
f 1844 1503 1203
f 1427 1503 1844
f 1427 1801 1503
f 1427 360 1801
f 1857 55 10
f 1206 55 1857
f 1801 55 1206
f 1801 1926 55
f 360 1348 1801
f 1348 1926 1801
f 1926 33 55
f 33 18 55
f 33 1190 18
f 1190 368 18
f 18 323 182
f 391 323 18
f 368 391 18
f 391 266 323
f 266 242 323
f 323 25 182
f 242 25 323
f 242 400 25
f 400 1812 25
f 25 501 171
f 501 195 171
f 1812 501 25
f 1812 1936 501
f 1936 1518 501
f 164 318 195
f 164 447 318
f 1518 195 501
f 1518 1299 195
f 1299 1391 195
f 1391 164 195
f 1353 1598 1022
f 143 1598 1353
f 1022 953 1844
f 1022 1742 953
f 1022 1472 1742
f 1598 1472 1022
f 1598 1872 1472
f 953 1427 1844
f 1742 581 953
f 1472 1060 1742
f 1872 1060 1472
f 1742 1574 581
f 1060 1574 1742
f 1060 698 1574
f 1060 1699 698
f 1872 1699 1060
f 953 360 1427
f 581 822 953
f 822 360 953
f 1574 822 581
f 1574 1359 822
f 698 1359 1574
f 698 1205 1359
f 1699 1205 698
f 143 1872 1598
f 143 1848 1872
f 1848 781 1872
f 1872 781 1699
f 531 767 1848
f 1031 998 531
f 1031 1858 998
f 1926 1645 33
f 822 1348 360
f 1359 1348 822
f 1205 1348 1359
f 1205 538 1348
f 538 1371 1348
f 1371 292 1348
f 292 1926 1348
f 292 727 1926
f 574 1645 1926
f 781 1205 1699
f 781 538 1205
f 781 1371 538
f 1848 1371 781
f 1848 292 1371
f 1848 727 292
f 727 767 1926
f 767 727 1848
f 767 574 1926
f 531 574 767
f 574 998 1645
f 998 574 531
f 998 1858 1645
f 35 871 1031
f 871 705 1031
f 35 770 871
f 35 1052 770
f 35 741 1052
f 1629 741 35
f 1996 1190 33
f 597 1996 33
f 1645 1552 33
f 1552 597 33
f 949 368 1190
f 949 899 368
f 1858 1552 1645
f 1031 1552 1858
f 1552 705 597
f 705 1552 1031
f 705 871 597
f 871 1996 597
f 871 770 1996
f 770 1052 1996
f 1052 1190 1996
f 1052 741 1190
f 741 949 1190
f 1629 949 741
f 1629 899 949
f 1955 1051 1629
f 883 744 1955
f 883 807 744
f 883 680 807
f 883 21 680
f 1792 21 883
f 1792 832 21
f 1987 266 391
f 1987 392 266
f 368 1045 391
f 1045 1987 391
f 392 1211 266
f 1211 1727 266
f 1727 242 266
f 1727 381 242
f 899 1051 368
f 1051 899 1629
f 1051 1045 368
f 1955 1045 1051
f 1045 744 1987
f 744 1045 1955
f 744 807 1987
f 807 392 1987
f 807 680 392
f 680 1211 392
f 680 21 1211
f 21 1727 1211
f 21 832 1727
f 832 381 1727
f 1792 381 832
f 390 1133 11
f 1824 1586 1792
f 11 1576 1824
f 390 1571 1133
f 390 207 1571
f 242 1544 400
f 381 1191 242
f 1191 652 242
f 652 1544 242
f 1544 1520 400
f 1520 820 400
f 820 1812 400
f 820 1210 1812
f 381 1586 1191
f 1586 381 1792
f 1586 652 1191
f 1824 652 1586
f 652 1576 1544
f 1576 652 1824
f 1576 1520 1544
f 11 1520 1576
f 1133 1520 11
f 1133 820 1520
f 1133 1210 820
f 1210 1571 1812
f 1571 1210 1133
f 1571 207 1812
f 1976 469 390
f 1976 1087 469
f 1976 1756 1087
f 469 207 390
f 1976 322 1756
f 498 322 1976
f 498 1005 322
f 1812 1684 1936
f 207 1684 1812
f 1684 912 1936
f 912 790 1936
f 790 114 1936
f 114 1518 1936
f 114 542 1518
f 542 1183 1518
f 1183 62 1518
f 469 1684 207
f 469 912 1684
f 1087 912 469
f 1087 790 912
f 1756 790 1087
f 1756 114 790
f 322 114 1756
f 322 542 114
f 322 1183 542
f 1183 1005 62
f 1005 1183 322
f 498 523 1005
f 509 523 498
f 509 1569 523
f 509 957 1569
f 509 838 957
f 708 838 509
f 761 1694 708
f 62 1299 1518
f 46 447 164
f 1391 1929 164
f 1929 611 164
f 611 199 164
f 199 46 164
f 1005 1299 62
f 1005 523 1299
f 523 1391 1299
f 523 1569 1391
f 1569 957 1391
f 957 1929 1391
f 957 838 1929
f 838 611 1929
f 708 611 838
f 708 199 611
f 199 1694 46
f 1694 199 708
f 1694 1970 46
f 761 1970 1694
f 1961 857 467
f 1961 1901 857
f 1142 1901 1961
f 1142 550 1901
f 1142 1738 550
f 1142 97 1738
f 151 97 1142
f 151 1925 97
f 8 1925 151
f 280 467 1896
f 280 1961 467
f 420 1961 280
f 420 1142 1961
f 363 1142 420
f 151 1142 363
f 393 151 363
f 393 8 151
f 113 280 1896
f 113 420 280
f 269 420 113
f 269 363 420
f 269 393 363
f 1901 386 857
f 1901 1581 386
f 1901 646 1581
f 550 646 1901
f 550 1012 646
f 1738 1012 550
f 1738 533 1012
f 97 533 1738
f 97 747 533
f 406 747 97
f 406 994 747
f 874 994 406
f 874 980 994
f 795 980 874
f 795 108 980
f 1925 406 97
f 1925 874 406
f 1925 795 874
f 1409 1463 1933
f 1409 96 1463
f 56 96 1409
f 1409 1933 1549
f 1409 1549 83
f 1549 1271 83
f 1271 1549 921
f 83 1605 528
f 1605 1271 633
f 1605 83 1271
f 1409 528 787
f 528 1409 83
f 418 1409 787
f 418 56 1409
f 1605 1006 528
f 1605 272 1006
f 528 1114 787
f 1114 528 1006
f 272 1114 1006
f 1736 418 787
f 1866 787 1114
f 1866 1736 787
f 272 473 1114
f 1866 1114 473
f 1570 473 272
f 1380 1333 1448
f 1766 1333 1380
f 1766 98 1333
f 981 1448 1333
f 1243 98 1766
f 1413 98 1243
f 1440 216 1413
f 1336 216 1440
f 1445 1719 1336
f 98 905 1333
f 981 763 1448
f 981 1513 763
f 1513 1333 905
f 1513 981 1333
f 1463 763 1933
f 763 1463 1448
f 1580 1513 905
f 1413 905 98
f 1413 1580 905
f 216 1580 1413
f 1336 1369 216
f 1719 1369 1336
f 265 1925 8
f 265 548 1925
f 1513 1009 763
f 1513 1519 1009
f 1420 548 265
f 1420 954 548
f 1933 763 1009
f 1580 1519 1513
f 216 1098 1580
f 1566 954 1420
f 1566 682 954
f 1369 1098 216
f 1566 1010 682
f 419 1010 1566
f 419 1230 1010
f 1719 424 1369
f 419 1134 1230
f 1968 8 393
f 1968 265 8
f 1519 867 1009
f 50 265 1968
f 50 1420 265
f 1933 1682 1549
f 1682 1009 867
f 1682 1933 1009
f 655 1682 867
f 1580 867 1519
f 1580 655 867
f 1098 655 1580
f 1566 1420 50
f 1369 774 1098
f 1374 419 1566
f 1889 774 1369
f 1636 419 1374
f 1682 921 1549
f 1682 1533 921
f 655 1533 1682
f 931 921 1533
f 931 1271 921
f 1098 1533 655
f 1098 931 1533
f 1374 1566 50
f 1098 774 931
f 931 633 1271
f 774 633 931
f 1889 1570 774
f 633 272 1605
f 774 272 633
f 1570 272 774
f 297 1636 1374
f 269 1968 393
f 472 1968 269
f 472 50 1968
f 472 1374 50
f 1808 297 472
f 297 1374 472
f 548 108 795
f 548 842 108
f 548 324 842
f 954 324 548
f 954 1242 324
f 954 886 1242
f 682 886 954
f 682 711 886
f 1010 711 682
f 1010 1481 711
f 1230 1481 1010
f 1230 1913 1481
f 1134 1913 1230
f 1134 1345 1913
f 548 795 1925
f 51 68 459
f 134 411 51
f 206 235 134
f 49 1125 206
f 49 1952 1125
f 1216 1952 49
f 1952 173 1125
f 173 617 1125
f 617 310 1125
f 1774 96 56
f 1774 1216 49
f 1560 1774 56
f 1774 1560 1216
f 1560 489 1930
f 489 1560 56
f 1216 1560 1952
f 1560 173 1952
f 1560 884 173
f 884 1560 1930
f 56 1825 489
f 1825 56 418
f 1392 1930 489
f 1276 1930 1392
f 884 617 173
f 884 1276 617
f 1276 884 1930
f 275 1825 418
f 830 418 1736
f 830 275 418
f 489 1229 1392
f 1229 489 1825
f 1229 1825 275
f 765 1392 1229
f 1276 1392 449
f 830 1736 1866
f 1073 830 1866
f 1151 1866 473
f 1151 1073 1866
f 1151 473 1570
f 1229 576 765
f 576 275 830
f 576 1229 275
f 1073 576 830
f 765 449 1392
f 1453 765 576
f 598 1453 576
f 892 576 1073
f 892 598 576
f 1579 1073 1151
f 1579 892 1073
f 1832 598 892
f 572 892 1579
f 572 1832 892
f 1276 310 617
f 1276 726 310
f 726 1276 449
f 1200 1719 1445
f 1064 1719 1200
f 1064 1662 1719
f 627 1662 1064
f 1231 1662 627
f 1231 779 1662
f 963 779 1231
f 963 1664 779
f 578 1664 963
f 1662 424 1719
f 1662 239 424
f 779 239 1662
f 779 1743 239
f 779 649 1743
f 1664 649 779
f 1664 936 649
f 936 662 470
f 936 987 662
f 1664 987 936
f 1607 1134 419
f 1025 1607 419
f 1743 1797 239
f 610 1607 1025
f 610 470 1607
f 470 662 1607
f 1743 1072 1797
f 649 1072 1743
f 649 1213 1072
f 1213 470 610
f 936 1213 649
f 936 470 1213
f 424 1889 1369
f 424 676 1889
f 239 676 424
f 1025 419 1636
f 1797 676 239
f 718 610 1025
f 1130 1311 676
f 1797 1130 676
f 1072 1130 1797
f 1072 718 1130
f 1213 718 1072
f 1213 610 718
f 1986 1025 1636
f 676 1282 1889
f 1425 1025 1986
f 1425 718 1025
f 1311 1282 676
f 718 1311 1130
f 718 1425 1311
f 928 1570 1889
f 1282 928 1889
f 580 1425 1986
f 1129 1690 1282
f 1311 1129 1282
f 1129 1425 580
f 1129 1311 1425
f 297 1986 1636
f 928 1151 1570
f 1295 1550 928
f 1690 928 1282
f 1690 1295 928
f 580 1986 297
f 951 686 1295
f 1690 951 1295
f 1129 951 1690
f 1129 1037 951
f 1037 1129 580
f 928 1550 1151
f 1550 1579 1151
f 927 1579 1550
f 927 572 1579
f 1295 927 1550
f 1638 297 1808
f 1638 580 297
f 686 927 1295
f 951 1265 686
f 1037 1265 951
f 1037 1638 1265
f 1638 1037 580
f 717 1345 1134
f 717 382 1345
f 1584 382 717
f 1584 1257 382
f 878 1150 1584
f 1150 1257 1584
f 1159 1150 878
f 1159 817 1150
f 817 724 1150
f 578 924 1664
f 924 817 1159
f 924 607 817
f 607 924 578
f 607 724 817
f 1607 717 1134
f 1607 878 717
f 878 1584 717
f 662 878 1607
f 662 1159 878
f 987 1159 662
f 924 987 1664
f 924 1159 987
f 1883 113 1862
f 269 113 1883
f 160 269 1883
f 435 269 160
f 731 93 472
f 1724 731 472
f 435 472 269
f 345 472 435
f 345 1959 472
f 1959 1724 472
f 575 1959 345
f 456 1808 472
f 93 456 472
f 459 68 356
f 51 411 68
f 68 1911 356
f 68 454 1911
f 411 454 68
f 411 1941 454
f 134 235 411
f 235 775 411
f 411 320 1941
f 775 320 411
f 235 1957 775
f 206 510 235
f 1125 510 206
f 1125 1596 510
f 235 1817 1957
f 510 1817 235
f 310 1642 1125
f 1642 462 1125
f 462 1596 1125
f 462 70 1596
f 462 260 70
f 1782 260 462
f 765 557 449
f 765 1917 557
f 1453 1917 765
f 449 557 289
f 598 1917 1453
f 598 1094 1917
f 1832 1094 598
f 572 1127 1832
f 726 289 310
f 289 726 449
f 1917 537 557
f 557 422 289
f 422 557 537
f 1832 1119 1094
f 1127 1119 1832
f 289 1642 310
f 1094 537 1917
f 1094 1763 537
f 1119 1763 1094
f 289 601 1642
f 601 289 422
f 1119 972 1763
f 537 241 422
f 537 1365 241
f 1763 1365 537
f 1763 766 1365
f 1148 93 731
f 1148 564 93
f 601 462 1642
f 601 422 241
f 1763 458 766
f 972 458 1763
f 972 1148 458
f 1148 972 564
f 766 1390 1365
f 714 731 1724
f 714 1148 731
f 601 1782 462
f 601 241 1782
f 458 1390 766
f 458 714 1390
f 714 458 1148
f 1365 1355 241
f 1365 1703 1355
f 758 714 1724
f 241 1355 1782
f 1390 1703 1365
f 1390 758 1703
f 758 1390 714
f 1703 1765 1355
f 888 925 1959
f 925 1724 1959
f 925 758 1724
f 1355 260 1782
f 1703 451 1765
f 451 925 888
f 758 451 1703
f 758 925 451
f 1317 1128 575
f 1128 1959 575
f 1128 888 1959
f 1355 553 260
f 1765 553 1355
f 1765 276 553
f 276 1128 1317
f 451 276 1765
f 451 1128 276
f 1128 451 888
f 927 1127 572
f 927 813 1127
f 1018 1808 456
f 1018 768 1808
f 768 1638 1808
f 686 813 927
f 813 768 1018
f 1265 813 686
f 1265 768 813
f 768 1265 1638
f 725 1018 456
f 813 1119 1127
f 813 725 1119
f 725 813 1018
f 564 456 93
f 564 725 456
f 725 972 1119
f 725 564 972
f 2 508 16
f 203 508 2
f 508 301 445
f 220 301 508
f 220 282 301
f 412 161 188
f 301 412 188
f 301 79 412
f 301 104 79
f 282 104 301
f 160 1883 1449
f 1449 1883 870
f 161 1965 91
f 1965 1862 91
f 1965 1883 1862
f 412 1965 161
f 412 870 1965
f 870 1883 1965
f 79 870 412
f 79 1449 870
f 104 1449 79
f 104 1198 1449
f 1198 160 1449
f 104 1859 1198
f 1859 160 1198
f 1859 435 160
f 318 203 2
f 447 325 318
f 325 203 318
f 203 220 508
f 299 220 203
f 299 333 220
f 325 299 203
f 1646 282 220
f 333 1228 220
f 1228 1646 220
f 282 1887 104
f 282 172 1887
f 172 1555 1887
f 282 250 172
f 250 1912 172
f 1646 1193 282
f 1193 1562 282
f 1562 250 282
f 250 1393 1912
f 1696 345 435
f 480 345 304
f 480 575 345
f 764 575 480
f 1887 1859 104
f 1887 1555 1859
f 1555 1696 1859
f 1696 435 1859
f 172 1039 1555
f 1039 1696 1555
f 1039 345 1696
f 1912 1039 172
f 1912 304 1039
f 304 345 1039
f 1912 480 304
f 1393 480 1912
f 1911 1675 761
f 1911 746 1675
f 1911 1639 746
f 454 1639 1911
f 454 1305 1639
f 454 991 1305
f 454 270 991
f 1941 270 454
f 1941 1877 270
f 1941 428 1877
f 618 325 447
f 618 1992 325
f 1992 1421 325
f 1970 447 46
f 1970 835 447
f 835 618 447
f 1421 636 325
f 1970 1675 835
f 1675 1970 761
f 1675 746 835
f 746 618 835
f 746 1639 618
f 1639 1305 618
f 1305 1992 618
f 1305 991 1992
f 991 1421 1992
f 991 270 1421
f 270 636 1421
f 270 1877 636
f 1877 428 636
f 1941 1029 428
f 320 1029 1941
f 775 119 320
f 1957 715 775
f 1644 299 325
f 636 1644 325
f 1910 299 1644
f 1910 844 299
f 844 1827 299
f 1827 1517 299
f 1517 333 299
f 1517 60 333
f 60 1963 333
f 1963 1028 333
f 428 1644 636
f 428 1029 1644
f 1029 1910 1644
f 320 1910 1029
f 320 844 1910
f 844 119 1827
f 119 844 320
f 119 1517 1827
f 775 1517 119
f 1517 715 60
f 715 1517 775
f 715 1963 60
f 1957 1963 715
f 1963 586 1028
f 586 1963 1957
f 1596 1621 510
f 1817 586 1957
f 510 943 1817
f 510 848 943
f 510 312 848
f 1621 312 510
f 1596 210 1621
f 1028 1228 333
f 1228 621 1646
f 621 410 1646
f 1177 1228 1028
f 1177 859 1228
f 410 1016 1646
f 1016 1647 1646
f 1647 1193 1646
f 586 1177 1028
f 1817 1177 586
f 1817 859 1177
f 859 943 1228
f 943 859 1817
f 943 621 1228
f 943 848 621
f 848 410 621
f 848 312 410
f 312 1016 410
f 1621 1016 312
f 1621 1647 1016
f 1647 210 1193
f 210 1647 1621
f 260 861 70
f 260 938 861
f 70 1400 1596
f 70 1324 1400
f 1596 1400 210
f 70 1406 1324
f 70 41 1406
f 70 1751 41
f 861 1751 70
f 1562 819 250
f 819 1658 250
f 1658 1393 250
f 1193 644 1562
f 780 644 1193
f 819 1079 1658
f 1079 1269 1658
f 210 780 1193
f 1400 780 210
f 1400 644 780
f 644 1324 1562
f 1324 644 1400
f 1324 1406 1562
f 1406 819 1562
f 1406 41 819
f 41 1751 819
f 1751 1079 819
f 861 1079 1751
f 861 1269 1079
f 748 1317 575
f 553 1712 260
f 553 1536 1712
f 276 1536 553
f 276 748 1536
f 748 276 1317
f 1450 575 764
f 1450 748 575
f 1712 938 260
f 1536 1450 1712
f 748 1450 1536
f 1980 764 480
f 594 764 1980
f 594 1450 764
f 1712 1894 938
f 1450 1894 1712
f 1894 1450 594
f 1847 594 1980
f 1235 594 1847
f 938 566 861
f 1894 566 938
f 1894 1235 566
f 1235 1894 594
f 729 480 1393
f 729 1980 480
f 1658 729 1393
f 1658 1847 729
f 1847 1980 729
f 1269 1847 1658
f 1269 1235 1847
f 1269 566 1235
f 566 1269 861

