# https://github.com/mikedh/trimesh
v 0.09526915 0.17224178 0.71111959
v 0.22655700 -0.20772226 -0.70473415
v 0.28931800 -0.09376130 -0.71874750
v -0.24837525 0.43566641 -0.09888101
v -0.26692230 0.13016267 -0.72139728
v -0.23293751 0.23636799 -0.54388279
v -0.32704380 -0.37504080 -0.09796132
v -0.27360573 -0.13822228 -0.71280617
v -0.18648237 -0.15996006 0.17932661
v -0.18379700 -0.24198900 -0.71324301
v 0.13813126 0.27368101 -0.71241480
v -0.30754292 -0.00569558 -0.02435687
v -0.28320900 -0.16311856 -0.42611122
v 0.15433346 -0.37177074 -0.32195514
v -0.25333959 -0.31322211 -0.30516583
v 0.38797727 -0.28382447 -0.09171426
v -0.09286707 -0.21199816 -0.62926275
v 0.30697212 -0.02188282 -0.70607501
v -0.08588423 -0.17795146 0.69464320
v 0.23070723 0.01491678 -0.63297904
v -0.24860500 0.17765599 -0.70263600
v 0.07245057 0.08875692 0.34376219
v 0.18106525 0.23395941 -0.69438499
v -0.01405721 -0.15479636 0.72172314
v 0.01241592 0.24958521 0.03892190
v 0.12029231 0.13737045 0.59995288
v -0.09030436 -0.03777708 0.51105636
v -0.15913738 -0.28133932 -0.55181521
v 0.12707430 0.27122015 -0.72123981
v 0.23536131 -0.05117562 -0.63255084
v 0.04383214 0.18091592 0.72029030
v 0.08318251 -0.08495772 0.31727237
v -0.02173937 -0.18852295 0.71852726
v 0.02186847 -0.30670023 -0.70580697
v -0.05175734 0.24178387 -0.60781062
v 0.18316682 -0.16526081 -0.60837871
v -0.00402626 0.28312808 0.11059653
v 0.27488562 0.41967741 -0.10440639
v 0.29042816 -0.09905116 -0.70375919
v -0.27828798 -0.10461182 -0.69521105
v 0.09544244 0.28874320 -0.71928775
v -0.00009686 0.10382813 0.50446087
v 0.31147528 -0.00028629 0.05879870
v 0.23391777 -0.33442515 -0.30334556
v 0.29752639 -0.27945024 -0.30423623
v 0.35579371 -0.24068284 -0.16097434
v 0.21594068 -0.44415975 -0.09392115
v 0.15143083 -0.18605426 -0.63126999
v 0.21403658 -0.12812063 -0.60745859
v -0.27175528 0.16143814 -0.55788046
v -0.18328485 -0.21790692 -0.72188479
v -0.17834203 0.16610122 -0.63029408
v 0.17295898 -0.10084064 0.26313889
v 0.11747424 -0.16098294 -0.57180506
v -0.07757188 0.21761136 0.05705544
v 0.30352783 -0.05330847 -0.70552522
v 0.35596400 -0.19974510 -0.45494547
v 0.01412651 -0.24423748 -0.61055744
v 0.25073224 -0.16563106 -0.69716907
v 0.06427260 -0.29839301 -0.71229100
v -0.21351495 -0.13897116 -0.65877265
v -0.16126658 0.13610706 0.05865904
v -0.08147656 0.28784370 -0.72136480
v -0.09533945 -0.28852615 -0.71942168
v 0.13337371 -0.19747463 -0.63004452
v -0.24458924 0.05393185 -0.60608596
v 0.14514630 0.26386970 -0.69801867
v -0.06459761 -0.22804113 -0.64151257
v 0.18134005 0.18447714 -0.52940786
v -0.10426143 0.10002752 0.72158271
v -0.11283275 -0.48631805 -0.09707530
v 0.05359471 0.19104597 0.70306665
v -0.47006890 -0.14196984 -0.09452024
v -0.23790339 0.09707802 -0.60144836
v 0.01100066 -0.12514396 0.26573592
v 0.17846656 -0.24408294 -0.69977319
v 0.41212183 0.01070720 -0.30814874
v 0.33585390 0.00536080 0.02569693
v -0.49185228 -0.08709846 -0.09780885
v 0.13571008 -0.00565002 0.25910088
v 0.15927303 0.25568175 -0.47319099
v 0.27578101 0.12384494 -0.72028202
v -0.30442622 -0.05275054 -0.70664430
v -0.20344828 0.23198356 -0.70629656
v -0.27569196 -0.12578370 -0.72012687
v -0.00564533 0.39634678 -0.33776784
v -0.15323478 0.25650832 -0.72087073
v 0.22515990 -0.22089066 -0.55861497
v -0.29477501 -0.07924920 -0.71324301
v 0.29369792 -0.06393166 -0.69689268
v 0.01429773 0.18228099 0.72074950
v -0.03618557 0.18469785 0.72113669
v -0.16800886 0.16801380 -0.62123543
v 0.08326527 0.05775573 0.53394228
v 0.26218191 -0.15270925 -0.71945208
v 0.13700753 0.13104244 0.71946400
v -0.13147041 0.11270086 0.15058479
v -0.07924370 0.29501101 -0.71324301
v -0.27524972 0.41743577 -0.09767920
v -0.37209186 0.32388926 -0.09519603
v -0.01516736 0.31664324 -0.46278998
v 0.08928890 -0.17727116 0.11026670
v 0.01632916 0.43432081 -0.14154388
v 0.31281877 0.09172196 0.03399369
v 0.19036230 -0.38350937 -0.20945506
v -0.07159894 -0.17708156 0.71859443
v 0.18220547 -0.01450497 0.72079659
v 0.21470778 0.22649558 0.05734343
v 0.08224022 -0.06562206 0.42043197
v -0.25643584 0.15276757 -0.72094083
v 0.33238170 0.22098038 -0.31960040
v -0.22265276 0.20812421 -0.71551841
v -0.10480338 0.00179257 0.51800573
v -0.08229883 -0.29045302 -0.72115880
v 0.17236306 -0.06758909 0.61412442
v -0.24154493 0.03499080 -0.63146311
v 0.11456028 -0.40991873 -0.17045490
v 0.47626275 -0.15689269 -0.10397731
v 0.08072515 -0.06508403 0.44631851
v -0.34185740 0.16558780 -0.09474321
v 0.15535921 0.19797140 -0.65917408
v 0.47636473 -0.13073257 -0.09417779
v 0.20654881 -0.19979389 -0.72186834
v 0.13703856 -0.27310714 -0.71148318
v 0.11089343 -0.14884397 0.72105050
v 0.37628430 0.20298953 -0.14059356
v -0.14874358 -0.13561943 0.25994086
v 0.15594536 -0.17357916 0.02444992
v 0.09378778 -0.28963923 -0.70071560
v -0.05978392 0.23173802 -0.62335432
v 0.17342523 0.07746012 0.72003782
v 0.16128123 0.32820570 -0.37769371
v -0.18842699 0.31870034 -0.38762537
v -0.17394088 0.09634553 0.70859474
v 0.05397263 0.26578081 -0.59254849
v -0.35557216 0.35677660 -0.18211602
v 0.17053497 0.24499220 -0.72113258
v -0.29765397 0.06484459 -0.71551073
v -0.29713646 -0.00029308 -0.72172266
v -0.03557048 -0.23800659 -0.61702627
v -0.18198271 0.23762096 -0.69533885
v 0.12160917 0.13963781 0.72090733
v -0.24820918 -0.34272403 -0.13847460
v 0.16320640 -0.27895454 0.03677108
v -0.15068862 0.00050675 0.22267376
v -0.01555309 -0.13031994 0.27341038
v 0.30226433 -0.24123669 -0.31841210
v 0.22255929 0.20498709 -0.69949001
v 0.22772792 -0.09735448 -0.60812467
v -0.11855391 0.01389115 0.65642482
v 0.11247793 -0.15697473 0.12328712
v -0.15202786 0.38700178 -0.13981977
v 0.18431658 0.12255461 0.08038376
v -0.07549746 0.08807161 0.63382697
v -0.15003473 0.19362307 -0.61011666
v 0.22250010 0.20438331 -0.47358435
v -0.16601622 -0.25787324 -0.70849258
v -0.17734370 -0.06553808 0.72024262
v 0.40269449 -0.29694426 -0.10288334
v -0.02924052 0.29770148 -0.69508976
v -0.08256681 -0.23034400 -0.61310416
v 0.21043539 0.10700487 -0.61964792
v -0.24267499 0.20919895 0.03928452
v 0.20258081 0.11514018 -0.63789272
v -0.12681931 -0.04365100 0.71853560
v 0.16597196 -0.17147772 -0.62812507
v -0.07040515 -0.09477258 0.64572191
v 0.20053796 0.12359630 -0.62428546
v 0.19820535 0.23508157 -0.70943123
v 0.37311941 -0.19200143 -0.13052613
v 0.26211864 -0.16201815 -0.70626056
v -0.12946449 -0.01193327 0.69599360
v 0.09745772 -0.06595463 0.29169044
v 0.47995484 -0.05715838 -0.09257822
v -0.17594823 0.24745004 -0.72024977
v 0.23186055 0.24809797 0.01991127
v 0.08908227 0.15459877 0.72191358
v 0.29504994 -0.07940810 -0.71435028
v 0.05440047 -0.12994148 0.72113150
v -0.03621211 0.30516785 -0.71137518
v -0.00847885 0.12042123 0.65165031
v 0.32606387 -0.32100219 -0.36705828
v -0.35351464 -0.23390724 -0.14527950
v 0.10145647 0.13688537 0.72173482
v -0.35224423 -0.35946012 -0.18462589
v -0.16508879 -0.24485035 -0.72174007
v -0.10866850 -0.15836869 -0.58338761
v -0.27391538 0.14432840 -0.70612144
v 0.15926717 -0.11154464 0.71754158
v 0.24328823 -0.05553873 -0.60724461
v 0.40266740 0.10692871 -0.44267163
v 0.08244129 0.19727695 -0.56944197
v 0.28456914 -0.10871792 -0.71516454
v 0.10780842 -0.27187219 -0.72186631
v 0.02041326 0.22967784 -0.62940460
v -0.19093634 -0.03681990 0.71700740
v -0.19883867 0.13480441 -0.62514913
v -0.38975579 0.18805060 -0.15040812
v -0.27453065 -0.11429581 -0.72178400
v 0.25453681 0.43439671 -0.18186438
v 0.09663538 0.17619601 0.26107880
v 0.26386586 -0.15141894 -0.70017552
v 0.18854283 0.38435170 -0.19603509
v -0.10788847 -0.21244563 -0.64517200
v -0.09210946 0.22556463 -0.63032126
v 0.25953695 -0.31634650 -0.30557394
v -0.23464000 0.19390300 -0.71319097
v -0.29596782 0.06041060 -0.69765437
v 0.26107836 0.15311551 -0.72053778
v 0.02126207 0.25493270 -0.66267401
v -0.15300247 -0.11856106 0.71454501
v 0.33164027 -0.37283906 -0.09795588
v 0.05780713 0.14437969 0.72227377
v 0.07260217 0.07574127 0.37734300
v 0.11299028 0.11702822 0.18565735
v -0.18738124 0.15187763 -0.62756473
v -0.14577392 0.22014676 -0.00765087
v -0.27828678 0.12241976 -0.71544278
v 0.42644882 -0.13316813 -0.07817933
v 0.22619209 0.19723995 -0.72036415
v 0.16189440 0.23713385 -0.49611405
v -0.40106311 0.15579613 -0.16802935
v -0.34861544 -0.24555126 -0.16718750
v -0.29294500 -0.09341755 -0.71129680
v -0.17437722 -0.38810113 -0.14267479
v -0.24431226 0.01276890 -0.61122835
v 0.02898513 -0.18750478 0.71897393
v 0.21554686 0.20935772 -0.01935864
v 0.09358630 0.05459846 0.59062898
v 0.27084911 0.07122475 -0.58633882
v 0.26021329 -0.43113744 -0.11534766
v 0.16254336 0.11031902 0.70854390
v -0.08615598 -0.15656942 0.72184819
v 0.32124445 -0.08759850 -0.54275250
v 0.27760723 -0.39241731 -0.09171781
v 0.07983755 0.49391770 -0.10010319
v 0.15336044 0.01490654 0.72124952
v 0.49688920 -0.05777644 -0.10248806
v -0.30677134 0.03652396 -0.70751363
v -0.13556738 -0.45805296 -0.08007422
v 0.12086527 0.27799883 -0.71821201
v -0.48902041 -0.11352718 -0.10199652
v 0.10105031 0.07480652 0.69285327
v 0.20669667 0.45602345 -0.10761556
v -0.20351006 0.38015401 -0.04714920
v -0.05120347 -0.24336791 -0.60973203
v -0.09493211 0.17460638 0.70762795
v 0.16451110 0.28454646 0.03139433
v 0.39083120 0.17575051 -0.15272470
v -0.29725462 -0.05048012 -0.72134489
v 0.44302619 -0.20579918 -0.09428048
v -0.18450867 -0.05224497 0.71780026
v -0.19712155 -0.01542291 0.70629293
v -0.00370723 0.18660036 0.62044942
v 0.16100469 0.18692432 -0.61043292
v -0.08227452 0.07168356 0.34573629
v -0.08098774 -0.21783383 -0.62981409
v 0.30510050 0.29592520 -0.21994007
v -0.07593291 0.16849677 0.72192204
v 0.11279860 -0.21063152 0.01232863
v 0.10598764 -0.19804323 0.07624391
v -0.31315824 0.08508758 -0.55048102
v 0.23905286 0.11810992 -0.67068452
v -0.09415410 0.28896666 -0.71892011
v -0.47542676 0.16031043 -0.11186236
v 0.06757436 -0.24810398 -0.65096074
v -0.16227703 0.26253030 -0.70663673
v 0.10367915 0.27793512 -0.69464588
v 0.05808320 0.22988515 0.19425106
v 0.24506298 -0.17875294 -0.70109254
v 0.10542606 -0.01415040 0.59199840
v -0.22820199 -0.04224214 -0.62532735
v 0.02164692 0.30339208 -0.71942574
v 0.00884306 0.34707066 -0.52863896
v -0.22206198 -0.09877583 -0.64928526
v 0.11486725 -0.06878587 0.24955159
v 0.18389551 0.23238447 -0.72185546
v 0.33740723 -0.18281841 -0.09288935
v 0.08146629 0.08106185 0.63479072
v -0.18395951 0.05075385 0.71997511
v -0.30348462 0.05272520 -0.71046638
v 0.18459150 0.05071797 0.71794140
v -0.19720277 0.15021515 -0.60750455
v 0.05057338 0.30101737 -0.71347618
v -0.12477499 -0.14795098 0.71478736
v -0.50310063 0.01682916 -0.11728300
v 0.19058779 0.45059615 -0.09469943
v -0.27533558 -0.41922149 -0.10320121
v 0.14819565 0.27962074 -0.44528064
v 0.03091409 0.49923030 -0.09914015
v 0.11573459 0.11845650 0.48940244
v -0.11248773 -0.04607691 0.69950682
v 0.29497316 -0.02435179 -0.72175252
v 0.45996410 -0.16303785 -0.09347634
v -0.26324776 0.00022814 0.02738983
v 0.09873216 0.22279401 -0.65213513
v -0.00538532 0.25839606 -0.64533472
v 0.31971198 0.05144763 0.03446709
v -0.10725565 -0.28507289 -0.71249366
v -0.14733323 -0.39878139 -0.17123726
v -0.14387447 -0.10119631 0.72178155
v -0.05672301 0.18228343 0.71979439
v 0.06507698 -0.10418097 -0.61665976
v -0.09915174 -0.10059191 0.72058636
v 0.46643123 0.00173653 -0.07481775
v 0.21509880 0.08740705 -0.62754059
v -0.36141276 -0.18698928 -0.31141716
v 0.05990699 0.28811765 -0.72188264
v -0.13641058 -0.19568633 -0.61816728
v -0.00699600 0.24089859 -0.61486125
v -0.21352866 0.20716320 -0.69189423
v -0.21307729 0.15043561 -0.52834493
v -0.31344724 -0.08468962 -0.55052853
v 0.02256031 -0.13340320 0.71069241
v -0.29570314 0.02412756 -0.72141981
v -0.01396437 -0.33760527 -0.43765229
v -0.22464126 0.07844630 -0.61886722
v -0.13183402 0.23804373 -0.66190201
v 0.17684238 0.08890571 0.69394785
v 0.11277050 -0.12294710 0.47888708
v -0.00054262 -0.41333714 -0.03152294
v -0.27539378 0.13732730 -0.70419186
v 0.24397856 -0.38622069 -0.08392490
v 0.01705677 0.20567070 0.10011099
v 0.09224317 -0.40620422 -0.14436588
v -0.23830281 0.18218639 -0.69616246
v -0.14356214 0.12076930 0.72085446
v -0.16157375 0.39603221 -0.16729921
v -0.11603012 -0.16033001 0.69916648
v -0.02710639 -0.11598764 0.30218673
v 0.22245170 0.21211512 -0.71229595
v -0.21415465 -0.21626854 -0.56753653
v -0.24007556 -0.16017725 -0.47960979
v 0.17764702 -0.14281692 0.03300269
v 0.18903525 -0.32793027 -0.49412924
v -0.13565694 0.26438117 -0.72144377
v 0.09841104 0.06228203 0.65165436
v 0.14549382 0.13469234 0.70000201
v 0.19768190 -0.37207940 -0.14125352
v -0.09275220 -0.11899763 0.21451280
v 0.14539649 0.40252924 -0.13490129
v 0.26614913 -0.13847862 -0.69631761
v 0.23260339 -0.19452670 -0.70055234
v -0.19171788 0.29981342 -0.41447511
v 0.03029143 0.12380537 0.26509148
v 0.25823662 0.16610397 -0.71266788
v -0.11862394 0.44468689 -0.36102575
v -0.11633831 -0.26815221 -0.69112283
v -0.08506909 -0.19775225 0.23315471
v -0.20927317 0.27394298 -0.06524359
v -0.49065691 0.10177309 -0.09999625
v -0.29484326 0.07945629 -0.71521193
v -0.13738459 0.27598888 -0.70528823
v -0.11518494 0.48672915 -0.09706604
v 0.12784356 -0.21537048 -0.60602981
v -0.37170306 -0.07169088 -0.09712348
v 0.35878086 0.22704212 -0.12752821
v 0.14415555 0.07218326 0.72202325
v -0.17081016 -0.27357483 -0.46429679
v -0.10455771 -0.00180499 0.43252695
v 0.10565465 0.01722500 0.57518524
v 0.20888425 -0.22076139 -0.71620464
v 0.18220268 0.06468003 0.71463966
v -0.14561062 0.00680959 0.71778440
v 0.08271601 -0.07055303 0.37473071
v -0.18952322 0.03664265 0.72013736
v 0.06093564 -0.08339225 0.37356022
v -0.11710504 0.13058630 0.55383158
v 0.42043418 -0.08679660 -0.15528272
v -0.00039167 -0.27368411 0.01509871
v -0.22498423 -0.07102258 -0.64228028
v 0.31084332 0.22028701 -0.01643844
v -0.45105287 0.21194504 -0.09676871
v 0.00036653 0.29724789 -0.72170806
v -0.02910989 -0.19635549 0.11096496
v -0.18699607 0.01483664 0.72048968
v 0.24366689 -0.31528470 -0.11030448
v -0.08531384 -0.13608907 0.72188336
v 0.15253887 -0.26174447 -0.71964622
v 0.18131338 -0.24393576 -0.71323520
v 0.10767674 -0.13365512 0.53103602
v 0.24610710 0.16331539 -0.69324601
v -0.25361687 0.16672799 -0.71984237
v -0.17803749 -0.23888195 -0.69597232
v -0.27997157 -0.26428518 -0.09893972
v -0.15052100 0.26608199 -0.71307898
v -0.11905836 -0.19808501 -0.63079280
v -0.13390832 -0.02219282 0.71290570
v -0.05132109 -0.23017779 -0.62911201
v -0.09063429 -0.07554235 0.66767514
v -0.20634101 -0.14141381 0.03091482
v 0.05629535 -0.22618894 0.05377678
v 0.05807840 0.49722716 -0.10155775
v -0.21917768 0.11079495 -0.63203895
v 0.19358297 0.13659756 -0.61806077
v 0.05575833 -0.24308051 -0.60692322
v 0.12257911 -0.27658802 -0.69968963
v -0.44109672 0.23628198 -0.09861773
v 0.10534982 -0.01163444 0.39496914
v 0.12076578 0.05898811 0.71770447
v -0.34116161 0.20659183 -0.10443922
v -0.07837573 -0.06777062 0.53476048
v 0.01261117 -0.05698203 -0.61527890
v -0.44614097 -0.23060231 -0.10422111
v -0.25617176 -0.15559019 -0.72124469
v 0.18227261 0.14757200 -0.62468576
v 0.03622677 0.19300491 0.70904845
v 0.21253540 0.20891018 -0.72170961
v 0.18725528 0.03623841 0.71855575
v 0.06464119 0.12532282 0.24018785
v 0.11265418 0.16186824 0.69361293
v 0.05892521 -0.49112892 -0.09411915
v 0.24315064 -0.18200688 -0.71999466
v 0.04295745 -0.24268891 -0.64033955
v 0.07466660 -0.05401205 0.50664598
v -0.04382249 -0.12361412 0.70620477
v 0.01730747 0.29090941 -0.01358633
v 0.16319558 -0.09786997 0.64858788
v 0.01607602 -0.11197002 0.61353093
v -0.02958375 -0.10161854 0.36159903
v -0.06901240 0.40554613 -0.13813023
v -0.00242932 0.43416992 -0.17758825
v -0.11131806 0.21952535 -0.63270605
v -0.27973187 0.10864241 -0.69608426
v 0.16289788 0.41291022 -0.07797689
v 0.14373109 -0.12086308 0.72084820
v 0.07944043 -0.29477412 -0.71497077
v 0.30599156 0.03630414 -0.70575655
v 0.04968347 0.22553656 -0.62995368
v 0.11582266 0.13024014 0.54682010
v -0.14864121 0.25730455 -0.69086772
v 0.27419531 -0.26848418 -0.31804076
v -0.40467191 -0.29642931 -0.10370070
v -0.17345978 -0.31228846 -0.08745056
v 0.31453586 0.39040637 -0.13087796
v -0.49224871 0.03011487 -0.09461586
v -0.15150915 0.18577403 -0.62424737
v 0.13553199 0.01440127 0.70846367
v -0.00731136 0.30897951 -0.70714182
v 0.38958654 -0.31304717 -0.10281241
v 0.39136016 0.15744589 -0.12927686
v 0.24229337 -0.02983722 -0.60966474
v 0.26020107 0.13629392 -0.72187138
v -0.18440263 0.24295640 -0.71688193
v 0.10386225 0.06912252 0.28312609
v -0.09553855 -0.17202815 0.71123528
v -0.10078793 -0.28446317 -0.69925243
v 0.03574385 0.15584178 0.72212350
v 0.04791486 0.09095090 0.45555824
v 0.09296468 -0.35650420 -0.50586706
v 0.44331807 0.22812158 -0.09912909
v -0.01305594 0.13139328 0.24448873
v 0.01435611 -0.49817425 -0.09504651
v 0.33554861 0.26989159 -0.14887884
v 0.18010168 -0.03604511 0.72152543
v -0.14431812 0.27391723 -0.70613146
v -0.24161014 0.03592020 -0.60974789
v 0.27588362 0.10541747 -0.69351703
v 0.28594911 0.10808299 -0.71255201
v -0.20814462 0.22268699 -0.71547192
v 0.02180214 0.19468433 0.70949066
v -0.28790134 -0.08282652 -0.72183365
v 0.00714893 -0.15391526 0.72110969
v -0.23257101 -0.19609925 -0.71509564
v 0.14626151 -0.26462689 -0.69819212
v 0.18131225 -0.20388573 -0.52275318
v -0.13728352 0.19926552 -0.62664676
v -0.30666631 -0.02208241 -0.70533007
v 0.24481227 0.18255556 -0.71243727
v -0.29073051 0.09849512 -0.70293552
v 0.15597877 0.26475841 -0.71174377
v -0.10755962 -0.15875803 0.71830428
v -0.15041651 -0.26436850 -0.71734500
v -0.00987978 0.11270458 0.35444596
v 0.09332135 0.09447243 0.70373106
v 0.08577534 0.17788763 0.69313502
v -0.12246931 -0.10339575 0.72194862
v -0.21847138 0.21847643 -0.70620465
v 0.15905662 0.00079725 0.20209798
v -0.29718065 -0.02161717 -0.72177494
v 0.29521826 -0.30032372 -0.14745909
v -0.31989193 -0.00008296 -0.55461121
v 0.10065620 -0.17129044 0.70927405
v -0.30890098 0.00731088 -0.70698065
v -0.30377939 -0.14342590 -0.44733569
v -0.10839426 0.21386541 0.01710740
v -0.35978320 -0.35317162 -0.10243800
v -0.06452820 0.29843900 -0.71244401
v -0.21004219 -0.10654974 -0.62209606
v 0.07777992 -0.22733943 -0.63272583
v 0.08344893 0.28804743 -0.72146565
v -0.26567042 -0.14390197 -0.69965565
v -0.16094089 -0.16781938 -0.62791133
v -0.05344920 -0.18779747 0.71330965
v -0.05491257 0.42324725 -0.16760857
v -0.10594969 0.01259713 0.37444827
v -0.12911002 -0.27796632 -0.70470196
v -0.29806161 -0.06465483 -0.71867466
v -0.05636338 -0.05736510 0.48064679
v -0.17206116 0.15428503 0.03497640
v -0.39789680 -0.00585209 -0.10236912
v -0.29411319 0.40221792 -0.09625521
v -0.02901300 0.24251662 -0.60998785
v -0.02173504 0.30681857 -0.70913345
v -0.09316605 0.09177504 0.70735502
v 0.27427745 0.16720006 0.04075708
v 0.12260484 0.15129267 0.71216774
v -0.00733256 -0.30827364 -0.70625514
v -0.13238314 -0.14598705 0.69256777
v -0.10718413 -0.27334177 -0.72187060
v 0.16961715 -0.01015524 0.17014430
v 0.27358383 0.12268477 -0.69729608
v -0.23667490 -0.17822176 -0.69441789
v -0.14375930 -0.00694119 0.71548551
v -0.28304741 0.10889613 -0.71949482
v -0.08151020 0.22154725 0.19713779
v 0.00384547 0.45933405 -0.07256693
v 0.21979678 -0.09514404 -0.63151008
v -0.10754928 0.28473055 -0.71273100
v -0.14676030 0.20252192 -0.63751769
v -0.21673344 0.45059487 -0.19474958
v -0.25911665 0.36903569 -0.08260994
v -0.25600451 -0.05798028 0.01008115
v -0.27677298 0.08920994 -0.72184700
v 0.05950469 0.16710559 0.56706041
v -0.20497002 -0.13225149 -0.61413544
v -0.16988824 -0.15539722 -0.63312972
v -0.14060542 0.14036745 0.70651299
v 0.19765717 0.02336036 0.26680475
v -0.06514549 -0.11533226 0.70252818
v -0.16385378 0.18043713 -0.63015658
v 0.00729780 0.30776632 -0.70947075
v -0.21733123 0.17463863 -0.72188801
v -0.23065014 -0.06296913 -0.61744481
v -0.30755183 0.02189066 -0.70686352
v 0.23511975 0.19803140 -0.70918185
v 0.22463775 0.07324425 -0.64321756
v -0.13139451 0.19861370 -0.61751229
v -0.31924531 0.18480635 -0.50539529
v 0.19537544 -0.02862890 0.70720541
v 0.18097784 0.36569253 -0.30861583
v 0.29734156 0.00038665 -0.72168624
v -0.14931300 0.26557401 -0.70003700
v 0.24058494 -0.18187995 -0.48069793
v -0.03490990 0.12916510 -0.61467373
v 0.28636506 -0.26436642 -0.10452428
v -0.05059076 0.30367339 -0.70515847
v 0.40322465 -0.12571707 -0.14407440
v -0.07436699 0.12974520 0.72002709
v 0.24075311 0.33192730 -0.29524493
v 0.26273525 0.14387554 -0.69630736
v -0.09619925 0.22781149 -0.60780752
v -0.27543339 -0.35383594 -0.08079281
v 0.19385958 -0.22421487 -0.69340324
v -0.12189382 0.20294575 0.05624837
v -0.23189828 -0.20038010 -0.70336956
v -0.25797930 -0.16354714 -0.70412987
v -0.25694939 -0.01968796 -0.66235304
v -0.05120646 0.49654084 -0.09689827
v -0.10948853 0.01494847 0.34635004
v -0.23002684 -0.01484622 -0.63050026
v -0.24200007 0.18443739 -0.04831892
v -0.12837316 0.47172168 -0.27684861
v -0.26428160 0.14940292 -0.69845253
v -0.19395943 -0.22819932 -0.72046685
v 0.05882272 0.11800611 0.70787567
v -0.14718153 -0.18166465 -0.62540621
v -0.21368684 -0.36940747 -0.22507361
v -0.43842024 -0.01966613 -0.07069715
v 0.13264233 0.20600086 -0.61198336
v 0.22463489 0.36553782 -0.13550057
v 0.24027942 0.14976983 0.10755418
v 0.25300732 -0.16582948 -0.72067690
v 0.43427393 0.00020846 -0.17558727
v -0.07269073 -0.16270277 0.57005233
v -0.30761567 0.09562650 0.03812635
v -0.24263610 0.01255369 -0.62790591
v -0.20122164 -0.26266766 0.02876288
v -0.13845581 -0.26571637 -0.69667137
v -0.30847707 0.22634478 -0.09430767
v -0.03987860 -0.11261836 0.26929933
v -0.02151461 -0.30158496 -0.71613920
v -0.24482673 -0.01126924 -0.61262590
v 0.21962409 0.43771103 -0.09451274
v 0.07437633 -0.17205934 0.72140443
v -0.42866790 -0.03651061 -0.15027189
v 0.13726179 -0.00734502 0.70613986
v -0.19807054 -0.11928895 -0.62983060
v 0.27639639 -0.13474764 -0.70668089
v -0.00057484 -0.25297275 -0.64629054
v -0.26035452 -0.33370963 -0.16691774
v 0.19759105 -0.19868678 0.11602480
v -0.38843575 0.31149116 -0.10000424
v -0.33167326 0.03040631 -0.41388324
v 0.43253642 -0.00082480 -0.14203897
v -0.00018435 -0.18882190 0.71887058
v -0.05052882 -0.29857305 -0.71710098
v 0.00867342 0.13550143 0.70504767
v 0.20632409 0.34941316 -0.10738511
v -0.16939195 0.18397593 -0.60656673
v -0.37822565 -0.33041853 -0.13039914
v 0.37297624 0.33087480 -0.09888936
v -0.21183094 -0.09076195 -0.63008744
v -0.20407887 -0.37678787 -0.14415920
v 0.11146000 0.45881048 -0.08873131
v -0.15672740 0.10282840 0.72134209
v -0.08554700 -0.40647367 -0.13219170
v 0.01530327 -0.23993589 -0.63208270
v 0.13251100 -0.07294839 0.72120965
v -0.08041719 0.10232928 0.69049948
v 0.03560003 -0.13406673 0.71735704
v -0.17258519 -0.07816605 0.71990776
v 0.48873618 -0.09968992 -0.09735879
v 0.21835557 -0.21835892 -0.70612609
v -0.10501842 0.21294080 -0.61801755
v -0.29177326 0.07807431 -0.69638759
v -0.21287996 -0.20865533 -0.72135538
v -0.01002944 -0.36162794 -0.39803013
v -0.11681991 0.15990058 0.71015596
v -0.48999047 0.00108166 -0.09404778
v -0.05049269 0.29653129 -0.71840787
v 0.00700415 0.19106233 0.13216761
v -0.18681067 -0.13816729 -0.62688899
v 0.13000612 0.14822268 0.69330561
v -0.17759731 -0.20336244 -0.52271980
v 0.21605793 -0.11698402 -0.63878512
v -0.24487442 -0.18227586 -0.71217853
v -0.17472537 0.21647482 -0.72188932
v 0.07928640 0.17063551 0.34144017
v -0.43594906 -0.25203809 -0.18070123
v 0.18208715 -0.05682968 0.71991628
v 0.07796136 0.09944558 0.25620428
v 0.01079472 0.24455887 -0.61245257
v 0.03202502 -0.17848088 0.38846418
v 0.10690546 0.49030286 -0.10353367
v 0.43770906 -0.23017710 -0.09554929
v 0.47032395 -0.00157855 -0.33672825
v 0.06899122 -0.41644424 -0.14820002
v -0.31063277 0.38975087 -0.09649230
v 0.07490385 0.13003965 0.72086072
v -0.25973937 -0.13611986 -0.72187585
v -0.25369367 -0.25712031 -0.51392055
v -0.20835836 0.35405940 -0.31204557
v -0.00677076 0.11245309 0.61011219
v -0.25385070 -0.16702349 -0.71761090
v -0.32325956 0.37168473 -0.09461864
v 0.13036816 -0.18866447 0.03017313
v -0.06469408 0.11679175 0.70669848
v -0.43370807 -0.25430831 -0.09973179
v -0.23015516 -0.18794750 -0.02334265
v 0.21844229 0.38297033 -0.07380081
v -0.21306668 0.12793089 -0.60746127
v -0.00142096 0.13276479 0.27499866
v 0.08716580 -0.05837695 0.39938229
v -0.12437892 -0.27508512 -0.72056836
v 0.17338547 -0.03362647 0.41749978
v -0.19790104 -0.44822177 -0.09125105
v 0.35529155 0.24938045 -0.07145187
v -0.17765000 0.24861000 -0.70263600
v 0.08457101 0.29177621 -0.70033598
v -0.26251653 0.16227706 -0.70614415
v 0.20796999 0.22254300 -0.71341401
v 0.27562064 -0.41589695 -0.09831420
v 0.09294558 -0.08461895 0.26988459
v 0.31489003 -0.11041903 -0.07915119
v -0.00651126 -0.17374769 0.16160592
v -0.17932518 -0.15309627 -0.62318784
v -0.15133804 -0.11974680 0.12802257
v 0.22995506 0.44606394 -0.11162688
v -0.16842429 -0.15315872 0.04150455
v -0.22296858 -0.08034863 -0.61988580
v 0.36359212 0.20232610 -0.11838498
v -0.07051684 0.24118686 -0.60585874
v -0.33296075 -0.13912421 -0.39837700
v 0.25010079 -0.20222372 0.03706179
v -0.15894033 0.28036365 -0.55266815
v -0.19497707 0.23216312 -0.71853769
v 0.17351568 0.39407328 -0.13332152
v -0.19922018 0.00199424 0.12092408
v -0.16615364 -0.16878939 -0.64245862
v 0.10339537 0.00046317 0.48273113
v -0.12423014 0.00653010 -0.60530299
v 0.28897935 -0.34790117 -0.08346617
v -0.11747085 -0.01503449 0.29043925
v 0.04437958 0.42072201 -0.12971397
v -0.14468275 0.37080178 -0.31971529
v -0.17349756 -0.17649110 -0.61208105
v -0.16634695 0.25100285 -0.69663429
v 0.00870705 -0.13165066 0.69239122
v 0.05887900 -0.22910191 -0.62469894
v -0.14536312 -0.13484034 0.70004058
v 0.11298475 -0.30213857 0.03568800
v -0.08071129 -0.09718820 0.67675275
v 0.05435443 -0.08887260 0.55314320
v 0.06716024 0.23144251 -0.64952981
v 0.08932749 -0.27722353 -0.72186702
v -0.20890994 -0.11189866 -0.64347786
v 0.07925470 0.29480699 -0.71324301
v -0.21997257 0.09804979 -0.61491734
v -0.22854701 0.06296322 -0.62198520
v 0.42161918 0.09215467 -0.14510746
v -0.35835147 -0.12161794 -0.09645801
v -0.22853945 -0.04356368 -0.64117515
v 0.26825011 -0.17865422 -0.44786268
v 0.30621108 0.17497423 0.01269715
v -0.27958763 -0.19709483 -0.08525477
v -0.26345378 -0.14125441 -0.49110493
v -0.02491581 0.29426080 -0.72179002
v 0.25420037 0.39972958 -0.08936647
v -0.39149907 0.28912139 -0.09341664
v -0.16307853 0.09857581 0.64869261
v -0.16067626 -0.47063524 -0.09747574
v 0.26481277 0.19239949 -0.44988915
v 0.22705618 -0.06203465 -0.62336290
v -0.19859742 -0.23535451 -0.70670855
v -0.12098941 -0.07330391 0.20285773
v 0.18093438 0.17250960 -0.65689856
v 0.02878581 -0.43177611 -0.15610145
v 0.07038759 0.07162227 0.57586884
v -0.18512706 0.10687527 0.04570304
v -0.23305936 -0.13767639 -0.51346660
v -0.15556365 -0.25665507 -0.72085643
v 0.31745511 -0.32830513 -0.08466969
v -0.23851037 0.05218469 -0.63030630
v -0.33379969 0.00101124 -0.04863251
v 0.42078647 0.27404699 -0.10684755
v 0.23261409 0.18231279 -0.72185922
v 0.29303932 0.40216574 -0.09794277
v 0.30606624 -0.38188696 -0.09428947
v 0.15819675 0.04306803 0.72198224
v 0.11616778 0.04100698 0.69319773
v 0.11207426 -0.04871508 -0.61908293
v -0.44586697 0.02750726 -0.07919347
v 0.08493324 -0.07211027 0.62724376
v 0.08525823 -0.21803093 0.02159729
v -0.46184471 -0.19467908 -0.12939908
v -0.17886800 -0.23691900 -0.72094101
v 0.28831208 0.29617831 -0.29728848
v -0.11467004 0.08660469 -0.61276990
v -0.32624298 -0.20065647 -0.09196237
v -0.41866615 0.16133444 -0.08123621
v 0.27469820 0.27470413 -0.48240227
v 0.22699237 -0.19659112 -0.02467762
v 0.26642072 -0.00442281 -0.66246635
v -0.24405576 0.13724077 0.11652694
v -0.22216100 0.20756900 -0.70000899
v -0.12297358 0.05769098 0.72028780
v -0.46307117 0.18942596 -0.10120061
v -0.27768320 0.26628858 -0.09978511
v 0.14321908 0.26049230 -0.72183847
v -0.14039940 -0.48392650 -0.11516742
v -0.20727362 0.22199158 -0.69937611
v 0.21369652 0.23884952 -0.55419511
v -0.00061318 0.33352065 -0.04785677
v -0.01201689 0.10414734 0.57046694
v -0.28535813 0.05163055 -0.72189260
v 0.30867162 0.38559547 -0.09609886
v 0.15372477 0.17497878 -0.62717336
v 0.27355075 0.13845585 -0.71302462
v -0.14370550 0.21006632 -0.60343683
v 0.48983532 -0.11817830 -0.11602914
v 0.10476133 0.00078278 0.51743412
v 0.18546565 -0.06533889 0.68825728
v 0.30610377 -0.03642616 -0.70697576
v 0.03623376 -0.30521622 -0.70565009
v 0.22913647 0.06690899 -0.61923170
v -0.47409597 -0.05693375 -0.09234104
v 0.07547830 0.05859786 0.50340891
v 0.23096628 -0.44623727 -0.11355451
v 0.27961293 -0.10785338 -0.69695652
v 0.23094304 -0.19347529 -0.72033453
v 0.30734339 0.02203616 -0.70563155
v -0.18907584 0.46110433 -0.09684439
v 0.22537220 0.04279488 -0.63242638
v 0.25716653 0.42111573 -0.25359473
v -0.19463262 0.23406422 -0.70095724
v 0.33159250 0.37327251 -0.09919697
v -0.15691079 -0.26451859 0.06588908
v -0.00396236 -0.24631740 -0.54602873
v 0.06462441 -0.28827739 -0.72186369
v -0.27754000 0.12255451 -0.69977760
v -0.49207464 -0.03087878 -0.09465394
v -0.04284905 0.15136798 0.16369870
v 0.18467182 0.46567780 -0.10818989
v 0.19268039 -0.13590066 -0.62479168
v -0.36490259 0.34540561 -0.10669396
v 0.05886389 -0.09808179 0.31710628
v 0.25226390 -0.15139376 -0.03805167
v -0.10820333 0.27923626 -0.69530410
v 0.06483807 0.18528199 0.71088582
v -0.05158659 0.08912107 0.43751135
v 0.27803013 -0.29926747 -0.30685475
v 0.13527285 0.03988066 0.72131187
v -0.09445883 0.35901281 -0.50269908
v 0.42409608 -0.24759686 -0.09386525
v 0.20199043 -0.12462807 -0.62754756
v -0.01474778 0.18038666 0.72157925
v 0.00083728 0.10450907 0.47173235
v 0.06393428 0.29930520 -0.71198350
v -0.19642662 -0.08121856 0.23861471
v 0.00073750 -0.41293818 -0.12448868
v -0.32519099 0.31237310 -0.08157188
v -0.25169626 -0.14696750 -0.68949670
v -0.16714971 -0.07936450 0.36243609
v 0.06018169 0.16856216 0.72201264
v 0.06636733 0.42276195 -0.14112228
v 0.00735759 -0.30808356 -0.70607048
v 0.29600558 0.13190627 0.03395452
v -0.21252911 0.37151614 -0.42432961
v 0.44076398 -0.03296351 -0.07616694
v 0.23815234 -0.00283892 0.05729857
v 0.14852965 -0.39036855 -0.14421020
v -0.17050990 -0.09565696 0.28965020
v 0.21818328 -0.40939432 -0.07083464
v 0.13509525 0.19997482 -0.65057290
v 0.29146916 -0.01674538 -0.01308533
v -0.11156327 0.12872261 0.16331591
v -0.13302946 0.02060177 0.25790691
v -0.08308946 -0.10430802 0.70411372
v 0.43298820 0.25060400 -0.21676807
v -0.00151072 -0.44735709 -0.38941249
v 0.09333765 -0.28995189 -0.71596962
v 0.21376736 0.01654245 0.08895757
v -0.29478568 -0.40468335 -0.11277188
v 0.20812900 -0.22289599 -0.70193702
v -0.13740887 0.29196504 0.03593137
v 0.17657834 0.03891670 0.39118606
v -0.10913931 -0.12514323 0.48195446
v 0.10307291 -0.23939045 -0.53140068
v -0.37338746 -0.21137050 -0.21094072
v -0.05678396 -0.18922685 0.27481928
v -0.18299600 -0.15486467 -0.64605373
v -0.10061722 -0.00954779 0.40365526
v -0.17611445 0.02148231 0.56642932
v 0.17595799 -0.16188601 -0.62678897
v 0.15528741 -0.09390646 0.72188622
v 0.27139902 0.26815870 -0.33108574
v 0.48560715 0.13161021 -0.19050555
v 0.49732032 -0.02960893 -0.09623189
v 0.42760265 0.05800850 -0.14576860
v 0.15870136 -0.39950436 -0.17076729
v 0.39453390 -0.21597914 -0.08061391
v 0.19460316 0.31812730 -0.08508315
v -0.01955510 -0.15123162 0.21692139
v 0.20323084 0.38183248 -0.15853329
v -0.20680362 0.10978953 -0.55646676
v 0.30850229 0.00749399 -0.70573968
v -0.07856426 0.22530033 -0.62251401
v 0.21131794 0.01058894 -0.57237756
v -0.01358133 -0.10021422 0.45288748
v 0.21172823 -0.10480695 -0.62205440
v 0.18149187 -0.01377036 0.14118220
v -0.21203342 0.10763529 -0.62087429
v 0.21144226 0.13234033 -0.65682721
v -0.29008904 0.09321886 -0.71619129
v -0.41430926 0.10318673 -0.15220872
v 0.10736469 0.15656024 0.71972787
v -0.28470194 -0.09625567 -0.72105002
v 0.12994225 -0.13591117 0.72075915
v 0.31289935 -0.39142168 -0.11584879
v -0.18544622 -0.01968732 0.62415808
v -0.01594544 0.24580416 0.04049307
v 0.08728785 0.05681244 0.56192654
v 0.15983970 0.47516960 -0.10174350
v -0.17176147 0.07478474 0.72136253
v 0.06648421 -0.18705299 0.70521975
v 0.11462519 0.08532741 0.72138196
v -0.26433641 -0.15018325 -0.71793580
v 0.19114816 0.13903908 -0.64437848
v -0.06475877 -0.14287341 0.72230774
v 0.09678737 0.32092044 -0.07929332
v 0.14029737 0.09858525 0.72179443
v 0.07674833 0.07515521 0.60544938
v -0.47799748 0.07135414 -0.09329665
v 0.16927738 -0.18395931 -0.60626847
v -0.11399532 0.07875454 0.72125787
v 0.18295528 0.24448906 -0.71225107
v 0.18839547 0.05864968 0.69402945
v -0.13585144 -0.17486449 0.03937725
v -0.23402606 0.19464369 -0.70091271
v -0.15726320 0.08913516 0.58732826
v 0.35638976 0.35410288 -0.19784670
v -0.25261322 -0.39677724 -0.08904828
v 0.29644671 -0.05053354 -0.72011071
v 0.25594014 -0.35501251 -0.07307409
v -0.36977401 0.21640682 -0.14899398
v -0.04250145 0.41871929 -0.14427252
v -0.00724083 0.50221044 -0.09950776
v 0.09489942 -0.15606639 0.72164583
v -0.22029118 0.44759947 -0.09747751
v -0.08906005 0.05094386 0.54221851
v 0.12161764 0.00173199 0.31772092
v 0.23639223 -0.12461031 -0.51538354
v 0.28939301 0.31826663 -0.14243658
v 0.18284358 0.20950393 0.00435264
v -0.29163149 -0.07934533 -0.69878715
v -0.25964159 -0.11453439 -0.02682326
v -0.24429052 0.18211694 -0.71625376
v -0.33793709 -0.33426532 -0.32275379
v 0.25087163 0.43597844 -0.10211624
v -0.08623952 -0.49266374 -0.09906062
v -0.21470252 -0.21966869 -0.70338809
v 0.14577895 0.05229129 -0.60190821
v 0.29692626 0.03605442 -0.72116452
v 0.49238977 -0.07992146 -0.09651934
v -0.18483564 0.16601488 -0.60757375
v -0.01433060 -0.24544601 -0.61208642
v 0.29842946 -0.06448970 -0.71428782
v 0.37916654 0.18212973 -0.12572899
v 0.01409800 0.15485550 0.72138929
v -0.42705181 0.00126225 -0.42622820
v -0.46393269 0.15858769 -0.09444445
v 0.31171227 0.29702523 -0.14109071
v -0.08008570 -0.07921983 0.60490829
v -0.08635002 0.08313752 0.25384870
v -0.28228611 0.00752804 -0.67414224
v -0.04351535 -0.14377329 0.72123426
v 0.19477318 -0.23182042 -0.71863180
v 0.11398464 0.20209032 0.20372237
v 0.05669903 -0.07342292 0.47963247
v -0.16521449 0.00863909 -0.59770125
v 0.12908918 -0.02572334 0.70667231
v -0.33433047 0.02914615 -0.06106239
v 0.06705701 -0.09186785 0.62689877
v 0.26330781 0.26624793 -0.08947267
v 0.15298101 0.26590815 0.06746252
v -0.03597316 -0.30081889 -0.71293229
v -0.24185003 -0.36426207 -0.06754224
v -0.02244811 -0.49931929 -0.09685505
v 0.13080095 0.48611888 -0.10442258
v 0.02830230 0.13015641 0.70966482
v 0.21489094 0.11767631 0.00949880
v -0.12358817 0.27761036 -0.71889514
v 0.11740187 -0.05762371 0.70660722
v -0.10201705 0.00243096 0.48898891
v 0.21783051 0.34785175 -0.29762295
v -0.07193191 -0.29142210 -0.69590449
v 0.21375029 -0.17115694 -0.52130961
v 0.34702167 -0.29255185 -0.08447005
v 0.41475597 -0.11147042 -0.16476293
v 0.19334067 0.13515268 0.02718898
v 0.05075335 -0.18343307 0.72019553
v 0.16152324 -0.27618745 -0.55479622
v -0.04411073 -0.17117648 0.72202504
v 0.20009215 0.37710428 -0.12690775
v -0.37727922 -0.21630336 -0.41241640
v -0.22278005 0.09594961 0.18432504
v -0.12493038 0.01475034 0.28754523
v 0.23334447 -0.34877294 -0.13233534
v 0.15937406 0.25603750 -0.72126287
v -0.21535476 0.16113853 0.01347203
v -0.01535693 -0.24112070 -0.63236403
v 0.00132880 -0.28541738 0.10660578
v -0.30864233 -0.00750057 -0.70678693
v 0.23111913 0.29705161 -0.08816040
v -0.09832540 0.15454388 0.72172087
v -0.48565447 0.13182446 -0.18952136
v -0.02938180 0.24154271 -0.63045084
v 0.13456145 -0.25677657 -0.72188914
v 0.08680159 0.11103033 0.71304411
v 0.08847688 0.02910569 0.48674348
v 0.02581542 -0.15179425 0.72166777
v -0.13033900 0.40484905 -0.15778753
v -0.29417557 0.34314913 -0.08320004
v -0.15344976 -0.17147325 -0.55911338
v 0.16805987 0.09536494 0.71632957
v 0.00537259 -0.09330465 0.48548865
v -0.08001307 0.07047963 0.56995946
v -0.10481953 -0.04945292 0.25567371
v 0.00005703 0.19761373 0.70923597
v -0.10817220 -0.21134533 -0.61979985
v 0.24459828 0.16945881 -0.72154570
v 0.27375665 0.10731617 -0.72186524
v -0.06224336 -0.23718797 0.17936863
v -0.28401121 -0.14336218 -0.47357008
v 0.15510240 -0.28888544 -0.43965837
v 0.23802069 -0.00715713 -0.62822562
v 0.20963371 -0.24368171 0.03839743
v 0.37548092 -0.00266806 -0.49762985
v 0.03599026 0.30121356 -0.71521938
v 0.31532094 -0.01171026 -0.45956668
v 0.27612251 0.27779809 -0.02765393
v -0.22336240 0.12310663 0.02265572
v 0.11301541 -0.09188786 0.71944618
v 0.10753398 0.28623483 -0.71192056
v 0.40071726 -0.16027105 -0.15141322
v -0.07097467 0.07218136 0.53204477
v 0.25989175 0.35518196 -0.07552421
v -0.00542955 0.27505189 0.01111960
v -0.26459014 -0.16097207 -0.45083958
v 0.37175605 0.33951119 -0.12948109
v -0.11399683 -0.12948152 0.72195792
v 0.10075448 -0.08316423 0.69306433
v 0.36387458 0.00001025 -0.07326079
v 0.33101496 -0.23136006 -0.30270362
v -0.01839806 -0.13896054 0.24769875
v -0.12126205 0.13634539 0.72171646
v -0.17567976 -0.24790365 -0.71861053
v 0.08640213 -0.11292978 0.21633872
v -0.11550941 -0.06958474 0.72056592
v -0.23525314 -0.40907392 -0.33258486
v 0.17007071 0.28577164 -0.08141984
v -0.40902281 0.28784263 -0.10459854
v 0.13749853 -0.01414676 -0.61050910
v -0.10636801 0.06201909 0.70418841
v -0.06157088 -0.07545785 0.50940925
v -0.27528125 -0.12263144 -0.69880807
v -0.02005737 -0.31017241 -0.48374334
v 0.09747005 -0.22712713 -0.64128339
v 0.02054066 -0.19545634 0.68931299
v -0.24112917 0.40146577 -0.08998273
v -0.06970093 0.16823351 0.59462947
v -0.07799506 -0.03142727 0.47557724
v 0.17476004 -0.46213070 -0.09419941
v 0.40516418 0.11211465 -0.13029133
v -0.08789770 -0.41640726 -0.15823044
v 0.26502475 -0.00125786 0.02485485
v -0.14611207 -0.07215733 0.72206318
v -0.35921282 0.12634248 -0.09948957
v -0.03651017 -0.19199903 0.71347713
v -0.16196337 -0.18909009 -0.65366292
v -0.06095498 -0.16457054 0.42651770
v 0.16512969 -0.25515702 -0.72012955
v 0.19801949 -0.23390195 -0.70378125
v 0.30166173 0.05056479 -0.71251506
v 0.00055140 0.13011178 0.67826706
v 0.18385543 -0.10892209 0.04058890
v 0.16326682 0.12267043 0.10813362
v -0.40263644 -0.14452255 -0.15208679
v -0.03722904 -0.24557228 0.03413331
v -0.08528060 -0.10663632 0.24257034
v 0.30213600 -0.28748700 -0.26370367
v -0.06704829 0.06417543 0.46507114
v -0.00325373 -0.50244504 -0.19904292
v 0.14948806 -0.07639267 0.13430399
v 0.29722726 0.02161991 -0.72165138
v 0.29757401 -0.29575798 -0.43824446
v -0.41346657 0.24229008 -0.31062391
v 0.29944131 0.06372139 -0.71176046
v -0.04859716 0.08292027 0.48545125
v 0.03545328 0.22813652 -0.62897384
v 0.07452685 -0.11500872 0.71985257
v -0.30655867 -0.06710406 -0.47353813
v 0.14373831 -0.18975069 -0.61469501
v -0.27239159 0.31842136 -0.16131683
v 0.32892504 -0.26491272 -0.14838432
v 0.05290238 -0.30323634 -0.70520943
v -0.50324738 -0.01727789 -0.11869524
v -0.20782746 0.20782933 -0.72158730
v 0.05029561 -0.08862253 0.51104635
v 0.19095577 0.37785038 -0.23049074
v 0.41696557 0.10908418 -0.04475761
v -0.09153472 0.26131555 -0.72189045
v 0.48003724 0.14949730 -0.11199164
v 0.13085677 -0.25989822 -0.04482844
v -0.35667461 0.20942423 -0.44669765
v 0.38290527 -0.00151504 -0.35798141
v -0.01008349 -0.27381051 -0.66885614
v -0.09205861 0.08717752 0.29122883
v 0.12983215 0.06193129 0.19186963
v 0.00661137 0.11814950 0.32957944
v -0.39380819 0.31038693 -0.13546455
v -0.00332344 -0.12072505 0.30135542
v -0.21766044 0.37692299 -0.16037336
v -0.18412994 -0.25893000 -0.05142031
v 0.35320872 -0.35308349 -0.09588073
v 0.09935664 0.25806364 -0.02133816
v -0.20800497 0.06341013 0.05054750
v -0.27181327 -0.31757161 -0.13967215
v 0.35592255 -0.13346201 -0.09736508
v -0.15902866 0.11770561 0.69820100
v -0.04018733 0.31408465 -0.45873457
v -0.13586669 -0.19389889 -0.64370799
v 0.15090902 0.11577708 0.71891725
v -0.22668505 -0.18896200 -0.72182941
v -0.12828988 -0.01615528 0.25805503
v 0.12656388 0.08687795 -0.60201830
v 0.46256989 -0.18893355 -0.09951048
v 0.10280595 0.01277581 0.39602196
v -0.10362836 -0.19748805 0.03790813
v 0.16310903 0.01528169 0.17494629
v -0.21781702 0.06154034 -0.55773318
v 0.29275581 -0.07930905 -0.69919389
v 0.34482932 0.24732278 -0.13220640
v 0.45686734 -0.10585862 -0.08874685
v 0.13898744 -0.22906157 -0.66223180
v 0.02309313 -0.11311875 -0.61896485
v -0.29793447 -0.10408331 -0.47218671
v -0.18709156 -0.04855105 -0.57894260
v 0.30540553 -0.29734287 -0.22255766
v 0.14320135 -0.47292212 -0.09221236
v -0.00300706 -0.35589823 -0.06906730
v 0.19403414 0.33173889 -0.48745507
v -0.16704503 -0.06027634 0.56606746
v 0.15734376 0.11867242 0.69414210
v -0.09162492 0.13813996 0.49585009
v 0.38298306 0.30864951 -0.09573055
v -0.25533953 -0.43488929 -0.16733824
v -0.29246578 -0.30349246 -0.15144473
v 0.09862578 0.03012341 0.54128969
v 0.31944692 -0.04918906 0.03476351
v -0.18876444 -0.05621957 0.69150800
v -0.04130616 0.16317049 0.47089204
v 0.10336643 0.19614859 0.03773500
v -0.17998841 -0.01483403 0.72157896
v -0.42786011 0.04466200 -0.15214939
v -0.06165630 0.30053744 -0.70378256
v 0.15359156 0.09728810 0.59562182
v -0.05188006 -0.30279234 -0.70457113
v -0.47676042 -0.12924790 -0.25345212
v 0.21411142 -0.01467049 0.08353492
v -0.29399830 0.02830277 -0.02242270
v 0.30841425 -0.00732973 -0.70598072
v -0.10829509 -0.12142228 0.18359728
v 0.12861469 -0.12531292 0.39996138
v -0.23761563 0.24455179 -0.07567091
v 0.03657812 0.19763026 -0.57983965
v -0.34464049 -0.16482495 -0.09492606
v 0.08634606 0.40879446 -0.12885818
v -0.05132833 0.09211808 0.39655501
v -0.22682580 0.19458126 -0.72052681
v -0.13721669 -0.13132003 0.71925056
v -0.41920763 -0.07843265 -0.15436454
v 0.09373084 0.06081237 0.61894947
v -0.01198967 0.27943072 -0.67064142
v 0.34219292 -0.17662004 -0.35131773
v -0.36391032 0.00007397 -0.07331896
v 0.41192216 0.14045526 -0.14691895
v -0.20725794 -0.22179326 -0.71552980
v 0.09269247 -0.09590589 0.24451782
v -0.12997943 0.15531932 0.10203509
v 0.32094443 -0.29050970 -0.17432766
v 0.34378481 0.09383681 -0.51957047
v -0.14224383 0.12109289 0.35480520
v -0.39420226 0.15521814 -0.14386614
v 0.14082308 -0.09202867 0.51422340
v 0.07418492 0.14802250 0.49637443
v -0.01732423 -0.13116328 0.70489663
v 0.24577856 0.05383854 0.01380400
v 0.41359022 -0.05322531 -0.13655393
v 0.17301774 -0.09817724 0.70706415
v -0.13743170 -0.26611066 -0.72153509
v 0.17293723 -0.38911837 -0.14836958
v 0.05583500 -0.25594619 -0.52923411
v -0.06852576 -0.21676806 0.04176304
v 0.15823902 0.07557449 0.55450279
v 0.24369183 0.06319613 -0.65850806
v 0.27568206 -0.12323936 -0.72038990
v -0.02277508 0.30023009 -0.49089566
v 0.12426215 0.02734564 0.25223294
v -0.22532223 -0.21037951 -0.71100086
v -0.08429943 -0.06160582 0.56778389
v -0.12976222 0.13295235 0.61889231
v 0.11670953 -0.00774271 0.63722783
v 0.10692635 -0.28559360 -0.71154988
v 0.11983149 0.19896303 -0.62901235
v -0.04337138 -0.24269626 -0.64607525
v 0.07827586 -0.10034866 0.28982890
v 0.14986669 -0.15057696 0.05342087
v -0.07542284 0.18231703 -0.56732792
v -0.03751557 -0.09780988 0.33126253
v -0.00972050 0.20984977 0.09411644
v -0.00022220 0.36327210 -0.07611581
v 0.10368212 -0.40043759 -0.44667426
v -0.12024890 0.00188674 0.32006714
v 0.01617251 0.29409805 -0.69249690
v 0.11552420 0.40505892 -0.13082907
v -0.03477011 -0.32196769 0.03393442
v 0.27134779 -0.13873002 -0.71625847
v -0.28436723 0.15776496 0.03430717
v -0.00098066 -0.42948884 -0.21645708
v 0.11387687 0.00317271 0.35440442
v -0.20714252 -0.38125128 -0.17888288
v 0.22918613 0.00172911 0.20869713
v 0.43413702 -0.25202000 -0.20230201
v 0.00102035 -0.13990666 0.71100837
v -0.27699462 -0.27260053 -0.02421223
v -0.33179575 -0.26129359 -0.14916691
v 0.15274371 -0.22884084 -0.52155840
v -0.14165117 0.02155818 0.71896189
v -0.28603986 -0.10788680 -0.71239072
v 0.31373942 -0.25704992 -0.30024138
v 0.01254618 0.31824082 0.04453767
v -0.13293177 0.29593438 -0.45030314
v 0.06637348 -0.16641699 0.57488394
v 0.13870817 0.18738350 -0.62611812
v -0.34426737 -0.35372475 -0.25376683
v -0.11797879 0.13097712 0.42239368
v -0.28504273 0.17676084 -0.08518218
v 0.00446629 0.24096887 -0.63067865
v 0.25138831 0.12012848 -0.50394469
v 0.18554386 0.01589915 0.72044843
v 0.13553122 0.17170103 0.04281559
v 0.21901886 -0.22908796 -0.04105049
v 0.29481000 0.07924920 -0.71324301
v -0.28614989 0.29605067 -0.13668332
v -0.18157136 -0.02057388 0.37792218
v -0.12303236 0.07305866 0.23201239
v 0.08133892 0.21702406 -0.63435775
v -0.12087952 0.03460097 0.70551789
v 0.00756571 0.15127027 0.21744096
v -0.00313252 -0.32769513 -0.54781115
v -0.06419810 -0.29837701 -0.71225703
v -0.08901501 -0.16463269 0.34631759
v -0.08646511 -0.12216806 0.72033477
v -0.00332078 -0.38392368 -0.36032525
v 0.24062479 -0.35643697 -0.16187574
v -0.32432789 0.25046092 -0.12987854
v -0.10942367 0.00480727 0.58093363
v 0.29584399 -0.40160295 -0.10040740
v 0.09662146 -0.10655963 0.72152317
v -0.22338149 0.09346866 -0.62877327
v 0.24742778 0.34903345 -0.13565384
v 0.22883615 -0.14166686 -0.66350996
v 0.12265627 0.27597991 -0.69939399
v 0.27749011 -0.12256695 -0.70061773
v -0.10299686 0.00210365 0.46093535
v -0.23781437 0.33682436 -0.04863099
v -0.01483533 -0.23619413 0.06063911
v -0.08192223 0.26220301 0.12673907
v -0.19658585 0.01245339 0.68832356
v 0.03562662 -0.23582309 -0.61554331
v 0.46287102 0.15287891 -0.08824279
v -0.10626674 0.17844328 0.09528425
v 0.01333836 0.13930765 0.24529266
v -0.24810688 0.32805344 -0.12890925
v -0.37198880 -0.19521731 -0.13036937
v -0.17586023 0.28034282 0.02886457
v -0.13105053 -0.26766130 -0.01390460
v 0.12248097 0.11515143 0.72186226
v -0.34202856 0.36729786 -0.10466996
v -0.33258316 -0.00755228 0.02568677
v -0.27762672 0.04420930 0.11557364
v -0.17897363 0.10028993 0.25230628
v 0.40279564 -0.03806673 -0.31490317
v -0.08715174 -0.24256426 0.02348587
v 0.37188044 -0.32906926 -0.09610979
v -0.00506101 0.15921506 -0.60562736
v 0.16378933 -0.25554091 -0.70006073
v 0.29608145 -0.31401747 -0.17512693
v -0.11882235 0.27732387 -0.04882389
v 0.48435551 -0.13244174 -0.20160043
v -0.07639933 0.29061538 -0.69449776
v 0.10385580 -0.00707166 0.55161244
v 0.00142306 0.10554888 0.53278452
v 0.04557900 -0.11614184 0.69736111
v 0.05052570 -0.29545894 -0.72038245
v 0.20934485 -0.10897819 -0.53018886
v 0.06768354 0.06200575 0.47613421
v 0.33140203 0.33335602 -0.33683914
v 0.14254981 0.13263124 0.29865611
v -0.01674211 -0.10335090 0.41710484
v -0.10634825 0.00025492 0.54767662
v 0.20927066 -0.20850290 -0.69109046
v 0.16649723 0.34861112 -0.34686109
v -0.22210978 -0.44953042 -0.10838605
v 0.01112344 -0.32382044 0.03556626
v 0.27812529 -0.02240597 -0.51357180
v -0.24034679 -0.17437243 -0.72172940
v -0.10387317 -0.15563506 0.10439392
v 0.16438244 0.24681570 -0.69431096
v -0.01782857 0.35014832 -0.40694731
v -0.24510662 -0.30933401 -0.10789576
v 0.06899457 0.22912371 -0.61765969
v 0.01701079 -0.14523707 -0.60616618
v -0.23197630 0.20345213 -0.70632005
v 0.17866130 0.09022672 0.26310438
v -0.17024320 -0.19211878 0.02151452
v 0.28990817 0.08570337 -0.69883913
v 0.14665426 0.08932203 0.44942522
v -0.23300628 0.08237408 -0.63379776
v 0.16898322 -0.18363611 -0.64319074
v 0.08997956 -0.14822040 0.15410458
v -0.15149757 -0.26260501 -0.69946438
v 0.06339289 0.34868664 -0.08250467
v 0.08524044 -0.41830289 -0.16383453
v -0.23630796 -0.26522726 -0.07669248
v 0.16991562 -0.20869239 -0.01551478
v -0.25141171 0.16639553 -0.69716007
v 0.15430853 -0.01290796 0.72118652
v 0.07903803 -0.22837919 -0.61135525
v 0.25442612 -0.07298361 -0.65880710
v 0.20526914 0.21911705 -0.69715965
v -0.13824126 -0.17717004 0.21597931
v -0.43207094 -0.00076588 -0.20126511
v 0.17783110 0.00969555 0.57085681
v -0.38141030 -0.01595317 -0.36395016
v 0.37072018 -0.24997011 -0.07955886
v 0.14718610 -0.00240139 0.23072481
v -0.42166883 -0.00008365 -0.26013911
v -0.10765789 0.39918745 -0.14045103
v 0.09412104 0.49216241 -0.10206863
v 0.39327711 -0.07895370 -0.31541449
v 0.20088121 -0.00436972 0.11516930
v 0.22821374 -0.12461314 0.02396905
v -0.33235329 0.33582470 -0.33113977
v 0.24078292 -0.27919409 -0.08472671
v 0.12559950 -0.19428726 -0.55195987
v 0.18299294 -0.14671007 -0.62188476
v -0.18133259 0.04718748 0.63238394
v 0.08060751 -0.30344751 -0.55967075
v 0.14034939 -0.11096373 0.57602561
v 0.23193470 0.05174683 0.04799246
v -0.01342664 0.20108572 0.25796974
v -0.30725977 -0.38303307 -0.09526359
v -0.12324461 0.21327741 -0.60872191
v -0.00209054 0.42563403 -0.23229459
v -0.14541540 -0.24678273 -0.68535233
v 0.37278938 -0.09884576 -0.02151840
v 0.39357671 0.14229333 -0.25671497
v 0.00645812 -0.10495502 0.52442646
v 0.14258741 0.12503621 0.64315802
v -0.09486927 0.38476005 -0.31917226
v 0.13133788 -0.13282841 0.62534410
v 0.26062900 0.31827605 -0.29898134
v 0.43385828 -0.25640205 -0.11936460
v -0.35053709 0.34803367 -0.25359017
v -0.49513537 0.07197005 -0.10250732
v -0.00418977 0.17601494 0.55920637
v -0.25869802 0.00686921 -0.64554238
v -0.26494503 0.21888703 -0.08527431
v 0.13793354 -0.40496662 -0.16014467
v 0.18611585 -0.16197081 -0.64018977
v 0.16720146 -0.05644211 0.56110191
v -0.07013910 0.10576521 -0.61373949
v 0.09890573 0.30078179 0.04684134
v 0.00728758 0.25272661 -0.51957983
v -0.16447033 -0.09945081 0.71692955
v -0.14400978 -0.39736176 -0.13923384
v 0.08309636 -0.05563328 0.47499156
v 0.21676461 -0.37385884 -0.15559469
v 0.16841422 0.02501644 0.45893422
v 0.06584908 -0.07619359 0.40316924
v -0.18831795 0.39024997 -0.15432374
v 0.16903450 0.16475868 -0.62199724
v 0.10096928 -0.21366093 -0.62516785
v 0.11967487 -0.20972179 -0.63381028
v -0.43159023 -0.09824193 -0.07417258
v 0.15473452 0.18042669 -0.64610118
v 0.38340238 -0.12246604 -0.31415042
v -0.26921403 -0.01144324 -0.51727551
v 0.26288763 0.22769590 -0.07331140
v -0.10808340 0.27478176 -0.72160554
v 0.22750519 0.25045705 -0.07859902
v 0.38952717 -0.18653870 -0.16313261
v 0.15158069 0.09788749 0.39069560
v -0.11862273 -0.01285862 0.65705717
v 0.35397971 0.35528299 -0.09892343
v 0.43833998 -0.07870813 -0.07831687
v 0.11540541 -0.09622516 0.21073869
v 0.05598012 -0.42376193 -0.17058438
v -0.37172395 0.10032544 -0.02066427
v 0.43312725 -0.02882531 -0.16109133
v -0.32525659 0.09053264 -0.08083384
v -0.05825179 -0.49609968 -0.09813976
v 0.08215615 0.16897824 0.63019055
v -0.01614296 0.43135709 -0.15103671
v -0.02132331 0.03434670 -0.61778814
v -0.42382106 0.26306069 -0.09642436
v 0.29440439 0.32751396 -0.07468963
v -0.25873137 0.30226552 -0.31204876
v -0.23197325 -0.11291072 0.02905769
v 0.19478466 0.02623110 0.68986750
v -0.18660787 -0.46485299 -0.10974749
v -0.23833179 0.00220357 0.05822776
v 0.01166004 0.10220557 0.56130683
v -0.01651394 0.27817884 -0.51497221
v 0.03810001 -0.40124741 -0.31962833
v -0.07141973 0.09900441 0.66404414
v -0.18146968 0.04918416 0.34319723
v -0.00523425 0.34695500 0.01675890
v -0.30528942 0.00965582 -0.46008143
v -0.42916477 0.25022286 -0.23859803
v -0.48070177 0.14053991 -0.09783261
v -0.38981229 -0.20660533 -0.07280848
v 0.12105980 0.46324474 -0.31216866
v -0.30571070 -0.03628412 -0.70569575
v -0.19192080 0.18991281 -0.65932930
v -0.12701850 0.48704249 -0.18768501
v -0.00020308 -0.19540124 0.11836128
v 0.28877836 0.06023062 -0.72187555
v 0.12920192 0.16399138 -0.57462257
v -0.05552023 0.24815765 -0.64171815
v 0.10466795 -0.12335476 0.18767573
v 0.13020065 0.25450489 -0.68582946
v -0.31012937 -0.32236090 -0.07841764
v 0.18947871 0.37182662 -0.26857725
v 0.40239373 0.28677714 -0.09623556
v 0.17689916 -0.15040252 -0.53429675
v 0.40124047 0.14472818 -0.20439844
v -0.07278133 0.18815102 0.25900286
v -0.34309152 -0.36817417 -0.10829701
v 0.12770510 -0.48490784 -0.20889418
v -0.10918274 0.14885905 -0.58395785
v 0.07623009 0.09795060 0.28627628
v -0.00140449 -0.10703627 0.35801929
v 0.22351223 0.08599444 0.01931029
v -0.30977121 0.27846888 -0.16010979
v 0.17359802 -0.21745802 -0.72188777
v -0.06455396 0.09068857 0.35705003
v -0.06840248 0.08256195 0.59928089
v -0.09011118 0.07827153 0.66400594
v -0.01451046 -0.21896592 0.08706296
v 0.18837890 -0.02398863 0.33200732
v -0.31074864 0.24612637 -0.31169340
v 0.31585339 0.00055795 -0.03093227
v -0.43486628 0.09630466 -0.07724126
v -0.16693358 0.25506386 -0.71668750
v 0.23816839 -0.02933046 -0.63255602
v -0.04443658 0.12252374 0.70481330
v -0.02491272 0.24328057 -0.54050756
v 0.11638394 -0.02394388 0.29555449
v -0.01615660 0.36985034 -0.37672934
v -0.13735938 -0.22292736 0.02492416
v 0.13164318 0.13047852 0.36099935
v 0.04754586 0.07767496 0.49428290
v 0.02924699 0.41957048 -0.05722339
v -0.01079424 0.14580780 0.71726435
v -0.22441854 0.30762589 -0.09350258
v 0.41010556 0.05983657 -0.12502249
v -0.37341651 -0.33104995 -0.09883491
v 0.11489734 0.20915835 -0.64707154
v -0.43757275 0.25037062 -0.16900001
v 0.13483267 0.37749872 -0.31993252
v 0.08149754 0.10003245 0.68888718
v 0.28443375 -0.15432037 0.03636770
v -0.12194607 -0.12975495 0.40995219
v 0.28129199 -0.30847287 -0.26571202
v 0.32434520 0.27300802 -0.13445032
v -0.16394807 0.00506179 0.18956584
v 0.10850895 0.22894488 0.02068814
v -0.06887342 0.07321962 0.39796647
v -0.00315945 -0.43820131 -0.15850784
v -0.06128074 -0.18105923 -0.58194894
v 0.09220371 -0.08071773 0.66394174
v -0.23361771 0.13768272 -0.66069192
v 0.10770714 -0.27911869 -0.69640201
v -0.39162332 -0.31251743 -0.10303725
v 0.35217422 -0.01050014 -0.40385437
v -0.37697777 -0.21777053 -0.16015163
v 0.32133278 0.19496138 -0.37066716
v -0.20597947 0.25684693 -0.43741071
v -0.31915361 -0.08385028 0.02906852
v -0.17359601 0.00035057 0.44058216
v 0.01318897 0.10604624 0.59401196
v -0.29148698 -0.39769468 -0.09602676
v 0.06110244 0.08097498 0.42504460
v -0.00728990 0.24514537 0.17943591
v -0.29604197 -0.16512482 -0.08572728
v 0.28572604 0.01406918 -0.00650812
v -0.06901039 -0.07826128 0.57129371
v -0.05411753 0.17165813 0.39878574
v 0.37989074 0.14827746 -0.30641079
v -0.05885398 -0.12690730 0.24253424
v -0.09199647 0.33008778 0.02078664
v 0.27784625 -0.18306912 -0.07966347
v -0.37717503 0.18820676 -0.24651249
v -0.31252420 -0.28356144 -0.15024872
v 0.05819939 0.44282699 -0.07986216
v 0.08129590 -0.08102793 0.34622502
v -0.15328249 0.47588345 -0.09715443
v 0.16795932 0.16018909 -0.63715118
v -0.19379331 0.33575869 -0.35518196
v -0.19963981 -0.12019288 0.06457695
v -0.34728265 0.34782118 -0.09456567
v -0.26434967 0.07125147 -0.66379184
v 0.00937943 0.11523748 0.63455302
v -0.49695078 -0.05794927 -0.10394508
v -0.23101535 -0.15424863 -0.00050926
v -0.11517667 -0.40794137 -0.13728350
v 0.10171796 0.06740011 0.24400556
v -0.05906875 -0.42314175 -0.14353466
v 0.07258614 -0.10127064 0.69101644
v -0.12965143 0.01152905 0.69443887
v 0.16119033 -0.04110003 0.49756598
v -0.01504430 -0.11577818 0.33064574
v 0.10790749 0.12936193 -0.60038161
v -0.22892483 -0.07744785 -0.52766913
v -0.08510518 0.41607979 -0.15797818
v 0.20492058 -0.33766732 -0.31487072
v 0.10479484 -0.02672340 0.35239193
v -0.13784921 0.04088632 0.72146207
v 0.24473895 -0.41978747 -0.28869471
v 0.12885670 -0.00656197 0.68070102
v 0.07318280 -0.32475743 -0.41545063
v 0.01568549 0.31019816 -0.44294843
v -0.10097497 -0.07566445 0.70860624
v 0.24917963 0.17118414 -0.48737726
v -0.33126235 -0.23421541 -0.31373444
v 0.19075401 -0.39045480 -0.16924551
v -0.03957610 -0.08103991 0.43017891
v 0.15023516 0.14076473 0.25090858
v -0.07394890 -0.27418700 0.10915506
v 0.46084675 0.19481879 -0.10228368
v -0.13200392 -0.48443046 -0.20185852
v -0.42187303 0.07440267 -0.15702003
v -0.19521108 -0.02299875 0.27684498
v 0.33297351 -0.05931335 -0.07234842
v 0.13680296 0.30129856 -0.08007712
v 0.18860020 -0.37612408 -0.25412324
v -0.20637426 0.24491034 -0.04213294
v 0.29323328 0.06117065 -0.69695371
v -0.23715600 0.07946736 0.01943318
v -0.20648932 0.24889831 0.03565853
v -0.13422504 0.05047221 -0.61229932
v -0.12904356 -0.20928898 -0.65158206
v -0.42094791 -0.15617360 -0.08100422
v 0.24968514 0.07028541 -0.52419502
v 0.39577660 0.22938614 -0.08208530
v 0.39741945 -0.00121111 -0.10173935
v -0.36615503 0.18461297 -0.31139293
v 0.22663015 -0.07783043 -0.63127202
v 0.13007295 0.00298169 0.28802353
v -0.06298533 0.28739530 -0.72186494
v 0.49966204 -0.00131227 -0.09707167
v 0.12366462 -0.27566928 -0.71960992
v 0.27435157 -0.07492434 0.10827143
v -0.08393130 -0.22270079 -0.64434874
v 0.34390447 -0.22439323 -0.12517838
v 0.00733567 -0.10730634 0.56931996
v -0.07901672 0.05406808 0.49676102
v 0.15890296 -0.47655833 -0.11605890
v -0.01818581 -0.19578418 0.68837392
v 0.07836362 0.17252541 0.71979296
v -0.49620628 0.05106809 -0.09788084
v -0.37793872 -0.25073105 -0.08365729
v -0.12255808 0.27761462 -0.69981366
v -0.08672769 0.49074858 -0.09561253
v -0.11708239 0.14889854 0.13090946
v 0.00274194 0.11092889 0.38411844
v -0.41228977 0.11367234 -0.42468238
v -0.04845088 0.39753857 -0.31812969
v 0.28760692 0.08171070 -0.72156328
v 0.39732108 0.07951303 -0.30658868
v -0.00121541 -0.16997120 -0.59140331
v 0.14730862 0.11678310 0.13561606
v 0.02152423 0.19276467 0.67057461
v -0.14739679 -0.02671839 0.72147310
v -0.16655251 0.10082818 0.29690391
v 0.00213546 0.10629405 0.42436221
v 0.11341859 0.00809105 0.61067200
v -0.01946893 0.33394107 -0.43499181
v -0.15969640 -0.11600062 0.69548196
v -0.03484363 -0.11713997 0.67963398
v 0.12292887 0.00653276 0.66009164
v 0.26033118 -0.27134717 -0.01309072
v -0.28270492 -0.16377032 -0.54889274
v -0.06586178 0.11341479 0.21109171
v -0.37446663 0.06979841 -0.09951574
v -0.11123448 0.06588397 0.26125064
v 0.31114757 -0.09620439 0.03347654
v -0.02027002 -0.10563865 0.38985211
v -0.00155610 -0.17300831 0.53761268
v -0.08733081 0.06784075 0.61185127
v -0.20716661 0.21824616 -0.02293572
v 0.29401177 0.19074437 -0.41328517
v 0.07347830 -0.06656174 0.56275100
v -0.06323790 -0.28730175 -0.72188586
v 0.07696059 -0.27298686 0.10988182
v 0.14700741 -0.08621628 0.45827717
v 0.06103519 0.09894272 0.66207403
v 0.10707867 0.27322608 -0.72187644
v 0.33942762 -0.26188758 -0.17548828
v 0.13716973 -0.14615430 0.26237813
v -0.07917023 0.08965901 0.31918943
v 0.37393343 -0.16675346 -0.30900845
v -0.34596038 -0.28929153 -0.08253976
v -0.31722268 -0.13337526 -0.08756052
v 0.11910832 -0.12864101 -0.58771253
v 0.31042990 0.29852253 -0.18355431
v -0.19810031 0.33584860 -0.01548032
v 0.29920352 -0.15016228 -0.08298460
v 0.14683571 -0.13286597 0.69767725
v 0.00009823 0.41690630 -0.28760186
v -0.41966698 -0.27584377 -0.10638702
v 0.10407142 0.14169151 0.42412105
v 0.14807317 -0.07847662 -0.58054322
v -0.15498887 -0.08183661 -0.58297604
v 0.14432307 0.21815558 0.01980357
v 0.01179125 -0.13839668 0.22146556
v 0.17607847 0.07221527 0.32675016
v 0.35369876 0.19702794 -0.02623350
v 0.05090624 -0.11095685 0.25354987
v 0.11411359 -0.20427766 0.03934652
v 0.12509412 -0.15374207 0.70761168
v -0.00134595 -0.32664135 -0.04046758
v 0.10698017 0.40731469 -0.05555195
v 0.10080721 0.21345145 -0.62036961
v 0.02968352 0.17430267 0.41996151
v -0.21127985 0.36370757 -0.25910553
v -0.39321467 -0.18028197 -0.15593517
v 0.36103442 0.09744509 -0.00226793
v 0.42607823 -0.05798994 -0.16303682
v 0.42734316 -0.00398829 -0.42560312
v -0.00514802 0.12519665 0.30279851
v -0.00184696 0.41700882 -0.44256219
v 0.09818143 -0.16089037 0.33978146
v -0.09739120 0.29038411 -0.70196408
v 0.06238243 0.29423955 -0.69797820
v 0.29290077 -0.17857525 -0.41548377
v 0.24571663 -0.42776361 -0.09416081
v -0.38843104 0.22904424 -0.38148353
v 0.29894990 -0.17098612 -0.53207648
v 0.42974767 0.25141439 -0.09724252
v -0.15543194 -0.03484092 0.17118923
v -0.46596533 -0.17729045 -0.09899954
v -0.10894339 -0.16504174 0.27254516
v -0.26803398 0.42430124 -0.18906207
v -0.13609122 0.14515665 0.26713282
v -0.13759807 -0.09242848 0.49711570
v 0.23524116 0.18072087 -0.69513297
v 0.08685028 -0.49112174 -0.09579638
v -0.01715142 -0.16321562 0.18862188
v -0.23074260 -0.36362794 -0.14632875
v 0.37144810 -0.21549302 -0.16170767
v -0.48700285 -0.12778890 -0.18332186
v 0.32003027 0.00184908 -0.55424261
v -0.00962217 0.20953228 -0.57561278
v 0.00758636 0.16282685 0.18966658
v 0.11404382 -0.09366311 -0.61178100
v -0.26607701 0.15052800 -0.71308100
v 0.42463860 -0.00370860 -0.23838538
v 0.23913045 0.40942714 -0.32589054
v 0.41360998 -0.17759389 -0.08269482
v 0.07445973 0.32448161 0.02626454
v -0.02912500 -0.08873837 0.48738262
v -0.22856936 -0.22112527 0.04519709
v -0.36270756 0.26988462 -0.08373582
v 0.05903081 -0.35947245 -0.10276061
v 0.20094267 -0.12730347 0.19282378
v 0.00762468 -0.12251232 0.65623045
v -0.12883858 -0.31218377 -0.05416946
v -0.01202520 -0.10909243 0.61622292
v -0.33224332 -0.09280596 -0.08451061
v -0.19891140 -0.31307393 -0.00094995
v -0.08607630 -0.30656135 -0.46622223
v -0.29315895 0.18184589 -0.41291809
v 0.24934022 0.00939265 -0.60808492
v -0.40459117 -0.23854980 -0.33828932
v -0.10628873 -0.01339335 0.34457791
v 0.11635575 -0.40302962 -0.14716054
v 0.12470655 -0.46518189 -0.30311659
v -0.34083045 0.24541892 -0.15814683
v -0.24752083 -0.43556327 -0.10046891
v -0.15072986 0.07174617 0.47703579
v 0.18891191 -0.36469984 -0.30371431
v 0.43192875 0.02993872 -0.13739987
v 0.10404942 0.11650514 0.72176987
v 0.01642890 0.40118676 -0.10535959
v -0.20047387 -0.05631174 0.08891180
v 0.25164711 0.01056384 -0.54373449
v 0.14329334 0.11027782 -0.58497739
v -0.13319737 -0.22815752 0.14520147
v -0.19397178 -0.33675122 -0.48188713
v 0.07795448 0.13041659 0.19806249
v 0.22379905 -0.16385199 0.00344476
v -0.35357413 -0.02209697 -0.41213781
v 0.18047257 0.01464131 0.14211568
v -0.40852267 0.12918459 -0.15908878
v -0.05830728 0.18688226 0.68307430
v 0.09261069 -0.17763329 0.26119119
v -0.36953560 0.09612660 -0.49007013
v 0.05301106 0.09173700 0.39205450
v 0.26295966 -0.21939647 -0.08141148
v -0.08431699 0.29209021 -0.47538561
v -0.47192502 0.12933820 -0.27491605
v -0.10139007 0.01260441 0.40471640
v -0.38492423 0.21759818 -0.07405159
v 0.05284235 -0.23856485 0.01951533
v 0.08903388 0.15642184 0.11618939
v -0.27998406 -0.16194026 0.03652134
v 0.14094178 -0.04199243 0.72067153
v -0.30637556 -0.17079240 -0.39164722
v -0.11499020 -0.00479914 0.61404532
v 0.22722578 -0.07905388 -0.61241472
v 0.15835126 0.21679176 -0.52388495
v 0.12511295 0.12270405 0.15880205
v 0.21985248 -0.32232738 -0.01720514
v -0.09083810 -0.33720714 -0.52711046
v -0.14724265 0.17781782 0.04321437
v 0.49453822 0.06555942 -0.09760881
v 0.41280693 -0.00144586 -0.03724981
v 0.49575749 -0.00060315 -0.24558766
v -0.00931654 0.30426335 -0.02234791
v -0.36793754 -0.15007256 -0.33078018
v -0.03502698 -0.40114763 -0.32134658
v 0.22354691 -0.25841039 -0.06391615
v -0.18021983 0.27829450 -0.44733274
v 0.26952767 -0.33558932 -0.15931743
v 0.37249270 -0.07646449 -0.09851471
v 0.44317737 0.01024349 -0.05400520
v -0.10857997 0.40486595 -0.03595652
v 0.25286946 0.20396844 0.03413947
v 0.29772544 0.09103820 -0.05002660
v 0.06957266 0.26954693 0.11920731
v -0.17463711 -0.12069973 0.09592103
v -0.22377835 0.18332370 -0.50027889
v 0.22783484 0.07703689 0.18902344
v 0.02612525 -0.19182743 0.30755892
v 0.09435571 0.38640502 -0.32249501
v -0.19465789 -0.13522384 -0.64392155
v -0.16706805 0.09340915 -0.57396764
v -0.16106315 0.07504679 0.41252956
v 0.08665757 0.08035091 0.31875539
v 0.18626331 0.45600462 -0.24325709
v 0.22293980 0.10055845 -0.65272522
v -0.08107331 -0.17052141 0.63503200
v 0.26743886 0.33605585 -0.14692181
v 0.26962432 -0.00161926 0.13530505
v 0.31150153 -0.30264696 -0.06679417
v 0.15565789 0.18595387 0.03047389
v -0.24372296 0.00090632 -0.54735023
v -0.02400808 0.19621079 0.70590371
v 0.43813834 0.25047833 -0.13799201
v -0.14340390 0.23550949 -0.72188967
v -0.13189662 -0.11758082 0.15865967
v 0.24996556 -0.07596441 -0.51945931
v 0.20314083 -0.06993658 0.04683058
v 0.35532022 -0.35079309 -0.22330140
v 0.04701577 -0.41735935 -0.14406413
v 0.15166280 -0.11635148 0.32456726
v 0.24861665 0.20260072 -0.04007537
v 0.35996112 -0.35379666 -0.16000277
v 0.08325703 -0.17042528 0.64052635
v 0.35722625 0.18004814 -0.32567602
v 0.41625100 0.24539004 -0.29756629
v -0.03106515 -0.42849070 -0.14502928
v -0.39161661 -0.29963219 -0.23991095
v 0.39814183 0.30427584 -0.11728136
v -0.08863913 0.30336103 0.05008257
v -0.14437793 -0.29439262 0.03130260
v 0.19776429 -0.00016461 0.70835048
v 0.48859712 0.10842308 -0.09783576
v 0.25292948 -0.43364722 -0.20234688
v -0.00076135 0.47207573 -0.33277142
v 0.36789209 0.21157643 -0.43021914
v 0.15600479 -0.33928621 -0.36920518
v 0.11517768 -0.48836586 -0.09967840
v 0.03885395 -0.49984834 -0.10462960
v 0.10516226 -0.39367393 -0.02723026
v -0.28870195 -0.29024777 -0.45342019
v -0.14281403 -0.30394718 -0.45057499
v -0.49861300 0.00132342 -0.23185484
v -0.13089740 -0.13296598 0.62456304
v 0.06712121 -0.18405198 -0.56730801
v 0.14659329 -0.24026294 0.11200775
v -0.20329064 0.22790505 -0.47413677
v 0.16234906 0.24208064 -0.03629447
v -0.30766714 -0.23140535 -0.09696519
v 0.17132212 0.01097432 -0.59808165
v 0.00244916 -0.16836882 0.46758905
v 0.10083125 0.37693608 -0.48003057
v 0.19785491 -0.45919871 -0.10279633
v 0.50440603 0.00160473 -0.16546090
v -0.08617091 -0.31186134 0.03705235
v 0.23831980 -0.07783016 0.02344432
v -0.24900706 -0.42873219 -0.24536252
v -0.29428414 -0.25918818 -0.34178066
v 0.12309189 0.48585728 -0.20832235
v 0.17229222 0.15552896 0.03425216
v -0.24191453 0.35167733 -0.15859540
v 0.21223684 -0.36714748 -0.04025418
v -0.01188738 -0.20443051 0.25120494
v 0.44518301 0.12047867 -0.35888463
v -0.48241693 0.12157001 -0.09513544
v 0.16285414 -0.10550188 0.07621995
v -0.07580426 0.33792108 -0.08678734
v 0.34860352 -0.20451014 -0.30734444
v -0.02456378 -0.18140180 0.14331502
v 0.01144549 0.22926335 0.06855121
v 0.00482863 -0.24438113 0.18095051
v 0.03175328 0.11692954 0.67946869
v -0.13146973 0.07387085 0.19755383
v 0.00065027 -0.41962746 -0.27190641
v -0.13576356 -0.13069864 0.33851713
v -0.20987420 0.12292985 -0.62816405
v 0.24177726 -0.29509565 -0.32229450
v -0.36456773 -0.21061009 -0.25703937
v 0.05611063 0.14404938 -0.60178745
v -0.23887014 0.01075963 0.19145153
v -0.26548868 -0.23031466 -0.08588956
v 0.00982246 0.17623006 0.16011550
v -0.11550348 -0.43973160 -0.37360197
v -0.24515422 -0.07643206 -0.66057920
v -0.14803326 -0.18266347 -0.64124000
v -0.05948595 -0.08949443 0.26891097
v -0.00198717 -0.38514155 -0.09759839
v -0.06323382 0.23549370 0.02014158
v -0.20519337 0.41141450 -0.06850148
v 0.17147112 -0.07652480 0.72115564
v -0.38594592 0.18819274 -0.19672476
v 0.38769269 -0.16704534 -0.23922309
v -0.21739370 -0.39531830 -0.06088160
v 0.29355291 0.30051380 -0.25302818
v -0.40981916 -0.11328793 -0.14836955
v 0.38093016 -0.00014884 -0.00993270
v 0.21925727 0.38048837 -0.40497535
v 0.13252461 0.23360336 0.13720539
v 0.27112806 0.07659308 0.11358086
v -0.00097912 -0.29624429 -0.01077165
v 0.15199789 -0.18529677 0.18973245
v -0.00169927 -0.18551667 0.61397058
v -0.28490853 -0.00293331 0.00055279
v 0.19799156 0.22392708 -0.72143298
v -0.12931418 -0.35645053 -0.09491206
v -0.20835620 0.00080133 -0.57840049
v 0.47135442 0.13087577 -0.27567244
v 0.39201453 0.20191987 -0.05411933
v 0.20956880 -0.36834082 -0.43091857
v -0.15506667 -0.32400426 -0.41057825
v -0.21703942 0.00566907 0.08894958
v 0.30751958 -0.09269195 -0.42430490
v -0.31826928 0.04427243 0.03748179
v 0.30757394 0.30820438 -0.41163811
v -0.22744069 -0.22534575 -0.04575137
v -0.47033051 0.00113925 -0.33682013
v -0.07306613 -0.23813374 -0.65279442
v 0.18912439 -0.00596378 0.63854247
v -0.16448727 0.02080341 0.49881494
v -0.19097872 0.33057401 -0.49032727
v 0.07265437 -0.29305226 -0.69761449
v 0.00474256 -0.28200227 -0.51634783
v -0.21494918 -0.35735282 -0.03539035
v 0.04277834 0.19619904 0.26047066
v -0.24212778 -0.25353080 -0.40864867
v 0.09389974 0.11274166 0.21648698
v 0.08255971 -0.15511523 0.42279142
v -0.07922788 -0.06657653 0.26743534
v 0.00105460 -0.25162393 0.03763622
v -0.10853854 -0.39663017 -0.45081335
v -0.38208741 0.11665953 -0.31774351
v -0.39589551 0.05906666 -0.31806365
v -0.31637231 -0.14603157 -0.42162591
v 0.17553109 -0.23880914 -0.72124612
v 0.11276779 0.42709577 -0.39978349
v -0.31377718 -0.39016950 -0.11410686
v 0.13313976 0.19889854 -0.55336785
v -0.25345236 0.12498774 -0.03023674
v 0.11782685 -0.17532633 0.08804426
v -0.15937512 -0.04647903 0.49727160
v -0.25793275 -0.07789151 0.13665248
v 0.01354558 0.27812305 -0.48458797
v -0.10932986 0.40481046 -0.43836170
v 0.41717282 -0.27504042 -0.09882391
v 0.10174838 -0.38471949 -0.32317272
v 0.17887865 0.16647358 0.18215826
v -0.15112959 0.13879375 -0.56524634
v -0.17698728 -0.08948039 0.69697160
v -0.00377463 -0.39583719 -0.47257105
v 0.27297226 -0.07693020 -0.72188181
v 0.00169423 0.18836993 0.34145987
v -0.05495244 0.16258635 0.53035194
v 0.45076665 -0.22028017 -0.10995916
v -0.24475983 -0.31959966 -0.03747792
v -0.23216705 0.40127531 -0.35321161
v -0.15186884 -0.12169809 -0.57942992
v 0.14466351 -0.03279945 0.20059605
v -0.10606490 -0.37977973 -0.32938069
v -0.18701829 0.06652842 0.70495301
v -0.00018223 -0.29713380 -0.72178262
v 0.26372096 -0.09875446 -0.02418351
v 0.13524167 0.33934894 -0.08686690
v -0.12450818 0.10915209 0.48768970
v 0.06944393 -0.31710377 0.03455719
v 0.32374233 0.30160016 -0.07588992
v 0.24265410 -0.14028257 0.11573485
v -0.01677109 -0.10565501 -0.59797370
v -0.24110837 0.14091246 -0.72188830
v 0.07809072 -0.23118356 0.18175173
v -0.16388258 -0.09076973 0.62784266
v -0.01717874 0.13214824 0.70400357
v 0.09781088 -0.22829366 -0.60681146
v 0.06710266 0.22945765 0.03034364
v -0.21484917 -0.37821734 -0.41229862
v -0.07315322 0.00996012 -0.61105186
v 0.39399937 -0.22620119 -0.37456265
v -0.29693985 -0.03603102 -0.72172540
v 0.34572327 -0.33848798 -0.29572040
v 0.32537785 0.18980938 -0.49632093
v 0.23016928 -0.39612308 -0.36575741
v 0.16269143 0.03893384 0.50583893
v -0.45064464 -0.20142406 -0.09644832
v 0.08785340 0.08503097 0.66286552
v 0.20002688 0.26781866 -0.08026823
v 0.31785560 -0.17902759 -0.38222966
v 0.15812460 -0.26107833 -0.47565860
v 0.33723062 -0.00047433 -0.05102754
v -0.08718285 0.11166672 0.71695274
v -0.18059479 -0.36070493 -0.32011873
v 0.28928918 0.09454837 -0.71915847
v 0.09715459 0.41357383 -0.15557459
v 0.49790472 0.02881640 -0.09686218
v 0.35361066 0.23605792 -0.15851197
v -0.32935739 0.18108007 -0.36589220
v 0.01924329 0.16432036 0.49601552
v 0.42094266 -0.24267718 -0.28880596
v 0.23127098 0.30639675 -0.32640252
v 0.46602187 -0.12932143 -0.29712892
v -0.10198567 -0.01311486 0.37439510
v 0.23242065 -0.06693792 0.18546696
v -0.38724720 -0.08075589 -0.32767808
v -0.08423503 0.17042990 0.33032936
v -0.04280210 0.31969732 0.03598140
v -0.19968942 -0.14845207 -0.53384477
v -0.00110959 0.50035578 -0.21934406
v -0.12465519 -0.46927172 -0.28986099
v 0.11540052 -0.13029495 0.15495133
v -0.15767753 -0.34727329 -0.36746129
v -0.29445511 -0.06238438 -0.69809741
v -0.21398023 0.35461339 -0.12721853
v 0.20898426 0.19025068 -0.50703138
v -0.12284359 0.20977962 -0.62793732
v 0.32461184 0.22159563 -0.09802680
v -0.34714231 -0.14997582 -0.36536804
v -0.12957117 0.17812793 0.07607437
v 0.39437133 0.23230246 -0.36670393
v 0.11473450 -0.43586633 -0.38190782
v -0.09996364 0.16236556 0.64862514
v -0.24809803 0.42124191 -0.27619657
v 0.09573068 -0.30983934 -0.07436045
v -0.30224288 0.13555026 -0.08233473
v -0.20993848 -0.36119166 -0.27670589
v -0.16213748 -0.04498268 0.72200012
v -0.15366106 -0.08002412 0.44082719
v -0.16998199 0.17060441 0.18893413
v 0.14235754 0.08574772 0.50058401
v -0.17872596 0.00734957 0.15533870
v -0.15140724 0.08029720 0.52925819
v -0.10699686 0.40821660 -0.17566556
v 0.38380921 -0.10148423 -0.47075483
v 0.16462201 -0.08030408 0.37383968
v -0.47993243 -0.14906354 -0.11500109
v -0.30707586 0.30920222 -0.41099596
v -0.41033408 -0.00296093 -0.31726667
v -0.27503720 0.27750152 -0.47915754
v 0.20015694 0.19552524 0.11696197
v 0.17461635 0.06873645 0.63037789
v -0.06576455 -0.15256569 0.49639550
v -0.00293083 0.38900930 -0.01662621
v 0.08840339 -0.21649796 0.05930582
v 0.26967669 0.16083261 -0.55983889
v -0.15642275 0.18614399 0.02049146
v 0.17868519 0.15368295 -0.64361203
v -0.03172595 -0.18253560 0.35928696
v 0.29065591 0.19760394 -0.06917815
v -0.31799066 -0.31451237 -0.38899830
v -0.29567966 -0.01820501 -0.49127042
v -0.19608314 0.04662037 0.25850260
v 0.06696140 -0.08636036 0.59027159
v -0.37606075 -0.10320532 -0.48037291
v -0.21124569 0.19147928 -0.00495709
v 0.04633929 0.39863271 -0.31976900
v 0.43079436 -0.11880831 -0.39016646
v 0.10460619 0.00242338 0.43975002
v -0.44674286 0.12249400 -0.35363796
v 0.34955347 0.34518903 -0.26627627
v -0.42972210 -0.24036254 -0.25982010
v -0.43583277 0.00635927 -0.14875412
v 0.40507013 -0.14762709 -0.17778930
v -0.06477657 -0.22916777 -0.62067991
v -0.08359803 -0.07835594 0.63195086
v -0.05242842 0.10682395 0.26579040
v 0.11675044 0.30419728 -0.54901981
v 0.21155234 0.09849273 0.05972764
v -0.37570125 -0.00425491 -0.49737373
v 0.01647913 -0.00549863 -0.61800271
v 0.02904248 -0.29587820 -0.72168016
v 0.31244767 -0.22505549 -0.09588676
v 0.06203786 -0.15363225 0.49035832
v -0.04247446 0.14078750 0.72033244
v 0.19362298 0.33216107 -0.02086687
v -0.05949342 -0.18834697 0.69558018
v 0.19470365 -0.04754683 0.26169270
v -0.26996568 0.27456459 -0.02107308
v -0.21133627 0.37322837 -0.21103549
v -0.33502099 -0.19544600 -0.48288172
v -0.16529800 0.07702637 0.10819216
v -0.21147005 -0.18551362 0.11580706
v 0.26392129 -0.26185477 -0.50213742
v 0.33134153 -0.19249190 -0.01927331
v -0.42547542 -0.11282393 -0.40289059
v -0.26091820 0.17726496 -0.45652449
v 0.17261219 0.27162629 -0.43984687
v -0.00988206 0.42740998 -0.04242263
v 0.16108523 0.30304179 -0.41065446
v -0.07032081 0.30527449 -0.56023002
v 0.00022631 -0.48380151 -0.29665458
v 0.31270587 0.25805259 -0.29647538
v 0.04597449 -0.19965340 0.25144815
v 0.24502768 -0.12821844 -0.72189063
v -0.11935258 0.10324181 0.19299094
v -0.32987219 -0.02191313 -0.45689330
v -0.01104628 -0.21253201 -0.57189006
v -0.13002776 -0.11789718 0.55341220
v -0.10210162 -0.38654327 -0.02155201
v -0.18717602 -0.24083887 -0.48584905
v 0.15820627 -0.31216124 -0.40580288
v -0.33550796 -0.02929331 -0.06139056
v -0.18149315 0.21499242 0.11493688
v -0.45761457 -0.12389511 -0.32576603
f 242 1616 1932
f 736 1932 1616
f 242 1932 73
f 1606 1932 736
f 73 1932 1606
f 1743 2000 1110
f 1743 1816 2000
f 79 1616 242
f 79 1468 1616
f 1048 1743 1616
f 1048 1616 1468
f 1743 1110 1616
f 782 1048 1468
f 620 1048 782
f 767 1468 79
f 782 1468 767
f 487 185 1392
f 487 601 185
f 1639 1946 899
f 1946 1639 946
f 1957 1639 1728
f 1728 1639 899
f 1728 899 1187
f 404 630 649
f 649 630 1575
f 1575 630 433
f 630 1957 1728
f 630 1728 601
f 601 433 630
f 433 601 1438
f 601 1728 185
f 185 1728 1187
f 1526 1575 433
f 1526 649 1575
f 1438 601 1421
f 1421 601 487
f 1567 1438 1421
f 1567 433 1438
f 1526 433 1567
f 2000 1981 1639
f 1981 946 1639
f 1950 1976 946
f 946 1981 1950
f 2000 1639 1957
f 1957 1110 2000
f 1685 1778 307
f 1029 1685 1901
f 1029 1778 1685
f 307 1778 1489
f 630 736 1616
f 1616 1957 630
f 1616 1110 1957
f 404 736 630
f 830 1591 1440
f 1591 1227 1440
f 830 1029 1591
f 1029 1227 1591
f 1029 830 1778
f 1795 702 1029
f 1440 183 223
f 1440 1227 183
f 1029 1118 1227
f 1029 702 1118
f 1440 223 830
f 1882 736 404
f 1882 1606 736
f 1507 1606 1882
f 1507 73 1606
f 1338 73 1507
f 1375 404 649
f 1375 1882 404
f 1375 1507 1882
f 1375 649 1526
f 1443 1338 1507
f 1443 1507 1375
f 1965 313 1950
f 1816 1981 2000
f 1816 911 1981
f 911 1950 1981
f 911 1965 1950
f 1657 1287 1901
f 674 1901 1914
f 1657 1901 674
f 1901 1795 1029
f 1901 1123 1795
f 1290 1123 1901
f 1290 1901 1934
f 1287 1934 1901
f 1901 1685 1914
f 1285 1958 586
f 1290 1285 1123
f 586 1123 1285
f 1958 501 586
f 1123 356 1795
f 586 356 1123
f 586 501 356
f 1338 242 73
f 1338 79 242
f 767 79 1338
f 569 782 767
f 569 620 782
f 569 767 1338
f 356 702 1795
f 1232 1338 1443
f 1232 569 1338
f 501 1127 356
f 1127 1998 356
f 356 1634 702
f 899 1946 1001
f 1946 1874 1001
f 1757 899 1001
f 1757 1187 899
f 1836 1392 185
f 1757 185 1187
f 1098 185 1757
f 824 185 1098
f 824 1836 185
f 824 1098 288
f 1644 288 1098
f 1256 1644 1098
f 143 1614 591
f 7 1392 1836
f 1305 7 1836
f 1446 1836 824
f 1446 1305 1836
f 553 7 1305
f 288 1446 824
f 553 1305 1446
f 883 1446 288
f 553 1446 883
f 883 288 1644
f 928 553 883
f 928 883 1793
f 1976 642 1741
f 1741 642 1654
f 946 1741 1946
f 946 1976 1741
f 1874 1946 1741
f 1741 1654 1874
f 1758 15 1825
f 1489 1778 1458
f 1458 15 1489
f 1758 1489 15
f 15 568 1922
f 183 1178 223
f 830 223 1778
f 183 1749 1178
f 1778 223 1458
f 1178 1458 223
f 1178 1749 1458
f 15 1458 1099
f 1749 385 1458
f 1099 1069 591
f 1099 591 15
f 1458 1069 1099
f 1458 385 1069
f 1069 143 591
f 591 568 15
f 1069 1263 143
f 1386 1421 487
f 1567 1421 1386
f 1386 1392 7
f 1386 487 1392
f 1177 1526 1567
f 1177 1567 1386
f 1386 7 553
f 1177 1386 1854
f 1749 1781 385
f 1854 1386 553
f 385 1263 1069
f 1854 553 928
f 385 1277 1263
f 385 1781 1277
f 1854 928 1823
f 1781 1815 1277
f 1007 85 8
f 492 868 557
f 8 641 868
f 492 8 868
f 85 641 8
f 1007 8 492
f 645 1259 627
f 557 645 627
f 868 645 557
f 868 405 645
f 803 492 557
f 641 405 868
f 627 1075 464
f 627 1259 1075
f 513 464 556
f 513 627 464
f 513 557 627
f 405 1259 645
f 803 1007 492
f 513 803 557
f 1950 1547 1976
f 1950 313 1547
f 642 1976 1547
f 975 990 707
f 1547 332 642
f 990 333 707
f 721 707 333
f 1914 307 1673
f 674 1914 1673
f 1673 1489 1758
f 674 1673 1833
f 1833 13 485
f 1833 1673 13
f 1088 485 975
f 1673 1758 1825
f 485 990 975
f 485 13 990
f 1673 1825 13
f 990 13 1825
f 1914 1685 307
f 307 1489 1673
f 1227 740 183
f 1118 740 1227
f 1671 1443 1375
f 702 1568 1118
f 740 1749 183
f 1177 1375 1526
f 1671 1375 1177
f 1118 1449 740
f 1568 1449 1118
f 740 706 1749
f 1449 706 740
f 706 1781 1749
f 1568 897 1449
f 706 1815 1781
f 706 650 1815
f 1449 650 706
f 897 650 1449
f 897 1469 650
f 89 462 224
f 896 89 224
f 498 462 89
f 1909 89 896
f 1909 498 89
f 1909 83 498
f 83 250 498
f 1377 250 83
f 1377 1877 250
f 1377 83 1909
f 468 1877 1377
f 468 480 1877
f 954 480 468
f 954 139 480
f 1181 199 85
f 40 85 1007
f 40 1181 85
f 858 199 1181
f 858 224 462
f 224 858 1181
f 40 224 1181
f 896 224 40
f 250 462 498
f 199 641 85
f 462 199 858
f 916 954 468
f 558 1377 1909
f 916 1377 558
f 916 468 1377
f 1784 896 40
f 1784 1909 896
f 558 1909 1784
f 583 534 313
f 40 1007 803
f 1784 40 803
f 313 526 1547
f 313 671 526
f 534 671 313
f 275 803 61
f 275 1784 803
f 671 489 526
f 703 1784 371
f 703 558 1784
f 583 272 534
f 561 558 703
f 583 561 272
f 561 1320 558
f 561 577 1320
f 1965 482 313
f 1947 1992 1043
f 1947 1372 1992
f 313 482 583
f 707 1088 975
f 1478 1043 1088
f 1341 1043 1478
f 1341 1947 1043
f 1478 707 721
f 1478 1088 707
f 1712 1341 1478
f 1043 1657 674
f 1088 674 1833
f 1043 674 1088
f 1657 1043 1992
f 1088 1833 485
f 356 1998 1634
f 1127 725 1998
f 1634 1568 702
f 725 12 1998
f 1634 897 1568
f 1998 897 1634
f 1998 523 897
f 12 523 1998
f 12 1803 523
f 751 1364 1495
f 712 1364 751
f 240 712 751
f 71 240 751
f 1830 1654 1679
f 1783 1001 1874
f 1874 1654 1830
f 1783 1874 1830
f 1495 1757 1906
f 1906 1757 1001
f 1906 1001 1783
f 1922 1858 1889
f 568 300 1922
f 1889 1858 1908
f 300 1858 1922
f 1614 604 1173
f 591 1173 568
f 1173 591 1614
f 1495 1098 1757
f 1364 1098 1495
f 1364 1256 1098
f 1173 604 225
f 1173 225 300
f 1173 300 568
f 225 1329 300
f 225 1805 1329
f 1329 1470 300
f 1644 1256 657
f 1793 883 1644
f 1823 928 1793
f 1793 1644 657
f 657 1256 1364
f 712 657 1364
f 434 225 604
f 434 1805 225
f 240 657 712
f 240 1793 657
f 1995 1793 240
f 1995 1823 1793
f 1995 1635 1823
f 1805 1470 1329
f 10 737 998
f 10 565 737
f 10 715 565
f 384 10 998
f 384 715 10
f 157 998 186
f 157 384 998
f 737 186 998
f 1274 157 473
f 722 157 186
f 157 722 473
f 579 1142 497
f 579 473 1142
f 579 1274 473
f 722 1142 473
f 186 1142 722
f 1142 655 497
f 348 579 497
f 384 157 1308
f 1308 157 1274
f 1308 1274 579
f 309 971 28
f 348 1308 579
f 971 161 28
f 642 28 1654
f 332 28 642
f 1679 1654 28
f 1825 1908 1810
f 1825 15 1908
f 1996 1825 359
f 359 1825 1810
f 1810 1742 359
f 1889 15 1922
f 15 1889 1908
f 1635 1177 1854
f 1263 1614 143
f 1635 1854 1823
f 1277 434 1263
f 1815 1065 1277
f 1263 604 1614
f 1263 434 604
f 1277 1065 434
f 1065 1632 434
f 1065 1229 1632
f 1414 1229 1065
f 434 1632 1805
f 464 617 1151
f 464 1075 617
f 464 1151 556
f 641 1259 405
f 902 1129 715
f 1151 1129 902
f 1151 617 1129
f 556 1151 902
f 1129 565 715
f 617 565 1129
f 617 51 565
f 565 51 737
f 1075 51 617
f 641 1075 1259
f 51 186 737
f 1547 526 332
f 61 803 513
f 526 687 332
f 697 61 1701
f 1021 556 902
f 1021 513 556
f 832 513 1021
f 832 61 513
f 526 667 687
f 1701 61 832
f 526 623 667
f 588 697 1701
f 588 1701 623
f 526 588 623
f 384 902 715
f 1021 902 384
f 623 1701 832
f 623 832 667
f 332 309 28
f 332 687 309
f 680 832 1021
f 687 667 493
f 527 832 680
f 527 680 493
f 527 667 832
f 667 527 493
f 1506 384 1308
f 1506 1021 384
f 1785 680 1021
f 567 687 493
f 687 567 309
f 493 680 1785
f 493 1785 567
f 1073 1021 1506
f 1073 1785 1021
f 567 1073 309
f 567 1785 1073
f 1506 1308 204
f 387 1073 1506
f 387 309 1073
f 309 387 971
f 625 333 1996
f 1904 333 625
f 333 1904 721
f 965 1904 625
f 1856 1904 965
f 1856 965 187
f 333 1825 1996
f 333 990 1825
f 650 1065 1815
f 650 1268 1065
f 1268 1414 1065
f 1877 462 250
f 462 641 199
f 1877 641 462
f 641 51 1075
f 480 641 1877
f 139 756 480
f 671 603 489
f 371 1784 275
f 534 371 671
f 272 371 534
f 272 703 371
f 561 703 272
f 697 275 61
f 489 588 526
f 603 275 697
f 603 697 489
f 603 371 275
f 603 671 371
f 588 489 697
f 921 1806 1089
f 682 1089 1578
f 682 921 1089
f 1478 721 1904
f 1089 1712 1478
f 1806 1712 1089
f 1578 1904 1856
f 1578 1478 1904
f 1578 1089 1478
f 1034 1495 1906
f 1034 1906 1987
f 1987 1906 1783
f 901 751 1495
f 901 71 751
f 1355 1495 1034
f 1355 901 1495
f 929 1355 1034
f 1679 1849 1830
f 1679 1202 1849
f 1858 618 1908
f 821 1783 1830
f 1858 1206 618
f 1858 1686 1206
f 1830 1849 821
f 300 1016 1858
f 1686 1016 1774
f 1016 1686 1858
f 1016 1171 1774
f 1783 821 1987
f 1470 1016 300
f 1470 607 1016
f 607 1472 1016
f 1171 1016 1472
f 1472 1727 1171
f 1727 1433 1171
f 1727 801 1433
f 1805 607 1470
f 901 240 71
f 1995 240 901
f 1995 901 1355
f 1805 1092 607
f 321 1995 1355
f 607 1787 1472
f 1092 1787 607
f 321 1355 929
f 1472 1787 1727
f 1168 1995 321
f 1787 801 1727
f 299 655 510
f 447 655 299
f 447 497 655
f 348 497 447
f 1142 510 655
f 447 299 64
f 64 299 510
f 937 64 114
f 937 447 64
f 510 114 64
f 1203 114 1558
f 937 1203 1109
f 937 114 1203
f 510 1558 114
f 597 1203 1558
f 1203 597 1109
f 597 927 1109
f 1558 927 597
f 1558 582 927
f 1558 1860 582
f 582 1860 508
f 204 1308 348
f 1817 204 348
f 937 348 447
f 1817 348 937
f 161 1960 246
f 1157 1817 937
f 1157 68 1817
f 246 1960 389
f 1058 1109 927
f 1058 937 1109
f 1058 1157 937
f 140 389 1157
f 140 246 389
f 1058 927 582
f 246 907 1202
f 590 1157 1058
f 952 1157 590
f 907 246 140
f 952 140 1157
f 907 140 952
f 1058 582 508
f 1636 359 1742
f 359 1636 1996
f 625 1996 1636
f 28 161 1679
f 625 1636 1434
f 161 246 1679
f 779 1434 1636
f 246 1202 1679
f 1636 1008 1822
f 779 1636 1822
f 1810 1636 1742
f 1810 618 1636
f 618 1810 1908
f 618 316 1636
f 1636 316 1008
f 1632 1092 1805
f 1632 1586 1092
f 1632 1800 1586
f 1229 1800 1632
f 1229 1236 1800
f 1236 1030 1800
f 186 510 1142
f 51 510 186
f 387 1506 204
f 387 204 971
f 1518 204 1817
f 161 971 17
f 17 204 1518
f 17 971 204
f 161 17 257
f 257 17 1518
f 68 1518 1817
f 1960 1518 68
f 1960 257 1518
f 1960 161 257
f 1867 187 1434
f 389 68 1157
f 389 1960 68
f 1535 1434 1993
f 1535 1867 1434
f 1265 1867 1535
f 625 1434 965
f 965 1434 187
f 1993 1434 779
f 756 641 480
f 756 51 641
f 756 1868 51
f 51 1558 510
f 1578 1856 187
f 1875 682 1578
f 1867 1578 187
f 1875 1578 1867
f 403 1875 1867
f 1966 1875 403
f 1627 1177 578
f 1627 1671 1177
f 1841 1671 1978
f 1978 1671 1627
f 897 1362 1469
f 1841 1232 1443
f 1233 1232 1841
f 1841 1443 1671
f 1803 295 523
f 523 1362 897
f 295 1365 523
f 1780 1233 1841
f 578 1177 1635
f 778 1627 578
f 1731 578 1635
f 778 578 1731
f 1731 1635 1995
f 1755 1731 1995
f 1653 778 1493
f 1414 1236 1229
f 1362 391 1469
f 1362 1464 391
f 1469 1268 650
f 1469 391 1268
f 778 1978 1627
f 391 670 1268
f 1464 670 391
f 1653 1978 778
f 1696 670 1464
f 670 879 1268
f 1268 879 1414
f 670 1260 879
f 1696 1260 670
f 668 1260 1696
f 879 1080 1414
f 1841 1978 9
f 800 9 127
f 1653 9 1978
f 127 9 1284
f 1284 9 1653
f 668 1716 1260
f 1775 813 127
f 1607 127 1284
f 1775 127 1607
f 509 1543 1744
f 1543 509 691
f 211 1543 691
f 1122 509 285
f 1122 691 509
f 1122 211 691
f 285 509 329
f 992 1122 285
f 1362 1650 1464
f 523 1650 1362
f 1365 1650 523
f 1365 1811 1650
f 1811 679 1650
f 1650 1696 1464
f 800 1841 9
f 800 1780 1841
f 1497 1780 800
f 679 1605 1650
f 679 1927 1605
f 1650 668 1696
f 1650 1605 668
f 1927 1430 1605
f 1605 1716 668
f 1430 145 1605
f 1605 716 1716
f 1605 145 716
f 1716 716 1114
f 145 969 716
f 813 1497 800
f 804 1497 813
f 1197 1497 804
f 813 800 127
f 1775 804 813
f 1076 969 145
f 948 684 1076
f 1197 804 1924
f 1444 1197 1924
f 1924 804 1427
f 1427 804 1775
f 828 1924 1427
f 1840 1444 1924
f 1819 1444 1840
f 834 1840 1094
f 834 1819 1840
f 1094 1610 1994
f 1840 1924 1610
f 1094 1840 1610
f 828 1610 1924
f 1994 1610 828
f 253 861 1102
f 1221 861 253
f 1102 1870 1848
f 861 1094 1870
f 1102 861 1870
f 834 1094 861
f 1848 1870 1543
f 1543 1870 1744
f 1870 1094 1994
f 1744 1870 1994
f 1347 172 292
f 196 1102 252
f 253 1102 196
f 158 1848 612
f 158 1102 1848
f 158 252 1102
f 1105 253 196
f 1328 1543 211
f 1328 1848 1543
f 612 1848 1328
f 1923 252 158
f 1923 196 252
f 1105 196 1923
f 301 1328 211
f 1018 1328 301
f 1018 612 1328
f 1018 158 612
f 1923 158 1018
f 1538 1105 1923
f 514 1105 1538
f 301 211 1122
f 165 1923 1018
f 1538 1923 165
f 388 1538 165
f 172 514 388
f 514 1538 388
f 477 1122 992
f 477 301 1122
f 1000 301 477
f 1000 1018 301
f 165 1018 1000
f 172 165 292
f 172 388 165
f 1257 1168 321
f 1755 778 1731
f 1493 778 1755
f 1168 1755 1995
f 1493 1755 1168
f 1145 1030 1236
f 953 1493 1168
f 1030 370 1800
f 953 1168 1257
f 1030 1829 370
f 1219 1829 1030
f 1653 1493 974
f 1771 1493 953
f 1771 974 1493
f 1414 1080 1236
f 879 1260 1080
f 1080 1145 1236
f 1080 1260 1145
f 1260 375 1145
f 1145 375 1403
f 1145 1219 1030
f 1145 1403 1219
f 375 1380 1403
f 349 1653 974
f 349 1284 1653
f 1716 1114 1260
f 1114 1769 1260
f 1114 340 1613
f 1260 1769 375
f 1114 1613 1769
f 340 844 1613
f 1454 844 340
f 1763 349 974
f 1763 974 1771
f 1613 666 1769
f 1769 1380 375
f 1607 1284 349
f 1204 1775 1607
f 831 1607 349
f 1204 1607 831
f 1031 1454 340
f 1944 1204 831
f 1763 831 349
f 1454 996 844
f 1454 581 996
f 1944 831 1699
f 581 146 996
f 330 146 581
f 1699 831 1763
f 996 1580 844
f 330 1063 146
f 1476 1063 330
f 1427 1775 1204
f 828 1427 1022
f 1022 1427 1204
f 1022 1204 1944
f 634 1022 1944
f 1751 1022 634
f 1938 1994 828
f 1994 1938 575
f 1938 828 1022
f 1751 1938 1022
f 1553 575 1938
f 1553 1938 1751
f 329 1744 1707
f 329 509 1744
f 1744 1994 575
f 19 329 1707
f 1707 1744 575
f 1972 19 1707
f 1802 1707 575
f 1523 1707 1802
f 1523 1972 1707
f 1802 575 1553
f 1544 689 1631
f 472 285 329
f 992 285 472
f 446 329 19
f 446 472 329
f 233 472 446
f 378 472 233
f 378 992 472
f 1205 992 378
f 106 446 19
f 233 446 106
f 106 1972 494
f 106 19 1972
f 870 233 106
f 870 378 233
f 530 378 870
f 530 1205 378
f 944 106 494
f 917 106 944
f 917 870 106
f 416 870 917
f 416 530 870
f 1020 1972 1523
f 1020 494 1972
f 944 494 1020
f 33 1020 1523
f 33 944 1020
f 24 944 33
f 24 917 944
f 1138 917 24
f 416 1138 1544
f 1138 416 917
f 596 33 1523
f 24 33 596
f 1176 1138 24
f 1138 689 1544
f 716 340 1114
f 716 1031 340
f 1076 684 969
f 1165 1640 684
f 969 1031 716
f 969 1828 1031
f 969 684 1828
f 1828 1786 1031
f 684 1640 1828
f 1031 1786 1454
f 1828 1161 1786
f 1640 1161 1828
f 1786 581 1454
f 1786 330 581
f 1161 330 1786
f 1161 1476 330
f 360 1013 833
f 1217 1013 360
f 1640 420 1161
f 1640 1899 420
f 1899 1491 420
f 833 1491 1899
f 833 1013 1491
f 1013 499 1491
f 1491 1552 420
f 1552 1491 1252
f 420 1476 1161
f 1491 850 1252
f 420 1396 1476
f 1552 1396 420
f 27 1152 402
f 113 1253 27
f 1253 1152 27
f 1253 1209 1152
f 1217 935 1013
f 935 27 1013
f 935 113 27
f 402 1152 1451
f 27 402 1006
f 499 27 1006
f 1013 27 499
f 1491 1626 850
f 499 1626 1491
f 1006 1626 499
f 1006 402 1451
f 1006 1311 1626
f 1451 1311 1006
f 1451 1520 1311
f 1626 967 850
f 1626 1311 967
f 1347 292 390
f 390 1961 1347
f 1152 1674 914
f 1674 1961 914
f 1347 1961 1674
f 1209 1674 1152
f 1961 390 167
f 390 693 167
f 1152 914 1451
f 1961 167 914
f 693 1544 167
f 530 1544 693
f 167 1544 1633
f 914 1633 1451
f 167 1633 914
f 1633 1544 1631
f 1633 1520 1451
f 304 477 992
f 1487 1000 304
f 1000 477 304
f 292 1000 1487
f 292 165 1000
f 304 992 1205
f 390 819 693
f 390 1487 819
f 1487 304 819
f 1487 390 292
f 819 304 1205
f 819 530 693
f 530 819 1205
f 1544 530 416
f 1666 1816 1743
f 1666 1955 1816
f 286 1743 1048
f 1318 1743 286
f 1318 957 1743
f 1318 286 1525
f 351 957 1318
f 957 1666 1743
f 620 286 1048
f 436 286 620
f 1525 286 436
f 874 1318 1525
f 351 1318 874
f 733 436 620
f 874 1525 436
f 1765 957 351
f 265 957 1765
f 1374 265 1765
f 748 957 265
f 1374 912 265
f 748 265 912
f 1662 262 1965
f 1816 1955 911
f 1955 1531 911
f 911 1662 1965
f 1531 1662 911
f 594 1287 1657
f 594 1832 1287
f 594 1831 1832
f 1832 1290 1934
f 1831 1496 1832
f 1832 1934 1287
f 1106 1958 1285
f 501 1958 1106
f 1496 1106 1285
f 1290 1496 1285
f 1832 1496 1290
f 1659 856 1496
f 1496 1549 1106
f 1659 1496 1831
f 856 1549 1496
f 856 1019 1549
f 733 620 569
f 733 874 436
f 1407 351 874
f 1407 1765 351
f 1407 874 733
f 1106 1549 501
f 1352 1407 733
f 1232 733 569
f 1352 733 1232
f 1549 1127 501
f 923 1127 1549
f 1352 1232 1813
f 1019 1354 1549
f 1056 539 1662
f 1602 1531 1955
f 1602 1056 1531
f 1531 1056 1662
f 1038 1955 1666
f 1666 1373 1038
f 1038 1602 1955
f 1831 1457 1659
f 1511 1457 1831
f 1894 1511 1831
f 1373 1666 957
f 748 1423 957
f 1423 1373 957
f 373 1423 748
f 373 398 1423
f 1457 222 1659
f 1457 1791 222
f 222 1135 1659
f 1791 198 222
f 198 1135 222
f 1019 1659 1135
f 1019 856 1659
f 1791 886 198
f 886 401 198
f 1643 886 1791
f 912 1374 1765
f 912 1765 1407
f 741 912 1407
f 748 912 741
f 373 748 741
f 1668 373 741
f 1668 398 373
f 1407 1352 741
f 1135 120 1019
f 1668 741 1352
f 198 120 1135
f 120 198 401
f 1296 1933 1602
f 1373 1317 1038
f 1296 1602 1038
f 1317 1296 1038
f 398 1359 1423
f 1003 1423 1359
f 1003 1062 1423
f 1423 1062 1373
f 136 1317 1373
f 1062 136 1373
f 1062 786 136
f 1359 398 1668
f 710 1003 1359
f 593 1062 1003
f 593 1003 710
f 1668 1628 1359
f 1628 710 1359
f 100 1062 593
f 100 786 1062
f 100 593 710
f 100 710 1628
f 1465 786 100
f 1231 136 786
f 1231 786 1465
f 484 139 954
f 535 139 484
f 535 315 139
f 239 315 535
f 281 315 239
f 281 756 315
f 208 281 239
f 138 756 281
f 281 208 138
f 616 138 208
f 616 352 138
f 470 352 616
f 470 855 352
f 352 756 138
f 352 524 756
f 855 524 352
f 515 524 855
f 470 515 855
f 470 424 515
f 515 5 524
f 315 756 139
f 5 1868 524
f 916 484 954
f 916 535 484
f 239 535 916
f 482 226 583
f 482 66 226
f 208 239 916
f 1466 208 916
f 1466 616 208
f 424 470 616
f 1320 916 558
f 66 457 226
f 1466 916 1320
f 262 74 66
f 424 616 1466
f 116 1320 577
f 1466 1320 116
f 724 1466 116
f 1271 1466 724
f 1436 424 1466
f 226 561 583
f 226 577 561
f 457 577 226
f 457 116 577
f 66 116 457
f 66 724 116
f 1271 724 700
f 74 700 66
f 74 317 700
f 394 1466 1271
f 394 1436 1466
f 262 482 1965
f 1341 1372 1947
f 262 66 482
f 1082 1372 1341
f 1082 312 1372
f 312 1982 1372
f 1082 1341 1712
f 846 312 1082
f 1894 1831 594
f 1372 594 1992
f 594 1657 1992
f 1982 1637 594
f 1982 594 1372
f 923 725 1127
f 1549 1354 923
f 1112 725 923
f 725 1112 12
f 1112 1803 12
f 1354 1112 923
f 1838 1112 1354
f 1921 1838 1354
f 1838 1503 1112
f 781 515 424
f 781 218 515
f 322 218 781
f 218 5 515
f 322 5 218
f 1621 110 5
f 188 5 322
f 188 1621 5
f 188 564 1621
f 564 188 322
f 661 1621 564
f 110 1868 5
f 661 110 1621
f 661 383 110
f 661 1279 383
f 1279 661 564
f 21 383 1279
f 21 898 383
f 383 1868 110
f 21 326 898
f 326 21 1279
f 207 1121 898
f 880 898 326
f 880 207 898
f 1266 207 880
f 564 322 781
f 1436 781 424
f 1436 564 781
f 50 652 74
f 1436 1279 564
f 539 262 1662
f 539 50 262
f 50 74 262
f 539 6 50
f 1697 1982 312
f 1637 1894 594
f 1747 1442 1982
f 1442 1637 1982
f 1405 1457 1511
f 1405 1511 1894
f 1643 1791 1457
f 401 886 1208
f 1170 1668 1352
f 1019 1921 1354
f 120 1921 1019
f 580 401 1208
f 120 1189 1921
f 401 1189 120
f 401 580 1189
f 1170 1974 1668
f 580 1321 1189
f 1974 1170 163
f 1189 1838 1921
f 1189 562 1838
f 1321 562 1189
f 1321 1116 562
f 1935 539 1056
f 1935 6 539
f 1602 1933 1056
f 1933 1935 1056
f 1405 1894 1637
f 1361 1637 1442
f 1361 1405 1637
f 1933 809 1935
f 344 1361 1442
f 809 1820 1935
f 1361 1398 1405
f 643 1590 1361
f 1643 1208 886
f 1405 1643 1457
f 1398 1208 1643
f 1398 1643 1405
f 749 1208 1196
f 1398 1196 1208
f 1361 1045 1398
f 1196 1398 1045
f 1590 1045 1361
f 1045 1226 1196
f 1975 1045 1590
f 1975 1761 1045
f 1045 1761 1226
f 802 100 1628
f 1465 100 802
f 1974 1628 1668
f 802 1628 1974
f 1208 749 580
f 749 1321 580
f 964 802 1974
f 1218 964 1974
f 749 1116 1321
f 1419 1196 1226
f 1419 749 1196
f 749 1419 1116
f 1419 350 1116
f 1296 1855 1933
f 1855 809 1933
f 1919 1296 1317
f 1608 1919 1317
f 1296 1919 1855
f 1231 639 136
f 646 639 1231
f 1608 1317 136
f 639 1608 136
f 639 502 1608
f 502 99 1608
f 99 4 1608
f 1608 521 1919
f 4 521 1608
f 646 1465 802
f 646 1231 1465
f 964 646 802
f 639 646 964
f 522 639 964
f 502 639 522
f 522 964 1218
f 99 502 522
f 1011 99 522
f 4 99 1011
f 524 1868 756
f 66 700 724
f 317 1271 700
f 1212 1271 317
f 699 1212 317
f 74 699 317
f 394 1271 1212
f 853 1212 699
f 853 394 1212
f 1082 1806 921
f 1505 1082 921
f 1702 1082 1505
f 1505 921 682
f 739 1702 1505
f 1082 1712 1806
f 1702 846 1082
f 383 533 1868
f 898 533 383
f 1121 533 898
f 1266 1121 207
f 1266 112 1121
f 1266 746 112
f 746 1266 880
f 478 112 746
f 1121 1049 533
f 112 1049 1121
f 478 1049 112
f 478 460 1049
f 478 752 460
f 752 746 311
f 752 478 746
f 460 677 1049
f 1049 628 533
f 677 628 1049
f 652 699 74
f 1436 326 1279
f 50 283 652
f 311 880 326
f 311 746 880
f 1776 394 853
f 652 1776 853
f 652 853 699
f 197 394 1776
f 197 1436 394
f 216 1436 197
f 216 1378 1436
f 326 1378 311
f 1378 326 1436
f 652 197 1776
f 283 216 197
f 283 197 652
f 216 52 1378
f 906 52 216
f 906 216 283
f 1378 141 311
f 752 141 776
f 141 752 311
f 906 93 52
f 531 52 93
f 600 531 93
f 600 93 906
f 531 1378 52
f 520 1378 531
f 520 141 1378
f 600 437 531
f 531 437 520
f 600 155 437
f 760 155 600
f 520 318 141
f 1394 1702 739
f 1394 1847 1702
f 437 467 520
f 155 467 437
f 155 538 467
f 760 538 155
f 467 1912 520
f 1912 467 538
f 1306 1912 538
f 760 1306 538
f 520 423 318
f 423 520 1912
f 6 283 50
f 6 906 283
f 1747 1982 1697
f 6 600 906
f 312 846 1847
f 6 760 600
f 1847 846 1702
f 1747 312 1847
f 1747 1697 312
f 1160 1747 1847
f 1160 1847 1394
f 562 951 1838
f 562 1951 951
f 1555 1951 562
f 1116 1501 562
f 1501 1555 562
f 1555 1942 1951
f 1555 217 1942
f 84 460 752
f 84 677 460
f 84 776 677
f 776 84 752
f 677 444 628
f 776 444 677
f 776 141 444
f 659 444 141
f 659 175 444
f 444 175 628
f 659 1408 175
f 659 688 1408
f 688 659 141
f 267 1408 688
f 175 1715 628
f 1408 1715 175
f 1408 87 1715
f 267 87 1408
f 267 386 87
f 267 543 386
f 543 688 431
f 543 267 688
f 456 386 543
f 87 336 1715
f 386 336 87
f 456 336 386
f 456 353 336
f 353 456 543
f 353 933 336
f 353 1527 933
f 688 318 431
f 318 688 141
f 431 353 543
f 676 1306 760
f 676 552 1306
f 431 1527 353
f 1527 431 318
f 1820 6 1935
f 1820 676 6
f 6 676 760
f 1184 1688 1747
f 1820 794 676
f 1665 1747 1160
f 1665 1184 1747
f 794 1986 676
f 133 1361 344
f 1463 1361 133
f 1688 344 1442
f 1688 1442 1747
f 1184 344 1688
f 1184 133 344
f 686 1463 133
f 643 1361 1463
f 1571 1218 1974
f 1910 1419 1226
f 1501 1116 350
f 217 1555 1501
f 1501 1241 217
f 350 1241 1501
f 1241 350 1419
f 1910 1241 1419
f 1910 152 1241
f 152 1767 1241
f 1820 1843 794
f 1855 347 809
f 809 1843 1820
f 809 347 1843
f 1919 563 1855
f 521 563 1919
f 686 643 1463
f 686 1590 643
f 563 347 1855
f 1929 1590 686
f 1313 1929 686
f 1761 1910 1226
f 1975 1064 1761
f 1064 1910 1761
f 4 890 521
f 1334 1064 1975
f 1064 1334 1910
f 890 773 521
f 1334 1975 328
f 152 1910 1334
f 1334 328 152
f 328 1975 1590
f 328 1590 1929
f 963 152 328
f 1929 963 328
f 1291 152 963
f 245 522 1218
f 245 1011 522
f 1789 1011 245
f 890 4 1011
f 1789 890 1011
f 245 1218 1571
f 773 890 1789
f 1692 245 1571
f 1692 1789 245
f 1461 1789 1692
f 1461 773 1789
f 1692 1571 1455
f 354 1461 1692
f 521 1379 563
f 773 1379 521
f 773 1461 1379
f 1461 354 1379
f 628 1715 533
f 533 1715 1868
f 1868 1715 51
f 1875 1505 682
f 739 1505 1875
f 1325 739 1875
f 1358 1325 1875
f 1358 1875 1966
f 545 1325 1358
f 1306 615 1912
f 423 1912 615
f 1306 552 615
f 1325 1394 739
f 205 423 615
f 552 205 615
f 552 848 205
f 545 1394 1325
f 1160 1394 545
f 1238 1160 545
f 1618 1160 1238
f 1411 1160 1618
f 336 1053 1715
f 933 1053 336
f 933 1343 1053
f 933 519 1343
f 1527 519 933
f 1527 789 519
f 1598 519 789
f 1343 264 1053
f 519 264 1343
f 1598 264 519
f 264 63 1053
f 264 98 63
f 1598 98 264
f 1598 1243 98
f 63 1514 1053
f 98 1514 63
f 98 488 1514
f 1243 488 98
f 1243 1107 488
f 488 621 1514
f 1107 621 488
f 1107 547 621
f 621 708 1514
f 621 180 708
f 547 180 621
f 180 547 160
f 1514 708 1053
f 180 504 708
f 504 180 160
f 504 374 708
f 504 439 374
f 439 504 160
f 789 1527 318
f 423 205 318
f 318 205 789
f 552 673 848
f 205 1383 789
f 1243 789 1383
f 789 1243 1598
f 848 1383 205
f 848 130 1383
f 673 130 848
f 673 35 130
f 1986 35 673
f 1243 547 1107
f 547 1243 160
f 130 958 1383
f 35 958 130
f 35 503 958
f 1243 1125 160
f 1125 1243 1383
f 1986 503 35
f 958 297 1383
f 1383 297 1125
f 503 310 958
f 958 1190 297
f 1190 958 310
f 503 633 310
f 160 1125 439
f 1986 633 503
f 676 1986 552
f 1411 1665 1160
f 1986 673 552
f 1367 1665 1411
f 1149 1665 1367
f 1072 1665 1149
f 101 1072 1149
f 1367 1411 1327
f 1149 1367 1842
f 1313 133 1184
f 686 133 1313
f 1313 1184 1262
f 1072 1184 1665
f 1262 1184 1072
f 1262 1072 1542
f 1542 1072 101
f 1542 101 1486
f 1241 486 217
f 1788 486 1241
f 1241 1684 1788
f 1684 989 1788
f 1684 1241 1767
f 1767 754 1684
f 754 1767 1163
f 1843 1596 794
f 794 274 1986
f 1596 274 794
f 1413 1313 1262
f 1532 1313 1413
f 347 1596 1843
f 347 1735 1596
f 1307 1929 1313
f 1532 1307 1313
f 1307 1532 1574
f 86 1532 1413
f 1574 1532 86
f 1291 963 1929
f 1479 1291 1929
f 421 1291 1479
f 495 1929 1307
f 495 1479 1929
f 1479 495 421
f 495 887 421
f 422 495 1307
f 1357 495 422
f 1357 887 495
f 1649 887 1357
f 1357 103 1649
f 152 1291 1767
f 1528 354 1692
f 1767 1291 421
f 1528 1692 1984
f 1939 1692 1455
f 1692 1939 1984
f 559 1528 1984
f 421 1163 1767
f 887 1163 421
f 517 559 1984
f 887 1649 1163
f 563 1735 347
f 563 1905 1735
f 354 1528 1379
f 1379 1905 563
f 1528 559 1379
f 1379 559 1905
f 559 888 1905
f 888 559 517
f 576 1352 1813
f 1233 1813 1232
f 576 1813 1233
f 745 576 1233
f 1112 295 1803
f 1112 1503 295
f 1365 295 1503
f 1838 983 1503
f 947 1233 1780
f 947 745 1233
f 1170 1352 576
f 576 745 1170
f 163 1170 745
f 1504 1974 163
f 1503 1068 1365
f 1068 1811 1365
f 1503 720 1068
f 983 720 1503
f 1068 1977 1811
f 1977 679 1811
f 1977 1068 720
f 720 62 1977
f 1948 947 1780
f 1234 947 1948
f 1927 679 1977
f 1773 1430 1927
f 1977 1773 1927
f 97 1773 1977
f 145 1430 1773
f 1773 1198 145
f 97 1991 1773
f 1991 1198 1773
f 1948 1780 1497
f 1370 1497 1197
f 1370 1948 1497
f 1370 1539 1948
f 1539 1234 1948
f 1134 1539 1370
f 145 818 1076
f 818 948 1076
f 1198 818 145
f 948 1165 684
f 1550 818 1198
f 1550 948 818
f 1703 1370 1197
f 1703 1197 1444
f 1645 1703 1444
f 1703 1134 1370
f 1703 1188 1134
f 1863 1703 1645
f 1863 1188 1703
f 1645 1444 1819
f 1928 1819 834
f 881 1928 834
f 1819 1928 1645
f 1928 1863 1645
f 881 368 1928
f 1928 368 1863
f 1300 861 1221
f 1300 834 861
f 1859 1300 1221
f 711 1300 1859
f 134 711 1859
f 1300 881 834
f 711 881 1300
f 1071 711 134
f 711 1153 881
f 1674 150 1347
f 150 172 1347
f 150 1474 172
f 150 1200 1474
f 376 1221 253
f 366 1221 376
f 1859 1221 366
f 280 1859 366
f 376 253 1105
f 865 1859 280
f 134 1859 865
f 364 376 1105
f 606 134 865
f 606 1071 134
f 364 1105 514
f 1180 376 364
f 1482 376 1180
f 1482 366 376
f 1482 280 366
f 865 280 1482
f 1474 514 172
f 1474 364 514
f 1474 1180 364
f 747 865 1482
f 876 865 747
f 606 865 876
f 1200 1180 1474
f 1200 1482 1180
f 747 1482 1200
f 70 606 876
f 70 327 606
f 983 1838 951
f 1999 163 745
f 1999 1504 163
f 983 500 720
f 951 500 983
f 500 62 720
f 1942 951 1951
f 951 1942 500
f 62 1131 1977
f 500 1680 62
f 1942 1680 500
f 1131 97 1977
f 1131 62 1915
f 1680 1915 62
f 555 1915 1680
f 217 486 1942
f 1915 1224 1131
f 555 1942 486
f 555 1680 1942
f 1925 745 947
f 1925 1999 745
f 1925 947 1234
f 1131 1529 97
f 516 1999 1925
f 817 1991 97
f 1529 817 97
f 516 1925 1609
f 516 1220 1999
f 1609 1925 1234
f 1539 1609 1234
f 1134 1609 1539
f 1902 1609 1134
f 1153 368 881
f 528 711 1071
f 528 1153 711
f 528 1918 1153
f 528 619 1918
f 327 1071 606
f 528 1071 327
f 997 528 327
f 997 327 70
f 619 528 997
f 1228 1974 1504
f 1228 1571 1974
f 1504 1999 1228
f 1999 826 1228
f 826 1571 1228
f 1455 1571 826
f 1220 826 1999
f 915 1991 1548
f 915 1198 1991
f 1165 560 1640
f 948 560 1165
f 1550 1059 948
f 1059 560 948
f 256 560 1059
f 915 1550 1198
f 1059 1550 915
f 1565 256 1059
f 1962 1059 915
f 1565 1400 256
f 1548 1962 915
f 1962 1565 1059
f 1595 1565 1962
f 474 1565 1595
f 474 1400 1565
f 1061 474 1595
f 560 1899 1640
f 560 496 1899
f 496 833 1899
f 496 1667 833
f 1667 360 833
f 256 496 560
f 256 1432 496
f 1432 1667 496
f 1033 360 1667
f 1033 1217 360
f 1432 1033 1667
f 1400 1432 256
f 791 1033 1432
f 1400 1120 1432
f 791 1432 1120
f 474 1120 1400
f 1540 791 1120
f 1530 1120 474
f 1530 1540 1120
f 1540 798 791
f 1217 1521 935
f 1521 113 935
f 1521 891 113
f 891 1253 113
f 891 1209 1253
f 1521 1217 1033
f 1521 987 891
f 968 891 987
f 1040 1521 1033
f 1040 987 1521
f 1040 1033 791
f 1040 1245 987
f 755 968 987
f 798 1040 791
f 42 1040 798
f 1245 1040 42
f 755 987 1245
f 1554 150 1674
f 1402 1200 150
f 1402 1005 1200
f 1554 1674 1209
f 968 1209 891
f 968 1554 1209
f 1402 150 1554
f 1554 154 1402
f 968 1401 1554
f 154 1369 1402
f 610 1402 1369
f 154 1554 1401
f 1410 610 1369
f 755 1401 968
f 644 1401 755
f 154 1401 644
f 181 154 644
f 181 1369 154
f 1410 1369 181
f 1005 747 1200
f 876 747 1005
f 1402 505 1005
f 505 876 1005
f 610 505 1402
f 505 70 876
f 1888 70 505
f 1888 505 610
f 648 1888 610
f 648 610 1410
f 1224 1915 555
f 55 555 486
f 55 1224 555
f 55 486 1788
f 1162 1224 55
f 1162 55 862
f 1162 862 1770
f 1529 1131 1224
f 516 1609 1391
f 1548 1991 817
f 1529 783 817
f 817 783 1548
f 783 1529 1224
f 783 1224 1162
f 622 783 1162
f 516 1304 1448
f 1201 1548 783
f 452 1548 1201
f 783 1619 1201
f 622 1782 783
f 1619 783 1782
f 1902 1391 1609
f 1548 452 1962
f 1902 1304 1391
f 1902 1851 1304
f 1391 1304 516
f 653 1962 452
f 1595 1962 653
f 1188 1902 1134
f 1188 1452 1902
f 1096 1103 1188
f 1188 1103 1452
f 1452 1851 1902
f 1103 1589 1452
f 1452 1589 1851
f 368 1096 1863
f 1096 1188 1863
f 368 1852 1096
f 368 1012 1852
f 1852 1103 1096
f 1012 1319 1852
f 1852 1895 1103
f 1852 1319 1895
f 1153 1012 368
f 1918 1012 1153
f 619 247 1918
f 247 1660 1918
f 1918 1660 1012
f 1660 254 1012
f 1871 1410 181
f 1012 254 1319
f 1660 1713 254
f 1467 181 644
f 1026 1871 181
f 1713 1537 254
f 1713 970 1537
f 997 956 619
f 1888 997 70
f 956 997 1888
f 956 247 619
f 549 956 1888
f 259 956 549
f 956 259 247
f 648 549 1888
f 259 1660 247
f 259 302 1660
f 1970 648 1410
f 1970 549 648
f 1970 259 549
f 302 259 1970
f 92 302 1970
f 302 1713 1660
f 302 92 1713
f 1871 1970 1410
f 1418 1970 1871
f 797 1970 1418
f 797 92 1970
f 1713 92 797
f 970 1713 797
f 1220 1730 826
f 826 1730 1455
f 1903 1455 1730
f 37 1730 1220
f 1788 862 55
f 989 862 1788
f 1730 37 1903
f 1183 1903 37
f 989 25 862
f 1371 1903 1183
f 1448 1220 516
f 1220 1448 37
f 1455 1371 1939
f 1371 1455 1903
f 1393 1034 1987
f 1393 1987 1642
f 453 929 1034
f 1739 453 1034
f 1739 1034 1393
f 1612 1739 1393
f 1612 412 1739
f 1738 1612 1393
f 412 453 1739
f 1202 450 1849
f 1164 1849 450
f 1849 1164 821
f 1485 618 1206
f 1917 821 1164
f 1368 1845 1206
f 1485 1206 1845
f 1845 1737 1485
f 1774 1368 1686
f 1686 1368 1206
f 821 1642 1987
f 821 1917 1642
f 1171 1351 1774
f 1351 1368 1774
f 117 1368 1351
f 117 1845 1368
f 1433 718 1171
f 801 718 1433
f 718 1351 1171
f 801 1720 718
f 1787 1720 801
f 1787 1629 1720
f 718 1720 1351
f 1720 638 1351
f 1629 638 1720
f 638 1276 1351
f 1629 325 638
f 1276 117 1351
f 638 325 1276
f 325 117 1276
f 325 1641 117
f 1629 1641 325
f 321 929 453
f 1092 1629 1787
f 412 321 453
f 1740 321 412
f 1740 412 1612
f 1091 1612 1738
f 1740 1612 1091
f 1860 807 508
f 1860 34 807
f 1860 1967 34
f 1967 765 34
f 1967 1047 765
f 1967 1247 1047
f 1967 780 1247
f 60 1247 780
f 1247 60 1047
f 60 1821 1047
f 427 60 780
f 1821 60 427
f 780 696 427
f 129 427 822
f 129 1821 427
f 696 822 427
f 1155 129 822
f 1155 696 194
f 1155 822 696
f 1437 129 1155
f 1058 508 807
f 907 58 1202
f 608 952 590
f 58 952 608
f 58 907 952
f 34 1058 807
f 765 1058 34
f 58 1301 1202
f 58 396 1301
f 414 1058 765
f 414 590 1058
f 414 608 590
f 58 1222 396
f 1222 608 414
f 1222 58 608
f 1821 765 1047
f 266 765 1821
f 266 414 765
f 690 1222 414
f 396 1222 690
f 690 414 266
f 490 690 266
f 1437 1821 129
f 1437 266 1821
f 1872 1301 396
f 1009 490 266
f 1281 1872 396
f 1009 266 1437
f 1086 1009 1437
f 1144 779 1822
f 450 1202 1301
f 1485 1822 1008
f 1485 1144 1822
f 1144 976 829
f 976 1144 1485
f 976 1886 829
f 618 1485 316
f 316 1485 1008
f 1586 1629 1092
f 1586 1920 1629
f 1800 1920 1586
f 370 1669 1800
f 1800 1669 1920
f 1669 1055 1920
f 1669 735 1055
f 735 260 1055
f 1860 696 1967
f 1967 696 780
f 696 1399 959
f 696 959 194
f 1087 1867 1265
f 1265 1535 1745
f 303 1087 1265
f 303 1265 1745
f 1281 690 490
f 690 1281 396
f 1745 1569 303
f 1336 490 1009
f 1872 490 1336
f 1872 1281 490
f 1569 1745 54
f 1337 1336 1009
f 1745 779 1144
f 1745 1993 779
f 1745 1535 1993
f 1144 829 1745
f 829 1298 1745
f 1298 54 1745
f 1558 696 1860
f 1558 1399 696
f 51 1399 1558
f 51 1990 1399
f 403 1867 1087
f 303 403 1087
f 732 403 303
f 1966 403 732
f 1620 303 1569
f 732 303 1620
f 1522 1738 1393
f 1091 1738 1522
f 1014 1091 1522
f 1753 1014 1522
f 335 1164 450
f 1737 1845 14
f 1164 1809 1917
f 1809 1164 335
f 1809 1880 1917
f 117 1500 1845
f 1845 1500 14
f 1500 1646 14
f 1917 1880 1642
f 1483 1393 1642
f 1734 1393 1483
f 1880 1483 1642
f 1646 44 1480
f 1500 44 1646
f 1641 1322 117
f 117 105 1500
f 117 841 105
f 117 1322 841
f 1641 812 1322
f 1322 812 841
f 812 1143 841
f 812 339 1143
f 841 1490 105
f 1143 1490 841
f 1734 1522 1393
f 1734 1753 1522
f 1143 339 1490
f 769 1753 1734
f 339 1331 1490
f 1331 105 1490
f 1331 1207 105
f 339 949 1331
f 1629 812 1641
f 1740 1091 1014
f 814 1740 1014
f 1762 1740 814
f 47 1014 1753
f 814 1014 47
f 47 1753 769
f 323 1762 814
f 1516 1155 194
f 397 1155 1516
f 397 1437 1155
f 194 959 1516
f 124 397 1516
f 124 1516 959
f 465 397 124
f 379 124 959
f 465 124 379
f 959 1023 379
f 1239 379 1023
f 1239 465 379
f 380 1023 1834
f 76 1023 380
f 76 1239 1023
f 918 380 1834
f 1024 380 918
f 1024 76 380
f 1086 1437 397
f 1086 397 465
f 355 943 1872
f 1086 465 1239
f 76 1086 1239
f 943 1301 1872
f 1301 943 450
f 1886 1179 829
f 943 335 450
f 1979 335 943
f 1979 943 88
f 1997 1485 1737
f 1485 1997 976
f 1480 1777 1737
f 1777 1997 1737
f 1777 976 1997
f 1886 704 544
f 704 1886 976
f 1480 1737 14
f 1480 14 1646
f 44 1777 1480
f 1920 812 1629
f 1678 1740 1762
f 1678 692 1740
f 1920 339 812
f 1920 377 339
f 1055 377 1920
f 1055 1687 377
f 1687 1297 377
f 1055 1194 1687
f 1278 1194 1055
f 339 377 949
f 959 1399 1023
f 1399 1834 1023
f 1990 123 1399
f 1399 918 1834
f 554 76 1024
f 1399 123 918
f 918 362 1024
f 362 825 1024
f 825 554 1024
f 123 362 918
f 1254 554 825
f 614 825 362
f 2 362 123
f 362 2 614
f 2 825 614
f 2 1254 825
f 771 2 123
f 343 1254 2
f 123 413 771
f 1990 413 123
f 1337 1009 1086
f 355 1336 1337
f 1336 355 1872
f 65 355 1337
f 1086 65 1337
f 65 1044 355
f 1272 65 1086
f 1272 48 65
f 48 1044 65
f 1044 875 355
f 166 48 1272
f 875 48 166
f 875 1044 48
f 554 1086 76
f 355 875 943
f 1272 1086 554
f 1323 166 1272
f 835 166 1323
f 36 166 835
f 166 36 875
f 1323 1299 835
f 1299 36 835
f 1254 1272 554
f 1323 1272 1254
f 785 1299 1323
f 36 88 875
f 1214 1323 1254
f 49 36 1299
f 1214 796 1323
f 796 785 1323
f 785 49 1299
f 796 49 785
f 59 1214 343
f 1214 1254 343
f 36 49 88
f 626 796 1214
f 1298 829 1179
f 466 1298 1179
f 1389 54 1298
f 54 1389 1569
f 466 1389 1298
f 875 88 943
f 466 1179 1886
f 938 1389 466
f 1886 544 466
f 544 938 466
f 1248 1389 938
f 893 1248 938
f 260 1278 1055
f 1278 743 1194
f 1656 743 1278
f 1577 1620 1569
f 1620 1577 732
f 1004 732 1577
f 1750 1004 1577
f 626 851 796
f 851 49 796
f 518 851 626
f 851 149 49
f 149 851 518
f 1512 149 518
f 1512 1675 149
f 714 1675 1512
f 1577 1569 1389
f 1248 1577 1389
f 849 1750 1577
f 1717 1577 1248
f 849 1577 1717
f 1651 849 1717
f 1719 1734 1483
f 1878 1880 182
f 1880 1878 1483
f 1719 1483 1878
f 949 1207 1331
f 231 769 1734
f 860 231 1734
f 1210 231 860
f 1210 663 231
f 1719 860 1734
f 1719 1723 860
f 1723 212 860
f 1601 47 769
f 1601 814 47
f 323 814 1601
f 885 1762 323
f 1601 769 231
f 663 1601 231
f 235 1601 663
f 235 323 1601
f 235 885 323
f 683 885 235
f 1210 235 663
f 729 235 1210
f 729 683 235
f 729 1210 860
f 212 729 860
f 212 683 729
f 1037 335 1979
f 1979 57 1037
f 335 1037 1809
f 1777 704 976
f 1600 704 1777
f 432 1600 1777
f 1037 1880 1809
f 1037 182 1880
f 1428 44 1500
f 1428 206 44
f 206 1777 44
f 792 1777 206
f 432 1777 792
f 1428 792 206
f 1428 45 792
f 1428 1032 45
f 1090 1032 1428
f 45 432 792
f 147 432 45
f 1182 45 1032
f 1182 147 45
f 995 147 1182
f 995 1182 1032
f 1207 1500 105
f 1207 1428 1500
f 949 1689 1207
f 1207 1689 1428
f 1090 1428 1689
f 377 1689 949
f 377 481 1689
f 1689 1240 1090
f 546 481 377
f 481 1240 1689
f 1132 1090 1240
f 481 1132 1240
f 1046 1132 481
f 546 1046 481
f 1563 1090 1132
f 1968 1046 546
f 1968 1519 1046
f 1046 1563 1132
f 1090 1563 1032
f 1563 995 1032
f 1519 46 1046
f 885 1678 1762
f 1687 1664 1297
f 1710 1678 885
f 1546 1678 1710
f 1297 546 377
f 1664 546 1297
f 1710 885 683
f 1664 1968 546
f 1710 683 723
f 723 683 212
f 1288 1980 1710
f 1980 1546 1710
f 1066 723 212
f 939 1710 723
f 1288 1710 939
f 771 343 2
f 413 343 771
f 413 270 343
f 1990 573 413
f 573 270 413
f 573 59 270
f 1990 95 573
f 171 59 573
f 95 171 573
f 95 202 171
f 202 59 171
f 1990 1169 95
f 1169 202 95
f 1169 342 202
f 1990 1148 1169
f 589 342 1169
f 1148 589 1169
f 1148 1216 589
f 1216 342 589
f 59 343 270
f 342 59 202
f 342 1214 59
f 893 938 544
f 1603 88 49
f 88 1603 1979
f 544 704 893
f 149 1603 49
f 149 234 1603
f 1603 57 1979
f 234 1930 1603
f 147 1600 432
f 1885 1600 147
f 704 1812 893
f 1812 704 1600
f 1812 1600 1885
f 147 1126 1885
f 1768 147 995
f 1768 1126 147
f 1194 1664 1687
f 1656 788 743
f 1295 788 1656
f 743 1456 1664
f 743 1664 1194
f 788 1456 743
f 1295 1861 788
f 788 1572 1456
f 1861 1572 788
f 1456 1968 1664
f 1861 665 1572
f 1456 278 1968
f 1572 278 1456
f 1968 278 1519
f 1572 1070 278
f 665 1070 1572
f 1850 1148 1990
f 193 1216 1148
f 193 770 1216
f 1850 193 1148
f 1850 3 193
f 293 884 1850
f 39 770 193
f 3 39 193
f 1850 178 3
f 178 39 3
f 178 1083 39
f 1850 908 178
f 908 1083 178
f 908 90 1083
f 884 908 1850
f 293 764 884
f 56 90 908
f 884 56 908
f 764 56 884
f 293 18 764
f 542 18 293
f 542 1113 18
f 1282 518 626
f 1282 1512 518
f 1282 30 1512
f 30 714 1512
f 714 190 1675
f 190 714 30
f 1409 190 30
f 1409 442 190
f 977 442 1409
f 770 1214 342
f 770 1282 1214
f 1282 626 1214
f 1675 190 149
f 1409 30 1282
f 744 977 1409
f 977 1638 442
f 770 342 1216
f 744 1409 1282
f 1083 770 39
f 1083 1282 770
f 90 1282 1083
f 744 1282 90
f 764 90 56
f 18 90 764
f 18 744 90
f 1113 744 18
f 1638 1617 442
f 1717 1248 893
f 1651 1717 1258
f 234 149 190
f 1812 1717 893
f 1258 1717 1812
f 981 1258 1812
f 1617 190 442
f 190 1617 234
f 1439 981 1812
f 1812 1885 1126
f 816 1498 1861
f 1861 1498 665
f 816 1406 1498
f 1406 1887 1498
f 1066 212 1723
f 1876 182 1037
f 1876 1037 57
f 1896 182 1876
f 1896 1878 182
f 1896 1719 1878
f 1896 1175 1719
f 1046 46 1563
f 1723 1237 1066
f 440 1237 1723
f 1175 1723 1719
f 1175 159 1723
f 159 440 1723
f 1175 1316 159
f 1316 1844 159
f 1237 723 1066
f 939 723 1237
f 16 1288 939
f 16 1237 440
f 16 939 1237
f 159 16 440
f 1844 16 159
f 795 16 1844
f 795 1288 16
f 795 842 1288
f 1316 795 1844
f 636 795 1316
f 57 1603 1930
f 57 1953 1876
f 1953 57 1930
f 1792 1768 995
f 1566 1126 1768
f 1792 1566 1768
f 1340 1126 1566
f 1792 1340 1566
f 1898 1896 1876
f 1953 1898 1876
f 1898 1175 1896
f 1898 1242 1175
f 1563 1792 995
f 46 1615 1563
f 1615 1792 1563
f 1519 1615 46
f 1519 170 1615
f 1615 1345 1792
f 170 1345 1615
f 1070 986 170
f 1070 548 986
f 170 986 1345
f 1959 1792 1345
f 986 1959 1345
f 548 1959 986
f 548 940 1959
f 1175 1853 1316
f 278 170 1519
f 842 1980 1288
f 1070 170 278
f 1624 1309 1980
f 1624 1980 842
f 219 1309 1624
f 636 842 795
f 251 842 636
f 1624 842 251
f 1853 636 1316
f 1078 1624 251
f 294 1624 1078
f 294 219 1624
f 251 636 1853
f 1078 251 1853
f 122 219 294
f 1085 219 122
f 1617 979 234
f 979 1930 234
f 1340 1812 1126
f 1293 1812 1340
f 1439 1812 1293
f 1057 1439 1293
f 1235 1057 1293
f 979 1594 1930
f 1930 1594 1953
f 637 1953 1594
f 1293 1340 1792
f 77 1057 1235
f 1622 1293 1792
f 1622 1235 1293
f 1622 77 1235
f 637 1898 1953
f 1690 369 548
f 1690 1140 369
f 940 1792 1959
f 369 940 548
f 1593 1792 940
f 1593 1622 1792
f 369 1593 940
f 1140 1593 369
f 1353 1622 1593
f 1140 1353 1593
f 574 1622 1353
f 595 1353 1140
f 1510 595 1140
f 595 574 1353
f 665 1690 1070
f 1498 1690 665
f 1887 994 1498
f 994 1690 1498
f 1796 1101 1309
f 1690 548 1070
f 994 1510 1690
f 810 1682 1309
f 1510 1140 1690
f 1682 1796 1309
f 1349 1309 219
f 810 1309 1349
f 1691 1682 810
f 1349 219 1085
f 174 810 1349
f 305 1691 810
f 1853 1175 1242
f 1242 1078 1853
f 1242 118 1078
f 1242 761 118
f 118 294 1078
f 122 294 118
f 761 122 118
f 1683 1242 1898
f 637 1683 1898
f 905 613 761
f 1754 761 1242
f 1754 238 761
f 238 905 761
f 1683 1754 1242
f 1754 839 238
f 1754 1515 839
f 905 1349 1085
f 174 1349 905
f 305 810 174
f 761 613 122
f 613 1085 122
f 905 1085 613
f 839 305 174
f 1515 305 839
f 238 174 905
f 839 174 238
f 1864 321 1740
f 1864 1257 321
f 1829 1669 370
f 1829 392 1669
f 1559 1257 1864
f 1559 953 1257
f 1559 1864 692
f 692 1864 1740
f 1771 953 1559
f 1869 1771 1559
f 1746 1869 1559
f 392 1829 1219
f 1403 392 1219
f 1380 392 1403
f 1380 102 392
f 102 1940 392
f 392 735 1669
f 392 1940 735
f 102 261 1940
f 735 1584 260
f 1940 1584 735
f 1940 261 1584
f 102 1839 261
f 151 1839 102
f 666 1380 1769
f 844 1580 1613
f 1989 1763 1771
f 1613 1580 666
f 1989 1771 1869
f 666 102 1380
f 666 1273 102
f 1580 1273 666
f 1580 1583 999
f 1580 999 1273
f 999 1384 1273
f 1661 1989 1869
f 1273 151 102
f 1661 1869 1801
f 1907 151 1273
f 1384 1907 1273
f 996 75 1580
f 146 75 996
f 1063 75 146
f 1699 1763 1989
f 75 1583 1580
f 1661 1699 1989
f 1597 1699 1661
f 1564 1597 1661
f 634 1944 1699
f 1827 1751 634
f 1969 1751 1827
f 1597 634 1699
f 1827 634 1597
f 1115 1827 1597
f 1969 1553 1751
f 1185 1553 1969
f 381 1185 1969
f 320 1969 1827
f 381 1969 320
f 1010 1523 1802
f 1631 419 1633
f 1185 1802 1553
f 689 1246 1631
f 1724 1802 1185
f 1724 1010 1802
f 866 1010 1724
f 483 866 1724
f 1314 1724 1185
f 1585 483 1724
f 381 1302 1185
f 1302 1314 1185
f 596 1523 1010
f 463 24 596
f 1176 689 1138
f 1176 24 463
f 227 596 1010
f 962 596 227
f 962 463 596
f 1176 314 689
f 314 463 962
f 314 1176 463
f 611 314 962
f 314 1246 689
f 314 611 1246
f 942 1010 866
f 942 227 1010
f 942 962 227
f 179 962 942
f 179 611 962
f 611 179 1246
f 585 942 866
f 585 179 942
f 1042 585 889
f 1042 179 585
f 483 585 866
f 889 585 483
f 1211 1042 889
f 125 889 483
f 1211 889 125
f 999 1350 1384
f 1130 1350 999
f 1396 1063 1476
f 1063 787 75
f 1396 787 1063
f 787 1583 75
f 787 1158 1583
f 1583 1130 999
f 1583 664 1130
f 664 1583 1158
f 787 32 1158
f 1460 32 787
f 173 664 1158
f 32 173 1158
f 1481 32 1460
f 1481 173 32
f 276 1350 1130
f 664 276 1130
f 173 276 664
f 1412 276 173
f 1481 1412 173
f 892 1412 1481
f 1172 892 1481
f 1396 367 787
f 1552 367 1396
f 1552 1333 367
f 1252 1333 1552
f 850 1333 1252
f 967 1333 850
f 967 920 1333
f 920 119 1333
f 367 1460 787
f 119 109 1333
f 367 365 1460
f 1333 365 367
f 654 365 1333
f 109 654 1333
f 365 1481 1460
f 399 365 654
f 399 1481 365
f 1954 654 109
f 1954 399 654
f 1954 109 119
f 1954 119 1330
f 399 1172 1481
f 1311 1050 967
f 1311 694 1050
f 1520 694 1311
f 967 1050 920
f 415 920 1050
f 1557 1050 694
f 1557 415 1050
f 920 1330 119
f 415 1330 920
f 1557 1244 415
f 681 1954 1330
f 681 1330 415
f 762 681 415
f 1244 762 415
f 1633 419 1520
f 1949 694 1520
f 1949 1520 419
f 1631 924 419
f 1246 924 1631
f 419 924 1949
f 1246 1473 924
f 1949 1557 694
f 1473 1435 924
f 924 734 1949
f 1435 734 924
f 734 1557 1949
f 1473 993 1435
f 271 1557 734
f 271 1244 1557
f 934 1435 993
f 734 1154 271
f 1154 734 1435
f 1484 1154 1435
f 934 1484 1435
f 1154 1541 271
f 1246 1042 1473
f 1042 1246 179
f 1211 1473 1042
f 1211 993 1473
f 1211 984 993
f 934 993 984
f 1746 1559 692
f 1746 692 144
f 144 692 1678
f 1746 144 978
f 978 144 1678
f 1546 978 1678
f 1584 647 260
f 1839 1584 261
f 1839 647 1584
f 1159 128 647
f 1159 647 1839
f 151 1159 1839
f 1766 1159 151
f 647 1278 260
f 647 128 1278
f 1159 334 128
f 1027 334 1159
f 1766 1027 1159
f 592 1746 978
f 128 1656 1278
f 128 334 1656
f 334 1295 1656
f 1027 1295 334
f 592 978 675
f 1801 1869 1746
f 1907 1766 151
f 1801 1746 592
f 1630 1564 1801
f 592 1630 1801
f 1866 1630 592
f 1564 1661 1801
f 1564 1721 1597
f 53 1721 1564
f 53 1564 1630
f 1115 320 1827
f 1115 1597 1721
f 1585 1724 1314
f 1314 1573 1585
f 1573 1314 418
f 1585 125 483
f 859 125 1585
f 859 1211 125
f 1573 859 1585
f 426 859 1573
f 189 426 1573
f 1718 1027 1766
f 1111 1718 1766
f 1035 1111 1766
f 1294 1111 1035
f 1027 1718 1295
f 1718 1756 1295
f 1111 811 1718
f 1350 1907 1384
f 276 1857 1350
f 1035 1766 1907
f 1350 1035 1907
f 1857 1035 1350
f 511 1035 1857
f 1289 479 1857
f 511 852 1035
f 1857 479 511
f 852 1294 1035
f 1900 53 1630
f 1174 1973 1900
f 1412 80 276
f 1513 80 1412
f 892 1513 1412
f 1289 1857 276
f 80 1289 276
f 1973 1721 53
f 1973 1404 1721
f 1404 1931 1721
f 529 1404 1973
f 1973 53 1900
f 1174 529 1973
f 1560 320 1115
f 1931 1115 1721
f 1931 1560 1115
f 656 1560 1931
f 1404 656 1931
f 320 1136 381
f 1302 381 1136
f 1560 1136 320
f 1136 1324 1302
f 1475 1136 1560
f 1324 1136 1475
f 656 1475 1560
f 1332 1475 656
f 1475 1286 1324
f 934 922 1484
f 1484 1545 1154
f 1302 115 1314
f 115 418 1314
f 1141 1573 418
f 115 1302 1324
f 1141 418 763
f 115 763 418
f 1818 763 115
f 1286 115 1324
f 1286 1818 115
f 1818 540 763
f 1818 1732 540
f 984 1211 859
f 934 984 609
f 426 984 859
f 836 984 426
f 609 984 836
f 1672 934 609
f 1672 922 934
f 587 1484 922
f 836 426 189
f 1280 922 1672
f 1280 587 922
f 1141 189 1573
f 1141 836 189
f 1790 836 1141
f 1790 609 836
f 631 609 1790
f 631 1672 609
f 455 1672 631
f 1280 1672 455
f 763 1790 1141
f 763 631 1790
f 107 1280 455
f 540 631 763
f 540 455 631
f 540 107 455
f 1732 107 540
f 675 978 1546
f 1866 592 675
f 1426 1866 675
f 1980 675 1546
f 1426 675 1980
f 1551 1426 1980
f 1551 1980 1309
f 1718 811 1756
f 1756 1861 1295
f 811 1017 1756
f 1756 816 1861
f 1017 816 1756
f 1551 1517 1426
f 1517 1866 1426
f 1101 1517 1551
f 43 1517 1101
f 43 1709 1517
f 78 43 1101
f 1900 1630 1866
f 1900 1866 1517
f 1709 1174 1900
f 1709 1900 1517
f 1101 1551 1309
f 1796 78 1101
f 1715 1990 51
f 1715 1053 1990
f 1053 443 1990
f 1053 308 1562
f 1562 443 1053
f 1562 277 443
f 443 1850 1990
f 443 1381 1850
f 277 727 443
f 443 973 1381
f 1779 545 1358
f 1077 1358 1966
f 1077 1779 1358
f 1004 1966 732
f 903 1966 1004
f 1077 1966 903
f 1477 1779 1077
f 708 374 1053
f 374 308 1053
f 1562 750 277
f 1618 1238 1117
f 1779 1238 545
f 1117 1238 1779
f 192 1117 1779
f 429 1264 695
f 1264 1199 695
f 192 1779 1477
f 1199 296 695
f 1264 1588 1199
f 1382 192 1477
f 1422 1588 1156
f 1588 1422 1199
f 296 1199 1422
f 1327 1618 1117
f 439 532 374
f 532 439 1166
f 532 273 374
f 273 532 1166
f 273 308 374
f 273 980 308
f 980 273 1166
f 980 284 308
f 284 980 1599
f 284 799 308
f 799 284 1599
f 308 491 1562
f 799 491 308
f 799 698 491
f 1599 698 799
f 1599 660 698
f 491 41 1562
f 698 41 491
f 660 41 698
f 41 985 1562
f 660 985 41
f 985 660 268
f 310 633 1190
f 210 297 1190
f 297 210 1125
f 1125 1166 439
f 1190 195 210
f 633 195 1190
f 1125 210 1166
f 195 1041 210
f 633 1041 195
f 1041 695 210
f 1041 429 695
f 633 429 1041
f 633 135 429
f 1599 1166 210
f 1166 1599 980
f 135 1264 429
f 1599 210 695
f 268 1599 695
f 660 1599 268
f 268 695 296
f 1385 268 296
f 135 1588 1264
f 135 1963 1588
f 1327 1411 1618
f 1842 1367 1327
f 1986 135 633
f 1842 101 1149
f 274 135 1986
f 192 1327 1117
f 274 1963 135
f 221 1327 192
f 221 1842 1327
f 81 1842 221
f 289 1842 81
f 1676 192 1837
f 1676 221 192
f 1486 101 1842
f 1262 1542 1486
f 1700 1413 1486
f 1700 1486 132
f 289 1486 1842
f 1985 1486 289
f 132 1486 1985
f 1684 417 989
f 754 417 1684
f 417 754 1275
f 1067 417 871
f 1275 871 417
f 871 1499 1067
f 1596 1752 274
f 274 1752 1963
f 1952 86 1413
f 1413 1262 1486
f 1735 1835 1596
f 1700 1952 1413
f 1596 1835 1752
f 1735 1376 1835
f 1952 1574 86
f 1307 1574 1952
f 1307 1952 1700
f 1891 1307 1700
f 103 1357 422
f 103 685 1649
f 806 422 1307
f 806 103 422
f 685 103 806
f 1891 806 1307
f 685 806 1119
f 806 1891 1119
f 1167 1119 1891
f 517 1984 1417
f 1417 1984 1939
f 1163 1275 754
f 1649 1275 1163
f 1417 1459 517
f 1939 1371 1625
f 1275 1649 1119
f 1939 1587 1417
f 1587 1939 1625
f 685 1119 1649
f 1417 1587 1459
f 605 1459 1587
f 871 1275 1862
f 1862 1275 1167
f 1119 1167 1275
f 1905 1376 1735
f 1905 1759 1376
f 888 290 1905
f 290 393 1905
f 393 1759 1905
f 393 236 1759
f 236 1292 1759
f 1292 635 1759
f 290 888 517
f 517 1459 290
f 393 290 1459
f 236 393 1459
f 605 236 1459
f 1292 236 605
f 635 1292 605
f 1381 542 1850
f 542 293 1850
f 1381 1036 542
f 1750 903 1004
f 1652 1077 903
f 849 903 1750
f 164 162 306
f 537 766 774
f 537 306 766
f 1706 306 537
f 1706 164 306
f 1652 903 849
f 1508 1652 849
f 750 950 277
f 277 408 727
f 277 1804 408
f 1804 662 408
f 727 972 443
f 408 220 727
f 408 331 220
f 662 331 408
f 1283 331 662
f 331 1283 148
f 1588 570 1156
f 1652 1477 1077
f 1382 1477 1652
f 1156 1186 815
f 570 1186 1156
f 815 1422 1156
f 1186 758 1339
f 815 1339 121
f 1339 815 1186
f 1186 255 758
f 570 255 1186
f 758 1335 1462
f 1339 1462 717
f 1339 758 1462
f 758 255 1335
f 121 23 1261
f 1943 406 869
f 1462 406 1943
f 1462 1943 717
f 1335 406 1462
f 717 121 1339
f 23 717 1283
f 23 121 717
f 869 168 164
f 869 395 168
f 406 395 869
f 717 1943 869
f 1335 395 406
f 854 164 1706
f 168 162 164
f 854 869 164
f 869 854 717
f 255 395 1335
f 148 717 1611
f 148 1283 717
f 263 854 1706
f 395 162 168
f 1611 854 382
f 1611 717 854
f 255 1941 395
f 753 1941 255
f 1837 192 1382
f 69 1382 1652
f 69 1837 1382
f 1676 1837 69
f 69 1652 1508
f 1911 1676 69
f 1911 221 1676
f 156 221 1911
f 1191 69 1508
f 1911 69 1191
f 895 1579 1748
f 895 1748 228
f 1562 29 750
f 1562 241 29
f 985 241 1562
f 268 241 985
f 268 1215 241
f 29 11 750
f 241 11 29
f 1215 11 241
f 11 1215 67
f 750 471 950
f 11 471 750
f 67 471 11
f 950 137 277
f 471 1261 950
f 471 67 1261
f 137 877 277
f 950 877 137
f 1261 877 950
f 877 1261 23
f 277 169 1804
f 877 169 277
f 23 169 877
f 169 23 1283
f 169 662 1804
f 169 1283 662
f 1385 296 1422
f 268 1385 1215
f 1963 570 1588
f 1385 1422 815
f 1385 67 1215
f 1261 1385 121
f 1385 815 121
f 1385 1261 67
f 570 753 255
f 1752 1093 1963
f 1963 753 570
f 1963 1093 753
f 81 221 156
f 1093 742 753
f 1983 289 81
f 1985 289 1983
f 1983 81 156
f 1897 132 1985
f 1897 1255 132
f 1897 1985 1983
f 541 1255 1897
f 936 541 1897
f 871 1862 1499
f 1579 1067 1748
f 1499 1748 1067
f 1748 1499 1002
f 1862 1002 1499
f 1862 843 1002
f 1002 1884 1748
f 1002 843 1884
f 1344 1748 1884
f 1748 1344 228
f 843 955 1884
f 1344 1722 228
f 1884 955 1344
f 955 843 599
f 1424 1700 132
f 1255 1424 132
f 1752 1797 1093
f 1835 1797 1752
f 1376 1797 1835
f 1376 1623 1797
f 1051 1700 1424
f 1051 1891 1700
f 1051 1424 1387
f 541 1424 1255
f 1387 1424 541
f 1705 1623 1376
f 1387 541 936
f 1387 936 550
f 1705 775 1623
f 203 1891 1051
f 341 1891 203
f 341 1167 1891
f 678 341 203
f 845 678 203
f 678 845 945
f 945 845 571
f 945 571 599
f 244 669 200
f 1625 1971 1587
f 1167 341 1862
f 605 1587 425
f 341 678 1862
f 425 1587 1971
f 605 425 864
f 1862 599 843
f 678 599 1862
f 678 945 599
f 651 425 1971
f 287 864 425
f 287 425 584
f 425 651 584
f 244 287 584
f 244 584 669
f 1759 1705 1376
f 635 930 1759
f 930 864 1759
f 1759 864 784
f 1759 784 1705
f 1705 244 200
f 1705 784 244
f 930 635 605
f 864 930 605
f 784 864 287
f 784 287 244
f 1381 904 1036
f 973 1533 1381
f 973 1890 1533
f 973 459 1890
f 1381 1025 904
f 1381 1039 1025
f 1533 1039 1381
f 1533 1195 1039
f 1195 1502 1039
f 1195 1269 1502
f 1533 1890 1195
f 1890 1269 1195
f 459 1269 1890
f 459 458 1269
f 542 847 1113
f 1036 847 542
f 1036 772 847
f 904 772 1036
f 904 428 772
f 1025 428 904
f 1025 1502 428
f 1039 1502 1025
f 20 1638 977
f 774 1638 20
f 1147 537 774
f 1706 537 1147
f 162 766 306
f 20 977 744
f 1147 20 744
f 1147 774 20
f 766 1638 774
f 766 230 1638
f 263 1706 1147
f 162 230 766
f 1502 1147 744
f 1269 1147 1502
f 458 1147 1269
f 458 263 1147
f 847 744 1113
f 772 744 847
f 428 744 772
f 428 1502 744
f 230 1617 1638
f 1651 1508 849
f 1508 1651 1258
f 981 1508 1258
f 230 1133 1617
f 1191 1508 981
f 1556 1191 981
f 1556 981 1439
f 1441 1556 1439
f 1534 1441 1439
f 1453 1441 1534
f 1397 1694 1139
f 932 1694 1397
f 1139 1694 1450
f 1450 1406 816
f 1694 1406 1450
f 1694 1887 1406
f 1694 994 1887
f 727 536 469
f 220 536 727
f 536 1611 469
f 536 148 1611
f 331 536 220
f 148 536 331
f 972 209 443
f 972 346 209
f 972 469 346
f 469 972 727
f 469 382 346
f 469 1611 382
f 443 82 973
f 443 759 82
f 209 759 443
f 209 551 759
f 346 551 209
f 346 382 551
f 82 459 973
f 82 458 459
f 82 512 458
f 759 512 82
f 759 551 512
f 382 854 263
f 395 1941 162
f 162 1941 230
f 382 263 551
f 512 263 458
f 551 263 512
f 1488 1911 1191
f 156 1911 1488
f 713 156 1488
f 753 1879 1941
f 742 1879 753
f 1941 1133 230
f 1941 1879 1133
f 713 1488 1191
f 1556 713 1191
f 1725 1441 1453
f 111 1441 1725
f 228 1722 932
f 1722 1344 1342
f 1722 1945 1694
f 1722 1694 932
f 1722 1342 1945
f 1694 1945 441
f 1945 909 441
f 1945 672 909
f 1913 672 1945
f 1582 372 705
f 713 1983 156
f 837 713 1556
f 837 1983 713
f 837 1897 1983
f 1093 1814 742
f 1797 1814 1093
f 837 1556 1441
f 742 1736 1879
f 742 1814 1736
f 550 936 1897
f 1315 550 1897
f 738 1897 837
f 1315 1897 738
f 1794 550 1315
f 1794 1315 738
f 837 1441 111
f 738 837 1988
f 111 1988 837
f 1794 738 1988
f 258 1794 1988
f 1794 1051 550
f 1708 1794 258
f 1708 1051 1794
f 1213 1708 894
f 1570 1708 258
f 894 1708 1570
f 913 894 1570
f 913 1570 454
f 913 454 1429
f 258 1988 1893
f 1893 1570 258
f 454 1570 1893
f 1429 454 1084
f 982 1971 176
f 599 1213 955
f 1344 925 1342
f 955 925 1344
f 988 1971 982
f 955 894 925
f 955 1213 894
f 1360 988 982
f 925 894 913
f 1342 1913 1945
f 925 1913 1342
f 925 913 1429
f 1360 982 1865
f 925 1429 1913
f 1913 1429 1084
f 658 982 372
f 1865 982 658
f 1348 1360 1865
f 1913 1084 357
f 658 372 1582
f 1797 1250 1814
f 1623 1250 1797
f 1051 1387 550
f 1623 1956 1250
f 1623 775 1956
f 1708 203 1051
f 1213 203 1708
f 1213 845 203
f 1213 571 845
f 571 1213 599
f 200 775 1705
f 669 900 200
f 900 38 200
f 200 38 435
f 38 728 435
f 775 882 1956
f 200 882 775
f 435 882 200
f 988 651 1971
f 651 709 584
f 900 584 709
f 584 900 669
f 709 651 988
f 38 900 709
f 728 709 988
f 38 709 728
f 757 988 1360
f 757 728 988
f 1360 777 757
f 728 757 435
f 777 1360 1348
f 757 777 435
f 1133 979 1617
f 1133 191 979
f 1534 1439 1057
f 191 1594 979
f 191 1764 1594
f 1764 637 1594
f 1534 1057 77
f 1622 1534 77
f 1310 1534 1622
f 1390 1310 1622
f 701 1622 840
f 701 1390 1622
f 1015 701 1420
f 1647 595 1510
f 840 1622 574
f 840 574 1647
f 1420 840 1647
f 701 840 1420
f 1647 574 595
f 1694 1420 994
f 1694 1015 1420
f 994 1420 1510
f 1052 1592 1796
f 1420 1647 1510
f 1796 1682 1052
f 1052 1682 1691
f 1681 1052 1691
f 1733 1052 1681
f 1879 191 1133
f 1879 1736 191
f 191 1736 1764
f 1916 1764 1736
f 111 1725 1310
f 1988 111 1310
f 1310 1725 1453
f 1310 1453 1534
f 1916 1726 1764
f 1726 1807 1764
f 820 1807 1726
f 1893 1988 1310
f 1893 1310 1390
f 1893 1390 249
f 126 1893 249
f 357 1893 126
f 357 126 672
f 126 249 909
f 909 672 126
f 441 1128 1015
f 249 1390 1128
f 441 249 1128
f 909 249 441
f 1128 1390 701
f 1015 1128 701
f 820 838 1807
f 820 1714 1494
f 1714 451 1494
f 1694 441 1015
f 1582 705 1592
f 1913 357 672
f 1582 1808 658
f 1582 1592 1052
f 658 1808 1509
f 1808 1582 1052
f 1223 1808 1052
f 1494 1808 1223
f 451 1808 1494
f 1808 451 1509
f 1223 1052 1733
f 1736 1814 1916
f 1814 1250 1916
f 1250 1726 1916
f 1956 1726 1250
f 1956 820 1726
f 1084 1893 357
f 1084 454 1893
f 1956 882 820
f 882 1729 820
f 991 1729 882
f 820 1729 1714
f 1729 726 1714
f 602 1865 1097
f 1348 1865 602
f 1097 658 1388
f 1097 1865 658
f 1388 658 1509
f 991 1097 1729
f 991 602 1097
f 1729 1097 1388
f 726 1509 1604
f 726 1388 1509
f 1729 1388 726
f 1604 1509 451
f 726 1604 1714
f 1714 1604 451
f 435 991 882
f 777 991 435
f 777 1348 991
f 991 1348 602
f 1764 1807 637
f 1807 1683 637
f 1807 838 1683
f 1754 1892 1515
f 1754 1681 1892
f 838 1754 1683
f 838 1681 1754
f 838 1733 1681
f 1681 305 1892
f 1681 1691 305
f 1892 305 1515
f 838 1494 1054
f 1494 838 820
f 838 1054 1733
f 1494 1223 1054
f 1054 1223 1733
f 1826 215 1060
f 1826 1060 1471
f 1061 1595 345
f 1395 1061 345
f 22 1061 1395
f 1395 345 632
f 1704 22 1395
f 445 632 1471
f 632 1826 1471
f 1395 632 445
f 1395 445 1704
f 1172 1704 892
f 445 1471 1150
f 1704 445 892
f 1530 474 1061
f 1540 1530 1663
f 798 1540 449
f 1447 1540 1663
f 449 1540 1447
f 1663 1061 22
f 1663 1530 1061
f 1447 1663 214
f 449 1447 1249
f 214 1663 22
f 1447 214 1079
f 1447 1079 1954
f 1249 1954 961
f 1249 1447 1954
f 214 1704 1172
f 214 1172 1079
f 22 1704 214
f 1079 1172 399
f 1954 1079 399
f 1366 755 1245
f 1416 798 449
f 1416 42 798
f 1245 42 1416
f 1366 1245 1416
f 94 1366 1416
f 719 1366 94
f 768 1416 1249
f 94 1416 768
f 1249 1416 449
f 768 1249 961
f 863 719 94
f 961 1954 681
f 762 961 681
f 1100 961 762
f 94 961 1100
f 94 768 961
f 863 94 1100
f 863 1100 361
f 1100 762 1244
f 361 1100 1244
f 1445 755 1366
f 1445 644 755
f 1467 644 1445
f 719 1445 1366
f 873 1445 719
f 279 1445 873
f 279 1467 1445
f 1561 1467 279
f 1561 1772 1467
f 1425 1772 1561
f 279 873 1124
f 1883 1561 279
f 1425 1561 1883
f 229 863 361
f 229 719 863
f 229 873 719
f 1124 873 229
f 279 1124 337
f 1883 279 337
f 243 1883 337
f 1425 1883 243
f 361 1244 271
f 1541 361 271
f 1545 1541 1154
f 229 361 1541
f 1124 229 1541
f 337 1541 1545
f 337 1124 1541
f 731 337 1545
f 243 337 731
f 566 1772 1425
f 960 566 1425
f 475 1425 243
f 960 1425 475
f 400 243 731
f 867 243 400
f 867 475 243
f 1648 475 867
f 1648 960 475
f 1162 1770 324
f 324 1770 1873
f 1873 1104 324
f 324 1104 1670
f 1873 1431 1104
f 1104 1193 1670
f 622 1162 324
f 1304 269 1448
f 269 1304 1824
f 1201 1619 1655
f 410 1201 1655
f 1655 1619 1782
f 1670 622 324
f 622 1670 1782
f 1655 1782 1670
f 1826 410 1655
f 215 1670 1677
f 215 1655 1670
f 1826 1655 215
f 269 919 1798
f 1225 452 1201
f 653 452 1225
f 1595 653 345
f 345 653 1225
f 1851 1824 1304
f 410 1225 1201
f 410 345 1225
f 1824 1851 629
f 345 410 632
f 410 1826 632
f 629 201 1824
f 919 1824 201
f 1824 919 269
f 201 629 1251
f 1589 629 1851
f 1589 1137 1576
f 1589 1576 629
f 1576 1415 629
f 1103 1895 1589
f 1319 525 1895
f 1895 1137 1589
f 525 1137 1895
f 525 430 1137
f 1137 291 1576
f 430 291 1137
f 1772 181 1467
f 1772 1026 181
f 254 525 1319
f 254 1356 525
f 1537 1356 254
f 1537 476 1356
f 72 476 1537
f 525 26 430
f 525 1356 26
f 476 411 1356
f 598 1871 1026
f 598 1418 1871
f 910 1418 598
f 910 797 1418
f 91 797 910
f 970 797 91
f 931 1026 1772
f 931 598 1026
f 910 598 931
f 970 461 1537
f 461 970 91
f 448 910 931
f 31 910 448
f 31 91 910
f 461 407 1537
f 407 91 31
f 407 461 91
f 566 931 1772
f 213 931 566
f 213 448 931
f 805 448 213
f 31 448 805
f 407 72 1537
f 72 407 31
f 640 213 566
f 31 805 790
f 790 72 31
f 640 566 960
f 177 213 640
f 1524 213 177
f 1524 805 213
f 790 476 72
f 790 1524 476
f 805 1524 790
f 1648 640 960
f 184 640 1648
f 177 640 184
f 1524 177 1
f 1524 1 476
f 857 177 184
f 1 411 476
f 1 857 411
f 177 857 1
f 1770 862 25
f 25 1873 1770
f 25 989 417
f 417 1873 25
f 37 1695 1183
f 1183 1625 1371
f 1873 417 1067
f 1695 1326 1183
f 1183 1326 1625
f 1873 1067 1431
f 1326 1695 926
f 1448 269 1695
f 1448 1695 37
f 269 1798 1695
f 823 153 1964
f 823 1028 153
f 1028 823 1658
f 1294 823 1111
f 1964 1303 823
f 1964 932 1397
f 823 811 1111
f 1964 1397 1303
f 1471 1060 1150
f 1150 479 1289
f 1150 1060 479
f 1677 1536 1060
f 1060 215 1677
f 1060 1081 479
f 479 1081 511
f 1658 1060 1536
f 1060 1658 1081
f 1536 1028 1658
f 511 1658 852
f 511 1081 1658
f 1658 1294 852
f 1658 823 1294
f 1513 445 1150
f 445 1513 892
f 1150 1289 80
f 1150 80 1513
f 1251 1581 1267
f 1415 1581 1251
f 1267 1581 529
f 1581 1404 529
f 1698 529 1174
f 1698 1267 529
f 1415 1346 1581
f 1270 1332 827
f 1581 1346 827
f 1346 1270 827
f 827 656 1404
f 827 1332 656
f 1581 827 1404
f 1270 291 1926
f 430 1926 291
f 1926 430 1146
f 430 1108 1146
f 1270 1881 1332
f 1270 1926 1881
f 1926 1146 1881
f 1332 1881 1475
f 1881 1286 1475
f 1146 1286 1881
f 731 1545 1484
f 1108 1937 1146
f 1312 1937 1108
f 1312 319 1937
f 1312 1095 319
f 1286 1937 1818
f 1937 1363 1818
f 1937 1286 1146
f 1937 878 1363
f 1937 319 878
f 1363 1732 1818
f 438 731 1484
f 793 731 438
f 400 731 793
f 1230 1648 867
f 438 1484 587
f 358 400 793
f 358 867 400
f 872 867 358
f 872 1230 867
f 237 587 1280
f 237 438 587
f 237 793 438
f 730 793 237
f 358 793 730
f 131 358 730
f 966 358 131
f 966 872 358
f 1095 232 319
f 232 966 319
f 1074 966 232
f 966 1074 872
f 1192 1280 107
f 1192 237 1280
f 409 237 1192
f 409 730 237
f 282 730 409
f 363 730 282
f 363 131 730
f 319 363 878
f 319 131 363
f 319 966 131
f 1732 1192 107
f 1363 1192 1732
f 1363 409 1192
f 878 409 1363
f 878 282 409
f 878 363 282
f 1431 1579 1104
f 1028 1670 1193
f 1104 1711 1193
f 1104 1579 1711
f 1028 1193 153
f 1193 1760 153
f 1711 1760 1193
f 1579 895 1711
f 1711 895 1760
f 153 1760 941
f 941 932 1964
f 1964 153 941
f 941 228 932
f 895 228 941
f 895 941 1760
f 108 1936 572
f 1677 1670 1536
f 1536 1670 1028
f 1492 1846 919
f 1798 919 1846
f 1798 1846 1936
f 1846 1267 1698
f 1492 1267 1846
f 1936 1846 572
f 572 1846 1698
f 629 1415 1251
f 201 1251 1492
f 201 1492 919
f 1492 1251 1267
f 1576 291 1270
f 1576 1346 1415
f 1346 1576 1270
f 1356 1312 26
f 411 1312 1356
f 411 624 1312
f 430 26 1108
f 26 1312 1108
f 624 1095 1312
f 624 338 1095
f 142 1648 1230
f 142 184 1648
f 857 142 507
f 142 857 184
f 411 507 624
f 857 507 411
f 96 1230 872
f 96 142 1230
f 624 96 338
f 624 507 96
f 507 142 96
f 1074 96 872
f 338 1074 1095
f 338 96 1074
f 1074 232 1095
f 1695 1798 926
f 1579 1431 1067
f 248 1326 926
f 1971 1625 248
f 1625 1326 248
f 926 1798 1936
f 926 1936 108
f 926 108 248
f 176 248 108
f 1971 248 176
f 1303 811 823
f 1303 1397 1139
f 811 1303 1017
f 1303 1139 1017
f 1139 1450 1017
f 1450 816 1017
f 808 1799 104
f 1799 1709 43
f 298 1799 43
f 104 1799 298
f 43 78 298
f 1592 104 298
f 1698 1174 1709
f 1799 1698 1709
f 1693 108 572
f 572 506 1693
f 506 572 808
f 808 572 1799
f 705 1693 506
f 705 506 808
f 372 1693 705
f 1592 808 104
f 705 808 1592
f 572 1698 1799
f 176 108 1693
f 176 372 982
f 372 176 1693
f 1592 78 1796
f 1592 298 78

