# https://github.com/mikedh/trimesh
v 0.14211980 -0.56442440 -0.17806362
v -0.13845062 0.56188983 0.07001455
v 0.16229099 -0.50820911 -0.10141992
v 0.33948544 0.30060679 -0.37389696
v -0.08399293 0.47568497 0.08128637
v -0.27988008 0.55644411 0.00597395
v 0.43832991 0.31127945 -0.23719692
v 0.19579300 0.55991900 0.19579400
v -0.22129384 0.55635142 0.17322496
v -0.16239828 0.53774238 0.21493974
v 0.16396785 -0.10252373 -0.38240999
v 0.07021838 0.36131003 -0.00064699
v 0.00079262 0.47358823 0.12093475
v 0.09205847 -0.56400925 0.20846735
v -0.41665068 0.30637708 -0.26658851
v -0.00039402 0.35713145 0.15065254
v -0.55973530 0.09652580 0.16190730
v -0.17202349 0.46188983 0.08266117
v -0.01791588 0.55998623 -0.27799112
v 0.31357118 0.42008319 -0.38645062
v -0.23460570 -0.55652821 0.05202662
v -0.05948212 0.35967049 0.16521677
v -0.01469386 -0.54640865 0.24657083
v -0.27192506 0.55839872 -0.06562535
v 0.14523293 0.53849328 0.22886696
v -0.16315570 0.56423855 0.19824436
v 0.23712628 0.54910511 -0.14864787
v 0.12137391 0.53677440 0.24015485
v 0.27972493 0.54825997 0.00598551
v -0.00096545 0.04588685 0.49548134
v 0.26109233 0.53714114 0.06567248
v -0.19904160 0.50183213 -0.11947480
v -0.06940185 0.53994632 0.26325998
v 0.23945738 0.56136250 -0.13655157
v 0.21481732 -0.55311275 -0.11153989
v 0.26058018 0.55743808 -0.10048570
v 0.20366524 0.55480951 0.19222577
v 0.27900025 0.55956477 -0.00595135
v -0.05051426 0.44049421 -0.08800910
v 0.31931841 -0.07016813 0.27578992
v 0.26854217 0.54910320 0.07816046
v -0.15558799 0.53695714 -0.21897508
v -0.25077042 0.55693132 0.12612453
v 0.00911346 0.34446383 0.06353126
v 0.01793501 0.55656981 0.27897957
v -0.01001510 0.08846364 0.51182967
v 0.00795067 0.54693425 0.27915490
v 0.24853946 0.31237358 0.42677930
v 0.43012556 0.31799275 -0.21616311
v 0.14878064 0.55101752 0.23738386
v 0.01999667 0.36092249 -0.05366492
v -0.15203570 0.54576254 -0.02184037
v 0.12522754 -0.40878057 -0.23323210
v 0.18331300 0.55962598 0.20736501
v -0.07206748 0.56415212 -0.25287998
v 0.05351414 0.55947232 0.27333909
v -0.03537613 0.42245352 0.06193227
v 0.09425940 0.27184826 0.01116504
v 0.00082425 -0.10462499 0.42632258
v -0.13313001 0.44196609 0.10428957
v 0.16392007 0.55939615 -0.22564128
v 0.07766963 0.39525145 0.00802286
v 0.37687507 0.07448681 0.33859026
v -0.10313938 0.50942087 -0.08551016
v 0.00054686 0.32679743 -0.07056101
v -0.27581653 0.32708991 0.51008725
v -0.10442445 0.36998659 -0.11352773
v -0.11286630 0.54761904 -0.25500670
v 0.06474411 0.55359703 0.27251431
v 0.11301769 0.37198833 0.10298819
v 0.49506721 -0.12113947 0.00009459
v 0.38329998 0.31110302 0.29714847
v 0.22704083 0.42312714 0.27260867
v 0.23783980 0.55392754 0.14785199
v -0.22651824 0.55754089 -0.16145447
v -0.04925100 0.39559570 0.14131260
v -0.08291502 0.39131892 0.12334201
v 0.10869532 0.30695361 -0.48269421
v 0.44979459 0.31385595 -0.21489961
v -0.00359311 0.18407385 0.59386903
v 0.27342057 0.54730725 0.05121387
v -0.16254631 0.55916190 -0.22664817
v -0.05499360 0.33718267 -0.32995802
v 0.14520687 0.46728304 -0.13203736
v -0.19432268 0.31350619 -0.45787755
v 0.07290188 0.38802978 -0.01034134
v -0.55701774 0.36146095 0.07918679
v 0.22821325 0.55548263 0.16255426
v 0.26429567 0.55970085 -0.09006174
v -0.10013183 0.55046928 -0.26029190
v 0.09501700 0.53795362 -0.25144711
v 0.49382752 0.30511010 -0.05607000
v -0.39824182 0.32819450 0.42125836
v 0.04881346 0.37369955 0.14086224
v 0.01155027 0.29550886 -0.51079214
v -0.07309067 0.31662440 -0.00385306
v -0.10757696 0.39318618 0.10315988
v -0.06980963 0.27079564 0.03516595
v -0.19246738 0.56157666 -0.19804393
v -0.27632901 0.55980098 -0.01779370
v -0.05342904 0.56007308 0.27235329
v -0.23767918 0.55215788 0.14872602
v -0.26876095 0.54945362 -0.07799494
v -0.16919412 0.56403893 -0.20391405
v -0.11734562 0.38286871 -0.08902401
v -0.02992953 0.54853106 0.27802092
v 0.46530578 0.30615771 -0.17463621
v 0.12856208 0.36919332 0.08686434
v 0.10073403 0.55639714 -0.26152971
v -0.14218910 0.52848941 0.01339964
v 0.15408440 0.35805380 0.04617171
v -0.03554592 0.36794260 0.14200640
v 0.26364070 0.56203204 -0.07614116
v -0.25256816 0.56420851 -0.05898582
v -0.07293458 0.41997677 -0.02295012
v 0.27292025 0.56072670 -0.05333623
v -0.14921443 0.29948708 -0.48801389
v 0.06559511 0.42720410 -0.14171931
v -0.33324742 -0.32509765 0.19118457
v 0.21884735 0.56309944 0.15600179
v 0.21592855 0.56419849 -0.14208835
v -0.04757584 -0.26468650 0.34056506
v 0.41747892 0.31796908 -0.23990968
v -0.24503195 0.55201894 0.13747500
v -0.20497887 0.56288654 -0.18127257
v 0.08344552 0.28968930 0.00564918
v -0.10863243 0.36574775 0.11251803
v 0.20736600 0.55962801 0.18331499
v -0.01637005 0.46595982 -0.11047335
v -0.42891318 0.32206351 0.24131882
v 0.20434150 0.54750103 -0.19108117
v 0.05232940 0.54784268 -0.27385324
v 0.26416662 0.56138819 0.07719167
v 0.20036143 -0.39328960 0.18549564
v 0.13635406 -0.50325060 -0.23908320
v 0.12866703 0.36494943 0.10547952
v 0.57102156 0.35071832 0.00064504
v 0.25442451 0.54888958 -0.11295016
v -0.19610615 -0.49938962 0.19666468
v -0.15382732 0.35676527 -0.04174432
v 0.08567678 0.40941238 -0.00671527
v 0.44154724 0.36397502 0.34589007
v 0.09256511 0.27212059 -0.01070559
v -0.02982678 0.35605255 -0.15527184
v -0.09372417 0.42513829 0.00629762
v -0.26255533 0.53959882 0.07116558
v -0.03629733 0.08608398 -0.50664896
v 0.18535869 0.53969157 0.20022190
v 0.16051662 -0.53549194 0.05973271
v 0.28562173 0.30873901 0.40387902
v -0.25145373 0.56424218 0.05668505
v -0.22947724 0.56410521 0.12558989
v -0.13653506 0.56172484 -0.23777597
v 0.14857998 0.55156142 -0.23781732
v -0.27883321 0.54789609 0.01795696
v -0.18163890 0.55872726 -0.21111527
v -0.25113446 0.33395386 0.38750753
v 0.16745827 0.35815564 0.06763172
v 0.32289520 -0.19625232 -0.32236749
v -0.14460491 -0.47768605 0.25325009
v 0.35401401 0.42940262 -0.18465391
v 0.07065354 0.38916197 0.13027306
v 0.07259527 0.26781565 -0.04325511
v 0.13653538 0.56104875 0.23988071
v -0.06522688 0.33241490 -0.00789005
v 0.40495181 0.30738273 0.28561205
v 0.16688395 0.53964603 0.21369313
v -0.11280993 0.56168139 -0.24943948
v 0.37295926 0.31880701 -0.29750544
v 0.10913284 0.31306320 0.47698075
v 0.10342418 0.39283162 0.10686434
v 0.18330139 0.56395984 0.19282779
v 0.44209298 0.31757885 -0.18991399
v -0.40076086 0.31843349 0.28531396
v -0.10006638 0.55991250 -0.25730118
v -0.14540374 0.56414700 -0.21701156
v 0.47719973 0.29672879 0.17940763
v -0.35194445 0.08676036 -0.45656806
v -0.21383059 0.55199754 -0.18231176
v 0.11280426 0.56093550 0.25146404
v 0.19746073 -0.49773380 -0.19684213
v 0.08331250 0.30467686 -0.48984626
v 0.00792963 0.37980476 -0.14553423
v 0.21447097 0.55631024 0.17913675
v 0.27272993 0.55980420 0.05342503
v -0.17606176 0.35253763 -0.01894510
v -0.11701500 0.53990996 -0.09259834
v -0.04794803 0.37469444 -0.14235407
v -0.06889272 0.55602545 -0.12753348
v 0.16574344 0.55676216 -0.00835379
v -0.17292984 0.55428571 -0.22134648
v 0.28637493 -0.46966034 0.07702710
v -0.12098140 -0.52988303 -0.13245498
v -0.02989597 0.54841018 -0.27769664
v -0.18605898 0.56400859 0.18619600
v -0.25279757 0.56371671 -0.08424256
v -0.05249994 0.54774708 0.27377024
v 0.19841364 0.54880244 -0.19842921
v -0.26476198 0.55943602 0.09018488
v -0.12459289 0.56017387 -0.24641213
v -0.08486703 0.40693459 0.00638647
v 0.25628075 0.54132289 -0.09430396
v 0.19227692 0.55497497 0.20372505
v 0.24719852 0.55979359 0.12413095
v -0.46272051 0.34938467 -0.32987818
v 0.01780857 0.56210059 -0.27491677
v -0.07320140 0.30199540 -0.00956365
v -0.10336753 0.40382892 -0.11019375
v -0.16352443 0.55942726 0.22582708
v -0.48078370 0.29886961 -0.15585440
v -0.14469275 0.36011049 0.12502331
v -0.44638702 -0.21418115 -0.00035956
v -0.49978423 0.30841315 -0.02480576
v -0.04165575 0.55892241 0.27490032
v -0.17412259 0.35564891 0.05258075
v 0.05541981 0.36645129 -0.14370053
v -0.01782307 0.35232866 0.15259133
v 0.12651013 0.55680865 -0.25121531
v -0.27431992 0.55924451 0.05335355
v -0.01635740 0.29604009 -0.51082033
v 0.01199018 0.31803176 0.49607089
v 0.45009539 0.30615050 0.20266613
v -0.23990732 -0.36770743 -0.16059965
v -0.04174046 0.55971164 -0.27529845
v -0.20573209 0.55141318 -0.19394644
v -0.52476889 0.38831478 -0.15782110
v -0.17113012 0.50822538 0.16781947
v -0.26066548 0.55711144 -0.10071468
v -0.17675923 0.30856100 0.47283316
v 0.12984322 0.30513459 -0.48285958
v -0.14256810 0.55698663 0.04733099
v 0.19974132 0.56060827 -0.19205117
v 0.00075253 0.41651875 -0.09073669
v -0.04759054 0.43499091 0.15434366
v -0.14940479 0.39454776 0.00843938
v 0.26878700 0.55160397 -0.07710600
v -0.43180096 0.30658978 -0.23713633
v -0.49455333 0.29664502 -0.09566244
v 0.49575910 0.31063485 0.01031668
v 0.15565088 0.54217827 -0.00004519
v 0.24902885 0.37850058 -0.01344501
v 0.29978526 -0.35122478 -0.00112194
v 0.13633637 0.33886856 0.32327351
v -0.08553214 0.27670461 0.01367503
v -0.02776336 0.42683864 -0.07372148
v -0.00049355 0.27636027 -0.09342956
v -0.46393126 0.29617572 -0.20390232
v -0.20168599 0.30456153 0.46108022
v 0.11367650 0.55899167 -0.25605932
v -0.23389503 -0.56307685 -0.01725012
v 0.25087139 0.56421930 0.06423157
v -0.27428132 -0.50453925 -0.00035627
v 0.14438745 0.54532284 -0.02570748
v 0.46864673 -0.01134786 -0.00089586
v -0.06030282 0.27685234 -0.03567009
v -0.22019906 0.39690164 -0.19561203
v 0.06842673 0.26788828 0.10741916
v -0.20559201 -0.55846715 0.12022964
v -0.33244658 0.33318281 0.32606500
v -0.33547547 0.23126297 0.38512319
v -0.26117206 0.55692750 0.10048924
v 0.19712140 -0.50938904 0.00083903
v -0.00358924 0.28609538 0.08671899
v -0.03314762 0.35238880 0.16012882
v -0.12687618 0.36943653 -0.08785050
v -0.08406835 0.56361634 0.25106481
v 0.08037851 0.36829591 0.13250141
v -0.19758351 0.55194366 0.19759721
v 0.07626944 0.27020848 0.02823229
v 0.12377251 0.40263575 -0.08569716
v 0.17452577 -0.48155078 0.11798293
v -0.00597197 0.55647093 -0.27986091
v 0.02999172 0.34600443 -0.37905550
v 0.00592044 0.56206542 0.27481142
v -0.49806520 0.31600046 0.00576885
v -0.22573747 0.41988805 -0.26343632
v -0.15277542 0.42072770 -0.01932162
v 0.11297490 0.55013168 0.25504726
v -0.23773016 0.54894215 -0.14972232
v 0.27565798 0.55944330 0.04171802
v 0.25003144 0.56133944 0.11278532
v 0.00593969 0.35306615 -0.15193507
v -0.00572937 0.37682882 -0.07255051
v 0.10063032 0.56267560 0.25454947
v -0.27311689 0.55851865 -0.05322934
v 0.00884175 0.27126822 0.59256583
v -0.15954658 -0.50736558 -0.11486846
v -0.22355494 -0.42553195 -0.12045037
v -0.17295222 0.55709225 0.22080708
v 0.46688786 0.31879044 -0.09546955
v 0.15852833 -0.43916413 -0.27302983
v 0.21986103 0.55815244 0.17195933
v 0.22219256 0.53989625 -0.15647726
v -0.02970222 0.56203824 0.27316445
v 0.39087254 0.27870291 0.32989299
v 0.45645654 0.41662884 0.21864320
v -0.26945630 0.54199642 0.04582503
v -0.00883073 0.34473899 -0.06399837
v -0.17608821 0.56253690 0.00805744
v 0.41336551 0.30853939 0.25964954
v -0.22298490 -0.31481177 -0.22436710
v 0.39234972 0.31266063 -0.29736024
v 0.08187709 0.39747524 -0.00424963
v 0.04170355 0.55803800 0.27405062
v -0.13266736 0.54870379 0.24686490
v -0.12298351 0.55767351 0.08453991
v 0.16860399 -0.53685302 0.03642920
v -0.12817752 0.38268244 -0.07283757
v -0.01181727 0.35416064 -0.15338804
v 0.10680886 -0.54713875 -0.01614511
v 0.06217972 0.35334951 -0.01105496
v -0.14724348 0.55980921 -0.23467693
v 0.16951111 0.56384116 0.20511156
v -0.21326567 0.55615449 0.18280628
v 0.06600110 0.56023997 0.26800001
v -0.04454809 0.27185246 -0.05754006
v -0.27897394 0.54801261 -0.01795626
v -0.44968212 0.30970937 0.23411748
v -0.08896840 0.55918998 -0.26339701
v 0.07163085 0.32003695 -0.00376619
v -0.37539852 -0.21670057 -0.00859282
v -0.26551601 0.56006300 -0.07710600
v 0.35087141 -0.17708024 0.18004425
v 0.05807786 0.26784927 -0.05807713
v 0.01912020 -0.53500336 0.17760873
v -0.25022781 0.53726912 -0.09596185
v -0.48993438 0.29435295 -0.11808755
v 0.00855307 0.34384328 -0.06396332
v 0.40991521 0.41254419 0.30826846
v -0.07146758 0.35493776 -0.16838522
v 0.01072253 0.38267413 -0.07032217
v -0.13168183 0.43195188 -0.08929691
v -0.06600360 0.56024098 -0.26800001
v -0.07598092 -0.46454364 -0.29008445
v -0.15230200 0.35636011 -0.02860678
v -0.37597650 -0.12595236 -0.18091495
v 0.55136365 0.35651949 -0.13466071
v 0.05157844 -0.53646654 -0.16559027
v -0.12589100 0.54954839 -0.24987350
v 0.12837607 0.31823751 0.45472142
v 0.09924314 0.55213606 0.26094151
v -0.08880226 0.26739275 -0.03749524
v -0.46752498 0.31362766 0.16813797
v 0.48493174 0.32095125 -0.01824316
v -0.42724451 0.43061635 -0.15664507
v 0.13734823 -0.53471792 -0.10456170
v 0.16114883 0.55223864 -0.22795697
v 0.09010687 0.55314600 -0.26487592
v -0.10579909 0.56124806 0.25302082
v -0.26394489 0.55719668 -0.08938804
v -0.38184622 0.31692773 0.31338763
v -0.49239558 0.08180446 -0.09489811
v 0.22860092 0.55487841 -0.16313531
v 0.10511272 0.36695001 -0.11643920
v 0.14511701 0.38074240 -0.01953261
v 0.47471991 0.31035855 -0.13104905
v -0.14622603 0.36447740 -0.00008605
v 0.12978895 0.56412536 0.11684770
v 0.18786925 -0.56237978 -0.12954004
v 0.26289478 0.53997076 -0.07128540
v -0.07682686 -0.55865085 0.22704266
v 0.11400506 0.36506364 0.11787607
v -0.00969368 0.54051882 -0.27330661
v 0.17878191 0.34929463 -0.01176953
v -0.13403521 -0.53228593 0.12124656
v 0.19814366 0.50225097 0.12225921
v -0.08640365 -0.49030682 -0.19945233
v -0.20695288 0.28750291 0.46230847
v 0.21594079 0.56148684 -0.16820623
v 0.40845895 0.31663263 -0.26115906
v 0.26940382 0.54171515 -0.04445527
v 0.08913654 0.37297645 0.12284219
v -0.10779413 -0.53750581 0.11746204
v 0.16201562 0.55965132 0.22592491
v -0.11746907 0.36553860 0.10131194
v 0.31966579 0.31418929 -0.37910113
v 0.07447966 0.27509204 -0.02434207
v 0.20032039 -0.11295412 0.37607369
v 0.07780066 -0.48129523 -0.20632274
v 0.23562385 0.55961573 -0.14675714
v -0.15932800 -0.52972293 0.08268429
v -0.26304311 0.56393588 0.01356841
v -0.47563255 0.27199394 -0.18404774
v -0.36237952 0.06977685 -0.35249427
v 0.17683335 0.53778565 -0.20404062
v -0.14293392 0.36808547 0.02921184
v 0.27895987 0.55605650 0.01792695
v 0.45435601 0.30718383 0.17859335
v 0.15252611 0.35425094 -0.01183217
v 0.27222943 0.55814397 0.06548248
v -0.24343055 0.31679094 0.42311105
v -0.24950498 0.54821402 -0.12634031
v 0.00866435 0.29320657 0.07712246
v 0.25495103 -0.47401410 -0.14611532
v -0.12680455 0.30657369 0.48745883
v 0.22589372 -0.20663683 -0.38996595
v -0.02128829 0.54807216 -0.14863929
v 0.27737474 0.55567271 0.02979950
v 0.08778039 0.56389415 -0.24763735
v 0.02601962 0.26848090 0.12680669
v -0.01553972 0.56337333 0.27205822
v -0.15141870 0.31686401 0.47010306
v -0.21396272 0.53750134 -0.16318090
v -0.12094660 0.47324559 0.00199197
v 0.11869878 0.36688733 -0.10196200
v 0.06545964 0.55756032 -0.27304494
v 0.48938099 0.30008277 0.11339115
v -0.27737403 0.54759592 -0.03016357
v 0.27858269 0.55386895 -0.03000191
v -0.33549502 -0.29266235 0.00213962
v 0.12575068 0.55082041 0.24995819
v -0.28359833 0.41821679 -0.21144381
v -0.01843763 0.32091063 -0.05773846
v -0.09539046 -0.20523070 -0.36111885
v 0.39417848 0.31801423 -0.27350986
v -0.51245672 0.13651684 -0.00113063
v 0.51158005 0.28548086 0.01343442
v 0.26373228 0.30020282 0.41975904
v 0.46027216 0.29786906 -0.20117970
v -0.14183675 0.36514977 0.04095736
v -0.02685039 0.27357990 -0.07205369
v -0.33212018 0.30605453 -0.37975511
v 0.11999978 0.47345510 -0.00556226
v -0.05439274 0.36308607 0.01984121
v 0.17640717 0.42048648 0.31092769
v 0.03424925 0.43021154 -0.15361018
v 0.45162997 0.29706421 0.22614379
v -0.12328440 -0.51004159 0.16046388
v -0.19529675 0.49496686 0.11337603
v -0.08628397 0.50445694 0.09759480
v 0.24981055 0.55060679 -0.12525788
v -0.12913711 0.36507764 -0.10748298
v -0.08967765 0.55469155 0.26499125
v 0.45620275 0.25865120 -0.21587133
v -0.05338110 0.36097500 0.14828099
v 0.18321049 -0.51621813 0.03693853
v 0.16608824 0.50276423 -0.16469646
v 0.46759224 0.31954378 -0.07368877
v -0.17090897 -0.53357929 0.06078155
v -0.18278933 0.54655987 -0.20996505
v -0.04486227 0.26830268 0.06988425
v 0.23188201 0.56037301 0.14864400
v 0.04843156 0.35484058 -0.16712900
v 0.45423234 0.31699255 -0.16652255
v -0.06557166 0.55770499 0.27282447
v -0.00604868 0.33494201 0.40995115
v 0.51357937 -0.04387040 0.13839839
v -0.05438127 0.42432907 -0.14563513
v 0.42334908 0.30799502 -0.25765079
v -0.07672711 0.39338893 -0.00829345
v 0.13896982 -0.53530478 0.09751918
v 0.15662917 -0.35610366 -0.24909508
v -0.10260881 0.56079674 0.12499583
v -0.45111138 0.29582378 -0.22569609
v 0.56125456 0.30482179 0.16904369
v 0.00177795 0.26819837 -0.12764446
v -0.27504027 0.55875784 -0.04163884
v -0.08896840 0.56240600 -0.25504300
v -0.34488422 -0.13513549 0.34567967
v -0.07215911 0.37521866 -0.13163325
v -0.00279104 0.36817157 0.07122111
v 0.45917886 0.31159559 -0.18412048
v 0.47990948 0.08508408 0.16074733
v -0.34203458 -0.25087589 0.06777857
v -0.43071952 0.41479453 0.27368158
v 0.16641718 0.56426030 -0.06455643
v 0.01103834 0.29969466 -0.07255887
v -0.07146753 0.36575106 -0.14584304
v 0.45582801 0.31317699 -0.19573100
v -0.08776283 0.33363041 -0.45234948
v -0.27452931 0.56080759 -0.02969739
v 0.40260136 -0.15296812 -0.00044372
v 0.21525295 0.30881694 -0.44066620
v 0.21497609 0.30877566 0.45430470
v 0.16531897 -0.56442809 -0.14323924
v -0.14353238 0.56083459 0.23615888
v 0.00604147 0.55375957 -0.28094241
v 0.13392453 0.54175586 0.07193980
v 0.23995185 0.56423539 -0.08019227
v -0.18933591 -0.55726981 0.14358310
v 0.20700385 0.56381041 0.16919462
v -0.13129619 0.56111640 -0.10201567
v -0.24009462 0.56409872 -0.10800827
v -0.00027683 0.36141422 -0.07026358
v -0.02375256 0.34556881 -0.04832689
v 0.27246180 0.55793172 -0.06537958
v -0.21676694 0.31363049 0.44479385
v -0.04024936 0.35288930 -0.17724894
v -0.27576157 0.55953526 0.04174110
v 0.34857029 -0.14737600 -0.21805671
v -0.03962107 0.42207325 -0.05746587
v 0.05343332 0.55988348 -0.27295563
v 0.04312205 -0.56426787 -0.22652252
v 0.02275197 0.35297847 -0.15732023
v -0.20546055 0.55033970 0.19315426
v 0.23507889 -0.56194091 -0.00637095
v -0.25618887 0.55408084 -0.11367410
v -0.11499377 0.37215829 -0.10095880
v -0.15565504 0.43702847 0.05193321
v 0.15506601 0.31119224 0.46782032
v 0.11968415 -0.47969010 -0.16680016
v 0.02705786 0.30952233 -0.49777624
v -0.06488897 0.55329245 -0.27239943
v 0.47533867 -0.12671922 0.12838249
v -0.39894709 0.33385533 0.24258062
v -0.23366344 -0.22973493 -0.27899811
v 0.07356653 0.29964495 0.01012646
v 0.14090765 0.36744541 -0.07001159
v 0.36771610 0.23449379 0.34486547
v -0.26312539 0.56396103 -0.01368466
v -0.08801772 0.36858803 -0.12788290
v -0.01655134 0.32229009 0.05922861
v 0.25045434 0.56182784 -0.11155288
v -0.47824201 0.30640179 -0.10772490
v 0.15506016 0.42991757 0.02415112
v -0.12230245 0.50385731 0.19994588
v -0.46980032 0.31795514 0.12662458
v -0.12811366 0.26860991 0.01456106
v -0.25171047 0.56103933 0.11282707
v 0.34927529 0.31226468 0.35508275
v 0.12545715 -0.55075586 0.20997535
v -0.08900687 0.38648260 -0.11759617
v 0.05023094 0.29051360 -0.03615071
v -0.40719643 0.33804289 -0.00966686
v 0.27583608 0.56097883 0.00593046
v 0.32179531 0.34003988 0.15830478
v 0.17870654 0.30424491 -0.47375083
v -0.09822828 -0.28082949 -0.31896082
v 0.14290270 0.41569105 0.05472829
v -0.19464481 -0.31247327 0.33976978
v 0.16208613 -0.24856213 -0.30297419
v 0.10530616 0.45137322 0.01217437
v -0.01567166 0.54651916 0.27828497
v 0.07231046 0.43857563 -0.06497060
v -0.14447603 0.36853072 -0.01769502
v 0.07391036 -0.53494680 0.15542780
v 0.13675737 0.54927546 0.24414574
v -0.16798785 -0.54132462 0.01339013
v 0.17222892 0.55269986 -0.21988156
v 0.21903227 0.55012548 -0.17291480
v 0.29617077 0.08350600 -0.49874333
v -0.37362501 0.43060154 0.14494205
v -0.25515646 -0.47303376 -0.14720936
v 0.03803499 0.26828116 -0.07563655
v -0.12501267 0.41652992 0.27079254
v 0.07785518 0.43771866 0.14554016
v 0.45426595 0.31799707 -0.14273892
v 0.14370762 0.41351965 -0.05195492
v 0.15220550 0.35612190 0.02900269
v -0.07162176 0.26720360 0.05951865
v 0.08498491 0.40273869 -0.12437994
v -0.14153671 -0.30829304 0.28763580
v 0.00040276 0.34853205 0.16228555
v -0.15916033 0.36350718 -0.11093213
v 0.06984839 0.36820599 -0.13711159
v 0.13531263 0.36459225 -0.12500526
v 0.15451083 0.35684395 -0.03568015
v -0.02607513 0.38014027 -0.14410296
v -0.05593200 -0.51401275 0.18593378
v -0.42427489 0.30596060 0.26956689
v 0.25386626 0.30580053 -0.42982107
v 0.19520488 0.56393170 0.18114170
v 0.01806977 0.35233417 -0.17582348
v 0.47386447 0.42662388 -0.05980600
v -0.14312933 0.56423187 0.09753735
v -0.28277177 -0.28369960 -0.17591345
v 0.22830975 -0.42889386 -0.22699539
v -0.06082566 0.50228155 0.22501856
v 0.22560582 0.33940113 -0.36313912
v 0.11949538 0.54238969 -0.24682799
v 0.29748845 0.34236744 -0.28133556
v -0.14122227 0.36149782 0.09382487
v -0.09093112 0.54639411 -0.26305571
v 0.18104367 0.55300164 0.21324861
v -0.09960602 0.55237889 0.26078209
v 0.35743555 0.32351780 0.32668465
v 0.46715149 0.29090708 0.20276204
v -0.46291673 0.29744521 0.20216158
v -0.41811445 0.30908811 -0.24952078
v 0.25516540 0.54889858 0.11329100
v 0.40274933 0.17164424 0.32948434
v -0.10740507 0.47364631 0.02870903
v 0.27245554 0.29678336 -0.42333803
v -0.02969315 0.56313473 -0.27312112
v 0.06041420 0.34824082 0.01227188
v -0.32474980 0.33538353 0.26425853
v 0.35669789 0.06393188 -0.35448533
v -0.01623535 0.36568326 -0.05888244
v 0.38695776 0.40425715 0.35913989
v -0.35656732 0.33411989 0.30367920
v -0.10909487 0.45128682 0.00564905
v 0.48984897 0.30714706 0.07312680
v -0.26347998 0.29821262 0.42868346
v 0.03632763 0.37620714 -0.14250214
v -0.06898328 0.37757376 0.13066655
v -0.15750992 0.43242896 0.02316557
v -0.12934238 0.37399849 0.07200442
v 0.29688716 -0.39545932 -0.17071116
v 0.00105783 0.40688875 0.32144883
v 0.27905515 0.55654848 -0.01793338
v -0.33601081 0.18974851 0.38436198
v -0.11944737 -0.31303814 0.29537767
v -0.07423913 0.30220082 0.00800167
v -0.14902380 0.54859978 0.23785645
v 0.04166974 0.55878091 -0.27534029
v 0.01796001 0.54808164 -0.27902776
v 0.09115783 0.42448393 0.00831269
v 0.19025186 0.56381041 -0.00988394
v 0.12819995 0.38395634 0.07293985
v 0.33111000 -0.20843530 0.18181306
v -0.06284878 -0.53917921 0.02420424
v 0.00967575 0.36551052 0.06536943
v -0.01366973 0.31775114 0.49737355
v -0.12534770 0.33352187 -0.44244701
v 0.54410142 0.38380274 -0.06508642
v 0.13062429 -0.51042193 0.15204479
v 0.08717079 0.37144810 0.55045193
v -0.01758002 -0.56236660 -0.23714198
v -0.21249406 -0.56290203 0.09584331
v 0.17955396 0.56404299 0.06149678
v -0.01730228 0.36759943 0.05838561
v -0.09367163 0.36729124 0.12382592
v 0.09439594 0.51471120 0.09287971
v -0.03449702 0.34262490 0.03734878
v 0.07906209 0.53499007 -0.12643653
v 0.29875857 0.31417793 0.38526750
v -0.07497647 0.37244955 0.00001932
v 0.50006694 0.29486752 0.06860384
v 0.19474128 0.30749094 0.46069622
v -0.24195836 -0.41209874 -0.10506371
v -0.08303273 0.29127726 -0.00075776
v 0.14519326 0.56417280 0.21646693
v 0.37992409 0.43042058 -0.10228481
v 0.10513279 -0.53451174 -0.14181259
v 0.24362682 0.54734480 -0.13707529
v 0.28453046 0.08481334 -0.41360536
v 0.13424096 -0.47241300 0.18510975
v 0.14680922 0.54115933 0.02798046
v 0.09279270 0.42567948 -0.00767675
v 0.08932827 0.41719538 0.12472770
v -0.09831096 -0.32224452 -0.29554462
v -0.27726603 0.54815316 0.02985660
v -0.28692535 0.34111977 -0.22294146
v 0.42384091 -0.10777242 -0.00019183
v -0.27979732 0.55638409 -0.00598526
v 0.20309690 -0.28977522 -0.34988141
v 0.49272406 0.04018248 -0.00128050
v -0.25294560 -0.31234622 0.19906917
v 0.17222163 0.55790418 0.22027002
v -0.47574270 0.21940270 -0.18323067
v 0.05926964 0.30716172 0.49270555
v -0.00061142 0.32681820 0.07057593
v 0.18493138 0.31738108 0.44080561
v -0.21953803 0.55863327 -0.17162037
v -0.11775312 0.38532177 0.08918974
v 0.01226952 0.38814944 0.07133829
v -0.36540791 0.41341472 -0.36228216
v -0.12650351 0.37008795 0.08792573
v 0.15373679 0.56379724 0.09712680
v 0.19284455 0.55196881 -0.20448162
v -0.00771846 0.32892093 0.46779415
v 0.10799509 0.56039065 0.11168862
v 0.07762870 0.55554247 -0.26925135
v -0.23845258 0.56251645 -0.13513213
v -0.40095311 0.30322257 -0.30696365
v -0.33610591 0.30578035 0.38032243
v 0.49195528 0.29995891 0.09621087
v -0.24691246 0.55988961 -0.12428438
v 0.09508289 0.40600798 -0.28182584
v 0.49039721 0.34633523 0.29608172
v 0.23921910 0.56417298 0.10058567
v -0.24860920 0.31196785 -0.44228163
v -0.15265329 0.35762182 0.05768302
v 0.03579776 -0.56342030 0.23098667
v 0.16346478 -0.45378041 -0.15679187
v 0.27382076 0.54140705 -0.01192770
v 0.09547098 0.29778108 0.48470679
v 0.15987176 -0.54144067 -0.04662444
v 0.08978319 0.55995554 0.26341668
v 0.02575991 0.37975049 0.14413153
v 0.24727309 0.55991811 -0.12413792
v -0.05929721 -0.53851980 -0.16297656
v -0.48169389 0.42267755 -0.11014968
v -0.44136015 0.30691975 -0.21371387
v 0.22856508 0.39746693 0.18588503
v 0.20248669 0.22479191 -0.47497782
v 0.15112787 0.35401684 0.01197422
v -0.23770455 0.29557315 0.44404867
v -0.05315709 0.36836067 0.13914636
v -0.01362951 0.45229971 0.10510501
v -0.15184595 0.29460841 0.48524770
v 0.42772365 0.42600685 -0.21682273
v 0.00079926 0.31620246 -0.49462846
v -0.02942381 -0.54220355 -0.14320228
v 0.25580364 0.31357887 -0.40503943
v -0.13709074 0.36790362 0.05676998
v 0.20268071 0.41958752 -0.29646176
v -0.28012183 0.33513522 0.36412391
v 0.17241105 -0.54010659 0.01151748
v 0.08660603 -0.53469700 -0.16068327
v -0.24161936 -0.42941189 -0.06011983
v 0.04823733 0.39325038 -0.14078826
v 0.08131162 -0.50936997 -0.18400928
v 0.08469943 0.48980993 -0.09035182
v -0.36958951 0.33242840 -0.24354626
v 0.09233841 0.44464225 -0.04174022
v 0.02419759 0.56217170 -0.17109093
v -0.10818834 0.43070373 0.11562407
v 0.13771565 0.37365177 0.05860924
v 0.14743267 0.55991727 0.23433597
v 0.27561471 0.55960995 -0.04173324
v 0.21253312 0.55677605 -0.18314782
v -0.14305921 0.36711606 -0.05635349
v 0.17380662 0.36423743 -0.13091387
v -0.10807999 0.36650869 -0.18604761
v -0.49938127 0.29651076 -0.07229186
v -0.05118683 0.44080380 0.07727487
v 0.26027772 0.55133355 0.09955173
v -0.30182630 0.39370275 -0.44752178
v -0.06518430 0.36217430 0.14319715
v -0.18006018 0.55977488 0.21189512
v -0.04253845 0.35732833 0.15104708
v -0.01097660 0.40005112 -0.07718883
v -0.19086102 0.33398429 0.42443985
v -0.25440803 0.54900724 0.11389007
v -0.18884662 0.32041761 0.45235774
v -0.38768050 0.29495680 -0.33170605
v -0.24516338 0.54999125 -0.13700911
v 0.50407654 0.29652068 0.04739197
v 0.20978078 -0.33652380 0.22597708
v 0.17593211 0.35577124 0.03642564
v 0.06930684 0.53903049 -0.26231891
v -0.38345307 0.19574982 -0.33687755
v 0.11357816 0.41668704 -0.10258275
v -0.29600501 0.15992516 0.51184410
v -0.10477994 0.56426680 0.22595662
v -0.17180341 0.33603668 0.34061596
v -0.27470326 0.56077480 0.02969936
v 0.30912831 -0.18725012 0.20568478
v 0.33324856 0.30743361 0.36867917
v 0.13713317 0.55131990 -0.24507032
v -0.36516485 0.34393287 -0.20625608
v 0.47533631 0.31375852 -0.10844918
v 0.50280797 0.30772525 -0.00938235
v 0.28737497 0.43059820 0.34954584
v 0.42838502 0.29652724 0.26476413
v -0.20725212 0.38263494 0.14363071
v 0.12385834 0.43696159 -0.10752085
v -0.27633199 0.55980301 0.01779370
v 0.21048647 0.54675627 0.18291047
v -0.12962046 -0.56421304 0.18866554
v 0.29344520 0.29373574 -0.41165155
v 0.14537419 0.56249708 -0.22881576
v 0.03019919 0.55203187 0.27969843
v -0.07296680 0.26719514 -0.06097662
v -0.00985690 0.29558539 -0.07541306
v 0.16054870 0.30581856 -0.47483808
v 0.33095479 0.33408791 0.31416693
v -0.06161012 0.56411707 -0.15837696
v -0.05291293 0.56260502 -0.26963496
v -0.03990282 -0.56384361 0.22748253
v 0.17580320 0.35120782 0.01183785
v -0.14197081 0.37620041 -0.03681193
v -0.08849318 -0.53686732 -0.15434021
v -0.12807861 -0.54850364 -0.08246760
v -0.08474530 0.45528337 0.06651272
v -0.21320853 0.56417018 -0.14927618
v -0.23693582 0.31354019 0.27208114
v -0.36951777 0.40016958 0.38660699
v -0.05547646 0.26673248 -0.08962945
v 0.04520717 -0.53528112 0.16178961
v 0.11933877 0.37815833 -0.08812868
v 0.25794736 0.55940121 0.09942453
v 0.46601778 0.30686054 0.15248811
v 0.12459070 0.56017596 0.24639712
v -0.11696682 0.54929304 0.25395867
v 0.01762302 0.35504472 0.15323490
v -0.09790453 0.56416595 -0.24130498
v 0.10618363 0.55673105 -0.11131173
v 0.20713574 0.29926011 0.09277565
v 0.31633094 0.33486080 -0.31302717
v 0.06767566 0.54771513 0.12304647
v 0.00749663 0.09498427 -0.51127374
v -0.10439766 -0.54608274 -0.12657675
v -0.47390458 0.33151540 0.03012581
v -0.42303011 0.33345443 0.20417954
v 0.07797730 0.55519766 0.27016643
v 0.06992341 0.56381756 -0.17398314
v 0.10698973 -0.27925235 -0.39633584
v 0.05027413 0.26794714 0.06953929
v 0.32860917 0.14333998 -0.39632219
v 0.07163257 0.42448077 -0.02683596
v -0.35221964 0.31689572 -0.35319260
v 0.26530528 -0.40612957 -0.00038590
v 0.00003617 0.50847888 -0.13767502
v -0.26879099 0.55160397 0.07710600
v 0.36340770 -0.08307915 0.36336339
v 0.05918389 0.55586332 -0.15013984
v 0.00234638 0.51285714 -0.24472886
v -0.48253912 0.08270241 -0.14217070
v -0.00669400 0.27041513 0.10238522
v -0.30225781 0.07365078 0.40234539
v -0.06798855 0.29287010 0.01813837
v 0.02537013 0.31801867 -0.47523135
v 0.13806680 -0.53134131 0.11802929
v 0.32987478 0.25301006 -0.39251718
v 0.02992239 0.54842657 -0.27793971
v 0.28122184 -0.38091820 -0.00022193
v 0.29628739 0.09748292 0.50236589
v 0.08102733 -0.50482327 0.18425764
v -0.09610021 0.47237149 -0.17775804
v -0.14140195 0.55513382 -0.08445138
v 0.15037596 0.42927977 0.36056480
v -0.08679068 -0.53505403 0.15450545
v -0.12215412 0.26789531 -0.03170747
v 0.33994216 0.33798188 -0.01147498
v -0.22727339 0.55846888 0.16251254
v -0.01208659 0.29366478 0.51235950
v -0.15448268 0.35123578 0.00595694
v -0.08528794 0.43411618 -0.13643612
v -0.48463917 0.30252308 0.11296894
v 0.09602804 0.42130122 -0.12072924
v -0.09990654 0.43940106 -0.01092266
v 0.12821224 -0.54219240 -0.08109896
v 0.10259473 0.29801679 -0.21119668
v -0.10327626 0.42255321 0.48238176
v -0.15085399 0.35342243 0.01785146
v 0.06721807 0.45338675 0.08306191
v 0.01488051 0.45416281 0.10599415
v -0.28925774 -0.05216589 -0.34193701
v -0.16853555 0.56299984 -0.05416162
v -0.51304328 0.24835695 -0.00280046
v 0.15267017 0.54053396 -0.22623923
v 0.25059757 0.53793377 0.09670059
v -0.31743065 -0.32202041 0.00286348
v -0.13593762 0.43138379 -0.38034686
v -0.48116416 0.31612381 0.09310102
v 0.48548469 0.31087527 -0.08345161
v 0.00274977 -0.28427461 0.33960578
v 0.03647685 0.41931078 -0.05843491
v -0.39498124 0.42909074 -0.04832888
v 0.09250247 0.48520249 0.07616307
v 0.05579110 0.56426924 -0.25058210
v 0.36250517 -0.23838051 0.00180984
v -0.01610793 0.43384808 -0.09391624
v 0.09760391 0.26644093 0.07195192
v -0.28469360 0.29692253 0.41610715
v 0.04156125 0.36044616 -0.15141737
v -0.23293811 -0.56311631 0.01851422
v 0.10031272 0.56001377 -0.12831755
v 0.26245281 0.56401104 0.02394857
v -0.00598884 0.55625004 0.27989703
v -0.17890123 0.27583382 0.47881845
v -0.04355867 0.29851109 0.03980650
v 0.50384641 0.30459878 0.02642054
v -0.27394974 0.54088026 0.00000064
v -0.14911823 -0.56424111 0.17342028
v 0.18976933 0.33711186 0.32521167
v 0.15352179 0.43849611 -0.06152897
v 0.49751154 0.31027567 -0.03619495
v -0.20196247 0.56407928 0.16666223
v -0.15030921 -0.54893816 -0.03249074
v 0.13700864 0.55351079 -0.04891773
v 0.48640442 0.42080835 0.10754111
v 0.38785791 0.36206615 0.41055489
v 0.14180583 0.37687904 0.03699294
v 0.15747644 0.36091393 0.09712137
v -0.11367521 0.30385324 -0.49577084
v -0.31608137 -0.27219629 -0.09102102
v -0.22036800 0.33385286 0.40727788
v -0.08186121 0.30707034 -0.49922943
v -0.23425984 0.55985945 -0.14744140
v 0.13076867 0.55698597 0.09654592
v -0.47423351 0.31917086 -0.00490376
v -0.08160847 0.44155222 -0.04388259
v 0.52587020 -0.05647063 0.00192504
v -0.00509031 -0.53724986 -0.16556764
v -0.00025500 0.56282544 0.17820323
v -0.07959842 0.48655787 -0.08835988
v 0.05334798 0.42216298 0.04289753
v -0.45898798 0.31507868 0.18910800
v -0.05135458 0.56051302 0.15583329
v 0.02220236 0.42101982 -0.36112121
v 0.16107515 0.35378474 -0.05847588
v 0.31996053 0.34402213 0.19755954
v -0.14446649 -0.48017076 -0.25148717
v 0.33305407 0.41292125 0.38998416
v -0.27171198 0.31434247 -0.42019367
v 0.05635783 0.48258078 0.20466380
v -0.35437936 -0.25818816 0.00014550
v -0.25202763 -0.47957429 0.14420690
v -0.06484675 0.32314792 0.01066427
v 0.24934445 0.54885787 0.12576823
v 0.23685326 0.30357510 0.43994379
v 0.38332808 0.30783495 0.32429695
v -0.19066256 -0.52174687 0.00824506
v 0.15726350 0.42925745 -0.00584635
v 0.16153908 0.55088681 0.22837061
v -0.03546830 -0.53492796 -0.16719389
v 0.15973002 0.34007064 -0.36184445
v 0.04539173 0.28409901 -0.17458694
v 0.22196577 0.31800595 0.42751509
v 0.00558684 0.40284839 0.08346718
v 0.19791922 0.30669770 -0.45956483
v 0.00270209 0.31523609 -0.07465960
v -0.45279682 0.31538919 0.21476151
v 0.03507300 0.39933556 0.53216666
v 0.00815041 0.38866326 0.27502260
v 0.09648979 -0.56419897 -0.20990619
v -0.28195697 0.31694517 0.39975107
v 0.17427988 -0.54931861 0.17333208
v 0.02566546 0.26782301 0.09344596
v 0.46018985 -0.18844394 -0.00019083
v -0.03610795 0.33286920 0.47079310
v 0.21353999 -0.48547497 0.00089138
v -0.21695721 -0.56405520 0.07064086
v -0.11690368 0.36076501 0.13027537
v 0.03314737 0.28318894 -0.05833124
v -0.15584546 0.55795759 0.02486035
v 0.19055569 0.32420203 -0.39343593
v 0.16841550 0.38716254 -0.52127731
v 0.20965649 -0.20315637 0.31906772
v -0.10580466 0.36503896 -0.12890038
v 0.15320344 0.36570296 0.14269699
v -0.07760986 0.55604422 -0.26923585
v -0.16015548 0.43218982 -0.00094083
v 0.56961006 0.27330264 -0.16262352
v -0.00781111 0.33365366 -0.44636643
v -0.48417395 -0.10940890 0.12883186
v -0.21305791 -0.56364560 -0.09299359
v -0.02394447 0.27000058 0.13164575
v -0.00349185 0.07452799 0.57795298
v 0.07141300 0.37332535 -0.00621183
v 0.15190190 0.55691648 0.06358353
v -0.25620872 0.54119098 0.09414105
v -0.17661847 0.37750667 0.14858626
v 0.23565565 0.54072863 0.13982794
v 0.04385097 0.34318402 -0.02746486
v 0.08157173 0.31358495 0.48153242
v -0.15425438 0.40647435 -0.28083596
v 0.34834686 0.42961398 0.30399114
v 0.24027736 0.30281481 -0.44038403
v -0.09587587 0.29328337 0.49638867
v -0.14199740 -0.53463274 -0.10447104
v 0.19886646 0.54886818 0.19780436
v -0.31060457 -0.44710255 -0.00065794
v -0.32665503 0.32959276 -0.25919074
v -0.08019467 0.55355012 0.14044191
v 0.21068443 -0.54972899 0.12605573
v 0.10702603 0.36525896 0.18308526
v 0.59307265 0.26643747 0.00316191
v 0.22774448 -0.35697305 0.17974308
v -0.50209051 0.30412409 -0.04853352
v -0.19785218 0.33312520 -0.42498103
v 0.13642602 -0.56405485 0.17763911
v 0.11855767 0.47725689 -0.16888483
v -0.50005674 0.31061569 0.04335848
v -0.07064606 0.39396590 -0.13102818
v 0.03729118 0.28390002 0.05349609
v -0.19283684 0.55253583 0.20444357
v 0.42830753 0.41230875 -0.28533652
v 0.07388841 -0.47259143 -0.28530920
v -0.47593620 0.30605009 0.14738823
v 0.09374709 0.56353009 0.12824337
v 0.00154758 -0.51435304 0.20147222
v -0.29872000 0.34085628 -0.49171588
v -0.00806961 0.42545649 0.09229953
v 0.48236501 0.29921091 -0.10538790
v -0.00689417 0.30925670 0.07254054
v -0.17300966 -0.53621787 0.03644726
v 0.17654030 -0.52504951 0.06142009
v 0.17411076 -0.53365731 -0.01733595
v 0.13467997 0.42976087 -0.08220723
v 0.02970548 0.56187266 -0.27400956
v 0.09470778 0.53568625 -0.10982551
v 0.23275261 0.50164747 0.00326363
v 0.11258765 0.28863820 0.14804152
v -0.00243253 0.52098787 0.14410318
v -0.33633885 0.13710591 0.38340914
v 0.32891789 -0.41738284 -0.00008892
v 0.00600572 0.28828773 -0.08244663
v -0.16626893 0.50296515 -0.16503148
v -0.18086278 -0.48350209 -0.11268651
v -0.42306486 -0.11374605 -0.00647152
v -0.05322790 -0.53598660 0.16272210
v -0.25306216 0.42046782 0.20341679
v 0.21490525 0.29994476 -0.06795808
v 0.29378280 0.41289961 -0.16648950
v -0.04216430 0.30277660 0.50552434
v -0.21370277 -0.46073741 -0.21395092
v 0.04309207 0.29689613 -0.50403857
v -0.16764475 0.35675254 -0.05780128
v 0.32956961 0.42724648 0.21111841
v 0.26170906 0.31718838 0.40442616
v 0.22843580 0.56422037 -0.11676945
v 0.16633494 -0.05058369 -0.40972665
v 0.14362930 0.52066743 -0.00379936
v -0.12251619 0.56157184 0.24502237
v 0.16150002 -0.48305404 -0.12745671
v 0.08380838 0.55574238 -0.14271340
v 0.06754079 0.33831280 -0.00222636
v -0.00162067 0.56380749 -0.26338559
v 0.09898599 -0.53493392 0.14664210
v 0.17677647 0.35236469 -0.03824787
v -0.23115835 -0.42085612 0.23137662
v 0.17880104 -0.49366665 0.08592599
v 0.12011058 -0.53517556 0.13102259
v 0.34216419 -0.21213883 0.14573202
v 0.31530428 0.33831164 -0.23524652
v -0.30993146 0.31566161 0.38531959
v 0.24574164 0.34144077 -0.28873128
v 0.31415519 0.32061729 0.35304567
v 0.10741909 0.36436766 0.14459734
v -0.38681805 -0.29726061 0.10296767
v -0.23884544 0.56423908 0.09291144
v -0.31552026 0.33939764 0.14499004
v -0.37995934 -0.16758290 -0.09586897
v 0.36772117 0.30528945 0.34332588
v 0.17582130 -0.56410307 0.13684575
v -0.15583840 0.35262206 0.03403980
v -0.12660897 0.54261297 0.05569536
v -0.05694681 0.56424946 0.25135887
v -0.08236364 0.36092082 0.15173367
v 0.47854868 0.30499253 0.13120595
v -0.08646821 0.41641217 0.12635334
v 0.18249524 0.09621628 -0.47673145
v 0.52618200 0.34185293 -0.22213437
v 0.22001763 0.54028738 0.15989904
v 0.20836370 0.33809954 -0.30963805
v -0.57538825 0.21069781 0.15360297
v -0.01111065 -0.54791379 -0.01689909
v 0.10118371 0.36819705 0.11864384
v 0.51045471 0.36751339 0.22950639
v -0.24498926 0.30544981 -0.10887265
v -0.05706948 0.46771133 0.18851984
v 0.09158468 -0.37863988 -0.34050623
v -0.32687944 0.33427224 0.02163858
v 0.03516022 0.35701337 0.03743027
v 0.02829720 0.26586515 -0.10120397
v 0.01505655 0.41667297 -0.07917437
v -0.09713805 0.39110768 0.53312880
v -0.03056041 0.56352252 -0.16731036
v -0.00409685 0.19320627 -0.59463471
v -0.25577980 0.23128095 -0.44418001
v 0.04566399 0.49149868 -0.10702074
v -0.09526677 0.56020409 -0.12157083
v -0.25009096 -0.39123112 -0.08563749
v -0.13388483 0.10123348 -0.49447319
v -0.04680141 0.55521351 -0.13912696
v -0.04639053 0.33760375 0.33961403
v 0.17473082 -0.41022184 0.19370118
v -0.13173635 0.49716085 0.00476977
v -0.11292112 0.54580122 0.08482523
v -0.02618377 0.31966916 -0.49430841
v -0.28245097 0.32293311 0.30474579
v 0.27935821 0.31950936 0.37482703
v -0.17068265 0.36153802 0.10782928
v -0.22267209 -0.47671944 -0.00259288
v -0.15947883 0.38546562 -0.52606940
v 0.29482973 0.31127614 -0.39607325
v 0.17746507 0.31093621 0.46262410
v -0.28619903 -0.47012651 0.07651851
v 0.14051387 0.37766683 -0.04731579
v -0.07281693 0.46215579 -0.08304156
v 0.07758725 0.36054265 -0.16843098
v 0.45538998 0.31863642 -0.11947564
v 0.34093374 0.32598090 -0.25912946
v -0.10448495 0.38376856 -0.10436715
v 0.49157816 0.30887040 0.04749472
v 0.00057054 -0.32088089 -0.38668963
v 0.06969021 0.56417859 0.25253358
v -0.14773329 0.36560643 -0.15157637
v -0.02254591 0.49249962 0.11793472
v 0.01749315 0.32570395 -0.05719120
v -0.37977830 0.43139347 -0.22432162
v 0.22158803 -0.56231356 -0.07741015
v 0.21417953 -0.45998591 0.21407561
v -0.35401347 0.29871792 -0.36178842
v -0.09480619 -0.15525635 -0.38564634
v 0.07505426 0.43998349 0.05387472
v -0.24055204 -0.38859510 -0.13373649
v -0.04966230 0.33266264 -0.46586129
v 0.16649614 0.56066710 0.02756717
v -0.06654131 0.43894520 -0.06960403
v -0.09468281 0.48504299 -0.06990608
v -0.56028301 0.37010130 0.01516884
v 0.11878721 0.56421500 0.22885096
v 0.11116376 0.43736196 0.12137526
v 0.15377069 -0.54734498 -0.01578191
v -0.01019484 0.41051558 0.08232197
v 0.15067479 0.32033530 -0.56298602
v -0.08373037 0.43841624 0.14221486
v -0.06927846 0.53746974 -0.26084435
v 0.13390428 0.56426221 -0.11611661
v 0.16547205 -0.53548324 -0.06216055
v -0.00630267 0.37945667 0.14641912
v -0.20415986 0.48305488 -0.06091851
v 0.11580692 0.55695516 -0.09339598
v -0.06742078 0.30967221 0.49679455
v -0.10970583 0.43094379 -0.11453861
v -0.17719088 0.21957321 0.47886214
v 0.28347698 -0.49010932 0.00018017
v 0.09238006 0.53886914 0.25458902
v -0.15641353 0.35960889 -0.08231886
v -0.16744877 -0.41129845 -0.19668826
v -0.09766914 -0.01574402 -0.45207012
v 0.05972778 0.31898865 0.47793630
v 0.13169780 0.49735701 -0.00501361
v -0.05674670 0.49174464 -0.21446505
v 0.05764339 0.35289767 0.17068085
v -0.14895435 0.55018473 -0.23739234
v 0.37810677 0.30783680 -0.32024774
v 0.11252493 -0.49291068 0.18371636
v -0.45558149 0.21348402 0.22969453
v -0.08285199 0.38806033 -0.53935927
v 0.13061355 0.31113628 0.47336107
v -0.23476802 0.33369499 -0.41014165
v -0.13902888 0.39434248 -0.05295873
v 0.07142790 0.38406768 -0.12891984
v 0.05986406 0.44921672 -0.16678280
v -0.37703329 0.33374754 0.27705413
v 0.44576678 0.02620155 0.18459059
v 0.14645226 0.02422346 -0.54097503
v -0.45442787 0.30659536 -0.18785506
v 0.24162084 0.53807944 -0.12139883
v 0.13690570 0.36568257 -0.09145411
v -0.22829668 0.30674762 -0.45443147
v -0.09613305 0.53868711 0.25168121
v -0.37076968 0.29802936 0.34010321
v -0.20606264 -0.50140023 -0.00041027
v -0.52538866 0.39671296 0.11977585
v 0.17533219 -0.45726696 0.14838338
v 0.08420548 -0.44990042 -0.22658920
v -0.16041297 0.35607460 0.08034600
v -0.14781454 0.29901156 0.15787959
v 0.31581610 0.30843899 0.38064539
v 0.32682675 0.18406431 -0.40499979
v -0.07865802 0.36683017 0.13521464
v -0.34967202 -0.15728393 -0.18496732
v 0.11966315 0.34096408 -0.36449572
v -0.23691775 0.33894712 -0.31025428
v -0.13957737 -0.53820866 0.05503829
v 0.36268649 0.43080896 -0.26456195
v 0.02432258 0.56350619 0.16857673
v 0.44691327 0.07500117 0.22425303
v 0.32804561 0.37715659 0.44492018
v 0.54239416 0.38755509 0.05353992
v 0.51396811 0.40567890 -0.10936978
v 0.34345880 0.18342300 -0.37096840
v 0.38533911 0.38499194 -0.39336684
v -0.01161025 0.34888831 -0.17783430
v -0.02429140 0.43023729 0.15518160
v 0.08227593 0.35969681 0.15768473
v -0.47496012 0.29898340 -0.17914829
v 0.01558769 -0.55879623 -0.23904958
v 0.57911062 0.30164430 -0.07442237
v -0.14795230 0.55163807 -0.05329724
v -0.24940307 -0.09663790 -0.35794193
v -0.04902811 0.38916054 -0.13976541
v -0.44736296 0.33365133 0.10635921
v -0.37370229 0.34445989 -0.04912113
v 0.21069731 0.31805059 0.23634502
v 0.26253909 0.55990094 0.08944774
v -0.48240668 0.30852348 -0.07835116
v -0.27276120 -0.07935797 0.32631290
v -0.36594716 0.33969447 -0.00355717
v -0.36337721 0.32345489 -0.28408781
v 0.19083703 -0.55149537 -0.14876409
v 0.48482126 0.36375597 -0.28894293
v -0.22648688 0.07344619 0.44752246
v 0.17813531 -0.47852051 -0.08759680
v -0.08175236 0.52638066 0.11972545
v -0.35216466 0.31334975 0.35907754
v -0.22867869 0.43040216 0.35548866
v 0.26186612 0.56401980 -0.02441109
v -0.08916810 0.33382034 0.45530310
v 0.48378551 0.31432343 -0.06537401
v -0.05170136 0.27112916 -0.12777187
v -0.06249391 0.35225827 -0.01058831
v 0.32095623 0.29113066 -0.39679873
v 0.52820492 0.40465763 -0.01353331
v -0.12116595 -0.22230622 0.33829173
v 0.33315402 0.33787262 0.11832232
v 0.15785442 -0.53254950 0.08467496
v -0.32743496 0.33047903 -0.34845176
v -0.36716753 0.34190217 -0.09545732
v -0.06129641 0.42218405 0.14149256
v -0.18163270 -0.49196967 0.07883219
v -0.13881080 -0.53773183 0.09537886
v -0.06406192 0.34374771 0.00862227
v -0.46592724 0.30572864 -0.15255840
v -0.09545726 0.27212295 -0.00737442
v 0.20486534 0.00972722 0.43190870
v -0.02279251 0.43109223 -0.15599556
v 0.24862455 0.32261339 0.26719621
v 0.40115684 0.20177546 0.32984427
v 0.07642581 0.29428360 -0.00880816
v -0.17821145 -0.56424129 0.12320638
v -0.26540220 0.33346632 -0.38847107
v -0.00002688 0.23133670 -0.51243287
v 0.00127749 0.54221702 -0.15552904
v 0.01394608 0.31015256 0.06526995
v 0.03845391 0.43235162 0.15428595
v -0.10143971 0.31547678 0.48148143
v -0.19451812 -0.56363773 -0.12744971
v -0.33537871 0.26598179 0.38515902
v 0.22272654 0.29069647 -0.45387569
v -0.16694215 -0.56410319 0.15541476
v -0.01428511 0.39051965 -0.54514390
v 0.14139716 0.29817864 0.57082295
v 0.35890111 0.31602946 -0.33320937
v 0.02574760 0.27506095 0.07271774
v -0.29490498 0.33107227 -0.37444326
v 0.11679476 0.26650178 0.03215496
v 0.13522409 0.42873317 0.07857890
v -0.37211448 0.31418526 -0.33312678
v 0.00701026 0.44487420 -0.10517327
v 0.47590074 0.17441785 0.21056992
v -0.25381809 -0.36679879 -0.25493589
v 0.19157971 0.26684257 -0.47580656
v -0.20800361 -0.16223562 0.33742228
v 0.25743061 -0.46846804 0.14902459
v 0.05484150 -0.52319068 0.17880665
v -0.01979822 0.26818970 -0.09631021
v 0.21515781 0.20738898 0.45799828
v -0.16641590 0.42374638 0.45998889
v 0.17151065 0.35788849 -0.08651967
v 0.12901676 0.38454488 -0.07126469
v -0.30967608 0.41886058 0.16380881
v -0.17709258 0.56337816 -0.02545843
v -0.01138003 0.35229671 0.17645417
v 0.04375193 0.41069713 -0.51527929
v -0.13838340 -0.03478795 -0.51807964
v 0.07245889 0.56387597 0.14554445
v 0.06730167 -0.54184431 -0.14144813
v 0.24416158 0.55622458 0.13697404
v 0.14565185 0.30677590 -0.47318780
v -0.45533103 0.26059592 0.22988605
v -0.10940345 0.36625198 0.15178230
v -0.13678515 0.54716128 -0.24406056
v 0.27812612 0.37304577 0.48462197
v -0.29924399 -0.35076171 0.00449289
v 0.11820558 0.53434098 0.08861773
v 0.08273434 0.50946808 -0.10628415
v -0.51291174 0.19588216 -0.00260752
v 0.39819455 0.22543238 0.32982522
v 0.54171497 0.37866905 0.11309307
v -0.13646433 0.37087002 -0.06986238
v 0.00093704 -0.19047181 0.38637865
v 0.04980633 0.43717661 0.08650748
v -0.23356162 0.31905985 0.14846271
v 0.49903297 0.07957935 -0.05435347
v 0.15521486 0.43682283 0.05296658
v 0.45950317 0.42535678 -0.15335895
v -0.07593346 0.39090663 0.00819703
v 0.07343126 0.27448034 -0.58356631
v 0.15370356 0.56426275 -0.20131218
v 0.05589319 0.41221815 0.14159295
v -0.16197465 0.33371660 0.44007280
v -0.24298888 -0.13219684 0.33877778
v 0.33232152 0.09185874 -0.38736874
v -0.50201273 0.08117388 -0.04777929
v -0.58933532 0.28994372 0.01537044
v -0.14047104 0.56420535 0.21620227
v -0.00856116 0.37178984 -0.23429285
v 0.26770601 0.18598787 -0.44202361
v 0.23380007 0.07960996 -0.44120505
v -0.32394290 0.00795945 -0.35018885
v 0.42990443 -0.11787861 0.24912918
v 0.12193044 -0.56364679 -0.19654484
v 0.10415268 0.56409037 -0.15727304
v 0.26755434 0.32816988 -0.33150229
v 0.41507912 0.07883961 0.28020483
v -0.43747017 0.33324513 0.15460184
v -0.14155915 0.51853651 -0.00358490
v -0.19542877 0.08608308 -0.46827295
v 0.23161823 -0.56164193 -0.04271599
v 0.03601093 0.42264009 0.06075451
v -0.35119873 -0.38096756 -0.00075118
v 0.00775136 -0.56334174 0.23214039
v -0.42968166 0.29367033 -0.26171550
v -0.09469777 0.36372313 -0.15209132
v -0.44030669 0.29379928 -0.24296418
v -0.13199894 0.17780615 -0.49497655
v -0.11834708 -0.54816949 -0.10758364
v 0.18274923 0.55851138 -0.21240284
v -0.07761034 0.55590028 0.26904207
v 0.39545035 0.24857205 0.32892168
v 0.19046146 0.56424040 -0.16654299
v 0.05776840 0.53814906 0.26355711
v -0.18417802 0.54825300 0.21124706
v 0.08695479 0.27088594 -0.10716582
v -0.16089357 0.55133015 0.22808281
v -0.04986778 0.27449369 0.04990014
v 0.42992741 0.38205051 -0.34296948
v 0.08855798 0.38898164 0.11838853
v -0.05572504 0.42670053 -0.04508533
v 0.11919158 0.54508495 -0.07197406
v 0.08395602 0.46692887 -0.07459628
v -0.43423122 0.25764412 0.40347856
v 0.34912118 0.32663828 -0.19738044
v 0.10898745 0.48897529 0.19057178
v 0.05978687 0.30864570 -0.49146432
v 0.06760262 -0.47030476 0.20057365
v 0.07199659 0.47617704 0.08842714
v 0.23097216 -0.45914811 0.00262637
v 0.00176315 0.49746481 0.13264138
v 0.16465482 0.42706251 0.44707629
v -0.10272176 0.56397367 0.15947609
v -0.25303599 -0.10513595 -0.43503797
v 0.45300427 0.42614615 0.16069427
v -0.04702384 0.33318037 -0.02581669
v -0.05061969 0.54649699 -0.27297798
v -0.12517196 0.33337745 0.44969401
v 0.25693369 -0.10437280 0.33601516
v 0.41757894 0.29384744 0.28431979
v 0.47942594 0.40054682 -0.22921111
v 0.04618331 -0.35694051 -0.28649887
v 0.06069242 0.08091509 0.49790135
v 0.04434095 0.56132644 0.14845820
v -0.16714673 -0.54449069 -0.01390257
v 0.19069837 -0.56435686 -0.10450623
v 0.23294906 -0.56234497 0.03000699
v -0.41659328 0.21163811 -0.42536545
v 0.04837264 -0.42438716 -0.25128385
v -0.47604036 0.07220010 0.14601240
v 0.01992212 0.32885003 0.05415416
v -0.51095068 0.29795045 0.00491588
v 0.25413674 0.33114910 -0.36735296
v 0.47098696 0.25328511 0.35566601
v 0.36962345 0.42102072 -0.33065426
v -0.05731413 0.42289713 0.03963120
v -0.44146004 0.42436209 0.20548436
v -0.39527130 0.30254248 0.30810639
v -0.41950634 0.38315263 -0.35386312
v -0.09783918 0.37873110 0.11134390
v 0.27605715 0.40785727 -0.44626316
v 0.20997624 0.32914490 -0.24096778
v -0.11257284 0.33678430 0.33998710
v -0.31055892 0.08581860 -0.39769492
v 0.07388788 -0.30434865 0.29852059
v -0.00174732 0.56284451 -0.17659009
v 0.33194321 0.33732629 0.27887747
v -0.07458596 0.26809695 0.10515827
v 0.00592466 0.36925548 0.22866486
v 0.16011003 0.56195432 -0.03447536
v 0.00538269 0.39767936 -0.08082739
v -0.44870377 0.03648523 0.19510314
v -0.35757840 0.28409883 -0.46506593
v -0.00225907 -0.42926481 -0.24679491
v 0.35366994 0.30744958 -0.35326004
v 0.17835872 0.46984032 -0.08866139
v -0.08473989 0.43119150 0.02527807
v 0.11285919 -0.43880281 0.20112793
v 0.48824340 0.29403466 0.12819338
v 0.20554417 0.16834244 -0.47525775
v 0.29606298 -0.04358340 0.33994257
v 0.28005725 -0.26141697 -0.20590262
v 0.15403725 0.31740713 0.45404813
v -0.54005128 0.38482592 -0.09144519
v 0.11161040 0.51065111 0.07382368
v 0.23679249 0.33395642 0.32755134
v -0.36748013 0.33998328 -0.13728790
v 0.33648178 -0.38528246 0.09094953
v -0.11584666 0.50833040 -0.21013409
v -0.18876989 0.30419347 0.24143501
v -0.52017367 0.40723020 0.04659032
v -0.11645160 -0.53440017 0.14215130
v 0.19079778 -0.33098331 0.32963911
v 0.57511681 0.21538529 0.15443914
v 0.32848799 0.34042460 0.23936790
v 0.33133772 0.33670145 -0.06108000
v -0.02130193 0.55416179 0.15733206
v -0.29726943 0.32152990 -0.14865284
v -0.11548124 0.27003676 0.07040095
v -0.42070100 -0.03746642 -0.17666617
v 0.17792791 0.31582338 0.20072153
v 0.13691153 0.56178188 -0.07423297
v -0.01524631 0.30070955 -0.58737385
v -0.30718565 0.42135987 -0.38590065
v 0.24690653 -0.30623379 -0.20591019
v -0.36200005 0.43103454 0.25731161
v -0.17919980 0.42329419 -0.45563284
v -0.43938470 0.33442894 0.00937404
v -0.24148172 -0.26261863 0.24445117
v -0.01918636 -0.53494054 0.17919651
v -0.35907003 -0.03608694 0.28054920
v -0.32344976 -0.40771103 -0.08721449
v 0.15525001 -0.44428340 0.27135396
v 0.10272214 0.39108518 -0.53316098
v -0.00200773 -0.48203745 0.22126125
v 0.47816557 0.30822763 0.09535810
v 0.06257198 0.49129814 -0.21258767
v -0.39667481 0.02351491 -0.39563996
v -0.33719486 0.42298594 -0.11752992
v -0.12339885 0.40166479 -0.08631994
v 0.03077116 0.30181110 0.49982163
v 0.17936559 0.56397671 -0.19141629
v 0.16743378 0.04596525 -0.46130225
v -0.09733327 -0.56227481 -0.01465764
v 0.27013567 0.42174646 -0.23037472
v 0.20640267 0.53616869 -0.17059934
v 0.03565739 0.31851211 0.48885021
v 0.02374948 -0.53979576 -0.16366318
v 0.48533592 0.07896313 -0.11312977
v -0.43832222 0.30351830 0.25214595
v 0.51161945 0.16521116 0.00616112
v 0.47275576 0.07878218 -0.16590740
v -0.11615528 0.56258619 0.10852459
v -0.06308628 0.33227822 0.46644998
v -0.08462698 0.09055230 0.49483618
v 0.07217523 0.34291178 -0.36719558
v 0.15728568 -0.53479797 -0.08422980
v 0.34007165 -0.28596938 -0.00373146
v -0.47941777 0.30351523 -0.13091063
v -0.02240125 0.28327477 0.06970341
v -0.18929796 0.41835859 0.23580049
v 0.08594649 -0.41344303 0.32020465
v -0.26454547 -0.12890074 0.30367011
v -0.08660419 0.07317858 -0.49811107
v -0.15796351 0.07859687 0.55695903
v 0.29300907 -0.27243742 0.29309830
v 0.05472653 0.42135689 -0.04115640
v 0.42043343 0.29132131 0.41322154
v -0.50045061 0.29840302 0.30866262
v -0.35524166 -0.15931962 0.19607900
v -0.16772911 0.56416273 0.05162859
v 0.15715633 0.43425745 -0.03430776
v -0.56664830 0.31201407 0.14721915
v 0.21495765 0.49219429 -0.05651591
v -0.15696344 0.43467814 -0.03744897
v 0.21026359 -0.56377548 0.09264954
v 0.15663712 0.11138920 -0.56409675
v 0.25435016 -0.36708906 0.25410119
v 0.24855793 -0.43199667 -0.00022889
v 0.20584491 0.40377548 -0.23559840
v 0.13365196 -0.34274191 0.25096786
v -0.08479060 -0.54427665 -0.12901595
v 0.03486706 0.35683477 0.15437928
v -0.25703421 0.09381469 -0.44241819
v -0.08497848 -0.37367019 -0.27101925
v -0.16504554 -0.18082279 -0.35239354
v 0.25294545 -0.10264356 0.43647808
v -0.05414165 -0.56017613 -0.23386623
v -0.51437879 0.18518087 -0.29697797
v 0.13649514 0.31710604 -0.28319824
v 0.16074060 -0.15387975 -0.35583931
v 0.14485656 0.37850824 0.01361992
v 0.14528038 0.36437997 0.07209585
v 0.21013220 -0.15982257 0.34895504
v -0.34520769 0.07961199 0.37256557
v -0.23089373 0.33507842 0.34082279
v 0.39517647 0.13228455 0.32857811
v -0.22167997 0.39014030 0.49570921
v -0.57624203 0.31554139 -0.07036865
v 0.37678409 0.43110901 0.15456063
v -0.24672236 -0.21745472 0.27128726
v -0.28306115 -0.38077769 -0.00319371
v -0.36111593 0.33995762 -0.17170215
v -0.17737600 0.35169235 0.01735057
v 0.00613552 0.42728779 -0.15647180
v 0.00056790 -0.05993861 0.44700447
v -0.11693554 0.49404401 -0.02643207
v 0.01214842 -0.23883022 0.36413810
v -0.31230664 0.33449399 0.34869549
v -0.08303192 -0.55031693 -0.01987743
v 0.05933620 0.27018040 0.04636645
v -0.40711117 0.32518300 0.26149088
v -0.38119638 -0.02635149 0.38240454
v 0.22826836 0.30148560 -0.53721029
v -0.48097375 0.42585525 -0.03121538
v 0.20902850 -0.24906139 0.28786010
v -0.00341967 0.33745325 -0.34870532
v 0.10128625 -0.54172790 -0.11266561
v 0.00428480 0.48247105 -0.21247022
v -0.09641428 0.26722306 0.02989340
v -0.15499704 0.35180748 -0.01114191
v 0.19223633 0.46312344 -0.00251457
v -0.33224967 0.38649151 0.43205446
v -0.21367072 0.53825086 0.16466500
v -0.08774768 -0.56327796 -0.21731798
v 0.37027869 0.18555842 0.34394053
v -0.15677468 0.54406065 0.00225407
v 0.22706470 0.38373002 -0.49962747
v 0.48033616 0.29980642 0.15563923
v -0.15082739 -0.56460541 -0.16641499
v 0.05286267 0.29459354 0.03190301
v -0.41569194 0.29802862 -0.28538308
v 0.10061201 0.29285705 -0.49304879
v -0.08874211 0.56413364 -0.14269781
v 0.49670857 0.28582671 0.08630072
v 0.45813128 0.07167327 -0.21329786
v 0.14741515 0.19787683 0.57610911
v -0.51928860 -0.03160214 -0.13893780
v -0.24681631 -0.33600825 -0.18594351
v 0.26648861 0.41696489 0.43004110
v 0.21503206 0.16606207 0.45904642
v 0.33435091 0.33715495 0.02936497
v -0.07691008 -0.45904675 -0.22291864
v 0.00421744 0.43209219 0.15888837
v -0.23405527 0.39387348 -0.48650822
v 0.39643696 -0.05320462 -0.21482565
v 0.15643992 0.37539062 0.19284898
v -0.33604115 -0.38654602 0.08965383
v -0.04690646 0.35758111 -0.15725584
v 0.09522691 0.31850642 0.46682075
v 0.01233826 0.42868906 0.09196760
v -0.42063531 0.11712713 -0.40791753
v -0.40750796 0.08243353 -0.29476193
v 0.34937817 0.01206106 -0.32583627
v -0.00922912 0.39082161 0.07513492
v -0.17213647 -0.46954647 0.13688120
v 0.35326084 0.31995147 -0.30683294
v 0.31177369 -0.24117836 0.17519109
v 0.36658460 0.31994382 0.21137470
v -0.00159850 -0.00719621 0.47118115
v -0.10781734 -0.26753560 -0.40308261
v -0.52883071 -0.00803652 0.14197212
v 0.04649102 -0.21462640 -0.35799971
v -0.16004544 0.37911034 -0.20112698
v 0.42623517 0.00672287 -0.21257834
v -0.27689141 -0.48513597 -0.07489826
v -0.14597379 0.25246888 0.57581508
v -0.24773014 -0.17665476 0.29842257
v 0.21745348 0.11591548 0.45912939
v -0.23892802 0.53623658 0.12350415
v 0.11588275 0.56428581 -0.22581181
v -0.43713331 -0.20357585 0.11631609
v -0.26427120 0.06284320 0.42605597
v 0.10003441 0.41638383 0.49866179
v 0.18730769 0.46637896 0.05656865
v -0.42004731 -0.23549914 -0.11276690
v -0.39863265 -0.16735265 -0.00906884
v -0.17776152 -0.18411747 0.33757097
v 0.07901759 0.33866885 0.33219147
v -0.00215286 0.39668727 -0.29431164
v -0.02626976 0.26839089 0.08711579
v 0.51383358 0.17750204 0.29615682
v 0.40691414 0.29899281 -0.42449933
v 0.49206546 0.08404572 0.10064927
v 0.27799353 0.42548528 0.24259068
v -0.04138410 0.29339498 -0.04420473
v 0.51128471 0.23197693 0.01031982
v 0.36104813 0.32420495 0.16313107
v 0.07309122 0.29891270 0.20960397
v 0.04710897 -0.01716248 -0.45626879
v -0.49412602 0.07587556 0.07167210
v 0.02126261 0.34056163 0.34332520
v -0.21570000 0.31859308 -0.53777283
v 0.14860158 0.29612491 0.47224846
v 0.02619641 0.42874029 0.07974898
v 0.08398642 0.43018216 0.38294923
v -0.12533489 0.52820140 -0.06941206
v -0.28896451 0.34188306 -0.31804615
v -0.15304849 0.29275408 -0.12496436
v -0.07025810 0.49131075 0.09881592
v 0.45266944 -0.17289163 -0.12135844
v 0.18412925 -0.42519313 0.17440075
v 0.26477155 0.32734904 -0.21657062
v -0.14721574 0.43293747 -0.06180942
v -0.21886785 0.32751486 -0.26563638
v -0.00276561 0.35175386 0.57061589
v 0.11587562 0.42662662 -0.46739078
v -0.38240066 0.13358037 -0.33731532
v 0.33889610 -0.08491671 -0.26372349
v 0.59399706 0.18710290 -0.00060869
v -0.33618093 -0.19513109 -0.17740393
v -0.41859359 0.17288388 0.41962811
v 0.02699212 0.35986155 -0.14982690
v 0.00336041 0.47951806 -0.12325572
v 0.18910934 -0.38599139 -0.20334913
v -0.23046167 -0.56104857 -0.05733521
v 0.28486907 0.32975820 0.30484736
v -0.41848040 0.41613507 -0.28676262
v 0.57456046 0.31474477 0.08201556
v -0.51038885 0.28650081 -0.02253200
v 0.19761816 -0.37202328 0.20808010
v -0.22147605 -0.36223468 0.18865110
v -0.15309788 -0.20819671 0.33919305
v -0.15151449 0.56413102 -0.10474386
v 0.54697996 0.03843773 0.14274041
v -0.32348779 0.33838072 0.20614077
v -0.06693587 0.41562515 0.31365693
v -0.51394081 0.38631058 0.18713936
v 0.16194181 0.21863288 -0.57317579
v -0.26879096 -0.02778262 0.46744874
v 0.41516691 0.20088679 0.42603990
v 0.40177062 0.42898670 -0.01761674
v -0.21501456 0.56423503 0.14146447
v -0.09107133 0.54790556 -0.11083248
v 0.00493781 0.42668393 0.38995257
v -0.32051840 0.33956257 -0.21251790
v 0.28542361 -0.47127169 -0.07659627
v -0.03662195 0.40587416 0.52495879
v 0.15806216 -0.44775763 0.18546231
v 0.31677362 0.34036446 -0.18874855
v -0.29252058 -0.27104187 -0.29464281
v 0.13196008 0.07986262 0.48126471
v 0.27664378 0.40352580 0.09015737
v -0.37117329 -0.32478032 -0.09999330
v -0.16131982 0.20218787 -0.57294381
v 0.12101723 0.42840415 -0.37122750
v 0.21922868 0.49791300 0.06460477
v -0.09194061 -0.36928549 -0.34620288
v 0.16408393 -0.56073564 -0.16839646
v 0.48031458 0.42599487 0.03376744
v 0.05351605 -0.54688090 -0.01493269
v -0.54154301 0.39196113 -0.03265429
v -0.12544632 -0.01594441 0.42874542
v 0.00231620 0.54514754 0.15733120
v 0.09505278 -0.53704625 0.03938935
v 0.43228841 0.32505992 -0.01032480
v 0.09540157 0.26704916 -0.03417302
v -0.12030656 -0.48352486 0.18661727
v 0.47622502 0.12970679 0.19262096
v -0.07955889 -0.51555866 -0.18128034
v 0.32434329 0.33635509 -0.10777432
v -0.23155621 -0.04299861 -0.39340508
v -0.14410485 0.09361554 0.48216513
v 0.14490803 0.32434869 0.25831628
v 0.08742650 0.37633717 -0.12018818
v 0.43985516 0.29472324 0.24633035
v 0.07127275 0.29165074 -0.49890760
v 0.47013140 -0.01891679 0.27169910
v 0.34282300 0.36005476 -0.44678596
v -0.00630530 0.14799897 0.51195121
v -0.29292235 -0.40282217 0.16860983
v -0.08405747 -0.24168453 0.34011948
v 0.21715680 0.33124471 0.53233874
v -0.23347647 0.32645866 -0.20503660
v 0.40301785 0.29706299 0.30738443
v 0.04600876 -0.28596458 -0.32222909
v -0.28108278 0.09410114 -0.50943273
v -0.04304163 0.42185962 -0.49228370
v 0.43294054 -0.21076867 0.11673283
v -0.12178183 0.56418854 -0.22939187
v -0.12401505 -0.15444718 0.46192515
v 0.36546978 -0.14681336 0.17812632
v 0.53078282 0.08499300 0.22422904
v -0.16910577 0.34022072 -0.31601563
v 0.00058117 -0.19556282 -0.45676547
v 0.15767312 0.49285123 0.15853032
v -0.29326266 0.42216948 0.39411986
v -0.17796251 0.16032924 0.47775418
v -0.39187941 0.32379055 -0.19166128
v 0.33437198 -0.18399666 -0.20709141
v 0.06525976 0.36912525 0.14091836
v 0.57225305 0.17401290 -0.15570293
v 0.12017097 0.42499560 0.09796404
v -0.30666548 -0.23751472 0.30709401
v -0.39521384 -0.08542828 -0.18191595
v -0.14644836 0.46368021 -0.12592702
v -0.36967674 0.04556850 0.33027047
v -0.08991611 0.33184835 0.56841856
v -0.25301579 0.39563534 0.14236444
v 0.06506545 0.32285795 0.01037692
v 0.25911391 -0.35667259 -0.25797933
v 0.00054319 -0.44002411 0.31518862
v 0.45946366 0.14313592 -0.21524766
v -0.46127903 0.37622485 0.30743420
v -0.20347129 -0.37080455 -0.19927397
v -0.09722865 -0.24419615 -0.34092897
v 0.45800334 0.20748647 -0.21525252
v -0.17077568 -0.39521781 0.29705247
v 0.19715701 0.34350884 -0.36168697
v -0.49287197 0.38268250 0.24547967
v -0.13525456 0.30058372 -0.57168454
v -0.18052071 -0.55260825 -0.16273157
v -0.45544425 0.16016954 0.22957753
v 0.25711402 -0.03442448 -0.34985682
v 0.47046697 0.30816412 -0.15424702
v -0.54244334 -0.01955963 -0.00044865
v 0.45331681 0.40263858 0.27698159
v 0.21415947 0.26642117 0.45663828
v 0.38085318 -0.11106850 0.18007568
v -0.44016972 0.27769229 -0.24387190
v 0.14042358 0.28665134 -0.48530611
v 0.01940999 0.35019836 0.17936492
v 0.15722711 0.08910064 0.55992311
v 0.20051885 0.07186248 0.46315983
v 0.10679593 -0.28022900 0.39591199
v 0.39656293 -0.27926898 -0.10599736
v -0.36597601 -0.07098977 -0.36892381
v -0.33068350 -0.17181347 -0.33304206
v -0.35586530 -0.27959380 -0.20439097
v -0.00433757 -0.32556924 0.31560460
v -0.00989034 0.34355924 0.06317309
v 0.15283173 0.46218839 0.11434013
v -0.29408380 0.30317226 -0.41180122
v -0.15123697 0.08508804 -0.56080115
v -0.07050788 -0.42322171 -0.24755535
v 0.16005775 -0.20194931 -0.32973629
v 0.29083171 -0.27907231 -0.28987309
v 0.35582459 -0.10647311 -0.35483098
v 0.33415872 0.31982642 -0.35631114
v -0.48137113 0.38148946 -0.27370244
v 0.56843460 0.11635359 0.14079544
v 0.42048669 -0.26121026 0.00064088
v 0.27289471 0.54166293 0.02325771
v 0.32043910 0.33799806 -0.14805295
v -0.23342147 0.50217712 -0.00250555
v -0.05888487 0.43108413 -0.39915588
v -0.09251510 0.30543393 -0.22369187
v -0.51005441 0.07630033 0.00285600
v -0.47045559 0.08044417 -0.18953146
v 0.11783394 0.49386573 0.02444969
v -0.47092721 0.26037860 -0.35461816
v -0.27334830 0.43087220 -0.34011936
v -0.09281253 -0.36912057 0.34609655
v -0.36512670 0.31830895 0.33266434
v -0.30545989 -0.37872040 -0.17608050
v 0.02986839 0.42708889 0.47451907
v -0.12347892 -0.15434900 -0.46217597
v -0.53448087 0.31213564 0.22867312
v -0.12498238 -0.56334007 -0.19757044
v 0.33535999 0.01368687 0.33908272
v -0.05343991 0.30180803 -0.50481707
v -0.37574092 -0.09910234 0.21794207
v -0.14393938 0.41350627 0.05157067
v -0.26715425 0.28949645 -0.43606716
v 0.35726976 0.29920059 0.46192363
v 0.34981763 -0.03684816 -0.29228806
v 0.17254849 -0.00033426 -0.43339035
v 0.31851894 0.26469269 -0.49906126
v 0.05209294 -0.08464132 -0.42177466
v -0.45092580 -0.05267613 -0.00378616
v 0.38807768 -0.00676446 -0.38735515
v 0.21761574 0.39632961 0.49030226
v -0.22325574 0.42508009 0.43090606
v -0.05333890 0.44416469 -0.16325821
v -0.14887869 0.37512296 0.15247573
v -0.17296736 0.32110876 -0.22964366
v -0.00030619 -0.32207063 0.38596195
v -0.51877427 0.28508702 -0.28145397
v 0.51047421 0.39279950 -0.17707399
v 0.00031184 0.51054114 0.24222453
v -0.41066930 0.08226930 0.28760734
v 0.17250226 -0.42080101 -0.18378060
v 0.42795628 0.30797213 0.23174310
v -0.28464064 0.24254975 0.52164257
v -0.10680751 -0.56326938 0.20841409
v 0.22422791 0.23570813 0.54686755
v -0.57121736 0.08303707 0.07218048
v 0.38347229 -0.19386850 0.00144929
v 0.39225808 0.07506720 -0.30776009
v -0.12852992 0.42956805 0.37530634
v -0.26875582 -0.33219749 0.26888561
v -0.33781257 0.43139490 -0.29313222
v -0.57415634 0.20127966 -0.15683576
v -0.16680831 0.56376135 -0.08385871
v 0.22377317 -0.21534511 0.38592210
v 0.08152723 0.31185839 -0.47637251
v 0.12189484 -0.17389265 -0.45197272
v -0.45772809 0.42972165 0.05245104
v 0.31498879 0.40477544 -0.00105695
v -0.36460388 0.36860827 -0.42435029
v -0.32339916 -0.21581107 0.19240582
v -0.37638116 -0.23690400 0.21658255
v 0.13064243 0.36815256 -0.16257736
v 0.41683123 0.20194946 -0.42467359
v -0.43997401 0.07757127 -0.23867962
v 0.25354081 0.32711744 0.17795350
v 0.28923377 0.34421104 -0.49608639
v -0.13998851 0.29668802 0.21834619
v 0.23500940 0.43122718 -0.37357721
v 0.36722454 -0.10812682 -0.22274573
v 0.47867677 0.31955248 -0.04820665
v 0.10748886 0.45146695 -0.00894872
v -0.33709428 0.32558209 0.46836278
v -0.20414966 -0.45616454 -0.11152481
v 0.28632712 -0.23456195 0.20136546
v 0.41102698 0.10231836 0.41499364
v -0.18728727 0.31627867 0.55048788
v -0.17706423 0.29860961 -0.47687781
v 0.02980500 0.43068263 -0.44782192
v -0.13214388 -0.45042381 -0.19395098
v 0.42525044 -0.12988262 -0.24522057
v 0.20529199 0.38174006 -0.16662399
v 0.29492947 0.29200444 0.51023072
v -0.07796569 -0.46475780 0.28945461
v -0.26503056 -0.41076571 -0.00501546
v 0.41348612 0.09965578 -0.41203505
v 0.03537592 0.55215615 -0.15307023
v -0.52028352 0.35863936 -0.21700494
v -0.32781416 0.33775875 0.09206436
v 0.00151016 0.06984793 -0.57681066
v -0.17230043 -0.39077133 -0.29927936
v -0.07677412 0.28192350 -0.01552990
v 0.42228931 -0.02652137 0.17877375
v -0.47068709 -0.13660762 -0.12671700
v 0.39470088 0.42929637 0.24282673
v 0.44130957 0.17765480 0.26904708
v -0.31753737 0.43086496 0.32868806
v 0.25162658 -0.35618123 -0.10294319
v 0.51239544 0.18045762 -0.29948154
v 0.11567106 0.38783202 0.09154129
v 0.51264787 0.09368871 0.00077257
v -0.20050244 -0.29629230 -0.34717491
v -0.04642680 0.37431040 -0.03114698
v 0.20344321 0.50241369 -0.11492864
v 0.34187779 -0.24883728 0.07243688
v -0.23622778 0.02378951 -0.42420676
v -0.31501406 0.40494096 -0.00591970
v 0.00061157 -0.43761027 -0.31660399
v -0.22010340 -0.22469960 0.38203856
v 0.12583430 0.50928962 -0.20474270
v -0.01211797 0.25027940 0.51188838
v 0.16030248 -0.30109307 -0.27571279
v -0.16301939 0.38930354 0.52133775
v 0.10021456 0.43926114 -0.13262120
v -0.49416953 0.30748951 0.07239881
v -0.24549724 0.00571313 0.40708607
v -0.04751385 0.43040821 0.45373049
v 0.51681358 0.27384064 -0.28888696
v 0.37119079 0.31681871 0.26034254
v 0.30319494 0.29709700 0.39088619
v -0.31238905 -0.23510061 -0.17630532
v 0.33267665 0.33666384 0.07318999
v 0.02507367 0.56400776 0.26371649
v -0.00038590 -0.19470131 0.45699286
v 0.00266462 0.33778194 -0.40572712
v -0.38429555 0.24857201 -0.33621341
v 0.21503247 -0.34832996 -0.20694430
v -0.22793390 -0.20113282 -0.39228418
v -0.31283933 0.30467150 -0.39599177
v -0.13305292 0.47138339 0.15103869
v -0.47499108 0.15411158 -0.18377206
v -0.49513835 -0.12116900 -0.00126423
v -0.23104487 -0.14339508 -0.34389290
v -0.45682955 -0.05539700 -0.26265064
v -0.20790704 0.29207224 -0.46444166
v 0.12916809 0.26861566 -0.01027479
v 0.34048274 -0.37893352 -0.09072111
v 0.27294001 -0.01805574 -0.46983820
v -0.25581974 0.16607523 -0.44390798
v 0.19178870 0.42602488 -0.44151306
v -0.46280292 0.33290809 0.06462092
v 0.40140548 -0.07039328 0.17741644
v -0.42003188 0.31059945 -0.40782660
v 0.24911782 -0.11751152 -0.43007499
v 0.14656882 -0.56242728 -0.00923047
v -0.00302435 -0.44346014 0.24472760
v -0.10863323 -0.26628521 0.40348673
v 0.44629177 -0.05966519 -0.00025292
v 0.47603789 0.22900605 0.19798546
v 0.38207027 -0.00792761 0.24115613
v 0.09938557 0.36352459 -0.14414755
v 0.02398777 -0.56277764 -0.00042089
v -0.49972206 0.07443281 -0.29053587
v -0.27622464 -0.00456366 -0.47453633
v -0.08728421 0.43834829 0.05038096
v -0.00013220 0.16592267 -0.51236588
v -0.29401353 -0.01193218 0.34823239
v -0.48529553 0.28795922 -0.14143901
v 0.00062114 -0.14502575 0.40751022
v 0.17531888 -0.50546610 -0.05445908
v -0.31034631 0.29550448 0.40079096
v 0.37588069 -0.33905998 0.00039586
v -0.24839997 0.39524940 -0.09826785
v 0.38758165 -0.21222542 0.22402799
v 0.48498434 0.28644028 0.14524056
v -0.00308831 -0.40308815 0.26937658
v -0.40518665 0.08248932 0.41496563
v 0.18003929 -0.36747584 -0.31083736
v 0.29525822 0.43110120 -0.31729487
v -0.08281565 0.28742936 0.18594471
v 0.26849711 0.08347442 0.42101854
v 0.00333900 0.31246588 -0.26639122
v 0.32568654 0.08202436 0.37904891
v -0.26471660 0.56142527 0.07718583
v -0.13298221 0.42686296 0.08198725
v -0.09593450 -0.09716517 -0.41380164
v 0.38620865 -0.29789507 0.10369693
v -0.39848033 0.41014293 0.33161813
v -0.36060089 0.23948710 0.46773463
v 0.04285554 0.44233367 -0.08260888
v 0.55739474 0.01715727 -0.00185425
v -0.13083620 -0.40492624 0.23304659
v -0.27929032 0.39591664 0.46222049
v -0.00013975 0.47216204 0.20174488
v 0.12099987 0.27131435 -0.06780709
v -0.44379237 0.01740657 -0.18219733
v -0.34302613 -0.21765427 0.13125622
v 0.29537711 0.18125691 -0.51478976
v 0.40837008 0.30360988 -0.27933055
v 0.04909090 0.36438829 -0.55900407
v 0.26089850 -0.31230125 0.17748117
v -0.10480228 0.26945508 -0.08341942
v 0.33962145 -0.31245196 -0.19483532
v -0.14131153 -0.44757718 0.20103386
v 0.07271592 0.42025512 0.02351556
v -0.24018234 -0.04706910 0.38146487
v 0.12256332 -0.53251886 -0.12276019
v 0.12508424 -0.14863135 0.46480906
v 0.39274913 0.01047771 0.39243394
v -0.48006964 0.01142083 -0.00065882
v -0.36296403 -0.01850220 -0.26210818
v 0.32973674 -0.17791404 0.32946417
v -0.23779581 0.42709896 -0.41516742
v -0.50058156 0.08357370 0.29356402
v 0.21479820 0.23732781 0.45729184
v -0.13144559 -0.35909355 0.26253623
v -0.19631292 0.28967425 -0.05366758
v 0.42697874 0.07893267 -0.26040846
v -0.57984072 0.08596469 -0.01507541
v -0.13141979 -0.26658243 0.32129839
v -0.07005666 0.36166015 0.00032829
v 0.22985590 0.32044461 -0.16426733
v -0.23350248 -0.27304730 -0.24809776
v -0.28661719 0.26021454 -0.51929837
v -0.41385296 -0.03604282 0.19649433
v 0.49879694 0.07819805 -0.29370099
v -0.45600155 0.09454493 0.22599283
v -0.18900855 0.09646001 0.47048730
v -0.18804827 -0.41125858 0.18514180
v -0.28942803 0.07479858 0.49999744
v 0.10393404 0.38859537 -0.10514093
v -0.46737018 -0.02821654 0.26869503
v -0.19218561 0.46295798 0.00181467
v 0.01869466 -0.53775078 0.03416276
v -0.43795121 0.35214809 0.36074445
v -0.29970571 0.18423702 -0.51247799
v -0.00064924 0.45216990 -0.18080013
v 0.27711520 -0.00042750 0.47599629
v 0.34480748 -0.30106562 0.19912736
v -0.23506251 -0.18538482 -0.30946371
v 0.22893421 0.56407571 0.13233431
v -0.56578493 0.29838276 -0.16174604
v -0.59491605 0.19838396 -0.00345593
v 0.23920810 0.31843382 0.40411603
v 0.31784517 -0.32202995 -0.00181647
v 0.33114934 0.22067969 -0.39657027
v -0.51444411 0.20012870 0.29914358
v -0.28675053 0.34201050 -0.27307731
v 0.28794697 -0.27435344 0.17631750
v 0.05053510 -0.14713399 -0.39112258
v 0.06297800 0.38018641 0.01699491
v -0.19597565 0.54908025 -0.20156388
v 0.46519074 0.28242239 -0.35824007
v 0.11165832 -0.19953349 0.35728520
v 0.58228606 0.09475349 -0.00320623
v 0.50658637 -0.06059669 -0.13570769
v 0.33685932 -0.13576490 0.20723003
v -0.20223114 0.29675168 0.07510176
v -0.01080688 0.20208262 0.51191217
v 0.49056944 0.08094986 0.30613777
v 0.06613498 -0.55595309 0.23201536
v 0.39863747 0.43109015 0.06931967
v -0.00094834 -0.06042248 0.52449650
v -0.39709476 -0.30265167 -0.00068636
v 0.07353345 -0.56157345 -0.22494720
v -0.11812666 0.56387252 -0.11788834
v -0.13916215 -0.03705569 0.51680505
v 0.52016139 0.26894540 0.28295344
v -0.13183528 0.24271081 -0.49517635
v -0.15947239 0.17503166 0.57108891
v 0.33167312 -0.24496132 -0.10628331
v 0.51927799 0.38689965 0.17260452
v 0.55358738 0.06342576 -0.15390539
v -0.18768580 0.42655498 -0.33430251
v 0.31292897 -0.22167294 -0.20186301
v -0.08691098 0.41512552 -0.00714091
v 0.30517420 0.20264788 0.51055282
v -0.11457277 0.42282531 -0.48013449
v -0.11530305 0.33797634 -0.32303131
v 0.41882974 -0.05882639 -0.10763538
v -0.28886572 -0.26262906 0.19587767
v 0.20738658 -0.29480085 0.25714076
v -0.47393668 0.40933558 -0.21258532
v 0.46689647 -0.02873688 -0.26887307
v -0.24541353 -0.12895185 0.42560181
v -0.40708342 -0.17166114 -0.23370068
v 0.50236863 0.08250314 0.04830901
v -0.16038555 0.33282807 -0.43618640
v 0.11810308 0.07720195 -0.48881495
v -0.42260650 -0.13608526 0.24349020
v 0.23196040 -0.55635017 0.06649447
v -0.46396601 0.42563906 0.14022359
v -0.24810301 0.37810108 0.00503215
v 0.05381462 0.06687173 -0.49931380
v 0.00063161 -0.06435896 -0.52280217
v -0.24420089 -0.44500804 -0.00579204
v -0.21422072 0.49189943 0.05843364
v 0.30155224 -0.38569909 0.17443812
v -0.41005158 0.29860967 0.28925243
v -0.14945722 -0.54411441 -0.06245859
v 0.13498625 -0.07314862 -0.50061506
v -0.55974096 0.08213317 -0.15226214
v 0.15021344 0.39923415 0.26243910
v -0.00337054 -0.36362073 0.29293031
v 0.20177399 -0.05420818 0.40310568
v -0.37871012 0.42740130 0.05095206
v 0.22275141 0.43104565 0.38250387
v -0.09355400 0.36254981 0.13614191
v -0.24053437 -0.09128227 0.35871249
v 0.38170472 -0.22514883 -0.22026424
v 0.14103892 -0.02307756 0.52264810
v -0.27278265 0.55773407 0.06540780
v 0.15868618 0.38868231 0.52367449
v -0.26214969 0.53754604 -0.06228220
f 1672 1494 1828
f 1828 1494 1790
f 1532 1972 1685
f 1532 1685 1600
f 1950 212 1532
f 1950 1532 1600
f 1830 1683 1972
f 1683 1684 1972
f 1972 1790 1830
f 1790 1972 1532
f 1651 1017 336
f 1828 1790 212
f 1532 212 1790
f 984 1533 1017
f 1017 1533 321
f 1830 1394 1683
f 1897 1376 1651
f 1494 1830 1790
f 1896 1376 1882
f 1376 1896 1726
f 1376 984 1651
f 1376 1726 984
f 984 1017 1651
f 1388 543 1522
f 1388 1711 543
f 1279 1388 946
f 946 1388 1522
f 946 1522 252
f 1711 1685 1219
f 1685 1597 1219
f 1711 1600 1685
f 1600 1711 1388
f 1950 1600 1279
f 1279 1600 1388
f 869 410 835
f 869 1242 1047
f 869 835 1242
f 1972 1597 1685
f 1597 1972 1684
f 1567 869 1817
f 1017 869 1567
f 1817 869 566
f 869 321 890
f 1017 321 869
f 869 890 410
f 1683 1310 1684
f 1897 336 1139
f 830 1897 1139
f 830 1139 1926
f 1926 1567 506
f 1926 1139 1567
f 830 1926 1829
f 336 1017 1139
f 1139 1017 1567
f 1394 1850 1683
f 1850 1310 1683
f 1268 1897 830
f 1651 336 1897
f 1522 543 930
f 930 543 1205
f 543 1668 1205
f 543 990 1668
f 252 1522 1572
f 252 1572 250
f 1522 930 1572
f 983 1058 1130
f 1058 983 1770
f 1711 1219 990
f 1219 1787 990
f 543 1711 990
f 1081 1047 630
f 1081 630 288
f 1661 1081 288
f 1081 1661 223
f 288 1105 1661
f 1047 1458 1781
f 1047 1781 701
f 701 1781 1982
f 630 1047 701
f 1982 1058 701
f 288 701 1770
f 288 630 701
f 701 1058 1770
f 1219 1597 1798
f 1798 1787 1219
f 566 1495 301
f 566 301 1909
f 301 1495 1661
f 566 223 1495
f 869 223 566
f 223 1047 1081
f 223 869 1047
f 1495 223 1661
f 1242 1458 1047
f 1684 1824 1597
f 1798 1597 1824
f 506 1817 1909
f 506 1567 1817
f 1909 1817 566
f 1684 1310 1824
f 1158 830 1829
f 1442 1829 1926
f 1850 1233 1310
f 1618 1268 830
f 1618 830 1158
f 990 886 1668
f 1668 1715 1486
f 886 1715 1668
f 886 1481 1715
f 1486 1205 1668
f 193 287 944
f 1776 287 193
f 944 1285 193
f 1285 944 765
f 1776 193 367
f 1285 784 193
f 367 193 1616
f 764 193 784
f 1616 193 764
f 1130 896 1321
f 1986 1130 1321
f 983 1130 1986
f 1986 1321 862
f 983 1986 287
f 1400 1572 930
f 1400 250 1572
f 287 1986 944
f 1400 930 1205
f 1986 765 944
f 1400 1205 1486
f 862 765 1986
f 862 1466 765
f 1787 334 886
f 1787 1604 334
f 886 990 1787
f 1105 1776 1691
f 1105 1691 1441
f 1499 1776 367
f 1691 1776 1499
f 288 1770 1105
f 1105 983 1776
f 1105 1770 983
f 1776 983 287
f 1798 1604 1787
f 1798 1517 1604
f 641 1909 301
f 1441 1661 1105
f 641 1661 1441
f 641 301 1661
f 1824 1517 1798
f 1824 1713 1517
f 506 1442 1926
f 528 506 1909
f 506 1662 1442
f 506 528 1662
f 1442 1662 414
f 528 1909 641
f 1310 1713 1824
f 1872 1829 1442
f 1872 1158 1829
f 1872 1442 1079
f 1079 1442 414
f 1713 1310 1233
f 1618 1158 1872
f 1802 1618 1106
f 1618 1872 1106
f 886 334 1481
f 334 1444 1481
f 334 618 1444
f 899 367 1616
f 1499 367 899
f 334 1804 618
f 1350 899 877
f 1350 1499 899
f 1285 1438 784
f 784 1438 764
f 1616 764 682
f 1438 682 764
f 1400 1715 1481
f 1400 1486 1715
f 1438 694 682
f 682 694 899
f 682 899 1616
f 618 1481 1444
f 1848 1481 618
f 1848 1400 1481
f 694 877 899
f 1438 1285 765
f 1438 765 1466
f 1466 694 1438
f 1466 1031 694
f 611 1031 1466
f 1604 1804 334
f 1350 1691 1499
f 1350 1441 1691
f 1070 1604 1517
f 1604 1070 1804
f 1318 641 1441
f 1632 641 1318
f 641 1632 528
f 1318 1441 1350
f 1641 1517 1713
f 1517 1641 1070
f 1632 1662 528
f 1519 1662 1632
f 1519 414 1662
f 1641 1713 1981
f 1936 1872 1079
f 1725 1872 1936
f 1936 414 1519
f 1936 1079 414
f 1713 1233 1981
f 1546 1872 1725
f 1546 1106 1872
f 929 1672 1828
f 1518 1672 929
f 1918 1518 929
f 1528 212 1014
f 1014 212 1950
f 1758 1528 1014
f 1528 1828 212
f 929 1828 1528
f 984 1883 1533
f 1976 929 1528
f 984 1426 1883
f 984 1911 1426
f 1911 1718 1426
f 1758 1976 1528
f 1896 1911 1726
f 1896 1326 1911
f 1326 1896 1547
f 1911 984 1726
f 1918 929 1976
f 1911 1387 1718
f 1469 1918 1976
f 459 1469 1976
f 1504 1279 946
f 1504 946 1062
f 1062 946 252
f 1627 1504 1062
f 1627 1062 891
f 1504 1950 1279
f 1504 1014 1950
f 410 464 835
f 835 464 1242
f 119 1014 1504
f 119 1504 1627
f 119 1627 1747
f 321 464 890
f 890 464 410
f 1758 1014 119
f 1883 1757 1967
f 464 1883 1967
f 1650 1758 119
f 1650 119 1747
f 1533 464 321
f 1533 1883 464
f 1426 1757 1883
f 459 1976 1758
f 1718 1419 1426
f 1426 1524 1757
f 1426 1419 1524
f 1524 1457 1757
f 459 1758 1650
f 1387 1419 1718
f 1387 1165 1419
f 1387 1853 1165
f 1469 459 1971
f 1586 1469 1971
f 1062 252 21
f 252 250 849
f 21 252 849
f 619 21 916
f 916 21 849
f 1130 1188 896
f 1188 1130 1058
f 619 1062 21
f 619 891 1062
f 258 891 619
f 891 258 480
f 139 891 480
f 1781 1188 1982
f 1982 1188 1058
f 1781 1512 1188
f 1781 1915 1512
f 1578 1915 1781
f 1005 1627 891
f 1005 891 139
f 464 648 1242
f 1967 648 464
f 648 1578 1242
f 1242 1578 1458
f 1458 1578 1781
f 1747 1627 1005
f 1664 1747 1005
f 648 1385 1578
f 530 1747 1664
f 1757 1457 1967
f 1457 1385 1967
f 1967 1385 648
f 530 1650 1747
f 1805 1650 530
f 1524 1534 1457
f 1457 1534 1579
f 1805 459 1650
f 1971 459 1805
f 1165 1260 1419
f 1165 1995 1260
f 1419 1260 1524
f 1260 1221 1524
f 1221 1534 1524
f 1995 1221 1260
f 1853 1892 1165
f 1892 1995 1165
f 1812 1892 1853
f 1586 1971 1953
f 896 538 1321
f 970 1188 439
f 1188 970 896
f 970 538 896
f 1188 381 439
f 1400 849 250
f 916 849 1400
f 1198 619 916
f 439 1142 970
f 381 1142 439
f 1198 916 1400
f 970 1142 538
f 381 1189 1142
f 538 862 1321
f 538 1466 862
f 1142 1466 538
f 1142 611 1466
f 1189 373 1142
f 1198 258 619
f 480 258 1198
f 139 480 1208
f 1208 480 1198
f 139 1208 857
f 1512 381 1188
f 381 365 1189
f 1512 365 381
f 1512 428 365
f 1512 1614 428
f 857 1208 1198
f 428 1368 365
f 365 373 1189
f 1368 373 365
f 428 814 1368
f 751 139 857
f 160 139 751
f 160 751 1741
f 361 160 1741
f 1915 1890 1512
f 1890 1614 1512
f 160 1005 139
f 1664 1005 160
f 1915 1878 1890
f 1780 1664 160
f 1709 1664 1780
f 1578 552 1902
f 1385 552 1578
f 1578 1878 1915
f 1578 1902 1878
f 552 602 1902
f 1709 530 1664
f 1843 530 1709
f 1906 602 552
f 1385 1906 552
f 1457 1906 1385
f 1579 1906 1457
f 1579 1182 1906
f 1182 1628 1906
f 1843 1805 530
f 1637 1805 1843
f 1995 1534 1221
f 1534 1182 1579
f 1637 1971 1805
f 1995 1609 1534
f 1534 1855 1182
f 1609 1855 1534
f 1812 1609 1892
f 1953 1971 1637
f 1892 1609 1995
f 373 611 1142
f 611 1920 1031
f 1368 814 373
f 1614 814 428
f 1614 559 814
f 751 1198 1400
f 751 857 1198
f 559 985 814
f 761 361 1741
f 814 985 373
f 1848 751 1400
f 761 751 1848
f 761 1741 751
f 373 985 611
f 559 1386 985
f 985 1920 611
f 985 1386 1920
f 1780 160 361
f 23 361 761
f 23 1780 361
f 559 1391 965
f 559 965 1386
f 1658 1780 23
f 1280 23 761
f 1890 559 1614
f 1890 1842 559
f 1878 1842 1890
f 1878 1862 1842
f 1902 1862 1878
f 559 1842 1391
f 1709 1780 1658
f 1902 1990 1862
f 602 1990 1902
f 1686 1990 602
f 122 1686 602
f 122 839 1686
f 1733 1709 1658
f 1733 1843 1709
f 1906 122 602
f 1906 1628 122
f 1628 1249 122
f 1249 1464 122
f 122 1464 839
f 1820 1637 1843
f 1820 1843 1733
f 1182 1855 1249
f 1182 1249 1628
f 1609 59 1855
f 1949 1637 1820
f 1609 1462 59
f 1609 1516 1462
f 1953 1637 1949
f 1905 1749 1988
f 1929 1749 1905
f 1455 1928 1749
f 1455 1749 1929
f 1263 1455 1929
f 1086 1455 1263
f 1988 1849 1494
f 1494 1849 1830
f 1905 1988 1494
f 1905 1494 1672
f 1262 1704 1896
f 1988 1445 1849
f 1749 1445 1988
f 1827 352 800
f 1827 800 1705
f 1262 416 1704
f 352 416 1262
f 1245 416 352
f 1827 1245 352
f 1734 1707 1445
f 1749 1734 1445
f 1928 1734 1749
f 1854 327 650
f 383 1854 650
f 210 1854 383
f 716 832 1245
f 716 1576 832
f 716 953 1576
f 650 1245 1827
f 327 1245 650
f 327 238 1245
f 238 716 1245
f 1696 205 1734
f 1734 205 1707
f 1784 1734 1928
f 1784 1696 1734
f 1360 1928 1455
f 1360 226 1928
f 226 1784 1928
f 1415 327 1854
f 1154 210 383
f 210 1415 1854
f 514 327 1415
f 514 238 327
f 1086 1608 1455
f 1608 1360 1455
f 953 213 1576
f 1328 1576 213
f 213 275 1328
f 1164 953 716
f 1164 238 514
f 1164 716 238
f 874 275 213
f 1969 1696 1784
f 683 226 1360
f 226 1969 1784
f 683 1969 226
f 1360 1471 683
f 1608 1471 1360
f 1508 178 1394
f 1849 1394 1830
f 1849 1508 1394
f 1761 1705 1882
f 1761 1882 1897
f 1897 1882 1376
f 1509 1761 1897
f 352 1882 800
f 800 1882 1705
f 352 1262 1896
f 1882 352 1896
f 1445 1508 1849
f 1707 1324 1508
f 1707 1508 1445
f 1564 1509 384
f 1827 1705 1761
f 1509 1827 1761
f 733 1827 1509
f 733 1509 1564
f 1707 1839 1324
f 1839 1349 1324
f 665 1488 1822
f 727 665 1822
f 1676 383 650
f 454 383 1676
f 454 247 383
f 1676 1827 733
f 1676 650 1827
f 1822 1676 733
f 1488 1676 1822
f 1488 1281 1676
f 1335 1756 1839
f 205 1839 1707
f 1335 1839 205
f 1216 665 727
f 1283 454 1676
f 684 247 454
f 1124 247 684
f 1281 1283 1676
f 1281 237 1283
f 237 454 1283
f 684 454 237
f 1488 15 1281
f 579 1281 15
f 579 237 1281
f 1645 684 237
f 1645 237 579
f 1167 1488 665
f 1167 15 1488
f 705 15 1167
f 705 579 15
f 705 1645 579
f 247 1154 383
f 1191 210 1154
f 1415 210 1191
f 1124 1154 247
f 1191 1154 1124
f 514 1415 1191
f 1645 1124 684
f 1645 1191 1124
f 1186 514 1191
f 1363 1191 1645
f 1186 1191 1363
f 1363 1645 1459
f 874 213 953
f 874 953 1164
f 524 874 1164
f 524 1384 874
f 1161 514 1186
f 1161 1164 514
f 524 1164 1161
f 1161 1166 524
f 1335 657 1756
f 1696 1574 205
f 1574 1335 205
f 1574 657 1335
f 1969 1574 1696
f 1969 1075 1574
f 345 1075 1969
f 683 345 1969
f 841 1395 345
f 1471 841 683
f 683 841 345
f 178 1850 1394
f 178 1633 1850
f 384 1509 1897
f 384 1897 1268
f 1340 384 1268
f 178 1922 1633
f 1324 178 1508
f 1324 1922 178
f 733 1564 1340
f 1835 733 1340
f 1340 1564 384
f 1349 1910 1922
f 1349 1922 1324
f 422 1822 733
f 422 1078 1822
f 1044 733 1835
f 1825 733 1044
f 1825 422 733
f 1689 1825 1044
f 1720 1689 1044
f 1078 727 1822
f 1349 966 1910
f 1839 1756 1349
f 1756 966 1349
f 1756 719 966
f 1213 1825 1689
f 1167 665 1216
f 1078 1216 727
f 793 1216 1078
f 422 793 1078
f 1185 1216 793
f 1167 1216 1185
f 1185 793 422
f 1554 1167 1185
f 947 1167 1554
f 1213 422 1825
f 1185 422 1213
f 1554 1934 947
f 1554 1185 1213
f 742 1645 705
f 947 705 1167
f 1592 705 947
f 1592 742 705
f 643 947 1934
f 643 1592 947
f 1459 1645 742
f 1459 742 1592
f 1374 1363 1459
f 1186 1363 1374
f 1374 1459 1592
f 1374 1592 643
f 1037 1166 1161
f 1034 1186 1374
f 1034 1161 1186
f 1037 1161 1034
f 657 1380 1756
f 1756 1380 719
f 1574 1748 657
f 1748 1380 657
f 1748 1708 1380
f 1574 1075 1748
f 1075 412 1748
f 345 1395 1075
f 1395 412 1075
f 841 1803 1395
f 1803 1859 1395
f 1633 1690 1850
f 1690 1233 1850
f 1268 1802 1340
f 1802 1268 1618
f 1440 1340 1802
f 1276 1440 1802
f 1922 1601 1633
f 1601 1690 1633
f 1835 1340 1440
f 1835 1440 1276
f 1910 1601 1922
f 1549 1601 1910
f 1831 1720 1044
f 1127 1720 1831
f 1044 1835 1284
f 966 1549 1910
f 966 1501 1549
f 1501 1059 1549
f 888 1689 1720
f 888 1199 1689
f 1199 1213 1689
f 672 888 1720
f 1199 888 1117
f 1127 672 1720
f 1117 888 672
f 954 672 1127
f 1117 672 954
f 85 1127 1831
f 954 1127 85
f 1141 1213 1199
f 1141 1554 1213
f 1141 1934 1554
f 1141 1199 1117
f 1640 1117 954
f 1640 1141 1117
f 1561 1141 1640
f 1561 1934 1141
f 1561 643 1934
f 1630 643 1561
f 1732 1630 1561
f 1630 1374 643
f 1034 1374 1630
f 1034 1630 1555
f 1034 1555 1903
f 1903 1037 1034
f 1979 992 1859
f 1979 186 992
f 1859 1104 554
f 992 1104 1859
f 719 1501 966
f 1380 1899 719
f 719 1899 1501
f 1899 1383 1501
f 1708 1899 1380
f 276 1960 1708
f 1708 1960 1899
f 412 276 1748
f 1708 1748 276
f 412 256 276
f 1395 1859 412
f 1859 256 412
f 1859 1072 256
f 1859 554 1072
f 1803 1979 1859
f 225 99 1938
f 228 497 326
f 497 668 392
f 326 497 392
f 664 279 728
f 664 872 279
f 668 728 392
f 668 664 728
f 497 483 668
f 228 483 497
f 392 728 279
f 872 75 279
f 483 664 668
f 32 279 403
f 32 392 279
f 32 326 392
f 403 279 75
f 75 654 403
f 872 767 75
f 664 767 872
f 654 179 403
f 125 225 179
f 654 125 179
f 75 125 654
f 75 767 125
f 483 767 664
f 403 179 225
f 125 99 225
f 483 1750 767
f 645 317 856
f 471 457 408
f 100 408 317
f 100 471 408
f 645 100 317
f 408 285 2000
f 408 457 285
f 24 103 2000
f 285 24 2000
f 322 350 103
f 24 322 103
f 100 510 471
f 645 510 100
f 408 2000 1701
f 856 408 1701
f 856 317 408
f 2000 103 326
f 350 326 103
f 350 228 326
f 350 196 228
f 322 196 350
f 24 196 322
f 24 114 196
f 285 114 24
f 457 114 285
f 471 114 457
f 471 510 114
f 196 483 228
f 2000 326 1097
f 2000 1097 1701
f 326 32 1097
f 510 1230 114
f 1919 1701 1097
f 196 1750 483
f 114 1750 196
f 114 831 1750
f 114 1230 831
f 510 299 1230
f 1276 1802 1106
f 1276 1106 1048
f 1420 1048 1106
f 1284 1276 1048
f 1284 1835 1276
f 1549 1667 1601
f 117 1774 1955
f 868 117 1955
f 1955 1044 1284
f 1955 1831 1044
f 1774 1831 1955
f 1888 1555 1178
f 518 1903 815
f 815 1903 1888
f 1192 518 815
f 342 815 1888
f 1192 815 342
f 1059 1667 1549
f 1059 1115 1667
f 1774 85 1831
f 1974 954 85
f 1974 85 1774
f 1974 1774 117
f 614 1974 117
f 614 117 868
f 470 614 868
f 1640 954 1974
f 1965 1640 1974
f 1965 1974 614
f 1732 1561 1640
f 1732 1640 1965
f 1703 1732 1965
f 1555 1630 1732
f 1555 1732 1703
f 554 432 1072
f 1072 715 1520
f 432 923 1072
f 1072 1282 715
f 923 1282 1072
f 432 67 923
f 432 498 67
f 1178 1555 1703
f 498 1068 67
f 992 186 140
f 186 335 140
f 186 1477 335
f 1903 1555 1888
f 992 713 1104
f 140 713 992
f 535 335 1477
f 357 535 1477
f 763 713 140
f 763 140 335
f 535 763 335
f 1104 432 554
f 1104 265 432
f 1104 1248 265
f 713 1248 1104
f 265 498 432
f 1248 308 265
f 265 105 498
f 1383 1059 1501
f 1383 1964 1059
f 1964 1115 1059
f 1899 836 1383
f 836 1964 1383
f 836 1702 1964
f 276 940 1960
f 1960 836 1899
f 1960 940 836
f 256 940 276
f 256 1520 940
f 1520 715 940
f 256 1072 1520
f 332 1652 1100
f 332 208 1396
f 332 1100 208
f 1100 1652 820
f 1652 811 820
f 1919 1097 1431
f 1431 1097 1560
f 1919 1431 926
f 1097 1652 1560
f 926 1431 277
f 1652 332 1560
f 235 535 357
f 277 763 535
f 235 277 535
f 277 1118 763
f 1431 1560 1118
f 277 1431 1118
f 1118 1248 713
f 1118 308 1248
f 763 1118 713
f 1118 1396 308
f 1560 1396 1118
f 1560 332 1396
f 308 105 265
f 1396 105 308
f 105 1068 498
f 1396 1068 105
f 1396 208 1068
f 875 1463 823
f 404 823 1463
f 823 404 591
f 99 440 1938
f 99 156 440
f 440 156 191
f 156 104 191
f 99 104 156
f 440 42 982
f 42 440 191
f 191 82 42
f 104 82 191
f 82 1111 42
f 82 312 1111
f 82 176 312
f 104 176 82
f 42 1111 1240
f 312 1240 1111
f 312 153 1240
f 176 153 312
f 1365 42 1240
f 153 339 1240
f 153 200 339
f 153 1636 200
f 176 1636 153
f 1365 339 68
f 1365 1240 339
f 200 68 339
f 200 168 68
f 1636 168 200
f 168 90 68
f 168 175 90
f 168 778 175
f 1636 778 168
f 403 982 32
f 982 225 1938
f 982 403 225
f 1750 1580 767
f 32 982 1652
f 982 1938 440
f 125 104 99
f 767 104 125
f 767 1580 104
f 982 42 1365
f 1580 1952 104
f 1580 482 1952
f 982 811 1652
f 811 982 1365
f 104 1490 176
f 1952 1490 104
f 1490 1636 176
f 1952 482 187
f 187 1590 1952
f 1952 1046 1490
f 1046 1952 1590
f 1097 32 1652
f 299 52 1230
f 299 1483 52
f 831 52 1157
f 831 1230 52
f 52 1483 1275
f 1750 812 1580
f 831 812 1750
f 831 1157 812
f 1553 1275 1463
f 1553 52 1275
f 1157 52 1553
f 812 1157 1553
f 812 482 1580
f 1463 1052 404
f 1052 1463 1275
f 812 1553 187
f 812 187 482
f 64 1463 1085
f 1553 1463 64
f 187 1553 64
f 1085 1463 875
f 1690 1786 1233
f 1981 1233 1786
f 147 1420 1106
f 1546 147 1106
f 1601 1043 1690
f 1690 1043 1786
f 1284 1048 1420
f 1852 1420 147
f 1852 1284 1420
f 1852 147 783
f 1667 1043 1601
f 1667 1379 1043
f 871 868 1955
f 1200 1955 1284
f 1717 1955 1200
f 1717 871 1955
f 1200 1284 1852
f 220 1717 1200
f 770 1888 1178
f 1224 770 1178
f 1224 1178 456
f 246 1224 456
f 342 1888 755
f 755 1888 770
f 1788 1192 342
f 255 342 755
f 255 1788 342
f 316 755 770
f 255 755 316
f 316 770 421
f 1542 255 316
f 421 770 1224
f 756 1224 246
f 756 421 1224
f 1115 1379 1667
f 1082 871 1717
f 1054 1082 1717
f 1115 1209 1379
f 1054 1717 220
f 693 1054 220
f 470 868 871
f 83 614 470
f 1082 470 871
f 83 470 1821
f 1821 1082 928
f 1821 470 1082
f 928 1082 1054
f 928 1054 693
f 83 1965 614
f 1473 83 1821
f 1868 83 1473
f 1965 83 1703
f 715 330 1265
f 1868 1703 83
f 330 488 1265
f 901 1703 1868
f 488 1151 1265
f 1282 330 715
f 923 511 1282
f 67 511 923
f 67 522 511
f 1282 468 330
f 511 468 1282
f 511 460 468
f 330 1505 488
f 468 1505 330
f 468 188 1505
f 460 188 468
f 1505 144 488
f 188 144 1505
f 188 558 144
f 456 1703 901
f 456 1178 1703
f 144 1151 488
f 144 309 1151
f 558 309 144
f 558 183 309
f 631 1192 1788
f 207 631 1788
f 207 1788 255
f 627 1907 1179
f 1542 207 255
f 1312 207 1542
f 1312 96 207
f 1312 165 96
f 1179 165 1312
f 1799 1179 1312
f 1799 627 1179
f 1799 1312 485
f 421 1542 316
f 756 1542 421
f 413 1312 1542
f 485 1312 413
f 588 1799 485
f 413 1542 756
f 298 485 413
f 588 485 298
f 981 756 246
f 905 413 756
f 65 413 905
f 298 413 65
f 484 588 298
f 283 588 484
f 1964 1634 1115
f 1634 1209 1115
f 1702 1634 1964
f 1702 1775 1634
f 1702 883 1775
f 940 1702 836
f 940 1536 1702
f 883 1702 1536
f 715 1265 940
f 940 1265 1536
f 1068 522 67
f 208 522 1068
f 1100 820 208
f 522 460 511
f 522 958 460
f 208 958 522
f 820 958 208
f 811 1730 820
f 820 448 958
f 820 1730 448
f 958 188 460
f 958 1159 188
f 958 448 1159
f 1730 811 1109
f 129 1064 39
f 1159 558 188
f 448 558 1159
f 448 1194 558
f 1194 448 1730
f 129 39 845
f 1923 1730 1109
f 1730 1923 1194
f 1194 183 558
f 1194 1461 183
f 1194 1923 1461
f 129 845 1217
f 823 145 1962
f 1085 875 1064
f 115 1962 450
f 1962 201 450
f 823 115 875
f 115 823 1962
f 1064 875 1084
f 875 1297 1084
f 115 1297 875
f 1064 1084 39
f 1799 450 627
f 1297 450 1799
f 1297 115 450
f 491 1297 1799
f 1084 245 39
f 1084 491 245
f 1297 491 1084
f 723 491 588
f 491 1799 588
f 245 845 39
f 588 283 723
f 245 491 723
f 233 723 1347
f 245 233 845
f 233 245 723
f 573 1093 1365
f 573 1365 68
f 573 68 90
f 175 573 90
f 175 319 573
f 175 458 319
f 778 458 175
f 1636 759 778
f 1109 811 1365
f 1109 1365 1093
f 573 925 1093
f 319 925 573
f 458 925 319
f 458 55 925
f 778 55 458
f 925 503 1093
f 925 333 503
f 55 333 925
f 759 55 778
f 503 1313 1093
f 503 760 1313
f 333 760 503
f 55 760 333
f 759 1042 55
f 760 224 1313
f 799 1093 1313
f 1093 799 1109
f 363 1313 194
f 1313 363 799
f 224 194 1313
f 224 584 194
f 760 584 224
f 55 584 760
f 55 1342 584
f 1042 1342 55
f 1109 1475 1923
f 1109 799 1475
f 194 19 363
f 584 19 194
f 584 1002 19
f 1342 1002 584
f 19 272 363
f 19 1002 272
f 1590 187 64
f 1490 759 1636
f 1590 189 1046
f 1046 189 1490
f 64 879 1590
f 189 1590 879
f 189 759 1490
f 189 1049 759
f 129 879 1064
f 1049 129 795
f 1049 879 129
f 1049 189 879
f 1049 1042 759
f 795 129 1570
f 397 1049 795
f 1042 1049 397
f 397 795 1201
f 1342 397 1201
f 1342 1042 397
f 1085 879 64
f 879 1085 1064
f 1929 1905 1743
f 1030 1929 1743
f 1030 1743 17
f 1263 1929 1030
f 1429 1263 1030
f 1429 87 1263
f 87 1086 1263
f 1743 1905 1672
f 1743 1672 1518
f 1704 1547 1896
f 17 1743 1518
f 1900 17 1518
f 1918 1900 1518
f 416 1547 1704
f 1245 1547 416
f 1547 1669 1326
f 1933 1030 17
f 1900 1933 17
f 1576 1328 832
f 1328 957 832
f 832 1811 1245
f 1811 821 1245
f 957 1811 832
f 821 1547 1245
f 821 1669 1547
f 821 1114 1669
f 821 963 1114
f 1030 1714 1429
f 1714 1030 1933
f 1425 1714 1933
f 275 957 1328
f 275 785 957
f 785 275 874
f 785 1837 957
f 1837 1811 957
f 1837 837 1811
f 1131 87 1429
f 1584 1131 1429
f 837 821 1811
f 517 963 821
f 1584 1429 1714
f 1666 1584 1714
f 1666 1714 1425
f 1660 1666 1425
f 87 1367 1086
f 1086 1367 1608
f 1131 1367 87
f 1367 1471 1608
f 1367 1754 1471
f 1131 1754 1367
f 1584 1978 1131
f 1131 1978 1754
f 1666 1333 1584
f 1326 1348 1911
f 1326 1913 1348
f 1913 1737 1348
f 1348 1387 1911
f 1348 1737 1387
f 1737 1653 1387
f 1469 1900 1918
f 1469 1863 1900
f 1669 1913 1326
f 1669 1737 1913
f 1568 1933 1900
f 1568 1900 1863
f 1669 601 1737
f 601 979 1737
f 963 1238 1114
f 963 578 1238
f 963 343 578
f 1238 1985 1114
f 1406 1985 1238
f 1406 560 1985
f 1300 1425 1933
f 1300 1933 1568
f 1114 601 1669
f 1985 601 1114
f 1985 1334 601
f 1334 260 601
f 1334 1129 260
f 1875 1300 1568
f 1875 93 1300
f 1160 837 1837
f 1384 785 874
f 1837 785 1384
f 1160 1837 1384
f 1166 1384 524
f 1785 1384 1166
f 1785 1160 1384
f 343 881 578
f 517 821 837
f 1160 517 837
f 517 1274 963
f 1274 343 963
f 1274 517 1160
f 881 343 1274
f 786 881 1274
f 1274 1160 1785
f 578 318 1238
f 906 318 578
f 881 906 578
f 318 1406 1238
f 318 130 1406
f 786 906 881
f 130 906 786
f 130 318 906
f 560 1406 130
f 1468 560 130
f 174 560 1468
f 560 174 1985
f 1468 130 505
f 505 130 786
f 1121 174 1468
f 1121 1468 505
f 1921 1660 1425
f 1921 1425 1300
f 174 1334 1985
f 1334 351 1129
f 351 1334 174
f 93 1921 1300
f 93 769 1921
f 1754 841 1471
f 1754 1992 841
f 1584 1333 1978
f 1978 1992 1754
f 1978 542 1992
f 1333 542 1978
f 1660 465 1666
f 1666 465 1333
f 465 1382 1333
f 1333 1382 542
f 1921 1874 1660
f 1660 1874 465
f 769 1874 1921
f 1874 1382 465
f 1653 1853 1387
f 1451 1853 1653
f 1451 802 1853
f 1916 1469 1586
f 1916 1863 1469
f 1737 1451 1653
f 1737 979 1451
f 735 1863 1916
f 735 1568 1863
f 1875 1568 735
f 979 802 1451
f 1129 1206 260
f 1206 847 260
f 1857 847 1206
f 1740 1875 735
f 1740 1769 1875
f 1785 1166 1037
f 1016 1274 1785
f 786 1274 1016
f 1582 786 1016
f 1582 505 786
f 586 505 1582
f 586 1121 505
f 590 1121 586
f 351 1710 1129
f 351 174 1121
f 1710 1173 1129
f 590 351 1121
f 1710 351 590
f 1173 1206 1129
f 1173 666 1206
f 259 1710 590
f 1173 1710 259
f 1465 1173 259
f 1173 1465 666
f 1465 1010 666
f 259 590 586
f 1055 259 586
f 1465 259 1055
f 698 1010 1465
f 1769 93 1875
f 1479 769 93
f 1769 1479 93
f 666 1857 1206
f 1857 666 1010
f 1879 1479 1769
f 847 1857 910
f 1010 910 1857
f 910 1010 698
f 66 1769 1740
f 1879 1769 66
f 1992 1803 841
f 1992 1655 1803
f 1229 1655 1992
f 1992 542 1229
f 1382 1229 542
f 1382 986 1229
f 1382 1793 986
f 1874 1793 1382
f 769 1793 1874
f 769 1643 1793
f 1479 1643 769
f 1479 1879 1643
f 802 1812 1853
f 802 1529 1812
f 1529 1170 1812
f 1421 1586 1953
f 1421 1916 1586
f 979 1529 802
f 979 1170 1529
f 979 1644 1170
f 601 1644 979
f 1644 1914 1170
f 735 1916 1421
f 1956 735 1421
f 260 593 601
f 847 593 260
f 601 1101 1644
f 601 688 1101
f 593 688 601
f 688 368 1101
f 368 853 1101
f 1956 1740 735
f 1523 1740 1956
f 1773 1740 1523
f 1944 1785 1037
f 1944 1037 1903
f 1979 1460 186
f 1979 215 1460
f 1251 1016 1785
f 1251 1582 1016
f 1251 1785 1944
f 1055 586 768
f 768 586 1582
f 768 1582 1251
f 1366 768 1251
f 1366 1251 1135
f 698 1465 1055
f 1452 698 1055
f 1452 1055 768
f 157 698 1452
f 870 157 1452
f 737 1452 768
f 737 870 1452
f 593 847 910
f 157 910 698
f 391 593 910
f 391 910 157
f 391 688 593
f 391 487 688
f 870 391 157
f 688 487 368
f 487 391 870
f 487 248 368
f 487 870 724
f 726 248 487
f 726 487 724
f 1454 1879 66
f 1773 66 1740
f 1454 66 1773
f 1809 1454 1773
f 1655 1979 1803
f 1655 215 1979
f 1655 1057 215
f 1655 747 1057
f 1229 986 1655
f 986 747 1655
f 986 1417 747
f 1643 1174 1793
f 1793 1174 986
f 1174 1417 986
f 1879 1729 1643
f 1643 1729 1174
f 1879 1454 1729
f 1226 1729 1454
f 6 645 856
f 155 6 856
f 489 642 297
f 219 489 297
f 749 6 155
f 738 155 642
f 738 749 155
f 489 738 642
f 642 155 297
f 1998 297 146
f 1998 219 297
f 796 1998 146
f 199 146 935
f 199 796 146
f 6 510 645
f 6 382 510
f 749 382 6
f 738 382 749
f 1870 1998 796
f 199 1870 796
f 297 856 1701
f 297 155 856
f 489 382 738
f 489 151 382
f 219 151 489
f 1998 151 219
f 1870 151 1998
f 297 1701 1983
f 1870 1015 151
f 199 1015 1870
f 1983 146 297
f 935 146 1983
f 382 299 510
f 1983 1701 1919
f 151 299 382
f 151 1427 299
f 151 1015 1427
f 261 199 935
f 725 261 935
f 519 261 725
f 43 519 725
f 1526 725 935
f 43 725 1526
f 124 43 1526
f 261 1015 199
f 519 1015 261
f 102 124 1526
f 519 152 1015
f 43 152 519
f 124 152 43
f 102 152 124
f 429 935 1983
f 429 1526 935
f 1480 102 1526
f 1480 817 102
f 9 817 1480
f 102 1589 152
f 817 1589 102
f 1480 1526 429
f 314 9 1480
f 314 1480 495
f 817 861 1589
f 9 861 817
f 314 861 9
f 227 1480 429
f 314 195 861
f 495 195 314
f 495 268 195
f 1170 1609 1812
f 1170 1914 1609
f 1914 1619 1609
f 1619 1411 1609
f 1644 1619 1914
f 1644 1411 1619
f 1375 1944 518
f 1375 518 1476
f 1476 518 1192
f 1344 1135 1375
f 853 691 1101
f 691 943 1101
f 691 395 943
f 518 1944 1903
f 1057 1134 215
f 1460 1477 186
f 1460 819 1477
f 1460 827 819
f 1460 1020 827
f 215 1020 1460
f 215 673 1020
f 1134 673 215
f 357 1477 819
f 827 357 819
f 386 827 1020
f 420 386 1020
f 673 420 1020
f 386 357 827
f 673 696 420
f 1134 696 673
f 1134 597 696
f 572 597 1134
f 658 597 572
f 1135 1251 1944
f 747 936 1057
f 936 211 1057
f 936 1731 211
f 1135 1944 1375
f 1057 572 1134
f 1057 211 572
f 572 375 658
f 211 375 572
f 211 917 375
f 1731 917 211
f 1731 1239 917
f 917 127 375
f 375 655 658
f 1866 1135 1344
f 917 622 127
f 917 1994 622
f 1239 1994 917
f 127 1336 375
f 622 1336 127
f 1764 1366 1135
f 1866 1764 1135
f 737 768 1366
f 1339 1366 1764
f 1339 737 1366
f 248 853 368
f 248 229 853
f 229 248 726
f 724 870 737
f 1259 726 724
f 402 726 1259
f 726 402 229
f 1259 724 737
f 1314 402 1259
f 1259 737 1339
f 402 1314 395
f 1314 1259 1339
f 1314 1204 395
f 1204 1314 1176
f 229 691 853
f 229 402 691
f 402 395 691
f 1654 1773 1523
f 1654 1809 1773
f 1041 1809 1654
f 1204 943 395
f 18 1919 499
f 18 1983 1919
f 596 1919 926
f 499 1919 596
f 235 357 386
f 1719 235 386
f 926 277 235
f 596 926 235
f 596 235 1719
f 499 596 1719
f 1871 18 499
f 60 18 1871
f 1719 386 420
f 1719 420 696
f 1719 696 597
f 1871 1719 597
f 1871 499 1719
f 655 597 658
f 1871 597 655
f 97 1871 655
f 404 582 591
f 823 591 145
f 591 582 1353
f 582 1851 1353
f 582 766 1851
f 1826 18 60
f 1826 60 708
f 97 655 375
f 708 1871 97
f 708 60 1871
f 1826 708 1092
f 97 375 1336
f 708 97 1025
f 1417 936 747
f 1417 1731 936
f 1417 545 1731
f 1731 545 1239
f 1174 545 1417
f 1174 1746 545
f 1746 1583 545
f 1729 1746 1174
f 1729 1226 1746
f 1226 826 1746
f 1226 1454 1809
f 1809 826 1226
f 1809 1041 826
f 18 429 1983
f 1427 919 299
f 299 919 1483
f 565 2 1427
f 1483 110 1275
f 1483 919 110
f 1427 231 919
f 1427 2 231
f 1275 110 1052
f 919 231 110
f 231 1021 110
f 110 1021 1052
f 2 1021 231
f 1021 306 1053
f 2 306 1021
f 565 306 2
f 1052 582 404
f 1021 582 1052
f 582 430 5
f 1021 430 582
f 1053 430 1021
f 227 495 1480
f 152 1427 1015
f 152 565 1427
f 1589 565 152
f 1589 861 565
f 429 18 1826
f 227 429 1826
f 861 1309 565
f 195 1309 861
f 195 26 1309
f 516 227 1826
f 1309 1409 565
f 565 1409 306
f 1309 453 1409
f 306 1409 1053
f 1053 1172 430
f 1409 1172 1053
f 1409 453 1172
f 1291 495 227
f 1291 268 495
f 1291 960 268
f 960 195 268
f 960 721 195
f 721 960 1291
f 10 1291 227
f 289 1291 10
f 289 721 1291
f 721 26 195
f 1293 289 10
f 1293 209 289
f 289 26 721
f 289 209 26
f 516 10 227
f 604 1293 10
f 209 1264 26
f 209 476 1264
f 476 1293 604
f 476 209 1293
f 476 604 305
f 305 10 516
f 305 604 10
f 1264 1309 26
f 476 998 1264
f 998 476 305
f 998 305 776
f 1128 305 516
f 776 305 1128
f 1264 736 1309
f 998 736 1264
f 349 998 776
f 575 776 1128
f 998 349 736
f 349 776 575
f 1411 1516 1609
f 1411 30 1516
f 932 1421 1953
f 932 1953 1949
f 1411 46 30
f 1644 1945 1411
f 1945 1626 1411
f 1411 1626 46
f 80 1421 932
f 80 1956 1421
f 244 1476 1192
f 550 1375 1476
f 1344 1375 550
f 98 1476 244
f 550 1476 98
f 98 244 803
f 1294 550 98
f 441 550 1294
f 441 1344 550
f 1416 441 1294
f 1416 1537 441
f 263 1537 1416
f 1537 263 801
f 931 1866 1344
f 1537 1344 441
f 931 1344 1537
f 801 931 1537
f 1101 1945 1644
f 943 1945 1101
f 943 1807 1945
f 943 989 1807
f 1099 989 943
f 989 818 1807
f 80 1523 1956
f 286 1523 80
f 1654 1523 286
f 631 244 1192
f 631 803 244
f 207 603 631
f 603 803 631
f 96 603 207
f 96 892 603
f 892 803 603
f 892 96 165
f 165 1190 892
f 1179 1190 165
f 1907 1190 1179
f 1907 424 1190
f 627 424 1907
f 803 854 98
f 854 1294 98
f 892 854 803
f 1190 624 892
f 424 624 1190
f 892 624 854
f 854 1416 1294
f 624 512 854
f 424 621 624
f 969 854 512
f 969 1416 854
f 624 1687 512
f 621 1687 624
f 969 263 1416
f 512 652 969
f 1687 652 512
f 621 461 1687
f 1239 1023 1994
f 1138 622 1994
f 1023 1138 1994
f 1138 595 622
f 1023 720 1138
f 1023 22 720
f 595 1138 720
f 720 435 689
f 22 435 720
f 689 595 720
f 435 112 689
f 435 722 112
f 22 722 435
f 22 264 722
f 112 722 264
f 22 1231 264
f 264 1231 217
f 217 112 264
f 1096 112 217
f 217 553 16
f 1231 553 217
f 1096 217 16
f 1239 22 1023
f 1050 1339 1764
f 1050 1764 1866
f 22 1345 1231
f 1545 1050 1866
f 1545 1866 931
f 1548 1050 1545
f 446 1050 1548
f 1176 1314 1339
f 1176 1339 1050
f 446 1176 1050
f 1410 1176 446
f 914 1410 446
f 661 914 446
f 1204 1099 943
f 1410 1204 1176
f 1204 1410 1099
f 1594 1041 1654
f 989 1099 914
f 1410 914 1099
f 1594 1654 1562
f 914 613 989
f 989 613 818
f 613 914 661
f 286 1562 1654
f 1962 145 201
f 591 1353 145
f 450 1255 627
f 201 1255 450
f 145 1353 201
f 1255 424 627
f 201 1332 1255
f 1353 1332 201
f 1851 1332 1353
f 1851 717 1332
f 766 717 1851
f 5 717 766
f 1255 1332 424
f 5 1556 717
f 1332 621 424
f 1332 57 621
f 717 57 1332
f 57 1511 621
f 57 1090 1511
f 57 967 1090
f 717 967 57
f 690 967 717
f 1511 461 621
f 1090 903 1511
f 77 1336 622
f 77 97 1336
f 1025 97 77
f 1092 708 1025
f 1035 1826 1092
f 77 622 595
f 76 77 595
f 1187 77 76
f 1187 1025 77
f 1187 1092 1025
f 234 1092 1187
f 1035 1092 234
f 76 595 689
f 76 689 112
f 234 1187 76
f 1556 690 717
f 1152 234 76
f 1152 1035 234
f 1096 76 112
f 1152 76 1096
f 1880 1152 1500
f 1880 1035 1152
f 1500 1152 1096
f 545 22 1239
f 545 1345 22
f 545 1583 1345
f 1583 908 1345
f 1583 599 908
f 1591 599 1583
f 826 1813 1746
f 1746 1591 1583
f 1813 1591 1746
f 1041 1594 826
f 826 1594 1813
f 1594 1712 1813
f 5 766 582
f 430 1556 5
f 1035 516 1826
f 453 948 1172
f 1309 948 453
f 1172 1556 430
f 1309 882 948
f 1172 1073 1556
f 948 882 1172
f 1556 1073 690
f 1172 882 1073
f 882 978 1073
f 882 1373 978
f 1073 978 1307
f 1073 13 690
f 1073 1307 13
f 1373 1610 978
f 1373 878 1610
f 1128 516 568
f 433 575 1128
f 349 266 736
f 575 266 349
f 575 433 266
f 568 516 1035
f 33 433 1128
f 1287 433 33
f 433 1287 266
f 33 1128 568
f 445 1287 33
f 736 882 1309
f 266 1022 736
f 1287 1022 266
f 1287 445 1022
f 197 445 33
f 736 1022 882
f 445 101 1022
f 101 445 197
f 197 33 568
f 101 214 1022
f 214 101 197
f 568 1035 1880
f 1736 197 568
f 106 197 1736
f 106 214 197
f 882 878 1373
f 1022 878 882
f 214 294 1022
f 294 214 106
f 1736 568 1880
f 533 106 1736
f 1022 401 878
f 294 401 1022
f 401 106 533
f 401 294 106
f 852 401 533
f 1804 1155 618
f 1804 962 1155
f 877 1404 379
f 379 1350 877
f 379 1404 703
f 493 1155 962
f 493 962 1951
f 962 135 1951
f 493 618 1155
f 1848 618 493
f 694 1404 877
f 909 1848 493
f 1404 1235 338
f 1404 338 703
f 909 493 1951
f 1 1848 909
f 1235 700 338
f 703 338 700
f 1 909 1270
f 1235 634 700
f 1235 1474 634
f 694 1235 1404
f 1031 1235 694
f 1031 1607 1235
f 1607 1474 1235
f 1848 1 475
f 1841 1848 475
f 1607 824 1474
f 1607 310 824
f 1804 1036 962
f 1325 1350 379
f 1318 1350 1325
f 1133 1325 379
f 53 1325 1133
f 1325 53 1318
f 1070 1036 1804
f 1070 789 1036
f 1641 789 1070
f 1641 1753 789
f 1753 1641 1981
f 1753 1981 1987
f 1981 1123 1987
f 909 1951 135
f 909 135 1270
f 135 1 1270
f 135 181 1
f 1 181 1605
f 501 703 700
f 501 379 703
f 1474 1893 634
f 501 700 634
f 1474 346 1893
f 1893 501 634
f 3 1893 346
f 3 999 1893
f 999 501 1893
f 475 1 1605
f 3 346 1413
f 1322 475 359
f 1171 999 3
f 1168 475 1605
f 359 475 1168
f 181 1168 1605
f 824 346 1474
f 1322 1841 475
f 310 678 824
f 310 1089 678
f 824 1413 346
f 824 1095 1413
f 678 1095 824
f 1089 972 678
f 1856 1413 1095
f 1856 1095 678
f 972 1856 678
f 1856 3 1413
f 1171 3 1856
f 1076 1841 1322
f 1277 1841 1076
f 262 1856 972
f 1036 291 962
f 1864 291 1036
f 379 501 1133
f 962 291 135
f 1133 501 53
f 1738 53 501
f 1571 53 1738
f 1571 452 53
f 181 135 291
f 501 675 1738
f 675 501 999
f 1171 675 999
f 1808 1632 1318
f 646 1036 789
f 1036 646 1864
f 452 1318 53
f 1808 1318 452
f 1823 452 1571
f 1753 396 789
f 789 396 646
f 531 1519 1632
f 531 1632 1808
f 1692 1519 531
f 1936 11 1725
f 1987 1840 1753
f 1447 1936 1519
f 1447 1519 1692
f 11 1936 1447
f 996 1725 11
f 1725 996 1546
f 1723 1546 996
f 35 1322 359
f 35 359 1168
f 181 394 1168
f 35 1168 394
f 394 1593 35
f 496 1841 1277
f 915 1856 262
f 1076 1322 35
f 1593 1076 35
f 1076 1593 1277
f 1102 496 1277
f 1102 1277 1593
f 291 567 181
f 1864 567 291
f 1864 1657 567
f 1657 598 567
f 1794 675 1171
f 1794 1738 675
f 1794 1571 1738
f 567 394 181
f 598 394 567
f 1856 915 1171
f 1306 1171 915
f 1435 1171 1306
f 1435 1794 1171
f 794 1794 1435
f 1657 1864 646
f 646 1693 1657
f 1808 452 1823
f 1381 1808 1823
f 1794 1823 1571
f 1794 1381 1823
f 1957 1381 1794
f 1957 1358 1381
f 808 1794 794
f 242 1794 808
f 646 396 1693
f 396 159 1693
f 1381 531 1808
f 1358 531 1381
f 531 1358 1692
f 1753 1840 396
f 1447 1670 11
f 1565 1447 1692
f 1447 1565 1670
f 1961 1692 1358
f 1646 1692 1961
f 1565 1692 1646
f 490 1565 1646
f 1123 1834 1987
f 1834 1840 1987
f 996 1670 1723
f 1670 996 11
f 598 1593 394
f 598 1833 1593
f 1593 980 1102
f 1833 980 1593
f 1889 598 1657
f 1693 1889 1657
f 598 1889 1833
f 1682 1833 1889
f 1931 1794 242
f 1931 1957 1794
f 1414 1957 1931
f 1833 1858 980
f 1682 1858 1833
f 1693 1996 1889
f 159 1996 1693
f 1957 1961 1358
f 1646 1961 1957
f 1414 844 1957
f 1744 1957 844
f 1840 159 396
f 1840 1694 159
f 1694 1777 159
f 1766 1565 490
f 159 1777 1996
f 1966 1646 1957
f 1966 490 1646
f 1966 1766 490
f 472 1957 1744
f 472 1966 1957
f 1694 1840 1834
f 1834 1727 1694
f 1722 1670 1565
f 1510 1670 1722
f 1502 1565 1766
f 1502 1722 1565
f 1682 1698 1858
f 1682 1889 1996
f 1996 1557 1682
f 1557 1698 1682
f 1557 913 1698
f 1777 1557 1996
f 1942 1557 1777
f 644 1966 472
f 1557 71 913
f 1694 1970 1777
f 1727 1970 1694
f 1521 1722 1502
f 1970 1942 1777
f 1966 1502 1766
f 1521 1502 1966
f 644 1844 1966
f 254 1966 1844
f 71 1557 1942
f 1942 876 71
f 1877 876 1942
f 1920 1607 1031
f 1920 1611 1607
f 1611 310 1607
f 1280 761 1848
f 1386 771 1920
f 1386 325 771
f 674 1280 1848
f 14 674 1848
f 325 1223 771
f 771 1611 1920
f 771 536 1611
f 955 14 1848
f 1223 536 771
f 536 1003 1611
f 1223 810 536
f 955 1848 1019
f 1003 1007 1611
f 810 1003 536
f 965 325 1386
f 674 23 1280
f 965 1223 325
f 965 1304 1223
f 1947 1658 674
f 1658 23 674
f 1391 1304 965
f 1947 674 14
f 1304 810 1223
f 1418 1658 1947
f 1389 1418 1947
f 1842 1304 1391
f 1862 1304 1842
f 1862 1354 1304
f 1862 1437 1354
f 1990 1437 1862
f 1990 1341 1437
f 1733 1658 1418
f 1686 1341 1990
f 839 1341 1686
f 1681 1733 1418
f 1464 1341 839
f 1249 1940 1464
f 1464 1940 1341
f 1681 1820 1733
f 1894 1820 1681
f 1855 1940 1249
f 59 1940 1855
f 1894 1949 1820
f 1997 1949 1894
f 1019 1848 1841
f 1611 1089 310
f 1611 699 1089
f 1611 307 699
f 1611 149 307
f 451 149 1611
f 1432 1019 1841
f 451 1184 149
f 699 972 1089
f 971 307 149
f 1184 971 149
f 1006 971 1184
f 1432 1841 1323
f 307 436 699
f 971 436 307
f 262 972 699
f 436 262 699
f 1006 436 971
f 1007 451 1611
f 810 616 1003
f 810 1113 616
f 1007 805 451
f 1003 616 1007
f 616 805 1007
f 1113 637 616
f 616 271 805
f 911 955 1019
f 805 1184 451
f 271 1184 805
f 271 1006 1184
f 616 1132 271
f 637 1132 616
f 521 1947 14
f 1304 1113 810
f 521 14 955
f 1389 1947 521
f 911 521 955
f 1077 1389 521
f 1077 521 911
f 637 1595 1132
f 1595 1558 1132
f 1304 1354 1113
f 1354 637 1113
f 1354 1595 637
f 1437 1051 1354
f 1354 1051 1595
f 1595 1051 1558
f 1577 134 1051
f 1369 1418 1389
f 1437 1577 1051
f 1437 730 1577
f 1437 1968 730
f 1369 1681 1418
f 1940 1472 1341
f 1472 1968 1437
f 1341 1472 1437
f 1940 922 1472
f 1751 1681 1369
f 1751 1894 1681
f 378 1450 1940
f 1940 1450 922
f 59 378 1940
f 1462 1991 59
f 59 1991 378
f 1462 1193 1991
f 1516 1193 1462
f 1598 1193 1516
f 1997 1894 1443
f 1323 1841 496
f 1977 1432 1323
f 436 915 262
f 1006 915 436
f 1102 1323 496
f 1977 1323 1102
f 1102 192 1977
f 949 1019 1432
f 949 911 1019
f 1222 911 949
f 1222 1077 911
f 949 1432 1977
f 192 949 1977
f 1222 949 192
f 1306 915 1006
f 1435 1306 1006
f 271 1435 1006
f 1132 1435 271
f 1051 134 1558
f 134 1132 1558
f 952 1435 1132
f 952 794 1435
f 134 952 1132
f 1434 1389 1077
f 1984 1434 1077
f 1984 1077 1222
f 1434 1369 1389
f 952 808 794
f 1887 242 808
f 952 1887 808
f 1577 952 134
f 730 952 1577
f 730 1887 952
f 1968 1887 730
f 1422 1369 1434
f 1771 1935 1887
f 1968 1771 1887
f 1472 1771 1968
f 922 1771 1472
f 922 739 1771
f 1422 1751 1369
f 1898 1751 1422
f 1315 739 922
f 378 1315 1450
f 1315 922 1450
f 1443 1894 1751
f 1898 1443 1751
f 1991 1315 378
f 1991 1357 1315
f 1193 1357 1991
f 1924 1997 1443
f 980 192 1102
f 980 1364 192
f 1364 1222 192
f 1984 1222 1364
f 1801 1931 242
f 1887 1801 242
f 1801 1414 1931
f 1858 1364 980
f 1873 1364 1858
f 1935 1801 1887
f 1364 1925 1984
f 1925 1364 1873
f 1925 1434 1984
f 1422 1434 1925
f 1801 844 1414
f 1801 1744 844
f 1771 1514 1935
f 1514 1801 1935
f 1514 1008 1801
f 610 1008 1514
f 610 323 1008
f 1771 610 1514
f 739 610 1771
f 1860 1422 1925
f 1860 1898 1422
f 1008 1744 1801
f 1638 1008 323
f 40 1943 739
f 1315 40 739
f 739 323 610
f 1943 323 739
f 1943 1638 323
f 1943 1675 1638
f 797 1443 1898
f 40 1675 1943
f 40 1838 1675
f 1846 1838 40
f 1357 40 1315
f 1716 40 1357
f 1716 1846 40
f 1924 1443 797
f 1895 1924 797
f 1698 1873 1858
f 1635 1873 1698
f 913 1635 1698
f 1860 1925 1873
f 1635 1860 1873
f 1008 472 1744
f 1675 644 472
f 913 504 1635
f 71 504 913
f 1638 472 1008
f 1638 1675 472
f 1675 1838 644
f 504 1860 1635
f 1269 1898 1860
f 504 1269 1860
f 797 1898 1269
f 1844 644 1838
f 254 1844 1789
f 1838 1789 1844
f 1846 1789 1838
f 447 1269 504
f 1624 797 1269
f 1895 797 1624
f 876 504 71
f 876 447 504
f 1877 447 876
f 1624 1269 447
f 1980 147 1546
f 783 147 1980
f 1123 1981 1786
f 1786 1433 1123
f 1975 1980 1546
f 1043 1433 1786
f 1043 1585 1433
f 1980 1852 783
f 1852 1980 1975
f 1379 1256 1043
f 1256 1585 1043
f 95 220 1200
f 991 95 1200
f 1623 991 1200
f 1489 1200 1852
f 1489 1623 1200
f 1039 246 456
f 456 901 1039
f 901 1292 1039
f 981 246 1039
f 981 1039 544
f 918 981 544
f 918 544 324
f 523 918 324
f 1292 544 1039
f 324 544 1292
f 163 523 324
f 377 523 163
f 163 324 1292
f 1613 377 163
f 143 377 1613
f 143 1197 377
f 1886 1256 1379
f 693 220 95
f 1209 1886 1379
f 502 693 95
f 804 693 502
f 502 95 991
f 1303 502 991
f 1303 804 502
f 1303 991 1623
f 182 1303 1623
f 1752 1303 182
f 182 1623 1489
f 804 928 693
f 1821 928 804
f 273 1821 804
f 1752 804 1303
f 1412 804 1752
f 1412 273 804
f 273 1473 1821
f 1412 1473 273
f 1868 1473 1412
f 1446 1868 1412
f 1151 563 1265
f 563 443 1265
f 901 1868 825
f 443 1065 1265
f 825 1868 1446
f 309 563 1151
f 309 282 563
f 183 282 309
f 282 494 563
f 282 1569 494
f 183 1569 282
f 183 594 1569
f 494 443 563
f 1569 443 494
f 1569 848 443
f 594 848 1569
f 848 216 443
f 594 216 848
f 216 1065 443
f 216 555 1065
f 555 1847 1065
f 555 1621 1847
f 1119 1621 555
f 467 756 981
f 905 756 467
f 328 298 65
f 484 298 328
f 331 283 484
f 467 981 918
f 1074 905 467
f 1074 65 905
f 328 65 1074
f 51 328 1074
f 51 484 328
f 331 484 51
f 1074 467 918
f 1074 918 523
f 51 1074 938
f 938 1074 523
f 938 523 320
f 933 938 311
f 1197 523 377
f 320 523 1197
f 1001 938 320
f 311 938 1001
f 933 311 12
f 126 1197 143
f 1634 1232 1209
f 1634 1775 1232
f 1209 1232 1886
f 1232 1390 1886
f 1232 1563 1390
f 1775 1563 1232
f 883 1602 1775
f 1602 1563 1775
f 1536 669 883
f 883 669 1602
f 1265 669 1536
f 669 1265 1065
f 1217 845 233
f 1570 129 1217
f 183 702 594
f 1461 702 183
f 1461 426 702
f 426 1461 1923
f 1217 1045 1570
f 1045 1217 1876
f 1923 1120 426
f 1120 1475 1393
f 1120 1923 1475
f 702 216 594
f 426 118 702
f 118 426 1120
f 702 555 216
f 702 1119 555
f 702 118 1119
f 118 551 1119
f 551 1621 1119
f 822 551 118
f 118 1810 822
f 1810 118 1120
f 1347 283 331
f 1347 723 283
f 1040 233 1347
f 1040 1347 331
f 233 1040 1217
f 840 1040 331
f 840 1876 1040
f 1876 1217 1040
f 51 840 331
f 86 51 938
f 1423 840 51
f 86 1423 51
f 86 938 933
f 840 534 1876
f 840 1423 534
f 792 1423 86
f 1299 1876 534
f 1299 1045 1876
f 141 792 86
f 141 86 303
f 1423 792 534
f 141 639 792
f 792 706 534
f 792 639 706
f 706 1299 534
f 272 477 363
f 1002 477 272
f 799 363 606
f 606 363 477
f 477 206 606
f 1002 206 477
f 799 1393 1475
f 807 799 606
f 206 807 606
f 206 974 807
f 1002 974 206
f 1002 843 974
f 1342 843 1002
f 1342 707 843
f 807 132 799
f 132 732 799
f 132 807 605
f 974 605 807
f 974 843 605
f 1393 799 732
f 605 492 132
f 843 492 605
f 707 788 843
f 132 406 732
f 492 406 132
f 843 406 492
f 1393 732 91
f 406 663 732
f 843 663 406
f 843 399 663
f 788 399 843
f 91 732 348
f 663 348 732
f 399 348 663
f 788 1527 399
f 1201 707 1342
f 1783 707 1201
f 1045 795 1570
f 795 1783 1201
f 795 1045 1783
f 625 1783 1045
f 798 1783 625
f 1783 788 707
f 1783 798 788
f 1045 1244 625
f 1244 1045 704
f 1000 798 625
f 798 1000 788
f 1393 956 1120
f 975 625 1244
f 850 1000 625
f 1000 1271 788
f 704 1045 1299
f 1026 1975 1399
f 1546 1399 1975
f 1399 1546 1723
f 1356 1852 1975
f 1356 1975 1026
f 1091 1585 1256
f 1677 1852 1356
f 1677 1489 1852
f 686 1677 1356
f 1220 1677 686
f 1091 1470 1585
f 1881 163 1292
f 1613 163 1881
f 1832 143 1613
f 1832 1613 1881
f 78 182 1489
f 78 1752 182
f 1886 1091 1256
f 1886 1390 1091
f 230 1489 1677
f 230 78 1489
f 1237 230 1677
f 1390 921 1091
f 757 1237 1677
f 527 1677 1220
f 527 757 1677
f 1140 1412 1752
f 1140 1752 78
f 1237 78 230
f 1237 1140 78
f 920 1140 1237
f 900 1140 920
f 920 1237 757
f 904 757 527
f 920 757 904
f 1446 1412 1140
f 1446 1140 900
f 1029 1446 900
f 1665 900 920
f 1029 900 1665
f 1338 825 1446
f 1338 1446 1029
f 1292 901 825
f 1621 354 1847
f 1847 1759 1065
f 1917 405 354
f 1847 556 1759
f 354 556 1847
f 354 405 556
f 405 1126 556
f 1908 1292 825
f 1908 1881 1292
f 556 714 1759
f 1126 714 556
f 1126 1227 714
f 987 1881 1908
f 1908 825 1338
f 1759 714 1778
f 405 772 1126
f 1228 1126 772
f 1228 508 1126
f 508 1063 884
f 1063 557 884
f 1063 355 557
f 355 389 557
f 508 1227 1126
f 508 884 1227
f 987 1832 1881
f 557 1004 884
f 389 1004 557
f 389 364 1004
f 1563 921 1390
f 1563 1836 921
f 1602 1836 1563
f 1602 1765 1836
f 669 697 1602
f 1765 1602 697
f 1065 1759 669
f 1759 1436 669
f 669 1436 697
f 1759 1778 1436
f 1621 1917 354
f 551 1917 1621
f 551 822 1917
f 1810 1120 956
f 822 734 1917
f 748 822 1810
f 822 748 734
f 84 748 1810
f 956 84 1810
f 1352 748 84
f 1768 706 639
f 1917 772 405
f 1917 270 772
f 734 270 1917
f 270 1228 772
f 734 973 270
f 748 973 734
f 1228 1063 508
f 1228 548 1063
f 270 548 1228
f 973 548 270
f 548 355 1063
f 548 897 355
f 1428 897 548
f 973 859 548
f 859 1428 548
f 1352 973 748
f 973 1352 859
f 1428 1478 897
f 1352 1428 859
f 1352 1478 1428
f 1393 1806 956
f 1806 1393 91
f 348 109 91
f 399 109 348
f 91 570 1806
f 109 570 91
f 109 249 570
f 399 249 109
f 1527 249 399
f 249 218 570
f 1527 218 249
f 833 1806 570
f 833 570 741
f 218 741 570
f 1527 741 218
f 1527 753 741
f 1527 1257 753
f 833 385 1806
f 833 741 154
f 753 154 741
f 154 347 833
f 753 347 154
f 753 61 347
f 1257 61 753
f 385 833 539
f 539 347 61
f 347 539 833
f 539 1286 385
f 1257 539 61
f 1257 1286 539
f 1257 1398 1286
f 850 625 975
f 779 850 975
f 788 1271 1527
f 1000 850 1271
f 1098 779 975
f 1271 1257 1527
f 850 1094 1271
f 779 1094 850
f 1098 1094 779
f 1806 437 956
f 84 956 437
f 1094 1257 1271
f 437 1806 385
f 1257 1289 1398
f 1094 1289 1257
f 437 1800 84
f 1352 84 1800
f 385 1402 437
f 1094 121 1289
f 466 121 1094
f 423 706 1768
f 1298 1244 704
f 1298 975 1244
f 423 1299 706
f 1298 704 1299
f 1108 1299 423
f 1108 1298 1299
f 1098 975 1298
f 253 1298 1108
f 997 253 1108
f 863 1298 253
f 1378 1098 1298
f 863 1378 1298
f 1098 1378 1094
f 240 253 997
f 1346 863 253
f 253 190 1346
f 240 190 253
f 1378 466 1094
f 863 466 1378
f 1346 466 863
f 190 608 1346
f 1433 541 1123
f 1123 541 1834
f 1267 1399 1723
f 1267 1026 1399
f 1267 1723 1670
f 636 1267 1670
f 1585 1884 1433
f 1884 541 1433
f 1356 1026 1267
f 1266 1356 1267
f 1266 1267 636
f 1470 1884 1585
f 1470 1724 1884
f 686 1356 1266
f 1207 1220 686
f 1207 686 1266
f 583 1207 1266
f 583 942 1207
f 561 942 583
f 752 583 1266
f 921 1470 1091
f 921 1484 1470
f 1484 1763 1470
f 1470 1763 1724
f 904 527 1220
f 473 920 904
f 1207 904 1220
f 473 904 1207
f 569 1665 920
f 942 473 1207
f 695 473 942
f 695 920 473
f 569 920 695
f 695 942 561
f 1329 569 695
f 695 561 583
f 1060 695 583
f 1329 695 1060
f 1029 1665 569
f 1272 569 1329
f 1272 1029 569
f 1011 1029 1272
f 571 1011 1272
f 1338 1029 1011
f 1908 1338 1559
f 1559 1338 1011
f 571 1559 1011
f 1617 987 1908
f 1596 1908 1559
f 1700 1908 1596
f 1617 1908 1700
f 1004 1227 884
f 364 241 1004
f 1004 241 1227
f 1372 987 1617
f 816 987 1372
f 1836 1484 921
f 1484 1337 1763
f 1836 1337 1484
f 1765 1337 1836
f 1765 20 1337
f 697 1865 1765
f 1765 1865 20
f 1401 1436 1778
f 1436 1401 697
f 697 1401 1865
f 1227 1778 714
f 1778 988 1401
f 1430 1478 1352
f 1227 241 1778
f 241 988 1778
f 198 385 660
f 1286 660 385
f 660 232 198
f 1398 660 1286
f 1398 232 660
f 232 131 198
f 437 1402 1800
f 131 385 198
f 385 131 1402
f 1289 232 1398
f 466 995 121
f 1800 1402 293
f 712 1402 131
f 712 540 1402
f 232 712 131
f 1289 712 232
f 1289 369 712
f 1289 121 369
f 293 1125 1800
f 293 1402 540
f 540 353 293
f 712 369 540
f 635 293 27
f 293 635 1125
f 353 27 293
f 369 353 540
f 353 380 27
f 121 353 369
f 121 380 353
f 121 34 380
f 995 34 121
f 635 431 1125
f 380 635 27
f 380 34 635
f 34 431 635
f 34 681 431
f 995 681 34
f 995 513 681
f 138 1125 431
f 202 1125 138
f 138 36 202
f 681 138 431
f 681 513 138
f 513 36 138
f 1346 608 466
f 1430 1352 1800
f 466 479 995
f 608 479 466
f 976 1478 1430
f 202 1800 1125
f 1800 202 1430
f 608 1175 479
f 360 1430 202
f 371 1430 360
f 371 976 1430
f 479 513 995
f 676 976 371
f 479 36 513
f 479 89 36
f 479 113 89
f 479 116 113
f 1175 116 479
f 89 202 36
f 89 360 202
f 89 236 360
f 236 486 360
f 486 371 360
f 486 116 371
f 89 113 236
f 113 486 236
f 116 486 113
f 1175 711 116
f 676 371 409
f 116 711 371
f 711 409 371
f 409 600 676
f 600 38 676
f 1175 409 711
f 1175 600 409
f 38 600 1175
f 541 1727 1834
f 541 1782 1727
f 1510 636 1670
f 1510 587 636
f 1261 636 587
f 1745 587 1510
f 791 1266 636
f 1137 1266 791
f 791 636 1261
f 1149 1137 791
f 1884 1782 541
f 1884 1760 1782
f 1149 791 1261
f 1149 1261 587
f 1149 587 1745
f 806 1266 1932
f 806 752 1266
f 1932 1266 1137
f 1180 752 806
f 1932 1137 1149
f 1724 1760 1884
f 1724 1539 1760
f 4 1180 806
f 1351 4 806
f 806 1932 1149
f 1112 806 1149
f 1112 1351 806
f 1060 583 752
f 1060 752 1180
f 376 1060 1180
f 4 376 1180
f 1625 1724 1763
f 1625 1539 1724
f 376 1329 1060
f 1272 1329 376
f 571 1272 781
f 1695 1272 376
f 781 1272 1695
f 1695 376 4
f 1211 781 1695
f 1513 781 1211
f 1067 781 1513
f 1351 1695 4
f 1211 1695 1351
f 1211 1351 1112
f 1112 1513 1211
f 169 1513 1112
f 1009 1559 571
f 1596 1559 1009
f 1067 571 781
f 1067 1009 571
f 1301 1596 1009
f 1301 1009 1067
f 169 1067 1513
f 415 1067 169
f 1700 1596 1301
f 1337 1625 1763
f 20 1625 1337
f 20 1150 1625
f 1865 1331 20
f 1865 1143 1331
f 1331 1150 20
f 988 161 1401
f 1401 1143 1865
f 161 1143 1401
f 988 633 161
f 1755 988 241
f 1755 633 988
f 1755 1588 633
f 1727 1912 1970
f 1782 1912 1727
f 1510 1521 1745
f 1521 1510 1722
f 1904 1745 1521
f 1492 1904 1521
f 1408 1521 1966
f 1405 1408 1966
f 1408 1492 1521
f 1405 1966 254
f 1252 1405 254
f 647 1252 254
f 1659 1149 1745
f 1663 1149 1659
f 1782 1795 1912
f 1760 1795 1782
f 1659 1745 1904
f 1659 1904 1492
f 1408 1659 1492
f 1539 1939 1760
f 1885 1149 1663
f 1885 1112 1149
f 302 1112 1885
f 1760 1939 1795
f 434 1885 1663
f 449 1885 434
f 7 449 434
f 1671 434 1663
f 1671 107 434
f 107 419 434
f 1625 1150 1539
f 302 169 1112
f 1150 1295 1539
f 1539 1295 1939
f 1295 1169 1939
f 415 169 302
f 123 1067 415
f 123 1301 1067
f 123 415 370
f 49 1301 123
f 1885 415 302
f 370 415 1885
f 449 370 1885
f 123 370 449
f 7 123 449
f 49 123 7
f 79 7 434
f 79 49 7
f 173 49 79
f 419 79 434
f 469 79 419
f 469 173 79
f 173 1301 49
f 547 1301 173
f 547 1700 1301
f 1066 1700 547
f 1066 1617 1700
f 547 173 444
f 462 469 419
f 462 173 469
f 444 173 462
f 107 462 419
f 107 444 462
f 1671 444 107
f 1671 547 444
f 356 547 1671
f 356 1066 547
f 743 1066 356
f 290 1066 743
f 1066 1372 1617
f 1612 816 1372
f 438 1372 1066
f 438 1612 1372
f 438 1066 290
f 1767 1612 438
f 344 1612 1767
f 1331 1295 1150
f 1143 961 1331
f 1331 961 1295
f 961 1169 1295
f 161 692 1143
f 692 961 1143
f 692 1317 961
f 961 1317 1169
f 161 1254 692
f 633 1254 161
f 633 564 1254
f 1254 1317 692
f 1588 564 633
f 1588 1606 564
f 1970 1959 1942
f 1959 1970 1912
f 1797 1252 647
f 1959 1877 1942
f 1959 1941 1877
f 1912 1648 1959
f 1795 1648 1912
f 1405 1659 1408
f 1663 1659 1405
f 1407 1405 1252
f 1407 1252 1797
f 1939 1814 1795
f 1814 1648 1795
f 1814 927 1648
f 968 1663 1405
f 968 1671 1663
f 356 1671 968
f 1407 968 1405
f 1543 968 1407
f 92 968 1543
f 92 838 968
f 860 92 1543
f 417 860 1543
f 744 860 417
f 1169 1814 1939
f 1169 1317 1027
f 1169 1027 1814
f 1027 927 1814
f 743 356 968
f 1735 337 1027
f 1027 337 927
f 838 743 968
f 838 290 743
f 838 438 290
f 1177 438 838
f 1767 438 1177
f 1177 838 92
f 92 1767 1177
f 860 1767 92
f 860 344 1767
f 744 344 860
f 337 615 1156
f 615 137 1156
f 1317 1735 1027
f 1254 1735 1317
f 564 1148 1254
f 1148 1735 1254
f 1735 1148 337
f 1148 615 337
f 1606 1181 564
f 564 615 1148
f 1181 615 564
f 1181 137 615
f 1648 1941 1959
f 1648 1566 1941
f 927 1156 1648
f 1648 1156 1566
f 1156 951 1566
f 337 1156 927
f 1156 137 951
f 1319 1598 1516
f 46 1319 30
f 1319 1516 30
f 1997 932 1949
f 1679 932 1997
f 1626 1319 46
f 1945 1319 1626
f 1493 932 1679
f 1493 80 932
f 912 393 1212
f 912 263 393
f 912 1212 790
f 1212 959 790
f 959 1467 790
f 1467 1487 269
f 846 790 1467
f 257 790 846
f 846 1467 269
f 58 269 126
f 400 931 801
f 801 263 912
f 400 801 912
f 257 912 790
f 257 400 912
f 977 400 257
f 818 1397 1807
f 1807 677 1945
f 1397 677 1807
f 1397 651 677
f 1493 286 80
f 1210 286 1493
f 969 393 263
f 969 1202 393
f 652 1202 969
f 1687 44 652
f 461 44 1687
f 461 612 44
f 652 1327 1202
f 44 1327 652
f 393 959 1212
f 1202 959 393
f 1202 1327 959
f 44 1038 1327
f 612 1038 44
f 1327 1487 959
f 1327 1656 1487
f 1038 1656 1327
f 959 1487 1467
f 1038 585 1656
f 1937 585 1038
f 1487 507 269
f 1656 507 1487
f 1001 320 1656
f 585 1001 1656
f 585 311 1001
f 12 311 585
f 1937 12 585
f 507 126 269
f 507 1197 126
f 320 1197 507
f 1656 320 507
f 1937 933 12
f 126 143 58
f 1231 1678 553
f 553 777 16
f 553 1678 777
f 680 16 777
f 680 1096 16
f 1678 1439 777
f 680 777 1439
f 1678 1110 1439
f 94 680 1439
f 1439 1110 94
f 1545 400 977
f 1110 1647 94
f 1647 1153 267
f 1110 1153 1647
f 1647 267 162
f 1110 950 1153
f 1345 1678 1231
f 1545 931 400
f 1535 1548 1545
f 1345 1110 1678
f 1345 950 1110
f 1535 1545 1620
f 1107 661 446
f 1107 1403 661
f 1535 446 1548
f 1506 446 1535
f 1506 1107 446
f 1107 1506 939
f 613 221 818
f 221 613 661
f 221 1397 818
f 1397 221 1403
f 1403 221 661
f 651 1403 1107
f 1403 651 1397
f 1562 617 907
f 651 939 677
f 939 651 1107
f 617 1562 286
f 617 286 1210
f 656 612 461
f 1511 656 461
f 1511 903 656
f 967 903 1090
f 967 1507 903
f 903 1278 656
f 1551 1278 903
f 1507 1551 903
f 656 1038 612
f 1278 1038 656
f 1278 880 1038
f 1551 1250 1278
f 880 1937 1038
f 1891 62 1937
f 880 1891 1937
f 1278 1080 880
f 1250 1080 1278
f 828 1080 1250
f 62 86 933
f 1937 62 933
f 62 303 86
f 1891 607 62
f 880 1080 1891
f 1305 1080 828
f 1305 842 1080
f 62 141 303
f 607 639 141
f 607 141 62
f 532 607 1891
f 1080 532 1891
f 690 1507 967
f 690 829 1507
f 13 829 690
f 1500 1096 680
f 1203 1500 680
f 829 1551 1507
f 1880 1500 1203
f 94 1258 680
f 1258 1203 680
f 829 1250 1551
f 889 1880 1203
f 829 828 1250
f 829 1305 828
f 162 94 1647
f 162 1258 94
f 546 1203 1258
f 889 1203 546
f 640 1258 162
f 546 1258 640
f 1296 267 372
f 1296 162 267
f 640 162 1296
f 1302 889 546
f 908 950 1345
f 908 1989 950
f 1591 1552 599
f 599 1552 908
f 1552 1989 908
f 1813 1712 1591
f 1712 1552 1591
f 1712 1530 1552
f 1562 907 1594
f 1712 1594 907
f 1530 1712 907
f 907 617 1530
f 623 842 1305
f 878 1144 1610
f 13 1307 829
f 1610 1320 978
f 1144 1320 1610
f 1307 1305 829
f 978 782 1307
f 978 1320 782
f 782 1305 1307
f 782 623 1305
f 1320 1234 782
f 1144 1234 1320
f 1234 964 782
f 47 533 1736
f 47 852 533
f 401 1819 878
f 401 274 1819
f 852 274 401
f 274 852 47
f 274 45 1819
f 45 274 47
f 1736 1880 889
f 754 1736 1290
f 754 47 1736
f 754 45 47
f 1819 1144 878
f 45 754 1819
f 1290 1736 889
f 304 754 1290
f 1819 1071 1144
f 754 304 1819
f 56 304 1290
f 304 1071 1819
f 304 56 1071
f 69 56 1290
f 56 315 1071
f 56 69 315
f 1103 1290 889
f 787 1290 1103
f 787 69 1290
f 1071 1234 1144
f 315 787 1071
f 787 315 69
f 1103 889 1302
f 341 679 1103
f 679 787 1103
f 1071 1087 1234
f 1071 284 1087
f 1071 679 284
f 787 679 1071
f 1598 1680 1193
f 1598 1525 1680
f 1945 1598 1319
f 1497 1525 1598
f 1214 269 58
f 846 269 1214
f 58 143 1832
f 1214 58 1832
f 780 846 1214
f 977 257 846
f 1550 1901 1225
f 1550 1674 1901
f 1550 629 1674
f 677 1598 1945
f 677 1497 1598
f 677 1225 1497
f 677 1550 1225
f 1742 1210 1493
f 709 108 1449
f 609 108 709
f 108 867 1449
f 355 687 389
f 355 1448 687
f 1448 549 687
f 1448 866 549
f 866 111 549
f 866 709 111
f 709 1449 111
f 1449 158 111
f 867 158 1449
f 687 364 389
f 687 762 364
f 549 762 687
f 549 731 762
f 111 731 549
f 158 731 111
f 780 1214 1832
f 267 1032 372
f 267 1013 1032
f 1153 1013 267
f 1153 950 1013
f 1013 362 1032
f 70 1032 362
f 362 136 70
f 108 70 136
f 70 108 1796
f 1013 136 362
f 1013 924 136
f 950 924 1013
f 950 1503 924
f 780 977 846
f 136 867 108
f 136 924 867
f 1377 977 780
f 1377 1620 1545
f 1377 1545 977
f 1620 1377 1162
f 243 1535 1620
f 858 243 1620
f 340 1506 1535
f 170 1506 340
f 1116 170 340
f 340 1535 243
f 500 340 1359
f 500 1116 340
f 1116 500 1550
f 653 340 243
f 1359 340 653
f 500 1061 1550
f 1061 1359 653
f 1061 500 1359
f 653 243 858
f 1061 629 1550
f 170 939 1506
f 939 170 677
f 677 1116 1550
f 170 1116 677
f 1999 617 1210
f 1999 1210 1629
f 532 639 607
f 532 1768 639
f 842 532 1080
f 423 1768 532
f 609 1796 108
f 1215 1796 609
f 1215 1649 1796
f 866 529 709
f 529 609 709
f 529 1215 609
f 897 1448 355
f 897 515 1448
f 515 866 1448
f 515 529 866
f 515 1253 529
f 1253 1215 529
f 1253 1688 1215
f 515 1531 1253
f 1688 1253 1531
f 1478 515 897
f 1531 515 1478
f 171 1032 70
f 171 372 1032
f 171 1296 372
f 640 1296 171
f 1088 546 640
f 1796 171 70
f 1796 1649 171
f 1649 640 171
f 1088 640 1649
f 1088 1302 546
f 1642 1302 1088
f 1688 1088 1649
f 1642 1088 1688
f 1688 1649 1215
f 1989 1503 950
f 1552 813 1989
f 813 425 1989
f 1530 1308 1552
f 1552 1308 813
f 1308 1993 813
f 1999 1530 617
f 1308 1530 1999
f 1999 1728 1308
f 842 1706 532
f 623 1361 842
f 1706 423 532
f 842 1361 1706
f 623 1243 1361
f 1706 1108 423
f 478 1706 1361
f 478 638 1706
f 1243 478 1361
f 1706 997 1108
f 1706 638 997
f 873 478 1243
f 638 240 997
f 478 934 638
f 873 934 478
f 873 659 934
f 638 1083 240
f 934 1083 638
f 1083 190 240
f 934 620 1083
f 659 620 934
f 1083 608 190
f 782 662 623
f 964 662 782
f 662 1243 623
f 1234 1087 964
f 662 873 1243
f 662 358 873
f 964 358 662
f 964 632 358
f 1087 632 964
f 358 659 873
f 632 313 358
f 313 172 358
f 366 1642 1688
f 358 562 659
f 172 562 358
f 366 1688 1531
f 562 481 659
f 28 1103 1302
f 679 341 284
f 278 1103 28
f 278 341 1103
f 284 180 1087
f 180 341 278
f 180 284 341
f 411 278 28
f 180 775 1087
f 775 278 411
f 775 180 278
f 25 28 1302
f 537 28 25
f 537 411 28
f 1087 164 632
f 775 164 1087
f 164 411 537
f 164 775 411
f 167 1302 1642
f 167 25 1302
f 50 537 25
f 164 710 632
f 710 537 50
f 710 164 537
f 898 25 167
f 898 50 25
f 632 374 313
f 710 374 632
f 374 50 898
f 374 710 50
f 148 167 1642
f 574 649 167
f 649 898 167
f 374 898 649
f 374 649 313
f 574 167 148
f 313 54 172
f 649 54 313
f 649 574 54
f 1680 1867 1193
f 1525 1867 1680
f 1193 1867 1357
f 1867 1716 1357
f 1924 1679 1997
f 809 1679 1924
f 1497 1867 1525
f 1742 1493 1679
f 1742 1679 809
f 1963 1742 809
f 1674 418 1901
f 894 418 1674
f 1901 418 1225
f 1779 1742 1963
f 780 1832 987
f 762 241 364
f 731 241 762
f 1498 780 987
f 1498 987 816
f 1818 780 1498
f 1762 1377 780
f 1818 1183 780
f 1183 1762 780
f 1162 1377 1762
f 1195 1162 1762
f 885 1195 1762
f 885 1371 1195
f 858 1620 1162
f 858 1162 1195
f 1362 858 1195
f 1930 858 1362
f 1056 1930 1362
f 1573 1362 1195
f 1056 1362 1573
f 629 1061 653
f 1930 653 858
f 902 653 1930
f 629 474 1674
f 474 653 902
f 474 629 653
f 474 894 1674
f 894 474 902
f 48 902 1930
f 894 902 48
f 894 48 418
f 48 1930 994
f 994 1930 1056
f 418 48 994
f 150 994 1056
f 994 150 418
f 1629 1210 1742
f 1728 1999 1629
f 1629 1241 1728
f 1779 1629 1742
f 1241 1629 1779
f 1599 241 731
f 158 1599 731
f 1599 1755 241
f 1503 685 924
f 867 1599 158
f 924 1599 867
f 924 685 1599
f 1989 685 1503
f 425 73 1989
f 73 685 1989
f 73 1541 685
f 813 1993 425
f 1993 73 425
f 1993 745 73
f 73 745 1541
f 1308 1496 1993
f 1728 1496 1308
f 1496 1728 1241
f 745 1993 1496
f 976 1531 1478
f 976 1603 1531
f 1083 851 608
f 620 851 1083
f 620 251 851
f 620 671 251
f 608 851 1175
f 31 1603 976
f 834 1603 31
f 1699 31 976
f 676 1699 976
f 671 133 251
f 671 1163 133
f 676 29 1699
f 81 31 1699
f 41 834 31
f 81 390 31
f 390 41 31
f 1163 834 41
f 1163 718 834
f 851 38 1175
f 851 525 38
f 251 280 851
f 251 185 280
f 251 390 185
f 390 133 41
f 133 390 251
f 133 1163 41
f 38 29 676
f 29 387 1699
f 387 398 1699
f 398 81 1699
f 398 280 81
f 38 525 29
f 525 387 29
f 851 387 525
f 851 398 387
f 280 398 851
f 280 185 81
f 185 390 81
f 1603 366 1531
f 1028 1642 366
f 1028 148 1642
f 750 148 1028
f 481 1927 659
f 659 671 620
f 1927 671 659
f 481 120 1927
f 562 128 481
f 937 1028 366
f 88 292 1028
f 292 750 1028
f 184 750 292
f 481 292 120
f 128 292 481
f 128 184 292
f 184 128 750
f 834 366 1603
f 834 937 366
f 893 937 834
f 74 1028 937
f 74 88 1028
f 120 442 1927
f 442 88 74
f 120 88 442
f 292 88 120
f 580 893 834
f 893 1236 937
f 1236 74 937
f 1927 281 671
f 1927 204 281
f 204 1236 893
f 1927 1236 204
f 442 1236 1927
f 442 74 1236
f 718 580 834
f 671 773 1163
f 773 580 718
f 773 281 580
f 281 773 671
f 281 893 580
f 281 204 893
f 1163 773 718
f 945 148 750
f 945 203 148
f 203 574 148
f 172 8 562
f 8 203 945
f 54 8 172
f 54 203 8
f 203 54 574
f 750 37 945
f 128 37 750
f 8 128 562
f 8 37 128
f 37 8 945
f 1869 63 1716
f 63 1846 1716
f 1867 1869 1716
f 1895 809 1924
f 1772 809 1895
f 1482 1453 1869
f 1869 1453 63
f 1497 1482 1867
f 1867 1482 1869
f 1587 809 1772
f 1587 1963 809
f 740 509 1816
f 520 1018 509
f 740 520 509
f 1018 295 509
f 1225 1482 1497
f 1225 1816 1482
f 418 1816 1225
f 1816 509 1482
f 1721 1963 1587
f 1721 1779 1963
f 526 1762 1183
f 885 1762 526
f 1544 526 1183
f 1544 885 526
f 1371 1573 1195
f 1371 1343 1573
f 1343 1371 1815
f 885 1544 1515
f 1371 885 1515
f 1815 1371 1515
f 1012 1056 1573
f 626 1056 1012
f 1136 626 1012
f 758 1573 1343
f 1012 1573 758
f 1136 740 1816
f 740 1136 1012
f 740 1012 520
f 520 1012 758
f 576 520 758
f 72 1343 1815
f 576 1343 72
f 576 758 1343
f 576 1018 520
f 895 576 72
f 1018 576 895
f 150 1816 418
f 150 1056 626
f 150 626 1816
f 626 1136 1816
f 865 1146 1721
f 1241 1721 1146
f 1721 1241 1779
f 1599 1948 1755
f 1948 1588 1755
f 685 993 1599
f 993 1456 1599
f 1456 1948 1599
f 1541 993 685
f 1541 941 993
f 941 1791 993
f 993 1791 1456
f 745 941 1541
f 745 887 941
f 887 589 941
f 1241 1146 1496
f 1496 887 745
f 887 1496 1146
f 1146 865 887
f 887 865 589
f 1973 647 254
f 1540 1973 254
f 1122 254 1789
f 1122 1540 254
f 1122 463 1540
f 1273 1145 1846
f 1846 1122 1789
f 1846 1145 1122
f 1145 463 1122
f 63 1273 1846
f 1946 1895 1624
f 1946 1772 1895
f 1792 1145 1273
f 1792 1615 1145
f 1792 1218 1615
f 1615 463 1145
f 1482 581 1453
f 1453 1273 63
f 1453 1792 1273
f 581 1792 1453
f 1538 1772 1946
f 1538 1587 1772
f 1330 1587 1538
f 746 1622 1792
f 1316 746 1792
f 1316 1792 1246
f 1622 1845 1792
f 1845 1218 1792
f 1622 427 1845
f 427 577 1845
f 509 1196 1482
f 509 1246 1196
f 509 1288 1246
f 295 1288 509
f 1196 581 1482
f 1631 1316 1288
f 295 1631 1288
f 1196 1792 581
f 1246 1792 1196
f 1288 1316 1246
f 1424 1721 1587
f 1330 1424 1587
f 1612 1498 816
f 1392 1498 1612
f 1392 1818 1498
f 1392 1612 1069
f 592 1392 1069
f 239 1612 344
f 1069 1612 239
f 222 1544 388
f 222 1515 1544
f 1392 1183 1818
f 1544 1183 1392
f 774 1544 1392
f 388 1544 774
f 1024 774 1392
f 177 388 774
f 1024 1392 407
f 300 1515 1739
f 300 1815 1515
f 166 1815 300
f 166 72 1815
f 1739 1515 222
f 1316 300 746
f 1316 166 300
f 746 1739 1622
f 746 300 1739
f 427 1739 222
f 1622 1739 427
f 427 222 577
f 577 388 177
f 577 222 388
f 1018 895 295
f 1631 895 72
f 895 1631 295
f 72 166 1631
f 1631 166 1316
f 142 589 865
f 142 1424 1330
f 670 142 1330
f 142 670 1673
f 865 1721 1424
f 142 865 1424
f 1948 1606 1588
f 1948 864 1606
f 1456 1311 1948
f 1311 864 1948
f 329 1673 1791
f 1791 1311 1456
f 1791 296 1311
f 1791 1673 296
f 941 329 1791
f 589 329 941
f 329 589 142
f 1673 329 142
f 1973 1797 647
f 1877 1581 447
f 1941 1581 1877
f 1941 1697 1581
f 1697 1639 1581
f 1946 1624 1639
f 1581 1624 447
f 1639 1624 1581
f 1407 1797 1973
f 1540 1407 1973
f 1615 1540 463
f 1845 1407 1540
f 1845 1540 1615
f 1218 1845 1615
f 1639 1538 1946
f 1370 1639 1697
f 1370 1538 1639
f 1491 729 1543
f 729 417 1543
f 628 729 1491
f 177 1861 1845
f 1491 1543 1407
f 1845 1491 1407
f 1861 1491 1845
f 1355 1491 1861
f 407 1491 1355
f 577 177 1845
f 1370 1954 1538
f 455 1954 1370
f 1954 1330 1538
f 667 592 1491
f 667 1392 592
f 239 344 744
f 855 1069 239
f 729 855 417
f 239 744 417
f 729 1069 855
f 628 1069 729
f 628 592 1069
f 592 628 1491
f 417 855 239
f 137 1147 1575
f 1147 1247 1575
f 177 1485 1861
f 1485 1024 1861
f 1485 774 1024
f 177 774 1485
f 407 667 1491
f 407 1392 667
f 1355 1024 407
f 1024 1355 1861
f 1958 455 1247
f 1247 455 1575
f 1673 670 1033
f 1033 670 1954
f 1033 1954 455
f 1958 1033 455
f 670 1330 1954
f 864 1147 1606
f 1147 864 1247
f 1606 1147 1181
f 1181 1147 137
f 1311 1958 864
f 864 1958 1247
f 296 1673 1033
f 296 1033 1958
f 296 1958 1311
f 1566 1697 1941
f 1370 1697 1566
f 951 1370 1566
f 951 1575 1370
f 1575 455 1370
f 137 1575 951

