# https://github.com/mikedh/trimesh
v 0.20009649 0.53113550 0.36109447
v -0.39879149 -0.00008150 0.10799572
v -0.31453902 -0.62260133 0.26488256
v 0.36132935 0.52318197 -0.19985968
v -0.33727738 0.69714081 -0.23456384
v -0.33263478 0.83123291 0.15306243
v 0.19633043 -0.76237679 0.36295709
v -0.36134124 -0.35699266 0.19980156
v 0.09692743 0.41796592 0.40104148
v 0.36039376 0.50550979 0.20194782
v -0.18960398 0.80548704 -0.36399209
v -0.11232707 0.52326411 0.39722458
v -0.31453902 -0.19928800 0.26488256
v 0.23626758 0.08292110 -0.33616590
v -0.23695546 -0.24078931 -0.33559567
v 0.06357282 0.78238225 -0.40592653
v 0.00080747 0.41447923 0.41333172
v 0.00235096 0.05014868 -0.41320476
v -0.39879149 -0.12458557 0.10799571
v 0.36611474 0.83155131 -0.01124881
v 0.40160283 0.73810738 -0.09193923
v -0.39788246 0.57263666 -0.11033664
v -0.20600525 0.83153760 -0.30615458
v -0.36147469 0.22440304 -0.19951841
v -0.36496025 -0.09138437 -0.19210538
v -0.24031943 0.63918978 -0.33277172
v 0.18258820 -0.83178401 0.32246080
v 0.33861864 0.83160615 -0.13278690
v -0.36115432 0.04141985 0.20013753
v 0.40183830 -0.58109999 -0.09121329
v 0.17272760 -0.78321356 -0.37294510
v -0.15515119 -0.83176798 -0.11045741
v -0.31455460 -0.78367430 0.26416656
v 0.30785599 0.48559645 -0.27143186
v -0.36115432 0.44813281 0.20013753
v 0.32295299 -0.82261902 0.23987199
v 0.19519480 0.44605869 0.36358806
v 0.36558622 -0.66407156 -0.18975736
v -0.10876796 -0.58917660 0.39846256
v 0.35581186 0.83160704 0.12124062
v 0.10973760 0.12442257 0.39835450
v -0.34759411 0.80948251 0.21854229
v -0.41244963 -0.41462812 -0.01339817
v 0.11368796 -0.66217887 0.39672813
v 0.41327718 0.21906054 0.00000000
v 0.25632191 -0.83176816 -0.25636229
v 0.21203148 -0.68900341 -0.35287684
v 0.03830594 -0.83172917 0.36595693
v -0.06713216 0.23857029 0.40545607
v -0.19806412 -0.25815034 -0.36218908
v -0.02369801 0.43232599 -0.41120142
v 0.40183830 0.34022933 0.09121330
v -0.23695546 -0.42339501 0.33559567
v -0.11563133 0.10884380 -0.39584199
v 0.33551112 -0.00837839 0.23703884
v -0.38813293 -0.82950842 -0.02490836
v 0.36558846 -0.23248899 -0.18980700
v 0.04409591 -0.51469803 -0.40865281
v 0.31454179 0.40663150 -0.26487952
v -0.24414442 0.70205605 0.32939249
v 0.40091154 -0.65580225 0.09412094
v 0.40183830 0.63073850 -0.09121329
v 0.36296457 -0.69730365 -0.19625701
v 0.40426111 0.80143076 -0.07473204
v -0.36213392 0.22402567 0.19817944
v 0.28944007 0.83154619 -0.23353210
v -0.11163437 0.42258349 0.39757606
v 0.36972022 0.83149475 0.05073366
v -0.23995094 -0.78422546 0.33298883
v 0.31454179 -0.48149699 -0.26487952
v -0.38911033 0.54424256 0.13342330
v 0.41078800 -0.27629101 -0.02712110
v -0.00830026 -0.82011998 0.40446699
v 0.33409199 -0.81672198 -0.23539500
v 0.41269881 -0.32941917 0.00919459
v -0.21096066 0.83064789 0.32765722
v 0.23451842 -0.57279968 -0.33759448
v -0.06916931 -0.21462125 -0.40518108
v -0.41337448 -0.58940035 -0.00000000
v 0.19551142 -0.21576884 0.36341521
v 0.26898569 0.17575631 0.31038028
v 0.19814488 0.41489539 0.36212650
v 0.36558440 -0.19925675 -0.18975689
v 0.11202591 -0.02498229 -0.39744109
v -0.39879149 -0.24908951 0.10799572
v -0.23455046 -0.04158285 0.33756834
v -0.39788246 -0.48149699 -0.11033663
v 0.00327949 0.24892649 0.41311237
v -0.36115432 -0.39019367 -0.20013753
v 0.33318871 -0.38859573 0.23981670
v 0.35103348 -0.23248900 -0.21494579
v 0.20135050 -0.76164216 -0.36002588
v 0.12450400 -0.83173299 -0.35691100
v 0.34791139 -0.10798485 -0.21941577
v -0.23842922 0.29042765 -0.33435881
v -0.23804450 0.03529321 -0.33467510
v -0.36115432 -0.62260133 0.20013753
v -0.12314203 -0.71669042 -0.39306355
v 0.39860791 0.77776295 0.10106794
v 0.06630225 0.83153850 -0.36872977
v -0.10811386 0.68884051 -0.39871010
v -0.31453899 0.30702832 0.26488259
v -0.41136968 0.59624195 0.02215527
v 0.26670229 0.38121167 0.31264725
v 0.09656173 0.55132461 0.40104738
v 0.08401902 -0.83176798 0.17972626
v 0.27300596 -0.01165947 0.30614686
v 0.33551311 0.32362869 0.23705506
v 0.00004061 -0.44829583 0.41337448
v -0.23455046 0.48133400 -0.33756834
v 0.01248031 -0.13623253 -0.41239995
v 0.36558488 -0.73050404 -0.18980424
v -0.36115432 -0.53959864 0.20013753
v -0.36139169 -0.78434193 0.19914061
v -0.41183665 0.48042101 -0.01827420
v 0.11195418 -0.47256458 -0.39748776
v -0.32236919 0.03029140 -0.25469604
v 0.27287081 0.83157772 -0.25018638
v -0.19090600 -0.83173901 0.32370999
v -0.00052344 -0.83176798 0.00994536
v -0.31083664 0.70540971 -0.26850507
v -0.39788246 0.62243831 -0.11033664
v -0.40051341 -0.81161696 0.09433264
v -0.00185612 -0.40004981 -0.41331044
v -0.39795613 0.70040154 0.11096136
v 0.35051948 -0.66911107 -0.21564090
v -0.08462849 -0.83176798 0.17892644
v 0.19994254 0.56430250 0.36122173
v 0.15791261 0.83160502 -0.04689651
v -0.31453899 0.01651903 0.26488259
v 0.26386252 0.46473351 0.31547070
v 0.36154377 0.46473348 0.19948155
v 0.33520588 0.19961742 0.23741066
v -0.12450418 0.83159280 -0.35606921
v -0.11571669 0.68619031 0.39614120
v -0.35134187 -0.11408740 -0.21427085
v 0.11041553 -0.57302487 -0.39809030
v 0.41327429 -0.19928800 -0.00169913
v -0.36496627 -0.74406308 0.19211067
v 0.30729324 0.22402903 -0.27190760
v -0.13757177 0.83158046 -0.17337327
v -0.37515181 -0.78532523 0.16742134
v 0.09134513 -0.68622226 -0.40185332
v 0.36154377 0.04972010 0.19948155
v 0.33296219 0.45643795 0.24007773
v 0.23728283 0.63026959 -0.33532256
v -0.30982119 -0.24219045 -0.26952633
v -0.19806412 0.25798732 -0.36218908
v 0.03215197 -0.83177894 -0.35358030
v 0.31297588 -0.31549150 -0.26636812
v -0.40560821 -0.04350391 -0.06606118
v -0.39879149 0.65563935 0.10799573
v -0.10504118 -0.80061030 0.39838538
v -0.12450386 -0.83172774 -0.35291001
v 0.26896930 -0.64073390 0.31037763
v 0.40126210 -0.35650450 -0.09310436
v 0.26555499 -0.31549150 0.31374753
v -0.24358888 -0.73377287 0.32988632
v -0.19806413 0.40739214 -0.36218908
v -0.30723655 -0.51469803 -0.27196792
v -0.38882086 -0.82851064 0.04150846
v -0.26842701 -0.83056599 -0.28448600
v -0.20150243 0.37417352 0.36047059
v 0.11180862 -0.12458556 -0.39747393
v -0.19708285 -0.40679449 -0.36266524
v -0.11141386 -0.09138436 -0.39758348
v -0.30982119 -0.29199183 0.26952633
v -0.36147469 -0.04120548 0.19951841
v 0.41329908 0.02481931 -0.00134867
v -0.21328521 -0.50484008 0.35206133
v 0.36242607 0.00821876 0.19756348
v 0.23562819 0.47188771 -0.33667144
v -0.33229932 0.51609755 0.24140961
v -0.36115432 0.53943568 -0.20013753
v -0.30782193 0.17650689 -0.27146500
v 0.24399182 -0.70243239 -0.32952800
v -0.17278019 0.83157164 -0.32281610
v -0.10943124 -0.30719134 0.39843136
v -0.20260805 0.83146477 0.30628651
v 0.36108655 -0.34869257 -0.20040107
v -0.12884408 -0.81817985 -0.38464046
v -0.19806413 0.15686285 0.36218908
v 0.11423938 0.57599986 -0.39678559
v -0.32920977 -0.03328257 -0.24555208
v 0.11110629 0.14102300 -0.39779854
v 0.26797765 -0.21588850 0.31137767
v 0.41337448 0.32362866 0.00000000
v -0.30447519 0.05802505 -0.27454969
v 0.33520675 -0.13337438 0.23742227
v 0.40183830 0.33192900 -0.09121329
v 0.19800070 0.20665611 -0.36222053
v 0.21645832 -0.68264240 0.34992340
v 0.09402510 0.69714075 -0.40143320
v -0.39919642 -0.73942971 -0.10506897
v -0.11465953 -0.35256374 -0.39658517
v 0.41224256 -0.66870046 -0.01399646
v 0.19978645 0.29872799 0.36133936
v -0.21569549 -0.73519415 -0.35042849
v -0.19599764 -0.29059067 0.36317557
v -0.23450874 -0.14118876 -0.33755091
v -0.36115432 0.63073850 -0.20013753
v 0.40183830 0.56433648 -0.09121329
v 0.11473033 -0.07478390 -0.39624035
v 0.33259785 -0.43295449 0.24050614
v -0.15027341 -0.83177048 -0.32071963
v -0.36115432 0.30702832 -0.20013753
v -0.30782500 0.82361501 -0.25847301
v -0.36115432 -0.18268751 0.20013753
v 0.13946724 0.83160746 0.33932003
v 0.12888414 0.44531500 0.39088070
v 0.30592307 0.83160365 0.18710068
v -0.21831907 -0.70861965 0.34873557
v -0.33229932 0.23388857 0.24140961
v 0.26797765 -0.28229049 0.31137767
v 0.36558923 0.47306120 -0.18977508
v -0.31453899 -0.36529300 -0.26488259
v -0.39817950 0.48049054 0.10917649
v 0.40183830 0.01651903 -0.09121329
v 0.36196509 -0.25817978 0.19856983
v -0.35267186 0.72204190 0.21231706
v -0.19895539 0.33192900 -0.36174405
v -0.19806412 0.63979936 -0.36218908
v -0.30408302 -0.12537839 -0.27493328
v 0.36186486 -0.63089538 -0.19867121
v 0.11041553 -0.22441389 -0.39809030
v 0.25712594 0.82624567 0.30637577
v 0.41118041 0.15711163 0.02381159
v -0.36115432 0.13272262 -0.20013753
v 0.12061486 0.58850300 0.39414385
v 0.02316894 -0.64618486 -0.41126135
v -0.38933271 -0.78281659 0.13294816
v -0.41153783 0.40481001 -0.02117660
v 0.41106766 0.43983251 0.02484082
v 0.32914767 0.22402570 -0.24568237
v -0.39828497 -0.73733956 0.10895097
v -0.11141386 -0.30719134 -0.39758348
v 0.25254583 0.05802036 0.32392696
v 0.40183830 0.50623465 -0.09121330
v 0.11110630 0.24062632 -0.39779854
v -0.36115432 -0.58109999 0.20013753
v 0.36252299 -0.01137959 -0.19743393
v -0.04246487 -0.14481868 -0.40886942
v 0.26301560 0.78672963 -0.31226933
v -0.32912886 0.83042198 0.20837677
v -0.18873435 -0.50659037 0.36639854
v -0.23567456 0.22516254 0.33665374
v -0.20259762 0.01192356 -0.35980636
v -0.30775717 0.10563597 -0.27153668
v -0.21571252 -0.68557620 -0.35041693
v 0.23451844 -0.43169537 -0.33759448
v -0.41100138 -0.45504570 0.02529514
v -0.36115432 0.62243831 0.20013753
v -0.18816653 -0.58954310 0.36663499
v -0.30982119 -0.29199180 -0.26952633
v 0.12667651 0.24107194 0.39174151
v -0.18285744 -0.83176798 0.05474820
v 0.00093786 0.55603635 -0.41341406
v -0.31345817 -0.12550049 0.26601014
v 0.10714649 0.80153233 -0.39758295
v -0.11141386 0.15762350 -0.39758348
v -0.32744545 -0.51620638 -0.24790506
v 0.18944108 -0.73049206 0.36609444
v 0.03647687 0.83160239 0.14113952
v 0.31196177 -0.66455728 -0.26741245
v -0.39879149 -0.58940035 0.10799572
v -0.41337448 0.27382720 -0.00000000
v -0.32894340 0.14102302 0.24595967
v 0.15118901 -0.83176798 -0.11162697
v -0.33163503 -0.27924359 0.24229977
v -0.03159211 -0.83168161 -0.36769521
v 0.36243668 -0.13335034 -0.19752222
v -0.23695546 -0.58940029 -0.33559567
v 0.33318871 -0.62100339 0.23981670
v 0.10973760 -0.20758833 0.39835450
v -0.30782539 -0.19326727 -0.27145144
v 0.15037565 -0.83177400 0.33686498
v 0.41082600 -0.36529300 -0.02681264
v 0.36557662 -0.26569000 -0.18980083
v 0.10973760 -0.46489650 0.39835450
v 0.26125678 -0.04591238 0.31759477
v 0.10973760 0.02481930 0.39835450
v 0.30564174 0.83157009 0.20750713
v -0.36231604 0.14102301 0.19782934
v 0.40225035 -0.10745056 -0.08965097
v -0.36490124 -0.73887527 -0.19224846
v 0.41229284 0.63073850 -0.01314401
v 0.00607130 0.36839461 -0.41314277
v -0.24289019 0.68884981 -0.33050638
v -0.09994830 0.82997501 -0.38187999
v -0.30865693 -0.04311598 -0.27065077
v 0.33608434 0.03219419 0.23633307
v 0.40163878 0.39780146 0.09190022
v 0.18360196 -0.83176798 0.05444973
v 0.41277847 0.73610002 0.00729090
v 0.40156814 0.17469853 0.09213503
v 0.37991118 0.83038521 -0.02490087
v 0.36618906 0.83155823 0.01120598
v -0.02727428 0.83160210 -0.04715775
v -0.39879149 -0.14118600 -0.10799573
v 0.40163222 -0.23195930 -0.09189030
v 0.35075456 -0.83178234 0.00634022
v -0.23222667 0.66814077 0.33927616
v 0.31297588 0.01651903 -0.26636812
v 0.11491638 -0.40007722 0.39626735
v 0.33420643 -0.34039235 0.23861149
v -0.09406939 -0.75384974 0.40137056
v -0.19197400 -0.65563548 -0.36501721
v -0.39858967 -0.06677596 0.10856543
v 0.30729324 -0.05818672 -0.27190760
v -0.11163437 0.19017617 0.39757606
v 0.36558592 -0.30719158 -0.18980536
v 0.18381466 0.83159268 0.32319415
v -0.38248855 -0.78358710 -0.14999388
v -0.00552721 -0.70908159 -0.41289067
v 0.19921313 0.68884051 -0.36153609
v -0.36274043 -0.14416540 -0.19703870
v 0.36152670 -0.68070304 0.19947954
v -0.32408971 -0.11089860 -0.25238094
v -0.19608571 -0.60398179 -0.36313167
v -0.36213392 -0.26569000 0.19817944
v 0.41077003 0.66671097 0.02732294
v -0.10188537 -0.55467618 -0.40004596
v -0.02149843 -0.32200417 -0.41150558
v 0.36557978 -0.63920164 0.18980181
v -0.36795390 -0.83166677 0.03145712
v -0.00213435 -0.83176798 -0.18094586
v 0.31379128 0.26577511 -0.26561108
v -0.32524014 0.07801919 -0.25090003
v 0.10273745 -0.83177406 0.35485309
v -0.39879149 -0.58940035 -0.10799573
v -0.09660888 -0.49809748 -0.40098089
v 0.12450378 -0.83171898 0.35363412
v 0.34956005 0.01954717 -0.21705635
v -0.30723757 0.14102300 0.27196121
v 0.23516181 0.83158791 -0.28501344
v 0.09331068 0.47915497 0.40156722
v 0.36902496 -0.83160979 0.05058526
v 0.36197913 -0.54038876 0.19857109
v 0.30869710 0.68732232 -0.27059782
v -0.11141386 0.00821876 -0.39758348
v -0.02283427 0.70127714 0.41128913
v -0.30982119 -0.07338277 0.26952633
v 0.36146998 -0.46490231 0.19950093
v 0.36154377 0.39833102 0.19948155
v 0.31404823 0.05834793 -0.26536429
v -0.41337448 0.70544100 -0.00000000
v -0.19599763 -0.14118600 -0.36317557
v 0.36401886 -0.43351188 0.19381197
v 0.29572901 0.82898003 0.26252800
v 0.37445381 -0.82951987 -0.12464856
v 0.28841487 -0.81258214 -0.28792036
v -0.35808679 -0.83035100 0.15784879
v 0.14207439 0.83075678 0.36177510
v 0.34521779 0.83092183 0.17512514
v 0.07470240 -0.82648098 -0.39011201
v 0.00852664 0.82896525 0.38745129
v 0.40377599 -0.82001001 -0.02490080
v -0.09130290 -0.82382500 -0.39012399
v -0.40294811 0.81505042 0.07486413
v -0.34544435 0.80589545 -0.22183655
v 0.17880373 -0.80960071 0.36768228
v -0.38009784 -0.83059114 0.07470465
v 0.40448800 0.82003701 -0.00830026
v -0.15517005 -0.80296272 0.37884563
v 0.38905299 0.82142001 -0.10533200
v -0.27473199 0.82364202 0.29107499
v 0.19700459 0.53943568 -0.36270347
v 0.24061610 -0.83174729 -0.28908369
v 0.39047199 -0.81982100 -0.10631200
v 0.37022600 0.82021201 -0.15770499
v 0.27390936 -0.83173013 -0.25604334
v 0.04150946 -0.82883418 0.38859123
v -0.29248860 0.83092761 -0.25929070
v -0.36107352 0.67219365 0.20024355
v 0.12463624 0.82942307 -0.37462214
v -0.15770499 -0.82031798 0.37027499
v -0.36147469 0.27420470 0.19951841
v 0.32848936 -0.83104122 -0.20799503
v -0.31628057 0.75989461 0.26239282
v 0.20786527 -0.83102804 0.32957548
v 0.20784238 -0.83090293 -0.32793710
v -0.33183649 0.80316281 -0.24230939
v 0.11648109 0.83161277 -0.35326806
v 0.35497299 -0.82044500 -0.19090600
v -0.24133997 0.83065873 -0.30836830
v -0.40377301 0.81962597 -0.02490080
v 0.34115800 0.82343900 0.20912901
v 0.30618894 0.82200396 0.26097909
v -0.20953573 -0.83098978 0.32583162
v 0.24146812 0.80062884 -0.33208802
v -0.25250399 0.81736398 0.31857899
v -0.05812068 -0.82930028 0.38839164
v 0.09459508 0.83092809 0.37922499
v 0.04150130 -0.81967503 -0.40287799
v 0.20723417 -0.81279546 0.35326555
v -0.35635090 0.83035749 -0.13749595
v -0.32278505 0.83132982 0.18355562
v -0.23963620 -0.52462119 0.33334112
v 0.09477364 0.81157613 0.40035638
v 0.00005013 0.80098385 0.41229478
v 0.31728807 -0.83177871 0.18494400
v 0.34647566 0.83059472 -0.17564481
v -0.40377301 0.81962597 0.02490080
v 0.02490080 -0.81992102 -0.40377101
v 0.35103348 -0.30719134 -0.21494579
v 0.36697999 0.83044899 0.13711300
v 0.01693426 0.80509788 -0.41086882
v -0.34114161 -0.83042252 0.19104898
v 0.19090600 0.82032198 0.35500100
v -0.01681578 -0.80049443 0.41169637
v 0.00028666 0.83156735 -0.36637640
v 0.39652517 0.80502754 -0.10517489
v -0.24235623 -0.83058447 -0.30936188
v 0.01778279 0.28435200 -0.41192713
v 0.12463575 -0.82988077 0.37376475
v 0.34576949 0.80137753 0.22223017
v -0.38321218 0.81010181 -0.14114489
v 0.27390924 0.83147842 0.25605941
v 0.18733695 0.83155251 -0.32790411
v 0.02501796 0.81640726 0.40704775
v -0.09295268 -0.81356299 0.40037331
v -0.35163599 0.81730002 0.20472801
v 0.28172126 0.79831320 -0.29571244
v 0.27096209 0.81323743 -0.30377597
v 0.25976673 0.83080614 -0.29297146
v -0.25845978 -0.83109349 0.29167530
v 0.36741301 -0.81724799 0.17138401
v 0.35037163 0.80427819 -0.21543600
v 0.40379199 0.81992197 -0.02490080
v -0.15039164 -0.83177054 0.33984071
v -0.39011201 0.82716298 0.04150130
v 0.14370163 -0.83098525 -0.35959738
v -0.15782085 -0.83008087 -0.35898480
v 0.37592825 0.83069402 0.10795340
v -0.02491411 0.82930672 0.38757440
v -0.39012799 -0.82630098 0.07470240
v 0.41084579 -0.80065340 0.02495729
v -0.02490080 0.81962597 -0.40377301
v 0.34359506 -0.83164465 0.15770954
v 0.09130290 0.82372302 0.39024100
v 0.38880068 0.82841033 0.05811456
v 0.38831419 -0.82957393 -0.00830095
v -0.07485583 0.81495059 0.40285069
v 0.38912278 0.82891285 -0.00830256
v -0.39011201 0.82744801 0.02490080
v 0.23564634 -0.39133653 -0.33667693
v -0.19102761 -0.83035249 -0.34143978
v 0.40194201 -0.81930900 0.05810190
v 0.15594792 -0.79776454 -0.37946281
v 0.40446699 -0.82011998 -0.00830026
v 0.22410774 0.83142364 0.30549514
v 0.28642100 -0.81835699 0.28685200
v 0.36677149 0.80823511 -0.18198681
v -0.37029299 0.82006103 0.15770499
v 0.40377599 -0.82001001 0.02490080
v 0.19102900 -0.83040500 0.34127066
v 0.17543140 -0.82268476 -0.36098334
v -0.37722242 -0.83083040 -0.10431058
v 0.26332191 -0.78714335 -0.31199640
v -0.39715931 0.80505151 0.10612623
v 0.15770499 -0.82031798 0.37027499
v -0.40029627 0.81339717 0.09384318
v 0.24140829 -0.83080214 -0.30836505
v 0.05811781 -0.82853842 0.38849366
v 0.31858015 -0.81020850 -0.25847885
v -0.26361236 -0.78664017 -0.31172901
v 0.23034349 -0.83146363 0.31304619
v -0.34450775 0.83053207 -0.17409226
v 0.02490080 -0.82001001 0.40377599
v 0.39011201 -0.82647598 -0.07470240
v 0.32504714 -0.82979876 0.22432080
v -0.35203737 -0.81268531 0.20954008
v -0.26968500 0.81791300 0.30250800
v 0.36196509 0.12363245 0.19856982
v 0.36665064 -0.80838990 0.18221048
v -0.35722101 0.82346702 -0.17540701
v -0.39013100 -0.82727301 0.05810190
v -0.10304541 0.83104956 0.35313049
v 0.20838274 0.83077967 -0.32935986
v 0.27269304 0.08850605 0.30646735
v -0.02811692 -0.63192445 0.41065553
v -0.38537300 0.81903899 -0.12450400
v 0.29050899 0.83145398 0.24070799
v -0.38887170 -0.82870948 0.02490474
v -0.05810190 -0.81930900 0.40194201
v -0.25068119 0.83145779 0.27314237
v 0.04391867 -0.79890591 -0.40843347
v -0.37456501 0.82139099 0.14128301
v -0.21437392 -0.74694484 0.35134029
v 0.05811158 -0.82844323 -0.38880333
v 0.31287944 -0.80219632 0.26275229
v 0.09130917 -0.83061087 -0.37994286
v 0.29428253 -0.83117759 -0.25764126
v -0.12494168 0.81472450 0.38849023
v 0.40289700 0.81965202 -0.04150130
v 0.32716900 -0.82809597 -0.22410700
v 0.14115936 0.80954516 0.38312206
v 0.12470107 0.80164421 -0.39149129
v 0.03683084 -0.83070946 -0.37693715
v 0.36110553 0.35682967 -0.20040312
v 0.19090600 -0.82044500 0.35498199
v -0.24166857 0.80097270 0.33189413
v 0.38897830 -0.82870054 -0.04150805
v -0.00835821 -0.81661713 -0.40795270
v 0.19978645 -0.57279968 0.36133936
v -0.12776381 0.81554556 -0.38704932
v 0.22861807 -0.83092844 -0.31762671
v -0.24835089 0.83123738 0.29777369
v 0.29032099 0.83080500 0.25712001
v 0.23998399 0.83054668 -0.31104931
v -0.41194558 -0.80134785 -0.00831671
v 0.19800070 0.00744954 -0.36222053
v -0.15789020 -0.83023196 0.35939834
v 0.22410700 -0.82809597 -0.32696599
v 0.35322878 -0.81316835 0.20710902
v -0.31073305 0.22604655 -0.26865256
v 0.33173460 -0.80305207 -0.24247776
v 0.38903931 0.82893491 0.00830090
v -0.19252233 -0.70554036 -0.36477458
v 0.41211286 -0.78039235 -0.01549528
v 0.30856663 -0.83090121 -0.24183351
v -0.00830026 0.81973600 0.40445200
v -0.00148880 0.73677528 -0.41324109
v 0.35197294 0.81344378 0.20914218
v -0.33375800 -0.83062297 0.20258400
v 0.37779757 -0.80516988 -0.15343250
v -0.38648105 0.82847440 -0.02490442
v 0.37779546 0.80500716 0.15348074
v 0.27345762 -0.82607591 -0.28980154
v -0.23730420 0.56480271 0.33530483
v -0.32332101 0.82272202 0.24026500
v -0.24086438 0.80504489 -0.33182561
v 0.37020901 -0.82030201 -0.15770499
v 0.00830026 -0.81999201 -0.40445301
v -0.14214064 0.83083498 -0.36125979
v 0.40991184 0.80109507 0.03275538
v -0.19090600 0.82032198 0.35500100
v -0.27538529 -0.83114696 0.27539560
v 0.31886899 -0.83077103 -0.22410700
v 0.25877911 0.80856198 0.31837696
v -0.37159035 0.82955205 0.00001189
v 0.10795665 -0.83071393 -0.37777421
v -0.30238870 0.75386208 -0.27643645
v 0.13305584 -0.78390735 -0.38925773
v 0.00830354 -0.82961851 0.38813984
v -0.30280730 -0.83159244 0.24127539
v -0.12847897 -0.81840521 0.38483503
v -0.10650372 0.82979476 0.37041590
v -0.19112168 0.83064348 -0.34107292
v -0.29589996 -0.83075118 -0.25811610
v 0.36518413 0.83131921 -0.12451078
v -0.05811632 0.82830322 -0.38876009
v 0.30545318 0.83143091 0.22410820
v 0.33289197 0.80938482 0.23943482
v 0.07473705 0.82747501 0.38907659
v -0.15579095 0.79994285 0.37943259
v -0.37456501 0.82139099 -0.14128301
v 0.22410811 -0.83164525 -0.30553511
v 0.04150130 0.81934100 -0.40289399
v 0.32332101 0.82272202 -0.24026500
v -0.31264842 -0.75388962 -0.26660359
v 0.38894480 -0.82842004 -0.05811486
v 0.34556469 -0.83105737 -0.17526278
v -0.37178499 0.82820910 -0.12458265
v -0.39964089 0.78396118 0.10235946
v -0.37075397 0.82961690 0.06766957
v -0.40445200 0.81973600 -0.00830026
v -0.39879149 -0.19098766 -0.10799571
v -0.32735887 -0.83093524 -0.21102732
v -0.32039207 0.81350225 0.25505424
v 0.21939701 0.80842203 -0.34687322
v 0.33551311 0.67223966 0.23705506
v -0.40289399 0.81934100 0.04150130
v -0.23960622 -0.83076996 0.30994827
v 0.38910669 -0.80047500 -0.12603737
v 0.09133596 0.80152804 -0.40135634
v 0.39047199 -0.81982100 0.10631200
v -0.17466959 0.83045059 0.34610942
v 0.30167422 -0.80527371 -0.27738109
v -0.19090600 0.82032198 -0.35500100
v -0.05813607 0.80176419 0.40641654
v -0.41184613 0.80217016 0.00831422
v 0.25367501 -0.81787401 0.31905901
v -0.36817336 0.81217355 -0.17626515
v 0.17627913 0.81186467 0.36818036
v 0.30838743 0.83062196 0.24137092
v -0.23987199 0.82251799 0.32293999
v 0.07485648 0.81459570 -0.40294409
v 0.22432575 0.82967532 0.32466134
v -0.28051469 0.78566456 0.29643250
v -0.17415532 -0.81158400 0.36909640
v -0.26871100 0.83040601 0.28466201
v 0.25834301 -0.82370400 0.30777499
v -0.29055628 -0.82270908 -0.27806127
v 0.28514400 -0.83056599 -0.26842701
v -0.34117699 -0.82357901 -0.20918199
v -0.20890200 0.82343900 0.34097600
v -0.35203514 0.81242949 -0.20971890
v 0.30081901 -0.83175325 0.21910985
v -0.33229932 -0.28072783 -0.24140961
v -0.23695546 -0.42339501 -0.33559567
v 0.05125374 -0.78340417 0.40760878
v -0.31177697 0.83036500 0.24076505
v -0.12445021 -0.73215419 0.39250898
v -0.40437752 -0.81579882 -0.05824654
v 0.04150929 0.82920086 0.38863215
v 0.27349147 0.82717299 -0.28980970
v 0.27033401 0.81839198 0.30361101
v -0.19090600 0.83149898 -0.32370999
v 0.29017627 0.82211012 -0.27907211
v 0.35783800 -0.82358301 -0.17628101
v -0.34687948 -0.83175778 -0.12896135
v -0.34097600 0.82343900 0.20890200
v 0.23564634 0.52169245 -0.33667693
v 0.09454010 -0.81178468 -0.40038046
v -0.02490654 0.82936257 -0.38848895
v -0.15793110 0.83077109 -0.35785651
v 0.38297400 0.81610799 -0.13570701
v -0.04151246 0.82826042 0.38806355
v -0.25601837 -0.82608753 0.30563948
v 0.34061563 0.83043420 0.19106047
v -0.38306701 0.81619400 0.13586800
v -0.35864326 0.83014017 0.12326441
v 0.05824536 -0.81597894 -0.40435100
v -0.02490595 -0.82953429 0.38834238
v 0.21494441 0.80493897 0.35061082
v -0.27390900 0.83144200 -0.25730801
v -0.24070832 -0.83174711 -0.28439355
v -0.25826171 -0.80517137 0.31625488
v -0.35096842 -0.82980978 -0.17600732
v -0.19108933 -0.83032537 0.34234855
v 0.40448800 0.82003701 0.00830026
v -0.33772701 0.81966501 0.22410700
v -0.35954225 -0.70187789 -0.20273817
v 0.02490148 0.82855648 0.38926733
v 0.25771630 -0.83101988 0.29589549
v -0.34563828 0.83022904 0.17465976
v 0.07470240 -0.81818700 0.40098399
v 0.12468437 0.82917529 0.37563679
v -0.20954069 -0.81205714 0.35214260
v -0.09380341 0.81284595 0.40041772
v 0.26797765 -0.50639766 0.31137767
v -0.19806412 0.55527568 0.36218908
v -0.30552498 0.83138895 -0.22410756
v -0.02490080 -0.82001001 0.40377599
v 0.18988913 0.80572611 -0.36378503
v 0.25669387 -0.80956793 -0.31726596
v 0.23302096 -0.35126993 0.33837277
v 0.07722044 -0.79935318 0.40402290
v 0.31654000 -0.83043897 -0.23404300
v 0.36752999 -0.82432747 0.15802824
v 0.35050347 -0.78328460 0.21575391
v -0.19895539 0.42323199 0.36174405
v -0.27394697 0.82545561 -0.29024246
v -0.31905901 0.81777197 -0.25367501
v 0.32234260 -0.83176899 -0.19090614
v 0.30361101 -0.81846797 -0.27033401
v -0.36115432 0.26552701 -0.20013753
v 0.18551682 -0.83176804 -0.30650812
v 0.07486385 0.81462592 0.40301242
v 0.17008799 0.83043498 0.35054201
v 0.32333300 -0.82283098 -0.24025300
v 0.36238560 -0.16561548 -0.19755039
v -0.30579421 0.83145785 -0.20471691
v 0.19127466 0.82406747 -0.35206997
v -0.22410700 0.82796502 -0.32684800
v -0.27611959 -0.78697819 0.30036968
v -0.37351200 0.82719201 0.12450400
v -0.24070799 0.83144999 -0.29050899
v -0.24179852 -0.80526221 -0.33151391
v -0.41186211 0.80218112 -0.00831581
v -0.39011201 0.82324100 0.09130290
v 0.32481766 -0.80526114 0.24953270
v 0.17509362 -0.83091295 -0.34495661
v 0.33647001 -0.83090901 -0.19090600
v 0.39026901 0.82822299 -0.02490080
v -0.27415514 -0.80930656 0.30139181
v -0.37035534 0.82980156 -0.10791668
v -0.33259249 -0.80013067 0.24152935
v 0.35583705 -0.83178055 0.11878391
v -0.39011201 0.82575399 0.07470240
v 0.14086068 0.81123608 -0.38321775
v 0.17629699 -0.82359302 0.35784400
v 0.39018899 0.82367700 -0.09130290
v -0.41254348 0.54821712 -0.01199556
v -0.32333300 -0.82283098 0.24025300
v 0.05823372 0.81542748 -0.40436399
v -0.38491467 -0.81851292 0.12754935
v -0.20922573 0.81359637 0.35204652
v -0.35643345 0.82930583 -0.15778081
v 0.36323953 -0.08860840 -0.19571657
v 0.36280459 -0.83084255 0.14287813
v 0.14215426 -0.83102560 0.36339423
v 0.15770499 0.82022798 0.37029299
v -0.40287560 -0.81524295 -0.07486115
v 0.26871100 0.83040601 0.28540501
v -0.35722101 0.82346702 0.17540701
v 0.29041740 -0.83174157 -0.23911586
v -0.34090126 0.82998401 -0.19102824
v 0.36242840 -0.83103228 -0.14212000
v 0.35970315 0.83093762 0.14381729
v -0.38813052 -0.82942903 -0.04151372
v 0.40289700 0.81965202 0.04150130
v 0.20918199 -0.82357901 0.34117699
v 0.29534101 -0.83067155 0.25753987
v -0.24059154 -0.80520684 0.33202416
v 0.40379199 0.81992197 0.02490080
v 0.34031099 -0.83173603 -0.15770499
v 0.26248747 -0.83176488 0.26231381
v -0.35498199 -0.82044500 0.19090600
v -0.37437534 -0.82995307 -0.12467838
v 0.38918710 0.82863271 -0.04150861
v -0.32626158 -0.83103311 0.20995948
v -0.20833272 -0.81430274 -0.35221779
v 0.12450400 0.81912100 -0.38537300
v -0.22816555 0.81886160 -0.33678171
v -0.39011201 0.82673103 0.05810190
v 0.37930301 0.83070350 0.09338457
v 0.02520150 0.19082475 -0.41101703
v 0.10543300 0.82140100 0.38912600
v -0.40442500 -0.81981701 -0.00830026
v 0.04164613 0.81629890 0.40566397
v -0.36115432 0.32362866 0.20013753
v -0.32244590 -0.83176571 0.18742603
v -0.39011201 0.82324100 -0.09130290
v 0.36481792 -0.78412497 0.19217177
v 0.39011201 -0.82829899 -0.02490080
v 0.25730801 0.83145398 0.27390900
v -0.37385800 -0.82308799 -0.14194299
v -0.19895539 0.36513001 -0.36174405
v -0.31453902 -0.33209202 -0.26488256
v -0.29009041 -0.82677358 0.27345240
v 0.38008654 -0.80230749 0.14964929
v 0.37386599 0.82293302 0.14194299
v 0.22672790 0.81933504 0.33735284
v 0.26797765 0.13272263 0.31137764
v -0.35500100 0.82032198 0.19090600
v -0.19816494 -0.45578894 -0.36212224
v -0.18469130 0.78511322 -0.36840773
v -0.17629699 -0.82359302 0.35784400
v 0.24031489 -0.74836421 -0.33275175
v 0.41091523 -0.80525982 -0.01632913
v 0.38713169 0.81668913 -0.12489419
v -0.15048692 -0.79957157 -0.38188681
v -0.17633545 0.81151050 -0.36827582
v 0.22426032 -0.83012861 0.32339093
v -0.37608904 -0.83071834 0.10817263
v 0.37846696 -0.83055323 0.10795572
v -0.20912901 0.82343900 -0.34115800
v -0.26968500 -0.81797600 -0.30250800
v 0.24026500 0.82272202 0.32332101
v 0.26386252 0.58093697 0.31547070
v 0.11024480 -0.14973870 0.39815876
v 0.09130290 -0.82382798 -0.39011201
v -0.07486159 -0.81535947 0.40283862
v -0.30361101 0.81839198 0.27033401
v -0.17486407 -0.82182741 -0.36108595
v -0.36147469 -0.00800440 -0.19951841
v 0.21604170 -0.78649646 -0.35021344
v 0.25873557 -0.83101279 -0.29195157
v -0.19895539 -0.06648364 -0.36174405
v 0.25250399 0.81736398 -0.31857899
v -0.17510992 -0.83092618 0.34486321
v 0.39018899 0.82367700 0.09130290
v 0.12844512 -0.81841475 -0.38484284
v -0.38674805 0.77464539 -0.13965750
v -0.37365836 -0.82978016 0.12464941
v 0.31856999 -0.81744897 0.25249699
v -0.02490080 -0.81980401 -0.40375799
v -0.10795256 -0.83060616 0.37811548
v -0.25936937 0.80152076 0.31610537
v -0.19895539 -0.09138437 0.36174405
v 0.40446699 -0.82011998 0.00830026
v -0.36586797 -0.80790204 0.18447581
v 0.33216766 0.80503154 -0.24106586
v -0.34117699 -0.82357901 0.20918199
v 0.40287799 -0.81972897 -0.04150130
v -0.14774294 0.80484092 -0.38157421
v 0.11760755 0.83161229 0.35634729
v 0.34117258 -0.78364652 -0.22906366
v -0.22770570 -0.81917655 -0.33702382
v 0.36147860 0.74677753 0.19943129
v -0.05810190 0.82691902 0.39011201
v -0.39282951 -0.80518413 0.11794243
v 0.40733445 0.80329281 -0.05011772
v 0.36742401 0.81715500 -0.17141300
v 0.36864629 -0.83168566 -0.05124857
v -0.25995892 -0.83083582 -0.29316396
v -0.12450400 0.82723403 0.37351200
v 0.38775054 -0.82611674 0.09134998
v 0.37827840 0.83086622 -0.07470334
v 0.19090600 -0.83173901 -0.32370999
v -0.15770499 0.82006103 0.37029299
v -0.38908899 -0.82152098 0.10526000
v -0.36221567 -0.83106548 0.14210163
v -0.32772708 0.83080912 -0.20760721
v -0.01922849 0.16387300 -0.41174591
v -0.14999901 -0.83178455 -0.34031171
v 0.27394000 -0.83099002 -0.27394000
v -0.12468223 -0.82935232 0.37557021
v -0.04156575 -0.79997504 0.40873235
v 0.24061094 0.83149356 0.28911883
v -0.22430891 0.72204268 0.34443185
v 0.32782969 -0.06152394 -0.24737889
v -0.30597857 -0.83177263 -0.19744797
v 0.15770499 -0.83173603 -0.34031099
v 0.33772701 0.81966501 0.22410700
v 0.26327100 0.82945901 0.29647201
v -0.23987199 0.82251799 -0.32293999
v 0.02328887 0.43368098 -0.41124889
v 0.34282812 -0.83023185 0.19106224
v -0.19090600 -0.82044500 0.35498199
v -0.20779903 0.81104147 -0.35332915
v -0.14202400 0.82297701 -0.37388799
v 0.20722628 0.81274199 -0.35327277
v 0.18516122 0.78483570 -0.36817285
v -0.38659155 0.82830709 -0.04150842
v 0.35499200 0.82032198 0.19090600
v 0.32286802 0.83158523 -0.18378970
v 0.24183224 -0.80146933 0.33224419
v -0.35895821 -0.83044368 -0.15786821
v -0.35330400 0.80665898 0.20915900
v -0.39788988 -0.78499264 -0.10858840
v 0.35499200 0.82032198 -0.19090600
v -0.00830450 -0.82952327 -0.38834971
v 0.17597203 0.81295615 -0.36810631
v 0.35839793 -0.83022559 -0.15784311
v 0.32684800 0.82796502 0.22410700
v 0.37794888 0.79656744 -0.15618475
v 0.28466201 0.83040601 0.26871100
v -0.25601354 0.83147025 -0.27390921
v 0.24025300 -0.82283098 0.32333300
v 0.13698199 -0.83061498 -0.36693501
v -0.15770499 -0.82031798 -0.37027499
v -0.29086897 0.82565010 -0.27425197
v -0.10543300 0.82140100 -0.38912600
v 0.21897101 -0.80918127 -0.34740925
v -0.38753876 -0.81691754 -0.12490038
v 0.37737095 -0.83069813 -0.10795498
v -0.41060969 0.80232006 -0.02494231
v -0.12450400 0.82742101 -0.37712899
v -0.18982819 -0.73820394 0.36593166
v 0.38721004 -0.81657040 0.12491801
v -0.03308385 -0.80062234 -0.40986428
v -0.10639200 0.81943703 0.39054799
v -0.40445200 0.81973600 0.00830026
v -0.07486664 0.81421572 -0.40312842
v -0.09148778 0.82153565 -0.39442524
v 0.30709901 -0.82324600 0.25742501
v -0.12450400 0.83073801 -0.36882901
v 0.37456524 -0.78525221 0.16543776
v 0.17268407 -0.83177090 -0.32364395
v 0.32347175 0.83160365 0.17076653
v -0.36115432 -0.43999550 -0.20013753
v 0.33512548 -0.81249291 0.23617718
v 0.07470333 -0.83051521 -0.38021311
v -0.00925178 -0.51469803 -0.41259152
v -0.00836942 0.75673717 0.41259858
v 0.15782608 -0.83035815 0.35810241
v 0.30777499 -0.82370400 -0.25834301
v -0.38165092 -0.80578440 -0.14695635
v -0.39054799 0.81943297 0.10639200
v 0.37968773 -0.83051300 0.00830033
v 0.07486375 -0.81506228 -0.40292373
v -0.15015396 0.78433722 -0.38242450
v 0.24263389 -0.83080250 0.30940303
v -0.40043554 0.81275547 -0.09328595
v -0.30361101 -0.81846797 -0.27033401
v 0.19890451 -0.61430103 -0.36176962
v 0.33551311 -0.24078931 0.23705506
v -0.36115432 0.43153217 -0.20013753
v -0.05824705 0.81507826 -0.40457553
v -0.05571675 0.83008748 0.37322381
v 0.20918199 -0.82357901 -0.34117699
v 0.01642730 -0.80136138 -0.41159761
v 0.18247306 -0.80804855 -0.36675626
v -0.20763832 0.83075130 -0.32751474
v -0.30361101 -0.81846797 0.27033401
v -0.40597895 -0.78247446 -0.06320018
v -0.39012399 -0.82382500 0.09130290
v 0.35783800 -0.82358301 0.17628101
v 0.25618410 -0.82578903 -0.30581221
v 0.15790753 -0.83051962 -0.35870081
v 0.14194299 -0.82309300 -0.37386101
v -0.40289399 0.81934100 -0.04150130
v 0.22933131 -0.81861413 0.33635145
v 0.31338122 -0.74696887 -0.26582637
v 0.39247283 0.78509575 -0.11707429
v -0.41078600 0.80135745 0.02495568
v -0.37385800 -0.82308799 0.14194299
v -0.10936178 -0.83048010 -0.37762943
v 0.23591875 0.78535014 0.33631423
v 0.38385347 -0.81223392 0.13686122
v -0.39879149 0.05802035 0.10799572
v 0.26468921 -0.18239951 0.31464836
v 0.14963092 -0.80291975 0.38143435
v 0.33770999 -0.81979603 0.22410700
v 0.19978645 0.08292116 0.36133936
v -0.40287501 -0.81942201 0.04150130
v -0.08457147 0.78333318 -0.40285289
v -0.08228173 0.77787822 0.40331757
v 0.09197669 0.25878873 0.40179273
v 0.10637400 -0.81987703 -0.39054099
v 0.33770999 -0.81979603 -0.22410700
v -0.29341736 -0.78609222 0.28473043
v -0.23455045 -0.29059067 0.33756834
v 0.32509056 0.82969499 -0.22430892
v 0.19800070 0.59000653 -0.36222053
v 0.38913894 0.82837802 -0.05811809
v 0.00692511 -0.75887215 0.41275933
v 0.19107591 0.82999754 0.34271055
v -0.00830635 0.82914275 0.38815600
v -0.22771363 0.83089471 0.31550169
v 0.38887879 -0.82871395 0.04150855
v 0.17141600 -0.81726700 0.36745301
v 0.37383801 -0.82304603 0.14186500
v -0.26030779 0.83062065 0.29351246
v 0.12765922 -0.81446546 0.38725638
v 0.15770499 0.82022798 -0.37029299
v 0.23841353 -0.62260133 -0.33437192
v 0.36697999 0.83044899 -0.13711300
v 0.33420748 -0.72220087 0.23859777
v -0.38808650 -0.82931328 -0.05812526
v 0.19651008 -0.33979878 0.36294493
v -0.39879149 -0.53959864 -0.10799572
v -0.31865275 -0.15778658 -0.25961739
v -0.09130290 0.82328701 0.39011201
v -0.17256613 -0.83176994 0.32267368
v 0.05811554 0.82815099 0.38913357
v 0.33520591 0.13321532 0.23741063
v -0.36498371 0.80916083 0.18631832
v 0.09459619 0.81494528 -0.39944661
v -0.18741627 -0.78333235 -0.36737886
v 0.34117699 -0.82357901 0.20918199
v -0.20583345 -0.83177066 0.30600539
v 0.40010563 0.81336683 -0.09408515
v -0.30990621 -0.80518317 0.26859275
v -0.27743572 0.83071405 0.27743277
v 0.40183830 -0.52299833 -0.09121330
v 0.12450400 0.81912100 0.38537300
v -0.35904992 0.83002096 0.14112982
v -0.40287501 -0.81942201 -0.04150130
v -0.27699950 -0.80339271 -0.30006027
v -0.00830026 0.81973600 -0.40445200
v -0.27673438 0.80508226 0.30010417
v -0.40604529 -0.78124863 0.06275834
v 0.40287799 -0.81972897 0.04150130
v -0.27401337 0.80976456 -0.30134323
v 0.10796131 -0.83077830 0.37740272
v 0.20579079 0.83159274 0.30594456
v -0.38820437 -0.82949650 0.00830118
v -0.40196499 0.81891000 0.05810190
v 0.14378837 -0.80627942 -0.38291740
v 0.37386599 0.82293302 -0.14194299
v -0.14290847 -0.83098555 -0.36332342
v 0.19257054 -0.69879341 0.36476320
v -0.12156110 0.61605722 0.39384398
v -0.37916368 0.80082333 -0.15608543
v 0.36154377 -0.11628505 0.19948155
v 0.38821545 -0.82956719 0.02490763
v -0.19564994 -0.34039232 0.36334506
v -0.38796610 -0.82906640 -0.07476726
v -0.10719919 0.80123210 0.39753050
v 0.37679592 -0.83119130 -0.09130886
v -0.19104688 0.80291802 0.36425987
v 0.38885367 -0.82837647 0.05811591
v 0.24078821 -0.80520785 -0.33187199
v -0.29366085 -0.80191582 -0.28497344
v 0.27750507 0.82300609 0.29096848
v -0.40421030 -0.81579590 0.05823256
v 0.40194201 -0.81930900 -0.05810190
v -0.38537300 0.81903899 0.12450400
v 0.39950040 0.81069911 0.09719788
v 0.34294358 0.83000511 -0.19105680
v -0.15770499 0.82022798 -0.37029299
v 0.40183404 -0.71390474 -0.09120741
v -0.28169283 -0.83145815 -0.26501867
v -0.14377519 -0.80626816 0.38292581
v 0.21666639 -0.78710604 0.34988782
v 0.38831750 0.82768738 0.07472956
v 0.41195399 -0.80148709 0.00831635
v -0.20918199 -0.82357901 0.34117699
v 0.13987330 -0.83176917 -0.33950064
v -0.24607354 0.78419548 -0.32776573
v 0.17630000 0.82346702 0.35785699
v 0.36789310 -0.81257981 -0.17623252
v 0.32922339 0.83056581 -0.20837294
v 0.40755078 -0.80195725 -0.04926469
v -0.33916834 -0.83176565 0.15770513
v 0.22426170 0.82983142 -0.32328412
v 0.31298432 -0.23248726 -0.26640007
v -0.40287045 -0.81468064 0.07485501
v 0.02431544 -0.83090729 0.37920162
v -0.34558037 -0.83105642 0.17523603
v -0.29568094 0.83143407 0.23057908
v 0.19109663 -0.83043540 -0.34207141
v 0.22535765 -0.72463787 -0.34369826
v -0.25249699 -0.81744897 0.31856999
v 0.30071300 0.83040601 0.25146100
v 0.38519901 -0.81920397 -0.12450400
v -0.08470977 0.82997984 0.37273133
v 0.30250800 -0.81797600 0.26968500
v 0.23998126 0.83074957 0.31015235
v -0.02170105 -0.64667046 -0.41141856
v 0.40870404 -0.80062538 0.04156426
v 0.40215200 -0.09948258 0.09003276
v 0.39011201 -0.82376897 -0.09130290
v -0.37983653 -0.83074164 0.09357828
v -0.27322334 -0.82650208 0.28955573
v 0.11180861 -0.32379168 -0.39747393
v -0.33236259 -0.80041569 -0.24150813
v -0.09453837 -0.81069911 -0.40074196
v -0.29612601 0.83058757 0.25838402
v 0.31454179 0.35682967 -0.26487952
v -0.37048995 0.78239447 -0.17886555
v 0.02182731 0.58282858 0.41140589
v -0.18371435 -0.80774546 -0.36626875
v 0.34620935 -0.83081937 0.17584772
v -0.09130753 0.83071518 -0.37842396
v -0.33235887 0.80215114 0.24136123
v -0.10943124 0.14102300 0.39843136
v 0.25756600 0.83080500 0.29076701
v -0.22126831 0.83147299 0.28691119
v -0.29079571 0.82678348 0.27422193
v 0.02490080 0.81962597 -0.40377301
v -0.31808367 -0.83069569 0.22750838
v -0.37029299 0.82006103 -0.15770499
v -0.21991055 0.79885888 0.34756353
v 0.34562451 0.82158047 -0.20771319
v 0.05823787 -0.81516463 0.40454629
v 0.07473554 -0.82781559 0.38810375
v -0.25250399 0.81736398 -0.31857899
v -0.39879149 0.37343034 0.10799573
v 0.19700459 0.48963431 -0.36270347
v 0.22788160 -0.81907278 -0.33686921
v 0.24120739 0.80503196 0.33206701
v 0.40197000 0.81924897 -0.05810190
v 0.14194299 -0.82309300 0.37386101
v 0.31394562 -0.78456843 -0.26481324
v -0.34137052 0.78649575 -0.22865643
v 0.19090600 -0.82044500 -0.35498199
v 0.15309288 0.83052629 -0.35997063
v 0.36196509 0.30623823 0.19856983
v -0.11141386 -0.63920164 0.39758348
v 0.38266349 0.80355775 -0.14222156
v -0.27572021 0.83094186 -0.27573082
v -0.35967299 -0.82280278 0.17560564
v -0.02490080 0.81962597 0.40377301
v 0.41164118 0.52238041 0.02026152
v 0.30017784 0.80002648 0.27672550
v 0.32250527 0.82188696 0.24257205
v -0.04150913 0.82850415 -0.38895646
v 0.36154377 -0.03328256 0.19948155
v 0.04194691 -0.82875812 -0.38786846
v -0.01263009 -0.71706414 0.41253319
v -0.32018226 -0.81465960 -0.25481495
v 0.39680943 -0.78274184 0.10628970
v 0.38802680 0.80172062 0.12872773
v -0.32390085 0.82963210 -0.22426045
v 0.40101701 0.81811899 -0.07470240
v 0.40219682 -0.72777152 0.08966581
v 0.37739721 0.83047956 -0.10907397
v -0.31453899 -0.71390438 0.26488259
v -0.30087301 -0.83056599 0.25194299
v -0.30987519 -0.83063322 -0.24307673
v 0.21842350 0.23408329 0.34860897
v -0.40991017 -0.80108720 -0.03283336
v 0.32487041 0.50403225 -0.25136295
v -0.22124155 -0.83177012 -0.28677154
v -0.16707756 0.83147371 0.32091537
v 0.10947315 0.83041477 -0.37753353
v 0.25910148 0.80508453 -0.31611803
v -0.22822198 -0.81896102 0.33673716
v 0.29121161 0.83089471 -0.26288176
v -0.02490630 -0.82876492 -0.38893870
v -0.04151098 -0.82943058 0.38839799
v 0.17641227 0.82880604 -0.35390517
v 0.11774643 0.79898602 0.39439607
v -0.38816297 -0.82951719 -0.00830371
v 0.09130290 0.82372302 -0.39024100
v 0.13052608 0.71097302 -0.39024711
v -0.29208532 -0.83115774 0.25888744
v 0.35648116 -0.83177316 -0.12049153
v -0.29460326 0.80329347 0.28417474
v -0.28015193 0.78701359 -0.29671174
v 0.00830026 0.81973600 0.40445200
v -0.13067703 0.78360796 0.39021543
v 0.38873151 -0.82748008 0.07473148
v 0.02490679 -0.82886946 -0.38894963
v 0.04164027 -0.81559664 0.40595040
v 0.33643436 0.81857336 -0.22911268
v 0.37600118 -0.82929844 0.12468573
v 0.26797765 -0.24908949 0.31137767
v -0.22891296 0.81866884 0.33657879
v 0.00717206 -0.67403865 0.41278368
v -0.35162300 -0.81741399 -0.20471200
v 0.10839704 0.83047676 0.37615430
v 0.40284231 -0.81494665 -0.07486463
v -0.34243342 0.82981038 0.19103327
v -0.37163889 0.82948005 -0.06693266
v 0.39011201 -0.82841003 0.00830026
v -0.17583431 0.81293768 0.36830109
v 0.20752010 -0.81184334 -0.35324189
v 0.11600057 -0.77522719 0.39574230
v -0.23931587 -0.78415912 -0.33350822
v 0.36557457 0.80787033 0.18485267
v -0.10943124 -0.19098766 0.39843136
v 0.26386252 -0.11628505 0.31547070
v 0.19978645 0.04972010 0.36133936
v -0.14412598 0.80641580 0.38283128
v -0.40020168 -0.81358778 -0.09409603
v 0.41031861 0.78013021 -0.03132079
v 0.32937229 0.69714075 -0.24533260
v -0.38138601 0.80506766 0.14809375
v -0.30361101 0.81839198 -0.27033401
v -0.21571247 -0.63577449 -0.35041696
v -0.36166021 0.17372966 -0.19917771
v -0.36258626 -0.83093804 -0.14227988
v -0.23455046 -0.13288562 0.33756834
v 0.00830026 -0.82011998 0.40446699
v 0.00002404 0.49886766 -0.41329482
v -0.39664385 -0.01489655 -0.11361577
v 0.29098701 -0.82370001 0.27458999
v 0.15787955 0.82996267 0.35984561
v -0.23629339 0.23232600 -0.33614460
v 0.01429917 0.78234202 -0.41217890
v -0.25667265 0.82503736 -0.30626482
v 0.33318871 -0.67400062 0.23981670
v 0.29107499 0.82364202 0.27473199
v 0.04151318 0.82928234 -0.38847417
v -0.37905952 -0.83095533 0.05810269
v 0.37383801 -0.82304603 -0.14186500
v -0.35722041 0.82929188 0.15779674
v 0.00093785 -0.12458556 0.41341406
v -0.41162503 -0.80140698 0.01624840
v -0.17562601 -0.83101469 -0.34661075
v 0.36110553 -0.53129852 -0.20040312
v 0.22883648 0.81867963 -0.33659199
v 0.04154688 0.80142796 -0.40859011
v -0.36772031 -0.78459805 -0.18622221
v 0.35785100 0.82345700 -0.17628400
v 0.33296013 0.83160257 -0.15733868
v -0.34264845 -0.83028996 -0.19106409
v 0.30031517 -0.80161095 0.27637041
v 0.41287720 -0.40230128 0.00745605
v -0.14113383 0.83051211 0.35735798
v -0.41172886 0.42877260 0.01928725
v -0.30777499 -0.82370400 0.25834301
v 0.02490839 0.82937032 -0.38847777
v -0.15779491 0.83012837 0.35492620
v 0.18958808 -0.68908358 -0.36603925
v -0.27383062 -0.83176196 0.25573817
v -0.31453902 0.55603635 -0.26488256
v -0.22760910 -0.83116311 -0.31539959
v 0.00830016 -0.82953930 -0.38834906
v -0.39011201 0.82755798 -0.00830026
v 0.35051948 -0.19590084 -0.21564090
v 0.31770337 0.83040035 0.22756608
v 0.39656365 -0.80147326 -0.10632957
v -0.19895539 0.29872799 -0.36174405
v -0.22410700 0.82796502 0.32682899
v -0.25872621 0.83088911 -0.29194266
v -0.27458999 -0.82370001 -0.29098701
v -0.40442500 -0.81981701 0.00830026
v 0.02490080 -0.82829899 0.39011201
v 0.26523951 0.78378034 0.31364822
v -0.24060279 -0.83175844 0.28894413
v -0.04649839 0.78226340 -0.40820312
v -0.22410813 0.83143282 -0.30543098
v 0.36154377 -0.29889101 0.19948155
v -0.23628066 -0.48149356 -0.33614171
v -0.41333205 -0.69774741 0.00075110
v -0.30982119 0.50483358 0.26952633
v -0.39879149 -0.29059067 -0.10799572
v -0.33703804 0.81903327 -0.22770226
v 0.02536123 -0.74485081 -0.41099277
v 0.07473276 0.82731849 -0.38893148
v -0.39137194 0.80134320 0.12464897
v 0.34350541 -0.82258415 -0.20840155
v 0.36729106 0.78431690 -0.18623027
v -0.18282859 -0.83178955 -0.32284153
v -0.23841560 -0.09138095 -0.33435908
v 0.34003368 0.83157080 0.15399683
v -0.39943528 0.72743905 -0.10500026
v -0.37132916 0.82954240 0.10793082
v -0.36045662 -0.71355247 0.20122394
v -0.01491650 0.23589160 -0.41231397
v -0.10235251 0.80663139 -0.39836082
v -0.28838718 0.81257743 -0.28789425
v -0.11022798 -0.75871038 -0.39743957
v -0.10290762 -0.83177662 -0.35446015
v 0.09140334 -0.82152987 0.39374572
v 0.23325904 0.34363702 0.33819553
v 0.06975958 -0.70142114 0.40509611
v 0.13075979 0.64479363 0.39016631
v -0.20285356 0.46473351 0.35962135
v 0.23728283 0.01698796 -0.33532256
v -0.30097201 0.83040601 -0.25220400
v -0.36115432 -0.22418867 0.20013753
v 0.15617323 0.80082583 -0.37908396
v -0.17541701 0.82346702 0.35722500
v 0.12470226 -0.82989055 -0.37453395
v -0.30782500 0.82361501 0.25847301
v -0.03318356 0.80057281 0.40985242
v -0.23567456 0.52397215 -0.33665374
v 0.19978645 -0.02498229 0.36133936
v -0.07473104 -0.82735503 -0.38880575
v -0.35071319 0.78080535 0.21536797
v 0.36115998 0.83082730 -0.14523560
v -0.11141386 -0.04158285 -0.39758348
v 0.31905901 0.81777197 -0.25367501
v -0.06012832 -0.79967695 0.40633482
v 0.34926927 -0.80649692 -0.21652265
v -0.07474976 -0.82989174 0.38808456
v -0.31837130 0.14102300 -0.26011848
v -0.32333300 -0.82283098 -0.24025300
v 0.11451079 -0.52299833 -0.39626876
v -0.39974177 0.73982447 0.10326337
v 0.25730801 -0.83169597 -0.27390900
v -0.35039893 -0.80564350 -0.21510610
v 0.31608072 0.80008948 0.25940964
v -0.39054799 0.81943297 -0.10639200
v -0.39132112 0.80271345 -0.12468219
v 0.15770526 0.83158338 0.33904213
v -0.31779435 0.80186993 -0.26084980
v -0.35515928 -0.83177793 -0.09765857
v 0.23626760 0.34852949 -0.33616590
v -0.31453902 0.45643333 0.26488256
v -0.04150949 -0.82851315 -0.38895041
v -0.23730420 -0.23202278 0.33530483
v 0.28860688 -0.78658670 -0.28911358
v 0.19798145 0.15762350 0.36223340
v 0.27690068 0.80501068 0.30143848
v 0.00001434 0.64494693 0.41316900
v -0.32350042 0.83125651 -0.18738934
v -0.33410501 0.81660497 0.23540500
v -0.40428790 0.80189764 -0.07473839
v 0.41215250 0.79983240 0.00832260
v 0.39649209 -0.80520505 0.10541555
v 0.33420643 -0.47319666 0.23861149
v 0.19890451 -0.47319666 -0.36176962
v 0.26968500 -0.81797600 -0.30250800
v -0.18686305 -0.80882055 0.36478639
v -0.23567456 -0.37245646 0.33665374
v -0.13984990 0.82005793 0.37691298
v -0.40375200 -0.81971300 -0.02490080
v -0.19442953 -0.68688989 0.36391288
v 0.19651008 -0.25738966 0.36294493
v -0.40761974 0.80159301 -0.04946038
v -0.25624105 -0.83176702 -0.26577917
v -0.23794410 -0.62409413 0.33478203
v 0.27428278 -0.73871082 0.30475855
v -0.14194299 -0.82308799 -0.37385800
v -0.37093842 0.82966471 0.09130726
v 0.36110553 -0.47319666 -0.20040312
v -0.23567456 -0.17325047 0.33665374
v 0.19727287 0.37400341 0.36258125
v 0.40426379 0.81582767 0.05823126
v -0.35860839 -0.81771153 -0.19169231
v -0.14194299 -0.82309300 0.37386101
v -0.38305399 -0.81628102 -0.13583700
v -0.05221863 0.83150160 -0.36868078
v -0.31030867 0.83076149 -0.24055327
v -0.23794410 -0.67090988 0.33478203
v -0.21468765 0.78476048 -0.35116822
v -0.10943124 0.63903868 -0.39843136
v 0.32244769 -0.83177042 -0.17101474
v 0.28462455 -0.80161768 0.29375336
v -0.20258400 -0.83062297 0.33375800
v 0.01647764 -0.80090451 0.41169551
v -0.07470240 0.82587099 0.39011201
v 0.24194522 -0.62788129 0.33189502
v 0.31454179 -0.44829601 -0.26487952
v 0.40183830 -0.23248900 0.09121329
v -0.04150130 -0.81947798 -0.40287501
v -0.30982119 0.22262456 0.26952633
v -0.12451344 0.83064258 0.35906217
v -0.37054536 0.82977426 -0.09130605
v -0.19834056 0.75200021 0.36196566
v -0.39011201 0.82575399 -0.07470240
v -0.19758554 -0.39849418 0.36242309
v 0.40290493 0.81473309 0.07486521
v 0.00004060 -0.00838176 0.41337448
v 0.41187590 0.41731292 -0.01790569
v 0.23626758 0.41493180 -0.33616590
v 0.11338186 0.73684818 0.39687857
v 0.31112006 0.83093065 -0.23856787
v -0.31453902 -0.02498229 0.26488256
v -0.21995273 -0.79897225 -0.34753248
v -0.09147727 -0.82801574 0.38805676
v -0.19100954 0.82991099 0.34134969
v -0.31192052 0.80108774 0.26760218
v -0.10526000 -0.82152098 -0.38908899
v -0.24300724 -0.68894857 -0.33040488
v -0.21432824 0.68884051 -0.35137114
v 0.35745212 0.83049268 0.15786497
v -0.36019734 -0.05478622 -0.20180883
v 0.05824396 0.81577027 0.40434068
v 0.11584302 -0.72319210 0.39577356
v -0.29316902 -0.80517000 0.28464133
v 0.24103430 0.16445264 0.33257347
v -0.12474813 -0.79825389 0.39185703
v 0.27406320 -0.82675576 0.29068792
v 0.23727140 0.21619095 -0.33532116
v -0.41341475 -0.30695561 0.00084062
v -0.23987199 -0.82261902 -0.32295299
v -0.10595869 0.83160841 -0.35581049
v 0.30632380 0.82719767 -0.25706404
v 0.19751501 -0.36529300 -0.36245781
v -0.20231493 -0.78428549 0.35941452
v 0.20009649 0.49793449 0.36109447
v -0.33084852 -0.83161634 -0.19918308
v 0.26386252 0.49793452 0.31547070
v 0.33013257 -0.62963831 -0.24433647
v 0.31733093 0.80502796 -0.26035550
v 0.20912901 0.82343900 -0.34115800
v 0.40215200 0.04992206 0.09003276
v -0.06980660 0.47303370 0.40509370
v 0.26509675 -0.58836049 0.31430951
v 0.19823480 0.26467153 -0.36210492
v -0.00101040 -0.45618182 -0.41331503
v 0.40021196 -0.81334859 0.09362892
v 0.24108596 -0.78524095 -0.33199611
v 0.23626760 -0.33209199 -0.33616590
v 0.35985622 0.83004069 -0.15785971
v -0.14199470 -0.83093286 0.36161554
v 0.23810156 -0.19000077 -0.33462879
v 0.37655008 -0.78617740 -0.16011590
v -0.23987199 -0.82261902 0.32295299
v 0.27918014 -0.83075333 0.27444920
v 0.29395446 0.80509573 -0.28455794
v 0.36066917 0.43097654 0.20137489
v -0.04150130 -0.81972897 0.40287799
v 0.37632266 0.78547013 0.16073656
v -0.39879149 -0.18268751 0.10799573
v -0.35903013 0.78006184 -0.20288479
v -0.28920186 0.83146232 -0.24063350
v 0.17679626 0.83079308 0.34288028
v -0.41335723 -0.36182144 0.00400428
v -0.39234143 -0.69792551 -0.12506831
v 0.19615015 0.20483366 0.36313632
v -0.11397856 0.78483784 -0.39599732
v 0.28715479 0.79784429 0.29117805
v -0.36793047 0.78130150 0.18584318
v -0.06592945 -0.80044526 -0.40559319
v 0.31297588 -0.70560402 -0.26636812
v -0.23378228 0.73800838 -0.33803222
v -0.36916873 0.81262344 0.17385150
v -0.19332661 -0.74842215 -0.36441639
v 0.11110630 -0.17438732 -0.39779854
v -0.11141386 0.44813281 -0.39758348
v -0.19806412 0.00745811 0.36218908
v -0.39821786 0.52283531 -0.10953832
v 0.33520672 -0.06599513 0.23742229
v -0.07475262 0.82914597 -0.38744149
v 0.38905299 0.82142001 0.10533200
v -0.19789234 0.61296058 0.36221680
v 0.19794434 -0.47227311 0.36227047
v -0.36359045 0.80593562 -0.19013955
v -0.07510450 -0.72315729 -0.40434098
v -0.11008089 0.38981360 -0.39817685
v -0.28685200 -0.81835699 0.28642100
v 0.26732296 -0.68464637 0.31205532
v -0.31345814 0.55695128 0.26601017
v -0.30777499 -0.82370400 -0.25834301
v -0.22435419 -0.83004254 0.32398015
v -0.17702723 0.78380048 0.37121442
v 0.27949399 -0.82942402 -0.27949399
v -0.12012747 -0.83177632 0.35560763
v -0.33617544 -0.81848931 -0.22976300
v -0.11726163 -0.79959702 -0.39450401
v -0.39786240 0.82394439 -0.05820491
v 0.36196509 -0.07557400 0.19856983
v -0.38211730 0.78513837 0.15088151
v -0.22767144 0.83084393 -0.31779891
v 0.38031498 0.83056146 -0.09538212
v -0.10943124 -0.14118600 0.39843136
v 0.27686679 0.83088893 -0.27686378
v -0.40375200 -0.81971300 0.02490080
v -0.21912022 0.80880159 -0.34739560
v 0.25254583 0.00821876 0.32392696
v -0.37027499 -0.82031798 -0.15770499
v -0.19485880 0.57863259 -0.36371410
v -0.19599764 -0.14118600 0.36317557
v 0.31227744 0.73861355 -0.26715812
v 0.11696931 -0.72905046 -0.39533982
v -0.36098853 0.57268274 0.20034865
v 0.23564634 0.57149380 -0.33667693
v -0.10908998 -0.68819255 0.39831385
v 0.36250722 -0.38731530 0.19740039
v -0.33707723 -0.81920499 0.22751608
v 0.36196509 -0.20837842 0.19856983
v -0.39879149 0.17422433 0.10799571
v -0.36115432 -0.34039235 -0.20013753
v 0.15337776 0.79363263 0.38104361
v -0.19895539 -0.09968463 -0.36174405
v 0.41184729 0.55603623 -0.01805549
v 0.19591011 -0.73050171 -0.36321762
v 0.21972123 -0.80833453 0.34665909
v -0.01619691 0.80089951 -0.41165274
v -0.19816494 -0.55691731 -0.36212224
v -0.41337448 -0.18268751 0.00000001
v -0.11637485 -0.19770628 -0.39555609
v -0.39705244 -0.80520332 -0.10623259
v -0.30607867 0.72458810 0.27304351
v -0.32716900 -0.82809597 -0.22410700
v 0.00596015 -0.20040289 -0.41303191
v 0.26386255 0.69714063 0.31547067
v -0.34590551 -0.80083650 0.22209227
v -0.19806412 0.20666468 0.36218908
v 0.31454179 0.58923733 -0.26487952
v 0.19800067 0.15839274 -0.36222053
v -0.32716900 -0.82809597 0.22410700
v 0.36007410 0.75093240 -0.20204972
v 0.20389897 0.46798769 0.35879219
v 0.26196820 -0.80110127 0.31694090
v -0.15086986 -0.78586453 0.38208547
v -0.28685200 0.81830400 0.28642100
v 0.19798146 -0.61430097 0.36223340
v 0.40023974 -0.81295681 -0.09334341
v -0.10943124 -0.43169519 0.39843136
v -0.39813748 -0.48179638 0.10973629
v 0.33900055 -0.83177018 -0.13759507
v -0.10943124 -0.24908951 0.39843136
v 0.00214789 0.52283531 0.41322932
v -0.25641564 0.83149529 -0.25650975
v 0.06649366 -0.37158731 0.40554678
v -0.36808473 -0.81278765 -0.17632478
v -0.31286144 -0.08237851 -0.26661140
v 0.24103428 0.41346046 0.33257347
v 0.36110553 0.62243831 -0.20040312
v -0.40270251 -0.67840505 -0.08650609
v -0.19895539 -0.54789901 0.36174405
v -0.20801225 -0.82597172 -0.34006795
v 0.26797765 0.34022933 0.31137767
v -0.10637400 -0.81987703 0.39054099
v -0.30170533 0.80190820 -0.27758405
v -0.31332549 -0.74691498 0.26588660
v -0.41323614 0.75531000 -0.00232926
v 0.40297273 -0.81508517 0.07487021
v -0.33229932 -0.08464673 0.24140963
v 0.23840344 -0.04987931 -0.33437210
v 0.36196509 0.60504758 0.19856983
v 0.37022600 0.82021201 0.15770499
v 0.31454179 0.10782178 -0.26487952
v 0.23451844 -0.52299833 -0.33759448
v -0.32546386 0.82955974 0.22430252
v 0.31134972 -0.83039171 0.24040280
v 0.20851880 0.82273203 0.34391308
v 0.10973760 -0.27399033 -0.39835450
v -0.40079945 0.54773599 0.09714376
v -0.05810190 0.81891000 0.40196499
v 0.11180861 0.44813281 -0.39747393
v 0.21549974 0.78608060 -0.35075563
v 0.05811587 0.82806230 -0.38913241
v -0.22158432 -0.80148709 0.34606785
v 0.00830276 0.82870656 -0.38909802
v -0.25603175 -0.82694614 -0.30570284
v 0.31454179 -0.57279968 -0.26487952
v -0.10983335 0.73700607 -0.39804983
v 0.35497299 -0.82044500 0.19090600
v -0.19682190 0.51423246 -0.36278948
v -0.31379482 0.09927578 0.26560730
v -0.13346511 -0.50163645 -0.38909420
v -0.31543249 -0.83127612 -0.22911923
v 0.09403703 0.63348079 0.40141115
v 0.40132651 0.47332498 0.09290659
v 0.12225252 0.65071845 -0.39351147
v 0.10973760 0.07462090 0.39835450
v 0.41324183 -0.72681463 0.00284182
v 0.19978645 -0.07478390 0.36133936
v 0.35130560 -0.41768548 0.21443510
v -0.11653513 0.25047448 0.39553526
v -0.10943124 0.09122136 0.39843136
v 0.38375545 -0.81218296 -0.13681796
v -0.38053772 -0.80432296 0.15071018
v -0.40857089 -0.80165482 0.04154678
v -0.36115432 0.09122137 0.20013753
v -0.23695546 -0.34039232 -0.33559567
v -0.09418015 -0.83067465 -0.38019609
v 0.31454179 0.14932337 -0.26487952
v 0.19905990 -0.04988309 -0.36165801
v -0.25722766 -0.83176160 0.27253422
v 0.23841353 -0.47319666 -0.33437192
v 0.32827064 0.83085537 0.20785858
v -0.41337448 0.18252429 -0.00000000
v 0.36048254 0.82209039 0.17515592
v 0.35103348 -0.26569000 -0.21494579
v -0.17804292 -0.78584671 0.37076014
v 0.00004060 0.61413801 -0.41337448
v -0.24257207 0.83032966 0.30967629
v 0.23448895 0.73033959 -0.33758074
v 0.11180861 0.29042765 -0.39747393
v 0.40214476 -0.16588482 -0.09002635
v 0.14202400 0.82297701 0.37388799
v 0.11015321 -0.62176073 -0.39790875
v 0.09210697 0.78144658 0.40165561
v -0.19599763 0.71374136 0.36317557
v -0.36115432 0.58923733 -0.20013753
v -0.18829657 0.68884051 -0.36658719
v 0.36434704 -0.80275941 -0.19075733
v 0.36110553 0.57263666 -0.20040312
v -0.39873707 0.12473723 -0.10794803
v 0.27589583 -0.80516660 -0.30026498
v -0.25932610 0.80294341 -0.31571272
v -0.19895539 -0.18268749 -0.36174405
v -0.25751600 0.82317197 0.30714399
v -0.10977639 0.57181430 0.39800975
v 0.36110553 -0.38189352 -0.20040312
v 0.10973760 -0.42339501 -0.39835450
v 0.11180862 0.19082466 -0.39747393
v -0.31345814 -0.23987439 0.26601017
v -0.19564994 -0.04158285 0.36334506
v -0.02369802 0.58014321 0.41120142
v -0.23842922 -0.19098766 -0.33435881
v 0.41229284 0.48133400 -0.01314400
v -0.23794410 -0.47170386 0.33478203
v -0.36107352 -0.65575635 -0.20024355
v 0.39023700 0.82641900 -0.07470240
v -0.15096056 0.83158565 -0.33996302
v -0.31453902 0.61413801 0.26488256
v -0.23567456 0.62357515 0.33665374
v 0.40168014 0.09065866 -0.09176074
v -0.31453902 -0.33209199 0.26488256
v -0.36213392 -0.29059067 -0.19817944
v 0.17531255 -0.83100438 0.34681943
v -0.31453899 -0.42339501 0.26488259
v 0.41337448 0.27382734 -0.00000000
v -0.10793393 0.83060551 -0.37558046
v -0.31453902 0.35682967 0.26488256
v 0.33295974 0.53943580 0.24008474
v -0.34691808 -0.75762898 0.22081999
v -0.36213392 -0.09138436 0.19817944
v -0.27705213 -0.83090597 -0.27705038
v 0.09131552 -0.83084488 0.37911972
v 0.10644028 0.75322145 -0.39855179
v 0.33551329 0.72204208 0.23705484
v 0.00327948 0.47303367 0.41311237
v 0.40640691 -0.79921257 0.06058478
v 0.31454179 -0.52299833 -0.26487952
v 0.02520146 0.70544136 0.41101703
v 0.32873318 0.78274792 -0.24616186
v -0.30563292 -0.83174843 0.22117069
v -0.22410813 -0.83165044 0.30527383
v 0.40243849 -0.16608682 0.08890440
v 0.34984577 -0.72611547 -0.21666113
v 0.41227743 0.69423938 -0.01370842
v 0.41327718 0.09618651 -0.00000000
v 0.33342946 0.77607214 0.23949194
v -0.31453899 -0.16608700 0.26488259
v 0.11110631 -0.37382165 -0.39779854
v -0.11141386 0.19912501 -0.39758348
v 0.09175742 -0.77779591 -0.40173656
v 0.19689861 -0.29932836 0.36276108
v -0.04164819 0.81568688 -0.40590918
v -0.00394609 -0.38199371 0.41312483
v -0.10943124 0.37343034 0.39843136
v -0.31453899 -0.40679449 -0.26488259
v 0.23501024 -0.83177078 0.28506145
v -0.40101001 0.81793302 -0.07470240
v 0.36110553 -0.42339501 -0.20040312
v 0.26434219 0.73823982 0.31495789
v 0.37789911 -0.83102280 -0.07470334
v 0.37991351 0.83038956 0.02490097
v -0.10991736 0.31557190 0.39824277
v 0.10973760 -0.02498229 0.39835450
v -0.39885670 0.11594825 0.10768241
v -0.19708286 0.45643330 -0.36266524
v 0.01397284 0.83131713 0.36736283
v 0.30481860 0.83159888 -0.19931617
v -0.23693947 0.12441936 0.33559307
v -0.23729274 0.16638647 -0.33530349
v -0.19806412 0.05725970 0.36218908
v 0.20783523 0.83071715 0.32757536
v -0.19806412 0.05878101 -0.36218908
v 0.19800070 0.32285947 -0.36222053
v -0.41331041 0.34700024 0.00185894
v 0.36110553 0.39833099 -0.20040312
v -0.23842922 0.34022933 -0.33435881
v -0.23695546 0.17422432 0.33559567
v 0.39026901 0.82822299 0.02490080
v -0.23963620 -0.57117677 0.33334112
v -0.33906090 -0.83177048 0.13769609
v -0.23693947 -0.53960186 -0.33559307
v -0.23649172 0.57002306 -0.33599764
v 0.40209156 -0.57279980 0.09026460
v -0.31286144 0.26623261 0.26661140
v 0.25816166 -0.76420712 0.31975171
v -0.00830095 -0.82958859 0.38825381
v 0.36137703 0.67190099 -0.19984497
v -0.23626730 -0.03328257 -0.33613822
v -0.39879149 0.27382734 0.10799573
v 0.19590168 -0.42339501 -0.36322165
v -0.24300724 -0.63914675 -0.33040488
v 0.36110553 0.08292116 -0.20040312
v -0.32044733 -0.81215668 0.25517565
v 0.20100486 0.74970007 0.36060172
v -0.19806412 0.10706114 0.36218908
v 0.19794434 -0.52392191 0.36227047
v -0.17508562 0.83075422 -0.34469295
v -0.39833802 0.79832059 -0.10598984
v -0.23842922 -0.09138437 0.33435881
v -0.32332101 0.82272202 -0.24026500
v 0.40183237 -0.48149699 0.09120607
v 0.11651532 -0.80338806 -0.39397168
v 0.02005553 -0.61151719 0.41166371
v -0.36147469 -0.19061030 -0.19951841
v -0.21740100 -0.83044559 -0.32746661
v 0.40598756 0.78122616 0.06362202
v -0.30921537 0.00457845 -0.27016428
v 0.19700457 0.43983251 -0.36270347
v -0.17630000 0.82346702 -0.35785699
v 0.26386255 -0.08308417 0.31547067
v -0.40861118 0.80192918 0.04155556
v -0.35500100 0.82032198 -0.19090600
v -0.10900135 -0.48963228 0.39852527
v 0.20009649 0.60583764 0.36109447
v -0.39879149 0.04972010 -0.10799573
v -0.10943124 -0.08308409 0.39843136
v -0.06586994 -0.81863153 -0.40162534
v -0.38884813 -0.82597274 -0.09139764
v 0.19945697 -0.23924105 -0.36152139
v 0.31454179 -0.01668203 -0.26487952
v -0.31453902 0.38173050 -0.26488256
v -0.41307956 -0.75544965 0.00245686
v -0.04150130 0.81934100 0.40289399
v 0.26386252 0.53943568 0.31547070
v 0.10352039 -0.83177471 -0.35522652
v 0.27174160 -0.81405634 0.30504593
v -0.11141386 0.34022933 -0.39758348
v 0.09207635 0.62063360 -0.40181732
v 0.19821608 0.63976443 -0.36207676
v 0.10973760 -0.08308408 0.39835450
v -0.36661622 0.72209227 0.18821935
v 0.31297588 -0.19928800 -0.26636812
v 0.20009649 0.65563935 0.36109447
v -0.33792609 0.83121282 -0.15331441
v 0.19602640 -0.65327471 0.36320159
v 0.10105747 -0.80665237 0.39921305
v -0.19806412 -0.45583567 0.36218908
v 0.00278105 -0.26459029 -0.41323775
v -0.05811567 -0.82811934 -0.38897026
v 0.26468921 0.28212750 0.31464836
v -0.32951656 0.20113286 -0.24514470
v 0.25513083 -0.71883404 0.32194394
v -0.39011201 0.82755798 0.00830026
v 0.23302096 -0.50067490 0.33837277
v -0.37027499 -0.82031798 0.15770499
v -0.39879149 0.22402567 0.10799572
v 0.25061801 0.10510001 0.32549942
v 0.11041553 0.02504451 -0.39809030
v 0.02163133 -0.34217754 -0.41149226
v 0.19204402 -0.78683937 -0.36498010
v 0.31454179 0.30702832 -0.26487952
v 0.41146496 0.80298573 -0.01527003
v -0.39879149 -0.34869251 -0.10799573
v 0.40151003 0.55603623 0.09232500
v 0.19905990 -0.64746767 -0.36165801
v -0.41340619 -0.11619658 -0.00063269
v -0.41337448 -0.24908951 -0.00000000
v 0.00004060 0.04972009 0.41337448
v 0.40282992 -0.77409863 -0.08639000
v 0.36095250 0.35682970 0.20077419
v -0.19090600 -0.82044500 -0.35498199
v -0.12463901 -0.82941067 -0.37481293
v -0.28690025 -0.83177024 -0.22184618
v -0.31458381 0.83145761 0.06325799
v -0.36147469 -0.53997600 -0.19951841
v -0.30386713 0.83145642 0.19956450
v -0.31453902 -0.70560396 -0.26488256
v 0.40097055 0.78287619 -0.09317858
v 0.36095250 0.55679435 0.20077419
v 0.19891655 -0.38215411 0.36178184
v -0.39879149 0.26552701 -0.10799572
v 0.40151003 0.17508247 -0.09232501
v 0.40183830 0.23232600 0.09121329
v -0.36215830 0.67124385 -0.19816640
v -0.39906895 -0.78448629 0.10338922
v 0.40163571 0.71427119 0.09189506
v 0.00004061 0.11612230 0.41337448
v 0.21470252 -0.73422873 0.35109869
v -0.32067767 0.75413507 -0.25678885
v 0.00004060 0.30702832 0.41337448
v -0.39879149 0.19912501 -0.10799573
v 0.19978645 0.01651903 0.36133936
v 0.41106766 0.15613377 -0.02484082
v -0.19836463 -0.50716448 -0.36197686
v 0.36196509 -0.15857661 0.19856982
v -0.19806412 0.10858243 -0.36218908
v 0.19989070 -0.42344028 0.36126190
v 0.19607201 0.73825985 -0.36312294
v -0.39788246 0.60583764 0.11033664
v 0.06572171 0.83143771 0.36862049
v 0.19978645 -0.12458557 0.36133936
v 0.26797765 -0.35699266 0.31137767
v 0.06872114 -0.83149678 0.36995324
v -0.36202314 0.51446098 0.19834673
v 0.19823480 -0.18183205 -0.36210492
v -0.36115432 0.04141985 -0.20013753
v 0.25624141 0.83157986 -0.26688910
v 0.37737301 0.82744199 -0.12450400
v 0.19931948 -0.17399627 0.36155811
v 0.36154377 -0.49809751 0.19948155
v 0.16638303 -0.78537744 0.37557459
v -0.39879149 0.33192900 -0.10799572
v -0.36147469 -0.30756870 0.19951841
v -0.39828065 -0.40663597 0.10938075
v 0.29153201 -0.82394600 -0.27491400
v 0.41337448 -0.53129852 0.00000000
v 0.14144197 0.82500213 -0.37335905
v -0.02125640 0.32127079 -0.41154134
v -0.10943124 0.51453501 -0.39843136
v -0.11563131 0.05699834 -0.39584199
v -0.25888905 -0.78688329 0.31601292
v -0.23695548 -0.29059070 -0.33559567
v 0.19082054 -0.80205196 0.36455703
v -0.35387978 -0.83177638 0.08334883
v 0.40183479 -0.39019394 0.09120902
v -0.19708286 -0.35699269 -0.36266524
v 0.40225035 -0.40732875 -0.08965097
v 0.23987199 0.82251799 -0.32293999
v 0.35161075 0.47238359 -0.21405655
v 0.15770499 -0.82031798 -0.37027499
v -0.19859405 0.83106250 0.33040559
v 0.23302098 -0.27971309 0.33837277
v 0.38890404 0.82869571 0.04150815
v 0.20244528 -0.83176911 0.30457979
v 0.36195591 -0.59019035 0.19856912
v -0.26847765 0.83146119 0.25189561
v 0.41327518 0.37201142 0.00262348
v 0.31454179 -0.35699266 -0.26487952
v -0.10943124 0.58093697 -0.39843136
v 0.32910886 -0.83080173 0.20867403
v -0.31453902 -0.52299833 0.26488256
v 0.32370999 0.83150601 0.19090600
v 0.36196509 0.65484923 0.19856983
v -0.36115432 0.48963434 -0.20013753
v -0.39788246 -0.41509482 -0.11033664
v -0.31453902 -0.37359333 0.26488256
v 0.23626760 -0.26569000 -0.33616590
v -0.23931389 0.49971667 0.33361483
v -0.31147385 -0.80075228 -0.26816255
v 0.26386255 -0.14948638 0.31547067
v 0.36207294 -0.76297373 -0.19794054
v -0.41177461 -0.48354155 -0.01892574
v 0.00004060 0.35682967 0.41337448
v -0.19766264 0.26557845 0.36237454
v -0.11175583 0.73602360 0.39734989
v 0.11015323 0.68968111 0.39790875
v 0.30506864 0.81383890 -0.27178812
v -0.19442958 -0.02709584 -0.36391285
v 0.23841353 0.68884051 -0.33437192
v 0.31454179 -0.40679452 -0.26487952
v -0.31453899 0.32362866 -0.26488259
v 0.40231985 -0.02466386 0.08934410
v 0.19800068 0.10859101 -0.36222053
v -0.39788246 0.46473351 -0.11033664
v -0.35665470 -0.83176738 0.12099788
v -0.10943124 0.04141985 0.39843136
v 0.36149925 -0.74700451 0.19938843
v 0.36725873 0.83154362 0.07806814
v -0.41327655 0.65702707 0.00252985
v -0.32920977 -0.21588850 -0.24555208
v 0.26386255 0.65563935 0.31547067
v -0.36208791 0.72298574 -0.19827542
v 0.33420748 0.07461725 0.23859777
v -0.31345814 0.67132473 0.26601017
v -0.39879149 0.32362866 0.10799572
v -0.36115432 -0.59770048 -0.20013753
v -0.00004617 -0.31493685 0.41337448
v 0.40183830 -0.46489650 -0.09121330
v 0.00708249 0.11296403 -0.41300035
v 0.33420643 -0.29059067 0.23861149
v -0.36115432 0.18252450 0.20013753
v 0.23164491 -0.22040440 0.33935872
v 0.33551311 -0.52299833 0.23705506
v 0.10847934 0.18162951 0.39865923
v 0.36151394 -0.04962648 -0.19955607
v 0.12399312 0.51453501 0.39278644
v -0.31453902 -0.45659634 -0.26488256
v -0.36115432 0.38173050 0.20013753
v 0.21572188 0.83156520 -0.30555445
v 0.36099747 0.78228658 0.19987085
v -0.33000487 -0.83176255 -0.16140634
v -0.11426606 -0.14118600 -0.39634559
v 0.36154377 0.08292116 0.19948155
v 0.40168014 -0.30775383 0.09176074
v -0.41312915 -0.04978778 0.00381072
v -0.31453899 -0.57279968 0.26488259
v -0.35299069 -0.83178097 -0.03507634
v 0.40183830 0.68884051 -0.09121330
v 0.23450346 -0.11628225 -0.33758852
v -0.31453902 0.05802035 0.26488256
v 0.30729124 -0.15778314 -0.27192077
v -0.41333205 0.01696265 0.00075111
v -0.11283997 -0.66765696 -0.39701608
v 0.41216642 -0.26140523 0.01507528
v 0.19590168 -0.52299833 -0.36322165
v 0.33520672 0.61462647 0.23742229
v 0.41323966 -0.12458559 0.00000000
v 0.36291599 0.04454267 -0.19654217
v 0.31159431 -0.10798480 -0.26778185
v 0.36108655 0.43153232 -0.20040107
v -0.23695549 0.43983254 -0.33559564
v 0.11402252 -0.33040234 0.39664063
v -0.40634987 0.80069631 0.05974638
v -0.10632174 -0.39241406 -0.39920551
v -0.23730420 0.01698526 0.33530483
v -0.03599292 -0.83178359 0.35141584
v 0.18962376 0.80550337 0.36397862
v -0.41114047 0.50556296 0.02409609
v -0.32501748 0.71206695 0.25116053
v 0.20750701 -0.83177215 -0.30611613
v 0.41055131 -0.65364814 0.02910162
v -0.19806412 0.32286802 0.36218908
v -0.10943124 -0.43999550 -0.39843136
v 0.19891657 0.11638264 0.36178181
v 0.30611750 0.78443313 -0.27297363
v 0.36154377 -0.34039235 0.19948155
v -0.11074221 0.29020771 -0.39789590
v -0.22321501 0.60583782 -0.34550440
v -0.31345814 0.65472436 -0.26601017
v 0.11041553 0.34000412 -0.39809030
v 0.40183830 0.45643333 -0.09121329
v 0.26386252 0.61413801 0.31547070
v -0.31453902 -0.67240268 0.26488256
v 0.23728283 0.28259644 -0.33532256
v 0.19590169 -0.11628529 -0.36322165
v 0.34477001 -0.82874501 -0.19090600
v 0.40163878 0.39780149 -0.09190023
v 0.00004061 -0.18268749 0.41337448
v -0.06914800 0.08292107 -0.40518028
v 0.36110553 0.30702832 -0.20040312
v -0.39879149 -0.53959864 0.10799573
v -0.11141386 0.24062634 -0.39758348
v 0.33520672 0.26601547 0.23742229
v 0.40183830 -0.04988309 -0.09121329
v -0.31453899 0.44813281 -0.26488259
v 0.19751501 -0.29889101 -0.36245781
v -0.36180153 -0.24078932 -0.19886664
v 0.36933634 0.83148915 -0.05064837
v -0.23806623 0.34635657 0.33467540
v 0.00004060 -0.24908951 0.41337448
v -0.36115432 -0.00008150 0.20013753
v -0.39788246 0.39833120 -0.11033663
v -0.36115432 -0.14118600 0.20013753
v -0.19806412 -0.24154997 0.36218908
v -0.19816494 -0.64000905 0.36212224
v 0.11075937 0.08292109 -0.39794815
v 0.10637400 -0.81987703 0.39054099
v 0.41176432 0.59342533 0.01913615
v 0.32825947 -0.78063977 0.24552365
v 0.10973760 -0.26569000 0.39835450
v 0.40183389 -0.64750195 -0.09120794
v 0.23728281 0.14885426 -0.33532259
v 0.11024480 -0.53155100 0.39815876
v -0.19905224 0.50627744 0.36167386
v 0.03827517 0.78306097 0.40935618
v 0.27268061 0.03870053 0.30646977
v 0.37863973 -0.83093518 -0.02490089
v -0.00972177 -0.77646965 -0.41245028
v -0.41337448 -0.63920164 0.00000000
v -0.13171969 -0.58963293 -0.38979053
v -0.23728071 0.09905518 -0.33530167
v -0.41325900 -0.53509778 0.00355536
v 0.26898569 0.42476401 0.31038031
v 0.00080747 0.18207192 0.41333172
v 0.32782969 -0.15444592 -0.24737887
v 0.37377796 0.82983816 0.12465958
v 0.40183830 0.29042765 0.09121329
v 0.35219184 -0.64067531 0.21313889
v -0.09849726 -0.61665171 -0.40065384
v -0.23455045 -0.38189349 -0.33756834
v -0.39756209 -0.63738734 -0.11166059
v 0.10973760 0.51453501 -0.39835450
v -0.25748774 -0.80927283 -0.31732339
v 0.09409152 0.83094233 -0.37878153
v -0.41114038 0.60978335 -0.02415840
v 0.36110553 0.15762350 -0.20040312
v 0.36196509 0.70465088 0.19856985
v -0.31453902 0.27382734 -0.26488256
v -0.19806412 -0.19174832 0.36218908
v -0.23990507 0.42323202 0.33311173
v -0.41340059 0.09122128 -0.00050723
v 0.23987199 -0.82261902 -0.32295299
v -0.19806412 0.20666468 -0.36218908
v -0.19599764 0.67223966 0.36317557
v 0.14317860 0.78106111 -0.38532335
v -0.39788246 0.42323199 0.11033664
v 0.36165154 0.20707962 -0.19926025
v 0.26386252 -0.40679452 0.31547070
v -0.05119206 0.83154422 0.32967985
v -0.39701265 -0.08501763 -0.11277604
v 0.11180861 -0.59770048 0.39747393
v 0.10543300 0.82140100 -0.38912600
v -0.23695546 0.39003068 -0.33559567
v 0.11163047 0.31704831 0.39775786
v -0.31417435 -0.58146340 -0.26524171
v -0.36166021 0.09159599 -0.19917771
v 0.41333157 -0.05037577 -0.00083311
v 0.19751501 0.38173050 -0.36245781
v -0.31453899 0.60583764 -0.26488259
v -0.23730420 0.28259376 0.33530483
v -0.36115432 -0.41509482 0.20013753
v -0.38908899 -0.82152098 -0.10526000
v 0.31284648 0.54164022 -0.26668417
v 0.31297588 -0.27399033 -0.26636812
v -0.34097600 0.82343900 -0.20890200
v -0.11954091 0.47303367 0.39441544
v -0.34943330 -0.76008570 -0.21722378
v 0.36185718 0.24804810 0.19880614
v 0.36110553 0.11612204 -0.20040312
v 0.31379128 0.18227637 -0.26561108
v -0.36115432 -0.67240268 0.20013753
v -0.31459653 -0.64750201 -0.26477256
v 0.12545744 -0.66631931 -0.39220080
v 0.04443163 -0.07673078 -0.40860912
v -0.28446838 -0.83174348 -0.24070828
v 0.33764240 -0.83177048 0.13304344
v 0.36137703 0.25756535 -0.19984497
v 0.33346215 0.38348591 0.23949517
v -0.06799266 -0.83157492 -0.36981475
v 0.26555499 0.22402567 0.31374753
v 0.19800070 0.05725113 -0.36222053
v -0.31453899 0.40663150 0.26488259
v -0.00276156 -0.56007749 0.41324297
v -0.10959668 -0.36523485 0.39831460
v 0.40141794 -0.29961264 -0.09260938
v 0.00830026 0.81973600 -0.40445200
v -0.19806413 0.15686285 -0.36218908
v 0.36151394 0.71399802 -0.19955604
v 0.33551311 -0.19098769 0.23705506
v -0.20213960 -0.83176959 -0.30595365
v 0.00004060 0.68054020 -0.41337448
v 0.11124150 0.37280703 0.39781204
v -0.39879149 -0.24078934 -0.10799573
v 0.19621100 0.26028487 0.36313015
v 0.18520720 0.78506541 0.36817294
v -0.37173933 0.82946312 0.03363804
v -0.19895539 -0.21588850 -0.36174405
v -0.31453899 -0.47319666 0.26488259
v 0.30869710 -0.62108314 -0.27059782
v 0.38498974 0.81855208 0.12744869
v 0.34758306 -0.80946016 0.21860215
v 0.40163878 0.11559258 0.09190022
v 0.31379130 0.44788486 -0.26561108
v 0.36928958 -0.83158576 0.08500351
v 0.23841353 -0.66410249 -0.33437192
v -0.23455046 -0.33209199 0.33756834
v -0.23943092 0.75610179 0.33348700
v -0.31486031 0.83145511 -0.04162086
v 0.30683431 -0.83173293 -0.22086322
v -0.23695548 0.07462090 0.33559567
v -0.21328521 -0.59095788 0.35206133
v 0.40183830 0.25722679 -0.09121329
v -0.01240841 -0.07976004 -0.41240519
v 0.25620109 0.82679945 -0.30582210
v 0.19978645 0.70544100 0.36133936
v 0.00093786 -0.50639766 0.41341406
v 0.11110630 0.39003068 -0.39779854
v 0.23483481 0.76179862 -0.33709228
v -0.11163437 -0.25803816 -0.39757606
v -0.39851531 -0.32360289 0.10866312
v -0.10910967 -0.01649679 0.39850187
v 0.06049046 -0.83163631 -0.36484146
v -0.36115432 0.36513001 -0.20013753
v 0.36185718 0.18164609 0.19880614
v 0.28294441 -0.83176929 0.23938073
v 0.19689861 0.33149165 0.36276108
v -0.09167417 0.64575016 0.40185121
v 0.31454179 0.63903868 -0.26487952
v -0.39879149 0.67223966 -0.10799571
v 0.02182731 -0.01479046 -0.41140589
v -0.39879149 -0.63920164 0.10799573
v -0.19620049 0.73814523 -0.36306968
v 0.27598464 0.83087224 0.27598831
v -0.19806412 -0.30795199 -0.36218908
v -0.02314249 -0.01457377 -0.41126412
v -0.39879149 -0.68900353 0.10799571
v 0.41337448 -0.46489650 -0.00000000
v 0.35511330 0.83161271 -0.09969207
v -0.36147469 -0.48941997 -0.19951841
v -0.31379482 0.18277037 0.26560730
v -0.00078915 -0.58062994 -0.41324431
v -0.00830078 0.82871234 -0.38908553
v 0.26440927 -0.45621675 0.31493062
v 0.36154377 -0.71390438 0.19948155
v -0.10900135 -0.53976375 0.39852527
v 0.26386252 -0.54789901 0.31547070
v -0.24277578 -0.73860061 -0.33060291
v -0.36115432 -0.48149699 0.20013753
v 0.33551311 -0.57279968 0.23705506
v -0.31453899 0.50623465 -0.26488259
v 0.15008876 0.83160818 -0.33547872
v 0.25585368 0.83159614 0.25590083
v 0.41323650 -0.59662896 -0.00285241
v 0.00004061 -0.06648362 0.41337448
v 0.40132651 0.63874763 0.09290659
v 0.19590168 -0.57279968 -0.36322168
v 0.36137703 -0.58906168 -0.19984497
f 1067 605 942
f 1067 942 1246
f 511 1246 721
f 511 1067 1246
f 823 1404 1111
f 879 1111 695
f 879 823 1111
f 879 695 605
f 1067 879 605
f 1625 1067 511
f 879 194 823
f 1625 879 1067
f 1172 879 1625
f 1172 194 879
f 1432 1340 194
f 1172 1432 194
f 1862 1432 1172
f 1862 1874 1432
f 79 1874 1862
f 79 330 1874
f 1865 330 79
f 1865 925 330
f 1745 925 1865
f 1745 87 925
f 43 87 1745
f 43 1738 87
f 1656 1738 43
f 1339 1656 43
f 1305 1656 1339
f 1305 1174 1656
f 1660 1174 1305
f 1660 1936 1174
f 1402 1936 1660
f 1402 568 1936
f 1402 299 568
f 1659 299 1402
f 1659 1893 299
f 151 1893 1659
f 1788 151 1659
f 151 1122 1893
f 1795 151 1788
f 1742 594 868
f 1742 968 594
f 1534 1163 162
f 1534 594 1163
f 594 1534 977
f 943 750 1163
f 968 1163 594
f 968 943 1163
f 861 1428 1382
f 861 1382 729
f 861 729 1261
f 821 1428 630
f 821 1382 1428
f 1118 1382 821
f 1118 729 1382
f 1259 1220 1096
f 1428 1259 630
f 1784 821 630
f 612 821 1784
f 612 1118 821
f 1143 596 1312
f 1143 1096 596
f 1143 1259 1096
f 630 1259 1143
f 1220 1011 1370
f 1220 1370 596
f 1220 596 1096
f 1784 1143 1312
f 1784 630 1143
f 1406 1216 1465
f 1406 1370 1216
f 569 1406 1465
f 569 1370 1406
f 569 596 1370
f 596 569 1312
f 1011 1056 1216
f 1011 1216 1370
f 805 569 1465
f 805 1312 569
f 805 1784 1312
f 1065 1365 550
f 1065 1056 1365
f 1065 1216 1056
f 1216 1065 1465
f 1742 868 1365
f 1056 1742 1365
f 1918 1065 550
f 1666 1065 1918
f 1666 1465 1065
f 1666 805 1465
f 550 594 977
f 550 868 594
f 550 1365 868
f 1918 550 977
f 1621 1905 458
f 1621 1111 1905
f 962 1111 1621
f 962 695 1111
f 923 695 962
f 923 605 695
f 702 605 923
f 702 942 605
f 56 942 702
f 56 1246 942
f 1079 1246 56
f 1079 721 1246
f 838 861 1261
f 1404 838 1905
f 1404 1905 1111
f 962 1621 458
f 711 729 1118
f 711 1261 729
f 711 838 1261
f 458 838 711
f 458 1905 838
f 612 711 1118
f 1226 711 612
f 1226 458 711
f 1226 962 458
f 1790 962 1226
f 1790 923 962
f 1790 702 923
f 1790 56 702
f 1790 1079 56
f 561 968 1742
f 968 466 943
f 561 466 968
f 561 1990 466
f 1670 1990 561
f 1670 1294 1990
f 1915 1294 1670
f 1340 313 194
f 313 1428 861
f 313 1140 1428
f 313 285 1140
f 1340 285 313
f 1340 634 285
f 1340 1518 634
f 1140 1220 1259
f 1140 1259 1428
f 1140 1910 1220
f 285 1910 1140
f 634 1910 285
f 1910 1011 1220
f 634 1670 1910
f 1518 1670 634
f 1518 1915 1670
f 1011 1742 1056
f 1011 561 1742
f 1910 561 1011
f 1670 561 1910
f 823 861 838
f 823 313 861
f 823 838 1404
f 194 313 823
f 1915 1594 1294
f 1898 272 1594
f 1898 1594 1915
f 1898 1584 272
f 160 1584 1898
f 1874 1518 1340
f 1874 1769 1518
f 330 1769 1874
f 925 1769 330
f 925 1668 1769
f 1769 1915 1518
f 1769 1898 1915
f 1668 1898 1769
f 1668 261 1898
f 261 160 1898
f 1874 1340 1432
f 1780 1171 160
f 1780 601 1171
f 1558 601 1780
f 87 1668 925
f 87 1982 1668
f 87 854 1982
f 1738 854 87
f 1738 89 854
f 1982 261 1668
f 1982 1780 261
f 854 1780 1982
f 854 1558 1780
f 89 1558 854
f 1780 160 261
f 1558 1873 601
f 216 1873 1558
f 216 1479 1873
f 731 1479 216
f 254 1479 731
f 254 1715 1479
f 1656 89 1738
f 1656 1394 89
f 1174 1394 1656
f 1174 1525 1394
f 89 216 1558
f 1394 216 89
f 1394 731 216
f 600 731 1394
f 1525 600 1394
f 600 254 731
f 926 223 275
f 147 1715 254
f 147 15 1715
f 275 15 147
f 275 1515 15
f 223 1515 275
f 223 200 1515
f 1936 1525 1174
f 1936 1840 1525
f 568 1840 1936
f 568 1607 1840
f 299 1607 568
f 299 316 1607
f 1840 600 1525
f 1840 1763 600
f 1607 1763 1840
f 1607 926 1763
f 316 926 1607
f 136 926 316
f 1763 147 600
f 926 275 1763
f 147 254 600
f 1763 275 147
f 1429 1182 223
f 290 1182 1429
f 1610 1591 290
f 1893 316 299
f 1893 25 316
f 1893 1297 25
f 1122 1297 1893
f 1122 758 1297
f 25 136 316
f 1297 136 25
f 136 318 926
f 1297 318 136
f 1297 1429 318
f 1297 184 1429
f 758 184 1297
f 184 290 1429
f 318 223 926
f 1429 223 318
f 1610 290 184
f 1250 162 788
f 1250 1534 162
f 788 750 1458
f 788 1163 750
f 1163 788 162
f 943 1458 750
f 943 1876 1458
f 628 1458 413
f 628 788 1458
f 628 1250 788
f 413 1306 1154
f 413 1876 1306
f 413 1458 1876
f 670 781 1306
f 1876 670 1306
f 1069 413 1154
f 1069 628 413
f 1608 1306 781
f 1306 1608 1154
f 670 1289 781
f 1933 1154 1608
f 1069 1154 1933
f 1608 781 1434
f 1289 1434 781
f 1289 714 1434
f 1181 1434 447
f 1181 1608 1434
f 1933 1608 1181
f 447 714 1664
f 447 1434 714
f 714 1017 1664
f 1181 447 1136
f 1136 1664 757
f 1136 447 1664
f 1017 757 1664
f 798 1136 433
f 205 1136 798
f 205 1181 1136
f 205 1933 1181
f 433 757 834
f 757 433 1136
f 1017 834 757
f 1017 744 834
f 798 433 955
f 955 834 1253
f 955 433 834
f 744 181 1253
f 744 1253 834
f 1250 977 1534
f 1250 1918 977
f 1666 1918 1250
f 1069 1250 628
f 32 805 1666
f 32 1250 1069
f 32 1666 1250
f 205 1069 1933
f 32 1069 205
f 32 1784 805
f 32 612 1784
f 32 1226 612
f 32 1790 1226
f 256 1790 32
f 466 1876 943
f 466 670 1876
f 466 1105 670
f 1990 1105 466
f 1105 1289 670
f 198 1289 1105
f 1990 198 1105
f 1294 198 1990
f 1294 249 198
f 198 933 1289
f 198 1349 933
f 249 519 198
f 1289 1017 714
f 1289 933 1017
f 198 519 1349
f 249 307 519
f 933 744 1017
f 1349 1190 744
f 1349 744 933
f 1349 98 1190
f 519 98 1349
f 307 98 519
f 307 1796 98
f 1594 249 1294
f 1594 1116 249
f 272 319 1116
f 272 1116 1594
f 1584 1401 272
f 1116 307 249
f 1401 319 272
f 1116 319 307
f 319 1863 307
f 1401 1863 319
f 1401 1464 1863
f 1863 1796 307
f 160 1171 1584
f 1171 1687 1584
f 601 738 1171
f 1687 1401 1584
f 1171 738 1687
f 601 165 738
f 1687 1464 1401
f 738 1464 1687
f 738 1816 1464
f 165 1816 738
f 165 1807 1816
f 1873 165 601
f 1479 1719 1873
f 1715 1977 1479
f 1873 1719 165
f 1977 1719 1479
f 50 1977 1715
f 1719 1807 165
f 1719 195 1807
f 1977 195 1719
f 1977 236 195
f 50 236 1977
f 50 1962 236
f 15 50 1715
f 1515 1940 15
f 1515 1506 1940
f 200 1506 1515
f 1940 50 15
f 200 347 1506
f 1940 1962 50
f 1940 1403 1962
f 1506 1403 1940
f 347 1403 1506
f 347 1785 1403
f 223 1182 200
f 290 1591 1182
f 1182 1396 200
f 1182 761 1396
f 1591 761 1182
f 1396 347 200
f 1591 1751 761
f 247 1751 1591
f 1396 1785 347
f 1396 166 1785
f 761 166 1396
f 761 1210 166
f 1751 1210 761
f 1751 340 1210
f 1012 1345 1620
f 1345 1275 1620
f 1345 844 1275
f 844 769 1275
f 844 504 769
f 154 955 1665
f 154 798 955
f 205 798 154
f 1665 1253 181
f 1253 1665 955
f 744 1371 181
f 1191 1665 891
f 1191 154 1665
f 1191 205 154
f 891 1293 1480
f 891 181 1293
f 891 1665 181
f 1371 1012 1293
f 1371 1293 181
f 1191 891 1480
f 358 1293 1012
f 1293 358 1480
f 1922 1480 1207
f 1922 1191 1480
f 1207 1012 1620
f 1207 358 1012
f 358 1207 1480
f 1922 1207 1642
f 1642 1207 1620
f 270 1642 1229
f 270 1922 1642
f 270 1191 1922
f 1229 1620 1275
f 1229 1642 1620
f 270 1229 1075
f 1075 1275 769
f 1075 1229 1275
f 825 270 1075
f 825 769 504
f 825 1075 769
f 326 32 205
f 326 205 1191
f 326 1191 270
f 326 270 149
f 120 256 32
f 120 32 326
f 1190 1012 1371
f 98 1360 1190
f 1796 1360 98
f 1190 1345 1012
f 1190 1360 1345
f 1796 1004 1360
f 1360 844 1345
f 1360 1861 844
f 1004 314 1360
f 1360 314 1861
f 844 1861 504
f 744 1190 1371
f 1872 1004 1796
f 1872 1984 1004
f 322 1984 1872
f 322 857 1984
f 1863 1872 1796
f 1464 322 1863
f 322 1872 1863
f 331 857 322
f 331 1321 857
f 1816 1321 331
f 1816 124 1321
f 1807 124 1816
f 1464 331 322
f 1816 331 1464
f 195 323 1807
f 236 323 195
f 1962 323 236
f 323 124 1807
f 1962 1641 323
f 323 1652 124
f 1403 78 1962
f 1785 78 1403
f 1785 242 78
f 78 1641 1962
f 78 1407 1641
f 242 1407 78
f 242 111 1407
f 166 242 1785
f 166 1956 242
f 1210 1956 166
f 1210 1978 1956
f 340 1978 1210
f 1956 111 242
f 1135 721 1164
f 1135 511 721
f 1135 1164 1379
f 1477 1379 899
f 1477 1135 1379
f 970 1477 899
f 946 1477 970
f 946 970 992
f 1678 992 123
f 1678 946 992
f 1625 511 1135
f 946 1135 1477
f 946 1625 1135
f 235 946 1678
f 235 1625 946
f 235 1172 1625
f 1979 1172 235
f 1974 1172 1979
f 1974 1862 1172
f 265 1862 1974
f 265 79 1862
f 1834 79 265
f 1834 1865 79
f 1422 1865 1834
f 251 1745 1865
f 251 1865 1422
f 251 43 1745
f 1707 251 1422
f 1339 43 251
f 1707 1339 251
f 1963 1339 1707
f 1963 1305 1339
f 85 1660 1305
f 85 1305 1963
f 1335 1660 85
f 1335 1402 1660
f 19 1402 1335
f 19 1659 1402
f 308 1659 19
f 308 1788 1659
f 2 1788 308
f 2 1795 1788
f 951 721 1079
f 951 1164 721
f 484 1164 951
f 484 1379 1164
f 161 1379 484
f 161 899 1379
f 477 161 1131
f 477 899 161
f 477 970 899
f 436 1131 362
f 436 477 1131
f 436 970 477
f 436 992 970
f 880 362 1008
f 880 436 362
f 880 992 436
f 880 123 992
f 794 880 1008
f 794 123 880
f 784 123 794
f 784 794 688
f 325 484 951
f 325 161 484
f 1131 161 325
f 747 794 1008
f 767 794 747
f 767 688 794
f 325 1079 1790
f 325 951 1079
f 1717 362 1131
f 1717 1008 362
f 1758 1008 1717
f 1758 747 1008
f 1758 767 747
f 1717 1131 325
f 1583 1758 1717
f 1476 784 688
f 890 767 795
f 890 688 767
f 1476 688 890
f 1476 890 1648
f 774 1648 1047
f 774 1476 1648
f 795 767 1758
f 352 890 795
f 352 1648 890
f 1047 352 994
f 1047 1648 352
f 774 1047 710
f 472 774 710
f 1583 795 1758
f 989 795 1583
f 989 352 795
f 994 352 989
f 408 1047 994
f 408 710 1047
f 776 408 525
f 776 710 408
f 776 472 710
f 1409 776 1391
f 1409 472 776
f 679 1409 1391
f 724 994 989
f 724 408 994
f 713 408 724
f 713 525 408
f 713 776 525
f 1413 713 1026
f 1413 776 713
f 1413 1391 776
f 686 1413 1026
f 686 1391 1413
f 679 1391 686
f 1596 679 686
f 1543 713 724
f 1543 1026 713
f 546 1026 1543
f 546 686 1026
f 1148 546 1064
f 1148 686 546
f 1148 1596 686
f 937 1596 1148
f 724 989 1583
f 1082 1064 546
f 1082 1148 1064
f 1152 546 1543
f 1152 1082 546
f 937 1148 878
f 732 1148 1082
f 732 878 1148
f 1300 878 732
f 1300 937 878
f 1300 732 1362
f 538 1082 1152
f 538 732 1082
f 1009 732 538
f 1009 1362 732
f 677 1362 1009
f 677 1300 1362
f 1678 123 784
f 231 1678 784
f 235 1678 231
f 231 784 1476
f 142 1476 774
f 114 142 774
f 142 231 1476
f 139 142 114
f 139 231 142
f 139 235 231
f 1186 235 139
f 1186 1979 235
f 1914 1979 1186
f 114 774 472
f 1409 114 472
f 1532 114 1409
f 1532 139 114
f 1186 139 1532
f 1532 1409 679
f 1063 1186 1532
f 1826 1186 1063
f 1826 1914 1186
f 33 679 1596
f 33 1532 679
f 1438 1532 33
f 1063 1532 1438
f 33 1596 937
f 905 937 1300
f 905 33 937
f 1438 33 905
f 667 1300 677
f 667 905 1300
f 1438 905 667
f 158 1438 667
f 158 1063 1438
f 1264 1063 158
f 1264 1826 1063
f 1914 1974 1979
f 97 1974 1914
f 97 265 1974
f 240 265 97
f 113 265 240
f 113 1834 265
f 3 1914 1826
f 3 97 1914
f 1789 97 3
f 1789 240 97
f 1789 113 240
f 1734 113 1789
f 1251 1826 1264
f 1251 3 1826
f 1582 3 1251
f 1582 1789 3
f 398 1789 1582
f 398 1734 1789
f 1991 1834 113
f 1991 1422 1834
f 1904 1422 1991
f 1904 1707 1422
f 1734 1991 113
f 1941 1991 1734
f 1527 1991 1941
f 1527 1904 1991
f 1517 1734 398
f 1517 1941 1734
f 53 1941 1517
f 53 1527 1941
f 8 1963 1707
f 8 1707 1904
f 1706 1963 8
f 320 1963 1706
f 320 85 1963
f 1739 1904 1527
f 1739 8 1904
f 1524 8 1739
f 1524 1706 8
f 269 1706 1524
f 269 320 1706
f 167 269 1524
f 1244 1527 53
f 1244 1739 1527
f 1949 1739 1244
f 1949 1524 1739
f 906 1524 1949
f 906 167 1524
f 1199 85 320
f 1199 1335 85
f 208 1335 1199
f 1846 1335 208
f 1846 19 1335
f 1199 320 269
f 1512 1199 269
f 13 1199 1512
f 13 208 1199
f 1550 208 13
f 1550 1846 208
f 258 1846 1550
f 1512 269 167
f 1230 167 906
f 1230 1512 167
f 1230 13 1512
f 1256 13 1230
f 1256 1550 13
f 1119 1550 1256
f 1119 258 1550
f 1533 19 1846
f 1533 308 19
f 168 308 1533
f 168 2 308
f 1844 2 168
f 1441 1533 1846
f 1441 1846 258
f 1441 168 1533
f 1288 168 1441
f 1288 1844 168
f 1288 1441 342
f 342 1441 258
f 1602 258 1119
f 1602 342 258
f 86 342 1602
f 86 1288 342
f 1808 1288 86
f 256 325 1790
f 256 1717 325
f 256 1583 1717
f 724 1583 256
f 1152 724 256
f 1152 1543 724
f 127 1152 256
f 1483 1152 127
f 935 1167 1483
f 935 1483 127
f 928 935 127
f 1483 538 1152
f 426 538 1483
f 426 1009 538
f 620 1009 426
f 620 677 1009
f 629 677 620
f 629 620 998
f 1167 426 1483
f 574 426 1167
f 574 620 426
f 1329 620 574
f 1329 998 620
f 706 998 1329
f 706 629 998
f 706 1329 1073
f 1544 574 1167
f 1366 574 1544
f 1366 1329 574
f 1073 1329 1366
f 1456 706 1073
f 935 1544 1167
f 389 1544 935
f 389 1366 1544
f 982 389 1269
f 982 1366 389
f 982 1073 1366
f 640 1073 982
f 640 1456 1073
f 119 389 935
f 631 389 119
f 631 1269 389
f 631 982 1269
f 812 982 631
f 812 640 982
f 1243 640 812
f 928 119 935
f 763 119 928
f 763 631 119
f 740 631 763
f 740 812 631
f 1243 812 740
f 591 1243 740
f 430 763 928
f 513 763 430
f 513 740 763
f 376 740 513
f 376 591 740
f 364 591 376
f 1326 513 430
f 1260 513 1326
f 1260 376 513
f 978 376 1260
f 978 364 376
f 978 1260 547
f 1714 677 629
f 1714 667 677
f 158 667 1714
f 69 629 706
f 69 1714 629
f 158 1714 69
f 1264 158 212
f 1456 69 706
f 1310 69 1456
f 489 158 69
f 489 69 1310
f 212 158 489
f 1310 1456 640
f 1247 1264 212
f 1310 640 1243
f 1489 1310 1243
f 842 489 1310
f 842 1310 1489
f 842 212 489
f 1247 212 842
f 1489 1243 591
f 1417 591 364
f 1417 1489 591
f 1417 842 1489
f 604 842 1417
f 604 1247 842
f 1389 1247 604
f 1417 364 978
f 1848 1251 1264
f 1954 1582 1251
f 1433 1582 1954
f 1433 398 1582
f 1848 1264 1247
f 1954 1251 1848
f 253 1954 1848
f 1433 1954 253
f 1044 1247 1389
f 1044 1848 1247
f 1044 253 1848
f 1988 1433 253
f 39 253 1044
f 1988 253 39
f 170 398 1433
f 170 1517 398
f 1640 53 1517
f 1640 1517 170
f 1281 53 1640
f 245 170 1433
f 1640 170 245
f 245 1433 1988
f 1616 1640 245
f 1421 1640 1616
f 1421 1281 1640
f 1616 245 1988
f 1281 1244 53
f 961 1244 1281
f 961 1949 1244
f 199 1949 961
f 199 906 1949
f 1927 1281 1421
f 1927 961 1281
f 178 199 961
f 1424 199 178
f 178 961 1927
f 1847 1230 906
f 1882 1256 1230
f 1847 906 199
f 1882 1230 1847
f 1384 1256 1882
f 1384 1119 1256
f 1424 1847 199
f 1107 1847 1424
f 1107 1882 1847
f 1377 1882 1107
f 1377 1384 1882
f 772 1602 1119
f 86 1602 772
f 1352 1808 86
f 772 1119 1384
f 1513 86 772
f 1352 86 1513
f 1619 1384 1377
f 1619 772 1384
f 1619 1513 772
f 1964 1352 1513
f 1964 1513 1619
f 127 256 120
f 1369 1326 430
f 800 1326 1369
f 800 1260 1326
f 547 1260 800
f 1302 978 547
f 430 928 127
f 770 800 1369
f 1436 800 770
f 1436 547 800
f 153 547 1436
f 153 1302 547
f 1369 430 127
f 1290 770 1369
f 1290 1436 770
f 1809 1369 127
f 1214 1369 1809
f 1214 1290 1369
f 392 1214 1809
f 1076 392 1809
f 625 1076 1809
f 1589 625 1809
f 153 1436 421
f 421 1436 1290
f 755 1290 1214
f 755 421 1290
f 485 1214 392
f 485 755 1214
f 1212 755 485
f 1333 392 1076
f 1333 485 392
f 801 485 1333
f 801 1212 485
f 645 1076 625
f 645 1333 1076
f 410 1333 645
f 410 801 1333
f 73 625 1589
f 73 645 625
f 410 645 73
f 1302 1417 978
f 604 1417 1302
f 306 1302 153
f 306 604 1302
f 1389 604 306
f 1212 421 755
f 1212 153 421
f 306 153 1212
f 1055 1389 306
f 801 306 1212
f 1055 306 801
f 481 1389 1055
f 910 801 410
f 1055 801 910
f 1095 481 1055
f 481 1044 1389
f 481 39 1044
f 1926 39 481
f 1926 1988 39
f 1926 481 1606
f 1959 1988 1926
f 1959 1616 1988
f 109 1616 1959
f 109 1421 1616
f 1556 1421 109
f 1556 1927 1421
f 1770 1927 1556
f 1770 178 1927
f 1843 178 1770
f 1843 1424 178
f 1831 1424 1843
f 1831 1107 1424
f 1831 1377 1107
f 1134 1377 1831
f 1134 1619 1377
f 1997 1619 1134
f 1997 1964 1619
f 1283 1964 1997
f 1618 1122 151
f 1795 1618 151
f 1884 1618 1795
f 1884 1503 1618
f 1486 1503 1884
f 1486 1684 1503
f 266 1684 1486
f 266 1674 1684
f 266 1705 1674
f 1577 1705 266
f 232 1845 1705
f 232 1705 1577
f 232 1757 1845
f 115 1757 232
f 115 232 1147
f 115 1353 1757
f 685 1353 115
f 685 22 1353
f 1878 22 685
f 1878 122 22
f 1972 122 1878
f 1762 1972 1878
f 346 1972 1762
f 346 1184 1972
f 1439 1184 346
f 1439 1249 1184
f 1237 1601 1184
f 1249 1237 1184
f 840 1249 1439
f 671 840 1439
f 1237 867 1601
f 1560 867 1237
f 1372 1237 1249
f 1372 1560 1237
f 885 1372 1249
f 386 1249 840
f 386 885 1249
f 567 840 671
f 567 386 840
f 188 96 1610
f 248 1864 188
f 1503 1899 1618
f 1618 758 1122
f 1618 1699 758
f 1618 1899 1699
f 1503 228 1899
f 758 117 184
f 1699 117 758
f 1699 328 117
f 1899 328 1699
f 228 328 1899
f 228 1215 328
f 117 1610 184
f 1215 248 328
f 117 188 1610
f 328 188 117
f 248 188 328
f 175 1572 248
f 175 248 1215
f 516 1125 175
f 1881 1125 516
f 1684 1117 1503
f 1117 228 1503
f 1684 24 1117
f 1674 24 1684
f 1674 658 24
f 1117 1215 228
f 1117 1644 1215
f 24 1644 1117
f 658 1644 24
f 658 1881 1644
f 1644 175 1215
f 1881 516 1644
f 1644 516 175
f 1881 95 1125
f 1754 95 1881
f 1754 1579 95
f 1624 1579 1754
f 1624 1896 1579
f 1674 206 658
f 1705 206 1674
f 1705 1966 206
f 1845 1966 1705
f 206 1881 658
f 206 1754 1881
f 1966 1754 206
f 1966 1624 1754
f 1838 1896 1624
f 1838 1804 1896
f 1838 110 1804
f 1993 110 1838
f 1993 1205 110
f 1845 871 1966
f 1757 871 1845
f 1757 1737 871
f 1353 1737 1757
f 1353 174 1737
f 871 1624 1966
f 871 1838 1624
f 1737 1838 871
f 1737 1993 1838
f 174 1993 1737
f 1153 1205 1993
f 1153 1585 1205
f 1902 1585 1153
f 1902 26 1585
f 1822 26 1902
f 22 174 1353
f 22 1499 174
f 122 1499 22
f 122 201 1499
f 1972 201 122
f 1972 1677 201
f 174 1153 1993
f 1499 1153 174
f 1499 1902 1153
f 201 1902 1499
f 201 1822 1902
f 1677 1822 201
f 1437 1085 543
f 1822 288 26
f 121 288 1822
f 543 288 121
f 1184 1677 1972
f 1184 1765 1677
f 766 1765 1184
f 766 1015 1765
f 958 1015 766
f 1765 5 1677
f 1015 1336 1765
f 5 1822 1677
f 1765 1682 5
f 1040 1682 1765
f 1336 1040 1765
f 5 121 1822
f 1682 121 5
f 382 1225 1682
f 1040 382 1682
f 1682 543 121
f 1225 543 1682
f 1225 1437 543
f 1601 766 1184
f 1601 1223 766
f 1437 1189 1085
f 835 1189 1437
f 1115 835 1437
f 1189 948 1085
f 1189 654 948
f 835 654 1189
f 835 1046 654
f 417 958 766
f 584 1359 1015
f 958 584 1015
f 1027 584 958
f 557 958 417
f 557 1027 958
f 598 1040 1336
f 598 360 1040
f 1359 598 1336
f 1359 1336 1015
f 1615 598 1359
f 476 1359 584
f 476 1615 1359
f 1027 476 584
f 1027 690 476
f 557 690 1027
f 557 396 690
f 690 468 476
f 360 382 1040
f 1175 382 360
f 1908 360 598
f 1908 1175 360
f 1615 1908 598
f 1615 699 1908
f 476 699 1615
f 476 468 699
f 699 796 1908
f 690 1637 468
f 396 1637 690
f 1603 1225 382
f 1603 655 1225
f 1175 1603 382
f 1175 1059 1603
f 1908 1059 1175
f 1908 796 1059
f 1059 1263 1603
f 699 1235 796
f 468 1235 699
f 1637 1235 468
f 207 1437 1225
f 207 1115 1437
f 655 207 1225
f 1603 207 655
f 1603 1263 207
f 1263 1198 207
f 1059 644 1263
f 796 644 1059
f 796 664 644
f 1235 664 796
f 207 835 1115
f 207 373 835
f 1198 373 207
f 1263 373 1198
f 1263 1337 373
f 644 1337 1263
f 1637 664 1235
f 373 1046 835
f 373 627 1046
f 1337 627 373
f 664 1337 644
f 1223 417 766
f 482 417 1223
f 1222 1223 1601
f 1222 482 1223
f 867 1222 1601
f 867 725 1222
f 1560 725 867
f 1560 1280 725
f 1372 1280 1560
f 885 817 1372
f 386 817 885
f 386 527 817
f 567 527 386
f 567 1156 527
f 482 557 417
f 482 564 557
f 1222 564 482
f 1222 678 564
f 725 678 1222
f 725 1278 678
f 1280 1278 725
f 1280 1100 1278
f 1372 1100 1280
f 817 1100 1372
f 1156 541 527
f 564 396 557
f 678 396 564
f 541 817 527
f 541 1100 817
f 541 1951 1100
f 678 1637 396
f 1100 1951 1278
f 1278 1637 678
f 1278 1951 1637
f 1610 96 1591
f 188 1864 96
f 96 247 1591
f 1864 1575 96
f 96 1575 247
f 1864 1689 1575
f 247 340 1751
f 1575 340 247
f 1575 1713 340
f 1689 1713 1575
f 1689 54 1713
f 1572 1864 248
f 1125 1572 175
f 1572 1689 1864
f 1572 1930 1689
f 1125 1886 1572
f 1886 1930 1572
f 1125 148 1886
f 1930 54 1689
f 1930 260 54
f 1886 260 1930
f 1886 1552 260
f 1886 1835 1552
f 148 1835 1886
f 95 148 1125
f 95 1160 148
f 1579 1160 95
f 1579 221 1160
f 1579 730 221
f 1896 730 1579
f 1896 159 730
f 148 1820 1835
f 1160 1820 148
f 221 1820 1160
f 221 1630 1820
f 730 1630 221
f 730 1361 1630
f 159 1361 730
f 1804 159 1896
f 110 1568 1804
f 1205 1462 110
f 1804 1568 159
f 110 1462 1568
f 159 1351 1361
f 1568 1351 159
f 1462 1351 1568
f 1462 1712 1351
f 26 1821 1585
f 26 222 1821
f 1585 1462 1205
f 1585 1383 1462
f 1821 1383 1585
f 222 1383 1821
f 1383 1712 1462
f 1383 1732 1712
f 222 1732 1383
f 222 1266 1732
f 543 1347 288
f 1085 1347 543
f 1085 984 1347
f 1085 1505 984
f 1295 222 26
f 288 1295 26
f 1347 1295 288
f 984 1265 1347
f 1347 1975 1295
f 1265 1975 1347
f 1295 1500 222
f 1975 1500 1295
f 1265 739 1975
f 1500 1266 222
f 1975 1460 1500
f 865 1460 1975
f 739 865 1975
f 1500 101 1266
f 1460 101 1500
f 948 1505 1085
f 1127 1032 1505
f 948 1127 1505
f 654 1127 948
f 654 1162 1127
f 1046 1162 654
f 1046 831 1162
f 1505 532 984
f 809 716 532
f 1032 532 1505
f 1032 809 532
f 1127 809 1032
f 1127 385 809
f 385 1375 809
f 1162 385 1127
f 1162 669 385
f 831 669 1162
f 532 1265 984
f 532 1380 1265
f 716 1380 532
f 809 666 716
f 1375 666 809
f 385 1169 1375
f 669 1169 385
f 831 1169 669
f 1380 813 1265
f 749 813 1380
f 716 749 1380
f 666 749 716
f 666 877 749
f 1375 877 666
f 1169 877 1375
f 1169 23 877
f 813 739 1265
f 813 11 739
f 813 580 11
f 749 580 813
f 749 549 580
f 877 549 749
f 877 609 549
f 23 609 877
f 11 745 739
f 580 745 11
f 580 1612 745
f 549 1612 580
f 549 1600 1612
f 609 1600 549
f 609 177 1600
f 23 177 609
f 745 865 739
f 745 778 865
f 745 975 778
f 1612 975 745
f 1612 617 975
f 1600 617 1612
f 1600 1520 617
f 177 1520 1600
f 814 506 778
f 975 814 778
f 617 814 975
f 617 535 814
f 1520 535 617
f 627 831 1046
f 627 1426 831
f 1337 1426 627
f 664 1426 1337
f 1426 1169 831
f 664 141 1426
f 1426 23 1169
f 1426 141 23
f 23 141 177
f 1637 141 664
f 1951 141 1637
f 1951 298 141
f 54 1832 1713
f 1713 1832 340
f 1832 1978 340
f 1832 18 1978
f 1832 1772 18
f 797 1772 1832
f 260 1832 54
f 260 797 1832
f 1552 797 260
f 1552 1187 797
f 1835 1187 1552
f 1820 1187 1835
f 1630 1711 1820
f 1361 1711 1630
f 1711 1187 1820
f 1361 287 1711
f 1361 51 287
f 1711 414 1187
f 1351 51 1361
f 1712 51 1351
f 1712 1121 51
f 1712 257 1121
f 1732 257 1712
f 1732 1490 257
f 1266 1490 1732
f 1266 1934 1490
f 1342 900 1460
f 900 1168 1460
f 101 1934 1266
f 1460 1934 101
f 1460 523 1934
f 1168 523 1460
f 1168 1126 523
f 1400 1126 1168
f 865 1342 1460
f 1188 900 1342
f 1188 847 900
f 848 847 1188
f 847 1168 900
f 847 872 1168
f 872 1555 1168
f 1555 1400 1168
f 1555 438 1400
f 438 944 1400
f 778 1342 865
f 778 506 1342
f 814 841 506
f 535 841 814
f 535 850 841
f 535 134 850
f 1520 134 535
f 506 1188 1342
f 506 836 1188
f 841 836 506
f 841 1529 836
f 1529 289 836
f 850 1529 841
f 134 1529 850
f 134 1307 1529
f 1520 1307 134
f 177 1307 1520
f 836 848 1188
f 289 848 836
f 289 1019 848
f 1529 1019 289
f 1307 1019 1529
f 848 1355 847
f 1019 1355 848
f 1307 1355 1019
f 1307 1262 1355
f 1355 872 847
f 1355 552 872
f 1355 1262 552
f 552 1555 872
f 552 1052 1555
f 1262 1052 552
f 1052 438 1555
f 1052 616 438
f 1262 616 1052
f 1262 411 616
f 616 944 438
f 616 1985 944
f 616 411 1985
f 141 1307 177
f 141 1262 1307
f 141 411 1262
f 894 1795 2
f 894 1884 1795
f 1567 1884 894
f 1567 1486 1884
f 1393 1486 1567
f 1649 1486 1393
f 1649 266 1486
f 1592 266 1649
f 1768 266 1592
f 1768 1577 266
f 1033 1577 1768
f 1147 232 1577
f 1033 1147 1577
f 1889 1147 1033
f 217 1147 1889
f 1811 115 1147
f 217 1811 1147
f 1811 685 115
f 1451 1811 217
f 103 685 1811
f 1451 103 1811
f 103 1878 685
f 1692 103 1451
f 1762 1878 103
f 152 1762 103
f 152 103 1692
f 125 1762 152
f 125 346 1762
f 1218 346 125
f 1218 1439 346
f 1806 1439 1218
f 1614 889 1439
f 1806 1614 1439
f 565 1806 1218
f 582 671 1439
f 889 582 1439
f 462 1806 565
f 462 359 1806
f 460 462 565
f 846 671 582
f 846 567 671
f 403 582 889
f 403 846 582
f 573 889 1614
f 573 403 889
f 952 1614 1806
f 952 573 1614
f 359 952 1806
f 29 2 1844
f 29 894 2
f 1478 894 29
f 1478 1567 894
f 283 1567 1478
f 130 1844 1288
f 130 29 1844
f 1793 29 130
f 1793 1478 29
f 1463 1478 1793
f 267 1478 1463
f 267 283 1478
f 334 267 1463
f 1808 130 1288
f 1808 1793 130
f 1953 1793 1808
f 1953 1463 1793
f 1571 1463 1953
f 1571 334 1463
f 1393 1567 283
f 1774 1393 283
f 65 1393 1774
f 65 1649 1393
f 377 1649 65
f 377 1592 1649
f 1774 283 267
f 1983 1774 267
f 213 65 1774
f 213 1774 1983
f 213 377 65
f 1276 213 1983
f 1983 267 334
f 1587 213 1276
f 1580 1983 334
f 246 1983 1580
f 246 1276 1983
f 1903 1276 246
f 1903 1587 1276
f 723 1592 377
f 723 1768 1592
f 1781 1768 723
f 1781 1033 1768
f 1587 377 213
f 102 377 1587
f 102 723 377
f 1530 723 102
f 1530 1781 723
f 1925 1781 1530
f 1903 102 1587
f 1842 102 1903
f 1842 1530 102
f 1883 1530 1842
f 1883 1925 1530
f 71 1451 217
f 1781 1889 1033
f 35 1889 1781
f 35 217 1889
f 1697 217 35
f 1697 71 217
f 1925 35 1781
f 1228 35 1925
f 173 1697 35
f 173 35 1228
f 1173 173 1228
f 1883 1228 1925
f 1741 1228 1883
f 1741 1173 1228
f 1692 1451 71
f 1387 71 1697
f 1387 1692 71
f 252 1692 1387
f 252 152 1692
f 374 152 252
f 1387 1697 173
f 1364 1387 173
f 1521 1387 1364
f 1521 252 1387
f 1767 252 1521
f 1767 374 252
f 1364 173 1173
f 530 1173 1741
f 530 1364 1173
f 530 1521 1364
f 1522 1521 530
f 302 1521 1522
f 302 1767 1521
f 1634 1218 125
f 1374 1218 1634
f 1374 565 1218
f 1374 1178 565
f 1634 152 374
f 1634 125 152
f 1344 1374 1634
f 220 1634 374
f 1208 1634 220
f 1208 1344 1634
f 1812 374 1767
f 1812 220 374
f 379 220 1812
f 379 1208 220
f 1020 1208 379
f 1292 1020 379
f 1405 379 1812
f 1405 1812 1767
f 590 379 1405
f 1084 379 590
f 1084 1292 379
f 60 1767 302
f 60 1405 1767
f 1950 1405 60
f 590 1405 1950
f 1178 460 565
f 846 1156 567
f 846 1646 1156
f 403 1646 846
f 403 445 1646
f 573 445 403
f 573 431 445
f 952 431 573
f 952 717 431
f 359 717 952
f 359 681 717
f 462 681 359
f 462 672 681
f 462 862 672
f 862 462 460
f 972 460 1178
f 972 862 460
f 1646 541 1156
f 445 541 1646
f 445 1939 541
f 431 1939 445
f 717 1939 431
f 717 566 1939
f 681 566 717
f 672 566 681
f 672 1254 566
f 862 1254 672
f 862 1185 1254
f 972 1185 862
f 972 668 1185
f 668 623 1185
f 623 1254 1185
f 566 1667 1939
f 1254 1667 566
f 1939 1667 541
f 623 1667 1254
f 1667 1951 541
f 6 1667 623
f 1114 1178 1374
f 622 1178 1114
f 622 972 1178
f 1348 1374 1344
f 1348 1114 1374
f 931 1348 1344
f 622 668 972
f 622 488 668
f 488 622 1114
f 454 488 1114
f 1348 454 1114
f 822 1344 1208
f 822 931 1344
f 42 822 1208
f 488 623 668
f 488 941 623
f 454 941 488
f 454 1133 941
f 1348 1133 454
f 1348 697 1133
f 697 1348 931
f 737 697 931
f 422 931 822
f 422 737 931
f 637 1133 697
f 1020 42 1208
f 737 637 697
f 737 1099 637
f 422 1099 737
f 422 613 1099
f 613 822 42
f 613 422 822
f 633 613 42
f 1236 42 1020
f 1236 633 42
f 941 6 623
f 1133 6 941
f 637 6 1133
f 244 1099 613
f 570 1020 1292
f 633 244 613
f 633 1447 244
f 1236 1447 633
f 1236 531 1447
f 531 1236 1020
f 570 531 1020
f 637 397 6
f 1099 397 637
f 244 397 1099
f 603 1447 531
f 570 603 531
f 570 1203 603
f 1203 570 1292
f 244 1669 397
f 1447 1669 244
f 1447 995 1669
f 603 995 1447
f 1013 603 1203
f 1013 995 603
f 397 1669 6
f 1013 1729 995
f 756 1203 1292
f 756 1013 1203
f 756 1024 1013
f 1024 1292 1084
f 1024 756 1292
f 1418 1024 1084
f 945 1084 590
f 1418 938 1024
f 1418 366 938
f 366 1084 945
f 366 1418 1084
f 473 366 945
f 1024 1729 1013
f 1024 938 1729
f 592 938 366
f 1573 1953 1808
f 1598 1571 1953
f 1573 1808 1352
f 1598 1953 1573
f 1759 1352 1964
f 1759 1573 1352
f 1474 1573 1759
f 1474 1598 1573
f 1021 1598 1474
f 1580 334 1571
f 182 1580 1571
f 1410 246 1580
f 1747 1903 246
f 182 1571 1598
f 1410 1580 182
f 1747 246 1410
f 1021 182 1598
f 310 182 1021
f 310 1410 182
f 1473 1410 310
f 1473 1747 1410
f 1815 1842 1903
f 163 1883 1842
f 1815 1903 1747
f 163 1842 1815
f 1565 1747 1473
f 1565 1815 1747
f 1557 1815 1565
f 1557 163 1815
f 653 1883 163
f 1196 1883 653
f 1196 1741 1883
f 1857 1741 1196
f 67 163 1557
f 67 653 163
f 1909 1196 653
f 1909 653 67
f 1909 1857 1196
f 12 1857 1909
f 643 1741 1857
f 643 530 1741
f 1357 1522 530
f 1357 530 643
f 1887 1522 1357
f 1887 302 1522
f 12 643 1857
f 1508 643 12
f 957 1357 643
f 957 643 1508
f 1887 1357 957
f 135 1887 957
f 771 590 1950
f 1950 60 803
f 502 771 1950
f 803 60 302
f 1279 1950 803
f 1028 1950 1279
f 1028 502 1950
f 1498 302 1887
f 1498 803 302
f 1279 803 1498
f 965 1028 1279
f 1367 965 1279
f 135 1498 1887
f 1748 1498 135
f 1748 1279 1498
f 1087 1279 1748
f 1087 1367 1279
f 556 1367 1087
f 1667 298 1951
f 1669 263 1667
f 1669 1667 6
f 995 1729 1669
f 486 1023 1729
f 1729 263 1669
f 1729 1023 263
f 771 945 590
f 473 917 366
f 473 1507 917
f 1507 945 771
f 1507 473 945
f 391 1507 771
f 938 486 1729
f 592 486 938
f 592 917 486
f 917 592 366
f 508 917 1507
f 391 1491 1507
f 391 587 1491
f 587 771 502
f 587 391 771
f 1094 587 502
f 917 508 486
f 1491 508 1507
f 913 1491 587
f 1094 1161 587
f 1094 502 1028
f 508 1023 486
f 1491 1023 508
f 1491 913 1023
f 913 587 1161
f 1094 76 1161
f 1094 597 76
f 597 1028 689
f 597 1094 1028
f 913 179 1023
f 913 76 179
f 76 913 1161
f 1724 76 597
f 965 689 1028
f 689 1291 597
f 689 537 1291
f 537 689 965
f 76 1724 179
f 1291 1724 597
f 1102 965 1367
f 537 578 1291
f 537 1201 578
f 1201 965 1102
f 1201 537 965
f 1724 1070 179
f 1291 1070 1724
f 1291 578 1070
f 556 1102 1367
f 1102 1150 1201
f 1102 793 1150
f 793 1102 556
f 179 1070 1023
f 578 1150 1070
f 1150 578 1201
f 1110 556 1087
f 793 1146 1150
f 793 1245 1146
f 1245 556 1110
f 1245 793 556
f 1150 1146 1070
f 1661 1964 1283
f 1661 1759 1964
f 1661 1474 1759
f 1680 1474 1661
f 1680 1021 1474
f 49 1473 310
f 1867 1021 1680
f 1867 310 1021
f 1867 49 310
f 88 49 1867
f 1565 1473 49
f 1683 1565 49
f 1746 1565 1683
f 1746 1557 1565
f 17 1557 1746
f 1683 49 88
f 1318 1909 67
f 12 1909 1318
f 17 67 1557
f 17 1318 67
f 1538 1318 17
f 1425 1318 1538
f 1970 135 957
f 1970 957 1508
f 1514 12 1318
f 1514 1508 12
f 1514 1970 1508
f 1514 1318 1425
f 1234 1970 1514
f 901 1087 1748
f 963 1087 901
f 341 135 1970
f 341 1748 135
f 901 1748 341
f 341 1970 1234
f 858 901 341
f 1204 901 858
f 1204 581 901
f 400 1204 858
f 1667 263 298
f 1023 1070 263
f 1070 1892 263
f 494 1110 1087
f 1245 1277 1146
f 1245 789 1277
f 1245 494 789
f 494 1245 1110
f 1146 1277 1070
f 963 494 1087
f 789 548 1277
f 494 548 789
f 494 845 548
f 845 494 963
f 1277 478 1070
f 478 1277 548
f 845 1001 548
f 845 927 1001
f 478 1892 1070
f 548 1001 478
f 927 1271 1001
f 478 1001 1892
f 1271 873 1001
f 1271 783 873
f 1001 873 1892
f 783 619 873
f 873 435 1892
f 435 873 619
f 435 1569 1892
f 435 912 1569
f 641 845 963
f 641 963 901
f 641 927 845
f 443 641 901
f 641 1271 927
f 641 443 1271
f 581 443 901
f 443 783 1271
f 443 1452 783
f 1452 443 581
f 1452 619 783
f 1452 1626 619
f 1626 581 1204
f 1626 1452 581
f 1626 435 619
f 1626 1048 435
f 1048 1626 1204
f 1048 912 435
f 1048 522 912
f 522 1204 400
f 522 1048 1204
f 504 875 534
f 875 404 534
f 875 394 404
f 875 487 394
f 487 624 394
f 149 825 1155
f 149 270 825
f 1155 504 534
f 1155 825 504
f 499 1155 1089
f 149 1155 499
f 1089 534 404
f 1089 1155 534
f 1054 404 394
f 1054 1089 404
f 1089 1054 499
f 1965 149 499
f 490 394 624
f 490 1054 394
f 1054 1965 499
f 1054 490 1965
f 1628 149 1965
f 355 624 864
f 355 490 624
f 856 490 355
f 490 856 1965
f 1628 856 492
f 1628 1965 856
f 754 864 615
f 754 355 864
f 492 355 754
f 492 856 355
f 1628 492 542
f 903 754 615
f 542 754 903
f 542 492 754
f 615 1605 903
f 93 542 1202
f 93 1628 542
f 983 1628 93
f 1202 903 765
f 1202 542 903
f 1605 765 903
f 1628 326 149
f 983 326 1628
f 659 326 983
f 268 326 659
f 268 120 326
f 293 120 268
f 1861 875 504
f 314 1176 1861
f 1004 230 314
f 1861 1176 875
f 1176 487 875
f 314 230 1176
f 230 143 1176
f 487 864 624
f 487 1553 864
f 1176 1553 487
f 1176 143 1553
f 1553 615 864
f 143 1386 1553
f 1553 1605 615
f 1553 544 1605
f 1386 544 1553
f 143 1916 1386
f 1984 230 1004
f 857 58 1984
f 1984 137 230
f 58 137 1984
f 230 1496 143
f 137 1496 230
f 58 1217 137
f 1496 1916 143
f 1321 58 857
f 1321 116 58
f 1321 1510 116
f 124 1510 1321
f 58 116 1217
f 1641 1652 323
f 124 1551 1510
f 1652 1551 124
f 1641 1450 1652
f 1652 1010 1551
f 1450 1010 1652
f 1641 225 1450
f 1407 225 1641
f 111 1350 1407
f 1407 1350 225
f 111 164 1350
f 1978 1973 1956
f 1956 1917 111
f 1973 1917 1956
f 1917 164 111
f 1973 84 1917
f 1917 203 164
f 84 203 1917
f 432 1202 833
f 432 93 1202
f 983 93 432
f 884 1202 765
f 1202 884 833
f 884 432 833
f 1605 953 765
f 953 884 765
f 806 432 883
f 806 983 432
f 852 983 806
f 659 983 852
f 883 884 1723
f 883 432 884
f 953 1723 884
f 953 449 1723
f 674 806 883
f 852 806 674
f 457 883 1723
f 883 457 674
f 449 457 1723
f 449 876 457
f 792 674 996
f 792 852 674
f 659 852 792
f 996 457 1041
f 996 674 457
f 876 1041 457
f 381 792 996
f 1813 792 381
f 1813 659 792
f 874 1041 1103
f 874 996 1041
f 996 874 381
f 876 1103 1041
f 1103 837 874
f 558 381 507
f 558 1813 381
f 368 1813 558
f 514 874 1035
f 514 381 874
f 381 514 507
f 837 1035 874
f 463 558 507
f 368 558 463
f 1885 514 1035
f 514 1885 507
f 1885 463 507
f 837 967 1035
f 967 1885 1035
f 760 463 882
f 760 368 463
f 1219 368 760
f 882 1885 647
f 882 463 1885
f 967 647 1885
f 46 268 659
f 46 659 1813
f 46 1813 368
f 1267 268 46
f 46 368 1219
f 1267 46 1952
f 1423 268 1267
f 787 268 1423
f 301 268 787
f 301 293 268
f 544 953 1605
f 544 449 953
f 544 31 449
f 1386 31 544
f 1386 1398 31
f 1386 1151 1398
f 1916 1151 1386
f 449 31 876
f 31 1653 876
f 31 92 1653
f 1398 92 31
f 1653 1103 876
f 1653 759 1103
f 92 759 1653
f 1151 47 1398
f 759 837 1103
f 92 741 759
f 1398 997 92
f 997 741 92
f 47 997 1398
f 759 967 837
f 759 1323 967
f 741 1323 759
f 997 176 741
f 47 176 997
f 1948 176 47
f 1323 647 967
f 1323 459 647
f 741 459 1323
f 1496 1658 1916
f 1496 869 1658
f 137 869 1496
f 137 1999 869
f 1217 1999 137
f 1217 1798 1999
f 1916 1658 1151
f 1658 47 1151
f 1658 1948 47
f 1658 920 1948
f 869 920 1658
f 1999 77 869
f 77 920 869
f 1798 77 1999
f 1798 1446 77
f 116 1798 1217
f 116 1241 1798
f 1510 1241 116
f 1510 1593 1241
f 1241 1446 1798
f 1241 1484 1446
f 1593 250 1241
f 250 1484 1241
f 1593 446 250
f 1551 1593 1510
f 1551 1309 1593
f 1010 1309 1551
f 1010 1839 1309
f 1450 1839 1010
f 1309 446 1593
f 1309 1324 446
f 1839 1324 1309
f 1839 1740 1324
f 1450 1622 1839
f 225 1622 1450
f 225 1698 1622
f 1350 1698 225
f 164 1698 1350
f 164 1828 1698
f 1622 1740 1839
f 1698 1327 1622
f 1828 1792 1698
f 1792 1327 1698
f 1622 1327 1740
f 203 1828 164
f 84 1482 203
f 203 1482 1828
f 512 1482 84
f 1482 1792 1828
f 1482 1442 1792
f 512 1442 1482
f 512 1197 1442
f 799 760 529
f 799 1219 760
f 529 882 1242
f 529 760 882
f 529 1368 799
f 647 1242 882
f 647 1504 1242
f 1504 529 1242
f 1708 529 351
f 1708 1368 529
f 1368 595 799
f 1368 1708 595
f 1504 351 529
f 351 579 1708
f 579 657 1708
f 371 1219 799
f 371 46 1219
f 698 46 371
f 1952 46 698
f 493 799 595
f 493 371 799
f 698 371 493
f 1267 1952 656
f 1708 493 595
f 521 698 493
f 1952 698 521
f 860 1708 657
f 860 493 1708
f 860 521 493
f 579 860 657
f 579 465 860
f 539 521 650
f 539 1952 521
f 378 1952 539
f 656 1952 378
f 662 860 465
f 662 521 860
f 521 662 650
f 662 539 650
f 662 496 539
f 496 378 539
f 465 517 662
f 675 656 378
f 563 656 675
f 563 1267 656
f 708 1267 563
f 1423 1267 708
f 904 662 74
f 904 496 662
f 1179 496 904
f 1179 378 496
f 1179 675 378
f 1179 1829 675
f 1829 563 675
f 517 74 662
f 517 904 74
f 517 1213 904
f 1213 1179 904
f 827 708 563
f 700 708 827
f 700 1423 708
f 384 1829 1179
f 611 1829 384
f 611 563 1829
f 611 827 563
f 1213 384 1179
f 1213 1501 384
f 1501 611 384
f 1501 986 611
f 533 611 986
f 533 827 611
f 1132 827 533
f 1132 700 827
f 986 526 533
f 526 1132 533
f 526 1475 1132
f 787 1423 1083
f 1083 1423 700
f 1563 1083 964
f 1563 787 1083
f 1860 301 787
f 350 1083 700
f 839 1083 350
f 964 1083 839
f 442 301 1860
f 1132 350 700
f 1563 562 787
f 562 503 787
f 503 1860 787
f 1000 1132 1475
f 1000 350 1132
f 369 350 1000
f 369 839 350
f 1007 839 369
f 1007 964 839
f 470 964 1007
f 470 1563 964
f 562 1563 470
f 727 1860 503
f 442 1860 727
f 1475 575 1000
f 575 369 1000
f 575 1159 369
f 459 1504 647
f 459 1231 1504
f 741 1231 459
f 741 887 1231
f 176 887 741
f 176 1346 887
f 1948 1346 176
f 1948 264 1346
f 1231 351 1504
f 1231 579 351
f 1231 1039 579
f 887 1039 1231
f 1039 465 579
f 1039 517 465
f 1039 780 517
f 887 780 1039
f 780 1213 517
f 887 1546 780
f 1346 1546 887
f 1346 126 1546
f 264 126 1346
f 780 1744 1213
f 1744 1501 1213
f 1546 1744 780
f 1546 112 1744
f 63 112 1546
f 126 63 1546
f 126 38 63
f 1501 1328 986
f 1328 526 986
f 1744 1328 1501
f 112 1328 1744
f 63 38 112
f 1328 1475 526
f 1328 575 1475
f 112 976 1328
f 38 976 112
f 575 1662 1159
f 1328 1662 575
f 1328 976 1662
f 38 1854 976
f 920 264 1948
f 920 1942 264
f 77 1942 920
f 77 1459 1942
f 1446 1459 77
f 1446 1540 1459
f 1942 1314 264
f 1459 1314 1942
f 1314 126 264
f 1459 2000 1314
f 1459 1137 2000
f 1540 1137 1459
f 1314 224 126
f 224 38 126
f 1314 2000 224
f 224 1854 38
f 2000 1854 224
f 2000 30 1854
f 1137 30 2000
f 1137 939 30
f 1484 1540 1446
f 1484 70 1540
f 1484 1273 70
f 250 1273 1484
f 250 1753 1273
f 446 1753 250
f 70 1137 1540
f 70 1255 1137
f 1273 1255 70
f 1273 1561 1255
f 1753 1561 1273
f 1255 939 1137
f 1255 1771 939
f 1561 1771 1255
f 1561 1720 1771
f 446 1731 1753
f 1324 1731 446
f 1324 150 1731
f 1740 150 1324
f 1740 1907 150
f 1753 1509 1561
f 1731 1509 1753
f 1731 180 1509
f 150 405 1731
f 405 180 1731
f 1907 405 150
f 1907 1488 405
f 405 311 180
f 1488 311 405
f 1488 278 311
f 1509 1720 1561
f 1509 156 1720
f 180 156 1509
f 311 156 180
f 311 1928 156
f 278 1928 311
f 1740 991 1907
f 1327 991 1740
f 1327 1635 991
f 1327 1794 1635
f 1792 1794 1327
f 1794 1868 1635
f 991 1488 1907
f 991 91 1488
f 1635 91 991
f 1635 1157 91
f 1868 1157 1635
f 91 278 1488
f 91 57 278
f 1157 57 91
f 1157 83 57
f 663 83 1157
f 1868 663 1157
f 1868 271 663
f 57 300 278
f 83 300 57
f 663 1494 83
f 271 1494 663
f 278 300 1928
f 83 1494 300
f 1792 1802 1794
f 1442 309 1792
f 309 1802 1792
f 1442 1623 309
f 1197 1623 1442
f 1802 1868 1794
f 309 804 1802
f 1623 804 309
f 1802 94 1868
f 804 94 1802
f 1623 1778 804
f 1623 241 1778
f 1623 333 241
f 94 271 1868
f 94 691 271
f 804 691 94
f 804 1778 691
f 271 284 1494
f 691 284 271
f 691 1837 284
f 1778 1837 691
f 241 1837 1778
f 241 218 1837
f 1420 1007 369
f 1098 1007 1420
f 1098 470 1007
f 971 470 1098
f 971 562 470
f 777 562 971
f 777 503 562
f 357 503 777
f 357 727 503
f 450 727 357
f 450 442 727
f 1159 1420 369
f 1098 988 971
f 988 777 971
f 988 357 777
f 988 742 357
f 742 450 357
f 1159 1662 1420
f 1662 1098 1420
f 1662 988 1098
f 988 520 742
f 1662 520 988
f 976 520 1662
f 976 1470 520
f 976 196 1470
f 1854 196 976
f 1854 1996 196
f 30 1996 1854
f 30 1709 1996
f 939 1709 30
f 1771 1709 939
f 1771 1980 1709
f 1720 1980 1771
f 1720 1145 1980
f 277 1145 1720
f 156 277 1720
f 1928 277 156
f 1928 72 277
f 72 75 277
f 300 72 1928
f 300 138 72
f 138 1797 72
f 1494 138 300
f 1494 1800 138
f 284 1800 1494
f 1837 1900 284
f 1900 1800 284
f 218 1900 1837
f 218 169 1900
f 106 127 120
f 106 120 293
f 1809 127 106
f 993 1809 48
f 545 1809 993
f 545 1589 1809
f 48 1809 106
f 1165 545 993
f 372 993 48
f 372 1165 993
f 329 48 106
f 464 48 1696
f 464 372 48
f 1696 48 329
f 1031 464 1696
f 1535 1696 329
f 1535 1031 1696
f 1192 1031 1535
f 276 329 106
f 949 1535 329
f 1850 1535 949
f 1850 1192 1535
f 332 329 276
f 415 329 332
f 415 949 329
f 918 949 415
f 918 1850 949
f 918 1639 1850
f 1120 1589 545
f 1120 73 1589
f 1270 73 1120
f 1270 410 73
f 469 545 1165
f 469 1120 545
f 1270 1120 469
f 1090 1165 372
f 1090 469 1165
f 1090 1270 469
f 1030 372 464
f 1030 1090 372
f 638 464 1031
f 638 1030 464
f 649 1030 638
f 1192 638 1031
f 1639 638 1192
f 1639 649 638
f 1639 1192 1850
f 1104 1639 918
f 910 410 1270
f 602 1270 1090
f 602 910 1270
f 1194 1055 910
f 1194 1095 1055
f 602 1090 1030
f 1194 910 602
f 649 602 1030
f 1104 602 649
f 1299 602 1104
f 1299 1194 602
f 1104 649 1639
f 44 1194 1299
f 1606 481 1095
f 1606 1095 1194
f 1856 1926 1606
f 44 1606 1194
f 1894 1606 44
f 1856 1606 1894
f 1427 1556 109
f 1856 1959 1926
f 279 109 1959
f 1427 109 279
f 279 1959 1856
f 304 1427 279
f 1427 1770 1556
f 1853 1843 1770
f 1805 1770 1427
f 1853 1770 1805
f 1805 1427 304
f 274 1843 1853
f 274 1831 1843
f 753 1831 274
f 753 1134 1831
f 1633 1997 1134
f 1566 1997 1633
f 1566 1283 1997
f 1633 1134 753
f 1727 276 106
f 1559 106 709
f 1559 1727 106
f 1968 106 293
f 1968 709 106
f 1968 293 401
f 599 1968 401
f 401 293 1919
f 693 332 276
f 693 415 332
f 1038 415 693
f 918 415 1038
f 896 918 1038
f 27 276 1727
f 859 693 276
f 461 693 859
f 461 1038 693
f 896 1038 461
f 1526 276 27
f 1526 859 276
f 683 859 1526
f 915 859 683
f 915 461 859
f 361 915 683
f 361 461 915
f 361 896 461
f 456 1526 27
f 501 1526 456
f 501 683 1526
f 1716 683 501
f 1716 361 683
f 380 27 1727
f 380 456 27
f 704 456 380
f 395 456 704
f 395 501 456
f 1399 395 704
f 395 1716 501
f 467 1727 1559
f 746 1727 467
f 746 380 1727
f 886 380 746
f 886 704 380
f 1399 704 886
f 866 467 1559
f 866 832 467
f 832 746 467
f 886 746 832
f 820 886 832
f 820 1399 886
f 636 1559 709
f 636 866 1559
f 593 866 636
f 583 866 593
f 583 832 866
f 1416 583 593
f 1416 832 583
f 1416 820 832
f 896 1104 918
f 1704 1104 896
f 262 1299 1704
f 1299 1104 1704
f 956 1299 262
f 956 44 1299
f 1638 44 956
f 1704 896 361
f 262 1704 7
f 1716 1704 361
f 7 1704 1716
f 979 1716 395
f 7 1716 979
f 1681 262 7
f 956 262 1681
f 192 1638 956
f 979 395 1399
f 1681 7 979
f 192 956 1681
f 820 979 1399
f 1588 979 820
f 1588 1681 979
f 1645 1681 1588
f 1645 192 1681
f 1363 192 1645
f 1588 820 1416
f 1252 1645 1588
f 1419 44 1638
f 1419 1894 44
f 505 1894 1419
f 505 1856 1894
f 1599 1856 505
f 1272 1638 192
f 1272 1419 1638
f 505 1419 1272
f 1272 192 1363
f 1319 505 1272
f 1989 505 1319
f 1989 1599 505
f 155 1272 1363
f 1319 1272 155
f 1358 1856 1599
f 1358 279 1856
f 1690 279 1358
f 1690 304 279
f 1647 1358 1599
f 1647 1599 1989
f 1986 1358 1647
f 1986 1690 1358
f 1891 1690 1986
f 642 1647 1989
f 1986 1647 642
f 924 304 1673
f 924 1805 304
f 1554 1805 924
f 1554 1853 1805
f 1248 1853 1554
f 1673 304 1690
f 648 924 1673
f 1725 924 648
f 1725 1554 924
f 1725 1248 1554
f 1891 1673 1690
f 648 1673 1891
f 157 1725 648
f 1695 648 1891
f 157 648 1695
f 214 1725 157
f 80 1853 1248
f 80 274 1853
f 1702 274 80
f 1702 753 274
f 1694 753 1702
f 1775 1248 1725
f 1775 80 1248
f 1702 80 1775
f 895 1702 1775
f 1743 1702 895
f 1743 1694 1702
f 1093 1725 214
f 1093 1775 1725
f 186 1775 1093
f 895 1775 186
f 1694 1633 753
f 1471 1633 1694
f 1206 1633 1471
f 1206 1566 1633
f 1108 1694 1743
f 1613 1694 1108
f 1613 1471 1694
f 280 1471 1613
f 280 1206 1471
f 1381 1206 280
f 107 1381 280
f 337 293 301
f 1919 293 337
f 1947 1919 337
f 680 1919 1947
f 863 301 442
f 960 301 863
f 337 301 960
f 748 680 1947
f 1092 680 748
f 960 914 337
f 914 966 337
f 966 1947 337
f 966 1088 1947
f 1088 790 1947
f 790 748 1947
f 1101 863 442
f 960 863 1101
f 577 748 790
f 843 748 577
f 843 1092 748
f 1239 843 577
f 705 709 1968
f 1448 1968 599
f 705 1968 1448
f 1448 849 705
f 439 401 1919
f 1733 599 401
f 471 599 1733
f 1448 599 471
f 471 36 1448
f 768 1448 36
f 768 849 1448
f 673 768 36
f 673 849 768
f 673 491 849
f 1018 401 439
f 811 401 1018
f 1733 401 811
f 811 934 1733
f 897 1733 934
f 897 471 1733
f 855 471 897
f 855 36 471
f 1944 897 934
f 1944 855 897
f 855 673 36
f 692 1919 680
f 439 1919 692
f 692 651 439
f 651 1018 439
f 651 881 1018
f 1461 1018 881
f 1461 811 1018
f 515 811 1461
f 515 934 811
f 475 1461 881
f 475 515 1461
f 515 1944 934
f 692 680 1092
f 1092 916 692
f 651 692 916
f 427 881 651
f 733 651 916
f 733 427 651
f 733 475 427
f 475 881 427
f 893 1092 843
f 893 916 1092
f 893 733 916
f 1303 709 1330
f 1303 636 709
f 1629 636 1303
f 1629 593 636
f 1268 1629 1303
f 1629 1416 593
f 1330 709 705
f 705 1123 1330
f 452 1330 1123
f 452 1303 1330
f 1144 452 1123
f 1144 1268 452
f 1268 1303 452
f 1002 705 849
f 1002 1123 705
f 491 1002 849
f 491 1144 1002
f 1144 1123 1002
f 1057 843 1239
f 1852 491 673
f 652 855 1944
f 652 1852 855
f 1852 673 855
f 922 1852 652
f 726 515 475
f 726 652 515
f 652 1944 515
f 1760 652 726
f 1760 922 652
f 1987 922 1760
f 317 922 1987
f 317 1128 922
f 851 475 733
f 851 726 475
f 1760 726 851
f 1987 1760 851
f 1057 893 843
f 1057 733 893
f 1057 851 733
f 1061 851 1057
f 1061 1987 851
f 61 1987 1061
f 61 317 1987
f 61 324 317
f 1268 1416 1629
f 1268 1588 1416
f 1252 1588 1268
f 1363 1645 1252
f 1252 1268 1144
f 1852 1144 491
f 1852 1252 1144
f 922 1252 1852
f 1128 1252 922
f 1128 1363 1252
f 1871 273 1128
f 324 1871 317
f 1871 1128 317
f 1728 1871 324
f 1728 273 1871
f 1728 1992 273
f 338 1992 1728
f 338 1776 1992
f 1586 324 61
f 1586 1728 324
f 1586 338 1728
f 1128 155 1363
f 273 155 1128
f 273 1319 155
f 1992 1319 273
f 1992 1989 1319
f 1776 1989 1992
f 1472 90 204
f 1703 1776 338
f 1703 1240 1776
f 343 1240 1703
f 348 1472 343
f 1472 1240 343
f 1472 204 1240
f 1390 1472 348
f 1604 338 1586
f 1604 1703 338
f 1604 343 1703
f 1604 348 343
f 1718 348 1604
f 1776 642 1989
f 1240 642 1776
f 1240 1986 642
f 204 1986 1240
f 204 1891 1986
f 90 1891 204
f 1390 90 1472
f 1819 90 1390
f 1819 305 90
f 1170 305 1819
f 1170 1773 305
f 219 1773 1170
f 1718 1390 348
f 1718 1819 1390
f 1787 1819 1718
f 1787 1170 1819
f 1787 219 1170
f 90 1695 1891
f 305 1695 90
f 305 157 1695
f 1773 157 305
f 1773 214 157
f 219 870 1773
f 1392 870 219
f 1392 1932 870
f 1688 1932 1392
f 1688 189 1932
f 1274 219 1787
f 1274 1392 219
f 1545 1392 1274
f 1545 1688 1392
f 870 214 1773
f 870 1093 214
f 870 186 1093
f 1932 186 870
f 1932 895 186
f 189 895 1932
f 189 1743 895
f 959 189 1688
f 1373 189 959
f 1373 1354 189
f 1053 1354 1373
f 1053 55 1354
f 171 55 1053
f 1006 1688 1545
f 1006 959 1688
f 1006 1373 959
f 1755 1373 1006
f 1755 1053 1373
f 1755 171 1053
f 189 1108 1743
f 1354 1108 189
f 1354 1613 1108
f 1354 280 1613
f 1354 107 280
f 55 107 1354
f 773 442 450
f 773 1101 442
f 455 1101 773
f 455 960 1101
f 947 960 455
f 947 914 960
f 448 914 947
f 448 966 914
f 1440 966 448
f 1440 1088 966
f 1322 1088 1440
f 1322 790 1088
f 1322 577 790
f 742 773 450
f 742 981 773
f 981 455 773
f 981 437 455
f 437 947 455
f 437 1005 947
f 1005 448 947
f 1005 1539 448
f 1539 1440 448
f 1239 577 1322
f 520 981 742
f 1539 1322 1440
f 1539 1057 1322
f 1057 1239 1322
f 520 437 981
f 1470 437 520
f 1470 1005 437
f 1005 1061 1539
f 1061 1057 1539
f 1470 1061 1005
f 196 1814 1470
f 1814 1061 1470
f 1814 61 1061
f 1996 1814 196
f 1996 1586 1814
f 1586 61 1814
f 1709 1586 1996
f 1709 1604 1586
f 1980 1604 1709
f 1145 1604 1980
f 1145 1718 1604
f 277 75 1145
f 75 1718 1145
f 75 1787 1718
f 72 1797 75
f 1797 1787 75
f 1274 1787 1797
f 138 1274 1797
f 138 1545 1274
f 1800 1545 138
f 1800 1006 1545
f 1900 1006 1800
f 1900 1755 1006
f 169 1755 1900
f 18 1973 1978
f 18 1651 1973
f 1772 1849 18
f 1973 1651 84
f 18 1849 1651
f 1772 185 1849
f 1187 719 797
f 797 719 1772
f 1187 414 719
f 719 185 1772
f 414 239 719
f 719 1511 185
f 719 239 1511
f 287 414 1711
f 287 1823 414
f 414 1493 239
f 1823 1493 414
f 287 1960 1823
f 51 810 287
f 1121 810 51
f 810 1960 287
f 1121 1875 810
f 810 1453 1960
f 1875 1453 810
f 257 1875 1121
f 1490 183 257
f 1490 1631 183
f 1934 1631 1490
f 257 183 1875
f 1631 1468 183
f 1126 16 523
f 1126 1139 16
f 1934 193 1631
f 523 193 1934
f 523 16 193
f 16 1536 193
f 193 1468 1631
f 16 576 1536
f 576 259 1536
f 1536 1081 193
f 193 1081 1468
f 259 1888 1536
f 259 498 1888
f 1400 407 1126
f 944 407 1400
f 944 1929 407
f 1929 1025 407
f 407 1139 1126
f 1025 1139 407
f 1025 559 1139
f 1139 687 16
f 559 687 1139
f 687 588 16
f 588 576 16
f 588 932 576
f 932 259 576
f 1985 1929 944
f 1985 1457 1929
f 411 1457 1985
f 1457 1025 1929
f 1457 1149 1025
f 411 1149 1457
f 1149 559 1025
f 1149 1130 559
f 411 1130 1149
f 411 100 1130
f 1130 687 559
f 1130 1455 687
f 1130 100 1455
f 1455 588 687
f 1455 1177 588
f 100 1177 1455
f 1177 932 588
f 1177 1080 932
f 1177 1877 1080
f 100 1877 1177
f 100 383 1877
f 932 1895 259
f 1080 1895 932
f 1877 1895 1080
f 1877 1071 1895
f 1877 383 1071
f 1895 498 259
f 1895 715 498
f 1071 715 1895
f 1071 375 715
f 383 375 1071
f 141 298 411
f 298 100 411
f 298 383 100
f 298 1994 383
f 298 129 1994
f 129 335 1994
f 1651 512 84
f 1651 1924 512
f 1849 1924 1651
f 1849 1756 1924
f 185 1756 1849
f 1924 1197 512
f 1924 14 1197
f 1756 14 1924
f 1756 1855 14
f 185 1412 1756
f 1511 1412 185
f 1511 191 1412
f 239 191 1511
f 239 1320 191
f 1412 1855 1756
f 191 1855 1412
f 191 1304 1855
f 1320 1304 191
f 1320 1827 1304
f 1493 1320 239
f 1493 1576 1320
f 1823 1576 1493
f 1823 1901 1576
f 1960 1901 1823
f 1576 1827 1320
f 1576 1227 1827
f 1901 1227 1576
f 1901 1285 1227
f 1453 1901 1960
f 1453 1611 1901
f 1453 1034 1611
f 1875 1034 1453
f 1875 367 1034
f 1611 1285 1901
f 172 1285 1611
f 1034 172 1611
f 614 172 1034
f 367 614 1034
f 183 367 1875
f 183 908 367
f 1468 908 183
f 1468 1632 908
f 1388 614 367
f 908 1388 367
f 908 146 1388
f 1632 146 908
f 1536 1888 1081
f 1888 1691 1081
f 1468 315 1632
f 1081 315 1468
f 1081 1691 315
f 1888 816 1691
f 1200 816 1888
f 816 1454 1691
f 315 146 1632
f 315 1752 146
f 1691 1492 315
f 1492 1752 315
f 1691 1961 1492
f 1454 1961 1691
f 1454 390 1961
f 1961 243 1492
f 390 243 1961
f 498 682 1888
f 715 682 498
f 375 682 715
f 375 1710 682
f 383 1710 375
f 383 1042 1710
f 383 1994 1042
f 682 1200 1888
f 1710 1200 682
f 1710 919 1200
f 1042 919 1710
f 1200 826 816
f 919 826 1200
f 1042 826 919
f 1042 1077 826
f 1994 1077 1042
f 1994 419 1077
f 826 646 816
f 1077 646 826
f 1077 665 646
f 1077 419 665
f 646 1454 816
f 646 815 1454
f 665 815 646
f 815 1316 571
f 665 1316 815
f 419 1316 665
f 419 479 1316
f 419 1782 479
f 815 571 1454
f 1316 1138 571
f 479 1138 1316
f 479 990 1138
f 1782 990 479
f 571 390 1454
f 1138 390 571
f 1138 1721 390
f 990 1721 1138
f 990 510 1721
f 1782 510 990
f 335 510 1782
f 390 1072 243
f 1721 1072 390
f 1721 762 1072
f 762 1957 1072
f 510 762 1721
f 510 1957 762
f 335 1957 510
f 335 425 1957
f 335 1700 425
f 1994 335 1782
f 1994 1782 419
f 129 1700 335
f 129 118 1700
f 129 1570 118
f 1570 66 118
f 129 28 1570
f 1197 303 1623
f 1197 345 303
f 14 345 1197
f 14 1445 345
f 1855 1445 14
f 303 333 1623
f 345 333 303
f 345 1801 333
f 345 1595 1801
f 1445 1595 345
f 1445 1912 1595
f 333 1801 241
f 1801 218 241
f 1801 1523 218
f 1595 1523 1801
f 1912 1523 1595
f 1855 1481 1445
f 1855 1913 1481
f 1304 1913 1855
f 1304 140 1913
f 1827 140 1304
f 1827 327 140
f 140 234 1913
f 327 234 140
f 1481 1912 1445
f 1481 1879 1912
f 1913 1879 1481
f 234 1879 1913
f 234 1890 1879
f 234 1920 1890
f 1879 1523 1912
f 1879 1675 1523
f 1890 1675 1879
f 1890 1955 1675
f 1920 1955 1890
f 1827 1654 327
f 1227 1654 1827
f 1227 1014 1654
f 1285 1014 1227
f 1285 59 1014
f 327 1920 234
f 1654 1920 327
f 1654 1833 1920
f 1014 1833 1654
f 1014 500 1833
f 59 500 1014
f 59 1578 500
f 1833 1955 1920
f 1833 190 1955
f 500 190 1833
f 500 1830 190
f 1578 1830 500
f 1285 1946 59
f 172 1946 1285
f 172 34 1946
f 614 34 172
f 614 1906 34
f 1906 1068 34
f 34 1068 1946
f 59 1803 1578
f 1946 1803 59
f 1722 1803 1946
f 1068 1722 1946
f 1722 215 1803
f 1068 4 1722
f 4 215 1722
f 1803 1830 1578
f 215 1830 1803
f 215 1824 1830
f 215 238 1824
f 4 238 215
f 1388 1906 614
f 1388 1411 1906
f 146 1411 1388
f 146 1971 1411
f 1906 4 1068
f 1906 1502 4
f 1411 1502 1906
f 1411 1431 1502
f 1971 1431 1411
f 1971 1590 1431
f 4 202 238
f 1502 202 4
f 1431 202 1502
f 1431 62 202
f 1590 62 1431
f 1752 1971 146
f 1752 339 1971
f 1492 339 1752
f 1492 1385 339
f 243 1385 1492
f 423 1385 243
f 423 1818 1385
f 339 1113 1971
f 1385 1113 339
f 1818 1542 1385
f 1113 1590 1971
f 1385 1931 1113
f 1385 1414 1931
f 1542 1414 1385
f 1113 1931 1590
f 428 1414 1542
f 428 1180 1414
f 1414 829 1931
f 1180 829 1414
f 1590 1791 62
f 1931 1791 1590
f 1931 21 1791
f 829 21 1931
f 829 888 21
f 829 1045 888
f 1072 424 243
f 424 423 243
f 1957 424 1072
f 424 607 423
f 425 424 1957
f 425 607 424
f 1700 607 425
f 1700 1378 607
f 1331 1818 423
f 607 1331 423
f 607 610 1331
f 1378 610 607
f 1378 1074 610
f 1331 1750 1818
f 610 1750 1331
f 1700 118 1378
f 118 1074 1378
f 118 66 1074
f 1142 819 1570
f 1750 1315 1818
f 1750 1308 1315
f 1074 1750 610
f 1074 1308 1750
f 66 1308 1074
f 66 1287 1308
f 1570 1287 66
f 1315 1542 1818
f 1315 775 1542
f 1308 1211 1315
f 1211 775 1315
f 1211 560 775
f 1287 1211 1308
f 1287 560 1211
f 1287 907 560
f 1570 907 1287
f 1570 987 907
f 1570 819 987
f 775 428 1542
f 560 1091 775
f 1091 428 775
f 907 1091 560
f 1091 1029 428
f 987 1091 907
f 987 1029 1091
f 987 974 1029
f 819 974 987
f 819 402 974
f 1142 402 819
f 428 453 1180
f 1029 453 428
f 1029 824 453
f 974 824 1029
f 824 1141 453
f 402 824 974
f 402 1141 824
f 402 1325 1141
f 1142 1325 402
f 28 1325 1142
f 28 1209 1325
f 453 829 1180
f 1141 786 453
f 786 829 453
f 786 370 829
f 1325 786 1141
f 1325 370 786
f 370 1045 829
f 370 954 1045
f 1209 370 1325
f 1209 954 370
f 1209 921 954
f 954 618 1045
f 28 1142 1570
f 129 1981 28
f 129 1841 1981
f 129 20 1841
f 28 551 1209
f 1981 551 28
f 1841 791 1981
f 921 1701 954
f 921 551 1701
f 551 921 1209
f 551 1062 1701
f 1981 1062 551
f 1981 1376 1062
f 791 1376 1981
f 20 296 1841
f 1045 743 888
f 743 412 888
f 618 743 1045
f 1701 618 954
f 1701 743 618
f 743 365 412
f 1062 743 1701
f 1062 365 743
f 1062 1376 365
f 1376 684 365
f 1376 1519 684
f 1376 791 1519
f 791 909 1519
f 1841 909 791
f 1841 712 909
f 712 296 676
f 296 712 1841
f 296 444 676
f 20 444 296
f 1523 169 218
f 1523 1548 169
f 1686 1548 1523
f 1675 1686 1523
f 1675 45 1686
f 1955 45 1675
f 1955 1528 45
f 190 1528 1955
f 190 187 1528
f 190 1730 187
f 1830 1730 190
f 1830 1284 1730
f 1824 1284 1830
f 1824 1516 1284
f 238 1516 1824
f 238 1397 1516
f 1397 1049 1516
f 202 1397 238
f 62 1397 202
f 62 286 1397
f 286 1851 1397
f 1791 286 62
f 1791 1547 286
f 21 1547 1791
f 21 1112 1547
f 1112 294 1547
f 888 1671 21
f 1671 1112 21
f 64 1112 1671
f 64 785 1112
f 412 1671 888
f 412 936 1671
f 936 64 1671
f 785 1655 1112
f 365 936 412
f 684 936 365
f 936 1060 64
f 1519 936 684
f 1519 1060 936
f 1060 785 64
f 1060 1037 785
f 909 1060 1519
f 909 1037 1060
f 1037 495 785
f 712 1037 909
f 712 495 1037
f 495 1655 785
f 495 429 1655
f 676 495 712
f 676 429 495
f 429 363 1655
f 444 429 676
f 444 363 429
f 281 1283 1566
f 281 1661 1283
f 1469 1661 281
f 1469 1680 1661
f 41 1680 1469
f 1777 1680 41
f 1777 1867 1680
f 902 1867 1777
f 902 88 1867
f 255 902 1777
f 1897 902 255
f 902 1683 88
f 1897 1683 902
f 1897 1746 1683
f 1935 1746 1897
f 9 1746 1935
f 9 17 1746
f 1779 336 210
f 336 17 9
f 336 1538 17
f 336 1425 1538
f 105 1425 336
f 210 336 9
f 1779 105 336
f 1195 1466 229
f 1016 1514 1425
f 1234 1514 1016
f 105 1016 1425
f 1466 1234 1016
f 1466 1016 105
f 1466 105 229
f 1078 1497 1286
f 1541 341 1234
f 858 341 1541
f 1858 858 1541
f 1858 400 858
f 1541 1234 1466
f 1749 1541 1466
f 1286 1541 1749
f 1497 1541 1286
f 1497 1858 1541
f 1749 1466 1195
f 263 129 298
f 1892 1569 263
f 1569 1693 263
f 1693 209 263
f 209 950 263
f 1569 912 356
f 356 635 1569
f 1569 606 1693
f 635 606 1569
f 606 929 1693
f 929 555 1693
f 1693 779 209
f 1693 393 779
f 555 393 1693
f 393 555 440
f 393 1097 779
f 1097 393 720
f 393 440 720
f 720 639 1097
f 720 940 639
f 940 720 1078
f 1097 639 779
f 522 356 912
f 522 1086 356
f 1086 522 400
f 420 400 1858
f 1086 635 356
f 1086 420 635
f 420 1086 400
f 722 420 1858
f 420 606 635
f 420 722 606
f 1298 722 1858
f 722 929 606
f 722 1298 929
f 660 1858 1497
f 660 1298 1858
f 1298 555 929
f 1298 660 555
f 399 660 1497
f 660 440 555
f 660 399 440
f 1078 399 1497
f 720 399 1078
f 399 720 440
f 1685 1566 1206
f 1685 281 1566
f 1109 281 1685
f 1109 1469 281
f 898 1469 1109
f 1817 1469 898
f 1817 41 1469
f 1650 1817 898
f 1381 1685 1206
f 237 1685 1381
f 237 1109 1685
f 237 898 1109
f 1650 898 237
f 1859 237 1381
f 480 1650 237
f 1232 41 1817
f 1232 1777 41
f 1341 1777 1232
f 1341 255 1777
f 1937 255 1341
f 1066 1937 1341
f 1301 1232 1817
f 1301 1341 1232
f 1066 1341 1301
f 1301 1817 1650
f 1923 1066 1301
f 1643 1066 1923
f 736 1301 1650
f 81 1301 736
f 1923 1301 81
f 197 255 1937
f 197 1897 255
f 1969 1897 197
f 1257 1897 1969
f 1257 1935 1897
f 1193 1969 197
f 1193 1257 1969
f 1430 1257 1193
f 1643 1937 1066
f 1643 197 1937
f 1193 197 1643
f 1430 1193 104
f 1435 1193 1643
f 104 1193 1435
f 210 9 1935
f 82 1935 1257
f 82 210 1935
f 37 210 82
f 1415 210 37
f 1311 210 1415
f 1311 1779 210
f 1 1779 1311
f 1430 82 1257
f 1430 37 82
f 1415 37 1430
f 131 1415 1430
f 1313 1415 131
f 1313 1311 1415
f 1627 1311 1313
f 1627 1 1311
f 1866 1430 104
f 131 1430 1866
f 229 105 1779
f 128 229 1779
f 128 1779 1
f 1617 229 128
f 1617 1195 229
f 1636 1195 1617
f 1627 128 1
f 752 128 1627
f 752 1617 128
f 1825 1617 752
f 1764 1617 1825
f 1764 1636 1617
f 1395 1078 1286
f 1958 1749 1195
f 1958 1286 1749
f 1597 1286 1958
f 1395 1286 1597
f 1958 1195 1636
f 1938 1395 1597
f 626 1938 1597
f 626 1597 892
f 1408 1636 1764
f 1408 1958 1636
f 1562 1958 1408
f 1562 1597 1958
f 892 1597 1562
f 1166 892 1562
f 263 211 129
f 129 40 1761
f 211 40 129
f 129 68 297
f 1761 68 129
f 211 853 40
f 209 312 950
f 950 1995 263
f 1995 211 263
f 1995 282 211
f 497 1078 1395
f 940 1495 639
f 940 497 1495
f 497 940 1078
f 779 353 209
f 639 353 779
f 353 639 1495
f 1495 1124 353
f 1495 694 1124
f 694 497 1395
f 694 1495 497
f 209 1224 312
f 353 1224 209
f 353 1124 1224
f 585 1395 1938
f 694 985 1124
f 694 585 985
f 585 694 1395
f 1224 1338 312
f 1338 661 985
f 1124 1338 1224
f 1124 661 1338
f 661 1124 985
f 1810 585 1938
f 985 911 1338
f 985 409 911
f 409 585 1810
f 409 985 585
f 1338 911 312
f 626 1810 1938
f 409 1449 911
f 1449 1810 626
f 1449 409 1810
f 312 1574 950
f 911 1574 312
f 1574 911 1449
f 1449 589 1574
f 1449 735 589
f 735 1449 626
f 950 802 1995
f 950 451 802
f 1574 451 950
f 1574 589 451
f 1036 626 892
f 751 735 1036
f 735 751 589
f 735 626 1036
f 451 1003 802
f 589 1003 451
f 1003 589 751
f 540 892 1166
f 540 1036 892
f 751 226 1003
f 751 540 226
f 540 751 1036
f 802 728 1995
f 802 1022 728
f 1022 226 808
f 1003 1022 802
f 1003 226 1022
f 291 55 171
f 144 291 171
f 144 1766 291
f 1786 1766 144
f 474 1766 1786
f 474 930 1766
f 1317 171 1755
f 1317 144 171
f 1317 1786 144
f 1945 1786 1317
f 1945 474 1786
f 1859 1381 107
f 480 237 1859
f 736 1650 480
f 291 107 55
f 291 1859 107
f 1766 1859 291
f 1766 480 1859
f 930 480 1766
f 930 736 480
f 1967 930 474
f 1967 133 930
f 1911 133 1967
f 1911 1836 133
f 295 474 1945
f 295 1967 474
f 1676 1967 295
f 1676 1911 1967
f 930 81 736
f 133 81 930
f 133 1923 81
f 1836 1923 133
f 1836 1643 1923
f 1663 1921 108
f 1043 1836 1911
f 1043 108 1836
f 1663 108 1043
f 344 1921 1663
f 1870 1911 1676
f 1870 1043 1911
f 52 1043 1870
f 52 1663 1043
f 292 1663 52
f 292 344 1663
f 108 1643 1836
f 108 1435 1643
f 1921 1435 108
f 1921 104 1435
f 1332 145 1921
f 10 1531 145
f 1332 1921 344
f 132 145 1332
f 10 145 132
f 292 1332 344
f 1467 1332 292
f 1467 132 1332
f 1467 10 132
f 1657 10 1467
f 1921 1866 104
f 145 1866 1921
f 145 131 1866
f 145 1313 131
f 1531 1313 145
f 1531 1627 1313
f 1799 1531 1672
f 1672 1531 10
f 1443 1799 1672
f 1736 1799 1443
f 1736 572 1799
f 1657 1672 10
f 1657 1443 1672
f 1998 1443 1657
f 1998 1736 1443
f 1531 752 1627
f 1799 752 1531
f 1799 1825 752
f 1799 1764 1825
f 572 1764 1799
f 1880 572 1736
f 1880 1537 572
f 782 1537 1880
f 782 1549 1537
f 1783 1549 782
f 416 1549 1783
f 1334 782 1880
f 1334 1783 782
f 1679 1736 1998
f 1679 1880 1736
f 1334 1880 1679
f 99 1334 1679
f 1058 1334 99
f 1050 1343 1562
f 1343 1166 1562
f 572 1408 1764
f 1537 1408 572
f 1537 1562 1408
f 1549 1050 1537
f 1050 1562 1537
f 1221 1050 1549
f 297 20 129
f 68 1564 297
f 40 718 1761
f 40 434 718
f 40 1869 434
f 973 1058 99
f 1356 1058 973
f 1356 1943 1058
f 1869 1356 434
f 1869 1943 1356
f 297 444 20
f 297 518 444
f 518 1564 1581
f 1564 518 297
f 1564 1726 1581
f 68 1726 1564
f 68 441 1726
f 1761 441 68
f 1761 980 441
f 980 718 764
f 718 980 1761
f 718 1356 764
f 718 434 1356
f 1995 553 282
f 1995 418 553
f 418 483 553
f 418 509 483
f 483 586 553
f 586 999 388
f 509 586 483
f 509 999 586
f 999 349 388
f 999 509 349
f 554 1221 1549
f 1051 1221 554
f 388 1051 586
f 1051 388 1221
f 853 1183 40
f 211 1735 853
f 282 1735 211
f 282 1485 1735
f 1485 1158 828
f 553 1485 282
f 553 1158 1485
f 1158 1051 828
f 586 1158 553
f 1158 586 1051
f 416 554 1549
f 387 416 524
f 387 807 416
f 828 387 1485
f 828 807 387
f 807 554 416
f 1051 807 828
f 1051 554 807
f 853 354 1183
f 1735 354 853
f 1735 621 354
f 621 1485 387
f 1485 621 1735
f 1106 524 1783
f 524 416 1783
f 1487 818 1106
f 621 1487 354
f 621 818 1487
f 818 524 1106
f 387 818 621
f 387 524 818
f 1183 701 40
f 1183 1296 701
f 1296 354 1487
f 354 1296 1183
f 528 1106 1334
f 1106 1783 1334
f 734 1444 528
f 1296 734 701
f 1296 1444 734
f 1444 1106 528
f 1444 1487 1106
f 1487 1444 1296
f 1869 406 734
f 701 1869 40
f 701 406 1869
f 406 701 734
f 1058 528 1334
f 734 1943 1869
f 1943 528 1058
f 1943 734 528
f 1233 1166 1343
f 1233 540 1166
f 969 608 1233
f 226 969 808
f 226 608 969
f 608 540 1233
f 608 226 540
f 728 418 1995
f 728 1976 418
f 1976 696 969
f 1022 1976 728
f 1022 696 1976
f 696 808 969
f 696 1022 808
f 1129 1343 1050
f 1129 969 1343
f 969 1129 1976
f 969 1233 1343
f 509 1129 349
f 509 830 1129
f 1976 509 418
f 1976 830 509
f 830 1976 1129
f 388 1050 1221
f 1129 388 349
f 388 1129 1050
f 169 1317 1755
f 1548 1317 169
f 1548 1945 1317
f 227 1945 1548
f 1686 227 1548
f 227 295 1945
f 45 227 1686
f 45 295 227
f 45 1676 295
f 1528 1676 45
f 1528 1870 1676
f 187 1870 1528
f 187 52 1870
f 1730 52 187
f 1730 292 52
f 1284 233 1730
f 233 292 1730
f 233 1467 292
f 1516 233 1284
f 1516 1049 233
f 1049 1467 233
f 1049 1657 1467
f 1851 1049 1397
f 1851 1657 1049
f 1851 1998 1657
f 286 321 1851
f 321 1998 1851
f 1547 321 286
f 321 1679 1998
f 1547 294 321
f 294 1679 321
f 1609 1679 294
f 1609 99 1679
f 1112 1238 294
f 1238 536 294
f 536 1609 294
f 1655 1238 1112
f 536 1258 1609
f 1258 1282 1609
f 1282 99 1609
f 1282 973 99
f 363 1238 1655
f 363 632 1238
f 518 363 444
f 518 632 363
f 632 536 1238
f 632 707 536
f 1581 632 518
f 1581 707 632
f 707 703 536
f 1726 707 1581
f 1726 703 707
f 703 1258 536
f 441 703 1726
f 441 1258 703
f 980 1258 441
f 980 1282 1258
f 764 1282 980
f 764 973 1282
f 1356 973 764

