# https://github.com/mikedh/trimesh
v -0.10878254 -0.01714354 0.69966775
v -0.15739079 -0.02586781 0.58452499
v 0.14227577 -0.14202684 0.37529376
v -0.36979803 -0.10467090 -0.78116179
v -0.11477642 -0.17597130 0.27371669
v -0.12652935 0.00860785 0.69843322
v 0.14104713 0.02577265 0.66601145
v 0.15194471 -0.26645467 -0.59540534
v 0.05632515 -0.19649963 0.30152646
v -0.14597829 0.00711219 0.68165636
v -0.41991299 -0.20953932 0.19259191
v 0.51169187 -0.24723326 -0.25312084
v -0.07053459 0.01038999 0.77639431
v 0.14556782 0.01797477 0.69788539
v -0.46716166 -0.23667037 -0.43496665
v -0.48913890 -0.19175102 0.09524190
v -0.04529183 -0.01186281 0.80186963
v 0.10522335 0.01730623 0.75266045
v -0.22496310 -0.19692530 0.34507006
v 0.04348622 0.15375689 -0.72473639
v -0.12098670 -0.00477600 0.59257782
v 0.06818375 0.02343386 0.73579270
v -0.08435381 -0.02824982 0.77886349
v -0.53240603 0.03346452 -0.30321488
v -0.33740696 -0.16945551 -0.61741161
v 0.01124916 0.00323108 0.75061631
v -0.09962714 0.00251153 0.77768153
v 0.14143510 -0.01204946 0.60845643
v -0.17592865 -0.00440537 0.68477005
v -0.12959203 0.00324689 0.63836932
v -0.46454686 -0.07511620 0.13200380
v 0.00667748 -0.21616887 0.34417298
v 0.38065231 -0.13679671 -0.72129416
v -0.15865666 0.00829931 0.67391503
v 0.31988269 -0.20344365 -0.42870852
v -0.29497492 -0.26525781 -0.55053365
v 0.13861451 -0.00180078 0.55816072
v 0.07098229 0.00876632 0.71212614
v -0.03324109 -0.01190741 0.80318815
v -0.41097304 -0.17938446 0.01672062
v -0.38770398 -0.06810404 -0.76795691
v -0.17540482 -0.01821976 0.60543364
v 0.28808650 0.22836463 -0.17215183
v -0.08310011 -0.01804065 0.79103732
v -0.15248318 -0.01053410 0.54530019
v -0.08705454 0.09303495 0.37375709
v 0.33332124 -0.26270670 -0.49674675
v -0.29943991 -0.11838571 -0.67748255
v -0.25737828 0.20669203 -0.25584498
v 0.14798842 -0.00753365 0.68169945
v 0.40533584 -0.20056063 -0.28011265
v 0.36260134 -0.05721187 -0.65254891
v 0.29398528 0.18749286 0.25250039
v -0.15871458 0.19603878 -0.56998265
v 0.08182126 0.14734289 -0.67638534
v -0.02318688 0.20999485 -0.76171428
v -0.17390656 -0.01114527 0.59140927
v 0.01113515 -0.01169108 0.80270696
v -0.33300036 -0.05753923 -0.67036086
v -0.13240279 0.00370324 0.68407267
v -0.00680414 0.19740954 -0.77851456
v -0.38457116 -0.09054337 -0.79434299
v -0.11450645 0.02346282 0.53492749
v -0.17694317 0.00512252 0.63298666
v -0.13424924 0.00408427 0.64857632
v 0.11072505 -0.18245430 0.38465676
v -0.12934306 -0.02133090 0.62493914
v -0.11821373 -0.01128919 0.58056653
v -0.11680578 -0.02212649 0.69300365
v -0.54869020 -0.11395691 -0.19604784
v -0.13890472 -0.02527351 0.56478232
v -0.15775421 0.00867128 0.56859452
v 0.01917641 -0.02430833 0.77882117
v -0.34882054 -0.06357151 -0.71680361
v -0.02997116 -0.02285564 0.79577267
v 0.13942355 0.02643671 0.62824953
v -0.15041173 -0.02119501 0.55521142
v -0.01976294 -0.20242949 0.38926139
v 0.02553874 0.20672807 -0.78315037
v 0.33415371 -0.16795669 0.07716789
v 0.47433797 -0.25466478 -0.36256006
v 0.13753588 0.00374013 0.72216237
v -0.33927628 0.25138962 -0.20723403
v -0.02095101 0.00761717 0.79758888
v -0.15071622 0.01138927 0.55784750
v 0.14084589 -0.01088414 0.59315377
v 0.53948706 -0.11222394 -0.24060506
v 0.11424772 -0.00289001 0.74997514
v -0.30829498 -0.03861468 0.29159281
v 0.01904649 0.00333621 0.80020380
v 0.14767475 0.02022709 0.68380505
v 0.10983696 -0.01850981 0.54235673
v -0.02965262 0.00186411 0.75367880
v 0.05134774 -0.02295061 0.76251894
v 0.10133024 0.01103111 0.64927047
v 0.41539717 -0.06573416 -0.71350187
v 0.34533420 -0.14577810 -0.65037656
v -0.04525526 -0.02347877 0.79414690
v 0.39519009 -0.06293720 -0.68599874
v -0.01566512 -0.01711741 0.76030493
v -0.09665614 -0.17410930 0.38726595
v -0.42056924 -0.22880214 0.10323916
v -0.12885986 0.00712525 0.74242747
v -0.37985224 -0.07243587 -0.67258984
v 0.34722513 -0.22318237 0.17415014
v -0.07351586 0.24657622 0.21843773
v -0.07540139 -0.03258084 0.75842160
v -0.29424644 -0.06150737 -0.65720272
v 0.36418840 -0.21513647 0.14392100
v 0.00391926 0.22112499 -0.78189456
v 0.21795934 0.12858346 -0.64874202
v 0.06854388 -0.00228559 0.55454683
v 0.05672748 0.20701112 -0.68504786
v -0.34186268 -0.16458945 -0.59059119
v -0.03117594 -0.03212810 0.54067755
v 0.11319418 0.02446176 0.72843814
v 0.21092105 -0.25338805 -0.64966595
v -0.12656783 -0.02339312 0.55158901
v -0.42177776 -0.10440388 -0.71943158
v 0.02680642 0.11841820 -0.70436978
v -0.14221427 -0.02797967 0.63298756
v -0.01302102 0.00049370 0.80088371
v -0.04233844 0.00064893 0.74404383
v 0.32061920 -0.03103792 -0.64351106
v 0.10905981 0.02196888 0.64162785
v -0.15025830 -0.02282442 0.73022223
v 0.09337837 0.00317990 0.58452761
v 0.06746922 0.00240457 0.78482682
v -0.04501468 0.01125585 0.78623337
v -0.12477825 -0.03382606 0.70552945
v 0.29627684 -0.03613582 -0.64729530
v -0.05359034 0.01121934 0.74816430
v -0.10171305 0.01230228 0.72980642
v -0.35566270 -0.14239429 -0.69874048
v 0.10124607 0.00973461 0.49332732
v -0.15871440 0.01153285 0.59346956
v 0.06214192 0.15325195 -0.70994467
v 0.33399299 -0.09114911 -0.70051819
v -0.12341535 0.01341800 0.50765139
v 0.09175660 0.02528758 0.72148186
v 0.32583281 -0.21702243 0.26489684
v -0.30182531 0.17977989 -0.53780663
v 0.10658632 -0.01317160 0.75430179
v -0.00338241 -0.01743931 0.75721896
v -0.18841842 -0.02711707 -0.67875105
v -0.43273008 -0.08204216 -0.74665231
v 0.11884087 0.02591019 0.66557652
v 0.12419836 0.02482407 0.71391284
v 0.36114502 -0.05686852 -0.60364175
v -0.12784502 -0.02273513 0.57735753
v -0.12302942 -0.01149031 0.60899752
v 0.35413751 0.18493038 0.20379831
v -0.13069721 -0.00772607 0.67354244
v -0.10978675 -0.02788511 0.76686954
v 0.04302792 0.24310140 0.10988868
v -0.34411389 0.22023112 -0.13081589
v 0.14039397 -0.27373502 -0.64099169
v -0.12936822 -0.01917734 0.63938648
v -0.02113317 -0.01190437 0.80405134
v 0.22360092 -0.26074386 -0.56963140
v 0.10161538 0.00041295 0.63258338
v 0.13162933 0.02158251 0.56113929
v -0.10818669 0.00437836 0.70174569
v -0.30507034 0.14528510 -0.58623397
v 0.11965789 -0.01587916 0.60767239
v 0.09203474 -0.00252063 0.57025713
v -0.24977319 -0.07070989 -0.65430897
v -0.41407955 0.22266416 -0.13739632
v -0.07111846 -0.00935687 0.72148371
v 0.05213206 0.00523763 0.72314620
v -0.31589580 -0.03367875 -0.63822633
v -0.40554652 -0.07585456 -0.71019149
v -0.06131993 -0.00747409 0.72750032
v -0.19739239 -0.26438171 -0.59306282
v -0.51881981 -0.22815228 -0.00993982
v 0.25464705 -0.26361561 -0.61489725
v -0.20013292 0.22224616 -0.26710764
v 0.51563883 -0.24487187 -0.27340525
v -0.40455258 -0.22670014 0.12922658
v 0.48226348 -0.23302417 -0.40871271
v 0.49578312 -0.19725169 0.08134156
v -0.12541206 0.00273080 0.60956663
v 0.16254143 0.00175068 0.61833674
v -0.43881094 -0.11731680 -0.78634298
v 0.42183658 -0.21070124 0.02117325
v -0.36940134 -0.06316985 -0.73650253
v 0.04035134 0.20706072 -0.77506793
v -0.04483461 0.18445660 -0.73410630
v -0.45295838 -0.22300221 0.13149235
v 0.37730610 -0.17110094 0.05263263
v 0.10313772 0.00014287 0.64927584
v 0.05279489 0.20460509 -0.74975401
v -0.18190043 -0.00571069 0.63331735
v 0.45008019 -0.24616528 -0.29542491
v 0.37850600 -0.19721057 -0.54825658
v 0.07963263 -0.01098923 0.77754974
v 0.08921381 0.00869940 0.56311172
v -0.27913269 -0.16635223 0.31881943
v 0.32708904 0.22365652 -0.11878756
v -0.40196466 -0.14114116 -0.77311260
v -0.10398231 -0.03427507 0.48190165
v 0.36030227 -0.14555144 -0.64341158
v -0.18144624 -0.01697184 0.63316703
v 0.02566744 0.00931298 0.74186862
v -0.40983894 -0.13678488 -0.73110837
v 0.37415633 -0.11088041 -0.75088137
v 0.30858642 -0.22434202 0.23649386
v 0.11603978 0.02571676 0.69788617
v 0.36809871 -0.13580979 -0.57987052
v 0.38727197 -0.10779422 -0.76768571
v 0.13104005 -0.00721911 0.72834027
v -0.09074965 -0.17134893 0.27853277
v -0.35016659 -0.01756617 -0.60305411
v 0.33666995 -0.20931153 -0.41833866
v -0.36791930 -0.13205902 -0.65389413
v 0.09096756 -0.01003212 0.70179933
v 0.05686307 0.12698837 -0.69735742
v -0.05915261 0.13380720 -0.69922656
v -0.16548215 -0.00063062 0.71014476
v 0.40906581 -0.13503651 -0.70280778
v 0.12668234 0.01132962 0.53550619
v 0.09861321 0.00967243 0.61695635
v 0.10927340 0.02169252 0.65338969
v -0.09715751 -0.21820791 0.33420241
v -0.41444978 -0.06928299 -0.75127721
v -0.11149412 0.00525546 0.76323837
v -0.09504316 -0.02274841 0.71007299
v 0.02345867 -0.21331754 0.37419274
v 0.11581745 0.02562482 0.58788258
v -0.06892128 -0.01124679 0.79676229
v 0.07514020 -0.01281012 0.71310514
v -0.04071985 -0.02913083 0.77819854
v -0.51439303 -0.23489156 -0.03161319
v 0.36116806 -0.05888615 -0.67889154
v -0.03555149 0.05425577 0.40243393
v -0.06400006 0.16472849 -0.70130008
v -0.01286894 -0.00285382 0.75574780
v 0.09175447 -0.20010208 -0.01584738
v 0.32135838 -0.20022562 -0.40132421
v -0.20818493 -0.20824608 0.34412819
v -0.08237676 -0.01161417 0.71452558
v -0.13764982 0.01050966 0.69702804
v 0.03445764 0.21510218 -0.67571586
v 0.14538676 0.01745745 0.57006949
v 0.04807077 0.20015892 -0.76738250
v -0.14832397 0.01602533 0.57764065
v 0.40163386 -0.10746149 -0.78212029
v -0.00525474 0.01689376 0.78030562
v -0.12333255 -0.02390068 0.75957489
v 0.14460102 -0.21154188 0.35881224
v -0.03241188 -0.25996274 -0.68978256
v 0.19287583 -0.26959965 -0.63357270
v -0.15857215 0.01027281 0.65777737
v -0.07903701 -0.01328734 0.38814262
v 0.15891126 0.01751186 0.66285932
v 0.36063620 -0.11752411 -0.73077244
v 0.08105922 0.00201508 0.77760845
v -0.36618188 -0.06168392 -0.72156811
v -0.49492604 -0.24690096 -0.23790658
v 0.05273111 0.20921065 -0.72859621
v 0.04280759 -0.01308661 0.79593569
v -0.10964411 -0.03408871 0.73776680
v 0.35420701 -0.13976105 -0.66467732
v -0.14256424 0.00670983 0.65843529
v -0.11410332 -0.01091175 0.47900432
v -0.16671911 0.00461608 0.58055663
v -0.36749440 -0.14235283 -0.71695030
v 0.01672410 0.05454997 0.40126628
v -0.39990759 -0.08959189 -0.80089635
v 0.12174505 -0.00704508 0.53514498
v 0.02708257 0.02047815 0.76973116
v -0.04180996 0.19749492 -0.48606941
v -0.01603095 0.01503850 0.77871335
v -0.13638100 -0.01953105 0.52476543
v -0.13575698 -0.02660501 0.61297214
v -0.17284268 -0.02609525 0.66621017
v -0.02313593 0.19584015 -0.76680595
v 0.43251947 -0.20081986 -0.12903242
v 0.10042648 0.02460032 0.73834932
v -0.07756031 0.01334308 0.76238352
v -0.16998658 0.00234811 0.58877307
v 0.38238883 -0.12510201 -0.75487226
v 0.13862208 -0.00722998 0.56879598
v 0.00858286 -0.16833310 0.01822702
v 0.07095213 0.02310988 0.75960994
v -0.41339260 -0.22920048 0.15479897
v -0.03476226 0.20964919 -0.73117095
v 0.27872917 -0.16806063 0.13949794
v -0.08569469 0.01127714 0.72996801
v -0.37862960 -0.26379520 -0.46581411
v 0.29306030 0.22027759 -0.20682797
v -0.08046976 0.02808441 0.45827931
v 0.14282981 -0.01279804 0.66603982
v -0.35463679 0.20710045 -0.39499041
v 0.31321484 -0.26690117 -0.54599601
v 0.36352006 -0.20742327 -0.37345529
v 0.40367156 -0.06297496 -0.70183617
v 0.22881544 -0.22066997 0.25986418
v 0.23180664 -0.26749051 -0.61728132
v 0.03691743 0.22012539 -0.77191073
v 0.10559588 0.01860715 0.68139821
v -0.03111316 -0.01030278 0.74888968
v -0.22202832 0.24301395 -0.23935051
v 0.04716483 0.17237858 -0.74467874
v -0.24440028 -0.09761409 0.33379108
v 0.44220024 0.19391486 -0.32940507
v 0.36138397 0.22048363 -0.20934059
v 0.40544045 -0.13945626 -0.74130315
v -0.01240258 0.07256135 0.39391434
v -0.16838662 -0.02717218 0.62594396
v 0.51564181 -0.24444990 -0.20679161
v 0.34830594 -0.12841468 -0.70602143
v -0.14382876 -0.01880585 0.54051596
v -0.05132299 -0.01238635 0.73514092
v 0.51066607 -0.22420509 -0.34766823
v -0.38688323 -0.10142867 -0.66425961
v 0.11185051 -0.01163240 0.61756933
v 0.37310266 -0.12928919 -0.73649704
v -0.39364347 -0.08228602 -0.68188256
v 0.32584554 -0.19718230 0.28685993
v 0.00307744 -0.02227234 0.79419291
v -0.11895251 0.00080835 0.69023740
v 0.01229846 0.22652701 -0.77403551
v -0.12754844 0.01149240 0.72091538
v -0.17915179 -0.00967753 0.67983937
v -0.30462238 -0.07226115 -0.68230236
v 0.38710028 -0.12421773 -0.64857143
v 0.07308136 -0.02043453 0.76272953
v 0.51852179 -0.24282974 -0.15163627
v -0.06092094 -0.02734297 0.74540782
v 0.01919798 -0.26325515 -0.61425310
v 0.54048520 -0.22767273 -0.16491738
v -0.08527966 -0.02475158 0.72114235
v -0.34863690 -0.05844881 -0.66041648
v -0.30578268 -0.26283520 -0.52570271
v 0.47532502 -0.23783655 -0.08383984
v 0.38946638 -0.13563922 -0.74150902
v 0.02166377 -0.00408864 0.74207205
v -0.39055854 -0.14300889 -0.72807848
v -0.04152416 -0.16998594 0.29246047
v -0.02692207 -0.14908497 0.39834577
v 0.45131353 -0.23903020 -0.45624352
v -0.13031462 0.01127546 0.70976037
v 0.45513859 -0.12569699 -0.74282581
v -0.34422818 0.21592987 -0.23293757
v 0.08948448 0.01949969 0.70469242
v -0.34532562 -0.22446480 0.23292619
v -0.01105453 0.16597912 -0.74170464
v 0.02935613 -0.27382159 -0.66735369
v 0.10658258 0.00283955 0.75886858
v -0.13425101 0.01740991 0.54638541
v -0.38050252 0.14391461 0.21520771
v 0.06546924 0.24292527 0.14012288
v 0.33655393 -0.25579888 -0.46704951
v -0.12537795 -0.01127174 0.62490612
v 0.19165854 -0.24103147 -0.55009943
v -0.21088895 -0.21811295 0.32279256
v -0.14094721 -0.03384329 0.69096786
v 0.43058822 -0.07393857 -0.71737731
v 0.04982126 -0.02024575 0.78170323
v -0.47552103 -0.23523667 0.01825713
v -0.32253402 -0.17544135 0.15480629
v 0.07468611 0.01096444 0.78032517
v -0.08825164 -0.00512167 0.78904659
v 0.02444891 0.01818662 0.75313741
v 0.13010852 0.00378971 0.73291713
v 0.07632131 0.02644346 0.47175092
v -0.11234622 -0.21561600 0.35878834
v -0.41632742 -0.09013192 -0.80113298
v -0.33261520 -0.14584686 -0.65582359
v -0.37264922 -0.25395370 -0.53983355
v -0.05708568 0.04684271 0.39806989
v -0.44064662 -0.10587379 -0.75179040
v -0.15038230 0.17280486 -0.62571019
v 0.13855028 -0.26025057 -0.67127371
v -0.15910974 -0.02733142 0.60330468
v -0.23963235 -0.21965623 0.28357232
v 0.36539322 0.24339159 -0.18007991
v 0.10964773 -0.17320651 -0.69094044
v -0.02176093 -0.02523872 0.78868932
v 0.44997448 -0.20729907 -0.18659236
v 0.12271127 -0.01537862 0.73182303
v -0.29961070 -0.22356839 0.24410520
v 0.43149823 -0.08879718 -0.78944886
v -0.14574592 0.00887639 0.69723052
v -0.12828878 -0.00810481 0.64465886
v -0.12851141 -0.20817591 -0.55012745
v -0.22696435 -0.26702511 -0.59009153
v -0.09574797 0.01955356 0.55092990
v 0.10154533 -0.01971361 0.73710871
v 0.10010928 -0.16886179 0.01614735
v 0.43042716 -0.20853680 -0.27502379
v -0.00516210 -0.01192996 0.80396765
v -0.03539571 0.19870007 -0.74551737
v -0.10301300 -0.01289960 0.46101838
v -0.12899405 -0.01917599 0.67702383
v -0.17963819 -0.00260147 0.67049897
v -0.14127891 0.00932113 0.53857785
v -0.51839179 -0.24305570 -0.28910482
v -0.01587998 0.21403392 -0.77508199
v -0.15361801 0.01229554 0.64167565
v -0.09009425 0.14834754 -0.67344075
v 0.10764988 -0.00892271 0.67361397
v -0.18791947 0.15345211 0.33641797
v -0.13286793 -0.26109323 -0.67497182
v -0.18096370 -0.01252898 0.66207629
v -0.27596185 -0.16832025 0.18525389
v -0.27806354 -0.22170949 0.25664833
v -0.08069455 -0.00782121 0.42376831
v -0.10466050 -0.03342233 0.53652179
v 0.28875896 -0.22320135 0.25892222
v -0.16954091 -0.01409082 0.57688594
v 0.15834524 0.01836551 0.62214267
v 0.27492380 -0.26714233 -0.57801551
v -0.14269041 0.01399820 0.59946305
v -0.50830919 -0.00406470 0.04514160
v -0.15825550 -0.03402914 0.68969059
v 0.05699292 -0.21444701 0.34717247
v 0.04896620 0.00197920 0.55449718
v -0.03304250 0.00863128 0.79370093
v -0.34021169 -0.25833261 -0.56582552
v 0.08027469 -0.00177014 0.70623344
v -0.09347057 -0.00062241 0.55546141
v 0.10336220 0.19224997 0.33507913
v -0.12476607 -0.02836310 0.53602880
v 0.20523399 -0.21083133 0.24849109
v 0.14472574 -0.00162785 0.70962530
v -0.15934658 0.00007937 0.55880266
v 0.11784890 -0.01137255 0.74317455
v 0.10021748 -0.02041008 0.50721186
v -0.07025242 -0.05434096 0.39971513
v -0.53102225 -0.24018042 -0.12829360
v 0.08804126 -0.02098279 0.54767603
v -0.42845342 -0.23043160 0.12981535
v 0.13023248 -0.00587847 0.54661131
v -0.00485463 0.01089182 0.79636961
v 0.09457528 0.00229414 0.60200250
v -0.54657352 -0.19214925 -0.09674442
v 0.12897262 -0.01754641 0.70018923
v -0.18610373 -0.20072511 0.35883093
v -0.16057751 -0.01215413 0.72120291
v -0.17709182 -0.02120162 0.61762965
v -0.16219601 -0.20035601 0.36566120
v -0.30519336 -0.10251041 -0.69572085
v 0.13020667 0.01719497 0.72866696
v 0.44771510 -0.08212385 -0.78003544
v -0.15768951 0.00790702 0.69028097
v -0.28716376 -0.22176351 0.27451146
v -0.12004878 -0.03333451 0.75214243
v -0.08466330 -0.04359751 0.38719848
v 0.09109293 0.03168344 0.52609831
v 0.27273899 -0.26342139 -0.60282630
v 0.13739949 -0.20031601 0.28008726
v 0.16166843 -0.26565689 -0.65542316
v -0.00041947 0.06602427 -0.71597314
v 0.29519311 -0.26030698 -0.59368849
v 0.53229123 -0.21902914 -0.03838708
v -0.10075358 -0.01135374 0.78174728
v 0.10820664 0.02679037 0.53569633
v 0.05897295 -0.01681397 0.38954681
v -0.11975612 -0.01177037 0.76687759
v 0.09735590 -0.01150013 0.76416272
v -0.20038332 0.19907738 -0.54193443
v -0.16876799 -0.02135901 0.59298003
v 0.39459592 -0.12706819 -0.76982546
v 0.06471580 0.00221772 0.71638858
v -0.17307188 0.00304634 0.67832929
v -0.51426291 -0.22523059 0.00929646
v -0.15640062 0.00210016 0.71919596
v 0.14370210 -0.00731402 0.69734150
v 0.53168815 0.14199217 -0.14778371
v -0.44263360 -0.09170838 -0.76627338
v -0.16549024 -0.01283786 0.56486005
v 0.43986183 -0.11184675 -0.71026713
v 0.04203283 0.06093691 0.39245090
v -0.38059801 -0.13951150 -0.69466150
v 0.10804736 0.02648418 0.71381754
v 0.30584684 -0.10299513 -0.66355628
v -0.17080782 -0.01371424 0.69870043
v -0.14536288 -0.03424142 0.70501447
v 0.51598603 -0.24176735 -0.29745084
v -0.42090693 -0.26135343 -0.45569155
v 0.11706428 -0.27280232 -0.65445369
v -0.36227086 0.24507372 -0.16117004
v -0.14196385 0.01158625 0.62078434
v -0.12622727 0.00196723 0.75761664
v 0.41789690 -0.20107706 -0.04686160
v -0.13068970 -0.19925763 0.37570459
v 0.04270302 0.02365276 0.41496885
v 0.10056096 -0.00505592 0.61684138
v -0.15836501 0.01249365 0.62497473
v 0.02163192 0.04088132 0.42472810
v -0.31220374 -0.08213967 -0.70053554
v -0.27578157 -0.08274238 -0.65595901
v -0.16610537 0.00293787 0.69986063
v 0.11957639 -0.01673657 0.64565301
v -0.34851986 -0.26449531 -0.49244300
v -0.16074498 -0.21791983 0.32115981
v 0.02528204 0.21880993 -0.78247750
v 0.09937850 0.01572161 0.60124624
v -0.02914912 0.01589696 0.77891785
v 0.12597899 -0.01212525 0.56125379
v 0.37124479 0.22383836 -0.11623535
v -0.09364480 0.01321478 0.74631476
v 0.53722054 -0.22434160 -0.08685407
v -0.44629958 -0.23074570 0.11214437
v 0.03720709 0.01848686 0.78281790
v 0.26040691 -0.22252360 0.24415430
v -0.19237238 -0.25992203 -0.65428269
v -0.05334418 0.18273619 -0.71280223
v 0.15825023 -0.00535764 0.64906478
v -0.09507646 -0.00867559 0.70493305
v -0.35638827 -0.09344961 -0.61272395
v -0.01317446 0.00840368 0.76423973
v -0.17563556 0.00485623 0.61695665
v 0.06873398 -0.01161432 0.78253424
v 0.03924721 0.00086831 0.79641056
v -0.13530187 -0.00109453 0.67144644
v -0.13379411 -0.02052924 0.65186948
v -0.07196929 -0.01675726 0.41047800
v -0.42342368 0.11826044 0.17594612
v -0.42481011 -0.12985261 -0.73633230
v 0.06904840 0.03613453 0.52805692
v 0.12283882 0.02218594 0.54480875
v 0.34672657 -0.20535512 -0.39535242
v 0.44440854 0.14788143 -0.44071966
v 0.53600097 0.08847661 -0.26274449
v 0.46209404 -0.10517533 -0.74473858
v -0.39926645 -0.10443661 -0.68406332
v 0.53375846 -0.22438926 -0.06404033
v 0.47599474 -0.11695973 -0.42409554
v 0.16190451 0.00790269 0.65676171
v 0.00713596 0.02236857 0.55077267
v 0.16243018 -0.00039093 0.63224864
v -0.37860441 -0.22345471 0.21338518
v 0.04420950 0.22487901 0.07218719
v -0.25634834 -0.13163891 -0.64794207
v 0.29653355 -0.15378574 -0.64761513
v 0.45164827 -0.25857216 -0.38566795
v 0.09168810 0.02185968 0.75393659
v -0.43075362 -0.21607128 0.04545202
v -0.13990460 -0.02433708 0.55203635
v -0.10860104 -0.03327383 0.72021282
v -0.25895047 -0.19878492 -0.63742274
v -0.05753607 -0.00879231 0.55443662
v -0.39003825 -0.22448379 0.15472010
v 0.40459794 -0.13561451 -0.76199466
v -0.15943085 0.01227932 0.60803765
v 0.37894630 -0.25976008 -0.43429169
v -0.18088041 -0.00788770 0.61817551
v 0.29580903 0.00136612 -0.64818883
v -0.16610618 -0.01211083 0.71124792
v -0.07263915 0.19387242 -0.63015252
v -0.40022466 -0.20911895 0.21446544
v 0.14703497 0.00247322 0.56969720
v -0.30602017 0.18748134 0.24518462
v -0.12891291 -0.03442540 0.73711610
v -0.12750022 -0.02163399 0.60804993
v -0.24852392 -0.18612447 0.33675101
v 0.08221204 -0.00392585 0.55744010
v -0.05725012 -0.26462844 -0.68211257
v 0.11319184 0.02484235 0.61018741
v 0.06104291 -0.03593994 0.45225024
v 0.11534108 0.01030203 0.75004339
v 0.01003293 -0.01383041 0.75001645
v -0.44273895 -0.20393667 -0.03421626
v -0.39180538 -0.07104754 -0.69696605
v 0.14778179 -0.00419338 0.58275229
v 0.41899520 -0.07565707 -0.69372004
v 0.33187428 -0.13363403 -0.66757095
v 0.49046370 -0.24974002 -0.27271858
v -0.07307847 0.01423702 0.42225406
v 0.51650751 -0.22106217 0.00946567
v 0.31292519 -0.26300305 -0.57199728
v -0.18007089 -0.01544339 0.67161882
v -0.12871012 0.00765026 0.59932780
v 0.08667634 -0.02065272 0.74894333
v -0.47251180 -0.25570902 -0.36198518
v 0.54491633 -0.08673006 -0.14140895
v -0.43643263 -0.22551535 0.14915708
v 0.36846209 -0.26345465 -0.50875944
v -0.05754154 -0.02092278 0.79589814
v 0.53617406 -0.22940987 -0.24991074
v -0.13643691 0.01664227 0.56048745
v -0.35200712 -0.06367169 -0.62168157
v 0.46577272 -0.23172009 0.05427120
v 0.33237371 -0.16273355 -0.63769013
v -0.11823357 0.00336243 0.57048273
v -0.17483959 -0.01952339 0.68397325
v 0.31314591 -0.16920546 0.01556306
v -0.49535987 0.12060469 0.06088183
v 0.02688373 0.22655429 -0.77298504
v -0.40539584 -0.11195056 -0.80333781
v 0.46959791 -0.22673035 -0.43405485
v 0.37311256 -0.13590577 -0.64601958
v 0.07101636 0.02685605 0.54708576
v 0.11802775 0.00505354 0.51950949
v 0.16115014 0.01795926 0.63452119
v 0.34122133 0.00781633 -0.61875838
v -0.45764005 -0.25538042 -0.41879210
v -0.43979046 -0.10016593 -0.78842968
v -0.06185710 0.02592210 0.40168118
v 0.43956634 -0.10878312 -0.79126441
v -0.05992756 0.02579830 0.54519904
v 0.11905055 -0.01711485 0.68275231
v -0.51317585 -0.24482918 -0.10584747
v -0.39566559 0.10147686 -0.54240334
v 0.04392271 0.21666107 -0.74157512
v 0.09758634 0.00783460 0.68914407
v 0.09839362 0.01179695 0.76500720
v 0.40790522 -0.12536557 -0.78223574
v -0.16731110 -0.27259132 -0.63731760
v -0.22891828 -0.23914713 -0.54819155
v -0.10984443 0.00537973 0.55993718
v 0.07596611 0.15130585 0.36571199
v 0.13222146 0.02454727 0.69802749
v -0.36305213 -0.22820829 0.19288774
v 0.21589403 -0.26577681 -0.63015246
v 0.50071937 -0.24719132 -0.32255259
v 0.16757466 -0.27299476 -0.62736934
v 0.51016009 -0.19257478 0.04613477
v -0.26063383 -0.26217416 -0.61688274
v 0.10284656 0.00424240 0.66555870
v 0.10364076 -0.01441670 0.55881649
v -0.09333488 -0.02162020 0.78193331
v 0.37007615 -0.24446306 -0.40232778
v -0.11262560 0.00931531 0.48473969
v -0.34946764 -0.04991713 -0.60296494
v -0.17468688 -0.20021212 -0.50995624
v -0.40441573 -0.22759230 0.17569841
v -0.37870866 -0.19994630 -0.01627014
v 0.04759403 0.02576528 0.39640909
v -0.18062702 -0.01962971 0.65129775
v -0.00844969 0.21995643 -0.71771455
v -0.16616188 -0.03226028 0.65522575
v 0.31017658 0.26167163 -0.16548374
v -0.13921474 -0.02665727 0.66652358
v -0.13772491 -0.02726266 0.59304476
v 0.10720272 -0.01196878 0.69190472
v 0.03536940 -0.02238153 0.75213468
v 0.02278088 0.17568678 -0.75661492
v -0.25004834 0.22794512 -0.22318038
v 0.04907735 0.02231872 0.76569939
v -0.42793387 -0.07328340 -0.76630020
v 0.10561272 0.01715909 0.66554326
v -0.44481799 -0.23272479 0.09186898
v 0.01637612 -0.05869831 0.42067152
v 0.00988025 -0.20381497 0.32109979
v 0.03161946 -0.04917474 0.43564650
v -0.12759148 0.00251053 0.62528974
v 0.09611761 -0.21155669 0.37208033
v 0.24234349 0.21742490 -0.14315034
v 0.11979293 -0.01572918 0.59275025
v -0.00410871 -0.21394306 0.37266156
v -0.06208602 0.01499546 0.75943094
v -0.30342573 -0.20841932 -0.61157632
v 0.48135135 -0.23737295 -0.03183634
v 0.39310604 -0.10722352 0.22222126
v -0.00694757 0.21233992 -0.78314692
v 0.37743661 -0.25708273 -0.52704841
v -0.15633456 -0.02336338 0.56927556
v -0.42342600 -0.11154891 -0.79899126
v 0.45541775 -0.08372436 -0.74148190
v 0.06039875 0.01656801 0.72253609
v -0.17559566 0.00549535 0.64811230
v 0.37644818 -0.07534754 -0.73454815
v 0.10059162 -0.00797290 0.58499539
v 0.14110175 0.01158772 0.55968487
v -0.12200952 0.00383520 0.58336723
v 0.08287673 0.02513114 0.74026990
v -0.36623979 -0.06637494 -0.65658844
v -0.00174161 0.04889607 0.41238907
v -0.04637263 -0.16029023 -0.70097142
v -0.34796572 -0.21003196 0.26090741
v -0.25934568 -0.22132027 0.27254856
v 0.39282554 -0.20962116 0.22041181
v 0.27844176 -0.12015256 -0.64807045
v -0.15887460 -0.01285721 0.55685514
v -0.05268263 0.16311832 -0.72482818
v -0.11717387 -0.03205428 0.51743543
v -0.48759547 -0.22899209 0.05781505
v -0.05556918 0.00123373 0.73386317
v 0.44937700 -0.23120178 0.02717351
v 0.20799908 -0.17515464 0.22072889
v 0.26153165 -0.25145072 -0.54813540
v -0.06186067 -0.04821768 0.42952424
v -0.11131519 -0.00692183 0.56276798
v -0.38434309 -0.14182588 -0.71235722
v -0.17171785 0.00402643 0.59960359
v 0.11081991 0.02392114 0.62554353
v 0.45318478 -0.10190348 -0.72683012
v 0.12367880 0.00300662 0.74109405
v -0.53621584 -0.23265588 -0.10371357
v -0.15049775 -0.16841231 0.23593698
v -0.01209959 -0.02232739 0.79592162
v -0.11937262 0.01758306 0.55415827
v -0.29934275 0.23892912 -0.20218490
v -0.32281581 -0.22522224 0.23385756
v -0.14167204 -0.26974559 -0.62386256
v 0.36981195 -0.13865229 -0.69244665
v -0.06906796 0.00850660 0.73488772
v 0.28094998 -0.20984492 0.30562732
v -0.06027291 -0.05238421 0.41285217
v 0.46146446 -0.22600056 0.10530984
v -0.17339839 -0.00472525 0.69397205
v -0.04870535 -0.23844224 -0.69704950
v 0.43137899 -0.24217598 -0.31262851
v 0.51985878 -0.23852164 -0.10018967
v 0.41949943 -0.10958344 -0.79188550
v 0.14063334 0.02629538 0.64950252
v -0.47725925 -0.23522766 0.03868419
v 0.47063282 0.18650833 0.01276118
v 0.31968075 -0.11214752 -0.68111265
v 0.35811350 -0.03238471 -0.61035722
v -0.03887346 -0.01047760 0.74446332
v 0.06714312 0.00885847 0.38250461
v -0.16360293 -0.26319757 -0.66236532
v 0.42713505 -0.07212624 -0.77238417
v -0.14083923 0.00531881 0.67233449
v -0.11716919 -0.01986912 0.56204969
v -0.35777125 -0.12754005 -0.75176960
v 0.13903989 -0.16920780 0.24638449
v 0.15249710 -0.00185623 0.59746844
v 0.13373940 -0.01190072 0.71494186
v 0.44629323 -0.07304088 -0.75677466
v -0.36728165 0.24184939 -0.19666353
v 0.03715014 0.00439925 0.73341531
v -0.40932491 -0.09335338 -0.70086271
v 0.31918031 -0.06827050 -0.66578680
v 0.05191119 -0.27106172 -0.62446839
v 0.35903519 -0.14776932 -0.62153184
v 0.07183573 -0.21404850 0.36917076
v 0.34892547 -0.16752973 0.03677111
v -0.35862052 -0.09521366 -0.76531011
v -0.39123726 -0.22671403 0.19361378
v 0.26568475 -0.22686881 -0.52682060
v -0.14008690 -0.21090570 0.36271700
v -0.13148703 -0.00454836 0.65654719
v -0.05409500 -0.07273795 0.40561524
v -0.28950825 -0.07487445 -0.66437042
v 0.08861153 -0.21094765 0.33489397
v 0.40777653 -0.24940009 -0.35915720
v 0.38200843 -0.06165231 -0.66644126
v -0.04387730 0.04154309 0.41844907
v -0.02824122 0.01022599 0.76274025
v 0.00301469 0.21002175 -0.79087281
v 0.05329137 -0.03469137 0.53230602
v -0.06408825 0.03216030 0.43373951
v 0.09491300 -0.01201753 0.48530725
v -0.06549409 -0.20900610 0.37805775
v 0.35832039 -0.05412930 -0.62697536
v 0.33185181 -0.07456851 -0.68607014
v -0.35098121 -0.14190912 -0.65245068
v -0.37703758 -0.14107436 -0.74134040
v -0.03486075 0.16556053 -0.73500454
v -0.11793891 0.01205724 0.72987270
v -0.16554469 -0.02744950 0.69972265
v 0.13985308 -0.01449679 0.64826250
v 0.02740896 -0.01118891 0.80021006
v -0.26298806 -0.21823363 0.29962388
v 0.28637743 -0.19826904 -0.62544852
v -0.36063439 -0.06696093 -0.63888246
v 0.03521936 0.01216982 0.79431337
v -0.38939542 -0.06288036 -0.71896410
v 0.06422476 0.17367721 -0.70939523
v -0.35141352 -0.11075448 -0.75493032
v -0.00327364 0.22346073 -0.77319586
v -0.01302391 -0.20002879 -0.01504239
v -0.31336883 -0.20906204 0.28817102
v -0.27389413 -0.26275656 -0.56196779
v -0.35351720 -0.14256202 -0.62971735
v -0.50135142 -0.22843689 0.03409253
v -0.50420904 -0.24609824 -0.14156960
v -0.09519903 0.02370562 0.47824273
v 0.32531983 0.22923753 -0.20677005
v 0.15196455 0.00568377 0.58630627
v 0.43327501 -0.25762787 -0.45137316
v -0.17306758 -0.02625975 0.64089280
v 0.30869904 -0.17912905 -0.63109791
v 0.12908225 0.02703343 0.68181080
v -0.01582723 -0.02514838 0.77699220
v -0.34511867 -0.13441575 -0.71750033
v -0.42679530 -0.26079804 -0.42166770
v 0.40428987 -0.18537199 0.00248960
v -0.11590093 -0.00960338 0.57088566
v 0.01220276 0.14167736 -0.71495658
v 0.15164649 0.00476933 0.68950987
v -0.44356844 -0.11220851 -0.76969397
v 0.11549698 0.02499843 0.56813538
v -0.14939728 -0.02994497 0.61460739
v 0.44095129 -0.12663759 -0.72244370
v -0.32941458 -0.09016983 -0.72689021
v 0.01320706 0.04859138 0.49745667
v -0.36592117 -0.06122876 -0.67758960
v -0.01981365 0.20415488 -0.77564448
v 0.04783017 -0.21312568 0.37363094
v 0.13095550 -0.01265290 0.57791454
v 0.49396396 -0.25052044 -0.29658017
v -0.41572076 -0.20017307 -0.02694720
v -0.37949717 -0.12922233 -0.78011698
v -0.54808736 0.09158493 -0.14274873
v 0.45298299 -0.10367671 -0.78360480
v 0.10813420 -0.00272623 0.50477332
v 0.41769868 -0.26057732 -0.43069533
v 0.06609565 0.01754443 0.44534868
v 0.09460015 0.01170365 0.57278091
v 0.44703043 -0.13428676 -0.75127870
v -0.51691920 0.11951522 -0.33019274
v -0.49417469 -0.23560828 0.00787648
v 0.36149845 -0.26079690 -0.45711005
v -0.06773730 -0.17574200 0.29149109
v -0.53035480 -0.24298149 -0.20104794
v 0.38613865 -0.10216199 -0.63146824
v -0.10656121 -0.00609632 0.69752294
v 0.52109021 -0.22306737 -0.01304557
v -0.46283519 -0.24195884 -0.26247978
v 0.37608534 -0.13621804 -0.66907895
v -0.54790694 -0.21336451 -0.16039594
v 0.01134894 0.01837569 0.77032226
v -0.09422761 -0.03303466 0.73324871
v -0.49478173 -0.23713475 -0.01395276
v 0.39316690 -0.13688014 -0.68878096
v -0.39004460 -0.26224709 -0.50066644
v -0.41395807 -0.13572145 -0.78890753
v 0.10741111 -0.00994359 0.64118606
v -0.10974202 -0.20010050 -0.01586773
v 0.02871556 0.22225225 -0.75046980
v 0.45670703 -0.24722748 -0.43399650
v 0.37816808 -0.22704747 0.19630359
v 0.05121048 0.18823780 -0.75393432
v 0.06096641 -0.02052986 0.77375174
v 0.29545185 -0.25531280 -0.52316511
v -0.00747391 0.03710565 0.53014582
v 0.04120327 -0.05949582 0.40492880
v -0.31164578 0.23168638 0.14133383
v -0.34397355 0.25683799 -0.17973618
v -0.36334985 -0.14006355 -0.67646754
v 0.48088220 -0.24352910 -0.24836864
v 0.31000394 -0.22345719 0.20633955
v 0.46480620 -0.20878425 0.13064687
v 0.34306833 -0.03312899 -0.63012904
v 0.03393120 0.25040695 0.22455227
v 0.12498613 -0.01770861 0.62595344
v -0.08836955 -0.07428434 0.39281043
v 0.07670919 -0.02300256 0.46244404
v -0.13723186 -0.16180274 0.37901473
v -0.07192181 -0.04374376 0.44375712
v -0.35496512 -0.17489049 0.09932891
v -0.28097472 0.21774849 -0.16229777
v -0.43909824 -0.17535274 0.17531215
v -0.04348397 0.20826967 -0.62117255
v 0.41137984 -0.24915877 -0.49965250
v -0.46393067 0.14374413 -0.41576442
v -0.04494814 -0.01277642 0.74051696
v -0.06598017 -0.02991057 0.77799535
v -0.35862583 0.14422293 -0.54664254
v -0.14198427 -0.02668975 0.57633233
v -0.37772152 -0.17564328 0.06651418
v -0.13438894 0.01284764 0.58531553
v -0.51098102 -0.24690752 -0.17314027
v 0.37493974 -0.22698130 0.16793415
v 0.43446541 -0.22743577 0.13378610
v -0.03676623 -0.27406356 -0.66626215
v 0.44141808 -0.20280424 -0.24446847
v -0.39893883 -0.14379239 -0.74803722
v 0.33910385 0.22247256 0.14544123
v 0.01533648 0.21448150 -0.78906178
v -0.15432899 -0.00406850 0.73037875
v -0.37933457 -0.13647884 -0.76188058
v -0.53276628 -0.23184845 -0.07990029
v -0.15780014 0.23944591 -0.18013406
v 0.12039735 -0.21052222 0.36788929
v 0.11863301 0.01843525 0.73899150
v 0.06706861 0.01824628 0.77776766
v 0.08268868 -0.00077155 0.46267712
v 0.10120077 0.00468675 0.67782730
v 0.06742164 -0.02178865 0.74279886
v 0.28102779 -0.08235940 -0.65046406
v -0.15888552 -0.03421815 0.67362106
v -0.03621708 -0.20018166 -0.53659600
v -0.06034498 -0.00133726 0.79787123
v -0.21167356 0.23991081 -0.17724428
v -0.34415814 -0.09725203 -0.74787366
v 0.40357283 -0.26187542 -0.46130168
v -0.09424991 0.01021410 0.76229119
v 0.53593594 -0.23226467 -0.22562762
v 0.03606366 -0.17087942 0.01267647
v 0.08460844 0.03057595 0.49870992
v -0.37684742 0.22185008 -0.13102303
v -0.43036965 -0.08848256 -0.79405272
v 0.19494051 -0.22614309 -0.66227180
v -0.07700735 0.00000567 0.79271913
v -0.12461692 -0.01023710 0.68239862
v 0.00566585 0.01712845 0.79082775
v 0.34800532 -0.11189941 -0.71809274
v 0.35340306 -0.20021853 -0.35267547
v -0.32010567 -0.22071935 0.26042786
v -0.48368701 -0.22245921 -0.41192901
v 0.43726289 -0.25526240 -0.35706055
v 0.51347852 -0.24570753 -0.23410709
v -0.07699783 0.00107227 0.71985513
v -0.17703132 -0.00081350 0.60577047
v -0.27249590 -0.05277978 -0.65275621
v -0.48695216 -0.24090189 -0.39305979
v -0.50849974 -0.09654678 0.04887780
v 0.11768210 0.01899664 0.52672607
v -0.10531446 0.02366963 0.49989954
v -0.41266540 -0.18983756 -0.00449350
v 0.21000461 0.14306143 0.33081660
v 0.20854166 -0.18318714 0.35519370
v -0.19442977 -0.27158254 -0.62630415
v 0.12060772 -0.01695783 0.66545880
v -0.13902625 -0.03071172 0.67886496
v -0.13206588 -0.01272387 0.66491473
v 0.34872258 -0.16008916 -0.62823802
v -0.14883363 -0.20350584 0.29209545
v -0.31536531 -0.16988826 -0.63653487
v -0.16911027 -0.02728231 0.68057138
v 0.47757629 -0.23852347 -0.15376435
v 0.17281263 -0.18407717 0.36779156
v 0.41652817 -0.20277250 -0.01132192
v 0.42646581 -0.06624393 -0.75089878
v -0.12690882 -0.02671510 0.68930942
v 0.37905830 -0.13884841 -0.70558751
v 0.36261088 -0.25052086 -0.42387637
v 0.02718268 0.04196174 0.45411444
v 0.03020102 0.02319477 0.55039752
v -0.01110778 0.22125104 -0.76001632
v -0.11044303 0.01049429 0.74616396
v 0.48102459 -0.22291908 0.08214649
v 0.05588482 0.00304913 0.79035115
v 0.15511282 0.01064758 0.59744656
v -0.04329019 0.01715892 0.76702571
v 0.11118165 0.02495696 0.55305719
v -0.21855000 -0.20016225 -0.01677820
v 0.08428328 0.18070541 -0.62838030
v 0.39132971 -0.25847241 -0.50858259
v 0.15749145 -0.00422257 0.66514909
v -0.04065710 -0.21768530 0.34583735
v 0.09181520 0.01169794 0.47900710
v 0.54230493 -0.22022893 -0.11214408
v -0.24430162 0.23165590 -0.17980987
v -0.16259803 -0.20504591 -0.53809649
v 0.49263975 -0.22954738 0.03531162
v 0.33703816 -0.20003711 -0.01635133
v -0.05834587 -0.03359776 0.54098868
v 0.19887426 -0.21934658 0.31292334
v -0.38834041 -0.03722649 -0.55430305
v 0.41845572 -0.22526141 0.12026775
v 0.05704312 -0.19671899 0.39003888
v 0.45086348 -0.11813129 -0.72873694
v 0.16161057 -0.24103539 -0.67397714
v 0.18479009 -0.03204662 0.35313332
v 0.37950084 -0.20659058 -0.34905240
v 0.40834221 -0.21398686 0.19694942
v -0.50199622 -0.23429988 -0.36961457
v 0.33668995 -0.05207125 -0.65145910
v -0.06991155 -0.27367306 -0.65706301
v -0.40866673 0.21853270 -0.20966971
v 0.40000489 -0.23868676 -0.52357095
v -0.04997023 0.07640260 0.39027971
v -0.13230336 -0.01200406 0.75763166
v -0.06573620 -0.11289622 0.39993578
v -0.12647532 -0.03424909 0.72223264
v -0.41625500 -0.12683482 -0.71945310
v -0.23584889 -0.15794766 -0.65309846
v -0.30552149 -0.21587822 0.21741405
v -0.07812846 -0.03069590 0.42969361
v 0.31248397 -0.26024145 -0.50995398
v -0.05996484 0.09770116 -0.70808548
v 0.05263617 0.10081084 0.38105291
v 0.13313530 0.01630000 0.54743040
v 0.08282994 -0.26933202 -0.67071068
v -0.44645378 -0.10490543 -0.47846517
v 0.03009026 0.21970303 -0.71923447
v -0.38075012 -0.06410249 -0.75032890
v -0.10595002 -0.26406425 -0.67713737
v 0.04821955 -0.02464763 0.40964442
v -0.24248724 -0.16873963 0.01607158
v -0.08650261 -0.04080374 0.50625104
v -0.37535018 -0.08225993 -0.78165215
v -0.33468747 -0.26619709 -0.51935464
v -0.25869459 -0.20012504 -0.01608191
v 0.54713744 -0.20153147 -0.14283627
v 0.09153960 0.00243019 0.77114981
v -0.13950743 -0.00944163 0.74857283
v -0.42772013 -0.20204513 -0.25416094
v 0.47328618 -0.25187361 -0.30142620
v 0.05485072 0.03532594 0.46284831
v 0.16261023 0.13307086 -0.66666108
v 0.35491064 -0.13667759 -0.68176663
v 0.37602541 -0.12479781 -0.62687653
v 0.22242372 -0.20583938 -0.51889431
v -0.05121506 -0.19560429 0.39061064
v 0.16248180 0.00770324 0.64310545
v 0.08870886 -0.01281789 0.77122146
v -0.01745829 0.02057618 0.55164492
v -0.23448542 -0.22019340 0.30649915
v 0.33197045 -0.18049145 -0.61169034
v 0.06905738 0.18673675 -0.65834582
v -0.06919438 -0.02211989 0.79192239
v -0.39547265 -0.12841611 -0.79432589
v -0.04053346 0.14498368 -0.71096450
v -0.08934767 0.20675381 -0.22494805
v -0.15249638 0.00747856 0.70754647
v -0.05387221 0.19741917 -0.68660533
v 0.42018780 -0.22739628 0.15005928
v 0.21273628 -0.20931751 0.34066123
v 0.49822286 0.14473349 0.02579170
v -0.46000525 -0.23444353 0.05683826
v 0.35437974 -0.20545815 0.25914964
v 0.31381527 -0.20721389 -0.45186099
v 0.35685062 -0.26153845 -0.53583926
v -0.02180543 0.21650757 -0.74452752
v 0.06256982 -0.03768819 0.47694618
v 0.41988799 -0.25565371 -0.47593299
v 0.13297826 0.00464373 0.54528254
v -0.18709840 -0.21574445 0.34024072
v -0.51654786 -0.23804367 -0.31730697
v -0.04510398 0.00235029 0.79852813
v 0.27273884 -0.21964489 0.21566507
v -0.30822134 -0.20747884 -0.45514363
v 0.48681179 -0.24176069 -0.18743047
v -0.09791781 -0.03393064 0.75231969
v 0.08332374 -0.02663975 0.48351863
v 0.01206799 0.25994378 0.11674435
v 0.09887391 0.02015550 0.56428957
v 0.15687886 0.00468110 0.67517358
v 0.11855152 -0.23329602 -0.68695527
v 0.34579897 -0.18298393 0.27225113
v 0.13184308 0.02483167 0.57654953
v -0.03011586 -0.02236786 0.75845337
v -0.03341583 0.17897074 -0.74913263
v 0.15329610 0.01725736 0.67328840
v -0.25026956 -0.16843511 0.20282954
v -0.00050544 0.01382991 0.76502651
v 0.40259090 -0.22712076 0.17220551
v 0.37917045 -0.24224305 -0.54297942
v 0.37964493 -0.08855935 -0.75186968
v -0.49477616 -0.24569039 -0.20170929
v 0.08936307 -0.27418366 -0.64007699
v 0.33463722 -0.11033963 -0.70073521
v -0.52392054 -0.23257922 -0.05584637
v -0.27121118 -0.16889185 0.01579500
v 0.20274322 -0.21987161 0.27844024
v 0.03638551 -0.01240078 0.73407829
v -0.21855156 -0.16874026 0.01558036
v 0.14842956 -0.01000638 0.62793195
v 0.05158252 -0.02223075 0.74603224
v -0.12799627 -0.02000549 0.51140207
v -0.18219692 -0.00863294 0.64731789
v -0.31665769 -0.12000458 -0.70127881
v 0.39922717 -0.06875467 -0.74397552
v 0.06876767 0.24390736 0.09130610
v 0.34101459 0.07012410 -0.59932524
v -0.10748067 -0.20069261 0.37847158
v -0.36490348 -0.12028127 -0.76821482
v -0.04518780 -0.16854991 0.01713500
v 0.36750910 0.24802412 -0.14698923
v 0.00397087 0.00211690 0.80135208
v 0.37995133 0.22998670 0.02712578
v -0.33753145 -0.06242093 -0.70293045
v 0.45731494 -0.08477032 -0.76473534
v -0.37781620 -0.22645518 0.17488778
v -0.28855902 0.20259073 -0.48039955
v -0.01880964 0.01143193 0.78971225
v -0.01337206 0.27436909 0.13396440
v 0.00534724 -0.20022066 -0.26922750
v -0.28765631 -0.18604183 -0.63362193
v 0.22886832 -0.22019441 0.29855993
v 0.09968374 0.01791735 0.58565712
v 0.33851603 -0.13024314 -0.68939775
v 0.25761521 -0.22172447 0.27922556
v -0.39041635 0.23531324 -0.16379645
v 0.06920133 0.16714185 -0.68585950
v 0.02989193 0.16020103 -0.73690414
v 0.00338783 -0.02500869 0.77873313
v -0.04549075 -0.05834505 0.41761753
v 0.43941256 -0.07276191 -0.73515630
v -0.05877626 0.18279029 0.35207862
v -0.33622307 -0.05315205 -0.64493561
v 0.03122154 -0.21546590 0.34389314
v -0.17309323 -0.26777509 -0.60837942
v 0.10001536 0.01052040 0.63273335
v 0.04291380 -0.04401699 0.41782060
v -0.08499313 0.01429505 0.44104958
v -0.22066607 0.24798626 -0.20747539
v -0.09938942 -0.02963407 0.46315336
v -0.34161937 -0.14211899 -0.67536497
v 0.31151184 -0.12784550 -0.65768027
v 0.04554309 0.03161332 0.43311229
v -0.19061230 -0.16863748 0.01605328
v 0.11131519 -0.26151565 -0.67710602
v -0.20694779 -0.17705433 0.24197918
v -0.54064888 -0.21983518 -0.24039784
v -0.23680252 -0.26564476 -0.62224275
v 0.53171152 -0.22884350 -0.27328312
v -0.31332946 0.22544803 -0.22160901
v -0.40776241 -0.12103754 -0.70176136
v 0.02360260 -0.01689788 0.74394327
v 0.04561703 0.23056407 0.00320130
v 0.40500721 -0.07498860 -0.67586678
v 0.40458694 -0.07476378 -0.76319784
v -0.06715352 0.03878440 0.49466151
v 0.39804462 -0.20327386 0.08140977
v -0.50010633 0.10187155 -0.38708490
v 0.03396550 -0.02161353 0.78777295
v 0.07616755 0.02129631 0.71994227
v 0.08404964 -0.02078644 0.73003370
v -0.04382433 0.19843276 -0.71856833
v 0.52033138 -0.24327734 -0.17667456
v 0.27318460 -0.16971545 -0.64423877
v 0.05951490 -0.20014027 -0.01668875
v -0.54582024 -0.21459523 -0.20209046
v 0.05127319 -0.01745419 0.73053008
v -0.07854518 0.20211123 -0.35485515
v -0.51558167 -0.21715496 -0.34137961
v -0.15048471 0.00287676 0.54718590
v -0.35351491 -0.22693896 0.21255563
v -0.00701779 -0.05667849 0.48230553
v -0.45798555 -0.25852346 -0.39205837
v -0.47923324 -0.23361729 -0.03346018
v 0.24106367 -0.17445347 0.20034926
v -0.08125958 -0.01770094 0.55252182
v -0.00346942 -0.24577785 -0.69822574
v 0.42763442 -0.22295813 0.05609624
v 0.19650799 -0.27062982 -0.60267413
v 0.36988279 -0.07788957 -0.61247456
v 0.00753316 -0.26476845 -0.68336147
v -0.14224742 0.00864495 0.72132403
v -0.08506035 0.00643484 0.77810931
v -0.38352090 -0.11029362 -0.79468882
v -0.42922059 -0.12945232 -0.78969920
v -0.04611295 0.25867406 0.19324727
v 0.27138317 -0.20016010 -0.47441727
v 0.10500519 0.02151260 0.51146626
v 0.10271020 -0.01816763 0.70525795
v -0.07991326 -0.26251075 -0.62995470
v 0.07438875 0.06666131 -0.71004152
v 0.42997515 -0.19568376 0.18594395
v -0.39484119 -0.06336389 -0.73901147
v -0.16506307 -0.04093947 0.36171997
v 0.41367176 -0.12139966 -0.68203026
v 0.01930165 -0.00576516 0.55468398
v -0.24509245 -0.24653056 -0.63942784
v -0.33487055 -0.19091156 0.28233919
v 0.17446066 -0.20657873 0.26721621
v -0.06894954 0.00862547 0.40525225
v -0.23454201 -0.21061146 0.32980067
v -0.28773242 0.22359590 -0.19975984
v -0.03178517 -0.00934303 0.55429107
v -0.37631354 -0.06219625 -0.70067102
v 0.02150772 -0.04654705 0.51263708
v -0.27667928 -0.26603842 -0.59033900
v -0.16585450 0.00047792 0.57054549
v -0.46962681 -0.22422858 0.10421203
v -0.09616374 0.21000667 -0.13582465
v 0.44921780 -0.13227545 -0.77233171
v 0.48687732 -0.23480417 0.00457024
v -0.12241917 -0.21164171 0.31029913
v -0.23359799 0.20652921 -0.27419430
v -0.13735497 -0.02383261 0.74494427
v -0.31966376 -0.10270046 -0.71525127
v -0.33444914 -0.10434069 -0.73467928
v -0.53124571 -0.21823929 -0.03104028
v -0.14729525 -0.03168883 0.65388030
v 0.39387852 -0.08917056 -0.76755768
v -0.09923228 0.16852209 -0.64428979
v 0.39899892 0.23114020 -0.13806976
v -0.35219288 -0.13890642 -0.58487481
v -0.06678871 -0.21249242 0.31968370
v 0.43114009 -0.08497294 -0.70246929
v 0.11814529 -0.01372179 0.55138355
v -0.13556162 -0.21928993 0.33737198
v 0.18357275 -0.25930172 -0.65716356
v -0.13941289 0.23543020 -0.21875522
v 0.10030649 0.01834504 0.69523740
v -0.13336481 -0.27356794 -0.65087843
v -0.23076169 -0.20646822 -0.52476150
v -0.13003747 0.01432864 0.57042450
v 0.47285566 -0.25445637 -0.33414811
v 0.06987108 0.14255613 -0.69289732
v -0.01705474 -0.16839071 0.01751701
v 0.15502490 -0.00383393 0.60888296
v 0.02760549 0.19334832 -0.77557725
v -0.12527911 -0.00388272 0.49982977
v 0.29951575 -0.17510191 0.16028734
v -0.33331472 -0.20414752 0.17984226
v -0.11833557 -0.02545979 0.49533728
v 0.16679966 0.06190459 0.35444477
v -0.10679302 -0.01859976 0.77375364
v 0.29529271 0.22210929 -0.11990264
v 0.31368300 -0.05474387 -0.65242344
v -0.26661253 -0.16568153 -0.64193887
v 0.03292816 -0.08214598 0.40589017
v -0.50023967 -0.24654275 -0.33973679
v -0.43683359 -0.24434929 -0.47654879
v -0.09661608 0.02840503 0.37557951
v 0.34873903 -0.09113599 -0.71837461
v 0.14277026 -0.19066837 0.37587857
v -0.17891900 -0.23369457 -0.66958159
v 0.39966974 -0.18404888 0.04545071
v -0.53403717 0.13924256 -0.20053533
v 0.47991851 -0.20975882 0.10449007
v 0.11463481 -0.01742792 0.69826472
v -0.12923680 0.08194224 -0.69753653
v -0.15669011 -0.02715282 0.71559417
v 0.36361739 -0.17321560 0.08107808
v -0.46808878 -0.25569499 -0.32481357
v 0.05299157 0.03955832 0.50044191
v 0.05725561 0.17129990 -0.72859108
v -0.30621532 -0.18461567 0.30308217
v 0.39107668 -0.06251671 -0.71876872
v -0.10070287 0.00746983 0.46221080
v 0.16465922 -0.16846120 0.01655222
v 0.49909660 -0.24255386 -0.12113206
v -0.37547988 -0.08559421 -0.64938658
v 0.05211384 0.21193607 -0.70789254
v 0.28460032 -0.21046397 -0.50091106
v 0.25365284 -0.26866618 -0.58546990
v -0.45780686 0.20533963 -0.02999885
v 0.29208949 -0.26710415 -0.57134837
v -0.09417158 -0.20762011 0.30906290
v 0.04229198 -0.04526825 0.45300797
v -0.05087657 0.03903817 0.52190769
v 0.46965474 0.16245131 -0.36638957
v -0.25826022 -0.20943820 0.24721080
v 0.10019900 -0.00297156 0.68905687
v 0.27756137 -0.24935244 -0.61872000
v 0.44027549 -0.12582223 -0.78448761
v 0.49699667 -0.24531144 -0.34662849
v 0.26504189 -0.20010759 -0.01569598
v 0.29090521 -0.20041275 -0.45202902
v 0.38701695 -0.24381293 -0.37748048
v 0.36518413 -0.10323282 -0.74122053
v 0.37009853 -0.20024596 -0.32614473
v -0.04271898 0.01084237 0.75324184
v -0.10431756 -0.02197641 0.55261618
v 0.07000087 -0.16879441 0.26681092
v 0.01168128 0.19546679 -0.77870929
v 0.09095276 -0.01898469 0.71361130
v -0.25276402 -0.17600815 0.22606938
v -0.32315701 -0.26689363 -0.54635298
v 0.05723004 -0.25593212 -0.69260073
v -0.33159742 -0.16837908 0.09569401
v -0.43094948 0.09667636 -0.50254512
v 0.04822620 -0.00658936 0.72474122
v -0.07985044 -0.25068474 -0.69085330
v -0.08624598 0.20447944 -0.28105763
v -0.07247756 -0.04559387 0.47100168
v -0.04868807 0.20974219 -0.65624774
v 0.31972826 -0.15004098 -0.64945138
v 0.45539322 -0.23206373 -0.04936007
v 0.02309160 -0.20009190 -0.01598154
v 0.19681337 -0.16843981 0.01696188
v 0.01906076 -0.02135961 0.79285532
v 0.22962452 -0.27028549 -0.59823394
v -0.19234829 -0.16842419 0.22380696
v 0.23209208 -0.23186751 -0.64790773
v 0.19292887 0.20643763 0.29078382
v -0.46816298 -0.22786862 -0.00456639
v 0.33686325 -0.20023791 -0.37604645
v -0.42163435 -0.08331872 -0.72613287
v -0.43253472 -0.10460714 -0.73682815
v -0.12323991 -0.01761425 0.59336925
v 0.51237345 -0.11575219 -0.34458745
v 0.08017017 0.04666170 0.37625897
v -0.13288650 0.01335213 0.52343875
v 0.37641954 -0.19963656 -0.01555555
v 0.18329661 -0.20751105 -0.52579004
v 0.23945868 -0.25542220 -0.63448536
v -0.31477013 0.25678760 -0.18198094
v -0.08668721 0.19572589 -0.54127634
v -0.05809721 0.13339636 0.37455142
v -0.34824762 -0.25468984 -0.44336629
v -0.33124283 -0.22250985 0.21023047
v -0.43536115 -0.19858907 -0.00550221
v -0.43197510 -0.13500552 -0.77082902
v 0.04551749 0.21479580 -0.76070142
v 0.07030384 -0.07817148 0.39405885
v -0.53548145 -0.23799616 -0.17767166
v -0.41092592 -0.25982675 -0.48220372
v -0.14198142 -0.20012274 -0.01591471
v 0.05853958 -0.00073364 0.42490757
v 0.42930067 -0.21452902 0.17154007
v -0.09274023 0.21173176 0.31592438
v 0.24078806 -0.12369254 -0.64841741
v 0.50530338 0.17175278 -0.21601458
v -0.14471222 -0.00403214 0.53416097
v 0.45942545 -0.11895174 -0.76430571
v 0.44639620 -0.21265504 0.15222479
v 0.04643141 0.00022057 0.40251827
v -0.17995919 0.00225013 0.65786666
v 0.08069880 -0.19667564 0.38718435
v -0.47880298 -0.23410684 -0.07292046
v 0.12870152 -0.21797256 0.33951533
v -0.08352302 -0.19536367 0.38693693
v 0.28347954 -0.05695049 -0.64930999
v -0.25042182 -0.26781085 -0.59075969
v -0.11947027 0.23327842 0.26593205
v 0.00014228 -0.27539980 -0.65769613
v -0.28833818 -0.24383418 -0.51494372
v -0.36892420 -0.11353541 -0.63753819
v -0.41659397 -0.14108190 -0.75626588
v 0.50878131 -0.23440212 -0.03371356
v 0.43640161 0.17159624 0.11821377
v -0.22403404 -0.16866770 0.22210978
v 0.03318316 0.03903167 0.40855253
v -0.53350276 -0.23935841 -0.15201858
v 0.05678094 -0.01048846 0.79007089
v -0.08928188 -0.02927031 0.44514742
v -0.00122473 -0.00203074 0.75301319
v 0.53149098 -0.23409468 -0.13165790
v -0.18619889 0.24492536 -0.23874591
v -0.50446063 -0.20663568 0.06166772
v 0.38279584 -0.16853139 0.02091010
v -0.43433601 -0.12969927 -0.75270820
v -0.00962132 -0.06402529 0.42465839
v -0.47103763 -0.20204341 0.12737601
v -0.29876393 -0.25216132 -0.60583544
v -0.07976528 0.02826917 0.54023159
v -0.49051961 -0.25303072 -0.30051136
v 0.24276190 -0.17689624 -0.64434147
v 0.29782918 -0.20815174 -0.47467896
v -0.26512411 -0.20599526 -0.51762515
v 0.06384452 -0.01999988 0.55039859
v -0.03174932 0.22538805 0.08426897
v -0.04605749 -0.02252487 0.74720389
v -0.07023119 -0.02021423 0.72591841
v -0.38022858 -0.13152321 -0.66855359
v 0.42235097 -0.12895560 -0.78492320
v 0.15827668 0.01065874 0.60867923
v 0.34176597 0.22206385 -0.05919078
v -0.41056171 -0.07188228 -0.73196906
v -0.10714819 0.01013503 0.71378648
v -0.03833213 0.04621222 0.46152318
v 0.05575604 -0.27286032 -0.66773582
v 0.36362347 -0.06946982 -0.71306819
v 0.04827265 0.22595844 0.29960716
v -0.04526340 -0.20000689 -0.01501262
v -0.48201746 -0.23779096 -0.16463064
v 0.03726680 -0.12307717 0.40170410
v -0.01784095 -0.21740910 0.34819254
v -0.17875749 0.25126830 -0.20439287
v -0.43922508 -0.25740007 -0.35904413
v -0.26721591 0.21989557 -0.19963738
v -0.09294616 -0.00684100 0.44332904
v 0.31900582 -0.21622017 0.17559816
v 0.05116777 0.01576902 0.78638989
v 0.44291642 -0.20017883 -0.21560058
v -0.13896139 0.13368829 -0.67349833
v -0.17343779 -0.17051759 0.24639291
v -0.41715851 -0.07328763 -0.78753459
v -0.34673923 -0.20020121 -0.33559203
v -0.35551739 -0.10871487 -0.58557135
v 0.01699060 -0.03158746 0.53920972
v -0.32511047 0.03827820 -0.61755168
v -0.10950081 -0.22917068 -0.68887949
v 0.40885487 -0.09812652 -0.66679734
v -0.30782259 0.21850388 -0.12808295
v 0.18191803 0.17212486 -0.61831814
v 0.46937069 0.19910736 -0.04751034
v -0.54646897 -0.21610510 -0.12636988
v -0.25915474 -0.20618777 0.32302678
v -0.51219618 0.15392032 -0.02425260
v 0.27165359 -0.17346065 0.18060566
v -0.40995857 -0.20725635 -0.29568824
v 0.23768228 -0.21213850 0.22823626
v -0.03297307 -0.05601367 0.45195431
v -0.10559952 -0.02086830 0.37560955
v 0.00724994 0.22328930 -0.74511296
v -0.38685259 -0.17469691 0.00953807
v 0.28368741 0.17437659 -0.56137365
v -0.35205230 -0.17335571 0.00989848
v -0.43794376 -0.20084119 -0.21648203
v -0.40128824 -0.24503189 -0.35280827
v -0.07546554 0.00762527 0.39076731
v -0.11696371 -0.20022509 -0.52399194
v -0.23695444 -0.01864410 0.33223465
v 0.42517132 -0.22799112 -0.49656230
v 0.41739598 -0.20020656 -0.25538319
v -0.09788527 0.18415801 -0.61547601
v 0.37904844 0.02280659 -0.57669371
v 0.43243909 -0.22715180 0.09545715
v 0.46929580 -0.22299233 -0.22942036
v 0.24531952 0.21429275 -0.18946457
v 0.03994910 0.01992909 0.74871647
v 0.00718401 -0.20201555 0.39018658
v 0.48568341 0.12515219 -0.39385459
v -0.24825211 -0.10169070 -0.65284634
v -0.08195516 -0.23218167 -0.59436470
v -0.53017151 -0.21167761 -0.29668158
v 0.40175611 0.03689633 0.20410320
v -0.41685483 -0.24439436 -0.50250530
v 0.30103165 -0.20003378 -0.01535623
v 0.12433965 0.19484097 -0.58344805
v -0.34237856 -0.23642686 -0.58083153
v -0.01784551 -0.20784952 0.32208735
v 0.40698951 0.22688803 -0.07406725
v -0.36937016 -0.26360539 -0.51971596
v 0.51254565 0.00507467 0.02267931
v 0.52642548 -0.21436761 -0.29872817
v 0.33812845 -0.06236603 -0.67428195
v 0.35197893 -0.14751182 -0.59344447
v 0.36189154 -0.08984061 -0.73232156
v 0.42668703 -0.13928401 -0.76548618
v 0.03897126 0.18814281 -0.76543158
v 0.36830238 -0.10322285 -0.60463178
v 0.31737605 -0.24991937 -0.48483372
v 0.24892052 -0.16851097 0.01673026
v 0.42055172 -0.09981389 -0.68242157
v 0.14557654 0.01092916 0.70959032
v -0.16895485 -0.17755476 0.36949891
v 0.00572336 0.22532924 0.08441586
v 0.14761673 0.02256998 0.60877776
v 0.05300512 0.20937267 -0.63183987
v -0.33019719 -0.18748768 -0.59699237
v -0.00754109 0.04900732 0.44514021
v 0.49666190 -0.21780159 0.06125161
v 0.23039015 0.08107740 -0.66176063
v 0.51384133 -0.21354672 0.03124342
v -0.27733773 -0.10631914 -0.65758300
v 0.37891665 -0.06032334 -0.69529551
v 0.39817581 0.22216356 -0.18654363
v -0.03451089 0.21335334 -0.70504838
v -0.29899463 -0.26451361 -0.58204597
v 0.37286982 -0.20882204 0.24056114
v 0.34773445 -0.07355050 -0.70172346
v -0.35688052 -0.07557515 -0.74834228
v -0.11510064 -0.00983646 0.69074965
v -0.34307703 -0.12118892 -0.73661941
v 0.02496489 0.23061220 -0.30362701
v 0.25767171 -0.21375540 0.31123272
v -0.53929383 -0.21228023 -0.05996472
v -0.44001022 -0.20064943 -0.14460349
v 0.08794131 0.24690685 0.02439961
v -0.25362736 0.14005721 -0.62207752
v 0.42595649 -0.13948931 -0.74114692
v 0.21128342 -0.16816723 0.18896773
v -0.01810479 -0.26655030 -0.62762392
v -0.15810111 -0.16856487 0.01651335
v 0.39058110 -0.25686041 -0.40584880
v -0.54285866 -0.09074399 -0.07172615
v 0.28118044 0.22322328 -0.14297099
v -0.36177003 -0.24048923 -0.56279796
v -0.15986554 0.20753331 -0.27723500
v 0.12629072 0.16499031 -0.64511842
v -0.07568848 0.01280404 0.55389673
v 0.36378327 -0.22462656 0.21730439
v 0.51734209 -0.23197272 -0.32264951
v 0.01570501 -0.02307707 0.76205570
v -0.48238245 -0.23717441 -0.11514108
v 0.43471295 -0.20923783 -0.08929011
v 0.05617128 -0.03182982 0.43436596
v -0.16296858 -0.21526442 0.34927997
v 0.16648944 -0.20969725 0.35686237
v -0.21896127 -0.25860080 -0.64413714
v 0.45742971 0.20608459 -0.20853604
v -0.29118690 -0.16342674 -0.64461684
v 0.25048381 -0.20170705 -0.50349957
v 0.30263740 0.24440154 -0.14239065
v -0.24189125 0.21485047 -0.14445244
v -0.50715894 0.17265235 -0.07386255
v -0.52183652 -0.24451095 -0.25156122
v -0.30214259 -0.16839974 0.14394695
v -0.36277506 -0.18048391 0.25862515
v -0.38606948 -0.26073956 -0.42599878
v -0.36540642 -0.16124985 -0.56936997
v -0.36783773 -0.21456176 0.23831999
v -0.03309121 0.19532524 -0.75936604
v -0.02724161 0.12532325 -0.70156169
v -0.08883531 -0.20254388 -0.55468386
v 0.22474112 -0.16840729 0.01740552
v 0.52112442 0.13961925 -0.26796091
v -0.07748178 0.01361947 0.74612045
v 0.40909845 -0.17936341 0.02392210
v -0.21463354 -0.27079836 -0.61583114
v 0.13813265 0.01873785 0.71354085
v -0.20933244 -0.17909381 0.35465029
v -0.11171024 0.19275305 -0.58855742
v 0.36076754 -0.24418284 -0.56010461
v 0.33617613 0.26023796 -0.14693946
v -0.26636660 -0.24441873 -0.53936845
v 0.34753788 -0.24991605 -0.44237235
v 0.05890663 0.02309011 0.74537385
v -0.18622576 -0.21647394 0.31275895
v 0.49460632 -0.23918445 -0.37155831
v -0.07576444 0.23019429 0.09632202
v -0.29979068 -0.17682940 0.19507892
v 0.41771990 0.21219271 -0.27374163
v -0.29898185 0.23129138 -0.16483510
v 0.05968206 0.19069123 -0.71777213
v -0.03176681 -0.07554640 0.41296428
v 0.20173587 0.21264425 -0.43246537
v -0.02365715 -0.01046316 0.75524497
v -0.33376378 -0.11127583 0.27872792
v -0.24524148 0.20117095 -0.51200491
v 0.28785613 -0.20987120 0.19157252
v -0.49796623 -0.24126060 -0.05141636
v 0.05690100 0.18877450 -0.73751420
v 0.04878824 0.03059657 0.54395008
v 0.06757510 -0.17446922 0.00960734
v -0.14366484 -0.03342017 0.72255808
v 0.23282099 0.23868927 0.17911033
v -0.49724492 -0.12125486 -0.39164311
v -0.08250706 -0.26676166 -0.67558575
v -0.03115371 0.26701602 0.16388451
v -0.28878739 -0.20897473 -0.48680878
v -0.23567779 0.03827549 -0.66479868
v 0.49399748 -0.21290240 -0.38755408
v 0.34075105 -0.22337295 0.23649722
v -0.06868953 -0.16839483 0.26579568
v 0.42235449 -0.24758583 -0.33597580
v 0.10776367 -0.01900444 0.52752286
v 0.10633344 -0.00958827 0.62851864
v -0.20824547 0.19860290 0.29287395
v 0.04086654 0.13970125 -0.70715857
v -0.39057642 0.22771876 -0.03292528
v 0.06513315 -0.16817261 0.03337841
v -0.02046113 0.04792796 0.41322133
v 0.38083434 -0.18386260 0.24041039
v -0.34217066 0.19997942 0.19839412
v 0.13214742 -0.16840453 0.01702838
v -0.31393760 -0.13370989 -0.67401761
v 0.11373050 -0.01083926 0.51951349
v 0.11320214 -0.01422302 0.57407224
v -0.28136769 -0.19692992 0.31567761
v -0.03217784 -0.06058717 0.42714131
v -0.09459250 0.03060717 0.52103162
v -0.49934074 0.17650990 -0.23948188
v 0.29982939 -0.21466120 0.28560346
v -0.43540263 0.20968905 0.02435763
v 0.16142891 0.18561202 0.32517743
v -0.37847292 -0.24630076 -0.38768274
v 0.04052065 -0.02309472 0.54869205
v -0.45308262 -0.22875634 0.03055678
v 0.15807725 0.01935409 0.64955533
v -0.14933835 -0.01202637 0.73823982
v -0.22556084 -0.20227285 0.25975478
v 0.44902441 -0.22607549 0.12142413
v -0.01001178 0.18527973 -0.76474857
v 0.50632375 -0.23926136 -0.06918669
v -0.10960691 -0.02697423 0.70572692
v 0.10296726 -0.01975243 0.72380918
v 0.24423414 0.22190747 -0.03592160
v 0.39729756 -0.10757393 -0.65208811
v 0.18615288 -0.21196261 0.34590611
v 0.22950198 -0.24416582 -0.54588455
v 0.28542784 0.13861676 0.29176506
v 0.44845048 -0.23090211 -0.00657192
v 0.13661598 0.02632446 0.59271950
v 0.41095340 -0.20697682 -0.30175087
v -0.20676437 0.20699151 -0.28995207
v -0.29914874 -0.20014521 -0.01674750
v 0.28986275 -0.26250961 -0.54750478
v -0.08566454 0.12196650 -0.69213939
v 0.04736856 0.01799509 0.73368448
v 0.08053110 -0.20102355 -0.53467077
v 0.18175317 0.09086678 -0.68100435
v 0.08962175 0.00524856 0.69819999
v -0.32718158 -0.01490301 -0.62581134
v 0.18244594 -0.25886369 -0.57466710
v 0.31634927 -0.16805035 0.10879243
v -0.38418165 -0.20241681 -0.32569975
v -0.08177912 -0.17749311 0.00654953
v -0.00658114 -0.10328480 0.40817231
v -0.33830330 -0.04167669 -0.62346739
v 0.43786183 -0.24057730 -0.47565547
v -0.38701391 -0.19120088 0.23737927
v -0.04039831 0.02115279 0.55124772
v -0.32614303 0.20415485 -0.44190076
v -0.27753627 -0.24803717 -0.62194741
v 0.52492607 -0.01979012 -0.30792698
v 0.43090114 -0.10544273 -0.69720942
v 0.30335209 -0.08082508 -0.66037893
v -0.49434245 -0.25129831 -0.27015904
v -0.07783280 -0.02945995 0.73774993
v 0.23764181 -0.21021073 0.32753474
v -0.31586170 -0.18716185 -0.61822486
v 0.43542811 0.10473544 -0.48880750
v 0.08844338 -0.02675713 0.52581209
v -0.32965946 -0.07479866 -0.71477711
v -0.21173872 -0.21592084 0.29769835
v 0.53476566 -0.23407212 -0.19659860
v 0.42473122 -0.12442651 -0.69944185
v 0.31791076 -0.08976861 -0.68091214
v 0.45213199 -0.20628832 -0.45997000
v -0.31765005 0.25247481 -0.20676251
v 0.10123917 -0.00722810 0.60112101
v -0.06744269 -0.21844679 0.35070339
v -0.35238084 -0.07733120 -0.59105247
v -0.33063310 -0.13481864 -0.69556534
v -0.50748783 0.17565438 -0.17371069
v -0.12287589 0.22979537 -0.17887940
v 0.33206376 -0.26595569 -0.52692860
v 0.32319713 0.22363810 -0.00509233
v -0.35770130 -0.13529757 -0.73440468
v 0.13559090 -0.01598450 0.68164045
v 0.11556946 -0.20053846 -0.52631527
v -0.52987969 0.12810664 -0.27263796
v -0.08984480 -0.21277007 0.37112173
v -0.00174802 0.12593654 -0.70366514
v 0.39534539 -0.20674187 -0.32426354
v -0.37819889 0.21654342 -0.23004043
v 0.38709649 -0.20020008 -0.29894841
v 0.10949250 0.13519256 -0.67868441
v -0.43900818 0.16553472 0.12331913
v 0.10794273 -0.00956604 0.65720588
v -0.40493843 -0.06376099 -0.76621681
v 0.47655606 -0.24993624 -0.38751674
v 0.08437652 0.16295658 -0.65684009
v 0.54427207 0.08574757 -0.16206647
v -0.05568168 -0.24864350 -0.61352885
v -0.33066088 -0.12089500 -0.71942288
v -0.05039287 -0.04912612 0.51001525
v 0.06568957 0.20241712 -0.60107177
v -0.08197021 -0.03593457 0.53789675
v 0.44338748 -0.08902578 -0.71767426
v -0.21483669 -0.23375332 -0.65648592
v 0.34800133 -0.17689481 0.11183181
v -0.43314198 0.21008594 -0.26078671
v 0.24153888 0.16374446 -0.60219347
v 0.30407453 -0.18843298 0.30405727
v 0.42937440 0.20353279 0.05858831
v -0.46878099 -0.22756098 -0.22499914
v 0.24516180 0.17621587 0.29434991
v -0.32435343 0.24068999 -0.15355375
v 0.36352772 -0.03217816 0.24591964
v 0.39844620 -0.04830256 -0.54631805
v 0.31807542 -0.24655864 -0.59363943
v -0.32846412 -0.25181317 -0.46476042
v -0.34624144 -0.05830120 -0.68560433
v -0.20133629 -0.24872793 -0.56896794
v 0.11527467 -0.26869029 -0.60629463
v 0.43059945 -0.20022014 -0.16540021
v -0.52675521 -0.24428931 -0.22451258
v -0.39384741 -0.12850259 -0.68424952
v 0.02699505 0.19479050 -0.50924742
v -0.07728088 -0.05599780 -0.70464528
v 0.09637237 -0.02512559 0.37692311
v 0.12377278 0.02698292 0.64528900
v 0.33926135 -0.26104206 -0.55442297
v -0.42798164 -0.24702165 -0.32105047
v -0.39557120 -0.24800368 -0.52242947
v -0.02901978 -0.00061821 0.80097961
v 0.08397107 0.01730791 0.77081269
v 0.37796655 -0.07150958 -0.63455951
v -0.08058342 0.23647706 0.15794602
v 0.01136883 -0.17224818 0.29269013
v 0.36200583 -0.13152856 -0.71660072
v 0.02830107 -0.17268816 -0.70146066
v 0.00656168 -0.07883660 0.41282302
v -0.46241924 -0.23241010 0.08093735
v 0.37040985 -0.11228183 -0.58419907
v -0.44083717 -0.20080273 -0.18107413
v -0.33618048 -0.15769251 -0.64012337
v -0.30197740 -0.17044498 0.17123860
v 0.10265671 -0.21578270 0.35031626
v 0.33850750 0.25956172 -0.18131813
v -0.14750820 -0.25864846 -0.60056365
v -0.15269187 -0.24285002 -0.67766911
v 0.08234140 0.11955198 -0.69389462
v 0.44948372 -0.25221804 -0.32459244
v -0.40922245 -0.25893459 -0.38959464
v -0.13923672 -0.17145392 0.26115137
v 0.07928007 -0.25697732 -0.59342062
v 0.51078928 0.15515916 -0.03484146
v -0.15618970 0.21231310 -0.13488862
v -0.06975314 -0.03205581 0.39924219
v 0.06429977 0.20108888 -0.56339419
v -0.52968907 -0.18273506 -0.01009848
v -0.00569805 0.21048282 0.32711637
v -0.33143190 -0.20806673 -0.42127076
v 0.19375344 -0.20019856 -0.50153238
v 0.28558487 -0.03302397 0.30439869
v 0.39369619 -0.13952532 -0.54924536
v -0.32531738 -0.16919279 0.01598840
v -0.08904387 0.00186806 0.71214706
v 0.50689280 0.17358345 -0.09382004
v -0.27950719 0.21163076 -0.22406207
v 0.05651341 0.20809139 -0.66025931
v 0.15815720 0.01174700 -0.68823218
v -0.29297251 -0.03864126 -0.64785099
v -0.04757424 -0.20892608 -0.56621474
v -0.10205287 -0.27407908 -0.65176088
v -0.00632136 -0.01671195 0.55352473
v -0.50078970 -0.01744552 -0.38836679
v -0.49400204 0.15935238 0.02162600
v -0.29474273 -0.20020032 -0.41939747
v 0.36640289 -0.07750465 -0.58647513
v 0.27575013 -0.18708952 0.32179999
v -0.31625834 0.20714180 -0.24494413
v 0.03254441 -0.19779058 0.39154544
v 0.07991803 0.01039294 0.70541924
v -0.19940116 -0.20601636 -0.53055203
v 0.15595348 -0.20010395 -0.01548889
v -0.01085178 0.21723789 -0.38554198
v 0.47479385 0.18853843 -0.26630911
v -0.18749778 0.22702140 0.25519562
v -0.04226977 0.22723310 0.29775491
v 0.21525373 0.23895107 0.08912051
v 0.34135711 -0.20486781 0.15077576
v -0.06869911 0.20250873 -0.58781797
v -0.27988601 0.22420514 0.20122387
v -0.28796235 0.23321843 0.04718130
v 0.47454321 -0.17929691 0.11887793
v -0.53113592 0.14740220 -0.13083304
v 0.05864258 -0.04099737 0.39211556
v -0.28702962 -0.13517931 -0.65319419
v -0.24581693 0.23874916 0.14372712
v 0.38862163 0.13751666 0.20798460
v 0.13778335 -0.24345945 -0.56458491
v 0.01879733 0.01740917 0.79106820
v -0.29615462 0.13879447 0.28590325
v 0.24569181 0.22430122 0.03246064
v -0.34921703 -0.12809366 -0.60813427
v -0.32336029 -0.06343985 -0.69105071
v 0.41096500 -0.25664622 -0.38668659
v 0.00227614 -0.20389810 -0.55054200
v -0.54524887 0.08762748 -0.22450937
v -0.36824542 -0.07574569 -0.76388520
v 0.17543705 -0.16819727 0.20686963
v -0.36345431 -0.20683706 -0.36860862
v -0.27748680 -0.17376347 0.21274909
v -0.33913121 -0.20013031 -0.01695836
v 0.30004147 -0.20021980 -0.42574760
v -0.53195894 -0.23046131 -0.27010456
v -0.40601066 0.17866658 -0.44055906
v 0.06413015 -0.01616829 0.72043538
v -0.46544230 0.16794208 0.07182629
v 0.00672868 -0.05582523 0.44237703
v 0.22951715 0.22674133 0.23310865
v 0.03039698 -0.25642493 -0.69463068
v 0.03572310 -0.02383527 0.77036542
v 0.06992496 -0.01188665 0.44391039
v -0.50970596 -0.24404582 -0.07792100
v -0.28404370 -0.00051010 -0.64864606
v 0.43787742 -0.06514432 0.16601031
v -0.08188691 -0.16823487 0.02691025
v -0.17809628 -0.20014113 -0.01610516
v 0.15034217 0.01835271 0.59106338
v 0.39807850 0.18133330 0.15986514
v 0.12371425 -0.20008828 -0.01546432
v 0.11744536 -0.01834498 0.71476471
v -0.13640504 -0.00358492 0.51957530
v -0.11035360 -0.26509994 -0.62368095
v 0.34454834 -0.18083847 -0.58314931
v 0.42537761 -0.13415278 -0.71916151
v -0.41063344 -0.18200360 0.21116650
v 0.17678544 0.24399830 -0.00396769
v 0.46378708 -0.23272504 -0.11873826
v 0.06663962 -0.04958538 -0.70762879
v 0.48745081 -0.24001415 -0.22210427
v 0.09237464 0.02771409 0.54413140
v -0.17832932 -0.00912776 0.60456669
v -0.04704397 -0.26889852 -0.63924450
v -0.46001145 0.20625319 -0.19086154
v 0.09575765 0.24962723 -0.24652694
v -0.43669719 -0.07978257 -0.77992046
v 0.32400763 -0.10726607 0.28351843
v 0.34166503 -0.22793613 -0.58012676
v -0.18998107 0.06724282 0.34768522
v -0.01742483 -0.16922383 0.29294524
v -0.24713518 -0.25783592 -0.56388837
v -0.31696236 -0.26362032 -0.57187665
v 0.44612491 -0.25920346 -0.40967134
v 0.54541039 -0.20356579 -0.19987527
v -0.07673118 0.03073578 -0.70933956
v 0.29172039 0.22450404 0.19254366
v 0.40098932 0.15071848 -0.49312988
v -0.19211969 0.13723987 -0.65293622
v 0.27213097 0.19874774 -0.50458533
v 0.01043719 0.01488790 0.75868928
v 0.24174710 -0.16816899 0.16557011
v 0.24976639 0.21886399 -0.10040582
v 0.04035790 0.00713002 -0.71498084
v -0.24850228 0.17909022 -0.57336330
v 0.43863884 0.12595424 0.14980994
v 0.40027943 -0.12329202 -0.66672999
v 0.00240493 0.16905421 0.36430410
v 0.16411845 -0.21838161 0.32873309
v 0.29825038 -0.24274673 -0.60997272
v -0.47158214 0.08747818 -0.44621822
v -0.07973999 0.21613230 -0.05925494
v -0.01492695 -0.26811567 -0.67831981
v 0.49867451 0.18302973 -0.15632434
v -0.48807237 0.17058226 -0.30401540
v 0.02872545 0.03982945 0.52611089
v -0.28533080 0.05229556 0.30200955
v -0.21469280 0.23829404 0.20074415
v 0.27722886 -0.16856161 0.01682272
v -0.06816003 -0.03855845 0.41339281
v -0.45182911 -0.20718163 -0.46494952
v -0.34999794 0.23024364 0.09050384
v -0.31040370 -0.25373399 -0.49302030
v -0.40557569 0.21156998 -0.30783138
v -0.39951590 -0.13569501 -0.70942825
v -0.11272794 -0.16841310 0.25084785
v -0.43921685 -0.20125698 -0.06807716
v 0.46192703 0.01989198 0.12559350
v 0.33490512 -0.25193766 -0.57434368
v -0.39826941 0.15171568 -0.49768403
v 0.28069222 0.23772126 0.13754715
v -0.46567550 0.12064762 0.11450128
v 0.41193449 -0.08785295 -0.78276587
v 0.49246401 -0.08151280 0.07561373
v -0.41043904 -0.21182737 -0.51692688
v 0.33851293 0.17570627 -0.51674873
v 0.31962529 -0.20191923 -0.59999746
v -0.43890366 -0.20074619 -0.10433366
v 0.31343758 0.20274769 -0.45919222
v -0.31317139 -0.04971004 -0.65018308
v 0.10459255 -0.16844080 0.25574180
v 0.39179614 0.20937338 -0.34535760
v -0.52163827 0.09978923 -0.00116247
v 0.20936115 0.19548507 -0.55503201
v -0.09535891 -0.03209193 0.76892924
v -0.44739392 -0.25137532 -0.44874749
v -0.14230762 0.00200354 0.73848295
v -0.37182420 -0.16825116 0.03797898
v 0.08190139 0.01530806 0.55688119
v 0.39644429 -0.22718495 0.14399502
v -0.35971415 -0.05999552 -0.70102066
v 0.33058450 0.05219297 0.26886600
v 0.40672779 -0.20017378 -0.09171380
v 0.03116019 0.23992874 -0.13081422
v -0.48073706 0.15583614 -0.36201769
v -0.05759527 0.22449462 0.01223564
v 0.31830087 0.21902731 -0.23492090
v 0.07929269 0.22554845 -0.38266125
v 0.14770758 0.01839055 0.58050150
v 0.05903731 0.24531263 0.18331271
v 0.12219425 0.22183733 0.29229671
v 0.46256760 -0.10091611 -0.76559937
v 0.40039298 -0.13995035 -0.71908170
v 0.14052242 0.14439949 0.35497248
v -0.41394243 0.20644711 0.08752499
v -0.28988335 -0.09690752 -0.67638111
v -0.38410813 -0.20019662 -0.27507997
v 0.03445946 -0.16835035 0.26876470
v -0.37338081 0.04579571 -0.57382107
v -0.36300907 -0.19984876 0.13033472
v -0.04317837 0.25370294 0.11805247
v 0.44960001 -0.18220234 0.15901029
v 0.45167327 0.21195206 -0.12227091
v 0.09760330 -0.19942777 0.29380405
v 0.37418416 0.18903761 -0.45148781
v 0.13614792 -0.21535698 0.30968472
v -0.30863851 -0.14963220 -0.65181786
v 0.46920016 0.15901859 0.07500163
v 0.50964350 0.07250541 -0.36011091
v -0.29914582 -0.16919369 0.01513520
v -0.14822929 0.20589426 0.30895001
v 0.27653825 0.11923660 -0.62414581
v -0.12525342 0.15612386 0.35331306
v 0.33970037 -0.22550455 0.20543975
v 0.23350227 -0.02651634 -0.65799713
v 0.08250390 -0.13165708 0.39264882
v 0.41407469 -0.16918850 -0.51648802
v 0.37896606 0.21995662 0.09609877
v -0.42680192 0.19110286 -0.37249029
v -0.03859085 -0.21277630 0.37526226
v -0.15063518 0.24208654 0.20968167
v -0.10706747 -0.11920204 0.38860071
v 0.36298296 -0.12697308 -0.60556394
v -0.43835577 0.21786310 -0.08076545
v 0.04905824 0.19372568 0.34291062
v 0.22877222 -0.20009208 -0.01512224
v 0.35151052 -0.17468719 0.00935199
v -0.29307142 0.10437610 -0.62281257
v -0.05975459 0.01074566 0.78297812
v 0.31563193 0.23602960 0.09580254
v 0.13129643 0.02740170 0.61119336
v 0.53274620 -0.08788015 -0.03882653
v 0.41027299 -0.18670276 0.20924197
v -0.36793235 -0.03849909 0.24509165
v -0.00896531 0.23404631 -0.05397297
v 0.39387020 -0.07968637 -0.65248895
v 0.41992944 0.18534230 -0.40025786
v 0.26049238 -0.23809423 -0.63319218
v -0.39752576 -0.07335699 -0.78729451
v 0.07910389 -0.03110572 0.50225246
v -0.34418437 0.10668871 -0.58540022
v -0.28258160 -0.21379852 0.23386677
v -0.20035870 0.21369837 -0.14394228
v 0.52908778 -0.18912682 -0.01010515
v -0.40168360 0.17243481 0.16656552
v 0.51393342 0.12147735 -0.32831982
v -0.04720115 -0.02861395 0.76107758
v -0.38362926 -0.23105696 -0.54425669
v -0.07072641 0.17424670 -0.67333442
v -0.45505708 -0.00368117 -0.47127792
v -0.32348001 -0.24693884 -0.59084201
v 0.00611882 -0.08775038 -0.71082377
v 0.48487991 0.10631224 0.07802229
v 0.48989284 0.16500500 -0.31087348
v 0.24253823 0.20995401 -0.30459681
v 0.14819597 -0.20104469 -0.52201116
v 0.07515021 0.24460605 -0.05684496
v -0.32920864 -0.16961917 0.12472072
v 0.45403358 -0.22960724 0.07871298
v -0.42148617 0.00209819 0.18801998
v 0.10845315 0.25174832 -0.17243648
v 0.24188119 0.20716400 -0.36843678
v 0.47267842 0.08149666 -0.43794891
v 0.35592312 -0.26331276 -0.48480642
v -0.36737314 0.20933607 -0.34175852
v -0.51682872 -0.20555371 0.02931529
v 0.13292882 0.09023555 -0.69622642
v 0.33718976 0.23398197 0.05171548
v -0.31592429 -0.05964246 -0.66735721
v 0.31242383 0.24596004 -0.19078109
v -0.07707987 -0.20017730 -0.01744908
v 0.23492196 0.21319796 -0.24613492
v -0.02579335 0.21503083 -0.67826664
v -0.35007891 -0.26321039 -0.54409498
v 0.17083654 -0.21791765 0.29369339
v -0.45346922 -0.20128424 0.15451482
v 0.54017282 0.00967928 -0.08934255
v 0.38048205 0.11972618 -0.54582876
v -0.48434067 -0.22347412 0.08046281
v -0.23030102 -0.20004548 -0.49783555
v 0.06951109 -0.11718966 -0.70776385
v 0.13957952 0.23446150 -0.32792571
v -0.01509299 -0.04781008 0.52136046
v -0.40956277 -0.09791290 0.20726174
v 0.24612376 -0.18630847 0.33777875
v 0.16507204 0.23941846 0.22941022
v -0.13042353 -0.14285785 -0.68803167
v 0.54321438 -0.18830219 -0.07988284
v 0.53532267 0.12325870 -0.08797734
v -0.43029433 -0.21667705 0.17099920
v -0.54919267 -0.01741810 -0.18339206
v -0.35562560 -0.16874267 0.06957208
v -0.02591644 0.05075178 0.49815121
v -0.35996568 0.04805592 0.24842317
v 0.46416336 -0.24397215 -0.27029854
v 0.35510907 0.20695587 -0.39757174
v 0.40998727 0.05991187 -0.53240746
v -0.34594455 -0.07372698 -0.73306471
v 0.33951408 0.14419121 0.25147435
v -0.35385588 0.17982365 -0.49487329
v -0.07717694 0.21085021 -0.17738962
v -0.39485887 -0.17489113 0.03601040
v -0.12092056 0.20851703 -0.25012407
v 0.07997445 0.20568281 -0.51937371
v -0.24467106 0.14728250 0.31267881
v -0.18334156 0.09252305 -0.67937535
v -0.34324923 0.14002757 0.25108266
v -0.27050835 -0.20016918 -0.46236348
v 0.02004400 0.26366350 0.16969186
v -0.40189382 -0.20889747 0.08441976
v 0.19250315 -0.20012663 -0.01573943
v -0.04095881 -0.21022761 0.32069752
v -0.35774356 -0.24453947 -0.41346362
v 0.24076049 -0.07898966 -0.65049338
v -0.43536818 -0.22873007 0.06968550
v -0.54136986 0.00543109 -0.06871842
v 0.06908827 0.21298946 -0.45219404
v 0.25112885 0.04475304 0.31987596
v -0.15625750 -0.03241694 0.63796937
v -0.25390783 0.20570536 0.26019979
v -0.36871272 0.20944928 -0.26707160
v 0.26566967 0.03769747 -0.65311319
v 0.46550593 -0.25022149 -0.41107884
v -0.06050169 -0.01906891 0.73206109
v 0.13341843 0.24887480 -0.09962174
v 0.39671704 0.22897968 -0.01995834
v -0.45295539 -0.24825758 -0.29180732
v -0.46935827 0.03241392 0.11965828
v 0.53506160 0.12984404 -0.20866720
v -0.32970655 -0.20042859 -0.38618591
v 0.08445146 -0.24646088 -0.69182646
v 0.52262378 0.10335906 -0.01746453
v 0.48645866 -0.02273402 -0.40893954
v 0.17552616 -0.17267458 0.24273068
v -0.18468548 -0.19937821 0.27278027
v -0.44279549 0.13037090 -0.46327052
v -0.53172171 -0.07604902 -0.29817149
v 0.03919121 -0.20067453 -0.53717351
v 0.24248910 -0.09922250 0.33341622
v 0.32714951 0.13196760 -0.58254385
v 0.39212182 -0.26218063 -0.48601681
v -0.12218223 -0.16869204 0.01621395
v -0.37480545 0.20916872 0.14188524
v -0.23620467 0.10579794 -0.65319371
v 0.16284527 -0.08399294 -0.68116421
v 0.44072571 -0.25906786 -0.42903399
v -0.07150994 0.19951144 -0.42896429
v -0.48696488 0.19305883 -0.12206088
v -0.11042765 -0.00548037 0.77411771
v 0.32489476 -0.17288046 0.13934444
v -0.20241532 0.17364027 -0.60614008
v 0.09192935 0.24119121 0.24423513
v -0.37645799 0.22945948 0.03438020
v -0.53696781 0.12016047 -0.07298218
v 0.41624936 -0.06369022 -0.73198992
v -0.29169768 -0.21050104 0.29898873
v 0.39167407 -0.21090594 0.11876106
v 0.54279327 -0.00850497 -0.20764250
f 1392 1727 1095
f 399 1464 1727
f 1392 1117 1019
f 1019 399 1392
f 1392 399 1727
f 1505 1117 1392
f 1979 1505 1392
f 1095 1636 1114
f 1114 1636 812
f 1114 812 1281
f 818 1114 1281
f 818 1281 1309
f 1309 432 1363
f 1363 818 1309
f 438 818 1363
f 70 1095 1114
f 70 1114 818
f 438 70 818
f 70 1392 1095
f 70 1979 1392
f 1464 1095 1727
f 1636 1095 1464
f 1281 860 1309
f 1363 432 693
f 870 1043 1434
f 1363 693 438
f 693 870 438
f 438 870 1434
f 1671 1434 1165
f 1671 438 1434
f 438 1671 1443
f 693 432 606
f 606 1736 870
f 870 693 606
f 1043 233 1165
f 1434 1043 1165
f 1165 233 175
f 1671 1165 175
f 1687 1979 24
f 1933 1979 70
f 70 1443 1933
f 24 1979 1933
f 1443 70 438
f 1958 1933 1443
f 1443 1671 905
f 1443 905 416
f 416 1958 1443
f 1818 482 783
f 1664 1121 783
f 1121 600 783
f 290 482 1282
f 1467 482 290
f 783 482 1467
f 1664 783 1467
f 1664 1345 1121
f 200 824 1002
f 1304 1278 200
f 1278 1133 824
f 1278 824 200
f 1317 1278 1304
f 522 1317 1304
f 522 1304 205
f 865 1304 200
f 339 205 865
f 205 1304 865
f 1797 205 339
f 1797 965 205
f 1890 1644 1807
f 974 1468 1807
f 898 15 600
f 898 600 904
f 898 1793 15
f 1793 898 1505
f 904 600 1121
f 1793 1818 15
f 974 1793 1505
f 1818 783 600
f 600 15 1818
f 1793 1197 1818
f 482 1818 1197
f 1197 1807 1394
f 1807 1197 1793
f 974 1807 1793
f 1197 1394 1282
f 1282 482 1197
f 1807 1644 1394
f 823 1394 1644
f 823 1282 1394
f 1576 1464 399
f 956 1196 1117
f 1196 1019 1117
f 1322 1019 1196
f 1322 399 1019
f 1576 399 1322
f 898 904 956
f 1117 898 956
f 1505 898 1117
f 956 904 578
f 1196 956 578
f 1196 578 1209
f 1322 1196 1209
f 578 904 1121
f 1969 1322 1209
f 1969 1576 1322
f 816 1576 1969
f 578 1121 1345
f 1643 1209 1345
f 1209 578 1345
f 1209 1643 1969
f 987 816 1969
f 1969 1643 1367
f 1367 987 1969
f 1376 1345 1664
f 1643 1345 1376
f 1564 1367 1643
f 1564 1643 1376
f 1839 987 1367
f 259 1636 1464
f 812 1636 1040
f 860 812 1040
f 860 1281 812
f 773 1309 860
f 773 432 1309
f 259 1464 1576
f 1040 1636 259
f 773 860 1341
f 1341 860 1040
f 259 1576 816
f 816 1625 259
f 1625 1040 259
f 1452 773 1341
f 1341 1040 1625
f 1655 1341 1625
f 1655 1435 1341
f 1435 1452 1341
f 987 1625 816
f 1375 1625 987
f 1655 1625 1375
f 606 432 773
f 1043 870 1736
f 1043 1736 1499
f 233 1043 1499
f 1452 606 773
f 1452 1295 1736
f 1452 1736 606
f 1295 1499 1736
f 821 233 1122
f 233 1499 1122
f 175 233 821
f 1499 1295 1122
f 821 1122 1261
f 1810 1295 1452
f 1799 1122 1295
f 1799 566 1122
f 566 1261 1122
f 1810 1452 1435
f 1799 1295 1810
f 1277 1261 566
f 566 799 1277
f 566 1799 799
f 908 1277 799
f 631 908 799
f 1133 1278 184
f 662 1133 184
f 601 662 184
f 890 662 601
f 1759 890 601
f 1759 1353 890
f 662 593 824
f 662 824 1133
f 369 593 662
f 369 662 890
f 1353 369 890
f 593 1002 824
f 269 593 369
f 1353 269 369
f 1353 1881 269
f 1881 1353 1609
f 788 184 1278
f 1317 788 1278
f 788 601 184
f 373 788 1317
f 472 601 788
f 472 1759 601
f 146 472 373
f 472 788 373
f 644 1759 472
f 146 644 472
f 373 1317 1264
f 1264 1317 522
f 119 522 965
f 1264 522 119
f 146 373 1264
f 1263 146 1264
f 1263 1264 119
f 965 522 205
f 1099 965 1797
f 119 965 1099
f 728 119 1099
f 529 728 1099
f 728 1263 119
f 1353 1759 644
f 1609 1353 644
f 146 225 644
f 225 1609 644
f 1263 225 146
f 1263 1334 225
f 172 1334 1263
f 172 1263 728
f 1099 1797 1637
f 1637 529 1099
f 529 1637 316
f 529 319 728
f 319 529 316
f 1334 1141 225
f 764 1141 1334
f 172 764 1334
f 172 728 567
f 567 728 319
f 41 1881 1609
f 1141 1609 225
f 764 172 567
f 1355 1468 974
f 1355 974 948
f 974 1505 1687
f 1687 1892 974
f 948 974 1892
f 1687 1505 1979
f 982 1400 1916
f 1400 371 1916
f 1916 421 1243
f 1916 1243 982
f 1243 421 1765
f 335 982 1243
f 1765 1426 36
f 36 1243 1765
f 335 1243 36
f 1426 1320 1154
f 770 1426 1154
f 36 1426 770
f 1154 1572 622
f 823 1644 1400
f 290 1282 823
f 823 1400 497
f 290 823 497
f 1275 1467 290
f 497 1400 982
f 1275 290 1631
f 290 497 1631
f 1795 982 335
f 497 982 1795
f 800 200 1002
f 869 200 800
f 754 865 869
f 865 200 869
f 339 865 754
f 688 1797 339
f 476 1797 688
f 1637 1797 476
f 1637 476 1330
f 721 754 869
f 754 721 1597
f 754 1597 267
f 267 688 339
f 339 754 267
f 134 476 267
f 476 688 267
f 837 476 134
f 1330 476 837
f 1330 837 215
f 782 267 1597
f 134 267 782
f 1089 837 134
f 837 1089 753
f 215 837 753
f 1592 134 782
f 1089 134 1592
f 753 1089 370
f 1089 1592 1524
f 1849 370 1524
f 370 1089 1524
f 1459 917 1849
f 1709 1849 1524
f 1709 1459 1849
f 1194 1459 1709
f 537 1194 1709
f 1644 371 1400
f 371 1644 1890
f 1807 1468 1890
f 371 1445 1916
f 1445 371 1890
f 1445 1890 1468
f 1445 421 1916
f 1397 421 1445
f 1468 1417 1397
f 1397 1445 1468
f 1468 114 1417
f 771 1656 25
f 1468 1170 114
f 753 1656 771
f 771 215 753
f 1716 771 25
f 25 114 1716
f 1716 114 1170
f 421 1893 1765
f 421 1397 1893
f 1397 656 1893
f 1417 656 1397
f 114 25 1417
f 25 1579 1417
f 1656 753 370
f 1579 656 1417
f 25 1656 917
f 25 917 1579
f 917 1656 1849
f 1656 370 1849
f 1426 1765 1893
f 1893 1320 1426
f 1320 1893 656
f 1579 917 1069
f 1579 1069 656
f 917 1459 1069
f 1572 1154 1320
f 770 1483 36
f 1302 335 36
f 1483 1302 36
f 1572 1320 656
f 656 544 1572
f 1302 1483 1325
f 1069 544 656
f 1459 1194 1069
f 1194 544 1069
f 1664 1467 1534
f 1275 1955 1467
f 1534 1467 1955
f 1673 1972 1955
f 1972 1723 1955
f 1723 1534 1955
f 1631 497 1795
f 1673 1955 1275
f 1631 1795 1022
f 1022 1275 1631
f 1673 1275 1022
f 1302 1795 335
f 1022 1795 1508
f 1689 1673 1022
f 1972 1673 1689
f 1508 1795 1302
f 1325 1508 1302
f 1022 1508 1950
f 1022 1950 1689
f 1376 1664 1534
f 1723 1376 1534
f 1723 1564 1376
f 1839 1367 1564
f 1564 1723 1354
f 1839 1564 1354
f 1723 1972 1354
f 1375 987 1839
f 1655 1375 1839
f 1435 1655 1839
f 1435 1839 1554
f 1554 1839 983
f 799 1799 631
f 1799 1810 631
f 1725 631 1810
f 1374 631 1725
f 1725 1810 1435
f 1725 1435 1554
f 1132 800 1002
f 1132 1002 593
f 4 800 1132
f 1132 593 269
f 62 1132 269
f 62 4 1132
f 62 981 4
f 1881 62 269
f 981 62 1881
f 4 1057 800
f 316 1637 1330
f 1330 215 1303
f 316 1330 1303
f 41 981 1881
f 319 104 567
f 104 319 316
f 104 316 1217
f 1141 976 1609
f 976 41 1609
f 1141 186 976
f 764 186 1141
f 1152 764 567
f 794 1152 104
f 1152 567 104
f 800 1057 869
f 721 869 1057
f 4 734 1057
f 981 734 4
f 1721 734 981
f 1721 981 41
f 1721 1429 734
f 1721 41 976
f 976 1429 1721
f 1217 671 104
f 186 1429 976
f 258 186 764
f 258 764 1152
f 1823 258 1152
f 794 1823 1152
f 794 104 671
f 721 1057 766
f 1431 1597 721
f 782 1597 1431
f 734 766 1057
f 883 1431 766
f 1431 721 766
f 883 1164 1431
f 883 766 734
f 1429 883 734
f 1940 883 1429
f 186 1940 1429
f 186 258 1940
f 258 74 1940
f 74 258 1823
f 1823 1062 74
f 794 1632 1823
f 1632 1062 1823
f 334 1632 794
f 334 794 671
f 1614 782 1431
f 1592 782 1614
f 1614 1052 1592
f 1614 1431 1164
f 1164 1163 1614
f 1940 792 883
f 792 1164 883
f 792 1163 1164
f 1940 1582 792
f 74 1582 1940
f 74 1062 1582
f 1717 1062 1632
f 334 59 1632
f 59 1717 1632
f 1081 59 334
f 1052 1524 1592
f 1163 1052 1614
f 1163 444 1052
f 493 444 1163
f 1582 1163 792
f 493 1163 1582
f 1062 1717 1582
f 1717 493 1582
f 1717 1911 326
f 1911 1717 59
f 1081 1911 59
f 1081 1812 1911
f 1052 444 48
f 48 1524 1052
f 1709 1524 48
f 444 1838 48
f 326 1838 444
f 326 444 493
f 326 493 1717
f 740 1838 326
f 1911 740 326
f 108 740 1911
f 1812 108 1911
f 1683 108 1812
f 1709 48 1422
f 1838 1422 48
f 1838 494 1422
f 494 1838 740
f 1683 903 108
f 1422 537 1709
f 494 740 108
f 903 494 108
f 1737 903 1683
f 1355 1170 1468
f 1217 316 1303
f 1591 1355 948
f 215 771 1303
f 1716 1303 771
f 513 1217 1303
f 762 671 1217
f 585 762 513
f 762 1217 513
f 628 1591 948
f 213 628 948
f 1355 1716 1170
f 513 1303 1716
f 1355 513 1716
f 1591 513 1355
f 585 513 1591
f 334 671 762
f 762 585 1081
f 1081 334 762
f 585 1591 628
f 1567 585 628
f 1567 628 213
f 1081 585 1567
f 1561 171 1567
f 213 1561 1567
f 1567 171 1081
f 171 1812 1081
f 171 1683 1812
f 1737 1683 171
f 1561 1737 171
f 1178 717 405
f 1154 622 1299
f 1764 770 1154
f 1764 1154 1299
f 388 1299 1096
f 1299 622 1096
f 1764 1299 388
f 1096 1457 1477
f 388 1096 1477
f 911 1457 509
f 1477 1457 911
f 388 1477 174
f 1633 388 174
f 1083 174 911
f 174 1477 911
f 509 717 612
f 612 911 509
f 1083 911 612
f 699 1083 612
f 1083 699 1660
f 612 717 1178
f 699 612 1178
f 537 966 1194
f 1619 1457 1145
f 966 1619 544
f 1619 509 1457
f 1201 509 1619
f 966 1201 1619
f 509 1201 717
f 966 1929 1201
f 1661 717 1201
f 1661 405 717
f 1929 1661 1201
f 1929 1358 1661
f 1145 1096 622
f 622 1572 1145
f 1483 770 1764
f 544 1145 1572
f 966 544 1194
f 613 1483 1764
f 544 1619 1145
f 1179 1325 1483
f 1179 1483 613
f 1457 1096 1145
f 1633 1764 388
f 613 1764 1633
f 1695 613 1633
f 1695 1179 613
f 943 1695 1633
f 174 1083 1660
f 1633 174 1660
f 629 1695 943
f 943 1633 1660
f 943 1660 387
f 1378 943 387
f 1950 1508 1325
f 1950 1325 1922
f 1922 1325 1179
f 1922 1179 1695
f 1922 1695 629
f 1950 1922 629
f 1378 629 943
f 1972 1689 1354
f 1068 1354 1689
f 1689 1950 629
f 1068 1689 629
f 983 1839 935
f 935 1839 1354
f 1354 1068 1740
f 1740 935 1354
f 1283 1740 1068
f 1390 537 1422
f 494 1390 1422
f 167 1390 494
f 167 494 903
f 903 145 167
f 1737 145 903
f 1737 1509 145
f 1390 966 537
f 1390 1929 966
f 145 1929 1390
f 145 1390 167
f 145 1639 1929
f 1685 405 977
f 1178 405 1685
f 977 1506 1685
f 958 1685 1506
f 958 1506 561
f 561 251 863
f 958 561 863
f 1756 958 863
f 863 251 1785
f 1785 1301 863
f 699 1178 1746
f 1746 1660 699
f 1746 1178 1685
f 1746 1685 1138
f 1138 1685 958
f 1756 1138 958
f 1613 1138 1756
f 1756 863 1440
f 1440 863 1301
f 1661 1358 405
f 977 405 1358
f 1248 1506 977
f 1248 977 1358
f 1929 673 1358
f 1358 706 1248
f 673 706 1358
f 561 1248 706
f 561 1506 1248
f 251 561 706
f 251 1125 1785
f 706 1125 251
f 1125 706 673
f 1651 1125 673
f 1391 1660 1746
f 387 1660 1391
f 1472 387 1391
f 1378 387 1472
f 1391 1746 1138
f 1613 1391 1138
f 1684 1472 1391
f 880 1472 1684
f 1684 1391 1613
f 1613 1756 1440
f 331 1684 1440
f 1684 1613 1440
f 1684 331 1719
f 1719 880 1684
f 880 1378 1472
f 1068 1378 880
f 629 1378 1068
f 826 1283 1068
f 826 1068 1913
f 1913 1068 1340
f 768 1340 1068
f 1565 826 1913
f 145 1768 1639
f 1639 673 1929
f 1639 1894 673
f 1639 1776 1894
f 1768 1776 1639
f 1908 1671 468
f 1671 175 468
f 1908 468 772
f 1908 772 1315
f 905 1671 1908
f 905 1908 1315
f 905 1315 16
f 809 175 821
f 468 175 809
f 772 468 809
f 681 1315 772
f 1921 1315 681
f 16 1315 1921
f 361 809 1261
f 809 821 1261
f 361 772 809
f 711 772 361
f 681 772 711
f 1921 1653 1156
f 1156 16 1921
f 1319 16 1156
f 711 361 1536
f 711 1536 1010
f 1010 681 711
f 1653 1921 681
f 1653 681 1010
f 1536 361 1261
f 1156 506 189
f 189 1319 1156
f 31 16 1319
f 1957 1653 1010
f 1653 1957 646
f 1156 1653 646
f 506 1156 646
f 1261 1277 1536
f 541 1957 1010
f 541 1010 1536
f 102 646 1957
f 102 506 646
f 434 506 102
f 1277 541 1536
f 908 40 1277
f 40 541 1277
f 179 434 102
f 1957 541 1952
f 102 1957 1952
f 1944 541 40
f 102 1952 179
f 1952 541 1944
f 1372 40 908
f 858 1952 1944
f 1944 40 1372
f 1319 189 1918
f 850 1319 1918
f 31 1319 850
f 580 1918 189
f 1918 580 1932
f 1918 1932 850
f 434 580 189
f 189 506 434
f 1932 580 286
f 11 850 1932
f 1749 850 11
f 434 179 286
f 580 434 286
f 1932 286 630
f 11 1932 630
f 1749 11 554
f 1926 850 1749
f 286 179 546
f 630 286 546
f 735 11 630
f 554 11 735
f 1569 1749 554
f 416 905 31
f 31 905 16
f 1970 416 31
f 1970 31 1902
f 31 850 1926
f 1902 31 1926
f 1876 1902 1926
f 1842 179 1952
f 1372 908 631
f 858 848 1952
f 848 1842 1952
f 1820 1944 1372
f 858 1944 1820
f 1372 631 1374
f 1820 1372 1374
f 1934 858 1820
f 1934 848 858
f 1900 1842 848
f 1374 1725 1677
f 1677 1820 1374
f 1934 1820 1677
f 1245 848 1934
f 1900 848 1245
f 1725 1554 1677
f 1934 1677 1245
f 1677 1554 1852
f 1245 1677 1852
f 1900 1245 1465
f 1852 1554 1044
f 1245 1852 1044
f 1044 1554 983
f 735 630 1064
f 546 179 1842
f 1064 630 546
f 554 735 535
f 1569 554 535
f 1569 535 1469
f 1466 1926 1569
f 1926 1749 1569
f 617 535 735
f 735 1064 617
f 535 617 1119
f 1119 347 1469
f 1469 535 1119
f 1842 1064 546
f 1466 1569 1469
f 617 1064 1188
f 674 1469 347
f 1188 1064 1842
f 1276 617 1188
f 1276 1119 617
f 1276 347 1119
f 347 1276 698
f 897 347 698
f 897 674 347
f 1842 1900 362
f 362 1188 1842
f 1276 967 698
f 1188 967 1276
f 362 1657 1188
f 1657 1489 1188
f 1489 967 1188
f 1900 1465 362
f 383 698 967
f 383 897 698
f 1489 1724 967
f 1657 362 1465
f 1884 383 967
f 408 383 1884
f 1724 1884 967
f 407 1489 1657
f 1724 1489 407
f 1227 408 1884
f 1724 1242 1227
f 1724 1227 1884
f 1657 1465 407
f 1466 1469 674
f 1146 1466 674
f 1466 1146 1496
f 897 769 1146
f 674 897 1146
f 1212 1146 769
f 1146 1212 1496
f 448 897 383
f 769 897 448
f 769 1998 1212
f 1998 1527 1212
f 198 1496 1212
f 448 383 408
f 1998 769 448
f 198 1212 1527
f 448 408 675
f 448 675 760
f 1998 448 760
f 760 1527 1998
f 1527 760 1364
f 559 1527 1364
f 1527 559 198
f 1496 1926 1466
f 1876 1926 1496
f 1876 1496 89
f 1496 198 305
f 305 89 1496
f 89 305 1379
f 979 1044 983
f 979 1465 1044
f 1465 1245 1044
f 983 935 979
f 979 935 1047
f 1465 979 1047
f 1047 935 1092
f 1035 1465 1092
f 1465 1047 1092
f 1092 935 1740
f 1258 1035 1092
f 1441 1092 1740
f 1258 1092 1441
f 1740 1283 1441
f 1984 1441 1283
f 1035 1724 407
f 1242 1724 1035
f 1539 1227 1242
f 1307 1242 1035
f 1539 1242 1094
f 407 1465 1035
f 1094 1242 1307
f 1307 1035 1258
f 1094 1307 1258
f 1094 1352 1977
f 1094 1258 1352
f 1352 1258 694
f 1441 1984 694
f 1258 1441 694
f 675 408 1227
f 760 675 377
f 998 760 377
f 998 1364 760
f 1149 1364 998
f 1227 1539 675
f 1539 377 675
f 559 1364 1149
f 559 1149 19
f 305 198 559
f 305 559 1479
f 1583 998 377
f 357 998 1583
f 1149 998 357
f 1539 1583 377
f 1149 357 240
f 19 1149 240
f 1479 559 19
f 1539 1094 1977
f 1583 1539 1977
f 19 240 1479
f 240 440 1479
f 1486 357 1583
f 1018 357 1486
f 240 357 1018
f 1486 1583 1977
f 440 240 1018
f 1479 440 1413
f 498 1018 1486
f 1018 498 1455
f 916 1486 1977
f 440 1018 1455
f 443 440 1455
f 1413 440 443
f 916 498 1486
f 1665 916 1977
f 1352 1665 1977
f 694 1665 1352
f 1160 498 916
f 498 1160 1174
f 1455 498 1174
f 737 1455 1174
f 443 1455 737
f 488 443 737
f 488 1413 443
f 846 1413 488
f 1142 1379 305
f 1479 1413 305
f 1142 1413 846
f 1142 305 1413
f 1864 1142 846
f 550 42 442
f 1755 42 550
f 550 442 203
f 193 550 203
f 203 442 310
f 778 203 310
f 412 464 57
f 1755 57 42
f 57 464 42
f 661 473 678
f 678 77 661
f 661 412 473
f 2 412 661
f 2 464 412
f 376 464 2
f 376 42 464
f 790 310 376
f 442 42 376
f 310 442 376
f 310 790 1961
f 1961 778 310
f 45 313 77
f 45 77 678
f 77 313 542
f 77 542 71
f 661 77 71
f 857 661 71
f 2 661 857
f 638 2 857
f 275 790 638
f 376 2 638
f 790 376 638
f 790 275 121
f 1961 790 121
f 1745 1050 274
f 1289 274 313
f 1289 1745 274
f 45 1289 313
f 1051 203 633
f 1051 193 203
f 397 406 575
f 406 1051 633
f 575 589 325
f 325 397 575
f 778 1961 635
f 635 633 778
f 633 203 778
f 635 879 276
f 633 635 276
f 276 575 406
f 406 633 276
f 879 417 918
f 276 879 918
f 589 575 276
f 589 276 918
f 757 589 918
f 918 417 757
f 325 467 397
f 29 467 325
f 29 325 589
f 479 589 757
f 705 29 589
f 705 589 479
f 479 757 552
f 1166 635 1961
f 879 635 1166
f 417 480 757
f 480 1503 1207
f 757 480 1207
f 1207 552 757
f 441 552 1207
f 1538 868 126
f 441 1207 126
f 868 441 126
f 637 879 1166
f 879 637 913
f 358 417 879
f 358 879 913
f 480 417 358
f 1166 1961 121
f 1166 121 519
f 519 637 1166
f 126 1503 557
f 126 1207 1503
f 1162 126 557
f 1538 126 1162
f 738 914 519
f 914 637 519
f 986 1819 1538
f 986 1538 1162
f 986 1162 962
f 1283 826 1984
f 1565 1984 826
f 1739 1984 1565
f 1058 1565 1340
f 1565 1913 1340
f 1739 1565 1058
f 1183 1340 768
f 1183 1058 1340
f 694 1984 1739
f 1665 694 1798
f 694 1739 1798
f 1798 1739 1512
f 1512 1739 1058
f 1058 1183 1512
f 1840 1512 1183
f 1840 1763 1512
f 737 1174 368
f 916 5 1160
f 488 737 368
f 5 916 1665
f 5 1665 1798
f 1160 1223 224
f 224 1174 1160
f 368 1174 224
f 1160 5 1223
f 368 1601 1056
f 1056 488 368
f 101 488 1056
f 846 488 101
f 846 101 1864
f 368 224 1601
f 1297 1056 1601
f 212 1223 5
f 1297 101 1056
f 212 5 1798
f 224 1223 1171
f 224 1171 1590
f 1601 224 1590
f 1601 1590 750
f 750 1297 1601
f 212 811 1223
f 811 1171 1223
f 212 1798 1512
f 811 212 1512
f 811 1954 1171
f 939 1171 1954
f 1590 1171 939
f 1862 1590 939
f 750 1590 1862
f 994 750 1862
f 1954 811 340
f 340 811 1512
f 1954 1398 1343
f 939 1954 1343
f 1343 1862 939
f 1398 340 1763
f 1398 1954 340
f 340 1512 1763
f 1862 1343 654
f 78 1862 654
f 963 1864 101
f 994 1297 750
f 994 101 1297
f 101 994 341
f 963 101 341
f 994 1862 78
f 341 994 78
f 1142 1864 844
f 1370 1142 844
f 450 1370 844
f 254 1370 450
f 1050 1189 680
f 1186 265 1189
f 1186 1189 1050
f 1745 1186 1050
f 1189 265 201
f 1088 201 265
f 395 1088 265
f 980 680 1189
f 1189 201 980
f 1088 395 1311
f 1347 968 1311
f 409 968 1347
f 1347 1311 395
f 844 1864 963
f 431 450 844
f 1669 450 431
f 1792 1669 431
f 1311 968 847
f 1250 1088 1311
f 1250 1311 847
f 1250 201 1088
f 980 201 1250
f 1669 254 450
f 968 520 1792
f 254 1669 520
f 520 968 409
f 739 844 963
f 431 844 739
f 703 431 739
f 1792 431 703
f 1792 703 686
f 686 968 1792
f 847 968 686
f 1615 980 1250
f 520 1669 1792
f 739 963 1493
f 739 1493 1078
f 1078 703 739
f 1078 1493 1528
f 1078 686 703
f 1369 686 1528
f 686 1078 1528
f 1369 1250 847
f 847 686 1369
f 1250 1369 1615
f 1566 963 341
f 1493 963 1566
f 1615 1369 1120
f 1615 1120 1925
f 1318 1493 1652
f 1493 1566 1652
f 1318 1528 1493
f 1731 1369 1318
f 1369 1528 1318
f 1120 1369 1731
f 680 274 1050
f 680 410 425
f 274 680 425
f 425 313 274
f 118 313 425
f 542 313 118
f 150 71 720
f 71 542 118
f 71 118 720
f 150 857 71
f 1265 638 150
f 638 857 150
f 558 638 1265
f 558 275 638
f 67 275 558
f 121 275 67
f 158 121 67
f 785 150 720
f 68 1265 150
f 68 150 785
f 68 21 1265
f 151 558 1265
f 21 151 1265
f 151 67 558
f 355 67 151
f 355 158 67
f 355 386 158
f 1238 425 410
f 118 425 1238
f 720 118 1238
f 687 720 1238
f 785 720 687
f 1617 410 980
f 410 680 980
f 410 1617 1124
f 1238 410 1124
f 423 1238 1124
f 423 687 1238
f 946 1617 980
f 946 980 1615
f 1124 1617 946
f 545 1124 946
f 946 1615 115
f 1151 946 115
f 1151 545 946
f 115 1615 1925
f 115 1925 1686
f 1686 1151 115
f 358 923 130
f 130 480 358
f 964 1503 480
f 964 480 130
f 557 1503 964
f 519 121 158
f 913 637 396
f 923 913 396
f 923 358 913
f 69 130 923
f 249 1162 449
f 1162 557 449
f 962 1162 249
f 386 519 158
f 386 738 519
f 396 637 914
f 153 396 914
f 893 923 396
f 893 396 153
f 962 461 486
f 962 249 461
f 130 1543 543
f 543 964 130
f 262 557 964
f 262 964 543
f 1024 449 262
f 449 557 262
f 154 449 1024
f 1543 69 1
f 69 1543 130
f 820 262 543
f 249 449 154
f 69 923 893
f 1430 69 893
f 1 69 1430
f 1430 814 1
f 1991 461 1191
f 461 249 154
f 461 154 1191
f 1024 262 820
f 1817 154 1024
f 227 543 1543
f 820 543 227
f 820 227 333
f 1577 1024 820
f 814 512 1
f 227 1543 1
f 512 227 1
f 241 333 227
f 512 241 227
f 107 1817 1024
f 1577 333 1329
f 1577 820 333
f 1577 107 1024
f 23 1817 107
f 241 1329 333
f 169 1329 241
f 1966 1577 1329
f 330 1577 1966
f 330 107 1577
f 107 330 1889
f 1889 855 107
f 173 1329 169
f 1966 1329 173
f 1328 1966 314
f 314 854 1328
f 330 1966 1328
f 1889 330 1328
f 173 314 1966
f 715 1328 854
f 1889 1328 1032
f 1032 1328 715
f 302 1032 715
f 1495 1032 302
f 100 1032 1495
f 100 237 144
f 100 1495 237
f 458 1991 1191
f 625 154 1817
f 625 1817 23
f 1191 154 625
f 364 458 625
f 458 1191 625
f 364 625 44
f 23 107 855
f 44 625 23
f 23 855 1001
f 44 23 1001
f 44 1001 230
f 230 892 44
f 892 364 44
f 1001 855 582
f 881 230 582
f 230 1001 582
f 855 1889 232
f 98 855 232
f 582 855 98
f 17 582 98
f 17 881 582
f 380 232 781
f 232 1889 1032
f 232 1032 781
f 75 232 380
f 98 232 75
f 39 98 75
f 39 75 159
f 17 98 39
f 781 1032 100
f 380 781 695
f 695 75 380
f 159 75 695
f 159 695 393
f 1600 24 1720
f 1600 808 24
f 1720 24 1933
f 1720 1933 801
f 801 1203 1720
f 801 1933 1958
f 801 1958 1996
f 1996 1958 1815
f 1996 1707 801
f 1815 1958 416
f 1365 1996 1815
f 1600 1720 1203
f 1707 1203 801
f 1530 1600 1203
f 1707 1593 1203
f 1463 1707 1996
f 1365 1463 1996
f 1892 1841 948
f 1246 1841 1892
f 607 1841 1246
f 1106 1783 1687
f 1783 1892 1687
f 853 1783 1106
f 853 1978 1783
f 1783 1246 1892
f 1978 1246 1783
f 1246 1802 607
f 1687 24 1106
f 808 1106 24
f 853 1728 1978
f 1861 1728 853
f 1802 1246 1978
f 1978 1728 1802
f 1861 294 1728
f 808 1600 1787
f 1787 1600 1530
f 1827 1106 808
f 1787 1827 808
f 853 1106 1827
f 1530 1621 1787
f 1861 853 1827
f 1787 1861 1827
f 1796 1861 1787
f 1621 1796 1787
f 1907 1861 1796
f 1963 1796 1621
f 1593 1530 1203
f 1593 1707 1990
f 1593 1757 1530
f 1990 1757 1593
f 1757 1621 1530
f 168 1757 1990
f 1757 959 1621
f 168 959 1757
f 168 1074 959
f 1621 1604 1963
f 959 1604 1621
f 1463 1990 1707
f 1365 1221 1463
f 1221 1365 1688
f 1866 1990 1463
f 1866 1463 1221
f 168 1990 1866
f 1221 1518 1866
f 1532 1518 1221
f 1866 889 168
f 1841 213 948
f 607 1883 1841
f 1883 607 856
f 1841 1357 213
f 1883 1357 1841
f 213 1357 1561
f 1870 1357 1883
f 1883 164 1870
f 1737 1561 1357
f 1509 1737 1357
f 1870 1986 1509
f 1509 1357 1870
f 1802 856 607
f 856 164 1883
f 1942 142 856
f 142 164 856
f 164 1437 1870
f 164 1777 1437
f 1777 164 142
f 1942 1802 1728
f 1802 1942 856
f 1571 1942 1728
f 294 1571 1728
f 1065 142 1942
f 1571 1065 1942
f 1065 1497 142
f 1907 294 1861
f 1963 1907 1796
f 1963 1692 1907
f 1692 49 1907
f 49 1161 1907
f 1907 1161 294
f 1604 959 726
f 1074 726 959
f 168 889 1074
f 484 726 1074
f 484 1074 889
f 345 1963 1604
f 726 345 1604
f 726 83 345
f 889 156 484
f 836 83 726
f 836 726 484
f 345 1692 1963
f 83 1098 345
f 1627 484 156
f 484 1627 836
f 1098 1692 345
f 1627 156 1360
f 1588 1098 83
f 1272 836 1627
f 1098 1680 1692
f 697 1150 1098
f 1627 1360 1491
f 697 1098 1588
f 1272 697 1588
f 1272 1491 697
f 1272 1627 1491
f 1692 1680 49
f 1680 1098 1150
f 849 1491 1360
f 1150 1491 849
f 1150 697 1491
f 1346 1680 1150
f 1346 1150 849
f 1518 889 1866
f 1518 156 889
f 1518 1360 156
f 1995 1705 1518
f 1705 1360 1518
f 1360 1462 849
f 1588 83 836
f 1272 1588 836
f 1948 1509 1986
f 1771 1948 1986
f 1509 1948 145
f 1206 145 1948
f 1206 1768 145
f 1206 1948 1351
f 1437 1986 1870
f 1351 1948 1771
f 142 1497 1777
f 1777 1993 1437
f 1437 1771 1986
f 1993 1771 1437
f 463 1777 1497
f 1777 463 1993
f 463 54 1993
f 1993 374 1771
f 54 374 1993
f 374 1351 1771
f 1480 374 54
f 1553 1497 1065
f 1553 1989 1497
f 1497 1989 463
f 1553 1116 1989
f 463 1273 54
f 463 1989 1273
f 1553 1571 294
f 1553 294 1161
f 1553 1065 1571
f 177 1553 1161
f 177 1446 1553
f 1446 1116 1553
f 1680 642 49
f 642 1680 1346
f 942 1346 849
f 1462 942 849
f 303 49 642
f 1346 942 642
f 942 1087 642
f 303 642 1087
f 49 303 1161
f 303 177 1161
f 1462 882 942
f 882 1462 1885
f 882 1087 942
f 1314 177 303
f 1087 1314 303
f 1087 1344 1314
f 1344 1087 882
f 1668 871 1885
f 177 1314 1446
f 871 882 1885
f 1344 882 871
f 1314 1176 1446
f 1344 1176 1314
f 1344 871 1176
f 1668 1594 871
f 1176 1945 1446
f 1594 1176 871
f 1705 1462 1360
f 1705 1885 1462
f 1705 1668 1885
f 1705 1784 1668
f 1556 1206 1351
f 1206 970 1768
f 1556 970 1206
f 1556 218 970
f 970 455 1768
f 218 1471 970
f 1471 455 970
f 455 1776 1768
f 1471 1602 455
f 659 61 795
f 400 659 795
f 1168 1351 374
f 1351 402 1556
f 1168 402 1351
f 218 1556 402
f 402 236 218
f 236 402 1891
f 1891 402 1168
f 553 1891 1168
f 236 1003 218
f 236 679 1003
f 510 188 679
f 510 679 236
f 1006 236 1891
f 1006 510 236
f 1006 1891 1251
f 1251 1891 553
f 218 1003 1471
f 188 1033 755
f 188 755 679
f 510 1110 188
f 1470 1033 394
f 287 394 188
f 394 1033 188
f 1110 287 188
f 1006 1110 510
f 1006 1425 1110
f 1425 287 1110
f 1915 1425 1006
f 1915 1006 1251
f 1003 679 755
f 795 277 56
f 56 400 795
f 56 277 1470
f 1470 394 1014
f 56 1470 1014
f 1014 394 287
f 786 1003 348
f 1003 755 348
f 1003 1602 1471
f 786 1602 1003
f 755 1033 348
f 1541 1033 1470
f 1470 277 1541
f 1033 1541 348
f 277 61 1541
f 277 795 61
f 56 928 400
f 767 659 400
f 928 767 400
f 1014 928 56
f 1425 634 287
f 634 1014 287
f 1915 634 1425
f 374 1382 1168
f 1480 1382 374
f 1273 1480 54
f 1703 1382 1480
f 553 1168 1382
f 553 1382 1703
f 1703 1480 1273
f 1703 851 553
f 553 851 1251
f 1273 272 1703
f 272 1638 1703
f 851 1915 1251
f 1989 272 1273
f 1697 272 1989
f 1249 1116 1446
f 1446 1945 1249
f 1116 1697 1989
f 1249 1432 1116
f 1432 1697 1116
f 1157 1594 1668
f 1004 1945 1176
f 1594 1004 1176
f 1945 1004 1249
f 1943 1004 1594
f 1157 1943 1594
f 1004 1432 1249
f 1943 1432 1004
f 1668 1784 1157
f 1157 1784 1877
f 1877 1784 1828
f 1826 1943 1157
f 1877 1826 1157
f 1815 416 591
f 591 416 1970
f 591 1970 1804
f 1804 1970 521
f 521 1970 1902
f 521 1902 1936
f 352 521 1936
f 1688 1365 1815
f 1688 1815 591
f 591 1730 1688
f 591 1804 1730
f 1607 1730 1804
f 1688 1532 1221
f 1730 1532 1688
f 1837 1532 1730
f 1837 1730 1607
f 1532 1995 1518
f 1837 1995 1532
f 521 1607 1804
f 1887 1607 521
f 1985 1607 1887
f 1985 1837 1607
f 1887 521 352
f 1936 1902 1876
f 1949 352 1936
f 1936 1876 89
f 1936 89 1789
f 1714 1936 1789
f 1949 1936 1714
f 1789 89 1379
f 1947 1714 1789
f 1837 1794 1995
f 1985 1794 1837
f 1794 1705 1995
f 835 1705 1794
f 835 1710 1705
f 1522 1887 352
f 1887 1522 1985
f 1949 1522 352
f 1794 1985 835
f 556 1522 1949
f 1522 835 1985
f 1522 1704 835
f 1704 1522 556
f 1704 556 1962
f 1704 1710 835
f 1949 1714 556
f 1962 556 1714
f 1714 1947 1962
f 1762 1789 1379
f 1762 1947 1789
f 1947 1762 404
f 1379 1142 1762
f 404 1762 1855
f 1198 1142 1370
f 1198 1762 1142
f 1855 1762 46
f 902 1755 550
f 515 902 550
f 64 515 550
f 64 550 193
f 473 412 1155
f 428 473 1155
f 412 57 281
f 266 412 281
f 1155 412 266
f 57 1755 902
f 689 57 902
f 281 57 689
f 515 689 902
f 85 1118 428
f 45 678 428
f 1118 45 428
f 678 473 428
f 72 85 428
f 72 428 1155
f 72 1155 266
f 281 136 266
f 246 72 266
f 136 246 266
f 136 281 689
f 689 548 136
f 548 689 515
f 515 491 548
f 491 515 64
f 64 401 491
f 85 72 246
f 398 1268 1745
f 398 1745 1289
f 1289 45 1118
f 1118 398 1289
f 85 398 1118
f 548 415 136
f 491 485 548
f 485 415 548
f 401 485 491
f 401 30 485
f 351 1268 398
f 398 85 584
f 351 398 584
f 584 246 1180
f 584 85 246
f 246 859 1180
f 246 136 415
f 246 415 859
f 1293 665 1051
f 665 64 193
f 665 193 1051
f 1293 1051 406
f 1293 406 397
f 397 467 1293
f 705 479 495
f 495 467 29
f 495 29 705
f 219 479 552
f 495 479 219
f 401 64 665
f 665 253 401
f 467 253 1293
f 253 665 1293
f 467 34 253
f 467 447 34
f 447 467 495
f 495 1005 447
f 1005 495 219
f 219 469 1005
f 469 552 441
f 219 552 469
f 469 441 868
f 253 264 401
f 65 30 401
f 264 65 401
f 738 153 914
f 65 264 738
f 264 719 518
f 518 153 738
f 264 518 738
f 34 264 253
f 34 719 264
f 60 153 518
f 719 60 518
f 447 10 34
f 10 719 34
f 10 60 719
f 1005 385 447
f 385 60 10
f 385 10 447
f 242 60 385
f 1005 242 385
f 469 1130 1005
f 343 242 1005
f 1130 343 1005
f 868 1130 469
f 868 1819 1130
f 868 1538 1819
f 103 1819 986
f 1705 1828 1784
f 1488 1828 1705
f 1488 1705 1710
f 1710 1648 1488
f 1962 1790 1704
f 1704 1790 1710
f 1790 1962 1699
f 1790 1863 1710
f 1863 1790 1699
f 1863 1648 1710
f 1699 1300 1863
f 1947 1516 1962
f 1962 1516 1699
f 1516 1947 404
f 1853 1516 404
f 1853 1699 1516
f 404 1855 1853
f 1300 1699 1853
f 46 1762 1198
f 1377 1370 254
f 1377 1198 1370
f 1198 372 961
f 46 1198 961
f 1274 46 961
f 961 309 1274
f 627 265 1186
f 139 627 1186
f 1745 139 1186
f 139 907 627
f 1214 1347 395
f 627 1214 265
f 1214 395 265
f 774 1214 627
f 907 774 627
f 1086 409 1347
f 1214 1086 1347
f 292 1086 1214
f 774 292 1214
f 1529 1104 907
f 1104 774 907
f 1148 254 520
f 1377 254 1148
f 1148 520 409
f 572 1148 409
f 1086 572 409
f 748 572 1086
f 1198 1377 602
f 372 1198 602
f 748 1086 292
f 1104 292 774
f 602 1377 1148
f 572 602 1148
f 748 602 572
f 744 372 602
f 744 602 748
f 292 1336 748
f 1104 1336 292
f 748 1336 744
f 1935 1336 1104
f 1225 1935 1104
f 235 372 744
f 961 372 235
f 1418 1520 744
f 1336 1418 744
f 235 744 1520
f 309 961 235
f 1418 672 1520
f 1520 309 235
f 672 309 1520
f 1935 1418 1336
f 139 1745 1268
f 588 696 1180
f 669 21 68
f 68 785 588
f 669 68 588
f 859 588 1180
f 669 588 859
f 669 576 21
f 182 151 21
f 576 182 21
f 576 669 859
f 576 859 415
f 182 355 151
f 650 355 182
f 576 415 485
f 182 576 485
f 485 650 182
f 650 386 355
f 30 386 650
f 30 650 485
f 351 63 1268
f 696 63 351
f 584 696 351
f 584 1180 696
f 614 588 687
f 614 696 588
f 588 785 687
f 1268 63 139
f 1529 907 139
f 63 1529 139
f 389 63 696
f 389 696 614
f 614 687 423
f 63 389 1529
f 389 1321 1529
f 389 614 423
f 423 1124 1448
f 389 1448 1321
f 389 423 1448
f 1448 1124 545
f 1448 604 1321
f 1448 545 604
f 1321 1225 1529
f 1225 1104 1529
f 1321 604 1225
f 1570 545 1151
f 604 545 1570
f 1225 604 1570
f 997 1570 1151
f 1225 833 1935
f 1570 833 1225
f 833 1570 997
f 997 1151 1686
f 30 65 386
f 65 738 386
f 893 153 60
f 322 893 60
f 6 322 60
f 6 60 242
f 6 242 343
f 1130 324 343
f 1819 324 1130
f 1819 103 324
f 103 756 324
f 486 986 962
f 103 986 486
f 1430 893 322
f 322 814 1430
f 322 163 814
f 6 163 322
f 324 1335 343
f 163 6 343
f 1335 163 343
f 1335 324 756
f 133 1335 756
f 486 929 103
f 929 133 756
f 929 756 103
f 226 929 486
f 226 461 1991
f 486 461 226
f 163 512 814
f 163 1678 512
f 1678 241 512
f 1335 1678 163
f 133 1678 1335
f 289 1678 133
f 504 289 133
f 504 133 929
f 504 929 226
f 885 504 226
f 901 169 241
f 901 241 1678
f 901 1678 289
f 701 901 289
f 1475 701 289
f 1475 289 504
f 1475 504 885
f 280 1475 885
f 901 173 169
f 701 173 901
f 682 173 701
f 1475 655 701
f 132 682 701
f 655 132 701
f 655 1475 280
f 933 132 655
f 933 1237 132
f 682 854 314
f 314 173 682
f 123 854 682
f 715 854 123
f 132 123 682
f 132 1237 123
f 1237 93 123
f 93 1495 302
f 302 715 123
f 93 302 123
f 933 745 1237
f 745 93 1237
f 933 501 745
f 237 1495 93
f 237 93 745
f 514 237 745
f 1991 458 27
f 27 226 1991
f 885 226 27
f 1131 885 27
f 1131 27 364
f 27 458 364
f 280 885 1131
f 13 280 1131
f 892 13 1131
f 892 1131 364
f 655 280 13
f 1871 655 13
f 1871 13 892
f 892 881 1871
f 892 230 881
f 933 655 1871
f 129 933 1871
f 881 129 1871
f 881 1020 129
f 1020 881 17
f 933 129 501
f 1020 420 129
f 420 501 129
f 420 84 1066
f 1066 501 420
f 1645 17 39
f 39 159 1645
f 84 420 1645
f 1020 17 1645
f 420 1020 1645
f 514 745 501
f 273 514 501
f 273 501 1066
f 84 436 1066
f 159 393 122
f 436 84 122
f 1645 159 122
f 84 1645 122
f 248 514 273
f 1036 514 248
f 248 273 1066
f 248 1066 436
f 1488 1327 1828
f 1488 1843 1327
f 1327 1414 1828
f 1026 1414 1327
f 1843 1026 1327
f 1067 1026 1843
f 106 1648 1863
f 106 1863 1300
f 106 1134 1648
f 1843 1488 1648
f 1648 1507 1843
f 1134 1507 1648
f 1700 842 106
f 842 1134 106
f 1853 1855 1286
f 1853 1286 1300
f 1274 1855 46
f 1855 1080 1286
f 1080 1855 1274
f 1300 1700 106
f 1286 1700 1300
f 1700 1286 1080
f 1700 1080 1672
f 1080 1274 1780
f 1274 309 1780
f 1672 1080 1780
f 1067 1843 1507
f 1301 1785 1129
f 1129 1733 349
f 349 1301 1129
f 1337 1733 1244
f 349 1733 1337
f 1337 1244 973
f 1041 1337 973
f 973 1093 483
f 483 1041 973
f 1440 1301 331
f 331 1301 349
f 730 331 349
f 730 349 1337
f 730 1337 1041
f 1666 730 1041
f 1666 1041 1634
f 1634 1041 483
f 1125 1129 1785
f 1129 1125 1733
f 1733 1125 1651
f 1244 1733 1651
f 1651 1973 1244
f 379 1973 1651
f 1923 379 1651
f 1973 973 1244
f 1093 973 1973
f 1029 1093 1973
f 379 1029 1973
f 1980 331 1666
f 1980 1719 331
f 1666 331 730
f 1558 1980 1666
f 1712 1558 1666
f 1558 1712 1599
f 1712 1666 1634
f 1980 880 1719
f 880 1980 1068
f 1068 1980 1558
f 1599 1068 1558
f 1599 1898 1674
f 1068 1599 1674
f 1254 768 1068
f 1113 1254 1068
f 1113 1068 238
f 238 1068 1743
f 1651 673 1894
f 1776 1752 1894
f 1923 1651 1894
f 1752 1923 1894
f 1987 379 1923
f 1987 1923 1752
f 157 483 375
f 483 1093 375
f 454 157 375
f 1634 483 157
f 157 620 8
f 1634 157 8
f 620 157 454
f 252 620 1175
f 620 454 1175
f 620 252 1127
f 1127 8 620
f 1562 8 1127
f 1175 117 252
f 618 252 117
f 1257 1127 299
f 1127 252 618
f 1127 618 299
f 1127 1257 160
f 1562 1127 160
f 618 1271 299
f 176 299 1271
f 176 1257 299
f 1257 176 1220
f 160 1257 1220
f 685 160 1220
f 375 1093 1029
f 952 375 1029
f 379 952 1029
f 952 454 375
f 952 1175 454
f 379 891 952
f 891 1175 952
f 379 1987 891
f 1987 1287 1323
f 1987 1323 891
f 1175 891 117
f 891 1259 117
f 1259 891 1323
f 1712 1634 8
f 1599 1712 1898
f 1562 1712 8
f 1712 1562 356
f 1712 356 1270
f 1898 1712 1270
f 1548 356 160
f 356 1562 160
f 993 356 1548
f 993 1270 356
f 117 1259 1271
f 117 1271 618
f 1548 160 685
f 1259 1880 1271
f 736 1548 685
f 993 1548 736
f 993 736 1460
f 1287 1112 1323
f 1898 1270 1674
f 1674 1270 993
f 1726 1674 1135
f 1460 1674 993
f 1135 1674 1460
f 1726 1135 1233
f 1068 1674 1726
f 1262 1068 1726
f 1262 1726 239
f 1696 1743 1068
f 1696 1068 1953
f 896 1068 1262
f 1236 1068 896
f 1953 1068 1236
f 1868 1953 1605
f 1953 1236 1605
f 1232 1868 1605
f 1682 1987 1752
f 1857 1987 1682
f 1956 1287 1987
f 1857 1956 1987
f 1220 176 452
f 685 1220 414
f 414 1220 452
f 1555 414 1222
f 1555 685 414
f 456 414 452
f 1222 414 456
f 1222 456 574
f 295 1555 1222
f 295 1222 574
f 969 832 295
f 832 1555 295
f 574 1801 1642
f 1642 295 574
f 1595 295 1642
f 1595 969 295
f 1013 1595 1642
f 47 969 1595
f 354 47 1906
f 581 1595 1013
f 581 47 1595
f 1906 47 581
f 810 354 1906
f 581 1013 660
f 1983 1906 581
f 1906 1983 810
f 677 538 1112
f 1090 1252 538
f 1252 1090 570
f 263 570 991
f 570 1072 991
f 97 570 263
f 570 97 1252
f 700 312 1650
f 991 312 700
f 1072 312 991
f 202 97 263
f 1650 318 33
f 1650 33 924
f 700 1650 924
f 817 991 700
f 817 263 991
f 595 202 263
f 595 263 817
f 1229 176 1880
f 176 1271 1880
f 1323 1880 1259
f 1323 761 1880
f 1323 1112 761
f 1287 677 1112
f 452 176 1229
f 685 1555 832
f 736 685 832
f 761 1229 1880
f 1229 456 452
f 1229 1782 456
f 761 1782 1229
f 1809 1782 761
f 779 1112 538
f 1112 779 761
f 456 1782 1630
f 1630 574 456
f 1809 1630 1782
f 779 1809 761
f 779 999 1809
f 538 1252 779
f 1801 574 1630
f 1809 1761 1630
f 999 1747 1809
f 779 1252 587
f 999 779 587
f 1761 1801 1630
f 1809 1747 1761
f 915 999 587
f 915 587 97
f 587 1252 97
f 1404 999 915
f 731 1404 915
f 1747 999 1404
f 1481 1642 1801
f 1481 1013 1642
f 1481 1801 1761
f 1747 195 1761
f 195 1481 1761
f 915 97 202
f 915 202 731
f 1865 1404 731
f 1038 1013 1481
f 1038 660 1013
f 195 1038 1481
f 1747 209 195
f 209 1747 1404
f 1676 195 209
f 992 202 595
f 731 202 992
f 1219 1460 736
f 1219 1135 1460
f 1219 736 832
f 832 969 1409
f 1219 832 1409
f 1219 1409 1324
f 1135 1219 1324
f 1233 1135 1324
f 969 47 1409
f 1324 1409 1012
f 1012 1233 1324
f 1726 1233 1012
f 1726 1012 35
f 239 1726 35
f 1409 47 354
f 354 1012 1409
f 1012 354 1484
f 1012 1484 214
f 35 1012 214
f 214 239 35
f 354 810 1484
f 214 1484 925
f 239 214 525
f 925 810 549
f 1484 810 925
f 525 214 626
f 214 925 626
f 1442 925 549
f 1442 626 925
f 1262 239 525
f 296 525 626
f 296 1262 525
f 896 1262 296
f 1234 296 626
f 954 296 1234
f 896 296 954
f 1236 896 954
f 1635 1232 1605
f 1635 1605 1381
f 1825 1232 1635
f 1395 1232 1825
f 1605 51 1381
f 1825 1635 278
f 945 1395 1825
f 945 1825 1269
f 1269 1869 945
f 1956 677 1287
f 878 677 1956
f 1298 878 1956
f 1298 1956 1857
f 1857 131 1298
f 551 131 1857
f 1090 538 677
f 478 1090 677
f 878 478 677
f 878 1575 478
f 1298 1575 878
f 713 1090 478
f 1586 713 478
f 1575 1586 478
f 729 1586 1575
f 1193 729 1575
f 1193 1575 1298
f 1193 1298 131
f 131 124 1193
f 551 124 131
f 713 1072 570
f 570 1090 713
f 1042 1072 713
f 1042 713 1586
f 138 1042 1586
f 138 1586 752
f 752 1586 729
f 1403 752 729
f 957 1403 729
f 1193 957 729
f 124 957 1193
f 1042 312 1072
f 895 312 1042
f 895 1042 138
f 1199 895 138
f 1199 138 1428
f 752 1428 138
f 1428 752 1403
f 1403 234 1428
f 256 318 1650
f 1650 895 256
f 895 1650 312
f 1235 206 256
f 1405 1235 256
f 256 895 1199
f 1405 256 1199
f 1405 1199 1338
f 1338 666 1405
f 1428 1338 1199
f 234 1338 1428
f 234 1403 957
f 52 234 957
f 282 337 318
f 206 282 318
f 256 206 318
f 210 282 206
f 1039 210 206
f 1039 206 1235
f 1039 1235 1405
f 1405 666 1039
f 1338 1213 666
f 1423 1213 1338
f 1423 1338 234
f 743 1423 234
f 743 234 52
f 841 751 957
f 124 841 957
f 599 841 124
f 1865 209 1404
f 1865 1654 209
f 1654 1865 1408
f 1690 1408 1128
f 751 52 957
f 751 1128 1647
f 149 1128 751
f 1690 1128 149
f 841 714 751
f 714 149 751
f 599 714 841
f 327 992 595
f 1865 731 992
f 1408 1865 992
f 1654 1676 209
f 813 1408 992
f 1128 1408 813
f 1690 1654 1408
f 1647 1128 813
f 52 1647 743
f 751 1647 52
f 1629 1690 149
f 714 1629 149
f 1383 1629 714
f 581 660 937
f 1983 581 937
f 810 1983 884
f 549 810 884
f 1016 884 1983
f 804 549 884
f 1442 549 804
f 777 884 1016
f 804 884 777
f 1718 1442 804
f 1718 804 1766
f 804 777 1988
f 1766 804 1988
f 33 318 337
f 33 337 1835
f 822 924 1835
f 924 33 1835
f 700 924 822
f 1779 817 822
f 817 700 822
f 327 817 1779
f 327 595 817
f 547 465 611
f 308 337 547
f 1835 337 308
f 220 822 1835
f 1143 822 220
f 1779 822 1143
f 1406 611 1331
f 547 611 1406
f 1438 308 547
f 1438 547 1406
f 1748 308 1438
f 1835 308 1748
f 1585 220 1748
f 220 1835 1748
f 1406 1331 1230
f 1406 1230 1158
f 1406 1158 807
f 807 1438 1406
f 791 1438 807
f 1748 1438 791
f 344 791 807
f 660 1038 960
f 660 960 937
f 195 960 1038
f 1859 195 1676
f 195 1859 960
f 937 852 1983
f 852 937 960
f 1016 1983 852
f 1380 852 960
f 1859 1380 960
f 1016 852 1380
f 1568 1016 1380
f 342 777 1568
f 777 1016 1568
f 539 1718 1766
f 1587 342 1568
f 1587 1568 1380
f 1859 1587 1380
f 531 1587 1859
f 828 777 342
f 1988 777 828
f 1766 1988 828
f 1766 828 1965
f 1965 539 1766
f 342 594 828
f 1587 594 342
f 1610 539 1965
f 594 1965 828
f 594 180 1965
f 180 1610 1965
f 1510 180 594
f 531 1510 1587
f 1510 594 1587
f 1234 626 1442
f 954 1234 742
f 954 742 1603
f 1603 1236 954
f 1605 1236 1603
f 1234 1442 1718
f 742 1234 1718
f 1513 1603 742
f 1513 707 1552
f 1603 1513 1552
f 1605 1603 1552
f 51 1605 1552
f 742 1718 899
f 1513 742 899
f 1552 707 392
f 392 51 1552
f 1381 51 392
f 899 1718 539
f 1513 899 1663
f 707 1513 1663
f 194 392 707
f 392 194 1937
f 81 899 539
f 1181 899 81
f 1663 899 1181
f 194 707 1663
f 81 539 1610
f 988 1663 1181
f 194 1663 988
f 1937 194 988
f 81 1610 1487
f 81 1487 1231
f 1231 1181 81
f 619 1181 1231
f 619 988 1181
f 988 619 798
f 571 1937 988
f 571 988 798
f 180 1487 1610
f 1487 180 1510
f 531 1266 1510
f 798 619 481
f 178 798 481
f 178 571 798
f 1231 1487 315
f 315 1450 619
f 315 619 1231
f 1450 481 619
f 1510 315 1487
f 1510 1266 315
f 1350 1635 1381
f 1381 864 1350
f 1635 1350 381
f 1381 392 864
f 864 1937 1385
f 392 1937 864
f 919 1635 381
f 1635 919 1751
f 278 1635 1751
f 1350 864 1385
f 1350 1385 381
f 838 1385 1937
f 919 381 1023
f 1385 1753 1023
f 381 1385 1023
f 838 1937 571
f 1753 1385 838
f 571 178 12
f 838 571 12
f 900 838 12
f 900 1753 838
f 311 1753 900
f 311 1023 1753
f 1111 1023 311
f 329 1023 1111
f 919 1023 329
f 1216 919 329
f 487 1269 1825
f 921 1269 487
f 784 1269 921
f 1453 1825 278
f 1825 1453 487
f 1253 487 1453
f 1550 487 1253
f 1550 921 487
f 1253 1453 336
f 1453 278 1751
f 1453 1751 336
f 657 1550 1253
f 1159 1550 657
f 1751 919 1216
f 336 1751 1216
f 1542 657 336
f 657 1253 336
f 336 1216 708
f 1542 336 708
f 657 1542 1305
f 815 1159 1305
f 1159 657 1305
f 709 611 247
f 611 465 247
f 709 247 1805
f 1167 1805 247
f 611 709 1331
f 1805 384 709
f 718 384 1805
f 1230 709 603
f 1331 709 1230
f 603 709 384
f 384 446 802
f 384 802 603
f 718 446 384
f 802 1158 1230
f 802 1230 603
f 547 337 282
f 465 547 282
f 247 465 210
f 210 465 282
f 1546 327 1779
f 1167 247 210
f 1039 1167 210
f 1053 1167 1039
f 1053 1103 1167
f 666 1053 1039
f 1213 1053 666
f 1878 1102 743
f 1423 297 1213
f 99 297 1423
f 743 1102 99
f 99 1423 743
f 1585 1143 220
f 1411 1359 1143
f 1359 1779 1143
f 1359 1546 1779
f 1167 1103 1805
f 1359 1878 1546
f 1359 1411 1102
f 1102 1878 1359
f 1213 1997 1053
f 1213 96 1997
f 297 96 1213
f 297 1102 569
f 99 1102 297
f 1574 1143 1585
f 1411 1143 1574
f 1172 1411 1574
f 718 1805 1103
f 1053 922 1103
f 922 718 1103
f 96 359 1997
f 359 569 1172
f 297 569 96
f 569 359 96
f 569 1411 1172
f 1102 1411 569
f 922 1053 1997
f 474 1748 791
f 1585 1748 474
f 1574 1585 474
f 1618 1172 1574
f 1574 474 1618
f 718 725 446
f 922 725 718
f 1997 1079 922
f 1079 725 922
f 1079 359 1618
f 1079 1997 359
f 359 1172 1618
f 807 1158 1290
f 344 807 1290
f 951 791 344
f 1290 1158 802
f 802 1834 1290
f 528 344 1290
f 1834 528 1290
f 528 951 344
f 528 691 951
f 474 791 951
f 691 474 951
f 446 1834 802
f 446 1063 1834
f 1063 663 528
f 1063 528 1834
f 663 691 528
f 691 663 1618
f 1618 474 691
f 725 1063 446
f 725 663 1063
f 663 725 1079
f 1079 1618 663
f 813 327 1546
f 813 992 327
f 1878 813 1546
f 1690 1676 1654
f 1690 1629 1676
f 1878 743 1647
f 1647 813 1878
f 1629 1859 1676
f 1629 531 1859
f 1629 1975 531
f 1975 1266 531
f 1573 1266 1975
f 481 1097 178
f 1402 481 1450
f 1402 1097 481
f 315 1402 1450
f 1266 1402 315
f 87 1402 1266
f 1097 12 178
f 1097 583 12
f 583 900 12
f 583 886 900
f 886 311 900
f 1584 1111 311
f 311 886 1584
f 1111 1584 332
f 329 1111 332
f 329 332 1313
f 886 1767 1584
f 1767 332 1584
f 332 984 1313
f 1767 984 332
f 1767 886 583
f 583 1097 1402
f 1402 87 583
f 87 1767 583
f 87 579 1767
f 579 984 1767
f 1216 329 1313
f 1216 1313 708
f 530 1542 505
f 1542 708 505
f 1542 530 457
f 1305 1542 457
f 457 815 1305
f 708 1313 941
f 708 941 505
f 984 941 1313
f 941 1930 505
f 1930 530 505
f 1886 815 457
f 984 1930 941
f 457 530 1930
f 1930 1886 457
f 579 1930 984
f 1874 1886 1930
f 1573 87 1266
f 579 87 2000
f 2000 87 1573
f 1919 579 2000
f 1919 1401 1874
f 579 1874 1930
f 1919 1874 579
f 768 1254 284
f 284 1183 768
f 887 284 1254
f 1519 284 887
f 887 1254 1113
f 887 1113 1502
f 1519 887 1502
f 391 1502 238
f 1502 1113 238
f 391 1519 1502
f 1523 391 1743
f 391 238 1743
f 1523 1519 391
f 1722 1519 1523
f 1840 1183 284
f 1840 284 1519
f 1813 1239 1519
f 1239 1840 1519
f 1813 1519 1722
f 1813 1722 722
f 1343 1398 32
f 654 1343 32
f 648 32 1398
f 1388 78 654
f 648 1398 1763
f 648 1763 1649
f 1649 1763 1840
f 228 32 1082
f 228 654 32
f 648 1082 32
f 1388 654 228
f 796 228 1082
f 648 9 1082
f 1693 228 796
f 1649 1840 9
f 9 648 1649
f 796 1082 418
f 418 1082 9
f 1239 9 1840
f 732 796 418
f 741 418 9
f 1294 950 732
f 950 796 732
f 651 732 1658
f 732 418 741
f 732 741 1658
f 741 9 1846
f 1294 732 651
f 1239 1846 9
f 1239 1813 1846
f 1294 651 66
f 1296 741 1848
f 1658 741 1296
f 1658 1296 872
f 872 651 1658
f 1848 1846 453
f 1846 1848 741
f 453 1846 1813
f 66 651 872
f 1858 66 3
f 341 78 1388
f 1388 228 1693
f 341 1388 1693
f 1342 341 1693
f 950 1693 796
f 1858 1342 950
f 1342 1693 950
f 950 1294 1858
f 1858 1294 66
f 1708 1280 1640
f 1640 460 1708
f 716 460 1640
f 1280 1858 3
f 1566 341 1342
f 647 1318 1652
f 1318 647 1731
f 1153 1925 1120
f 1566 1342 1195
f 1652 1566 1195
f 1652 1195 647
f 1731 647 649
f 1224 1731 649
f 1120 1731 1224
f 1153 1120 1224
f 647 1195 834
f 649 647 1085
f 647 834 1085
f 1153 1224 1015
f 1195 1342 1280
f 1280 834 1195
f 1085 834 1708
f 978 1085 1708
f 563 1224 1454
f 649 1085 1454
f 1224 649 1454
f 1224 563 1015
f 747 1153 1015
f 460 978 1708
f 978 1454 1085
f 460 1292 978
f 1292 1284 978
f 1284 1454 978
f 1280 1342 1858
f 1708 834 1280
f 1882 747 1015
f 1454 1735 563
f 1735 845 563
f 1015 563 845
f 845 1025 1015
f 1025 1882 1015
f 1284 1735 1454
f 1735 875 845
f 749 1025 845
f 875 749 845
f 430 1025 749
f 1882 1025 430
f 749 803 430
f 1925 1153 1356
f 1686 1925 1356
f 1144 1686 1356
f 1356 1153 747
f 1356 747 1535
f 1535 1144 1356
f 419 1144 1535
f 1535 747 1326
f 419 1535 1326
f 1882 1581 747
f 1581 1326 747
f 112 419 1326
f 433 1326 1581
f 560 1326 433
f 560 112 1326
f 1514 1581 430
f 1581 1882 430
f 92 1581 1514
f 92 433 1581
f 624 433 92
f 803 1525 430
f 1525 1514 430
f 624 560 433
f 1526 166 624
f 166 560 624
f 166 1526 667
f 127 166 667
f 1589 127 667
f 437 127 1589
f 490 437 1589
f 1173 624 92
f 92 1514 1525
f 270 92 1525
f 1173 92 270
f 624 1173 502
f 1526 624 502
f 653 667 1526
f 1589 667 653
f 165 1589 653
f 843 317 165
f 317 1589 165
f 490 1589 317
f 496 1515 843
f 1515 490 317
f 1515 317 843
f 496 825 1515
f 144 565 1451
f 237 1312 144
f 1312 565 144
f 565 1100 1451
f 565 338 1100
f 640 1100 1046
f 1451 1100 640
f 1734 1451 640
f 338 1046 1100
f 1049 1046 1115
f 640 1046 1049
f 94 640 1049
f 94 1734 640
f 1247 1729 1115
f 1046 1247 1115
f 877 1115 1729
f 1049 1115 877
f 328 1049 877
f 94 1049 328
f 831 94 328
f 1109 1729 231
f 231 1241 1109
f 1109 877 1729
f 577 877 1109
f 996 328 577
f 328 877 577
f 231 216 1241
f 231 422 216
f 1544 1241 1137
f 1109 1241 1544
f 390 1109 1544
f 143 577 390
f 577 1109 390
f 462 577 143
f 462 996 577
f 639 216 1228
f 1137 1241 216
f 216 639 1137
f 1744 1137 1205
f 1744 1544 1137
f 1544 1744 382
f 382 390 1544
f 390 382 429
f 429 143 390
f 496 1608 825
f 1608 496 912
f 912 403 1608
f 403 912 605
f 605 639 403
f 639 1228 403
f 1205 639 605
f 639 1205 1137
f 429 88 143
f 1077 100 144
f 144 1451 1077
f 781 100 1077
f 321 781 1077
f 695 781 321
f 393 695 321
f 393 321 58
f 1077 1451 73
f 1256 1077 73
f 321 1077 1256
f 58 321 1256
f 58 1256 759
f 73 1451 1734
f 1107 73 1734
f 1256 73 1107
f 759 1256 1107
f 759 1107 261
f 360 1734 94
f 360 94 831
f 360 1107 1734
f 261 1107 360
f 1310 261 360
f 516 831 328
f 516 360 831
f 1310 360 516
f 196 328 996
f 196 516 328
f 1215 1523 1696
f 1523 1743 1696
f 1722 1523 1439
f 1523 1215 1439
f 1255 1215 1953
f 1215 1696 1953
f 1774 1215 1255
f 1439 1215 1774
f 1473 1255 1868
f 1255 1953 1868
f 1255 1473 1774
f 1774 1473 288
f 1868 1232 1410
f 1410 1473 1868
f 288 1473 1410
f 722 1722 1976
f 426 1976 684
f 1976 426 1147
f 1722 1439 684
f 1976 1722 684
f 298 426 1368
f 684 1123 1368
f 684 1368 426
f 1123 1439 1774
f 684 1439 1123
f 508 298 1368
f 250 872 1296
f 872 250 1200
f 66 872 1200
f 722 453 1813
f 66 1200 3
f 1781 1296 1848
f 250 1296 1781
f 453 1917 1848
f 3 1200 920
f 1781 1848 1917
f 1456 250 1781
f 453 1147 1917
f 1147 453 722
f 1147 722 1976
f 920 250 1456
f 1200 250 920
f 947 1781 1917
f 1547 1781 947
f 1547 1456 1781
f 1456 1547 920
f 1045 1147 426
f 1045 1917 1147
f 947 1917 1045
f 1008 1547 947
f 1547 1008 910
f 920 1547 910
f 910 3 920
f 298 1045 426
f 1070 947 1045
f 1070 1045 298
f 1578 947 1070
f 1008 947 1578
f 1927 1008 1578
f 1927 910 1008
f 1981 910 1927
f 1073 298 508
f 1073 1070 298
f 1433 1070 1073
f 1433 1578 1070
f 953 1640 3
f 1640 1280 3
f 953 3 1981
f 1981 3 910
f 1675 953 1981
f 1960 953 1675
f 37 502 435
f 1173 270 435
f 502 1173 435
f 502 37 283
f 283 797 502
f 797 1526 502
f 86 653 797
f 653 1526 797
f 28 653 86
f 28 165 653
f 843 165 28
f 283 37 555
f 283 555 568
f 797 283 568
f 86 797 568
f 1184 86 723
f 86 568 723
f 1184 28 86
f 1048 28 1184
f 1048 843 28
f 1048 758 843
f 183 1048 1184
f 534 1048 183
f 496 758 912
f 605 912 1598
f 605 1598 439
f 1205 605 439
f 724 1744 439
f 1744 1205 439
f 496 843 758
f 293 912 758
f 1598 912 293
f 1598 470 439
f 470 724 439
f 724 382 1744
f 211 382 724
f 758 1048 511
f 758 511 938
f 293 758 938
f 293 938 50
f 1598 293 50
f 470 1598 50
f 724 470 427
f 511 1048 534
f 1791 1410 1232
f 1410 1791 1563
f 288 1410 1563
f 590 1791 1395
f 1791 1232 1395
f 80 1791 590
f 1563 1791 80
f 590 1395 945
f 80 590 733
f 1869 590 945
f 733 590 1869
f 1563 80 1620
f 1620 1992 1563
f 733 190 1208
f 80 733 1208
f 1620 80 1208
f 1316 1869 1269
f 1208 1105 1999
f 1620 1208 1999
f 1316 733 1869
f 190 733 1316
f 508 1368 1021
f 1368 1123 1021
f 1123 1366 1021
f 1774 288 1366
f 1366 1123 1774
f 508 1021 411
f 1366 1498 1021
f 1366 288 1187
f 1021 1498 839
f 1021 839 207
f 411 1021 207
f 1187 1348 1498
f 1498 1366 1187
f 839 1498 1348
f 288 1563 1992
f 1187 288 1992
f 839 1348 1856
f 839 1856 1511
f 207 839 1511
f 141 207 1511
f 1187 1992 1702
f 1187 1702 1348
f 1348 1702 105
f 1856 1348 105
f 1702 1992 1620
f 105 1702 109
f 105 109 861
f 105 861 829
f 1449 1856 829
f 1856 105 829
f 1427 1511 1449
f 1511 1856 1449
f 1011 1511 1427
f 1702 1620 109
f 109 1620 1999
f 1521 1011 1427
f 1691 1927 1433
f 1927 1578 1433
f 1981 1927 1691
f 411 1073 508
f 1531 1073 411
f 1073 1531 702
f 702 1433 1073
f 1691 1433 702
f 1623 702 1531
f 1691 702 1623
f 1760 1691 1623
f 411 207 141
f 1531 411 141
f 320 1623 1531
f 320 1531 141
f 1030 1623 320
f 1760 1623 1030
f 141 1511 1011
f 320 141 1011
f 320 1011 1030
f 1030 1011 1521
f 1628 1760 658
f 1981 1760 1675
f 1981 1691 1760
f 1675 1760 1628
f 1030 1521 658
f 1760 1030 658
f 784 1316 1269
f 1105 190 1202
f 1105 1208 190
f 1202 190 1316
f 1202 185 1126
f 1105 1202 1126
f 1105 949 1999
f 1476 784 185
f 1476 185 1202
f 1476 1316 784
f 1202 1316 1476
f 1384 1105 1126
f 949 1105 1384
f 185 784 921
f 1384 1126 1901
f 949 1384 1540
f 862 949 1540
f 185 921 1550
f 185 1550 683
f 1126 185 683
f 1126 683 586
f 1901 1126 586
f 704 1384 1901
f 1540 1384 704
f 944 683 1159
f 683 1550 1159
f 586 683 944
f 930 1901 586
f 1901 930 704
f 1204 704 930
f 840 704 1204
f 840 1540 704
f 1706 840 1204
f 1419 586 944
f 930 586 1419
f 930 1419 181
f 1204 930 181
f 181 1706 1204
f 1806 1706 181
f 1159 815 573
f 944 1159 573
f 1421 944 573
f 944 1421 1419
f 621 1419 1421
f 621 181 1419
f 621 1806 181
f 861 1822 1037
f 1037 829 861
f 1822 109 1999
f 1822 861 109
f 955 829 1037
f 829 955 676
f 676 1449 829
f 676 1427 1449
f 1875 1521 676
f 1427 676 1521
f 1521 1875 658
f 1822 1007 1037
f 1822 1999 949
f 676 955 1875
f 862 1007 949
f 1007 1822 949
f 1037 1007 1285
f 955 1037 1285
f 955 1285 1140
f 1875 955 1140
f 1875 1140 1844
f 1007 862 1291
f 1285 1007 1291
f 1844 1285 1291
f 1140 1285 1844
f 840 1291 1540
f 1291 862 1540
f 1844 1291 840
f 1706 1844 840
f 1800 1738 1806
f 1800 1806 1401
f 1628 658 1738
f 1628 1738 1393
f 1738 658 1844
f 658 1875 1844
f 1706 1738 1844
f 1738 1706 1806
f 1886 573 815
f 1421 573 1886
f 1886 621 1421
f 1874 621 1886
f 1874 1806 621
f 1806 1874 1401
f 1602 120 455
f 1139 1776 455
f 120 1139 455
f 217 1139 120
f 217 1662 1139
f 1682 1752 1776
f 1139 1682 1776
f 1662 1909 1139
f 1909 1682 1139
f 1606 1909 1662
f 1240 61 746
f 61 659 746
f 659 110 746
f 110 659 767
f 767 323 110
f 79 1240 867
f 1240 746 867
f 1240 79 1185
f 867 499 79
f 110 867 746
f 323 499 867
f 323 867 110
f 323 592 499
f 79 187 1185
f 499 300 187
f 499 187 79
f 592 300 499
f 1541 61 1240
f 1541 641 348
f 928 323 767
f 1371 323 928
f 634 1371 1014
f 1371 928 1014
f 1915 243 634
f 1602 786 120
f 1076 348 641
f 1076 786 348
f 641 1240 1185
f 641 1541 1240
f 1371 592 323
f 827 592 1371
f 1371 975 827
f 975 1371 634
f 243 975 634
f 1517 120 786
f 20 786 1076
f 786 20 1517
f 1076 641 304
f 1407 641 1185
f 1407 304 641
f 1407 830 304
f 187 1407 1185
f 187 245 1407
f 300 592 827
f 827 608 1279
f 1279 300 827
f 975 608 827
f 243 1218 975
f 217 120 1517
f 20 137 1517
f 137 217 1517
f 1076 304 20
f 304 1211 20
f 1211 137 20
f 1211 765 137
f 830 1500 304
f 1500 1211 304
f 1500 1492 1211
f 1492 765 1211
f 245 830 1407
f 245 192 830
f 192 1500 830
f 192 260 1500
f 260 1492 1500
f 1218 113 1492
f 113 765 1492
f 300 1279 187
f 1279 245 187
f 1279 192 245
f 608 192 1279
f 608 260 192
f 1218 1492 260
f 260 608 975
f 975 1218 260
f 113 1218 243
f 243 1681 113
f 1182 1662 217
f 1182 217 137
f 765 1075 137
f 1075 55 1182
f 1075 1182 137
f 1611 55 1075
f 113 1075 765
f 1000 1611 1075
f 1000 1075 113
f 1681 1000 113
f 1182 55 1662
f 55 1606 1662
f 1611 1606 55
f 1447 1606 1611
f 1670 1616 851
f 1638 1670 851
f 1638 851 1703
f 851 1416 243
f 851 243 1915
f 1616 1416 851
f 1416 1681 243
f 1946 1670 1638
f 1000 936 1611
f 1000 1416 936
f 1416 1000 1681
f 1416 1616 936
f 936 1447 1611
f 1616 1396 936
f 1396 1616 1670
f 1946 1396 1670
f 1396 1447 936
f 1697 1959 272
f 1959 1638 272
f 1697 1830 1959
f 1946 1638 1959
f 1432 1830 1697
f 1432 1924 1830
f 1758 1924 1432
f 1826 1432 1943
f 1758 1432 1826
f 1826 1903 1758
f 1899 1826 1877
f 1101 1899 1877
f 1826 1967 1903
f 1899 1967 1826
f 1436 1899 1101
f 1606 990 1909
f 1909 1559 1682
f 1559 1909 990
f 1559 1420 1682
f 990 111 1559
f 1682 1964 1857
f 1420 1964 1682
f 1559 111 1420
f 111 1854 1420
f 1447 990 1606
f 1396 1361 1447
f 1447 1361 990
f 1396 1816 1361
f 111 990 1361
f 1361 1622 111
f 1816 1622 1361
f 1622 1854 111
f 1373 1622 1816
f 1830 1494 1959
f 1946 1816 1396
f 1959 1494 1946
f 1946 1494 1816
f 1494 1772 1816
f 1924 1494 1830
f 1904 1494 1924
f 1924 1914 1897
f 1924 1897 1904
f 1914 1924 1758
f 1903 1914 1758
f 1903 1386 1914
f 1903 652 1386
f 652 1903 1967
f 1899 1750 1967
f 1750 1899 1436
f 1775 652 1967
f 1967 1545 1775
f 1545 1967 1750
f 1964 551 1857
f 1854 1964 1420
f 1854 1055 1964
f 599 551 1964
f 1055 599 1964
f 1854 1982 1055
f 599 124 551
f 1383 714 599
f 1055 1383 599
f 1982 1920 1055
f 1055 1939 1383
f 1939 1055 1920
f 1373 1816 1772
f 1373 1854 1622
f 1982 1854 1373
f 1772 1808 1373
f 1373 1808 1982
f 1808 1920 1982
f 1808 1770 1920
f 1494 1811 1772
f 1904 1811 1494
f 1938 1811 1904
f 1772 1811 1808
f 1811 1847 1808
f 1938 1847 1811
f 1808 1847 1770
f 1914 1829 1897
f 1897 1938 1904
f 1897 1814 1938
f 1829 1814 1897
f 1490 1814 1829
f 1386 291 1914
f 652 43 1386
f 1444 43 652
f 291 1829 1914
f 1386 43 291
f 1444 1461 43
f 1461 1444 1192
f 636 1912 43
f 636 43 1461
f 291 775 1829
f 1912 775 291
f 43 1912 291
f 1461 199 1482
f 775 307 1829
f 1912 1659 775
f 1659 378 307
f 1659 307 775
f 378 1659 1482
f 1059 378 1482
f 1482 199 1059
f 1490 1829 307
f 307 378 1424
f 1775 1444 652
f 1775 1192 1444
f 1192 1775 1545
f 1333 1192 1545
f 1545 1596 1333
f 1333 199 1192
f 199 1461 1192
f 1333 503 199
f 503 1059 199
f 1596 1968 1333
f 503 1333 1399
f 1968 1399 1333
f 1482 636 1461
f 636 1659 1912
f 1482 1659 636
f 1383 1939 1629
f 1920 1580 1939
f 1920 1770 1580
f 1939 1975 1629
f 1580 1905 1939
f 1905 1975 1939
f 526 1905 1580
f 526 1389 1905
f 1905 1851 1975
f 1389 1851 1905
f 1573 1975 1851
f 1888 1851 1389
f 1879 1847 1938
f 526 1770 1847
f 526 1847 1879
f 1580 1770 526
f 1879 1226 526
f 1389 526 1226
f 1814 1879 1938
f 1879 1814 306
f 306 1814 1490
f 306 1226 1879
f 1698 306 1490
f 306 1896 1226
f 1698 1896 306
f 1888 1389 1226
f 1896 1888 1226
f 1896 1474 1888
f 1698 1474 1896
f 1424 378 1059
f 1169 1424 1059
f 1424 1490 307
f 1458 1490 1424
f 1845 1458 1424
f 1845 1424 1169
f 1698 1490 1458
f 1786 1458 1845
f 1288 1698 1458
f 1458 1786 1288
f 1288 1474 1698
f 1169 1059 503
f 503 1399 1169
f 1399 1845 1169
f 1968 1362 1399
f 1968 712 1362
f 1362 1845 1399
f 1362 1679 1845
f 1362 1667 1679
f 1362 712 1667
f 1786 1845 1679
f 527 1573 1851
f 527 1851 1888
f 1474 527 1888
f 1612 1919 2000
f 2000 1573 527
f 527 1612 2000
f 1971 1612 527
f 1474 1971 527
f 1971 471 1612
f 1919 1974 1401
f 1612 1931 1919
f 1931 1974 1919
f 471 1931 1612
f 1474 1288 1971
f 471 1971 1288
f 1288 1786 471
f 1667 1974 1931
f 471 1679 1931
f 1679 1667 1931
f 1679 471 1786
f 971 1780 309
f 632 716 1267
f 475 1267 971
f 1267 716 1640
f 1267 1190 1836
f 971 1267 1836
f 615 971 1836
f 1418 492 672
f 1418 793 926
f 1935 793 1418
f 1935 833 793
f 309 672 268
f 1418 926 492
f 268 672 492
f 492 1308 268
f 309 475 971
f 475 309 268
f 489 1292 632
f 1308 489 632
f 1308 1091 489
f 492 1091 1308
f 926 1091 492
f 793 989 926
f 1210 989 793
f 1788 1210 793
f 268 1308 475
f 1292 460 716
f 632 1292 716
f 1284 1292 489
f 489 1091 1284
f 1091 805 1284
f 989 805 1091
f 989 1091 926
f 475 632 1267
f 475 1308 632
f 1284 805 1735
f 805 875 1735
f 989 367 805
f 1210 367 989
f 1210 888 367
f 940 749 875
f 367 875 805
f 367 940 875
f 888 940 367
f 940 135 749
f 803 749 135
f 888 135 940
f 1136 803 135
f 1136 135 888
f 597 1525 803
f 1136 597 803
f 533 1686 1144
f 533 997 1686
f 833 997 533
f 533 1144 927
f 833 1788 793
f 1788 533 927
f 1788 833 533
f 419 927 1144
f 1501 1788 927
f 1501 927 419
f 1788 523 1210
f 1501 523 1788
f 596 419 112
f 596 112 1821
f 596 1501 419
f 523 888 1210
f 523 1501 596
f 197 1821 560
f 1821 112 560
f 806 197 166
f 197 560 166
f 127 806 166
f 1821 1754 596
f 1027 197 806
f 1027 1821 197
f 451 888 523
f 451 596 1754
f 451 523 596
f 1071 806 127
f 437 1071 127
f 500 1071 437
f 490 222 437
f 222 500 437
f 161 490 1515
f 1515 825 161
f 1084 222 490
f 1084 490 161
f 1136 888 451
f 451 459 1136
f 1754 459 451
f 1821 1027 1754
f 934 459 1754
f 1027 934 1754
f 1071 1027 806
f 690 562 222
f 562 500 222
f 125 690 1084
f 690 222 1084
f 270 1525 597
f 597 221 270
f 1136 906 597
f 459 906 1136
f 221 597 906
f 906 524 221
f 459 524 906
f 934 524 459
f 789 934 1027
f 789 1027 1071
f 229 789 1071
f 229 1071 500
f 500 562 229
f 125 1641 690
f 26 565 1312
f 1036 26 1312
f 1312 237 514
f 1036 1312 514
f 1773 26 1036
f 819 1773 1036
f 26 338 565
f 26 204 338
f 365 204 26
f 365 26 1773
f 819 271 365
f 819 365 1773
f 1247 1046 727
f 727 170 1247
f 204 727 338
f 727 1046 338
f 727 204 1387
f 1557 727 1387
f 1387 204 365
f 271 643 1387
f 271 1387 365
f 727 1557 170
f 664 170 1557
f 1387 1485 1557
f 643 1485 1387
f 38 422 231
f 38 231 466
f 38 1694 422
f 466 231 1729
f 1729 1247 170
f 466 1729 170
f 1108 1694 38
f 664 38 466
f 466 170 664
f 664 1108 38
f 1557 22 664
f 22 1108 664
f 22 1557 1485
f 1485 285 22
f 285 1485 643
f 1560 1228 216
f 1560 609 1228
f 1560 216 422
f 1694 1560 422
f 346 1560 1694
f 346 1694 1108
f 1108 140 346
f 22 670 1108
f 670 140 1108
f 285 670 22
f 285 540 670
f 1646 540 285
f 825 1608 191
f 95 1084 161
f 161 825 191
f 95 161 191
f 1608 403 623
f 623 95 191
f 191 1608 623
f 609 876 1228
f 876 403 1228
f 623 403 876
f 1560 1177 609
f 350 462 143
f 610 985 350
f 985 996 462
f 985 462 350
f 223 125 95
f 125 1084 95
f 645 95 623
f 645 223 95
f 301 623 876
f 876 609 301
f 645 623 301
f 301 609 1177
f 346 1177 1560
f 477 1177 346
f 140 477 346
f 670 279 140
f 116 477 140
f 279 116 140
f 540 279 670
f 540 18 279
f 18 610 350
f 1646 610 540
f 610 18 540
f 1646 985 610
f 429 382 692
f 692 564 88
f 88 429 692
f 350 143 88
f 564 350 88
f 223 1641 125
f 147 1641 223
f 147 223 645
f 147 645 301
f 780 147 301
f 208 780 301
f 208 301 1177
f 208 1177 477
f 148 208 477
f 116 148 477
f 873 564 692
f 18 873 279
f 873 116 279
f 873 18 564
f 18 350 564
f 393 58 1060
f 122 393 1060
f 436 122 1060
f 248 819 1036
f 248 894 819
f 436 894 248
f 436 1060 894
f 58 759 90
f 1060 58 90
f 894 1713 819
f 1713 271 819
f 1713 1060 90
f 894 1060 1713
f 759 261 517
f 90 759 517
f 763 90 517
f 1713 507 271
f 507 643 271
f 763 1349 507
f 1713 763 507
f 1713 90 763
f 763 517 1349
f 517 931 1349
f 261 1310 931
f 517 261 931
f 507 1349 643
f 128 1310 516
f 931 1310 128
f 1349 874 643
f 874 285 643
f 874 931 128
f 874 128 363
f 1349 931 874
f 985 196 996
f 257 196 985
f 257 516 196
f 128 516 257
f 363 128 257
f 1646 257 985
f 1646 285 874
f 874 363 1646
f 363 257 1646
f 1101 1877 1828
f 1414 1101 1828
f 1414 536 1101
f 1026 155 1414
f 155 536 1414
f 155 1054 536
f 536 1436 1101
f 353 1054 155
f 1436 536 1054
f 1026 353 155
f 1951 353 1026
f 842 1832 1951
f 1832 353 1951
f 842 1994 1832
f 1994 1928 1832
f 1339 842 1700
f 1672 1339 1700
f 1867 1672 1780
f 1780 971 615
f 1867 1780 615
f 1672 1867 1339
f 1339 1994 842
f 1867 615 424
f 1339 424 1833
f 1339 1867 424
f 1339 1833 1994
f 615 1836 424
f 1951 1067 1507
f 1134 1951 1507
f 1951 1134 842
f 1951 1026 1067
f 1190 1267 1640
f 1190 1640 953
f 1836 1190 909
f 1960 1190 953
f 909 1190 1960
f 1549 909 1960
f 221 1017 270
f 1017 435 270
f 1017 37 435
f 1017 668 37
f 972 1017 221
f 524 972 221
f 972 668 1017
f 972 162 668
f 934 162 524
f 162 972 524
f 162 934 789
f 789 1031 162
f 1031 789 229
f 229 1551 1031
f 562 1551 229
f 562 1873 1551
f 690 1873 562
f 1641 76 690
f 76 1873 690
f 668 555 37
f 555 776 568
f 723 568 776
f 776 932 723
f 932 1332 1184
f 932 1184 723
f 244 555 668
f 1031 244 162
f 244 668 162
f 776 555 244
f 1831 776 244
f 1741 776 1831
f 1551 1831 1031
f 1831 244 1031
f 1551 1741 1831
f 932 776 1741
f 1741 1415 1332
f 1741 1332 932
f 1873 1415 1551
f 1415 1741 1551
f 1415 413 1332
f 76 1415 1873
f 76 413 1415
f 76 598 413
f 1332 183 1184
f 183 1332 413
f 598 995 534
f 534 183 413
f 598 534 413
f 211 724 82
f 366 211 82
f 366 382 211
f 692 382 366
f 710 76 1641
f 147 710 1641
f 7 710 147
f 780 7 147
f 616 780 208
f 616 208 148
f 1478 616 148
f 445 366 82
f 445 82 1478
f 873 445 116
f 445 1478 148
f 445 148 116
f 445 692 366
f 873 692 445
f 50 938 1028
f 787 50 1028
f 470 50 787
f 787 1412 427
f 427 470 787
f 82 724 427
f 1412 82 427
f 710 598 76
f 1537 598 710
f 7 1537 710
f 7 1034 255
f 255 1537 7
f 1034 787 1028
f 91 787 1034
f 91 1034 7
f 91 7 780
f 14 1412 787
f 14 787 91
f 91 780 616
f 14 91 616
f 14 616 1478
f 1412 14 1478
f 1478 82 1412
f 995 511 534
f 532 511 995
f 938 511 532
f 532 1028 938
f 598 1537 995
f 1537 532 995
f 1537 255 532
f 1028 532 255
f 1034 1028 255
f 1701 1750 1436
f 1701 1436 1054
f 353 1701 1054
f 1701 1715 1750
f 1715 1545 1750
f 1928 353 1832
f 1928 1701 353
f 1928 1504 1701
f 1732 1504 1928
f 1928 1260 1732
f 1504 1803 1701
f 1533 424 1836
f 1533 1833 424
f 1833 1928 1994
f 1833 1533 1260
f 1928 1833 1260
f 1836 909 1533
f 1260 1533 909
f 1626 1260 909
f 1260 1626 1732
f 909 1549 1626
f 1393 1824 1628
f 1711 1824 1393
f 1941 1824 1711
f 1824 1960 1675
f 1549 1960 1824
f 1941 1549 1824
f 1824 1675 1628
f 1715 1596 1545
f 1872 1715 1701
f 1872 1701 1803
f 1910 1596 1715
f 1872 1910 1715
f 1872 866 1860
f 1061 1968 1596
f 1910 1061 1596
f 1872 1860 1910
f 1860 1061 1910
f 1732 1769 1504
f 1732 53 1769
f 1504 1769 1803
f 866 1872 1803
f 1769 866 1803
f 152 53 1941
f 53 152 1769
f 866 1769 152
f 1941 1711 152
f 152 1742 866
f 866 1742 1860
f 1626 53 1732
f 1626 1549 53
f 53 1549 1941
f 1895 1800 1401
f 1974 1895 1401
f 1009 1895 1974
f 1711 1393 1778
f 1393 1738 1800
f 1778 1393 1800
f 1778 1800 1895
f 1624 1061 1860
f 1306 1624 1860
f 1968 1624 712
f 1624 1968 1061
f 1624 1306 1850
f 1850 1778 1895
f 1850 1306 1778
f 712 1624 1850
f 712 1850 1009
f 1009 1850 1895
f 712 1009 1667
f 1667 1009 1974
f 1711 1742 152
f 1742 1711 1778
f 1742 1306 1860
f 1742 1778 1306

