# https://github.com/mikedh/trimesh
v 0.07227582 0.21696432 -0.34044477
v 0.16819741 0.51143730 -0.27992782
v -0.33414653 -0.04232211 -0.12534267
v 0.45356071 0.50871354 0.16796511
v 0.39702070 0.51521808 0.47274497
v -0.02521886 -0.37830546 -0.34944889
v 0.39244732 0.50812191 0.51600862
v 0.11618636 -0.04212347 -0.63207537
v -0.23412073 -0.50293702 0.64923257
v -0.49816832 -0.50680709 0.28946090
v 0.40847656 0.51057929 0.48861328
v 0.42082775 0.50544626 0.35387111
v -0.43763095 -0.35268459 0.46442592
v 0.43564859 0.50570434 0.45966369
v -0.05987271 -0.46794450 -0.13722920
v -0.39603812 0.48412833 0.51548892
v 0.43582505 0.49808687 0.09319626
v 0.00063425 0.34603500 -0.34780896
v 0.09944497 -0.50827807 0.69273752
v -0.06830024 0.50865895 0.64944619
v 0.07938753 -0.27778509 -0.34893477
v 0.50131309 0.39219794 0.31000084
v 0.02777048 -0.46838960 0.60458678
v -0.02730020 -0.49687544 0.70307118
v 0.19663127 0.51273799 0.61223626
v -0.25607812 0.51331472 -0.23497884
v 0.06127255 0.33777860 -0.39352375
v -0.18072456 0.50829828 -0.28213066
v 0.49975726 0.50991446 0.10523700
v -0.33357173 -0.36660707 -0.12503617
v -0.06985117 -0.16653883 -0.62292814
v 0.43884385 -0.44188875 0.11258352
v 0.01478543 -0.26618126 -0.36308023
v 0.10572428 -0.46756417 0.60804790
v -0.15109552 0.50746125 -0.29529274
v 0.45571339 0.51531488 0.36621818
v -0.13457686 0.51196909 -0.29574493
v 0.28940937 -0.49495241 -0.22809497
v -0.22178128 -0.02823406 0.59253347
v 0.37935975 0.50729775 0.53589284
v -0.36903086 -0.39868206 -0.05175724
v 0.11987628 -0.24688576 -0.57850587
v -0.44839627 0.51417875 0.26788548
v 0.11319826 -0.26709297 -0.59178436
v -0.35708377 -0.51503718 0.52601278
v 0.31972763 -0.45189890 0.49990019
v -0.06526383 -0.29026410 -0.42220691
v 0.12797678 0.51411355 -0.27497840
v 0.43504766 0.51518875 0.02499663
v -0.36546001 0.49817008 -0.06010092
v -0.39971271 0.50594848 0.42306677
v 0.33338648 -0.46834859 0.44116542
v 0.00064513 0.49480990 0.64225131
v 0.44825348 0.50954098 0.20438589
v -0.04982611 0.50991869 -0.26349318
v -0.32319465 0.51511633 -0.17271730
v -0.00714609 0.51099437 -0.31258535
v 0.28763348 -0.51345038 -0.21217099
v -0.08487236 0.31447023 -0.35422590
v 0.11716502 -0.29546848 -0.53599435
v -0.45228732 0.49709913 0.14826393
v -0.06495635 0.23754101 -0.39855689
v 0.12858684 0.03526840 -0.24880192
v 0.36632881 -0.50526470 -0.16347638
v 0.12353852 0.16939579 -0.60667855
v -0.02139409 0.51152015 -0.26495984
v -0.23313364 0.51426411 0.60738117
v 0.39770982 -0.44338784 0.00034078
v 0.15704705 0.50730473 0.68032861
v 0.09273714 -0.07970821 -0.69407320
v -0.36854282 0.51222175 0.53197879
v -0.28566474 -0.46109867 0.51146013
v -0.02403481 0.35145563 -0.33871895
v -0.38368419 -0.43833515 0.43309787
v -0.44716954 0.50785768 -0.05302875
v 0.07549221 -0.26046404 -0.48607093
v 0.33877528 0.49402508 -0.10323094
v 0.49971002 0.50834286 0.09092371
v 0.36102131 -0.46725240 -0.04132084
v 0.23270418 0.50733989 0.58050609
v 0.10692882 -0.20115851 -0.64862627
v -0.51463038 0.38623387 0.20961539
v 0.30767283 0.38807949 -0.14643402
v 0.07035022 0.50660104 0.64064801
v 0.49258640 -0.36679462 0.04226591
v 0.49959779 -0.50642860 0.30644622
v 0.11359679 0.25395072 -0.49474707
v 0.01353515 0.21731277 -0.34469348
v -0.07088385 -0.22487982 -0.59864312
v 0.10900636 -0.32433400 -0.42294747
v 0.11027982 -0.16928905 -0.32771567
v 0.09944953 -0.18460491 -0.57994556
v -0.04183963 0.51224703 0.69282061
v -0.29606375 0.51483482 -0.17620233
v -0.05699724 -0.08420494 -0.60603648
v 0.01550202 -0.49594420 -0.31867856
v -0.29813293 -0.51418990 -0.19956416
v 0.51160240 -0.50532877 0.20503841
v 0.43453953 0.50927842 0.28904194
v -0.43345463 0.50724781 0.24628305
v -0.08342770 0.51210141 -0.26681745
v 0.09760056 -0.49923536 -0.31046250
v 0.12159694 -0.18085618 -0.60052854
v -0.00309110 0.20197427 -0.64040762
v -0.37969285 0.51024419 0.45612606
v 0.11410232 0.22927189 -0.53538471
v -0.23324622 0.50564039 -0.18354963
v 0.07034896 -0.46833754 -0.23118439
v -0.09131643 -0.02049532 -0.32306871
v 0.43912926 -0.46465158 0.15577403
v 0.21030951 -0.51134199 -0.26630306
v -0.24472366 0.42881092 0.64577311
v -0.33240202 0.50669497 -0.12989023
v 0.42746365 -0.45621678 0.26762402
v -0.48125684 0.51469076 0.27083367
v 0.36834854 -0.46865347 0.03286458
v -0.43267894 -0.45265749 0.20518275
v 0.17611930 0.51294595 0.62444240
v 0.49793869 0.50691980 0.07693405
v 0.40645134 0.51442325 -0.08254150
v -0.06410791 -0.46705326 0.60884148
v 0.39689565 0.50948381 -0.12310266
v -0.01301722 -0.50919282 0.69801283
v -0.34975359 0.51192904 0.55447453
v 0.10120708 -0.24026057 -0.53732580
v 0.36788183 0.49543387 0.45731756
v 0.12267175 -0.12638812 -0.62036180
v -0.39391112 0.51186830 0.50102812
v 0.06707506 0.08090711 -0.58333546
v 0.46647549 0.51560432 0.07110483
v 0.45028833 0.51235569 0.23283333
v 0.43785593 -0.44265836 0.23762718
v -0.06289690 -0.41048765 -0.31635979
v 0.09870362 0.01363337 -0.62756872
v -0.46722192 0.51457042 0.11147066
v -0.09938710 0.26715431 -0.32208365
v -0.44806489 0.50988692 0.19017792
v 0.33964312 0.51163238 -0.13380875
v -0.06859060 -0.33021319 -0.50379002
v 0.50850040 -0.49964392 0.24025577
v 0.10545328 0.50753379 -0.25360560
v -0.21377920 -0.46098432 -0.17421117
v 0.29727808 -0.51501292 0.57684344
v 0.11476760 -0.32543120 -0.48181599
v -0.15479447 -0.51440376 0.66442537
v 0.08821699 -0.27559596 -0.60547608
v 0.03645518 0.34854630 -0.33897850
v 0.11828635 -0.23239800 -0.57682443
v 0.08120764 0.33350873 -0.33957189
v 0.39223298 0.50929117 -0.00474239
v 0.13324468 0.38115576 0.63187176
v 0.24335027 -0.51488721 -0.23218155
v 0.41163421 0.51055026 0.02738515
v -0.05769594 0.12672089 -0.64800131
v -0.31169155 0.50881910 -0.20632763
v -0.07245761 -0.23737560 -0.57097650
v 0.08792979 0.19247082 -0.64329183
v 0.43486613 -0.41445920 0.09155731
v 0.48246586 -0.51529521 0.14304262
v -0.41238827 -0.46072796 0.26122534
v -0.23958974 -0.45504329 -0.16720587
v 0.40828913 -0.44029921 0.02887804
v -0.19872560 0.50677758 0.60559988
v 0.11392271 -0.28268734 -0.50828207
v 0.08124473 0.23479584 -0.34659746
v 0.45115414 0.50598609 0.43607986
v 0.37837556 -0.50298411 0.54049361
v 0.16151604 0.49725845 -0.29140776
v 0.32335413 0.51461691 -0.17624797
v 0.16549283 0.51524156 0.64587367
v 0.14239369 -0.50890291 -0.29619759
v -0.06688234 -0.04191343 -0.65350997
v -0.04157925 0.34289852 -0.34482312
v -0.29615366 -0.50747377 0.60556406
v 0.49367076 0.51193136 0.28212941
v -0.06494588 -0.18453334 -0.58417004
v 0.12441194 0.51004279 -0.25658730
v -0.12018467 -0.42255899 0.69341362
v -0.51062268 0.50500792 0.23283422
v -0.44991133 0.50961626 0.17606486
v 0.24559875 0.43697789 -0.25974759
v -0.20305431 -0.49337578 0.66205090
v 0.11963543 0.22614740 -0.56290329
v -0.11336233 0.51172125 -0.25628787
v 0.31858271 -0.51166517 -0.19546753
v -0.42378634 0.49664101 -0.09242603
v -0.29414004 0.51029885 -0.15617566
v -0.25508243 0.49618277 -0.16856669
v 0.24243103 0.51502717 -0.21348727
v -0.44754347 -0.42292506 0.14530618
v -0.30481482 0.50680715 0.52497011
v -0.03199577 0.22755930 -0.34930179
v 0.09849000 0.51480246 0.67021793
v 0.37463558 -0.29625583 0.54617137
v -0.05408848 0.50876230 -0.31318623
v -0.26548123 0.51067245 0.56787646
v -0.23271224 0.41946292 0.58757091
v 0.16881692 -0.46316010 0.58478296
v -0.28144753 0.51461816 0.58558679
v -0.49242961 -0.42285022 0.34309369
v -0.46771026 0.51513189 0.05694383
v 0.47799963 0.50884700 0.36045060
v -0.04209186 0.21503949 -0.61648935
v 0.46292454 0.50745487 0.40281782
v 0.42340288 0.50699264 0.47570834
v -0.45231608 -0.50946832 0.42458397
v -0.14551491 0.49544245 0.62144864
v -0.42180902 0.50774151 0.30950281
v -0.50114036 -0.38071132 0.07482757
v -0.42570585 -0.51505971 0.43034852
v -0.07742759 0.50774080 -0.30965462
v -0.06105989 0.00066051 -0.63728553
v -0.12664492 0.49483764 0.69089049
v -0.00706481 -0.26492813 -0.35193709
v -0.10012943 -0.50740832 0.69415796
v -0.09265853 -0.31486538 -0.34191203
v -0.06133736 -0.21277538 -0.56857860
v -0.18388030 0.51352704 0.62097842
v 0.02656672 0.20074950 -0.33934587
v -0.40430230 0.51225424 -0.09991469
v -0.08541857 0.51387221 -0.28908095
v 0.39299640 -0.48353702 0.52140504
v -0.40962908 0.49565277 0.49814948
v -0.07492268 0.24216652 -0.54500455
v 0.01414265 -0.51426125 -0.30758911
v -0.42579764 0.50756186 0.06316055
v 0.11657171 0.25192147 -0.54760247
v -0.07459939 0.27011693 -0.51911563
v 0.43954724 0.51086074 0.08406362
v 0.32265499 0.50248152 -0.13915478
v 0.47571376 0.50373960 0.37394160
v -0.19178087 0.51141113 -0.21236508
v -0.45264760 0.51547045 0.35357836
v 0.05558086 -0.51190031 -0.30847201
v -0.06703233 0.19602458 -0.60216564
v 0.09892172 0.51499772 -0.28154397
v -0.50027883 0.50723946 0.29001859
v 0.04213219 0.51512533 -0.27958584
v -0.24699755 0.51470196 0.60840565
v 0.45218205 0.50918019 -0.03678080
v -0.49262956 -0.22571778 0.34288889
v -0.31029958 0.51460713 0.57149839
v -0.08057220 -0.28941664 0.63352507
v 0.48950857 0.50558108 0.04127347
v -0.39283448 -0.45874891 0.35648575
v -0.42813656 0.48353177 0.07587259
v 0.08825490 -0.29856560 -0.58259606
v -0.43855053 0.51506281 -0.01728573
v 0.28305075 0.51191521 -0.17147535
v -0.06471669 0.06833284 -0.61079061
v -0.48235428 0.51557916 0.21834554
v -0.05898208 0.14149357 -0.56602460
v -0.10032106 -0.46079803 -0.23537678
v 0.37255695 0.50750208 -0.15221722
v -0.06853240 0.05532036 -0.63387686
v 0.07734469 -0.50906187 -0.30951405
v -0.47616044 -0.50568122 0.37486449
v -0.05871849 0.32932082 -0.40543067
v -0.32664153 -0.48434740 -0.20012356
v -0.40996376 -0.50750422 -0.10626821
v -0.39504063 -0.43948102 0.38778165
v 0.29417193 0.50863165 0.60686153
v 0.47267115 0.51397079 0.34587955
v 0.43857953 0.51500171 -0.01456514
v 0.11375605 -0.12674098 -0.67648667
v 0.07056390 -0.00366153 -0.62142569
v 0.50729084 0.50723577 0.23321596
v 0.43700784 0.39500144 -0.07963002
v -0.22617382 0.49468386 -0.26545671
v 0.42204350 -0.45455807 0.32489687
v -0.07245333 -0.18164402 -0.60713482
v 0.50437385 -0.50448835 0.26849484
v 0.09659450 -0.28074539 -0.47633696
v -0.43833718 0.50887656 0.45324066
v -0.12624338 0.38167363 -0.31011188
v -0.15030636 0.50920558 0.67883122
v 0.28267545 -0.50257790 0.62087446
v -0.00717700 -0.51413143 -0.31069413
v 0.30296165 -0.46458438 0.50065929
v 0.31803373 -0.19809097 -0.13975355
v 0.48159033 0.50522017 0.01982201
v -0.21054716 0.51078844 -0.26622045
v -0.32601726 0.48274547 -0.20068438
v -0.24171391 -0.50410885 -0.25798541
v 0.10295726 -0.30968526 -0.36663541
v -0.43084994 -0.45735934 0.18437687
v -0.51295435 0.50565535 0.21157540
v -0.06986088 0.09864205 -0.62015313
v 0.11540566 0.49465755 -0.30939814
v -0.08501478 0.27826229 -0.39593765
v 0.39187533 -0.45979226 0.01457894
v -0.08873402 -0.33024436 -0.37882635
v -0.35080484 0.51045960 0.48364386
v 0.26392555 0.50872648 -0.24217980
v -0.01457934 0.34252810 -0.36435857
v -0.03054929 0.00662304 -0.61719859
v 0.11061312 0.28175846 -0.43398270
v 0.12199295 -0.22564918 -0.60567772
v -0.07961871 0.25227907 -0.49362847
v 0.12158206 -0.50547367 -0.30426547
v -0.07473607 -0.28406152 -0.47823772
v -0.37002432 0.51336360 -0.07733975
v 0.35264528 -0.16928884 -0.18277681
v 0.42106375 -0.46615452 0.10899272
v -0.49461997 0.51100707 0.08357765
v 0.36685503 0.51527035 -0.11982085
v -0.08542603 0.45074323 -0.25914264
v 0.39255008 0.49636388 0.00656344
v -0.12067685 -0.51104021 -0.30146962
v 0.49281025 -0.51391667 0.11286380
v -0.34565201 0.51074898 -0.12078600
v -0.48825619 -0.50526965 0.04120471
v 0.30318299 0.51489103 -0.17622399
v 0.18444730 0.49950251 0.60520887
v -0.07569048 0.09171475 -0.33610195
v -0.50203705 -0.48307201 0.28774646
v 0.37816000 0.50884306 -0.03303771
v -0.08770276 0.51460314 0.66633117
v -0.47001615 0.50970244 0.00508062
v -0.07066699 0.23674795 -0.56454265
v -0.37167862 0.51077825 -0.06452806
v 0.24277876 0.51289523 -0.24407850
v -0.42282081 0.51435572 0.43041793
v 0.39301515 -0.51512909 0.46733117
v -0.07269526 0.21163175 -0.57773536
v -0.42609975 0.51405191 -0.05857990
v 0.03562911 0.50924450 0.70226884
v 0.12550296 -0.15584394 -0.63486034
v 0.18406153 0.51150382 -0.22792353
v -0.19094361 -0.49498829 -0.28138962
v -0.26920047 0.51102579 -0.17197412
v -0.48179615 0.50916040 0.03356114
v 0.28995618 0.49692321 -0.15708677
v -0.30862740 -0.51514268 -0.17157239
v 0.22498082 0.51541567 0.62123132
v -0.15568855 0.51466691 0.65612715
v -0.07789690 0.51072258 0.69166416
v 0.32681531 0.50631714 0.51608270
v -0.19538140 -0.45201138 -0.19133955
v -0.27576783 -0.42398021 -0.15651117
v -0.43896300 -0.45506361 0.16568388
v 0.41846108 -0.45073783 0.35220492
v 0.08580405 0.23237167 -0.41921622
v 0.45121849 -0.50967354 -0.03706064
v -0.02852725 0.50704646 -0.31546208
v 0.03577357 -0.43636936 -0.25468069
v -0.45311174 0.46602726 0.13154824
v 0.38089615 0.51254779 0.45900476
v 0.43695843 -0.42264050 -0.07963882
v -0.29364207 0.51032537 0.53961229
v -0.03555016 0.51141095 -0.26545298
v 0.15407847 -0.45248705 0.60385942
v 0.09886658 -0.21287663 -0.56726938
v -0.28928649 0.51413554 0.56504983
v -0.28214550 0.51248658 -0.22001994
v 0.41167033 0.45985436 0.39757991
v -0.49319780 -0.51298004 0.10587426
v 0.49391747 -0.50876075 0.06326773
v 0.04208250 -0.51460111 0.69015539
v 0.43824512 -0.45733047 0.21185805
v 0.13973905 0.47580475 0.62896180
v 0.40715292 0.49598813 0.50124985
v -0.41877440 0.00438603 0.28839976
v 0.51107246 -0.50732863 0.16182962
v 0.25546926 -0.50389677 0.63738954
v -0.36647141 0.51561761 -0.11980845
v -0.10499626 0.50316525 0.63628870
v -0.10039899 0.47897041 -0.30962747
v 0.20441929 0.51555640 -0.23870568
v -0.02839712 0.15227966 -0.65493751
v 0.38418773 -0.44336748 -0.03888748
v 0.11962182 0.11508787 -0.59860498
v -0.36810917 -0.51505738 -0.12330910
v 0.11574844 -0.32856014 -0.31886184
v 0.12164880 0.19799863 -0.59206617
v -0.50584412 0.50323856 0.26118508
v -0.31643844 -0.46411830 -0.10039085
v -0.45118126 -0.51393843 -0.01474355
v 0.06328312 -0.10712062 -0.59208584
v 0.12510625 0.11283818 -0.64220977
v -0.26108974 0.51412988 0.59437472
v 0.49582830 0.50521159 0.06252368
v -0.16905589 0.50703919 -0.21968515
v -0.09831014 0.49584058 -0.25421816
v -0.01371060 -0.44859877 0.62483507
v -0.05608611 -0.12703344 -0.59227359
v -0.31921127 -0.50129372 0.59173399
v -0.01494346 0.51134688 0.65008926
v -0.45206761 0.50739825 0.12063172
v -0.46484652 0.51279104 0.14084670
v 0.49268523 0.50714570 0.32629722
v 0.09148132 0.50791466 -0.25640461
v 0.14797388 0.51494348 -0.26694942
v 0.14807712 -0.42224377 0.68582731
v -0.48680761 -0.50973845 0.34787181
v 0.05479210 0.19795673 -0.52097970
v -0.02793172 -0.26902872 -0.46366981
v 0.44638172 0.50709760 0.10889526
v -0.40143630 0.50310600 0.39798641
v -0.04265491 -0.51259458 0.69131076
v -0.06675059 0.23399259 -0.42271897
v -0.31044665 0.51519310 0.55735463
v -0.07666954 0.24038196 -0.52539480
v -0.02333631 0.48232305 -0.25750279
v -0.02179445 -0.26776582 -0.35323539
v 0.31983292 0.50559872 0.58729064
v -0.35236371 -0.50517672 0.56517607
v -0.40218601 0.51466799 0.45860800
v -0.37425116 0.49877316 -0.15862414
v 0.30858338 0.51447618 0.55732441
v 0.46045268 0.50954068 -0.01553267
v 0.17428344 -0.50025815 0.67407662
v 0.08683641 -0.45205393 0.62029648
v 0.03627754 0.22531167 -0.35095760
v 0.36487517 0.50850230 -0.06144381
v -0.04876931 -0.24265946 -0.61975223
v 0.11241282 -0.24110706 -0.55625945
v 0.08314537 0.51469123 0.65892744
v -0.05783941 -0.15613903 -0.65153962
v -0.32348132 -0.44973415 0.49324968
v -0.39468691 0.50011605 0.00207773
v -0.38275921 -0.40133294 0.43724528
v -0.44448075 0.51378071 0.07147709
v -0.12665524 0.51308733 0.67686754
v -0.38392371 -0.46395746 0.29331690
v -0.40895960 -0.44114065 0.32247207
v -0.26126137 0.51251829 0.61945134
v 0.42718986 0.50081104 0.07228144
v 0.32052800 -0.14028773 -0.13776401
v -0.11068259 -0.46446112 0.59105730
v -0.49260056 0.40206063 0.34288234
v -0.47017279 -0.51506877 0.32535607
v 0.11020726 -0.32332653 -0.44948658
v -0.19711611 -0.44929916 0.59920645
v 0.25795081 -0.51510102 -0.21627848
v 0.37479967 -0.51446486 -0.13049468
v -0.40520999 0.51478416 -0.02102111
v 0.37857908 -0.45809698 -0.02702361
v 0.07848572 0.50877732 0.69655573
v -0.18375020 0.51122522 0.66122085
v 0.46568906 0.51550835 0.28962934
v -0.44202194 -0.51504993 0.39606392
v 0.40857020 0.51328951 0.00340262
v 0.14403206 0.50892085 -0.24627289
v 0.35962117 0.51367879 -0.14078753
v 0.15564393 -0.45571151 -0.21199805
v -0.32993796 -0.51095670 0.57752961
v 0.46630540 0.51001137 0.38983014
v 0.09840004 -0.26966089 -0.33946162
v -0.45278981 0.33152327 -0.05253140
v 0.43307772 0.50962394 0.30312201
v -0.10080272 -0.44245815 0.63148606
v -0.07079451 -0.14155762 -0.62000751
v 0.43691322 0.50875223 -0.07050084
v 0.33976150 0.51497829 0.54328954
v -0.01950364 -0.43023181 -0.25700912
v -0.07326712 -0.26849541 -0.50723833
v -0.32435483 0.51218593 -0.14676994
v 0.34679830 0.50882542 0.56252831
v 0.11820911 0.17185658 -0.57050574
v 0.21030132 0.49847570 -0.27337521
v 0.36601442 -0.42504752 -0.05802595
v 0.19655867 0.51242751 -0.26725471
v 0.16362272 -0.51142901 -0.28648111
v 0.20327036 -0.46835726 0.55064881
v 0.13389814 0.51504791 0.66122288
v 0.06930825 -0.44808516 -0.25077736
v 0.10136759 -0.14107363 -0.33911258
v 0.30398637 -0.51040012 -0.20825529
v -0.50822240 -0.50082541 0.14261295
v 0.35234314 -0.50641865 -0.17828237
v -0.42027763 0.51111132 -0.08342864
v -0.32059497 0.50950444 0.51044178
v 0.33840424 0.51444352 -0.16211809
v 0.02815131 0.50802368 -0.26048005
v 0.28908712 0.51539868 0.57826662
v -0.06121339 0.10103540 -0.65256250
v 0.43336916 0.51240551 0.44464657
v 0.27658728 -0.51219118 -0.22437903
v 0.06353365 -0.45604041 0.62122971
v -0.48444235 0.50953895 0.34871653
v -0.12246224 -0.50210750 0.69139767
v -0.42082289 -0.45601270 0.23967257
v -0.44812009 -0.51572675 0.02452912
v 0.06907112 -0.25609270 -0.34018850
v 0.49811202 0.50816506 0.30539379
v 0.23702647 0.51461262 0.59966290
v -0.06225980 -0.01386485 -0.66966760
v 0.07022412 0.21005104 -0.48999825
v 0.37375870 0.51467830 0.51004159
v 0.41676456 -0.46681023 0.26905701
v 0.10277761 0.31348595 -0.46502185
v 0.05708181 0.49887514 -0.25374523
v 0.19649681 -0.44574764 0.57994807
v -0.27522001 0.51381099 0.59968197
v 0.42364976 0.50989801 0.05727373
v 0.33809760 0.50792831 -0.11973762
v -0.24873672 0.51031655 0.63496602
v 0.11865170 0.19739361 -0.56227458
v 0.48101979 0.51550484 0.22703090
v 0.06872784 -0.27793482 -0.39753276
v -0.41066235 0.50977731 0.48867562
v 0.06508059 -0.39387342 -0.32455173
v 0.11377527 0.51408559 0.65611500
v -0.08856636 -0.28921226 -0.25885987
v 0.47923329 -0.50832427 0.02043620
v 0.51451427 -0.41457698 0.17566839
v 0.49520090 -0.50383663 0.32598510
v -0.21864794 0.51323932 0.60769260
v 0.10039359 -0.30156851 -0.42363885
v -0.41200250 0.51058686 0.38192198
v -0.41868162 -0.51240289 0.46855891
v 0.11157188 -0.29678929 -0.56298107
v 0.49303174 0.51361501 0.13721333
v 0.46399125 0.51319230 0.11990123
v 0.34044212 -0.46314856 0.45870411
v 0.10186367 -0.33512393 -0.35779279
v 0.09664544 0.31811327 -0.40898579
v 0.04571756 0.25592729 -0.60014921
v -0.09313900 -0.07473387 -0.32303697
v -0.37617454 -0.45598471 -0.01257750
v -0.05611006 0.21296674 -0.51301706
v -0.24503481 0.50653040 0.58362752
v 0.22289693 0.51535970 -0.23717447
v -0.32586426 0.51007861 -0.19373943
v -0.05004087 -0.51083124 -0.31334683
v 0.11715475 -0.09854345 -0.67844647
v -0.41111898 0.49659380 -0.11026192
v 0.43857065 0.51495677 0.40902248
v 0.05647998 0.51467079 0.66073930
v -0.08130822 0.25193903 -0.34890920
v -0.15344317 0.50922096 -0.22810511
v -0.10668626 0.29522669 -0.31838998
v -0.01398581 -0.39451709 -0.33190829
v -0.22802222 0.49736074 0.65228295
v 0.34550500 0.51424199 -0.14800900
v -0.31041813 0.49579605 -0.13894135
v -0.16265142 0.50810677 0.67274195
v -0.01423309 -0.46797425 0.61140060
v 0.07745612 0.51277876 -0.26743492
v -0.06616770 -0.46630350 -0.22661500
v 0.11180020 -0.30054384 -0.48270813
v 0.33126333 0.51285022 0.56378180
v 0.13470726 0.50719106 0.68594277
v -0.19120002 -0.50764567 0.66328329
v -0.41159639 -0.46343586 0.21884063
v -0.07115486 -0.50897962 -0.02912555
v 0.41934308 -0.46833333 0.21014410
v -0.45317939 0.25463262 0.13040227
v -0.45655319 -0.51499116 0.36639816
v -0.08104460 0.30850339 -0.40819544
v -0.06801907 -0.36693028 -0.35519937
v -0.05240692 0.17037162 -0.54824096
v 0.46457234 -0.50929028 -0.00809952
v 0.45319459 0.17634198 0.43739951
v 0.06441510 0.23311235 -0.35547528
v 0.02790739 -0.04883726 -0.60311121
v 0.13417345 -0.02821628 -0.30328587
v 0.44425428 0.51455384 0.38273546
v 0.49820477 -0.50891888 0.08444490
v -0.49496254 -0.51006037 0.30511582
v -0.44924593 -0.39968452 0.12019600
v -0.36955112 -0.46453384 0.39010340
v -0.07292049 -0.29740664 -0.44031939
v -0.49164873 0.50272828 0.04918583
v 0.27796119 0.49305069 0.54907590
v -0.35001653 0.49019977 0.56969678
v -0.38827723 -0.50353962 -0.13979000
v 0.09864956 -0.35238302 -0.39522925
v 0.12851474 0.05750423 -0.64925820
v -0.50641054 -0.50956315 0.23243675
v 0.41316172 -0.51482904 -0.07428046
v 0.11498319 0.22672199 -0.59294951
v -0.03550678 0.51366264 0.65396076
v 0.10136700 -0.05642949 -0.33911252
v -0.35634583 0.51311189 -0.10556348
v -0.14893609 -0.44906178 0.61499214
v 0.08888607 -0.04751811 -0.61442530
v 0.46922493 0.49435622 -0.00910188
v -0.37042466 -0.46366647 0.01373160
v -0.27574390 0.50335979 -0.23949654
v 0.04925735 -0.46667346 -0.23751165
v -0.17606407 0.49385896 0.67219687
v 0.18456718 -0.46854657 -0.17761356
v -0.02870681 0.51461297 -0.29848006
v -0.06886826 -0.11285496 -0.62041038
v -0.06352136 -0.15466946 -0.59012699
v 0.04724282 0.20946227 -0.44837713
v 0.49502334 0.51289356 0.25408122
v 0.21948852 -0.46588215 0.55085093
v -0.33442232 0.51228857 0.56639034
v -0.49384335 0.50818783 0.06330901
v 0.09771491 0.25672922 -0.35220405
v -0.35985774 0.51524502 0.50782859
v -0.38111076 0.51525784 0.48681471
v 0.10389046 -0.30712119 -0.33991289
v -0.39509073 0.51491308 0.47271240
v 0.31912974 -0.33857700 -0.13970238
v 0.07821152 0.50023973 -0.25259513
v 0.05596386 0.51027524 -0.26339388
v -0.26777127 -0.44745353 0.54517102
v -0.35997924 -0.50693214 -0.16799542
v -0.49284571 0.51372004 0.13755456
v -0.06842605 -0.37910807 -0.32716447
v -0.03355858 0.22298488 -0.38820121
v 0.12597007 -0.46755213 0.60205877
v -0.47936383 0.51561934 0.17320840
v 0.12867707 -0.04225319 -0.66402191
v -0.45307320 0.49603313 0.13189867
v -0.34096310 -0.50953698 -0.18228613
v -0.20470946 0.51520288 0.63605541
v 0.25503543 0.50649232 0.63697326
v 0.03522028 -0.51342040 -0.30950165
v 0.44976440 0.50912356 0.18877743
v -0.33404350 0.14107300 -0.12499318
v -0.43866962 0.49752092 0.21264142
v -0.45546082 -0.49952275 -0.04435260
v 0.31203854 0.49837726 -0.21162680
v 0.38870856 -0.50535643 0.52350813
v 0.02746142 -0.27079603 -0.45592535
v -0.05002152 0.19601634 -0.53484601
v -0.30780989 -0.46411562 0.46909183
v -0.43039709 0.51473075 0.38069904
v -0.06618458 0.02994120 -0.63663721
v 0.10702157 -0.31915975 -0.53799349
v -0.34893337 -0.46450382 0.43038362
v -0.48230401 -0.51470053 0.29145434
v -0.27607211 0.50672263 0.61993146
v 0.33001801 0.51174402 -0.14662200
v -0.08069646 -0.32271957 -0.46498045
v 0.12364815 -0.07401183 -0.67286640
v -0.23585039 -0.44844288 0.57433164
v 0.26751027 0.49718326 -0.16961946
v -0.39325052 0.51552027 -0.06916270
v -0.30343500 0.51449198 -0.19033200
v 0.06230421 0.33551490 -0.34639874
v 0.10983982 0.50380886 0.69196421
v 0.43418926 -0.51513457 0.40001509
v -0.15258744 -0.51565999 -0.24868776
v 0.13204426 0.19842717 -0.30422720
v 0.10600501 0.27413011 -0.38236707
v 0.36429498 -0.50271237 0.55445188
v 0.09873233 0.21217190 -0.33923164
v -0.33375973 -0.51507366 0.30280328
v -0.06574532 -0.09835828 -0.65218616
v 0.16353956 0.48263130 0.61602080
v -0.06624386 -0.34934387 -0.47121361
v -0.32465571 0.51495713 0.53617704
v 0.25502303 0.51135248 -0.18616664
v 0.38085240 -0.46420991 -0.00416675
v 0.20384075 0.48935077 0.66123545
v -0.01653205 -0.21552096 -0.52801645
v 0.35487062 -0.45041752 -0.07100722
v -0.05090747 -0.21169207 -0.63352096
v -0.00036226 0.19141771 -0.52142221
v 0.09765143 -0.25846505 -0.50800985
v 0.12760794 -0.45426625 0.61545676
v 0.12262625 0.14167668 -0.63535184
v 0.49516413 -0.51374054 0.24155676
v 0.46430013 0.51289868 0.14820938
v 0.51215822 0.50726682 0.17632723
v 0.01528923 -0.18431957 -0.56355846
v -0.46806797 0.51332158 0.02360660
v -0.16073820 0.50895298 0.62012631
v 0.25151101 0.51349127 0.58319920
v 0.11209250 0.21168312 -0.54284251
v -0.41196042 0.51432878 0.00312056
v 0.09616414 -0.35753134 -0.41839302
v -0.51036191 0.50602561 0.16755038
v -0.24482720 -0.26098618 0.64579457
v -0.35374099 0.51452059 -0.14806005
v 0.29724827 -0.46834508 0.48326117
v -0.33414653 0.08464425 -0.12534267
v 0.12343021 -0.19762181 -0.62041956
v 0.03574255 -0.38363874 -0.33580020
v 0.09843737 -0.29816315 -0.39481333
v 0.22809735 0.50481820 -0.26507118
v 0.09364229 -0.29387000 -0.36545348
v -0.07724956 -0.29775938 -0.45825726
v -0.10591055 0.51546597 0.66502655
v 0.40767998 0.51528043 0.44446835
v 0.22191083 -0.44289777 0.56453168
v 0.11015995 0.44239628 -0.31752446
v -0.00177011 -0.38120443 -0.40750161
v -0.44385576 0.50285262 0.10630538
v 0.26495570 0.51545572 -0.21292074
v -0.43224633 -0.49263707 0.47173300
v -0.05591693 -0.01637326 -0.62604457
v 0.21819869 0.49751937 -0.19756141
v -0.07136872 -0.23956193 -0.55326641
v -0.38447940 0.51260483 -0.04282963
v -0.07168166 -0.21167585 -0.58261639
v -0.08456027 -0.36349383 -0.32193047
v -0.38008240 -0.44178212 -0.01725899
v -0.06813658 -0.22707888 -0.33994702
v 0.14030932 0.47713000 -0.30073115
v 0.05714321 0.50936276 0.69929385
v -0.41499785 -0.45738259 0.27588588
v -0.37297684 0.49836400 -0.04378895
v 0.42348215 0.51545376 0.43039164
v -0.35032803 -0.45588574 -0.07022776
v -0.34151790 -0.46347234 -0.04418317
v 0.07123732 -0.42288470 -0.31381768
v 0.50686455 0.49707821 0.12790859
v -0.33415788 0.36679199 -0.12527812
v -0.04185728 -0.27349505 -0.35506961
v -0.05490110 -0.41895834 0.62698042
v -0.14998081 0.48143443 -0.29979059
v -0.37325829 -0.51494259 0.51115501
v 0.00851398 0.42610219 -0.32953075
v -0.40867254 0.51026338 0.02311305
v 0.41399416 -0.38772076 0.38207024
v 0.46869132 -0.51538324 0.05924349
v 0.13275971 0.02821420 -0.30384365
v -0.41630110 0.51439160 0.45197093
v 0.24044713 -0.45879126 -0.16993625
v 0.27488893 0.51271880 0.56731439
v -0.42634812 0.50679392 0.29134285
v 0.41453078 -0.09888504 0.38254166
v -0.25324729 -0.45461604 0.55658722
v -0.36508822 -0.45553428 -0.04008057
v -0.43925604 -0.51320750 -0.04347260
v -0.06694885 0.32236636 -0.43748093
v 0.21164796 0.48331261 0.58774614
v 0.07064427 0.50784099 -0.31162113
v 0.25996757 0.50856590 0.56539929
v -0.07226039 0.18642952 -0.57184941
v -0.27497867 0.50444520 0.55152291
v 0.38109016 0.51549584 0.48682091
v 0.04939821 0.51023036 -0.31102052
v 0.13275467 0.14107275 -0.30384442
v 0.07425871 -0.51511276 -0.28456920
v 0.01395667 0.51497334 -0.27952224
v 0.09846209 -0.51206994 -0.29953846
v -0.08804924 0.20429367 -0.32183203
v 0.13422941 0.49475145 -0.24631941
v 0.14794374 0.51445860 0.64615113
v 0.01360473 0.51549840 0.67905682
v 0.31129944 0.47466338 -0.14359401
v -0.35097513 0.51460344 -0.13386819
v 0.07601036 -0.27991611 -0.36381361
v 0.37129939 -0.45024011 -0.05383513
v -0.42209831 0.51467991 0.41013348
v 0.42339700 -0.50560385 -0.09381814
v 0.33242890 -0.49867886 0.58047056
v 0.16161107 0.50824732 0.62288731
v 0.36054760 0.50741994 -0.16776511
v 0.12525007 0.03734796 -0.64763093
v 0.09888977 0.50860208 0.64277971
v -0.49431527 0.50685149 0.32526270
v 0.03527889 0.51049995 -0.31156948
v -0.07686498 -0.29647064 -0.39918223
v -0.04895333 0.50699008 0.64682609
v 0.11308160 0.20325156 -0.61971360
v -0.12964639 0.51490903 0.65254390
v -0.09260797 0.29703283 -0.33832383
v -0.06994391 0.14127073 -0.58622068
v 0.01461243 -0.51431674 0.69201469
v 0.14456727 -0.46840554 0.58455616
v -0.08402734 -0.46462372 0.61119175
v -0.24483190 0.35268533 0.64578527
v -0.04185507 -0.19562592 -0.56729883
v 0.51013428 0.50670481 0.15378845
v -0.22241965 0.50072676 0.59689754
v -0.00906043 0.47940281 -0.32380116
v 0.31149104 0.51178491 0.54238886
v -0.34574792 0.51524931 0.52167058
v 0.41121441 0.51481569 0.45865262
v -0.39523104 -0.46278390 0.32832891
v -0.38219222 0.50348961 0.52859718
v -0.08937213 0.13302545 -0.32233039
v -0.43617836 0.50714070 0.23268723
v 0.32145911 -0.46178925 0.48599300
v -0.38443393 -0.31734955 0.43736294
v 0.41466933 -0.46440527 0.08540933
v 0.46652135 0.51461518 0.04160772
v 0.12053862 0.07070140 -0.62110549
v 0.18250069 0.51488912 -0.24674957
v 0.11581449 -0.30650744 -0.50965840
v -0.07395693 0.17433126 -0.33532169
v 0.10293471 0.15452383 -0.56268603
v -0.45188829 -0.09879630 0.12672466
v 0.09962864 -0.35147172 -0.33904830
v -0.04225623 -0.46420196 0.61937863
v -0.33216614 0.50269705 0.58094448
v 0.11109671 0.12751277 -0.66438681
v -0.11823300 0.50582701 0.63190424
v -0.06360422 0.50910723 -0.26394063
v 0.46338087 0.51517546 0.25375736
v -0.33914253 0.51111060 0.49979866
v 0.27076316 0.42943886 0.63072121
v -0.43762565 -0.42989814 0.46435377
v 0.07045633 -0.51326728 0.68849486
v 0.10193549 -0.23265405 -0.33837250
v 0.38790166 -0.42524552 0.41029540
v 0.46522000 0.51504982 0.09967824
v 0.11565126 0.26418513 -0.52465492
v -0.43723419 0.47386286 0.46491662
v 0.13908775 0.39263397 -0.30107391
v 0.31226903 0.51418555 0.57151121
v -0.06645236 0.23589355 -0.34724161
v -0.46095526 -0.50793391 0.40264276
v 0.43701223 -0.02116154 -0.07963485
v 0.09383705 0.50808698 0.69377482
v 0.41214159 0.49802351 0.04468928
v -0.46437708 -0.51584917 0.07277110
v -0.07211538 -0.26447770 -0.56862307
v -0.23769253 -0.46355230 -0.14412175
v 0.01779668 -0.41066977 -0.32055768
v 0.11308961 0.28425339 -0.50946337
v 0.24847750 -0.46720219 -0.25783589
v 0.41219810 0.51087552 0.41053912
v -0.32385597 -0.50680923 -0.19967811
v 0.48260587 -0.51035529 0.03456618
v 0.22705479 0.50708902 0.64851302
v 0.41030812 -0.45378938 0.05183300
v 0.10929639 -0.33653554 -0.46442819
v 0.29990259 -0.40793008 -0.15009485
v -0.50517917 -0.49685848 0.11265633
v -0.17399056 0.49569282 0.61193407
v 0.12773825 -0.50917089 0.68700290
v -0.06852761 0.08250582 -0.63762331
v -0.39959764 -0.51509380 0.46891022
v 0.47841924 0.51558089 0.16773173
v 0.09536472 -0.41899216 -0.25224844
v -0.07782197 -0.29485106 -0.50724667
v 0.43650219 0.51327997 -0.04602123
v -0.05398770 -0.36884689 -0.40476769
v 0.06034414 -0.27149808 -0.35245049
v 0.47935733 0.51558614 0.19749975
v 0.27924088 0.50383133 0.62308735
v 0.11454702 -0.06923433 -0.62163335
v 0.10337379 0.18300091 -0.54967374
v -0.26676893 -0.51515460 -0.21034376
v -0.07112342 -0.20779265 -0.60696846
v -0.07129453 -0.24163838 -0.58839607
v 0.20540196 0.50648344 0.59523529
v 0.43881369 0.50746924 0.25282285
v -0.05705108 0.07114813 -0.66552460
v -0.05239068 -0.29544252 -0.56961775
v 0.21783271 0.51193416 0.59391201
v 0.35723293 -0.45663384 0.44636253
v 0.10894765 -0.03146038 -0.69449604
v 0.18449651 0.49885496 -0.28330493
v 0.24750924 -0.43927413 0.54900020
v -0.32761624 -0.46366763 -0.07302239
v 0.10605387 -0.12316349 -0.59964257
v 0.36905321 0.50581026 -0.04877111
v 0.34065485 0.48914587 0.57417947
v -0.24479604 -0.42879263 0.64571679
v -0.44649202 -0.45106646 0.12687421
v -0.07548280 0.45314646 0.64483178
v -0.43860573 0.49869788 -0.07195408
v -0.43259251 0.50670320 0.26091510
v 0.25370911 -0.51509446 0.60787284
v 0.31811529 -0.46837229 0.46621591
v 0.12858687 -0.46582144 -0.21776636
v 0.10575528 -0.15576231 -0.58946043
v -0.04318925 0.09869597 -0.57682431
v 0.05096792 0.34735772 -0.33793953
v -0.30550137 -0.49841335 -0.21704598
v 0.11747374 -0.21736176 -0.58110416
v -0.45685521 0.50474215 -0.03917757
v -0.49399641 -0.50753766 0.32669869
v -0.07330399 0.21091616 -0.55543387
v -0.33461651 -0.45765132 -0.09682370
v 0.05269356 0.22021693 -0.39938006
v 0.40183410 -0.50604177 0.50724745
v 0.03292367 -0.20270309 -0.54257405
v 0.04802782 0.22842708 -0.35278100
v -0.45280066 -0.27509469 -0.05251675
v 0.39210805 -0.51084471 -0.12130681
v 0.02809761 -0.46760052 -0.23721942
v 0.10778598 0.09558282 -0.59330207
v 0.33409443 -0.45803243 0.47262746
v 0.39255992 0.51255959 0.50107092
v 0.34868076 -0.50190121 0.56697863
v -0.22594598 0.51484734 0.62791812
v -0.42128271 -0.44994852 0.07096579
v 0.45254305 0.49799243 0.12739781
v -0.07182385 0.21577747 -0.53403574
v 0.35095969 -0.51489025 -0.15333413
v -0.42244244 0.51227349 0.35268575
v -0.04067975 0.21114199 -0.46914056
v -0.33441010 0.21884295 -0.12480432
v -0.38349602 0.50316316 -0.02208431
v 0.08181264 0.30339143 -0.52735382
v 0.30699497 -0.44868943 0.51246071
v 0.08541130 -0.28853196 -0.42369130
v -0.13703533 -0.50918388 -0.30065414
v 0.51246536 -0.50803894 0.18330842
v -0.06608853 0.19618262 -0.54709107
v -0.28482240 0.51536411 -0.19950809
v -0.12035056 0.40900323 0.69334787
v -0.26952007 -0.46353331 -0.12826481
v -0.39070302 -0.51403338 0.49693787
v -0.39278206 -0.45554915 0.37967631
v 0.40265802 -0.46830887 0.32463983
v 0.41950712 0.50873935 0.38755494
v 0.11624654 -0.26779577 -0.53559482
v -0.01737894 -0.24518630 -0.49021882
v 0.21242483 -0.51508790 -0.05725905
v 0.13400306 0.50855690 0.63776094
v 0.45870322 -0.50664502 0.41992044
v -0.08395302 -0.18341312 0.63462591
v 0.10756109 0.24897645 -0.58121341
v -0.35263199 -0.44995505 0.56776422
v -0.05999636 0.15493420 -0.63339788
v -0.14194851 -0.46421832 0.59353155
v 0.02794774 0.18486625 -0.53094667
v -0.39417112 0.51044387 0.44252792
v -0.46825260 0.49994630 0.39613304
v 0.26846918 -0.45270571 0.53528118
v 0.48025718 -0.49861452 0.36648181
v 0.10956460 0.25407428 -0.46578777
v -0.24483572 0.26098770 0.64578354
v -0.47340524 -0.50670367 0.00395619
v 0.33190736 -0.51386470 0.19727468
v 0.10699293 0.29771411 -0.40895256
v -0.05904459 0.29695490 -0.51221377
v -0.37492132 -0.19750313 -0.16040517
v -0.39768159 0.50859350 -0.12281399
v 0.40973112 0.49516562 0.40223438
v -0.36102030 0.50536340 -0.16936067
v 0.15840906 0.51108766 -0.23953645
v -0.49989545 -0.50713933 0.27538538
v -0.19720092 0.48379049 0.60364920
v -0.43763474 -0.15518172 0.46442029
v 0.09442029 -0.35300669 -0.36662787
v 0.28726035 0.50996828 0.55092257
v -0.06113660 -0.07034332 -0.66511476
v 0.43566436 0.51286519 0.33820251
v -0.01253958 -0.24219191 -0.33935872
v -0.08672085 0.50234157 0.64391518
v 0.15490992 -0.50827640 0.68051928
v -0.38987577 -0.50745475 0.51721525
v -0.01418155 0.51070893 0.69578916
v -0.06535086 0.11330806 -0.58769763
v -0.08015018 -0.30635056 -0.48074776
v 0.10715839 -0.32443175 -0.39549413
v -0.33414653 -0.25393280 -0.12534267
v 0.32825768 -0.51484060 -0.17318369
v 0.46965843 0.48278943 0.39519495
v 0.49277955 -0.44552168 0.04316163
v -0.27921116 0.49017844 -0.15509732
v 0.42782632 -0.46195915 0.23930031
v -0.49798262 0.50680286 0.30633533
v -0.50795877 -0.51269388 0.21200253
v 0.09853405 0.50749719 -0.30767000
v 0.50437874 0.49564868 0.28282118
v 0.41452485 -0.46725088 0.29703963
v -0.35566342 -0.51234049 0.54558158
v -0.41792238 0.50371391 0.05007491
v 0.39164254 -0.49488127 -0.13514519
v 0.14865389 0.12696710 0.68571162
v -0.30614644 -0.44878092 0.50952935
v 0.32600352 0.48192266 -0.12739967
v -0.06605264 -0.31437275 -0.53684223
v 0.09995043 -0.46857876 -0.21892858
v -0.44019890 -0.50307345 -0.06956830
v -0.06451760 0.17062891 -0.55913949
v 0.42520723 -0.44858888 0.08375331
v -0.35640717 -0.46355206 -0.01418237
v 0.21839152 0.51284838 -0.21141748
v -0.25092545 0.48233604 0.57114947
v -0.51199132 0.50693744 0.18863916
v -0.13383250 0.50514913 0.62859869
v 0.09789765 0.30874345 -0.49293265
v -0.07128849 -0.45126623 -0.25004706
v 0.16756628 0.51499569 -0.26087436
v -0.46484476 0.51146990 0.38142887
v -0.00718416 0.51482487 -0.27951279
v 0.10301200 0.31320071 -0.43697181
v 0.10156681 -0.19750337 -0.33890611
v 0.43135849 0.50984359 0.31719300
v 0.20772862 0.51179856 0.64911711
v -0.43835473 -0.51116735 0.45093575
v 0.01412633 0.51079911 -0.31225562
v -0.04156077 -0.16745305 -0.57838845
v 0.22837827 -0.51483196 0.63078231
v -0.05391610 0.04283037 -0.60846305
v 0.06496245 -0.49188757 -0.31406569
v -0.37395960 0.51510990 -0.09704866
v 0.11143403 0.29022264 -0.32651025
v 0.10286321 -0.38457480 -0.32252234
v 0.29424521 0.49113244 -0.22488907
v -0.44880739 0.51497972 0.29642141
v -0.17646262 -0.43879315 0.60630107
v -0.01456571 0.51534247 0.67965573
v -0.18359254 0.51499999 0.64201260
v 0.11924030 -0.26098391 -0.56546456
v -0.15278599 0.51461899 0.63697833
v 0.10125528 -0.11285906 -0.33920729
v -0.38957834 0.35252655 0.43809643
v 0.50998706 -0.50576818 0.21847208
v 0.01452569 -0.35268787 0.70753431
v 0.23903255 -0.45797724 0.54766297
v 0.01371472 0.50737268 0.70403928
v 0.10069883 -0.45490947 -0.23972943
v 0.31550780 0.15145245 -0.14189005
v 0.37833303 -0.50587529 -0.14792898
v -0.39418539 -0.44308367 0.01279579
v -0.22061928 -0.50997686 0.65054965
v -0.51100177 -0.50520867 0.17554520
v 0.46825966 -0.50383645 0.39731398
v -0.08125290 0.27853057 -0.47317502
v -0.03066378 0.15193401 -0.54898661
v 0.10125549 -0.08464415 -0.33920732
v 0.08463860 -0.46826768 0.60492933
v -0.12640779 -0.46064958 -0.22352436
v -0.25082687 0.51275855 -0.18665719
v -0.29609096 -0.45436403 -0.14002013
v 0.10962446 -0.02969769 -0.32843927
v -0.35582480 0.49828336 -0.08142472
v -0.05041627 0.23505718 -0.35512209
v -0.03354935 0.10088313 -0.67460936
v -0.48387370 -0.51502109 0.26809829
v -0.17636673 0.48607400 -0.21091652
v 0.00368646 0.00495654 -0.61265087
v -0.33390763 -0.30330846 -0.12535086
v 0.12963280 0.24756603 -0.30542848
v 0.12631819 0.04078770 -0.66654551
v 0.45423427 -0.26803458 0.13240726
v 0.33426765 -0.44969341 -0.09303005
v -0.25236490 0.49608710 -0.25349498
v 0.11163579 -0.32475045 -0.50411087
v -0.25345182 -0.50424552 0.63828558
v -0.08883302 0.02821523 -0.25873083
v -0.05102995 0.18313374 -0.62929159
v -0.08719929 0.02703665 0.63776040
v -0.06365830 0.51149738 0.68947810
v -0.43380144 0.51448143 0.04336878
v 0.05327885 -0.37951046 -0.33668497
v 0.32666254 -0.46838745 -0.07266758
v 0.01518587 0.41266268 0.70751917
v -0.02671113 -0.46777239 -0.23526627
v -0.38976842 -0.45261654 0.40502945
v 0.42711437 -0.51505131 -0.04299530
v 0.06607696 0.33019769 -0.47729376
v 0.22657679 -0.49723253 0.65067297
v -0.01923908 0.04874546 -0.68856335
v 0.46819887 0.51527286 0.32539019
v -0.05653222 -0.18635188 -0.63984370
v -0.41021466 -0.51550269 -0.05043154
v -0.21680589 -0.40105832 0.59239519
v -0.07060223 -0.26926619 -0.35228348
v 0.38295615 -0.46838811 0.38550314
v 0.35174176 0.51087004 -0.09667642
v -0.14566112 -0.46323287 -0.20571361
v 0.13245569 -0.30442834 -0.30397347
v 0.26627260 -0.50757968 -0.24219450
v -0.27207455 -0.19045079 -0.24457808
v -0.38829187 0.48052242 0.43793967
v 0.27500364 0.51516229 0.59458703
v 0.45363611 -0.40186858 0.13418354
v -0.05407707 -0.28317884 -0.45453978
v -0.08568502 0.35768241 -0.31680706
v -0.03935708 -0.37178203 -0.45088646
v -0.22482137 0.51087141 0.64528054
v -0.14137834 0.51568609 -0.26855198
v -0.48118752 0.50169110 0.36687055
v 0.35230437 0.49887359 0.47876197
v 0.41905105 0.50627333 0.37347543
v 0.44948980 -0.50249040 -0.05173813
v 0.20325971 0.50923854 -0.21154235
v 0.48096529 -0.51500607 0.27066121
v 0.39045256 -0.43615705 -0.01965695
v 0.06739520 0.51541162 -0.28276062
v 0.11969118 0.50905430 0.64255929
v -0.08454264 -0.35155392 -0.35018295
v 0.06434174 0.18578440 -0.53529006
v -0.26516178 -0.50590670 -0.24660090
v 0.40751025 0.51508951 -0.02791925
v 0.09838300 0.22599073 -0.50883555
v -0.22328849 -0.46421906 0.55014032
v 0.47570410 -0.50312877 0.00688534
v 0.40864047 0.50898015 -0.10655119
v -0.15435113 0.51440775 -0.24674071
v 0.13486820 0.33601698 -0.30283749
v 0.11987192 0.51294971 0.67846906
v 0.45427519 0.51455635 0.01226409
v 0.35263026 0.51561850 0.52238119
v 0.33379593 -0.43917364 0.48397455
v -0.06352528 -0.51427960 0.68843424
v 0.12849613 0.51069409 -0.29683638
v 0.24174824 -0.51087004 -0.25296488
v -0.05432081 0.37424624 -0.33340353
v -0.28536731 -0.44673771 0.52895582
v -0.09200434 0.50909978 -0.30317637
v -0.13041748 -0.39549726 -0.23594038
v 0.45234406 0.49669272 0.15158537
v 0.00207772 -0.27063119 -0.43683627
v -0.46581259 -0.48304260 0.40264854
v -0.07769297 0.02464565 -0.33429348
v 0.24557722 -0.32446930 -0.25982648
v -0.04498363 -0.45552471 -0.24676979
v 0.50178230 -0.50677764 0.28990960
v 0.13213946 0.08385302 -0.30418038
v -0.10053694 -0.39740705 -0.30997354
v -0.47732082 -0.51560259 0.16372918
v 0.16867283 0.49721345 -0.22591043
v 0.09696851 -0.29666090 -0.45148286
v 0.28280714 -0.46840534 0.50155139
v -0.37264144 -0.50988352 -0.15337008
v -0.32288206 -0.42338547 -0.13074350
v 0.10585500 0.24665958 -0.33390415
v -0.21802463 -0.29617992 0.59275150
v -0.07251561 -0.51496273 -0.28029147
v 0.37463588 -0.20455851 0.54616982
v -0.42648739 -0.46398565 0.12587225
v -0.10733648 -0.31211409 -0.31846839
v -0.43185019 0.50465727 0.07807793
v -0.12074073 -0.36448842 -0.31202587
v -0.16245419 0.51277626 -0.27995023
v 0.09229101 -0.17767739 -0.66668975
v 0.35763198 0.51308829 0.49315968
v -0.37981114 -0.45767578 0.42312303
v 0.12735268 0.01455226 -0.66297102
v -0.00291007 -0.38043836 -0.35017622
v 0.11953125 -0.20128836 -0.59000254
v 0.26714781 -0.46772063 0.51698786
v -0.44577840 0.48449621 0.17601822
v 0.08809657 0.24454114 -0.36742422
v 0.40397984 -0.51241386 -0.10075080
v 0.00177969 0.19918834 -0.48242217
v -0.43485913 -0.44991320 0.09928728
v -0.08213881 0.31284952 -0.38076028
v 0.33224571 -0.51498723 0.03892128
v -0.39798203 -0.46395624 0.07055174
v 0.46712327 -0.51512218 0.31956774
v 0.48592687 -0.50602937 0.34903535
v -0.50022900 -0.50738978 0.09133022
v 0.11923658 0.15285668 -0.58162695
v 0.34590244 0.50832647 -0.18153088
v 0.01421524 0.22307067 -0.36279333
v 0.08464829 0.32332247 -0.36092383
v -0.07312406 -0.25521114 -0.53509301
v 0.29534867 0.51508600 -0.19034313
v -0.04890787 -0.51308119 -0.18731306
v -0.01879464 -0.32628146 -0.55945837
v 0.43436244 -0.46135107 0.12726861
v 0.39370683 0.50453055 0.42399648
v -0.20478556 -0.51228189 0.64975762
v 0.11625159 0.17205799 -0.63611162
v 0.29531136 0.51211029 -0.20988943
v -0.38873130 0.50494856 -0.13672523
v -0.40734994 -0.45565426 0.30953860
v -0.07804260 -0.51113796 0.69377643
v -0.07350346 0.22741753 -0.50737089
v -0.08014023 0.25414664 -0.45183972
v 0.49258041 -0.27509114 0.04225126
v -0.06915773 0.12542047 -0.62438977
v 0.11352035 0.28461099 -0.47484642
v -0.04993193 -0.23960340 -0.51390427
v 0.32492858 -0.51407772 0.56509525
v -0.46595427 0.50500798 -0.01651767
v 0.11269934 -0.05640895 -0.68889928
v -0.44201350 -0.45738915 0.14885108
v -0.49379644 -0.51407623 0.12641375
v 0.16169785 -0.46919829 0.13243203
v -0.02169863 -0.35089210 -0.51369280
v 0.36816469 0.51185006 0.47117069
v 0.37512103 0.44945255 0.54542202
v 0.30460316 0.51169020 0.59006917
v -0.50892550 -0.49369046 0.24742487
v 0.11468955 0.01341752 -0.63935143
v 0.44782788 -0.51436913 -0.01803479
v 0.11051372 0.26265877 -0.56072438
v 0.51452684 0.41484910 0.17571494
v 0.08075641 0.07915320 -0.69143987
v -0.38810569 0.51492202 -0.10069814
v 0.46389866 -0.49513733 -0.02095530
v 0.14733838 -0.51508135 -0.27031824
v -0.12031721 0.23277350 0.69338906
v -0.16805552 -0.45454177 0.60603678
v 0.45912319 0.50394976 0.41697013
v -0.33367079 0.44466856 -0.12496736
v -0.07290281 -0.35310888 -0.43726066
v 0.30739602 0.49625573 0.53275228
v 0.40309864 0.49709821 0.02786476
v 0.34849089 -0.44131240 0.46358001
v 0.35015070 -0.42242414 -0.08309530
v 0.12362407 0.14070486 -0.60546327
v 0.38086027 0.51524204 -0.08531856
v -0.13259742 0.43496299 -0.30680689
v -0.01515627 0.49452758 0.70479137
v -0.00816954 0.25322735 -0.59640938
v 0.30606025 -0.16664934 -0.14737101
v -0.13692360 -0.51041967 0.68084317
v 0.42824522 -0.44938517 0.29599586
v 0.18404074 -0.45655322 -0.19750403
v -0.34016320 0.51405191 -0.16215773
v 0.35184661 0.47045532 -0.18340789
v -0.41224533 -0.46402130 0.09837664
v 0.15388235 -0.46855816 -0.19170961
v 0.09774967 0.31960726 -0.33925021
v -0.33182701 0.49317273 0.49411213
v -0.49262115 -0.11285888 0.34288779
v -0.16967985 -0.45796874 -0.19969188
v 0.11941484 -0.35104996 -0.31615639
v -0.38632107 -0.07051472 0.43745768
v -0.08821665 0.27821055 -0.36313781
v -0.07207771 0.16554546 -0.57972425
v -0.22676942 0.33145791 0.59213930
v -0.05352005 0.01660968 -0.62197745
v 0.41239521 0.48670879 -0.11001005
v -0.05020989 -0.05845926 -0.60989773
v 0.06553365 0.14525869 -0.67063862
v 0.31962425 0.23277166 -0.13968132
v -0.46749493 -0.49946830 -0.01445634
v 0.04000257 -0.26707318 -0.35188425
v -0.51464802 -0.01410997 0.20989442
v 0.41605023 0.51500046 -0.05813348
v 0.12977026 0.46005777 -0.24805287
v 0.31518847 -0.10590617 0.51451170
v -0.29050800 0.50935072 0.60654497
v -0.05610132 0.51471204 0.67022145
v 0.06396608 0.03019762 -0.60589784
v -0.26780480 -0.45487019 -0.15307114
v -0.00009598 0.50793940 -0.26157817
v -0.35583389 0.51007164 -0.09297025
v 0.31545717 0.32451591 0.52305573
v -0.41619197 0.50406784 0.33612847
v -0.08354416 0.29603866 -0.43316811
v -0.06201908 0.21355030 -0.33996356
v 0.12669060 -0.12650177 -0.64951593
v -0.06097577 0.51400644 -0.29732376
v -0.38431236 -0.46378243 0.04208080
v 0.31925598 -0.30330849 -0.13978454
v 0.02888679 0.19541599 -0.50986636
v 0.05744440 -0.21303746 -0.65714347
v 0.13156071 -0.07759097 -0.30441287
v -0.04128702 0.33720911 -0.36319047
v 0.35264197 0.10580755 -0.18276864
v 0.10354911 0.28147668 -0.35127312
v 0.07356412 0.33352220 -0.43381450
v -0.46317682 0.51552939 0.08716287
v -0.09290833 0.32105741 -0.32404315
v -0.12818182 -0.45104042 0.62166685
v -0.00040074 -0.37607291 -0.46896023
v -0.37489122 -0.39521527 -0.16038796
v -0.41429037 -0.45472503 0.29036433
v -0.13104331 0.50751299 -0.23966987
v -0.51298356 -0.50461334 0.19120099
v -0.07516970 -0.28090221 -0.53590530
v 0.09088564 -0.51509559 -0.14944838
v -0.40695402 -0.45095921 0.04256607
v -0.50346208 0.50434858 0.27584970
v -0.37400109 0.51461744 0.50765610
v 0.22419007 -0.49763706 -0.26815745
v 0.08591209 -0.36052552 -0.47358131
v 0.13403870 -0.20470646 0.62228149
v -0.50659329 0.50904131 0.24786231
v -0.33086383 0.47917038 -0.12582920
v -0.04042111 -0.25514218 -0.34065789
v -0.50121784 0.27509353 0.07505695
v 0.10206923 0.04257850 -0.33907008
v 0.11935443 -0.09969418 -0.61897171
v -0.43832755 -0.44422510 0.18442911
v -0.30527505 0.51114500 0.59152246
v 0.31959867 0.19044955 -0.13963658
v 0.04296139 -0.36379942 -0.49615431
v 0.33957863 0.50716084 0.50035840
v -0.43527800 0.51381880 0.32402834
v 0.10661947 0.28030595 -0.53870207
v -0.03291734 -0.51330900 0.53190392
v -0.19970290 -0.51184052 -0.26999140
v 0.07321940 -0.36667094 -0.34491581
v -0.09832624 -0.49684265 -0.30863622
v 0.24367011 0.49567512 -0.18306544
v 0.09960377 0.31381801 -0.38073638
v 0.09645343 -0.02821446 -0.33946511
v -0.22019944 -0.15528530 0.59250140
v -0.44450960 0.51499224 0.38169020
v -0.21382153 0.51519209 -0.24248232
v -0.02894689 0.19933820 -0.51398599
v 0.35263392 -0.24687952 -0.18277393
v -0.46488416 -0.51068121 0.39008218
v -0.05897428 -0.04069589 -0.62138462
v 0.32491711 0.38821340 -0.13013628
v -0.19067101 0.51292479 -0.26708561
v 0.41353783 -0.43261945 0.38327831
v 0.09054227 0.22905360 -0.45127499
v 0.00007050 0.35782656 -0.33758527
v 0.36368400 0.50728112 0.55245352
v -0.06701882 0.32738867 -0.36407968
v 0.42111596 -0.48488832 0.48222643
v 0.07456142 -0.21797638 -0.54167289
v 0.32759112 0.50856757 -0.19756566
v 0.10964677 0.04243527 -0.68725902
v -0.34054393 -0.45906928 0.46689388
v -0.45355839 0.51157027 0.41139027
v 0.08281589 0.20904036 -0.52444327
v -0.07562987 0.05643632 -0.33702853
v -0.23571773 -0.51508951 0.61962736
v -0.27209494 0.35268527 -0.24450736
v 0.00048143 -0.45209494 -0.24832596
v 0.31714475 0.51335704 -0.15566620
v 0.27496195 0.51545191 -0.19659825
v -0.41649944 0.48390609 0.31808382
v 0.09459910 -0.01126177 -0.62854302
v -0.49313650 0.47523925 0.34060806
v -0.08663415 -0.12004846 0.63547117
v -0.07149246 -0.45277053 0.62734008
v 0.06179661 -0.23555608 -0.51060170
v 0.51010913 0.50638765 0.21855475
v -0.05837731 0.49554047 0.69990051
v -0.08137039 -0.34568408 -0.40890011
v -0.21054564 0.50740451 -0.19744262
v -0.43652672 0.51541376 0.01489229
v 0.05623736 0.20003037 -0.33928213
v 0.07361078 -0.36984965 -0.39739153
v 0.09589113 0.24464148 -0.39373440
v -0.04367467 -0.04521722 -0.68375993
v 0.29058418 -0.45079923 0.52199113
v -0.20391029 0.50528079 0.65998220
v 0.06375941 -0.18574211 -0.57109171
v -0.01479197 -0.18719710 -0.56470007
v 0.35263258 -0.31741574 -0.18277518
v 0.43611696 0.50900966 0.27370465
v -0.09109004 -0.21869329 -0.32365182
v -0.03622734 0.01031270 -0.68711019
v -0.27208993 -0.42947751 -0.24437696
v -0.05535049 0.27152294 -0.55550230
v 0.10124755 0.07759093 -0.33920756
v 0.07245346 -0.25449052 -0.63183224
v 0.31959867 0.06348315 -0.13963658
v -0.33376130 -0.33858117 -0.12522629
v 0.37244204 -0.44653699 0.43109828
v -0.40949667 -0.50956202 0.49176806
v 0.37855369 -0.45753017 0.41492504
v 0.47046047 0.50799906 0.00369690
v -0.21427813 0.40398988 0.59725267
v 0.03447211 0.48308352 -0.31940299
v -0.06813910 -0.07484151 -0.63304561
v -0.22127494 -0.06350004 0.59256899
v 0.01292916 -0.46038806 0.62190473
v -0.07052479 0.16977534 -0.60752398
v -0.14938940 -0.42258438 -0.29987085
v -0.48159188 -0.50909889 0.36215240
v 0.31962425 0.02116105 -0.13968132
v -0.08303356 -0.32327294 -0.43770868
v 0.08395616 -0.34395644 -0.51623964
v -0.36481726 0.51037252 0.46955609
v 0.18974656 -0.49263152 -0.28164920
v -0.45268446 -0.39468747 -0.05265486
v 0.10484695 0.15470523 -0.65429306
v 0.25104252 0.49487323 -0.25574067
v -0.06760623 -0.09159846 -0.33957401
v 0.43700543 -0.12696680 -0.07963336
v 0.11412519 0.24607055 -0.52315331
v 0.12844035 0.41616809 -0.24871165
v 0.43670204 -0.46468037 0.18362176
v -0.08724903 0.39498150 -0.25936586
v -0.42515007 0.50747305 0.47586527
v -0.31884286 0.50424343 0.59097141
v 0.31745949 -0.50080603 0.59264565
v 0.12070826 -0.18120191 -0.64248317
v -0.37696773 -0.46852818 -0.15802178
v 0.31962425 -0.02116105 -0.13968132
v 0.27973628 0.50257188 -0.23429795
v 0.31506169 -0.46073428 -0.10330860
v 0.46513644 0.51285988 0.13417646
v 0.23066810 0.51002455 -0.19648737
v -0.49269837 -0.51486105 0.24392083
v -0.34236053 -0.43792957 -0.09826877
v 0.34453475 -0.46799955 -0.05632516
v -0.07093330 -0.28329226 -0.55631053
v 0.40519032 -0.46834874 0.24780196
v 0.32010067 -0.37118232 -0.13803169
v 0.18517581 -0.51434898 0.65227622
v 0.35263261 0.20455733 -0.18276411
v 0.30149785 -0.50297332 0.60584414
v -0.35298732 -0.48503157 -0.17885339
v 0.31952801 -0.23277171 -0.13970034
v 0.51458615 0.19045937 0.17570429
v -0.02267820 0.33910286 -0.45430169
v 0.11233645 -0.01505589 -0.63739097
v 0.09661812 -0.29021552 -0.34596708
v 0.27109835 0.35268420 0.63059729
v -0.09097443 -0.25583574 -0.32222950
v 0.31526062 -0.04278177 0.51578921
v -0.06243679 -0.12644996 -0.65507579
v -0.22300293 0.09873011 0.59276551
v 0.33576548 -0.50365871 -0.19344419
v 0.10250780 0.18332081 -0.33787590
v 0.19811068 -0.49646771 0.66357440
v 0.12181535 -0.41482043 -0.30779827
v -0.22517824 0.51443416 -0.20882563
v 0.04099660 -0.29354122 -0.59939283
v -0.07118788 -0.19044200 -0.33837280
v 0.32620278 0.51200533 0.52951777
v -0.03697007 0.06293981 -0.59174931
v 0.42402154 -0.50850415 0.47289288
v -0.45193693 0.50823194 0.16237734
v -0.45238325 0.08460908 0.12796253
v -0.37426645 0.42711878 -0.16097023
v 0.05653830 -0.46833614 0.60472924
v -0.41212633 -0.48550048 -0.10934567
v 0.11777130 -0.27681443 -0.56488222
v 0.11329334 0.01423833 -0.68944150
v -0.10620361 0.51246619 -0.29827312
v -0.09886070 -0.33920851 -0.32477966
v 0.10296127 0.11285914 -0.33877593
v -0.02166016 -0.47891703 -0.32131261
v -0.21651353 -0.51541913 -0.23570284
v 0.39155534 -0.45343029 0.40178779
v 0.10915691 0.12916490 -0.57767689
v -0.07510751 -0.40168968 -0.26027885
v -0.34606692 0.50348395 -0.18245043
v -0.27046725 -0.51052690 0.61977565
v -0.05972089 0.08367386 -0.59420925
v 0.10331064 -0.00705364 -0.33824894
v 0.01222778 -0.24751556 -0.63834274
v 0.09645618 -0.16928852 -0.33947250
v -0.06770066 0.13402857 -0.33961216
v 0.17190842 -0.46835348 0.56779677
v 0.51457465 -0.19045167 0.17567450
v -0.35268119 -0.01410654 0.56798309
v 0.45411691 0.41617003 0.13283296
v -0.43762925 -0.26098716 0.46442318
v 0.27098933 -0.42963868 0.63060945
v -0.50378138 0.49462190 0.09684364
v -0.27210081 -0.35974053 -0.24449226
v -0.45279205 0.22571903 -0.05253122
v -0.21718496 -0.35260710 0.59285533
v 0.44670084 0.50984478 0.21846168
v 0.38063028 0.50250834 -0.02030436
v 0.31913206 0.35268152 -0.13951883
v -0.38927406 0.30321947 0.43808731
v -0.50987256 -0.50532085 0.16201054
v -0.49820760 -0.50244999 0.06802756
v 0.30205479 0.50966996 -0.15557034
v 0.24557504 -0.12696488 -0.25981322
v -0.45019647 0.51234818 0.21132758
v -0.04289660 -0.38326138 -0.33480692
v 0.48133966 -0.51524341 0.20648247
v -0.40475836 0.51518953 -0.03871363
v 0.39355260 0.51507497 -0.05687299
v 0.37614125 -0.39710227 -0.02613359
v 0.01385535 -0.25731257 -0.34369633
v 0.41401547 0.03494747 0.38596150
v 0.45422482 -0.31741291 0.13257730
v 0.12924850 -0.40543273 -0.24591553
v -0.39349318 0.50641054 0.51415348
v -0.25109833 -0.46418658 0.52212375
v -0.33404070 0.40206051 -0.12521510
v -0.30580154 0.49886790 -0.21645407
v 0.44529933 0.48387149 0.19258550
v 0.03716524 -0.00522487 -0.61500263
v -0.42379099 -0.50838792 -0.08814449
v 0.43311426 -0.43982914 0.26788670
v 0.17747447 -0.50954044 -0.28149918
v -0.08084104 -0.11989428 -0.32650495
v 0.19363394 0.51536667 0.63193345
v 0.40413707 -0.46871534 0.13246618
v -0.05356003 -0.26406515 -0.48353848
v 0.35488668 0.50593984 -0.07881410
v -0.45367029 0.43032971 0.13139822
v 0.24559198 0.37384707 -0.25981602
v 0.50940514 -0.50730950 0.14862163
v -0.27171993 -0.51505768 0.59681928
v -0.17890956 -0.46431783 0.57923239
v 0.12858130 0.08464415 -0.24880847
v -0.37532231 0.51188642 -0.14095123
v -0.01653707 -0.51522940 0.67938524
v 0.36839303 0.48408642 -0.04203840
v 0.11572418 0.07143366 -0.67851454
v -0.29900917 -0.46413708 -0.11503279
v -0.28368047 -0.48315915 0.61813724
v -0.34319872 0.49913990 -0.11056414
v 0.41328233 -0.33891374 0.38323194
v -0.46877700 0.51518071 0.32030386
v -0.06559478 0.23000246 -0.45058802
v 0.31948194 -0.26804039 -0.13972829
v -0.11110519 0.51492178 -0.27497303
v 0.45553333 -0.51500100 0.01516049
v 0.31962425 -0.06348320 -0.13968132
v -0.35257822 0.40900350 0.56803644
v 0.24797517 0.49089992 0.56656265
v -0.45173311 -0.19758043 0.12659094
v 0.21469361 -0.51508856 -0.24400322
v 0.00763802 0.34452051 -0.41569108
v 0.11402006 -0.24940355 -0.61153901
v 0.51458806 -0.31036291 0.17570555
v -0.21248360 0.48300114 -0.19128616
v -0.37603855 -0.50532299 0.53732979
v 0.02142952 -0.23173721 -0.50442088
v 0.42354527 0.49520025 0.33042368
v -0.45265761 0.50168204 0.43050310
v -0.48092213 -0.50253338 0.02098401
v 0.31273592 0.46629822 0.52736712
v 0.10124476 0.13402000 -0.33920768
v -0.12035294 0.51191443 -0.29761291
v 0.21326762 -0.46839711 -0.16954440
v -0.50122154 -0.26098627 0.07506314
v 0.31011385 0.48314068 0.59913659
v 0.09918836 0.30566865 -0.35282955
v -0.35267609 0.09875153 0.56798303
v 0.19272195 0.49495971 -0.21198788
v 0.24557759 -0.23277119 -0.25981945
v 0.12747192 -0.01402594 -0.66327602
v 0.12671949 -0.06985854 -0.64900434
v 0.00504006 -0.02282836 -0.70256788
v -0.01076403 0.29483515 -0.55479825
v -0.01857209 0.31825387 -0.50635207
v 0.31962425 0.31741601 -0.13968132
v -0.12030675 -0.11285983 0.69339210
v -0.33414653 0.11285900 -0.12534267
v -0.42338577 -0.44202289 0.25486314
v 0.35309309 -0.44967252 -0.18222976
v 0.35308337 -0.46867877 -0.01071230
v 0.23763636 -0.42148599 -0.18667525
v 0.41294795 0.27406830 0.39221203
v -0.12032515 0.00705478 0.69338441
v -0.07090252 -0.50737292 -0.31183720
v -0.50669217 0.49736360 0.12797639
v 0.18083428 -0.41305071 -0.21813197
v 0.27109763 -0.35268492 0.63059855
v 0.38026443 0.51517004 -0.10571083
v 0.38277772 0.51050884 -0.13774092
v 0.18715124 -0.51442504 -0.26520437
v -0.32176596 0.17712645 -0.13194719
v -0.10057637 -0.45846036 0.62427533
v -0.17666456 -0.51157665 -0.28030306
v 0.06506743 -0.28053388 -0.44707027
v -0.36046574 -0.44208360 -0.05786541
v -0.38590205 -0.17635117 0.43683562
v 0.50138831 -0.11286524 0.30989534
v 0.03637486 0.30122522 -0.55216354
v -0.43764004 -0.04232316 0.46441627
v 0.15316302 -0.51511139 0.65160418
v -0.39002106 0.44396329 0.43756065
v 0.00563791 0.09848008 -0.56972241
v 0.13463321 0.26092121 0.62939179
v 0.00072815 0.17492743 -0.53571606
v 0.11366172 -0.51477402 -0.28639856
v 0.51459259 0.31036258 0.17571631
v -0.09923658 -0.51334018 -0.29755795
v -0.06844164 -0.28286624 -0.38296679
v -0.27209374 0.15518330 -0.24449384
v -0.39902759 -0.48330691 0.51198751
v 0.29895946 -0.51509732 -0.18779410
v 0.13426572 -0.03536394 0.62497365
v 0.27400747 -0.43673354 -0.16475181
v 0.31873763 0.43039122 -0.13953263
v 0.31550771 0.10248039 -0.14189009
v -0.33414653 -0.01410738 -0.12534267
v -0.33912140 0.17634873 -0.11626226
v 0.13363890 -0.37314519 0.61924165
v -0.15589032 -0.49958456 0.67951685
v 0.43699735 0.30330867 -0.07964332
v 0.27109754 0.04232214 0.63060004
v 0.11411911 -0.15627110 -0.66597539
v 0.04939763 -0.26398927 -0.47002053
v -0.08894484 0.25399873 -0.25867862
v -0.21561819 -0.45888600 0.58574301
v -0.43059710 0.50714648 0.27499101
v 0.49258906 0.41493633 0.04235628
v 0.10257303 0.15543716 -0.33840966
v -0.18855122 0.48402736 -0.28268415
v -0.45190418 -0.04237868 0.12692279
v 0.45319107 0.36679178 0.43739533
v -0.06993286 0.33632386 -0.33909264
v -0.43943566 0.50775182 0.09200622
v 0.01201045 -0.49409336 0.70683712
v 0.10567284 0.40074593 -0.32418945
v -0.04090229 0.12447448 -0.56426156
v 0.04226585 -0.37803385 -0.36945510
v 0.44424486 0.51467544 0.05656532
v 0.45437291 0.36679736 0.13280430
v 0.01441464 -0.08872014 -0.69581550
v 0.31511569 0.38090837 0.52450877
v -0.39968926 0.51125914 -0.00681040
v -0.36711478 -0.45312238 0.45259759
v 0.43725362 0.46843621 -0.07877200
v -0.06734843 -0.14782880 -0.33955330
v 0.13156147 -0.21866445 -0.30446488
v -0.33414653 -0.14812750 -0.12534267
v 0.50706369 0.49793798 0.25403726
v -0.51465082 -0.39309552 0.20953621
v 0.13416408 -0.16928853 -0.30324540
v 0.14711575 0.50712425 -0.29457897
v -0.45293149 0.19746076 0.12944934
v 0.40444911 -0.46132216 0.38017336
v -0.06768027 -0.50483996 0.14041646
v 0.13388368 -0.26814348 0.62124276
v 0.21026292 -0.51321554 0.64575177
v -0.38671571 0.02823754 0.43784297
v -0.07953335 -0.33163872 0.63304305
v -0.02844647 -0.51359701 -0.31089896
v 0.04801692 -0.37824258 -0.44280750
v -0.38381976 -0.35979459 0.43743715
v 0.03861297 -0.24081308 -0.33929846
v 0.04564089 0.50363803 0.64054990
v -0.01210027 0.22414911 -0.35106769
v 0.45149454 0.49485743 -0.04839772
v 0.12859583 -0.07759049 -0.24877049
v 0.07958771 -0.12098916 -0.69118047
v 0.51187670 0.50680310 0.19758466
v -0.50104427 0.39286911 0.07443938
v -0.30225930 0.49350572 0.60451597
v 0.00016667 -0.26580164 -0.46157917
v -0.28718957 -0.50469136 -0.23043202
v -0.00666198 0.21036622 -0.42509195
v 0.48930010 0.49211332 0.34393319
v 0.01460264 0.51155221 0.64919823
v -0.01837223 -0.14456826 -0.67882419
v -0.40721187 0.49930292 0.36584011
v 0.45404649 -0.35975200 0.13262017
v 0.13401899 -0.12705056 0.62357008
v 0.39521128 -0.46534958 0.03943872
v 0.04292089 0.33994785 -0.35822067
v 0.08655695 0.23280351 -0.61260468
v 0.50138211 -0.22572212 0.30991653
v 0.49164367 -0.50444019 0.04765744
v 0.11117738 0.10047795 -0.67511827
v 0.29267439 -0.46858582 -0.09582891
v -0.48102602 0.49385211 0.02067590
v -0.08420658 0.27115756 -0.42753866
v -0.08508187 -0.29258931 -0.36413616
v 0.42977917 0.48360148 0.29026586
v -0.06222937 0.01412447 -0.66526967
v -0.36632288 0.50392115 0.54999501
v 0.42323509 0.48454061 0.06929272
v 0.12401928 0.09846298 -0.62012053
v -0.45278308 0.42262572 -0.05243415
v -0.43765178 0.39500627 0.46438143
v -0.33414653 0.33152351 -0.12534267
v -0.15761511 -0.50537300 -0.29577577
v 0.41393396 -0.21917604 0.38319123
v 0.12394290 -0.45742574 -0.30651215
v 0.03156810 0.08572156 -0.69280243
v -0.39457738 -0.51510280 -0.08521919
v -0.24482876 -0.35268426 0.64578658
v 0.25175914 -0.46852309 -0.14958036
v 0.37464023 0.38795266 0.54615897
v 0.37464508 0.31036213 0.54616308
v 0.40158945 -0.46754870 0.35322028
v 0.12858769 -0.21866046 -0.24879795
v 0.13314866 -0.32438573 0.62047035
v -0.39650410 -0.51100183 -0.12034208
v 0.29662570 -0.45892867 -0.12553526
v -0.10895919 -0.51543778 0.66440123
v -0.51465237 0.26098537 0.20988221
v -0.49262595 0.23277272 0.34288722
v 0.14865482 -0.33152300 0.68570274
v -0.37490240 0.35268515 -0.16041884
v -0.24483080 -0.16223451 0.64580190
v -0.50615180 0.50724083 0.14794029
v 0.49259305 0.31036335 0.04225892
v -0.02920505 0.18498373 -0.53380275
v -0.33232769 -0.39530849 -0.12554930
v 0.27109793 0.15518117 0.63059598
v 0.14749593 0.50716060 0.62992775
v 0.10980036 0.36122602 -0.32745752
v -0.26176310 0.49411666 0.63370162
v 0.31545946 0.20452844 0.52059102
v -0.05999327 0.04190152 -0.66631252
v -0.23771496 0.51278567 -0.24788229
v 0.24556585 -0.40205312 -0.25982520
v 0.36553249 -0.46838519 0.40232453
v 0.07237409 -0.49479437 0.69835800
v 0.19505000 -0.46541893 0.56754649
v 0.24627417 -0.46843091 0.52422976
v -0.22215350 0.00702907 0.59261250
v 0.31548887 0.07040077 0.51790673
v 0.27109960 -0.17634194 0.63060218
v -0.02513064 -0.02876184 -0.61105222
v 0.44470069 0.48317343 0.11313843
v -0.05665337 -0.49705595 0.69993186
v -0.10195740 -0.28215924 -0.32066455
v 0.38136226 0.50631469 0.44312534
v -0.32146081 -0.45275989 -0.12489608
v 0.41221160 0.40934178 0.39598274
v -0.12902153 0.05556423 -0.30910766
v -0.38710847 0.07758296 0.43800887
v 0.45425424 -0.14811826 0.13241771
v 0.49396724 0.51278055 0.11997253
v -0.08174507 -0.23991011 0.63409990
v 0.10097495 -0.51511371 0.66500205
v -0.43764105 0.30330956 0.46439356
v -0.18282525 0.51520342 -0.23771016
v -0.06122481 -0.46864328 -0.01323293
v -0.07724513 0.38807306 0.64392745
v 0.10030736 -0.08482753 -0.60821086
v -0.42989564 -0.44901463 0.22214074
v 0.13153470 -0.26100990 -0.30445251
v 0.45318615 -0.04937620 0.43739673
v 0.50474811 -0.50671303 0.13389297
v 0.35264811 -0.38797992 -0.18276806
v -0.09352481 -0.16210184 -0.32317039
v -0.03052158 -0.27592251 -0.43241525
v 0.13340636 -0.41580313 0.61790472
v 0.45424044 -0.21160485 0.13238345
v 0.50452840 -0.49669713 0.11424498
v -0.08187645 -0.31225315 -0.41272140
v 0.11200204 0.04242179 -0.62117785
v -0.22610022 0.48387894 0.59225059
v 0.27428052 -0.46802595 -0.13543837
v 0.14849189 0.42275122 0.68567568
v -0.35268566 -0.11991203 0.56799889
v -0.05784830 -0.26590246 -0.59077758
v 0.43765122 -0.49683383 0.45853776
v -0.08887728 0.16928375 -0.25871119
v -0.06822421 0.43648872 -0.32182243
v -0.35267630 0.21161123 0.56798655
v -0.11394387 0.33303994 -0.31507972
v 0.51458400 0.06347999 0.17567825
v 0.12859285 -0.01410730 -0.24878407
v -0.46361771 0.51523954 0.23924658
v 0.37463444 0.11991183 0.54616624
v 0.12858850 0.19750319 -0.24880175
v -0.41200185 -0.46432614 0.19847746
v 0.41273960 0.34552088 0.39390472
v 0.21252769 -0.44576320 -0.19107030
v -0.07955281 -0.37342465 0.63397133
v 0.11538227 -0.01194592 -0.69054496
v -0.27214420 0.42918381 -0.24433997
v 0.18452501 -0.51509321 0.40336943
v 0.41376686 -0.28244427 0.38290587
v 0.31552750 0.13437796 0.51914364
v 0.43699452 -0.33152163 -0.07964107
v 0.02485172 0.33943495 -0.47096372
v -0.33414653 -0.07053690 -0.12534267
v 0.13385192 0.43017882 0.63240129
v -0.38921720 -0.45625383 0.01614029
v 0.49257514 -0.04937161 0.04225178
v -0.35268161 -0.21866441 0.56799364
v -0.33952224 -0.51504368 -0.15356550
v 0.14865415 -0.22571877 0.68570888
v -0.35268515 -0.38796592 0.56798214
v -0.42511714 0.48389614 0.27629587
v 0.37463701 0.21866272 0.54616028
v 0.41379234 0.11246176 0.38757092
v 0.50135708 0.27509418 0.30991203
v -0.06093127 -0.46858880 0.33895585
v 0.04088203 -0.15200134 -0.68577981
v 0.05618361 0.01406543 -0.70363152
v 0.04055382 -0.49374270 0.70364517
v 0.45426959 -0.07758104 0.13245544
v 0.31555372 0.43025303 0.52499563
v 0.40057775 -0.40451828 0.02310438
v 0.18510519 0.50979686 0.66507727
v 0.13442658 0.13378616 0.62743163
v -0.02399771 -0.42157370 -0.32117534
v -0.40600091 0.48320264 0.02802269
v 0.45318794 -0.29625407 0.43740222
v 0.11024220 0.47813272 0.63563472
v 0.35260582 0.39499107 -0.18277133
v -0.45279536 -0.14812647 -0.05252168
v -0.21947144 -0.20454472 0.59254253
v -0.21849969 -0.50396580 -0.26839805
v -0.24483860 0.05642921 0.64579141
v -0.45186731 -0.14817569 0.12676053
v 0.30983669 -0.49635375 -0.21339574
v 0.04234986 -0.45668015 0.62210566
v 0.01452084 -0.05642910 0.70755708
v -0.06754033 -0.00704616 -0.33951694
v -0.13157792 0.48335671 -0.23523240
v -0.07115523 0.14166641 -0.60716081
v -0.08782498 -0.35131755 -0.25894117
v 0.12858160 0.14107381 -0.24880840
v 0.45358765 0.45778725 0.13427390
v 0.13456632 0.05520919 0.62621695
v -0.07131829 0.24973348 -0.37932515
v -0.39027789 0.48162708 -0.13990979
v 0.13837920 -0.37033650 -0.30143067
v 0.00165065 0.04622640 -0.59326637
v 0.42300764 0.50686288 -0.09195823
v -0.36268306 0.48258013 0.46421242
v -0.18166371 -0.41068494 -0.20750096
v 0.24559031 0.29625595 -0.25981873
v -0.38771868 0.12708488 0.43796325
v -0.33414653 -0.10580543 -0.12534267
v -0.40286103 -0.44985151 0.34896103
v 0.39905843 -0.46843249 0.07094866
v -0.08931386 -0.41728231 0.63481808
v -0.49262500 0.00705523 0.34288800
v -0.41089419 -0.46477467 0.16549771
v 0.01258390 -0.15687370 -0.57648468
v 0.45438811 0.30331787 0.13272949
v -0.37490860 0.03527022 -0.16041116
v -0.51465297 -0.27509385 0.20989017
v 0.43923593 0.49454466 0.23183933
v -0.13322549 0.17384750 -0.30723211
v 0.33035350 0.48366135 0.50716066
v -0.00953719 -0.09388110 -0.59247333
v 0.41442680 -0.03452833 0.38388550
v 0.35413125 0.48467442 -0.07098211
v -0.50122720 -0.12696387 0.07506954
v -0.06961492 -0.04936847 -0.33934569
v -0.51465052 -0.14813015 0.20989339
v 0.36443937 -0.51512587 0.51075989
v 0.27109709 -0.07053796 0.63060045
v 0.10572185 0.07084488 -0.60405451
v -0.05180638 0.23685153 -0.59012794
v -0.50183058 -0.50741446 0.26130661
v 0.10446294 0.25036302 -0.43152007
v -0.12030666 -0.33151987 0.69339252
v 0.42304346 -0.43275243 0.06284971
v 0.31949350 -0.10580537 -0.13968492
v 0.24558367 0.09875283 -0.25981098
v 0.02066633 0.34655088 -0.34184489
v 0.14864878 0.23277164 0.68571532
v 0.45287552 -0.49959147 0.43660641
v -0.45117310 -0.35978696 0.12623414
v 0.05935081 0.13226433 -0.55823368
v 0.41428536 -0.15548281 0.38273928
v 0.31547311 -0.25334284 0.51107281
v -0.08514559 0.11996675 0.63928330
v -0.32852066 -0.51507646 0.55335420
v -0.49263212 0.32446951 0.34288797
v 0.14865267 -0.11285966 0.68571621
v -0.38619268 -0.12694487 0.43706113
v 0.01481402 -0.38370794 -0.34002236
v 0.23027219 -0.46829998 0.53252023
v 0.45431581 0.06349243 0.13256048
v -0.33417663 0.28920150 -0.12533189
v -0.07226460 0.23227382 -0.47839791
v -0.37950459 0.48428866 0.53578418
v 0.27110165 -0.26804024 0.63060486
v -0.45278934 0.10580479 -0.05252469
v 0.01373051 0.13306440 -0.67548090
v 0.31551036 0.01434116 0.51675922
v -0.41261286 0.50721264 0.03538133
v -0.25492173 0.51546144 -0.21238193
v 0.43142650 -0.51336801 0.44687760
v -0.08196815 0.21923958 0.64101177
v -0.33414653 0.25393301 -0.12534267
v 0.45276719 0.44338819 0.43785980
v 0.46497571 -0.51426750 0.36507887
v -0.33414653 0.02116105 -0.12534267
v -0.04730727 -0.21553123 -0.54656577
v 0.45435405 0.22573264 0.13265420
v 0.37463453 -0.37384576 0.54617053
v 0.37424794 -0.43634284 0.54642981
v -0.08875636 -0.10580472 -0.25879362
v -0.22254024 0.04934655 0.59271955
v -0.07307814 -0.50892413 0.33767748
v 0.43700388 0.08464459 -0.07963488
v -0.17825587 -0.50728524 0.66992813
v 0.32555541 -0.17089246 -0.12897196
v 0.40859225 -0.49833906 -0.11406097
v -0.08878480 -0.03526763 -0.25877762
v 0.50116348 -0.42282754 0.31048927
v -0.10205930 -0.46941075 0.14257067
v -0.04101036 -0.09623769 -0.67789251
v -0.45156962 -0.25401181 0.12641428
v 0.41343817 0.19885458 0.38970053
v 0.13387814 0.28892568 -0.30341870
v 0.12767051 -0.09854934 -0.64898425
v 0.07988873 0.27798131 -0.57085407
v 0.31498617 -0.39326674 0.50831902
v -0.22391564 0.15515420 0.59258902
v -0.45279753 -0.02116088 -0.05252567
v 0.35584837 -0.46716657 0.42661574
v -0.45138216 -0.31044120 0.12637866
v 0.13156456 -0.11991231 -0.30446273
v 0.10201185 -0.35189489 -0.43965825
v -0.09908978 0.50952518 0.69327247
v 0.44635087 -0.43890864 0.18498066
v -0.22073881 -0.10582456 0.59251279
v -0.27645537 -0.51025403 0.13030329
v 0.10903464 -0.22479284 -0.63495916
v 0.12842162 0.37384579 -0.24882765
v 0.27110007 0.26098636 0.63059694
v -0.24483407 -0.05642866 0.64579213
v 0.45319289 0.07053693 0.43739703
v 0.45433605 0.14108737 0.13260855
v 0.45320451 -0.40189329 0.43732402
v -0.01930426 0.20087081 -0.33930042
v 0.12087564 -0.15592197 -0.60711068
v 0.12858850 0.26098648 -0.24880175
v 0.07710379 -0.32587147 -0.55987108
v -0.23501933 -0.42022437 -0.17848888
v -0.12030566 -0.22572181 0.69338888
v 0.43848690 -0.50747955 -0.07207523
v -0.50123143 0.14813049 0.07505987
v -0.18205687 -0.46377337 -0.17227489
v -0.38502526 -0.27507573 0.43700036
v -0.08873359 -0.16928898 -0.25879681
v 0.24558724 0.20455834 -0.25981408
v -0.40611002 -0.40231180 0.02817078
v -0.08446728 0.40103796 -0.31541017
v 0.49257571 0.07759530 0.04225278
v -0.07934234 0.31065667 0.64260679
v -0.27207816 -0.08464343 -0.24457322
v -0.35267836 0.31741673 0.56799287
v -0.12032615 0.32447228 0.69338095
v -0.21629761 -0.51507097 0.45804963
v 0.50138336 0.00705120 0.30989650
v -0.21882057 -0.24686408 0.59261948
v 0.01452870 -0.20455538 0.70753980
v -0.18719617 -0.51538682 0.63305861
v 0.35264587 -0.08464342 -0.18277688
v 0.10207082 0.01385102 -0.33907011
v 0.33319706 -0.41477457 -0.11129789
v 0.25760034 0.51488155 0.60977697
v -0.24484122 0.16223460 0.64579016
v -0.27209410 0.03526954 -0.24450572
v 0.41209859 -0.50763839 0.49051192
v 0.05987196 -0.03631923 -0.70523560
v -0.07018603 -0.24650790 -0.33983982
v -0.45274431 0.14104067 0.12888354
v -0.43764403 0.19750409 0.46440336
v -0.00008635 -0.46834618 -0.23212932
v 0.24557906 -0.01410727 -0.25981253
v -0.27209443 -0.28214562 -0.24453646
v 0.49257270 -0.16928443 0.04224940
v -0.50123042 0.01411309 0.07506116
v 0.45249060 -0.43862009 0.14845249
v -0.06145385 -0.46784368 0.48891625
v -0.08872025 -0.22571945 -0.25879040
v -0.29799381 -0.51495343 0.58112949
v -0.49258333 0.12696727 0.34288990
v -0.38834864 0.19034508 0.43807530
v 0.13449046 0.19776194 0.62841552
v 0.45318142 -0.17634210 0.43740138
v 0.38515350 -0.51509428 -0.10194506
v 0.43699750 0.19750372 -0.07964316
v 0.12858872 0.32446983 -0.24879140
v -0.01867303 -0.19037108 -0.65857846
v -0.25798428 -0.51496899 -0.07255712
v -0.37490979 0.15518343 -0.16041398
v -0.07699785 -0.35577238 -0.38102907
v -0.49262542 -0.33152291 0.34289125
v 0.12857042 -0.14812616 -0.24879265
v 0.49259254 0.19750342 0.04225842
v -0.06546475 0.31281686 -0.47230816
v -0.45338836 0.31610346 0.12909037
v -0.33414653 -0.19750318 -0.12534267
v -0.08809248 0.33163214 -0.25898206
v -0.37490660 0.26098815 -0.16041778
v 0.01559031 -0.26757765 -0.39970723
v -0.22706331 0.45162666 0.59216893
v 0.01452715 0.19750144 0.70754892
v 0.04186690 0.21228035 -0.63935667
v -0.49415386 0.51231444 0.11329053
v 0.31529552 -0.17629737 0.51286936
v 0.31573027 -0.33222970 0.50925034
v 0.35264668 0.00705474 -0.18277034
v 0.32589182 0.12696631 -0.12830254
v 0.12860435 -0.28919545 -0.24879110
v 0.17443770 -0.44179320 0.59332830
v 0.12711519 0.08468495 -0.64909047
v -0.08845756 -0.04995991 0.63639581
v 0.13394599 0.32459018 0.63067037
v 0.03512403 0.51362872 0.65360510
v 0.50137204 0.14106752 0.30989003
v -0.22484502 0.21848808 0.59245622
v 0.31962425 0.27509400 -0.13968132
v 0.31558779 0.26808330 0.52177948
v -0.27533421 -0.46384659 0.49038169
v -0.51464885 0.12696399 0.20990567
v -0.37491211 -0.08464317 -0.16040848
v -0.12030981 0.12696783 0.69338745
v 0.43699729 -0.23277192 -0.07963682
v -0.33414653 0.05642950 -0.12534267
v 0.14407368 -0.50899458 0.13283013
v -0.38961586 0.40195999 0.43823296
v 0.02220794 0.48282477 -0.25510073
v -0.05095763 -0.10431700 -0.59778321
v 0.27236459 -0.51511556 0.58965331
v 0.14865346 0.00705431 0.68569148
v -0.29212114 0.49591699 -0.22785692
v 0.09689490 0.22947572 -0.47946194
v 0.37463871 0.01410633 0.54616714
v 0.01452494 0.31036231 0.70756298
v 0.45319766 0.27509359 0.43739778
v -0.38644397 -0.02116142 0.43763083
v 0.37464091 -0.09875298 0.54616785
v 0.51458400 -0.06348653 0.17567825
v 0.45428506 -0.00704440 0.13249469
v -0.35267788 -0.31036249 0.56799322
v -0.45206755 0.02110155 0.12734140
v -0.01315755 -0.28484258 -0.59999305
v 0.35263473 0.30330959 -0.18276222
v -0.27209157 0.26098856 -0.24453390
v -0.22897206 0.37209737 0.59069115
v -0.36805236 -0.46382570 0.34704259
v -0.17167267 0.51503682 -0.26087776
v -0.22599980 0.28206772 0.59223163
v 0.33587411 -0.51512039 0.53765810
v 0.01452488 0.07758686 0.70755810
v 0.38104552 0.48350325 -0.14853871
v -0.34337759 -0.43879104 0.47483751
v -0.08886512 0.09169672 -0.25871262
v -0.29505321 0.48303518 0.52893806
v 0.12833352 -0.35208970 -0.24877524
v -0.39687443 -0.46414813 0.24331106
v 0.50137544 -0.33152398 0.30993396
v -0.38885307 0.25383052 0.43811291
v 0.03058186 -0.33822191 -0.55335671
v -0.43763816 0.07758934 0.46440968
v -0.08977352 0.24008341 -0.32409120
v -0.38552305 -0.22567898 0.43677738
v -0.37492272 -0.30330852 -0.16039585
v -0.45375085 0.38104689 0.13075170
v 0.14865090 0.33152404 0.68569869
f 1210 617 378
f 1210 378 917
f 1210 1346 617
f 1399 568 1642
f 1399 1359 568
f 373 568 1104
f 373 1642 568
f 568 1359 1104
f 1359 602 1104
f 1359 1374 602
f 1730 602 610
f 1730 1104 602
f 1730 373 1104
f 1374 610 602
f 378 617 722
f 617 960 722
f 960 1399 1451
f 1044 960 1451
f 1044 722 960
f 1044 378 722
f 1399 260 1451
f 1634 1451 260
f 1044 1451 1634
f 260 1399 1642
f 1634 260 1642
f 1634 1642 373
f 521 963 721
f 721 702 701
f 963 702 721
f 1399 1241 1359
f 1241 1374 1359
f 1346 960 617
f 1346 1399 960
f 1346 1241 1399
f 1998 1241 1346
f 41 1884 694
f 721 694 521
f 1527 694 721
f 41 694 1527
f 1527 721 701
f 1328 41 30
f 1366 701 866
f 1366 1527 701
f 1366 41 1527
f 1653 41 1366
f 30 41 1653
f 871 1998 1346
f 871 921 1998
f 941 1884 41
f 941 41 1020
f 1020 41 1328
f 1751 1956 921
f 1751 921 871
f 1856 1783 1956
f 1856 1956 1751
f 1323 1072 1604
f 1323 284 1072
f 1406 1072 284
f 1374 813 610
f 1374 259 813
f 334 610 813
f 334 1730 610
f 259 861 813
f 334 813 97
f 813 861 97
f 1674 1469 1012
f 97 861 1604
f 861 1323 1604
f 834 97 1604
f 1012 895 1219
f 1469 895 1012
f 834 1604 1072
f 334 97 834
f 1924 334 834
f 1219 808 161
f 895 808 1219
f 1406 834 1072
f 701 846 866
f 702 846 701
f 1924 1634 373
f 1924 1044 1634
f 866 377 1674
f 846 377 866
f 1924 373 1730
f 377 1469 1674
f 1924 1730 334
f 846 1469 377
f 846 895 1469
f 1241 259 1374
f 1998 1424 1241
f 1241 1323 259
f 1241 1424 1323
f 1105 1674 1012
f 1323 861 259
f 340 1105 1012
f 340 1653 1105
f 30 1653 340
f 340 1012 1219
f 1328 30 340
f 1876 1219 161
f 1876 340 1219
f 1674 1366 866
f 1105 1366 1674
f 1366 1105 1653
f 921 1909 1998
f 1998 1909 1424
f 921 1052 1909
f 1328 340 1876
f 1020 1328 1876
f 1956 1052 921
f 1956 1888 1052
f 1783 1888 1956
f 1783 1901 1888
f 1406 284 1753
f 1406 1753 1267
f 1753 330 1267
f 639 1267 1525
f 639 1406 1267
f 330 1525 1267
f 330 1630 1525
f 330 1339 1630
f 639 1525 1630
f 639 1630 890
f 1339 890 1630
f 639 890 309
f 890 1269 309
f 1339 1269 890
f 808 142 161
f 1924 834 1406
f 142 1880 339
f 808 1880 142
f 1880 1199 339
f 1924 1406 639
f 1139 1924 639
f 547 1924 1139
f 1880 1049 1199
f 1880 15 1049
f 702 895 846
f 808 895 1684
f 1880 808 1684
f 15 1880 1684
f 1323 330 1753
f 1323 1753 284
f 1323 1339 330
f 1424 1339 1323
f 1424 1113 1339
f 1113 1099 1339
f 1876 161 142
f 339 1876 142
f 1772 1876 339
f 1772 339 1199
f 1772 1199 1049
f 1090 1772 1049
f 1090 1049 1010
f 1909 1113 1424
f 1909 1111 1113
f 1909 1672 1111
f 1052 1672 1909
f 1052 1321 1672
f 505 1090 1762
f 1321 1381 1672
f 1772 1020 1876
f 941 1020 1772
f 505 941 1772
f 1914 941 505
f 505 1772 1090
f 1888 1692 1052
f 1052 1692 1321
f 1914 1932 941
f 1882 1932 1914
f 1882 1579 1932
f 1838 1579 1882
f 1838 1775 1579
f 1901 109 1888
f 1901 1676 109
f 1888 520 1692
f 109 520 1888
f 520 1454 1692
f 1838 1725 1775
f 1845 1725 1838
f 1845 3 1725
f 1845 1548 3
f 1539 639 309
f 309 1269 1539
f 1108 639 1539
f 1108 1539 1516
f 1269 1516 1539
f 253 541 969
f 1269 1405 1516
f 526 1108 1516
f 1516 1405 526
f 541 1096 969
f 1591 1108 526
f 526 1405 1591
f 1036 1096 541
f 278 1108 1591
f 1139 1108 278
f 1405 278 1591
f 1036 1907 1297
f 1049 15 1010
f 1139 639 1108
f 1010 15 253
f 15 541 253
f 15 1036 541
f 15 1907 1036
f 1058 647 1161
f 1161 647 139
f 1240 1058 1161
f 1926 292 1308
f 1070 1926 552
f 1070 292 1926
f 828 1308 1178
f 1926 1308 828
f 1926 828 552
f 1058 1178 647
f 828 1178 1058
f 6 552 828
f 6 1436 552
f 684 828 1058
f 6 828 684
f 684 1058 1240
f 1119 6 684
f 1339 1099 1269
f 1090 1010 253
f 1099 133 1269
f 1409 253 969
f 1409 1090 253
f 1113 693 1099
f 1762 1090 1409
f 1403 1070 693
f 1403 693 1113
f 1099 604 133
f 693 604 1099
f 693 552 604
f 693 1070 552
f 133 1405 1269
f 133 1746 1405
f 1409 969 1096
f 604 1436 133
f 1436 604 552
f 456 1409 1096
f 1746 133 1436
f 456 1096 1036
f 1746 1436 534
f 534 1436 6
f 1762 1409 456
f 1297 456 1036
f 534 6 1119
f 156 836 807
f 836 1703 807
f 89 416 836
f 840 807 1703
f 836 416 1703
f 1703 1977 840
f 1703 416 1977
f 1140 840 1977
f 1977 416 1414
f 630 139 647
f 630 939 139
f 826 958 139
f 939 826 139
f 679 939 630
f 826 1245 958
f 301 826 939
f 679 301 939
f 457 1245 826
f 301 457 826
f 1137 1368 1245
f 1137 807 1368
f 457 1137 1245
f 690 156 807
f 1137 690 807
f 1368 840 958
f 1245 1368 958
f 679 1056 301
f 1368 807 840
f 301 1457 457
f 1154 1137 457
f 1154 690 1137
f 1056 1457 301
f 1154 457 1457
f 1154 1834 690
f 1161 958 1140
f 1161 139 958
f 840 1140 958
f 1056 397 1457
f 1457 901 1154
f 397 901 1457
f 1154 901 652
f 901 397 1603
f 216 292 1070
f 292 1697 1308
f 752 1697 292
f 1621 752 292
f 1621 292 216
f 1342 647 1178
f 1342 630 647
f 1308 1342 1178
f 1697 1342 1308
f 564 630 1342
f 564 679 630
f 1697 564 1342
f 47 564 1697
f 752 47 1697
f 1621 1540 752
f 1046 1540 1621
f 564 1056 679
f 47 1056 564
f 752 1540 47
f 1693 1056 47
f 1046 706 1540
f 1046 1255 706
f 1904 1255 1046
f 695 1255 1904
f 1056 1693 397
f 1540 1693 47
f 1540 706 1693
f 706 405 1693
f 1255 405 706
f 1255 933 405
f 1693 1603 397
f 1693 1092 1603
f 1693 1935 1092
f 405 1935 1693
f 214 1935 405
f 933 214 405
f 1111 1403 1113
f 1403 216 1070
f 1111 216 1403
f 1672 1621 216
f 1672 216 1111
f 1672 1046 1621
f 1381 1046 1672
f 1904 1046 1381
f 1321 1904 1381
f 1321 695 1904
f 692 89 836
f 692 836 156
f 692 835 89
f 176 835 692
f 176 271 835
f 835 654 416
f 89 835 416
f 217 692 156
f 271 654 835
f 271 1043 654
f 176 692 217
f 271 31 1043
f 31 419 1043
f 587 31 271
f 587 271 176
f 453 419 31
f 587 453 31
f 453 1383 419
f 386 453 587
f 586 1383 453
f 386 586 453
f 762 176 217
f 979 176 762
f 979 587 176
f 1043 1923 654
f 419 1608 1923
f 419 1923 1043
f 1383 1608 419
f 386 587 979
f 1383 1848 1608
f 654 1923 416
f 1318 979 762
f 1923 1414 416
f 1781 979 1318
f 1781 386 979
f 1788 386 1781
f 217 156 690
f 1834 217 690
f 217 1834 762
f 652 1834 1154
f 1834 1318 762
f 1834 652 1318
f 695 933 1255
f 1391 933 695
f 1692 1391 1321
f 1321 1391 695
f 1692 1577 1391
f 1454 1577 1692
f 488 1322 1314
f 1314 1572 1848
f 1322 1504 1314
f 1848 1572 1608
f 1314 1504 1572
f 586 645 1383
f 1963 586 386
f 1335 645 586
f 95 1335 586
f 95 586 1963
f 1335 931 645
f 1207 1335 95
f 172 931 1335
f 1279 172 1335
f 1279 1335 1207
f 688 488 172
f 688 172 1279
f 212 488 688
f 645 1848 1383
f 931 1848 645
f 931 1314 1848
f 172 1314 931
f 488 1314 172
f 1669 1279 1207
f 1669 688 1279
f 296 688 1669
f 1788 1963 386
f 1788 95 1963
f 1207 95 1788
f 1669 1207 1788
f 1019 296 1669
f 1349 1577 1454
f 520 1349 1454
f 520 1792 1349
f 109 1792 520
f 109 1759 1792
f 819 1132 357
f 819 1432 1132
f 806 1432 312
f 806 1132 1432
f 357 1132 806
f 1491 1210 917
f 484 1491 917
f 484 312 1491
f 806 312 484
f 1165 1244 948
f 819 357 1159
f 470 819 1159
f 1100 470 1159
f 1100 1431 470
f 1100 1004 1431
f 1244 1004 1100
f 948 1244 1100
f 1159 357 806
f 1365 948 1100
f 1165 948 571
f 1165 571 1365
f 1798 1165 1365
f 316 1798 926
f 316 1165 1798
f 316 926 10
f 316 10 561
f 864 316 561
f 200 316 864
f 1365 571 948
f 1017 1798 1365
f 1017 926 1798
f 627 926 1017
f 627 10 926
f 561 10 627
f 432 561 627
f 432 864 561
f 200 864 395
f 200 395 1340
f 1093 1340 257
f 1093 200 1340
f 395 864 432
f 1093 257 1278
f 1093 1278 802
f 550 395 432
f 550 1340 395
f 550 257 1340
f 1278 257 550
f 1093 802 206
f 209 1432 819
f 209 1491 312
f 209 312 1432
f 209 1210 1491
f 209 1346 1210
f 1004 470 1431
f 1581 1004 1244
f 1581 1244 1165
f 1581 470 1004
f 1581 819 470
f 1581 209 819
f 316 1581 1165
f 200 1581 316
f 1927 1581 200
f 792 200 1093
f 13 200 792
f 13 1927 200
f 871 1346 209
f 1496 871 209
f 1784 209 1581
f 1784 1496 209
f 1927 1784 1581
f 241 1784 1927
f 1421 241 1927
f 1421 1927 13
f 1751 871 1496
f 1791 1751 1496
f 1793 1496 1784
f 1793 1791 1496
f 241 1793 1784
f 1198 1793 241
f 928 1198 241
f 928 241 1421
f 1856 1751 1791
f 1911 1856 1791
f 1212 1791 1793
f 1212 1911 1791
f 1198 1212 1793
f 1779 1212 1198
f 1531 1779 1198
f 1531 1198 928
f 484 917 378
f 1126 1194 879
f 484 378 1044
f 879 1129 1247
f 1194 1129 879
f 1247 1228 1727
f 1129 1228 1247
f 1727 580 521
f 1228 580 1727
f 1864 806 484
f 580 963 521
f 1100 1159 806
f 851 1110 1126
f 1158 1110 851
f 1110 1194 1126
f 1158 1780 1110
f 341 1780 1158
f 286 1780 341
f 286 1714 1780
f 117 1714 286
f 1687 1714 117
f 1687 546 1714
f 1110 1780 1194
f 1864 1100 806
f 546 1991 1714
f 644 1100 1864
f 432 627 1017
f 483 546 1687
f 1017 1365 1100
f 644 432 1017
f 483 1991 546
f 160 1991 483
f 644 1017 1100
f 644 550 432
f 698 1991 160
f 698 425 1991
f 1242 425 698
f 1147 425 1242
f 1147 769 425
f 769 1981 425
f 442 1278 550
f 442 802 1278
f 206 802 442
f 687 206 977
f 792 1093 206
f 792 206 687
f 210 206 442
f 977 206 210
f 442 550 644
f 1776 245 769
f 245 1981 769
f 897 1981 245
f 897 563 1981
f 1037 563 897
f 1117 563 1037
f 210 442 644
f 1117 626 563
f 1575 626 1117
f 687 977 512
f 512 977 210
f 1330 687 512
f 1542 687 1330
f 1542 792 687
f 823 512 210
f 1330 512 823
f 936 1330 896
f 1542 1330 936
f 896 1330 823
f 709 936 896
f 1487 936 709
f 1487 1542 936
f 907 1542 1487
f 709 896 823
f 45 1487 709
f 952 1487 45
f 407 1487 952
f 907 1487 407
f 1575 1291 626
f 1884 562 879
f 562 1126 879
f 1884 1807 562
f 1884 879 1247
f 1002 1247 1727
f 1884 1247 1002
f 694 1727 521
f 694 1002 1727
f 1884 1002 694
f 190 1158 851
f 190 341 1158
f 190 1259 341
f 562 851 1126
f 562 190 851
f 1807 190 562
f 1259 286 341
f 1259 117 286
f 1259 1687 117
f 1807 1259 190
f 1807 1687 1259
f 1687 1510 483
f 1807 1510 1687
f 1510 160 483
f 1510 698 160
f 1510 1242 698
f 1242 426 1147
f 1510 426 1242
f 426 769 1147
f 426 1776 769
f 1776 897 245
f 1776 261 897
f 426 261 1776
f 426 1593 261
f 261 1037 897
f 1037 74 1117
f 261 74 1037
f 261 422 74
f 1593 422 261
f 74 1575 1117
f 1732 1542 907
f 1732 792 1542
f 1732 13 792
f 1975 13 1732
f 422 1575 74
f 1575 1987 1291
f 422 1987 1575
f 1593 1987 422
f 1858 1807 1884
f 1849 1858 1884
f 941 1849 1884
f 1858 1510 1807
f 1858 426 1510
f 1858 1881 426
f 1881 774 426
f 1849 1881 1858
f 1849 1997 1881
f 774 1593 426
f 1975 1421 13
f 1729 1421 1975
f 1932 1849 941
f 1932 1481 1849
f 1579 1481 1932
f 1579 1755 1481
f 1775 1755 1579
f 1775 782 1755
f 782 363 1755
f 1481 1997 1849
f 1481 1528 1997
f 1755 1528 1481
f 1755 1815 1528
f 363 1815 1755
f 1729 928 1421
f 1702 928 1729
f 1725 782 1775
f 1725 1562 782
f 3 1562 1725
f 1548 1562 3
f 1548 1976 1562
f 1976 363 1562
f 1562 363 782
f 363 1201 1815
f 363 1971 1201
f 1702 1531 928
f 1419 1531 1702
f 1864 484 1044
f 1864 1044 1924
f 580 1847 963
f 1228 1847 580
f 1780 1129 1194
f 1714 1991 1780
f 1129 1847 1228
f 1780 1847 1129
f 1991 1847 1780
f 425 1847 1991
f 823 210 644
f 1891 823 644
f 563 626 1981
f 626 622 1981
f 1812 952 45
f 1812 407 952
f 1291 622 626
f 420 622 1291
f 45 823 1891
f 45 709 823
f 420 956 622
f 1812 45 1891
f 956 1954 622
f 956 72 1954
f 1915 1812 1891
f 72 1446 1954
f 1088 1446 72
f 601 1446 1088
f 1462 1915 1891
f 601 720 1446
f 720 1075 1446
f 447 407 1812
f 907 407 447
f 387 907 447
f 1915 447 1812
f 1915 387 447
f 174 387 1915
f 1470 387 174
f 1462 174 1915
f 1411 174 1462
f 1470 174 1411
f 1027 1470 1411
f 850 1470 1027
f 1295 1411 1462
f 1027 1411 1295
f 9 1027 1295
f 632 1075 720
f 850 1027 9
f 1987 420 1291
f 1987 956 420
f 1593 956 1987
f 956 1088 72
f 1426 601 1088
f 1426 1045 601
f 601 1045 720
f 1470 907 387
f 1732 907 1470
f 850 1732 1470
f 1635 1975 1732
f 1635 1732 850
f 1045 632 720
f 774 956 1593
f 774 1088 956
f 774 1426 1088
f 774 1107 1426
f 1881 1107 774
f 1881 1893 1107
f 1997 1893 1881
f 670 1729 1975
f 670 1975 1635
f 1815 1273 1528
f 1997 1752 1893
f 1528 1752 1997
f 1528 1273 1752
f 1815 1863 1273
f 1649 1702 1729
f 1649 1729 670
f 1201 1863 1815
f 1971 1336 1201
f 1971 39 1336
f 1971 1666 39
f 1201 1336 1863
f 1868 1419 1702
f 1868 1702 1649
f 963 1847 702
f 702 1684 895
f 702 1847 1684
f 1864 1924 547
f 1586 1864 547
f 425 1981 1847
f 1981 1737 1847
f 1840 644 1864
f 1840 1891 644
f 1840 1864 1586
f 622 1737 1981
f 1954 1737 622
f 1954 1913 1737
f 1446 1913 1954
f 1295 1462 1891
f 1895 1295 1891
f 1446 1075 1913
f 1075 1463 1913
f 1266 1895 1891
f 1463 909 1913
f 909 430 1913
f 1003 9 1295
f 182 9 1003
f 632 1557 1075
f 182 850 9
f 1143 1295 1895
f 1143 1003 1295
f 182 1003 1143
f 545 1143 1895
f 545 182 1143
f 1557 1463 1075
f 434 1463 1557
f 1842 545 1895
f 1842 182 545
f 434 1175 1463
f 145 1842 1895
f 1551 1842 145
f 1551 182 1842
f 1175 909 1463
f 1175 577 909
f 577 1239 909
f 1644 145 1895
f 1644 1189 145
f 1239 430 909
f 1551 145 1189
f 482 1551 1189
f 178 1551 482
f 482 1189 1644
f 1045 1557 632
f 1045 434 1557
f 1045 988 434
f 434 988 1175
f 178 850 182
f 178 1635 850
f 1800 1635 178
f 178 182 1551
f 1426 988 1045
f 988 577 1175
f 1426 1717 988
f 1426 1590 1717
f 577 1778 1239
f 988 1778 577
f 1717 1778 988
f 1800 670 1635
f 1877 670 1800
f 1107 1590 1426
f 1107 243 1590
f 1893 243 1107
f 1893 1680 243
f 1877 1649 670
f 1508 1649 1877
f 1752 1680 1893
f 1752 905 1680
f 1273 905 1752
f 1273 1303 905
f 1863 1303 1273
f 1508 1868 1649
f 1515 1868 1508
f 1336 1303 1863
f 1336 1947 1303
f 39 1947 1336
f 1666 1947 39
f 1666 1030 1947
f 1266 1891 1840
f 430 121 1913
f 121 539 1913
f 1644 1895 1266
f 1239 1524 430
f 1524 760 430
f 430 760 121
f 1524 1304 760
f 1084 1148 1644
f 1304 121 760
f 1466 1644 1266
f 1084 1644 1466
f 1304 784 121
f 1466 400 1084
f 121 784 539
f 784 385 539
f 215 482 1644
f 178 482 215
f 1148 215 1644
f 1671 215 1148
f 1671 178 215
f 1671 1148 1084
f 1671 1084 400
f 24 1671 400
f 123 400 1466
f 24 400 123
f 1566 24 123
f 1239 452 1524
f 1778 452 1239
f 452 1304 1524
f 1778 1304 452
f 1778 707 1304
f 1717 707 1778
f 707 784 1304
f 707 385 784
f 996 1800 178
f 996 1671 24
f 996 178 1671
f 996 24 1566
f 1894 1800 996
f 1894 1877 1800
f 1894 1508 1877
f 1758 1508 1894
f 1758 1515 1508
f 1619 1156 1627
f 1156 863 1627
f 1823 1925 1783
f 1823 1783 1856
f 1425 1925 1823
f 1425 1934 1925
f 615 1549 1509
f 450 1934 1425
f 450 1648 1934
f 1627 1648 450
f 1627 1397 1648
f 528 1397 1627
f 528 1767 1397
f 186 528 1627
f 705 1747 1629
f 1447 1747 705
f 699 1747 1447
f 50 699 1447
f 699 886 1747
f 1177 50 1447
f 922 1767 528
f 922 1146 1767
f 1767 409 1397
f 1146 409 1767
f 1465 409 1146
f 922 1465 1146
f 922 366 1465
f 409 924 1397
f 1465 924 409
f 1465 671 924
f 1465 740 671
f 366 740 1465
f 924 283 1397
f 924 1410 283
f 924 1192 1410
f 671 1192 924
f 366 311 740
f 863 853 1627
f 863 75 853
f 1156 248 863
f 853 186 1627
f 472 186 853
f 326 472 853
f 75 326 853
f 863 326 75
f 863 248 326
f 472 528 186
f 472 220 528
f 248 1438 326
f 248 437 1438
f 248 667 437
f 220 922 528
f 472 634 220
f 326 634 472
f 326 1438 634
f 667 1574 437
f 886 421 1747
f 220 1171 922
f 634 1171 220
f 1438 691 634
f 437 691 1438
f 437 886 691
f 886 1574 421
f 1574 886 437
f 1171 366 922
f 1171 983 366
f 634 983 1171
f 634 302 983
f 634 321 302
f 321 699 50
f 321 691 699
f 691 321 634
f 691 886 699
f 1014 50 1177
f 983 576 366
f 983 1221 576
f 1221 302 1014
f 302 1221 983
f 302 50 1014
f 302 321 50
f 1254 1014 1177
f 1471 1014 1254
f 1471 1221 1014
f 311 576 1471
f 576 311 366
f 576 1221 1471
f 1925 1901 1783
f 1925 1541 1901
f 1523 1549 615
f 885 1549 1523
f 1934 1541 1925
f 1934 1979 1541
f 1523 615 1509
f 1648 1979 1934
f 1648 1296 1979
f 1830 885 1523
f 1397 1296 1648
f 1397 1719 1296
f 283 1719 1397
f 945 1177 1447
f 1486 945 1447
f 1486 188 945
f 1486 1447 705
f 1966 581 1719
f 355 581 1966
f 581 1025 1719
f 581 26 1025
f 26 1660 1025
f 1025 269 1719
f 1660 269 1025
f 1410 525 283
f 113 1471 1254
f 1410 56 525
f 1192 56 1410
f 671 458 1192
f 740 458 671
f 740 113 458
f 311 113 740
f 113 311 1471
f 155 1448 283
f 525 155 283
f 537 113 1254
f 458 56 1192
f 458 113 537
f 537 1254 1177
f 525 635 155
f 56 635 525
f 56 94 635
f 56 187 94
f 458 187 56
f 187 458 537
f 283 1966 1719
f 945 537 1177
f 1448 1966 283
f 187 537 945
f 1448 355 1966
f 155 355 1448
f 155 893 355
f 635 893 155
f 94 893 635
f 94 331 893
f 187 331 94
f 331 187 945
f 355 26 581
f 355 1827 26
f 893 1827 355
f 893 1011 1827
f 331 1011 893
f 331 945 188
f 1011 331 188
f 107 188 1486
f 1827 1660 26
f 1827 1389 1660
f 1011 1389 1827
f 1011 107 1389
f 107 1011 188
f 1541 1676 1901
f 1028 1548 1845
f 1028 1833 1548
f 1028 1959 1833
f 1988 1959 1028
f 1988 673 1959
f 1988 1509 673
f 1979 1786 1541
f 1541 1786 1676
f 1786 771 1676
f 1705 1509 1988
f 1705 1523 1509
f 1556 1523 1705
f 1708 533 1979
f 1296 1708 1979
f 1979 136 1786
f 1979 533 136
f 136 1996 1786
f 1996 735 1786
f 1556 1830 1523
f 1556 1819 1830
f 1933 1819 1556
f 1933 1629 1819
f 269 1561 1719
f 1296 275 1708
f 1719 275 1296
f 1719 1185 275
f 1561 1185 1719
f 307 1760 1354
f 1486 705 1629
f 1486 1629 1933
f 1354 1486 1933
f 1018 1486 1354
f 1760 1018 1354
f 1660 282 269
f 1660 1275 282
f 282 1561 269
f 282 28 1561
f 282 1281 28
f 1275 1281 282
f 1275 1683 1281
f 1281 1982 28
f 1683 1982 1281
f 1561 708 1185
f 28 708 1561
f 28 35 708
f 28 1114 35
f 1982 1114 28
f 1683 1078 1982
f 1683 532 1078
f 1114 1060 35
f 1982 1060 1114
f 1078 1060 1982
f 35 37 708
f 1243 532 1760
f 1060 37 35
f 1078 1243 1060
f 532 1243 1078
f 708 368 1185
f 37 368 708
f 37 1494 368
f 1060 1494 37
f 1060 1476 1494
f 1060 184 1476
f 1243 184 1060
f 1309 107 1486
f 1389 1275 1660
f 107 1309 1389
f 1389 232 1275
f 1389 1309 232
f 232 1486 1018
f 232 1309 1486
f 232 1683 1275
f 232 1018 383
f 232 383 1683
f 383 532 1683
f 532 1018 1760
f 532 383 1018
f 1659 1041 1322
f 212 1623 488
f 624 1623 212
f 1205 624 212
f 624 1659 1623
f 981 624 1205
f 255 1659 624
f 981 255 624
f 255 839 1659
f 250 255 981
f 822 839 255
f 250 822 255
f 822 477 839
f 288 822 250
f 1412 288 250
f 288 477 822
f 938 288 1412
f 1623 1322 488
f 1205 212 688
f 1659 1322 1623
f 1393 250 981
f 1412 250 1393
f 477 1016 839
f 859 938 1412
f 296 1205 688
f 981 1205 296
f 1659 839 1041
f 839 1016 1041
f 859 1412 1393
f 1769 981 296
f 1393 981 1769
f 859 1393 1534
f 1769 296 1019
f 1534 1393 1769
f 1676 1094 109
f 771 315 1676
f 1676 1294 1094
f 1676 315 1294
f 1094 1759 109
f 1203 1761 757
f 1203 1338 1761
f 727 1338 1203
f 727 235 1338
f 325 235 727
f 1152 477 288
f 1152 154 477
f 938 1152 288
f 1761 1152 938
f 757 1761 938
f 252 757 938
f 908 154 1152
f 1761 908 1152
f 1338 908 1761
f 1203 757 252
f 1338 1029 908
f 961 727 1203
f 235 1029 1338
f 325 1797 235
f 154 1016 477
f 1568 938 859
f 252 938 1568
f 908 370 154
f 235 203 1029
f 1797 203 235
f 370 1016 154
f 1029 370 908
f 1029 104 370
f 203 104 1029
f 1534 1568 859
f 370 1824 1016
f 865 325 727
f 961 1203 252
f 892 727 961
f 892 961 553
f 892 865 727
f 881 865 892
f 522 1149 881
f 553 961 252
f 621 892 553
f 621 881 892
f 522 881 621
f 884 1149 522
f 884 1820 1149
f 884 1474 1820
f 1007 252 1568
f 1007 553 252
f 1652 553 1007
f 1652 621 553
f 1276 621 1652
f 1276 522 621
f 884 522 1276
f 1125 884 1276
f 1007 1568 1534
f 1536 1652 1007
f 655 1652 1536
f 655 1276 1652
f 1125 1276 655
f 1225 1872 780
f 1605 1474 884
f 1605 401 1474
f 605 401 1605
f 1225 192 1872
f 780 1872 1416
f 192 1596 1872
f 1605 884 1125
f 1786 780 771
f 735 780 1786
f 771 1416 315
f 780 1416 771
f 735 1225 780
f 320 1797 325
f 1324 1797 320
f 1797 1187 203
f 1324 1187 1797
f 1324 1505 1187
f 1187 104 203
f 320 325 865
f 224 865 881
f 224 320 865
f 403 224 881
f 1149 403 881
f 299 403 1149
f 299 1149 1820
f 1150 1820 1474
f 228 224 403
f 299 228 403
f 1006 299 1820
f 1150 1006 1820
f 1006 228 299
f 1006 920 228
f 224 1324 320
f 228 1324 224
f 920 1324 228
f 1930 920 1006
f 920 1505 1324
f 1930 1506 920
f 1377 1506 1930
f 920 1506 1505
f 290 1224 1620
f 551 1224 290
f 1127 551 290
f 1127 290 1202
f 59 1127 1202
f 756 59 1202
f 401 1150 1474
f 1620 1150 401
f 290 401 62
f 290 1620 401
f 1766 290 62
f 1620 1006 1150
f 1202 290 1766
f 1202 1766 531
f 1224 1006 1620
f 1224 1930 1006
f 723 1930 1224
f 551 723 1224
f 1286 1127 59
f 1564 1286 59
f 801 1766 1015
f 801 531 1766
f 551 258 723
f 1127 258 551
f 1286 258 1127
f 62 401 605
f 1015 62 605
f 1015 1766 62
f 801 1015 1225
f 1286 1233 258
f 1564 1233 1286
f 1564 173 1233
f 192 1015 605
f 1015 192 1225
f 723 1377 1930
f 258 1377 723
f 192 605 1596
f 1708 1238 533
f 136 531 1996
f 136 1202 531
f 756 1202 136
f 533 756 136
f 1238 59 756
f 1238 756 533
f 1996 801 1225
f 1996 1225 735
f 1996 531 801
f 1564 59 1238
f 258 1483 1377
f 1233 1483 258
f 1233 295 1483
f 173 295 1233
f 173 73 295
f 73 18 295
f 73 1284 18
f 275 1057 1708
f 1185 1885 275
f 1708 1057 1238
f 275 1885 1057
f 1185 1706 1885
f 1057 1564 1238
f 1885 1087 1057
f 1057 1087 1564
f 1087 173 1564
f 1706 1087 1885
f 1087 73 173
f 404 307 1354
f 1706 710 1087
f 1087 1284 73
f 710 1284 1087
f 384 1760 307
f 1494 1402 368
f 384 1243 1760
f 1476 1402 1494
f 184 1243 384
f 368 1706 1185
f 1089 211 368
f 1402 1089 368
f 1402 221 1089
f 1476 221 1402
f 1476 101 221
f 184 101 1476
f 101 184 384
f 221 211 1089
f 211 1706 368
f 211 195 1706
f 788 384 307
f 788 101 384
f 211 1227 195
f 221 1227 211
f 101 1227 221
f 101 788 1227
f 55 307 404
f 55 788 307
f 788 55 1227
f 195 765 1706
f 195 345 765
f 351 55 404
f 195 585 345
f 1227 585 195
f 55 585 1227
f 55 351 585
f 765 710 1706
f 66 351 404
f 351 66 585
f 345 57 765
f 1220 66 404
f 585 57 345
f 585 972 57
f 66 972 585
f 66 1220 972
f 1911 1823 1856
f 1879 1823 1911
f 1955 1911 1212
f 1955 1879 1911
f 1779 1955 1212
f 1916 1955 1779
f 1995 1916 1779
f 1995 1779 1531
f 1879 1425 1823
f 1256 1425 1879
f 1645 1879 1955
f 1645 1256 1879
f 1646 1955 1916
f 1646 1645 1955
f 1906 1646 1916
f 1906 1916 1995
f 1256 450 1425
f 82 1256 1645
f 1813 1645 1646
f 1813 82 1645
f 1682 1646 1906
f 1682 1813 1646
f 1601 450 1256
f 1601 1627 450
f 1619 1627 1601
f 1517 1601 82
f 669 1517 82
f 82 1601 1256
f 1517 1423 1601
f 376 179 82
f 431 82 1813
f 1248 82 431
f 1248 376 82
f 1302 1248 431
f 912 1302 431
f 1628 1813 1682
f 1628 431 1813
f 912 431 1628
f 1490 912 1628
f 798 1490 1628
f 1423 565 1601
f 1423 592 565
f 305 592 1423
f 1939 305 1423
f 565 1619 1601
f 565 332 1619
f 319 1156 1619
f 663 319 1619
f 332 663 1619
f 565 201 332
f 592 201 565
f 305 201 592
f 305 1237 201
f 1939 1237 305
f 1939 135 1237
f 201 663 332
f 966 669 82
f 287 966 82
f 669 1650 1517
f 1939 1423 1517
f 603 1939 1517
f 1650 603 1517
f 669 603 1650
f 669 607 603
f 966 607 669
f 287 607 966
f 287 251 607
f 603 135 1939
f 603 390 135
f 607 390 603
f 609 61 347
f 389 390 609
f 390 389 135
f 390 61 609
f 390 1395 61
f 607 1395 390
f 607 180 1395
f 607 137 180
f 251 137 607
f 251 1435 137
f 179 287 82
f 1253 179 376
f 947 1248 1302
f 947 237 1248
f 750 947 1302
f 179 251 287
f 1253 251 179
f 376 115 1253
f 1248 115 376
f 237 115 1248
f 1253 1711 251
f 115 1711 1253
f 947 115 237
f 947 1473 115
f 750 1473 947
f 1711 1435 251
f 115 43 1711
f 115 987 43
f 1473 987 115
f 481 750 1302
f 1061 481 1302
f 912 1061 1302
f 481 1473 750
f 971 1061 912
f 1292 912 1490
f 481 233 1473
f 1061 233 481
f 971 233 1061
f 1292 971 912
f 1833 1976 1548
f 1959 1976 1833
f 1959 1396 1976
f 673 1396 1959
f 1509 1396 673
f 1396 363 1976
f 1774 1677 363
f 363 1589 1971
f 363 1677 1589
f 1419 1995 1531
f 1499 1995 1419
f 1509 1905 1396
f 1549 1905 1509
f 1549 1584 1905
f 1905 363 1396
f 1905 1917 363
f 1917 1774 363
f 1584 1917 1905
f 1906 1995 1499
f 1707 1906 1499
f 885 1584 1549
f 885 549 1584
f 1830 549 885
f 1819 549 1830
f 1819 1931 549
f 1629 1931 1819
f 549 1917 1584
f 549 1993 1917
f 1931 1993 549
f 1931 1430 1993
f 1733 1430 1931
f 1733 994 1430
f 1707 1682 1906
f 1889 1682 1707
f 246 1459 1999
f 1747 246 1999
f 1747 1999 1931
f 1629 1747 1931
f 1459 1122 1999
f 1122 616 1999
f 1999 1733 1931
f 616 1733 1999
f 1733 1300 994
f 1300 1961 994
f 1300 1533 1961
f 1609 1533 1300
f 16 798 1628
f 1889 1628 1682
f 1479 1628 1889
f 16 1628 1479
f 1821 16 1479
f 1533 1771 1961
f 246 347 1459
f 685 347 246
f 319 248 1156
f 319 1310 248
f 663 1310 319
f 663 1032 1310
f 201 1032 663
f 201 423 1032
f 1237 423 201
f 1237 1565 423
f 135 1565 1237
f 135 685 1565
f 226 1112 246
f 1112 1565 246
f 1565 685 246
f 423 226 1032
f 423 1112 226
f 1565 1112 423
f 953 246 1747
f 1826 953 1747
f 953 226 246
f 1310 667 248
f 1310 711 667
f 1032 711 1310
f 1032 1826 711
f 1032 953 1826
f 226 953 1032
f 421 711 1747
f 711 1826 1747
f 1574 667 421
f 667 711 421
f 347 1122 1459
f 685 609 347
f 61 1122 347
f 685 389 609
f 61 1395 1122
f 1395 180 1122
f 180 137 1122
f 137 616 1122
f 389 685 135
f 137 1435 616
f 1435 772 616
f 1711 772 1435
f 1711 100 772
f 43 100 1711
f 1473 1264 987
f 772 1733 616
f 772 100 1733
f 100 854 1733
f 854 1558 1733
f 1558 718 1733
f 43 854 100
f 43 1558 854
f 987 1558 43
f 987 718 1558
f 987 208 718
f 1264 208 987
f 718 1300 1733
f 718 208 1300
f 208 1223 1300
f 1264 1223 208
f 233 1264 1473
f 971 1274 233
f 1292 1274 971
f 233 883 1264
f 1274 883 233
f 1274 623 883
f 1292 623 1274
f 1292 743 623
f 1490 743 1292
f 1490 323 743
f 274 323 1490
f 1223 1609 1300
f 883 1223 1264
f 883 1609 1223
f 883 511 1609
f 623 511 883
f 743 511 623
f 274 715 323
f 1609 399 1533
f 399 1053 1533
f 399 51 1053
f 511 399 1609
f 743 399 511
f 743 51 399
f 323 51 743
f 715 51 323
f 715 911 51
f 51 911 1053
f 911 105 1053
f 274 1490 798
f 1355 274 798
f 223 798 16
f 223 1355 798
f 502 1355 223
f 1355 715 274
f 1445 223 16
f 715 408 911
f 1355 408 715
f 1355 597 408
f 502 597 1355
f 128 502 223
f 1445 128 223
f 770 16 1821
f 770 1445 16
f 408 105 911
f 597 105 408
f 502 595 597
f 128 595 502
f 1053 1771 1533
f 105 1771 1053
f 1624 770 1821
f 597 1344 105
f 595 1344 597
f 128 1249 595
f 1445 1249 128
f 770 1249 1445
f 770 71 1249
f 71 770 1624
f 567 1821 1479
f 567 1624 1821
f 105 1344 1771
f 595 293 1344
f 1249 293 595
f 1249 594 293
f 71 594 1249
f 1344 293 1771
f 293 1197 1771
f 594 790 293
f 594 767 790
f 71 767 594
f 1624 767 71
f 1624 124 767
f 567 124 1624
f 591 124 567
f 1589 1666 1971
f 1589 1839 1666
f 1677 1839 1589
f 1677 1384 1839
f 1774 1384 1677
f 1754 1499 1419
f 1754 1419 1868
f 1855 1384 1774
f 1917 1855 1774
f 1917 1951 1855
f 1900 1707 1499
f 1900 1499 1754
f 916 1707 1900
f 1993 1951 1917
f 1993 1983 1951
f 1430 1983 1993
f 1430 1204 1983
f 994 1204 1430
f 1889 1707 916
f 761 1889 916
f 1771 1197 1961
f 1961 1989 994
f 1197 1989 1961
f 994 1980 1204
f 1989 1980 994
f 1989 197 1980
f 1989 965 197
f 761 1479 1889
f 1602 1479 112
f 112 1479 761
f 965 1936 197
f 293 790 1197
f 767 473 790
f 767 648 473
f 124 648 767
f 124 591 648
f 1197 473 1989
f 790 473 1197
f 591 402 648
f 473 191 1989
f 648 191 473
f 648 350 191
f 402 350 648
f 191 350 1989
f 402 354 350
f 728 965 1989
f 350 728 1989
f 354 728 350
f 728 196 965
f 591 567 785
f 1602 567 1479
f 1356 567 1602
f 1356 785 567
f 591 242 402
f 785 242 591
f 785 1356 242
f 1356 1260 242
f 1260 1356 1602
f 242 354 402
f 1260 354 242
f 1260 199 354
f 1260 1216 199
f 1216 1260 1602
f 1657 1602 112
f 628 1602 1657
f 628 1216 1602
f 354 196 728
f 199 196 354
f 1216 495 199
f 1216 628 495
f 199 381 196
f 495 381 199
f 628 381 495
f 628 427 381
f 427 628 1657
f 196 523 965
f 381 523 196
f 381 239 523
f 427 239 381
f 427 498 239
f 498 427 1657
f 965 1699 1936
f 535 1657 112
f 523 1699 965
f 523 764 1699
f 535 498 1657
f 523 67 764
f 239 67 523
f 498 67 239
f 498 878 67
f 498 1059 878
f 1059 498 535
f 1515 1754 1868
f 1957 1754 1515
f 1839 1030 1666
f 1384 1030 1839
f 1384 1811 1030
f 1957 1900 1754
f 1174 916 1900
f 1174 1900 1957
f 1855 1811 1384
f 1855 1829 1811
f 1951 1829 1855
f 1890 916 1174
f 1890 761 916
f 1983 1829 1951
f 1983 1887 1829
f 1204 1887 1983
f 197 1333 1980
f 1936 1333 197
f 1936 927 1333
f 894 761 1890
f 894 112 761
f 583 112 894
f 1980 1333 1204
f 927 820 1333
f 1333 1887 1204
f 1333 1685 1887
f 207 1685 1333
f 820 207 1333
f 207 852 1685
f 67 509 764
f 878 509 67
f 583 535 112
f 1699 927 1936
f 583 1316 535
f 764 927 1699
f 764 163 927
f 509 163 764
f 878 163 509
f 878 611 163
f 1059 611 878
f 1059 1316 611
f 1316 1059 535
f 440 1316 583
f 611 218 163
f 611 990 218
f 1316 990 611
f 1316 440 990
f 163 820 927
f 218 820 163
f 218 664 820
f 990 664 218
f 990 992 664
f 440 992 990
f 440 336 992
f 440 538 336
f 538 440 583
f 664 207 820
f 664 992 207
f 538 276 336
f 992 967 207
f 992 755 967
f 336 755 992
f 276 755 336
f 276 424 755
f 967 787 207
f 755 787 967
f 213 583 894
f 276 583 213
f 276 538 583
f 424 276 213
f 1957 1515 1985
f 1985 1515 1758
f 1937 1174 1957
f 1937 1957 1985
f 1969 1890 1174
f 1969 1174 1937
f 852 53 1685
f 1035 894 1890
f 1307 894 1035
f 1035 1890 1969
f 1186 1307 1035
f 787 852 207
f 787 367 852
f 755 367 787
f 755 680 367
f 424 680 755
f 367 934 852
f 680 934 367
f 680 318 934
f 318 20 934
f 934 20 852
f 318 1217 20
f 20 753 852
f 1217 753 20
f 1217 574 753
f 753 53 852
f 574 53 753
f 574 388 53
f 574 989 388
f 424 1861 680
f 1861 424 213
f 1307 213 894
f 1861 213 1307
f 1861 318 680
f 337 1861 1307
f 1861 337 318
f 337 1217 318
f 337 1031 1217
f 1031 337 1307
f 1031 93 1217
f 93 1031 1307
f 93 1307 1186
f 93 574 1217
f 93 989 574
f 93 937 989
f 937 93 1186
f 1139 278 225
f 278 96 225
f 1405 96 278
f 732 1139 225
f 1907 873 1297
f 732 225 613
f 96 613 225
f 732 613 234
f 96 234 613
f 96 982 234
f 582 108 467
f 732 234 256
f 982 256 234
f 734 732 256
f 256 102 734
f 982 102 256
f 982 1632 102
f 108 999 467
f 999 108 959
f 1537 732 734
f 1246 1139 732
f 15 873 1907
f 873 108 582
f 15 108 873
f 15 959 108
f 1173 732 1537
f 1246 732 1173
f 547 1139 1246
f 15 1195 959
f 1684 1195 15
f 1684 584 1195
f 1684 1160 584
f 1161 1140 1994
f 1262 1240 1161
f 1262 1161 1994
f 1592 1240 1262
f 1592 1262 1251
f 1343 1994 1875
f 1343 1262 1994
f 1251 1262 1343
f 144 1343 1026
f 144 1251 1343
f 817 1251 144
f 817 1860 1251
f 1569 1119 684
f 1592 684 1240
f 1569 1816 1119
f 1569 684 1592
f 675 1816 1569
f 1312 1569 1592
f 1033 675 1569
f 1268 1033 1569
f 1312 1592 668
f 1268 1569 1312
f 1251 1860 1592
f 1860 668 1592
f 929 1268 1312
f 569 1312 668
f 929 1312 569
f 783 1268 929
f 783 929 517
f 1746 809 1405
f 809 1746 534
f 1816 534 1119
f 534 1816 809
f 809 96 1405
f 346 1297 873
f 346 456 1297
f 1816 675 809
f 809 982 96
f 809 703 982
f 346 873 582
f 503 809 675
f 809 503 703
f 675 1033 503
f 467 346 582
f 825 346 467
f 1990 346 825
f 1033 1268 503
f 703 1632 982
f 825 467 999
f 503 985 703
f 1268 985 503
f 1268 783 985
f 703 1388 1632
f 985 1388 703
f 1990 825 1444
f 783 1200 985
f 1994 1140 1390
f 1977 1390 1140
f 1390 1977 1414
f 1875 1994 1390
f 1414 1326 1390
f 1414 1231 1326
f 1390 247 1875
f 146 1390 1326
f 247 1390 146
f 1326 1484 146
f 146 44 247
f 44 513 247
f 44 1400 513
f 44 146 1484
f 1865 1484 1326
f 901 1488 652
f 1603 1488 901
f 1603 620 1488
f 620 1555 1488
f 1555 1305 1488
f 1555 76 1305
f 1526 76 1555
f 1343 1875 625
f 247 513 1875
f 1526 273 76
f 273 1526 1102
f 656 76 273
f 76 656 1305
f 1305 125 1288
f 125 1305 656
f 1026 1343 625
f 513 625 1875
f 542 433 144
f 542 1102 433
f 273 1102 542
f 164 273 542
f 273 164 656
f 900 656 164
f 125 656 900
f 214 33 1935
f 214 1441 33
f 933 1441 214
f 1092 620 1603
f 933 1594 1441
f 1935 620 1092
f 1935 33 1211
f 1441 1211 33
f 1441 1594 1211
f 620 1526 1555
f 1935 1526 620
f 1935 501 1526
f 1211 501 1935
f 1211 741 501
f 1211 829 741
f 1211 485 829
f 1594 485 1211
f 501 889 1526
f 829 21 741
f 485 21 829
f 1102 889 510
f 889 1102 1526
f 889 676 510
f 501 676 889
f 741 676 501
f 741 678 676
f 21 678 741
f 21 1379 678
f 21 449 1379
f 485 449 21
f 485 794 449
f 817 433 1860
f 433 90 1860
f 90 668 1860
f 90 569 668
f 90 940 569
f 940 929 569
f 940 517 929
f 940 285 517
f 285 596 517
f 1102 90 433
f 1102 510 90
f 510 940 90
f 510 676 940
f 676 285 940
f 678 285 676
f 1379 285 678
f 1379 596 285
f 346 1762 456
f 1944 1762 346
f 1944 505 1762
f 1640 505 1944
f 1640 1914 505
f 1944 346 1990
f 517 374 783
f 596 374 517
f 1572 1738 1608
f 1738 1599 1115
f 1599 1554 1115
f 1599 265 1554
f 1781 1318 662
f 1923 1231 1414
f 1608 1738 1923
f 1738 1231 1923
f 1317 1781 662
f 1738 1115 1231
f 379 1781 1317
f 379 1317 858
f 1865 1231 81
f 1231 1865 1326
f 1115 81 1231
f 92 1317 353
f 858 1317 92
f 847 379 858
f 92 353 1120
f 662 652 869
f 662 1318 652
f 1488 869 652
f 1488 1305 869
f 869 1317 662
f 1305 1288 869
f 869 1288 1317
f 353 1288 125
f 1288 353 1317
f 353 417 148
f 353 125 417
f 1577 933 1391
f 1577 1594 933
f 1577 1415 1594
f 1577 468 1415
f 1577 993 468
f 1415 974 1594
f 1594 794 485
f 974 794 1594
f 1640 1882 1914
f 1928 1838 1882
f 1928 1882 1640
f 1415 91 974
f 468 91 1415
f 1504 1903 1572
f 1739 1903 1504
f 1572 1599 1738
f 1572 70 1599
f 1903 70 1572
f 1903 1157 70
f 1903 843 1157
f 1739 843 1903
f 1739 1718 843
f 1599 527 265
f 70 527 1599
f 557 1669 1788
f 1019 1669 557
f 1450 1019 557
f 379 1788 1781
f 557 1788 379
f 578 557 379
f 266 557 578
f 266 1450 557
f 578 379 1686
f 1686 379 847
f 1301 266 578
f 1686 847 1258
f 832 578 1686
f 8 578 832
f 1378 578 8
f 1378 1301 578
f 1349 993 1577
f 1349 1008 993
f 1792 1008 1349
f 1792 575 1008
f 1792 1272 575
f 1759 1272 1792
f 1598 1845 1838
f 1598 1838 1928
f 1710 1845 1598
f 1272 1013 575
f 1413 1013 1272
f 1537 734 300
f 102 300 734
f 1632 300 102
f 171 1537 300
f 1173 1537 171
f 1632 171 300
f 464 1173 171
f 1632 464 171
f 1632 1345 464
f 1522 464 1453
f 1522 1173 464
f 464 1345 1453
f 1453 1345 1522
f 1482 1522 111
f 1345 111 1522
f 1345 1250 111
f 1345 811 1250
f 959 1195 857
f 959 857 999
f 446 857 1195
f 1482 1246 1173
f 1482 1173 1522
f 1195 1191 446
f 1191 1195 584
f 902 1246 1482
f 435 902 1482
f 584 1716 1191
f 584 1495 1716
f 1160 1618 584
f 584 1618 1495
f 1618 1636 1495
f 1444 825 999
f 985 1768 1388
f 1200 1768 985
f 1444 999 857
f 446 1444 857
f 1518 1444 446
f 1990 1444 1518
f 1388 1345 1632
f 1388 1661 1345
f 1768 1661 1388
f 1768 1095 1661
f 1661 811 1345
f 1518 446 1191
f 1716 1518 1191
f 1513 1518 1716
f 44 991 1400
f 1484 42 44
f 42 991 44
f 1865 298 1484
f 298 42 1484
f 298 148 42
f 779 1026 625
f 433 817 144
f 60 625 513
f 60 779 625
f 779 144 1026
f 779 542 144
f 60 164 779
f 164 542 779
f 1400 60 513
f 1400 900 60
f 900 164 60
f 991 900 1400
f 42 417 991
f 417 900 991
f 417 125 900
f 148 417 42
f 374 1200 783
f 596 1050 374
f 449 596 1379
f 449 1050 596
f 449 1688 1050
f 794 1688 449
f 794 1578 1688
f 374 1768 1200
f 374 1050 1768
f 1050 1095 1768
f 1688 1095 1050
f 1578 1501 1688
f 1688 1501 1095
f 1944 1990 1518
f 1513 1944 1518
f 298 862 148
f 862 353 148
f 81 674 1865
f 674 298 1865
f 674 1120 298
f 1120 862 298
f 353 862 1120
f 1358 674 81
f 674 103 1120
f 1115 1358 81
f 1358 103 674
f 103 92 1120
f 1554 1358 1115
f 1554 328 1358
f 328 103 1358
f 328 1873 103
f 1873 858 103
f 858 92 103
f 265 1226 1554
f 1226 328 1554
f 1226 127 328
f 127 1873 328
f 127 847 1873
f 847 858 1873
f 974 1578 794
f 974 91 1578
f 91 1582 1578
f 468 1859 91
f 1859 1582 91
f 993 1859 468
f 1582 1501 1578
f 1859 1434 1582
f 1582 1434 1501
f 1188 1928 1640
f 70 631 527
f 1157 631 70
f 527 1226 265
f 527 1852 1226
f 1852 127 1226
f 1852 1258 127
f 1258 847 127
f 1503 1258 1852
f 1503 832 1258
f 832 1686 1258
f 1157 608 631
f 608 8 1503
f 8 832 1503
f 843 608 1157
f 1718 608 843
f 1718 1502 608
f 1502 8 608
f 1502 1378 8
f 1852 527 631
f 631 1503 1852
f 608 1503 631
f 1008 1859 993
f 1008 1232 1859
f 575 1232 1008
f 575 1013 1232
f 1013 558 1232
f 1413 558 1013
f 1232 1434 1859
f 558 1908 1232
f 1232 1908 1434
f 1598 1928 1188
f 1086 1482 111
f 152 1482 1086
f 1250 1086 111
f 1250 811 1086
f 1051 152 1086
f 811 1051 1086
f 811 38 1051
f 1051 38 479
f 435 1482 152
f 1495 1636 716
f 1543 902 435
f 435 152 1051
f 479 435 1051
f 58 435 479
f 1543 435 58
f 1636 1700 1545
f 38 58 479
f 1543 58 469
f 882 1543 942
f 38 469 58
f 38 1756 469
f 185 1543 469
f 942 1543 185
f 469 1756 185
f 942 185 1385
f 1756 1385 185
f 1756 1511 1385
f 1618 1700 1636
f 1512 1034 1618
f 882 902 1543
f 1618 1643 1700
f 1920 902 882
f 1362 1643 1618
f 1128 902 1920
f 1618 1034 1362
f 1512 1367 1034
f 1920 882 436
f 1034 1024 1362
f 1661 38 811
f 716 1716 1495
f 1513 1716 716
f 1545 716 1636
f 1545 1513 716
f 818 1513 1545
f 598 1513 818
f 598 818 1370
f 1643 1545 1700
f 38 1511 1756
f 1643 818 1545
f 1661 1511 38
f 1661 1691 1511
f 1095 1691 1661
f 1095 1319 1691
f 1643 1898 818
f 1898 1643 1362
f 1370 818 1898
f 1898 1362 1024
f 1229 1944 1513
f 1475 1944 1229
f 1375 1944 1475
f 1375 1640 1944
f 1229 1513 598
f 1501 1319 1095
f 1501 1277 1319
f 1188 1640 1375
f 280 1188 1375
f 1434 303 1501
f 1802 1188 429
f 1501 303 1277
f 1434 1896 303
f 1843 1188 280
f 429 1188 1843
f 1802 1598 1188
f 1478 1598 1802
f 1360 1598 1478
f 1360 1710 1598
f 1908 1896 1434
f 1908 1942 1896
f 471 942 1385
f 882 942 471
f 1511 471 1385
f 64 882 471
f 1511 64 471
f 1001 882 64
f 436 882 1001
f 64 954 1001
f 1511 954 64
f 1001 954 436
f 954 872 436
f 1844 872 954
f 1512 79 1367
f 1034 653 1024
f 1034 1367 653
f 1038 1128 1920
f 1367 79 653
f 1038 1920 572
f 1512 438 79
f 1512 650 438
f 79 742 653
f 79 438 742
f 1920 436 872
f 1124 1920 872
f 572 1920 1124
f 1844 1124 872
f 572 1124 744
f 1844 744 1124
f 1844 349 744
f 1878 572 744
f 1038 572 1878
f 349 1878 744
f 1064 1038 1878
f 344 1038 1064
f 1167 1038 344
f 349 1064 1878
f 1511 349 954
f 1691 349 1511
f 1691 1723 349
f 1319 1723 1691
f 954 349 1844
f 1024 1182 1898
f 1182 1024 653
f 1182 1370 1898
f 598 1370 1182
f 462 1182 653
f 1440 1182 462
f 1440 598 1182
f 371 742 438
f 462 653 742
f 1440 462 371
f 1067 371 438
f 68 438 650
f 68 1067 438
f 371 462 742
f 1067 1440 371
f 1277 1723 1319
f 1277 1958 1723
f 1229 598 1440
f 1475 1229 1440
f 1375 1475 1440
f 303 1958 1277
f 303 1350 1958
f 1896 1350 303
f 1843 280 1375
f 1896 803 1350
f 1942 803 1896
f 1802 429 1843
f 344 1172 1167
f 1172 554 1167
f 1064 1172 344
f 349 1172 1064
f 1723 85 349
f 349 944 1172
f 85 944 349
f 1958 1151 1723
f 1723 1151 85
f 1350 1910 1958
f 1958 1910 1151
f 803 1728 1350
f 1350 1728 1910
f 1847 1160 1684
f 1960 1586 547
f 1960 547 1246
f 1960 1246 902
f 1737 1160 1847
f 1960 1840 1586
f 1720 1840 1960
f 1266 1840 1720
f 1913 465 1737
f 1913 1417 465
f 539 23 1913
f 23 1398 1913
f 1398 759 1913
f 1398 1009 759
f 759 1417 1913
f 1532 1266 1720
f 1532 1681 1266
f 539 1337 23
f 385 1337 539
f 359 1466 1266
f 359 758 1466
f 1337 1757 23
f 1681 359 1266
f 1757 1398 23
f 793 359 1681
f 1757 480 1398
f 480 1009 1398
f 480 413 1009
f 1009 34 759
f 413 34 1009
f 758 123 1466
f 1566 123 758
f 1740 758 359
f 1740 1566 758
f 1663 359 793
f 1663 1740 359
f 19 793 1681
f 19 1663 793
f 1590 707 1717
f 1590 385 707
f 385 1757 1337
f 1590 1757 385
f 1590 1641 1757
f 1641 1550 1757
f 1757 1550 480
f 480 1550 413
f 1550 1694 413
f 996 1566 1740
f 1663 996 1740
f 394 996 1663
f 1647 996 394
f 394 1663 19
f 243 1641 1590
f 243 1587 1641
f 1680 1587 243
f 1680 1252 1587
f 1731 996 1647
f 1731 1894 996
f 905 1252 1680
f 905 1611 1252
f 1303 1611 905
f 1814 1758 1894
f 1814 1894 1731
f 1947 1611 1303
f 1947 1544 1611
f 1030 1544 1947
f 1965 1758 1814
f 1720 1960 918
f 52 1662 1160
f 465 1817 1737
f 1737 672 1160
f 1737 1817 672
f 672 52 1160
f 1817 1665 672
f 855 1532 1720
f 980 1532 855
f 855 1720 1964
f 1417 1664 465
f 465 590 1817
f 34 606 759
f 34 657 606
f 821 1681 1532
f 935 821 1532
f 606 352 759
f 657 352 606
f 759 198 1417
f 352 198 759
f 1371 1532 980
f 412 1532 1371
f 412 935 1532
f 352 1945 198
f 1588 1371 980
f 1387 412 1371
f 198 1664 1417
f 198 494 1664
f 1387 1371 1588
f 1040 1387 1588
f 1664 590 465
f 1664 682 590
f 821 19 1681
f 394 19 821
f 394 821 935
f 394 935 412
f 413 657 34
f 413 1694 657
f 1694 352 657
f 1694 1945 352
f 1550 1945 1694
f 1945 494 198
f 394 412 1387
f 1550 494 1945
f 1519 1647 394
f 1550 682 494
f 494 682 1664
f 1422 1387 1040
f 1422 394 1387
f 1519 394 1422
f 1641 682 1550
f 1822 1731 1647
f 1641 1941 682
f 1822 1647 1519
f 1668 1814 1731
f 1668 1731 1822
f 1795 1814 1668
f 1795 1965 1814
f 1553 1965 1795
f 1128 1960 902
f 1160 1512 1618
f 1160 116 1512
f 918 1960 1128
f 1160 1456 116
f 1160 1369 1456
f 1456 1777 116
f 1369 548 1456
f 1160 898 1369
f 1662 898 1160
f 672 856 52
f 1794 1720 324
f 638 1720 918
f 324 1720 638
f 1662 1047 898
f 1665 1103 672
f 590 997 1817
f 143 1720 1984
f 143 1964 1720
f 997 1665 1817
f 1665 1121 1103
f 1665 913 1121
f 997 913 1665
f 1794 1984 1720
f 1315 279 1103
f 1121 1315 1103
f 913 1315 1121
f 1155 143 1984
f 1103 279 672
f 1315 888 279
f 672 773 856
f 279 773 672
f 46 773 279
f 888 46 279
f 856 516 52
f 875 516 856
f 773 875 856
f 1040 1588 980
f 365 980 855
f 365 1040 980
f 1422 1040 365
f 277 855 1964
f 277 365 855
f 1422 365 277
f 1373 1964 143
f 277 1964 1373
f 1373 1422 277
f 1357 143 1155
f 1357 1373 143
f 745 1357 1155
f 682 997 590
f 682 845 997
f 845 913 997
f 845 1941 1854
f 845 1854 913
f 1854 1315 913
f 1854 888 1315
f 1854 46 888
f 1083 875 773
f 46 1083 773
f 1854 1083 46
f 1357 1422 1373
f 1422 1357 745
f 1836 1519 1422
f 1837 1422 745
f 1836 1422 1837
f 1941 845 682
f 1587 1810 1941
f 1587 1941 1641
f 1252 1810 1587
f 194 1822 1519
f 194 1519 1836
f 1109 1822 194
f 1252 1940 1810
f 1611 1940 1252
f 1611 1215 1940
f 1109 1668 1822
f 1972 1795 1668
f 1972 1668 1109
f 1544 1215 1611
f 1544 1382 1215
f 1544 1825 1382
f 1968 1553 1795
f 1968 1795 1972
f 116 650 1512
f 116 291 650
f 116 1612 291
f 1777 1612 116
f 1477 1128 1038
f 713 1128 1477
f 1456 775 1777
f 1456 304 775
f 1777 816 1612
f 1477 1038 1167
f 1777 775 816
f 304 962 775
f 159 1128 713
f 159 918 1128
f 548 1353 1456
f 1437 918 159
f 1353 110 1456
f 1456 1141 304
f 1456 110 1141
f 360 1353 548
f 159 713 310
f 638 918 1130
f 898 951 1369
f 951 491 1369
f 1130 918 1066
f 1066 918 1437
f 1369 946 548
f 491 946 1369
f 270 951 898
f 946 360 548
f 491 114 946
f 951 114 491
f 951 1190 114
f 270 1190 951
f 946 132 360
f 52 1857 1662
f 842 1857 52
f 1047 1639 898
f 1857 1331 1662
f 1857 1329 1331
f 842 1329 1857
f 1331 1047 1662
f 1331 1407 1047
f 1828 324 638
f 1047 1585 1639
f 1407 1585 1047
f 1832 638 1130
f 1639 270 898
f 1639 342 270
f 1585 342 1639
f 1806 638 904
f 1806 1828 638
f 877 1155 1984
f 516 842 52
f 642 1984 1794
f 642 877 1984
f 1837 877 642
f 167 642 1794
f 1837 642 167
f 868 1794 324
f 619 1794 868
f 619 167 1794
f 222 167 619
f 1837 167 222
f 868 324 1902
f 222 619 868
f 1394 324 1828
f 1902 324 1394
f 1287 1902 1394
f 1287 868 1902
f 1287 222 868
f 1704 1394 1828
f 1704 1287 1394
f 1806 1704 1828
f 877 745 1155
f 68 650 291
f 1743 1440 1067
f 162 68 291
f 162 291 1612
f 816 162 1612
f 1743 1067 68
f 1743 68 162
f 962 816 775
f 962 1801 816
f 1801 162 816
f 1801 1743 162
f 158 1743 1801
f 32 962 304
f 158 1801 962
f 32 158 962
f 1610 1743 158
f 32 304 1141
f 1912 32 1141
f 1912 1141 110
f 1862 110 1353
f 1862 1912 110
f 360 1862 1353
f 132 1862 360
f 1055 158 32
f 1055 32 1912
f 1862 1055 1912
f 1610 158 1055
f 1610 1055 1862
f 132 1610 1862
f 1452 946 114
f 1452 132 946
f 1190 1452 114
f 712 270 342
f 712 1190 270
f 712 1452 1190
f 1472 1452 712
f 1181 795 1329
f 1941 1472 795
f 795 1407 1331
f 795 1331 1329
f 1472 712 795
f 1407 1282 1585
f 795 1282 1407
f 712 1282 795
f 1282 342 1585
f 712 342 1282
f 1181 516 875
f 1083 1181 875
f 1854 1181 1083
f 1181 842 516
f 1181 1329 842
f 1941 795 1181
f 1941 1181 1854
f 1287 1837 222
f 1871 1837 1287
f 1871 1836 1837
f 1748 1836 1871
f 1871 1287 1704
f 1837 745 877
f 1023 1375 1440
f 1695 1375 1023
f 1023 1440 1743
f 1023 1743 1443
f 1443 1743 1610
f 1721 1443 1452
f 1721 1452 1472
f 1721 1023 1443
f 1631 1023 1721
f 1631 1695 1023
f 1443 1610 132
f 1452 1443 132
f 1721 1472 1941
f 1810 1631 1721
f 1810 1721 1941
f 1748 194 1836
f 1748 1109 194
f 1919 1109 1748
f 1695 1843 1375
f 1678 1843 1695
f 1809 1695 1631
f 1809 1678 1695
f 719 1678 1809
f 1940 1809 1631
f 1215 719 1809
f 1940 1631 1810
f 1215 1809 1940
f 1919 1972 1109
f 1741 1843 1678
f 1741 1802 1843
f 1741 1478 1802
f 1974 1478 1741
f 1974 1360 1478
f 719 1741 1678
f 1789 1741 719
f 1789 1974 1741
f 1382 1789 719
f 1382 719 1215
f 1825 1789 1382
f 1689 1972 1919
f 1689 1968 1972
f 1477 1167 554
f 1076 1477 554
f 506 1477 1076
f 814 1477 506
f 713 1477 814
f 310 713 560
f 1172 1076 554
f 1172 944 1076
f 1616 713 814
f 358 713 1616
f 560 713 358
f 506 1616 814
f 1076 1616 506
f 1076 944 1616
f 560 1696 310
f 944 358 1616
f 944 560 358
f 944 1696 560
f 891 1437 159
f 1690 159 310
f 1461 159 1690
f 364 159 1461
f 891 159 364
f 98 1437 891
f 995 1437 98
f 1696 1690 310
f 1696 1461 1690
f 1461 507 364
f 507 891 364
f 507 98 891
f 98 140 995
f 659 1066 1437
f 86 1066 1097
f 86 1130 1066
f 508 1130 86
f 659 1437 995
f 272 1066 659
f 1097 1066 272
f 995 140 659
f 140 272 659
f 272 1846 1097
f 1846 86 1097
f 1846 508 86
f 1005 638 1832
f 904 638 1005
f 1005 1806 904
f 1131 1832 1130
f 914 1005 1832
f 1131 1130 508
f 914 1832 1131
f 1846 1131 508
f 1846 914 1131
f 85 507 944
f 944 507 1696
f 85 1485 507
f 507 1461 1696
f 507 140 98
f 1846 272 140
f 507 1846 140
f 1992 1846 507
f 1485 1992 507
f 1871 1806 1005
f 1871 1704 1806
f 914 1871 1005
f 1992 1748 1871
f 1846 1871 914
f 1992 1871 1846
f 1151 1485 85
f 1151 1418 1485
f 1485 1615 1992
f 1418 1615 1485
f 1615 1919 1748
f 1615 1748 1992
f 1910 1418 1151
f 1910 1973 1418
f 1418 1529 1615
f 1973 1529 1418
f 1529 1919 1615
f 1728 1973 1910
f 1973 1892 1529
f 1529 1689 1919
f 1892 1689 1529
f 1041 1504 1322
f 1016 1633 1041
f 1016 1824 1633
f 1041 1739 1504
f 1041 1633 1739
f 1633 1170 1739
f 1739 1401 1718
f 1739 1290 1401
f 1170 1290 1739
f 1170 1468 1290
f 1170 1617 1468
f 1218 1019 1450
f 1218 1769 1019
f 129 1534 1769
f 129 1769 1218
f 1808 1534 129
f 1218 1450 266
f 134 266 1301
f 134 1218 266
f 1698 1218 134
f 1796 1218 1698
f 1796 129 1218
f 874 129 1796
f 1408 129 874
f 1166 1301 1378
f 1166 134 1301
f 1759 1897 1272
f 1094 1897 1759
f 1094 1257 1897
f 1294 1257 1094
f 1294 1325 1257
f 315 1325 1294
f 1416 1325 315
f 1416 1404 1325
f 1897 1413 1272
f 1710 1028 1845
f 63 1028 1710
f 1464 1028 63
f 1464 1988 1028
f 1824 1208 1633
f 1208 1170 1633
f 1208 1617 1170
f 104 1824 370
f 104 1208 1824
f 104 1938 1208
f 1938 157 1208
f 1938 1614 157
f 1208 786 1617
f 1408 1808 129
f 1208 1347 786
f 157 1347 1208
f 157 1144 1347
f 157 754 1144
f 1614 754 157
f 1536 1007 1534
f 1808 1536 1534
f 910 655 1536
f 1230 655 910
f 1230 1125 655
f 910 1536 1808
f 588 1125 1230
f 1071 910 1808
f 396 910 1071
f 396 1230 910
f 489 1230 396
f 588 1230 489
f 1071 1808 781
f 1293 396 1071
f 489 396 1293
f 1283 588 489
f 781 1808 1408
f 833 1071 781
f 1293 1071 833
f 1074 489 1293
f 1967 489 1074
f 1283 489 1967
f 666 1293 833
f 106 1293 666
f 1074 1293 106
f 1872 219 1416
f 1872 88 219
f 1135 605 1605
f 1135 1596 605
f 88 1596 1135
f 1596 88 1872
f 1416 219 1404
f 588 1605 1125
f 1135 1605 867
f 219 1493 1404
f 867 1605 588
f 414 1135 867
f 414 88 1135
f 88 414 219
f 219 1311 1493
f 870 414 867
f 414 1311 219
f 414 870 1311
f 1311 1560 1493
f 870 1 1311
f 1311 1386 1560
f 343 588 1283
f 343 867 588
f 1 1386 1311
f 1 643 1386
f 1763 1988 1464
f 1763 1705 1988
f 1713 1705 1763
f 1713 1556 1705
f 1187 1938 104
f 1187 519 1938
f 1505 519 1187
f 1505 1530 519
f 1530 1853 519
f 519 1614 1938
f 519 906 1614
f 519 1853 906
f 1614 573 754
f 1614 906 573
f 1853 1168 906
f 1377 1724 1506
f 1506 1530 1505
f 1724 1530 1506
f 1724 887 1530
f 1724 1039 887
f 1530 887 1853
f 1039 968 887
f 887 1265 1853
f 1039 492 968
f 1351 1074 106
f 1351 87 1074
f 87 1967 1074
f 87 915 1967
f 915 1283 1967
f 1265 1168 1853
f 887 810 1265
f 968 810 887
f 968 1153 810
f 968 492 1153
f 556 870 867
f 870 556 1
f 1613 636 27
f 1313 867 343
f 1123 867 1313
f 1123 556 867
f 556 165 1
f 1123 165 556
f 636 1136 27
f 636 149 1136
f 165 643 1
f 1799 343 1283
f 593 165 1123
f 1136 1196 1498
f 492 1236 973
f 1236 492 1039
f 1236 518 973
f 27 518 1236
f 27 1271 518
f 1136 1271 27
f 149 1196 1136
f 165 1106 643
f 915 1799 1283
f 1313 343 1799
f 593 1106 165
f 641 1123 1313
f 593 1123 641
f 1153 1799 915
f 1153 297 1799
f 297 1313 1799
f 297 641 1313
f 641 1235 593
f 919 641 297
f 492 297 1153
f 492 973 297
f 973 919 297
f 919 1271 641
f 1271 1235 641
f 1271 1498 1235
f 973 518 919
f 518 1271 919
f 1136 1498 1271
f 1874 1556 1713
f 1922 1556 1874
f 1922 1933 1556
f 1235 1106 593
f 1235 984 1106
f 1498 984 1235
f 1196 984 1498
f 1377 1483 1724
f 295 1613 1483
f 18 1613 295
f 18 1804 1613
f 1284 1804 18
f 1613 27 1483
f 1804 147 1613
f 1724 1236 1039
f 1483 1236 1724
f 1483 27 1236
f 147 860 1613
f 860 636 1613
f 1962 404 1354
f 1866 1354 1933
f 1962 1354 1866
f 1866 1933 1922
f 1284 147 1804
f 710 147 1284
f 710 860 147
f 1352 1962 1866
f 710 1567 860
f 710 683 1567
f 1334 683 710
f 493 1962 1352
f 860 149 636
f 860 1656 149
f 860 1567 1656
f 1214 493 1352
f 149 1656 1196
f 57 978 765
f 1220 404 1962
f 972 978 57
f 972 733 978
f 1220 733 972
f 765 1334 710
f 978 1334 765
f 475 1220 1962
f 1220 475 733
f 978 751 1334
f 733 751 978
f 733 238 751
f 475 238 733
f 751 730 1334
f 493 475 1962
f 238 730 751
f 475 600 238
f 600 475 493
f 730 725 1334
f 238 725 730
f 238 1068 725
f 600 1068 238
f 599 493 1214
f 1334 725 683
f 600 540 1068
f 540 493 599
f 540 600 493
f 725 289 683
f 725 949 289
f 1068 949 725
f 1068 236 949
f 540 236 1068
f 540 392 236
f 392 540 599
f 141 599 1214
f 141 392 599
f 392 141 236
f 1401 1502 1718
f 1401 1118 1502
f 1118 1378 1502
f 1118 1166 1378
f 1290 1118 1401
f 1290 1022 1118
f 748 1166 1118
f 748 1698 1166
f 1698 134 1166
f 570 1698 748
f 1468 1022 1290
f 1468 570 1022
f 570 777 1698
f 777 1796 1698
f 1468 1946 570
f 1946 777 570
f 1617 1946 1468
f 1946 1626 777
f 1626 1796 777
f 1626 874 1796
f 1617 380 1946
f 380 1626 1946
f 1626 372 874
f 1022 748 1118
f 570 748 1022
f 1897 558 1413
f 1897 714 558
f 1257 714 1897
f 1325 1098 1257
f 1098 714 1257
f 1404 1098 1325
f 714 1908 558
f 1098 1803 714
f 714 1803 1908
f 786 380 1617
f 380 372 1626
f 372 1408 874
f 786 658 380
f 658 372 380
f 658 1183 372
f 1183 1408 372
f 1347 658 786
f 1183 1133 1408
f 1133 781 1408
f 1347 1144 658
f 1144 1183 658
f 1144 65 1183
f 65 1133 1183
f 460 781 1133
f 65 460 1133
f 754 65 1144
f 754 375 65
f 375 460 65
f 375 499 460
f 754 573 375
f 573 499 375
f 573 183 499
f 460 833 781
f 499 833 460
f 666 833 499
f 183 666 499
f 1404 731 1098
f 1493 731 1404
f 1560 731 1493
f 1386 731 1560
f 1386 640 731
f 643 640 1386
f 731 1803 1098
f 640 1883 731
f 731 1883 1803
f 1763 1464 1547
f 1713 1763 1000
f 906 183 573
f 183 106 666
f 906 227 183
f 227 106 183
f 227 1351 106
f 1168 227 906
f 227 797 1351
f 797 87 1351
f 1265 227 1168
f 1265 797 227
f 810 797 1265
f 810 87 797
f 810 1153 87
f 1153 915 87
f 1106 640 643
f 1106 1021 640
f 984 1021 1106
f 984 1851 1021
f 1196 1079 984
f 1079 1851 984
f 1021 1883 640
f 1851 1773 1021
f 1079 1773 1851
f 1773 1883 1021
f 1656 1079 1196
f 1567 799 1656
f 683 799 1567
f 799 1079 1656
f 683 696 799
f 799 1460 1079
f 696 844 799
f 844 181 799
f 1460 1773 1079
f 181 1460 799
f 1101 1214 1352
f 1500 1101 1352
f 83 1866 1922
f 689 1352 1866
f 689 1866 83
f 689 1500 1352
f 289 696 683
f 736 141 1214
f 177 141 736
f 949 1085 289
f 236 1085 949
f 236 48 1085
f 141 48 236
f 141 177 48
f 289 1085 696
f 444 177 736
f 1085 1583 696
f 1583 168 696
f 925 444 736
f 48 1583 1085
f 48 393 1583
f 177 393 48
f 444 393 177
f 1101 736 1214
f 1101 925 736
f 1583 2 168
f 393 2 1583
f 393 970 2
f 444 970 393
f 444 925 970
f 168 844 696
f 2 844 168
f 925 778 970
f 925 329 778
f 329 925 1101
f 2 463 844
f 970 463 2
f 778 463 970
f 844 461 181
f 463 461 844
f 778 369 463
f 329 369 778
f 463 677 461
f 369 677 463
f 369 524 677
f 329 1101 1500
f 329 1065 369
f 1065 329 1500
f 689 1065 1500
f 1065 524 369
f 1065 964 524
f 964 1065 689
f 1341 1710 1360
f 1341 63 1710
f 1327 63 1341
f 1327 1464 63
f 1547 1464 1327
f 1803 1942 1908
f 1803 1234 1942
f 1000 1763 1547
f 1261 1713 1000
f 1209 1713 1261
f 1883 1234 1803
f 1883 1372 1234
f 1943 1000 1547
f 1209 1874 1713
f 1952 1874 1209
f 1507 1874 1952
f 1507 1922 1874
f 1773 1372 1883
f 1773 1978 1372
f 83 1922 1507
f 1270 689 83
f 1429 83 1507
f 1546 1270 83
f 633 1270 1546
f 1460 1978 1773
f 1460 1750 1978
f 181 1750 1460
f 181 986 1750
f 1280 83 1429
f 1546 83 1280
f 986 1193 1750
f 461 1348 181
f 677 1348 461
f 524 322 677
f 677 322 1348
f 322 294 1348
f 1348 1361 181
f 1361 986 181
f 294 1361 1348
f 1364 689 1270
f 964 189 524
f 964 1364 189
f 1364 964 689
f 189 322 524
f 1364 649 189
f 649 1364 1270
f 189 294 322
f 189 686 294
f 649 686 189
f 649 1270 633
f 686 1361 294
f 649 1299 686
f 649 249 1299
f 249 649 633
f 739 633 1546
f 333 633 739
f 1361 1145 986
f 686 1145 1361
f 1299 1145 686
f 1299 1138 1145
f 249 1138 1299
f 249 633 333
f 1433 333 739
f 1145 618 986
f 249 313 1138
f 249 1433 313
f 1433 249 333
f 986 618 1193
f 230 1433 739
f 230 739 957
f 1145 1289 618
f 1138 1289 1145
f 313 1289 1138
f 313 169 1289
f 1433 169 313
f 1433 1298 169
f 1298 1433 230
f 957 739 1546
f 618 1289 1193
f 497 230 957
f 1298 474 169
f 1298 629 474
f 629 1298 230
f 138 629 230
f 497 138 230
f 77 497 957
f 1942 1841 803
f 1234 1841 1942
f 1943 1547 1327
f 1921 1841 1234
f 1372 1921 1234
f 1261 1000 1943
f 1978 1921 1372
f 1978 1552 1921
f 1193 1986 1750
f 1750 1552 1978
f 1750 268 1552
f 1986 268 1750
f 1986 1206 268
f 1790 1546 1280
f 1280 1429 1507
f 1467 1790 1280
f 1206 1576 268
f 1289 1134 1193
f 169 1134 1289
f 474 1134 169
f 629 536 474
f 138 536 629
f 1134 747 1193
f 474 747 1134
f 536 747 474
f 536 445 747
f 138 445 536
f 497 445 138
f 497 306 445
f 747 1986 1193
f 747 254 1986
f 445 254 747
f 445 1521 254
f 306 1521 445
f 254 1521 1986
f 306 122 1521
f 122 1206 1986
f 1521 122 1986
f 77 957 1546
f 1790 77 1546
f 1458 77 1790
f 1458 1048 77
f 1048 497 77
f 415 1458 1790
f 848 1790 1467
f 848 415 1790
f 1048 306 497
f 317 848 1467
f 1428 317 1467
f 1048 1520 306
f 1048 1184 1520
f 1458 1184 1048
f 415 1184 1458
f 308 1428 1467
f 150 1428 308
f 1520 122 306
f 415 1439 1184
f 848 1439 415
f 317 1439 848
f 1520 1077 122
f 1184 1077 1520
f 1184 120 1077
f 1439 120 1184
f 317 1073 1439
f 1428 1073 317
f 150 1073 1428
f 1077 1206 122
f 1077 1770 1206
f 120 1770 1077
f 1439 1213 120
f 1073 1213 1439
f 150 443 1073
f 1206 1770 1576
f 1770 454 1576
f 120 454 1770
f 1213 454 120
f 1213 827 454
f 1073 827 1213
f 1073 264 827
f 443 264 1073
f 454 1597 1576
f 454 827 1597
f 827 240 1597
f 264 240 827
f 803 1886 1728
f 1841 1886 803
f 1921 1886 1841
f 1921 1929 1886
f 1552 1929 1921
f 1552 1651 1929
f 1576 1597 268
f 1597 579 268
f 268 1651 1552
f 268 1559 1651
f 579 1559 268
f 240 579 1597
f 240 411 579
f 264 411 240
f 411 1332 579
f 1811 1765 1030
f 1030 1765 1544
f 1811 1745 1765
f 1965 1985 1758
f 955 1985 1965
f 1829 1745 1811
f 1829 1918 1745
f 955 1937 1985
f 1805 1937 955
f 1829 1535 1918
f 1887 1535 1829
f 1887 1948 1535
f 1805 1969 1937
f 2000 1969 1805
f 1685 1948 1887
f 1685 151 1948
f 53 151 1685
f 53 1726 151
f 53 1595 1726
f 1595 1749 1726
f 1035 1969 2000
f 1701 1035 2000
f 1701 439 1035
f 388 1607 53
f 989 1607 388
f 989 738 1607
f 1607 1595 53
f 1607 1949 1595
f 738 1949 1607
f 1949 530 1595
f 1595 84 1749
f 530 84 1595
f 530 418 84
f 84 749 1749
f 418 749 84
f 418 504 749
f 193 504 418
f 937 738 989
f 937 998 738
f 998 937 1186
f 998 1186 1035
f 327 998 1035
f 738 327 1949
f 998 327 738
f 697 327 1035
f 327 530 1949
f 327 697 530
f 439 697 1035
f 697 418 530
f 697 439 418
f 637 439 1701
f 804 439 637
f 439 193 418
f 439 804 193
f 804 637 193
f 955 1965 1553
f 1654 955 1553
f 1805 955 1654
f 1867 1805 1654
f 2000 1805 1867
f 1380 2000 1867
f 646 724 1726
f 1701 2000 1380
f 1726 724 151
f 151 1573 1948
f 724 1573 151
f 791 1701 1380
f 791 651 1701
f 749 1069 1749
f 504 1069 749
f 193 1080 504
f 1749 361 1726
f 1749 903 361
f 1069 903 1749
f 504 903 1069
f 504 466 903
f 1080 466 504
f 903 1655 361
f 903 737 1655
f 466 737 903
f 466 69 737
f 361 646 1726
f 1655 646 361
f 1655 746 646
f 737 746 1655
f 737 170 746
f 69 170 737
f 651 69 1701
f 1744 69 651
f 746 314 646
f 746 118 314
f 170 118 746
f 69 1744 170
f 314 724 646
f 118 25 314
f 118 1455 25
f 170 1455 118
f 1744 1455 170
f 314 837 724
f 25 837 314
f 1744 976 1455
f 976 1744 651
f 837 841 724
f 25 841 837
f 25 335 841
f 1455 335 25
f 976 335 1455
f 976 815 335
f 976 651 815
f 637 1080 193
f 544 637 1701
f 1080 544 466
f 544 1080 637
f 69 544 1701
f 544 69 466
f 1765 1825 1544
f 1765 1667 1825
f 1745 1667 1765
f 1745 1722 1667
f 1712 1654 1553
f 1712 1553 1968
f 1918 1722 1745
f 1918 1658 1722
f 1734 1867 1654
f 1734 1654 1712
f 1535 1658 1918
f 1535 1953 1658
f 1948 1953 1535
f 1948 1222 1953
f 1638 1380 1867
f 1638 1867 1734
f 1480 1742 1573
f 1480 566 1742
f 1573 1222 1948
f 724 1480 1573
f 791 1380 1637
f 1637 1380 1638
f 1163 1497 1637
f 1497 791 1637
f 849 1497 1163
f 726 566 1480
f 726 717 566
f 566 1492 1742
f 717 930 566
f 566 1179 1492
f 930 1179 566
f 930 766 1179
f 930 410 766
f 1179 1787 1492
f 1179 338 1787
f 1392 338 1179
f 766 1392 1179
f 1492 1787 1742
f 338 1263 1787
f 766 455 1392
f 410 455 766
f 410 543 455
f 80 1480 724
f 841 80 724
f 841 487 80
f 335 487 841
f 612 651 791
f 612 815 651
f 80 665 1480
f 487 665 80
f 335 1899 487
f 335 612 1899
f 815 612 335
f 665 726 1480
f 487 1899 665
f 831 612 791
f 665 717 726
f 665 1054 717
f 1899 1054 665
f 1899 831 1054
f 612 831 1899
f 1497 831 791
f 717 476 930
f 1054 476 717
f 1054 262 476
f 831 262 1054
f 262 831 1497
f 476 410 930
f 476 800 410
f 476 1164 800
f 262 1164 476
f 406 262 1497
f 1164 406 800
f 1164 262 406
f 406 1497 849
f 800 543 410
f 543 406 849
f 406 543 800
f 1974 1341 1360
f 1818 1341 1974
f 1818 1327 1341
f 1818 1943 1327
f 1870 1943 1818
f 1442 1974 1789
f 1442 1818 1974
f 1735 1818 1442
f 1735 1870 1818
f 1825 1442 1789
f 1667 1735 1442
f 1667 1442 1825
f 1722 1735 1667
f 1869 1968 1689
f 1869 1712 1968
f 1835 1943 1870
f 1835 1261 1943
f 1835 1209 1261
f 1850 1870 1735
f 1850 1835 1870
f 1850 1735 1722
f 1658 1850 1722
f 555 1712 1869
f 555 1734 1712
f 1835 1952 1209
f 1782 1952 1835
f 1782 1507 1952
f 1514 1835 1850
f 1782 1835 1514
f 1715 1782 1514
f 1953 1850 1658
f 1953 1514 1850
f 1222 1514 1953
f 1222 1715 1514
f 1970 1734 555
f 1638 1734 1970
f 1563 1638 1970
f 1571 1507 1782
f 1571 1280 1507
f 1467 1280 1571
f 308 1467 1571
f 1625 308 1571
f 1180 308 1625
f 1420 1625 1571
f 1670 1625 1420
f 1764 1670 1420
f 1449 1420 1571
f 1449 1764 1420
f 1715 1571 1782
f 1715 1622 1571
f 1675 1622 1715
f 1489 1622 1675
f 1622 1785 1571
f 1785 1449 1571
f 126 356 1675
f 356 1489 1675
f 1742 1675 1573
f 1742 126 1675
f 1787 126 1742
f 1573 1715 1222
f 1573 1675 1715
f 1563 1637 1638
f 1831 1637 1563
f 1831 1163 1637
f 362 1163 1831
f 443 150 308
f 153 308 1180
f 153 443 308
f 805 1180 1625
f 496 805 1625
f 153 1180 805
f 496 153 805
f 17 1625 1670
f 428 496 1625
f 17 428 1625
f 443 49 264
f 153 49 443
f 496 49 153
f 229 496 428
f 229 428 17
f 398 17 1670
f 49 1081 264
f 496 1570 49
f 229 1570 496
f 398 229 17
f 1449 1091 1764
f 880 1670 1764
f 880 398 1670
f 4 1091 1449
f 614 4 1449
f 54 614 1449
f 1427 1449 1785
f 1427 54 1449
f 838 1785 1622
f 1320 838 1622
f 99 1320 1622
f 451 99 1622
f 975 1622 1489
f 975 451 1622
f 932 975 1489
f 131 1427 1785
f 838 131 1785
f 126 1142 356
f 1673 1142 126
f 1142 923 356
f 812 923 1142
f 1673 681 1142
f 12 1489 356
f 1063 12 356
f 923 1063 356
f 899 1063 923
f 812 899 923
f 1142 700 812
f 681 700 1142
f 932 1489 12
f 812 529 899
f 700 529 812
f 681 478 700
f 12 36 932
f 1063 36 12
f 1063 559 36
f 899 559 1063
f 529 559 899
f 700 166 529
f 478 166 700
f 1263 1062 1787
f 1263 1116 1062
f 338 1082 1263
f 1392 1082 338
f 455 1082 1392
f 543 459 455
f 1062 126 1787
f 1285 459 849
f 1162 126 1062
f 1116 1162 1062
f 1082 1116 1263
f 455 1285 1082
f 459 1285 455
f 40 1285 1163
f 1285 849 1163
f 348 1673 126
f 1162 348 126
f 1116 729 1162
f 1116 490 729
f 1082 490 1116
f 1082 40 490
f 1285 40 1082
f 7 1163 362
f 7 40 1163
f 1162 5 348
f 729 5 1162
f 490 876 729
f 490 7 876
f 40 7 490
f 348 681 1673
f 348 768 681
f 5 768 348
f 729 11 5
f 11 876 362
f 876 11 729
f 876 7 362
f 205 11 362
f 5 205 768
f 11 205 5
f 14 205 1831
f 205 362 1831
f 768 478 681
f 768 14 478
f 205 14 768
f 166 14 1831
f 478 14 166
f 459 543 849
f 1886 1709 1728
f 1728 1709 1973
f 1709 1950 1892
f 1709 1892 1973
f 1892 1869 1689
f 1950 1869 1892
f 1886 1376 1709
f 1929 1376 1886
f 1736 1950 1376
f 1376 1950 1709
f 1950 555 1869
f 1736 555 1950
f 1651 1376 1929
f 1651 1538 1376
f 1538 1736 1376
f 1736 1970 555
f 1563 1970 1736
f 1559 1538 1651
f 1559 1169 1538
f 704 1169 1559
f 22 1736 1538
f 1580 950 22
f 1169 22 1538
f 1580 22 1169
f 943 1563 22
f 943 1831 1563
f 22 1563 1736
f 1606 943 22
f 1081 411 264
f 49 776 1081
f 1570 776 49
f 1570 130 776
f 229 130 1570
f 229 796 130
f 398 796 229
f 1081 1332 411
f 1081 281 1332
f 776 281 1081
f 579 281 1559
f 281 244 1559
f 1332 281 579
f 776 244 281
f 130 244 776
f 130 382 244
f 130 119 382
f 796 119 130
f 796 78 119
f 796 29 78
f 382 119 1559
f 119 78 1559
f 78 704 1559
f 244 382 1559
f 78 29 704
f 1091 880 1764
f 398 515 796
f 515 398 880
f 1363 515 880
f 660 880 1091
f 660 1363 880
f 4 660 1091
f 4 824 660
f 614 824 4
f 614 830 824
f 54 830 614
f 1427 830 54
f 1427 500 830
f 515 29 796
f 515 1679 29
f 1363 1679 515
f 1363 514 1679
f 660 514 1363
f 824 514 660
f 29 1679 704
f 1679 514 704
f 514 763 704
f 824 763 514
f 824 661 763
f 830 661 824
f 830 1600 661
f 500 1600 830
f 500 1306 1600
f 1600 1306 1169
f 704 763 1169
f 763 661 1169
f 661 1600 1169
f 838 789 131
f 1320 789 838
f 1320 441 789
f 99 441 1320
f 451 441 99
f 975 441 451
f 975 1042 441
f 932 1042 975
f 131 500 1427
f 789 500 131
f 789 589 500
f 441 589 789
f 441 175 589
f 441 486 175
f 1042 486 441
f 1042 391 486
f 950 1606 22
f 486 1606 950
f 486 391 1606
f 500 267 1306
f 267 589 1580
f 589 267 500
f 589 950 1580
f 589 175 950
f 175 486 950
f 1306 1580 1169
f 1306 267 1580
f 1176 1831 943
f 1176 166 1831
f 204 1176 943
f 932 263 1042
f 36 263 932
f 559 448 36
f 529 448 559
f 529 204 448
f 529 1176 204
f 166 1176 529
f 231 448 943
f 448 204 943
f 36 202 263
f 36 231 202
f 448 231 36
f 1606 231 943
f 202 231 1606
f 391 263 1606
f 263 391 1042
f 263 202 1606

