# https://github.com/mikedh/trimesh
v 0.04370987 -0.46310109 -0.63548964
v 0.12015013 -0.37365654 0.65961128
v -0.38638082 -0.06049524 -0.75123596
v 0.35895348 0.29678842 -0.24217239
v 0.16927445 0.36307070 -0.74296421
v 0.45179701 -0.01816269 0.53498960
v -0.31805182 0.17617744 -0.75130486
v 0.39432868 0.23249102 -0.66257238
v -0.22578853 0.32825357 0.65349275
v 0.31735831 -0.31811789 -0.69534069
v 0.42604291 -0.08283519 0.58639079
v -0.28892833 -0.15408935 0.72944361
v 0.07528581 0.30786490 0.72784883
v -0.16903283 0.42627713 -0.65965801
v -0.29770434 -0.31997553 0.59235710
v -0.28388131 -0.34360844 0.57485050
v -0.40329447 0.08547312 0.63402891
v 0.32816899 0.02837601 0.71858436
v -0.12882060 -0.40644336 -0.73071897
v 0.21042572 -0.19817202 0.73889190
v -0.36327800 0.29151061 -0.18142341
v -0.16693445 0.37102592 -0.74129814
v 0.15932475 -0.31031579 0.71138430
v 0.03412791 0.46256977 -0.16624920
v -0.40202293 -0.02272820 -0.74162501
v -0.30518767 -0.18290451 -0.75679225
v 0.22647992 -0.39894283 0.18800224
v -0.42603129 0.16529444 -0.67142087
v -0.27819344 -0.34649739 -0.70837009
v -0.14397795 0.40222979 -0.72729725
v 0.18570888 0.39546406 -0.70879292
v 0.16576459 -0.35402039 -0.74805051
v 0.37294370 0.16780339 -0.74415481
v 0.37492043 -0.27499387 -0.50281954
v 0.24057198 -0.38010922 -0.68971312
v 0.45664394 -0.04579240 -0.66816622
v -0.01551007 0.44347304 -0.70968229
v 0.04750223 0.36787009 -0.75516593
v -0.39376488 0.01455601 -0.74671584
v 0.21518901 -0.39125934 0.56321466
v -0.34531692 -0.01459979 0.71715498
v 0.23034056 0.28825435 0.69552535
v 0.41790447 0.20175630 -0.39049926
v 0.42764139 -0.07581602 -0.71578449
v 0.45372629 -0.06833332 0.44540986
v -0.06143957 0.42121017 -0.72971094
v -0.09082224 -0.38998225 -0.74605352
v -0.07579648 0.44004130 -0.70538467
v -0.26546887 0.35758638 -0.70434457
v 0.44008613 -0.14416663 0.17611343
v -0.05563931 0.46223149 -0.00715894
v -0.40620559 0.06840757 -0.73594457
v 0.08830671 0.45222571 0.31286812
v -0.40462252 0.05308123 -0.73857081
v 0.46280789 0.05802830 -0.47693071
v -0.45363387 -0.10263876 0.00028992
v 0.42389920 -0.16675727 0.52733546
v -0.32516980 0.05463225 0.72838748
v 0.35252178 -0.13468690 -0.75484461
v 0.19110033 -0.37364289 -0.73115396
v 0.36506221 0.29055125 -0.52802646
v -0.31726635 0.24903251 -0.74117297
v -0.32441148 -0.16419880 -0.75567353
v -0.14829601 -0.40511483 0.59780902
v 0.15240453 0.43357757 0.30214569
v 0.29065746 0.33574703 0.57858604
v 0.44023731 -0.14169925 -0.21098652
v -0.36170295 0.29393721 -0.48431742
v -0.26177904 -0.34826091 0.59351188
v 0.36535060 -0.29036975 -0.52998197
v -0.46206254 0.02487292 0.50841212
v -0.44462958 -0.10261358 -0.67281222
v 0.37986660 -0.25418165 -0.66117191
v 0.16323222 -0.43143666 0.31762815
v -0.15030111 0.41571167 -0.70884979
v -0.40361151 -0.22498603 -0.35503122
v 0.44391081 0.13302489 -0.16678517
v -0.38943514 0.24281867 0.27158061
v 0.36834946 -0.18471710 0.62797040
v -0.14058785 0.44096410 -0.53738230
v -0.05553400 -0.46234584 0.14430398
v -0.30364126 0.21296145 -0.75158513
v 0.01551474 0.45323944 -0.67906427
v -0.40584666 0.16147429 -0.70867771
v -0.39212599 -0.22539140 0.54373801
v 0.37797031 0.06817406 -0.75004297
v 0.28362033 -0.13412045 0.73129869
v -0.31456944 -0.25274271 -0.74547392
v -0.04875030 0.45678812 0.51611340
v -0.40428013 0.03791441 -0.73941869
v -0.20086025 0.41117442 -0.59560221
v -0.29392636 0.36175922 -0.27986738
v -0.40928340 0.19352110 0.55374181
v 0.21193384 -0.36034030 -0.73207867
v -0.08314043 -0.35786250 0.68812191
v -0.18302971 -0.34099051 -0.75375241
v -0.06097440 0.40291020 -0.74436259
v -0.10417267 0.38949585 -0.74553126
v -0.34229967 0.03856952 -0.75505716
v -0.04947950 0.46125126 0.45807201
v 0.26079726 -0.19166510 0.72732747
v -0.27553746 -0.26663756 -0.75719458
v -0.27955630 -0.36213836 -0.68309271
v 0.44052947 0.11914791 0.51892269
v 0.30617359 0.34955230 0.38071701
v -0.25515032 0.33136225 -0.73430741
v -0.34085292 -0.28842723 -0.70876712
v 0.22268984 0.17037968 0.74051809
v -0.14567189 -0.42645755 -0.69617897
v -0.24208657 0.38039282 -0.69185394
v -0.24830797 -0.37303963 -0.70270306
v -0.19852006 0.39581135 -0.70599902
v -0.38720065 0.15914713 -0.73103768
v -0.36197832 -0.29369664 -0.44652322
v 0.44101322 -0.12216201 -0.66088021
v 0.27076346 0.34485960 -0.71670145
v -0.13958858 0.44115651 -0.58360445
v -0.02772406 -0.44325766 -0.70745927
v -0.09191503 0.36480880 -0.75467765
v -0.38950193 -0.08829192 -0.74608338
v 0.35348624 0.23658119 0.61234045
v -0.15227930 0.42867783 -0.68265998
v -0.12027511 -0.31954423 0.71457064
v -0.20509186 -0.34109738 0.65198952
v -0.46276832 0.04405494 -0.56484771
v -0.29633200 -0.35885665 0.14453745
v -0.24149263 0.27225250 -0.75767958
v -0.34097567 0.08306821 -0.75363117
v 0.42878625 -0.10439701 -0.70919085
v -0.36433819 -0.29125458 -0.36166403
v 0.28446665 0.14197600 0.72650468
v 0.41269833 0.20984779 -0.21939299
v -0.06737830 0.46235207 -0.52227384
v -0.28089070 0.37180513 -0.34574434
v 0.26252952 0.36065811 0.57860959
v -0.19441833 0.40899703 -0.67990184
v -0.44105434 -0.07959979 -0.68861222
v -0.29131255 -0.23482694 -0.75683445
v 0.13363056 0.37541658 -0.74469388
v 0.37596336 0.26147535 0.50199801
v -0.46225742 0.06564240 -0.24952044
v -0.38691792 -0.17734516 0.61270815
v -0.35022172 -0.15246207 -0.75374782
v 0.41059253 0.19781940 0.52350831
v -0.42562026 -0.16826782 0.54736948
v 0.30789074 -0.22613113 -0.75783736
v 0.24919504 0.32350716 0.64151829
v 0.02369287 0.41239855 0.62708646
v 0.27242026 -0.16919889 0.72913623
v 0.34754950 -0.30435556 -0.65033954
v -0.18204573 -0.32421327 0.68296403
v -0.34415573 0.26338506 0.60240269
v 0.19794457 0.40878600 0.54602426
v -0.38851997 -0.11073255 -0.74233675
v 0.35860312 -0.29662165 -0.30273160
v -0.31922004 0.28062722 -0.72604579
v 0.01547146 -0.42662704 -0.72229803
v -0.37048692 -0.28320089 -0.64701974
v 0.08032599 -0.45916426 -0.54910266
v -0.26524845 -0.28075087 -0.75682813
v -0.42543063 -0.13143636 -0.70559442
v -0.42420432 0.18930310 -0.32558757
v -0.30318481 0.29774457 -0.72695875
v -0.39388341 -0.23679695 -0.66669095
v -0.36454725 -0.29105532 0.18061320
v -0.17897636 0.41056278 0.55988359
v 0.33320087 -0.17295839 0.67902118
v 0.34816068 0.30231580 -0.66861695
v -0.27220294 0.00007206 0.75828624
v -0.40672266 0.08340896 -0.73356938
v 0.16499804 0.40851611 -0.70268005
v 0.23631303 -0.17473711 0.73688287
v 0.40977165 0.15315297 -0.71194792
v -0.44514644 -0.04129457 0.56625283
v 0.34840220 -0.30626053 0.07610536
v 0.22806107 0.39435983 -0.66651291
v -0.28924111 0.36654997 -0.48481795
v 0.38967103 0.04531160 -0.74329191
v -0.34176493 0.28334936 -0.70881826
v -0.01927470 0.30242121 0.73188806
v 0.06277316 -0.46244255 -0.26480427
v 0.29725039 -0.35835159 0.00829153
v 0.25639275 -0.34624767 0.60438633
v -0.41421828 0.19407310 -0.67909795
v 0.10305168 -0.41959801 -0.72118676
v 0.26700541 0.30149832 -0.74530470
v 0.31061584 0.24395958 -0.74963522
v -0.34576812 -0.30623034 -0.67211974
v 0.11029141 0.40650150 0.61516118
v -0.29554409 0.34145966 -0.68976146
v 0.29760200 0.33141226 -0.71007091
v 0.35971838 0.19513942 -0.74366468
v 0.44175017 -0.04835688 -0.69630665
v 0.22420825 -0.22788405 0.72987998
v -0.38599676 -0.21219349 -0.71034008
v -0.17928517 -0.35902235 -0.74700087
v 0.44578528 0.13237403 -0.36246595
v 0.13677838 -0.34664443 -0.75181407
v 0.24051212 -0.00612704 0.75751066
v -0.40806827 0.14180969 -0.71325082
v -0.46296749 0.00014569 -0.63769960
v -0.45623201 -0.09221938 -0.16623980
v -0.31056601 -0.23481800 -0.75341600
v -0.22461542 -0.32790500 -0.74750578
v 0.10732464 0.35156441 -0.75710219
v -0.44249177 0.14200184 0.31860071
v 0.29332277 0.35669923 -0.65184581
v -0.12187977 -0.35837808 0.67601287
v -0.27314338 0.22281294 0.70997912
v -0.16454414 0.34567234 -0.75354654
v -0.35502440 0.30047911 -0.27481192
v -0.31848019 -0.32847187 -0.68560070
v 0.23489377 -0.11937702 0.74524724
v 0.31621766 0.31691933 -0.70285499
v 0.45482683 -0.03383733 0.51148868
v -0.35208607 0.30313045 0.43975261
v 0.30008167 -0.26447436 -0.74426627
v 0.33102626 0.10835709 0.71395028
v -0.37235674 -0.28039989 -0.41085362
v -0.36141017 -0.25158575 -0.71692127
v -0.20451900 -0.32571501 -0.75412703
v 0.20640849 -0.34706181 -0.74508226
v -0.30100587 0.34428886 0.54577285
v 0.17301264 0.42220020 0.52279663
v -0.44439617 0.10654249 -0.66815728
v 0.06474760 -0.46234179 -0.61449891
v 0.34143355 -0.22661299 -0.73840153
v 0.40338635 0.14141411 -0.72737288
v 0.37274843 -0.27885959 -0.41057435
v 0.33710822 0.13760115 -0.75711334
v -0.36588630 -0.28959706 0.25789332
v 0.06168063 -0.46246290 -0.21930715
v 0.36559054 0.29011327 -0.30262831
v 0.05931541 0.42072263 -0.72159272
v -0.20466195 -0.39480895 -0.70883107
v -0.39136463 0.22751428 -0.68810326
v 0.11420422 -0.42944089 -0.69980782
v 0.01335322 0.43921372 -0.71197116
v -0.27092415 0.26449117 -0.75429106
v -0.43952569 -0.10511567 -0.68886983
v -0.23371468 0.36230633 -0.72357666
v -0.27932334 0.17892031 0.72425592
v 0.42118800 -0.15189342 -0.68776983
v -0.36411691 0.16007482 -0.74243253
v -0.17073715 -0.41102889 -0.70672643
v 0.28963482 -0.36609343 -0.03034031
v 0.06081418 0.39988679 -0.74121076
v 0.46253368 -0.04981303 -0.20416194
v -0.35955888 -0.01583544 0.70260334
v -0.18597138 -0.29332501 0.71139747
v 0.22035070 0.38053870 -0.70935541
v -0.45508620 -0.05302928 -0.66538513
v -0.40351865 -0.14255710 0.60769749
v 0.18406850 0.38283604 -0.72271699
v 0.14411190 -0.38866058 -0.73907208
v 0.32968614 0.14091875 0.70180607
v -0.15215047 0.42652750 0.54131228
v 0.19680677 -0.41207629 -0.65339488
v 0.37649706 -0.27049237 -0.08840149
v -0.36746386 -0.04563554 -0.75441176
v -0.12125684 0.36403269 -0.75315088
v 0.24416481 -0.36657131 -0.70342392
v -0.31555262 -0.13310979 0.71848750
v 0.08857088 -0.28187755 0.73971933
v -0.19638722 -0.24005614 0.73813391
v 0.13335626 0.27426776 0.73331863
v -0.35938442 -0.27204677 -0.70046329
v 0.09108786 0.44861716 0.51506454
v -0.21123192 0.35504445 -0.73966885
v 0.36170274 -0.29013672 -0.61976975
v -0.40583289 -0.21582460 -0.53766716
v 0.28079736 0.36580646 0.45717564
v 0.46210855 -0.04215752 0.28091434
v -0.35207379 0.30316415 0.46983853
v -0.23577219 0.06862707 0.75927079
v -0.12379669 0.41365388 -0.72216403
v 0.39118347 -0.24122092 0.50951630
v -0.03056500 0.40648445 -0.74327540
v -0.12225415 -0.25664836 0.74180013
v 0.44628170 -0.13089710 -0.04497843
v -0.37882227 0.04087885 -0.74871361
v 0.31028721 -0.34545571 0.22027114
v 0.42072865 0.15215398 0.55878335
v -0.28994495 -0.36546576 -0.16625628
v -0.40253380 0.11998042 -0.72852367
v 0.21863486 -0.39122075 -0.69580781
v -0.16415587 -0.42406285 -0.68370795
v 0.37785584 -0.23010167 -0.69991261
v 0.14887278 0.35190743 -0.75588888
v -0.21275139 -0.30909061 -0.75638866
v 0.20736347 0.39452830 -0.69239122
v 0.28475049 0.34795883 -0.69768131
v 0.21209545 -0.37581137 0.60218936
v -0.14631641 0.33021346 0.69959188
v 0.14169273 0.41218415 -0.70746183
v 0.34931356 -0.30550835 0.03819725
v 0.41019422 -0.12179509 -0.72471392
v -0.28917992 0.36652035 -0.51465821
v -0.07620920 -0.42571709 -0.72027487
v 0.40506479 0.11955048 -0.73100585
v 0.46232271 0.04866916 -0.63090700
v 0.34006196 0.27525035 0.59196067
v -0.12725560 0.39113852 -0.73926651
v -0.46308142 0.03030942 -0.63754773
v 0.31906104 -0.03048367 0.72703439
v 0.18095286 0.38484445 0.61233526
v -0.17564161 0.41042387 -0.69898611
v 0.34654659 -0.30730236 0.18956038
v -0.43846101 -0.10655949 0.56334072
v -0.32931903 0.32602707 -0.63500643
v -0.15907000 -0.35601401 -0.75322700
v 0.42788714 0.11688714 0.56270009
v -0.13581505 0.31562409 0.71618056
v -0.22091746 0.38305339 -0.70828390
v -0.07406317 0.38298663 -0.75228363
v -0.15070102 0.25083286 0.74113822
v 0.40538630 -0.21164481 0.51756549
v 0.00346946 -0.45912656 0.51929146
v -0.34817576 -0.29465002 -0.69073796
v -0.30284455 0.34805477 -0.66684872
v 0.22837996 0.31064519 -0.75326329
v -0.39256042 -0.13645869 -0.73283190
v 0.16457474 0.28685060 0.72421479
v 0.30061221 -0.33983612 0.53403813
v -0.01498265 0.38114256 -0.75370812
v -0.27633482 0.37410906 0.02997440
v -0.45867375 -0.08296359 -0.28207606
v -0.39993733 -0.00752999 -0.74496704
v -0.27916726 -0.28126916 -0.75090462
v -0.40181389 0.19861314 -0.69718391
v -0.15862580 0.31574208 0.71013671
v -0.33443177 -0.10578312 0.71287054
v -0.07136112 0.40647975 0.62704259
v 0.06112491 0.32892948 0.71659166
v -0.40833747 0.09916334 -0.72850847
v 0.36290762 0.08313013 -0.75720841
v 0.05765243 -0.46245593 -0.01568496
v 0.29823241 0.35336351 -0.54498005
v -0.24006970 0.32659695 -0.74636823
v -0.26080847 -0.23014745 0.71797919
v 0.19676894 -0.41079149 -0.67684680
v 0.21247834 -0.28642690 -0.75622916
v -0.37538370 -0.13658778 -0.74637586
v -0.22363319 -0.14561521 0.75113738
v 0.04458130 -0.45854390 -0.66578418
v -0.38596931 0.21239920 -0.70599890
v 0.37249988 -0.27947751 -0.44101807
v -0.24067418 0.37473717 0.57335490
v 0.25112814 0.31609020 -0.74483705
v 0.45581585 0.05035084 0.48646939
v 0.09850439 0.43803602 -0.68786305
v -0.28890240 -0.25009295 -0.75650996
v -0.18787469 -0.39711672 0.58470392
v 0.18102680 0.40935054 -0.68743896
v -0.32577282 -0.19827229 -0.75448823
v -0.43693328 0.13499540 -0.66686326
v 0.36668181 0.00233647 -0.75475013
v -0.20204809 -0.38380596 -0.72139567
v -0.36822045 0.27661422 0.52127635
v -0.44227040 0.14449969 0.18991452
v 0.25132889 -0.37703082 -0.66765881
v -0.03924394 -0.36611551 -0.75410116
v -0.44142121 0.14288609 0.40191635
v -0.29455337 -0.28251097 -0.74228573
v -0.34749454 0.06079453 0.71220392
v 0.12141071 -0.27304381 0.73960274
v -0.45854998 -0.08144551 -0.37384751
v -0.17506614 0.30448866 0.71189594
v -0.02990958 0.43220779 -0.72461683
v 0.13034542 -0.44260597 -0.63855922
v -0.16757500 0.40221745 -0.71884799
v -0.45869276 0.08122804 -0.48533064
v 0.20476666 0.38694277 -0.71034670
v -0.22266552 -0.40717876 -0.31038579
v -0.35613200 -0.04561176 0.70808512
v 0.41733250 -0.00001819 -0.72602057
v -0.06593452 0.30221653 0.73093808
v -0.34236750 0.24396923 -0.72908801
v -0.28761843 -0.36693114 -0.11663227
v -0.37769940 -0.24601035 -0.69731742
v 0.17929502 -0.31405652 0.69971889
v -0.42383748 0.16718683 0.54239738
v 0.34795257 -0.30140740 0.51101124
v 0.30056107 0.35325322 -0.00709637
v 0.12109535 0.34297499 0.69296086
v 0.42768779 -0.13796863 0.54432237
v 0.40828568 -0.18023995 -0.68881834
v -0.34092981 -0.18222958 -0.75239217
v -0.38404676 -0.02932923 -0.75238693
v -0.29897520 -0.35633999 0.25052801
v 0.17292754 -0.37507221 -0.74102908
v -0.05886801 -0.43195456 0.58387703
v -0.36310250 0.27511844 -0.68453735
v 0.46215847 0.06153048 -0.14323361
v 0.05920241 -0.29462811 0.73772633
v 0.36896294 0.23019582 -0.71532738
v 0.45008457 -0.08817526 -0.65050995
v 0.25220522 0.26848948 0.69544840
v -0.15338144 -0.33554512 -0.75589001
v -0.46228352 0.06839559 -0.05257559
v 0.39647260 0.09501906 0.63680106
v -0.36276451 0.28921565 0.15897150
v 0.37664196 -0.27103475 -0.19664074
v -0.32361847 0.32739484 -0.66540474
v 0.42203721 0.06047715 -0.72188449
v 0.03003949 -0.38010922 -0.75271833
v 0.43056211 -0.15118881 -0.66413265
v -0.37211967 0.19806004 -0.73003930
v -0.34750089 0.30808794 0.15995350
v 0.29487014 0.17129500 0.71574056
v 0.07612198 -0.42289615 -0.72261250
v 0.24378429 0.28977305 -0.75401056
v -0.25124866 0.31187490 -0.74906129
v -0.29375020 -0.34463742 0.54541379
v 0.37579331 -0.27242035 -0.16718543
v 0.07666887 0.35196853 -0.75709844
v -0.39991882 -0.06819785 -0.74152488
v -0.36129290 -0.08478715 0.69289541
v 0.34495649 0.24194404 -0.73152173
v -0.42920676 0.06354535 0.59642845
v 0.03459592 0.34900418 -0.75713122
v 0.18191530 -0.24753745 0.73549747
v -0.34180683 -0.31006354 0.47132543
v -0.07669948 -0.40983844 -0.73562789
v -0.44728377 -0.09280491 0.52721232
v 0.06160912 -0.39378738 -0.74613583
v 0.34879014 -0.06281042 0.69793034
v 0.36368880 0.14400232 -0.75193477
v -0.46228111 0.06240771 0.25725067
v 0.05119577 0.46076053 -0.47187680
v 0.10490737 -0.30244306 0.73267514
v -0.42278183 0.03770730 -0.71432501
v 0.28387904 -0.36997831 -0.18565342
v 0.15142187 -0.27405968 0.73368329
v 0.30309251 -0.11851622 0.72594160
v -0.36666399 0.28729996 -0.28884497
v -0.30562073 0.12349904 0.72582018
v 0.40949458 0.18239072 -0.69153702
v -0.42776361 -0.10965019 -0.70857626
v -0.15800540 -0.43121216 0.18247332
v 0.05980236 -0.43991947 -0.70227236
v 0.29934913 0.35355633 -0.18123351
v 0.20667414 -0.25267813 0.72608739
v -0.03245560 -0.39018011 -0.74964404
v -0.02469720 0.40989363 0.62751889
v 0.00577670 0.27261162 0.74269193
v -0.29968825 0.26940998 -0.74221021
v 0.18934451 -0.35986820 -0.74369657
v 0.28982478 -0.36312342 0.21238285
v 0.32831004 0.32304868 -0.66716498
v 0.11383710 0.43062159 -0.69446146
v -0.20616376 0.38460979 0.58836240
v -0.21282166 -0.21346755 0.74288070
v 0.04695851 -0.33395222 0.72235709
v -0.29353422 -0.34797049 -0.69144553
v 0.30699229 0.04596917 0.73201424
v 0.46308565 0.01704645 0.39659527
v -0.44851500 -0.08332250 -0.67375600
v -0.40691364 -0.09348733 -0.73065400
v 0.35454679 0.30081731 0.06999232
v 0.35064039 0.16770014 -0.75287694
v 0.28785330 -0.36792848 -0.12075085
v -0.35685372 0.25831255 -0.70864278
v 0.32558963 0.33049738 0.48092854
v 0.37343329 0.09672580 0.67138988
v 0.09693636 -0.40441641 0.62517351
v -0.35365263 0.30153841 0.37915760
v 0.27339885 0.27433002 -0.75162172
v 0.03362131 0.46260819 0.01556749
v -0.29034007 -0.36377874 0.06017935
v -0.10669387 -0.40819490 -0.73314738
v 0.36244807 -0.29271889 -0.36184058
v 0.00002916 -0.37970936 -0.75310570
v -0.21913442 0.31852150 -0.75663769
v 0.06293141 0.45344284 -0.65040398
v 0.10503596 -0.44620076 -0.66505015
v 0.23679131 0.39408544 -0.54500526
v 0.09659261 0.39423704 -0.74023587
v -0.08510834 0.36994216 0.67642468
v 0.24684118 -0.32616085 0.63422036
v 0.15636849 -0.43342829 0.35391954
v 0.29252961 -0.36212119 0.15184516
v -0.28986821 -0.36509812 -0.06019687
v -0.41611204 0.17121045 -0.69141948
v 0.03005467 0.33363721 0.71371114
v -0.43565348 -0.13341592 0.54354930
v -0.11268747 -0.44371858 0.50923276
v -0.42136893 0.18459173 -0.64608759
v -0.24991207 -0.28343388 -0.75727993
v -0.22974591 -0.29288080 -0.75728464
v -0.42208955 0.19547743 -0.50780237
v -0.46275854 -0.05823126 -0.21952680
v -0.39381051 0.23445188 -0.66732013
v 0.13404886 -0.42506266 -0.69552588
v -0.45952526 -0.07047943 -0.61321223
v -0.45039508 0.09907159 -0.63696820
v -0.21987757 -0.37882254 -0.71741897
v 0.25838429 0.36221501 -0.70208466
v 0.13854755 -0.41098759 -0.71578449
v -0.44275469 0.10104351 0.54286915
v -0.41225877 -0.20706441 -0.14014897
v 0.35337159 0.30172035 0.34130463
v 0.01559363 0.38070217 -0.75360513
v 0.32135621 -0.20958722 -0.75620824
v -0.41917905 -0.15865472 0.57179713
v -0.02465770 0.46325669 0.48495162
v 0.43774736 0.07698498 -0.69554412
v -0.42474627 -0.03314361 -0.71297902
v 0.43813252 -0.00736108 0.57567018
v -0.31511068 -0.32347664 -0.70211941
v -0.36592853 -0.28950411 -0.51479787
v -0.14975171 -0.07339225 0.75922555
v 0.39672396 0.22819522 0.50769514
v -0.46240345 -0.05310868 0.35601777
v 0.33402443 0.30695340 0.54591358
v -0.44071603 -0.00355010 0.58567697
v -0.02747416 0.45511168 -0.68316454
v -0.30309770 0.35259923 -0.63085723
v 0.29026568 -0.15206942 0.72332793
v -0.20432147 -0.40250492 0.54165894
v 0.28626642 -0.35069123 -0.67553204
v -0.24813224 -0.38043365 -0.68421811
v -0.37633783 -0.27372271 -0.43912938
v 0.36235651 -0.07522012 -0.75515258
v -0.27545398 0.37461305 -0.41161156
v -0.13737836 -0.35443568 -0.75492650
v -0.05836523 0.46228433 -0.12847550
v 0.28263527 -0.24334200 0.68232214
v 0.46228293 0.06132192 -0.19642133
v -0.33404356 0.26447302 -0.72468555
v 0.45373261 0.08890070 -0.63711154
v 0.39608333 -0.22825138 -0.63742286
v 0.29960230 -0.31822535 0.58792251
v -0.29166645 0.36398941 -0.42522803
v -0.28907213 0.36654145 0.15144956
v 0.04309405 -0.40528035 -0.73987716
v 0.09330630 -0.36184424 -0.75248486
v 0.22424565 0.26737776 0.71180892
v 0.14946285 -0.43606448 -0.60551792
v 0.03081786 -0.44183907 -0.70472205
v 0.00428096 -0.17951724 0.74971694
v -0.35946697 0.29567274 0.03069817
v -0.36821249 -0.28711918 -0.21169141
v -0.36034468 0.22455542 -0.72602469
v -0.37066603 -0.28327352 -0.57440919
v 0.21466401 -0.08078074 0.75420636
v 0.26838326 0.04207868 0.74711978
v 0.35219595 0.28164437 -0.69181871
v -0.44447088 0.13716052 -0.24918890
v -0.04509015 0.46277687 0.39127612
v 0.37543485 0.22623686 0.58819240
v 0.44089791 0.11636345 -0.66454363
v 0.37767148 0.06163988 0.67150509
v 0.24770325 0.35255668 -0.72190005
v -0.06059525 -0.40510365 0.63170463
v -0.06042358 -0.46241608 -0.09817015
v 0.15183492 0.30908135 0.71209913
v -0.46289998 -0.05405366 -0.49213076
v -0.08947395 0.45337155 -0.65186214
v -0.31058848 -0.21374850 -0.75583798
v 0.08703154 -0.43999019 0.55249590
v -0.36758524 0.17424604 -0.73955613
v -0.09103317 0.42608699 -0.71928972
v -0.28806421 0.36782020 -0.10564751
v -0.02319885 -0.46068957 -0.66252786
v -0.12146084 -0.28962812 0.73279643
v 0.15809675 0.33777192 -0.75716150
v -0.29338753 -0.36171544 0.03070498
v -0.35319245 0.18532369 -0.74277419
v -0.28984943 -0.18147576 0.72262692
v -0.36785427 0.18720306 0.63503379
v 0.26309922 -0.05223498 0.74751908
v 0.43891239 -0.07531913 -0.69759238
v -0.37757832 0.12592664 -0.74206370
v -0.45219171 -0.06818915 -0.66965783
v 0.26519084 -0.37843865 -0.33568674
v 0.35926083 -0.29601544 -0.33288246
v -0.10619432 0.40483010 -0.73342830
v 0.27157959 -0.22911249 -0.75852978
v 0.16568212 -0.42795837 -0.63954276
v -0.22196987 0.14374644 0.74956077
v -0.42825308 -0.16521491 0.50589389
v -0.06412286 -0.46247137 -0.34045112
v -0.37346187 -0.19726655 -0.72797579
v -0.45785487 -0.07109082 -0.65155256
v -0.12309300 0.25852314 0.74312788
v 0.32519028 0.25225431 -0.74281150
v 0.38953751 -0.04543750 -0.74351299
v 0.24348238 -0.21029250 0.72798991
v -0.19673307 -0.37441429 0.61374301
v -0.12032044 -0.38827989 -0.74399751
v 0.43134487 -0.00003677 -0.71212721
v -0.19541986 0.21241286 0.74237978
v -0.05705972 0.46178252 0.26570946
v -0.44496366 -0.13484377 0.28114060
v 0.01588481 -0.46238896 -0.65233368
v 0.38011700 -0.01483383 0.67026901
v -0.26421764 -0.19485569 0.73311907
v 0.28375977 -0.31526962 -0.72337854
v 0.34536257 0.21935679 -0.74351567
v 0.24312063 0.38164669 0.55543596
v 0.36413497 0.29134533 -0.56153965
v 0.09231598 0.33124036 0.71429890
v -0.32853898 -0.22572877 -0.74827951
v -0.04749462 -0.43682867 -0.71295035
v -0.37202233 -0.16504678 -0.74100834
v 0.30286342 0.35211754 0.18982065
v -0.13246956 0.44560489 0.01508726
v -0.42452827 -0.15320720 -0.69069821
v 0.18166307 -0.26998889 0.72680122
v 0.28412151 0.25135067 0.67637640
v 0.44164112 -0.13567987 0.26230952
v -0.36671066 -0.28872329 -0.10605665
v 0.28285536 -0.28489453 -0.74278581
v -0.08731970 0.44913170 -0.67933142
v 0.39007857 -0.07601541 -0.74334019
v -0.04285291 0.46277252 -0.59492344
v -0.25784120 -0.16658063 0.74119979
v 0.41472581 0.20759733 -0.35388556
v 0.09050037 -0.43692359 -0.69862616
v -0.22445816 -0.24155170 0.72955221
v -0.46285263 -0.03799982 0.48417956
v -0.00026938 0.39477646 0.65575343
v -0.22727399 -0.37301865 0.58567226
v -0.44979304 0.11834748 0.37527657
v -0.07298835 0.44996420 0.52724981
v 0.03884875 0.45904413 -0.65832013
v 0.25814062 -0.28034750 -0.75354654
v 0.46172965 -0.06131146 -0.35576677
v 0.10587002 -0.45147315 0.01358400
v -0.03802304 -0.32424015 0.72781199
v -0.35353106 -0.25684673 0.59083837
v 0.36585784 -0.27883434 -0.65088570
v -0.12182255 -0.42123443 -0.71498984
v 0.15454301 -0.37394714 -0.74495232
v 0.29553285 -0.24319200 -0.75714123
v 0.12107468 0.44074279 0.51176709
v 0.14002058 -0.33451542 0.69694108
v -0.38109383 0.25616318 -0.66887516
v -0.09150048 -0.30576804 0.72996008
v 0.46266788 0.06202192 -0.43502966
v -0.35990933 0.29513097 0.00039657
v -0.33396128 0.21866214 -0.74354422
v 0.07669877 0.44783819 -0.67110938
v 0.30059963 0.35397103 0.36031640
v 0.36539137 0.28227893 -0.66965204
v 0.15093063 -0.43678626 0.18985617
v 0.39042419 0.24742807 0.23529299
v -0.36792168 0.28488088 -0.25722080
v 0.09349442 0.42762679 -0.70476723
v 0.40987024 -0.19208978 0.54157108
v -0.15510121 -0.37803945 -0.74364632
v 0.42315426 -0.05304350 -0.72238666
v -0.14930241 -0.28505042 0.72821355
v -0.26763105 -0.29974508 -0.74642235
v -0.28782046 0.24325560 -0.75258547
v -0.46237400 0.05281766 0.37157956
v 0.10843799 0.37375438 -0.75095320
v -0.40754274 0.20395605 0.52660513
v -0.34896633 -0.26640043 -0.71862507
v 0.01413161 -0.45450938 -0.68189830
v -0.45375571 0.10197505 0.31862539
v -0.37902340 -0.22932468 0.57415783
v -0.25318432 0.04870447 0.75926971
v -0.30669862 -0.33669508 -0.69471830
v -0.28894457 0.36560595 -0.54274684
v 0.38306192 -0.25795957 0.11392329
v 0.31331703 0.32036933 0.56816566
v -0.01478242 -0.40397039 -0.74275368
v 0.35612929 0.29950950 -0.11518669
v -0.36049420 -0.29557019 -0.60579288
v 0.34547082 -0.27019680 0.58732980
v -0.36831209 -0.10467081 -0.75342137
v -0.45983365 -0.01003947 0.52779591
v 0.09014698 -0.45672986 -0.45444193
v 0.41745651 -0.07554781 -0.72543490
v -0.04892806 0.46252933 0.16590542
v 0.42225248 0.03788805 -0.72198665
v 0.39801413 -0.18058084 -0.70703280
v 0.31134585 0.15230657 0.71288198
v 0.28502199 0.22525574 0.69877088
v 0.35439649 0.30069020 0.26559502
v 0.16950800 0.34814957 0.66927272
v -0.17346184 -0.39750153 -0.72324139
v 0.17520902 -0.41034752 0.56193924
v 0.07771983 -0.45963493 -0.59151328
v 0.04552267 0.38633192 -0.75048196
v 0.27892390 0.32352519 -0.72705871
v 0.05558494 -0.42694265 0.59754199
v 0.45689183 -0.01558273 -0.66954166
v 0.44464901 -0.07215866 0.54946917
v -0.28829485 0.36717734 -0.24208517
v 0.35758230 -0.01770532 -0.75741202
v -0.28489318 0.36973739 -0.16294684
v 0.38848457 0.24990244 0.31855902
v 0.36160076 0.29399058 -0.49188191
v -0.43395856 0.02975692 0.59512192
v 0.40514627 0.02020546 -0.73358518
v 0.14686033 0.40615246 0.59748381
v 0.35741842 -0.29765874 -0.24208198
v 0.24303991 0.34904489 0.62106222
v 0.22453302 0.31189740 0.67631298
v 0.36197698 0.05793634 -0.75716054
v 0.13051929 -0.44642299 -0.23426576
v 0.31112605 -0.34450668 0.12303014
v -0.25290030 -0.27326539 0.68690181
v -0.32981104 -0.32016665 -0.66926295
v -0.26982310 -0.09334183 0.75087821
v -0.25857598 0.37970939 0.51673740
v -0.32206151 0.27070528 0.63022882
v 0.30325660 0.34613943 -0.66956669
v -0.39100286 0.14506629 -0.73112547
v 0.41165820 -0.15075557 -0.70699710
v 0.13654481 0.29537526 0.72686738
v 0.14879805 -0.20157425 0.74542028
v -0.24594453 -0.38550740 0.43146786
v -0.37672803 -0.27323684 0.19403237
v 0.38336360 0.20115440 -0.71970534
v -0.03369328 -0.38347700 0.66909051
v 0.33119452 -0.14966850 -0.75799948
v 0.41330507 -0.10016930 -0.72654355
v -0.13083112 0.44647345 -0.08296227
v 0.16535498 0.42616233 0.44945651
v -0.36963186 0.14226376 -0.74258381
v 0.34160775 -0.31206152 0.34014449
v 0.19447431 0.25192401 0.72718978
v 0.11969479 -0.40469536 -0.73088145
v 0.30254707 0.35228133 0.15196939
v -0.35780638 0.29767066 -0.20901239
v 0.30084425 -0.09087503 0.73151827
v -0.36092806 -0.29146636 0.39949518
v 0.15481767 -0.42647523 0.54275978
v -0.17116481 -0.42081085 0.52151483
v -0.36733931 -0.28788912 -0.54547817
v -0.29359066 -0.33508781 -0.70763916
v 0.36488318 0.29081911 -0.33252609
v -0.10765859 0.33430052 0.71127552
v -0.32509601 0.30101803 -0.71007180
v -0.37191653 -0.21677083 0.60527682
v -0.04113153 -0.46248838 0.47652301
v -0.26161623 0.24328963 -0.75744373
v 0.07616264 0.37913185 -0.75143278
v 0.16095638 -0.43164665 0.40465826
v -0.29080579 -0.36442390 -0.09050089
v 0.42244124 0.02281247 0.60302132
v 0.38506699 -0.25386435 0.20485704
v 0.32530659 -0.32900915 0.50229830
v 0.42652643 -0.17018902 0.35215673
v -0.40816274 0.01543224 -0.73523432
v -0.26593426 -0.36958399 0.53154558
v -0.19676630 -0.41837537 -0.61895651
v -0.12695633 0.33467019 0.70254219
v 0.37615743 -0.27246115 -0.30260623
v 0.17764555 -0.30072728 -0.75580573
v 0.24939549 -0.37673810 0.54499078
v -0.04577747 0.38118681 -0.75344777
v 0.35386786 -0.30123228 -0.15715253
v 0.35956889 -0.27354085 -0.68099225
v 0.14485779 -0.24490273 0.74070489
v 0.24016255 -0.26146716 0.69945383
v 0.38256124 -0.25698468 -0.61355853
v 0.38192475 -0.19590981 -0.72258615
v 0.43323660 0.16042735 -0.63396460
v -0.37745509 -0.27197376 -0.47371382
v -0.36613595 0.28937161 -0.43891835
v 0.37368372 0.11260431 -0.75131530
v -0.17213896 -0.42617431 0.01299812
v 0.34399566 -0.02872038 0.70576704
v 0.11166228 0.42834544 0.57296270
v 0.33070511 0.29812449 0.57787049
v 0.39205626 -0.24075307 0.43251964
v -0.33285329 -0.05023109 0.72306633
v -0.44129428 0.14749417 0.10648799
v 0.20849556 -0.34390092 0.64388734
v -0.39296496 0.23047420 0.54114610
v 0.38475412 0.15102381 -0.74029905
v -0.03366754 0.38735738 0.66124320
v -0.35217017 0.11718402 0.69192189
v -0.26772740 0.37831685 0.31939161
v 0.46153146 0.00514543 0.49254540
v 0.30486426 -0.35099050 0.45454085
v -0.28325570 -0.04490178 0.75016177
v 0.26622900 -0.36471993 -0.68067425
v -0.38718513 0.17976336 -0.72475517
v -0.19348210 0.29860339 0.70850122
v -0.36198923 -0.29365078 -0.17382064
v 0.24951783 0.38600293 -0.31825817
v -0.15943959 -0.40645126 -0.72208166
v -0.45998746 0.07530816 -0.53622746
v 0.10712921 0.30390546 0.72704655
v 0.36267987 0.04356494 0.68775189
v 0.07460038 -0.45510942 0.46906668
v -0.24394113 0.37146518 -0.70608795
v -0.28896895 0.33562496 -0.70550334
v 0.46223477 0.02155087 0.44806877
v -0.45046327 0.11397219 0.41735485
v -0.11276002 0.28610745 0.73569781
v -0.46294096 -0.04481155 -0.59111696
v -0.06878615 -0.46196681 -0.59733272
v 0.05615190 -0.45143467 0.52677679
v 0.30207777 0.35245061 0.11406245
v 0.34932479 0.30618009 0.38431895
v -0.06235016 -0.46244612 -0.18900642
v 0.20461135 0.31891975 -0.75522184
v 0.43744543 0.03679746 0.57364857
v 0.46202621 -0.05797232 -0.44666418
v 0.40985781 0.17603908 0.56947976
v 0.35739654 -0.29835242 -0.43181884
v -0.45888364 -0.07465741 0.19945820
v 0.04541382 0.30257404 0.73163593
v 0.37020513 -0.28190780 -0.58936262
v 0.34721634 -0.30697981 0.14410476
v 0.25211582 0.35619700 0.60006374
v 0.08367784 -0.45766389 -0.64226896
v -0.14079462 -0.43292347 0.52956307
v 0.05675148 -0.46229851 0.25798047
v 0.07768980 -0.31636199 0.72941417
v 0.45405427 -0.09309081 -0.27788088
v 0.33352834 -0.28714067 -0.71027309
v -0.07627564 -0.36412477 -0.75440025
v -0.37245867 0.23418097 -0.70691818
v -0.30504209 -0.35070622 0.44386005
v -0.16463998 -0.42946586 -0.13940884
v -0.35146135 0.30396432 0.30808550
v 0.22959146 0.13057005 0.74652267
v -0.24373272 -0.38945037 0.20413288
v 0.42290688 0.19490889 -0.59647840
v 0.23505966 0.39509994 -0.48395032
v 0.03624596 0.46252823 -0.55537814
v 0.29720804 0.35433841 -0.50740474
v -0.38607022 0.10538721 -0.74170911
v 0.30124786 -0.35443217 0.30377543
v 0.40369928 0.04520693 0.63341624
v 0.29436216 -0.32477677 -0.70799094
v 0.41671261 -0.02980075 -0.72676355
v -0.19676885 0.34091106 -0.75063205
v 0.28600645 0.35185307 0.55739444
v 0.15863894 -0.38830322 -0.73349559
v 0.30409679 0.10453333 0.72810423
v -0.29392353 0.36175659 0.18218666
v -0.37267020 -0.27971494 0.22965486
v -0.06061982 -0.32156998 0.72644854
v 0.05769405 -0.46226928 0.22017711
v -0.14413278 0.37913576 -0.74241084
v 0.33617076 -0.31847030 0.37777922
v -0.05461935 -0.46235174 0.18975921
v -0.06452692 -0.46246091 -0.38602379
v -0.04543915 -0.45538494 -0.68147552
v -0.36293811 -0.29036433 -0.66948903
v -0.33029842 0.31109363 -0.68433440
v 0.32612666 0.16548733 0.69307989
v -0.45318848 -0.09735672 0.40103301
v -0.30922821 -0.31420100 -0.71330214
v -0.34930941 0.20424469 -0.74110132
v 0.02508933 0.43972519 0.56506419
v -0.35273123 0.01445502 0.70977736
v -0.22945620 -0.40555751 -0.58244139
v 0.16788362 0.25949764 0.73291534
v 0.37537980 0.25708294 -0.68241024
v 0.06997649 -0.46218035 -0.50707453
v 0.00531378 -0.40716517 0.63772213
v 0.35221326 -0.30198142 -0.59148377
v -0.14310314 -0.40938687 -0.72557443
v 0.42227837 -0.17635353 0.46835110
v 0.19851735 0.30560970 0.69457495
v -0.34611338 -0.07353505 0.71301502
v 0.34517473 -0.30735347 -0.62062949
v 0.04643707 -0.42739570 -0.71983039
v 0.13413988 -0.44493386 -0.06789915
v 0.43509513 0.15179186 0.07628303
v 0.37946674 -0.24166265 0.55369115
v -0.25646186 -0.13909815 0.74712187
v 0.31878465 0.28400847 0.60766232
v 0.37623960 -0.27206019 -0.26473743
v 0.31919384 -0.24393719 -0.74403441
v -0.23481800 -0.31056601 -0.75262499
v 0.44230595 -0.14003414 0.10139611
v 0.35127270 0.29894230 0.48473802
v 0.41239718 0.08779875 -0.72805387
v -0.43975267 0.15205264 -0.02236802
v 0.45556551 0.09532349 -0.47891906
v -0.39530274 -0.18969740 -0.71108240
v 0.36048383 0.29534256 -0.36333740
v 0.21295738 0.28735295 -0.75711018
v -0.30489317 0.35061029 -0.58765608
v -0.18399756 0.35817868 -0.74455565
v 0.44030645 -0.14303279 0.21971136
v 0.44844192 -0.08767131 0.49884462
v -0.09701694 -0.43805864 0.55035979
v -0.27540430 0.37456930 0.21566255
v -0.37661755 -0.27294323 -0.59318602
v 0.33870485 0.19705364 -0.75175387
v -0.07636902 0.34054855 0.71073115
v 0.34143716 -0.29682419 -0.68362117
v -0.40649256 -0.21962439 -0.27985698
v -0.34724337 0.30834338 0.26576948
v -0.36617419 -0.28928390 0.15193726
v 0.40703627 0.13295127 0.60084403
v 0.25414228 0.38207102 0.50665098
v 0.39977527 -0.15046555 -0.72321355
v 0.23790538 0.39222980 0.22078663
v -0.34518316 -0.31042057 0.38134304
v -0.36075571 0.29497790 -0.59120417
v -0.06847651 0.46223137 -0.42387238
v -0.35325056 0.30193073 0.40944937
v -0.27925158 0.32696402 -0.72174591
v -0.45590797 -0.03049221 -0.66376805
v 0.36160085 -0.04554066 -0.75649917
v -0.15738720 0.28610677 0.72535533
v 0.08219588 0.45417720 -0.37827623
v 0.43844181 -0.10534697 -0.68345970
v 0.15641707 0.42021996 -0.68011916
v -0.27140045 0.02936063 0.75865966
v -0.35838485 0.29673874 0.09130081
v 0.05830130 -0.36028028 -0.75383776
v -0.27561995 0.37447527 -0.45691663
v -0.26893353 0.30478442 -0.74394447
v 0.43323117 0.15381834 0.18985809
v -0.22177377 0.18960428 0.74158657
v -0.12122457 0.44018719 -0.68206221
v -0.19096854 -0.40709168 -0.69536996
v -0.31004217 -0.34513718 -0.45648104
v 0.19281590 -0.39106593 -0.71187168
v -0.36826774 0.28490472 -0.31781489
v 0.37464347 0.27624223 -0.45137456
v -0.29545045 0.09072243 -0.75693971
v -0.28023875 -0.30532610 0.62686211
v 0.22745366 -0.39478752 -0.67500859
v -0.29877222 -0.34712633 -0.66899830
v 0.43136132 0.15563200 0.31102276
v 0.36539784 -0.16686246 -0.74443322
v 0.30768651 -0.34747088 -0.28073493
v 0.25921375 0.21678960 0.71700156
v -0.42732090 0.13725515 0.56980842
v 0.42706829 0.02273970 -0.71730047
v -0.06436805 -0.45950130 -0.66570300
v -0.06824970 -0.46176633 -0.63679492
v 0.41754010 0.19818290 -0.63919669
v -0.28786188 -0.36751965 -0.37020430
v -0.17952348 -0.27007776 0.72804868
v -0.36609429 0.28932589 -0.46166068
v -0.28702584 -0.20964882 0.70968628
v -0.24731675 0.29700848 -0.75651354
v -0.35791382 -0.18149731 -0.74514335
v 0.30822143 -0.29482704 -0.72169417
v 0.30412197 -0.18328862 0.70099300
v 0.36445823 -0.13982476 0.65741837
v -0.27236080 0.36293536 -0.68865186
v 0.46212989 -0.05626886 -0.49207231
v -0.42299825 -0.02413217 0.61421120
v 0.44539380 -0.13341342 0.05215119
v 0.31559792 0.16941026 -0.75700331
v -0.29234317 -0.36327371 -0.13726006
v 0.31622738 0.32897991 -0.68562913
v -0.06934911 0.45428503 0.50048351
v 0.37476450 0.27562174 -0.36093569
v -0.45615408 -0.00001212 -0.66295469
v -0.23960306 -0.39374048 0.02089257
v -0.45835444 0.07926372 -0.57886374
v 0.35761055 0.29727075 0.15904695
v -0.36783960 -0.28749618 -0.30272028
v -0.41498747 -0.15078594 -0.70753741
v -0.36933580 0.28525326 -0.53325188
v 0.36807072 0.28730538 -0.59017968
v -0.29107434 -0.36399630 -0.03003585
v 0.13199332 0.44501165 -0.13251677
v -0.36699888 -0.28838614 -0.00009179
v -0.28880292 -0.36662993 -0.22668135
v 0.35201010 0.30363590 -0.02234738
v 0.36844265 -0.19493285 -0.73365438
v -0.28070346 0.36403075 -0.66489339
v -0.21426123 0.09595134 0.75882947
v 0.41014716 -0.19717976 -0.66365886
v -0.07528260 -0.43927249 -0.70072240
v -0.36541635 -0.28949398 0.31769583
v -0.04754358 0.36284512 0.68757170
v -0.15465645 -0.43219915 0.23530214
v 0.36074111 -0.29519343 -0.46919197
v 0.21304552 -0.31836447 0.66888869
v 0.45055723 -0.07233629 -0.66933519
v 0.45609659 -0.08346201 -0.12944187
v -0.42535338 -0.07727716 -0.71244508
v -0.02911232 0.46292707 0.33880633
v 0.37181562 0.27764520 0.04805655
v -0.06119824 -0.28461787 0.73835337
v -0.29137355 -0.35846898 0.47598174
v -0.19355902 -0.41654971 -0.64868623
v -0.37182519 0.23486719 0.58520424
v -0.34848416 0.03926150 0.71353066
v 0.13078217 0.44606835 -0.08276034
v 0.02675876 -0.35209370 0.71318579
v -0.28135750 -0.36556292 -0.56910676
v 0.10684609 -0.34056768 0.70281249
v 0.05290548 -0.46289900 -0.56224823
v -0.28843507 0.32723272 0.59334177
v 0.02622098 -0.38250244 0.67344129
v 0.32122421 0.21405281 -0.75240678
v -0.31233510 -0.32175100 0.56202841
v -0.34607700 -0.20646389 -0.74423295
v -0.43361640 0.16515924 -0.50372207
v -0.04626796 -0.41294360 -0.73439175
v -0.32576925 -0.30568060 -0.70828402
v 0.19699661 0.40599746 -0.66534334
v 0.27218473 -0.37576020 -0.24604608
v -0.29391569 0.36174759 -0.36319011
v 0.38924113 0.12008884 0.63798463
v 0.21537067 0.36970675 -0.72292852
v -0.41016638 -0.21196863 -0.18957324
v -0.33798113 0.01532460 0.72165442
v 0.29001921 0.24447224 -0.75295901
v 0.38124004 -0.26181039 -0.00635400
v -0.16810407 0.16222905 0.75327319
v -0.44303688 0.07160681 -0.67917597
v -0.28488436 0.36977169 0.12493959
v 0.09752759 0.45183259 0.16778113
v -0.25822848 -0.36602116 0.56029797
v 0.46301171 0.00887737 -0.63548923
v -0.42488867 -0.13669147 0.57388180
v 0.39371338 0.15321620 0.61262828
v -0.26729578 -0.36296278 -0.70054561
v 0.31825805 -0.33664918 -0.35512605
v 0.30351880 -0.35062459 0.48487073
v -0.44420123 0.13690375 0.44039014
v 0.35196781 -0.30312222 -0.11280067
v 0.12144493 0.43844885 0.54612345
v 0.45228484 -0.10152021 -0.20761473
v 0.14953373 0.42966139 0.54208046
v -0.31179267 0.32122040 -0.69790101
v 0.40111604 -0.05043066 0.63308012
v 0.43157631 -0.03012202 -0.71266091
v 0.02160736 -0.46269226 0.46780244
v -0.30717483 0.29784453 0.61180544
v 0.12891673 -0.38360351 -0.74465269
v 0.33322105 -0.31356627 0.53099304
v 0.24276556 -0.30321339 -0.75036180
v -0.40100700 -0.22043410 0.49750340
v -0.42436561 0.18970777 -0.37092423
v -0.44089308 0.14869434 0.06866089
v -0.40120125 -0.03788001 -0.74215096
v 0.44075564 -0.10573572 0.53907782
v 0.32097763 -0.06848046 0.72463983
v 0.46230555 -0.04189268 0.18246533
v -0.25987083 -0.01957729 0.75908941
v 0.36580539 -0.25134346 0.57773620
v -0.01677888 -0.32453331 0.72884125
v 0.23355821 -0.36077896 0.60438269
v -0.44452772 -0.13600355 0.23554926
v -0.17674288 0.42131141 0.47038132
v 0.35734236 0.29797751 0.02077506
v 0.46254948 -0.04911603 -0.08851665
v 0.34888941 -0.30618557 -0.00269596
v 0.30398643 -0.21316971 0.68821460
v 0.23689514 0.37692550 -0.69776678
v -0.40971634 -0.18053694 0.57202983
v 0.04805360 0.44962186 -0.68062311
v -0.05766248 -0.46233571 0.06093311
v 0.29892507 0.35345459 -0.32511887
v 0.14380749 0.39076945 0.62804985
v -0.26331955 -0.37691975 -0.65696251
v -0.10300851 0.33556792 -0.75731385
v -0.32454872 -0.32325166 0.52868050
v -0.25752655 0.37642732 -0.66920274
v 0.43361422 0.14011432 0.52723771
v 0.37464479 0.24489449 0.56006444
v 0.44846648 0.08599287 0.51201040
v -0.46185386 0.06817696 -0.29426876
v 0.35600531 -0.24570912 -0.71746922
v 0.36089933 -0.29461500 -0.56009501
v -0.46269143 -0.05251585 0.16216208
v -0.28134829 0.28747049 -0.74464953
v -0.18944255 0.37859240 -0.73188013
v 0.44045526 -0.13972884 -0.26319093
v -0.29911262 0.35592571 0.37110382
v -0.06298662 -0.46247298 -0.26475239
v -0.13929226 0.34101442 -0.75683123
v 0.46207848 -0.05614604 -0.31186461
v -0.37348297 -0.26582015 -0.68130022
v -0.37416419 0.27656752 -0.48677820
v -0.46186894 0.05790662 -0.61318338
v 0.46289644 0.04532740 -0.57302374
v 0.03379999 0.46258375 -0.28748605
v 0.01856934 0.46332142 -0.62927324
v -0.36046293 0.29462016 -0.02990414
v -0.29816321 -0.35704166 0.21294375
v -0.29044908 0.36538404 0.10460684
v -0.16824286 -0.23799157 0.74316174
v -0.32554656 -0.32741109 0.49740440
v -0.24949083 -0.07173708 0.75834972
v -0.36153442 0.29361668 -0.09050461
v 0.44320202 -0.11362989 0.44605708
v 0.45207453 0.08226470 0.39019179
v -0.23909825 -0.10503235 0.75512898
v -0.40376166 0.21626881 -0.67115974
v -0.45906752 -0.07201239 0.26709574
v -0.27648261 0.36313209 0.54193920
v -0.38231614 -0.26046690 0.38723633
v 0.10921075 0.44973001 -0.18204772
v 0.39240322 0.19198973 0.59068888
v -0.27198094 -0.12098727 0.74458563
v -0.22149010 0.27326089 0.71145159
v -0.24502949 -0.21403863 0.73475057
v 0.31745404 -0.09064250 0.72171122
v 0.18352304 -0.37597561 0.62126994
v -0.32122597 0.23498040 -0.74420869
v 0.08500104 0.26225257 0.73969811
v -0.18657470 0.32420132 0.68455118
v 0.12838671 0.34850290 -0.75721240
v 0.37212712 0.27788609 -0.02294652
v -0.46259612 -0.05563445 0.04549435
v -0.17465915 0.23354375 0.74137563
v 0.36694285 -0.22119156 -0.72333050
v 0.29995039 0.01257519 0.73519444
v 0.03191652 0.46274024 -0.50672638
v -0.03753676 0.27230290 0.74329865
v -0.21695986 -0.40838510 -0.19333880
v 0.40205619 0.23002715 -0.63178647
v -0.38146856 -0.26459256 0.14480840
v -0.24996699 -0.29541600 -0.75468397
v -0.13060422 0.44653246 -0.12822452
v -0.04593584 0.33537418 0.71397626
v -0.28781378 -0.01886025 0.74893934
v 0.37011778 0.28339437 -0.61723721
v -0.43734932 0.14159371 -0.63605386
v -0.03426543 -0.35909244 0.69671130
v -0.09018169 0.44188246 0.54378384
v 0.39242518 -0.23993018 0.46977693
v 0.22639461 0.39776710 0.52865654
v 0.23788092 0.36509457 -0.71641624
v -0.27183372 0.21327837 -0.75737089
v 0.08684569 0.34974456 0.69382459
v 0.42539570 -0.12849143 -0.70000893
v 0.09152418 -0.39446041 -0.74239737
v -0.12247220 0.20164524 0.74984938
v -0.28267333 0.18207864 -0.75716501
v 0.27963802 -0.37223786 -0.00415007
v 0.35301086 0.30240154 0.11547796
v 0.22843325 0.33415040 0.65009058
v -0.28675604 -0.07563928 0.74543554
v 0.38253284 0.01959932 0.66817933
v 0.32184845 0.13065027 0.71418065
v 0.28698477 -0.36430287 0.27453375
v 0.41948643 0.12099589 -0.71375507
v 0.26688215 -0.37813103 -0.29530916
v -0.36895934 0.28422353 -0.62096959
v -0.36008930 -0.22716182 -0.72801292
v 0.05069087 0.45954666 0.43422756
v -0.31786487 -0.16963162 0.70324630
v -0.01364767 -0.42972767 -0.72049540
v 0.43985212 -0.13847628 -0.36278629
v -0.10011747 -0.42454568 -0.71639037
v 0.42968300 0.15775286 0.38642889
v -0.18212953 -0.20588279 0.74590611
v -0.44313133 -0.07668317 0.56328756
v 0.13119540 -0.29899749 0.72741508
v -0.28112540 0.06806752 0.74746698
v -0.36107972 0.29405817 -0.06020315
v -0.37604308 -0.27417734 -0.17342648
v -0.13837114 0.44222620 -0.43883112
v -0.33467862 -0.31044772 -0.69204032
v -0.00051473 -0.44239715 -0.70784271
v -0.21442287 -0.27576253 0.71399158
v 0.34798840 -0.30643666 0.10623023
v -0.45134607 -0.08858184 -0.65598208
v -0.22767010 -0.40582010 -0.42422402
v 0.00017078 0.40339425 -0.74474001
v -0.39984789 -0.06981737 0.64342868
v 0.46235779 -0.03822968 -0.63305587
v 0.14711100 0.33622435 0.69032896
v 0.43908945 0.04395796 -0.69776505
v -0.18744026 0.39266238 -0.72069174
v 0.28292534 -0.37011266 0.03054395
v -0.00692532 0.34763968 -0.75710410
v 0.33024850 0.23614411 -0.74590164
v 0.42568040 0.09513380 -0.71564412
v 0.30381298 0.35151663 0.41316369
v 0.29748392 0.35388818 -0.58255762
v 0.28795707 -0.36784780 -0.09050769
v -0.26247475 -0.04525203 0.75842899
v -0.45651129 0.09162986 -0.17382590
v -0.46281737 0.04437272 -0.48791763
v 0.14793925 0.43774396 0.14170164
v 0.39709231 0.19776881 -0.70647156
v -0.42957848 0.10390308 0.58246005
v 0.46018952 0.06772715 -0.00795673
v 0.29642248 -0.33893791 -0.69132155
v -0.00413817 0.42729938 -0.72662622
v -0.05644762 -0.46234375 0.09884967
v 0.38267744 0.26109964 -0.65182579
v -0.38323739 -0.25807294 0.43128467
v -0.42429298 0.19036432 -0.41655257
v 0.31621468 0.21976323 0.66997421
v 0.34405246 -0.10509297 -0.75773036
v 0.30329403 0.35176232 0.22767761
v -0.22674598 0.34153059 -0.74348593
v 0.01525164 -0.40242982 -0.74425304
v -0.43513718 -0.12832905 -0.67981046
v -0.20620309 -0.34380901 -0.74526507
v 0.11371934 -0.38456196 -0.74536777
v -0.09009119 -0.32950878 0.71342021
v 0.32761639 -0.18037972 -0.75730973
v -0.46287653 -0.04736754 -0.43398121
v 0.34953517 -0.30569381 -0.06925662
v 0.27054104 0.36705679 0.54357529
v -0.28857020 0.36309031 -0.59982044
v 0.31178492 -0.34392554 0.17887692
v -0.36826107 -0.28706434 -0.13595678
v 0.33595100 0.30395675 -0.69202226
v 0.35855651 0.29712790 -0.16227110
v -0.10032552 -0.41202202 0.60578460
v -0.22058973 0.30187172 0.68739808
v 0.19627298 -0.41122803 0.52517390
v 0.37652719 -0.05105473 0.67037171
v 0.37603599 -0.27296570 -0.33291134
v 0.38538086 -0.21240906 0.57936078
v 0.30074045 0.19614136 0.70199251
v -0.34716767 0.28273281 0.56843448
v -0.42446592 0.18799245 -0.27320763
v -0.40536043 -0.22181675 -0.31803554
v 0.34041116 0.19790854 0.65736794
v 0.34661040 -0.19853945 -0.74546218
v 0.39412755 0.16932243 -0.72668368
v -0.29677078 0.35838872 0.32715446
v 0.42742154 0.16170444 0.45477581
v 0.42292044 0.19271292 -0.46614414
v -0.30196106 -0.35334286 0.36402050
v 0.20220283 -0.28912398 0.70429045
v -0.04773109 0.46223873 0.42447755
v -0.46271437 -0.05686571 -0.12102190
v -0.36381203 -0.29181898 0.03830902
v -0.02554870 -0.44898641 0.54903835
v 0.46230531 -0.03801470 0.33462578
v -0.25018209 -0.35890397 -0.71617991
v -0.22656585 0.39376634 -0.66699785
v 0.30264649 0.28021047 -0.74111897
v 0.33265120 -0.13537708 0.69314468
v -0.05284389 -0.46237370 0.28067401
v 0.03101063 0.45745614 0.51849252
v -0.35280955 0.30254200 0.34960803
v -0.29625019 0.35939944 -0.32531616
v -0.29390088 0.36175385 -0.45410219
v 0.08476225 -0.36392942 0.68578541
v -0.44571021 -0.13253230 0.35554478
v -0.44288585 0.14054547 -0.43731797
v -0.35618624 0.29898095 0.22765775
v 0.37498546 -0.27426001 -0.22587295
v -0.31519392 -0.24373759 0.65451598
v -0.45628902 0.06675037 0.51319426
v 0.01801900 -0.31870601 0.73029816
v 0.44631210 -0.13111076 0.01559488
v -0.39398956 -0.22578475 -0.68820447
v 0.43602729 -0.14192575 -0.57522386
v 0.29768902 0.35409603 -0.45404387
v 0.18704720 0.31592652 -0.75713903
v -0.46231863 0.06858127 0.04587097
v 0.29943547 0.35220695 -0.62051904
v 0.15882787 -0.43334264 0.28033945
v -0.46289253 -0.05629703 -0.38464218
v 0.46223980 -0.05426297 -0.53747916
v -0.35789755 0.29723769 0.12159435
v -0.14021462 -0.43625930 0.47016153
v -0.05517522 0.46215856 0.04625757
v 0.30355009 0.35176915 0.30341992
v -0.15772267 -0.43316355 -0.64551151
v -0.46290225 -0.05281907 -0.31623086
v -0.39604190 0.23354389 0.09112377
v -0.06861976 0.46213031 -0.36321011
v 0.45663741 0.01432665 -0.66686261
v -0.41961440 0.07682034 -0.71696597
v 0.46230650 0.05380813 0.15953086
v -0.29447708 0.36086380 0.28511602
v -0.37879691 -0.26990554 0.09882640
v -0.37924471 -0.26915151 0.02314058
v 0.05800575 -0.46280748 -0.45432243
v -0.16723000 0.32270643 -0.75756818
v -0.16184793 -0.41518313 0.56475961
v 0.37423894 0.27708396 -0.49214157
v -0.29010150 0.28843626 0.64174753
v -0.06337004 0.46221325 -0.25796154
v -0.30100197 -0.35428187 0.32618061
v 0.30588213 0.26623571 -0.74577790
v 0.35050312 -0.28402212 0.55557233
v 0.26318905 -0.35366485 0.57763493
v 0.28950250 -0.36309329 0.24268061
v -0.06148772 0.46132156 0.21694154
v -0.36176977 -0.00283777 -0.75445533
v -0.13235015 0.44518620 -0.30205277
v 0.35394529 0.02930304 -0.75745422
v -0.27345479 0.37557688 -0.02246324
v 0.46184111 0.04213527 0.34394222
v -0.10717770 -0.36306149 -0.75439429
v 0.10187177 0.45070192 -0.25043863
v 0.16776556 0.22054936 0.74207658
v 0.14613105 -0.43802753 -0.52208829
v -0.26537007 -0.38168395 -0.47144106
v -0.29171658 0.36394441 -0.18279745
v 0.33908895 0.22924650 0.63782305
v -0.40053257 -0.05303540 -0.74231434
v -0.38659438 0.07754850 -0.74381608
v 0.09166491 0.44381970 0.54583645
v 0.19601381 0.34582427 -0.74672824
v 0.13181590 0.44592962 -0.03746838
v -0.41838750 0.19572119 -0.08750746
v -0.21388845 0.39499688 -0.69054592
v 0.16429734 -0.43026465 0.44799361
v 0.42794064 0.15692098 -0.66845781
v 0.24293722 0.38957709 0.01509274
v -0.42360306 0.19352604 -0.55189526
v 0.17220284 0.33313558 -0.75697088
v 0.07647996 0.44077721 -0.69366431
v -0.35893142 0.29620034 0.06099702
v -0.43734324 0.14786422 0.50913280
v -0.44429892 0.13614377 0.46895501
v 0.30102539 0.34566748 0.52826291
v 0.44364142 -0.11821582 0.37418598
v -0.24049726 -0.25616232 0.71237814
v 0.06874546 -0.46215534 -0.39392099
v 0.35710800 0.25561672 0.58727533
v 0.30354160 -0.35242388 0.42457688
v 0.28963488 -0.36359942 0.18207631
v -0.44146305 0.14558719 0.23339260
v 0.37026918 0.28210211 -0.20427239
v -0.46224096 0.06823319 -0.09801169
v -0.45443740 -0.09916052 -0.06012185
v 0.29821455 -0.35731962 0.05373665
v 0.43954343 -0.13779879 0.31559661
v 0.30386370 0.07548921 0.73315513
v -0.08337803 0.40319902 -0.74004954
v 0.22856504 0.39746627 0.40243766
v -0.34733668 0.30189502 0.52740473
v -0.37100312 -0.25803381 0.54038614
v 0.45261839 0.03949284 0.51930827
v 0.16463199 0.41694462 0.56219900
v 0.41364378 0.20871978 -0.26485291
v -0.46262389 0.05219936 0.31855145
v 0.30029532 0.35321537 -0.06005160
v -0.23997143 0.25530085 0.71151221
v -0.00946268 0.46148816 -0.65653819
v -0.45971900 -0.07349333 -0.56719023
v 0.22784577 -0.39464530 0.53134662
v -0.13704804 -0.37125653 -0.75061929
v 0.32313350 -0.29382819 0.58808422
v -0.36817709 -0.28714779 -0.33289438
v -0.44134325 0.14698406 -0.11920309
v -0.46260929 0.06157377 -0.20218953
v -0.06531898 -0.46244630 -0.43130046
v 0.32086295 -0.05309718 0.72607803
v -0.09556307 0.32067159 0.72121924
v -0.29393575 0.36175209 0.06857306
v 0.46241492 0.06159159 -0.25711122
v 0.28660309 0.29416960 -0.74063224
v -0.22414684 0.39981374 0.51119328
v 0.24029018 -0.26595023 -0.75776601
v 0.16579258 -0.42894343 0.49231157
v 0.27309716 0.28486124 0.65615523
v 0.03416660 0.46255887 0.07601219
v 0.20692462 0.36348048 0.62769806
v -0.30542013 -0.35011208 0.08608034
v 0.12182262 0.44197306 0.42459682
v 0.12247057 0.32114086 0.71455634
v 0.05948125 -0.46240202 -0.07532443
v 0.05873528 0.45671412 0.50257838
v -0.32739946 0.32720903 0.52269554
v -0.30231819 0.31421864 -0.71619815
v -0.36792058 0.28378397 -0.15053140
v -0.35590690 0.29961178 -0.31788275
v 0.44940951 -0.11187673 0.16463023
v -0.28086722 0.37186286 -0.31544608
v 0.25263593 -0.38446724 -0.42137799
v -0.34215918 0.23147318 0.63477850
v -0.00724943 0.45825610 0.51653916
v 0.05799155 -0.46235833 0.05492051
v 0.07070439 -0.33477464 0.71790612
v -0.15814294 -0.43135345 0.12669247
v 0.35640749 -0.29727739 -0.03468434
v 0.39424568 0.21356799 0.55872345
v 0.38936082 0.24889807 0.28077447
v 0.07187119 0.45419887 -0.53094268
v -0.05452712 0.46120453 -0.64768791
v 0.03489101 0.46257606 -0.42262173
v 0.13025732 0.44540641 0.09939338
v -0.27570218 0.37442788 0.17931882
v -0.29023963 0.36521795 0.24263744
v 0.36898440 -0.25260803 -0.69159198
v 0.14358406 -0.43938699 -0.46972471
v 0.20081909 -0.40243420 -0.69233364
v -0.46274224 -0.06111928 -0.53476048
v 0.37885803 0.12885429 -0.74724334
v 0.39534217 -0.22759758 -0.66684717
v -0.42146733 0.19495933 -0.59683788
v 0.04908060 -0.35667518 0.70452607
v -0.35321537 -0.12828754 0.68537527
v -0.29394346 0.36173469 0.21241997
v 0.25056285 0.38539132 -0.40243790
v 0.39858359 -0.17734113 0.58269745
v 0.46163496 -0.01673291 0.44054407
v 0.17926124 -0.39471635 0.59251618
v 0.42753458 -0.16913064 0.28348488
v -0.28809845 0.36741841 -0.05262438
v -0.46220490 0.06832855 0.20474271
v 0.02804085 0.42677450 -0.72179282
v -0.43561044 -0.15088728 0.45432368
v 0.01567503 0.30283299 0.73163927
v 0.25020260 0.38562977 -0.23411727
v -0.34695986 0.30448440 -0.65196019
v -0.46269891 -0.05570267 -0.06043599
v 0.09266521 0.45228675 -0.31753287
v -0.36950946 0.28179005 -0.21938142
v -0.26696461 0.35618195 0.57729894
v 0.22800434 0.39774492 0.32112163
v 0.12573081 -0.43178734 0.55667573
v -0.36200029 0.29302415 -0.12052204
v -0.45092198 -0.11194017 0.12847227
v 0.39314571 -0.20921478 -0.69300306
v -0.39531687 0.21139626 0.56364161
v 0.46098468 0.07238835 -0.40136793
v 0.37414697 0.02898480 -0.75182986
v -0.28902149 -0.36645961 -0.25710425
v 0.29389229 -0.36147591 0.09212274
v 0.05397294 -0.46238616 0.34135175
v -0.36114538 -0.29451257 0.21640760
v -0.38141617 -0.26460969 -0.52538723
v 0.21342936 -0.31972200 -0.75050497
v 0.35235643 0.27493012 0.56603485
v -0.44168395 0.14634132 0.14439999
v 0.26635882 0.37225339 -0.66940451
v 0.31568593 -0.24281257 0.64813095
v -0.29997572 -0.35527104 0.28826749
v -0.24565479 -0.38657576 0.35614413
v 0.12406110 0.42162162 -0.70259571
v 0.28745359 -0.36812878 -0.15098755
v 0.44032893 0.14169510 -0.10560386
v 0.45740125 -0.06820814 -0.61389363
v -0.35646081 0.29867753 0.19742054
v 0.13252397 -0.44574562 -0.14358312
v -0.46231994 0.06861909 0.10644867
v 0.43590945 -0.13130830 0.51754528
v 0.43980435 0.08450050 0.55107403
v 0.21271910 0.38612723 0.58296818
v -0.30017227 0.02618639 0.74365038
v -0.36436132 -0.29123148 -0.07688513
v -0.46230772 0.06848668 -0.00715045
v -0.28806865 -0.36738250 -0.32513124
v -0.46277785 0.05278319 -0.33582965
v 0.22651759 0.33107486 -0.74660653
v 0.38594496 0.08814745 -0.74513787
v -0.29004166 0.36546326 -0.03323022
v -0.41216609 -0.18130787 -0.69264126
v -0.06012915 -0.39139712 -0.74768913
v -0.13386869 -0.43999445 -0.05582472
v -0.28679502 0.36794654 0.00187313
v 0.10761369 0.43853471 -0.66888708
v 0.03410069 0.46254554 0.13635756
v 0.40643659 -0.10463367 0.61377758
v -0.07420956 -0.45286706 0.51079679
v 0.46245378 0.06633236 -0.52097487
v -0.44358489 0.13965939 -0.31630176
v -0.30672482 0.34862930 0.46219808
v -0.40025282 -0.20619467 -0.69392133
v -0.36785200 -0.28746223 -0.24185847
v 0.38883501 -0.24648696 0.34133887
v -0.28860447 -0.36685979 -0.28740335
v -0.06589476 0.46216634 -0.31039590
v -0.42439693 0.19065818 -0.46226385
v -0.45568615 -0.05483155 0.52761590
v -0.18947469 -0.39484590 -0.71775830
v -0.07724529 0.45880535 -0.59738564
v 0.03414923 0.46257246 -0.10566615
v -0.32684642 0.12644421 -0.75344372
v -0.25165299 0.22972329 0.71963608
v -0.21937828 -0.39144456 -0.69910192
v -0.42244273 -0.16782407 -0.66949219
v -0.08214922 0.42617896 0.58319718
v -0.45032576 0.10983530 0.49147576
v -0.45720550 0.08724083 -0.34924442
v 0.42404214 0.19191569 -0.50753689
v 0.28023866 0.19573592 0.71554184
v -0.23450293 -0.37797323 -0.71082878
v -0.46250868 0.06406768 -0.14145583
v -0.35819876 -0.19923383 0.63847601
v -0.36620703 -0.28924713 0.12162928
v 0.40497404 0.22235684 -0.06032770
v 0.46286243 0.04527770 0.01604592
v -0.16896003 0.42666605 0.32560724
v 0.19692630 0.20217331 0.74106526
v -0.23200469 0.30444831 -0.75791830
v 0.14797240 0.36689958 0.65657508
v -0.40293536 -0.22569421 -0.40779862
v -0.34066474 0.15069774 0.68804532
v 0.46209633 0.06096146 -0.05269960
v -0.05120494 -0.46240410 0.37158546
v 0.46180925 0.05988083 0.05487291
v -0.15835345 0.40078917 0.59557992
v -0.13721880 0.44299209 0.08153774
v -0.19582938 0.41163129 -0.65213490
v 0.32312292 -0.33091024 -0.42187038
v -0.34818891 -0.29150289 0.53647387
v 0.27345726 -0.25789681 -0.75726181
v 0.41240737 0.20964994 -0.17231245
v 0.37534341 0.27551317 -0.54745179
v -0.25115320 -0.31494975 -0.74469489
v -0.37569374 -0.27424473 -0.61655694
v -0.46166021 -0.05757478 0.44604525
v -0.06601650 -0.46244013 -0.52224314
v 0.05549909 -0.46233597 0.29589999
v -0.44048437 0.14984964 0.02347345
v 0.29817662 -0.19351141 -0.75848067
v -0.22977412 -0.40071350 -0.12173622
v -0.28182486 -0.24464437 0.69100165
v -0.21548639 -0.30809185 0.67943180
v 0.33690488 -0.31694916 0.46288130
v 0.28229985 -0.28188780 0.64591849
v -0.13367233 0.44277492 -0.65465587
v -0.15065506 -0.25563115 0.74069411
v 0.04945885 0.42068970 0.60937220
v -0.13678196 -0.44039139 -0.50616270
v 0.23845080 -0.39121005 -0.52980548
v -0.37583703 -0.27446175 -0.27231336
v 0.30340311 0.35181329 0.26563179
v 0.33525985 -0.20448487 0.65612137
v 0.29883215 0.35332230 -0.39337385
v -0.40571368 -0.21454033 -0.60588712
v 0.40782049 0.21761683 -0.12037487
v -0.10984001 -0.44279432 -0.68230408
v 0.09615036 -0.42351493 0.59092224
v 0.03386061 0.46259606 -0.04503189
v 0.24850287 0.24924822 -0.75705796
v -0.36569524 0.28984761 -0.40863642
v 0.17597011 0.42367062 -0.28006408
v 0.30530977 0.30408475 -0.72435707
v 0.46225834 0.05566555 0.10662824
v -0.46239308 0.04650731 0.46333063
v -0.38840884 -0.24656394 0.46943611
v 0.46249932 -0.04977057 -0.58137602
v 0.18081486 -0.33579379 -0.75026399
v -0.17350137 0.42374870 0.40069202
v 0.27842122 -0.36374521 0.51135314
v 0.44624120 0.10129745 0.45421308
v 0.37969005 -0.13703656 -0.74427927
v -0.08284597 -0.37541091 0.66736639
v -0.20075667 0.28022954 0.71608907
v 0.25580153 -0.38349012 -0.37255237
v 0.00044397 -0.35445452 0.70803308
v 0.37516215 0.27438003 -0.24519302
v 0.27018860 -0.34524468 -0.70682949
v -0.27677184 0.37388238 0.06864715
v -0.39210394 0.23934489 0.18257557
v -0.46301386 -0.02272430 -0.63726079
v 0.13004147 -0.44623432 -0.30983829
v -0.23910365 -0.39623478 -0.63162887
v 0.43676028 -0.13809486 -0.62773764
v 0.11573379 -0.30164248 -0.75682551
v 0.42146313 -0.17127123 -0.66594827
v 0.30109209 0.35326904 0.07614028
v 0.36143008 0.29425254 -0.45405796
v -0.09138662 -0.45376536 -0.66766822
v 0.41680932 0.20436777 -0.42909235
v -0.38132092 -0.26373553 0.26869372
v 0.36384523 0.09973472 -0.75716579
v -0.23415428 -0.34731954 0.62179840
v -0.46284628 -0.05658092 -0.26163474
v 0.37144712 0.27764711 0.10492681
v -0.46317294 -0.04635161 -0.63795841
v 0.19843104 -0.22964044 0.73627341
v -0.36388403 0.29172257 -0.51327205
v 0.13482392 0.44447824 0.05465852
v 0.20473672 0.40919456 -0.43019450
v 0.16963744 -0.41263908 -0.69565457
v 0.36087039 -0.29500568 -0.49990344
v -0.20435885 0.37922418 -0.72566175
v 0.39071199 -0.24316113 0.38701198
v -0.05870988 0.46113294 0.30923519
v -0.29393911 0.36175063 0.03069869
v -0.45642135 0.06591010 -0.65375328
v 0.06104439 -0.46265092 -0.30650246
v 0.44428381 -0.13364948 -0.15823819
v 0.19779995 0.33835009 0.66428101
v -0.03843443 -0.45945236 0.51773411
v -0.13871425 0.44147369 -0.62106007
v 0.19658959 0.07348958 0.75733972
v 0.39867955 0.23303027 0.06121189
v -0.04270257 0.44448996 -0.70796394
v 0.31545565 0.33987075 0.44910604
v -0.05063365 -0.46233892 0.42401370
v -0.05866046 -0.46236804 -0.01476327
v -0.13698933 -0.43992937 -0.37787196
v -0.22297111 0.35364884 0.62090218
v -0.41037229 0.16767584 0.57652372
v 0.14942217 0.43397450 0.36713266
v 0.35814619 -0.29697865 -0.27240998
v -0.25654459 0.38404843 0.37959793
v -0.36865261 -0.28567523 -0.62830865
v -0.46241012 -0.05238717 0.40310141
v 0.39180753 0.24523173 0.18314901
v -0.34435797 0.09051607 0.70711398
v 0.38743129 -0.24913415 0.29585090
v -0.38428566 -0.25992960 -0.02797666
v 0.02253020 0.06812662 0.75932211
v -0.41388196 -0.09584702 0.61259478
v 0.14664978 0.43771884 0.19465813
v 0.37710750 -0.26981521 -0.12866738
v 0.43833333 0.14575166 -0.04505205
v -0.29727125 0.20577554 0.69967312
v -0.09842825 0.43936032 -0.69711202
v 0.38403040 -0.25596154 0.15939474
v -0.27744955 0.37346706 0.26864174
v 0.19539298 0.28451043 0.71343607
v 0.04158691 0.46202567 0.38678706
v -0.45920220 -0.07831104 -0.43158889
v -0.06681342 -0.46241876 -0.56012601
v -0.10577978 0.45046169 0.14514579
v 0.12097710 -0.04270591 0.75932330
v -0.37079507 -0.28340560 -0.05728595
v 0.16752079 -0.42556071 -0.66694134
v -0.16220900 0.43042168 0.25035968
v 0.45924017 0.08017860 -0.55526149
v -0.18187808 0.41829941 0.52754092
v 0.44631103 -0.13101599 -0.01468605
v 0.35255376 -0.23572522 0.60912544
v 0.06920667 -0.46189049 -0.34290808
v 0.04861823 0.37340021 0.67437422
v 0.15036254 0.39279094 -0.72411734
v 0.43401390 0.15307589 0.13695173
v 0.14779277 -0.43828061 0.13677534
v -0.13751684 -0.43936408 -0.25678626
v 0.18764073 0.15048108 0.74895632
v -0.36423215 -0.29140076 -0.48603177
v 0.38616398 -0.25160995 0.25033328
v 0.27116269 -0.22755931 0.70320314
v -0.06248441 -0.46246147 -0.22685544
v -0.30310243 -0.35231897 0.40212390
v -0.34948894 -0.12079878 -0.75493693
v -0.31478655 0.09196834 0.72699583
v -0.05371708 -0.46236143 0.23521514
v -0.13304773 -0.43993494 -0.67785096
v 0.23117940 -0.39460894 -0.59038854
v 0.38797215 0.25053701 0.34885636
v 0.23092422 0.39598280 0.46766785
v -0.24861941 0.38793284 0.44580752
v -0.09141143 -0.26942435 0.74054569
v 0.02399981 0.46324620 0.48703259
v -0.26409078 0.28872693 0.66443163
v -0.36540240 0.29009023 -0.37831306
v -0.11614919 -0.44748572 -0.65074688
v 0.32607514 0.27171585 -0.72890049
v -0.38037667 -0.04796102 0.67683417
v -0.06070470 -0.44669044 0.54902774
v 0.38750097 -0.16843523 -0.72824454
v -0.43511090 -0.13552260 -0.64317411
v -0.31135657 0.25590152 0.65309918
v -0.33137819 -0.29071021 0.57744122
v 0.35392430 0.30115297 0.30340534
v -0.02441092 -0.46291056 -0.63587034
v -0.20125672 -0.41394818 -0.05749841
v 0.46057487 0.07428385 -0.59652001
v 0.13157260 -0.44609445 -0.18894947
v 0.06199559 0.44948420 0.53608513
v 0.28812310 -0.36772251 -0.06020889
v -0.38598332 -0.25697511 -0.09450909
v -0.32139260 0.31109774 0.56948435
v -0.44244269 -0.14032653 0.18431205
v 0.03356583 0.46259579 0.20588434
v -0.13173808 0.44606140 -0.03751336
v -0.39904368 0.04225811 0.64810985
v 0.26523212 -0.30286464 -0.74301738
v 0.38069978 -0.10603814 -0.74868006
v 0.02337582 0.46297440 0.44593969
v -0.18461090 -0.32078919 -0.75681084
v -0.27651301 0.37404352 -0.27978066
v 0.33856809 -0.31522542 0.41705132
v 0.22169580 0.03532456 0.75932854
v 0.38090712 -0.26255646 -0.05245763
v -0.46260291 0.04736999 0.41695964
v -0.37392056 -0.23013760 -0.71507174
v 0.35240930 -0.26720479 -0.70616132
v -0.25966844 0.27865297 -0.75577384
v -0.08162839 0.26880407 0.74296355
v -0.14418577 -0.38083535 0.63493663
v 0.40188634 0.22754985 0.00102939
v 0.24126706 0.39125204 -0.59810090
v 0.13699208 0.42602792 -0.68912315
v 0.36630186 0.28934875 -0.39363950
v -0.45072222 0.11483083 0.25891879
v 0.25488251 -0.37980297 0.50700319
v 0.08618271 0.39557749 0.63779652
v -0.46285918 -0.04451453 0.23550549
v -0.42146918 -0.18654495 -0.02955760
v -0.02137003 -0.42428473 0.60245758
v -0.36195108 -0.29366073 -0.27229246
v 0.05208847 -0.40479210 0.63761681
v 0.22304812 -0.34068471 -0.74349242
v 0.35107383 0.09934826 0.69619519
v 0.46235541 0.05025439 0.25034210
v 0.39562306 0.23831522 0.12301733
v -0.17442679 0.11167778 0.75868660
v 0.30977106 -0.34597045 0.26607290
v -0.06824812 0.46202371 -0.55963182
v -0.46259865 -0.05161220 0.30861855
v -0.15636465 -0.35188380 0.66675240
v -0.26955724 0.11307286 0.74285847
v 0.42491546 0.16682546 0.52252805
v -0.08031986 0.08094826 0.75937074
v 0.10675862 0.15401769 0.75141364
v -0.29729551 -0.35791981 0.18212847
v -0.37767616 0.25657901 0.54283857
v 0.36176753 0.29226002 -0.63498890
v -0.35848850 0.29698306 -0.23967502
v -0.36596903 -0.28950170 -0.02988845
v 0.07404821 -0.45411855 -0.66686463
v -0.22291243 0.23549655 0.72777677
v 0.29945841 0.35323554 -0.24991240
v -0.43231297 -0.16244444 0.11398534
v -0.29296982 -0.21549092 -0.75712848
v 0.05173430 -0.46231815 0.42007825
v 0.30859274 -0.33395869 -0.66795707
v 0.12254436 0.05771378 0.75918323
v 0.40067887 -0.14079572 0.60289180
v -0.42405677 0.13575652 -0.69197190
v -0.06096394 0.46223271 -0.19702332
v -0.40272382 -0.16927478 -0.71211684
v 0.42525065 -0.17151761 0.40922248
v -0.41090259 0.20682590 -0.64702505
v 0.45402101 0.05141119 -0.66574651
v -0.42689806 -0.17445296 0.03876200
v -0.36360937 -0.16090816 0.65675700
v -0.31750762 0.22559707 0.66908872
v -0.12496385 0.42985237 0.55314767
v -0.41252229 -0.19473609 -0.67426765
v 0.13268337 0.23541956 0.74156886
v 0.36425179 0.29133499 -0.27279478
v 0.05878991 -0.46222398 0.17470808
v 0.31294635 0.17920187 0.69902450
v 0.29575804 -0.35930264 -0.21818700
v -0.34500024 -0.30954733 0.43323749
v 0.38525009 0.25450757 0.43282673
v -0.25538820 0.34908006 -0.71984720
v 0.19122183 -0.11901303 0.75162911
v -0.46043754 -0.07416859 -0.46829870
v 0.02475715 -0.28345627 0.73933184
v -0.12011055 0.42762142 -0.70780706
v 0.13206831 -0.44498330 -0.36216664
v 0.46084788 -0.04150257 0.39105564
v 0.29947105 0.35370547 -0.12061936
v -0.11120951 0.44072756 0.52506608
v -0.32944679 0.18618698 0.68274438
v -0.30449262 0.34944683 0.50905848
v -0.35396901 0.30150956 -0.15081890
v -0.36136633 -0.29299515 0.35544699
v 0.24337223 -0.38918221 -0.47372898
v -0.35082105 0.30445507 0.49925098
v 0.14581057 -0.38829994 0.62658715
v -0.46273294 -0.05773806 -0.17390546
v -0.13016255 0.44634879 -0.24143846
v -0.40257534 0.13320279 0.61495209
v 0.04244145 0.46125469 -0.59595078
v -0.29948506 0.35607556 -0.01284010
v -0.22044483 0.37098113 -0.72371209
v -0.45655504 -0.09017175 -0.22691759
v 0.11355144 0.44933668 0.01772716
v -0.05651790 0.46227947 -0.06019645
v -0.29554179 0.35994083 -0.56269950
v 0.25532803 -0.32686678 -0.73384506
v -0.36514229 0.29021531 -0.34808281
v -0.25827643 -0.04489359 -0.75743347
v -0.05906641 -0.46237051 -0.05267387
v -0.46251106 -0.05591733 0.10650077
v 0.37342873 -0.09809607 0.66176087
v -0.40269396 -0.01755480 0.64675397
v 0.11138412 -0.44255465 0.51027536
v 0.08487059 0.45219257 -0.43565720
v 0.24751051 0.38714579 -0.15914458
v 0.17404340 -0.15747015 0.74860096
v 0.38233870 -0.25949439 0.07612505
v -0.06367736 -0.46247956 -0.30262241
v -0.28785723 0.15285842 0.72879118
v -0.12978542 0.44670925 -0.18068783
v 0.04591632 0.24370535 0.74456304
v 0.29033521 0.31677461 0.60424644
v -0.30353940 0.35181591 0.41697779
v 0.38840836 -0.00828636 -0.74416190
v -0.02444112 -0.28308806 0.73889518
v -0.22953317 -0.40547523 -0.48733750
v 0.35412434 0.12025292 -0.75697428
v 0.42381495 0.19301100 -0.55277961
v -0.46269175 -0.05465715 -0.00723630
v 0.44592762 -0.13126449 -0.08225119
v -0.44077128 0.14892277 -0.06657137
v 0.05269995 -0.46240386 0.37916565
v 0.35947904 -0.29618269 -0.39346775
v -0.24162869 -0.39152154 0.12227040
v 0.36561573 0.28373677 0.39539012
v -0.13669954 0.44314724 -0.37057737
v 0.46237513 -0.04949529 -0.03028229
v -0.01264581 -0.45442620 -0.68549901
v -0.37086254 0.27592030 -0.65265971
v 0.14353910 -0.44029918 0.08353224
v -0.36420262 0.28533581 0.32357964
v -0.45883626 -0.08155762 -0.32775170
v -0.28969726 -0.36579409 -0.19653851
v 0.32888323 -0.32449934 -0.48285252
v 0.37052035 0.19958110 0.61684602
v 0.43661070 0.14913769 0.01597655
v 0.32678351 -0.31950283 -0.66641736
v -0.21212891 0.39842090 0.55119175
v 0.13609387 -0.43714935 -0.66506934
v 0.30199322 -0.35366920 0.39463210
v 0.24772188 0.38716656 -0.64109653
v -0.06062840 0.45446077 -0.68234259
v 0.13789000 -0.44317189 -0.02351539
v 0.26636854 0.24325795 0.70131803
v -0.36651489 -0.28879398 0.28858656
v 0.06088956 -0.46245182 -0.17384464
v -0.16659001 0.39096081 -0.73047018
v -0.37541813 0.24840051 -0.69243354
v -0.43963426 0.15134139 -0.18092327
v 0.41468766 0.20725696 -0.31022224
v 0.36582473 0.28992584 -0.42342094
v 0.46187180 -0.06000797 -0.40120414
v 0.13305876 -0.44546518 -0.10567144
v 0.34449118 -0.30937719 0.24253048
v 0.42207599 0.07399238 0.59859228
v 0.03417462 -0.44858390 0.54886061
v -0.40433642 -0.22096406 -0.46832126
v 0.30375579 0.35159925 0.33370093
v 0.12999758 -0.44645691 -0.27219620
v 0.44487965 -0.13321161 -0.12064788
v -0.45582387 0.03012776 -0.66297507
v 0.44434956 0.13608299 -0.42490429
v 0.36856881 -0.27231944 0.51559639
v -0.12777117 0.37658802 0.64892161
v -0.11462327 0.40951043 0.60513145
v -0.45537183 -0.09549816 -0.11326847
v -0.41068244 -0.19664420 0.54278672
v 0.07065263 0.43376386 0.57973534
v -0.34628621 0.29445910 -0.68433088
v -0.40024287 0.22733755 -0.00259157
v 0.33175564 0.06878971 0.71476042
v -0.42580393 0.10770204 -0.69900781
v 0.44339672 -0.13766979 0.13603796
v -0.06050248 -0.08216594 0.75929403
v -0.25987703 0.19642201 0.72783267
v 0.19091873 0.41612408 -0.35530636
v -0.22082448 -0.40736377 -0.25762600
v 0.06017938 -0.46243253 -0.12838648
v 0.03320912 0.46261525 -0.35445288
v -0.32685637 -0.32824838 -0.51684272
v 0.27716702 -0.37286210 0.06923486
v 0.18041855 -0.33988926 0.66846830
v 0.38548824 0.25344738 0.46997461
v -0.28374508 -0.27305070 0.65909177
v -0.37658557 -0.27386919 0.06102734
v -0.28969860 -0.36363941 0.10218817
v 0.05964139 -0.46220660 0.12167888
v 0.46272048 0.06055753 -0.36704293
v -0.45765069 -0.08067194 -0.50723475
v 0.16990070 -0.25418675 -0.75822121
v 0.15493032 -0.43496525 0.23551817
v 0.11826155 -0.04260501 -0.75828129
v 0.03417236 0.46256414 -0.22651879
v -0.29393172 0.36173323 -0.21170977
v -0.06125349 -0.46243712 -0.14361623
v -0.13981140 0.44144672 -0.49189916
v -0.24436197 -0.38816008 0.28128827
v -0.44210774 0.14227943 0.35439315
v 0.23874976 -0.34688386 -0.72774017
v 0.38168207 -0.26088482 0.03822138
v 0.35364151 0.30204496 -0.20410274
v -0.14849898 -0.43386334 0.34909004
v -0.36724812 0.28811496 -0.55993795
v 0.16530037 -0.39704084 -0.71951735
v -0.35450208 -0.30012041 -0.63476253
v 0.43891558 -0.13858807 -0.43083960
v -0.05201223 -0.46238840 0.32613018
v -0.46222869 0.06862225 0.15943156
v 0.27886385 -0.32420698 0.60828483
v -0.22493221 -0.18383977 0.74562120
v 0.18354234 -0.42076194 0.37436485
v 0.13598754 -0.44302413 -0.41570312
v 0.30123445 -0.35445145 0.36375314
v 0.04535918 0.43902215 -0.70439053
v -0.14545107 -0.43465990 0.41000688
v -0.46185735 0.06618588 -0.43146825
v 0.46206775 0.04872063 0.29594347
v 0.35508308 0.29996198 0.22796862
v -0.44412151 0.13788605 -0.37867793
v -0.42187023 0.19041459 -0.14926587
v -0.06276281 0.45919266 0.35737437
v -0.37956262 -0.26646581 0.33953476
v -0.28804535 0.36771274 -0.13594665
v -0.05882654 -0.46232095 0.02309358
v -0.40567923 -0.21321942 -0.66673005
v -0.42370936 0.18832590 -0.21515419
v -0.44140366 0.14482050 0.28222087
v -0.23789105 0.39295059 -0.55130976
v -0.23507434 -0.38960806 0.53093559
v 0.43721363 -0.14089644 -0.50740671
v 0.24036518 0.39092988 0.11440966
v 0.30119461 -0.35480860 0.33373427
v 0.33398327 -0.26307771 -0.72442186
v -0.28645244 -0.36773661 -0.41362849
v -0.19788505 0.31948128 -0.75762898
v 0.35524154 -0.29989210 -0.20226139
v 0.43239433 0.15463555 0.24288414
v -0.37921125 0.26957658 -0.59069508
v 0.37217945 0.27837369 -0.09346011
v 0.46233279 0.05202908 0.20497318
v -0.37603703 -0.27410281 -0.37540922
v 0.34219608 -0.31176341 0.29586121
v -0.27652875 0.37409237 -0.37831986
v 0.44554099 0.13097189 -0.26486710
v 0.35844740 0.29700032 -0.06495740
v 0.44251496 -0.04572257 0.56670606
v 0.32903087 0.32312667 0.51528132
v 0.38809535 0.24955052 0.38597450
v 0.24524367 0.38837335 -0.07496280
v -0.37652877 0.07721729 0.67335904
v -0.40764490 -0.21755755 -0.23444366
v 0.38669053 0.22555582 -0.69630635
v -0.36645579 -0.07674979 -0.75449020
v -0.36104065 0.29091710 0.26524100
v -0.36108050 -0.29456270 -0.39731070
v 0.10141439 0.45016563 0.24513803
v -0.23280846 -0.40419188 -0.53741896
v 0.46240178 -0.04643827 0.03792159
v -0.26246685 -0.37594566 0.49755964
v 0.03614769 0.46242964 0.27343419
v -0.41891834 -0.19202125 -0.08715679
v -0.15167192 -0.43301201 0.28843910
v -0.12151731 -0.42365453 0.57253128
v 0.15971474 0.43177682 -0.20374936
v 0.44510597 0.13102850 -0.21951155
v 0.21641341 -0.04015169 0.75875026
v -0.32154575 -0.28198358 0.60656542
v 0.14868854 -0.43665674 -0.56784612
v 0.28269693 0.20627785 -0.75711632
v -0.37726536 0.13865203 0.65063703
v 0.03183397 0.39578584 0.65193546
v -0.38469857 0.24992788 0.36962506
v -0.15574250 0.43404567 0.16945083
v 0.22764260 -0.39541009 -0.64625061
v -0.16773386 -0.42784682 0.07474829
v 0.37455609 -0.27578259 -0.46935493
v 0.46245047 0.06247329 -0.31772134
v 0.03119007 0.40313134 -0.74214214
v -0.29041284 0.14564355 -0.75710332
v 0.37641522 -0.27227870 -0.37421361
v 0.24828342 0.09239629 0.74756694
v 0.34744826 0.30741554 0.43121502
v 0.24364658 0.24340147 0.71360260
v -0.35094643 -0.30503106 -0.57194424
v 0.28756216 -0.36599433 0.12155493
v 0.37343165 0.27672890 -0.14637803
v -0.00789039 0.33522907 0.71324223
v 0.32492712 -0.00073656 0.72242463
v -0.44031841 -0.14323828 0.40090740
v -0.06553888 -0.46244869 -0.47679272
v 0.46273184 -0.04659011 -0.15359731
v -0.06816697 0.46231788 -0.47688431
v -0.46229535 0.06284454 -0.38766974
v -0.34410688 -0.24459399 0.62171352
v 0.46207991 -0.04338566 0.23547319
v -0.39546692 -0.20188840 0.57665461
v 0.14375883 -0.44032693 0.03279487
v -0.05288967 0.46229824 0.10576829
v -0.05885129 0.43517312 -0.71711266
v -0.29788828 -0.26570737 -0.74891013
v 0.05817427 0.34858161 0.69880915
v -0.29391360 0.36174959 -0.39349172
v 0.03926068 0.46218508 0.33585629
v 0.46261016 -0.04863683 -0.25538176
v -0.45226306 -0.10721633 0.06197517
v -0.36388183 -0.29174665 0.08376430
v 0.30130023 0.35285807 0.03850433
v 0.44577461 0.13135643 -0.31023020
v 0.44497508 0.12197712 -0.63717085
v -0.37817690 0.26059759 0.44722745
v 0.37455669 -0.27502686 -0.55706799
v -0.27517352 0.37471107 -0.20955209
v 0.44945401 -0.11483796 0.08829593
v -0.44569963 -0.13300915 0.31861043
v 0.40839347 -0.20542230 -0.43091133
v 0.33147860 -0.32058594 -0.54358500
v -0.28805882 0.36775729 -0.07534829
v 0.35574529 0.29929492 0.19733159
v -0.32279864 -0.27554920 -0.72895759
v -0.29254875 -0.36258331 0.00032809
v 0.16046670 0.43087357 0.24560982
v 0.46238464 -0.04354629 0.11400032
v 0.44062158 -0.13803609 -0.31116703
v -0.01612552 -0.26589477 -0.75781310
v 0.46212035 0.06152747 -0.09803586
v 0.34450799 0.13843332 0.68530595
v -0.05249331 0.12160619 -0.75800890
v 0.14038780 0.44202629 0.00553582
v 0.02985847 -0.06030201 0.75934255
v -0.15309732 -0.30818033 0.71137255
v -0.05576502 0.34616858 -0.75698769
v 0.23902474 -0.32625476 -0.74427938
v -0.22474813 -0.40666267 -0.36354655
v 0.24464761 0.30430096 0.66646290
v -0.38324559 -0.25776649 -0.66490030
f 1501 1591 671
f 2000 849 158
f 2000 1077 849
f 1501 158 1591
f 1501 2000 158
f 380 267 1077
f 1077 2000 380
f 1421 891 545
f 891 1501 671
f 545 891 671
f 734 1421 545
f 1421 734 511
f 764 511 1626
f 764 1421 511
f 1487 523 219
f 1906 1487 219
f 1906 76 1487
f 764 1626 114
f 523 764 114
f 219 523 114
f 1906 219 1920
f 1906 1920 130
f 76 1906 1342
f 1218 76 1342
f 1218 1342 961
f 1517 1218 961
f 1517 895 1218
f 1517 1916 895
f 1517 961 1688
f 1459 1517 1688
f 1342 1906 130
f 1916 1517 1459
f 1916 1459 543
f 1157 1916 543
f 1157 1008 1916
f 1658 1157 1206
f 1658 501 1157
f 1157 543 786
f 1206 1157 786
f 1596 1658 1612
f 613 1658 1206
f 1658 613 1440
f 1612 1658 1440
f 1596 1612 1707
f 967 1596 1707
f 322 343 606
f 1196 609 1471
f 1648 1196 1471
f 1196 161 609
f 1521 1727 1890
f 1471 1447 1727
f 1471 1727 1521
f 609 962 1447
f 1471 609 1447
f 1648 1471 1521
f 609 161 962
f 1890 1250 164
f 1521 1890 164
f 1890 1458 1250
f 1890 1727 1458
f 1447 882 1458
f 1447 1458 1727
f 1447 1719 882
f 962 1719 1447
f 962 322 1719
f 161 322 962
f 164 380 2000
f 164 1250 380
f 1521 2000 1501
f 1521 164 2000
f 1250 195 380
f 1250 1458 195
f 882 195 1458
f 1719 584 882
f 1719 606 584
f 322 606 1719
f 1673 220 380
f 195 1673 380
f 584 1145 1673
f 195 584 1673
f 882 584 195
f 1338 1521 271
f 1338 1648 1521
f 1854 1338 271
f 1854 271 1822
f 1521 1501 891
f 271 1521 891
f 271 891 1421
f 1822 1421 764
f 1822 271 1421
f 1737 1854 1822
f 1608 1737 1822
f 1608 1822 1487
f 367 1608 1487
f 367 1487 76
f 1822 764 523
f 1487 1822 523
f 1797 76 1218
f 1797 367 76
f 327 1218 895
f 327 1797 1218
f 1757 895 1916
f 1757 327 895
f 1757 1916 1008
f 202 1757 1008
f 202 1008 501
f 1831 202 501
f 501 1008 1157
f 1831 501 1926
f 1926 1323 1831
f 1686 1323 1926
f 1686 56 1323
f 1926 501 1658
f 1686 1658 1596
f 1686 1926 1658
f 417 120 459
f 154 343 322
f 154 459 120
f 417 3 120
f 1297 3 417
f 1039 3 1297
f 1039 389 3
f 25 389 1039
f 328 389 25
f 154 673 343
f 120 673 154
f 120 1918 673
f 3 1918 120
f 3 260 1918
f 389 260 3
f 328 1285 389
f 1562 252 585
f 1562 585 495
f 1562 907 252
f 798 1562 495
f 1547 907 1562
f 1547 1562 798
f 201 907 1547
f 201 957 907
f 1163 72 1648
f 495 1163 1648
f 458 240 72
f 458 137 240
f 1163 458 72
f 495 585 1163
f 575 137 458
f 575 458 1163
f 585 575 1163
f 252 137 575
f 252 575 585
f 240 161 1196
f 240 439 161
f 1196 72 240
f 72 1196 1648
f 137 439 240
f 137 982 439
f 137 508 982
f 907 137 252
f 907 508 137
f 957 508 907
f 982 459 439
f 982 417 459
f 508 417 982
f 508 1297 417
f 508 1039 1297
f 508 25 1039
f 508 328 25
f 459 154 322
f 439 322 161
f 439 459 322
f 798 495 1338
f 558 1386 1854
f 1386 798 1338
f 798 201 1547
f 125 798 1386
f 1338 495 1648
f 1386 1338 1854
f 1737 558 1854
f 1257 1608 367
f 1201 1737 1608
f 1257 1201 1608
f 1201 558 1737
f 327 1264 1797
f 1560 327 1757
f 1264 367 1797
f 1264 1257 367
f 1560 1264 327
f 492 1560 1757
f 1751 1757 202
f 1751 492 1757
f 1228 1751 202
f 1228 202 1831
f 1405 1831 1323
f 1405 1228 1831
f 1784 1323 56
f 1784 1405 1323
f 1059 103 1020
f 1549 992 1059
f 522 1020 111
f 522 1059 1020
f 1294 992 1922
f 857 992 1549
f 1922 992 857
f 1781 1294 1922
f 1899 922 1294
f 1164 1899 1294
f 1998 1899 1164
f 1998 939 1899
f 1998 1442 939
f 374 1442 1998
f 374 1461 1442
f 1842 1461 374
f 1842 1417 1461
f 1842 968 1417
f 968 1842 1115
f 1115 1798 968
f 1115 284 1798
f 1507 284 1115
f 1507 953 284
f 1507 379 953
f 1507 744 379
f 483 744 1507
f 958 1985 965
f 660 88 1984
f 88 1965 1984
f 364 1984 1965
f 88 352 1965
f 655 364 329
f 364 655 853
f 1965 329 364
f 1965 102 329
f 352 102 1965
f 160 329 102
f 329 160 655
f 655 1118 1500
f 160 1118 655
f 160 489 1118
f 102 489 160
f 1870 849 188
f 1870 158 849
f 1870 1591 158
f 671 1591 1870
f 849 267 319
f 849 1077 267
f 220 660 267
f 380 220 267
f 319 107 1159
f 188 319 1159
f 188 849 319
f 107 267 660
f 267 107 319
f 1159 510 212
f 1159 1002 510
f 707 1159 212
f 707 188 1159
f 707 1870 188
f 107 1002 1159
f 107 1984 1002
f 660 1984 107
f 212 510 665
f 212 665 929
f 707 212 929
f 1870 707 929
f 1002 853 510
f 1984 364 853
f 1984 853 1002
f 455 665 735
f 929 665 455
f 735 510 853
f 510 735 665
f 103 455 29
f 103 929 455
f 929 103 1059
f 992 929 1059
f 735 29 455
f 853 655 735
f 1020 103 29
f 29 1232 1020
f 29 655 1500
f 29 735 655
f 1020 1232 111
f 1232 29 1500
f 1949 545 671
f 734 545 1949
f 671 1870 1949
f 1845 734 1949
f 1845 511 734
f 1626 511 1845
f 1845 1949 992
f 1949 929 992
f 1949 1870 929
f 1294 1845 992
f 1294 922 1845
f 1920 219 114
f 1626 1845 922
f 114 1626 922
f 922 1920 114
f 1920 922 1899
f 1920 1899 939
f 130 1920 939
f 130 939 1442
f 1442 1342 130
f 961 1342 1442
f 1688 1442 1461
f 1688 961 1442
f 1688 1461 1417
f 968 1688 1417
f 968 1459 1688
f 968 543 1459
f 1798 543 968
f 786 543 1798
f 786 1798 284
f 953 786 284
f 953 1206 786
f 1707 1612 1440
f 613 953 379
f 613 1206 953
f 744 613 379
f 1440 613 744
f 1440 744 483
f 965 1440 483
f 965 1707 1440
f 1985 1707 965
f 1985 967 1707
f 584 999 1145
f 584 944 999
f 606 944 584
f 606 143 944
f 343 143 606
f 343 1631 143
f 1145 660 220
f 1145 604 660
f 1145 999 604
f 944 388 999
f 143 388 944
f 604 88 660
f 999 355 604
f 388 355 999
f 388 63 355
f 143 63 388
f 1631 63 143
f 604 203 88
f 604 560 203
f 355 560 604
f 355 26 560
f 63 26 355
f 203 352 88
f 203 138 352
f 560 138 203
f 560 1712 138
f 26 1712 560
f 138 102 352
f 1712 102 138
f 1673 1145 220
f 673 1631 343
f 389 1285 260
f 1918 1631 673
f 260 1763 1918
f 1285 1763 260
f 1918 1763 1631
f 1631 1763 63
f 1763 26 63
f 196 684 358
f 684 652 788
f 196 652 684
f 652 863 788
f 652 19 863
f 652 591 19
f 1340 591 652
f 522 111 1477
f 1549 1059 522
f 1477 111 1232
f 987 522 1470
f 987 1549 522
f 1549 987 751
f 1470 1477 497
f 1470 522 1477
f 921 1470 235
f 987 1470 921
f 235 497 358
f 235 1470 497
f 921 235 1465
f 358 1465 235
f 287 921 245
f 987 287 1263
f 987 921 287
f 751 987 1263
f 245 1465 684
f 245 921 1465
f 684 1465 358
f 684 788 245
f 1634 287 109
f 1263 287 1634
f 109 788 863
f 109 245 788
f 109 287 245
f 1643 1263 1634
f 1634 109 634
f 634 863 19
f 634 109 863
f 857 1549 751
f 1922 751 1515
f 1922 857 751
f 1515 1781 1922
f 1515 751 1263
f 799 1263 1643
f 1515 1263 799
f 1164 1294 1781
f 1164 1781 1515
f 1585 1998 1164
f 1585 1164 1515
f 374 1998 1585
f 1842 374 1624
f 1624 374 1585
f 823 1507 1115
f 1115 1842 1624
f 823 1115 1624
f 1653 483 1507
f 1653 965 483
f 958 965 1653
f 958 1653 767
f 1653 1507 823
f 1449 1653 823
f 767 1653 1449
f 1500 204 1232
f 1500 876 204
f 1118 876 1500
f 1118 490 876
f 489 490 1118
f 204 1197 1232
f 876 290 204
f 490 290 876
f 1197 358 497
f 204 221 1197
f 290 221 204
f 1197 196 358
f 1197 96 196
f 221 96 1197
f 221 1667 96
f 290 1667 221
f 490 1667 290
f 196 311 652
f 96 311 196
f 96 399 311
f 1667 399 96
f 311 1340 652
f 311 526 1340
f 399 526 311
f 497 1232 1197
f 1232 497 1477
f 1712 489 102
f 1712 490 489
f 26 1763 1712
f 1763 490 1712
f 490 1989 1667
f 1763 1989 490
f 591 471 19
f 1340 1290 591
f 471 591 47
f 1290 47 591
f 424 471 47
f 1290 820 47
f 424 47 1448
f 820 1448 47
f 1001 424 1448
f 820 362 1448
f 1001 1448 444
f 362 444 1448
f 669 1001 444
f 444 473 669
f 362 473 444
f 1643 1634 1523
f 1523 1634 634
f 634 19 471
f 1555 1643 1523
f 1643 1555 937
f 799 1643 937
f 1523 634 1150
f 1150 634 471
f 1555 1523 974
f 974 1150 299
f 974 1523 1150
f 299 471 424
f 299 1150 471
f 937 1555 936
f 936 1555 974
f 848 974 605
f 848 936 974
f 605 974 299
f 1001 299 424
f 299 1001 605
f 565 936 848
f 1652 936 565
f 1652 937 936
f 1652 799 937
f 848 605 118
f 565 848 1793
f 1793 848 118
f 605 1148 118
f 1148 1001 669
f 1001 1148 605
f 1793 118 1160
f 1148 1160 118
f 1609 1515 799
f 1503 1515 1609
f 1955 1515 1503
f 1609 799 1652
f 1345 1585 1515
f 1345 1515 1955
f 847 1585 1345
f 1773 1585 583
f 1773 1624 1585
f 583 1585 847
f 1074 1624 1773
f 803 823 1624
f 1860 823 803
f 1629 1624 1074
f 803 1624 1629
f 1449 823 556
f 556 823 1860
f 1764 1449 556
f 1584 1449 1764
f 526 1290 1340
f 399 1290 526
f 399 820 1290
f 399 1989 820
f 1989 362 820
f 1667 1989 399
f 1763 1857 1989
f 1763 1992 1857
f 1272 967 1229
f 1850 1229 1971
f 1480 1271 1971
f 1272 1596 967
f 1850 1272 1229
f 1271 1850 1971
f 717 165 1420
f 841 717 1420
f 1117 1271 1480
f 1117 1480 897
f 717 897 165
f 717 1117 897
f 1887 975 1747
f 1557 841 231
f 1557 231 1810
f 975 1557 1810
f 975 1887 1557
f 1096 1887 1747
f 1096 1747 731
f 1189 1096 731
f 1330 1036 1532
f 1970 56 1723
f 1412 1970 1711
f 1723 56 1686
f 1711 1970 1723
f 1686 1596 1272
f 1723 1686 1272
f 1723 1272 1850
f 1271 1723 1850
f 1711 1723 1271
f 1660 1412 1711
f 1711 1271 1117
f 1117 1660 1711
f 717 1660 1117
f 717 1047 1660
f 1557 1047 717
f 1557 717 841
f 595 1047 1557
f 1979 1557 1887
f 1979 595 1557
f 1242 1979 1887
f 1242 1887 1096
f 1954 1242 1096
f 1401 1954 1189
f 582 1401 1036
f 1189 1954 1096
f 1532 1401 1189
f 1532 1036 1401
f 486 582 145
f 1018 145 505
f 1018 486 145
f 1832 582 1036
f 145 582 1832
f 1054 145 1832
f 505 145 1054
f 253 1018 505
f 1832 1036 85
f 1961 1832 85
f 1054 1832 1961
f 142 1054 1961
f 253 1054 142
f 253 505 1054
f 85 1036 1330
f 663 1961 85
f 739 1961 663
f 142 1961 739
f 663 85 1330
f 1724 253 142
f 1479 142 739
f 1724 142 1479
f 1109 56 1970
f 1765 1970 1412
f 1109 1784 56
f 1765 1109 1970
f 809 1069 1412
f 1069 1765 1412
f 1685 809 1094
f 1685 1069 809
f 809 1412 1660
f 809 1660 1047
f 1047 1094 809
f 514 1697 1979
f 1697 1685 1094
f 1094 1047 595
f 1979 1094 595
f 1979 1697 1094
f 1242 514 1979
f 1592 514 852
f 1502 1592 852
f 852 1242 1954
f 852 1954 1401
f 852 514 1242
f 1502 852 1401
f 425 1502 1401
f 674 622 1464
f 425 1401 582
f 425 582 486
f 309 425 486
f 1153 425 309
f 622 1502 425
f 1464 622 425
f 1153 1464 425
f 174 1464 1153
f 174 674 1464
f 516 674 174
f 309 486 1018
f 1598 1153 309
f 950 1153 1598
f 950 174 1153
f 950 516 174
f 1598 1018 253
f 1598 309 1018
f 1166 950 1598
f 1767 950 1166
f 1598 253 1724
f 1391 1598 1724
f 1166 1598 1391
f 1645 1166 418
f 1645 1767 1166
f 418 1166 1391
f 375 1645 418
f 249 1645 375
f 249 1767 1645
f 568 1985 958
f 470 568 958
f 1789 1851 470
f 1789 126 1851
f 1703 1789 826
f 1703 126 1789
f 826 1084 1703
f 390 1084 826
f 390 826 1862
f 1862 1427 390
f 1862 1279 1427
f 1428 1279 1862
f 1428 1225 1279
f 1428 1630 1225
f 716 1630 1428
f 716 822 1630
f 986 822 716
f 1924 986 716
f 750 1924 1894
f 1016 750 1894
f 568 967 1985
f 568 1229 967
f 1357 1229 568
f 1357 1971 1229
f 1357 1480 1971
f 470 1357 568
f 1357 470 1851
f 126 1480 1357
f 126 897 1480
f 1703 897 126
f 1703 165 897
f 1084 165 1703
f 1084 1420 165
f 390 1420 1084
f 126 1357 1851
f 231 841 1420
f 390 231 1420
f 1427 231 390
f 1427 1810 231
f 1279 1810 1427
f 1279 975 1810
f 1279 1747 975
f 902 1279 1225
f 902 1747 1279
f 731 1747 902
f 1733 1189 731
f 423 1189 1733
f 423 1532 1189
f 1733 731 902
f 902 1225 1630
f 1733 902 1630
f 1733 1630 822
f 423 1733 822
f 1087 423 822
f 986 1087 822
f 1496 1532 423
f 1496 1330 1532
f 632 1496 1650
f 632 1330 1496
f 632 663 1330
f 1496 423 1087
f 1496 1087 1061
f 632 1650 1932
f 998 1496 1061
f 1650 1496 998
f 998 1061 414
f 15 1650 998
f 1932 1650 15
f 414 1087 986
f 414 1061 1087
f 998 414 16
f 15 998 16
f 750 986 1924
f 750 414 986
f 15 16 69
f 1016 414 750
f 1016 16 414
f 69 16 1016
f 69 1016 624
f 1932 1959 632
f 1246 1932 1849
f 1246 1959 1932
f 927 1932 15
f 1849 1932 927
f 1508 1246 1849
f 927 15 69
f 706 1508 1849
f 1559 927 69
f 706 927 1509
f 706 1849 927
f 1315 1508 706
f 632 739 663
f 1959 739 632
f 1479 739 1959
f 1391 1724 1147
f 1246 1479 1959
f 1147 1479 1246
f 1147 1724 1479
f 263 1391 1147
f 942 1147 1246
f 942 1246 1508
f 570 1147 942
f 12 1147 570
f 12 263 1147
f 340 942 1508
f 598 942 340
f 340 1508 1315
f 598 570 942
f 1099 263 12
f 598 340 1101
f 618 570 598
f 618 12 570
f 872 12 618
f 1099 12 872
f 418 1391 332
f 866 375 418
f 41 249 375
f 866 418 332
f 772 375 866
f 41 375 772
f 332 1391 263
f 1138 866 332
f 1138 772 866
f 1121 41 772
f 1138 263 1099
f 1138 332 263
f 782 772 1138
f 1121 772 782
f 708 1138 1099
f 1088 1138 708
f 1178 1138 1088
f 1178 782 1138
f 1043 782 1178
f 1043 1121 782
f 169 1121 1043
f 1092 1099 872
f 1092 708 1099
f 1088 708 1092
f 1789 470 958
f 958 767 1940
f 1940 1789 958
f 1373 1789 1940
f 826 1789 440
f 440 1789 1373
f 977 826 440
f 1862 826 977
f 1428 1927 1867
f 1428 1862 1927
f 1927 1862 977
f 716 1428 1880
f 733 1924 716
f 1880 1428 1867
f 1260 716 1880
f 733 716 1260
f 624 1016 1894
f 624 1894 520
f 733 1894 1924
f 520 1894 733
f 353 624 520
f 590 624 353
f 1275 520 733
f 1275 353 520
f 1275 733 815
f 64 353 1275
f 815 733 1260
f 487 815 1260
f 1928 1275 815
f 1928 64 1275
f 64 590 353
f 1677 590 64
f 208 1698 1677
f 1559 69 624
f 1509 927 1559
f 1315 706 1161
f 1559 624 590
f 124 1509 1559
f 1161 706 1509
f 621 1315 1161
f 124 1559 590
f 250 1161 1509
f 151 1509 124
f 250 1509 151
f 940 1161 250
f 1698 590 1677
f 1698 124 590
f 151 124 1698
f 1995 250 151
f 654 250 1995
f 654 940 250
f 1995 151 1698
f 123 1698 208
f 123 1995 1698
f 566 1995 123
f 566 654 1995
f 265 621 1161
f 940 265 1161
f 1086 265 940
f 1513 940 654
f 1513 1086 940
f 279 654 566
f 279 1513 654
f 621 340 1315
f 621 1101 340
f 1875 598 1101
f 1875 618 598
f 344 618 1875
f 344 872 618
f 453 1101 621
f 1875 1101 453
f 453 621 265
f 1152 453 265
f 1152 1875 453
f 344 1875 1152
f 1152 265 1086
f 512 344 1152
f 279 1086 1513
f 1092 872 344
f 1043 1178 1088
f 512 1092 344
f 512 1088 1092
f 512 1043 1088
f 1889 767 1449
f 1056 767 1889
f 1056 1940 767
f 1889 1449 1584
f 1187 1940 1056
f 1187 1373 1940
f 81 1373 1187
f 81 440 1373
f 846 440 81
f 1633 440 846
f 1633 977 440
f 1236 977 1633
f 1236 1927 977
f 1872 1927 1236
f 1872 1867 1927
f 1490 1867 1872
f 1490 1880 1867
f 1260 1880 1583
f 1583 1880 1490
f 740 1260 1583
f 1454 1260 740
f 1454 487 1260
f 1031 740 1583
f 889 815 487
f 889 1928 815
f 1209 64 1928
f 889 487 1454
f 392 1928 889
f 1209 1928 392
f 1646 889 1454
f 392 889 1646
f 1577 1454 740
f 1646 1454 1577
f 1230 1646 1577
f 392 1646 1230
f 1687 392 1230
f 318 740 1031
f 318 1577 740
f 318 1230 1577
f 1209 1677 64
f 208 1677 1539
f 1539 1209 555
f 1539 1677 1209
f 555 1209 392
f 719 1539 555
f 1124 1539 719
f 1124 95 1539
f 1687 555 392
f 861 555 1687
f 719 555 861
f 1542 1124 719
f 95 208 1539
f 1199 208 95
f 1199 123 208
f 640 123 1199
f 842 640 1199
f 1124 1199 95
f 842 1199 1124
f 631 842 1124
f 1045 631 1124
f 1542 1045 1124
f 566 123 640
f 1639 566 640
f 1639 279 566
f 985 640 842
f 985 1639 640
f 1780 842 631
f 1780 985 842
f 1780 631 1045
f 279 1152 1086
f 1839 1152 279
f 1839 512 1152
f 1839 279 541
f 541 279 1639
f 541 985 1780
f 541 1639 985
f 749 39 328
f 90 39 749
f 90 281 39
f 54 281 90
f 52 281 54
f 52 1298 281
f 170 1298 52
f 335 1298 170
f 335 831 1298
f 285 831 335
f 39 1285 328
f 39 281 1285
f 304 957 201
f 304 1826 957
f 1573 1826 304
f 1079 1573 304
f 496 1573 1079
f 1573 1013 1826
f 225 1013 1573
f 496 225 1573
f 432 749 508
f 957 432 508
f 1826 432 957
f 1013 432 1826
f 1013 1268 432
f 1837 1268 1013
f 225 1837 1013
f 749 328 508
f 432 90 749
f 432 54 90
f 1268 54 432
f 1268 52 54
f 1268 170 52
f 335 170 1268
f 1837 335 1268
f 1837 285 335
f 125 201 798
f 1180 125 1386
f 1180 1386 558
f 1079 304 201
f 125 1079 201
f 789 125 1180
f 959 1079 125
f 789 959 125
f 372 789 1180
f 959 496 1079
f 1180 558 1201
f 1958 1201 1257
f 1443 1958 1257
f 1881 1180 1201
f 1958 1881 1201
f 1881 372 1180
f 1474 1884 1958
f 1243 372 1881
f 1884 1881 1958
f 1884 1243 1881
f 1443 1257 1264
f 1066 1443 1264
f 1066 1264 1560
f 141 1066 1560
f 1474 1958 1443
f 1066 1474 1443
f 141 549 1066
f 1456 1474 1066
f 549 1456 1066
f 141 1560 492
f 1344 141 492
f 1344 492 1751
f 1478 1344 1751
f 1478 1751 1228
f 1478 1179 1344
f 1344 549 141
f 1179 549 1344
f 1343 1179 1478
f 1322 1478 1228
f 1322 1228 1405
f 400 1322 1405
f 1441 1405 1784
f 1441 400 1405
f 1343 1478 1322
f 1786 1343 1322
f 1786 1322 400
f 880 1786 400
f 880 400 1441
f 285 574 831
f 712 574 285
f 712 724 574
f 113 724 712
f 113 244 724
f 784 244 113
f 784 562 244
f 784 408 562
f 1123 225 496
f 1123 356 225
f 356 1837 225
f 356 1717 1837
f 28 1717 356
f 1123 28 356
f 488 28 1123
f 1389 488 1123
f 1717 285 1837
f 1717 200 285
f 484 200 1717
f 484 84 200
f 28 484 1717
f 184 484 28
f 488 184 28
f 1721 184 488
f 1389 1721 488
f 200 712 285
f 330 784 84
f 484 330 84
f 184 330 484
f 184 1093 330
f 1721 1093 184
f 236 346 330
f 1093 236 330
f 493 236 1093
f 493 1093 1721
f 1903 1721 1389
f 84 712 200
f 84 113 712
f 784 113 84
f 346 784 330
f 236 821 346
f 1903 493 1721
f 346 408 784
f 346 544 408
f 346 821 544
f 236 1813 821
f 1123 496 959
f 1000 959 789
f 1000 789 372
f 1307 1123 959
f 1000 1307 959
f 1307 1389 1123
f 491 1307 1000
f 1903 1389 1307
f 1243 1000 372
f 1463 1000 1243
f 1190 1463 1243
f 1190 1243 1884
f 1037 1190 1884
f 1463 491 1000
f 1078 491 1463
f 1037 1527 1190
f 1037 1642 1527
f 1456 1884 1474
f 1217 1456 549
f 162 1884 1456
f 162 1037 1884
f 1217 162 1456
f 1037 1762 1642
f 162 1762 1037
f 162 924 1762
f 1217 924 162
f 1217 436 924
f 1217 649 436
f 1814 549 1179
f 1343 1814 1179
f 1814 1891 549
f 1891 1217 549
f 1885 1814 1343
f 1885 1891 1814
f 1891 649 1217
f 1891 1407 649
f 1885 1407 1891
f 1885 1364 1407
f 1302 1343 1786
f 1302 1885 1343
f 880 1302 1786
f 1835 1302 880
f 1302 1364 1885
f 639 236 493
f 639 1813 236
f 1144 639 493
f 1903 1144 493
f 1144 1794 639
f 393 463 1813
f 639 393 1813
f 1794 393 639
f 963 1903 1307
f 963 1307 491
f 1078 963 491
f 963 1868 1903
f 1564 963 1078
f 903 1144 1903
f 1868 903 1903
f 68 1564 1078
f 765 1078 1463
f 765 1463 1190
f 1527 765 1190
f 765 941 1078
f 941 68 1078
f 1364 21 1407
f 1706 649 1407
f 21 729 1407
f 1411 1364 1302
f 1089 1411 1302
f 1156 1089 1302
f 1156 1302 1835
f 1083 1156 1835
f 1835 642 1083
f 281 99 1285
f 1298 99 281
f 1298 128 99
f 831 128 1298
f 574 128 831
f 574 1468 128
f 128 926 99
f 1468 926 128
f 99 1763 1285
f 926 1763 99
f 562 569 244
f 408 569 562
f 408 854 569
f 544 854 408
f 724 1468 574
f 244 1468 724
f 544 643 854
f 544 378 643
f 244 7 1468
f 569 7 244
f 854 7 569
f 854 643 7
f 378 1104 643
f 7 1944 1468
f 643 82 7
f 1104 82 643
f 1468 1944 926
f 7 1134 1944
f 82 1134 7
f 1104 656 82
f 82 1129 1134
f 656 1129 82
f 656 741 1129
f 378 62 1104
f 530 62 378
f 530 447 62
f 156 447 530
f 62 656 1104
f 447 656 62
f 163 447 156
f 447 239 656
f 447 1070 239
f 163 1070 447
f 163 917 1070
f 239 741 656
f 1070 1675 239
f 1070 917 1675
f 906 106 917
f 239 127 741
f 239 1675 127
f 943 127 1675
f 917 943 1675
f 917 413 943
f 106 339 413
f 106 413 917
f 463 544 821
f 1813 463 821
f 393 179 463
f 1404 393 1794
f 1404 1834 393
f 1144 1404 1794
f 903 1404 1144
f 463 378 544
f 463 530 378
f 463 179 530
f 393 1834 179
f 1404 850 1834
f 903 310 1404
f 310 404 1404
f 179 156 530
f 179 738 156
f 1834 738 179
f 1834 850 738
f 1404 404 850
f 738 163 156
f 738 1363 163
f 738 1028 1363
f 850 1028 738
f 404 1028 850
f 320 1028 404
f 320 190 1028
f 310 320 404
f 310 518 320
f 1028 794 1363
f 1028 190 794
f 1363 917 163
f 1363 906 917
f 794 906 1363
f 948 794 190
f 948 49 794
f 320 948 190
f 320 971 948
f 518 971 320
f 1735 106 906
f 794 1735 906
f 794 49 1735
f 1564 1868 963
f 903 885 310
f 1868 885 903
f 1868 1760 885
f 1564 1760 1868
f 298 1760 1564
f 177 1564 68
f 177 298 1564
f 885 518 310
f 298 666 1760
f 885 1204 518
f 941 1240 68
f 765 1240 941
f 765 534 1240
f 1527 534 765
f 1527 1967 534
f 1642 1967 1527
f 1642 1005 1967
f 1240 177 68
f 924 1365 1762
f 436 1365 924
f 649 211 436
f 649 1706 211
f 211 1365 436
f 1762 1005 1642
f 1365 1005 1762
f 1239 1005 1365
f 92 1365 211
f 92 1239 1365
f 692 211 1706
f 692 92 211
f 1407 729 1706
f 1364 1746 21
f 1411 1746 1364
f 21 1746 729
f 1859 692 1706
f 1859 1706 729
f 1295 1859 729
f 1295 729 1746
f 1888 1295 1746
f 1888 694 1295
f 1083 1755 1156
f 642 1755 1083
f 564 1746 1411
f 564 1888 1746
f 564 1411 1089
f 1982 564 1089
f 1982 1089 1156
f 1398 1982 1156
f 1755 1398 1156
f 1446 1398 1755
f 971 1062 948
f 518 1062 971
f 518 1204 1062
f 793 1735 49
f 948 793 49
f 948 110 793
f 1062 110 948
f 1760 1204 885
f 1893 1204 1760
f 1893 1760 666
f 298 1893 666
f 1240 916 177
f 534 916 1240
f 1967 525 534
f 1967 1908 525
f 1005 1908 1967
f 534 525 916
f 134 1005 1239
f 92 1367 1239
f 1005 134 1908
f 1239 1367 134
f 92 1668 1367
f 692 1668 92
f 1859 1977 692
f 1295 1977 1859
f 694 1977 1295
f 1977 1668 692
f 1450 1446 1755
f 1450 1288 1446
f 1446 1288 1398
f 1398 1288 1982
f 926 1992 1763
f 1944 1992 926
f 741 127 1129
f 1134 1992 1944
f 1129 1992 1134
f 127 1992 1129
f 1274 1992 127
f 943 1485 127
f 413 1485 943
f 339 1485 413
f 106 1194 339
f 1735 1194 106
f 1735 241 1194
f 339 474 1485
f 1194 474 339
f 241 269 1194
f 474 1900 1485
f 1194 1900 474
f 1194 836 1900
f 269 836 1194
f 1485 1900 127
f 269 886 836
f 1900 1274 127
f 836 1274 1900
f 836 210 1274
f 886 210 836
f 210 1075 1274
f 1756 1569 269
f 1569 886 269
f 1569 1071 886
f 1071 22 886
f 1071 1812 22
f 22 210 886
f 22 1075 210
f 22 844 1075
f 1812 844 22
f 1812 30 844
f 844 261 1075
f 844 303 261
f 30 303 844
f 793 241 1735
f 1062 1233 110
f 1204 1233 1062
f 1204 91 1233
f 1756 269 241
f 793 1756 241
f 793 314 1756
f 110 314 793
f 110 1303 314
f 1233 1303 110
f 91 1494 1233
f 314 1569 1756
f 314 112 1569
f 1303 112 314
f 1233 136 1303
f 1233 1494 136
f 1569 1170 1071
f 112 1170 1569
f 1303 136 112
f 1170 1812 1071
f 371 1812 1170
f 112 371 1170
f 112 307 371
f 136 307 112
f 136 14 307
f 1494 14 136
f 1578 1494 91
f 1578 14 1494
f 307 75 371
f 307 122 75
f 14 122 307
f 371 30 1812
f 75 30 371
f 14 1512 122
f 1578 1512 14
f 30 276 303
f 75 276 30
f 75 1739 276
f 122 1739 75
f 122 920 1739
f 1512 920 122
f 1893 91 1204
f 177 1893 298
f 177 916 1893
f 1893 80 91
f 1893 1861 80
f 80 117 91
f 91 117 1578
f 1861 1893 916
f 1158 1861 916
f 1158 916 525
f 1791 1158 525
f 1791 525 1908
f 1791 1908 134
f 1286 134 1367
f 1286 1791 134
f 1286 1367 1668
f 1752 1286 1668
f 1888 1119 694
f 1752 1668 1977
f 1775 1977 694
f 1119 1775 694
f 1977 1775 1752
f 564 1119 1888
f 1982 722 564
f 1288 722 1982
f 722 1119 564
f 1662 722 1288
f 608 1662 1288
f 1274 1060 1992
f 1060 1996 1992
f 1996 1172 1992
f 1075 1060 1274
f 261 1060 1075
f 261 119 1060
f 119 1996 1060
f 303 98 261
f 578 98 303
f 98 119 261
f 98 315 119
f 98 1327 315
f 578 1327 98
f 119 315 1996
f 1327 97 315
f 1327 46 97
f 315 756 1996
f 97 756 315
f 97 278 756
f 46 278 97
f 46 369 278
f 756 1172 1996
f 756 325 1172
f 278 325 756
f 278 1165 325
f 278 1186 1165
f 369 1186 278
f 276 578 303
f 276 563 578
f 1739 563 276
f 1739 1603 563
f 920 1603 1739
f 920 615 1603
f 1512 615 920
f 1512 559 615
f 1578 559 1512
f 1578 1466 559
f 563 1327 578
f 1603 48 563
f 1603 615 48
f 563 46 1327
f 563 1964 46
f 48 1964 563
f 615 1807 48
f 559 1807 615
f 559 1378 1807
f 1466 1378 559
f 48 1581 1964
f 1807 1581 48
f 1466 617 1378
f 1964 369 46
f 1964 1581 369
f 1807 517 1581
f 1378 517 1807
f 1581 37 369
f 517 37 1581
f 1378 1337 517
f 617 1337 1378
f 37 1186 369
f 617 1082 1337
f 117 1466 1578
f 117 1696 1466
f 80 1696 117
f 80 133 1696
f 1861 133 80
f 1861 1957 133
f 1696 617 1466
f 1696 829 617
f 133 829 1696
f 133 1113 829
f 1957 1113 133
f 1158 1957 1861
f 1791 904 1158
f 904 1957 1158
f 1266 904 1791
f 1957 1379 1113
f 904 1379 1957
f 1266 1379 904
f 1266 1844 1379
f 1286 1266 1791
f 1462 1266 1286
f 1278 1462 1286
f 1278 1286 1752
f 1462 1844 1266
f 1462 1081 1844
f 1278 1081 1462
f 1278 1858 1081
f 1718 1752 1775
f 527 1775 1119
f 1718 1278 1752
f 1775 527 1718
f 1718 1858 1278
f 1718 24 1858
f 527 24 1718
f 527 1467 24
f 722 527 1119
f 1759 722 1662
f 51 1662 608
f 722 1759 527
f 51 1759 1662
f 1759 1467 527
f 1759 1525 1467
f 51 1525 1759
f 51 469 1525
f 1254 1784 1109
f 1254 1441 1784
f 1435 1109 1765
f 1435 1254 1109
f 1505 880 1441
f 1505 1441 1254
f 1038 1505 1254
f 1038 1254 1435
f 773 1038 1435
f 1069 1435 1765
f 1685 1399 1069
f 1873 1435 1069
f 1399 1873 1069
f 429 1399 1685
f 1682 1399 429
f 1424 773 1435
f 1424 1435 1873
f 360 1424 1873
f 360 1873 1399
f 1320 360 1399
f 1682 1320 1399
f 1334 1685 1697
f 1334 429 1685
f 1334 1697 514
f 657 1334 514
f 662 429 1334
f 657 662 1334
f 662 1682 429
f 625 662 657
f 657 514 1592
f 1672 657 1592
f 1672 1592 1502
f 1531 1502 622
f 1531 1672 1502
f 71 1531 622
f 796 657 1672
f 1531 796 1672
f 796 625 657
f 1531 1473 796
f 1312 796 1473
f 1312 1023 796
f 71 622 674
f 1247 1531 71
f 1247 1473 1531
f 697 674 516
f 697 71 674
f 1247 71 697
f 420 1247 697
f 420 500 1247
f 500 1473 1247
f 1183 500 420
f 697 516 950
f 1663 950 1767
f 1663 697 950
f 1663 420 697
f 17 420 1663
f 17 1183 420
f 1753 1183 17
f 1663 1915 17
f 17 1935 1753
f 1935 17 1915
f 856 1767 249
f 856 1663 1767
f 989 1663 856
f 1915 1663 989
f 778 1935 1915
f 1505 1835 880
f 1265 1505 1038
f 1265 1835 1505
f 1265 1038 773
f 1265 773 1424
f 1546 1265 1424
f 1546 1424 360
f 1546 360 1320
f 78 1546 1320
f 1892 1682 662
f 206 1892 662
f 1863 206 662
f 1863 662 625
f 1892 1320 1682
f 78 1320 1892
f 78 1892 206
f 1937 206 1863
f 206 1937 78
f 363 625 796
f 363 1863 625
f 1023 363 796
f 659 1312 1311
f 1937 1863 363
f 1975 363 1023
f 659 1023 1312
f 659 1975 1023
f 1975 1937 363
f 1311 1473 500
f 1311 1312 1473
f 934 500 1183
f 382 1311 500
f 934 382 500
f 1753 934 1183
f 934 1587 382
f 1587 934 1753
f 659 1311 382
f 93 659 382
f 93 382 1587
f 1414 93 1587
f 1414 659 93
f 1414 775 659
f 988 1414 1587
f 659 775 1975
f 988 775 1414
f 988 1704 775
f 571 1587 1753
f 571 1753 1935
f 571 988 1587
f 1310 1835 1265
f 1310 542 1835
f 542 642 1835
f 1265 914 1310
f 1265 1259 914
f 402 1265 1546
f 402 1259 1265
f 1546 1244 1433
f 78 1244 1546
f 1433 402 1546
f 1796 78 1937
f 78 1919 1244
f 1796 1919 78
f 1238 1796 1937
f 467 1238 1937
f 905 467 1937
f 905 1937 1975
f 359 1975 775
f 1704 359 775
f 359 274 1975
f 856 249 41
f 365 1915 989
f 1594 1915 365
f 778 1915 1594
f 1009 856 41
f 989 856 1009
f 58 989 1009
f 58 365 989
f 1632 365 58
f 1632 1594 365
f 437 1594 1632
f 1439 41 1121
f 1439 1009 41
f 1439 58 1009
f 1155 58 1439
f 1155 1632 58
f 169 1439 1121
f 913 1439 169
f 1155 1439 913
f 1699 1632 1155
f 1699 437 1632
f 664 1155 913
f 275 1155 664
f 1699 1155 275
f 1488 1935 778
f 1488 571 1935
f 1369 988 571
f 1488 1744 571
f 571 1744 1369
f 1725 1369 1744
f 437 778 1594
f 1488 778 437
f 1774 1488 437
f 1744 1488 1774
f 1744 1602 1725
f 242 1744 1774
f 1602 1744 242
f 209 1602 242
f 209 1725 1602
f 1840 209 242
f 1469 209 1840
f 1774 437 1699
f 581 1774 1699
f 1840 1774 581
f 1840 242 1774
f 542 1755 642
f 1572 1755 542
f 1348 542 1310
f 1348 1572 542
f 1348 1310 914
f 1085 1348 914
f 1085 914 1259
f 1572 1450 1755
f 409 1259 402
f 1433 409 402
f 1085 1259 409
f 1392 409 1433
f 1392 840 409
f 1392 1433 1244
f 1382 1392 1244
f 409 1014 1085
f 409 535 1014
f 840 535 409
f 1796 824 1919
f 896 1244 1919
f 824 896 1919
f 1238 824 1796
f 896 1382 1244
f 1270 896 824
f 1222 1270 824
f 1222 824 1238
f 1073 1222 1238
f 896 1270 1382
f 1975 216 905
f 1975 274 216
f 216 1778 905
f 274 1457 216
f 1073 1238 467
f 1778 467 905
f 1778 1073 467
f 1457 1778 216
f 1216 1704 988
f 152 1216 988
f 359 1749 274
f 1704 1216 359
f 1329 1749 359
f 1216 1329 359
f 1659 1329 1216
f 1362 1749 1329
f 1032 1216 152
f 1032 1659 1216
f 1659 1362 1329
f 1749 1457 274
f 1749 1362 1457
f 1745 1457 1362
f 1659 223 1362
f 1362 223 1745
f 1032 995 1659
f 223 1659 995
f 995 1408 223
f 223 1095 1745
f 1408 1095 223
f 152 988 1369
f 710 152 1369
f 1369 1649 710
f 1649 1369 1725
f 1032 152 710
f 1277 710 1649
f 1277 1032 710
f 1725 209 1649
f 1641 1649 209
f 1641 1277 1649
f 1032 1277 995
f 1641 209 1336
f 1336 209 1469
f 1641 9 1277
f 995 9 1586
f 9 995 1277
f 995 1586 1408
f 1572 326 1450
f 1348 326 1572
f 1348 1545 326
f 1085 1545 1348
f 326 1288 1450
f 1014 1545 1085
f 840 1381 535
f 1392 1381 840
f 1392 890 1381
f 1382 890 1392
f 1381 1014 535
f 1605 1382 1270
f 1222 779 1270
f 1382 1605 890
f 1270 779 1605
f 1073 779 1222
f 1073 1590 779
f 1638 1778 1457
f 1778 1590 1073
f 1778 1638 1590
f 709 1457 1745
f 1095 709 1745
f 709 1638 1457
f 1095 348 709
f 1408 348 1095
f 664 169 1043
f 664 913 169
f 972 1699 275
f 275 664 1043
f 275 1043 512
f 1694 972 275
f 1701 275 512
f 1701 1694 275
f 581 1699 972
f 919 1840 581
f 1709 1840 919
f 1709 1469 1840
f 593 1709 919
f 1694 581 972
f 1012 581 1694
f 1012 919 581
f 593 919 1012
f 1110 1709 593
f 1110 593 1012
f 1133 1110 1012
f 316 1110 1133
f 586 316 1133
f 1408 1586 348
f 1336 1469 1709
f 1100 1641 1336
f 1210 1641 1100
f 1641 1210 9
f 1100 1336 1709
f 1540 1100 1709
f 785 1100 1540
f 785 1210 1100
f 1106 9 1210
f 785 1106 1210
f 1106 1586 9
f 368 1540 909
f 368 785 1540
f 785 368 1106
f 331 1106 368
f 1106 1829 1586
f 331 368 909
f 331 294 1106
f 294 1829 1106
f 313 331 909
f 313 294 331
f 313 752 294
f 1829 294 752
f 1709 1110 1540
f 909 1540 1110
f 316 909 1110
f 797 316 586
f 797 909 316
f 909 797 313
f 1014 1938 1545
f 608 1288 326
f 1493 326 1545
f 1493 608 326
f 1938 1493 1545
f 1381 1938 1014
f 890 1938 1381
f 890 1614 1938
f 1610 1493 1938
f 1605 1614 890
f 779 1614 1605
f 779 1483 1614
f 1590 1483 779
f 1590 1535 1483
f 1638 1535 1590
f 1351 1048 1638
f 1048 1535 1638
f 709 1351 1638
f 709 1803 1351
f 348 1803 709
f 452 348 1586
f 348 452 1803
f 1616 1351 1803
f 452 166 1803
f 1351 1616 1048
f 166 1616 1803
f 452 1492 166
f 166 257 1616
f 166 1726 257
f 1492 1726 166
f 1616 257 1048
f 1492 1830 1726
f 257 1743 1048
f 257 1726 1743
f 1586 1492 452
f 1829 1492 1586
f 1829 1830 1492
f 1701 512 1839
f 1597 1839 1994
f 1597 1701 1839
f 1012 1694 1701
f 1133 1012 1701
f 1676 586 1133
f 1114 1676 1133
f 1776 1133 1701
f 1114 1133 1776
f 1776 1701 1597
f 446 1114 1776
f 1347 313 797
f 313 737 752
f 737 313 1347
f 752 479 1829
f 479 752 737
f 893 479 737
f 893 737 1347
f 893 1347 377
f 893 976 479
f 1120 893 377
f 976 893 1120
f 1120 377 180
f 1952 1120 180
f 1952 976 1120
f 797 586 1676
f 377 797 1676
f 377 1347 797
f 377 1676 1114
f 180 377 1114
f 180 1114 446
f 1493 1261 608
f 1493 1963 1261
f 1610 1963 1493
f 608 1261 51
f 1261 469 51
f 1261 1355 469
f 1963 1355 1261
f 1938 1284 1610
f 1614 1284 1938
f 1284 677 1610
f 1610 677 1963
f 677 1452 1963
f 1284 1661 677
f 1483 1571 1614
f 1614 594 1284
f 1571 594 1614
f 1886 1571 1483
f 1886 983 1571
f 594 1661 1284
f 594 1925 1661
f 1571 1925 594
f 1571 983 1925
f 1535 1886 1483
f 1048 1227 1535
f 1743 955 1048
f 1535 550 1886
f 1535 1227 550
f 1048 100 1227
f 955 100 1048
f 1886 550 983
f 100 1666 1227
f 506 1666 100
f 1472 1726 1830
f 1726 1125 1743
f 1726 1472 1125
f 1743 626 955
f 1125 626 1743
f 89 955 626
f 1472 626 1125
f 1472 89 626
f 955 506 100
f 89 506 955
f 1472 855 89
f 1472 445 855
f 1370 89 855
f 89 1370 506
f 333 1830 1829
f 479 333 1829
f 1830 333 1472
f 479 777 333
f 777 479 976
f 333 777 445
f 333 445 1472
f 976 623 777
f 777 623 445
f 669 1195 157
f 473 1195 669
f 473 406 1195
f 1195 536 157
f 406 536 1195
f 406 426 536
f 406 915 426
f 536 426 411
f 426 1132 411
f 915 1132 426
f 915 537 1132
f 1132 185 411
f 1132 727 185
f 1132 1198 727
f 537 1198 1132
f 596 1793 661
f 596 565 1793
f 596 1652 565
f 661 1793 1160
f 1160 1148 157
f 157 1148 669
f 1 1652 596
f 661 1160 540
f 540 1160 157
f 345 596 661
f 1 596 345
f 345 661 540
f 540 157 868
f 868 157 536
f 345 540 441
f 441 540 868
f 814 345 1708
f 814 1 345
f 226 1 814
f 1708 345 441
f 441 868 411
f 411 868 536
f 1708 441 620
f 620 441 411
f 686 226 814
f 476 1708 620
f 1708 476 814
f 620 411 185
f 370 814 476
f 370 686 814
f 237 620 185
f 620 237 476
f 994 1609 1652
f 994 1503 1609
f 860 1503 994
f 1273 1503 860
f 1273 1955 1503
f 994 1652 1
f 994 1 226
f 686 994 226
f 860 994 159
f 159 994 686
f 1933 159 686
f 1293 860 159
f 1384 860 1293
f 1273 1345 1955
f 1316 1345 1273
f 1316 847 1345
f 675 1273 860
f 1316 1273 675
f 675 1877 1316
f 1384 675 860
f 1740 1316 1877
f 1619 847 1316
f 1619 583 847
f 1574 583 1619
f 1574 1773 583
f 181 1773 1574
f 181 1074 1773
f 1740 1619 1316
f 1548 1574 1619
f 1548 181 1574
f 1548 1824 181
f 1824 704 181
f 1548 1619 1740
f 232 1074 181
f 232 1629 1074
f 232 803 1629
f 1811 803 232
f 1811 1860 803
f 1843 1860 1811
f 704 232 181
f 704 1655 232
f 1655 1811 232
f 1655 1434 1811
f 1434 1843 1811
f 1843 556 1860
f 1360 556 1843
f 1360 1764 556
f 337 1764 1360
f 337 1584 1764
f 1434 1818 1843
f 1818 1360 1843
f 1818 869 1360
f 869 337 1360
f 869 1808 337
f 1808 630 337
f 1989 473 362
f 473 915 406
f 1989 915 473
f 1989 1551 915
f 1551 537 915
f 1551 198 537
f 1989 1855 1551
f 1857 1855 1989
f 1198 1033 727
f 1033 255 727
f 1033 635 255
f 838 255 635
f 635 391 838
f 60 391 448
f 370 476 1804
f 1804 237 494
f 1804 476 237
f 499 185 727
f 494 185 499
f 494 237 185
f 499 727 255
f 1613 1804 494
f 580 1804 1613
f 580 370 1804
f 539 370 580
f 1567 494 499
f 494 1567 1613
f 1869 255 838
f 1869 499 255
f 499 1869 1567
f 1869 838 391
f 341 1613 1567
f 258 1613 341
f 258 580 1613
f 923 1567 1869
f 1385 1567 923
f 1567 1385 341
f 923 391 60
f 923 1869 391
f 928 1385 286
f 928 341 1385
f 1939 341 928
f 1939 258 341
f 1635 258 1939
f 923 286 1385
f 60 286 923
f 60 94 286
f 286 35 928
f 262 286 94
f 286 262 35
f 539 686 370
f 1933 686 539
f 1293 159 1933
f 1635 1933 539
f 1635 580 258
f 1635 539 580
f 1516 1933 1635
f 1516 1293 1933
f 1748 1293 1516
f 1748 1384 1293
f 1877 675 1384
f 1368 1384 1748
f 1368 1877 1384
f 1541 1877 1368
f 1541 1740 1877
f 576 1740 1541
f 576 1548 1740
f 1143 1548 576
f 1143 1824 1548
f 1004 1824 1143
f 1004 704 1824
f 1004 1655 704
f 1004 433 1655
f 433 1434 1655
f 1430 1434 433
f 462 1434 1430
f 462 1818 1434
f 1177 1818 462
f 1177 869 1818
f 1657 869 1177
f 1657 1808 869
f 1135 1808 1657
f 537 1033 1198
f 537 198 1033
f 198 635 1033
f 198 32 635
f 198 1534 32
f 1551 1534 198
f 1551 754 1534
f 754 1551 1855
f 32 391 635
f 32 448 391
f 1534 448 32
f 754 1855 342
f 94 448 222
f 448 94 60
f 1534 222 448
f 1534 1422 222
f 754 1422 1534
f 754 342 1422
f 1690 94 222
f 1422 1690 222
f 1855 1352 342
f 1690 1864 94
f 1422 1997 1690
f 1997 1864 1690
f 1422 1035 1997
f 342 1035 1422
f 342 1352 1035
f 94 1864 262
f 1855 1506 579
f 1857 1506 1855
f 1855 579 1352
f 1857 720 1506
f 1857 1192 720
f 361 928 35
f 361 1939 928
f 783 35 262
f 783 361 35
f 1635 1939 361
f 433 1004 1732
f 246 1135 1657
f 1997 1761 1864
f 1035 1761 1997
f 1352 628 1035
f 1664 1761 1035
f 628 1664 1035
f 1352 1497 628
f 1664 599 1761
f 1664 614 599
f 628 614 1664
f 1497 614 628
f 614 945 599
f 1497 217 614
f 1497 636 217
f 217 945 614
f 636 875 217
f 217 1898 945
f 875 1898 217
f 1544 262 1864
f 1544 783 262
f 1544 1864 1761
f 521 783 1544
f 521 361 783
f 521 1635 361
f 1544 1185 521
f 1761 599 1544
f 599 834 1544
f 834 1185 1544
f 1714 521 1185
f 10 1185 834
f 10 1714 1185
f 10 599 945
f 10 834 599
f 1802 1714 10
f 867 1714 1802
f 150 867 1802
f 945 819 10
f 819 894 10
f 819 945 1898
f 894 1802 10
f 150 1802 894
f 1898 1674 819
f 150 270 867
f 758 819 1674
f 758 894 819
f 758 150 894
f 758 633 150
f 633 270 150
f 1067 1674 1898
f 867 521 1714
f 867 1635 521
f 1981 1635 867
f 1981 1516 1635
f 1799 1516 1981
f 1799 1748 1516
f 862 1981 867
f 1981 1568 1799
f 1068 1981 862
f 70 1981 1068
f 1568 1981 70
f 270 862 867
f 1495 1748 1799
f 1495 1368 1748
f 1021 1368 1495
f 1021 1541 1368
f 1788 1021 1495
f 978 1495 1799
f 978 808 1495
f 808 1788 1495
f 1788 472 1021
f 978 1799 1568
f 932 1004 1143
f 1021 576 1541
f 932 1143 576
f 932 576 1021
f 155 1021 577
f 155 932 1021
f 1589 932 155
f 700 932 1589
f 472 577 1021
f 1732 1004 932
f 757 433 1732
f 1430 433 757
f 932 700 1732
f 700 1901 1732
f 1901 757 1732
f 757 462 1430
f 757 1024 462
f 246 182 1135
f 1177 462 1024
f 1202 1657 1177
f 246 1657 1202
f 1024 1202 1177
f 1202 1374 246
f 1374 1051 246
f 1051 182 246
f 259 1202 1024
f 579 1497 1352
f 579 636 1497
f 579 146 636
f 1506 146 579
f 636 146 875
f 1506 504 146
f 1506 720 1200
f 146 504 875
f 1506 1200 504
f 875 227 1898
f 504 227 875
f 504 1220 227
f 1200 1220 504
f 59 720 1192
f 1220 1111 227
f 1200 931 1220
f 931 970 1220
f 720 931 1200
f 720 59 931
f 227 1067 1898
f 1111 1067 227
f 1857 693 1192
f 693 908 1192
f 908 524 1192
f 1383 758 1674
f 758 73 633
f 633 761 270
f 1067 1383 1674
f 1383 73 758
f 761 633 73
f 811 862 270
f 1068 862 811
f 811 1976 1068
f 1976 70 1068
f 70 34 1568
f 761 811 270
f 1976 34 70
f 761 1976 811
f 347 808 978
f 1788 808 229
f 34 978 1568
f 34 1941 978
f 1941 347 978
f 347 229 808
f 229 1945 1788
f 1945 472 1788
f 472 1213 577
f 1213 155 577
f 1213 753 155
f 753 1589 155
f 753 874 1589
f 874 700 1589
f 1945 1213 472
f 1245 1901 700
f 415 757 1901
f 1600 1024 757
f 874 1245 700
f 1245 403 1901
f 403 415 1901
f 415 1600 757
f 1600 259 1024
f 1671 1202 259
f 1671 1374 1202
f 1011 1051 1374
f 1671 1011 1374
f 1220 970 1111
f 59 1538 931
f 931 762 970
f 931 1647 762
f 1538 1647 931
f 1538 900 1647
f 1538 297 900
f 288 1067 1111
f 1067 288 1383
f 970 762 1111
f 288 73 1383
f 288 1388 73
f 1388 532 73
f 532 761 73
f 1413 1388 288
f 762 288 1111
f 762 1413 288
f 762 679 1413
f 1413 973 1388
f 973 532 1388
f 679 387 1413
f 387 973 1413
f 1647 679 762
f 1647 900 679
f 900 713 679
f 387 1552 973
f 1552 532 973
f 1552 1550 532
f 713 387 679
f 713 243 387
f 243 1552 387
f 297 713 900
f 297 1131 713
f 1131 243 713
f 407 1552 243
f 1550 1552 407
f 1131 407 243
f 1131 115 407
f 115 1550 407
f 532 1251 761
f 1251 1976 761
f 1976 1895 34
f 1895 1980 34
f 1895 1976 1251
f 1550 1251 532
f 1941 1980 347
f 1980 229 347
f 1945 229 1980
f 34 1980 1941
f 1871 1980 1895
f 1149 1980 1871
f 1149 1945 1980
f 1149 1213 1945
f 1988 1213 1149
f 1988 753 1213
f 1072 753 1988
f 1072 874 753
f 67 874 1072
f 67 1245 874
f 67 403 1245
f 67 415 403
f 1575 415 67
f 1575 1600 415
f 1575 1825 1600
f 259 1600 1825
f 1825 1671 259
f 1825 1785 1671
f 1785 280 1671
f 280 1011 1671
f 280 1617 1011
f 1192 1538 59
f 1192 1665 1538
f 524 1665 1192
f 524 616 1665
f 908 616 524
f 908 588 616
f 693 588 908
f 693 1779 588
f 357 1779 693
f 1665 297 1538
f 1665 721 297
f 616 721 1665
f 1779 835 588
f 616 676 721
f 588 676 616
f 588 653 676
f 588 835 653
f 1779 376 835
f 129 1131 297
f 129 911 1131
f 911 115 1131
f 721 129 297
f 676 129 721
f 676 44 129
f 44 573 129
f 573 911 129
f 653 44 676
f 653 573 44
f 653 193 573
f 835 1030 653
f 1030 193 653
f 376 1030 835
f 376 592 1030
f 911 397 115
f 397 1550 115
f 397 1432 1550
f 573 980 911
f 980 397 911
f 193 980 573
f 193 36 980
f 1030 690 193
f 690 36 193
f 592 690 1030
f 36 397 980
f 36 1167 397
f 1167 1432 397
f 690 1167 36
f 690 1017 1167
f 1432 1251 1550
f 1258 1895 1251
f 1432 1533 1251
f 1533 1258 1251
f 1258 949 1895
f 1167 1533 1432
f 1017 1533 1167
f 949 1871 1895
f 949 806 1871
f 1817 1149 1871
f 1817 629 1149
f 806 1817 1871
f 818 1072 1988
f 629 1988 1149
f 629 1076 1988
f 1076 818 1988
f 1076 1969 818
f 1072 1026 67
f 1026 1575 67
f 818 1026 1072
f 1026 981 1575
f 981 1825 1575
f 1969 1026 818
f 1969 248 1026
f 248 1956 1026
f 1956 981 1026
f 981 1785 1825
f 1050 1785 981
f 1792 1785 1050
f 1792 280 1785
f 1792 1617 280
f 1956 1050 981
f 337 1889 1584
f 1371 1889 337
f 1371 1056 1889
f 1371 1187 1056
f 1852 1187 1371
f 630 1371 337
f 1795 1852 1371
f 1795 630 1962
f 1795 1371 630
f 1623 1852 1795
f 1852 81 1187
f 1730 81 1852
f 1730 846 81
f 843 846 1730
f 843 1633 846
f 1623 1730 1852
f 647 1730 1623
f 647 843 1730
f 1856 843 647
f 816 1633 843
f 816 1236 1633
f 1504 1236 816
f 1504 1872 1236
f 1419 1872 1504
f 1419 1490 1872
f 1856 816 843
f 1256 816 1856
f 1256 1504 816
f 74 1504 1256
f 74 1419 1504
f 481 1419 74
f 1787 1490 1419
f 1713 1490 1787
f 1713 1583 1490
f 1031 1583 1713
f 792 1031 1713
f 481 1787 1419
f 743 1787 481
f 743 1713 1787
f 792 1713 743
f 1821 1230 318
f 1687 1230 1821
f 689 1687 1821
f 800 318 1031
f 1821 318 800
f 800 1031 792
f 561 1821 800
f 561 689 1821
f 1768 800 792
f 1524 689 561
f 561 800 1768
f 1410 561 1768
f 1524 561 1410
f 996 719 861
f 1542 719 996
f 861 1687 689
f 991 1542 996
f 1689 861 689
f 1689 996 861
f 1390 991 996
f 1241 996 1689
f 1241 1390 996
f 466 689 1524
f 466 1689 689
f 1241 1689 466
f 2 1241 466
f 1248 1045 1542
f 1248 1542 991
f 454 1248 991
f 454 991 1390
f 1372 454 1390
f 1372 1390 1241
f 993 1372 1241
f 993 817 1372
f 431 817 993
f 993 1241 2
f 1738 1045 1248
f 1738 1780 1045
f 395 1248 454
f 395 1738 1248
f 817 454 1372
f 817 395 454
f 264 1738 395
f 264 395 817
f 431 264 817
f 366 264 431
f 541 1780 1738
f 264 541 1738
f 715 541 264
f 715 264 366
f 1771 541 715
f 1771 1994 541
f 715 366 759
f 1994 1839 541
f 1611 1994 1771
f 1962 630 1808
f 1135 1962 1808
f 1171 1962 1135
f 1846 1962 1171
f 1846 1795 1962
f 27 1795 1846
f 27 1623 1795
f 1950 27 1846
f 27 647 1623
f 1856 647 27
f 1876 481 74
f 1256 1856 27
f 1141 1256 27
f 1141 74 1256
f 1876 74 1141
f 1283 1141 27
f 1141 1897 1876
f 1304 792 743
f 1768 792 1304
f 1304 1353 1768
f 1876 743 481
f 1876 1304 743
f 1304 1211 1353
f 1683 1211 1304
f 1876 1318 1304
f 1318 1683 1304
f 1750 466 1524
f 732 1768 1353
f 732 1410 1768
f 1750 1524 1410
f 1396 1750 1410
f 685 1410 732
f 1396 1410 685
f 1211 732 1353
f 685 732 1211
f 40 685 1211
f 40 1396 685
f 293 1396 40
f 1339 1211 1683
f 40 1211 1339
f 755 40 1339
f 1046 293 40
f 2 466 1750
f 1103 1750 1396
f 293 1103 1396
f 638 993 2
f 1154 993 638
f 1154 431 993
f 23 1154 638
f 1847 2 1750
f 1847 638 2
f 434 1154 23
f 1847 1750 1103
f 381 638 1847
f 381 23 638
f 610 434 23
f 774 1847 1103
f 1226 23 381
f 610 23 1226
f 293 774 1103
f 979 1847 774
f 979 381 1847
f 1226 381 979
f 443 610 1226
f 774 293 1046
f 443 1226 760
f 480 774 1046
f 979 774 480
f 760 1226 979
f 366 431 1154
f 434 366 1154
f 759 366 434
f 422 434 610
f 422 759 434
f 443 422 610
f 194 443 760
f 1563 759 422
f 1563 715 759
f 20 715 1563
f 1771 715 20
f 1563 422 443
f 194 1563 443
f 20 1563 194
f 172 1771 20
f 213 1771 172
f 213 1736 1771
f 589 20 194
f 172 20 589
f 1736 1611 1771
f 546 1611 1736
f 1931 1611 546
f 546 1736 213
f 1418 1950 1846
f 1171 1135 182
f 1324 1846 1171
f 482 27 1950
f 1319 27 482
f 449 27 1319
f 1283 27 449
f 1878 1876 1897
f 832 1897 1141
f 1805 1876 1878
f 1318 1876 1805
f 781 1683 1318
f 1022 1683 781
f 755 1339 1683
f 1282 40 755
f 1282 1046 40
f 755 1683 1536
f 1536 1683 1022
f 182 1324 1171
f 1324 1418 1846
f 705 1950 1418
f 1051 296 182
f 296 1324 182
f 296 175 1324
f 175 1418 1324
f 175 705 1418
f 175 1162 705
f 482 1950 705
f 1205 1319 482
f 282 1319 1205
f 282 449 1319
f 282 1283 449
f 705 1205 482
f 812 1205 705
f 812 705 1162
f 308 1205 812
f 308 282 1205
f 1819 282 308
f 1695 1283 282
f 1695 1141 1283
f 832 1141 1695
f 1819 1695 282
f 1907 832 1695
f 1907 1897 832
f 1907 725 1897
f 725 1878 1897
f 725 845 1878
f 1907 1695 1819
f 845 1805 1878
f 845 1669 1805
f 1669 1318 1805
f 1669 781 1318
f 1669 1510 781
f 1510 1022 781
f 183 1046 1282
f 324 755 1536
f 1282 755 324
f 1874 183 1282
f 533 1874 1282
f 1022 324 1536
f 533 1282 324
f 324 1022 747
f 1034 533 324
f 1510 747 1022
f 1034 324 747
f 1341 533 1034
f 1281 1341 1034
f 1510 383 747
f 383 1034 747
f 1281 672 1341
f 1281 1034 383
f 1828 1281 383
f 1044 672 1281
f 1044 1618 672
f 480 1046 183
f 1511 979 480
f 760 979 1511
f 1874 480 183
f 528 760 1511
f 1628 760 528
f 1511 480 1874
f 1426 528 1511
f 1341 1874 533
f 1341 1511 1874
f 1341 1426 1511
f 1426 1341 672
f 1618 1426 672
f 589 760 1628
f 589 194 760
f 101 589 1628
f 946 101 1628
f 1052 1628 528
f 946 1628 1052
f 946 149 101
f 519 149 946
f 1052 528 1426
f 1235 519 946
f 435 519 1235
f 1519 1052 1426
f 167 1052 1519
f 167 946 1052
f 1235 946 167
f 1618 1519 1426
f 79 1519 1618
f 79 167 1519
f 947 167 79
f 947 1235 167
f 101 172 589
f 149 172 101
f 87 172 149
f 87 213 172
f 519 87 149
f 435 87 519
f 1102 435 1235
f 427 1102 1235
f 427 1041 1102
f 427 1346 1041
f 768 1346 427
f 768 305 1346
f 1953 305 768
f 1766 1235 947
f 1766 427 1235
f 572 546 213
f 572 1931 546
f 199 1931 572
f 730 213 87
f 730 572 213
f 1112 199 572
f 730 87 435
f 1346 572 730
f 305 572 1346
f 1112 572 305
f 1102 730 435
f 1041 730 1102
f 1346 730 1041
f 1953 1112 305
f 1865 1051 1011
f 1865 296 1051
f 1772 296 1865
f 1772 175 296
f 667 175 1772
f 667 1162 175
f 667 812 1162
f 1604 812 667
f 1604 308 812
f 746 308 1604
f 746 1819 308
f 1627 1819 746
f 1595 1819 1627
f 1595 1907 1819
f 1460 1907 1595
f 1460 725 1907
f 1570 725 1460
f 1570 845 725
f 1570 1669 845
f 771 1669 1570
f 771 1510 1669
f 1126 1510 771
f 1828 1510 1126
f 1828 383 1510
f 871 1281 1828
f 1044 1281 871
f 277 1828 1126
f 871 1828 277
f 1617 1249 1011
f 1249 1865 1011
f 1249 951 1865
f 951 1772 1865
f 951 877 1772
f 877 667 1772
f 951 1978 877
f 877 1838 667
f 1838 1604 667
f 1838 50 1604
f 50 746 1604
f 50 887 746
f 887 1627 746
f 887 1397 1627
f 1838 1366 50
f 1397 1595 1627
f 748 1595 1397
f 748 1460 1595
f 887 612 1397
f 1325 748 1397
f 612 1325 1397
f 1325 1314 748
f 748 1570 1460
f 1720 1570 748
f 1720 771 1570
f 864 771 1720
f 864 1126 771
f 1314 1720 748
f 1090 864 1720
f 1314 1090 1720
f 1214 1618 1044
f 1214 1044 871
f 1394 79 1214
f 317 871 277
f 1126 317 277
f 651 871 317
f 651 1214 871
f 651 1394 1214
f 317 1126 864
f 864 57 317
f 57 651 317
f 57 386 651
f 386 1394 651
f 386 1716 1394
f 1436 57 864
f 1436 386 57
f 1090 1436 864
f 1214 79 1618
f 1716 79 1394
f 1716 947 79
f 1249 1923 951
f 1923 1978 951
f 1923 1617 1792
f 1923 1249 1617
f 1923 1987 1978
f 1978 1838 877
f 1366 887 50
f 1978 1366 1838
f 1366 1960 887
f 1960 612 887
f 1987 1366 1978
f 1960 1366 1042
f 1987 1042 1366
f 1960 273 612
f 273 1325 612
f 273 1231 1325
f 1231 1314 1325
f 1741 1090 1314
f 1741 45 1090
f 45 888 1090
f 1231 1741 1314
f 1741 1395 45
f 1395 215 45
f 1395 780 215
f 1231 457 1741
f 457 1395 1741
f 386 11 1716
f 11 1453 1716
f 1436 1040 386
f 11 386 1040
f 691 11 1040
f 1911 11 691
f 1911 1029 11
f 509 1029 1911
f 1090 888 1436
f 888 1040 1436
f 888 691 1040
f 45 215 888
f 215 691 888
f 215 6 691
f 6 1911 691
f 6 509 1911
f 780 6 215
f 1212 427 1766
f 1212 768 427
f 597 768 1212
f 1453 947 1716
f 1453 1766 947
f 1029 1212 1766
f 597 1212 1029
f 1029 1766 1453
f 11 1029 1453
f 745 1029 509
f 1172 421 1992
f 421 416 1992
f 416 884 1992
f 416 205 884
f 1992 884 1526
f 205 1253 884
f 38 416 421
f 205 1107 1253
f 325 503 1172
f 1165 503 325
f 503 421 1172
f 1165 1943 503
f 1186 1943 1165
f 1186 1400 1943
f 503 38 421
f 503 687 38
f 1943 687 503
f 1943 247 687
f 1943 234 247
f 38 742 416
f 687 742 38
f 247 742 687
f 247 478 742
f 234 478 247
f 742 205 416
f 742 658 205
f 742 478 658
f 1186 238 1400
f 37 238 1186
f 517 238 37
f 517 83 238
f 1337 83 517
f 1337 627 83
f 1082 627 1337
f 238 1879 1400
f 83 1879 238
f 83 1055 1879
f 83 627 1055
f 1400 234 1943
f 1879 234 1400
f 627 475 1055
f 1082 475 627
f 1754 475 1082
f 1879 1309 234
f 1055 1309 1879
f 1055 644 1309
f 475 644 1055
f 234 650 478
f 1309 650 234
f 1309 351 650
f 644 351 1309
f 644 1451 351
f 475 1451 644
f 650 1429 478
f 650 451 1429
f 351 451 650
f 1451 451 351
f 617 1754 1082
f 617 829 1754
f 1113 1377 829
f 1754 829 1377
f 430 1377 1113
f 1754 1451 475
f 1754 1377 1451
f 1379 430 1113
f 1844 910 1379
f 1379 1769 430
f 1379 910 1769
f 430 1769 1377
f 1844 1406 910
f 1081 1406 1844
f 1858 1291 1081
f 1081 1291 1406
f 1858 1097 1291
f 24 1097 1858
f 1097 1467 966
f 1467 1097 24
f 1467 990 966
f 1467 1525 990
f 1525 1301 990
f 1525 1758 1301
f 469 1758 1525
f 1934 952 1857
f 1857 230 1287
f 952 230 1857
f 1992 1526 1857
f 1526 1934 1857
f 1107 567 1253
f 1107 289 567
f 567 1308 1253
f 289 1308 567
f 289 5 1308
f 1308 1300 1253
f 5 1300 1308
f 1253 804 884
f 1300 804 1253
f 804 321 884
f 804 1444 321
f 1300 1444 804
f 1300 1007 1444
f 884 412 1526
f 321 412 884
f 1007 554 1444
f 1007 1128 554
f 658 1107 205
f 658 139 1107
f 478 139 658
f 478 1621 139
f 139 289 1107
f 139 5 289
f 1621 5 139
f 1621 254 5
f 5 254 1300
f 254 1007 1300
f 478 295 1621
f 1429 295 478
f 451 1680 1429
f 1451 1680 451
f 1680 295 1429
f 1451 912 1680
f 295 171 1621
f 1680 171 295
f 1680 912 171
f 1621 31 254
f 171 31 1621
f 912 354 171
f 912 1003 354
f 354 31 171
f 254 373 1007
f 31 373 254
f 31 291 373
f 354 291 31
f 1003 291 354
f 373 251 1007
f 291 251 373
f 1003 176 291
f 1003 1806 176
f 1679 1806 1003
f 251 1128 1007
f 251 1053 1128
f 291 1053 251
f 176 1053 291
f 1451 1003 912
f 1377 1003 1451
f 1003 477 1679
f 1377 477 1003
f 1377 828 477
f 1769 828 1377
f 1769 1566 828
f 910 1841 1769
f 1841 1566 1769
f 1841 1393 1566
f 1566 1393 828
f 1406 1291 1528
f 1406 1841 910
f 1528 1841 1406
f 1841 1528 787
f 1841 787 1393
f 1403 787 1528
f 1097 1929 1291
f 1097 966 1929
f 1929 1528 1291
f 1528 1929 1403
f 966 1770 1929
f 1770 1403 1929
f 1758 1993 1301
f 990 1914 966
f 1301 1914 990
f 966 1914 1770
f 1993 1914 1301
f 1993 1306 1914
f 1287 693 1857
f 230 703 1287
f 230 336 703
f 230 1558 336
f 230 1782 1558
f 1287 357 693
f 1526 1010 1934
f 1934 997 952
f 1010 997 1934
f 1010 187 997
f 997 892 952
f 187 1173 997
f 952 461 230
f 892 461 952
f 997 600 892
f 1173 600 997
f 1173 419 600
f 230 428 1782
f 461 428 230
f 892 192 461
f 600 192 892
f 419 396 600
f 321 349 412
f 1444 349 321
f 1444 554 349
f 412 468 1526
f 412 186 468
f 349 186 412
f 349 688 186
f 554 688 349
f 554 116 688
f 468 1010 1526
f 186 1350 468
f 186 688 1350
f 468 1280 1010
f 468 1234 1280
f 1350 1234 468
f 688 1529 1350
f 1280 187 1010
f 1350 1529 1234
f 187 587 1173
f 1280 587 187
f 1280 1644 587
f 1234 1644 1280
f 587 419 1173
f 1644 419 587
f 498 116 554
f 498 292 116
f 1425 292 498
f 688 191 1529
f 116 191 688
f 292 191 116
f 1425 711 292
f 207 711 1425
f 1529 1644 1234
f 191 214 1529
f 191 954 214
f 292 954 191
f 711 954 292
f 711 450 954
f 1529 1207 1644
f 214 1207 1529
f 214 954 1207
f 954 450 1207
f 207 450 711
f 1255 450 207
f 1207 548 1644
f 450 168 1207
f 450 1705 168
f 1255 1705 450
f 419 548 396
f 548 419 1644
f 548 168 646
f 168 548 1207
f 1176 1705 1255
f 1176 964 1705
f 1176 602 964
f 338 602 1176
f 338 61 602
f 830 61 338
f 830 696 61
f 1705 964 1122
f 1252 696 830
f 1252 1554 696
f 1520 1554 1252
f 1520 1816 1554
f 1520 1681 1816
f 1520 883 1681
f 1520 1057 883
f 1057 736 883
f 1057 233 736
f 1710 233 1057
f 1710 1729 233
f 1710 4 1729
f 1710 442 1866
f 442 1742 1208
f 1866 4 1710
f 442 1208 1866
f 1742 670 1208
f 1742 1335 670
f 1335 384 969
f 1335 1910 670
f 969 1910 1335
f 1128 498 554
f 1053 498 1128
f 176 1425 1053
f 176 1806 1425
f 1425 498 1053
f 1806 207 1425
f 1806 1255 207
f 1679 1255 1806
f 1679 477 1176
f 477 828 830
f 1679 1176 1255
f 477 338 1176
f 830 338 477
f 828 1393 1252
f 828 1252 830
f 1393 1520 1252
f 787 1520 1393
f 787 1057 1520
f 787 1710 1057
f 1403 1710 787
f 1403 442 1710
f 1770 442 1403
f 1770 1742 442
f 1770 1914 1742
f 1914 1306 384
f 1914 1335 1742
f 384 1335 1914
f 1287 1416 357
f 703 1416 1287
f 336 86 703
f 1782 766 1558
f 1416 1779 357
f 1416 698 1779
f 178 698 1416
f 703 178 1416
f 86 178 703
f 336 1445 86
f 1558 1445 336
f 766 1445 1558
f 766 300 1445
f 86 879 178
f 1445 879 86
f 300 879 1445
f 698 376 1779
f 178 678 698
f 178 405 678
f 879 405 178
f 698 935 376
f 678 935 698
f 300 1174 879
f 300 1142 1174
f 935 592 376
f 678 1169 935
f 405 1169 678
f 405 507 1169
f 879 1174 405
f 1174 507 405
f 1142 507 1174
f 1142 552 507
f 592 1267 690
f 935 1169 592
f 1169 1267 592
f 1169 1722 1267
f 507 1722 1169
f 507 531 1722
f 552 531 507
f 552 1974 531
f 1267 1017 690
f 1722 1017 1267
f 1722 301 1017
f 1722 531 301
f 531 1654 301
f 1974 1654 531
f 1615 881 1455
f 1017 1080 1533
f 1080 1258 1533
f 1080 1455 1258
f 1455 949 1258
f 1455 55 949
f 301 1080 1017
f 301 1654 1080
f 1654 1615 1080
f 1615 1455 1080
f 1455 881 55
f 1827 197 1415
f 55 806 949
f 55 641 806
f 641 1817 806
f 641 1853 1817
f 1853 629 1817
f 641 1415 1853
f 881 641 55
f 1827 641 881
f 1415 641 1827
f 197 1853 1415
f 1853 1076 629
f 1853 1942 1076
f 1942 1969 1076
f 1942 1349 1969
f 197 1942 1853
f 1973 1942 197
f 1909 1942 1973
f 1909 1349 1942
f 1930 77 529
f 77 1431 394
f 1349 248 1969
f 1349 529 248
f 529 1956 248
f 529 394 1956
f 1930 1349 1909
f 1930 529 1349
f 77 394 529
f 1431 1990 394
f 1431 1489 1990
f 1431 1601 1489
f 1601 1184 1489
f 1601 1801 1184
f 394 1050 1956
f 394 1990 1050
f 1990 1489 1050
f 1489 1792 1050
f 1489 1482 1792
f 1489 1184 1482
f 1782 1387 766
f 428 1387 1782
f 461 33 428
f 192 33 461
f 600 396 192
f 1387 300 766
f 428 776 1387
f 33 776 428
f 33 1221 776
f 192 1221 33
f 192 718 1221
f 776 300 1387
f 776 228 300
f 776 1221 228
f 396 718 192
f 718 1917 1182
f 396 1917 718
f 1221 173 228
f 1221 438 173
f 718 1182 1221
f 1182 438 1221
f 1917 438 1182
f 1917 8 438
f 8 938 438
f 8 1116 938
f 228 1142 300
f 228 173 1142
f 438 1305 173
f 438 938 1305
f 1116 827 938
f 173 1305 1142
f 1305 552 1142
f 938 763 1305
f 938 827 763
f 1305 1974 552
f 763 1974 1305
f 1499 1475 1783
f 1974 1615 1654
f 763 1615 1974
f 763 1783 1615
f 1783 763 827
f 1783 881 1615
f 1783 1475 881
f 1276 1224 1475
f 1224 1556 1827
f 1556 43 1827
f 43 197 1827
f 1224 881 1475
f 1827 881 1224
f 43 619 197
f 619 1973 197
f 619 1815 1973
f 1815 1909 1973
f 1815 1333 1909
f 1333 1930 1909
f 1333 132 1930
f 132 77 1930
f 132 1498 77
f 1498 1431 77
f 1522 1431 1498
f 1522 1481 1431
f 1481 1601 1431
f 1481 1678 1601
f 1678 1801 1601
f 859 1917 396
f 548 859 396
f 548 646 859
f 646 1188 859
f 646 1705 1188
f 1705 1122 1188
f 1705 646 168
f 859 8 1917
f 859 1188 8
f 1188 1122 1116
f 1188 1116 8
f 964 602 1499
f 602 61 1499
f 61 696 1276
f 1122 964 1116
f 1276 1499 61
f 1116 1783 827
f 1116 1499 1783
f 1499 1116 964
f 1499 1276 1475
f 696 925 1276
f 696 1554 925
f 1554 1816 925
f 1681 883 956
f 1816 1681 925
f 1276 1556 1224
f 1276 925 1556
f 1681 1556 925
f 1681 43 1556
f 956 43 1681
f 956 619 43
f 883 736 956
f 1729 4 1543
f 736 233 956
f 233 1729 1543
f 956 1815 619
f 233 1815 956
f 1543 1815 233
f 1543 1333 1815
f 1321 1208 1951
f 4 1321 1543
f 1866 1321 4
f 1208 1321 1866
f 670 1951 1208
f 1321 1951 1498
f 1951 1522 1498
f 1543 132 1333
f 1321 132 1543
f 1321 1498 132
f 1910 1108 1904
f 670 1904 1951
f 1910 1904 670
f 969 1108 1910
f 1904 1481 1522
f 1108 1678 1481
f 1951 1904 1522
f 1904 1108 1481
f 1611 1597 1994
f 1715 1597 1611
f 1702 1597 1715
f 1776 1597 1702
f 1728 1776 1702
f 1728 1105 1776
f 1952 180 1402
f 485 1952 1402
f 485 1402 810
f 334 485 810
f 485 334 1966
f 334 810 13
f 603 334 13
f 334 1130 1966
f 334 603 1130
f 603 13 790
f 1359 603 790
f 603 385 1130
f 385 603 1359
f 1402 180 446
f 810 446 1776
f 810 1402 446
f 1105 810 1776
f 13 810 1105
f 790 13 1105
f 266 1105 1728
f 790 1105 266
f 1963 1452 1355
f 1355 1758 469
f 1758 1355 1565
f 1355 1380 1565
f 1355 1452 1380
f 677 1661 1452
f 1661 1015 1452
f 1452 1015 1380
f 1661 1921 1015
f 1921 1599 1015
f 983 1968 1925
f 1925 1921 1661
f 1968 53 1925
f 1925 53 1921
f 53 1968 1607
f 983 1607 1968
f 550 1607 983
f 1227 1607 550
f 1227 1666 1607
f 506 1640 1666
f 1666 1146 1607
f 1640 1146 1666
f 1640 1361 1146
f 1607 1588 53
f 1607 1358 1588
f 1146 1358 1607
f 1361 1358 1146
f 1361 268 1358
f 268 637 1358
f 855 445 148
f 1370 1640 506
f 1514 855 148
f 855 1237 1370
f 1370 1237 1640
f 1514 1833 855
f 855 1656 1237
f 855 1833 1656
f 1237 1361 1640
f 1361 1237 1656
f 1656 268 1361
f 1656 1299 268
f 1833 1299 1656
f 1833 189 769
f 1833 769 1299
f 769 1025 1299
f 1299 637 268
f 1299 1025 637
f 623 976 1952
f 623 148 445
f 1620 1952 485
f 1620 623 1952
f 1936 623 1620
f 623 1936 148
f 1620 485 1966
f 1936 1514 148
f 1620 1966 1130
f 1620 1684 1936
f 1936 1684 1514
f 1620 1130 1684
f 1514 189 1833
f 189 1514 1684
f 1130 1486 1684
f 1130 385 1486
f 1625 1715 1579
f 1625 1702 1715
f 1670 1611 1931
f 1670 1715 1611
f 1579 1715 1670
f 825 1625 1579
f 199 1670 1931
f 825 1579 1946
f 1946 1579 1670
f 1292 1728 1702
f 1292 1702 1625
f 1484 1292 1625
f 726 1292 1484
f 1484 1625 108
f 108 1625 825
f 1948 726 1484
f 933 1484 108
f 1484 933 1948
f 1359 790 714
f 557 1359 714
f 1168 1359 557
f 1168 385 1359
f 1486 385 1168
f 557 714 323
f 683 1486 1168
f 1168 557 865
f 1606 858 726
f 1606 323 858
f 865 323 1606
f 865 557 323
f 1168 1576 683
f 1168 865 1576
f 683 1576 1356
f 1576 865 702
f 538 726 1948
f 538 1606 726
f 42 1606 538
f 42 865 1606
f 702 865 42
f 1576 702 1137
f 1356 1576 1137
f 702 42 1999
f 1137 702 1999
f 701 1356 1137
f 714 790 266
f 858 1728 1292
f 858 266 1728
f 323 266 858
f 323 714 266
f 726 858 1292
f 1565 1993 1758
f 1380 1896 1565
f 1181 1896 1380
f 1565 1306 1993
f 1565 1896 1306
f 1015 1181 1380
f 1015 1599 1181
f 1921 1986 1599
f 1181 901 1896
f 1599 901 1181
f 1986 901 1599
f 53 65 1921
f 53 1588 65
f 65 1986 1921
f 1588 1409 65
f 1986 1409 901
f 65 1409 1986
f 1358 637 723
f 1358 723 1588
f 723 1328 1588
f 1588 1328 1409
f 723 1637 1328
f 189 699 769
f 769 699 1332
f 1025 1027 637
f 769 1027 1025
f 1027 769 1332
f 637 224 723
f 1027 224 637
f 699 306 1332
f 1332 224 1027
f 1332 1438 153
f 306 1438 1332
f 1332 153 224
f 224 1637 723
f 224 1127 1637
f 224 153 1127
f 1127 153 601
f 153 1438 601
f 1637 1127 899
f 1684 1058 189
f 1058 1684 1486
f 189 1058 699
f 1486 306 1058
f 306 699 1058
f 1486 1356 306
f 1356 1486 683
f 1438 306 1356
f 1356 813 1438
f 1356 701 813
f 1836 456 18
f 1836 1326 456
f 218 1326 1836
f 218 839 1326
f 1691 218 1836
f 1139 1953 768
f 791 1953 1139
f 791 18 1953
f 791 1836 18
f 1691 1836 791
f 547 1670 199
f 1946 1670 547
f 547 199 1112
f 1326 1946 547
f 839 1946 1326
f 456 547 1112
f 1326 547 456
f 18 1112 1953
f 456 1112 18
f 1948 933 1809
f 410 1476 131
f 681 933 1476
f 681 1809 933
f 1215 1476 410
f 681 1476 1215
f 611 681 1191
f 1140 131 839
f 680 131 1140
f 680 410 131
f 1731 410 680
f 1215 410 1731
f 1191 681 1215
f 1140 839 218
f 680 1140 256
f 851 680 256
f 851 1731 680
f 1219 1731 851
f 1191 1731 1219
f 1215 1731 1191
f 1991 218 1691
f 1991 256 218
f 256 1140 218
f 851 256 1991
f 1219 851 1991
f 1191 1219 1296
f 1991 1691 465
f 121 1296 1800
f 1296 1219 1800
f 933 108 1476
f 131 825 1946
f 131 108 825
f 1476 108 131
f 131 1946 839
f 384 1049 969
f 1972 1049 384
f 1972 460 1049
f 1553 460 1972
f 801 460 1553
f 801 1136 460
f 801 728 1136
f 728 960 1136
f 607 960 728
f 607 1983 960
f 1193 1983 607
f 1193 1883 1983
f 1518 1883 1193
f 1518 682 1883
f 1262 682 1518
f 1262 1651 682
f 1823 1651 1262
f 1823 502 1651
f 645 502 1823
f 272 1582 1175
f 1582 272 464
f 105 1175 802
f 1175 1947 802
f 1175 1582 1947
f 105 502 645
f 105 802 502
f 1947 464 878
f 464 1947 1582
f 502 802 1790
f 802 1947 1790
f 813 66 135
f 66 813 1777
f 135 837 1203
f 837 135 66
f 272 1313 464
f 837 1313 1203
f 668 873 770
f 668 1777 873
f 668 66 1777
f 837 668 1313
f 66 668 837
f 770 873 302
f 515 668 770
f 1313 515 1912
f 668 515 1313
f 1313 1912 464
f 515 770 1423
f 770 302 1423
f 1912 515 878
f 464 1912 878
f 1423 302 1317
f 878 515 140
f 515 1423 140
f 398 538 1948
f 398 42 538
f 1999 42 398
f 147 1137 1999
f 1137 147 701
f 398 1948 1809
f 1354 398 611
f 1354 1999 398
f 147 1999 1354
f 813 701 1777
f 701 147 1777
f 611 1809 681
f 611 398 1809
f 147 1354 1777
f 1777 1354 873
f 1296 611 1191
f 873 611 1296
f 873 1354 611
f 873 1296 121
f 302 121 1317
f 302 873 121
f 1306 1553 1972
f 1896 1553 1306
f 1306 1972 384
f 1896 801 1553
f 1896 607 728
f 1896 901 607
f 1896 728 801
f 901 1193 607
f 901 1409 1518
f 1409 1262 1518
f 1409 1823 1262
f 1409 645 1823
f 901 1518 1193
f 1328 645 1409
f 1637 272 1328
f 1637 899 272
f 1328 105 645
f 1328 1175 105
f 272 1175 1328
f 1438 135 601
f 813 135 1438
f 899 601 1203
f 1127 601 899
f 601 135 1203
f 899 1313 272
f 899 1203 1313
f 1801 1491 1184
f 1801 870 1491
f 870 1530 1491
f 870 1622 1530
f 1482 1923 1792
f 1482 1491 1923
f 1491 1987 1923
f 1491 1530 1987
f 1184 1491 1482
f 1622 1269 1530
f 1622 918 1269
f 918 1905 1269
f 918 1902 1905
f 1902 1692 1905
f 1530 1269 1987
f 1269 1042 1987
f 1269 1905 1042
f 1905 1960 1042
f 1905 1692 1960
f 1882 1091 1289
f 1902 1882 1692
f 1902 930 1882
f 930 1091 1882
f 1692 273 1960
f 1692 1882 273
f 1882 1231 273
f 1882 1289 1231
f 1289 457 1231
f 457 795 1395
f 795 780 1395
f 795 350 780
f 1289 1091 457
f 1091 795 457
f 1537 795 1091
f 350 795 1537
f 312 898 1820
f 805 745 509
f 805 1820 745
f 1437 1820 805
f 312 1820 1437
f 104 312 1437
f 1331 509 6
f 1331 805 509
f 350 1065 1331
f 1065 1437 1331
f 1437 805 1331
f 1537 1065 350
f 1537 104 1065
f 104 1437 1065
f 1331 6 780
f 350 1331 780
f 1139 768 597
f 465 791 553
f 465 1691 791
f 833 553 1139
f 553 791 1139
f 401 465 553
f 1006 465 401
f 745 597 1029
f 745 1139 597
f 833 1139 745
f 401 833 1820
f 401 553 833
f 898 1006 401
f 1820 833 745
f 898 401 1820
f 1678 1580 1801
f 1580 870 1801
f 1580 1693 870
f 1693 1622 870
f 1693 1593 1622
f 1593 918 1622
f 1593 1902 918
f 1593 648 1902
f 648 1376 1902
f 1376 930 1902
f 695 930 1376
f 1636 930 695
f 1636 1151 930
f 930 1151 1091
f 1734 1848 1223
f 1848 513 1223
f 1913 1151 1636
f 1734 1151 1913
f 1734 1223 1151
f 1151 1223 1537
f 1151 1537 1091
f 121 551 1317
f 1375 551 1098
f 551 1800 1098
f 513 1064 1375
f 1064 551 1375
f 807 1019 898
f 807 1098 1019
f 144 1375 807
f 1375 1098 807
f 513 1375 144
f 283 898 312
f 283 807 898
f 1700 807 283
f 1223 144 1700
f 144 807 1700
f 513 144 1223
f 1063 312 104
f 1223 104 1537
f 1223 1063 104
f 1063 283 312
f 1223 1700 1063
f 1700 283 1063
f 1991 465 1006
f 1019 1991 1006
f 1991 1019 1219
f 1800 1219 1019
f 121 1800 551
f 1098 1800 1019
f 1019 1006 898
f 1049 984 1108
f 1049 1108 969
f 460 984 1049
f 460 1561 984
f 1136 1561 460
f 1108 984 1678
f 984 1580 1678
f 984 1561 1580
f 1561 1693 1580
f 960 1983 1593
f 1983 648 1593
f 1983 1883 648
f 1136 960 1561
f 960 1693 1561
f 960 1593 1693
f 1883 682 648
f 682 1376 648
f 682 1651 1376
f 1651 695 1376
f 1651 502 695
f 502 1636 695
f 502 1913 1636
f 502 1790 1913
f 1947 1734 1790
f 878 1734 1947
f 878 1848 1734
f 1734 1913 1790
f 1064 1317 551
f 1423 1064 140
f 1064 1423 1317
f 878 140 1848
f 1848 140 513
f 140 1064 513

