# https://github.com/mikedh/trimesh
v -0.21221814 0.62053198 0.09322018
v -0.07937206 -0.08229975 0.55472356
v -0.23597665 0.31143194 0.51784289
v 0.11572317 0.74956435 -0.26396796
v -0.05211440 0.71645057 0.50104517
v -0.13562724 0.30442601 -0.15753807
v -0.16922705 -0.42836958 -0.13266036
v 0.10036778 -0.49249628 0.19378422
v -0.21329355 0.13474470 0.01621255
v 0.30421096 0.65509200 -0.46250603
v 0.25617427 0.60630894 -0.11730129
v 0.18660122 -0.65888143 -0.05261214
v -0.30281070 0.47125083 0.47289228
v 0.18411429 -0.29804650 0.01084317
v -0.31448686 0.52882111 0.36976847
v 0.22788954 -0.63445824 -0.51133639
v -0.20640653 -0.74746466 0.19869769
v 0.23784897 -0.07037907 -0.10554601
v 0.06413170 -0.73764914 -0.31297207
v -0.25881889 -0.39734364 0.10567643
v 0.11911187 -0.33822682 0.16378531
v -0.08042856 0.39000362 -0.27335146
v -0.33289200 0.11150911 0.40553221
v -0.11804719 -0.47339270 -0.26120129
v -0.01290772 0.25438604 0.46985835
v -0.02069874 -0.38247922 -0.46201664
v 0.30419800 -0.33662063 -0.47323713
v 0.14205222 0.02133670 0.13619716
v -0.10512973 0.73776376 -0.01494003
v 0.10770538 0.26940143 -0.55154955
v -0.17646036 -0.74741411 0.26181656
v 0.04495537 -0.44342873 0.32341433
v -0.08243243 -0.23283485 -0.32648340
v 0.05736779 0.34830603 0.33612338
v 0.24844460 -0.37047869 -0.15882139
v -0.31860048 -0.19218244 0.30610996
v 0.28664836 -0.62392759 -0.47737676
v -0.31006029 -0.70796865 0.46691123
v 0.27627942 0.71193302 -0.21571751
v -0.31691378 0.47022697 0.37276804
v 0.23883392 0.73992211 -0.43584964
v -0.05590509 0.20784988 0.53856230
v 0.12629572 0.74657828 -0.08624056
v -0.01237580 0.18656285 0.46600208
v -0.24570563 -0.00184240 0.51287180
v 0.33472252 0.31279635 -0.36190397
v -0.21591347 -0.33091900 0.52166152
v -0.00952537 -0.25396830 0.44172657
v -0.27224892 -0.24330062 0.15067406
v -0.21547021 0.25947171 0.03826985
v 0.24281780 0.10779308 -0.10457438
v 0.13350052 0.37309670 0.17346105
v -0.26926747 0.09727766 0.16783972
v 0.29661453 -0.55800885 -0.33216384
v 0.03357461 0.02041905 -0.52072257
v -0.19321336 0.62014908 0.53803247
v 0.21700296 0.74178630 -0.45073560
v 0.30611995 -0.26326039 -0.32361546
v 0.00754822 0.34413031 -0.45431763
v 0.28899714 -0.14727432 -0.25706312
v -0.13448231 0.67624897 -0.07655828
v 0.27761158 0.32040769 -0.18280840
v 0.05018044 0.73578358 0.17460205
v -0.12871358 -0.18427558 -0.21861014
v 0.14584348 0.72185773 0.05804068
v -0.13953266 -0.02419867 -0.18002342
v -0.19230014 -0.17330503 -0.06083622
v 0.04869269 -0.29249361 0.32429039
v -0.20041607 -0.64139366 0.52123451
v 0.11837524 -0.73897833 0.03389210
v -0.31123960 0.07165067 0.30404639
v -0.24859627 0.71968234 0.28020379
v -0.24337196 0.16156171 0.51466060
v 0.12063230 0.56776214 -0.53966779
v -0.10437232 0.62411684 -0.17818104
v -0.19324003 0.52571797 0.53841412
v 0.21657653 -0.72303444 -0.41861668
v -0.17615591 0.73804832 0.44088501
v -0.27632701 0.30044177 0.21455610
v 0.15900688 0.16813695 0.10514935
v 0.24244426 0.74615067 -0.30128285
v -0.26419780 -0.12721482 0.13568817
v 0.31198400 -0.14212911 -0.47114098
v -0.09119718 0.03167633 -0.28679782
v -0.27322829 0.19430134 0.19177027
v 0.13273194 -0.57240731 0.10498790
v -0.01526303 0.45624438 0.48252493
v -0.04097981 -0.74946880 -0.05866742
v -0.22579142 -0.57496458 0.01975245
v 0.02047681 -0.30977976 -0.52332169
v -0.16609208 0.49326307 -0.05896086
v 0.34298322 0.38484728 -0.41560465
v 0.11562143 0.23814900 -0.54888707
v 0.27023071 0.43583509 -0.48593315
v -0.02832388 -0.72518522 -0.39667216
v 0.12874410 0.52752584 0.18541685
v -0.20576197 0.73914009 0.25153410
v -0.33923468 -0.01272361 0.41942629
v 0.10063609 -0.32165644 -0.56004536
v -0.15586929 0.61852008 -0.05297481
v -0.03558967 0.47349322 -0.35807914
v -0.27845293 0.71784788 0.35150722
v 0.32759264 0.44135374 -0.45607397
v -0.08174633 -0.54609644 0.54039365
v 0.16687499 0.74125719 -0.08931214
v -0.12076741 0.74833649 0.12149816
v -0.04442230 -0.70878798 0.47795305
v -0.00988962 0.72188854 0.39118147
v 0.05018833 0.25477162 -0.52826208
v 0.33330995 -0.05237994 -0.44707599
v 0.11705276 0.69137585 0.18280686
v 0.08148158 0.74958396 -0.18738128
v 0.02478167 0.70548791 0.38159129
v 0.04984902 0.08231518 -0.53891593
v -0.31625503 0.50091207 0.45733562
v 0.07297757 0.11224952 -0.55536586
v -0.05915621 -0.74594152 0.40418676
v 0.06322725 0.47898540 -0.52962166
v -0.10291368 -0.41121966 0.55403322
v -0.11752487 0.37399542 0.56375855
v -0.05748505 -0.03821794 0.52993178
v -0.23549581 -0.73431289 0.49535257
v -0.09708055 -0.73398149 0.52905047
v 0.17248400 -0.71142697 -0.52782601
v -0.31425670 0.56134355 0.45129019
v -0.32001114 -0.71674895 0.45526633
v -0.14824253 0.14033316 -0.14596643
v 0.15592016 -0.66295642 0.02101157
v -0.32589710 -0.72290671 0.35318613
v -0.21726018 -0.72615856 0.50795972
v 0.26699981 0.72336572 -0.22950447
v -0.32555452 0.33585334 0.43687418
v 0.31892848 -0.36655772 -0.46061429
v -0.02234283 -0.44917160 -0.46421027
v -0.29814163 -0.70492673 0.25218126
v -0.32522467 -0.72403115 0.44148117
v -0.11957497 0.20633912 0.56120747
v 0.15708800 -0.72282898 -0.51614797
v 0.28698945 -0.68072939 -0.47574562
v 0.02894073 0.71326363 -0.44054967
v -0.34343359 -0.29839301 0.41830301
v -0.14213710 -0.72288555 0.53113002
v 0.27016446 -0.70831364 -0.29079014
v 0.24873833 -0.70638704 -0.23202436
v 0.08141939 0.24687332 -0.55401725
v -0.17846283 -0.73378140 0.00076623
v 0.34049383 0.49807951 -0.43332094
v 0.06628634 0.32921603 -0.54146242
v 0.33044881 -0.23190589 -0.44411874
v 0.06732365 -0.14964506 -0.55835032
v -0.34058464 -0.68925798 0.42091200
v 0.32758427 0.35158727 -0.45716763
v 0.33435845 0.62095869 -0.44671777
v -0.06732360 0.48622599 0.56144202
v -0.33363312 -0.34409934 0.44953209
v 0.03669611 0.13354687 -0.51744372
v -0.29173601 0.71350700 0.45630401
v 0.11582182 -0.73374069 0.06758112
v -0.08712449 0.71499032 -0.15744248
v 0.06063875 0.66598582 -0.51005012
v -0.30439425 -0.73253173 0.37232861
v 0.33085924 -0.09727947 -0.45197231
v 0.07574683 -0.67319238 -0.56571990
v -0.08228443 0.17951719 0.56124312
v -0.04924050 -0.67188835 -0.41434851
v 0.01457446 0.67542315 0.41926423
v 0.30334014 0.70223504 -0.25820273
v -0.33262700 -0.72315198 0.38150001
v -0.18717138 -0.73852539 0.50912565
v 0.32146338 0.03180756 -0.34710127
v -0.08627436 0.50826907 0.56726277
v -0.32165700 -0.72974902 0.38150001
v -0.05943121 0.69183743 -0.25532988
v -0.27798024 -0.71969616 0.21653855
v 0.23070647 -0.71948993 -0.47068244
v 0.31500486 -0.45634362 -0.46228850
v -0.05270410 0.46379912 0.54486519
v 0.29893363 -0.71250427 -0.39644802
v -0.10551322 0.69787014 -0.13620494
v -0.11748827 0.16452056 0.56127787
v -0.07063258 0.03739423 0.55148858
v -0.13640882 -0.65373844 0.53850293
v 0.06211849 0.71503615 -0.50007761
v -0.05919609 0.62171543 0.55410242
v -0.31477123 0.54521722 0.45684350
v 0.15986320 0.74551028 -0.12057682
v 0.32946038 -0.20286298 -0.44974121
v 0.21728800 -0.72264200 -0.17339700
v 0.07994314 -0.62940747 -0.56958830
v -0.33686811 0.09110134 0.43841931
v -0.20695356 0.67434806 0.10241032
v -0.08778173 0.24683258 0.56487912
v 0.32981762 0.63741767 -0.44988847
v -0.06388976 0.47125542 0.55944401
v 0.21888630 -0.70592910 -0.15727398
v 0.33595338 0.14211333 -0.44805756
v 0.17106846 0.62165415 0.07976377
v 0.07668249 -0.72804326 0.17337422
v 0.10476619 0.69437659 0.20988287
v -0.07038665 -0.34029731 0.53529632
v 0.02999532 -0.72054762 0.30042514
v 0.02955968 0.67530704 0.38702917
v -0.01361031 0.31431556 0.47363231
v -0.27156162 0.71520603 0.32269093
v 0.28685501 0.69805104 -0.21610558
v 0.10333531 0.47852156 -0.54657847
v 0.02144415 -0.74651527 0.26194707
v 0.22352512 -0.72278881 -0.18484804
v 0.08602946 -0.17762886 -0.56260431
v 0.27673206 -0.71006608 -0.47498891
v -0.33775333 -0.71925163 0.42667884
v 0.24711658 -0.71819246 -0.47126672
v 0.15580478 -0.70905554 -0.53541404
v 0.34046805 0.22272879 -0.43817687
v 0.10708731 0.42643481 -0.54959196
v -0.32959479 -0.55550820 0.45037463
v 0.10535551 -0.73272181 0.09735839
v -0.00010127 -0.74094445 0.33691302
v 0.31864610 0.25048909 -0.46347880
v 0.28249997 -0.68787509 -0.30945167
v -0.34101358 -0.21289140 0.40158781
v -0.33057487 -0.04390995 0.45879242
v 0.17089456 0.69395190 0.05590586
v 0.17392454 -0.73434788 -0.10172457
v -0.13196732 -0.55276877 0.54462147
v 0.07382338 -0.47867322 -0.56744123
v 0.31288055 0.20893824 -0.46728760
v 0.08636244 0.29180655 -0.55487943
v -0.07485308 -0.03806433 0.55389833
v 0.07254898 0.08232905 -0.55597377
v -0.14869793 -0.71818340 -0.12713161
v -0.30490839 0.31434801 0.47412577
v -0.09724521 -0.10475094 0.55868489
v 0.30325174 -0.70395172 -0.42648065
v 0.10647818 0.73307657 0.09018749
v 0.19202404 -0.70507818 -0.08951508
v 0.10086013 -0.29894546 -0.55974072
v -0.08293753 -0.20198908 0.55279648
v -0.21264657 -0.71428096 0.03482156
v 0.05486544 0.67522764 0.33214220
v 0.25408387 -0.70748168 -0.24676327
v -0.08533456 -0.17209372 0.55558228
v 0.32938313 0.26181677 -0.45593295
v 0.20893690 -0.73075253 -0.23877759
v 0.03346032 -0.29814765 -0.54151702
v -0.05026891 0.70787328 0.51496613
v 0.07280378 -0.70491254 0.20656377
v -0.01843158 -0.30587623 -0.46002921
v 0.08228440 -0.72126001 -0.54234201
v -0.30272365 0.56104058 0.47155347
v 0.09406394 -0.52079016 -0.56453592
v -0.07639618 0.12714833 0.55838752
v 0.03596498 -0.55361563 -0.55375081
v -0.22587012 0.69459510 0.16475807
v -0.07651895 0.11218749 0.55811530
v 0.00290026 0.69151127 -0.40349722
v -0.07820603 -0.72580796 0.52577984
v -0.09180184 -0.70906252 -0.27899793
v -0.05152420 0.50891781 0.54494858
v -0.33419380 -0.37300000 0.44801614
v -0.06429965 0.42636174 0.55820394
v 0.07329439 0.15714249 -0.55436283
v 0.08816731 0.68767303 0.25155205
v -0.30841908 0.60596573 0.46471959
v 0.13550478 -0.71237677 0.04590740
v 0.28497192 -0.71163535 -0.33512959
v -0.32667473 0.15711913 0.45953131
v -0.17103027 -0.71913040 -0.06764102
v -0.32654458 0.12719783 0.46073651
v -0.21271244 -0.44874024 0.52130127
v 0.31731805 -0.11972194 -0.46657640
v 0.31346807 -0.24685676 -0.46891603
v -0.06651405 0.18698408 0.55265772
v 0.08162981 0.68076450 -0.52488178
v 0.23057400 -0.71054500 -0.50051099
v 0.30199480 -0.40252733 -0.47319955
v -0.10006315 0.72199494 -0.09804486
v -0.01393388 0.71839434 -0.33621815
v -0.22462423 -0.70793003 0.50842202
v -0.30979231 0.67291480 0.39498499
v -0.28427109 -0.73565811 0.32645193
v -0.07682893 -0.36657923 0.54289806
v 0.00465027 -0.66759121 0.38552698
v -0.16846687 0.71472585 0.05278344
v -0.10312416 0.10467327 0.56356978
v -0.33911601 -0.71063799 0.41142201
v 0.21677966 -0.65904683 -0.12776344
v -0.20374119 -0.73582065 0.50693661
v 0.31812456 -0.39647907 -0.46034101
v -0.11603613 -0.32794333 0.55487847
v 0.16110177 0.68523365 -0.52072567
v 0.06718185 -0.71658254 -0.54573119
v 0.31558579 0.71223038 -0.30643618
v 0.08744138 0.61322916 -0.53520411
v -0.15708800 -0.73622900 0.52597898
v -0.27299857 -0.71842867 0.19892229
v -0.07746333 0.00746256 0.55633307
v 0.01614330 -0.72943372 0.32012838
v 0.08228346 -0.09001400 -0.56084919
v 0.33059177 -0.17752497 -0.44882697
v -0.06931261 -0.43295836 0.52910465
v 0.09794427 0.23933032 -0.55461204
v 0.30023861 -0.70040476 -0.45777988
v -0.14212801 -0.73713797 0.52681798
v 0.15150957 0.70939720 0.08494072
v -0.04807002 0.71906316 0.48664796
v 0.18919276 0.71065593 -0.00804584
v -0.16452670 0.69630009 0.53873217
v 0.21571492 0.71195847 -0.07276576
v -0.02879286 -0.70723897 0.45205876
v 0.09456234 -0.49625310 -0.56408119
v 0.32035556 0.72123879 -0.35949072
v 0.23962426 -0.72399688 -0.23171093
v 0.33149233 -0.30112785 -0.43545592
v -0.10088272 0.04309200 0.56245422
v -0.08957411 -0.72630948 -0.24737211
v 0.08612201 -0.21128261 -0.56313860
v 0.32196864 -0.05236521 -0.46276599
v -0.07184455 -0.74519098 0.44928813
v 0.07374424 -0.44874981 -0.56695640
v 0.32040852 -0.27678511 -0.46168649
v 0.31314319 -0.29174295 -0.46878955
v 0.06376813 -0.08436520 -0.55548269
v 0.33543873 0.31228587 -0.45001549
v 0.20749573 -0.70537734 -0.12872811
v 0.09048925 -0.74523258 0.03223340
v -0.07835053 -0.30671704 0.54589617
v 0.32944772 0.17204770 -0.45616704
v -0.24970345 0.70898557 0.49386105
v 0.32931677 0.71813452 -0.39846614
v 0.25501052 -0.72340918 -0.27666244
v -0.08228558 0.02989531 0.55782753
v 0.31249210 0.08976562 -0.46906611
v -0.07171111 -0.64412892 0.52252144
v 0.33624050 -0.01311919 -0.43781132
v -0.06363408 -0.31417379 0.52654791
v -0.22462051 0.67301375 0.14598055
v 0.30212370 -0.55271327 -0.46933171
v 0.04991501 -0.35901383 -0.55594349
v 0.04558954 0.19238441 -0.52660507
v 0.00880433 0.73180836 0.28614497
v 0.09027204 -0.72695875 0.14228930
v -0.19483675 0.69702923 0.08880335
v -0.11220035 -0.73511904 0.52858347
v 0.27893481 -0.69568670 -0.48027411
v 0.34011683 0.44879350 -0.43701097
v -0.04476513 -0.72552341 0.47123644
v -0.12716700 -0.73721600 0.52678502
v 0.30724666 -0.69578588 -0.40391809
v -0.07880104 -0.35159928 0.54467446
v -0.06175845 0.73257297 -0.15368366
v 0.34101710 0.60087383 -0.35190070
v 0.08462710 0.27681977 -0.55427921
v 0.04691277 0.71837306 -0.47111169
v -0.09534776 -0.32167116 0.55424631
v -0.32204273 -0.25434455 0.46399379
v -0.06700476 -0.73508316 -0.25666192
v 0.10393272 -0.73786908 0.08242046
v 0.33088577 0.71316713 -0.35141438
v 0.02021196 0.71683472 0.35848942
v -0.08804752 0.41906953 0.56941038
v -0.07014772 -0.27678308 0.53813386
v 0.10711684 -0.70736009 -0.55125850
v 0.29642707 -0.69353962 -0.35705444
v -0.08763498 0.37394559 0.56767768
v 0.31688344 -0.20889494 -0.46628860
v 0.10176820 -0.65833640 -0.56279659
v -0.21444388 -0.26322636 0.52299696
v -0.16553472 0.69892377 0.01595744
v 0.31314850 -0.05696684 -0.32614547
v -0.11733942 -0.26942402 0.55544114
v 0.03702850 0.72252798 -0.44058800
v -0.29892674 -0.63140464 0.47578689
v -0.27372560 -0.73115391 0.47166219
v 0.05235973 -0.53659409 -0.56107217
v -0.30573013 0.70375139 0.45643699
v 0.03155410 -0.10496800 -0.52640182
v 0.07596847 -0.72499669 -0.52970225
v 0.09431016 -0.73042518 0.12672721
v 0.29029801 -0.71063799 -0.35157901
v -0.10227676 -0.48625576 0.55174667
v -0.29095501 0.70758897 0.47128800
v 0.06785974 0.62091720 -0.52339804
v -0.07591149 -0.66582072 0.52753687
v -0.32770213 0.29961500 0.43496239
v 0.04785991 -0.07524291 -0.54436094
v 0.06732187 -0.40383741 -0.56442940
v 0.32070720 -0.50094527 -0.41674605
v -0.30268198 -0.38891616 0.48001194
v -0.07611822 0.15706900 0.55891758
v -0.06324421 0.33658308 0.55502230
v 0.05694915 0.69625926 0.31794846
v 0.10071592 -0.19446392 -0.55883127
v -0.30489042 0.41919515 0.47238436
v 0.28081599 -0.71976030 -0.33950698
v 0.06615480 0.70341718 0.29208890
v 0.33584881 0.07190515 -0.44589245
v 0.25607407 -0.71868783 -0.25982437
v 0.16778700 -0.71913803 -0.52482599
v -0.28776109 -0.21702173 0.49120256
v -0.21161845 0.46358877 0.53044301
v 0.08228440 -0.00001773 -0.55904394
v 0.17408219 -0.72002244 -0.51843196
v -0.05479200 0.59097320 0.55234730
v -0.30675739 -0.73075414 0.43691462
v 0.32513914 -0.47884026 -0.43596083
v -0.01283290 -0.08140704 -0.45218554
v 0.00521126 -0.74728566 0.29050905
v -0.25689986 -0.69468343 0.49367538
v 0.19998589 -0.72125691 -0.48529002
v -0.25671834 -0.71256852 0.49309120
v -0.08552623 0.53966105 -0.24260454
v -0.17624134 -0.64043039 -0.09724018
v 0.04585799 0.71063560 0.32232180
v 0.01350087 -0.74962860 0.17917550
v -0.02854531 0.71868956 0.45298010
v 0.28172910 0.61887765 -0.18075286
v 0.12936610 -0.71797776 -0.54122537
v -0.06823315 0.17203410 0.55351663
v 0.34080952 0.32908344 -0.43622169
v 0.28998500 -0.71522468 -0.42641476
v 0.07035762 0.73174119 -0.46721059
v -0.01148327 -0.70461965 -0.47528681
v -0.01364237 0.71802390 0.42658579
v -0.29410365 0.10519270 0.48508981
v 0.11058738 -0.72610307 -0.52736926
v -0.30711773 -0.73243386 0.33655980
v 0.31067979 -0.63985425 -0.39748743
v 0.33147112 0.70311421 -0.33446953
v 0.03257902 -0.26936668 -0.53921741
v 0.06073686 0.27791083 -0.53996015
v 0.30268323 0.01389522 -0.47489628
v -0.10087595 0.31592265 0.56694424
v 0.06371336 0.21695578 -0.54539090
v -0.09933966 -0.36656472 0.55431521
v -0.05549795 0.54606032 0.55316961
v 0.32946807 -0.35849240 -0.43611056
v -0.07681683 -0.41116804 0.54122454
v -0.06353904 0.32162246 0.55476171
v -0.28960064 0.70331705 0.34946680
v -0.09724516 0.13460568 0.56354386
v 0.29625204 0.71617407 -0.45533073
v 0.11710373 0.74736643 -0.42944366
v 0.11901712 0.72493488 -0.50874072
v 0.29173601 -0.71274400 -0.44134399
v 0.15034582 0.74823892 -0.46290642
v -0.18092018 0.71397054 0.08199656
v -0.32778496 0.11223421 0.45970640
v -0.05462109 0.29911685 0.54059410
v -0.06127604 0.13020621 0.54344988
v 0.32204667 -0.03740432 -0.46280122
v 0.22833674 0.74620748 -0.39016759
v -0.02552800 0.70184779 0.48927069
v -0.19082630 0.73773283 0.20627099
v -0.29009205 0.71553487 0.44136754
v -0.06617861 0.29171950 0.55560148
v 0.03089293 0.74750566 -0.23838420
v -0.06994078 -0.55500245 0.52434760
v -0.10555736 -0.59513003 0.54706275
v -0.07609463 -0.69578636 0.52625859
v -0.24209927 -0.72128683 0.12286209
v -0.29926232 0.65080810 0.47243488
v 0.06195893 0.72198600 -0.48638099
v 0.01259996 -0.72871518 -0.43216532
v -0.32986218 -0.66576743 0.44795591
v 0.04637674 0.72431022 -0.45652044
v -0.29807991 -0.28410155 0.48503786
v -0.30503500 0.34426579 0.47351262
v 0.17894869 0.73303467 -0.05951503
v 0.31647274 -0.38154492 -0.46380690
v -0.28300074 -0.73365921 0.27066857
v 0.33375049 -0.11974009 -0.42087421
v -0.30426353 0.50289273 0.47133651
v 0.01386894 -0.73914057 0.30696416
v -0.32862368 -0.11947005 0.45969966
v 0.09103967 -0.11218197 -0.56126088
v 0.29313499 -0.70907903 -0.45721701
v -0.05560669 0.69819558 0.53263658
v 0.11828364 -0.70004165 0.09754615
v -0.07994033 0.68844229 0.55671030
v -0.26183960 0.71040100 0.28367692
v -0.07984770 -0.45631930 0.54220605
v 0.07988549 -0.42634276 -0.56721991
v 0.17435488 0.71929908 0.00209401
v 0.07524467 -0.72072750 0.18837747
v -0.16283976 -0.73286587 -0.04326132
v 0.07716403 0.44138312 -0.54340607
v 0.21982113 -0.71944368 -0.49266851
v 0.30471364 0.69243348 -0.45771384
v 0.08435067 0.26186287 -0.55472779
v 0.04774127 -0.11218551 -0.54596871
v 0.33066300 -0.11224005 -0.45181462
v -0.01134004 -0.35237911 0.43989453
v 0.29809567 -0.63585430 -0.47006398
v -0.03019338 -0.72441107 0.44325045
v 0.31373295 -0.58680511 -0.45012701
v -0.32165700 -0.72835797 0.36654001
v 0.32823262 0.69747198 -0.43565497
v 0.28134254 -0.72045398 -0.36922050
v -0.09131771 -0.60598296 0.54283941
v 0.09660838 0.74743199 -0.38816273
v -0.04565831 0.73250550 -0.19601442
v 0.04618073 -0.04495132 -0.54184514
v -0.29067841 -0.70813435 0.47786507
v 0.33953875 0.55382246 -0.43654549
v -0.11225718 0.45023176 0.56579638
v 0.13437012 0.73905385 -0.49058789
v -0.08775572 -0.26186794 0.55404085
v -0.32037964 0.44570708 0.43010643
v -0.19451022 0.67428976 0.07150503
v -0.07666652 0.09722682 0.55785555
v 0.32370263 -0.51041251 -0.43784362
v 0.10237455 0.64404911 -0.53510702
v 0.32421008 0.65085018 -0.45092940
v -0.33020565 0.08230355 0.45748010
v -0.03825510 0.71404701 0.48651400
v -0.11775291 0.34403259 0.56335771
v -0.31962445 0.32168850 0.46191025
v -0.07907044 -0.51618546 0.54001456
v -0.28651509 0.71655935 0.36628410
v -0.08360786 0.45630920 0.56863457
v -0.16383287 0.71388328 0.03707756
v 0.06429385 -0.10594178 -0.55608964
v -0.13147391 -0.51585078 0.54603624
v 0.31267235 0.67172182 -0.26750839
v 0.13852175 -0.72463650 -0.51416481
v -0.29105404 0.69570190 0.47708198
v -0.07855079 0.62746042 -0.23971614
v 0.32161933 -0.41778052 -0.40784931
v 0.19910499 -0.72367001 -0.12716700
v -0.14814593 -0.74927908 0.03210731
v 0.05300283 0.16557939 -0.53790194
v -0.06662790 0.70200467 0.54025221
v -0.27015707 0.71629876 0.47086439
v 0.04520005 -0.72035486 0.26309213
v -0.00039450 0.71943641 -0.36808181
v 0.09030628 -0.02980034 -0.56002313
v -0.10305369 -0.01526831 0.56141979
v -0.06590797 0.71223485 -0.21510056
v -0.33434713 0.14793782 0.43822733
v -0.03717302 0.71714443 -0.27688572
v 0.03549465 0.72053742 0.30852479
v -0.23958753 -0.73315901 0.15685315
v -0.05579289 0.53109974 0.55300045
v -0.28994939 0.71715134 0.40336677
v -0.31307366 0.58318973 0.45233729
v -0.33644411 -0.25424355 0.44633621
v 0.11621870 0.32943124 -0.54778326
v -0.10254510 -0.70320451 0.53413081
v 0.05947546 -0.72158080 0.22598872
v 0.02837131 -0.41136628 -0.54253513
v -0.32165700 -0.72917801 0.42638299
v 0.05093918 0.38749161 -0.52108949
v 0.34275341 0.47305402 -0.39681673
v 0.20917359 -0.72539991 -0.15690599
v 0.32836956 -0.02244775 -0.45600080
v 0.19306132 0.73226160 -0.48033315
v -0.07168216 -0.72181171 -0.30439004
v 0.07509460 -0.65006167 -0.56851417
v 0.15708800 -0.72017699 -0.52660000
v 0.32905811 0.08978571 -0.45625401
v -0.32038555 0.29176649 0.46197724
v 0.33927414 0.69061309 -0.35854962
v 0.03836959 -0.71064764 -0.53474015
v 0.10110322 0.37597078 -0.55177033
v 0.32415345 0.71839976 -0.42696956
v 0.32002679 -0.30671293 -0.46147329
v -0.06732360 0.44134399 0.56013101
v -0.05257760 -0.72559899 0.48622599
v -0.04114754 0.72346395 -0.24699196
v 0.06060627 -0.73421234 0.20286578
v -0.22401352 0.70918131 0.50494003
v -0.31849617 0.42645201 0.45930120
v 0.03751215 -0.12713759 -0.53679913
v 0.07458685 -0.56851643 -0.56930250
v -0.32849383 0.20207296 0.45705453
v -0.11465105 -0.74934959 -0.02429919
v 0.18707079 -0.72088099 -0.50781971
v 0.08261319 0.72577888 -0.49607822
v 0.08228440 -0.29914010 -0.56431895
v 0.10738022 0.44869924 -0.54838419
v -0.24981071 0.72064024 0.47765002
v -0.14886577 -0.64330894 -0.16922610
v 0.21096590 -0.52972430 -0.07964578
v 0.30117121 -0.12021101 -0.47729254
v -0.31386998 0.48627988 0.46544966
v -0.05696006 0.44133788 0.55096197
v -0.30614531 0.68076408 0.46398693
v 0.22446863 -0.70769757 -0.17225011
v -0.30793223 0.62092513 0.46464205
v 0.33749267 0.25137213 -0.44613746
v 0.30203781 -0.27937156 -0.47523984
v -0.33825970 -0.70834929 0.39644971
v 0.16562286 -0.73149914 -0.05293764
v -0.16447461 0.73282546 0.48390883
v 0.07652211 0.71861231 0.22811510
v -0.05235454 0.64343286 0.54152542
v 0.34011495 0.15706936 -0.43606311
v 0.03241053 -0.73094463 0.27735752
v -0.09126058 0.73296314 -0.07539394
v 0.25793159 0.71774864 -0.18883029
v 0.12417403 0.53415579 -0.54087245
v 0.04744199 0.00614608 -0.54047543
v 0.31979719 0.11960941 -0.46457502
v 0.33009437 -0.15712333 -0.45119026
v -0.24630700 -0.73415703 0.48542401
v 0.31431767 -0.54611391 -0.45724776
v 0.07370514 0.42645541 -0.54256713
v 0.33577293 0.12715225 -0.44802132
v 0.22520514 0.73998529 -0.19480523
v 0.09723227 -0.72435462 -0.53964162
v 0.18710679 -0.71052670 -0.52181661
v -0.06530651 0.73750544 -0.11379298
v 0.06700747 0.59098506 -0.52521646
v 0.07103359 -0.73649061 0.16944218
v 0.33735946 0.37830308 -0.36369970
v 0.33594143 0.48623794 -0.44814846
v 0.13260075 -0.73981702 -0.04013198
v -0.26445770 -0.73373383 0.46450981
v 0.33510646 0.58341235 -0.44740078
v 0.30672887 -0.66948920 -0.43362510
v -0.32008612 0.35970673 0.46038330
v 0.10063172 -0.33661750 -0.56018782
v -0.34192610 -0.10468186 0.43563280
v 0.10204633 -0.68786377 -0.55876046
v 0.03975913 0.59129113 0.37972921
v 0.30249399 -0.70801198 -0.41142201
v 0.31620654 0.70040649 -0.28628126
v -0.24469914 -0.72567815 0.14293268
v -0.07181330 -0.73631799 0.51316601
v -0.08025545 -0.11222283 0.55429661
v -0.05832328 0.60609281 0.55552262
v -0.07950781 -0.39648524 0.54359043
v 0.03490912 -0.59844965 -0.55416733
v -0.10220572 -0.54611599 0.54988581
v -0.08009719 -0.47128049 0.54199958
v 0.16722845 -0.71707094 -0.03574548
v -0.10687948 0.71215159 -0.11241093
v 0.05945078 -0.12713583 -0.55481160
v 0.32932416 0.29173875 -0.45582214
v -0.31312925 0.26185620 0.46925420
v 0.32277000 0.71586770 -0.33652106
v -0.07737329 0.70131969 -0.20475784
v -0.31599927 -0.68556350 0.46256146
v -0.08425615 -0.63586986 0.53633273
v 0.32523513 -0.29174373 -0.45195442
v -0.09179488 -0.21694611 0.55571258
v -0.20341800 -0.72705001 0.51361901
v 0.17637594 -0.72362947 -0.06891569
v -0.03942665 0.71910238 0.47075915
v 0.31982008 0.47873440 -0.45970297
v -0.10213400 -0.67228460 0.53808230
v -0.33932206 -0.58219987 0.36777863
v 0.14296708 -0.71205348 -0.53894842
v -0.03994583 0.61265969 0.53023684
v -0.27691656 0.69259191 0.48610979
v 0.24543932 -0.71549493 -0.48466939
v -0.25688970 -0.71636772 0.15309545
v 0.33631068 0.42639330 -0.44844770
v -0.10223003 -0.50121784 0.55136096
v -0.07981655 -0.09726133 0.55451524
v -0.07121022 0.56800920 0.56328768
v -0.32997751 -0.61352140 0.44891891
v 0.02338677 -0.73549020 0.29196861
v -0.21404359 0.65845579 0.52616501
v -0.09724520 0.16452563 0.56407475
v 0.29707351 -0.71385854 -0.38133746
v 0.34146535 0.52644777 -0.41737887
v -0.27522856 0.71614677 0.33557859
v -0.17632423 0.71281910 0.06705331
v 0.11848480 0.71043777 -0.52336890
v -0.33230796 -0.68861711 0.44411084
v -0.06576445 0.00023272 0.54409927
v -0.31476659 0.39651179 0.46635064
v -0.02351681 0.71911567 -0.30681503
v -0.31692427 0.47131681 0.45969650
v -0.06436486 0.27674100 0.55395532
v -0.01817063 0.74907434 0.12246992
v -0.30493811 0.37444353 0.47307146
v 0.01576293 -0.72154367 -0.48877820
v -0.06767964 -0.07491307 0.54341841
v 0.11538257 0.68831450 -0.53039306
v -0.08489238 0.44132447 0.56887418
v -0.32720968 0.25259048 0.45304832
v 0.00055667 0.69893515 0.44011146
v -0.08915681 -0.33665919 0.55194741
v 0.30170771 -0.68077886 -0.46195367
v -0.10527251 0.72308415 0.51097584
v 0.27231997 0.70148277 -0.18435097
v -0.13322099 0.71628219 -0.03483865
v 0.12521264 0.71847713 0.12048016
v 0.27048677 0.72138381 -0.46205327
v -0.31975073 -0.64090186 0.45912331
v -0.08224155 0.70121056 0.54703820
v 0.33481756 0.04495165 -0.44783697
v -0.34132454 -0.13260661 0.43768367
v 0.33485517 0.60594594 -0.44714081
v -0.15466283 0.71301693 0.01410366
v 0.00540189 0.74957544 -0.01998029
v 0.03496806 -0.64394844 0.32124960
v 0.05148936 0.05981098 -0.54125381
v -0.30221799 -0.44875222 0.47873610
v -0.07116721 -0.74167508 -0.17683513
v 0.02811348 -0.70447099 0.31644103
v 0.30414709 -0.31425551 -0.47360280
v 0.09264385 0.70155716 0.23441650
v 0.31227514 0.17931710 -0.46803787
v -0.32785958 -0.14532591 0.45988646
v -0.00063077 0.73316729 -0.29916489
v 0.24850217 -0.70419562 -0.49689752
v -0.01563484 -0.71128839 0.41956353
v -0.08673508 0.65879035 0.55829883
v -0.05951097 -0.73829752 0.48934510
v -0.07494703 -0.05240769 0.55357605
v 0.31908435 0.58359128 -0.45884481
v -0.06746751 0.21691613 0.55430210
v -0.32468399 -0.44886732 0.45784113
v -0.13494384 0.71927816 0.51687574
v 0.34308350 0.29914600 -0.41829702
v 0.08147626 -0.59820682 -0.56909543
v 0.12440134 0.70179307 0.16057234
v -0.26117200 0.71041101 0.48589799
v -0.30319950 0.54457569 0.47139010
v 0.18269312 0.70227516 0.02405003
v 0.33753359 0.28123876 -0.44620749
v 0.06732357 -0.29920664 -0.56206137
v -0.31199327 0.24402581 0.47041371
v -0.06026290 -0.70958418 0.50155973
v -0.01396498 -0.72950792 0.39454007
v -0.01893505 0.73057532 -0.27131075
v 0.31923056 -0.35160089 -0.46082583
v 0.06102113 0.19016485 -0.54421002
v 0.06219061 -0.23936453 -0.55896145
v -0.12400043 0.70140803 -0.08649363
v 0.08746126 0.69737053 -0.52610326
v 0.33110544 -0.26190916 -0.43855014
v -0.18591413 0.73232150 0.48245668
v -0.07977547 -0.53114992 0.53984129
v 0.00185117 0.70884699 -0.38809082
v -0.33973059 0.02980699 0.43666300
v -0.30438057 0.70425081 0.42634046
v 0.00980849 -0.66169029 -0.52682734
v -0.21136156 -0.72512442 0.05223686
v 0.33047077 -0.12720078 -0.45163861
v -0.14734021 0.74279404 0.12068076
v -0.08984093 -0.69101208 -0.30087185
v -0.03045169 0.70616895 -0.31519514
v 0.04329731 -0.73903930 0.23197289
v 0.03401633 0.70895505 -0.45458573
v -0.07556231 -0.68079382 0.52648944
v 0.31332049 -0.01510847 -0.46964255
v 0.22741361 0.69725096 -0.07664247
v -0.02282341 -0.71971440 -0.42665702
v 0.32284001 0.72082001 -0.41007501
v 0.33823204 0.69106865 -0.38152593
v -0.26974449 -0.70876056 0.18063299
v 0.05995415 -0.50875521 -0.56429106
v -0.03742320 -0.72575802 0.45648801
v 0.09824566 0.74687362 -0.04251938
v 0.10122703 0.67496848 0.22558461
v -0.30906701 0.67494309 0.43568540
v 0.14677067 -0.72375572 0.00597231
v -0.29239002 0.67331964 0.47636032
v 0.09529078 -0.72841704 -0.48753411
v 0.32752988 0.33662671 -0.45735028
v -0.07770222 -0.00749728 0.55587059
v 0.28047264 0.71175438 -0.46596757
v 0.33123887 -0.06735875 -0.45231259
v 0.13141958 0.72246760 0.08835892
v 0.02867950 -0.48105061 -0.54535586
v 0.08192001 0.72359973 0.19333008
v -0.00101845 -0.70645726 0.38659179
v -0.03203461 -0.69064164 -0.44796863
v 0.02202266 -0.55356324 -0.54060841
v -0.04485397 -0.70284051 -0.40110254
v -0.06731085 0.53838384 0.56217796
v 0.00058576 0.72395402 -0.35169712
v 0.09959241 0.70980579 0.20115158
v -0.16632774 -0.69660914 -0.09769373
v -0.01390540 -0.74807054 0.28767827
v -0.04604850 -0.73675078 0.45847413
v 0.27677500 -0.71653700 -0.45630401
v -0.28464708 -0.71880257 0.23095652
v -0.08823939 -0.27585161 0.55360746
v 0.19518930 0.69075632 -0.50711966
v 0.06420935 0.26183534 -0.54355371
v -0.00986478 0.71094579 0.44123256
v 0.26525024 0.69088310 -0.16269578
v -0.31773552 -0.73061210 0.39646634
v -0.33836561 0.05824978 0.43847692
v 0.00118556 -0.73376006 0.35213301
v -0.12448471 -0.64602178 -0.23341320
v -0.22983581 0.71357220 0.20802106
v 0.08067391 0.70978153 0.24593621
v 0.06669300 0.57602292 -0.52608305
v -0.06298159 0.10479409 0.54467201
v -0.31756160 -0.28427953 0.46875170
v -0.01410092 0.67561913 0.48036945
v -0.07557674 -0.70951706 0.52489895
v -0.03135244 0.74098337 -0.16858187
v 0.10640640 0.71030468 0.18720260
v 0.32731637 0.50119573 -0.45536223
v 0.24642304 0.68463343 -0.48790169
v -0.04511899 -0.74143255 0.44156194
v 0.24581784 0.71761656 -0.47534704
v 0.24118873 0.70931357 -0.12446440
v 0.08854356 0.32182872 -0.55364537
v -0.28456482 0.71862000 0.42749360
v -0.11769459 -0.10474495 0.55768740
v -0.31433061 0.45635873 0.46559107
v 0.21441360 0.70137078 -0.04874802
v -0.32924336 0.05238555 0.45975834
v 0.33750156 0.39234897 -0.44669428
v -0.07947211 -0.42639402 0.54272008
v 0.13268435 -0.73748130 0.00413804
v -0.33400801 -0.72342002 0.41142201
v 0.04397618 -0.23932594 -0.54774344
v 0.05666093 0.35590935 -0.53021485
v 0.00727544 0.71922302 0.37535748
v 0.07789859 -0.74593341 0.09033386
v 0.07373749 -0.73846102 0.15722288
v 0.26044601 -0.70839298 -0.48608300
v 0.32983610 0.71728307 -0.38153076
v 0.04127469 0.56125718 -0.49411455
v -0.06300933 0.50116938 0.55985951
v -0.11902682 -0.71806151 -0.20193432
v 0.16909294 -0.72301733 -0.49975508
v 0.31336412 -0.62317908 -0.42854562
v 0.19567822 -0.71991080 -0.10969304
v 0.33774093 0.04488944 -0.41792130
v 0.21094078 -0.70985162 -0.13992007
v 0.06450541 0.53112662 -0.52684736
v -0.34206671 -0.50213808 0.41895288
v -0.10241202 -0.42640588 0.55335587
v 0.10337447 -0.70483589 0.13168176
v 0.05474763 -0.14958841 -0.55204600
v 0.32700390 0.54607803 -0.45488408
v 0.26181400 -0.71657699 -0.47126499
v -0.08771060 0.28421435 0.56569880
v -0.31982920 -0.49413678 0.46212444
v 0.02034285 0.69568169 0.39964232
v -0.21693200 -0.73518598 0.49884200
v 0.33490667 0.69248766 -0.40366882
v -0.06075738 0.16032358 0.54397523
v -0.07121865 0.59101343 0.56190091
v 0.27276567 0.71038729 -0.20182927
v 0.28899342 0.71866953 -0.26464477
v -0.00869291 -0.72982168 0.38124073
v -0.19950572 0.71781558 0.14478211
v 0.17970757 -0.72674733 -0.08209845
v -0.05510832 -0.72123206 -0.34614468
v -0.31286553 0.53119427 0.46530545
v 0.14880162 -0.70836806 0.01546852
v -0.09140380 0.71638298 -0.14185235
v 0.04299844 0.69070125 0.35376164
v -0.14587766 0.68844885 0.54770523
v -0.08777583 0.74831945 0.04752753
v -0.33101255 0.22406527 0.44400898
v -0.33260182 -0.64340967 0.44456488
v -0.21433982 0.71454722 0.17140229
v 0.34259751 0.42237315 -0.41560009
v -0.19491287 0.72154057 0.50403279
v 0.00259431 -0.72078198 -0.47170264
v 0.03456287 -0.20944983 -0.53812379
v -0.08976100 0.72311097 -0.12020635
v 0.02692829 0.64615357 -0.46404436
v -0.01262309 0.71006495 -0.35136554
v -0.27620208 0.71790862 0.45427099
v 0.05809206 -0.59782237 -0.56314123
v 0.32989722 0.71250981 -0.41348678
v 0.10161546 0.20059659 -0.55460554
v -0.21336791 0.70178449 0.14030015
v -0.09287371 0.70904768 0.53587568
v 0.07185593 0.74473739 -0.37571141
v -0.11221074 -0.74301082 0.51385278
v 0.00556089 -0.70674986 -0.49603370
v 0.15590845 0.71151203 0.06703886
v 0.10171378 -0.39114079 -0.56029993
v -0.01719174 -0.72401768 0.41076165
v -0.11640195 0.70823771 0.53566104
v -0.01645729 -0.71950388 -0.44261521
v -0.00898913 0.70309073 0.45671931
v 0.26896086 -0.72113705 -0.30410755
v -0.06906952 -0.13458866 0.54238546
v 0.10142599 0.17779794 -0.55495059
v -0.17113848 -0.73692811 0.51943487
v 0.21693200 -0.71427500 -0.50430900
v -0.03017911 -0.74020243 0.41172397
v 0.20425726 -0.71934813 -0.50333619
v -0.06481476 0.36652413 0.55683714
v -0.33347800 -0.72338903 0.39646101
v -0.08269837 -0.73819709 0.52094090
v -0.21373199 0.34737551 0.52902102
v -0.06590420 0.30667949 0.55584806
v -0.00535004 -0.72867966 -0.41837052
v -0.07880761 -0.48625511 0.54074979
v -0.20019028 -0.71839392 0.00717583
v 0.06752155 0.60594904 -0.52441567
v 0.03326311 0.70145983 0.36925533
v -0.08690868 -0.72205389 -0.26783153
v -0.10524007 -0.66390467 -0.27786952
v 0.10047448 0.67128003 -0.53259277
v -0.06698453 0.24683681 0.55484819
v 0.27478701 -0.71063799 -0.30669600
v 0.31981957 0.52362263 -0.45906246
v -0.13462932 -0.70768398 -0.17249377
v 0.07490354 0.20201352 -0.55354655
v 0.31278542 -0.53117818 -0.46134278
v 0.33569458 0.52362210 -0.44791898
v 0.03905860 0.60477787 -0.48696759
v -0.23934144 0.69548810 0.50759482
v 0.21178362 0.73447001 -0.47046661
v 0.08228391 0.37395117 -0.54852438
v 0.13581274 0.73352975 0.03009775
v 0.31798708 -0.41144034 -0.45970380
v -0.11466652 0.73380339 0.46888426
v -0.23090024 0.71929109 0.49006501
v -0.08069595 -0.12718442 0.55406910
v -0.32002348 0.30672714 0.46192172
v 0.08024579 0.21694998 -0.55456656
v 0.26883924 -0.62937391 -0.25502896
v -0.17320488 -0.74163789 0.49468899
v -0.32369253 -0.39096099 0.45993513
v -0.32078922 0.27680525 0.46198407
v -0.06968689 -0.24686170 0.53880936
v -0.32814839 0.09727240 0.45973983
v -0.10305955 0.07477206 0.56307489
v 0.07413750 0.17252702 -0.55401796
v -0.05398043 0.71950728 -0.22692242
v 0.32220259 0.05976013 -0.46252164
v -0.08228440 0.14212801 0.56037098
v -0.11841578 -0.73336029 -0.14830594
v 0.30116579 -0.04440000 -0.47642201
v 0.05015036 -0.32907364 -0.55522794
v 0.30714342 -0.57601804 -0.46363887
v -0.14917707 0.69217783 -0.03082915
v -0.08780919 0.23187192 0.56455207
v -0.28171802 0.67304987 0.29592377
v -0.07891586 -0.38151973 0.54370910
v 0.34069431 0.35905647 -0.43633398
v -0.15713404 -0.74156320 0.51423246
v 0.07571284 0.35161304 -0.54683083
v 0.07911325 0.70326251 0.26388958
v -0.24677263 -0.73517460 0.47006577
v -0.31350622 0.51491582 0.46507743
v -0.33190823 -0.71076405 0.44439885
v -0.07836612 -0.66619760 -0.34412256
v -0.06721298 0.23187593 0.55456513
v 0.03935189 0.73095912 -0.40780467
v -0.14872089 -0.73364627 -0.07379689
v -0.32909995 -0.08956608 0.45974609
v -0.31206059 -0.68431371 0.28031400
v 0.00111941 -0.72358108 0.36854845
v -0.29780698 -0.31403837 0.48443359
v -0.12726741 0.70011330 0.54442829
v 0.04930420 0.03067613 -0.54089236
v 0.28976476 0.72862691 -0.43303367
v -0.08775349 0.26179329 0.56520724
v 0.23009464 -0.70788872 -0.18699136
v 0.13760510 0.70162809 0.12967962
v 0.09064186 0.34088904 -0.55272734
v -0.33682549 -0.53538245 0.44067541
v 0.19839622 -0.70877278 -0.10825384
v -0.06604845 -0.71380061 -0.33553800
v 0.06272773 0.44887191 -0.53107834
v -0.14214204 -0.74272269 0.51365727
v 0.04878562 -0.41893604 -0.55705869
v -0.08800995 -0.74651766 -0.08817279
v -0.07414061 0.71750069 -0.18426909
v 0.31204033 -0.08227731 -0.47119582
v -0.07653575 -0.21695429 0.54788870
v -0.25924727 -0.72912055 0.19280511
v -0.10221122 -0.52372950 0.55071914
v -0.23189200 -0.72559899 0.50112200
v -0.33303005 -0.47766873 0.44757900
v -0.05467731 0.57598704 0.55293453
v 0.30936727 -0.67402786 -0.40072867
v -0.00180385 -0.73077852 -0.39057148
v -0.03345481 0.73235643 -0.22591348
v 0.07729223 0.45634419 -0.54273665
v 0.05108081 -0.29916671 -0.55483633
v 0.04988366 -0.74891198 0.16658035
v 0.06633086 0.55401611 -0.52720141
v 0.06305251 0.68925875 0.30877730
v 0.04952028 -0.48074773 -0.55911314
v 0.06374848 0.23927361 -0.54429632
v 0.06732276 -0.20946287 -0.55995762
v -0.29922050 0.61111933 0.32661578
v 0.01638494 -0.49412408 -0.52993792
v -0.03472112 0.74741864 -0.09816749
v -0.16629630 -0.74827278 0.05907220
v 0.16012202 0.72031814 0.03138314
v -0.33337158 -0.22658184 0.45193297
v -0.31836030 -0.73020959 0.41142765
v 0.33027312 -0.14216195 -0.45146105
v -0.33389968 -0.50867558 0.44542909
v -0.08045310 -0.57604384 0.53783399
v 0.09276838 0.71107477 0.21612920
v -0.08228440 0.31416976 0.56439084
v -0.31808242 0.38152963 0.46175754
v 0.05523998 0.70821947 0.30584750
v -0.32130787 0.17969054 0.46361902
v -0.11379778 0.70895910 -0.09862818
v 0.19773284 -0.73239547 -0.17202131
v 0.20354773 0.60550439 0.00856283
v -0.22123267 -0.73848498 0.13780770
v 0.04616836 -0.72046477 -0.53232074
v -0.32893634 0.03004814 0.46060330
v 0.04634750 -0.72684747 -0.48376215
v 0.03806828 -0.74889177 0.19683596
v 0.33174506 0.71430510 -0.36649969
v -0.06473030 0.26178166 0.55373579
v -0.11785770 0.68781155 -0.11176390
v -0.06702530 -0.73780102 0.50040102
v 0.05403413 -0.17950253 -0.55263335
v -0.30711719 -0.72461987 0.46092406
v -0.09724519 -0.19452116 0.55674189
v -0.28616473 0.69553554 0.32545429
v -0.21263716 -0.68484926 0.01470312
v 0.32764134 0.36654854 -0.45698583
v -0.10088835 -0.07675981 0.55992413
v -0.06056941 -0.72558749 0.50006735
v 0.01438793 0.49949530 -0.45355466
v 0.13730560 -0.61721998 -0.54917425
v 0.00967964 0.72193199 -0.38150001
v 0.03421659 -0.72224951 -0.51067990
v 0.05179165 -0.74108517 -0.24631539
v -0.34279165 -0.14970809 0.41887948
v -0.15044692 -0.69322324 -0.14214835
v -0.18434717 0.71523768 0.09587826
v 0.30278847 -0.66582465 -0.46284357
v -0.30198738 0.70183468 0.39036286
v 0.28031912 0.69050437 -0.47176185
v 0.16479981 0.73337829 -0.03016959
v -0.08026244 0.73278934 0.42999688
v -0.01286783 0.72287720 -0.32177114
v 0.33441696 0.01505202 -0.44770339
v -0.06741483 0.63599193 0.55836362
v -0.27887443 -0.72241312 0.48094264
v 0.08228441 -0.23930109 -0.56353450
v 0.13104770 -0.74109983 -0.07975140
v -0.13342796 -0.68814129 0.53564119
v 0.33093023 -0.32896826 -0.43739536
v 0.31910726 0.71444708 -0.32177380
v -0.04365234 -0.73986846 -0.22317280
v -0.07668494 0.08226436 0.55760592
v -0.16485941 -0.71936047 -0.08361167
v 0.31643334 0.70942336 -0.44439539
v -0.09724518 -0.13467589 0.55803865
v -0.02237443 -0.73943347 0.38910204
v 0.00015886 0.74746561 -0.17257017
v -0.08225851 -0.74417216 0.49524736
v -0.31511387 -0.70964307 0.30120993
v -0.08248305 -0.18702832 0.55306977
v 0.34055051 0.17957392 -0.43606192
v 0.18729222 -0.73343796 -0.14828172
v 0.20187193 0.71700239 -0.05490649
v -0.30179748 -0.09017362 0.48318848
v 0.15219066 -0.73266244 -0.02037825
v 0.10057103 -0.35905057 -0.56042141
v -0.05861345 0.70880431 -0.24125302
v -0.07713668 -0.71318257 -0.30845833
v 0.33852100 0.07483126 -0.41740161
v -0.10566051 -0.71848726 -0.23315813
v -0.33654627 -0.70883793 0.38149172
v -0.13237539 -0.02433587 0.55428946
v -0.31898838 0.42657629 0.37990719
v 0.20607662 -0.72299951 -0.14379790
v 0.28093684 0.73476881 -0.30117947
v 0.07747529 0.47130528 -0.54208773
v 0.08658413 -0.40602568 -0.56534141
v -0.29353788 -0.01495870 0.48744154
v 0.10258557 0.50867623 -0.54457074
v -0.19201465 0.74673653 0.36424932
v 0.34089690 0.20195802 -0.43604881
v -0.31990215 0.37982678 0.37747592
v -0.08652067 -0.62103939 0.54000562
v -0.33649081 0.07478808 0.41987053
v -0.19404589 -0.71880728 -0.00795746
v -0.29090199 -0.72421998 0.47167999
v 0.02957714 -0.36648971 -0.54143590
v -0.02003358 0.73444396 0.31200749
v 0.04622744 -0.73004019 0.24538270
v -0.07172254 -0.74456930 0.47128770
v -0.02243994 -0.74692833 0.34468809
v -0.05611748 0.41677904 0.54832965
v -0.12187572 -0.06732443 0.55697161
v 0.07550764 0.68898863 0.28091043
v 0.03291190 -0.50115901 -0.55006778
v 0.07808359 0.50920635 -0.54032403
v -0.26721439 0.69010645 0.26643494
v -0.32910684 0.26669285 0.43588600
v -0.12180280 -0.62379581 0.54365617
v 0.30076197 -0.25849161 -0.47635639
v -0.11808799 0.23929079 0.56211120
v 0.08404134 0.55332881 -0.54001486
v -0.30658364 -0.73303241 0.35158050
v 0.01006816 0.70584089 0.41215906
v -0.05741768 0.74751991 -0.04322573
v -0.29970410 0.63584763 0.47243765
v 0.09039604 0.73334986 0.12038044
v 0.31407642 -0.50123286 -0.46147844
v 0.01716932 0.71863574 -0.41092619
v -0.23853843 -0.74252397 0.24053060
v 0.33633655 0.10773296 -0.44603759
v 0.00474166 0.71510738 0.39595327
v 0.04592089 0.46846876 -0.50775552
v -0.11938437 0.30214456 0.56235468
v -0.29771957 0.66698295 0.33746618
v 0.03185042 0.72429860 -0.42658219
v 0.31443954 -0.48626482 -0.46167812
v -0.07627808 -0.69848460 -0.32934588
v 0.05265131 -0.71515459 -0.54303610
v -0.33573753 0.11955945 0.43643686
v -0.19576660 0.70983964 0.10994556
v -0.32500502 -0.41894165 0.45802653
v -0.33329016 -0.58344096 0.44480863
v -0.07075227 -0.29174212 0.53822303
v 0.19839123 0.74953961 -0.41549078
v -0.14776416 0.73684710 0.09047536
v -0.29872018 0.15368091 0.48113692
v 0.02957055 -0.65085828 -0.55211711
v -0.08338655 0.71185035 -0.17155723
v 0.04989534 -0.44681811 -0.55843425
v 0.32220078 0.01487855 -0.46275437
v 0.03347144 -0.07249799 -0.52704239
v -0.07851374 -0.32167783 0.54550314
v -0.11612753 0.74455273 0.05652264
v -0.32704931 0.14215818 0.45960298
v 0.06165913 0.71919811 0.25827402
v 0.23724861 -0.70593560 -0.20351505
v -0.30525979 0.70428282 0.44132522
v 0.03769014 -0.62835991 -0.55578721
v 0.08953014 0.74452007 -0.41799417
v -0.30173382 0.57600051 0.47202244
v 0.32857329 -0.24688675 -0.44955817
v -0.04741536 0.70123237 -0.27928036
v 0.23361729 -0.47953171 -0.51106703
v 0.31947908 -0.33663791 -0.46108520
v -0.06388056 0.45628762 0.55887383
v -0.23325758 0.71871185 0.23619141
v -0.17828438 -0.72493494 0.52380568
v 0.24817102 0.74146283 -0.25396726
v -0.31197625 0.61268699 0.43519869
v 0.28921607 0.71319312 -0.24763469
v -0.33615002 -0.28422230 0.44630539
v -0.28532851 -0.72478890 0.24672540
v 0.31835243 -0.56790131 -0.43442127
v 0.03516540 0.70800501 0.35157901
v -0.09743683 0.69164008 0.55439818
v 0.10185529 -0.23691864 -0.55878925
v -0.06874051 0.14211397 0.55299306
v 0.08677328 0.30677801 -0.55447000
v -0.30662638 -0.55356187 0.47353783
v -0.33355767 0.00011879 0.45442700
v -0.33322573 -0.69088978 0.35731843
v 0.33104888 -0.08231905 -0.45214453
v 0.22943035 0.71513057 -0.11340883
v -0.12919340 -0.73352981 -0.12120302
v 0.08227723 0.40381917 -0.54718804
v -0.05987527 -0.74589568 0.42640656
v 0.10542386 0.74080443 0.02253937
v -0.31933701 -0.72379202 0.33661801
v -0.33254939 0.19413133 0.41847637
v -0.31008041 0.64318258 0.45266673
v -0.23189960 -0.73614907 0.48445582
v -0.02780623 0.69021726 -0.33206162
v -0.03605298 0.70506179 0.50156575
v -0.24111350 -0.68382442 0.08910277
v 0.29084644 -0.59882784 -0.47542948
v 0.29654029 0.69193089 -0.23640162
v -0.27201566 0.70053071 0.28872722
v 0.31168145 -0.16462848 -0.47137788
v -0.31092122 -0.19463941 0.47772938
v -0.24630700 -0.72441697 0.49569201
v 0.05332022 -0.20942208 -0.55319756
v -0.23126432 0.70165420 0.18696463
v 0.17893103 -0.70837653 -0.05934073
v -0.20170769 0.73039728 0.48142812
v -0.02720992 -0.72816932 0.42798364
v 0.13499708 -0.68689960 0.06277553
v -0.30250052 -0.41883737 0.47934708
v -0.09723690 -0.74319333 0.51150751
v 0.22282974 0.69385070 -0.49571308
v -0.06002965 -0.70699072 -0.35933790
v 0.06613811 0.00000088 -0.55433279
v -0.27172419 -0.01183940 0.16662887
v 0.10133521 0.07484875 -0.55602634
v -0.21868040 -0.73355567 0.10452051
v -0.23103340 -0.72931433 0.11947472
v -0.00175386 0.25936815 -0.44416538
v 0.12542200 -0.72699898 0.05367640
v -0.34304807 -0.35812092 0.41799018
v -0.10227750 -0.56847280 0.54894269
v -0.22314513 0.74073070 0.36487550
v 0.12716700 -0.72326601 -0.53110802
v -0.24291010 0.70068419 0.21380231
v -0.08563787 0.21118881 0.56351089
v 0.11833023 -0.73557031 0.05412075
v 0.05182560 -0.26925325 -0.55430639
v 0.33357239 0.67237550 -0.43226725
v -0.29217494 -0.66572833 0.47818443
v -0.31964874 -0.52341866 0.46173206
v -0.30645725 0.66580445 0.46443576
v -0.07405653 -0.60939646 0.52777207
v -0.17600477 0.73620808 0.16113150
v -0.19695336 -0.70648730 0.52051467
v -0.28634319 0.04185496 0.49108398
v 0.26330978 0.37426963 -0.48968983
v 0.31751284 0.28032705 -0.46394747
v 0.01477386 -0.68815243 0.35615641
v -0.12183709 0.05237285 0.55852389
v -0.04444170 0.69030249 0.52232850
v -0.27679420 -0.70855981 0.48408082
v -0.08248898 0.72521770 0.48921564
v -0.29001433 0.71660608 0.38115108
v -0.23322423 -0.71742922 0.09318854
v -0.22253767 -0.72289747 0.07543847
v 0.31479526 -0.42616424 -0.46363819
v 0.07766831 0.48626748 -0.54148275
v -0.17708969 0.72482085 0.11515984
v -0.00379488 -0.73275137 -0.35872129
v 0.18711671 -0.72580898 -0.10301080
v -0.34120589 -0.41888398 0.43106869
v 0.31764975 0.14645569 -0.46562651
v 0.33557761 -0.02599232 -0.41605431
v -0.08752842 -0.65117228 0.53767246
v -0.06974857 0.02242505 0.55052310
v -0.30533639 -0.72960788 0.31486416
v -0.32697493 0.27713948 0.40050986
v 0.32304695 0.12620378 -0.34191853
v 0.09181457 0.72481173 0.16469291
v 0.34093022 0.59082943 -0.42009431
v 0.24789633 0.73518288 -0.22594100
v 0.02938661 -0.43248814 -0.54461044
v -0.14306991 -0.71777320 -0.14206478
v 0.32949254 0.20197169 -0.45613429
v -0.10456647 -0.74427855 0.47795755
v -0.31134740 -0.16477039 0.47739133
v 0.19401705 0.74774706 -0.45099327
v 0.02678683 -0.71166551 -0.51892221
v -0.29349151 -0.73359185 0.29854155
v 0.05044365 0.10452939 -0.53864253
v 0.10762911 0.73750162 -0.49008572
v -0.30693093 -0.47523558 0.47516698
v -0.34165415 -0.37821546 0.38192058
v 0.04781019 0.22405060 -0.52702922
v -0.08760051 0.47131246 0.56899393
v 0.32222217 0.67231274 -0.44825023
v -0.13938390 0.69639665 -0.05231760
v -0.07089739 -0.74500388 -0.12436096
v -0.08113878 -0.14214589 0.55383289
v 0.32000706 0.61358571 -0.45717713
v -0.13599262 0.73010808 0.02910908
v -0.02696017 0.72092968 -0.29233581
v 0.14520741 0.73611504 -0.00312996
v -0.16941942 -0.67964530 0.52915752
v 0.22753257 0.74590415 -0.25690839
v 0.32850718 -0.00748635 -0.45610076
v -0.31358722 -0.31421715 0.47228006
v 0.32939562 0.15708607 -0.45617795
v -0.12541649 -0.37887111 0.55130410
v -0.07507986 -0.15710625 0.54895592
v -0.10230467 -0.47129476 0.55213678
v 0.32947969 0.18700948 -0.45615694
v -0.03598395 -0.62980264 -0.45240074
v -0.29792008 -0.49767157 0.47965196
v 0.07882009 0.71345335 -0.51334095
v 0.29774994 -0.65081859 -0.46985677
v -0.32755393 -0.66082168 0.31670547
v 0.14989130 -0.73034281 -0.00686793
v 0.05843916 -0.70447683 0.24192263
v -0.07960569 -0.44135898 0.54241711
v 0.06740265 0.37394139 -0.53990275
v -0.07893432 -0.06733810 0.55492800
v 0.31249106 -0.06731883 -0.47062373
v -0.00842233 -0.06762321 0.44807282
v 0.19266970 0.73851049 -0.11660532
v -0.34209934 -0.54999715 0.41594622
v 0.06699443 0.02998811 -0.55384582
v 0.10144468 0.10477833 -0.55569035
v 0.19756709 -0.73280019 -0.18701048
v -0.23822373 -0.73836344 0.17980824
v 0.33978996 0.49744377 -0.35939416
v 0.02410577 0.73280162 0.25123176
v 0.17220867 0.73124266 -0.48815304
v -0.30351001 -0.72298801 0.29173601
v -0.33982971 -0.52457625 0.35758483
v 0.16507857 0.70908511 0.05455742
v -0.08594925 0.67243916 -0.19949803
v -0.01500105 -0.74239165 0.36678720
v 0.22742774 -0.67735821 -0.50928599
v -0.32213959 0.22475886 0.46134296
v 0.05339208 0.13464004 -0.53971112
v -0.09945006 -0.38152567 0.55398679
v -0.11807281 -0.70191967 -0.21947709
v 0.22289771 0.59129238 -0.50202429
v 0.23641212 -0.72185862 -0.21887115
v 0.33820343 0.47128606 -0.44553265
v -0.16315441 0.39509201 -0.07953981
v -0.15859349 -0.71971744 -0.09757927
v -0.17667910 0.68784225 0.03518187
v -0.34370306 -0.24000710 0.41825038
v -0.14709808 0.73108345 0.06310424
v -0.12325531 -0.32529676 -0.24056448
v 0.31991196 0.41891962 -0.46050990
v -0.18061349 0.67442513 0.53839028
v -0.11746805 0.13460247 0.56093025
v 0.32232988 -0.45637149 -0.41624418
v -0.07018520 -0.72559899 0.51561397
v 0.19914880 0.71387631 -0.03796960
v -0.10059892 0.74420285 0.01630909
v 0.11220600 -0.72150201 -0.54233402
v 0.11812838 0.73441988 0.06049123
v 0.34296626 0.26925117 -0.41864291
v -0.22474508 -0.70625573 0.05964407
v -0.31347063 0.44138896 0.46666500
v -0.07878174 -0.50122112 0.54030681
v 0.27277067 -0.71781737 -0.43882787
v 0.28908101 -0.70726001 -0.46817201
v 0.16320799 -0.73500943 -0.07386708
v -0.33640587 -0.16525473 0.44838563
v 0.28908020 -0.69333869 -0.33292761
v 0.09713774 0.71080852 -0.52323526
v 0.15932487 -0.73048365 -0.03606555
v -0.06671955 -0.38749626 0.52758974
v -0.15709619 -0.72153217 0.52913964
v 0.28487182 0.73560524 -0.36442152
v 0.21878409 -0.70475483 -0.51107848
v 0.05040119 0.32997441 -0.52399713
v 0.30492321 0.71274984 -0.28318125
v -0.04435664 -0.71792227 -0.38079521
v -0.33292398 -0.71860391 0.36634666
v -0.30110332 0.59096420 0.47225407
v -0.07698633 0.05997375 0.55717707
v -0.25249916 0.70604658 0.24636839
v 0.00559504 0.70282084 0.42676851
v -0.10036360 0.68830657 -0.15512894
v 0.01746580 0.72356856 -0.39660302
v 0.15604185 0.73427647 -0.49076718
v -0.01728791 0.70460081 0.47101635
v -0.25075513 0.71342432 0.26086819
v -0.34181225 -0.61115700 0.42114574
v -0.10245057 0.57587963 0.56156099
v 0.32081801 -0.18701734 -0.46232608
v 0.05975218 -0.73977429 0.18689671
v 0.12929991 0.70634878 0.14196005
v -0.13366358 0.69783133 -0.06511112
v -0.06095476 -0.69045961 -0.37609187
v -0.13025133 -0.74943089 0.00536724
v 0.07871944 0.66475147 -0.52561247
v -0.13363677 0.09635410 0.55536878
v -0.11788531 -0.13468634 0.55723518
v 0.32375056 0.68995243 -0.30404770
v -0.06441022 0.40265819 0.55735910
v 0.01521865 -0.71059996 0.34441075
v -0.31897074 -0.71738553 0.31875432
v 0.03222875 -0.74916792 0.21870419
v -0.30320406 -0.25431266 0.48294893
v 0.05222407 -0.65821165 -0.56035584
v -0.29318458 0.61351275 0.47679585
v -0.12481464 0.51468182 0.56074667
v 0.14082369 0.71050483 0.10488199
v -0.06965446 -0.46460119 0.52815193
v -0.23516567 0.73640078 0.32828620
v -0.24196185 -0.71016246 0.10854286
v -0.25116351 0.73043102 0.39693132
v 0.14005288 0.67658412 0.13428251
v -0.33378720 -0.19215916 0.45198941
v -0.28024793 0.70568484 0.48113590
v -0.17900158 0.70927680 0.52264667
v -0.32894027 -0.70925593 0.34513029
v 0.25480136 0.70897937 -0.15478818
v -0.12583137 -0.71993607 -0.18151346
v 0.16193640 0.69165695 0.07802189
v 0.18464200 0.70852602 0.00748040
v -0.03394027 -0.73343307 -0.32802534
v -0.12364174 0.47724077 0.56198621
v -0.05015054 -0.73257077 -0.31254742
v 0.22249174 0.73492044 -0.16547047
v 0.27004001 -0.72225153 -0.32161668
v 0.25887796 -0.69191861 -0.49194366
v 0.30420634 0.72853786 -0.35627648
v -0.01596913 -0.70905697 -0.45921147
v -0.31903440 0.41149598 0.45918590
v 0.10121979 0.04492041 -0.55636203
v -0.19526607 -0.73150414 0.03411486
v -0.31052375 -0.22446609 0.47768500
v -0.05618866 0.61286438 -0.29645699
v 0.04437441 0.70599025 0.33821833
v 0.30694950 -0.64288390 -0.45211276
v -0.08800316 -0.29177386 0.55311608
v -0.21713194 0.72316474 0.49143782
v -0.31068292 -0.65830594 0.46743354
v -0.21228416 0.71136940 0.15693398
v 0.05562408 0.73217338 -0.43676132
v -0.04511779 0.71681684 -0.26084435
v 0.31052706 0.72306210 -0.43623748
v -0.33398429 -0.31417894 0.44960266
v -0.31130248 0.63103324 0.37298650
v -0.28878838 -0.73174435 0.45637441
v 0.30565119 -0.62095249 -0.46310493
v -0.19298558 -0.55507427 -0.06901792
v -0.10565708 -0.74127942 -0.12003945
v -0.30363959 -0.12854396 0.48250031
v -0.31106481 -0.36069250 0.47405431
v -0.05565688 0.24115473 0.53966367
v -0.10243549 -0.44888350 0.55273879
v 0.09811857 -0.61512721 0.17823286
v 0.01787088 0.70597744 -0.42551130
v 0.14982794 0.69303679 0.10577630
v 0.01409197 -0.69824064 -0.51516092
v 0.11820047 -0.72015369 0.08214436
v 0.25703558 -0.71808159 -0.45730141
v 0.03651707 -0.14961213 -0.53712118
v -0.33517054 0.03779965 0.40661880
v -0.16479972 -0.74963921 0.12551390
v 0.26542756 -0.70655990 -0.27661446
v -0.11736138 0.74769783 0.08938649
v 0.03070017 -0.32027459 -0.53975391
v -0.04188167 -0.72480148 -0.36675423
v 0.27508533 0.32237035 -0.48480177
v -0.26365402 0.68985176 0.49457726
v 0.11100018 0.71355164 0.16633293
v -0.01267288 -0.68955165 -0.48876378
v 0.03691876 -0.52362776 -0.55326337
v -0.18349417 -0.71772099 -0.03765015
v 0.08425470 -0.73691326 0.13453519
v -0.29405990 -0.35125399 0.48525611
v -0.09168472 -0.74098933 -0.14985329
v 0.19449474 0.71259582 -0.02212951
v -0.30478644 0.28443667 0.47469896
v 0.28159463 0.68863487 -0.19983098
v -0.21579918 0.71836621 0.18933523
v -0.25716060 0.67441213 0.23027198
v -0.19388336 -0.08748949 0.53256309
v -0.33874032 -0.06216545 0.44566292
v -0.19701561 0.70072639 0.52390474
v -0.20234339 -0.58411115 0.52207184
v 0.34049872 0.63091129 -0.41837555
v 0.12052015 0.61422390 -0.53599513
v -0.08659996 0.48625371 0.56812191
v 0.16307388 -0.70660007 -0.01814411
v 0.04950820 -0.01644385 -0.54284751
v 0.33170888 -0.20911954 -0.42311382
v 0.17213839 0.74801445 -0.46282339
v 0.02482463 0.73070687 -0.37532789
v -0.08219479 -0.56105798 0.53985673
v 0.32598576 -0.44670185 -0.43813303
v -0.06989103 -0.26182240 0.53841728
v -0.34204340 -0.58372051 0.41791117
v -0.13441764 0.72367674 -0.00127398
v 0.03882578 -0.46378261 -0.55230790
v 0.33876359 0.18956181 -0.40042168
v 0.08131701 -0.73143119 -0.43414521
v -0.10323356 -0.72706813 -0.21290919
v -0.08002403 -0.73458904 -0.23417696
v -0.34026700 -0.04570058 0.41993874
v -0.06770734 -0.10482094 0.54235965
v -0.19569035 -0.74619514 0.11063080
v -0.02906900 -0.53137976 0.46218672
v 0.32948199 0.21693404 -0.45609263
v 0.03406017 -0.67135394 -0.55132502
v -0.06931429 -0.23221031 0.53888857
v 0.03557245 -0.17953920 -0.53771031
v 0.02577418 0.69273311 -0.45296958
v 0.31702557 -0.54653108 -0.40961450
v 0.02254017 -0.74879438 0.24090809
v 0.10099544 -0.55533296 -0.56215787
v -0.06550952 0.68089938 0.55181503
v -0.08720035 0.61588627 0.56095403
v 0.31605172 0.39443421 -0.46316305
v 0.33514309 0.65089560 -0.43592060
v 0.07487062 0.74015415 0.08246427
v -0.11758567 -0.16458699 0.55687261
v -0.06302001 0.07526876 0.54357892
v -0.10316361 -0.04482681 0.56077451
v -0.06206967 -0.73292935 -0.28512526
v 0.03791880 -0.73838598 0.24597199
v 0.02221245 -0.52363461 -0.53993696
v 0.13661051 0.69560546 -0.52446842
v -0.13236599 -0.68814707 -0.19278963
v -0.06989936 0.71702546 0.51261622
v -0.30977330 -0.33663285 0.47590706
v -0.16873951 -0.74607939 0.33635890
v 0.13606887 -0.73209232 0.02290542
v -0.05424180 -0.73832899 0.47126499
v -0.08764002 0.39643961 0.56822437
v 0.22387868 0.71463585 -0.48457116
v -0.11738713 -0.29914004 0.55500919
v 0.07722887 0.64242423 -0.52831167
v -0.27650160 0.70225412 0.30708408
v 0.04864115 0.70670784 -0.48546243
v -0.31922963 0.33664945 0.46188459
v -0.02338074 0.63746309 0.50454187
v 0.24124801 -0.72488862 -0.24677572
v 0.19357194 0.73238635 -0.08948628
v -0.01061445 0.66073948 -0.38584220
v 0.30193955 -0.70220548 -0.44142351
v 0.32900187 -0.21696074 -0.45054221
v -0.25502110 -0.74005026 0.27016905
v 0.03029528 -0.34412491 -0.54107463
v 0.19408002 0.71282250 -0.49594781
v 0.17299214 0.70359057 -0.50968015
v -0.10299186 0.01533078 0.56200606
v 0.06776422 0.05990670 -0.55333078
v -0.33985507 -0.02995746 0.44134456
v -0.03061622 -0.73162287 -0.35013211
v 0.22457841 0.74468905 -0.22465572
v -0.19817175 -0.74862617 0.13441284
v 0.22392313 -0.72690105 -0.20511244
v -0.06862422 -0.71823919 -0.32196671
v 0.09121826 -0.12714514 -0.56140667
v -0.31811917 0.49923098 0.40464211
v -0.06509902 0.35156292 0.55659944
v 0.31501657 -0.44138274 -0.46300244
v 0.14756346 0.71545333 -0.50982332
v -0.13097847 -0.42714453 0.54883599
v -0.05636572 -0.15639009 0.52269745
v -0.20871359 0.69269872 0.12017532
v 0.14101900 -0.72059703 -0.53127098
v 0.10685235 -0.74329138 -0.00270724
v -0.00995362 0.71933371 0.41157013
v 0.25805783 0.74134523 -0.27319974
v -0.02229425 0.74709386 -0.13382763
v 0.04505613 -0.70130128 0.27655277
v -0.10090342 0.19263254 0.56497473
v 0.32746360 -0.39039057 -0.43834391
v 0.30418319 0.72815973 -0.40166086
v 0.33069000 -0.24036881 -0.42273051
v -0.18311048 0.69624841 0.05770061
v 0.05683258 -0.72533965 -0.51039165
v 0.02159321 -0.62796527 -0.54269391
v 0.32749173 0.45631343 -0.45588344
v 0.24387774 0.71429181 -0.14442097
v 0.32717952 -0.41145441 -0.43616691
v 0.14707026 0.74124473 -0.05409053
v -0.08939408 0.69355756 -0.17943828
v -0.05643310 0.74550933 -0.07366912
v 0.08777191 -0.70007366 0.17203660
v 0.33890152 0.43282694 -0.36268947
v 0.02520227 -0.38869268 -0.53671789
v -0.22348113 0.73815840 0.29524899
v -0.13354416 -0.74264431 -0.04978442
v 0.01715817 0.70551389 0.39892834
v -0.10339888 -0.70615035 -0.25332445
v -0.26076469 -0.72774035 0.48475426
v -0.11536807 0.68695372 0.55325663
v 0.19621114 0.74363774 -0.16403449
v 0.25374973 0.73101538 -0.45556417
v -0.31728828 -0.06037127 0.47115627
v 0.20131227 -0.71457440 -0.51295787
v -0.10210266 0.70975900 -0.12777703
v -0.01558977 0.69199234 -0.35998422
v 0.33354414 -0.03741957 -0.44724953
v 0.07303090 0.60531324 0.30634078
v 0.25947484 0.71136469 -0.17261371
v -0.06951846 -0.17970866 0.54119337
v -0.17751648 -0.71817207 -0.05098748
v 0.00170790 0.61141664 0.45586738
v -0.27050486 -0.73774308 0.29830492
v -0.06590435 -0.60271585 -0.38593000
v 0.31512019 -0.60078984 -0.43264794
v 0.14281033 -0.73918170 -0.13838276
v -0.33347467 0.16066104 0.41662225
v -0.32335448 0.00012013 0.46527958
v 0.05956842 -0.74864173 0.13597627
v -0.32848817 0.23164243 0.40072200
v 0.04678670 0.74763608 0.03262147
v -0.20408992 -0.72001809 0.02193824
v -0.13568334 0.73189336 0.49384156
v 0.08421950 0.58208930 -0.53686792
v -0.08689926 -0.23193809 0.55451852
v 0.23246330 0.73187602 -0.46608725
v 0.04022804 -0.74483067 -0.17197002
v 0.33512399 -0.05983302 -0.41916537
v 0.31411234 -0.15759902 -0.34140217
v -0.25554076 0.72966814 0.35818377
v -0.34277973 -0.32903102 0.42063379
v 0.29582134 -0.70899993 -0.36815524
v -0.19502188 -0.70078975 -0.02258219
v -0.26760358 -0.11892536 0.50198793
v -0.02847317 0.67494959 0.50531578
v -0.34421867 -0.26921156 0.41442725
v -0.20862019 -0.74766648 0.16380811
v -0.07485811 -0.02248602 0.55435431
v 0.32054561 -0.26182261 -0.46170190
v -0.19830279 0.74092883 0.40757227
v -0.01192936 -0.74789393 0.31503400
v 0.08983116 -0.73923689 0.11232749
v 0.28891584 -0.66349262 -0.47512540
v 0.06260601 0.29178339 -0.54101515
v -0.10168175 -0.74827027 -0.05660364
v -0.12774740 0.62167865 -0.12181578
v -0.05510217 0.56102103 0.55317062
v -0.26846850 -0.68450415 0.16247632
v 0.34177136 0.65001363 -0.37619814
v -0.03213213 -0.73665619 -0.28024319
v 0.00009179 0.67635459 0.44971693
v -0.16328011 0.74768901 0.19538654
v 0.02932284 -0.23969448 -0.53246844
v 0.02749345 -0.72732317 -0.46352708
v -0.14255391 0.65761292 0.55149645
v -0.00112505 0.74023914 -0.24332727
v -0.32338622 0.38779870 0.42920780
v -0.19827704 0.71421987 0.12826760
v -0.08061933 -0.59100795 0.53699696
v -0.22298232 0.72838825 0.46655434
v -0.34038430 0.00139277 0.43860742
v -0.09043270 -0.15710349 0.55666560
v -0.11328987 0.71833789 -0.07723196
v 0.32010913 0.31412742 -0.46175402
v -0.17543235 -0.73997271 0.02819209
v 0.29614514 0.73139572 -0.33117324
v -0.14104414 -0.73142874 -0.10314006
v -0.24024200 0.67673016 0.51023042
v -0.31898841 -0.58381927 0.46119818
v -0.11751354 -0.24686556 0.55573398
v 0.06820737 0.73588198 0.14187706
v -0.30899870 -0.61212659 0.47013283
v 0.06149696 0.68900967 -0.50949991
v -0.11738492 0.40709183 0.56414163
v 0.09260651 0.74086368 -0.45605105
v 0.30664021 -0.60598934 -0.46293473
v -0.24667485 0.25290436 0.51211810
v 0.05029781 0.74676180 -0.30463886
v -0.31385908 0.57574803 0.37507886
v 0.31492475 -0.59280235 -0.40816459
v -0.26033345 0.71842426 0.30554456
v -0.18075319 -0.72716475 -0.02270189
v 0.14916997 0.74952400 -0.33898485
v -0.10432980 -0.63893604 0.54193652
v 0.27382922 0.49365312 -0.48368871
v -0.34155390 -0.20936507 0.43487021
v -0.06257749 0.51613522 0.56003261
v -0.33051440 0.06734209 0.45759892
v 0.04676606 -0.57165611 -0.55908954
v 0.07275891 0.09728922 -0.55566972
v 0.06548312 -0.02978248 -0.55482727
v 0.10519002 -0.72124720 0.11371117
v -0.04046640 -0.74721819 0.32611835
v -0.18096942 -0.74821514 0.08901758
v 0.26189572 0.74348170 -0.29864740
v 0.10159795 0.13470131 -0.55533850
v 0.04687018 0.71963286 0.28835356
v 0.02055519 -0.71888375 -0.50178236
v -0.13577797 -0.71948266 -0.15912279
v -0.12896933 0.61139071 0.55620492
v -0.21264933 0.41013953 0.52990037
v -0.09530356 0.73721480 -0.04324630
v 0.32087263 -0.23189984 -0.46168241
v 0.34212825 0.55128783 -0.36305928
v -0.08758564 0.34405705 0.56701118
v 0.07364467 -0.37408146 -0.56562990
v 0.23016249 -0.69566882 -0.50686270
v -0.06734521 -0.20509040 0.53746033
v 0.07342900 0.14217199 -0.55475157
v 0.25273797 0.69132531 -0.13339163
v 0.33222610 -0.27685276 -0.43772903
v -0.30357257 0.70316690 0.41137874
v -0.10091695 -0.57123756 -0.30536887
v 0.01631839 -0.74641043 0.27673045
v -0.08315213 -0.73628670 -0.21140435
v -0.23177226 0.21078435 0.52055752
v -0.30131590 -0.52397966 0.47726938
v 0.22646889 -0.72832519 -0.27023157
v -0.03281026 -0.73715669 0.42399231
v -0.25651097 -0.72521162 0.17193848
v 0.22714952 0.74742544 -0.35484311
v 0.10206121 -0.15205669 -0.55793417
v 0.00158373 -0.74860585 0.25699991
v 0.24573435 -0.35282740 -0.50480330
v 0.06133638 -0.74945718 0.06021719
v -0.14797556 0.74827403 0.17507336
v -0.18257876 -0.68939650 -0.06182298
v 0.28332323 -0.72052914 -0.35156262
v 0.24091984 -0.70986998 -0.21486664
v -0.29918063 -0.71898574 0.26974633
v 0.32922742 0.38150588 -0.45534360
v -0.25093001 -0.72861701 0.48987600
v 0.24167733 0.01503445 -0.50261468
v -0.34128758 -0.45330122 0.42942706
v 0.29789987 -0.51690972 -0.47299483
v -0.11969902 -0.74135900 -0.09010915
v -0.03883667 0.70774084 -0.29182017
v 0.17231831 0.71060920 0.03157217
v 0.19545254 -0.69264883 -0.52277571
v 0.00787437 -0.73852199 0.32045701
v -0.34271070 -0.47387812 0.37717736
v -0.14575966 0.71083516 -0.01490687
v -0.03014199 -0.71902823 -0.41184002
v -0.01365539 -0.69062304 0.42178667
v 0.06675283 -0.63164485 0.24935137
v 0.01315890 -0.72413456 0.33608046
v -0.02245372 -0.73032868 -0.37482098
v -0.00357129 0.16270882 -0.44910499
v 0.31222296 -0.09724104 -0.47097158
v -0.06698810 0.71653539 -0.20207283
v 0.06991745 0.74724227 -0.33983269
v 0.07380931 -0.34403819 -0.56505120
v 0.16440582 -0.69169647 -0.53617102
v 0.32682133 -0.42642018 -0.43636546
v 0.08228439 -0.14957951 -0.56197977
v -0.06454117 0.38148439 0.55708289
v 0.28590900 0.71023649 -0.23172161
v 0.04177822 0.28769976 -0.51440382
v 0.33931831 0.10476708 -0.41761032
v 0.10139874 -0.05914794 -0.55730158
v 0.04260002 0.51679009 -0.49931046
v 0.04873281 -0.09785910 -0.54622239
v -0.07430073 0.74759060 -0.00671988
v 0.33994433 0.13821995 -0.41606119
v 0.13525774 0.64977223 -0.52998871
v 0.04289190 0.73245269 0.21791138
v 0.19478664 0.69260514 0.00115812
v -0.28833967 -0.73213065 0.43960109
v 0.02575746 -0.57596314 -0.54643345
v 0.30055115 0.64204890 -0.23066413
v -0.02486468 -0.44749215 0.45909253
v 0.31977227 -0.32167602 -0.46127757
v 0.29910696 -0.47152922 -0.47324809
v -0.10639865 -0.73297393 -0.18016812
v -0.18053702 0.74837559 0.25416175
v 0.07388501 -0.32163671 -0.56464326
v -0.25317159 -0.70420289 0.13243505
v 0.28144491 0.62374187 -0.47654513
v 0.26963979 0.74208850 -0.32883465
v -0.33922175 -0.11124060 0.40628076
v -0.05645762 0.48621878 0.55212867
v 0.05995151 -0.74931145 0.11024717
v -0.34257498 -0.07765453 0.42924809
v 0.23975536 -0.72586936 -0.30833912
v 0.02925701 -0.69117749 -0.53833097
v -0.34191874 -0.63084495 0.41320825
v 0.22857708 -0.53556198 -0.51342863
v -0.04819401 0.67479080 -0.29080218
v -0.12423453 0.51040953 -0.15673520
v -0.33201033 0.17938775 0.44766676
v -0.24197778 0.67444694 0.19128281
v 0.00052139 -0.72444493 -0.45644256
v -0.00509672 0.07569438 -0.45354730
v -0.06772304 0.20195539 0.55404067
v 0.24948296 0.17101099 -0.49779442
v -0.17221254 0.74821442 0.22586502
v 0.10224371 0.00299956 -0.55638933
v 0.23331825 -0.71854156 -0.48697895
v 0.20851302 0.73532438 -0.13495842
v -0.02427340 -0.66537094 -0.47413290
v -0.13079502 -0.59270298 0.54312676
v 0.06723321 0.40443772 -0.53847706
v 0.22690800 0.71187085 -0.09699075
v 0.31664211 -0.47128314 -0.45894963
v -0.33898833 -0.66218007 0.38761812
v -0.24108484 -0.74092615 0.20819503
v 0.10681622 0.40393445 -0.55034584
v -0.30105129 -0.58370775 0.47591105
v 0.10082448 -0.09005644 -0.55775410
v 0.08081988 0.23191102 -0.55429870
v -0.05450673 0.38900012 0.54443103
v -0.12716791 -0.72253019 0.53147644
v -0.13586845 0.74183333 0.39784390
v -0.19246234 0.74917489 0.33229429
v 0.34248033 0.23679498 -0.41802606
v 0.29180342 0.23445778 -0.47761717
v -0.24845892 0.70249295 0.23210971
v -0.12494592 0.71485937 -0.05851773
v 0.23980510 0.69192642 -0.10345003
v 0.07408722 -0.53887051 -0.56869787
v 0.13305870 -0.68937081 -0.54845881
v -0.10177927 -0.39652446 0.55479628
v 0.30143708 0.05691863 -0.47501794
v 0.33233932 -0.17943928 -0.42211190
v 0.06732343 -0.26928589 -0.56138641
v -0.01147206 0.11226927 0.46128175
v -0.30133891 0.68639827 0.36276433
v 0.01355881 0.73273486 -0.33508566
v 0.29513374 -0.69522154 -0.46813741
v 0.25769773 -0.72321862 -0.34359992
v -0.14650126 0.74715763 0.14973271
v -0.04733112 0.74933028 0.17018513
v 0.03790527 0.74711084 -0.26960546
v -0.01694316 -0.23231436 -0.45688817
v 0.13683327 0.62039125 0.15943241
v -0.11750770 -0.22445981 0.55604488
v 0.33696252 0.01495536 -0.41823336
v 0.32685456 0.56103963 -0.45473012
v 0.08228440 0.05984891 -0.55781388
v 0.11117016 0.72176057 0.13786532
v 0.04470715 -0.38895547 -0.55399019
v 0.07307900 -0.74781299 -0.05282678
v -0.12717137 -0.74277616 0.51411712
v -0.06493941 0.65857011 0.55416101
v -0.16091621 0.68623430 -0.00539540
v -0.03960042 -0.74643284 0.38812283
v -0.11782216 0.26924062 0.56248593
v 0.13950245 -0.14578319 0.13059759
v 0.08228429 -0.05979832 -0.56026047
v 0.10123067 0.15709573 -0.55524403
v -0.02657740 -0.57115775 -0.46657586
v 0.07953575 0.18702458 -0.55516231
v -0.02670863 -0.51002681 -0.46117064
v 0.29886559 0.54850721 -0.22497652
v 0.27001268 0.73253709 -0.43989494
v 0.00767796 0.57531148 -0.43459773
v 0.30266100 -0.69143021 -0.37698311
v -0.23573676 0.37863404 0.51735318
v 0.02182902 -0.53175336 0.36513636
v -0.30310452 0.70059383 0.46758813
v -0.32482171 0.33267736 0.39761293
v 0.30418843 -0.35904649 -0.47283220
v 0.30324399 -0.59095198 -0.46718001
v -0.09464075 -0.30670932 0.55441630
v -0.02630146 0.73167300 0.34908304
v -0.18151528 0.15918374 0.53936195
v -0.13943730 0.01579666 0.55264992
v -0.09629475 -0.35159293 0.55378342
v 0.06600951 0.71050596 0.27653503
v 0.28121015 -0.70882463 -0.32361138
v 0.04439826 0.74958414 -0.10519151
v 0.06219982 0.64379895 -0.51409501
v 0.06423447 0.51027435 -0.52826184
v -0.07003725 -0.47075626 -0.37019184
v 0.04898657 0.42663640 -0.51523584
v 0.19650514 -0.73274672 -0.20797147
v 0.33446002 -0.08977544 -0.41983429
v -0.01035388 0.02952665 0.45563179
v 0.28103662 0.55226254 -0.47920442
v 0.03923465 0.68975055 -0.47680601
v -0.14781320 0.70594537 0.53526390
v -0.09519051 0.14366703 -0.26863015
v -0.32264939 -0.30924034 0.31075227
v -0.08719766 -0.24689928 0.55419695
v 0.02216152 -0.59864545 -0.54244059
v -0.15150483 -0.74278539 -0.00980215
v 0.26157540 0.70503396 -0.47734392
v -0.02388788 -0.59913391 0.45017469
v 0.25790602 -0.72321999 -0.29249164
v 0.25124675 -0.19229627 -0.50094587
v 0.30168167 -0.36142427 -0.32043612
v 0.11601762 0.30279052 -0.54808909
v -0.15473926 -0.71777743 -0.11251561
v 0.32499963 -0.38102365 -0.41691700
v 0.05468173 -0.69054317 -0.55401051
v 0.34253407 0.33756903 -0.40255234
v 0.08560168 0.02828265 -0.55876106
v -0.01229725 -0.00572530 -0.44702280
v -0.34321979 -0.17946056 0.41822019
v 0.01168317 0.67320222 -0.43193510
v 0.02345453 0.22501510 -0.48983192
v 0.24916175 0.09872819 -0.49870384
v 0.29800072 0.19481309 -0.25323331
v 0.14477403 0.59247702 -0.53177750
v 0.03343470 -0.73712301 0.26181400
v 0.02026478 -0.45667645 -0.53367817
v 0.23783906 -0.41957581 -0.50886559
v -0.25476131 0.38714418 0.16247304
v 0.32028535 0.03740855 -0.46460289
v 0.33297780 -0.14961533 -0.42143056
v 0.24195603 0.25949988 -0.49989885
v -0.20529118 -0.73435336 0.07403113
v -0.14955725 -0.74954164 0.08305316
v -0.24469540 0.58658010 0.16822325
v -0.24308521 0.11256632 0.51478171
v 0.33796546 0.64991778 -0.34292650
v 0.08101689 -0.70597053 -0.55284446
v 0.00955482 0.74701452 -0.20779026
v -0.20930879 -0.51626247 0.52106315
v 0.10153741 -0.45390308 -0.56097639
v 0.18495765 -0.73297888 -0.12557407
v -0.22372195 0.61976403 0.52139169
v -0.30100745 0.41678792 0.30888814
v -0.26410800 -0.73321521 0.21981269
v 0.21940762 -0.58639842 -0.51738662
v -0.01423031 -0.15697736 -0.45579433
v 0.31360722 -0.56107670 -0.45649365
v -0.31884247 -0.44381750 0.28584114
v -0.02998737 -0.65769166 0.45786932
v -0.01594398 0.53738230 0.48712167
v -0.04287599 -0.74673277 0.36097386
v -0.34195247 -0.39117837 0.42721692
v 0.31563389 -0.51618314 -0.45812687
v 0.06254991 0.30674452 -0.54009187
v -0.32994506 -0.02243923 0.45991579
v 0.32132021 -0.53832263 -0.43514422
v -0.34228498 -0.42658451 0.38002115
v 0.23775266 -0.08280606 -0.50524515
v 0.13008060 0.48616463 -0.53995556
v -0.31031129 0.30577132 0.32763708
v -0.00161311 -0.67613453 -0.50863594
v -0.21006851 -0.73822367 0.48431095
v 0.26559737 -0.68758231 -0.26258913
v -0.26629713 -0.73583853 0.24039677
v -0.32962182 -0.58972168 0.31842896
v 0.13389547 -0.72460121 0.03731069
v -0.07091728 0.69175762 -0.22662228
v 0.16755822 0.56572461 0.09493105
v 0.30263305 -0.22458085 -0.47569826
v -0.19712470 0.57594049 0.53735954
v 0.28789496 -0.71785760 -0.40892589
v 0.07493328 0.74714649 -0.00825349
v 0.10471350 0.61273193 0.23488863
v 0.20694579 0.69123018 -0.02676630
v -0.30489165 -0.62756073 0.24370137
v 0.08811298 -0.71974301 0.15660958
v -0.26743066 0.48844481 0.21157481
v 0.06732304 -0.17954274 -0.55917072
v 0.09122777 -0.26918954 -0.56307471
v 0.18106733 0.68844163 0.03460314
v 0.02198683 0.72135884 0.33157551
v 0.29144287 -0.43024009 -0.47888258
v -0.21710910 -0.38961962 0.52047592
v 0.17052621 -0.53626919 0.02043701
v 0.09741244 0.72472119 -0.50635648
v -0.08754177 0.53851277 0.56574994
v 0.29312584 -0.46974930 -0.30521846
v 0.29109883 -0.56937069 -0.47593388
v 0.08323702 0.53119844 -0.54115647
v -0.20764227 0.52130181 0.05613863
v 0.20054615 0.65832764 -0.50845385
v -0.19501637 -0.33061114 -0.06301346
v -0.03251027 -0.70340252 -0.42930970
v 0.11779493 0.36189425 -0.54678982
v 0.09246596 -0.74392653 0.06076570
v -0.07572809 0.74938601 0.21814837
v 0.12395962 -0.72039664 0.06750328
v 0.24577953 -0.49159706 -0.16213340
v 0.24895534 -0.28061488 -0.50279915
v -0.10494178 0.74949402 0.26549721
v -0.30031973 0.20736046 0.47909465
v 0.06558324 0.03913177 0.30633920
v 0.03307450 -0.74850649 -0.09889495
v 0.12040125 0.74685556 -0.46580166
v -0.34061846 -0.31842014 0.38579759
v 0.01308995 0.42559433 -0.45740390
v 0.21074642 0.26756114 -0.01239590
v -0.16250247 -0.74465132 0.41050318
v 0.03588110 -0.01579687 -0.52682650
v 0.07517976 -0.73448455 -0.37445420
v -0.28919989 -0.34986112 0.19582470
v -0.20579587 -0.18350995 0.52703476
v 0.33244202 0.25017694 -0.36194104
v -0.31016448 0.19424249 0.31377912
v 0.06568266 -0.74936658 -0.00166515
v 0.07320062 0.12721062 -0.55506080
v -0.21333219 0.27569261 0.52861041
v 0.27594969 0.47666132 -0.16631438
v -0.26040712 -0.55340016 0.11025442
v 0.19644774 0.74599540 -0.19829728
v 0.32970327 0.68898630 -0.32318923
v 0.30406195 -0.19460006 -0.47502971
v -0.06310844 0.04997488 0.54257500
v 0.23171407 0.59497422 -0.05651806
v -0.00645717 -0.16459699 0.44040143
v 0.05522566 0.48404026 0.34566709
v -0.21364258 0.68805993 0.52380520
v 0.24801257 -0.23024617 -0.14626376
v -0.12206643 -0.34825888 0.55285609
v 0.22316380 0.42518058 -0.03435900
v -0.18360929 0.62663442 0.02064472
v -0.13173939 -0.47104979 0.54752994
v -0.24243522 0.06245843 0.51485074
v -0.13924961 0.55837309 0.55548334
v -0.16424878 0.72374898 0.50742996
v 0.05376242 -0.73504639 0.21712267
v -0.31536525 -0.06899832 0.30572090
v -0.28540170 0.56143278 0.27569130
v -0.13500127 0.74939102 0.31406540
v -0.27466232 -0.05857394 0.49897814
v 0.10048497 0.21694034 -0.55466068
v 0.33639941 0.41143146 -0.44848987
v -0.28701538 -0.17219082 0.49221766
v -0.28744805 -0.69468993 0.21740544
v 0.32793143 0.23189867 -0.45768324
v -0.15169075 -0.54835111 -0.17749585
v -0.05439992 0.35786229 0.54289323
v 0.06027566 -0.12545477 0.30924624
v -0.08255419 -0.71648407 -0.29201409
v 0.24544549 -0.66247249 -0.20146233
v -0.05490056 0.73321629 0.38658321
v -0.08670927 0.26422250 -0.27407166
v 0.07462197 0.20268185 0.29529634
v -0.07832012 -0.35928780 -0.34479681
v -0.01432458 0.38126218 0.47767451
v 0.17320623 0.74591053 -0.15018001
v -0.19509521 0.74839562 0.28907803
v -0.18969268 -0.73874915 0.05751507
v -0.11749886 -0.19451709 0.55646414
v 0.10056923 0.58531129 -0.53905994
v 0.03737391 0.06228458 -0.52338773
v 0.29323855 0.04053487 -0.25272745
v 0.25641730 -0.56512165 -0.20596051
v -0.03274443 0.63325852 -0.34365574
v -0.22673462 0.52261317 0.52094012
v -0.34112421 -0.65837026 0.42143482
v 0.01192395 0.74872637 0.07462489
v -0.28203601 -0.59697270 0.17524987
v -0.31503677 0.07324558 0.47058359
v -0.20472583 -0.00779389 -0.01671195
v 0.06485097 -0.05976372 -0.55530888
v -0.08670981 -0.09755113 -0.30677298
f 932 1236 1647
f 1159 1236 932
f 1159 231 1236
f 486 1427 1559
f 1630 1427 486
f 146 1079 1630
f 1834 1630 486
f 1834 146 1630
f 950 268 1047
f 486 268 950
f 486 1559 268
f 1544 486 950
f 1834 486 1544
f 1615 1841 231
f 1615 1301 1841
f 950 1301 1615
f 950 1047 1301
f 1684 1615 1159
f 1684 950 1615
f 1544 950 1684
f 577 1834 1544
f 1350 1834 577
f 1159 1615 231
f 413 583 1029
f 231 1029 1236
f 1029 906 1647
f 1029 1647 1236
f 1029 1482 906
f 583 1482 1029
f 1647 906 1374
f 1482 1296 826
f 1482 826 1374
f 906 1482 1374
f 1482 792 1296
f 583 792 1482
f 1019 1675 1581
f 89 1675 1019
f 89 413 1675
f 89 1403 413
f 1581 1427 1630
f 1079 1581 1630
f 1581 1559 1427
f 1581 1675 1559
f 1675 1047 268
f 1675 779 1047
f 1675 268 1559
f 413 779 1675
f 1047 779 1301
f 779 231 1841
f 779 1029 231
f 779 1841 1301
f 779 413 1029
f 1974 583 413
f 1974 792 583
f 1974 1661 792
f 1974 24 1661
f 1403 1974 413
f 7 1974 1403
f 7 24 1974
f 7 1305 24
f 1920 7 1403
f 1920 1305 7
f 1920 64 1305
f 67 64 1920
f 66 64 67
f 66 2000 64
f 1998 66 67
f 1695 1332 95
f 1695 1421 1332
f 895 753 881
f 895 1691 753
f 978 1691 895
f 978 95 1691
f 978 1695 95
f 1222 1695 978
f 1478 1977 558
f 1478 900 1977
f 357 900 1478
f 357 316 900
f 316 357 1457
f 1379 964 851
f 1379 1512 964
f 1379 558 1512
f 1478 558 1379
f 1598 1478 1379
f 1598 357 1478
f 1045 357 1598
f 1508 851 1421
f 1377 851 1508
f 1377 1379 851
f 1598 1379 1377
f 1508 1421 1695
f 1222 1508 1695
f 1508 1222 1377
f 1404 1159 932
f 1722 1374 826
f 932 1374 1722
f 932 1647 1374
f 1430 932 1722
f 1404 932 1430
f 1722 1456 1663
f 1722 826 1456
f 703 1722 1663
f 1430 1722 703
f 1251 1404 1430
f 1457 1064 316
f 1663 1064 1457
f 1663 1456 1064
f 1251 1430 703
f 1045 1457 357
f 1045 1663 1457
f 703 1663 1045
f 1575 703 1045
f 1575 1251 703
f 1931 1251 1575
f 1684 1159 1404
f 1593 1544 1684
f 577 1544 1593
f 968 1684 1404
f 1593 1684 968
f 968 1404 1251
f 88 577 1593
f 968 88 1593
f 88 968 1251
f 1931 88 1251
f 1748 1889 1425
f 1748 742 1889
f 1266 742 1748
f 1266 1533 742
f 1799 1533 1266
f 1799 1833 1533
f 1562 165 1349
f 947 1562 1349
f 1185 1332 1421
f 1349 775 1332
f 1349 1332 1185
f 1349 165 775
f 1562 1266 165
f 775 1691 95
f 1332 775 95
f 775 1921 1691
f 165 773 1921
f 165 1921 775
f 1266 1748 773
f 165 1266 773
f 753 1921 881
f 1691 1921 753
f 773 423 1384
f 773 1384 881
f 773 881 1921
f 1748 1425 423
f 773 1748 423
f 1384 863 1740
f 1384 423 863
f 881 1384 1740
f 792 901 1546
f 792 1661 901
f 1546 258 900
f 1546 900 316
f 901 746 258
f 901 258 1546
f 901 947 746
f 1661 947 901
f 1977 1062 558
f 258 1977 900
f 746 1112 1062
f 746 1062 1977
f 746 1977 258
f 746 947 1112
f 1661 1562 947
f 1512 1112 964
f 1062 1512 558
f 1062 1112 1512
f 1112 1185 964
f 947 1349 1185
f 1112 947 1185
f 851 1185 1421
f 851 964 1185
f 1296 1064 1456
f 826 1296 1456
f 1296 1546 1064
f 792 1546 1296
f 1064 1546 316
f 1801 1480 1799
f 1801 989 1480
f 1801 1799 1562
f 1822 1801 1562
f 1562 1799 1266
f 24 1822 1661
f 1822 1562 1661
f 134 989 1801
f 1822 134 1801
f 1822 26 134
f 1982 26 1822
f 1305 1982 24
f 1982 1822 24
f 1982 248 26
f 33 248 1982
f 33 1782 248
f 64 33 1305
f 1305 33 1982
f 33 1874 1782
f 2000 1874 33
f 2000 33 64
f 2000 407 1874
f 2000 1846 407
f 66 84 2000
f 84 1846 2000
f 1872 296 972
f 1872 174 296
f 1872 783 174
f 783 1872 1892
f 1754 1872 972
f 1104 1872 1754
f 1104 1892 1872
f 543 658 629
f 1668 543 1283
f 1668 658 543
f 972 1668 1283
f 972 1283 1754
f 427 1357 1229
f 427 1163 1357
f 1097 1163 427
f 1097 129 1163
f 281 1229 1242
f 281 427 1229
f 1097 427 281
f 1242 1678 471
f 1242 1287 1678
f 1242 1229 1287
f 1561 1242 471
f 281 1242 1561
f 1147 783 1892
f 471 1147 1892
f 471 1678 1147
f 1501 471 1892
f 1561 471 1501
f 1501 1892 1104
f 497 1333 129
f 172 1333 497
f 172 168 1333
f 789 168 172
f 789 891 168
f 994 891 789
f 994 816 891
f 552 816 994
f 552 211 816
f 136 211 552
f 161 129 1097
f 161 497 129
f 161 172 497
f 789 172 161
f 405 552 994
f 405 136 552
f 1016 136 405
f 1016 126 136
f 994 161 1716
f 994 789 161
f 1716 405 994
f 1401 405 1716
f 1401 1016 405
f 1080 1016 1401
f 161 1097 281
f 1401 1716 619
f 374 1401 619
f 374 1080 1401
f 944 619 1716
f 1039 1080 374
f 1547 374 619
f 1547 1039 374
f 606 619 944
f 606 1547 619
f 1680 1547 606
f 1175 606 122
f 1175 1680 606
f 1175 1547 1680
f 1175 411 1547
f 1947 89 1169
f 1903 1996 1972
f 783 1972 174
f 1972 756 296
f 1972 296 174
f 1972 1596 756
f 1972 1996 1596
f 756 658 1668
f 756 1668 972
f 756 972 296
f 1596 1725 658
f 1596 658 756
f 1596 1169 1725
f 1996 1169 1596
f 1996 1947 1169
f 1725 1366 461
f 1725 461 629
f 658 1725 629
f 1725 1169 1366
f 653 1893 1270
f 1372 1357 1163
f 1372 1163 129
f 1270 952 1053
f 1270 1053 1357
f 1270 1357 1372
f 1156 1270 1372
f 1270 1903 952
f 1893 1903 1270
f 1053 1678 1287
f 1053 1287 1229
f 1053 1229 1357
f 952 135 1678
f 952 1678 1053
f 952 1903 135
f 135 783 1147
f 135 1147 1678
f 135 1972 783
f 1903 1972 135
f 1333 1372 129
f 1065 1333 168
f 593 168 891
f 593 1065 168
f 286 891 816
f 286 593 891
f 211 286 816
f 946 211 136
f 1156 1372 1333
f 1065 1156 1333
f 151 593 286
f 151 286 211
f 672 211 946
f 672 151 211
f 1753 1156 1065
f 1753 1065 593
f 151 1753 593
f 1994 1753 151
f 465 151 672
f 465 1994 151
f 1753 1270 1156
f 859 1994 465
f 1734 1753 1994
f 859 1734 1994
f 653 1270 1753
f 1734 653 1753
f 663 1734 859
f 663 1343 1734
f 1343 653 1734
f 126 946 136
f 644 946 126
f 644 672 946
f 465 672 644
f 1394 465 644
f 693 859 465
f 1394 693 465
f 663 859 693
f 1620 663 693
f 38 126 1016
f 38 644 126
f 373 693 1394
f 1620 693 373
f 504 1016 1080
f 504 38 1016
f 1202 38 504
f 1202 644 38
f 1202 1394 644
f 373 1394 1202
f 504 1080 1039
f 1214 504 1039
f 1202 504 1214
f 1756 1620 373
f 411 1039 1547
f 411 1214 1039
f 409 1214 411
f 409 1202 1214
f 69 1202 409
f 69 373 1202
f 1439 373 69
f 1876 1947 1996
f 1288 1893 653
f 1288 1876 1893
f 1893 1996 1903
f 1876 1996 1893
f 1451 653 1343
f 1117 1343 663
f 1117 1451 1343
f 1279 653 1451
f 216 1451 1117
f 216 1279 1451
f 1279 1288 653
f 962 1279 216
f 833 1288 1279
f 833 1279 962
f 996 833 962
f 833 1689 1288
f 975 833 996
f 1617 1117 663
f 1617 663 1620
f 216 1117 1617
f 1154 216 1617
f 1203 962 216
f 1203 216 1154
f 1203 996 962
f 840 996 1203
f 840 975 996
f 1756 1617 1620
f 1154 1617 1756
f 1665 1203 1154
f 1267 1203 1665
f 1267 840 1203
f 1245 840 1267
f 1665 1154 1756
f 1439 1756 373
f 1867 1756 1439
f 1867 1665 1756
f 1867 1267 1665
f 1876 20 1947
f 1939 20 1876
f 1689 1876 1288
f 1885 1876 1689
f 1246 1876 1885
f 1831 1876 1246
f 1831 1939 1876
f 1682 1689 833
f 975 1682 833
f 717 1682 975
f 1682 1885 1689
f 1224 1885 1682
f 1116 1682 717
f 1116 1224 1682
f 1880 1885 1224
f 1880 1246 1885
f 923 1224 1116
f 923 1880 1224
f 260 1880 923
f 1193 1246 1880
f 260 1193 1880
f 1245 975 840
f 717 975 1245
f 1406 260 923
f 702 717 1245
f 1182 717 702
f 1182 1116 717
f 389 1116 1182
f 389 923 1116
f 1406 923 389
f 1429 1406 389
f 702 1245 1267
f 270 1267 1867
f 270 702 1267
f 270 1182 702
f 1911 1182 270
f 1911 389 1182
f 1911 1429 389
f 1831 49 1939
f 36 49 1831
f 49 20 1939
f 1933 1831 1246
f 221 36 1831
f 155 1193 260
f 1933 1246 1193
f 1579 1933 1193
f 155 1579 1193
f 1399 1579 155
f 141 1933 1579
f 1399 141 1579
f 1146 141 1399
f 1584 1933 141
f 1146 1584 141
f 1584 1831 1933
f 547 1584 1146
f 221 1831 1584
f 1303 221 1584
f 547 1303 1584
f 1406 155 260
f 1484 155 1406
f 1260 155 1484
f 1260 1399 155
f 797 1146 1399
f 797 1399 1260
f 356 1146 797
f 356 547 1146
f 1359 356 797
f 1484 1406 1429
f 954 1260 1484
f 467 1260 954
f 467 797 1260
f 1359 797 467
f 954 1484 1429
f 400 1359 467
f 47 1429 1911
f 47 954 1429
f 368 954 47
f 368 467 954
f 368 400 467
f 36 82 49
f 1965 82 36
f 1728 1965 36
f 993 1303 547
f 1634 221 1303
f 1634 1303 993
f 1369 1634 993
f 1847 221 1634
f 1369 1847 1634
f 1847 36 221
f 1322 1847 1369
f 1028 36 1847
f 1322 1028 1847
f 1728 36 1028
f 696 1028 1322
f 708 696 1322
f 696 1728 1028
f 475 696 708
f 993 547 356
f 1388 993 356
f 1174 993 1388
f 1174 1369 993
f 1239 1369 1174
f 1239 1322 1369
f 1239 708 1322
f 1388 356 1359
f 1405 708 1239
f 1405 475 708
f 400 1388 1359
f 400 1174 1388
f 1971 1174 400
f 1971 1239 1174
f 1405 1239 1971
f 1582 1405 1971
f 1940 1971 400
f 1582 1971 1940
f 1965 1187 82
f 624 1728 696
f 475 624 696
f 951 624 475
f 1731 1728 624
f 951 1731 624
f 1731 1458 1728
f 1437 1731 951
f 1437 1458 1731
f 1507 1458 1437
f 222 1507 1437
f 1507 98 1458
f 1883 1507 222
f 1609 98 1507
f 1155 1507 1883
f 1155 1609 1507
f 1458 1965 1728
f 1551 1437 951
f 222 1437 1551
f 98 1965 1458
f 1566 1155 1883
f 1058 475 1405
f 1058 951 475
f 1551 951 1058
f 1072 222 1551
f 1072 1883 222
f 1566 1883 1072
f 1968 1551 1058
f 1072 1551 1968
f 1058 1405 1582
f 1968 1058 1582
f 45 1072 1968
f 1189 1218 1860
f 1189 1217 1218
f 1189 1190 1217
f 1460 1189 1860
f 743 1387 1986
f 743 239 1387
f 1860 743 1986
f 1860 1218 743
f 1642 1860 1986
f 1642 1460 1860
f 146 897 1079
f 1387 146 1613
f 1387 897 146
f 1387 1570 897
f 1417 1460 1642
f 991 1387 1613
f 991 1986 1387
f 1642 1986 991
f 1861 1642 991
f 1417 1642 1861
f 531 146 1834
f 531 1613 146
f 991 1613 531
f 1861 991 531
f 531 1834 1350
f 629 1190 1006
f 629 461 1190
f 543 629 1006
f 1006 1190 1189
f 1585 543 1006
f 1585 1283 543
f 17 1283 1585
f 17 1754 1283
f 1104 1754 17
f 1510 1189 1460
f 1510 1006 1189
f 1585 1006 1510
f 1417 1510 1460
f 1417 1585 1510
f 17 1585 1417
f 31 17 1417
f 1485 1561 1501
f 1485 281 1561
f 31 1104 17
f 31 1501 1104
f 1485 1501 31
f 1936 1716 161
f 944 1716 1936
f 1936 281 1485
f 1936 161 281
f 1890 1166 944
f 1890 944 1936
f 922 1890 1936
f 1238 922 1936
f 1166 606 944
f 122 606 1166
f 974 1175 122
f 842 1166 1890
f 842 122 1166
f 130 122 842
f 130 974 122
f 288 842 1890
f 288 130 842
f 648 130 288
f 169 1890 922
f 169 288 1890
f 1142 288 169
f 1142 648 288
f 886 169 922
f 1142 169 886
f 941 886 922
f 295 886 941
f 1327 886 295
f 1327 1142 886
f 966 922 1238
f 966 941 922
f 304 941 966
f 304 295 941
f 142 295 304
f 142 1327 295
f 1791 966 1238
f 348 966 1791
f 348 304 966
f 1760 304 348
f 1760 142 304
f 1217 1316 1218
f 1366 1217 1190
f 1366 1190 461
f 1169 1316 1217
f 1169 1217 1366
f 1169 1019 1316
f 89 1019 1169
f 1316 239 743
f 1316 743 1218
f 1316 1019 239
f 239 1570 1387
f 1019 1079 897
f 1019 1581 1079
f 1019 897 1570
f 1019 1570 239
f 279 1175 974
f 279 411 1175
f 279 409 411
f 69 409 279
f 279 974 130
f 1207 130 648
f 1207 279 130
f 69 279 1207
f 1207 648 1142
f 69 1207 1257
f 1257 1207 1142
f 1257 1142 1327
f 182 69 1257
f 1093 69 182
f 1749 69 1093
f 1749 1439 69
f 1042 1327 142
f 1042 1257 1327
f 182 1257 1042
f 1042 142 1760
f 225 1867 1439
f 225 1439 1749
f 524 1867 225
f 1960 1867 524
f 20 89 1947
f 20 1403 89
f 20 1920 1403
f 1960 270 1867
f 1518 1911 270
f 1518 270 1960
f 1262 1911 1518
f 49 1920 20
f 49 67 1920
f 47 1911 1262
f 1957 47 1262
f 290 47 1957
f 1490 47 290
f 1490 368 47
f 371 368 1490
f 1618 368 371
f 82 67 49
f 1940 400 368
f 1436 1582 1940
f 1784 368 1618
f 1940 368 1784
f 1436 1940 1353
f 1987 1940 1784
f 1475 1940 1987
f 1353 1940 1475
f 1998 67 82
f 1187 1998 82
f 1436 1968 1582
f 45 1968 1436
f 1066 45 1436
f 1815 45 1066
f 809 1436 1353
f 1066 1436 1087
f 1087 1436 809
f 1861 531 1350
f 88 1350 577
f 1673 1350 88
f 1673 1861 1350
f 415 1861 1673
f 1730 415 1673
f 1673 88 1943
f 415 31 1417
f 1671 31 415
f 415 1417 1861
f 1468 1671 415
f 1641 1485 31
f 1879 1485 1641
f 780 31 1671
f 1641 31 780
f 1589 1641 780
f 1085 1641 1589
f 1085 1879 1641
f 218 1085 1589
f 791 1085 218
f 117 1936 1485
f 1238 1936 319
f 117 1485 1879
f 319 1936 117
f 1161 319 117
f 1084 1238 319
f 1794 117 1879
f 804 319 1161
f 781 319 804
f 1487 319 781
f 1487 1084 319
f 781 347 1487
f 888 117 1794
f 1667 117 888
f 1667 1161 117
f 804 1161 1667
f 1180 804 1667
f 1180 495 804
f 495 781 804
f 495 758 781
f 347 781 758
f 1291 1879 1085
f 1050 1879 1291
f 1050 1794 1879
f 888 1794 1050
f 729 888 1050
f 729 879 888
f 879 1667 888
f 879 1180 1667
f 1291 1085 791
f 848 1050 1291
f 791 953 1291
f 953 848 1291
f 848 729 1050
f 875 1791 1238
f 344 1791 875
f 344 348 1791
f 344 1760 348
f 1183 875 1238
f 123 875 1183
f 123 344 875
f 1052 1238 1084
f 1052 1183 1238
f 892 1183 1052
f 892 123 1183
f 257 123 892
f 713 1052 1084
f 1014 1052 713
f 630 1052 1014
f 630 892 1052
f 1022 630 1014
f 1022 1310 630
f 1310 892 630
f 1310 257 892
f 713 1084 1487
f 347 713 1487
f 347 569 713
f 569 1022 713
f 1022 1014 713
f 310 347 758
f 310 107 347
f 1877 107 310
f 711 1180 879
f 711 495 1180
f 711 310 495
f 310 758 495
f 1692 310 711
f 1692 1877 310
f 772 729 848
f 772 879 729
f 772 711 879
f 772 1692 711
f 283 1692 772
f 283 1877 1692
f 1836 1877 283
f 549 1760 344
f 549 1042 1760
f 652 1042 549
f 652 182 1042
f 1632 182 652
f 1632 1093 182
f 459 1749 1093
f 549 344 123
f 1227 1632 652
f 1077 1093 1632
f 500 1093 1077
f 500 459 1093
f 799 123 257
f 799 549 123
f 460 549 799
f 750 549 460
f 750 652 549
f 384 652 750
f 1227 652 384
f 645 1632 1227
f 1077 1632 645
f 1205 500 1077
f 728 1310 1022
f 728 799 1310
f 799 257 1310
f 728 460 799
f 750 460 728
f 334 1227 384
f 334 645 1227
f 1205 645 334
f 1205 1077 645
f 107 569 347
f 107 1022 569
f 107 728 1022
f 1877 728 107
f 1877 384 728
f 384 750 728
f 1877 334 384
f 1836 1205 334
f 1836 334 1877
f 1807 1461 1836
f 1719 1461 1807
f 1194 1749 459
f 1194 225 1749
f 635 225 1194
f 973 225 635
f 973 524 225
f 660 524 973
f 381 524 660
f 381 1960 524
f 1607 500 1205
f 1607 459 500
f 997 459 1607
f 997 1194 459
f 1448 1194 997
f 104 1194 1448
f 104 635 1194
f 738 635 104
f 738 973 635
f 519 973 738
f 1318 973 519
f 1318 660 973
f 896 660 1318
f 896 381 660
f 458 1607 1205
f 458 997 1607
f 458 1448 997
f 458 104 1448
f 738 104 458
f 519 738 458
f 1364 896 1318
f 458 1205 1836
f 1461 519 458
f 1461 1318 519
f 1364 1318 1461
f 1461 458 1836
f 1719 1364 1461
f 1264 1960 381
f 1408 1960 1264
f 1408 1518 1960
f 834 1518 1408
f 119 1518 834
f 1770 1518 119
f 1770 1262 1518
f 1295 1262 1770
f 435 1262 1295
f 636 381 896
f 636 1264 381
f 482 1264 636
f 482 1408 1264
f 1273 1408 482
f 814 1408 1273
f 814 834 1408
f 438 834 814
f 438 119 834
f 633 119 438
f 633 1770 119
f 939 1770 633
f 939 1295 1770
f 282 1295 939
f 282 435 1295
f 1364 636 896
f 1364 482 636
f 301 482 1364
f 301 1273 482
f 301 814 1273
f 438 814 301
f 1326 438 301
f 1326 633 438
f 1326 939 633
f 282 939 1326
f 1719 301 1364
f 1719 1326 301
f 493 1326 1719
f 48 336 493
f 1957 1262 435
f 1816 1957 435
f 686 1957 1816
f 686 290 1957
f 355 290 686
f 1812 290 355
f 1812 1490 290
f 1392 1490 1812
f 784 1490 1392
f 784 371 1490
f 508 371 784
f 1832 371 508
f 1832 1618 371
f 350 435 282
f 350 1816 435
f 686 1816 350
f 1127 355 686
f 327 355 1127
f 327 1812 355
f 1392 1812 327
f 200 282 1326
f 200 350 282
f 200 686 350
f 336 1127 200
f 1127 686 200
f 336 327 1127
f 1118 327 336
f 1118 1392 327
f 362 1392 1118
f 362 784 1392
f 1450 784 362
f 1450 508 784
f 925 508 1450
f 925 1832 508
f 362 1118 336
f 493 200 1326
f 336 200 493
f 48 362 336
f 48 1450 362
f 48 925 1450
f 1573 1618 1832
f 1573 1784 1618
f 647 1784 1573
f 1017 1784 647
f 1017 1987 1784
f 242 1987 1017
f 242 1475 1987
f 1610 1475 242
f 1049 1475 1610
f 1049 1353 1475
f 971 647 1573
f 238 647 971
f 238 1017 647
f 1054 1017 238
f 242 1017 1054
f 1263 1610 242
f 1252 1610 1263
f 1252 1049 1610
f 918 1049 1252
f 1464 1832 925
f 1464 1573 1832
f 1656 971 1464
f 971 1573 1464
f 1656 238 971
f 1558 238 1656
f 1558 1054 238
f 1558 242 1054
f 1519 1263 1558
f 1263 242 1558
f 884 1263 1519
f 884 1252 1263
f 884 918 1252
f 1519 1558 1656
f 48 1464 925
f 1656 1464 48
f 1953 1656 48
f 1953 1519 1656
f 1021 1087 809
f 1477 1066 1087
f 538 1066 1477
f 233 1353 1049
f 233 809 1353
f 1021 809 233
f 1477 1087 1021
f 631 1049 918
f 631 233 1049
f 661 233 631
f 2 233 661
f 2 1021 233
f 1275 1021 2
f 714 1021 1275
f 714 1477 1021
f 229 1477 714
f 1586 1477 229
f 1586 538 1477
f 766 538 1586
f 1459 918 884
f 1459 631 918
f 1459 661 631
f 681 661 1459
f 681 2 661
f 681 1275 2
f 121 714 681
f 714 1275 681
f 121 229 714
f 121 1586 229
f 673 1586 121
f 673 766 1586
f 1459 884 1519
f 1277 1459 1519
f 1277 681 1459
f 1277 121 681
f 1277 1519 1953
f 1826 121 1277
f 127 84 66
f 127 1830 84
f 127 66 1998
f 9 127 1998
f 6 1980 127
f 50 127 9
f 50 6 127
f 1300 6 50
f 1300 1737 6
f 91 1737 1300
f 1959 100 91
f 1959 91 1918
f 1594 1737 91
f 100 1594 91
f 1793 100 1959
f 1793 936 100
f 1690 936 1793
f 61 1594 100
f 936 61 100
f 936 1250 61
f 1250 1348 61
f 690 1250 936
f 1690 690 936
f 61 1013 1594
f 734 1013 61
f 1348 734 61
f 1766 734 1348
f 1250 1766 1348
f 690 1766 1250
f 1452 690 1690
f 84 1741 1846
f 1830 1741 84
f 1830 1696 1741
f 1980 1696 1830
f 1980 1191 1696
f 1980 1830 127
f 1980 59 1191
f 22 59 1980
f 6 22 1980
f 101 1934 59
f 101 1023 1934
f 412 101 22
f 22 101 59
f 1737 22 6
f 412 22 1737
f 1992 1804 101
f 1804 1023 101
f 528 1389 412
f 1389 101 412
f 1389 1992 101
f 1594 75 1737
f 75 412 1737
f 75 528 412
f 1498 1804 1992
f 739 256 1498
f 1554 739 1498
f 536 739 1554
f 528 1736 1389
f 173 1736 528
f 173 1137 1736
f 1397 1137 173
f 1061 1397 173
f 1736 1992 1389
f 1736 1167 1992
f 747 1167 1736
f 1685 747 1736
f 1137 1685 1736
f 1137 541 1685
f 1397 541 1137
f 1554 1498 1992
f 1167 1554 1992
f 278 1554 1167
f 278 867 1554
f 747 278 1167
f 1685 675 747
f 1685 1255 675
f 867 536 1554
f 1338 75 1594
f 1013 1338 1594
f 179 1338 1013
f 1338 1290 75
f 1538 1290 1338
f 159 1538 1338
f 159 1123 1538
f 854 1338 179
f 854 159 1338
f 1553 854 179
f 75 1290 528
f 1290 1895 528
f 643 1895 1290
f 1538 643 1290
f 969 643 1538
f 1123 969 1538
f 1895 173 528
f 1061 173 1895
f 539 1061 1895
f 643 539 1895
f 643 1698 539
f 969 1698 643
f 539 929 1061
f 734 1003 1013
f 638 179 1013
f 638 1553 179
f 1003 638 1013
f 734 1611 1003
f 1766 1611 734
f 1003 277 638
f 570 1397 1061
f 541 1255 1685
f 1036 278 747
f 675 1036 747
f 541 730 1255
f 1397 730 541
f 570 730 1397
f 1604 730 570
f 777 536 867
f 278 777 867
f 675 709 1036
f 1255 709 675
f 730 709 1255
f 865 854 1553
f 159 969 1123
f 159 351 969
f 854 351 159
f 865 351 854
f 865 613 351
f 929 570 1061
f 1698 929 539
f 1698 502 929
f 969 502 1698
f 969 351 502
f 800 502 351
f 929 979 570
f 502 979 929
f 351 1525 800
f 613 1525 351
f 979 1604 570
f 979 1866 1604
f 502 1866 979
f 800 1866 502
f 800 1051 1866
f 1525 1051 800
f 1611 277 1003
f 690 1650 1766
f 690 29 1650
f 1452 29 690
f 865 1553 638
f 277 865 638
f 1611 600 277
f 1766 600 1611
f 1766 1650 600
f 613 865 277
f 600 613 277
f 29 1711 1650
f 600 1539 613
f 1650 1539 600
f 1650 1099 1539
f 1711 1099 1650
f 1539 990 613
f 613 990 1525
f 1099 990 1539
f 1711 699 1099
f 1099 699 990
f 71 53 1187
f 1416 1965 98
f 1416 71 1965
f 71 1187 1965
f 740 98 1609
f 740 1416 98
f 1008 1609 1155
f 1008 740 1609
f 790 1416 740
f 812 740 1008
f 812 790 740
f 1078 1416 790
f 1636 790 812
f 190 1078 790
f 515 790 1636
f 515 190 790
f 190 23 1078
f 926 190 515
f 1114 23 190
f 448 190 926
f 448 1114 190
f 1008 1155 1566
f 1997 1636 812
f 23 71 1416
f 1078 23 1416
f 1997 515 1636
f 926 515 1997
f 1997 812 1008
f 425 926 1997
f 425 448 926
f 1208 1566 1072
f 1208 1008 1566
f 1208 1997 1008
f 425 1997 1208
f 45 1208 1072
f 1961 425 1208
f 1863 425 1961
f 1961 1208 45
f 85 9 53
f 23 1942 71
f 85 53 71
f 1942 85 71
f 269 1114 448
f 540 23 1114
f 540 1565 23
f 1129 1114 269
f 1129 540 1114
f 267 540 1129
f 1738 1565 540
f 1738 540 267
f 1738 1164 1565
f 576 1164 1738
f 858 1568 1164
f 858 1164 576
f 1565 1942 23
f 1002 1738 267
f 1164 1942 1565
f 1568 1942 1164
f 576 1738 1002
f 1293 858 576
f 269 448 425
f 1121 1129 269
f 1121 267 1129
f 1002 267 1121
f 1929 576 1002
f 1929 1293 576
f 727 1293 1929
f 1121 269 425
f 1929 1002 1121
f 73 425 1863
f 73 1121 425
f 73 1929 1121
f 1664 1929 73
f 1625 1929 1664
f 79 50 85
f 1856 50 79
f 1888 1942 1568
f 79 85 1942
f 1888 79 1942
f 1092 1568 858
f 684 1092 858
f 684 858 1293
f 727 684 1293
f 1230 1888 1568
f 1092 1230 1568
f 641 684 727
f 924 1092 684
f 924 684 641
f 385 1230 1092
f 562 1092 924
f 562 385 1092
f 1809 1888 1230
f 385 1809 1230
f 919 385 562
f 132 1809 385
f 518 385 919
f 518 132 385
f 1494 132 518
f 1076 1888 1809
f 622 132 1494
f 1432 924 641
f 1432 562 924
f 232 562 1432
f 232 919 562
f 232 518 919
f 468 518 232
f 468 1494 518
f 468 622 1494
f 1625 727 1929
f 1432 641 727
f 1625 1432 727
f 3 1432 1625
f 3 232 1432
f 3 468 232
f 1806 468 3
f 1076 1871 1888
f 1067 1871 1076
f 40 1871 1067
f 1871 79 1888
f 1871 1856 79
f 1871 1905 1856
f 1605 1076 1809
f 1605 1809 132
f 622 1605 132
f 1000 1605 622
f 674 1605 1000
f 1605 1067 1076
f 1385 1605 674
f 509 1067 1605
f 573 1605 1385
f 573 509 1605
f 1317 509 573
f 509 40 1067
f 810 509 1317
f 1514 40 509
f 676 509 810
f 679 622 468
f 679 1000 622
f 674 1000 679
f 394 1385 674
f 394 573 1385
f 1317 573 394
f 13 676 810
f 13 810 1317
f 394 674 679
f 394 679 1806
f 13 1317 394
f 1806 679 468
f 1649 394 1806
f 401 394 1649
f 401 13 394
f 1966 1862 1905
f 1627 988 15
f 1966 1905 1871
f 15 1871 40
f 15 1966 1871
f 988 1966 15
f 115 509 676
f 115 1514 509
f 586 115 676
f 1514 15 40
f 185 1514 115
f 852 115 945
f 852 185 115
f 125 15 1514
f 125 1514 185
f 1627 15 125
f 586 676 13
f 473 115 586
f 945 115 473
f 723 185 852
f 250 185 723
f 250 125 185
f 125 546 1627
f 1135 125 250
f 1135 546 125
f 1144 1627 546
f 1334 546 1135
f 473 586 13
f 723 945 473
f 723 852 945
f 1993 473 13
f 1993 723 473
f 250 723 1993
f 1361 1334 1135
f 1993 13 401
f 1870 250 1993
f 1870 1135 250
f 1870 1361 1135
f 1435 1862 1966
f 1435 1739 1862
f 1197 1739 1435
f 1765 1197 1435
f 1109 988 1400
f 1109 938 988
f 1018 938 1109
f 440 1109 1775
f 440 1018 1109
f 938 1435 1966
f 938 1966 988
f 1091 1435 938
f 1172 1091 938
f 1492 1172 938
f 1018 1492 938
f 204 1492 1018
f 669 204 1018
f 440 669 1018
f 440 102 669
f 1336 1765 1435
f 1091 1336 1435
f 1342 1336 1091
f 481 1342 1091
f 1172 481 1091
f 1492 481 1172
f 1492 1629 481
f 204 1629 1492
f 481 72 1342
f 1400 988 1627
f 1144 1400 1627
f 264 1144 546
f 264 546 1334
f 590 1144 264
f 1165 1144 590
f 1100 1165 590
f 280 1400 1144
f 761 280 1144
f 1165 761 1144
f 462 1165 1100
f 1775 1109 1400
f 280 1775 1400
f 1204 761 1165
f 1204 1165 462
f 588 761 1204
f 1032 1775 280
f 1660 1032 280
f 741 280 761
f 741 1660 280
f 1132 741 761
f 376 761 588
f 376 1132 761
f 1808 376 588
f 1361 264 1334
f 1361 590 264
f 1100 590 1361
f 763 1204 462
f 763 588 1204
f 527 588 763
f 527 1808 588
f 520 440 1775
f 1216 1775 1032
f 1216 520 1775
f 1032 545 1216
f 1660 545 1032
f 741 545 1660
f 741 808 545
f 1132 808 741
f 1132 455 808
f 376 455 1132
f 376 157 455
f 1808 157 376
f 1808 382 157
f 382 1808 527
f 520 102 440
f 157 868 455
f 382 868 157
f 382 534 868
f 1370 382 527
f 656 527 763
f 1370 534 382
f 1370 527 656
f 462 1100 1361
f 1616 462 1361
f 1423 763 462
f 1423 462 1616
f 1423 656 763
f 1370 722 534
f 722 656 1423
f 722 1370 656
f 329 722 1423
f 1616 1361 1870
f 911 1423 1616
f 329 1423 911
f 102 1578 669
f 1629 72 481
f 204 1365 1629
f 669 1365 204
f 1578 1365 669
f 868 808 455
f 520 1578 102
f 1216 1578 520
f 1216 1367 1578
f 545 1367 1216
f 808 1367 545
f 868 1367 808
f 534 582 868
f 582 534 722
f 582 722 329
f 53 1998 1187
f 53 9 1998
f 1815 1961 45
f 1352 1961 1815
f 1352 1863 1961
f 1814 1863 1352
f 1352 1815 1212
f 85 50 9
f 1814 73 1863
f 1814 1664 73
f 137 1664 1814
f 1095 1664 137
f 1095 1945 1664
f 1308 1814 1352
f 180 1814 1308
f 137 1814 180
f 3 1625 1945
f 893 1806 3
f 1945 1625 1664
f 893 3 1945
f 1795 1945 1095
f 1108 1945 1795
f 1108 893 1945
f 517 893 1108
f 1856 1918 50
f 1918 1300 50
f 1918 91 1300
f 1905 1918 1856
f 1649 1806 893
f 120 893 517
f 120 1649 893
f 1622 1649 120
f 506 1649 1622
f 506 401 1649
f 1378 401 506
f 1862 1 1918
f 1 1959 1918
f 1862 1918 1905
f 1898 1870 1993
f 76 1993 401
f 1898 1993 76
f 1378 76 401
f 1362 76 1378
f 1962 76 1362
f 1962 1898 76
f 1648 1898 1962
f 510 1959 1
f 191 510 1
f 343 510 191
f 1520 343 191
f 1115 343 1520
f 510 1302 1959
f 1531 1302 510
f 343 1531 510
f 447 1531 343
f 447 670 1531
f 1030 447 343
f 1115 1030 343
f 1302 1793 1959
f 369 1793 1302
f 522 369 1302
f 284 1302 1531
f 284 522 1302
f 670 284 1531
f 698 1793 369
f 698 1690 1793
f 522 698 369
f 337 1 1862
f 1739 337 1862
f 254 337 1739
f 1177 254 1739
f 1197 1177 1739
f 1197 793 1177
f 1765 793 1197
f 1765 1141 793
f 337 191 1
f 1520 191 337
f 872 1520 337
f 254 872 337
f 1395 872 254
f 860 1395 254
f 1177 860 254
f 1177 1434 860
f 793 1434 1177
f 1606 1115 1520
f 872 1606 1520
f 872 849 1606
f 1395 849 872
f 1336 1141 1765
f 665 1616 1870
f 329 572 917
f 572 329 911
f 1955 1616 665
f 1955 911 1616
f 572 911 1955
f 56 1870 1898
f 665 1870 56
f 572 1438 862
f 1438 572 1955
f 1307 665 56
f 1307 1955 665
f 1438 1955 1307
f 1438 1371 862
f 308 1438 1307
f 1371 1438 308
f 1648 56 1898
f 1603 56 1648
f 1603 1307 56
f 856 1307 1603
f 308 1307 856
f 1371 1829 1963
f 1829 1371 308
f 1829 718 1963
f 1829 308 856
f 1548 856 1603
f 955 856 1548
f 1829 880 718
f 1829 955 880
f 955 1829 856
f 1221 1030 1115
f 670 1304 284
f 447 1304 670
f 447 1120 1304
f 1030 1120 447
f 1221 1120 1030
f 745 1120 1221
f 1452 1690 698
f 1254 1452 698
f 522 1254 698
f 284 1254 522
f 284 1304 1254
f 1304 1128 1254
f 1120 1128 1304
f 1120 1419 1128
f 745 1419 1120
f 745 106 1419
f 860 849 1395
f 793 454 1434
f 1141 454 793
f 1141 97 454
f 1606 1221 1115
f 860 1206 849
f 1434 1206 860
f 1434 454 1206
f 97 1744 454
f 849 1221 1606
f 849 1206 1221
f 454 1600 1206
f 454 1744 1600
f 1206 745 1221
f 1206 1779 745
f 1206 1674 1779
f 1600 1674 1206
f 1779 106 745
f 1744 1928 1600
f 1342 1141 1336
f 1629 1543 72
f 1365 1543 1629
f 1578 1195 1365
f 1342 97 1141
f 72 97 1342
f 72 1543 97
f 1543 1985 97
f 1365 1985 1543
f 1365 1762 1985
f 1195 1762 1365
f 1195 1074 1762
f 97 1723 1744
f 1985 1723 97
f 1074 1967 1762
f 1985 1967 1723
f 1762 1967 1985
f 1723 1928 1744
f 1723 1967 1928
f 868 1608 1367
f 582 1608 868
f 1367 1195 1578
f 1608 1588 1367
f 1367 1588 1195
f 1588 1074 1195
f 1608 78 1588
f 1179 78 1608
f 1179 737 78
f 737 595 78
f 1588 1761 1074
f 78 1761 1588
f 1074 1761 1967
f 595 916 78
f 595 1571 916
f 78 916 1761
f 582 917 1608
f 917 582 329
f 917 1393 1608
f 1393 917 572
f 1393 1179 1608
f 1393 862 1179
f 862 1393 572
f 862 737 1179
f 862 595 737
f 862 1963 595
f 1963 862 1371
f 1963 1571 595
f 1963 718 1571
f 1505 1066 538
f 1505 1815 1066
f 315 1815 1505
f 315 1212 1815
f 927 1352 1212
f 285 1352 927
f 927 1212 315
f 297 538 766
f 297 1505 538
f 332 1505 297
f 332 315 1505
f 1335 315 332
f 1335 927 315
f 1046 927 1335
f 511 927 1046
f 511 285 927
f 255 285 511
f 673 297 766
f 1228 297 673
f 1228 332 297
f 1951 181 1228
f 181 332 1228
f 1951 1335 181
f 1335 332 181
f 1476 1335 1951
f 1476 1046 1335
f 796 1046 1476
f 796 511 1046
f 796 255 511
f 1951 1228 673
f 1826 673 121
f 1951 673 1826
f 1826 1476 1951
f 1774 1476 1826
f 1774 796 1476
f 1308 1352 285
f 1527 137 180
f 441 1308 285
f 666 1308 441
f 666 180 1308
f 1527 180 666
f 1198 137 1527
f 937 137 1198
f 937 1095 137
f 252 285 255
f 252 441 285
f 931 441 252
f 390 441 931
f 390 666 441
f 164 666 390
f 164 1527 666
f 1198 1527 164
f 450 255 796
f 450 252 255
f 1152 252 450
f 1152 931 252
f 844 390 1152
f 390 931 1152
f 419 390 844
f 419 164 390
f 273 164 419
f 1742 164 273
f 1742 1198 164
f 716 1198 1742
f 948 1198 716
f 948 937 1198
f 844 1152 450
f 42 273 844
f 273 419 844
f 42 1742 273
f 42 716 1742
f 1407 716 42
f 1407 948 716
f 1774 450 796
f 44 450 1774
f 44 844 450
f 44 42 844
f 25 42 44
f 25 1407 42
f 517 1108 433
f 192 1095 937
f 958 1095 192
f 958 1795 1095
f 839 1795 958
f 839 1108 1795
f 433 1108 839
f 1653 517 433
f 999 433 839
f 1653 433 999
f 903 937 948
f 903 192 937
f 1012 192 903
f 1012 958 192
f 677 958 1012
f 677 839 958
f 456 839 677
f 894 839 456
f 894 999 839
f 439 999 894
f 391 999 439
f 391 1653 999
f 1515 1653 391
f 1407 903 948
f 1012 903 1407
f 449 1012 1407
f 449 677 1012
f 449 456 677
f 449 894 456
f 439 894 449
f 1975 439 449
f 1975 391 439
f 1975 1515 391
f 25 449 1407
f 203 449 25
f 203 1975 449
f 1983 1975 203
f 365 517 1653
f 365 120 517
f 1488 120 365
f 1488 1622 120
f 361 1622 1488
f 506 1622 361
f 683 506 361
f 521 506 683
f 1248 1378 506
f 1248 506 521
f 890 1653 1515
f 890 365 1653
f 1704 365 890
f 1355 365 1704
f 1355 1488 365
f 1355 361 1488
f 261 361 1355
f 568 361 261
f 568 683 361
f 1140 683 568
f 1140 521 683
f 194 521 1140
f 194 1248 521
f 1975 890 1515
f 1759 890 1975
f 1759 1704 890
f 1759 1355 1704
f 1086 1355 1759
f 261 1355 1086
f 587 261 1086
f 587 568 261
f 177 1140 587
f 1140 568 587
f 177 194 1140
f 1983 1759 1975
f 1983 1086 1759
f 87 1086 1983
f 87 177 1086
f 177 587 1086
f 1914 1962 1362
f 1344 1962 1914
f 1344 1648 1962
f 1442 1378 1248
f 171 1378 1442
f 171 1362 1378
f 1914 1362 171
f 662 1344 1914
f 845 1344 662
f 154 1248 194
f 154 1442 1248
f 825 1442 154
f 825 171 1442
f 1635 171 825
f 776 171 1635
f 776 1914 171
f 662 1914 776
f 1729 194 177
f 1729 154 194
f 259 825 1729
f 825 154 1729
f 259 1635 825
f 544 1635 259
f 544 776 1635
f 436 776 544
f 1595 776 436
f 1595 662 776
f 976 662 1595
f 404 662 976
f 404 845 662
f 87 259 177
f 259 1729 177
f 1878 544 259
f 1878 436 544
f 1595 436 1878
f 655 976 1595
f 655 404 976
f 1878 259 87
f 655 1595 1878
f 1560 655 1878
f 650 1341 416
f 1599 798 1560
f 685 882 1599
f 882 798 1599
f 882 1341 798
f 787 882 685
f 416 882 787
f 1341 882 416
f 712 1603 1648
f 1548 1603 712
f 880 688 718
f 880 955 1548
f 1471 1648 1344
f 712 1648 1471
f 1150 1548 712
f 880 873 688
f 873 1548 1150
f 873 880 1548
f 1471 1344 845
f 712 1471 1038
f 480 1150 712
f 1150 480 694
f 873 1483 688
f 694 873 1150
f 632 1471 845
f 184 1471 632
f 1038 1471 184
f 1792 712 1038
f 1470 712 1792
f 1470 480 712
f 533 480 1470
f 480 533 694
f 873 533 1483
f 694 533 873
f 655 632 404
f 632 845 404
f 655 184 632
f 597 184 655
f 597 1038 184
f 597 1792 1038
f 1213 1792 597
f 1213 1470 1792
f 478 1470 1213
f 478 533 1470
f 1483 246 5
f 246 478 1213
f 533 246 1483
f 533 478 246
f 1495 597 655
f 1583 597 1495
f 1583 1213 597
f 1168 1213 1583
f 5 516 306
f 5 1168 516
f 1168 246 1213
f 246 1168 5
f 1495 655 1560
f 798 1583 1495
f 1341 453 798
f 453 1583 798
f 453 1168 1583
f 516 1341 650
f 516 453 1341
f 1168 453 516
f 798 1495 1560
f 1312 29 1452
f 1254 1312 1452
f 1254 1128 1312
f 1128 857 1312
f 1419 857 1128
f 1312 1711 29
f 857 1711 1312
f 106 678 1419
f 1419 678 857
f 857 678 1995
f 857 699 1711
f 857 1995 699
f 1600 1924 1674
f 1928 1924 1600
f 1674 106 1779
f 1674 1780 106
f 1674 1924 1780
f 106 1780 678
f 1924 1285 1780
f 1967 1082 1928
f 1979 1082 1967
f 1979 1813 1082
f 1928 1082 1924
f 1082 341 1924
f 341 1285 1924
f 916 1035 1761
f 1761 1979 1967
f 916 1215 1035
f 1035 1979 1761
f 1035 650 416
f 1215 650 1035
f 1035 1523 1979
f 1035 424 1523
f 416 424 1035
f 1979 108 1813
f 1523 108 1979
f 424 416 787
f 108 819 1813
f 108 1523 1106
f 1571 688 916
f 718 688 1571
f 688 1215 916
f 688 1483 1215
f 1215 306 650
f 1483 306 1215
f 1483 5 306
f 650 306 516
f 1009 1646 1026
f 1009 680 1646
f 1532 1026 1007
f 1009 1026 1532
f 378 1113 292
f 378 1007 1113
f 1532 1007 378
f 378 292 249
f 764 1532 378
f 764 1009 1532
f 611 378 249
f 426 378 611
f 764 378 426
f 426 611 1313
f 464 881 1740
f 464 895 881
f 1602 863 680
f 1602 1740 863
f 464 1740 1602
f 978 895 464
f 1938 1222 978
f 1602 680 1009
f 1455 464 1602
f 1938 464 1455
f 1938 978 464
f 1455 1602 1009
f 1455 1009 764
f 19 1377 1222
f 19 1598 1377
f 1027 1598 19
f 19 1222 1938
f 1027 1045 1598
f 1575 1045 1027
f 1564 1931 1575
f 1564 1575 1027
f 1790 88 1931
f 1943 88 1790
f 1041 1931 1564
f 1041 1790 1931
f 1522 1943 1790
f 618 1790 1041
f 1522 1790 618
f 1425 876 423
f 1889 1412 876
f 1889 876 1425
f 1646 1241 1026
f 1646 1412 1241
f 1646 876 1412
f 876 1646 680
f 1412 1733 1241
f 1412 742 1733
f 1412 1889 742
f 742 1463 1733
f 742 1122 1463
f 1533 1122 742
f 1241 1007 1026
f 1241 564 1007
f 1733 564 1241
f 1533 1133 1122
f 1833 1133 1533
f 1833 634 1133
f 1007 564 1113
f 1733 1113 564
f 1733 1843 1113
f 1463 1843 1733
f 1463 1360 1843
f 1122 1360 1463
f 1133 1360 1122
f 634 869 1133
f 1843 292 1113
f 1843 1865 292
f 1360 163 1843
f 1360 559 163
f 1133 559 1360
f 1133 189 559
f 869 720 189
f 869 189 1133
f 292 1865 249
f 163 1865 1843
f 1865 611 249
f 1865 363 611
f 625 363 1865
f 163 625 1865
f 163 367 625
f 559 367 163
f 189 367 559
f 363 1313 611
f 625 1769 363
f 189 1024 367
f 720 1024 189
f 863 876 680
f 863 423 876
f 774 1717 1833
f 1799 774 1833
f 1480 774 1799
f 989 1089 1480
f 989 770 1089
f 1717 1637 634
f 1717 634 1833
f 253 1637 1717
f 774 253 1717
f 1480 253 774
f 1480 1426 253
f 1089 1426 1480
f 770 985 1089
f 1637 869 634
f 253 375 1637
f 1426 375 253
f 1426 757 375
f 1089 757 1426
f 985 757 1089
f 575 720 869
f 1637 575 869
f 375 575 1637
f 375 1768 575
f 757 1768 375
f 985 226 757
f 757 251 1768
f 757 311 251
f 226 311 757
f 575 1469 720
f 1768 1469 575
f 1768 251 1469
f 134 1854 989
f 1542 1235 1854
f 1542 551 1235
f 26 1854 134
f 26 1542 1854
f 1854 770 989
f 1453 985 770
f 1854 1453 770
f 1235 1124 1453
f 1235 1453 1854
f 1235 967 1124
f 551 967 1235
f 1789 967 551
f 1542 1789 551
f 1081 1789 1542
f 1453 1124 985
f 1081 339 1789
f 1124 226 985
f 1124 320 226
f 967 320 1124
f 967 483 320
f 967 387 483
f 1789 387 967
f 1789 1654 387
f 339 1654 1789
f 387 1071 483
f 1654 1071 387
f 226 1868 311
f 320 1868 226
f 483 1868 320
f 1654 878 1071
f 1654 1060 878
f 1071 1868 483
f 1071 878 1868
f 1502 1081 1542
f 26 1502 1542
f 90 1502 26
f 248 90 26
f 1601 430 90
f 1782 90 248
f 1782 1601 90
f 90 1420 1502
f 430 245 90
f 90 245 1420
f 1601 817 430
f 1502 339 1081
f 1502 934 339
f 1420 934 1502
f 245 934 1420
f 245 981 934
f 430 981 245
f 430 1200 981
f 817 733 1200
f 817 1200 430
f 339 1700 1654
f 934 1700 339
f 934 1724 1700
f 981 1724 934
f 981 726 1724
f 1200 726 981
f 1200 1773 726
f 733 1773 1200
f 726 580 1724
f 1773 580 726
f 1773 1907 580
f 733 1907 1773
f 733 1040 1907
f 1700 1060 1654
f 1700 623 1060
f 1724 623 1700
f 1724 99 623
f 580 99 1724
f 580 237 99
f 1907 237 580
f 1040 1151 1907
f 1782 864 1601
f 1874 864 1782
f 1874 1465 864
f 1874 1415 1465
f 1874 377 1415
f 377 574 1415
f 864 817 1601
f 1176 733 817
f 864 1176 817
f 1465 1176 864
f 1465 1015 1176
f 1415 1015 1465
f 1415 836 1015
f 574 836 1415
f 574 639 836
f 1176 987 733
f 1015 987 1176
f 1015 1906 987
f 836 1906 1015
f 836 150 1906
f 639 150 836
f 987 1040 733
f 987 317 1040
f 1906 317 987
f 1906 209 317
f 150 209 1906
f 150 1703 209
f 639 1703 150
f 639 1513 1703
f 317 1151 1040
f 209 393 317
f 1703 1670 209
f 1513 1670 1703
f 393 1151 317
f 209 1670 393
f 407 1126 377
f 1937 1126 407
f 377 491 574
f 377 1710 491
f 1126 1710 377
f 1126 386 1710
f 503 386 1126
f 1937 503 1126
f 1937 1444 503
f 491 523 639
f 491 639 574
f 1710 523 491
f 1937 603 1444
f 1710 323 523
f 386 323 1710
f 386 1999 323
f 503 1999 386
f 503 1639 1999
f 1444 1639 503
f 1444 1186 1639
f 523 1513 639
f 523 476 1513
f 523 299 476
f 323 299 523
f 1999 299 323
f 1999 1797 299
f 1639 1797 1999
f 1639 537 1797
f 1186 537 1639
f 1186 402 537
f 299 1757 476
f 1797 1757 299
f 1797 1708 1757
f 537 1708 1797
f 402 1745 537
f 407 377 1874
f 1846 1937 407
f 1196 1313 418
f 1196 426 1313
f 526 426 1196
f 526 764 426
f 1521 1196 418
f 526 1196 1521
f 138 1521 560
f 138 526 1521
f 827 526 138
f 403 560 399
f 403 138 560
f 827 138 403
f 578 827 403
f 410 827 578
f 889 578 1552
f 410 578 889
f 488 410 889
f 827 764 526
f 1455 764 827
f 77 1455 827
f 77 1938 1455
f 77 827 410
f 175 410 488
f 77 410 175
f 175 488 1746
f 244 1027 19
f 1824 1027 244
f 1732 19 1938
f 1666 19 1732
f 1666 244 19
f 1732 1938 77
f 1778 1732 77
f 1496 244 1666
f 1564 1027 1824
f 1282 1564 1824
f 1004 1564 1282
f 1056 1564 1004
f 1869 1564 1056
f 555 1056 1004
f 1068 1056 555
f 530 1056 1068
f 530 1869 1056
f 1511 1824 244
f 208 1824 1511
f 208 1282 1824
f 188 1282 208
f 188 1004 1282
f 555 1004 188
f 313 244 1496
f 1298 244 313
f 1298 1511 244
f 815 1522 618
f 1271 618 1059
f 1271 815 618
f 224 1041 1564
f 1321 1041 224
f 594 1041 1321
f 594 618 1041
f 1325 618 594
f 1059 618 1325
f 224 1564 1869
f 224 850 1321
f 850 649 1321
f 649 594 1321
f 637 1325 594
f 1223 224 1869
f 850 224 1223
f 829 1869 530
f 829 1223 1869
f 363 418 1313
f 363 1769 418
f 367 1769 625
f 654 1521 418
f 1769 654 418
f 367 1024 1769
f 654 560 1521
f 654 213 560
f 1769 213 654
f 1769 1701 213
f 1024 1701 1769
f 213 399 560
f 213 124 399
f 124 403 399
f 1701 124 213
f 612 403 124
f 403 612 578
f 1701 612 124
f 1701 1687 612
f 1024 1687 1701
f 1024 16 1687
f 1024 1873 16
f 612 1552 578
f 1687 1552 612
f 887 1552 1329
f 887 889 1552
f 889 887 488
f 1687 1329 1552
f 1687 1292 1329
f 16 1292 1687
f 275 887 1329
f 887 275 488
f 275 1746 488
f 1655 275 1329
f 1292 1655 1329
f 831 530 1068
f 831 325 530
f 589 555 188
f 589 195 555
f 195 1068 555
f 195 831 1068
f 195 287 831
f 287 325 831
f 1677 1511 1298
f 1677 1131 1511
f 1131 208 1511
f 1131 959 208
f 959 589 208
f 589 188 208
f 1131 1978 959
f 1978 589 959
f 1978 195 589
f 1978 287 195
f 1991 287 1978
f 637 1059 1325
f 637 1443 1059
f 1443 1271 1059
f 1178 594 649
f 1178 637 594
f 1178 12 637
f 12 1443 637
f 12 128 1443
f 236 850 1223
f 236 649 850
f 236 1178 649
f 236 12 1178
f 325 829 530
f 325 963 829
f 963 1223 829
f 963 236 1223
f 325 287 963
f 287 236 963
f 287 12 236
f 1469 1024 720
f 251 1735 1469
f 311 1735 251
f 1469 1873 1024
f 1469 1735 1873
f 311 1138 1735
f 1868 1138 311
f 1991 584 287
f 1926 584 1991
f 1912 128 12
f 584 1912 12
f 584 12 287
f 1868 1855 1138
f 878 1855 1868
f 1060 1855 878
f 1060 1672 1855
f 14 1912 584
f 35 14 584
f 35 584 1926
f 1907 1151 237
f 623 1672 1060
f 99 1672 623
f 237 1672 99
f 237 1927 1672
f 1151 1927 237
f 1956 14 35
f 1151 1838 1927
f 393 1838 1151
f 1670 1838 393
f 1670 1886 1838
f 18 14 1956
f 476 1670 1513
f 476 1757 1670
f 537 1745 1708
f 1757 1886 1670
f 1708 1886 1757
f 1745 1886 1708
f 1745 1681 1886
f 212 1746 657
f 212 175 1746
f 1414 175 212
f 1414 77 175
f 1319 77 1414
f 1778 77 499
f 1899 77 1319
f 499 77 1899
f 667 499 1899
f 331 1732 1837
f 331 1666 1732
f 398 1666 331
f 1496 1666 398
f 1381 1732 1778
f 883 1732 1381
f 1837 1732 883
f 1676 1778 499
f 395 1778 1676
f 1381 1778 395
f 657 275 710
f 657 1746 275
f 1655 710 275
f 1292 710 1655
f 1292 1382 710
f 822 657 710
f 1382 822 710
f 16 1382 1292
f 16 1591 1382
f 16 37 1591
f 1382 210 822
f 1382 345 210
f 1382 139 345
f 1382 1591 139
f 838 657 822
f 838 212 657
f 1414 212 838
f 210 838 822
f 782 838 210
f 782 1414 838
f 1319 1414 782
f 421 1899 1319
f 477 210 1320
f 477 782 210
f 445 782 477
f 445 1319 782
f 421 1319 445
f 178 667 1899
f 667 1580 499
f 345 1320 210
f 345 1777 1320
f 1777 477 1320
f 1777 303 477
f 139 1777 345
f 37 1269 1591
f 37 494 1269
f 1499 477 303
f 1499 445 477
f 234 445 1499
f 234 421 445
f 627 421 234
f 627 1899 421
f 178 1899 627
f 234 349 627
f 349 178 627
f 349 667 178
f 349 1805 667
f 1805 1580 667
f 1805 364 1580
f 139 687 1777
f 687 303 1777
f 687 1499 303
f 687 621 1499
f 621 234 1499
f 621 349 234
f 621 977 349
f 977 1805 349
f 1591 687 139
f 1591 1031 687
f 1031 621 687
f 1269 1031 1591
f 1269 1391 1031
f 1391 621 1031
f 621 428 977
f 428 1805 977
f 428 364 1805
f 494 1391 1269
f 1391 828 621
f 828 428 621
f 37 1402 494
f 1402 1391 494
f 1402 828 1391
f 1170 1402 37
f 1170 1624 1402
f 1624 828 1402
f 1624 1563 828
f 1628 428 828
f 1563 1628 828
f 398 241 1496
f 143 331 1837
f 143 1418 331
f 1418 398 331
f 1418 1891 398
f 1891 241 398
f 266 1381 395
f 266 1818 1381
f 1818 883 1381
f 1818 904 883
f 904 143 883
f 143 1837 883
f 220 904 1818
f 220 143 904
f 220 1418 143
f 220 1891 1418
f 220 921 1891
f 1580 1676 499
f 1580 380 1676
f 380 395 1676
f 380 266 395
f 364 380 1580
f 364 266 380
f 364 1323 266
f 1323 1818 266
f 1323 220 1818
f 428 1323 364
f 428 54 1323
f 54 220 1323
f 54 921 220
f 1628 54 428
f 241 313 1496
f 241 144 313
f 144 1298 313
f 144 1677 1298
f 144 1978 1677
f 1978 1131 1677
f 1891 144 241
f 1891 1978 144
f 921 1978 1891
f 1991 1978 921
f 1873 37 16
f 1873 1170 37
f 1873 1916 1170
f 1735 1916 1873
f 1735 1683 1916
f 1138 1683 1735
f 1138 1721 1683
f 1683 338 1916
f 1170 1811 1624
f 1811 496 1624
f 496 1563 1624
f 1916 1811 1170
f 1916 935 1811
f 935 496 1811
f 1916 338 935
f 338 1875 935
f 1467 54 1628
f 338 607 1875
f 1683 908 338
f 908 607 338
f 1683 1881 908
f 388 54 1467
f 1102 1881 1683
f 1721 1102 1683
f 1721 1111 1102
f 1148 1563 496
f 1148 1628 1563
f 1875 496 935
f 1875 1148 496
f 1148 1467 1628
f 607 1148 1875
f 607 1884 1148
f 1884 1467 1148
f 908 1884 607
f 1881 1884 908
f 1881 512 1884
f 512 1467 1884
f 512 388 1467
f 1102 512 1881
f 1111 512 1102
f 1111 406 512
f 406 388 512
f 54 1991 921
f 1915 1991 54
f 388 1915 54
f 1915 1926 1991
f 1138 1910 1721
f 1855 1910 1138
f 1855 276 1910
f 1672 276 1855
f 1672 1810 276
f 1721 1752 1111
f 176 1752 1721
f 1910 176 1721
f 1910 1516 176
f 1910 1219 1516
f 276 1219 1910
f 1810 470 276
f 1752 406 1111
f 406 1309 388
f 176 406 1752
f 176 1449 406
f 1449 1309 406
f 1516 1449 176
f 1219 1449 1516
f 1219 1702 1449
f 1702 1309 1449
f 1702 529 1309
f 276 915 1219
f 915 1702 1219
f 915 1536 1702
f 1536 529 1702
f 276 289 915
f 289 1536 915
f 289 1528 1536
f 1528 529 1536
f 1528 1842 529
f 470 289 276
f 470 1528 289
f 1842 1839 529
f 1810 133 470
f 133 1528 470
f 133 437 1528
f 437 1842 1528
f 1309 1915 388
f 529 1915 1309
f 529 1839 1915
f 1915 35 1926
f 1839 35 1915
f 1672 27 1810
f 1672 705 27
f 1927 705 1672
f 1927 592 705
f 1927 1094 592
f 592 322 705
f 1810 731 133
f 731 437 133
f 27 731 1810
f 27 1139 731
f 1139 437 731
f 1139 1043 437
f 1043 1842 437
f 705 1139 27
f 705 1720 1139
f 1720 1043 1139
f 1043 1839 1842
f 705 567 1720
f 567 1043 1720
f 567 314 1043
f 314 1839 1043
f 314 58 1839
f 322 567 705
f 322 646 567
f 646 314 567
f 592 321 322
f 321 646 322
f 321 1659 646
f 1659 1530 314
f 1530 58 314
f 1094 321 592
f 1094 1587 321
f 1587 1659 321
f 1587 736 1659
f 736 1530 1659
f 272 1587 1094
f 272 1136 1587
f 1136 736 1587
f 1659 314 646
f 1136 1530 736
f 58 35 1839
f 58 1956 35
f 1838 1094 1927
f 1838 1897 1094
f 1886 585 1838
f 585 1173 1838
f 1838 1950 1897
f 1838 1173 1950
f 585 83 1173
f 1897 272 1094
f 1897 1651 272
f 1651 1136 272
f 1651 149 1136
f 1897 366 1651
f 366 1500 1651
f 1500 149 1651
f 1445 58 1530
f 1950 366 1897
f 366 187 1500
f 1950 1345 366
f 1345 187 366
f 1772 1577 1445
f 1173 1345 1950
f 1173 300 1345
f 1173 605 300
f 1858 1577 1772
f 83 605 1173
f 83 995 605
f 585 271 83
f 271 995 83
f 271 744 995
f 472 1577 1858
f 149 1530 1136
f 1500 1530 149
f 1500 1445 1530
f 187 1445 1500
f 1345 300 187
f 300 1445 187
f 300 1772 1445
f 605 1772 300
f 605 1858 1772
f 995 1858 605
f 744 1858 995
f 744 472 1858
f 1577 60 58
f 1577 58 1445
f 18 1956 60
f 60 1956 58
f 1681 933 1886
f 1886 970 585
f 1886 933 970
f 1681 432 933
f 970 1697 585
f 933 1276 970
f 432 751 933
f 271 492 744
f 1697 271 585
f 1697 492 271
f 1697 162 492
f 1825 1577 472
f 970 162 1697
f 970 1157 162
f 1276 1157 970
f 1276 768 1157
f 1576 370 1825
f 933 318 1276
f 318 768 1276
f 933 451 318
f 1226 370 1576
f 751 451 933
f 751 556 451
f 751 1259 556
f 492 472 744
f 162 472 492
f 162 1825 472
f 1157 1825 162
f 768 1825 1157
f 768 1576 1825
f 318 110 768
f 110 1576 768
f 451 110 318
f 451 1555 110
f 1555 1576 110
f 1555 1226 1576
f 556 1555 451
f 556 335 1555
f 335 1226 1555
f 1259 335 556
f 370 60 1577
f 1825 370 1577
f 170 370 1226
f 1990 18 60
f 370 1990 60
f 1730 1673 820
f 326 1673 1943
f 1923 1673 326
f 820 1673 1923
f 1590 1730 820
f 326 1943 1522
f 358 820 1923
f 217 820 358
f 1590 820 217
f 217 1640 1590
f 70 326 1522
f 1199 326 70
f 1199 1923 326
f 158 1923 1199
f 358 1923 158
f 158 1413 358
f 1413 217 358
f 1358 1468 415
f 1567 415 1730
f 982 415 1567
f 1358 415 1010
f 1010 415 982
f 748 1468 1358
f 1346 1010 982
f 571 1010 1346
f 1964 1010 571
f 1964 1358 1010
f 748 1358 1964
f 1964 550 748
f 821 982 1567
f 615 982 821
f 1346 982 615
f 198 1346 615
f 198 485 1346
f 485 571 1346
f 550 1964 571
f 1428 1730 1590
f 1428 1567 1730
f 821 1567 1428
f 342 821 1428
f 342 1904 821
f 1904 615 821
f 1904 198 615
f 379 1428 1590
f 1640 379 1590
f 342 1428 379
f 1662 780 1671
f 408 780 1662
f 474 780 408
f 474 1589 780
f 1688 1589 474
f 218 1589 1688
f 298 218 1688
f 298 1694 218
f 1694 791 218
f 207 1671 1468
f 1662 1671 207
f 664 408 1662
f 474 408 664
f 298 1688 474
f 599 664 1662
f 664 201 474
f 201 298 474
f 1479 1468 748
f 1853 1468 1479
f 1853 207 1468
f 599 207 1853
f 599 1662 207
f 1083 1853 1479
f 1083 535 1853
f 535 599 1853
f 201 664 599
f 1083 1479 748
f 550 1083 748
f 1413 479 217
f 479 1640 217
f 485 247 571
f 247 550 571
f 247 1272 550
f 247 1693 1272
f 1904 1540 198
f 1540 485 198
f 1540 247 485
f 1409 247 1540
f 1409 1693 247
f 1640 835 379
f 835 342 379
f 835 1904 342
f 835 1540 1904
f 1409 1540 835
f 479 835 1640
f 479 1409 835
f 1356 791 1694
f 704 298 201
f 704 1694 298
f 704 1356 1694
f 704 1211 1356
f 700 1211 704
f 535 1526 599
f 1526 201 599
f 1526 704 201
f 700 704 1526
f 1272 1083 550
f 1272 535 1083
f 1272 1526 535
f 1272 1693 1526
f 1693 700 1526
f 1356 953 791
f 772 848 953
f 1211 953 1356
f 1211 772 953
f 1211 283 772
f 700 283 1211
f 8 1693 1409
f 86 8 1409
f 1693 1807 700
f 8 1807 1693
f 32 1807 8
f 1807 1836 283
f 1807 283 700
f 21 32 8
f 21 68 32
f 32 1719 1807
f 32 493 1719
f 68 493 32
f 68 48 493
f 1796 68 21
f 1796 1976 68
f 1976 1953 68
f 1953 48 68
f 28 1930 1976
f 28 1976 1796
f 1277 1953 1976
f 1930 1277 1976
f 1930 1826 1277
f 1486 1522 815
f 1486 70 1522
f 1486 1894 70
f 1894 1199 70
f 1894 1192 1199
f 1925 1199 1192
f 1925 158 1199
f 1413 158 1925
f 1271 762 815
f 762 1486 815
f 265 1192 1894
f 265 1925 1192
f 1181 1925 265
f 1181 1413 1925
f 1181 479 1413
f 1181 86 479
f 853 1486 762
f 853 1894 1486
f 853 265 1894
f 128 265 853
f 128 1181 265
f 128 86 1181
f 1443 762 1271
f 1443 853 762
f 1443 128 853
f 86 1409 479
f 1912 86 128
f 1912 8 86
f 21 8 1912
f 14 21 1912
f 14 1796 21
f 18 1796 14
f 18 28 1796
f 55 1937 1846
f 1741 1989 55
f 156 1243 1989
f 1741 156 1989
f 55 603 1937
f 1989 956 55
f 1243 114 1989
f 55 956 603
f 1989 701 956
f 114 701 1989
f 603 1186 1444
f 956 1186 603
f 956 1280 1186
f 701 1280 956
f 701 1506 1280
f 114 1506 701
f 114 230 1506
f 1243 230 114
f 1243 1638 230
f 1243 116 1638
f 1280 402 1186
f 1280 1845 402
f 1506 1845 1280
f 1506 1787 1845
f 230 1787 1506
f 1845 1745 402
f 1787 1386 1845
f 1787 1188 1386
f 230 1188 1787
f 1638 1188 230
f 1638 1281 1188
f 116 1281 1638
f 1386 1745 1845
f 1741 55 1846
f 1696 340 156
f 1849 340 1696
f 340 532 156
f 1849 1247 340
f 156 1294 1243
f 532 1294 156
f 340 732 532
f 1247 732 340
f 1247 434 732
f 1247 986 434
f 1294 116 1243
f 1294 1944 116
f 1294 1657 1944
f 532 1657 1294
f 532 262 1657
f 532 928 262
f 732 928 532
f 434 907 732
f 732 1800 928
f 907 1800 732
f 434 920 907
f 986 920 434
f 986 1758 920
f 1944 1281 116
f 1944 1644 1281
f 1657 1644 1944
f 262 1644 1657
f 262 1798 1644
f 928 1798 262
f 928 885 1798
f 1800 885 928
f 907 885 1800
f 907 871 885
f 920 871 907
f 920 1969 871
f 1758 1969 920
f 1758 302 1969
f 302 93 1969
f 1696 156 1741
f 1191 1849 1696
f 1849 109 1247
f 1706 109 1849
f 59 1330 1706
f 109 986 1247
f 109 786 986
f 431 786 109
f 1706 431 109
f 1706 1592 431
f 1706 1882 1592
f 1330 1882 1706
f 1330 148 1882
f 818 942 148
f 818 148 1330
f 986 145 1758
f 786 145 986
f 786 490 145
f 431 490 786
f 431 353 490
f 1592 353 431
f 1592 228 353
f 1882 228 1592
f 1882 1153 228
f 148 1153 1882
f 148 807 1153
f 148 961 807
f 942 961 148
f 145 302 1758
f 490 302 145
f 490 30 302
f 353 30 490
f 228 30 353
f 30 93 302
f 228 1840 30
f 1153 1840 228
f 807 1840 1153
f 807 548 1840
f 961 548 807
f 961 1922 548
f 1191 1706 1849
f 59 1706 1191
f 553 818 1330
f 59 553 1330
f 1934 1823 553
f 1107 1823 1934
f 1823 1750 553
f 1107 965 1823
f 1107 118 965
f 1274 942 818
f 553 1274 818
f 553 1750 1274
f 1823 608 1750
f 965 487 608
f 965 608 1823
f 965 980 487
f 118 980 965
f 118 1070 980
f 1274 913 942
f 1750 913 1274
f 1750 1160 913
f 608 1160 1750
f 913 961 942
f 913 565 961
f 1160 565 913
f 1160 1755 565
f 608 1755 1160
f 608 215 1755
f 487 215 608
f 487 581 215
f 980 581 487
f 1070 581 980
f 1070 206 581
f 565 1922 961
f 1934 553 59
f 1023 1107 1934
f 1709 1107 1023
f 1709 118 1107
f 1709 1821 118
f 1709 832 1821
f 824 832 1709
f 824 983 832
f 824 795 983
f 910 795 824
f 910 614 795
f 118 1220 1070
f 1821 1220 118
f 1821 1090 1220
f 832 1090 1821
f 832 1917 1090
f 983 1917 832
f 983 1096 1917
f 795 1096 983
f 795 1572 1096
f 614 1572 795
f 1220 206 1070
f 1090 206 1220
f 1090 1073 206
f 1917 1073 1090
f 1572 1988 1096
f 1917 602 1073
f 1096 602 1917
f 1096 74 602
f 1988 74 1096
f 1804 1709 1023
f 1804 824 1709
f 1804 910 824
f 910 898 614
f 910 383 898
f 1820 383 910
f 866 1820 910
f 866 160 1820
f 1828 160 866
f 1828 1621 160
f 1493 1621 1828
f 1493 183 1621
f 1820 1491 383
f 160 1491 1820
f 160 1351 1491
f 183 1268 1621
f 898 1572 614
f 898 294 1572
f 383 294 898
f 1491 294 383
f 1621 1351 160
f 1621 274 1351
f 1621 735 274
f 1268 735 1621
f 294 1988 1572
f 1491 513 294
f 1351 513 1491
f 1351 902 513
f 274 902 1351
f 735 902 274
f 1268 1324 735
f 294 1441 1988
f 513 1441 294
f 735 682 902
f 1324 682 735
f 1324 671 682
f 1848 866 1804
f 1498 1848 1804
f 256 1848 1498
f 256 1410 1848
f 1103 1410 256
f 739 1103 256
f 866 910 1804
f 1848 1466 866
f 1410 1466 1848
f 140 749 1466
f 1410 140 1466
f 1466 1828 866
f 354 1493 1828
f 749 1828 1466
f 749 354 1828
f 463 183 1493
f 183 579 1268
f 463 579 183
f 1268 1913 1324
f 579 1913 1268
f 1244 1913 579
f 1913 671 1324
f 1913 444 671
f 1244 444 1913
f 1339 1103 739
f 1025 1339 739
f 536 1025 739
f 1110 140 1410
f 1103 1110 1410
f 1025 1447 1339
f 536 1447 1025
f 466 354 749
f 372 749 140
f 372 466 749
f 1110 372 140
f 1103 949 1110
f 1339 949 1103
f 1447 949 1339
f 354 463 1493
f 372 1396 466
f 1110 1396 372
f 949 1396 1110
f 1447 874 949
f 354 422 463
f 466 422 354
f 1396 422 466
f 949 1134 1396
f 949 874 1134
f 422 579 463
f 1396 1623 422
f 1396 1134 1623
f 874 501 1134
f 422 1244 579
f 422 1623 1244
f 1623 1932 1244
f 1623 443 1932
f 1134 443 1623
f 501 443 1134
f 278 1776 777
f 1036 1776 278
f 709 1776 1036
f 730 1604 709
f 777 1447 536
f 777 1776 1447
f 1604 1781 709
f 1604 457 1781
f 709 1626 1776
f 1781 1626 709
f 1447 1699 874
f 1776 1699 1447
f 1626 1699 1776
f 1781 4 1626
f 1699 501 874
f 1626 4 1699
f 1699 1631 501
f 1699 4 1631
f 1866 457 1604
f 1525 1819 1051
f 1866 112 457
f 1051 112 1866
f 1819 112 1051
f 457 4 1781
f 457 112 4
f 1819 43 112
f 112 43 186
f 990 1819 1525
f 990 699 1819
f 699 759 1819
f 699 1900 759
f 1819 759 43
f 1900 1162 759
f 1386 1681 1745
f 1188 1681 1386
f 1188 1850 1681
f 1281 1850 1188
f 1969 93 871
f 871 93 885
f 1644 1850 1281
f 1644 1743 1850
f 1798 1743 1644
f 885 1743 1798
f 93 1743 885
f 93 1859 1743
f 30 1840 93
f 1840 1859 93
f 548 1859 1840
f 548 1209 1859
f 1922 1209 548
f 1209 1422 1859
f 1755 1922 565
f 206 1887 581
f 581 1887 215
f 215 1887 1755
f 1755 1209 1922
f 1887 1209 1755
f 1887 94 1209
f 1887 1633 94
f 1073 1887 206
f 1073 602 1887
f 1988 1852 74
f 74 1852 602
f 1852 1297 602
f 1887 1297 1633
f 602 1297 1887
f 1297 1827 1633
f 1952 1005 1958
f 1441 1852 1988
f 513 1713 1441
f 902 1713 513
f 682 1713 902
f 671 1481 682
f 682 1481 1713
f 671 1517 1481
f 1713 1852 1441
f 1481 291 1713
f 1517 291 1481
f 1713 1919 1852
f 291 1919 1713
f 1517 1504 291
f 1852 1919 1297
f 291 785 1919
f 1504 785 291
f 1504 1503 785
f 785 1184 1919
f 1503 1184 785
f 1503 1489 1184
f 1184 803 1919
f 1902 1715 1005
f 1311 1431 1902
f 1431 1715 1902
f 1431 307 1715
f 1902 1005 1952
f 309 811 752
f 1057 811 309
f 1311 811 1057
f 811 1311 1902
f 1767 752 1952
f 752 1902 1952
f 752 811 1902
f 1158 1751 1767
f 1751 752 1767
f 309 752 1751
f 1244 507 444
f 444 1517 671
f 507 1517 444
f 507 1340 1517
f 1340 1504 1517
f 1340 1286 1504
f 1286 1503 1504
f 1286 557 1503
f 557 1489 1503
f 1932 507 1244
f 1932 446 507
f 443 446 1932
f 501 1631 443
f 446 1340 507
f 443 1119 446
f 1631 1119 443
f 446 1286 1340
f 446 1446 1286
f 446 1119 1446
f 1446 557 1286
f 1446 1240 557
f 1119 1240 1446
f 1631 1669 1119
f 1240 912 557
f 1669 452 1119
f 557 912 1489
f 1240 57 912
f 1119 57 1240
f 1489 1574 805
f 912 1574 1489
f 57 1574 912
f 57 41 1574
f 1119 41 57
f 1119 452 41
f 1631 4 1258
f 1948 1258 4
f 1631 81 1669
f 1258 81 1631
f 186 1984 112
f 112 1984 1948
f 4 112 1948
f 1984 1549 1948
f 186 1278 1984
f 1948 1509 1258
f 1984 1747 1549
f 1278 1747 1984
f 1948 610 1509
f 1549 610 1948
f 1549 1380 610
f 1747 1380 1549
f 1747 1535 1380
f 1535 1158 806
f 1747 1158 1535
f 759 1537 43
f 759 1256 1537
f 1162 1256 759
f 43 105 186
f 1537 105 43
f 1256 1034 1537
f 1256 484 1034
f 1537 469 105
f 1034 469 1537
f 1034 1311 469
f 1034 1431 1311
f 484 1431 1034
f 484 307 1431
f 105 1278 186
f 105 1497 1278
f 469 1497 105
f 1497 1057 309
f 469 1057 1497
f 1311 1057 469
f 1278 1158 1747
f 1497 1158 1278
f 1497 1751 1158
f 1497 309 1751
f 1850 1771 1681
f 1681 1771 432
f 1850 333 1771
f 1771 1857 432
f 432 1125 751
f 1125 1259 751
f 1857 1125 432
f 1771 930 1857
f 333 930 1771
f 333 561 930
f 604 561 333
f 1125 1037 1259
f 1037 335 1259
f 1037 1785 335
f 1785 1226 335
f 1785 170 1226
f 1857 1037 1125
f 1857 695 1037
f 695 1785 1037
f 695 830 1785
f 830 170 1785
f 930 695 1857
f 930 397 695
f 397 830 695
f 397 1063 830
f 1063 170 830
f 561 397 930
f 1063 1231 170
f 561 1105 397
f 1105 1063 397
f 1105 1707 1063
f 1707 1231 1063
f 604 1105 561
f 170 1990 370
f 1231 1990 170
f 1990 51 18
f 1859 1764 1743
f 1850 604 333
f 1743 604 1850
f 1743 1225 604
f 1743 707 1225
f 1764 707 1743
f 1764 227 707
f 707 1261 1225
f 707 328 1261
f 707 1265 328
f 227 1265 707
f 227 1237 1265
f 227 1462 1237
f 1764 1973 227
f 1973 1462 227
f 604 609 1105
f 609 1707 1105
f 609 1712 1707
f 1712 1231 1707
f 1225 609 604
f 1225 196 609
f 196 1712 609
f 1261 196 1225
f 1261 598 196
f 598 1712 196
f 1454 1231 1712
f 328 598 1261
f 328 1055 598
f 1055 1712 598
f 1055 1454 1712
f 1265 1055 328
f 1237 1055 1265
f 1237 1075 1055
f 1075 1454 1055
f 1462 1075 1237
f 1462 214 1075
f 214 1454 1075
f 214 1763 1454
f 1973 214 1462
f 1763 1941 1454
f 1231 1851 1990
f 1941 1231 1454
f 1941 1851 1231
f 1851 62 51
f 1851 51 1990
f 62 1935 51
f 1859 1210 1764
f 1422 1210 1859
f 1210 219 1764
f 1422 1612 1210
f 1422 765 1612
f 1422 152 765
f 219 1973 1764
f 1210 243 219
f 1612 640 1210
f 219 591 1973
f 591 214 1973
f 591 1763 214
f 243 591 219
f 591 1315 1763
f 1315 1941 1763
f 1210 725 243
f 725 591 243
f 725 1315 591
f 640 725 1210
f 725 719 1315
f 719 1941 1315
f 719 46 1941
f 1612 324 640
f 324 725 640
f 324 719 725
f 420 719 324
f 420 1844 719
f 1844 46 719
f 765 324 1612
f 765 420 324
f 152 420 765
f 152 940 420
f 940 1844 420
f 1844 616 46
f 46 1851 1941
f 46 62 1851
f 616 62 46
f 62 1958 1935
f 94 1472 1209
f 1209 152 1422
f 1209 1020 152
f 1472 1020 1209
f 94 1306 1472
f 94 103 1306
f 94 1534 103
f 1633 1534 94
f 1633 651 1534
f 1472 1679 1020
f 1020 940 152
f 940 92 1844
f 92 616 1844
f 1679 940 1020
f 1679 813 940
f 813 92 940
f 1472 813 1679
f 1306 813 1472
f 1306 1970 813
f 1970 92 813
f 1970 861 92
f 861 616 92
f 861 1541 616
f 1306 659 1970
f 659 861 1970
f 103 659 1306
f 103 346 659
f 346 861 659
f 1534 346 103
f 346 554 861
f 554 1541 861
f 651 1299 1534
f 1299 346 1534
f 1299 554 346
f 554 1284 1541
f 1541 62 616
f 1541 1946 62
f 1802 1946 1541
f 1284 1802 1541
f 1946 1958 62
f 1297 1726 1827
f 1726 715 1827
f 1633 802 651
f 1633 905 802
f 1827 905 1633
f 1827 837 905
f 1827 1786 837
f 1827 715 1786
f 651 617 1299
f 617 147 1299
f 147 554 1299
f 802 617 651
f 802 147 617
f 905 909 802
f 909 147 802
f 909 668 147
f 668 554 147
f 668 1284 554
f 668 1652 1284
f 837 909 905
f 837 505 909
f 505 668 909
f 1786 505 837
f 505 1652 668
f 715 620 1786
f 620 505 1786
f 620 1233 505
f 1233 1652 505
f 1233 352 1652
f 1652 1802 1284
f 352 1802 1652
f 1802 11 1946
f 417 11 1802
f 1946 1952 1958
f 11 1952 1946
f 1919 1726 1297
f 803 1726 1919
f 1489 803 1184
f 1489 805 803
f 805 1835 803
f 803 1033 1726
f 1835 1033 803
f 1835 767 1033
f 1033 10 1726
f 1033 489 10
f 767 489 1033
f 767 442 489
f 1726 1253 715
f 1726 10 1253
f 442 1048 489
f 10 193 1253
f 10 514 193
f 10 1249 514
f 489 1249 10
f 489 498 1249
f 1048 498 489
f 1048 566 498
f 1253 620 715
f 1253 697 620
f 697 1233 620
f 1253 153 697
f 153 1233 697
f 153 1440 1233
f 1440 352 1233
f 1440 1597 352
f 193 153 1253
f 193 1440 153
f 514 1473 193
f 1473 1440 193
f 1249 1473 514
f 1249 1201 1473
f 1201 1440 1473
f 1201 1597 1440
f 843 1597 1201
f 843 755 1597
f 755 563 1597
f 498 1201 1249
f 498 843 1201
f 566 870 498
f 870 843 498
f 870 330 843
f 330 755 843
f 330 823 755
f 823 563 755
f 823 1011 563
f 628 167 525
f 167 1171 525
f 1331 167 628
f 847 167 1331
f 1145 167 847
f 167 1145 1171
f 352 1718 1802
f 1864 525 352
f 525 1718 352
f 1949 1354 1864
f 1354 525 1864
f 628 525 1354
f 1044 1354 1949
f 1044 293 1354
f 293 628 1354
f 1331 628 293
f 1597 1864 352
f 563 1864 1597
f 563 1949 1864
f 563 429 1949
f 1011 359 563
f 359 429 563
f 642 429 359
f 1044 429 642
f 429 1044 1949
f 1535 806 1658
f 788 11 417
f 788 1658 11
f 1557 1373 788
f 1373 1658 788
f 1373 1535 1658
f 1433 788 417
f 689 788 1433
f 39 1433 205
f 39 846 1433
f 846 689 1433
f 601 689 846
f 1557 689 601
f 689 1557 788
f 1718 417 1802
f 417 1718 1433
f 1171 205 1718
f 205 1433 1718
f 1145 1705 1171
f 1705 205 1171
f 39 205 1705
f 1171 1718 525
f 1658 1767 11
f 1767 1952 11
f 806 1767 1658
f 806 1158 1767
f 1574 1550 805
f 41 1550 1574
f 805 692 1835
f 1550 692 805
f 41 1803 1550
f 452 1803 41
f 1669 1328 452
f 692 767 1835
f 1803 692 1550
f 452 957 1803
f 452 1529 957
f 1328 1529 452
f 692 442 767
f 1803 442 692
f 1803 957 442
f 442 1398 1048
f 957 1398 442
f 1529 1398 957
f 1328 1383 1529
f 1398 566 1048
f 566 754 870
f 1529 566 1398
f 1529 754 566
f 1529 330 754
f 1529 823 330
f 823 312 1011
f 1383 823 1529
f 1383 312 823
f 754 330 870
f 81 1727 1669
f 1258 1524 81
f 1258 1143 1524
f 1669 1727 1328
f 81 1643 1727
f 1524 1643 81
f 1524 1143 131
f 131 847 1524
f 131 1145 847
f 1643 1069 1727
f 1069 1524 847
f 1524 1069 1643
f 847 1331 1069
f 1328 1614 1383
f 1727 1614 1328
f 1069 1614 1727
f 1069 1044 1614
f 1069 293 1044
f 1331 293 1069
f 312 359 1011
f 312 642 359
f 1614 312 1383
f 1614 642 312
f 1044 642 1614
f 1380 601 610
f 1380 1557 601
f 1557 1535 1373
f 1380 1535 1557
f 1509 1143 1258
f 1509 1234 1143
f 1234 610 601
f 610 1234 1509
f 131 846 39
f 131 601 846
f 601 131 1234
f 1143 1234 131
f 1145 131 1705
f 131 39 1705
f 1930 1774 1826
f 80 1930 28
f 80 1981 1930
f 1981 1774 1930
f 1981 44 1774
f 1981 25 44
f 52 34 1981
f 34 203 25
f 34 25 1981
f 52 1954 34
f 96 1954 52
f 34 1983 203
f 1954 1983 34
f 1954 87 1983
f 1556 626 1954
f 96 1556 1954
f 1901 1556 96
f 1954 1878 87
f 626 1878 1954
f 626 1560 1878
f 199 706 760
f 778 998 199
f 998 706 199
f 596 706 998
f 111 1901 1783
f 111 760 1901
f 111 199 760
f 1424 801 111
f 801 199 111
f 801 778 199
f 1909 1390 414
f 1390 1149 855
f 360 1390 1909
f 360 1149 1390
f 240 626 1556
f 392 1390 240
f 1390 855 240
f 542 1001 1645
f 1001 414 392
f 414 1001 542
f 414 1390 392
f 1088 240 1556
f 1088 984 240
f 396 984 1088
f 984 392 240
f 1817 396 1088
f 1645 396 1817
f 396 1001 984
f 1001 396 1645
f 1001 392 984
f 263 1556 1901
f 263 1088 1556
f 943 1088 263
f 794 943 263
f 1130 943 794
f 1817 943 1130
f 943 1817 1088
f 760 263 1901
f 706 263 760
f 794 706 596
f 706 794 263
f 166 1599 1560
f 1098 1337 166
f 1337 1599 166
f 1337 685 1599
f 1523 1098 1106
f 424 1098 1523
f 424 1337 1098
f 787 1337 424
f 787 685 1337
f 202 166 626
f 166 1560 626
f 113 841 202
f 841 166 202
f 841 1098 166
f 819 113 360
f 113 1545 841
f 1106 113 819
f 1106 1545 113
f 1098 1545 1106
f 1545 1098 841
f 855 202 240
f 899 202 855
f 899 113 202
f 1149 899 855
f 360 899 1149
f 113 899 360
f 240 202 626
f 1995 1569 699
f 1995 1474 1569
f 1619 1474 1995
f 1569 1900 699
f 1619 1101 1474
f 1569 1162 1900
f 1569 1474 1162
f 1474 1314 1162
f 1474 235 1314
f 1101 235 1474
f 1101 691 235
f 1780 63 678
f 1780 1714 63
f 1285 1714 1780
f 678 1619 1995
f 63 1619 678
f 1714 771 63
f 1714 596 771
f 63 1232 1619
f 771 1232 63
f 771 596 998
f 1619 1788 1101
f 1232 1788 1619
f 1232 801 1424
f 1232 771 801
f 771 778 801
f 771 998 778
f 1101 1788 691
f 1232 1424 1788
f 1082 1909 341
f 1813 1909 1082
f 1813 360 1909
f 1909 542 341
f 341 1645 1285
f 542 1645 341
f 542 1909 414
f 1285 1130 1714
f 1130 1645 1817
f 1645 1130 1285
f 596 1130 794
f 1130 596 1714
f 819 360 1813
f 108 1106 819
f 80 28 51
f 51 28 18
f 1935 80 51
f 1935 52 80
f 52 1981 80
f 1896 52 1958
f 1958 52 1935
f 1896 96 52
f 1005 197 1896
f 1005 1896 1958
f 1783 1901 96
f 1783 96 1896
f 1375 1411 197
f 1411 1368 197
f 877 305 1375
f 305 1411 1375
f 305 1363 1411
f 1908 1375 197
f 223 1375 1908
f 1686 223 1908
f 1686 1289 223
f 1289 1686 992
f 1289 1375 223
f 1289 877 1375
f 1908 197 1005
f 1715 724 1908
f 307 1376 1715
f 484 1376 307
f 1376 724 1715
f 1686 1376 484
f 1686 724 1376
f 724 1686 1908
f 1908 1005 1715
f 1368 111 1783
f 721 111 1368
f 1347 721 1368
f 1788 1347 691
f 1424 1347 1788
f 1424 721 1347
f 721 1424 111
f 1411 960 1368
f 960 1347 1368
f 1363 960 1411
f 691 960 1363
f 1347 960 691
f 197 1783 1896
f 1368 1783 197
f 235 769 1314
f 769 691 1363
f 691 769 235
f 1162 914 1256
f 1314 914 1162
f 1314 65 914
f 65 305 877
f 65 769 305
f 769 65 1314
f 769 1363 305
f 914 992 1256
f 992 65 1289
f 65 992 914
f 65 877 1289
f 484 992 1686
f 992 484 1256

