# https://github.com/mikedh/trimesh
v 0.20482002 -0.36977202 -0.78302771
v 0.36950481 0.30769530 -0.49067846
v -0.33728108 0.13730089 0.64546829
v 0.30552334 -0.37211433 -0.54170322
v -0.08406930 0.03654227 0.81421554
v -0.28255293 -0.37846988 -0.15226428
v 0.25747940 0.38688880 0.43180457
v -0.01564362 0.04083243 0.84513694
v -0.34390023 -0.07984763 0.64103186
v 0.36948499 -0.16761120 -0.50381768
v -0.15060714 0.14178073 0.76558465
v 0.29477867 -0.37264612 -0.57611102
v 0.36949170 0.01882069 -0.78282124
v -0.15253760 0.10078756 0.76856846
v 0.33990824 0.24074918 0.64202648
v 0.27043203 0.37549257 -0.41608334
v 0.28853902 -0.37215352 -0.62468046
v -0.22063637 -0.34119549 0.65215868
v -0.36948499 0.00792499 0.04603615
v -0.36950591 -0.28887731 -0.66019315
v -0.35404399 -0.22840001 0.63298112
v -0.36953360 -0.30704466 0.09865253
v 0.36948499 0.12344240 -0.61219966
v 0.27285644 0.38412511 0.56336576
v 0.36948499 -0.14738616 -0.01740653
v 0.36952469 -0.06767406 0.59497875
v -0.27880946 0.38015988 -0.05922505
v -0.36956820 0.30799475 -0.00010526
v 0.10666666 0.02868137 -0.84761798
v 0.32545435 -0.37049055 0.25371516
v 0.30953172 0.15227625 -0.84746063
v 0.36168098 -0.27920389 0.62426329
v 0.13904406 -0.13890739 0.76650190
v 0.15295257 0.37896040 -0.20762670
v 0.10150988 0.36978507 -0.78211230
v 0.36948499 0.14104505 0.22822736
v 0.04411337 -0.38534519 0.20309077
v 0.26896071 -0.37938848 -0.10017974
v 0.36948499 -0.01241891 0.27537602
v -0.36948499 -0.09081462 0.41548249
v -0.10049533 0.10263285 0.79794288
v 0.36952227 -0.30549783 0.50772125
v -0.36958694 -0.22006576 -0.78110856
v -0.36949083 0.29232976 -0.42133462
v -0.13702568 -0.38267639 0.04295135
v 0.32130218 0.37077853 -0.01619495
v -0.33567855 0.35984370 -0.64292908
v 0.35975188 0.35221359 0.51601499
v 0.28089285 0.18080132 0.68112475
v 0.20094021 0.34125814 0.65044928
v 0.08190649 -0.38790122 0.39134386
v -0.30957797 -0.16961275 -0.84754157
v 0.25379622 0.30877560 -0.84744227
v -0.36948499 0.07581405 -0.13439035
v 0.36948499 0.15128702 0.04194009
v 0.36948499 0.11912799 -0.44182169
v -0.26079288 -0.38541856 0.31299186
v -0.13870832 -0.25240198 0.71984142
v -0.36153349 -0.07613330 0.62439215
v -0.36951029 -0.30693799 0.39185476
v 0.09222285 0.38232785 0.00250572
v -0.36948499 -0.15903391 -0.46413136
v -0.20354477 0.35895696 0.63859344
v 0.36952761 -0.30687353 0.40320033
v -0.30693820 -0.37265819 -0.47405928
v -0.36954555 -0.30665568 -0.17212601
v 0.30485362 -0.37277591 -0.47376931
v -0.36848533 -0.32738191 0.33710459
v -0.06461791 0.20262232 0.75746137
v 0.36951482 0.30585715 0.21982433
v 0.35226783 0.21149687 0.63494426
v -0.28836665 0.37063450 -0.73025846
v -0.05836351 -0.10762934 -0.84761798
v -0.26250038 0.38543326 0.33814141
v -0.06767301 0.36978477 -0.78210431
v -0.18789634 -0.36976847 -0.78304636
v 0.25393769 -0.35615036 0.63400358
v -0.36951265 0.30582669 0.49063557
v -0.34389937 -0.11368448 0.64102936
v -0.36948499 -0.10951302 -0.11591462
v -0.36882722 -0.32549223 0.25369740
v -0.36956456 0.30821741 -0.38900256
v 0.36952162 0.11842948 0.59497774
v -0.36948499 0.10459431 -0.28548038
v 0.36948499 0.15305139 0.40944564
v -0.04027633 0.38479158 0.14976540
v -0.36949208 0.03566534 -0.78262287
v 0.36948499 -0.15429673 0.18136643
v -0.30777052 -0.37237898 -0.43997344
v -0.05075555 0.38790366 0.57631207
v 0.26952326 0.37430406 -0.49591735
v 0.29838017 0.37246543 -0.60578609
v 0.36948499 -0.00499402 0.43549898
v 0.10151120 -0.30246225 -0.84760869
v -0.36948499 0.14380725 -0.44893092
v 0.34066588 -0.36127660 -0.18601596
v -0.36948499 -0.10284670 -0.28672448
v 0.36771908 -0.32991102 0.42296287
v 0.36950666 0.30885723 -0.55640888
v 0.25803867 0.38613498 0.37762630
v -0.30621868 0.37340841 -0.51604390
v 0.09777890 0.38794050 0.57406682
v -0.27545884 -0.37327197 -0.55647731
v 0.29111832 0.37325755 -0.55207449
v 0.26628244 0.38212621 0.07615812
v -0.36948499 -0.15116312 0.24770923
v 0.29870853 -0.37468615 -0.30308884
v 0.08851725 -0.38793996 0.57472491
v -0.36948499 0.11781055 0.39524692
v -0.35528007 0.35384211 -0.02540011
v 0.15083717 -0.37855920 -0.22392590
v -0.23483050 -0.18983026 0.71367240
v -0.36937362 0.32347792 0.28761643
v 0.23941135 0.38497034 0.57909650
v -0.27021083 -0.37493142 -0.44702306
v -0.36934125 0.32267371 0.11837354
v -0.36955485 0.30789965 -0.27077565
v -0.26960057 -0.37961558 -0.10950802
v 0.26761025 -0.37620166 -0.34516639
v 0.36948499 -0.00264886 0.09373534
v -0.01161604 0.38783598 0.34499115
v -0.36948499 0.14742091 0.19735529
v -0.36948499 -0.14505388 0.06242037
v 0.30737796 0.37299472 -0.37229931
v 0.36951864 -0.30687240 0.31860796
v -0.28400594 0.37788048 -0.21156713
v -0.36948499 -0.00259641 0.23526792
v 0.36922771 -0.32403681 -0.19456312
v -0.28577515 -0.37665567 -0.29579243
v -0.21963596 0.23736201 0.71079588
v 0.25408563 -0.38394624 0.22859751
v 0.15239708 -0.34784755 0.64584571
v 0.15226631 -0.36978102 -0.78214490
v -0.09236588 0.09911042 -0.84761798
v -0.32224500 0.37145704 0.16909523
v 0.22315827 -0.23492491 0.70832348
v 0.36948499 0.00693659 -0.09254421
v 0.28414834 -0.23150456 0.67872763
v 0.36948499 -0.05317245 -0.60045630
v 0.11840729 -0.38490355 0.59391814
v 0.16898288 -0.17054097 0.74636513
v -0.36952358 -0.30607790 0.21970619
v 0.36948499 -0.06682034 -0.38703060
v -0.26753610 0.37533620 -0.43062097
v 0.30625775 0.37308344 -0.44028604
v 0.26802972 -0.37387049 -0.51340663
v 0.33934718 0.23685972 -0.83464122
v 0.27996182 0.37655389 -0.31251070
v -0.17835568 -0.37904641 -0.19105290
v 0.28455588 0.37756222 -0.21986654
v -0.36895102 0.30587739 0.60065234
v 0.30540150 0.37314075 -0.46527255
v -0.21922284 0.30178550 -0.84760815
v 0.36948499 0.16015548 -0.13905488
v -0.36948499 -0.00593948 -0.44564098
v 0.36760199 -0.32991099 -0.75287402
v -0.34683195 0.36128119 0.18615241
v 0.36950645 -0.30826288 -0.27296588
v -0.25215799 0.22454654 0.69805014
v 0.35864139 -0.35025570 -0.09305575
v -0.36058089 -0.33618844 -0.54135370
v -0.36948499 0.15882480 0.00921964
v 0.36948499 0.07739820 -0.27789074
v 0.30946240 0.01691860 -0.84749907
v -0.36948499 0.10662008 -0.61417568
v 0.36585292 0.29610240 -0.81359553
v 0.36771289 0.32991096 -0.55837232
v 0.35908887 0.35136801 0.05921121
v 0.16072600 0.35033375 -0.82906222
v 0.30928457 -0.30498761 -0.84692293
v 0.31957045 -0.36641032 -0.69892472
v 0.36062399 -0.34392199 -0.61752599
v 0.34631804 -0.30863380 -0.82967198
v -0.35387281 0.34546864 -0.51601940
v -0.36959070 0.11847287 -0.79779035
v 0.36952469 -0.00000000 0.59497875
v -0.35556597 0.35425144 0.00843616
v 0.10151102 -0.32347494 -0.84205908
v 0.34904015 0.35445693 -0.44834304
v 0.35270005 0.35924456 0.46525899
v -0.36256301 0.34008369 -0.07613896
v 0.35159799 0.35699880 -0.05921835
v -0.36936557 0.32348394 0.35528913
v -0.36108541 -0.33654845 -0.46526572
v 0.35807186 0.34867972 -0.36375231
v 0.34489918 0.35507259 -0.68520534
v 0.19248523 -0.18874028 0.73246181
v 0.36951840 0.30755836 0.01936932
v 0.36171299 -0.34683001 0.34683001
v 0.36154410 -0.14380699 0.62440604
v -0.07613330 -0.35024974 -0.82899392
v 0.20264862 0.35711205 0.63609117
v -0.35079688 0.35712129 -0.00846614
v -0.36901736 0.32503217 0.57685226
v 0.35624129 -0.35631812 0.56865495
v -0.32032391 -0.37084115 0.08449087
v -0.36153349 0.04229630 0.62439215
v 0.35794333 0.34830558 -0.43142617
v 0.23313920 0.34655866 0.64526713
v 0.36771032 0.32991150 -0.67679638
v 0.35752976 -0.34735686 -0.63444763
v -0.35459542 -0.35148269 -0.05922943
v 0.18449722 0.22638722 0.72519648
v -0.35249478 0.35912842 0.21147585
v 0.36772096 -0.32991099 -0.27076545
v -0.36208272 0.33812925 -0.26224267
v 0.36062399 -0.34476700 -0.38066700
v -0.05102848 0.13370201 0.79924059
v 0.32361692 -0.27051610 -0.84205329
v -0.08243112 0.06903823 0.81335407
v 0.34507501 -0.36258569 0.42205292
v 0.28415778 -0.31834316 0.65961772
v 0.36062300 -0.34535399 -0.24531899
v -0.36814237 0.30725262 -0.78683513
v -0.30765817 0.37276757 -0.45713603
v -0.31316811 -0.35246119 0.63302594
v 0.34565818 0.35600680 -0.51902449
v 0.29623723 -0.36355561 -0.81231570
v -0.34555691 0.10151085 0.63988942
v 0.36877853 0.32599938 -0.70211953
v 0.36171201 0.34683001 0.49909601
v 0.32113492 0.36623535 -0.65980214
v 0.36061999 0.34505099 -0.31299299
v -0.33834431 -0.14380828 -0.83496094
v 0.36061999 0.34520599 -0.27915600
v 0.36451048 0.33962759 -0.60060883
v -0.35389486 0.35190541 -0.19458123
v -0.14380699 -0.35024971 -0.82899392
v 0.35782322 0.34794921 -0.49910003
v 0.28064051 0.37941468 -0.09300572
v 0.35775563 -0.34789255 -0.51601893
v 0.36173275 0.24535401 0.62368983
v -0.35758880 0.35643575 0.48217797
v -0.35954529 0.33547884 -0.70212454
v -0.35289982 0.35912871 0.56677908
v -0.36017200 -0.34568399 0.16072600
v -0.35404533 0.14380699 0.63297969
v 0.35104939 0.35641873 -0.14381042
v 0.36950752 -0.30910206 -0.59036177
v 0.35719225 -0.34691480 -0.73596108
v 0.35770911 0.34750456 -0.58369279
v 0.36154410 -0.10151101 0.62440604
v -0.35849288 0.07613330 -0.82363558
v 0.22053802 0.29919267 0.68078369
v -0.34306303 -0.35614142 -0.51602644
v -0.14380699 -0.36164799 -0.81906098
v 0.35975248 0.35221255 0.29607400
v -0.25475416 -0.36926600 -0.80152035
v 0.24531899 0.35033262 -0.82906157
v 0.34515509 0.34479010 0.62008542
v 0.22078985 0.38808608 0.55857843
v 0.36061999 0.34599900 -0.12688901
v -0.34252763 -0.33448899 0.63057089
v -0.35411742 0.34568757 -0.48218259
v -0.36213210 0.33828434 -0.24532470
v 0.36061999 0.34580699 -0.16072600
v 0.36171699 -0.24531899 -0.81913602
v 0.35207874 -0.02537780 0.63515663
v 0.35732049 -0.35539144 0.12687427
v -0.16387017 -0.14375567 0.76055640
v 0.36956370 -0.08438879 -0.79863232
v -0.35721394 0.23904924 -0.81987941
v -0.31311557 -0.36663523 -0.79659593
v 0.28843829 0.32066303 -0.84369510
v 0.33692604 -0.03792353 -0.83583975
v -0.36302450 -0.16074285 -0.81251740
v 0.35980684 -0.35211638 0.43142200
v 0.36954397 -0.22313905 0.59319174
v 0.32992899 0.35969999 0.61799598
v -0.35448280 -0.35134205 -0.07614767
v 0.36403742 0.34102815 -0.21148266
v 0.33148643 0.33622181 -0.83202642
v -0.36650863 0.32433793 -0.46526453
v -0.35119009 0.35784835 0.05920981
v -0.36011288 0.33587632 -0.61753172
v 0.30875760 -0.37033513 -0.60707104
v 0.36061001 0.34371501 -0.68519998
v -0.35244468 0.35006848 -0.38068101
v 0.36954001 0.16918494 -0.79791331
v 0.05075555 0.33951536 -0.83453822
v 0.35974813 0.35222033 0.53293300
v 0.36061701 0.34449601 -0.44834101
v -0.04229630 -0.36954513 -0.79858357
v -0.01612317 -0.38591579 0.59146208
v -0.27434388 0.19677092 0.68745142
v 0.36950144 -0.31031331 -0.65987200
v -0.36949801 0.15492320 -0.78203201
v 0.10997000 -0.36164799 -0.81906098
v -0.35766599 0.10151101 0.62895298
v 0.11855349 0.35624269 0.64121366
v 0.15201561 0.37133744 0.61706334
v 0.36547446 -0.10997000 -0.81459910
v 0.16072600 -0.36164799 -0.81906098
v 0.34977019 0.16072600 -0.82943386
v 0.35728940 -0.35525185 0.10995544
v 0.33007404 0.36721906 0.59511489
v 0.35688096 -0.35321319 -0.10998292
v 0.36771804 0.32991099 0.21989875
v 0.36936149 -0.32351464 0.13530518
v 0.07032365 0.10570119 0.80423969
v -0.33630395 -0.36043218 -0.45680118
v -0.32302856 0.36902538 -0.22004507
v 0.35706466 0.34665176 -0.76982754
v -0.10997006 0.35032061 -0.82905364
v 0.33399677 -0.33505970 0.63164812
v 0.34988281 0.31305718 -0.82950842
v -0.33687821 -0.36080080 -0.35528433
v -0.18610723 0.36880299 -0.80362999
v -0.36302847 -0.33972856 0.00845355
v 0.36913621 0.32454726 0.11805510
v 0.36935318 -0.32354560 0.18606199
v 0.31782025 -0.35992584 -0.80879712
v 0.36881286 0.32585892 -0.33843639
v -0.34768835 0.34769088 -0.77961558
v 0.36404252 0.34230554 0.56681556
v -0.16072646 0.35755885 -0.82490844
v -0.16586225 0.16849864 0.75213194
v -0.36771828 -0.32991105 0.37216252
v 0.34149021 0.36388290 0.20877932
v -0.36767438 -0.30579185 0.60075253
v -0.36170056 -0.34683287 0.49065182
v 0.35856250 0.10997003 -0.82367086
v 0.34682998 0.36103818 0.16927105
v -0.34696555 -0.35328022 -0.39758918
v 0.04229630 -0.35024974 -0.82899392
v 0.30563381 0.37228423 -0.57532465
v -0.35852486 0.10997177 -0.82359457
v -0.34990311 -0.35599002 0.04229136
v -0.35218439 -0.35732552 0.29599175
v -0.36837640 -0.31026256 -0.76003444
v 0.15055905 -0.36728242 0.62414861
v -0.32372361 0.37086785 0.13588867
v -0.35448775 0.34602997 -0.43142688
v 0.35724092 0.34675285 -0.75288004
v -0.33612978 -0.36029816 -0.49063870
v 0.02913289 0.03900898 0.83322972
v 0.08349881 0.36928007 -0.80150568
v 0.35259911 0.35888553 0.19455819
v -0.34934828 0.35582027 -0.16073307
v 0.27479494 -0.33608800 -0.83621013
v 0.34254700 0.36322632 0.14380336
v -0.19456352 0.35755602 -0.82489151
v 0.32625610 0.36908013 0.01710258
v 0.14380862 0.32678342 -0.84061784
v 0.35258573 -0.35934731 0.44834101
v -0.34689224 -0.24532531 -0.82847834
v 0.36050355 0.35047883 0.27364480
v -0.33287886 0.30763578 -0.83624661
v 0.36154413 0.10997000 0.62440604
v 0.36061999 0.34590200 -0.14380699
v -0.35848451 0.04229597 -0.82364643
v 0.36848283 -0.32761684 -0.55956084
v -0.35550693 0.16074762 -0.82631922
v -0.36336410 0.32991096 -0.52445650
v 0.35256892 -0.35934302 0.27915493
v -0.36185431 0.33755794 -0.32991722
v 0.35759303 -0.34750390 -0.60061067
v -0.36952201 0.06767406 0.59485126
v -0.34784070 -0.17765057 -0.82891029
v 0.32258999 0.36947235 -0.13540094
v 0.35803959 0.34858423 -0.38067129
v 0.35782430 -0.34805572 -0.48218200
v -0.16072600 -0.36164799 -0.81906098
v -0.21924794 -0.27141815 0.69704068
v 0.36914182 -0.32488516 -0.30483773
v -0.09305190 -0.36164799 -0.81906098
v -0.30317664 -0.33481264 -0.83708793
v -0.36043999 0.34683001 0.12688901
v 0.34977135 -0.10997000 -0.82943434
v -0.36675158 0.32442030 -0.43142766
v 0.21719950 0.25134036 0.70606047
v -0.13538381 0.30859032 -0.84755361
v -0.26233712 -0.35446656 0.63845432
v 0.36547443 -0.12688901 -0.81459910
v 0.07613330 0.36166000 -0.81912303
v 0.27915618 0.35017824 -0.82915598
v -0.35961616 -0.35193223 0.44833660
v 0.35492605 0.35610682 0.58385158
v -0.36262622 -0.27371836 -0.80814052
v 0.24531899 0.36165300 -0.81911701
v -0.36429200 0.10151100 0.61752599
v 0.36881390 -0.00000018 -0.80362999
v 0.25657183 0.38758221 0.50753039
v 0.34289101 -0.35535130 -0.76982021
v 0.34992719 0.35530010 -0.31299570
v 0.36952162 0.06767408 0.59497774
v 0.35827908 0.34927547 -0.26224136
v -0.35693523 0.34888172 0.60109514
v 0.35940716 0.35176352 0.14380339
v 0.35980684 -0.35211641 0.41450399
v 0.31306416 0.37231719 0.59251058
v 0.36948499 -0.15172654 0.39020592
v -0.28069925 0.37930927 -0.10985661
v 0.32186231 0.36938089 -0.19456688
v -0.30415717 0.37348160 0.59630841
v 0.36930266 -0.32424453 -0.42302421
v -0.34353971 0.27120215 0.64041120
v 0.36461204 -0.33944705 -0.66828430
v -0.30686572 0.37407267 -0.15569086
v -0.35194397 -0.32083648 -0.81912291
v 0.36938003 -0.30681527 -0.78674179
v 0.36062300 -0.34527701 -0.26223701
v -0.18663412 0.18855029 0.73793757
v -0.36429200 -0.13534801 0.61752599
v 0.10151099 -0.36878800 -0.80362999
v -0.35270032 0.35924664 0.34683001
v 0.36839357 -0.32766715 0.45795944
v 0.33934841 0.06767446 -0.83464044
v -0.35758853 0.35643625 0.44834104
v -0.35269406 0.35925102 0.29607400
v -0.34787759 -0.35419354 -0.24532345
v -0.05921483 0.35033399 -0.82906199
v 0.32005376 0.33046025 0.64313889
v 0.24434313 0.30216911 0.67611957
v 0.05921480 0.35906896 -0.82296997
v 0.36061099 0.34376401 -0.66828197
v -0.34997642 0.35639334 -0.09305906
v 0.30715647 0.37242317 -0.49072921
v -0.33296922 0.35998404 -0.76429641
v 0.35776886 0.34777603 -0.53293693
v -0.32463002 -0.37018216 0.29828817
v -0.35598132 -0.35324439 0.14378917
v 0.35702580 -0.35404488 -0.02539153
v 0.36956370 -0.15247028 -0.79863232
v 0.35209608 -0.35798702 0.07612948
v 0.26223707 0.35901970 -0.82301515
v 0.35240388 -0.35945526 0.54986483
v 0.35740563 -0.35581151 0.17762890
v -0.33923045 0.07613330 -0.83462518
v -0.35770744 0.25417778 0.62898773
v 0.16902703 0.38268694 0.59206498
v -0.35198411 0.35835695 0.12688310
v 0.36956263 0.24531899 -0.79792035
v 0.36951900 -0.18610349 0.59497678
v 0.29612157 0.34688205 0.64144182
v 0.24158344 -0.38754183 0.51744056
v 0.32811257 0.36968291 0.55930942
v 0.12770635 0.17608844 0.76112521
v -0.36595178 0.32991099 -0.15231733
v -0.12688901 -0.36164799 -0.81906098
v 0.36847827 -0.32763726 -0.52334166
v -0.07613330 -0.36164799 -0.81906098
v -0.35026687 -0.29612154 -0.82456738
v -0.34682384 0.33876854 0.62292862
v -0.16284980 -0.28559181 0.69536114
v 0.10363343 0.18449777 0.76214612
v -0.01675667 0.02542719 0.84778768
v -0.35957101 -0.34849301 0.29597601
v 0.34280360 0.36125925 -0.04229786
v -0.30182904 0.37206227 -0.63368410
v 0.31462777 -0.18410848 -0.84698325
v -0.36910081 0.32461551 0.52481532
v 0.36061200 0.34386501 -0.63444400
v 0.35813528 -0.34886464 -0.32991514
v -0.36657402 0.32991093 -0.01699095
v 0.33755881 -0.35991693 -0.52437025
v -0.35975301 0.35221216 0.26223680
v 0.36688417 -0.24531899 0.61188954
v 0.35209903 -0.24532437 0.63516456
v 0.36936551 0.32347825 0.28761113
v 0.32433107 0.37109652 0.42291218
v 0.36772203 -0.32991099 -0.35535780
v -0.14317952 -0.21123186 0.74374658
v 0.12688901 -0.36164799 -0.81906098
v -0.35255855 -0.35932592 0.49909472
v 0.12688901 -0.35024971 -0.82899392
v 0.35226437 -0.35851428 0.14380260
v 0.36153546 -0.21998100 0.62442213
v 0.36154413 -0.12688901 0.62440604
v -0.36832422 0.26695669 -0.79496622
v -0.36170700 0.09305190 -0.81908298
v -0.35966364 -0.33557925 -0.67669439
v 0.34292677 0.35896069 0.60476327
v -0.06764858 -0.37300172 0.61891657
v 0.36061999 0.34545100 -0.22840001
v 0.34033301 -0.36117405 -0.21985139
v -0.36368746 -0.33604157 -0.15595083
v 0.27915600 0.36164999 -0.81911600
v -0.33924976 0.01687798 -0.83461702
v -0.35951400 0.34570700 -0.00845926
v 0.35980934 -0.35211352 0.31299299
v 0.36961275 0.27065963 -0.79771268
v -0.36141199 0.34683001 0.21148100
v -0.27916920 -0.35895118 -0.82299262
v -0.04229634 0.35756847 -0.82494575
v -0.35632640 -0.34777859 -0.10997570
v -0.21148109 0.35028464 -0.82902569
v 0.06750397 -0.36954013 -0.79919678
v 0.36452457 0.33959103 -0.61752790
v 0.35709250 -0.34685567 -0.75288200
v 0.35793996 -0.34829554 -0.43142608
v -0.35404533 -0.04229630 0.63297969
v 0.35621297 -0.16072600 -0.82623720
v -0.36178109 0.33742821 -0.34683645
v 0.35980681 -0.35211667 0.49909601
v -0.36569011 0.32991093 -0.20306671
v -0.05502204 0.10927422 0.81065160
v 0.36880079 0.32594097 -0.51601505
v -0.36772323 -0.32991481 0.28987885
v -0.17764409 0.35029742 -0.82903767
v 0.35772231 -0.34781295 -0.53293687
v 0.35664093 -0.35160831 -0.27916697
v -0.20416754 -0.20354056 0.72880399
v 0.35737824 0.34692985 -0.71904206
v 0.36839446 -0.32766715 0.38796642
v -0.00027188 -0.35739100 0.64184725
v -0.32933316 0.35490906 0.62454855
v 0.36154410 -0.07613330 0.62440604
v 0.36061999 0.34571499 -0.17764400
v 0.32426754 0.37108025 0.51030624
v 0.36061099 0.34381399 -0.65136302
v -0.35482168 -0.35176727 -0.02539298
v 0.25842211 0.32366994 0.66201645
v 0.36770424 -0.32991165 -0.69371670
v -0.34701833 -0.35794261 0.00845090
v -0.36954719 0.30799454 -0.15235586
v -0.35539570 -0.35249496 0.05919827
v 0.36848441 -0.32758182 -0.39039817
v -0.28752142 -0.36877775 -0.80369771
v 0.32991099 0.31299299 -0.83905500
v 0.36062300 -0.34505501 -0.31299299
v -0.05921403 -0.35744908 0.64249617
v 0.33814371 -0.36047578 -0.43981233
v -0.35932311 0.35195476 0.19455531
v 0.36171699 -0.09305190 -0.81914300
v -0.34955072 -0.04229697 -0.82939231
v 0.35137945 0.35676599 -0.09305544
v 0.35999352 -0.30213866 0.62218779
v -0.30707332 -0.37233382 -0.52441293
v -0.34251332 0.36194965 0.03383708
v 0.30267438 0.11842971 -0.84760457
v 0.22041585 -0.35663393 0.63480562
v 0.34528631 -0.18611382 0.63976568
v 0.34531537 0.34535432 -0.80948162
v 0.34447420 -0.35535747 -0.66564286
v 0.36918929 -0.32444960 -0.44834110
v 0.34356704 -0.36327833 0.32144597
v 0.10997000 -0.35024974 -0.82899392
v -0.36952201 -0.03383705 0.59485126
v -0.35975558 0.35221285 0.41450399
v 0.35093868 0.35630468 -0.16072938
v -0.36943725 -0.30632502 -0.60060757
v 0.36061701 0.34443200 -0.46525899
v 0.21899214 0.37245047 0.60976017
v -0.35815865 0.33450663 -0.78747469
v 0.00845926 -0.36524543 -0.81490153
v -0.35886350 -0.33383814 -0.79379237
v -0.35268801 0.35925460 0.27915600
v 0.35685328 -0.35304973 -0.12690176
v 0.35758996 0.35641399 0.24531247
v 0.35617858 0.27915600 -0.82626128
v 0.33541143 -0.35891873 -0.74440938
v 0.05921480 -0.35903180 -0.82289439
v -0.13393712 -0.13512342 0.77630103
v 0.36171201 0.34683001 0.38912600
v 0.12688901 0.36165801 -0.81912100
v 0.36882913 0.32570127 -0.04229646
v 0.35039166 -0.35574490 -0.24532203
v -0.32409340 0.36951074 -0.07641289
v -0.36953846 -0.30785707 -0.35533109
v 0.36955589 0.06767409 -0.79792118
v 0.36957285 -0.25379649 -0.79792875
v 0.10318331 0.37528309 0.61426836
v -0.34555140 -0.16918495 0.63987803
v 0.34479597 -0.35487634 -0.71904296
v -0.36429200 0.13534799 0.61752599
v -0.22247858 0.16738059 0.72185069
v -0.09305191 0.36948672 -0.79982418
v -0.31731465 0.37072882 -0.34208328
v -0.26961049 0.36931700 -0.80151749
v 0.35258645 -0.35934603 0.36374798
v 0.36872467 -0.32624546 0.54272795
v -0.23687130 0.36958039 -0.79861468
v 0.25472656 -0.33450252 0.65399259
v -0.35423943 -0.26224807 -0.82056642
v -0.36158353 0.27920395 0.62438029
v 0.34977135 -0.09305190 -0.82943434
v 0.34800166 0.35354507 -0.60906357
v 0.09305190 0.36166000 -0.81912202
v -0.33923349 0.05075431 -0.83462369
v 0.36396185 -0.34134847 -0.14380856
v -0.36746916 0.23850170 -0.80057269
v -0.34323433 -0.36334443 0.40636924
v -0.02537780 -0.36164799 -0.81906098
v 0.36917967 0.32430252 0.05096993
v 0.36954498 -0.21994144 -0.79792005
v -0.35457692 0.35284647 -0.10999029
v -0.35922849 0.33515945 -0.74387354
v -0.35150477 -0.35769787 0.27915278
v -0.36001042 -0.33580324 -0.62594342
v 0.35882756 -0.35082462 -0.00846285
v -0.35497937 -0.34618196 -0.32991543
v -0.29820219 -0.37785336 0.55384082
v 0.27917579 -0.36928999 -0.79904974
v -0.09305210 0.35906669 -0.82295918
v -0.32025948 -0.37100935 0.15736452
v -0.35332134 0.35830224 0.58588535
v 0.36257312 -0.03711409 0.62234592
v -0.16918503 -0.36878800 -0.80362999
v 0.21658102 0.23255461 0.71223140
v -0.35845822 0.02537505 -0.82366246
v 0.17764400 -0.35903180 -0.82289439
v 0.36171299 -0.34683001 0.44834101
v 0.01187670 -0.34702703 -0.83088011
v -0.35657400 -0.35401931 0.22838098
v 0.35626417 0.35502654 0.00704164
v 0.34120935 0.35530123 -0.78825516
v 0.00000004 0.36954618 -0.79857564
v 0.36348361 0.33797505 -0.78691316
v 0.36315405 -0.31319919 -0.81078660
v 0.31331629 0.35364828 -0.82514572
v 0.36062399 -0.34431499 -0.49909601
v -0.05921480 0.36166000 -0.81912202
v 0.06523262 -0.05162935 0.81515753
v 0.34977135 -0.14380699 -0.82943434
v -0.04930526 0.37827551 0.60941178
v -0.31742263 -0.04229631 -0.84620905
v -0.34819835 -0.34822285 -0.69366819
v 0.33172777 -0.35551012 0.61062497
v 0.34519371 -0.32845044 -0.82349056
v 0.35856250 0.09305190 -0.82367080
v -0.36752623 -0.32991099 0.21988502
v 0.02537780 0.36166000 -0.81912303
v -0.31745672 -0.35922083 -0.81687695
v 0.36154410 -0.05921480 0.62440604
v 0.33031249 0.35707584 -0.80786562
v -0.36033812 0.33604121 -0.58369493
v -0.36174437 0.29614756 -0.80905366
v 0.36171201 -0.34683001 0.53293300
v 0.16072600 -0.35024971 -0.82899392
v -0.35848916 0.05921480 -0.82364011
v 0.34533817 0.08459254 0.63977128
v -0.35287884 0.34470475 -0.65136671
v -0.10151771 0.35747784 0.64242530
v 0.26854992 0.35686108 0.63327450
v 0.35820773 0.34907308 -0.29607835
v -0.36164099 0.12688901 -0.81907600
v 0.32398695 -0.37039927 0.13532263
v 0.09476987 -0.22192359 0.73915172
v -0.16917735 -0.31558657 -0.84700191
v 0.35102397 -0.35641173 -0.14381045
v -0.35701850 -0.35493520 0.31296861
v -0.31276926 -0.30434167 -0.84590083
v 0.05089347 -0.37738809 0.61177272
v -0.36429200 -0.03383705 0.61752599
v -0.34556434 -0.00000005 0.63990599
v -0.34280896 -0.35603905 -0.54986346
v -0.24531923 0.35906479 -0.82289690
v -0.34881082 -0.34893534 -0.57522690
v -0.36247200 -0.33826387 -0.17764971
v -0.36153349 -0.10997000 0.62439215
v -0.35606259 0.35511261 0.07757450
v 0.34426701 0.00000023 -0.83195800
v -0.30764374 -0.27524552 0.66409355
v -0.10150403 -0.37737936 0.61157727
v 0.16918495 0.36955175 -0.79857594
v -0.35814780 -0.00846964 -0.82366872
v 0.32212931 0.37080616 0.05139060
v -0.36672568 0.32991099 0.01684282
v -0.36784494 -0.05067042 -0.80362993
v -0.11841311 0.38791123 0.57627904
v 0.31712145 -0.32298228 0.64673275
v 0.35620874 0.12688906 -0.82623738
v -0.31917521 0.33492154 -0.83401000
v 0.36170599 -0.34683001 0.27915600
v -0.35974458 0.35220239 0.24531640
v -0.28825343 0.31873325 -0.84506369
v -0.06766645 -0.31563613 -0.84686416
v 0.35410154 0.34758407 0.60074657
v -0.21148100 0.36948630 -0.79982620
v 0.36409774 -0.34278387 0.24531749
v -0.21508536 -0.30340672 0.67823344
v -0.33455223 -0.36163574 -0.40936837
v 0.36952499 -0.30839816 0.35528916
v -0.34874460 0.35525879 -0.22840680
v -0.35370037 -0.35039997 -0.19457562
v -0.27926454 0.35399574 0.63675243
v 0.36771899 -0.32991099 0.35528907
v 0.35856250 0.07613333 -0.82367074
v -0.03390652 -0.35726637 0.64256305
v -0.36060899 -0.34668499 0.27915600
v 0.22840001 -0.35903764 -0.82288730
v 0.36061499 0.34413499 -0.54985201
v 0.36171201 0.34683001 0.45680001
v 0.35270002 0.35924459 0.44834101
v -0.22840001 0.36166000 -0.81908399
v 0.34529883 0.18606913 0.63980180
v -0.36949050 -0.10548373 -0.79207420
v -0.23644677 0.37293226 0.61150640
v -0.35436457 0.34591350 -0.44834578
v 0.35813862 0.34887460 -0.32991534
v -0.29377019 0.37538680 -0.31282464
v 0.35980690 -0.35211653 0.46525899
v -0.18838088 -0.16362907 0.74413866
v 0.35945711 0.33188558 0.60634714
v 0.28337240 0.37815094 -0.17752774
v 0.36878750 -0.32585424 -0.71903765
v -0.35829166 -0.34245580 -0.27065015
v -0.36086199 -0.04229630 -0.81889498
v 0.35692620 -0.35460427 0.02398993
v 0.36950633 0.30813709 -0.67680460
v -0.35013771 0.35653782 -0.07614043
v -0.34840825 0.34841377 -0.67674738
v 0.36879981 0.32594815 -0.53293306
v -0.36938629 -0.32341385 0.46525887
v 0.32941794 -0.33305460 -0.83098948
v -0.19456300 -0.35903180 -0.82289439
v -0.00845926 -0.34776822 -0.83062828
v -0.35971457 0.33559927 -0.67670447
v 0.26223779 -0.34998950 -0.82915157
v 0.36768594 0.32995245 -0.76107603
v 0.36935413 0.32361510 -0.08466423
v 0.35745874 -0.35609251 0.21146637
v -0.34804580 -0.35434678 -0.21989688
v -0.33540955 -0.35988671 -0.60912287
v -0.36005688 -0.35144573 0.54987162
v 0.00666302 0.00007440 0.84469914
v -0.36153349 0.02537780 0.62439215
v 0.35975251 0.35221246 0.31299299
v 0.32295516 -0.37037963 0.06765418
v -0.36952820 -0.06767406 0.59485322
v -0.05104614 0.06826143 0.82804996
v -0.34750012 -0.35384104 -0.30449957
v -0.35270157 0.35924533 0.49909604
v -0.36273155 -0.33486015 -0.37550649
v 0.34064040 -0.35513878 -0.78828657
v 0.03493041 -0.36926839 -0.80150604
v -0.34845102 0.35498503 -0.26224360
v -0.36171296 0.34683001 0.28762025
v 0.34977135 -0.17764400 -0.82943434
v -0.06951328 -0.08559773 0.81634969
v 0.36171699 -0.17764400 -0.81914300
v 0.35768887 -0.34773403 -0.54985583
v -0.36203185 0.33797890 -0.27916166
v -0.32220408 -0.24531958 -0.84327936
v 0.36171299 0.16072600 -0.81914002
v -0.32530206 -0.36348602 -0.77581596
v -0.32251894 0.36882240 -0.28771454
v -0.36131200 0.34683001 0.58368897
v -0.01681673 -0.37306851 0.61886227
v -0.35721341 -0.35551414 0.38065040
v 0.35980684 -0.35211664 0.48217800
v -0.31868050 0.37189770 0.00434296
v -0.33643803 -0.36053014 -0.43142551
v -0.36815751 -0.32514682 -0.03388557
v 0.36938435 -0.32348594 0.10146712
v -0.36233184 0.33317202 0.60935813
v -0.31309676 -0.34857786 -0.82821375
v -0.35404533 -0.12688901 0.63297969
v 0.30487832 -0.37315637 -0.39721394
v 0.34819761 -0.35369948 -0.58369040
v -0.36954412 0.21790875 -0.78104055
v 0.35975254 0.35221246 0.43142200
v -0.35461158 0.34614912 -0.41450897
v -0.35860699 0.34356901 -0.21148100
v 0.27946866 0.32115918 0.66016257
v -0.36191997 0.33769292 -0.31299895
v 0.04229630 0.35906899 -0.82296991
v -0.34837225 -0.34842375 -0.65983266
v 0.30849138 0.37290081 -0.33194432
v 0.35946554 0.35184366 0.16072239
v 0.36062300 -0.34633201 -0.05921480
v -0.36887190 0.31042475 -0.57656610
v 0.36846942 0.32760364 -0.18496481
v 0.00845926 0.36166000 -0.81912303
v -0.36951590 -0.30748233 -0.42300308
v 0.21148100 -0.35903174 -0.82289445
v 0.35841700 -0.34963247 -0.19456701
v -0.34580651 -0.35751882 -0.12689821
v -0.35653159 0.34862748 -0.14381377
v -0.36953294 -0.30662945 -0.00260005
v -0.20244460 -0.37763518 0.60561007
v -0.30266854 0.28116480 0.66243500
v 0.30388984 -0.36967516 -0.77973557
v 0.34882277 0.35425705 -0.48217988
v -0.36820975 0.32745278 0.16788685
v -0.36151999 0.33707559 -0.39759192
v 0.15214650 -0.38397306 0.59334368
v -0.09305190 -0.34776822 -0.83062828
v -0.34330973 -0.35003570 0.61616367
v 0.35621965 -0.22840032 -0.82623047
v 0.33934718 0.21148100 -0.83464122
v -0.22840010 0.35027787 -0.82902014
v -0.35599339 -0.34050146 -0.75288874
v 0.36771789 0.32991096 -0.01706852
v 0.36771902 -0.32991099 0.32145116
v -0.34841943 0.21980157 -0.82909852
v 0.36951900 -0.10151101 0.59497678
v -0.10375572 0.37587336 0.61428177
v 0.36062300 -0.34676000 0.00845926
v -0.13527834 0.36863884 0.62661034
v 0.35790733 -0.34820771 -0.44834504
v -0.03436790 -0.08357091 0.82435894
v -0.36932170 0.31891248 -0.06372841
v 0.36977726 0.30827805 -0.78031480
v -0.35883400 0.34406301 -0.16072600
v 0.36772197 -0.32991099 -0.60912663
v 0.35257936 -0.35934910 0.29607382
v 0.16072600 0.36165699 -0.81911999
v -0.27167776 -0.32093164 0.66007495
v -0.24781039 0.25785637 0.69343203
v 0.32575834 -0.37047729 0.43985906
v 0.09649379 -0.15117817 0.77673274
v 0.36877501 -0.32582042 -0.73595667
v -0.36059099 -0.34653899 0.26223701
v -0.36100101 0.29616714 0.62317109
v -0.35685310 -0.10998841 -0.82333058
v 0.31371126 -0.35484958 0.62788522
v -0.10997000 -0.34776822 -0.83062828
v -0.36939159 0.30582818 -0.69370985
v 0.35856524 -0.07613330 -0.82367247
v 0.35856533 -0.19456300 -0.82367229
v -0.34252995 0.35607898 -0.61754143
v 0.36771706 0.32991102 -0.37227494
v -0.35161152 -0.35746670 0.26223260
v -0.35633355 0.34077257 -0.71905357
v 0.36952999 0.30866873 -0.74293911
v 0.36954001 0.20302193 -0.79791260
v 0.34662163 -0.35635418 -0.46526638
v 0.33451769 -0.36057201 -0.60579908
v 0.30946219 -0.01691853 -0.84749907
v 0.35975254 0.35221240 0.34683001
v -0.32463393 0.36714008 -0.37229347
v 0.02537780 0.36954096 -0.79857248
v -0.32080060 0.37204859 0.24063867
v -0.10060886 -0.35907027 0.64052790
v -0.03383667 0.35749751 0.64244133
v 0.03373428 -0.35706031 0.64145064
v 0.33680674 0.36142465 -0.38486341
v -0.36204779 -0.33745545 -0.29607975
v -0.35562846 -0.35279253 0.09303485
v -0.35686591 0.35590723 0.16070074
v -0.36932665 -0.32360154 0.52458137
v 0.33011803 -0.30642185 -0.83869457
v 0.11827622 -0.35458234 0.64137602
v -0.35341930 -0.32757914 0.61857498
v 0.34521246 0.36249125 0.52525240
v -0.36544746 -0.21988559 -0.80363125
v 0.36171201 -0.34683001 0.54985201
v 0.36154437 0.17764400 0.62440556
v 0.35270005 0.35924456 0.39758500
v 0.36089399 -0.34683001 0.07613330
v 0.36954927 0.22840001 -0.79791570
v -0.33676621 0.24532188 -0.83570498
v -0.36954749 -0.30798465 -0.32149944
v 0.35138845 -0.35768473 0.00845647
v 0.35213450 -0.35812214 0.09304794
v -0.36160100 0.34683001 0.22840001
v 0.36772206 -0.32991102 -0.64296377
v -0.33154833 -0.32199630 0.64372730
v -0.34701180 0.33810273 -0.80661488
v 0.00647437 0.04048210 0.84273195
v 0.35096964 0.36006230 0.26728287
v -0.35551187 -0.35264328 0.07611651
v -0.32208705 -0.36958563 -0.01292803
v 0.36333156 -0.33575371 -0.78694826
v 0.36951828 0.30661860 -0.13539709
v -0.34927437 -0.34946287 -0.49063042
v 0.32381657 0.28736302 -0.84199822
v -0.24392326 -0.26866964 0.69247162
v 0.33727798 0.36166430 -0.32583988
v 0.35258630 -0.35934690 0.38066700
v -0.04728506 -0.02108953 0.83351523
v -0.00089326 -0.03371546 0.84695768
v 0.36951005 -0.30795011 -0.22212131
v 0.36171600 0.02537780 -0.81914198
v 0.27916154 0.36951411 -0.79936600
v 0.02925410 -0.09975644 0.81477511
v -0.36955363 0.09305190 -0.79778075
v -0.36920929 0.32347813 0.54985201
v -0.17764400 -0.35753712 -0.82483923
v 0.04227981 0.38790509 0.57630450
v 0.35856348 0.04229634 -0.82367170
v 0.35732761 0.35519752 0.09303713
v 0.36934522 0.32348770 0.45679998
v -0.33551329 -0.36006293 -0.57517225
v -0.34342328 0.36215091 0.10153425
v -0.36252794 0.33987921 -0.09305756
v 0.36951229 -0.30618531 0.00014297
v -0.34771290 -0.35404238 -0.27065659
v -0.34969285 0.09305190 -0.82936114
v -0.36497590 0.32646775 -0.55646336
v -0.36947671 -0.30704752 -0.49067876
v -0.23685652 -0.33939302 -0.83452553
v 0.01685699 0.35734031 0.64260936
v 0.32134905 0.37190121 0.27437538
v 0.36433539 0.31677496 -0.81407225
v -0.32179967 -0.37089634 0.25367048
v 0.35729381 0.35505363 0.07611867
v -0.34271684 -0.36412632 0.43141556
v -0.35851043 0.35138777 0.10996354
v 0.35687351 0.35331976 -0.10998365
v 0.36950800 0.30814955 -0.26846772
v 0.10424558 -0.04574671 0.79487026
v 0.36932504 0.32356703 -0.05921492
v 0.34454465 0.35840154 -0.25365055
v -0.28815752 0.37003079 -0.78090638
v -0.35405883 0.22840001 0.63296574
v 0.36061701 0.34437099 -0.48217800
v -0.35424104 0.34579995 -0.46526369
v 0.35693431 0.35366511 -0.07614731
v -0.35470805 -0.35162464 -0.04231121
v 0.02042406 0.18990439 0.76627612
v -0.23440886 -0.35886118 0.63534850
v -0.34154674 0.35569823 -0.70592105
v 0.36937413 0.32339883 0.07613315
v -0.34204021 -0.35521594 -0.71905309
v -0.23579453 0.38708815 0.57476515
v 0.12688901 -0.36947620 -0.79982251
v 0.10142139 0.31625473 -0.84619248
v -0.32329500 0.37136352 0.49375188
v -0.34935385 -0.08458031 -0.82945377
v -0.16921388 0.36586148 0.63068366
v -0.36153349 -0.05921480 0.62439215
v 0.35183981 0.35722002 -0.02538132
v -0.27926230 -0.35380524 0.63729918
v 0.10419890 0.15107365 0.77810258
v -0.32515743 -0.37081572 0.49914825
v 0.18789883 0.37237698 0.61271840
v 0.36171699 -0.26223701 -0.81912100
v 0.08444504 -0.35594311 0.64119720
v -0.30725396 0.36807346 -0.79961443
v -0.34296903 -0.35606891 -0.53294444
v 0.35656872 -0.35097823 -0.34684044
v 0.36954957 0.13534799 -0.79791754
v 0.36876160 0.32599398 -0.71903765
v 0.00317579 0.08749211 0.82241374
v 0.35975254 0.35221240 0.41450399
v -0.36739504 0.32707000 -0.11998322
v 0.36171201 0.17764400 -0.81913900
v 0.35258588 -0.35934722 0.39758500
v 0.36453775 0.33931464 -0.73596090
v 0.29617724 0.35624480 -0.82580924
v 0.34995934 -0.35531324 -0.31299567
v 0.34795782 -0.35352868 -0.61752725
v -0.34759077 -0.19456954 -0.82879078
v -0.13953829 0.33707675 -0.83574349
v -0.05921480 -0.36164799 -0.81906098
v -0.22712602 -0.38752094 0.57264417
v 0.11834837 -0.37274286 0.61753386
v -0.00845926 -0.36164799 -0.81906098
v -0.12688905 0.35031575 -0.82905060
v 0.27058887 0.28106281 0.67781854
v 0.08098897 0.38272828 0.60016680
v -0.33890492 -0.36130351 -0.10148723
v -0.35672894 0.35574660 0.14378214
v -0.27054381 -0.33925241 -0.83460069
v -0.36952570 0.05921480 -0.79925686
v 0.35980785 -0.35211623 0.32991099
v -0.35403654 -0.35079256 -0.14382039
v -0.34513146 0.36253718 0.25465712
v -0.07613348 0.35906836 -0.82296383
v -0.16917713 -0.35827971 0.64157623
v 0.22840005 0.35906279 -0.82296616
v 0.35856056 0.19456300 -0.82366896
v 0.36430687 0.22003318 0.61753166
v -0.34950069 0.14380786 -0.82946420
v -0.30686605 -0.33505467 0.64622593
v 0.13525012 0.38366047 0.59290516
v 0.36171001 0.26223701 -0.81913799
v 0.33560190 0.35909069 -0.71054989
v -0.18600838 0.31617165 -0.84642798
v 0.35082731 0.35619065 -0.17764734
v -0.35252419 -0.35934919 0.51601493
v 0.35838056 -0.34953302 -0.21148503
v -0.36627781 -0.32991099 -0.06770866
v -0.30573189 0.37204811 -0.60865384
v 0.35207874 -0.00845926 0.63515663
v -0.36708573 -0.32991096 0.11838249
v -0.35432464 -0.34558231 -0.43142605
v -0.35981700 0.34652701 0.05921480
v 0.35673845 0.35246819 -0.19457561
v 0.33581504 -0.36110941 -0.48674011
v -0.33600941 0.36057407 -0.54144955
v -0.30342981 0.37147623 -0.65983373
v -0.35476598 -0.34596777 -0.36375231
v -0.33437049 -0.35678342 -0.80323011
v 0.36952162 0.18610352 0.59497774
v -0.32237780 0.37056905 -0.03331126
v 0.08468357 -0.37741587 0.61129987
v -0.33489701 -0.31982902 -0.83445799
v -0.35916027 0.35184845 0.17763655
v 0.36848533 -0.32752568 -0.17048889
v -0.36662960 0.32437918 -0.44834661
v -0.36171201 -0.34683001 0.51601499
v -0.32955524 0.35282803 -0.81197482
v 0.36879212 0.32598880 -0.63444406
v 0.32191768 -0.23801723 -0.84306324
v -0.34379575 -0.35673767 -0.38067821
v 0.36939332 -0.32358113 -0.08466074
v 0.35006791 -0.35542020 -0.29607677
v -0.28928956 -0.37006286 -0.78092366
v -0.35667500 -0.35419565 0.24530041
v -0.32259798 -0.36869967 -0.15234706
v 0.36910075 0.32461542 0.25407827
v 0.35060430 0.35596421 -0.21148421
v 0.34250805 0.36333531 0.11887126
v -0.16072610 0.31584582 -0.84648377
v 0.35258639 -0.35934624 0.34683001
v -0.16896749 0.37937275 0.60632449
v -0.36540794 -0.30787283 -0.79842299
v -0.36262974 0.34050879 -0.04230204
v -0.36264113 -0.33863431 -0.12689471
v 0.21996748 -0.33939090 -0.83452654
v 0.34532565 -0.15226728 0.63975745
v -0.36232227 0.33894473 -0.17764986
v 0.35253718 0.35934210 0.54985231
v -0.02537780 -0.35024974 -0.82899392
v 0.03366704 0.07607956 0.82491988
v -0.35516489 -0.35220131 0.02536183
v -0.16072600 -0.35024974 -0.82899392
v 0.35721529 -0.35465363 0.04227371
v -0.36153349 -0.00000000 0.62439215
v -0.32283518 0.36505678 -0.72752696
v -0.35975549 0.35221282 0.39758500
v 0.32178712 -0.36889020 -0.25381169
v 0.36171299 -0.34683001 0.39758500
v 0.32846701 -0.34614801 -0.82007903
v -0.35937613 -0.35166442 0.39758056
v -0.35953718 -0.35184556 0.43141755
v 0.35270002 0.35924459 0.38066700
v 0.34760526 0.35331693 -0.65980989
v 0.35901627 0.35129586 0.04229271
v -0.32403851 0.32495385 0.64164919
v -0.36952201 -0.15226650 0.59485126
v -0.36939976 -0.01659601 -0.79814398
v -0.36488158 -0.32991159 -0.33836961
v -0.31035662 0.27084363 -0.84723926
v -0.17764400 0.36166000 -0.81909603
v -0.31446174 -0.09953023 -0.84729326
v 0.02537780 -0.35903180 -0.82289439
v -0.28694439 0.36177474 -0.81917363
v 0.20344487 -0.24472964 0.71043670
v 0.35833362 -0.33081514 0.60592330
v 0.32108772 -0.37033829 -0.06773533
v -0.35270065 0.35924643 0.36374801
v -0.35404533 -0.09305190 0.63297969
v 0.36171299 0.14380699 -0.81914002
v -0.30936316 0.04229630 -0.84751755
v -0.33705878 -0.22005664 -0.83551180
v 0.34980273 0.26223701 -0.82941359
v 0.34308824 0.36375120 0.33836195
v 0.35822296 -0.33211768 -0.80653983
v -0.36350831 -0.33675051 0.58379859
v 0.34532896 0.11842947 0.63975197
v 0.12688901 0.35033399 -0.82906294
v -0.26290590 0.38598579 0.39864469
v 0.36154410 -0.18610351 0.62440604
v 0.01135434 -0.18109189 0.77131301
v -0.35487282 -0.34607252 -0.34683436
v 0.35947812 0.28737512 0.62190723
v -0.35816973 -0.35009766 0.17763697
v 0.36171699 -0.14380699 -0.81914300
v 0.34353769 -0.36062804 -0.08584178
v 0.36951417 0.30684856 -0.20306925
v 0.35450944 -0.34757954 0.59147155
v -0.35270092 0.35924628 0.38066700
v -0.36833426 -0.08306818 -0.80080986
v -0.32194328 -0.36853066 -0.23695877
v 0.28296122 0.37717068 -0.25819412
v -0.35918653 0.31656441 -0.80742860
v -0.36202312 0.27919084 -0.81026185
v 0.02537780 0.34785515 -0.83068419
v 0.36912280 0.32507411 -0.40632883
v -0.35522291 0.17767076 -0.82632637
v -0.31321669 0.35595351 -0.82065523
v 0.06770759 0.30856773 -0.84756792
v 0.36060622 -0.34367824 -0.69368726
v -0.36153349 -0.16918500 0.62439215
v 0.32363936 0.36583415 -0.54455096
v -0.34658387 -0.34179369 -0.80804187
v -0.36881170 0.03388448 -0.80363363
v -0.36686409 0.26223829 0.61196142
v 0.11515086 0.07868215 0.78748971
v -0.36029485 -0.08437733 -0.81872416
v -0.36953190 0.19980691 0.59306747
v 0.22473671 0.20522872 0.71323115
v 0.36412489 -0.34280673 0.26223591
v -0.20333609 0.38786030 0.57321382
v -0.34685051 -0.35077593 -0.62795705
v -0.25366005 0.33925331 -0.83461589
v 0.30498388 0.36863205 -0.79767978
v 0.34684023 0.33023939 -0.82543814
v 0.35258275 -0.35934973 0.51601499
v 0.07613330 -0.35903180 -0.82289439
v -0.36959010 0.07613330 -0.79778516
v -0.36951172 0.30512080 -0.52127206
v -0.36342698 0.21151283 -0.81316817
v 0.33934897 -0.06767406 -0.83464009
v -0.35565335 -0.34194639 0.60208434
v -0.32146427 -0.36836138 -0.30461499
v -0.36951953 -0.18610352 0.59485042
v -0.36953431 0.13856965 0.59306371
v -0.36949724 -0.30726621 -0.45684159
v 0.35856447 -0.00845922 -0.82367259
v 0.32283640 -0.36824492 -0.28678650
v 0.36061999 0.34641400 -0.05921480
v 0.35256609 -0.35935953 0.53293300
v -0.35983670 -0.33569071 -0.65136850
v -0.36097366 -0.33646706 -0.48218462
v -0.27458975 -0.28409901 0.67683059
v 0.36154410 0.05075556 0.62440604
v 0.08423296 0.36046344 0.63751400
v 0.13447472 0.38787243 0.39606273
v 0.36171299 -0.34683001 0.36374801
v 0.36154413 -0.16072600 0.62440604
v -0.10075365 -0.11854414 0.79458040
v -0.32994840 -0.34303412 -0.82450676
v 0.17764400 0.36165601 -0.81911999
v 0.30302393 -0.32690528 -0.84037286
v -0.32510588 -0.37074247 0.57723778
v 0.33691058 -0.36198968 -0.32557678
v -0.35795161 -0.02538828 -0.82365942
v 0.36977342 0.27916658 0.59575307
v 0.00655529 0.02538610 0.84473157
v -0.25992426 -0.38676751 0.42391214
v -0.03382994 0.31571898 -0.84676749
v -0.35254622 -0.35925373 0.48217428
v 0.24531899 -0.34750816 -0.83076853
v 0.35799775 -0.34848705 -0.39758915
v -0.34910685 -0.35819969 0.58377928
v -0.21148100 -0.35903180 -0.82289439
v -0.13623331 -0.35904247 0.64055628
v -0.26223701 -0.35902116 -0.82290721
v -0.07613335 -0.35755441 0.64238864
v 0.36151099 0.34683001 0.19456300
v 0.31994104 0.37162432 0.08756042
v -0.36955181 -0.30812880 -0.25383970
v 0.24852723 0.26794231 0.68990219
v -0.32289827 -0.37088412 0.33830017
v -0.36429200 0.06767407 0.61752599
v -0.36433393 0.32629952 -0.64096850
v 0.34951371 -0.35487998 -0.38066939
v 0.36956868 -0.30799732 -0.76144576
v -0.32159793 0.36846983 -0.39759070
v -0.26559332 -0.22189948 0.69308472
v -0.33656922 -0.26223984 -0.83575469
v 0.35855991 0.22840004 -0.82366908
v 0.35856426 0.00845928 -0.82367158
v 0.20643370 -0.30207586 0.67899317
v 0.35049224 0.35585147 -0.22840314
v 0.35699823 -0.35387456 -0.04230984
v 0.14847194 0.17019086 0.75566351
v -0.36954486 -0.14968331 -0.78028083
v 0.34369469 0.02172735 0.64087504
v 0.23695618 -0.37146819 0.61096412
v 0.27136844 0.36810902 0.61375582
v -0.36256149 -0.20629002 0.62233174
v 0.35931656 0.35164273 0.11844974
v 0.35253802 -0.35930416 0.26223466
v 0.35796717 -0.34839249 -0.41450810
v 0.35195982 0.35955349 0.56679392
v 0.36061600 0.34425101 -0.51601499
v 0.35270005 0.35924456 0.49909601
v 0.36951432 -0.30569115 0.25369343
v 0.06767407 -0.33939460 -0.83452475
v -0.36775440 -0.32491177 -0.19456558
v 0.36847034 0.32758003 -0.11728168
v -0.34889346 0.35539845 -0.21148789
v 0.36154410 0.13534799 0.62440604
v -0.25380066 0.34886804 0.64316618
v 0.36952469 -0.03383705 0.59497875
v -0.35945803 -0.35175541 0.41449955
v -0.30475381 0.34541199 0.63960254
v -0.33704123 -0.36088121 -0.32991442
v 0.36910275 0.32457891 0.52406299
v -0.34316519 0.36405194 0.32171685
v 0.12763356 -0.24973258 0.71901888
v -0.04229607 -0.37738043 0.61161160
v -0.04229630 -0.35753715 -0.82483923
v -0.35257789 0.35021329 -0.36376232
v 0.34977126 -0.02537780 -0.82943439
v 0.26223701 -0.36164799 -0.81906098
v 0.32991096 0.36390206 -0.45672992
v 0.15131794 0.12192579 0.76379395
v 0.36935610 0.32348409 0.35528898
v -0.33685476 0.36114153 -0.42294893
v -0.35443696 -0.34567440 -0.41450810
v -0.35791153 0.35074952 0.04228933
v -0.32964686 -0.35458899 0.62544566
v 0.34893125 0.35435632 -0.46526092
v 0.36952060 0.22000527 0.59501672
v 0.25681174 0.38735977 0.54218167
v 0.03807363 0.10043743 0.81464654
v -0.13541082 -0.38689888 0.58837801
v -0.34497750 0.35150397 -0.73596132
v -0.36952201 0.10151101 0.59485126
v -0.29994649 0.37666732 0.10117038
v -0.35715395 -0.35536075 0.36373153
v -0.34489709 0.29608577 0.63550031
v -0.32330447 -0.36891130 -0.05942838
v 0.35749605 -0.34728742 -0.65136665
v -0.34315443 0.36372066 0.54985201
v 0.26858988 0.29539296 0.67393368
v -0.35643128 -0.34791040 -0.09305771
v -0.36152422 -0.33688155 -0.39759195
v -0.32516453 -0.36748677 -0.18372890
v 0.34683001 0.36167800 0.42296299
v 0.32458040 -0.37076971 0.48757303
v 0.17349894 -0.37478170 0.61105531
v -0.36171699 0.34683001 0.56677002
v -0.33628029 0.36070994 -0.50752491
v -0.36153126 0.20303461 0.62439632
v 0.15078418 0.23724471 0.72614545
v -0.29614714 -0.35452324 0.63420063
v 0.35748804 -0.35621756 0.22838758
v -0.13535562 -0.31558657 -0.84700191
v -0.28795794 -0.30964160 -0.84721869
v 0.35963777 0.35207862 0.21147740
v -0.34287003 -0.36424822 0.45684925
v 0.34980604 0.29607451 -0.82941842
v 0.36941513 -0.28668508 -0.80122024
v -0.21884723 -0.36926839 -0.80150604
v 0.31936708 -0.37060583 -0.11491879
v 0.00845926 0.35033420 -0.82906318
v -0.02542721 0.06575319 0.83346462
v 0.31909621 0.31019077 0.64912713
v 0.03380356 0.30856928 -0.84756565
v 0.31890810 -0.15279241 -0.84543455
v -0.19922766 -0.35618657 0.64220113
v -0.34033713 0.36133796 0.60352421
v 0.34683004 -0.36168155 0.49063715
v 0.14380699 0.36165801 -0.81912100
v 0.36916035 -0.32466024 -0.11821629
v 0.33524662 -0.36245948 -0.36368600
v 0.36954975 0.10151093 -0.79791826
v 0.24531899 -0.36164799 -0.81906098
v -0.00000770 0.31563926 -0.84699970
v -0.36936569 0.32348514 0.42296311
v -0.36943731 -0.31903309 0.05484815
v -0.35270160 0.35924456 0.51601499
v 0.04229630 -0.36164799 -0.81906098
v -0.27496508 -0.38207212 0.13887236
v -0.35219643 -0.24531956 0.63511586
v 0.36883211 -0.32573700 -0.24531910
v 0.36061999 0.34663901 -0.02537780
v -0.35857862 0.35067436 0.09304529
v -0.36171505 0.34683004 0.35528919
v -0.29614285 -0.35825962 -0.82292211
v -0.34451526 -0.35146919 -0.77705282
v -0.26595023 -0.38240618 0.09301063
v 0.36441272 -0.33994442 -0.46526074
v -0.35082963 -0.35676184 0.16072120
v 0.29461542 -0.34042946 0.64556217
v -0.21912520 -0.23862778 0.71195948
v -0.22848560 0.35595694 0.63992655
v 0.32991099 0.15226667 -0.83914000
v 0.34010565 -0.36289105 -0.00509046
v -0.22840001 -0.35903180 -0.82289439
v 0.36062300 -0.34512699 -0.29607400
v -0.27101722 0.37075591 0.61104435
v -0.35574535 -0.35294220 0.10995269
v -0.36935756 -0.32348302 0.49063239
v 0.09737323 -0.18376409 0.76040447
v -0.26223725 0.35914120 -0.82279730
v -0.36953914 -0.30563048 -0.06787571
v 0.35856524 -0.05921480 -0.82367247
v 0.29610598 0.36147696 0.62497383
v 0.34534544 -0.05075539 0.63978815
v 0.36704877 -0.33002615 0.57401019
v 0.05258013 -0.12550695 0.79782110
v -0.03384467 -0.31560969 -0.84693980
v -0.24529555 -0.30873245 -0.84747201
v -0.02537780 0.35033438 -0.82906306
v -0.33928758 -0.01701967 -0.83460355
v -0.06359938 0.31870306 -0.84429127
v -0.36946592 -0.30687869 -0.51601553
v 0.29564440 0.31951371 0.65657943
v -0.08412080 0.13434604 0.79372990
v 0.33934927 -0.20301799 -0.83463997
v 0.33461475 0.36063817 -0.58866864
v -0.17098016 -0.18646500 0.74670398
v 0.28874508 -0.35936064 0.62852859
v -0.35046458 0.35682899 -0.04230335
v -0.33661473 0.36097631 -0.45678109
v 0.15226652 -0.36878800 -0.80362999
v 0.35153633 -0.35697982 -0.05921843
v 0.35726109 0.31313246 0.61966372
v -0.34948033 -0.05921554 -0.82941377
v 0.36780515 0.32244277 0.58377999
v -0.35974610 0.35223109 0.54985201
v 0.29611450 -0.34854907 -0.82879961
v 0.36879084 0.32599461 -0.65136307
v -0.33884272 -0.11854915 -0.83478320
v -0.08459163 0.33949980 -0.83454359
v 0.14380720 -0.33557981 -0.83640826
v -0.30357283 -0.37067917 -0.71058470
v 0.35975254 0.35221246 0.32991099
v -0.31186500 0.30375341 -0.84647131
v 0.35912210 0.33609876 -0.80486894
v -0.08509991 -0.00789300 0.81352168
v -0.18383953 0.22452153 0.72765839
v -0.28825375 0.31969571 0.65680784
v -0.36218122 0.33844346 -0.22840576
v 0.19456308 0.35756162 -0.82494646
v 0.28595856 0.37890241 -0.04391137
v -0.31997496 -0.19456391 -0.84505135
v -0.08243231 0.38043141 0.60427290
v 0.21994118 0.33951408 -0.83453918
v -0.35210919 -0.14380699 0.63526022
v 0.36162183 -0.26223862 0.62428671
v 0.03383705 -0.31578594 -0.84648591
v 0.31921542 -0.10105600 -0.84478307
v -0.36948916 0.26667857 -0.76601332
v 0.31307438 -0.34585220 -0.82714134
v -0.01578105 0.00845944 0.84799021
v -0.36957276 0.00845676 -0.79765421
v -0.34325990 0.32314470 -0.82306105
v -0.14380719 0.35906097 -0.82294530
v -0.35259336 0.35922515 0.22839642
v -0.34090424 0.36503336 0.53045857
v 0.35249683 -0.35923460 0.24531598
v -0.36907503 -0.32419115 0.18569924
v -0.33679387 0.10558153 -0.83583760
v -0.36298135 -0.33958450 -0.00846491
v -0.30397332 0.37081698 -0.69360352
v -0.07613330 0.10997000 0.80559599
v 0.34700790 0.33001921 0.62504816
v -0.36791599 0.32722524 0.05225450
v 0.34983245 -0.26223731 -0.82936150
v 0.34738487 -0.35316807 -0.69365120
v 0.35952303 0.35192397 0.17764038
v 0.36772090 -0.32991096 -0.22001120
v 0.35856324 0.05921483 -0.82367122
v -0.26147142 -0.38491336 0.26160568
v -0.32423100 0.37111294 0.44821116
v 0.07201336 0.05312734 0.81167263
v -0.35523629 0.26225993 -0.82061303
v 0.34872878 -0.35418424 -0.49909785
v -0.36955518 0.30792969 -0.23694140
v 0.09305190 -0.35753715 -0.82483923
v 0.20293851 0.38445246 0.58369732
v 0.25286457 -0.23775126 0.69439244
v -0.35651731 -0.12690829 -0.82304692
v -0.36022571 0.33595809 -0.60061282
v 0.23684175 0.36957341 -0.79858303
v 0.36154410 0.08459256 0.62440604
v 0.35845396 -0.34973285 -0.17764799
v -0.36964226 0.28127763 0.58739853
v -0.35778743 0.35054129 0.02537074
v -0.36235559 -0.33802587 -0.21148673
v -0.30469599 0.36146995 0.62448889
v -0.13552096 -0.17349112 0.76349491
v -0.35975686 0.35221180 0.53293300
v 0.34385893 0.36311305 0.48217800
v 0.33713752 -0.35979044 -0.55827868
v -0.35896540 -0.33509660 -0.76980007
v -0.35929307 0.33437675 -0.76981473
v 0.35831556 0.34937790 -0.24532335
v -0.34313092 -0.30283341 0.64028537
v -0.24531899 -0.35902786 -0.82289916
v -0.00502561 -0.37437969 -0.48971999
v 0.36154410 0.16072600 0.62440604
v 0.31310686 0.36133021 0.62377894
v 0.25594726 0.38756850 0.47378844
v -0.36944875 -0.30648765 -0.57527190
v 0.36911765 0.32512996 -0.45664722
v 0.27921292 -0.35867938 -0.82265741
v 0.30945930 0.18610357 -0.84750760
v -0.30410746 -0.37006003 -0.74438095
v -0.34607577 0.35253787 -0.58369362
v -0.36864668 0.17053913 -0.80092281
v -0.19456300 -0.36878800 -0.80362999
v 0.31952056 0.37200108 0.17176647
v -0.30649483 0.37326643 -0.54150367
v -0.32095346 0.37209839 0.29137552
v -0.33701748 -0.36377111 0.60091299
v 0.18751380 0.20482475 0.73093152
v 0.35765642 -0.34765634 -0.56677383
v -0.27949777 -0.37984458 -0.05911522
v 0.36936542 0.32348090 0.49063700
v -0.32277876 0.36892456 -0.25388199
v -0.34946683 -0.34967831 -0.45679298
v 0.30513173 -0.37027076 0.59296000
v 0.36061800 0.34469301 -0.39758500
v -0.18913378 -0.25293422 0.71242887
v 0.27418357 -0.38081577 0.56708473
v 0.16741414 0.30580708 -0.84760350
v -0.35253811 0.16072600 0.63461232
v -0.35828155 -0.35023931 0.19455594
v 0.36956370 -0.05095941 -0.79863226
v -0.36831075 0.32755962 0.20422636
v -0.21994105 0.32350454 -0.84207350
v 0.36952469 0.15226650 0.59497875
v -0.36954698 0.30796984 -0.18618912
v 0.34142199 0.30531466 0.63440764
v 0.27460518 0.34640035 0.64397645
v -0.25572839 0.38767105 0.49919701
v 0.36453405 -0.33963180 -0.58369076
v -0.36897001 -0.32304126 0.02537577
v -0.34496054 0.20310414 0.64035004
v 0.36839369 -0.32766706 0.48947734
v -0.12188864 0.12255231 0.78337669
v -0.02544772 -0.04919543 0.83822900
v -0.36052731 -0.30237919 0.62196189
v -0.35203493 -0.35798049 0.32990688
v 0.35028392 -0.35563642 -0.26223996
v -0.35620230 -0.14382514 -0.82273567
v 0.20348662 0.28163397 0.69358814
v -0.36794531 -0.32726291 0.08316470
v 0.36768782 0.32990253 0.01708871
v 0.06080794 0.08647392 0.81254810
v 0.34463671 -0.27039784 0.64045858
v -0.06807979 0.09459253 0.81364584
v -0.30501619 -0.36829776 0.60984939
v 0.00190080 -0.06573944 0.83374840
v 0.34317353 0.36405438 0.30479237
v 0.06846717 0.16534413 0.77770448
v 0.35856590 -0.21148100 -0.82367164
v -0.35499606 0.35343820 -0.05923633
v -0.32378113 0.36936682 -0.11852854
v 0.36953348 -0.18610351 -0.79791510
v 0.36771807 0.32991099 0.15222257
v -0.33432305 0.26775813 -0.83697695
v 0.08499482 -0.11852028 0.79384971
v 0.22987899 0.27142173 0.69441855
v 0.30520564 -0.25370196 0.66483551
v 0.33969349 -0.36089975 0.58764458
v 0.34780505 0.35342914 -0.63444513
v -0.36936575 0.32348475 0.38912597
v -0.36171499 0.34683001 0.38066700
v -0.36930913 0.32237390 0.08436789
v -0.36856744 -0.32765985 0.55796790
v -0.35300553 0.34478897 -0.63444775
v -0.36229509 -0.33790830 -0.22840573
v -0.03577167 0.09797309 0.81722474
v -0.35834086 0.00845165 -0.82367182
v -0.06767407 -0.36953965 -0.79858005
v 0.18633874 -0.21994111 0.72565836
v -0.36955407 0.30785695 -0.30460820
v 0.30104375 -0.26741987 -0.84759486
v -0.36429200 0.23702759 0.61752599
v 0.32299095 0.36953250 -0.10156611
v 0.21148105 0.35906306 -0.82296628
v -0.06767406 0.36595151 0.63045317
v 0.32448825 -0.37041524 0.16916052
v -0.30968142 -0.13544668 -0.84753102
v -0.31725636 0.13543056 -0.84676886
v 0.34174460 -0.29474998 0.64015847
v -0.30684367 -0.37200025 -0.55926681
v -0.28141046 -0.37808114 -0.19107616
v 0.36154929 0.19456300 0.62439638
v -0.32991076 -0.16944276 -0.83908242
v -0.35443890 0.35265386 -0.12690897
v -0.36793491 -0.31299299 -0.65983939
v 0.00222647 0.06227925 0.83528107
v -0.05010669 -0.05297418 0.83095324
v -0.02537780 0.36166000 -0.81912303
v -0.35758865 0.35643604 0.46525899
v 0.26988637 -0.37835214 -0.17325607
v 0.36171299 -0.34683001 0.38066700
v -0.08340973 -0.05607678 0.81449562
v 0.06668855 -0.08428922 0.81024438
v -0.27480948 0.38321388 0.57426143
v -0.30681565 -0.26543319 -0.84752262
v 0.30605793 -0.37343585 -0.21178259
v 0.33073300 0.34699801 -0.82143599
v -0.04814955 0.03321742 0.83332229
v -0.36689642 -0.09305190 0.61183852
v 0.10997005 0.35756585 -0.82494700
v 0.34373513 0.27231938 0.63694936
v 0.34837896 0.35387409 -0.54985356
v -0.35708678 -0.35521191 0.34681353
v -0.31506938 0.20108326 -0.84720838
v 0.35856053 0.21148102 -0.82366908
v 0.26086918 -0.38159370 0.05933223
v 0.34610331 -0.31360787 0.63150018
v -0.35487801 0.19460388 -0.82618660
v 0.01693225 0.37736771 0.61152393
v -0.32990995 0.22041243 -0.83908576
v 0.35975254 0.35221240 0.48217800
v -0.03366648 0.36954838 -0.79919398
v -0.20512389 0.34281504 0.65146053
v 0.34533504 -0.11842949 0.63976455
v 0.17143323 -0.25237325 0.71267968
v -0.36171651 0.34683001 0.50755566
v 0.32424793 -0.37091842 0.39218006
v -0.35948256 -0.33546355 -0.70212454
v 0.34936509 0.35476419 -0.39758727
v 0.15238081 0.35542890 0.64082623
v 0.17764430 -0.30864671 -0.84754229
v 0.32395941 0.11842976 -0.84190178
v -0.36953461 0.30603707 -0.10433597
v 0.35396510 0.00845926 0.63293684
v 0.32480502 0.37096575 0.38113946
v -0.20299582 0.37552494 0.61140418
v 0.20421889 -0.27075127 0.69789344
v 0.01691813 -0.36977962 -0.78214133
v -0.36263740 -0.19457975 -0.81185949
v 0.35716426 0.35434723 -0.00846621
v 0.36429200 0.00000000 0.61752599
v 0.36171401 -0.34683001 0.29607400
v 0.30496764 -0.12694506 -0.84761608
v -0.06766400 -0.38497463 0.59361672
v 0.35201123 0.35761783 0.02537411
v 0.20302185 0.36955675 -0.79857755
v 0.34131008 0.09972540 -0.83362532
v 0.31871673 -0.37061539 -0.15626562
v -0.06767634 0.36880302 -0.80362999
v -0.36965188 -0.30615571 0.57603604
v 0.30244187 -0.37013668 -0.74448305
v 0.35238224 -0.35890961 0.19455816
v -0.36283666 -0.17766076 -0.81218433
v 0.30196455 0.37683889 0.55992711
v -0.35369235 0.34530708 -0.54136711
v -0.34830654 0.35484979 -0.27916250
v -0.30931330 0.10154343 -0.84753066
v 0.36771795 0.32991096 -0.27076778
v 0.09772124 0.11919794 0.78926831
v 0.36061499 0.34407899 -0.56677002
v -0.34919500 0.35567895 -0.17765102
v -0.36868900 -0.32660079 0.31299150
v 0.32347837 -0.37038642 0.10148463
v 0.34977776 -0.24531917 -0.82941920
v 0.14526254 -0.38790473 0.56192946
v 0.35116011 0.35653430 -0.12689249
v 0.32084349 0.37188852 0.23286307
v 0.36910155 -0.32470399 0.21957332
v 0.11554737 0.22242558 0.73922074
v -0.13612199 -0.10570880 0.77948111
v 0.23849690 -0.30221647 0.67575878
v 0.36154410 0.02537780 0.62440604
v 0.36848348 -0.32760367 -0.49189529
v -0.27544317 -0.38254035 0.21434510
v -0.34734678 0.35392493 -0.39759076
v 0.03368239 0.13659824 0.79765582
v 0.23980144 0.35739532 0.63394856
v 0.16648746 0.26942152 0.70416051
v -0.28773841 0.24930574 0.67539060
v 0.32112971 0.36931223 -0.25385207
v 0.35015437 0.35551837 -0.27915889
v -0.34255132 0.35622990 -0.60062236
v -0.30341589 -0.37115940 -0.67675769
v 0.35673201 -0.27917892 -0.82566202
v -0.00845926 0.35756728 -0.82494694
v -0.26949677 -0.37619898 -0.36205983
v 0.25799182 0.33711702 -0.83572900
v 0.36937112 0.32340667 0.09305175
v 0.27113378 0.37880242 0.59021491
v -0.01691848 0.37737441 0.61150509
v 0.21994069 0.30865720 -0.84751916
v 0.35737866 -0.35567114 0.16071108
v -0.25702929 -0.25104699 0.69382793
v 0.35797483 0.34839711 -0.41450819
v -0.28744254 -0.25580055 0.67791587
v -0.34809235 0.35464874 -0.30447933
v 0.34453091 0.35482553 -0.73596174
v -0.35586318 -0.35309321 0.12687144
v -0.01800830 -0.01345030 0.84710246
v -0.36801216 -0.32504934 -0.10155493
v -0.28934228 -0.37210187 -0.63277358
v -0.36198646 -0.24533665 -0.81092978
v -0.32406929 -0.36913443 0.04205911
v -0.36186564 -0.27055532 0.62403470
v -0.10151100 -0.36955854 -0.79859149
v -0.36632633 0.32427493 -0.49064261
v 0.33853319 -0.36056429 -0.40589163
v -0.30930749 -0.01695214 -0.84755611
v -0.30780974 -0.37266505 -0.37229684
v -0.32327417 0.36913571 -0.18620193
v -0.36951551 -0.30686516 0.35227737
v -0.30427322 -0.30484676 0.65960157
v 0.31951636 -0.37088105 -0.02964847
v 0.35855967 0.24531902 -0.82366854
v 0.36097100 -0.34683001 0.09305190
v 0.31855705 -0.36768940 -0.57800293
v -0.31053784 0.23706487 -0.84741479
v -0.36029643 -0.33599353 -0.58369488
v 0.36932054 0.03507637 -0.80121744
v 0.30947852 0.21994065 -0.84746307
v -0.11116257 -0.38786617 0.38658753
v 0.36876100 0.32577315 0.18605699
v 0.36955184 0.25442117 0.59526598
v -0.27659559 -0.38040051 0.57846147
v 0.32998207 0.35111541 0.62874103
v 0.32284212 0.36977404 -0.06531439
v 0.24443917 0.37147161 0.60946184
v 0.35810465 0.34877616 -0.34683433
v -0.36948499 -0.08112825 -0.61623687
v -0.36083099 -0.34683001 0.32991099
v 0.36771792 0.32991096 -0.30460337
v -0.31765229 0.16935959 -0.84692955
v -0.36931902 0.32343569 0.23685369
v -0.36419690 -0.32991105 -0.42293712
v 0.31146085 0.34460413 0.63948596
v 0.36950284 -0.31025559 -0.62603092
v 0.36496514 -0.33792543 -0.76990587
v 0.17245759 -0.13114336 0.75048381
v 0.34977034 0.14380699 -0.82943380
v 0.35756707 0.35633045 0.22838719
v -0.34952438 -0.35566336 -0.00846419
v 0.36061999 0.34620100 -0.09305190
v -0.17932987 -0.22513513 0.72895521
v 0.30371580 -0.28889668 0.66105288
v 0.34560573 0.35583690 -0.56677711
v -0.36934739 -0.32339448 0.43983254
v 0.35718811 -0.35483310 0.05920067
v -0.34427315 -0.27068749 0.64081788
v 0.32922798 -0.36325175 -0.63837683
v -0.36918911 -0.30699390 -0.69408429
v -0.36772203 0.32991099 0.49063709
v -0.18975019 0.14055967 0.74369144
v -0.36815250 -0.32736185 0.15355703
v 0.36847541 0.32756084 -0.15355638
v 0.17767173 0.35553607 0.63929862
v -0.36954793 0.30760509 -0.03428756
v -0.06303214 -0.12151849 0.80474126
v 0.25397626 -0.36961067 -0.79855728
v -0.21224025 -0.17139758 0.72874415
v 0.36140299 -0.34683001 0.19456300
v -0.32616988 0.37044775 0.57698220
v 0.36948499 -0.12717797 -0.21914542
v -0.33411297 0.35839716 -0.78720587
v -0.10544449 0.22620510 0.73944694
v 0.36547446 -0.02537777 -0.81459904
v 0.32100976 0.36658937 -0.62605762
v -0.02405651 0.16991706 0.78118634
v -0.36956021 -0.18624847 -0.78146589
v 0.36872384 -0.32592204 0.28759766
v -0.36948085 0.30427459 -0.61272955
v 0.34321579 -0.34691110 -0.80683738
v 0.32557762 -0.37046611 0.52460384
v -0.28487062 -0.37731528 -0.24506439
v -0.36891592 0.30732986 -0.76186544
v 0.36916912 -0.32454756 -0.03421875
v -0.10997000 -0.36164799 -0.81906098
v -0.35969758 -0.35201040 0.46525466
v 0.34627017 -0.33613521 0.61762774
v 0.28243414 0.25527185 0.67597592
v -0.34859729 0.35512120 -0.24532568
v 0.18632860 -0.34062377 0.65071666
v -0.30583096 -0.37305161 -0.49911538
v -0.36086258 -0.33638641 -0.49910250
v -0.28705794 0.34995297 -0.82939517
v -0.25061807 0.37707758 -0.31873181
v -0.35490802 -0.21978308 -0.82132041
v -0.35351047 0.34515226 -0.56677413
v 0.28371266 0.38132146 0.33523625
v 0.36957645 0.30464837 0.55857754
v -0.25419867 0.35986531 0.63180882
v 0.36771441 0.32991096 -0.49070036
v -0.36868212 0.19457272 -0.79883677
v -0.35975400 0.35221291 0.32991096
v -0.35975355 0.35221320 0.31299296
v 0.36881909 0.32580718 -0.23692906
v 0.36939570 -0.32346874 0.06761894
v 0.35391951 0.22841424 0.63273257
v 0.04978006 0.35901746 0.64007449
v 0.18293701 0.16154066 0.74103171
v 0.35877511 0.35073674 -0.04230029
v 0.32687664 -0.37002650 0.55908608
v -0.33961192 -0.35661703 -0.74188018
v -0.12688901 0.36166000 -0.81910700
v -0.30991456 0.36866632 -0.76003867
v -0.36954734 -0.30818844 -0.22000358
v -0.35630217 0.31255555 0.62544388
v 0.36138660 0.26229423 0.62254173
v 0.36949268 -0.01881932 -0.78282326
v 0.36879653 0.32596907 -0.58368903
v -0.34470984 0.35144970 -0.75287908
v -0.16572425 0.38796806 0.57312644
v 0.30214697 0.37101373 -0.69366664
v -0.26062170 0.38700286 0.54248387
v 0.34977099 0.02537780 -0.82943416
v -0.36041072 -0.33607081 -0.56677610
v 0.18974371 0.25159639 0.71213484
v 0.14380699 -0.35903180 -0.82289439
v -0.25356799 0.31925914 0.66291648
v 0.29622003 0.37511069 0.59385973
v -0.35733607 -0.34100518 -0.60062045
v 0.22714464 -0.38646489 0.57132733
v -0.36638573 0.32680446 -0.37054735
v -0.34370449 -0.36339873 0.54154825
v 0.32417127 -0.37096801 0.35209635
v -0.33644497 0.36084506 -0.48218301
v -0.34201783 -0.36159796 0.18614440
v 0.22120194 -0.20136739 0.71613252
v -0.36954686 -0.27118465 0.59563619
v 0.36961403 -0.27104592 0.59484029
v -0.34235349 0.24147758 0.64225912
v -0.34959337 0.12688947 -0.82942110
v -0.10997000 0.36166000 -0.81911099
v 0.18616465 -0.38779616 0.57246834
v -0.32170531 -0.36845908 -0.27078757
v 0.36950785 -0.30930504 -0.69546443
v -0.30857873 0.37252033 -0.42306218
v 0.05923334 -0.35671860 0.64119911
v -0.10326150 0.18581802 0.76422477
v -0.36978656 -0.28813437 -0.77908754
v 0.25737450 -0.38279605 0.14397250
v 0.35680026 -0.35272467 -0.16073839
v 0.28026226 0.38025287 0.02736408
v -0.11849062 0.15223537 0.77641547
v -0.16125314 0.29733407 0.68642771
v 0.11952274 0.36927921 -0.80150551
v -0.20298880 -0.30857867 -0.84755713
v -0.00845898 0.35733265 0.64260519
v 0.20260999 -0.37345335 0.61077845
v 0.32420138 -0.37088785 0.29068634
v -0.35253814 -0.19456300 0.63461232
v -0.13506097 0.18745705 0.75674272
v -0.30788818 -0.37357956 -0.11028361
v 0.18610351 -0.33939460 -0.83452475
v 0.36773390 -0.32991451 -0.00002479
v -0.04528976 -0.17479466 0.77813280
v -0.36949733 0.29092965 -0.56078821
v -0.06768617 0.35213259 0.64656967
v 0.15599070 -0.22202909 0.73097980
v -0.33537936 -0.35936886 -0.69368625
v -0.32673693 -0.28535888 -0.84076262
v 0.03352630 -0.06746961 0.82781827
v 0.36056399 -0.34356400 -0.71903700
v 0.32217664 0.36941826 -0.16923934
v 0.10194144 0.01357811 0.79629648
v -0.05921480 -0.35024974 -0.82899392
v 0.34533525 -0.21995650 0.63968903
v -0.10151100 -0.30851507 -0.84756428
v 0.33582455 0.36092475 -0.49453935
v 0.19456300 -0.35903180 -0.82289439
v -0.36119616 -0.33663067 -0.44834784
v 0.33763596 0.36175600 -0.29212639
v -0.36951804 -0.30640909 0.28816259
v -0.36955145 -0.30806842 -0.28767058
v 0.14380701 0.36958122 -0.79859376
v 0.16680796 -0.28541520 0.69220650
v -0.09841369 -0.38792995 0.57361454
v -0.32254890 0.37148181 0.20293614
v 0.26223707 0.36961424 -0.79846889
v -0.36962879 -0.25391409 -0.78053093
v 0.30735269 0.37283102 -0.40613368
v 0.30665293 -0.37227988 -0.43955216
v -0.36528325 -0.32991111 -0.27071276
v -0.32244435 -0.37019941 0.11765806
v 0.32991099 0.00000057 -0.83914000
v -0.34264722 0.36459002 0.40603811
v -0.16919531 0.35177076 0.64714622
v 0.34364492 -0.36324030 0.46525899
v -0.31406277 0.30300504 0.65187705
v 0.26475441 0.38365841 0.17772400
v -0.36953694 -0.22316220 0.59306413
v 0.36934522 0.32348770 0.38912600
v 0.34682998 0.35997880 0.05084809
v -0.35210267 0.17764400 0.63526547
v -0.31663993 -0.37092358 -0.20692490
v -0.09418086 -0.18830815 0.76508170
v 0.35856518 -0.04229630 -0.82367253
v -0.27085024 -0.37121761 0.61018640
v -0.30936480 0.01691707 -0.84751749
v -0.31817806 -0.36736685 -0.63435900
v -0.15209948 0.36954787 -0.79919833
v -0.11843187 0.36956424 -0.79859066
v -0.26202846 0.38488874 0.27086917
v 0.14380699 0.35033390 -0.82906252
v 0.36949062 -0.11842991 -0.78188753
v -0.01708862 -0.36954013 -0.79919678
v 0.33692580 0.03792346 -0.83583993
v 0.33692434 0.19018930 -0.83584076
v -0.25495481 -0.38775647 0.53343707
v -0.36954308 -0.11520796 0.59306532
v 0.06920043 0.20934097 0.75061232
v 0.22305597 0.31582639 0.66880369
v -0.31043044 -0.22004065 -0.84741992
v 0.01704487 -0.37304187 0.61898863
v -0.17806165 -0.38791534 0.57516789
v -0.33554494 0.35962790 -0.67675626
v -0.36951029 -0.05132947 -0.78020716
v 0.06918884 0.13260992 0.79450619
v -0.00143950 -0.14196572 0.79524159
v 0.24162634 -0.38720417 0.45723078
v 0.26805753 -0.29930389 0.67164671
v 0.36413437 -0.34284344 0.51601499
v -0.36223429 -0.33779189 -0.24532466
v -0.27661449 -0.38107318 0.04223669
v -0.25726375 -0.38390356 0.17816372
v -0.20665769 -0.36646253 0.62673521
v 0.36419994 0.34259143 0.54985553
v 0.30706370 0.37226236 -0.52457947
v 0.25247043 0.23789088 0.69448310
v -0.36941653 0.30601880 -0.65987200
v -0.12688901 -0.35024974 -0.82899392
v -0.13529940 0.35206568 0.64677364
v -0.34810326 -0.16073257 -0.82903558
v -0.15458898 0.21187818 0.74039650
v 0.27129531 -0.36929235 0.61123908
v -0.36951709 0.30557862 0.18571679
v 0.32154396 0.36935002 -0.22000766
v 0.36073899 0.34683001 0.02537780
v 0.30318308 0.28971264 0.66113210
v 0.34667665 -0.12688901 -0.83134395
v -0.13516776 -0.37296140 0.61892939
v -0.25711799 -0.38752449 0.48177341
v -0.33545271 -0.35954502 -0.65982658
v 0.36921227 -0.32433847 0.03364250
v -0.30693632 -0.37177360 -0.59259045
v 0.26415840 -0.38045076 -0.02500968
v -0.25385332 0.30865568 -0.84745139
v -0.35928530 -0.33533379 -0.72745645
v -0.21148100 0.36166000 -0.81908798
v -0.32178408 -0.37134391 0.37570709
v 0.30953842 0.08458295 -0.84744304
v 0.18649270 0.38797882 0.56127763
v -0.36929309 0.30579352 -0.72749823
v -0.23907098 -0.36978483 -0.78257227
v 0.36950660 0.30823955 -0.30681136
v -0.34643877 -0.27916601 -0.82818097
v -0.36955035 0.30604053 -0.34155566
v -0.09749498 -0.15363708 0.78259027
v -0.36197734 -0.33734995 -0.31299898
v 0.30946249 0.05075555 -0.84749907
v 0.17764400 0.35033348 -0.82906234
v -0.26369444 0.38400877 0.20322131
v 0.23653033 -0.27077210 0.69151849
v 0.35834405 -0.34943536 -0.22840405
v -0.36951736 0.03383705 0.59484971
v 0.35806516 -0.34867370 -0.36375222
v 0.36898893 0.30213135 0.59712923
v -0.35399544 0.34557724 -0.49910051
v 0.30695006 -0.37266865 -0.34708121
v -0.11856616 -0.34428295 0.65233862
v -0.36936590 0.32346967 0.26223698
v 0.30231607 0.37052906 -0.72751123
v -0.30620351 0.37333575 -0.49073866
v 0.14486769 0.38791132 0.56223279
v -0.27052596 0.28819445 0.67529750
v -0.16883197 -0.37719911 0.61162543
v -0.36945665 -0.30671149 -0.54143465
v 0.36950460 0.30736890 -0.37225148
v -0.35210916 0.07613330 0.63526022
v 0.03134300 -0.03520649 0.83234817
v -0.19699375 0.26221645 0.70542920
v -0.36909911 0.32462868 0.45647457
v -0.36788276 -0.13375565 -0.80058134
v 0.36949909 -0.30839539 -0.37419996
v -0.36197820 0.33783376 -0.29607978
v 0.29013717 -0.37097132 -0.70197821
v 0.36952469 0.03383705 0.59497875
v 0.04696655 -0.38791630 0.57451433
v -0.18422514 -0.32930937 0.66308814
v -0.36951953 0.00000001 0.59485048
v 0.22104269 -0.36926749 -0.80151111
v -0.36938065 0.32347766 0.32145202
v 0.14353752 -0.19959089 0.74434382
v 0.35851756 -0.29616928 -0.82277942
v 0.18634224 -0.35706797 0.63554293
v 0.30234075 0.37000719 -0.76186359
v -0.34781280 0.35438383 -0.33832401
v -0.22175679 0.20420320 0.71771699
v 0.36936527 0.32430163 -0.43142205
v 0.32002029 -0.37100288 0.02921943
v -0.26698649 0.37932995 -0.16102245
v -0.26323733 0.38314664 0.13879310
v 0.25740620 0.38529825 0.29773894
v 0.25536925 -0.19823413 0.69751096
v 0.35867941 -0.35036486 -0.07613711
v 0.03064911 0.06168584 0.83028734
v -0.36949497 0.29295221 -0.46561399
v -0.13757271 0.38405287 0.59620601
v 0.27677187 -0.37709302 -0.25385985
v 0.30251867 -0.37123948 -0.65990442
v 0.30663398 -0.21687470 -0.84758896
v -0.35210916 -0.02537780 0.63526022
v -0.36925581 -0.30734468 -0.62568408
v 0.36951485 -0.30898440 -0.53955144
v 0.29881397 0.28777626 -0.84770060
v 0.34533817 -0.08459254 0.63977128
v -0.25913796 -0.38602197 0.36376816
v 0.09960425 -0.08565059 0.79426396
v 0.06929226 0.34291106 0.65238529
v 0.36936542 0.32348090 0.32145199
v 0.30946219 -0.04229630 -0.84749907
v -0.32018661 0.37167910 0.06203416
v 0.26346970 0.38442019 0.23690760
v 0.09305190 0.35033420 -0.82906324
v -0.30937043 0.06767423 -0.84750199
v -0.18610509 0.36978745 -0.78214574
v -0.23278680 0.28869250 0.68455714
v -0.36935443 -0.30550808 -0.72756851
v -0.10404152 0.31486163 -0.84642613
v -0.29408833 0.37498835 -0.37525603
v 0.33864513 0.36019757 -0.42285305
v -0.35758856 0.35643682 0.43142202
v 0.27072585 -0.27096343 0.67970943
v 0.30646974 -0.37200946 -0.50767952
v -0.36952955 0.23693736 0.59494030
v -0.36063001 -0.05921480 -0.81883299
v -0.36607933 -0.23867066 0.61415994
v -0.36689642 0.16918500 0.61183852
v -0.35210916 0.05921480 0.63526022
v -0.34334350 -0.21445987 0.64140248
v 0.31464848 0.25556868 -0.84676027
v 0.36934522 0.32348770 0.42296299
v -0.30621061 -0.37352905 -0.33796442
v -0.32388020 -0.37001655 0.21611892
v -0.34556508 0.03383718 0.63990736
v 0.35744083 0.34702149 -0.70212370
v -0.35560024 -0.35668936 0.56820983
v -0.09689116 -0.22208454 0.74302381
v 0.36950868 -0.30867308 -0.47559360
v -0.33396244 0.36130577 -0.57219934
v 0.00000004 -0.30851343 -0.84756672
v 0.36950728 -0.30679721 -0.15231255
v 0.33931237 0.36044165 -0.35519227
v 0.05233499 -0.17348348 0.77220482
v 0.32327080 0.37137470 0.45991307
v -0.32708490 0.36648649 -0.31979012
v -0.36312184 -0.34002373 0.04229054
v -0.13425468 -0.36926839 -0.80150604
v 0.36119300 -0.34683001 0.14380699
v -0.14028388 0.25544325 0.71695435
v 0.36951137 0.30592084 0.15214118
v 0.05075541 0.36956456 -0.79858613
v -0.31738010 -0.06772709 -0.84689641
v -0.25556037 0.38729417 0.44871423
v -0.23702192 -0.37287346 0.61157155
v 0.33515838 0.35890135 -0.76161826
v 0.26770750 -0.37507522 -0.42966291
v -0.30657157 0.37285140 -0.57578796
v -0.32324833 0.37146607 0.36360916
v 0.21812792 0.16004705 0.72123784
v 0.35758591 0.35643595 0.36374801
v 0.12689674 0.37199807 0.61764193
v -0.33738559 0.36301267 -0.14800671
v 0.18501011 -0.36926839 -0.80150604
v 0.36945435 -0.32091096 -0.33372793
v -0.08459255 0.38790762 0.57631463
v 0.36951900 -0.12688901 0.59497678
v 0.36760145 -0.30514231 0.60070390
v -0.36074993 -0.33630681 -0.51602137
v 0.13534807 -0.30865982 -0.84751892
v -0.23758072 -0.21946873 0.70974487
v 0.30900395 -0.06802989 -0.84754348
v 0.15351072 0.20089345 0.74398637
v 0.20887555 -0.15166554 0.72748953
v -0.15252881 0.38785329 0.39374939
v 0.13582723 -0.16927661 0.75982809
v 0.09971756 -0.36976603 -0.78304136
v 0.05078048 0.37735593 0.61164582
v -0.36954668 0.30794972 -0.21148102
v 0.36951900 0.09305190 0.59497678
v -0.36511490 0.14383131 -0.81434548
v -0.30547902 -0.37343985 -0.40611440
v 0.36951306 0.30735061 -0.01961458
v -0.35404536 0.12688901 0.63297969
v 0.36952260 -0.30687198 0.44272622
v -0.00845926 0.38790366 0.57631207
v -0.20302202 -0.33939460 -0.83452475
v 0.22114512 -0.33792046 0.65227592
v -0.04101108 -0.38792622 0.57005370
v 0.26034018 0.38103408 -0.01007680
v 0.27411446 0.38234136 0.12692796
v -0.27781799 -0.38051516 -0.00841800
v 0.34532031 0.15226221 0.63972956
v 0.13252349 0.30580595 -0.84760410
v -0.07608296 0.16672638 0.77991199
v -0.36923775 0.32288450 0.14380522
v -0.25453821 -0.29711258 0.67624390
v 0.24771431 -0.38589722 0.38926947
v 0.30723819 0.37339941 -0.28771016
v -0.34390116 -0.05550016 0.64103770
v 0.25083715 -0.38504967 0.31300420
v -0.34838673 -0.35465610 -0.16914009
v -0.34663764 0.28695759 -0.82815528
v 0.13991050 -0.09076119 0.77176803
v -0.36954802 -0.30681804 -0.13268232
v 0.31228581 0.32086781 -0.84253454
v 0.07613330 0.34785515 -0.83068419
v 0.34533927 0.05075557 0.63977373
v -0.15047193 -0.36976549 -0.78304076
v 0.36951900 -0.15226649 0.59497678
v -0.26409459 0.38214585 0.06482874
v 0.32506353 -0.37045187 0.21135025
v 0.01609549 -0.38636765 0.59083986
v 0.11800090 -0.11972160 0.77977401
v 0.04105525 -0.21943554 0.74351740
v -0.35988581 -0.35197395 0.53293300
v -0.36687335 0.32446089 -0.41450959
v -0.35645789 -0.35385951 0.21146220
v -0.10401465 -0.08463679 0.80049527
v 0.36938027 -0.32353219 -0.05921488
v -0.11878185 0.07414091 0.79110575
v -0.36952183 -0.30718932 0.13789165
v 0.06764083 -0.30858296 -0.84754992
v 0.27090028 0.37618145 -0.36272052
v 0.36935729 -0.32353020 0.16072586
v 0.28201532 0.37878066 -0.13533112
v 0.36950883 0.30799469 -0.60910749
v 0.29010150 0.37183952 -0.65141600
v -0.28493410 0.37708241 -0.26176855
v -0.26619577 0.38141924 0.00027330
v 0.27113008 -0.30945525 -0.84724039
v -0.07613289 0.29830170 -0.84761953
v -0.24535850 -0.34735778 0.64547837
v 0.34977010 0.17764400 -0.82943398
v 0.10620498 -0.38192534 -0.00980293
v -0.36842805 -0.32760081 0.40720406
v -0.36952829 -0.30768618 -0.38916507
v 0.22845188 -0.30869779 -0.84748447
v -0.36954260 0.30642992 0.03678887
v 0.18804809 0.31946307 -0.84463525
v 0.36975589 -0.30431357 0.57543331
f 443 981 400
f 379 1805 443
f 1108 400 981
f 400 1108 1071
f 443 1710 981
f 1805 1710 443
f 1108 748 624
f 981 748 1108
f 981 367 748
f 981 643 367
f 1710 643 981
f 1710 1455 643
f 1239 748 367
f 748 1239 624
f 643 1208 367
f 1455 1208 643
f 484 367 947
f 484 1239 367
f 1208 947 367
f 1001 400 547
f 330 547 1347
f 330 1001 547
f 330 1347 784
f 1877 784 1797
f 1877 330 784
f 1600 1797 1478
f 1600 1877 1797
f 1600 1478 472
f 1001 443 400
f 1689 1001 330
f 379 443 1001
f 1689 379 1001
f 1877 1689 330
f 1240 1071 977
f 1240 547 1071
f 1240 1347 547
f 784 1240 1652
f 784 1347 1240
f 1652 1797 784
f 907 1797 1652
f 618 907 1709
f 618 1797 907
f 618 1478 1797
f 618 472 1478
f 1071 547 400
f 737 1240 977
f 1652 1240 737
f 977 1108 624
f 977 1071 1108
f 263 977 624
f 263 737 977
f 1360 1652 737
f 1287 1652 1360
f 1287 907 1652
f 1287 1709 907
f 1533 1709 1287
f 519 624 1239
f 519 263 624
f 992 263 519
f 992 737 263
f 1360 737 992
f 519 1239 484
f 1445 1600 472
f 1445 472 1099
f 1862 1099 590
f 1862 1445 1099
f 542 590 1670
f 542 1862 590
f 1356 1670 1568
f 1356 542 1670
f 1356 1568 1665
f 1826 1665 161
f 1826 1356 1665
f 20 1600 1445
f 1862 20 1445
f 759 1709 1792
f 759 618 1709
f 759 472 618
f 759 1099 472
f 1080 759 1792
f 1080 1099 759
f 1080 590 1099
f 1670 1080 715
f 1670 590 1080
f 649 715 876
f 649 1670 715
f 649 1568 1670
f 649 1665 1568
f 647 649 876
f 647 1665 649
f 647 161 1665
f 1749 1080 1792
f 715 1080 1749
f 1533 1792 1709
f 1749 1792 1533
f 1794 715 1749
f 1794 876 715
f 1440 876 1794
f 1440 647 876
f 1551 1749 1533
f 1794 1749 1551
f 103 1440 1794
f 1584 1720 970
f 1584 970 1178
f 1267 161 1928
f 1267 1826 161
f 883 1928 1633
f 883 1267 1928
f 883 1633 1100
f 1094 1100 184
f 1094 883 1100
f 1094 184 1720
f 766 1720 1584
f 766 1094 1720
f 923 161 647
f 245 161 923
f 245 1928 161
f 858 245 335
f 858 1928 245
f 858 1633 1928
f 858 1100 1633
f 1373 335 301
f 1373 858 335
f 1373 1100 858
f 1373 184 1100
f 1373 1720 184
f 970 301 744
f 970 1373 301
f 970 1720 1373
f 1178 744 673
f 1178 970 744
f 529 647 1440
f 529 923 647
f 529 245 923
f 1632 245 529
f 1632 335 245
f 65 335 1632
f 65 301 335
f 89 301 65
f 89 744 301
f 1941 744 89
f 1941 673 744
f 103 529 1440
f 115 89 65
f 1941 89 115
f 1196 1584 1178
f 1027 976 1050
f 1027 725 976
f 1027 1050 592
f 1808 1027 592
f 1732 830 698
f 1996 1584 1196
f 1996 766 1584
f 1996 1196 725
f 560 1996 725
f 560 725 1027
f 845 560 1027
f 845 1027 1808
f 1723 1808 830
f 1723 845 1808
f 1723 830 1732
f 324 1178 673
f 324 1196 1178
f 989 1196 324
f 989 725 1196
f 976 989 307
f 976 725 989
f 1050 976 307
f 592 307 1165
f 592 1050 307
f 723 592 1165
f 723 1808 592
f 723 830 1808
f 880 830 723
f 880 698 830
f 989 324 673
f 1091 723 1165
f 1684 723 1091
f 1684 880 723
f 1559 673 1941
f 1559 989 673
f 1559 307 989
f 1892 307 1559
f 1892 1165 307
f 1091 1165 1892
f 129 1091 1892
f 129 1684 1091
f 1536 1559 1941
f 1536 1892 1559
f 1772 1732 698
f 1157 1341 676
f 650 1157 676
f 1128 1723 1732
f 1128 1732 1772
f 1655 1772 1425
f 1655 1128 1772
f 1655 1425 1341
f 1157 1655 1341
f 66 1157 650
f 66 650 477
f 1964 66 477
f 66 1655 1157
f 411 698 880
f 411 1772 698
f 714 1772 411
f 714 1425 1772
f 714 1341 1425
f 676 1341 714
f 1961 650 676
f 1961 477 650
f 950 477 1961
f 1059 880 1684
f 1059 411 880
f 1059 714 411
f 1744 714 1059
f 1197 714 1744
f 1197 676 714
f 1197 1961 676
f 994 1961 1197
f 994 950 1961
f 1623 1684 129
f 1623 1059 1684
f 1744 1059 1623
f 1441 1197 1744
f 6 1197 1441
f 6 994 1197
f 1441 1744 1623
f 1003 477 950
f 1550 1003 486
f 1550 486 1195
f 966 1195 270
f 966 1550 1195
f 966 270 202
f 745 202 902
f 745 966 202
f 745 902 512
f 1315 745 512
f 1964 477 1003
f 1550 1964 1003
f 1256 1550 966
f 745 1256 966
f 771 745 1315
f 1256 1964 1550
f 771 1256 745
f 769 1003 950
f 486 769 945
f 486 1003 769
f 1195 486 945
f 270 1195 945
f 1591 1315 512
f 769 950 994
f 1191 270 945
f 1191 202 270
f 1191 902 202
f 855 902 1191
f 855 512 902
f 855 1591 512
f 1702 769 994
f 1702 945 769
f 1191 945 1702
f 1702 994 6
f 1370 1191 1702
f 1951 1191 1370
f 1951 855 1191
f 118 1702 6
f 1370 1702 118
f 575 1137 1805
f 575 1805 379
f 346 1137 575
f 1552 346 575
f 1636 1040 346
f 1636 346 1552
f 936 1040 1636
f 1489 936 1636
f 1503 936 1489
f 1503 359 936
f 266 359 1503
f 266 1782 359
f 1398 224 1782
f 1398 1782 266
f 1137 1710 1805
f 346 735 1137
f 1040 735 346
f 936 1297 1040
f 359 1297 936
f 359 1443 1297
f 1782 1443 359
f 224 1443 1782
f 1137 1455 1710
f 735 1455 1137
f 1040 1762 735
f 1297 1762 1040
f 1443 52 1297
f 224 52 1443
f 224 1437 52
f 1762 1455 735
f 1297 52 1762
f 1729 379 1689
f 1877 1729 1689
f 1552 575 379
f 1729 1552 379
f 20 1877 1600
f 838 1636 1552
f 43 1552 1729
f 43 838 1552
f 43 1729 1877
f 20 43 1877
f 1489 1636 838
f 1618 838 43
f 1618 1489 838
f 1618 43 20
f 1618 1503 1489
f 1144 1503 1618
f 1144 266 1503
f 1832 1398 266
f 1144 1832 266
f 542 20 1862
f 1356 20 542
f 62 1356 1826
f 1579 1618 20
f 1579 20 1356
f 62 1579 1356
f 1579 1144 1618
f 62 1267 883
f 62 883 1094
f 62 1094 766
f 62 1826 1267
f 62 766 1996
f 62 1996 560
f 97 62 560
f 97 560 845
f 97 845 1723
f 97 1723 1128
f 97 1128 1655
f 80 66 1964
f 80 1655 66
f 80 97 1655
f 80 1964 1256
f 123 1256 771
f 123 80 1256
f 1334 224 1398
f 1334 1284 224
f 807 1284 1334
f 912 1284 807
f 1075 912 807
f 1885 912 1075
f 1885 1279 912
f 699 1279 1885
f 699 526 1279
f 1113 1265 526
f 1113 526 699
f 657 1265 1113
f 912 1030 1284
f 912 1912 1030
f 1279 1912 912
f 526 1912 1279
f 526 617 1912
f 1265 617 526
f 1284 1437 224
f 1284 1030 1437
f 1265 1558 617
f 1832 1334 1398
f 688 1334 1832
f 688 807 1334
f 688 1832 1144
f 1058 807 688
f 1058 1075 807
f 1766 688 1144
f 1579 1766 1144
f 1766 1058 688
f 660 1075 1058
f 660 1885 1075
f 1766 660 1058
f 660 699 1885
f 1026 699 660
f 1026 1113 699
f 1026 660 1766
f 1026 657 1113
f 155 1579 62
f 155 62 97
f 54 97 80
f 19 80 123
f 19 54 80
f 1124 484 947
f 1208 1263 947
f 1455 1263 1208
f 1351 947 884
f 1351 1124 947
f 1263 884 947
f 1249 1351 884
f 1122 884 1946
f 1122 1249 884
f 1263 1946 884
f 1263 1696 1946
f 707 1122 1946
f 871 707 1946
f 1946 640 871
f 1696 640 1946
f 871 1011 363
f 640 1011 871
f 1011 246 363
f 1011 228 246
f 640 228 1011
f 640 1207 228
f 248 484 1124
f 248 519 484
f 248 992 519
f 1803 992 248
f 1803 1360 992
f 248 1124 1351
f 1287 1360 1803
f 1213 1351 1249
f 1213 248 1351
f 1803 248 1213
f 1213 1249 1122
f 76 1803 1213
f 76 1287 1803
f 1533 1287 76
f 1363 1122 707
f 1363 1213 1122
f 76 1213 1363
f 599 707 871
f 599 1363 707
f 76 1363 599
f 599 871 363
f 1968 76 599
f 1907 363 246
f 1907 599 363
f 1968 599 1907
f 103 1794 1551
f 1551 1533 76
f 1551 76 1968
f 1632 529 103
f 115 65 1632
f 115 1632 103
f 1536 1941 115
f 129 1892 1536
f 149 129 1536
f 149 1441 1623
f 6 1441 149
f 149 118 6
f 149 1623 129
f 45 1951 1370
f 45 1370 118
f 45 118 149
f 1762 1263 1455
f 1762 1696 1263
f 52 1696 1762
f 1437 73 52
f 52 640 1696
f 52 73 640
f 73 1207 640
f 617 1558 1912
f 1912 1558 1030
f 1030 73 1437
f 1558 73 1030
f 1558 134 73
f 228 440 246
f 228 1780 440
f 1207 1780 228
f 1780 1626 440
f 1780 809 1626
f 1207 809 1780
f 1207 1717 809
f 809 366 1626
f 809 779 366
f 1717 779 809
f 779 442 366
f 779 191 442
f 779 668 191
f 1717 668 779
f 191 938 442
f 191 1715 938
f 668 1715 191
f 1715 1170 938
f 668 1170 1715
f 668 1262 1170
f 1170 1008 584
f 1262 1008 1170
f 1008 941 584
f 1008 708 941
f 1262 708 1008
f 1262 1900 708
f 1907 246 440
f 1555 440 1626
f 1555 1907 440
f 1555 1968 1907
f 1555 1626 366
f 1428 366 442
f 1428 1555 366
f 1428 1968 1555
f 1428 442 938
f 283 938 1170
f 283 1428 938
f 1755 1170 584
f 1755 283 1170
f 1488 283 1755
f 1755 584 941
f 103 1551 1968
f 1352 103 1968
f 1352 1968 1428
f 1488 1428 283
f 1352 1428 1488
f 1352 115 103
f 1536 115 1352
f 149 1536 1352
f 111 149 1352
f 1994 45 149
f 1207 73 1717
f 1717 73 668
f 73 1262 668
f 73 1900 1262
f 1390 309 1010
f 1906 1390 1010
f 1230 1906 517
f 1400 517 854
f 1400 1230 517
f 1400 854 831
f 969 831 1252
f 969 1400 831
f 969 1252 1548
f 771 1315 309
f 1390 771 309
f 1230 1390 1906
f 22 1400 969
f 1981 22 969
f 22 1230 1400
f 1230 771 1390
f 515 1315 1591
f 515 309 1315
f 1010 309 515
f 328 1906 1010
f 517 1906 328
f 515 1591 855
f 1553 1010 515
f 1553 328 1010
f 1553 517 328
f 196 517 1553
f 196 854 517
f 196 831 854
f 1733 831 196
f 1733 1252 831
f 1733 1548 1252
f 1553 515 855
f 1773 855 1951
f 1773 1553 855
f 196 1553 1773
f 1241 196 1773
f 1241 1733 196
f 1233 1733 1241
f 1603 1548 422
f 1603 969 1548
f 1603 422 236
f 1313 236 1052
f 1313 1603 236
f 1313 1052 1380
f 622 1380 1977
f 622 1313 1380
f 622 1977 605
f 81 605 993
f 81 622 605
f 81 993 805
f 1981 969 1603
f 142 1313 622
f 81 142 622
f 1313 1981 1603
f 1722 142 81
f 1243 236 422
f 1052 1243 1676
f 1052 236 1243
f 1380 1052 1676
f 1977 1380 1676
f 815 805 993
f 596 1548 1733
f 596 422 1548
f 596 1243 422
f 1676 1243 596
f 1893 1977 1676
f 1893 605 1977
f 888 605 1893
f 888 993 605
f 888 815 993
f 1893 1676 596
f 1233 596 1733
f 1524 1893 596
f 888 1893 1524
f 1774 596 1233
f 1524 596 1774
f 1325 888 1524
f 642 448 329
f 1580 642 1396
f 1463 1580 1396
f 499 805 681
f 499 81 805
f 499 681 448
f 1512 448 642
f 1512 499 448
f 68 642 1580
f 68 1512 642
f 68 1580 1463
f 318 1463 1189
f 318 68 1463
f 318 1189 741
f 1995 741 1019
f 1995 318 741
f 1722 81 499
f 1512 1722 499
f 1561 68 318
f 60 1561 318
f 60 318 1995
f 1561 1512 68
f 1561 1722 1512
f 583 1019 741
f 589 805 815
f 589 681 805
f 329 681 589
f 329 448 681
f 421 815 888
f 421 589 815
f 421 329 589
f 421 642 329
f 1130 642 421
f 1130 1396 642
f 1130 1463 1396
f 1799 1463 1130
f 1799 1189 1463
f 1799 741 1189
f 583 741 1799
f 1325 421 888
f 57 421 1325
f 57 1130 421
f 1866 1130 57
f 1866 1799 1130
f 1116 1799 1866
f 321 1627 1118
f 321 1118 465
f 985 465 964
f 985 321 465
f 1975 985 964
f 1995 1019 1163
f 1596 1163 1020
f 1596 1995 1163
f 1596 1020 377
f 705 377 1627
f 705 1596 377
f 1253 1627 321
f 1253 705 1627
f 833 321 985
f 833 1253 321
f 833 985 1975
f 1596 60 1995
f 583 1163 1019
f 890 1163 583
f 890 1020 1163
f 1210 1020 890
f 1210 377 1020
f 1210 1627 377
f 1118 1627 1210
f 1673 1975 964
f 918 1118 1210
f 918 465 1118
f 918 964 465
f 1673 964 918
f 1673 918 593
f 1116 583 1799
f 1116 890 583
f 1116 1210 890
f 1791 1210 1116
f 918 1210 1791
f 1758 918 1791
f 1758 593 918
f 1423 1975 716
f 1423 833 1975
f 1423 716 1896
f 1044 1423 1896
f 1500 1423 1044
f 320 1044 1090
f 320 1500 1044
f 1395 1090 836
f 1395 320 1090
f 1500 833 1423
f 1678 1500 320
f 1554 320 1395
f 1554 1678 320
f 1673 716 1975
f 1896 716 1673
f 1121 1044 1896
f 1090 1121 1367
f 1090 1044 1121
f 780 1090 1367
f 836 1090 780
f 253 836 780
f 1350 836 253
f 1350 1395 836
f 1598 1395 1350
f 1598 1554 1395
f 1111 1896 1673
f 1111 1121 1896
f 1367 1121 1111
f 1180 780 1367
f 1180 253 780
f 850 253 1180
f 850 1350 253
f 1111 1673 593
f 1405 1367 1111
f 1405 1180 1367
f 216 1180 1405
f 958 1180 216
f 958 850 1180
f 1562 850 958
f 1562 1350 850
f 654 1350 1562
f 654 1598 1350
f 1574 1111 593
f 1405 1111 1574
f 1205 216 1405
f 958 216 1205
f 1747 1405 1574
f 916 1405 1747
f 916 1205 1405
f 916 958 1205
f 800 958 916
f 800 1562 958
f 1101 1562 800
f 1101 654 1562
f 123 771 1230
f 123 1230 22
f 123 22 1981
f 142 1981 1313
f 106 142 1722
f 106 1981 142
f 106 123 1981
f 1561 106 1722
f 40 1561 60
f 40 106 1561
f 1740 1253 833
f 705 60 1596
f 1740 705 1253
f 40 60 705
f 1092 705 1740
f 1092 40 705
f 1025 40 1092
f 1678 833 1500
f 1740 833 1678
f 1886 1740 1678
f 1886 1678 1554
f 1234 1886 1554
f 21 1886 1234
f 1148 1740 1886
f 1148 1886 21
f 1148 1092 1740
f 1069 1092 1148
f 1069 1148 1700
f 1069 1025 1092
f 404 1025 1069
f 1300 404 1069
f 1234 1554 1598
f 1889 21 1234
f 1889 1148 21
f 1700 1148 1889
f 564 1069 1700
f 1300 1069 564
f 564 1700 1889
f 654 1234 1598
f 1889 1234 654
f 1545 1889 654
f 1136 1889 1545
f 1136 564 1889
f 1545 654 1101
f 79 564 1136
f 112 79 1136
f 127 123 106
f 127 19 123
f 40 127 106
f 1759 40 1025
f 721 40 1759
f 539 40 721
f 1839 40 539
f 404 1759 1025
f 749 404 1300
f 651 1759 404
f 651 404 749
f 1459 1759 651
f 1037 1459 651
f 721 1759 1459
f 59 721 1459
f 59 1459 1037
f 914 721 59
f 645 721 914
f 645 539 721
f 492 645 914
f 1861 645 492
f 1013 539 645
f 1013 1839 539
f 1013 645 1861
f 79 749 1300
f 79 651 749
f 1037 651 79
f 9 1037 79
f 9 59 1037
f 1959 59 9
f 1959 914 59
f 492 914 1959
f 1861 492 1959
f 646 1013 1861
f 79 1300 564
f 646 1861 1959
f 45 1773 1951
f 45 1241 1773
f 1325 1524 1774
f 1774 1233 1241
f 1774 1241 45
f 1571 1866 57
f 1571 1116 1866
f 1571 57 1325
f 1764 1758 1791
f 1764 939 1758
f 1571 1791 1116
f 1764 1791 1571
f 1574 593 1758
f 373 916 1747
f 800 916 373
f 1956 1101 800
f 939 1574 1758
f 1914 1574 939
f 1914 1747 1574
f 904 1747 1914
f 904 373 1747
f 1992 373 904
f 1992 800 373
f 18 1992 904
f 18 800 1992
f 672 800 18
f 672 1956 800
f 772 1914 939
f 1775 1914 772
f 1775 904 1914
f 1220 904 1775
f 18 904 1220
f 772 939 1764
f 1838 18 1220
f 1838 672 18
f 1825 772 1764
f 1825 1775 772
f 953 1775 1825
f 953 1220 1775
f 1838 1220 953
f 1185 1825 1764
f 1790 1825 1185
f 1123 1825 1790
f 1123 953 1825
f 1819 953 1123
f 1819 1838 953
f 445 1838 1819
f 860 1101 1956
f 364 1956 672
f 364 860 1956
f 445 672 1838
f 445 364 672
f 1543 1545 1101
f 1136 1545 1543
f 860 1543 1101
f 1930 1136 1543
f 112 1136 1930
f 1245 860 364
f 1245 1543 860
f 1930 1543 1245
f 503 1930 1245
f 503 112 1930
f 1609 112 503
f 1376 1245 364
f 1593 1245 1376
f 503 1245 1593
f 694 1609 503
f 1376 364 445
f 1272 503 1593
f 1272 694 503
f 58 1376 445
f 1593 1376 58
f 1272 1593 463
f 260 694 1272
f 463 1593 58
f 1343 1272 463
f 1343 260 1272
f 554 260 1343
f 9 79 112
f 1609 9 112
f 1959 9 1609
f 1520 1959 1609
f 646 1959 1520
f 260 1609 694
f 1520 1609 260
f 14 646 1520
f 1291 1980 1520
f 1520 260 554
f 1291 1520 1978
f 37 1774 45
f 37 1325 1774
f 1571 1325 37
f 51 1571 37
f 1726 1764 1571
f 1948 1726 1571
f 1948 1571 51
f 1726 1185 1764
f 655 1185 1726
f 655 1790 1185
f 826 1790 655
f 826 1123 1790
f 1819 1123 826
f 1494 655 1726
f 474 655 1494
f 1125 655 474
f 1125 826 655
f 1125 1819 826
f 1494 1726 1948
f 522 1125 474
f 1169 1494 1948
f 1169 474 1494
f 680 474 1169
f 680 522 474
f 284 1169 1948
f 740 1169 284
f 680 1169 740
f 506 680 740
f 58 445 1819
f 522 1819 1125
f 522 58 1819
f 1897 58 522
f 1897 522 680
f 1974 680 506
f 1897 463 58
f 1745 463 1897
f 1745 1343 463
f 1807 1343 1745
f 1807 554 1343
f 1807 1745 1705
f 1705 1745 1897
f 1607 1807 1705
f 1974 1897 680
f 1049 1897 1974
f 1705 1897 1049
f 1768 1607 1705
f 1768 1705 1049
f 1107 554 1807
f 1107 1520 554
f 1978 1520 1107
f 1291 1978 1452
f 1607 1107 1807
f 731 1107 1607
f 731 1978 1107
f 793 1607 1768
f 731 1452 1978
f 1447 1452 731
f 863 1452 1447
f 863 1291 1452
f 793 731 1607
f 1447 731 793
f 1394 1447 793
f 1549 1447 1394
f 1549 863 1447
f 1406 1394 793
f 864 1394 1406
f 864 1549 1394
f 1427 1265 657
f 1427 479 1265
f 601 479 1427
f 351 479 601
f 351 580 479
f 631 580 351
f 243 580 631
f 243 429 580
f 881 429 243
f 471 881 243
f 327 1314 881
f 327 881 471
f 1681 1314 327
f 637 1681 327
f 881 1314 429
f 1681 1438 1314
f 479 1558 1265
f 479 1748 1558
f 580 1748 479
f 580 1039 1748
f 580 1874 1039
f 429 1874 580
f 1314 1874 429
f 1314 1507 1874
f 1438 1507 1314
f 1307 657 1026
f 1307 1427 657
f 87 1307 1026
f 87 1026 1766
f 87 1766 1579
f 1072 1427 1307
f 1072 601 1427
f 87 1072 1307
f 1072 351 601
f 948 351 1072
f 948 631 351
f 948 1072 87
f 1086 631 948
f 1086 243 631
f 1086 948 87
f 869 243 1086
f 869 471 243
f 869 1086 87
f 165 869 87
f 175 471 869
f 175 327 471
f 287 175 869
f 165 287 869
f 175 637 327
f 165 87 1579
f 165 1579 155
f 95 165 155
f 84 155 97
f 84 95 155
f 54 84 97
f 162 54 19
f 1940 1681 637
f 1940 957 1681
f 353 957 1940
f 1088 787 1468
f 262 787 1088
f 262 844 787
f 1328 844 262
f 1328 1414 844
f 957 1438 1681
f 353 1438 957
f 353 1582 1438
f 1065 1582 353
f 1468 1582 1065
f 1468 1464 1582
f 787 1464 1468
f 787 1470 1464
f 844 1470 787
f 1470 1567 1464
f 844 1567 1470
f 1414 1567 844
f 1414 1028 1567
f 1940 637 175
f 287 1940 175
f 1362 353 1940
f 287 1362 1940
f 1362 1065 353
f 1642 1065 1362
f 1642 1468 1065
f 752 1362 287
f 752 1642 1362
f 1088 1468 1642
f 752 1088 1642
f 582 262 1088
f 752 582 1088
f 810 1304 752
f 1304 582 752
f 470 262 582
f 470 1328 262
f 1304 470 582
f 810 1802 1304
f 165 752 287
f 1779 752 165
f 1779 810 752
f 1620 1779 165
f 1706 1620 165
f 95 1706 165
f 1856 1706 95
f 1856 1087 1706
f 44 1856 95
f 1806 44 95
f 1806 95 84
f 1430 1806 84
f 117 1430 84
f 1806 82 44
f 1385 1938 84
f 1385 84 54
f 516 1385 54
f 1330 117 84
f 1938 1330 84
f 1483 516 54
f 162 1483 54
f 1606 1483 162
f 28 1606 162
f 1962 1414 1328
f 1062 1962 1328
f 628 1962 1062
f 1308 348 1962
f 1061 1962 628
f 1061 1308 1962
f 1962 348 1414
f 1308 664 348
f 986 664 1308
f 851 986 1308
f 348 1028 1414
f 348 1289 1028
f 664 1289 348
f 986 1066 664
f 664 667 1289
f 664 1634 667
f 1066 1634 664
f 1066 1032 1634
f 1289 667 1028
f 1062 1328 470
f 214 1062 470
f 214 628 1062
f 1624 470 1304
f 1624 214 470
f 1802 1624 1304
f 214 1061 628
f 545 1061 214
f 1348 214 1624
f 1348 545 214
f 588 1348 1624
f 588 1624 1802
f 816 588 1802
f 234 1802 810
f 234 816 1802
f 709 234 810
f 851 1308 1061
f 545 851 1061
f 314 851 545
f 1348 314 545
f 588 314 1348
f 588 1660 314
f 588 1186 1660
f 816 1186 588
f 234 905 816
f 709 905 234
f 709 703 905
f 419 1613 314
f 1660 419 314
f 905 1186 816
f 1765 905 703
f 314 986 851
f 314 1613 986
f 1186 419 1660
f 1186 1014 419
f 905 1014 1186
f 986 922 1066
f 1613 922 986
f 419 922 1613
f 419 1654 922
f 1014 1654 419
f 905 1316 1014
f 1765 1316 905
f 922 1032 1066
f 1654 897 922
f 1014 72 1654
f 1316 72 1014
f 922 570 1032
f 897 570 922
f 1654 72 897
f 763 1620 1706
f 1132 1779 1620
f 882 763 1706
f 709 810 1779
f 1132 709 1779
f 275 1132 1620
f 1335 275 1620
f 627 1620 763
f 627 1335 1620
f 882 627 763
f 633 709 1132
f 1424 633 1132
f 275 1424 1132
f 1637 627 882
f 1505 1637 882
f 633 703 709
f 275 813 1424
f 1335 813 275
f 1335 1532 813
f 627 1532 1335
f 627 1361 1532
f 1637 1361 627
f 47 703 633
f 47 1765 703
f 47 633 1424
f 813 47 1424
f 1899 1361 1637
f 974 1637 1505
f 974 1899 1637
f 1361 1899 1532
f 1765 975 1316
f 47 975 1765
f 47 450 975
f 813 450 47
f 813 967 450
f 1532 967 813
f 1899 967 1532
f 1899 1917 967
f 974 1917 1899
f 974 1365 1917
f 1087 882 1706
f 1556 1087 1856
f 273 1556 1856
f 984 273 1856
f 370 1856 44
f 370 984 1856
f 1976 370 44
f 354 882 1087
f 1556 354 1087
f 1505 882 354
f 174 1505 354
f 1817 354 1556
f 1817 174 354
f 254 1817 1556
f 900 1556 273
f 900 254 1556
f 690 273 984
f 690 900 273
f 333 984 370
f 333 690 984
f 754 370 1976
f 754 333 370
f 1202 1505 174
f 1202 974 1505
f 1202 174 1817
f 1675 1817 254
f 1675 1202 1817
f 1275 254 900
f 1275 1675 254
f 1275 900 690
f 1177 690 333
f 1177 1275 690
f 1177 333 754
f 1202 1365 974
f 1202 101 1365
f 1202 1822 101
f 1675 1822 1202
f 1275 1822 1675
f 1275 215 1822
f 1177 215 1275
f 1177 1686 215
f 1686 144 215
f 82 1976 44
f 1672 82 1806
f 777 1976 82
f 1672 777 82
f 494 1672 1806
f 356 494 1806
f 757 1806 1430
f 757 356 1806
f 1834 757 1430
f 734 1430 117
f 734 1834 1430
f 777 754 1976
f 278 777 1672
f 1171 278 1672
f 494 1171 1672
f 777 1525 754
f 278 1525 777
f 494 1846 1171
f 356 1846 494
f 757 1846 356
f 757 1546 1846
f 1834 1546 757
f 734 1546 1834
f 734 1506 1546
f 1525 1177 754
f 1525 1135 1177
f 278 1135 1525
f 278 823 1135
f 1171 823 278
f 1846 823 1171
f 1846 569 823
f 1846 1905 569
f 1546 1905 1846
f 1546 738 1905
f 1506 738 1546
f 1135 1686 1177
f 1879 1135 823
f 569 1879 823
f 692 569 1905
f 738 692 1905
f 1135 1879 1686
f 738 1988 692
f 1879 144 1686
f 692 1879 569
f 206 734 117
f 255 117 1330
f 255 206 117
f 1294 255 1330
f 496 1330 1938
f 496 1294 1330
f 496 1938 1385
f 1006 496 1385
f 439 1385 516
f 439 1006 1385
f 755 1294 496
f 227 755 496
f 1006 227 496
f 796 1006 439
f 770 796 439
f 206 1506 734
f 206 728 1506
f 255 728 206
f 255 1630 728
f 1294 1630 255
f 1294 675 1630
f 755 675 1294
f 755 1159 675
f 227 1159 755
f 1006 1511 227
f 796 1511 1006
f 796 339 1511
f 770 339 796
f 1922 339 770
f 728 738 1506
f 728 1372 738
f 1630 1372 728
f 675 1372 1630
f 675 302 1372
f 1159 302 675
f 227 302 1159
f 227 1560 302
f 1511 1560 227
f 339 1560 1511
f 339 1922 1560
f 1922 399 1560
f 1372 1988 738
f 302 1988 1372
f 302 126 1988
f 1560 126 302
f 1560 399 126
f 399 1850 126
f 794 1483 1606
f 929 516 1483
f 929 439 516
f 878 929 1483
f 181 1483 794
f 181 878 1483
f 1002 794 1606
f 455 1002 1606
f 455 1606 28
f 1444 439 929
f 1444 770 439
f 587 1444 929
f 878 587 929
f 1410 181 794
f 1002 1410 794
f 110 1002 455
f 480 110 455
f 878 417 587
f 181 417 878
f 181 702 417
f 1410 702 181
f 1002 1274 1410
f 110 1274 1002
f 480 193 110
f 1444 1922 770
f 1444 1411 1922
f 587 1411 1444
f 417 1411 587
f 417 559 1411
f 702 559 417
f 1410 559 702
f 1274 559 1410
f 1274 979 559
f 110 979 1274
f 193 979 110
f 193 743 979
f 1411 399 1922
f 1411 393 399
f 559 393 1411
f 559 27 393
f 979 27 559
f 393 1850 399
f 979 1989 27
f 743 1989 979
f 1874 134 1039
f 1507 134 1874
f 1748 134 1558
f 1039 134 1748
f 1028 1796 1567
f 1796 153 1567
f 1567 153 1464
f 1438 134 1507
f 1582 134 1438
f 1464 134 1582
f 153 134 1464
f 153 372 134
f 962 372 153
f 667 1796 1028
f 667 1081 1796
f 1634 1081 667
f 1634 1255 1081
f 1032 1255 1634
f 1255 648 1081
f 1796 1383 153
f 1081 1383 1796
f 1081 783 1383
f 648 783 1081
f 648 686 783
f 783 487 1383
f 686 487 783
f 686 1798 487
f 1383 962 153
f 487 962 1383
f 487 342 962
f 1798 342 487
f 342 500 962
f 342 1029 500
f 962 998 372
f 500 998 962
f 500 316 998
f 1029 316 500
f 998 937 372
f 316 937 998
f 316 1309 937
f 570 1255 1032
f 570 648 1255
f 570 573 648
f 897 573 570
f 72 573 897
f 573 686 648
f 573 1798 686
f 573 670 1798
f 573 1875 670
f 72 1875 573
f 670 342 1798
f 670 308 342
f 670 1875 308
f 308 1029 342
f 308 316 1029
f 308 1750 316
f 1875 1750 308
f 1750 1309 316
f 975 72 1316
f 975 1875 72
f 450 1875 975
f 1917 450 967
f 215 144 1822
f 1822 144 101
f 101 144 1365
f 692 1635 1879
f 1988 1635 692
f 1635 144 1879
f 126 1635 1988
f 1850 1635 126
f 134 29 73
f 372 1991 134
f 1991 1228 134
f 1117 1228 1991
f 1309 942 937
f 1309 1653 942
f 372 1878 1991
f 937 1878 372
f 942 1878 937
f 942 304 1878
f 1653 304 942
f 1653 1682 304
f 304 1285 1878
f 304 595 1285
f 1682 595 304
f 1878 1266 1991
f 1285 1266 1878
f 595 952 1285
f 1285 412 1266
f 952 412 1285
f 952 613 412
f 1266 1117 1991
f 412 1117 1266
f 412 485 1117
f 613 485 412
f 485 1264 1117
f 485 1448 1264
f 1264 1228 1117
f 1264 1535 1228
f 1448 1535 1264
f 1750 1653 1309
f 1750 1751 1653
f 1875 1751 1750
f 1875 75 1751
f 1751 1682 1653
f 1751 595 1682
f 1751 568 595
f 1751 75 568
f 568 952 595
f 568 1499 952
f 568 75 1499
f 1499 613 952
f 1499 485 613
f 1499 1472 485
f 75 1472 1499
f 1472 1448 485
f 1472 1535 1448
f 1472 608 1535
f 75 608 1472
f 450 75 1875
f 1917 75 450
f 1365 144 1917
f 144 75 1917
f 1635 34 144
f 1850 34 1635
f 1850 61 34
f 27 1850 393
f 27 61 1850
f 1989 61 27
f 86 61 1989
f 122 162 19
f 122 19 127
f 109 127 40
f 109 122 127
f 1814 40 1839
f 1814 109 40
f 358 109 1814
f 1187 109 358
f 1093 109 1187
f 718 1839 1013
f 718 1814 1839
f 197 1814 718
f 1131 1814 197
f 1131 358 1814
f 1888 1131 197
f 1828 1131 1888
f 381 358 1131
f 381 1187 358
f 289 1131 1828
f 289 381 1131
f 566 1187 381
f 566 1093 1187
f 1943 381 289
f 1943 566 381
f 1894 1013 646
f 1894 718 1013
f 1894 197 718
f 1888 197 1894
f 219 289 1828
f 1943 289 219
f 3 1943 219
f 219 1888 1894
f 219 1828 1888
f 1422 1998 162
f 116 162 122
f 116 1422 162
f 1998 28 162
f 1785 116 122
f 1583 1785 122
f 1820 1583 122
f 1841 122 109
f 1841 113 122
f 113 1820 122
f 183 1841 109
f 1420 183 109
f 1076 109 1093
f 78 109 1076
f 1229 1420 109
f 78 1229 109
f 1884 78 1076
f 1339 78 1884
f 237 566 1943
f 1887 1093 566
f 1379 566 237
f 1379 1887 566
f 1887 1076 1093
f 1743 1887 1379
f 1203 1076 1887
f 1203 1887 1743
f 1432 1076 1203
f 1432 1884 1076
f 898 1432 1203
f 430 1432 898
f 1073 1339 1884
f 1073 1884 1432
f 430 1073 1432
f 3 237 1943
f 1379 237 3
f 1391 1203 1743
f 898 1203 1391
f 1680 898 1391
f 1680 430 898
f 397 430 1680
f 1743 1379 3
f 285 1743 3
f 1391 1743 285
f 1529 1680 1391
f 773 397 1680
f 773 1680 1529
f 1529 1391 285
f 1422 1319 1998
f 659 455 28
f 659 28 1998
f 1319 659 1998
f 177 455 659
f 177 480 455
f 1340 177 659
f 1179 659 1319
f 1179 1340 659
f 971 1179 1319
f 652 1319 1422
f 652 971 1319
f 1237 652 1422
f 891 1422 116
f 891 1237 1422
f 368 891 116
f 432 891 368
f 177 193 480
f 971 274 1179
f 652 274 971
f 530 177 1340
f 530 1340 1179
f 274 530 1179
f 1237 877 652
f 891 877 1237
f 432 877 891
f 177 743 193
f 530 743 177
f 274 1871 530
f 652 1871 274
f 877 1871 652
f 432 332 877
f 530 1871 743
f 877 1188 1871
f 332 1188 877
f 1871 1989 743
f 1871 1970 1989
f 1188 1970 1871
f 1955 116 1785
f 776 1955 1785
f 1583 1382 1785
f 1382 776 1785
f 946 116 1955
f 946 368 116
f 832 1955 776
f 832 946 1955
f 982 832 776
f 524 776 1382
f 524 982 776
f 483 524 1382
f 848 1382 1583
f 848 483 1382
f 666 848 1583
f 457 1583 1820
f 457 666 1583
f 946 432 368
f 204 524 483
f 1310 483 848
f 1310 204 483
f 666 1310 848
f 982 157 832
f 524 157 982
f 204 157 524
f 666 951 1310
f 457 951 666
f 946 332 432
f 832 332 946
f 832 135 332
f 157 135 832
f 157 1727 135
f 204 1727 157
f 1310 1727 204
f 1310 825 1727
f 951 825 1310
f 332 1851 1188
f 135 1851 332
f 135 1811 1851
f 1727 1811 135
f 825 1811 1727
f 825 1752 1811
f 729 1820 113
f 729 457 1820
f 1644 113 1841
f 1644 729 113
f 1643 1644 1841
f 1238 1841 183
f 1238 1643 1841
f 1421 183 1420
f 1421 1238 183
f 1015 1421 1420
f 548 457 729
f 410 548 729
f 1644 410 729
f 406 1643 1238
f 1036 406 1238
f 1057 1238 1421
f 1057 1036 1238
f 1015 1057 1421
f 548 951 457
f 1644 1167 410
f 1643 1167 1644
f 406 1167 1643
f 1015 1735 1057
f 548 1366 951
f 410 1366 548
f 1167 1366 410
f 406 1918 1167
f 1036 1918 406
f 1057 1918 1036
f 1735 1918 1057
f 1366 825 951
f 1167 74 1366
f 1918 74 1167
f 1735 1047 1918
f 1366 1752 825
f 1366 74 1752
f 1918 1047 74
f 1831 1229 78
f 452 78 1339
f 1601 1831 78
f 452 1601 78
f 540 1420 1229
f 540 1015 1420
f 1881 540 1229
f 409 1229 1831
f 409 1881 1229
f 1449 409 1831
f 233 1831 1601
f 233 1449 1831
f 1476 233 1601
f 1476 1601 452
f 1344 1476 452
f 724 233 1476
f 1231 724 1476
f 1344 1231 1476
f 540 1735 1015
f 1881 1735 540
f 1344 1311 1231
f 1881 1326 1735
f 409 1326 1881
f 1449 1326 409
f 233 1326 1449
f 233 911 1326
f 724 911 233
f 1231 911 724
f 1231 1311 911
f 1326 1047 1735
f 1311 1663 911
f 1326 1913 1047
f 911 1913 1326
f 911 1388 1913
f 1663 1388 911
f 576 1339 1073
f 576 1073 430
f 870 452 1339
f 806 1339 576
f 806 151 1339
f 194 870 1339
f 151 194 1339
f 1656 151 806
f 747 194 151
f 747 151 1656
f 1281 452 870
f 1281 1344 452
f 1201 870 194
f 1201 1281 870
f 739 1201 194
f 388 194 747
f 388 739 194
f 235 1281 1201
f 597 1201 739
f 597 235 1201
f 597 739 388
f 397 576 430
f 1190 576 397
f 1190 806 576
f 1656 806 1190
f 444 747 1656
f 747 444 388
f 1281 1311 1344
f 1281 1193 1311
f 235 1193 1281
f 1221 597 388
f 1221 388 444
f 1738 1190 397
f 1024 1656 1190
f 1024 1190 1738
f 1024 444 1656
f 507 444 1024
f 235 1611 1193
f 597 1611 235
f 1221 1611 597
f 507 1221 444
f 1738 397 773
f 1164 507 1024
f 1221 395 1611
f 507 395 1221
f 507 1342 395
f 1342 507 1164
f 1611 1311 1193
f 1293 1738 773
f 1293 1024 1738
f 1164 1024 1293
f 1611 1663 1311
f 1611 1454 1663
f 395 1454 1611
f 1824 773 1529
f 1293 773 1824
f 677 1164 1293
f 1342 1251 395
f 1342 677 1251
f 677 1342 1164
f 395 1251 1454
f 567 219 1894
f 567 3 219
f 567 285 3
f 14 1894 646
f 1602 1894 14
f 1602 567 1894
f 1980 14 1520
f 11 1602 14
f 159 1529 285
f 801 1529 159
f 1847 285 567
f 159 285 1847
f 130 159 1847
f 130 801 159
f 403 1847 567
f 1830 801 130
f 403 567 1602
f 1292 1847 403
f 1292 130 1847
f 1830 130 1292
f 403 1602 317
f 317 1602 11
f 1783 403 317
f 1783 1292 403
f 1909 1830 1292
f 1701 317 11
f 1701 1783 317
f 1783 1909 1292
f 1188 1851 1970
f 1851 86 1970
f 1811 86 1851
f 1047 1934 74
f 74 1934 1752
f 1663 1079 1388
f 1913 1934 1047
f 1388 1934 1913
f 1079 1661 1388
f 1661 1934 1388
f 1668 1293 1824
f 1161 1293 1668
f 1161 677 1293
f 677 1640 1251
f 1640 677 1161
f 1668 1824 1876
f 1640 689 1251
f 1454 908 1663
f 1251 908 1454
f 1251 689 908
f 1246 1668 1473
f 1246 1161 1668
f 1640 1246 689
f 1246 1640 1161
f 1473 1668 1876
f 1246 1473 63
f 1246 1486 689
f 1246 63 1486
f 908 1079 1663
f 689 1079 908
f 689 1486 1079
f 1736 1473 1694
f 63 913 1486
f 63 1736 913
f 1736 63 1473
f 1486 1661 1079
f 1486 1000 1661
f 1000 1486 913
f 1781 1736 1694
f 1736 791 913
f 1736 1781 791
f 1000 1857 1661
f 1000 791 1857
f 791 1000 913
f 1824 1529 801
f 1876 1824 801
f 1830 1876 801
f 1694 1876 1830
f 1876 1694 1473
f 1694 1830 1909
f 1393 14 1980
f 1393 11 14
f 5 1980 1291
f 41 1393 1980
f 210 1980 5
f 41 1980 210
f 1269 1393 41
f 1404 41 210
f 1317 41 1404
f 1269 41 1317
f 497 1317 1404
f 208 1317 497
f 208 1269 1317
f 208 497 1426
f 1458 1291 863
f 1458 5 1291
f 722 5 1458
f 722 210 5
f 1404 210 722
f 1426 1404 722
f 1426 497 1404
f 1306 863 1549
f 1306 1458 863
f 447 1458 1306
f 8 1458 447
f 1216 1458 8
f 1216 722 1458
f 1426 722 1216
f 1446 1216 8
f 1216 1446 927
f 927 1426 1216
f 1693 11 1393
f 1701 11 1693
f 1783 1701 1614
f 1909 1783 1614
f 1688 1701 1693
f 1614 1701 1688
f 1269 1693 1393
f 1954 1693 1269
f 1688 1693 1954
f 69 1688 1954
f 69 1614 1688
f 1954 1269 208
f 1617 1954 208
f 69 1954 1617
f 1617 208 1426
f 903 69 1617
f 1970 86 1989
f 1752 86 1811
f 1752 1934 86
f 1934 121 86
f 1661 661 1934
f 661 1925 1934
f 1925 90 1934
f 90 121 1934
f 90 1945 121
f 1857 661 1661
f 634 1781 1694
f 791 634 789
f 1781 634 791
f 1857 789 661
f 791 789 1857
f 789 1925 661
f 789 1298 1925
f 634 1435 789
f 634 1707 1435
f 1298 789 1435
f 1298 90 1925
f 1298 616 90
f 616 1298 1435
f 1435 827 616
f 1707 827 1435
f 827 1540 616
f 616 1945 90
f 616 1540 1945
f 827 1697 1540
f 1694 1707 634
f 1909 1707 1694
f 1707 1909 1614
f 827 1614 69
f 827 1707 1614
f 1697 827 69
f 708 546 941
f 708 604 546
f 1900 604 708
f 604 1031 546
f 1900 1302 604
f 325 1031 604
f 1031 325 1232
f 1302 325 604
f 553 325 1156
f 325 553 1232
f 1302 1156 325
f 1302 1982 1156
f 1085 553 1156
f 1331 1085 1156
f 1156 178 1331
f 178 1982 94
f 1982 178 1156
f 1331 538 288
f 178 538 1331
f 538 464 288
f 538 466 464
f 178 466 538
f 178 1286 466
f 1929 178 94
f 178 1929 1286
f 546 1755 941
f 1488 1755 546
f 727 546 1031
f 1488 546 727
f 727 1031 1232
f 488 1232 553
f 488 727 1232
f 488 1488 727
f 1936 1488 488
f 488 553 1085
f 405 1085 1331
f 405 488 1085
f 1936 488 405
f 405 1331 288
f 909 288 464
f 909 405 288
f 909 1936 405
f 133 1936 909
f 1488 1936 1352
f 17 1936 133
f 17 1352 1936
f 146 1352 17
f 119 1352 1916
f 111 1352 119
f 1994 149 111
f 1900 1982 1302
f 73 1982 1900
f 73 94 1982
f 73 29 94
f 1667 466 1286
f 466 1667 464
f 630 1667 1286
f 1667 630 293
f 1929 1481 1286
f 602 630 1703
f 630 602 293
f 1286 1703 630
f 1481 1703 1286
f 1719 602 1703
f 767 1703 1004
f 767 1719 1703
f 1481 1004 1703
f 1481 1997 1004
f 682 767 1004
f 1119 682 1004
f 682 1119 1227
f 1997 1119 1004
f 1119 1173 1227
f 1119 710 1173
f 1119 340 710
f 1997 340 1119
f 1997 1990 340
f 1276 464 1667
f 1276 909 464
f 133 909 1276
f 1276 1667 293
f 1923 293 602
f 1923 1276 293
f 1923 133 1276
f 1923 602 1719
f 1 133 1923
f 1835 133 1
f 1840 1719 767
f 1840 1923 1719
f 1 1923 1840
f 1840 767 682
f 1608 682 1227
f 1608 1840 682
f 1608 1 1840
f 1835 1 1608
f 1608 1227 1173
f 1501 1835 1608
f 12 146 17
f 17 133 1835
f 17 1835 1859
f 1916 1352 146
f 1858 111 119
f 107 1858 119
f 1450 111 1858
f 38 1994 111
f 38 111 1450
f 1795 1994 38
f 94 1481 1929
f 94 1493 1481
f 1493 1860 1481
f 1481 1860 1997
f 1493 451 1860
f 1860 1431 1997
f 1997 1431 1990
f 29 1493 94
f 29 1931 1493
f 29 1870 1931
f 29 821 1870
f 1358 710 340
f 710 1358 1173
f 1282 1358 340
f 1358 1282 218
f 340 1110 1282
f 1110 1990 170
f 1990 1110 340
f 1431 170 1990
f 1282 312 218
f 1282 1305 312
f 1110 1305 1282
f 1431 209 170
f 1018 1305 706
f 1305 1018 312
f 1110 706 1305
f 170 706 1110
f 170 834 706
f 209 834 170
f 706 1621 1018
f 706 620 1621
f 834 620 706
f 834 173 620
f 209 173 834
f 209 1534 173
f 1534 1843 173
f 173 1043 620
f 173 610 1043
f 1843 610 173
f 594 1173 1358
f 594 1608 1173
f 774 1608 594
f 1501 1608 774
f 218 594 1358
f 774 594 218
f 774 218 312
f 171 1835 1501
f 726 774 312
f 384 774 726
f 552 774 384
f 552 1501 774
f 565 1501 552
f 565 171 1501
f 1018 1621 312
f 1621 726 312
f 1321 171 565
f 384 490 552
f 490 240 552
f 240 565 552
f 620 1043 1621
f 856 1621 1043
f 856 726 1621
f 1587 726 856
f 1587 384 726
f 490 384 1587
f 1712 565 240
f 1068 565 1712
f 1068 1321 565
f 1587 156 490
f 156 240 490
f 156 804 240
f 804 1712 240
f 804 697 1712
f 697 1068 1712
f 697 514 1068
f 610 856 1043
f 610 401 856
f 401 1587 856
f 401 1134 1587
f 1134 156 1587
f 1134 804 156
f 697 1685 514
f 1843 1212 610
f 1212 401 610
f 1134 697 804
f 1134 1685 697
f 1534 1212 1843
f 1212 1134 401
f 4 146 12
f 17 276 12
f 1859 1835 171
f 1599 17 1859
f 276 17 1599
f 1566 12 276
f 4 12 1566
f 535 1859 171
f 1599 1859 535
f 820 276 1599
f 1566 276 820
f 1346 4 1566
f 535 171 1321
f 935 820 1599
f 751 1566 820
f 1346 1566 751
f 1192 1599 535
f 1192 201 1599
f 201 935 1599
f 935 357 820
f 357 751 820
f 751 1369 1346
f 1369 733 1346
f 398 1321 1068
f 398 535 1321
f 1192 535 398
f 172 935 201
f 357 935 172
f 1389 751 357
f 1369 751 1389
f 514 398 1068
f 398 849 1192
f 849 201 1192
f 849 172 201
f 849 797 172
f 797 357 172
f 797 1389 357
f 1389 352 1369
f 352 733 1369
f 1685 398 514
f 1685 286 398
f 286 849 398
f 286 1586 849
f 1586 797 849
f 1586 239 797
f 239 1389 797
f 239 352 1389
f 239 1863 352
f 67 1916 146
f 1883 146 4
f 67 146 1883
f 1731 1916 67
f 750 1916 1731
f 456 4 1346
f 456 1883 4
f 973 1883 456
f 973 67 1883
f 819 67 973
f 523 67 819
f 523 1731 67
f 1557 1731 523
f 1557 750 1731
f 1329 973 456
f 733 456 1346
f 733 501 456
f 501 231 456
f 231 1329 456
f 1329 362 973
f 362 819 973
f 819 792 523
f 792 491 523
f 491 1557 523
f 491 1151 1557
f 612 1329 231
f 362 1329 612
f 1242 819 362
f 792 819 1242
f 352 501 733
f 352 441 501
f 441 231 501
f 441 612 231
f 441 1523 612
f 1523 362 612
f 1523 1242 362
f 1242 536 792
f 536 491 792
f 536 396 491
f 396 1151 491
f 1863 441 352
f 1898 1242 1523
f 1898 536 1242
f 1863 1523 441
f 1863 1898 1523
f 1898 396 536
f 750 119 1916
f 1818 119 750
f 107 119 1818
f 1225 750 1557
f 1225 1818 750
f 1112 1818 1225
f 1112 107 1818
f 1096 107 1112
f 1133 1225 1557
f 1112 1225 924
f 991 1112 934
f 991 1096 1112
f 502 1096 991
f 1151 1120 1557
f 1120 1133 1557
f 1133 1815 1225
f 1815 924 1225
f 924 454 1112
f 454 934 1112
f 207 1133 1120
f 1815 1133 207
f 521 934 454
f 1250 934 521
f 1250 991 934
f 502 991 1250
f 396 1120 1151
f 396 518 1120
f 518 207 1120
f 518 1815 207
f 518 462 1815
f 462 924 1815
f 462 454 924
f 462 1924 454
f 1924 521 454
f 1924 365 521
f 365 1250 521
f 365 502 1250
f 365 205 502
f 1833 462 518
f 1833 1924 462
f 365 158 205
f 396 1833 518
f 1456 1450 1858
f 1016 107 1096
f 1016 1858 107
f 1456 1858 1016
f 1498 1450 1456
f 476 1456 1016
f 96 1456 476
f 96 1498 1456
f 1397 1096 502
f 1397 1016 1096
f 558 1016 1397
f 476 1016 558
f 1691 1498 96
f 641 1498 1691
f 558 1813 476
f 1813 965 476
f 965 96 476
f 965 768 96
f 768 1338 96
f 1338 1691 96
f 402 1397 502
f 213 1397 402
f 213 558 1397
f 1813 558 213
f 581 641 1691
f 205 402 502
f 205 213 402
f 205 1235 213
f 1235 1813 213
f 1235 1323 1813
f 1323 965 1813
f 1323 768 965
f 1323 128 768
f 128 1338 768
f 128 983 1338
f 983 1691 1338
f 983 581 1691
f 158 1235 205
f 1235 865 1323
f 865 128 1323
f 1901 581 983
f 158 865 1235
f 128 1901 983
f 865 1901 128
f 1214 1450 1498
f 1214 38 1450
f 1035 1795 38
f 1563 1795 1035
f 1035 38 1214
f 1035 1214 1054
f 549 1498 641
f 549 1214 1498
f 297 1214 549
f 1054 1214 297
f 1277 1035 1054
f 1142 1035 1277
f 1142 1563 1035
f 423 1563 1142
f 1248 1563 423
f 297 160 1054
f 160 1854 1054
f 1854 1277 1054
f 423 591 1248
f 549 641 581
f 762 1277 1854
f 1142 1277 762
f 581 1224 549
f 1224 297 549
f 1224 160 297
f 1224 990 160
f 990 1854 160
f 990 762 1854
f 990 1979 762
f 1979 1142 762
f 1979 1625 1142
f 1625 423 1142
f 1625 591 423
f 1625 1704 591
f 1901 1224 581
f 1625 879 1704
f 1493 1219 451
f 988 209 1431
f 1860 988 1431
f 1860 1270 988
f 451 1270 1860
f 209 1320 1534
f 988 1320 209
f 988 1514 1320
f 988 781 1514
f 1270 781 988
f 1270 1409 781
f 1270 812 1409
f 451 730 1270
f 730 812 1270
f 1219 730 451
f 1219 493 730
f 1219 615 493
f 1320 920 1534
f 1514 920 1320
f 1514 257 920
f 781 257 1514
f 730 732 812
f 493 732 730
f 615 1053 493
f 920 1212 1534
f 920 562 1212
f 562 1134 1212
f 257 562 920
f 562 1685 1134
f 781 562 257
f 781 586 562
f 586 1685 562
f 1409 586 781
f 812 586 1409
f 812 1412 586
f 1412 1685 586
f 732 1412 812
f 493 1412 732
f 493 424 1412
f 424 1754 1412
f 1053 424 493
f 239 10 1863
f 1412 286 1685
f 1586 10 239
f 1412 1754 286
f 286 139 1586
f 139 10 1586
f 1754 139 286
f 1898 1833 396
f 10 1898 1863
f 10 1833 1898
f 1924 158 365
f 1833 158 1924
f 1833 1612 158
f 10 143 1833
f 143 1612 1833
f 1612 865 158
f 1612 1901 865
f 1901 990 1224
f 1979 879 1625
f 990 25 1979
f 25 879 1979
f 1901 25 990
f 1612 25 1901
f 1931 1303 1493
f 1493 1789 1219
f 1303 1789 1493
f 1931 1089 1303
f 1870 1089 1931
f 1870 265 1089
f 821 265 1870
f 821 1734 265
f 1789 615 1219
f 1303 369 1789
f 1303 577 369
f 1089 577 1303
f 1089 811 577
f 1089 1257 811
f 265 1257 1089
f 265 1746 1257
f 1172 1746 265
f 1734 1172 265
f 1734 653 1172
f 653 1095 1172
f 1789 1053 615
f 1789 374 1053
f 369 374 1789
f 369 292 374
f 577 292 369
f 577 525 292
f 811 525 577
f 1172 1615 1746
f 1095 1615 1172
f 374 424 1053
f 374 1754 424
f 292 1754 374
f 525 261 292
f 261 1754 292
f 811 261 525
f 1257 261 811
f 1257 1381 261
f 1381 1754 261
f 1381 1658 1754
f 1658 139 1754
f 1746 1381 1257
f 1615 1381 1746
f 1615 1658 1381
f 1095 382 1615
f 382 1658 1615
f 139 143 10
f 143 163 1612
f 163 137 1612
f 1612 137 25
f 37 45 1994
f 1837 1948 51
f 108 1837 51
f 1515 108 51
f 1972 1948 1837
f 1972 284 1948
f 1763 284 1972
f 1763 740 284
f 506 740 1763
f 828 506 1763
f 644 1972 1837
f 644 1763 1972
f 828 1763 644
f 1687 828 644
f 980 1837 108
f 980 644 1837
f 921 644 980
f 921 1687 644
f 140 980 108
f 940 980 140
f 835 980 940
f 835 921 980
f 140 108 1515
f 1974 506 828
f 1168 828 1687
f 1168 1974 828
f 1168 1687 921
f 1725 921 835
f 1725 1168 921
f 1903 1049 1974
f 1261 1049 1903
f 1261 1768 1049
f 639 1974 1168
f 1254 1974 639
f 1254 1903 1974
f 803 1903 1254
f 803 1261 1903
f 1842 639 1168
f 1842 1254 639
f 1935 1254 1842
f 1935 803 1254
f 33 803 1935
f 868 1768 1261
f 1453 868 1261
f 1415 1261 803
f 1453 1261 1415
f 1867 1453 1415
f 894 1453 1867
f 894 614 1453
f 1714 614 894
f 1973 1415 803
f 1867 1415 1973
f 1973 803 33
f 1963 1867 1973
f 894 1867 1963
f 868 793 1768
f 1406 793 868
f 717 1549 864
f 1711 1406 868
f 1829 1406 1711
f 1829 864 1406
f 717 864 1829
f 1453 1711 868
f 614 1711 1453
f 614 1829 1711
f 1714 1829 614
f 1690 37 1994
f 1690 1994 1466
f 1466 1994 1795
f 131 37 1690
f 1960 37 131
f 1960 51 37
f 1957 51 1960
f 1515 51 1769
f 1769 51 1957
f 436 1515 1769
f 1683 1515 436
f 778 140 1515
f 331 140 778
f 331 940 140
f 331 835 940
f 132 835 331
f 1725 835 132
f 1200 331 778
f 1683 778 1515
f 1200 778 1683
f 1844 331 1200
f 1844 132 331
f 1631 132 1844
f 1140 132 1631
f 1140 1725 132
f 1698 1200 1683
f 1844 1200 1698
f 1671 1683 436
f 1698 1683 1671
f 532 1844 1698
f 1947 1844 532
f 1947 1631 1844
f 1140 1631 1947
f 1146 1698 1671
f 532 1698 1146
f 1521 1140 1947
f 77 532 1146
f 574 532 77
f 574 1947 532
f 1521 1947 574
f 1377 1671 436
f 1784 1671 1377
f 1784 1146 1671
f 77 1146 1784
f 1770 1521 574
f 1487 1725 1140
f 1812 1140 1521
f 1812 1487 1140
f 1882 1521 1770
f 1882 1812 1521
f 1842 1168 1708
f 1475 1168 1725
f 1708 1168 1475
f 141 1935 1842
f 1588 1935 141
f 1588 33 1935
f 1429 1708 1475
f 187 1708 1429
f 187 1842 1708
f 141 1842 187
f 1487 1475 1725
f 1033 1475 1487
f 1429 1475 1033
f 1933 141 187
f 1933 1588 141
f 136 1429 1033
f 1677 1429 136
f 1677 187 1429
f 136 1487 1812
f 136 1033 1487
f 1933 187 1677
f 1333 136 1812
f 1853 136 1333
f 1853 1677 136
f 1853 1933 1677
f 1333 1812 1882
f 1963 1973 33
f 1588 1963 33
f 1714 894 1963
f 1145 1963 1588
f 1259 1588 1933
f 1145 1588 1259
f 1259 1933 1865
f 1849 1795 1563
f 1849 1466 1795
f 720 1466 1849
f 1513 1466 720
f 1513 1690 1466
f 638 1690 1513
f 1248 1849 1563
f 700 1248 846
f 700 1849 1248
f 1012 1849 700
f 1597 1849 1012
f 1597 720 1849
f 425 720 1597
f 847 720 425
f 847 1513 720
f 295 1513 847
f 259 1513 295
f 259 638 1513
f 591 846 1248
f 790 846 591
f 700 846 790
f 1597 842 425
f 842 847 425
f 842 1565 847
f 1565 295 847
f 1704 790 591
f 1704 700 790
f 1704 1793 700
f 1793 1012 700
f 1793 1597 1012
f 1793 1646 1597
f 1646 842 1597
f 1646 1565 842
f 1646 746 1565
f 746 295 1565
f 746 259 295
f 746 299 259
f 879 1793 1704
f 1436 1690 638
f 1971 1690 1436
f 1971 131 1690
f 30 131 1971
f 467 638 259
f 1542 638 467
f 1542 1436 638
f 428 1436 1542
f 1502 1436 428
f 1502 1971 1436
f 713 1971 1502
f 1206 1971 713
f 1312 1971 1206
f 1312 30 1971
f 1150 30 1312
f 259 1908 467
f 1908 1542 467
f 428 1610 1502
f 1610 713 1502
f 1206 671 1312
f 671 1150 1312
f 671 1078 1150
f 299 1908 259
f 299 1542 1908
f 299 1984 1542
f 1984 428 1542
f 1984 311 428
f 311 1610 428
f 311 713 1610
f 311 1518 713
f 1518 1206 713
f 1518 671 1206
f 1518 1155 671
f 1155 1078 671
f 1699 131 30
f 1699 1960 131
f 1674 1960 1699
f 1674 1957 1960
f 1477 1957 1674
f 537 1674 1699
f 355 30 1150
f 355 1699 30
f 798 1699 355
f 537 1699 798
f 999 1674 537
f 571 1674 999
f 862 1674 571
f 862 1477 1674
f 931 1477 862
f 481 537 798
f 949 537 481
f 999 537 949
f 1078 355 1150
f 1078 665 355
f 665 798 355
f 665 1492 798
f 1492 481 798
f 949 189 999
f 189 571 999
f 189 1105 571
f 1105 862 571
f 1105 1451 862
f 1451 931 862
f 1451 1017 931
f 1078 1619 665
f 1619 1492 665
f 1619 481 1492
f 1619 786 481
f 786 949 481
f 786 189 949
f 786 678 189
f 678 1105 189
f 678 1451 1105
f 678 505 1451
f 505 1017 1451
f 1155 1619 1078
f 1619 125 786
f 125 678 786
f 125 674 678
f 674 505 678
f 1155 125 1619
f 674 64 505
f 802 1957 1477
f 802 1769 1957
f 1199 1769 802
f 1199 436 1769
f 1622 436 1199
f 1622 1377 436
f 802 1477 211
f 1737 1199 802
f 211 1477 931
f 345 802 211
f 1737 802 345
f 1222 1199 1737
f 1084 1199 1222
f 1084 1622 1199
f 1098 1622 1084
f 390 211 931
f 267 211 390
f 345 211 267
f 693 1737 345
f 742 1737 693
f 742 1222 1737
f 495 1222 742
f 1084 1222 495
f 1017 390 931
f 267 603 345
f 603 693 345
f 495 1771 1084
f 1771 1098 1084
f 1771 629 1098
f 505 390 1017
f 505 98 390
f 98 267 390
f 98 603 267
f 98 407 603
f 407 693 603
f 407 742 693
f 407 1392 742
f 1392 495 742
f 1392 1771 495
f 1771 572 629
f 64 98 505
f 64 1944 98
f 1944 407 98
f 42 1771 1392
f 42 572 1771
f 1944 1392 407
f 1944 42 1392
f 1273 77 1784
f 1244 77 1273
f 1244 574 77
f 212 574 1244
f 212 1770 574
f 1374 1784 1377
f 1273 1784 1374
f 1594 1770 212
f 1594 1882 1770
f 1651 1377 1622
f 1374 1377 1651
f 808 1273 1374
f 808 1244 1273
f 662 1244 808
f 662 212 1244
f 1594 212 662
f 1418 1374 1651
f 619 1374 1418
f 619 808 1374
f 305 808 619
f 305 662 808
f 1467 662 305
f 1439 662 1467
f 1439 1594 662
f 1403 1594 1439
f 427 1622 1098
f 427 1651 1622
f 195 1651 427
f 1418 1651 195
f 195 1056 1418
f 1056 619 1418
f 1628 619 1056
f 1034 1628 1056
f 1628 305 619
f 1467 305 1628
f 629 427 1098
f 629 839 427
f 839 195 427
f 572 839 629
f 572 195 839
f 572 1260 195
f 1260 1056 195
f 1260 1034 1056
f 572 2000 1260
f 2000 1034 1260
f 2000 1927 1034
f 1927 528 1034
f 528 1628 1034
f 528 1467 1628
f 42 2000 572
f 528 1439 1467
f 1679 1927 2000
f 1679 528 1927
f 1679 32 528
f 32 1439 528
f 32 1403 1439
f 879 1646 1793
f 746 88 299
f 25 1646 879
f 1646 88 746
f 25 88 1646
f 311 1155 1518
f 88 1984 299
f 88 311 1984
f 88 1155 311
f 674 392 64
f 392 674 125
f 88 125 1155
f 88 392 125
f 392 1944 64
f 392 42 1944
f 392 434 42
f 434 268 42
f 392 1969 434
f 1417 1882 1594
f 1417 138 1882
f 1716 138 1417
f 533 138 1716
f 533 1853 138
f 1005 1853 533
f 1403 1417 1594
f 459 1417 1403
f 1716 1417 459
f 42 1679 2000
f 1679 1301 32
f 1301 1403 32
f 268 1679 42
f 268 458 1679
f 458 1301 1679
f 458 459 1301
f 459 1403 1301
f 268 468 458
f 468 459 458
f 468 1716 459
f 434 468 268
f 434 1048 468
f 1048 1716 468
f 1048 533 1716
f 1969 1048 434
f 1969 1106 1048
f 1106 533 1048
f 1106 1005 533
f 1969 190 1106
f 190 1005 1106
f 138 1333 1882
f 138 1853 1333
f 120 88 25
f 137 120 25
f 120 39 88
f 39 392 88
f 39 93 392
f 392 1926 1969
f 392 788 1926
f 93 788 392
f 93 26 788
f 93 1162 26
f 93 176 1162
f 968 1259 258
f 968 1145 1259
f 1926 190 1969
f 1926 469 190
f 469 1005 190
f 469 1474 1005
f 788 469 1926
f 788 242 469
f 242 1474 469
f 242 1865 1474
f 26 242 788
f 26 508 242
f 508 1865 242
f 26 625 508
f 625 1865 508
f 625 1259 1865
f 1162 625 26
f 1162 598 625
f 598 1259 625
f 258 1259 598
f 176 598 1162
f 176 1491 598
f 1491 258 598
f 1491 968 258
f 1474 1933 1853
f 1865 1933 1474
f 1474 1853 1005
f 1228 1218 134
f 1218 29 134
f 1218 1067 29
f 1067 1953 29
f 1535 1215 1228
f 1535 765 1215
f 1228 1063 1218
f 1215 1063 1228
f 765 1063 1215
f 765 623 1063
f 1063 280 1218
f 1063 758 280
f 623 758 1063
f 280 1067 1218
f 758 415 280
f 280 1966 1067
f 415 1966 280
f 415 375 1966
f 1966 910 1067
f 1966 1873 910
f 375 1873 1966
f 375 579 1873
f 910 1953 1067
f 1873 1460 910
f 579 1460 1873
f 910 344 1953
f 1460 344 910
f 1460 1046 344
f 1460 556 1046
f 608 765 1535
f 608 623 765
f 608 824 623
f 824 758 623
f 824 1911 758
f 824 35 1911
f 1911 415 758
f 1911 375 415
f 1911 337 375
f 1911 35 337
f 337 579 375
f 337 1460 579
f 337 1695 1460
f 35 1695 337
f 1695 556 1460
f 75 824 608
f 75 35 824
f 91 1987 35
f 91 104 1987
f 144 91 75
f 144 16 91
f 144 34 16
f 75 91 35
f 34 1983 16
f 29 164 821
f 29 1809 164
f 29 1800 1809
f 29 531 1800
f 1953 1378 29
f 1378 531 29
f 1378 31 531
f 1378 1359 31
f 1378 1541 1359
f 1541 1570 1359
f 1541 53 1570
f 53 1890 1570
f 53 1864 1890
f 1046 1753 344
f 556 1753 1046
f 556 1223 1753
f 344 1378 1953
f 1753 169 344
f 1223 169 1753
f 1223 799 169
f 344 1999 1378
f 169 1999 344
f 169 1810 1999
f 799 1810 169
f 799 1109 1810
f 1810 1295 1999
f 1109 1295 1810
f 1999 1541 1378
f 1999 1299 1541
f 1295 1299 1999
f 1295 1434 1299
f 1434 954 1299
f 1299 53 1541
f 1299 1537 53
f 1299 249 1537
f 954 249 1299
f 954 380 249
f 249 426 1537
f 380 426 249
f 1695 1223 556
f 1695 1724 1223
f 35 1724 1695
f 1724 799 1223
f 1724 656 799
f 35 656 1724
f 656 1109 799
f 656 1295 1109
f 656 1496 1295
f 656 1987 1496
f 1496 1434 1295
f 1987 1662 1496
f 1496 954 1434
f 1496 1336 954
f 1496 1821 1336
f 1662 1821 1496
f 1336 380 954
f 1336 426 380
f 1336 1728 426
f 1336 1845 1728
f 1821 1845 1336
f 104 92 1987
f 35 1987 656
f 34 148 1983
f 34 1060 148
f 34 1985 696
f 34 150 1060
f 34 696 150
f 61 230 34
f 61 1949 230
f 34 230 1985
f 1949 1296 230
f 531 1482 1800
f 164 1734 821
f 164 1756 1734
f 1809 1756 164
f 1809 408 1756
f 1800 408 1809
f 1800 1497 408
f 1482 1497 1800
f 653 1139 1095
f 1756 653 1734
f 1756 1664 653
f 1664 1139 653
f 1756 873 1664
f 408 873 1756
f 408 1324 873
f 408 679 1324
f 1497 679 408
f 1497 621 679
f 1497 322 621
f 1482 663 1497
f 663 322 1497
f 1664 866 1139
f 873 866 1664
f 1139 382 1095
f 382 13 1658
f 13 139 1658
f 866 382 1139
f 866 1569 382
f 1569 13 382
f 873 1569 866
f 1324 1569 873
f 1324 561 1569
f 561 13 1569
f 679 561 1324
f 561 23 13
f 621 561 679
f 621 1226 561
f 1226 23 561
f 322 1226 621
f 663 1226 322
f 663 925 1226
f 925 23 1226
f 13 23 139
f 139 56 143
f 23 56 139
f 56 163 143
f 163 154 137
f 154 55 137
f 31 1482 531
f 31 1247 1482
f 1359 1247 31
f 1359 1757 1247
f 1570 1757 1359
f 1570 782 1757
f 1570 147 782
f 1890 147 1570
f 1247 663 1482
f 1247 1589 663
f 1247 294 1589
f 1757 294 1247
f 1757 1993 294
f 1757 955 1993
f 782 955 1757
f 782 1465 955
f 147 1465 782
f 147 1138 1465
f 147 1564 1138
f 1890 1041 147
f 1041 1564 147
f 1589 1038 663
f 294 1038 1589
f 294 736 1038
f 1993 736 294
f 1993 930 736
f 955 930 1993
f 1041 960 1564
f 1038 925 663
f 736 925 1038
f 736 279 925
f 279 23 925
f 930 279 736
f 955 279 930
f 955 818 279
f 818 23 279
f 1465 818 955
f 818 701 23
f 1138 818 1465
f 1138 843 818
f 843 701 818
f 1564 843 1138
f 1564 433 843
f 433 817 843
f 817 701 843
f 960 433 1564
f 960 482 433
f 482 817 433
f 701 1986 23
f 1986 99 23
f 99 56 23
f 99 2 56
f 2 1848 56
f 1848 1827 56
f 1827 163 56
f 1827 1804 163
f 1804 893 163
f 893 154 163
f 893 1055 154
f 1055 857 154
f 154 1942 55
f 857 712 154
f 712 1942 154
f 53 264 1864
f 1537 264 53
f 1537 376 264
f 426 376 1537
f 426 478 376
f 376 933 264
f 478 933 376
f 1864 859 1890
f 264 1965 1864
f 1965 859 1864
f 933 1965 264
f 933 611 1965
f 1965 520 859
f 1965 272 520
f 611 272 1965
f 611 1457 272
f 611 626 1457
f 859 1041 1890
f 859 551 1041
f 859 1211 551
f 520 1211 859
f 520 306 1211
f 272 306 520
f 272 1083 306
f 1457 1083 272
f 1457 534 1083
f 551 960 1041
f 1211 166 551
f 306 166 1211
f 306 887 166
f 1083 887 306
f 1728 478 426
f 1728 867 478
f 1728 1845 867
f 867 933 478
f 867 1082 933
f 1845 1082 867
f 1082 611 933
f 1082 626 611
f 1082 607 626
f 1845 607 1082
f 1845 1915 607
f 1821 1915 1845
f 1821 1547 1915
f 1821 961 1547
f 1662 961 1821
f 1662 186 961
f 534 1290 1083
f 626 534 1457
f 626 607 534
f 607 1915 303
f 1915 334 303
f 1915 1547 334
f 1547 961 504
f 961 1895 504
f 961 186 1895
f 551 482 960
f 166 482 551
f 166 795 482
f 795 817 482
f 887 795 166
f 926 701 817
f 926 220 701
f 1290 887 1083
f 1290 795 887
f 1290 609 795
f 609 711 795
f 711 817 795
f 711 932 817
f 932 926 817
f 220 200 701
f 607 1290 534
f 607 609 1290
f 609 303 711
f 303 609 607
f 303 334 711
f 334 932 711
f 1547 932 334
f 932 504 926
f 504 932 1547
f 504 220 926
f 504 1895 220
f 1895 200 220
f 1895 277 200
f 186 277 1895
f 104 326 92
f 1987 222 1662
f 1987 1616 222
f 92 1616 1987
f 326 104 1070
f 222 186 1662
f 92 1271 1616
f 326 1271 92
f 326 1595 1271
f 1070 1595 326
f 222 1022 186
f 1616 1022 222
f 1616 1419 1022
f 1616 578 1419
f 1271 578 1616
f 578 1271 241
f 1271 1595 241
f 1070 1462 1595
f 1283 1986 701
f 1283 987 1986
f 1659 99 1986
f 200 1283 701
f 987 489 1986
f 489 226 1986
f 226 1659 1986
f 1659 167 99
f 277 416 200
f 1022 277 186
f 1022 416 277
f 416 1283 200
f 416 511 1283
f 1022 511 416
f 511 987 1283
f 511 453 987
f 1419 511 1022
f 1419 453 511
f 453 489 987
f 578 453 1419
f 578 489 453
f 578 226 489
f 226 241 1659
f 241 226 578
f 241 167 1659
f 241 1510 167
f 1595 1510 241
f 1510 683 167
f 1462 1510 1595
f 1462 683 1510
f 16 152 91
f 16 145 152
f 91 1777 104
f 91 418 1777
f 152 418 91
f 16 1730 145
f 104 1777 1070
f 1777 217 1070
f 418 217 1777
f 418 1718 217
f 152 1718 418
f 152 1174 1718
f 145 1174 152
f 145 1880 1174
f 1730 1880 145
f 1462 217 420
f 1070 217 1462
f 217 1718 229
f 1718 775 229
f 1174 775 1718
f 1174 1181 775
f 1174 179 1181
f 179 1880 198
f 1880 179 1174
f 1880 1544 198
f 1357 1848 2
f 1848 1064 1827
f 704 2 99
f 704 498 2
f 167 704 99
f 498 1641 2
f 1641 1357 2
f 683 704 167
f 683 420 704
f 420 683 1462
f 420 498 704
f 420 1153 498
f 217 1153 420
f 1153 1641 498
f 1153 229 1641
f 229 1153 217
f 229 899 1641
f 775 899 229
f 899 1357 1641
f 899 543 1357
f 1181 899 775
f 1181 543 899
f 543 282 1357
f 179 543 1181
f 179 282 543
f 282 1848 1357
f 282 198 1848
f 198 282 179
f 198 1064 1848
f 198 1544 1064
f 1983 1730 16
f 1983 124 1730
f 1983 760 124
f 148 760 1983
f 1060 1958 148
f 1958 760 148
f 1730 829 1880
f 124 829 1730
f 124 1902 829
f 760 1902 124
f 760 861 1902
f 1958 861 760
f 1958 1721 861
f 1880 1479 1544
f 829 1479 1880
f 1479 829 361
f 829 185 361
f 829 1902 185
f 1902 1578 185
f 1902 691 1578
f 1902 861 691
f 861 385 691
f 385 1721 636
f 1721 385 861
f 1721 1531 636
f 313 1804 1827
f 1064 814 1827
f 814 313 1827
f 313 1581 1804
f 1581 893 1804
f 1581 1508 893
f 1544 1375 1064
f 1479 1375 1544
f 1375 814 1064
f 1375 361 814
f 361 1375 1479
f 361 185 814
f 185 313 814
f 185 1578 313
f 1578 691 313
f 691 1581 313
f 691 223 1581
f 385 223 691
f 223 636 1581
f 636 223 385
f 636 1508 1581
f 636 225 1508
f 1531 225 636
f 1060 1530 1958
f 150 1530 1060
f 150 1786 1530
f 696 1786 150
f 696 394 1786
f 696 1713 394
f 1985 1713 696
f 1985 360 1713
f 1530 1721 1958
f 1531 896 387
f 1530 1531 1721
f 1530 896 1531
f 896 1349 387
f 896 1141 1349
f 1786 896 1530
f 1786 1141 896
f 1786 996 1141
f 394 996 1786
f 394 972 996
f 1713 972 394
f 1713 963 972
f 1713 541 963
f 360 541 1713
f 360 238 541
f 1645 1055 893
f 764 857 1055
f 764 1604 857
f 1508 1645 893
f 1645 271 1055
f 271 764 1055
f 225 387 1508
f 387 225 1531
f 387 1645 1508
f 387 1349 1645
f 1349 475 1645
f 1141 475 1349
f 475 271 1645
f 996 475 1141
f 996 271 475
f 271 972 764
f 972 271 996
f 972 509 764
f 963 509 972
f 509 1604 764
f 509 256 1604
f 541 509 963
f 541 256 509
f 256 350 1604
f 238 256 541
f 238 350 256
f 1949 46 1296
f 230 360 1985
f 230 1433 360
f 230 1576 1433
f 1296 1576 230
f 1296 46 1576
f 46 449 1576
f 360 1516 238
f 1433 1516 360
f 1433 892 1516
f 1433 527 892
f 1576 527 1433
f 1576 901 527
f 1576 182 901
f 182 449 1650
f 449 182 1576
f 449 915 1650
f 46 915 449
f 46 1490 915
f 712 895 1942
f 1158 712 857
f 895 557 1942
f 1604 1158 857
f 557 785 1942
f 350 1158 1604
f 350 252 1158
f 1516 350 238
f 1516 252 350
f 252 892 1158
f 892 252 1516
f 892 712 1158
f 892 1592 712
f 527 1592 892
f 1592 901 712
f 901 1592 527
f 901 895 712
f 901 1097 895
f 182 1097 901
f 1097 557 895
f 1097 1650 557
f 1650 1097 182
f 1650 785 557
f 1650 1236 785
f 915 1236 1650
f 1236 1490 785
f 1490 1236 915
f 1526 1426 927
f 1526 927 1184
f 300 1184 1402
f 1767 1184 300
f 1767 1526 1184
f 1074 1402 1327
f 300 1402 1074
f 1509 300 1074
f 1509 1767 300
f 1074 1327 1714
f 1175 1509 1074
f 1509 1175 917
f 717 1306 1549
f 1115 1306 717
f 1115 447 1306
f 852 447 1115
f 852 8 447
f 1446 8 852
f 336 1115 717
f 336 852 1115
f 1855 852 336
f 1855 1446 852
f 1446 1009 927
f 1446 1855 1009
f 1184 927 1009
f 336 717 1829
f 1327 1855 336
f 1402 1855 1327
f 1402 1009 1855
f 1402 1184 1009
f 1714 336 1829
f 1327 336 1714
f 1526 1617 1426
f 1760 69 903
f 903 1617 1526
f 903 1526 1408
f 1408 1526 1767
f 1760 903 1408
f 917 1767 1509
f 917 1408 1767
f 446 1408 917
f 446 1760 1408
f 1519 1760 446
f 438 446 917
f 1519 446 438
f 1519 1204 1528
f 86 1872 1739
f 121 1872 86
f 121 1104 1872
f 86 1739 61
f 1945 872 121
f 872 1104 121
f 872 102 1104
f 102 1823 1104
f 1697 1469 1540
f 1697 885 1469
f 1540 1469 1945
f 1469 872 1945
f 1648 885 1868
f 885 1937 1469
f 885 1648 1937
f 1469 1937 872
f 1648 1103 1937
f 1103 1648 1868
f 872 944 102
f 1937 944 872
f 944 1937 1103
f 563 944 1103
f 290 1103 1868
f 1103 290 563
f 944 563 102
f 290 1921 563
f 102 959 1823
f 563 959 102
f 563 1921 959
f 885 69 1760
f 885 1697 69
f 1868 885 1760
f 1519 1868 1760
f 1519 1528 1868
f 1868 1528 290
f 1175 1074 1714
f 1175 1714 1963
f 1919 1649 1175
f 1175 1963 1145
f 1919 1175 1145
f 1967 1919 1145
f 632 1919 1967
f 1143 917 1175
f 1143 438 917
f 1932 438 1143
f 1932 1519 438
f 1204 1519 1932
f 1649 1143 1175
f 1143 1649 1932
f 1368 1932 1649
f 203 1932 1368
f 203 1204 1932
f 1666 1204 203
f 1666 1528 1204
f 1649 1919 1368
f 1077 1368 1919
f 600 1368 1077
f 600 203 1368
f 1666 600 371
f 600 1666 203
f 1778 600 1077
f 1778 371 600
f 1129 371 1778
f 1129 1416 371
f 49 1077 1919
f 1778 1077 49
f 1950 105 61
f 61 105 1949
f 105 1692 1949
f 1739 1950 61
f 1104 1852 1872
f 1104 100 1852
f 100 1638 1852
f 1823 1355 1104
f 1823 1801 1355
f 1355 7 1104
f 1801 383 1355
f 1104 7 100
f 1801 251 383
f 251 1183 383
f 290 291 1921
f 290 1480 291
f 1921 291 959
f 959 431 1823
f 291 431 959
f 1605 1480 50
f 1480 919 291
f 1480 1605 919
f 431 1801 1823
f 291 919 431
f 1605 50 192
f 1605 192 919
f 431 1332 1801
f 431 919 1332
f 192 544 919
f 1332 251 1801
f 919 544 1332
f 1761 199 50
f 50 199 192
f 192 1527 544
f 1527 192 199
f 1332 114 251
f 544 114 1332
f 1761 513 199
f 513 1761 414
f 1527 1577 544
f 251 114 1183
f 544 1577 114
f 513 414 1194
f 199 635 1527
f 199 1387 635
f 1387 199 513
f 1527 1147 1577
f 1527 635 1147
f 114 24 1183
f 114 1539 24
f 1577 1539 114
f 1539 1577 1147
f 1528 1480 290
f 1528 50 1480
f 1528 1399 50
f 1399 1528 1666
f 1399 1761 50
f 1399 244 1761
f 1399 1666 371
f 1416 1399 371
f 244 1399 1416
f 1761 244 414
f 414 1416 1129
f 414 244 1416
f 1194 1129 943
f 1194 414 1129
f 137 55 120
f 36 39 120
f 55 36 120
f 85 93 39
f 36 85 39
f 93 1836 176
f 93 386 1836
f 85 386 93
f 85 1939 386
f 85 83 1939
f 1484 1145 968
f 1491 1484 968
f 1836 1491 176
f 1836 1522 1491
f 1522 1484 1491
f 1522 1145 1484
f 1836 1102 1522
f 1102 1145 1522
f 1102 1967 1145
f 386 1102 1836
f 386 1337 1102
f 1337 1967 1102
f 1337 632 1967
f 1939 1337 386
f 83 1337 1939
f 83 349 1337
f 349 632 1337
f 349 1045 632
f 83 1160 349
f 1160 1045 349
f 49 1919 632
f 1045 49 632
f 1942 188 55
f 188 906 55
f 906 1538 55
f 1538 1910 55
f 1910 36 55
f 1910 70 36
f 70 460 36
f 460 1869 36
f 1869 85 36
f 1869 1176 85
f 1176 1741 85
f 85 1384 83
f 85 978 1384
f 85 1182 978
f 1371 1182 85
f 1741 1891 85
f 1891 875 85
f 875 1371 85
f 1371 1639 1182
f 1639 1573 1182
f 1952 49 1045
f 687 49 1952
f 15 49 687
f 15 1629 49
f 1788 1629 15
f 71 15 687
f 1461 1788 15
f 1647 15 71
f 1384 1160 83
f 1160 1952 1045
f 1384 1353 1160
f 1353 1952 1160
f 978 1353 1384
f 978 840 1353
f 840 1952 1353
f 840 687 1952
f 978 1442 840
f 1442 687 840
f 1182 1442 978
f 1182 956 1442
f 956 71 1442
f 71 687 1442
f 956 1647 71
f 1573 956 1182
f 1573 232 956
f 232 1647 956
f 232 15 1647
f 1573 1657 232
f 1657 15 232
f 1657 1461 15
f 1629 1778 49
f 1629 1129 1778
f 1692 46 1949
f 105 658 1692
f 105 1127 658
f 1950 1127 105
f 1692 343 46
f 1692 658 343
f 1950 997 1127
f 343 1490 46
f 343 606 1490
f 343 1495 606
f 658 1495 343
f 658 1742 1495
f 1127 1742 658
f 1127 889 1742
f 1127 874 889
f 997 874 1127
f 585 906 188
f 1538 310 1910
f 785 188 1942
f 785 1401 188
f 1401 585 188
f 1490 1401 785
f 1490 606 1401
f 606 1787 1401
f 1787 585 1401
f 1787 1023 585
f 1023 168 585
f 168 906 585
f 168 889 906
f 889 1538 906
f 889 874 1538
f 874 310 1538
f 874 1149 310
f 606 1495 1787
f 1495 1023 1787
f 1742 1023 1495
f 1742 168 1023
f 889 168 1742
f 997 1149 874
f 1739 1364 1950
f 1872 1364 1739
f 1872 1517 1364
f 1872 886 1517
f 997 1364 341
f 1950 1364 997
f 1517 319 1364
f 1364 323 341
f 319 323 1364
f 319 338 323
f 1517 1590 319
f 1517 550 1590
f 886 550 1517
f 886 853 550
f 1572 70 1910
f 310 1413 1910
f 1413 1572 1910
f 1572 298 70
f 298 995 70
f 1149 1413 310
f 1149 389 1413
f 389 761 1413
f 761 1572 1413
f 761 1322 1572
f 1322 1126 1572
f 1126 298 1572
f 1126 1209 298
f 1209 1590 298
f 1590 995 298
f 1590 550 995
f 550 347 995
f 341 1149 997
f 341 389 1149
f 323 389 341
f 323 761 389
f 323 1322 761
f 1322 338 1126
f 338 1322 323
f 338 1209 1126
f 319 1209 338
f 1590 1209 319
f 550 853 347
f 1852 886 1872
f 1638 886 1852
f 100 1485 1638
f 1638 1407 886
f 1407 1638 1042
f 1638 1485 1042
f 1407 853 886
f 1485 1920 1042
f 1485 1021 1920
f 1485 841 1021
f 995 460 70
f 347 460 995
f 347 247 460
f 247 1869 460
f 247 719 1869
f 719 1288 1869
f 1288 1176 1869
f 1288 822 1176
f 822 1920 1176
f 1920 1741 1176
f 1920 555 1741
f 1407 347 853
f 1407 247 347
f 1407 719 247
f 1042 719 1407
f 1042 1288 719
f 1042 822 1288
f 1920 822 1042
f 1920 1021 555
f 1021 841 555
f 7 1485 100
f 7 461 1485
f 7 1904 461
f 1355 1904 7
f 383 1904 1355
f 383 510 1904
f 1183 510 383
f 1183 1504 510
f 510 1345 1904
f 461 841 1485
f 461 1198 841
f 1904 1198 461
f 1904 685 1198
f 1904 180 685
f 1345 180 1904
f 510 1154 1345
f 510 837 1154
f 1371 1166 1639
f 555 1891 1741
f 555 928 1891
f 928 753 1891
f 753 875 1891
f 753 684 875
f 684 1371 875
f 684 1471 1371
f 1471 221 1371
f 221 1166 1371
f 221 48 1166
f 48 281 1166
f 841 928 555
f 1198 928 841
f 1198 753 928
f 753 685 684
f 685 753 1198
f 685 180 684
f 180 1471 684
f 1345 1471 180
f 1471 1154 221
f 1154 1471 1345
f 1154 48 221
f 837 48 1154
f 837 281 48
f 756 513 1194
f 1387 513 756
f 1788 943 1629
f 1788 1194 943
f 1268 1194 1788
f 1268 756 1194
f 435 756 1268
f 435 1387 756
f 1147 1258 1669
f 635 1258 1147
f 1258 1387 435
f 1258 635 1387
f 24 1504 1183
f 1539 1504 24
f 1539 1669 1504
f 1669 1539 1147
f 1217 1268 1788
f 413 1268 1217
f 1585 1268 413
f 1585 435 1268
f 1258 391 1669
f 1258 1354 391
f 1354 435 1585
f 1354 1258 435
f 510 1504 437
f 1504 391 437
f 1669 391 1504
f 1386 1217 1461
f 1217 1788 1461
f 413 1217 1386
f 1575 1585 413
f 437 837 510
f 391 296 437
f 1354 296 391
f 1354 269 296
f 1354 1575 269
f 1575 1354 1585
f 1051 1386 1461
f 1278 1386 1051
f 1318 1386 1278
f 1318 413 1386
f 250 413 1318
f 250 1575 413
f 437 1007 837
f 437 1152 1007
f 296 1152 437
f 296 378 1152
f 378 473 669
f 296 473 378
f 473 250 669
f 269 473 296
f 473 1575 250
f 473 269 1575
f 1639 1114 1573
f 1114 1657 1573
f 1114 1051 1657
f 1051 1461 1657
f 1639 1816 1114
f 1816 1051 1114
f 1639 1280 1816
f 1816 1278 1051
f 1166 1776 1639
f 1776 315 1639
f 315 1280 1639
f 1280 695 1816
f 695 1278 1816
f 695 1318 1278
f 281 1776 1166
f 315 378 1280
f 378 695 1280
f 378 669 695
f 250 695 669
f 695 250 1318
f 281 1007 1776
f 1007 281 837
f 1007 315 1776
f 1007 1152 315
f 1152 378 315
f 943 1129 1629

