# https://github.com/mikedh/trimesh
v 0.31384310 0.19184937 -0.14635988
v 0.10210393 -0.43159378 -0.30846539
v 0.00026472 0.65370506 0.00547111
v -0.15960999 0.18660048 0.41174105
v -0.31145680 -0.39779913 -0.15537876
v -0.03980174 0.17410156 0.44867146
v -0.27726483 -0.37479204 -0.45278853
v 0.02714844 0.68902147 0.08971862
v -0.46803576 -0.04205031 -0.00092636
v 0.19629484 -0.25686830 -0.34024563
v 0.33854049 0.02002964 0.30307683
v -0.22352952 -0.49242306 0.16998416
v 0.07940196 -0.32923347 -0.32218644
v -0.12399203 -0.29835698 -0.32720751
v -0.39330181 0.05555050 -0.15221603
v -0.11716132 0.22003278 -0.29810315
v -0.33701515 0.24537332 -0.04020689
v 0.32648665 -0.09398962 -0.31431597
v 0.17892863 0.20698155 -0.37163931
v 0.07670054 -0.47830763 -0.18183610
v -0.40411282 0.01154690 -0.20949014
v -0.27106237 -0.49432516 -0.02798564
v -0.16611075 -0.37479094 -0.47699875
v 0.35306937 -0.31784713 -0.03126514
v 0.25412345 -0.30245417 -0.25833008
v -0.00563705 -0.57653898 0.23382248
v -0.33967328 0.09246507 0.30263510
v 0.11290901 -0.02535441 0.47771284
v 0.05883421 -0.69901943 -0.09751500
v -0.22341886 0.31520897 -0.36650705
v -0.31547928 0.35763556 -0.02045107
v -0.42586431 -0.09410170 0.10358814
v -0.36019176 -0.36347294 0.20462963
v 0.11522088 -0.43639302 -0.40946794
v -0.12053639 0.26975793 -0.47862116
v 0.17588013 -0.34316483 -0.48124158
v -0.15412256 -0.14382072 0.43171516
v 0.10074981 0.56770843 0.09898702
v -0.27674446 0.36448169 -0.09793560
v -0.27119192 -0.33516023 -0.43562141
v -0.23682952 0.36429808 0.27113777
v 0.37915513 0.03943020 -0.20463628
v 0.19342087 -0.38073468 -0.47902712
v 0.20810060 0.21664198 0.35585555
v -0.14885405 0.36217359 -0.23831433
v -0.10405841 0.26376557 -0.31447029
v 0.29616368 -0.15318708 -0.26274142
v -0.29161400 -0.30296150 -0.17195322
v 0.37041429 0.31124690 0.10380361
v -0.10103424 0.28563929 -0.44601414
v 0.35817748 -0.28501368 0.21755566
v -0.29055151 -0.18018937 0.37491363
v -0.13278896 0.32749620 -0.48013040
v -0.19925700 0.29932585 -0.48757964
v -0.28061780 0.22832333 -0.15772223
v 0.40195179 0.17032184 0.00039988
v 0.25320247 0.38073513 0.23643747
v 0.09698408 -0.29229808 -0.35897991
v -0.28876927 0.23128104 -0.14256558
v -0.14454132 -0.44321105 -0.24092819
v -0.38211536 0.20114566 -0.10853072
v -0.09120014 0.22605132 0.38477755
v 0.08312842 -0.31113493 -0.33339354
v 0.17477089 -0.53895593 0.09254340
v 0.14357468 0.71116394 0.04937219
v 0.19545262 -0.15436330 -0.33877277
v -0.44383603 0.02360521 -0.09715245
v 0.14815407 0.22396871 -0.36066812
v -0.15647800 -0.30589700 -0.33658901
v -0.20246819 0.21174671 -0.28108400
v 0.15691613 -0.52506512 0.19258186
v -0.19522524 0.17137510 -0.35769784
v 0.22479546 0.03031937 0.39043555
v 0.13150421 0.29523793 -0.32565895
v 0.25521803 0.26021793 -0.34469357
v 0.25402883 0.04143563 0.37061617
v 0.08887300 -0.39156193 -0.47867700
v 0.24174181 -0.32658044 -0.18412982
v -0.20805381 -0.16027312 -0.35796565
v 0.28526309 0.38261211 -0.09461557
v -0.33573169 -0.39801180 0.22453545
v 0.10833556 0.23934168 -0.29886603
v 0.08304836 -0.30065873 -0.34929234
v -0.20851038 0.34052539 -0.37435442
v 0.16137570 -0.06699693 -0.42420462
v 0.08060656 -0.01008863 0.48138294
v 0.12528403 0.08466862 0.45047349
v 0.17730913 -0.50822484 0.12287431
v 0.14004077 0.22180405 -0.31887338
v -0.38838711 -0.11738400 -0.16353585
v 0.27580926 -0.42421252 -0.13372345
v 0.21927102 0.43374979 0.19293536
v -0.01733231 -0.31272137 -0.30604860
v -0.02572830 -0.73049641 -0.09590714
v 0.24497594 0.30131388 -0.30106786
v -0.07660145 0.30396229 -0.29774201
v 0.40620464 -0.17982058 0.12029271
v -0.14297400 0.21709301 -0.32180199
v -0.14535382 -0.59491098 0.18654463
v -0.25982997 0.32594523 -0.17093401
v -0.09915354 0.33284986 0.38828084
v -0.31818229 -0.30001226 -0.13035768
v -0.14303356 -0.30142874 -0.32727629
v 0.22793673 0.18767303 -0.31213939
v 0.22484027 -0.32782698 -0.20844014
v -0.41906720 -0.04729738 -0.18797916
v -0.24281533 -0.28567144 0.35700142
v -0.18586271 -0.28494382 -0.33785546
v 0.17790633 -0.51652080 0.14253363
v -0.33818904 0.22598055 -0.05754378
v -0.14745137 -0.38463053 -0.31240109
v -0.12596138 -0.51108837 0.25044316
v -0.35888284 -0.10361812 0.26666945
v -0.45258242 -0.21044795 0.09565055
v 0.29740733 0.19369817 -0.17062907
v 0.34355611 -0.13955060 0.28585377
v -0.01598437 0.52188039 -0.03095079
v -0.28046292 -0.29906812 -0.18406284
v 0.28883818 -0.27368596 0.32538950
v 0.33774099 -0.28332555 0.25489977
v -0.20946015 -0.60096109 0.19118965
v 0.19223525 -0.53148216 0.12832661
v -0.15505393 -0.28689447 -0.34201419
v -0.03418229 -0.37619129 0.42473939
v 0.10138159 -0.32597885 -0.45061758
v -0.19844885 0.22339132 -0.26241294
v 0.01429100 0.62524348 0.08872855
v -0.27947244 -0.34780997 -0.22779080
v 0.12533006 0.27080333 -0.32904094
v 0.09896406 0.03014268 0.44701651
v 0.28465116 -0.33037484 -0.12682821
v -0.13668525 -0.33542478 -0.28622892
v 0.43809056 0.04427716 -0.05622746
v 0.03770173 0.10468675 0.46856377
v 0.08906024 -0.41712117 -0.32902345
v -0.43245897 -0.09197784 -0.01733386
v -0.03717397 -0.01619818 -0.44681448
v -0.20394860 -0.28884575 0.37870476
v -0.20838149 0.21964104 0.33008981
v 0.16840331 0.24133071 0.38253605
v -0.27686253 0.25111404 -0.14888239
v 0.07262030 -0.49397653 -0.16399464
v 0.13492385 -0.41737238 -0.48646253
v -0.02553310 -0.28161123 -0.38051748
v 0.19702092 -0.22044635 -0.34838632
v 0.06867753 -0.24437796 0.45392111
v -0.25892583 -0.41205394 -0.28603727
v -0.26540428 -0.29735646 -0.20549919
v 0.28524286 -0.29395789 -0.24100670
v -0.40736121 0.05563197 -0.11888783
v 0.20050600 0.20123100 -0.33551899
v -0.21351582 0.23700970 -0.22854532
v 0.11682126 0.52485740 0.09488635
v -0.30026001 0.25042382 0.22514305
v 0.12314154 -0.66675800 0.01798163
v -0.41719314 0.01514442 -0.18174681
v 0.41960734 0.02891080 0.12128272
v 0.14799958 0.21978739 -0.33724657
v 0.21609256 0.18245554 -0.32687515
v 0.35575673 -0.02307648 0.31337982
v 0.28323063 -0.13637590 0.34722638
v 0.36061323 -0.18454814 -0.15207689
v 0.18521152 0.33504623 -0.31274536
v 0.01150102 0.53967524 -0.02416935
v 0.38752818 0.22982496 -0.02435244
v 0.22064461 -0.17849344 -0.32247505
v -0.26369697 -0.15519451 -0.32599360
v -0.37133685 -0.10517694 -0.19441113
v 0.09742790 -0.48244146 0.24568602
v 0.24957845 0.19950747 -0.22342010
v -0.23218504 0.17737006 -0.32919392
v -0.20594393 0.41999897 -0.08846169
v -0.21224594 -0.28440422 -0.32483611
v -0.43406880 -0.14959060 0.15470377
v -0.20464060 -0.47644731 -0.11590780
v -0.05280359 0.35448059 -0.26727417
v 0.18689400 0.20487300 -0.35188800
v 0.08139378 -0.40123549 -0.44415015
v 0.17085637 0.32889572 -0.44722071
v -0.30513439 0.23183474 -0.11366050
v -0.26573110 0.23093006 0.27646413
v -0.02957932 -0.48838356 -0.19039543
v -0.04535545 -0.32039794 -0.29770023
v -0.08192262 -0.06657903 0.48311904
v 0.07113750 0.40302595 0.32051113
v 0.42282775 -0.11452279 -0.16585948
v 0.11925657 -0.31311542 -0.42350665
v 0.11403569 0.27091604 -0.31430754
v -0.27881294 -0.37409145 -0.23198079
v 0.00716660 0.62769639 -0.01149393
v -0.11006103 0.23873590 -0.30016351
v -0.22741427 0.28136215 -0.42682365
v -0.25935343 0.18198258 -0.30360788
v 0.07615782 0.73519677 0.08745388
v 0.11491914 0.02738094 -0.39741451
v 0.33563817 -0.09089382 0.34248933
v 0.32553244 -0.17733221 -0.21160120
v -0.25264573 -0.37712908 -0.48606902
v -0.36366013 -0.30674559 0.18536435
v -0.10641963 0.26055157 -0.34370685
v -0.02947776 -0.44176576 -0.27593896
v -0.25637552 -0.33175680 -0.47006306
v 0.38740972 0.01668248 0.20572619
v -0.03819659 0.53099012 0.01950686
v 0.27231172 -0.33131632 -0.14385670
v 0.22282861 -0.05453925 0.43568423
v 0.19629088 -0.40909240 -0.39665294
v 0.36041281 0.08175647 -0.25792196
v -0.33492324 0.14895374 -0.25553170
v -0.36513704 0.18247198 -0.18583208
v -0.41425541 -0.12015233 -0.10162910
v 0.17122176 -0.31356207 -0.38770327
v -0.06113885 -0.46963689 -0.21009637
v 0.34522739 -0.32253408 0.02956202
v 0.21555763 -0.11104789 -0.38157126
v 0.11068203 0.71608603 0.09140148
v -0.35084331 -0.42166543 -0.02269290
v 0.33491644 -0.15551010 -0.22265114
v -0.19447458 -0.52554762 0.21429327
v -0.14207941 0.23079120 -0.34245199
v 0.07803637 0.52947265 -0.03974599
v 0.39269489 -0.22522251 0.18871310
v -0.33276215 -0.14958414 -0.26873574
v -0.39305997 -0.25349081 -0.14828156
v -0.37528330 0.07281096 -0.17781223
v -0.21239731 -0.60165268 0.13963725
v -0.26313350 -0.29167223 -0.21764486
v 0.17839687 -0.57891029 0.18432747
v 0.38050768 0.08291264 0.26939791
v -0.37682882 0.21252559 -0.05070107
v 0.23358859 0.20777234 -0.24290271
v -0.01552406 0.54968643 0.06141426
v -0.35176361 0.08438505 0.25636151
v 0.18884732 -0.59043396 0.17303780
v 0.26549271 0.20388025 -0.20057867
v 0.11184811 0.70487177 -0.02962364
v 0.18689400 0.19888300 -0.33925799
v 0.27011558 0.19714417 0.32497540
v -0.10022418 0.31504849 -0.30857512
v -0.09541089 0.35808092 -0.25530878
v -0.06105346 0.22274727 -0.30558100
v -0.29302752 0.20487286 -0.23431261
v 0.44816419 0.09823499 -0.05585875
v 0.19519299 -0.34449491 -0.32760757
v -0.32325110 -0.13521972 0.32621890
v -0.12598887 0.34343258 -0.32819745
v 0.20053196 -0.49012902 0.08760652
v -0.16575497 -0.32641324 -0.43234363
v -0.21038522 -0.01812378 -0.40168539
v 0.18707292 -0.40711316 0.35057876
v -0.01658620 0.03811647 0.45143420
v 0.15647507 -0.50492907 -0.08445562
v 0.19284627 -0.49463537 -0.01550774
v 0.20389904 -0.39716581 -0.25576648
v -0.33201781 0.22260481 -0.08984213
v 0.42256993 0.11042722 0.19015299
v -0.40060034 0.07300729 0.14682838
v -0.15591554 0.22223835 -0.32644811
v 0.40617663 -0.24005131 0.13870694
v 0.14852959 -0.60832518 0.11663657
v 0.17437421 -0.32213724 0.35797575
v -0.12615688 -0.18403631 0.45605150
v 0.18619414 -0.30043641 -0.30906263
v 0.29609194 -0.45321232 -0.05030255
v 0.28513691 0.13873190 -0.32378227
v 0.08177072 -0.41774169 -0.30630678
v -0.15521008 0.29936838 -0.49382368
v -0.35813481 -0.10568687 0.29863331
v -0.38884497 -0.28086963 -0.03003224
v -0.26589152 -0.40279129 -0.25283036
v -0.42165899 0.14390357 0.11220579
v 0.16240115 -0.30595756 -0.35640579
v 0.41085491 -0.20686707 0.11953917
v -0.06796564 -0.55454552 0.24545795
v -0.14133438 0.36004555 -0.26792914
v 0.13284177 0.54334712 0.04507317
v 0.24618718 0.19551787 -0.25479513
v 0.29392207 -0.41866893 0.22502534
v 0.17214844 -0.54088068 0.19382718
v 0.28587383 0.39727893 0.14895152
v -0.39507592 -0.27292970 0.02931811
v -0.22777243 -0.50586140 0.15135953
v 0.31060880 -0.15434755 -0.24779305
v -0.22623575 0.29541254 -0.25361615
v 0.13881196 0.51854306 -0.00737605
v -0.11675099 0.21467447 0.38243783
v 0.07367909 -0.38693911 -0.34470269
v -0.33612427 -0.35226572 -0.12943344
v -0.43052188 -0.09255146 0.08097110
v 0.25332448 0.25235644 -0.29878104
v 0.14872538 -0.59765303 0.09375851
v 0.26791525 0.18691172 -0.22295110
v 0.09624956 0.74478954 0.03995689
v -0.23203357 -0.40934297 0.33771354
v -0.25345430 -0.31160215 -0.27860808
v -0.23522142 0.24476759 -0.20424530
v 0.11948026 -0.48480126 0.22115161
v -0.31946540 0.36164743 0.03807282
v 0.24969564 -0.30716637 0.30224696
v 0.15777573 -0.22605416 0.43587336
v -0.34079847 0.20491885 -0.17977999
v 0.09373704 0.22573936 0.39950317
v -0.16767502 -0.55109513 0.20923878
v 0.17252970 -0.43222910 -0.32450658
v 0.07216239 -0.40052208 -0.30919245
v 0.17485976 -0.49330983 0.13867356
v 0.15329370 -0.50728160 0.17339675
v 0.24455459 -0.45013106 -0.14644080
v -0.19247618 0.33706510 -0.47649527
v 0.46239230 -0.03878620 0.09794338
v 0.23136210 0.31706208 -0.38185135
v 0.13999930 -0.29540721 -0.35092005
v -0.36612782 -0.16729227 -0.23447238
v -0.16450481 0.34885323 -0.46919167
v -0.39867303 -0.27003559 0.05889094
v 0.14950274 -0.32461107 0.37255019
v 0.11446377 -0.49567351 -0.13512747
v -0.22260496 -0.51287687 0.18136960
v -0.30049276 0.32542405 -0.10844279
v -0.32028928 0.24051911 -0.06271520
v 0.05946649 0.53303427 0.12079301
v -0.18116421 -0.21599177 0.43595499
v 0.30195934 0.40277141 0.00966718
v 0.21223676 0.22079292 -0.47702941
v 0.35893238 -0.17051446 -0.15902896
v 0.16578622 0.31046599 -0.48128870
v 0.24151924 -0.42460319 0.29173100
v -0.37537450 -0.36835280 0.15722933
v 0.21907279 -0.15053846 -0.32868579
v -0.00042735 0.68342221 0.02319762
v -0.22277039 -0.47883001 0.18567912
v -0.38857323 0.08472733 0.18274160
v 0.21024832 0.20861657 -0.38923338
v 0.24015653 0.27500534 -0.48118383
v -0.11937353 0.34236792 -0.30342758
v 0.41560441 -0.03327540 -0.18915614
v -0.13739526 0.22302152 -0.31076688
v -0.26363808 -0.28975505 -0.23202208
v 0.19859815 -0.56589103 0.14033748
v -0.42634633 -0.06059398 0.19811067
v 0.22478595 0.20821586 -0.30929798
v -0.22778152 -0.34907007 -0.49091172
v -0.01622895 0.54997712 0.01494711
v -0.42805055 -0.11597542 0.07421276
v -0.21442322 0.25542134 -0.29703659
v -0.15065025 -0.35632887 -0.41329661
v 0.23488754 0.21899487 -0.28499049
v -0.01495392 0.56331861 0.04496342
v -0.26055115 -0.32258582 -0.37428081
v -0.34208483 -0.30165461 -0.09116775
v -0.33522773 -0.28283644 -0.13014844
v 0.06521596 0.62636018 -0.04003000
v -0.22388434 -0.56013763 0.11502328
v 0.17320997 -0.61404777 0.14874710
v 0.02203237 0.52512437 0.13324517
v 0.37213174 -0.18123755 -0.12348671
v -0.29994544 -0.27065855 -0.25562656
v -0.19677953 -0.60721523 0.17319435
v 0.17736769 -0.31231508 -0.32065868
v -0.26158309 -0.30674160 -0.21730021
v -0.16447277 -0.52481842 0.21986265
v 0.13969254 0.33877206 0.37791640
v -0.11767058 -0.45694914 0.32794583
v 0.06659923 0.74798185 0.01126203
v -0.23912543 -0.54127008 0.20772807
v -0.31441027 -0.10496615 0.34522790
v -0.00345277 0.54399323 -0.00966527
v -0.26895648 -0.01408910 0.41061777
v 0.19889839 -0.40315726 -0.44178125
v -0.42145079 0.17674769 -0.00820248
v 0.25331098 -0.31795633 -0.22575393
v -0.09388433 0.29164699 -0.31464574
v 0.44289476 -0.12442327 -0.08225833
v -0.10521454 0.31930318 -0.38032615
v 0.28614479 0.21640795 0.29322883
v 0.06907286 -0.31237227 -0.31403735
v -0.19339228 -0.61928630 0.13623604
v 0.23282506 0.20713523 -0.26212487
v 0.01689145 -0.47733706 -0.19978470
v 0.08979306 -0.41822854 -0.35924312
v -0.31118307 -0.29430968 -0.14065084
v 0.13213219 -0.62161905 0.10630038
v 0.24358447 -0.32716256 -0.25579697
v 0.34527776 0.19599643 -0.08408826
v 0.19081178 -0.59870934 0.15097496
v 0.12285113 -0.32515314 -0.47500652
v -0.40408131 0.19518526 -0.04530982
v 0.09112148 -0.42027226 -0.38862404
v -0.42848337 -0.11002928 0.01198435
v -0.15096596 -0.39012888 -0.40252513
v 0.40253699 0.02150279 -0.13082476
v -0.19803488 -0.46854830 0.23825631
v -0.14307678 -0.32141694 -0.29810897
v -0.42290059 -0.21816733 0.18931389
v -0.15076941 -0.42246240 -0.31482330
v 0.33703130 -0.16523825 -0.20080303
v -0.22891431 0.22093982 -0.23125899
v -0.40703094 0.08826128 0.12119670
v 0.11407888 -0.05958769 0.47829378
v -0.10857131 0.25990251 -0.41159120
v 0.17381731 -0.43195432 -0.36790279
v 0.32775328 0.19799392 -0.11879619
v 0.07865646 -0.28251275 -0.36745259
v -0.13985440 -0.05833722 -0.43205497
v -0.26017082 -0.11687379 0.38156286
v -0.20595242 0.22802766 -0.24646565
v 0.04060049 0.22719182 -0.30158696
v 0.07354480 -0.35952446 -0.32539222
v 0.08821283 -0.31767291 -0.35812038
v -0.23920298 -0.13380043 0.38836160
v 0.14513901 0.63575315 0.03704810
v 0.30856594 0.13854368 0.34588301
v -0.12522514 0.36629313 0.35057163
v 0.31371054 -0.31719819 0.21165189
v 0.34009445 0.19945236 -0.09617241
v -0.39046621 -0.09405939 0.20864496
v 0.27326351 -0.45691293 0.20151664
v -0.35754362 -0.13335043 0.28837609
v -0.22617403 -0.49321920 -0.05609008
v 0.10536698 0.42154971 -0.20917799
v -0.21085152 0.33513352 -0.28452352
v -0.21778765 -0.51940948 0.20134759
v -0.41507331 0.07109914 0.08882547
v -0.30930778 -0.20900877 -0.30379558
v -0.35155836 0.16731627 -0.22399834
v -0.11614388 0.18615311 0.42533714
v 0.29384816 -0.31833348 -0.14550741
v -0.28491279 -0.14667810 -0.31080499
v 0.03100035 0.32147437 0.41091421
v -0.22012030 0.32752392 -0.22464454
v -0.35153183 0.17165038 0.26400858
v 0.31396833 -0.45059031 0.02449422
v 0.20269291 0.19090790 -0.32934758
v -0.29999498 -0.29871893 -0.15744117
v -0.13941014 -0.23754860 0.44128484
v 0.14967269 -0.30540231 0.37481233
v 0.38230368 -0.03305557 0.28356957
v 0.04583858 -0.00454097 0.48423871
v 0.09393200 0.65806681 -0.03696913
v 0.23953106 0.22668666 -0.34502676
v -0.44178876 -0.24371137 0.02218407
v 0.32850206 0.09561449 0.33583087
v 0.23300368 -0.46860841 0.21879661
v -0.46677557 0.01404001 0.02062623
v -0.31565893 0.25088513 0.19459759
v 0.23862994 0.22568299 -0.44216818
v 0.06572719 -0.34656700 -0.30661994
v -0.26200244 0.23913904 -0.16903366
v 0.20301053 0.28568143 -0.49458754
v -0.41738102 0.07480816 -0.02930330
v 0.41492581 -0.10890416 0.22056586
v 0.35365248 -0.08274807 -0.29096583
v -0.27316055 -0.39133957 -0.27083299
v -0.20770682 -0.48115212 0.20605363
v 0.27487925 -0.17419772 -0.27517653
v -0.02967290 0.22438107 -0.30589995
v 0.20592980 0.20725864 -0.35550874
v 0.24427959 0.30296257 -0.32954332
v 0.12147214 0.21787134 -0.29992527
v 0.08843772 0.52709031 0.11843225
v -0.12086149 0.28446424 0.39164189
v 0.30386961 0.07658826 -0.31562868
v -0.17576884 0.21902487 -0.31260389
v -0.19479959 -0.55217505 0.21389540
v 0.43356377 0.13983819 -0.06430622
v -0.40487745 0.14495204 -0.12980019
v -0.41427243 -0.10161242 0.12313825
v -0.42748082 -0.18803246 -0.13779689
v 0.12045636 -0.64105427 0.14540607
v 0.04682101 -0.32817513 -0.30266869
v -0.19379567 0.22698288 -0.27551737
v 0.44808161 -0.16179748 -0.01511216
v -0.22848868 -0.29609039 -0.32070124
v 0.21003181 0.25373402 -0.49251962
v -0.12561753 -0.32424971 -0.28487462
v 0.34022918 0.22348353 0.21945776
v 0.12051772 0.58875972 -0.01456174
v -0.02955051 0.04093741 -0.40767515
v 0.21969053 -0.34152323 -0.28220749
v -0.17077029 -0.28587636 -0.34381303
v -0.23218738 0.19768289 -0.29441443
v 0.21647473 -0.01882471 0.43034437
v 0.39960673 -0.29316348 0.03358951
v -0.16840288 -0.31112000 -0.36942664
v 0.13028124 0.54373491 0.01463468
v 0.38446227 0.01180057 -0.16944486
v -0.27754158 -0.35070994 -0.37772498
v -0.02263417 -0.13837856 -0.40597811
v 0.07650268 -0.42517596 0.38971841
v -0.26107299 0.15488543 -0.32582009
v -0.18860921 0.22357570 -0.29200879
v -0.37288269 -0.11834413 0.24428329
v 0.29524434 -0.33123431 -0.10980650
v -0.17652765 -0.58236271 0.19361764
v -0.12203763 0.22900338 0.37234828
v 0.38493016 0.17360349 -0.06119202
v 0.25975978 0.08880164 -0.35168666
v 0.24976774 -0.47996911 0.09015826
v 0.39639565 0.14686121 -0.17068538
v -0.31816837 0.18009363 -0.25346345
v 0.25522730 0.27303553 -0.37998793
v 0.31506410 -0.16634189 -0.23208264
v 0.32366037 -0.04642604 0.36122003
v -0.27860248 -0.28555638 -0.20215160
v -0.24396421 0.32173240 0.30134591
v -0.21138741 0.33154482 -0.25394887
v 0.13766751 0.72692448 0.02885709
v 0.34505174 -0.32361624 -0.00077025
v -0.24437681 -0.56304187 0.15870745
v 0.24827652 0.33672222 0.30733612
v -0.07483290 0.32624200 -0.28640217
v 0.04455305 0.73285341 -0.01782972
v 0.07684314 -0.37299672 -0.45102352
v -0.34394515 0.25853717 0.01685937
v 0.21690215 0.20369522 -0.32181621
v -0.24838004 -0.31320167 0.34130400
v -0.21325882 -0.58130646 0.20735370
v -0.40145320 -0.11811570 0.18538389
v 0.12859167 0.28310955 -0.36203215
v -0.00947246 0.42245221 0.29902562
v 0.28152207 -0.15426834 -0.27479455
v 0.38385001 -0.26836881 -0.12539251
v -0.16471428 -0.42967778 -0.35899386
v -0.20043577 -0.46314853 -0.15969089
v 0.30003312 -0.41541788 -0.09879382
v -0.28337511 0.24925083 0.25285035
v -0.33653793 -0.28903291 -0.11256865
v 0.10947330 0.32088855 -0.28544635
v 0.18758497 -0.03350499 0.45165706
v -0.21863692 -0.53750646 0.21393439
v 0.14857642 0.35893264 -0.24270366
v 0.30730426 -0.14664713 0.32231951
v 0.29582557 0.04403535 0.34058529
v 0.14796643 -0.00942104 0.45990390
v 0.16158624 -0.48240784 -0.10516918
v 0.33986011 0.30596817 -0.10013574
v 0.15812127 -0.14973190 -0.35967669
v -0.25358620 -0.56858218 0.18884571
v 0.12713487 0.24474642 -0.31155238
v -0.05904552 -0.48758480 -0.18899041
v 0.13062055 0.24963872 -0.35413745
v 0.38816580 -0.14720491 0.19051081
v -0.22538775 0.30222183 -0.32202742
v -0.34638202 0.22808869 0.13337825
v 0.21191780 -0.39547801 -0.22510096
v 0.20372757 -0.37271833 -0.32064694
v 0.38828975 -0.16443080 -0.09989268
v -0.27365857 -0.31020552 -0.20342486
v 0.20948809 -0.54506230 0.14900915
v 0.37568253 -0.23494183 -0.15921713
v 0.27797964 0.01758810 0.36194503
v -0.13621129 -0.39593458 -0.28631607
v 0.02677657 0.20893334 -0.31365809
v -0.09754974 0.21874985 -0.30136019
v 0.04575502 -0.44545239 -0.28180316
v 0.21837339 0.09925954 -0.37693518
v -0.32380816 -0.28079233 -0.15978193
v -0.09820697 -0.31179643 0.40952647
v 0.16941297 -0.30488700 -0.33719319
v -0.27296954 -0.39813477 -0.37295565
v -0.34642303 0.23676638 0.04466599
v 0.21475661 -0.37229994 -0.28624898
v -0.08303025 -0.18715769 0.46549380
v -0.42462745 -0.11581414 0.10328146
v -0.20663413 -0.30621225 -0.42507890
v 0.05248245 -0.01016632 -0.44057405
v -0.10667183 0.32152212 -0.41991726
v -0.39277053 0.13983443 0.20313922
v -0.11076209 0.19535445 -0.35536671
v -0.02004292 -0.39936194 -0.30093876
v 0.19389617 0.33198187 -0.38173956
v -0.30831519 0.16378997 -0.27969661
v 0.13218276 -0.43593630 -0.46631479
v -0.17454500 0.20739201 -0.31241199
v -0.18987046 0.23580535 -0.44348037
v -0.13857579 0.23234750 -0.32178861
v 0.19007172 -0.34396684 -0.46374005
v 0.25110900 -0.17315511 -0.29687631
v -0.17459370 -0.13060018 0.41904780
v 0.25501430 0.28631270 -0.23550896
v 0.03190874 0.55369574 -0.03406644
v -0.13413149 -0.41400531 -0.27300817
v 0.18050775 -0.42741433 -0.42731017
v 0.20663621 -0.46748599 -0.15599699
v -0.10580983 -0.38809904 -0.29282621
v -0.28416568 -0.12462309 0.35924393
v -0.19190212 -0.29930493 -0.35018006
v -0.18005104 -0.48161855 -0.13514064
v 0.33457538 -0.42206562 0.03988855
v 0.22348471 0.01967704 -0.35873118
v 0.01416391 -0.69269693 0.11987508
v 0.02829526 -0.29587480 -0.35284004
v -0.09045883 0.34041286 -0.27862847
v -0.12661946 0.23320928 -0.30755740
v 0.05426239 0.27870572 -0.31040326
v 0.09723058 -0.50499988 -0.14836349
v 0.34061131 -0.30153015 -0.15826868
v -0.24454170 -0.58861518 0.19068404
v -0.20932415 0.34038490 -0.40952423
v 0.21501620 0.20866843 -0.33704361
v 0.34173229 -0.16385654 0.26551193
v 0.05389035 0.67621446 0.10425640
v 0.38992026 -0.16840814 0.17156735
v -0.01445168 0.20732161 -0.32010067
v 0.39761007 0.17405847 0.02936930
v 0.09970497 -0.29903680 0.39865419
v 0.19482720 -0.52887619 0.14619868
v -0.09659665 -0.41689423 -0.28120929
v -0.45217210 -0.05987436 0.11254908
v 0.08356521 0.10966246 -0.42299008
v -0.26741511 -0.32891166 -0.23934308
v 0.34063461 0.18197057 -0.13364209
v 0.09156010 -0.32738745 -0.41879666
v -0.19485582 -0.43701255 -0.35918713
v -0.30343476 -0.13705917 0.34475562
v 0.43295452 -0.06824321 -0.16809590
v -0.22453783 -0.31824443 -0.47128132
v -0.16333978 -0.41800126 -0.40415823
v 0.39423868 0.19220427 -0.01521027
v -0.35338768 0.22611824 0.07421827
v 0.19794489 0.31440991 -0.48251352
v 0.27015790 -0.25857702 -0.28991216
v 0.41284037 0.02540434 -0.10539833
v 0.13658580 0.12334073 0.45115396
v 0.14336567 0.52090573 0.05419840
v 0.38201281 -0.29944432 -0.05506973
v -0.25209230 -0.31267169 -0.31294799
v -0.24405530 -0.42490605 -0.44747493
v -0.25549757 0.05268666 -0.33687830
v 0.17295983 0.25929677 -0.49426499
v -0.40976450 0.13229966 0.15858282
v 0.23756132 0.31213626 -0.25433716
v -0.00121321 0.65061504 0.05957928
v 0.40257463 -0.25379956 -0.08395389
v 0.24834257 0.14796048 -0.34436256
v 0.07961525 0.02033414 -0.41387805
v 0.41439378 0.01557850 -0.08183488
v -0.44898137 -0.20361142 -0.06636288
v -0.19362605 -0.31204069 -0.45103714
v 0.16622104 0.20732804 -0.35038868
v 0.32842499 -0.39156881 0.15806541
v -0.13361701 -0.30722585 -0.30186555
v -0.12076332 -0.43923283 -0.25467655
v -0.18042395 -0.39534882 -0.48262206
v 0.23617156 0.24146792 -0.47674006
v 0.18436918 -0.41438016 -0.47148651
v 0.14972213 -0.62967873 0.14357415
v -0.41810572 -0.15978456 -0.15023954
v 0.24885932 -0.15032408 -0.30929276
v 0.09712166 0.54405779 0.10157434
v -0.27997753 0.33374947 -0.13611232
v 0.12605532 -0.28636217 -0.35303584
v 0.17897262 -0.17390467 -0.34466767
v 0.00080376 0.55139768 0.08807562
v 0.26333183 -0.14791749 0.35839471
v 0.18538432 0.20733099 -0.45139757
v -0.26063502 0.22367524 -0.19284603
v 0.24060619 0.31634310 -0.22672963
v 0.18087064 0.33181050 -0.34406871
v 0.36694625 -0.16992122 -0.14339569
v 0.17797783 0.14144193 0.43200749
v 0.14956410 0.16625606 0.42742890
v 0.19364749 -0.21447247 0.41925427
v -0.20220573 -0.29236975 -0.33738878
v 0.00805221 -0.30443764 0.41355914
v -0.23225212 -0.58873194 0.20374362
v 0.07563671 -0.17535125 -0.38561025
v 0.15433513 -0.61391586 0.16480178
v 0.12449440 -0.20676227 -0.38096079
v -0.39293218 -0.27883703 0.16040458
v 0.20426303 -0.37339032 -0.39703965
v -0.16702844 -0.28475884 0.39924684
v -0.45563927 -0.15689819 0.05242652
v -0.30581480 -0.44226190 0.07465170
v -0.29526955 -0.44921264 0.04356809
v 0.22888233 -0.16111220 -0.31192982
v 0.04229463 -0.47489345 -0.20257497
v 0.35701197 -0.16206643 0.23786196
v 0.01592237 -0.30765432 -0.31246215
v 0.14107127 0.30857345 -0.34356284
v 0.00366255 0.59043866 -0.01325923
v -0.31470644 0.22692358 0.21000063
v -0.31320190 0.22873899 -0.09979328
v -0.42818663 0.14273135 0.06640218
v -0.35303929 -0.25622988 -0.21523322
v 0.14278671 0.31119776 -0.45395359
v 0.08507020 -0.09359707 -0.43656409
v -0.09349532 0.23621362 -0.29903263
v -0.09940402 0.28881180 -0.39416623
v -0.16859005 0.22347045 -0.32249692
v -0.35407946 0.22579375 0.02190131
v 0.02450945 -0.18577442 0.46899641
v -0.43334734 -0.12899214 -0.05285819
v 0.04402372 -0.30779189 -0.31523436
v 0.39998919 -0.05343064 -0.22808935
v 0.18708232 -0.25828722 0.41167194
v 0.28650680 -0.32839286 0.24487950
v -0.07815681 0.25287449 -0.30239549
v -0.43301457 -0.09334442 0.05871604
v 0.23275200 0.31613407 -0.28721875
v 0.18505821 -0.32576773 -0.36022702
v 0.31296563 -0.18746744 -0.23954876
v 0.24461046 0.13104875 0.40043676
v 0.18937592 -0.49171853 0.10406424
v -0.13948405 -0.24104090 -0.38970023
v -0.17703870 0.19852421 -0.32344991
v -0.08107542 -0.02283241 0.48742864
v 0.13019319 0.62861186 -0.01048985
v 0.17540547 0.08770014 -0.39536953
v 0.09175891 0.60511065 0.10498376
v -0.19769157 -0.30436808 -0.37302428
v 0.21820451 0.46440795 0.12059738
v 0.06806955 0.70880693 -0.03770967
v 0.32360312 -0.31897351 -0.08905231
v -0.10183599 -0.30903652 -0.29996049
v 0.19589369 -0.40902331 -0.35187697
v 0.14644691 0.24547623 -0.47778395
v -0.38397560 0.06637818 0.20624173
v -0.11408103 -0.71211916 0.04628881
v 0.18843870 -0.41789564 -0.27725974
v 0.17500490 -0.15506619 -0.34838104
v -0.41972032 0.16580968 -0.05273712
v -0.04418710 -0.30584699 -0.31413189
v 0.11669090 0.29076347 -0.30808035
v -0.27247781 -0.03053936 -0.36729538
v 0.25358206 0.28507259 -0.26959333
v -0.01106107 0.27980083 0.41728887
v -0.06208584 -0.69607842 -0.13522527
v -0.44888201 -0.17853999 0.12717718
v -0.21315993 0.25241765 -0.42426690
v -0.01784267 0.32124907 -0.29924712
v 0.35542992 0.19366650 -0.05977903
v 0.23147583 0.21504860 0.34083387
v 0.13623428 -0.49209583 0.20214412
v -0.32866514 0.34100759 0.12595215
v 0.21439473 -0.03193678 -0.39770600
v -0.10525038 -0.32605481 -0.28744894
v -0.43152225 0.13488901 0.02365016
v 0.34373796 0.14182889 -0.26087183
v -0.35032675 0.22822526 -0.02761648
v -0.20937175 -0.58323413 0.10575008
v -0.14718309 -0.34407964 -0.31022242
v -0.18482400 0.21703701 -0.30545199
v -0.20960937 0.24826030 -0.25257125
v 0.10221802 -0.13060410 0.43435079
v 0.24001193 -0.09432859 0.41624245
v -0.27813146 0.22281024 -0.17587130
v 0.13653287 -0.26001811 0.42951706
v 0.34482762 -0.32207268 0.05896235
v 0.15631142 -0.43879271 -0.39810139
v -0.11781805 0.36979541 -0.23760688
v -0.17189026 0.04321417 0.42288089
v 0.23964153 0.03972889 -0.34404874
v -0.15853116 -0.32950160 -0.40400398
v 0.32862175 -0.31401289 0.18881828
v 0.27404487 0.25446194 -0.21304785
v -0.14664449 0.20342076 -0.32838008
v -0.18805009 -0.42887217 -0.43056184
v -0.11776746 0.30042756 -0.48087907
v 0.00402913 -0.49806994 0.27964094
v 0.27051106 -0.34390071 0.26999974
v -0.09320528 -0.24740134 -0.39835989
v -0.12554158 -0.01290308 -0.43184942
v 0.39901334 -0.10282671 0.25646105
v 0.13326186 -0.51851392 0.20843108
v -0.16339830 -0.43494010 -0.33207065
v 0.01679663 0.65813971 0.08564395
v 0.16748036 0.32854703 -0.41186205
v 0.13243596 0.31194314 -0.30239415
v 0.17752232 -0.46136576 0.29519477
v -0.26817980 -0.35491824 -0.47098547
v -0.16993876 -0.25726786 -0.36964634
v 0.22469550 -0.36176410 -0.23337133
v -0.19428773 0.35007778 -0.44419238
v 0.10955917 -0.23206830 0.45121577
v 0.20425801 -0.17136145 -0.32972419
v 0.07670873 -0.48317292 0.27062577
v -0.05186794 -0.16064604 -0.39602250
v 0.46028376 0.02367711 -0.02304807
v -0.40107799 -0.26870564 0.08856168
v 0.08964027 -0.36635482 -0.47935608
v -0.16695288 -0.59963214 0.17016163
v -0.22168499 0.26858068 -0.32455865
v -0.16016175 -0.40472671 -0.43797523
v 0.37046021 0.24002661 -0.05536662
v 0.40838492 0.17152680 0.10969489
v -0.37522027 -0.08974065 0.25045151
v 0.39330497 -0.28515443 0.12607911
v 0.37259892 -0.16230853 0.20874377
v 0.37979260 0.27207232 0.12459476
v 0.25900418 -0.40857756 -0.16549128
v 0.20161884 -0.57200217 0.17847179
v 0.02264789 -0.74152935 0.00030872
v -0.26585186 -0.11801752 -0.33859396
v -0.28279263 -0.45676139 -0.04995429
v -0.17722470 0.23053262 -0.40704906
v -0.41536826 -0.10253350 -0.07454821
v 0.23249064 -0.32102218 0.30747396
v -0.15278785 -0.40889356 -0.37574616
v -0.13349178 -0.20572750 -0.39664340
v 0.41211987 0.07987723 -0.17548849
v -0.11979809 -0.13025680 0.43649828
v -0.19400695 -0.32837522 -0.47878060
v -0.20317969 -0.27312544 -0.33746183
v 0.01386969 0.72031105 0.06056456
v 0.30174279 -0.23024502 0.33482051
v 0.35258514 0.31754738 0.16552153
v 0.16623561 -0.43519145 -0.27834651
v 0.14003326 0.59711087 0.03654806
v 0.11436511 -0.66802663 -0.05565224
v -0.12176862 0.42009717 -0.17990482
v -0.41799158 0.13935788 -0.08388423
v 0.35966358 0.20613949 0.19620723
v -0.28459099 0.16573790 -0.29977116
v 0.29668805 -0.46048287 0.12427031
v -0.05939020 -0.43958032 -0.27237192
v 0.09119947 0.29849660 -0.30345458
v -0.31217700 -0.42438087 -0.11315721
v 0.31018838 -0.31941950 -0.11890040
v 0.23876688 0.05380549 0.38726810
v 0.21046038 0.33351338 -0.23395818
v -0.24621511 0.22504602 0.29882663
v 0.08174939 -0.13382003 0.43759194
v 0.04794940 0.63620114 0.10600457
v 0.28579292 0.02116384 -0.31535774
v 0.22286801 -0.38007665 -0.21211563
v 0.24200460 -0.34152257 -0.24191792
v 0.10294200 -0.48039499 -0.16155493
v -0.21214613 -0.50057232 0.19125913
v -0.29129803 -0.39593792 -0.19458601
v -0.35255626 0.19593853 0.23486941
v -0.22006887 0.28284410 -0.46781933
v -0.18713824 -0.43550518 -0.38738781
v -0.04407090 0.04398328 0.44759861
v -0.42726800 0.12556589 -0.02637768
v 0.19418715 -0.54091954 0.17759869
v -0.07447083 -0.30705196 -0.31090224
v -0.38385966 -0.17687148 0.27652553
v 0.24902494 -0.13373029 0.37320632
v 0.18141733 0.21554439 0.37082690
v -0.22669455 -0.56417733 0.21332245
v 0.17129643 0.19531825 -0.33966276
v 0.43920612 0.06561101 -0.08594219
v 0.19024172 0.18209240 -0.34265593
v -0.18782483 0.23066436 -0.31079972
v 0.01283020 0.18038364 -0.39179561
v 0.05993184 -0.13602190 0.44116232
v 0.13912146 -0.49536395 -0.10979892
v 0.02495980 0.15562764 -0.41611865
v 0.12889592 0.25465590 -0.39666712
v -0.22701985 0.29341090 -0.28463253
v 0.14717458 -0.56690615 0.20082201
v -0.23884720 -0.50368005 0.11781470
v 0.30707324 0.25903916 -0.17362502
v 0.19265796 -0.54806471 0.12850320
v 0.07512056 0.22575408 -0.29749331
v 0.41957071 0.06991007 0.19005910
v -0.27324700 -0.33924222 -0.31107390
v 0.31167197 -0.23395291 -0.25772327
v 0.20337026 -0.58841038 0.16511016
v 0.30323091 -0.32742807 -0.09752575
v 0.15821847 -0.44209018 -0.23477629
v -0.21185666 0.33416113 -0.31513029
v 0.45558634 0.03445512 0.09950246
v 0.05639994 0.72569561 0.09336936
v 0.35869640 -0.14124085 0.25430435
v -0.26672763 -0.40671906 -0.34426698
v 0.36660624 -0.11072211 -0.25956091
v -0.39526549 0.19754228 -0.07511661
v -0.13899705 0.35139644 -0.43444881
v -0.40020746 0.20394628 -0.00863504
v 0.06593633 -0.21602982 -0.39972457
v -0.15800926 -0.61837959 0.15008739
v 0.43933064 0.12371729 0.12476949
v -0.14640941 -0.41440529 -0.29207322
v -0.33214352 0.30365357 -0.03974491
v 0.13249502 0.58753866 0.06668127
v 0.12603918 0.67061275 0.08766252
v 0.43555331 0.08497830 0.15548909
v -0.02800584 0.53766835 0.04199863
v -0.15049468 -0.43284604 -0.28391138
v 0.19367291 -0.13387375 0.40359876
v 0.37570250 -0.10776261 0.28510851
v 0.24402463 0.30357397 -0.35927483
v 0.13963832 0.30877057 -0.41105124
v -0.04484878 0.20745766 -0.32031327
v 0.17207593 -0.48385930 0.15976669
v 0.43853033 -0.11160644 0.15688574
v 0.40968573 -0.22310533 -0.06310588
v -0.36293441 0.20336004 -0.14543410
v -0.42169595 -0.10119814 -0.04626236
v 0.26059702 -0.27083978 0.35476136
v -0.36373273 -0.30312601 -0.05233160
v 0.13674141 0.30510870 -0.37646794
v 0.21115173 0.20937671 -0.42566693
v 0.04543043 -0.38480711 -0.30259740
v -0.37468061 -0.07411059 0.29040799
v 0.15713547 0.19709460 -0.33892792
v 0.36376628 0.03220784 0.25182304
v 0.17474581 0.04710069 0.41575879
v -0.22221002 -0.60350049 0.16390876
v 0.43730924 0.11419812 -0.10003609
v -0.31444329 0.23619330 -0.08007556
v 0.31400305 -0.27973208 0.28969884
v 0.14581388 -0.49965307 0.18503384
v -0.00765079 -0.25382170 -0.40221179
v 0.23490205 0.19846341 -0.28212580
v -0.15255770 0.23578534 0.36026260
v 0.40152520 0.03031685 0.17720726
v -0.23546003 -0.42584801 -0.31729478
v -0.19380568 -0.12776396 0.41203487
v -0.41098541 0.19394802 0.05916486
v -0.19772942 -0.61451060 0.15801659
v -0.45882061 -0.20168762 0.05166880
v -0.08906859 -0.22916611 0.45937148
v 0.46638608 -0.08059006 -0.05629828
v 0.00680600 0.05787275 -0.41406864
v 0.45147255 -0.00761278 -0.04617616
v 0.07971453 -0.34090349 -0.36023360
v 0.02589676 0.52290988 -0.04515239
v -0.13512872 -0.35151416 -0.29265633
v 0.24093287 0.30968085 -0.43277240
v 0.38971081 0.22942716 0.09912133
v -0.00459731 0.60772890 0.06735264
v 0.16094270 -0.47888997 0.19400840
v -0.13696395 0.34448355 -0.46344137
v 0.18823226 -0.47868159 0.14903478
v 0.06047269 0.51921749 -0.05224427
v 0.32465914 -0.43822414 0.08190306
v 0.11551531 0.60596901 0.09001268
v 0.14674251 0.34084067 -0.28454390
v -0.34111100 0.32240096 0.07133470
v -0.28112814 0.04826102 0.36235562
v 0.22297567 -0.27164781 0.38161552
v -0.41375291 -0.09360135 0.14908446
v 0.08962604 -0.32286572 -0.39116371
v 0.13018453 -0.14688140 -0.37212133
v 0.00894260 -0.07564436 0.48765007
v -0.03681381 -0.63841093 -0.17451897
v 0.18036354 -0.51675087 0.10700522
v -0.11697463 0.25199324 -0.45166898
v 0.26736769 -0.32132852 -0.16481760
v 0.09166686 0.21208648 -0.30347979
v 0.24216931 0.22809149 -0.25177860
v 0.35597217 0.03669072 -0.23821519
v 0.23168100 -0.38374218 0.32192224
v 0.01689847 -0.40023956 0.41509548
v 0.18905039 -0.32612467 -0.30576977
v 0.44964677 -0.02466789 -0.08048598
v -0.41969392 0.10172873 0.07699309
v 0.34078687 0.25798303 -0.12386172
v -0.37398589 0.14306159 -0.19912560
v 0.00666764 -0.44777781 -0.27125752
v 0.01178109 -0.42598137 -0.29346949
v -0.18741503 0.26770055 -0.48790127
v 0.13453576 0.22259362 0.38817149
v 0.30208915 -0.31338036 0.23459370
v 0.10777048 -0.31111065 -0.38532948
v 0.04372200 0.50369668 0.17921758
v 0.18183370 -0.53046483 0.11195419
v 0.33015415 -0.36317590 -0.04121859
v 0.28426442 0.30259910 0.30020398
v 0.03860290 -0.48712325 0.28685638
v -0.37190324 0.08448306 0.22105668
v 0.24304606 0.18750691 -0.29671997
v 0.15604244 0.32279357 -0.32123122
v 0.09228527 0.27080074 -0.30930468
v 0.37592113 0.00591764 0.24220720
v -0.09843304 -0.28848255 0.41806620
v -0.41703239 0.06378391 0.11829505
v 0.13330548 -0.44471201 -0.28197342
v 0.27533710 0.04381599 0.35685351
v -0.24545048 -0.21885853 0.40156385
v 0.40129149 -0.14656721 0.16046214
v -0.30757466 -0.14875460 -0.29188818
v -0.37201503 -0.08714396 -0.22518736
v -0.26627094 0.21581686 0.29709125
v -0.16040081 -0.00363053 0.46250319
v 0.09854387 -0.02473425 -0.43915832
v 0.38842884 -0.19471385 -0.09842249
v 0.05812752 0.21000399 -0.30939054
v 0.22149378 -0.13899010 0.38655394
v -0.21012585 0.31831980 -0.47563162
v 0.04480690 -0.42167521 -0.29989395
v -0.31709325 0.36443806 0.08845307
v 0.11896931 0.73661870 0.00875801
v 0.04992216 0.16148153 0.45521235
v -0.07042412 0.04815350 -0.40353912
v 0.28167766 0.20765463 -0.18472506
v -0.15029883 -0.56599462 0.20688227
v -0.35644463 -0.11536303 -0.22155042
v -0.41207585 0.19484457 0.02930461
v -0.00659427 0.62858003 0.02037939
v 0.33914521 -0.33312160 -0.03200632
v -0.38650724 0.01895442 0.27797687
v -0.08945713 -0.07529271 -0.44010454
v -0.30647802 0.22376606 -0.13338996
v 0.43907136 0.05158127 0.11413255
v 0.10526184 -0.65106899 0.10324898
v 0.37143031 -0.15714976 -0.16215108
v -0.02536982 0.52964622 0.07660468
v -0.26832524 -0.40459135 -0.22747672
v 0.16554984 -0.24275382 -0.36146072
v -0.29963979 -0.36607289 0.29988927
v 0.30353245 0.16896226 -0.26439741
v 0.11611988 -0.54975265 0.21954402
v -0.44736198 -0.04731731 -0.10917030
v 0.39776146 -0.29181096 0.08432717
v -0.06550305 0.15114443 -0.41345188
v -0.03840217 -0.03627641 0.49460518
v -0.27624708 -0.21477795 0.38247913
v 0.08716968 0.57077760 -0.03651349
v 0.03000851 -0.13482876 0.44419724
v 0.44696155 -0.08364247 -0.13046779
v 0.01242077 0.72956288 0.02918549
v -0.19882472 -0.60474950 0.11783882
v -0.08042001 -0.02305516 -0.44422597
v 0.26612362 -0.15392819 -0.28917840
v 0.01940233 -0.21856537 -0.40874511
v -0.39204812 -0.06425458 -0.22217539
v 0.24476789 -0.37049890 -0.18548070
v 0.12510978 0.20603822 -0.31871009
v -0.14926924 -0.34360921 -0.37429678
v 0.19217646 -0.50034708 0.01482728
v 0.42037827 -0.07633738 0.23166235
v 0.25476894 -0.02862038 0.41117099
v 0.24311654 0.23018286 -0.37433431
v -0.14614531 0.24436848 -0.47480053
v -0.40318081 -0.09263377 0.18185493
v 0.29204869 -0.30568698 -0.20985238
v 0.04149263 -0.16401009 -0.38953412
v -0.25594828 -0.30187589 -0.22834884
v -0.42605427 -0.24075840 -0.08963029
v 0.15938175 0.32406911 -0.36768562
v 0.43927163 -0.03457429 -0.13316183
v 0.26921505 -0.32140699 0.26822793
v -0.20919135 0.20549905 0.35789627
v 0.43261385 -0.09890366 0.19328536
v -0.27751842 -0.35137123 -0.27338287
v 0.08151963 -0.33307841 0.40474191
v 0.07390019 -0.19891654 0.46321595
v -0.23373301 -0.20674381 -0.35537747
v 0.22514412 0.31383991 -0.47062832
v -0.23799551 -0.47979537 0.15000910
v 0.02943162 0.58981746 -0.03346561
v 0.40643501 -0.15571639 -0.07302073
v -0.25614336 -0.47828412 -0.04563994
v -0.16946566 -0.63267106 0.11671592
v -0.22559297 0.31330231 -0.41000223
v -0.43336272 -0.09454224 0.02928395
v -0.27931207 -0.24180263 -0.31299257
v -0.41789743 0.07376349 0.05809341
v 0.21307901 -0.57766396 0.16348816
v 0.30905226 -0.11662451 0.34653270
v 0.05550581 -0.05193907 -0.44966164
v 0.00770157 -0.01732170 -0.44766954
v 0.34667540 -0.32020238 0.11768576
v -0.39760017 0.17151535 0.17173725
v -0.35421494 0.10074395 -0.22765993
v -0.16640055 -0.31005314 0.38927889
v -0.38145670 0.05124723 -0.18345605
v -0.21021186 -0.13207550 -0.36457422
v 0.08008798 0.18628491 -0.37038603
v -0.34728816 -0.21397778 0.31712040
v 0.29073849 -0.04356315 0.38931355
v 0.11608581 0.55111802 -0.01327354
v 0.07206786 -0.30345958 0.40285906
v 0.18430683 -0.08029910 0.45128337
v -0.26467386 -0.50149995 0.09160064
v 0.38091117 -0.16846713 -0.11263080
v -0.24585252 0.22933380 -0.20128505
v -0.41715068 0.07461886 -0.00013469
v -0.39933464 0.06312518 0.17919166
v 0.17904499 0.20723678 -0.41344655
v 0.25078815 -0.32707539 0.29019630
v -0.45922193 -0.20010157 0.00117051
v -0.14426906 0.23200506 -0.37410158
v 0.13021235 0.52781457 0.07336807
v 0.07494601 -0.36457962 -0.41496167
v 0.41751230 0.01384761 -0.06569707
v -0.25203541 0.29711184 -0.19310080
v 0.15535863 -0.39817497 -0.49402809
v 0.21727702 -0.30579948 0.33239216
v -0.26668483 0.19153015 0.34197792
v 0.21276452 0.16619171 0.39678359
v -0.24084620 -0.42538837 -0.36923289
v -0.34209007 0.22401142 0.15832941
v 0.34071597 -0.39635733 0.08349225
v 0.34152442 -0.37603995 0.01243169
v 0.30461293 -0.08418315 0.37559086
v 0.08724547 -0.41555718 -0.41786054
v -0.43830961 -0.21775913 0.14458191
v -0.18538436 0.28806964 0.35724723
v 0.36531639 0.14675541 -0.22573958
v 0.37152463 0.01405648 -0.19338112
v -0.32944834 -0.30449170 -0.11517870
v 0.08806837 -0.14539078 -0.38547570
v -0.12846707 0.20773022 -0.31965646
v 0.30221435 0.21113473 -0.16227397
v -0.18431549 -0.39241984 0.38006005
v -0.35867029 -0.42167604 0.02313452
v -0.03757430 -0.13356902 0.44639075
v 0.04249922 -0.49008811 -0.18012953
v 0.19155359 -0.47997394 0.12788050
v 0.19589484 -0.31290519 -0.29248399
v -0.08571912 0.20889264 -0.31343028
v -0.17146237 0.35522285 -0.34434846
v -0.40535417 0.17546040 -0.09693006
v 0.38798112 -0.17602579 -0.07600474
v 0.03336923 0.72303867 0.08328074
v 0.16996449 -0.51601422 0.16047843
v 0.08149458 0.28321677 0.41508025
v -0.25738299 -0.30623201 -0.24723400
v 0.25490630 0.25772831 -0.41365927
v 0.03000275 0.21885929 0.40286565
v -0.01573993 0.14078169 0.46552014
v 0.25813481 0.11903358 -0.35083550
v -0.11391912 0.15709080 -0.39958426
v 0.13292737 -0.30860373 -0.38737011
v 0.25029141 -0.03435466 -0.37695494
v -0.25405160 -0.52353054 -0.03314826
v -0.31731585 -0.18933344 0.35290855
v -0.22540270 0.26793885 -0.22717696
v 0.12909190 0.27810368 -0.45588627
v -0.14706622 0.23302579 -0.44356096
v 0.45358336 0.06331807 -0.03631097
v 0.17970648 -0.49478450 -0.04569637
v -0.39991772 -0.11678880 -0.13489869
v 0.31839019 -0.40992257 -0.06128685
v -0.28019536 -0.37089965 -0.41209736
v -0.24210958 -0.31164712 -0.44118372
v 0.12312789 0.55192757 0.07553287
v -0.11078275 0.32252726 -0.45467302
v -0.17543995 -0.48970994 0.22867668
v -0.13551551 0.04554896 0.43406063
v -0.07661813 0.28720874 -0.30299187
v 0.30249932 -0.08013305 -0.34136561
v -0.01174106 -0.16576664 -0.39678389
v -0.17827289 -0.43864819 -0.27192363
v 0.41027948 -0.03724217 0.24038486
v 0.13165884 0.16348600 -0.38734895
v 0.23882380 0.22582279 -0.40411267
v -0.41026059 0.06609724 -0.09381270
v -0.15984830 0.13144766 -0.39230573
v 0.17287791 -0.02266707 -0.41388142
v 0.00247573 0.21801850 -0.30493903
v -0.23172870 0.30020928 -0.22340767
v 0.12896721 -0.43886188 -0.32053205
v -0.12521389 0.35805687 -0.28261882
v 0.08230001 0.04326665 -0.40265369
v 0.06488074 -0.37188503 -0.30699584
v 0.21347994 -0.32614264 0.32775858
v -0.34155688 0.25372598 0.12474082
v -0.29910025 -0.35095599 -0.19637808
v -0.17914651 -0.41495821 -0.46358350
v -0.33959302 -0.41784003 -0.07138469
v -0.35213965 -0.28863317 -0.08322581
v -0.11226363 0.04436573 -0.39706445
v 0.41202551 -0.27219799 0.05904911
v 0.18522505 -0.52758044 0.04311016
v -0.10443696 -0.35874674 -0.29575726
v 0.36504340 -0.26971093 -0.16631266
v -0.30598515 0.32062796 0.21142714
v 0.15573914 -0.37733358 0.37895522
v 0.29602695 -0.17171104 -0.25230241
v -0.14807525 0.26832047 -0.48959512
v -0.20898809 0.25519463 -0.46535319
v 0.10974468 -0.38276777 0.39911211
v -0.41414696 -0.04453627 0.24353628
v 0.25182220 -0.23173155 -0.31232396
v -0.26776680 -0.28933802 -0.24716970
v -0.13525571 -0.03523979 0.47572610
v -0.45411149 0.02277098 0.11149744
v 0.11741577 0.51470965 0.11875656
v 0.44821006 0.12908199 0.00636109
v 0.03675184 -0.09937093 -0.43697613
v -0.40381491 -0.10182431 -0.11838955
v -0.26687577 -0.32992303 -0.40406376
v 0.05879562 0.74793249 0.05631558
v 0.16294348 -0.49613374 0.16100210
v -0.17242368 -0.00947167 -0.41485760
v -0.33716929 -0.00965058 -0.30773592
v 0.11092674 0.20491889 0.40227869
v 0.08268301 0.09827102 0.46285605
v 0.46997896 -0.08406594 0.05967831
v -0.30948022 0.04976214 0.33900967
v -0.19649093 -0.31161085 0.37512776
v -0.11848340 0.24696851 -0.32751420
v -0.24990617 0.25406533 0.29650122
v 0.12432035 0.48126185 -0.11480027
v -0.16990858 0.34305832 0.34909490
v -0.45610529 -0.15784831 -0.00036235
v -0.17583422 -0.31256697 -0.40522236
v 0.06653093 0.15930979 -0.40878180
v -0.29968962 -0.28400403 -0.18102942
v -0.25632700 -0.17849356 0.39847118
v -0.28962922 0.37269992 0.16323930
v 0.33546031 0.09933467 -0.28873849
v -0.35144094 -0.28227118 -0.10337524
v -0.20194940 0.23684788 0.33149913
v -0.15179116 -0.37159765 -0.44564697
v -0.15623337 0.16785532 -0.37739092
v -0.27961752 -0.36618936 -0.34156984
v -0.35960895 -0.28468296 -0.07154837
v -0.37008777 0.06369014 0.24040361
v -0.39914769 -0.26980689 -0.00106536
v 0.20428626 0.04474813 0.40089074
v 0.16177911 -0.13843556 0.41385576
v 0.10828030 0.15048383 -0.40596899
v -0.17852555 0.22392291 0.34258997
v 0.03727075 0.27777526 0.41899222
v 0.41891211 -0.23268536 0.10164833
v 0.30878988 -0.34024408 0.21171431
v 0.13490318 0.70105273 0.07659942
v 0.17501710 0.34253964 -0.28223187
v 0.13598834 0.03521197 -0.38779125
v 0.02910381 0.63589120 -0.03015877
v 0.04680157 0.67022771 -0.03699920
v -0.07362465 -0.32124615 -0.29358134
v -0.35058591 0.05393171 -0.24989974
v 0.19531670 0.01967291 -0.37335902
v -0.24018203 -0.40975559 -0.47978729
v 0.23024510 -0.31051791 -0.26888210
v 0.33295542 0.34682187 -0.03374651
v 0.12583050 -0.63716829 0.08591019
v -0.42951852 -0.11661224 -0.01602932
v 0.08240701 -0.54016793 0.23482707
v 0.35504174 -0.23460108 -0.19853443
v -0.08951136 -0.41193378 0.40256953
v 0.36761701 -0.08109275 0.31274223
v -0.32340264 -0.26466540 -0.23278971
v 0.25238219 0.25349185 -0.45019221
v -0.30284017 0.25127098 -0.10514995
v -0.05930286 -0.30289346 0.41481173
v -0.24427837 0.02886581 -0.35513204
v 0.37236884 -0.29059604 0.17405972
v -0.21408571 0.05000495 -0.36077446
v -0.03338020 -0.34546760 -0.30041060
v 0.40290633 0.15401515 -0.13361228
v -0.46886158 -0.04219116 0.03643419
v 0.29876825 -0.12380432 -0.31553888
v 0.43849808 0.14117639 -0.02457784
v -0.07789268 0.18400341 -0.38234457
v 0.17518179 -0.55179399 0.11366971
v 0.44697621 -0.02858244 0.12723133
v 0.43545079 -0.19429003 -0.02808187
v -0.26863244 -0.28573880 -0.26428521
v 0.00682328 -0.03511130 0.49476337
v -0.38822573 -0.11507266 0.20976973
v -0.35338753 0.22618651 -0.00057260
v 0.14833318 -0.54501647 0.20730878
v 0.32723600 0.16696288 -0.23140587
v -0.02647858 -0.42983490 0.39707661
v -0.21683639 -0.24016622 -0.35677791
v 0.36641982 0.27964199 0.17362791
v -0.03635432 -0.07538155 0.48495114
v 0.22107132 0.32204375 -0.33766636
v -0.06074378 0.03164623 -0.41233188
v 0.40233642 0.16924463 -0.03078759
v -0.33924931 -0.24134795 -0.25400087
v -0.12395909 -0.50881535 -0.16670440
v 0.35499704 -0.24756932 0.25925988
v 0.40717295 -0.16533561 -0.05092626
v 0.19540398 -0.16053434 0.40443379
v 0.28933856 0.26829413 0.30385569
v 0.19568808 -0.40804985 -0.30995190
v 0.27152580 0.21987709 0.30754739
v 0.35902700 0.01703854 -0.22468930
v 0.25557178 -0.31681660 -0.19519816
v -0.18408163 0.35003754 -0.25710654
v 0.21344580 -0.30830154 -0.28104261
v 0.07383609 -0.44057357 -0.29169521
v -0.19615826 -0.50229865 0.20582400
v 0.18661493 0.02730191 0.41453621
v -0.10332517 0.31554279 -0.34391639
v 0.08480399 -0.34610969 -0.45060754
v 0.18135113 0.12761213 -0.39151189
v -0.45178542 0.03656759 0.06018579
v -0.31576082 -0.35159919 -0.16651462
v -0.26305342 -0.36968693 0.33612847
v 0.14183854 -0.44081357 -0.43474117
v 0.34263104 -0.18060678 -0.18366277
v -0.36000204 -0.13394205 -0.23712426
v 0.21375369 0.14051244 -0.37103942
v -0.19848059 0.23905897 -0.33634374
v -0.27211657 0.15937838 0.35992903
v 0.39425862 0.19680350 0.10338376
v -0.14837652 0.04467929 -0.38752148
v 0.00233073 -0.32925540 -0.30100566
v -0.20927244 -0.42430335 -0.46844432
v 0.16378807 -0.42946517 -0.46921590
v 0.08341121 -0.65714318 0.13840376
v 0.03038533 0.10985284 -0.42763019
v 0.32663244 -0.42445242 0.12625951
v -0.17350900 -0.66409844 0.03858984
v -0.29801586 -0.42428514 0.24648854
v -0.12936583 0.34568691 -0.39680347
v -0.04507186 0.21899831 0.39849755
v -0.36542708 -0.38725036 -0.05146910
v 0.20473152 -0.43738860 -0.20257838
v 0.31178033 -0.41395789 0.19279702
v -0.27558166 0.35975438 0.22431716
v 0.16358231 -0.56825042 0.09361251
v -0.21346015 0.31207368 0.33330524
v 0.12283757 -0.43905756 -0.36372009
v 0.18000749 0.35035393 -0.23465773
v -0.32149690 -0.30607334 0.26675689
v -0.07293867 0.13777870 0.45931736
v 0.34434912 -0.27069107 -0.20137881
v -0.21825641 -0.43483487 -0.41848600
v 0.39245340 -0.23375824 -0.11865881
v -0.06628066 -0.39153382 -0.29798219
v 0.16993900 -0.28922310 -0.32994360
v 0.03071228 0.59174520 0.10444210
v -0.23725691 -0.05036327 0.42884913
v -0.35085359 -0.41343844 0.16150621
v -0.18535657 -0.56869817 -0.10808284
v 0.14248931 -0.16868924 -0.36007121
v -0.32618913 0.18834865 0.28637049
v 0.32882267 0.36037326 0.10237321
v 0.25726366 0.01742207 -0.33922625
v -0.39650548 -0.19369178 -0.19754928
v -0.16181687 0.40298861 0.26518804
v -0.35833487 -0.42207304 0.06817625
v 0.36641374 0.21894567 0.15681505
v 0.12764058 -0.55396926 -0.11775683
v -0.24086425 -0.58396745 0.17104925
v 0.03572247 0.40361086 -0.23383316
v -0.31745848 0.30667523 -0.08067118
v -0.13103209 0.23819053 -0.40964699
v 0.07239056 0.03918606 0.44467545
v -0.42663080 -0.25001118 0.11354341
v -0.43924659 -0.15972471 -0.09759232
v -0.21017456 0.33806029 -0.34324121
v 0.40205997 -0.12376442 -0.19272819
v 0.35536358 0.09507384 0.30543986
v -0.01262098 0.10045763 0.46683547
v -0.03720164 -0.07413398 -0.44769976
v -0.23698461 -0.15223277 -0.34182394
v -0.01092090 0.59201026 0.01844398
v -0.22099057 -0.36790723 0.36791635
v -0.42863861 0.02030949 0.20056790
v 0.37539667 -0.14259608 0.22517294
v -0.04612456 0.31649989 0.40886319
v -0.13178940 -0.39162707 0.40301597
v 0.45141831 0.11859234 0.04638235
v 0.39799300 0.17351101 0.06539848
v -0.17165598 0.35627165 -0.40761405
v 0.26854089 -0.30762383 0.28522205
v 0.02682960 0.54426789 0.10822234
v 0.10557848 0.73041523 -0.01867041
v 0.15028101 0.68043149 0.03432205
v 0.29990190 0.03364284 -0.29746002
v 0.26883176 0.04012462 -0.32555100
v 0.46433926 0.00059435 0.04778270
v 0.11774690 -0.38884699 -0.49471495
v 0.00047496 0.58186603 0.08311644
v -0.43198788 0.02158447 -0.13927302
v -0.28314254 -0.47071022 -0.02408987
v 0.21045202 -0.42731985 0.31951997
v 0.07499372 0.73711044 -0.01901714
v -0.16074380 -0.35952938 0.40044832
v -0.13768525 -0.36601609 -0.29611868
v -0.23338874 0.34129775 -0.19444035
v 0.07333010 -0.70935798 0.03552623
v -0.40239701 -0.10840891 0.16481601
v 0.17448100 -0.48569781 -0.07328562
v 0.20124912 -0.34383172 -0.30120814
v -0.38560861 -0.37985727 0.05777135
v 0.19542995 -0.37216416 0.35293746
v 0.01894991 -0.73606455 -0.06181204
v -0.28979847 0.04759056 -0.31181198
v -0.16066873 0.21616752 0.36214164
v 0.24316785 0.30628037 -0.40498784
v 0.04441298 -0.30424589 0.40773451
v -0.14076827 0.32023746 0.37645763
v -0.36867961 -0.01372045 -0.27283406
v 0.03201297 0.73936969 0.05836783
v 0.31686935 0.13564721 -0.29689398
v -0.08771860 -0.36602116 0.42051947
v -0.38993534 0.20128249 0.12845543
v 0.40179741 -0.15650457 0.13494226
v -0.09795797 0.50395745 -0.01718286
v -0.19223458 0.20475347 -0.30608141
v 0.38757980 0.19649279 0.13315728
v -0.20077854 0.07718248 0.41182974
v 0.40492192 0.12860253 0.21863142
v 0.18277043 0.09774977 0.43464914
v 0.13264167 -0.48231179 -0.13475548
v 0.04427074 0.03851033 -0.40733564
v -0.32828555 0.22733511 0.18155025
v -0.14714554 -0.59841943 -0.13930386
v 0.09011453 0.05499706 0.44385827
v -0.46265656 -0.01910941 0.11945502
v 0.40640211 -0.19422066 -0.04970123
v -0.45268744 -0.16745856 -0.05182375
v -0.13328603 -0.30092314 0.40120840
v 0.19954334 -0.06763032 -0.40800622
v 0.16893013 -0.46659791 -0.18626919
v 0.21361768 -0.56066531 0.15289940
v 0.13776684 0.66506046 -0.00377457
v -0.22455338 0.15205474 -0.35266468
v -0.39056432 -0.09633993 -0.16746020
v -0.16456401 0.32870603 -0.48633403
v 0.37966579 -0.16197878 -0.13078302
v -0.19064581 0.36384130 0.31485894
v -0.08167177 0.11296506 -0.41868231
v 0.42405507 -0.22521828 -0.03109808
v -0.12212409 -0.69565243 -0.09083417
v -0.12507010 0.11117866 -0.40574440
v 0.01846587 -0.14600860 -0.39730155
v -0.19886583 0.18042924 0.39941934
v -0.43058857 -0.24514806 -0.05776555
v -0.46658906 0.00763913 0.06914645
v 0.33056873 -0.13346161 0.30895317
v -0.41438851 -0.24523227 -0.11768241
v 0.25687113 -0.05981519 0.41485754
v 0.16300610 -0.21232174 -0.36504427
v -0.00163347 -0.49111891 -0.18878596
v -0.21067773 0.04101615 0.40825716
v 0.21135618 0.12643476 0.42023623
v 0.31724587 0.18060809 -0.18252955
v -0.38173342 0.01452640 -0.23966046
v 0.21798316 -0.46037245 0.26771370
v -0.15151988 -0.47340161 0.26150611
v 0.25642169 0.25280815 -0.24010968
v -0.25490949 -0.30697730 -0.26363209
v 0.34303933 0.18403606 0.25920534
v -0.34355605 0.25255418 -0.01473385
v 0.10773421 -0.44611245 -0.28429079
v 0.04099879 0.74742919 0.02307077
v -0.17289856 -0.50739783 -0.13077809
v 0.26946506 0.17522137 -0.29159409
v -0.21495576 -0.48306826 -0.08788796
v -0.00119012 0.52757108 0.10471400
v 0.35085285 -0.16620760 -0.17818435
v 0.03666604 -0.53354156 -0.18178199
v 0.20602360 0.33021054 -0.42733872
v 0.14615177 0.45184731 0.22969513
v -0.11110802 0.25503722 -0.37445083
v -0.26750952 -0.40964249 -0.41821131
v -0.39817706 -0.02294513 -0.23249960
v 0.14367688 -0.09150736 0.45996979
v -0.20020258 -0.01282230 0.45008028
v 0.41699031 0.15032358 -0.09791745
v 0.01740977 0.72535497 0.00095376
v -0.40758270 0.17439692 0.13517080
v 0.21252505 -0.47812489 0.10954373
v -0.28948259 0.24229118 -0.12882963
v -0.21933851 0.21590330 -0.25237891
v 0.06269521 -0.29836494 -0.34595308
v 0.33673424 -0.19928868 0.29280469
v -0.09805903 0.28379768 -0.34969825
v -0.39045113 0.14378302 -0.16652155
v 0.05259824 -0.50762707 0.25996482
v -0.13537836 -0.38049316 -0.29287884
v 0.43106294 -0.12373629 -0.12835914
v 0.19558980 0.39079490 0.27141714
v -0.37725380 0.17709127 0.21342804
v -0.33445311 0.05003685 0.31452811
v -0.28671464 -0.46319339 0.07437428
v 0.33848181 -0.34523860 0.13350894
v -0.12249792 -0.15528327 -0.38528010
v -0.22604254 -0.43220663 -0.21798788
v -0.40514836 -0.08939254 -0.14679146
v 0.45718452 -0.00046758 0.09940275
v -0.16715454 -0.30466405 -0.35054383
v -0.26813006 -0.40252012 -0.45648193
v 0.29551196 -0.46553844 0.08198286
v -0.29785764 0.00302478 0.38408574
v 0.20383844 -0.36715916 -0.35933527
v 0.40198562 0.00450466 -0.14777397
v 0.38701385 -0.08342958 -0.24822851
v -0.23478201 0.22624756 -0.21562116
v 0.17767267 -0.60135239 0.16920523
v 0.14365391 0.52190602 0.02948531
v -0.06266677 0.35989904 0.37726057
v 0.26504755 -0.39475331 0.28281403
v -0.19320346 -0.43721586 -0.32936323
v 0.10000616 0.53418243 -0.02817913
v -0.15043756 -0.50350010 -0.14949183
v 0.01267727 -0.72699606 0.06032414
v 0.13102254 -0.29934943 0.38864732
v 0.25277680 0.02110259 0.37769350
v -0.14462675 -0.43535215 -0.26488644
v 0.27682143 0.13886257 0.37362868
v 0.27360448 -0.08913903 0.39775610
v -0.24022688 -0.30896568 -0.39904684
v 0.21330190 -0.55861026 0.17162763
v 0.37501621 0.30186141 0.00041454
v 0.01554934 0.66939741 -0.01603946
v 0.11359198 -0.15211102 0.43437546
v -0.02229152 -0.47176602 -0.21113810
v 0.00812065 0.00347261 0.48260474
v -0.37512448 0.19938068 0.17934693
v -0.17260501 0.46755430 -0.01127340
v -0.26606396 -0.46601284 0.12476338
v 0.43170354 -0.04182969 0.19868533
v 0.14879629 0.03285868 0.42847142
v 0.06672050 -0.38452983 0.41257015
v -0.33519134 -0.00656943 0.35475329
v 0.19214873 0.32818130 -0.46200708
v 0.22505897 0.31480584 0.34678391
v 0.06885137 -0.61921042 0.18335721
v 0.13102780 0.63602489 0.07708663
v 0.10890842 0.16082437 0.44503716
v -0.07056212 0.10254052 0.46002170
v 0.34884164 -0.05757897 0.33603275
v 0.33433571 -0.23400788 -0.22944845
v 0.09597375 -0.08764899 0.47407761
v 0.32083344 -0.30180418 -0.18681736
v -0.24689384 0.12538917 -0.34364340
v 0.19173074 -0.33637753 -0.39963561
v -0.36791572 -0.13235159 0.27101687
v -0.03756721 0.18415956 -0.38668001
v 0.10567687 0.51282674 -0.04559207
v 0.22071594 0.47351512 0.03232218
v 0.10005368 -0.42650512 -0.44868997
v 0.33251148 -0.32139444 -0.05448276
v -0.40436080 -0.16533354 0.24141748
v 0.08483320 0.69392091 0.10498873
v 0.13919415 0.20049021 -0.33480459
v 0.34905916 0.02753100 0.27059108
v -0.46528807 -0.03994640 -0.03632180
v -0.25129133 0.35860449 -0.14513840
v 0.28583196 -0.16237906 0.34356967
v 0.28617427 0.18774539 -0.19625692
v -0.30056676 0.00081971 -0.33694357
v 0.21682391 0.27412921 0.36435181
v 0.35745266 0.18186782 -0.09763066
v -0.21229073 0.25170997 -0.35940403
v 0.12993638 0.24898203 -0.44024697
v -0.41652769 -0.11850468 0.14275986
v 0.01110196 0.16788422 0.45423627
v -0.23053519 -0.06360821 -0.38725081
v -0.06828103 -0.49316829 0.28138041
v -0.08896445 -0.65952510 0.15269957
v -0.02193714 0.15605621 -0.41593358
v -0.21824954 -0.18723001 0.42195046
v -0.37288848 -0.39694461 0.11461145
v 0.07386791 -0.38567853 -0.38092259
v 0.36477005 -0.29143241 -0.13612741
v 0.39680105 -0.29409412 -0.00635034
v 0.27989778 -0.38836306 -0.14183992
v -0.18317050 0.23267734 -0.36671332
v -0.23248945 -0.27224609 -0.31933284
v -0.38698438 0.18017368 -0.14178357
v 0.14729753 0.22296277 -0.44219437
v 0.34481212 -0.32154912 0.08918314
v -0.20907834 -0.22734621 0.41803542
v -0.30311295 -0.03516690 -0.34216121
v -0.12546645 -0.67980504 0.09913474
v 0.26442280 -0.11207560 -0.35257304
v -0.43573251 -0.18209560 0.17291228
v -0.22615136 0.28101644 -0.36697376
v 0.33149248 -0.05011618 -0.31624126
v 0.05874772 0.47038966 -0.15744945
v 0.11948031 -0.45860681 -0.23116837
v 0.38091883 0.29948193 0.05525079
v 0.10849003 -0.31477395 0.38935837
v 0.24539614 0.23556705 -0.31851178
v 0.46443474 -0.03174159 -0.03771560
v 0.15198295 0.05748200 0.42984605
v 0.22802652 -0.48379266 -0.00881420
v -0.17241833 0.36749080 -0.21902198
v -0.44015425 -0.24377377 0.06528788
v 0.25283232 0.22208504 0.32545704
v 0.00205029 0.04976050 0.44834071
v -0.21275938 -0.60708165 0.00038693
v 0.13638909 -0.41474047 0.37606698
v -0.13720696 -0.42625529 0.37495288
v 0.37758386 0.03290494 0.22934654
v 0.25555870 -0.33873567 -0.16502786
v -0.30592889 0.34933186 -0.06698373
v -0.14947300 -0.40768942 -0.34514853
v 0.32157534 0.27934808 0.26273373
v -0.27671865 -0.38224435 -0.30269513
v -0.08860878 -0.44387567 -0.25997797
v -0.37353516 -0.07267927 -0.25162265
v -0.24433136 -0.53685009 0.15637933
v -0.37880906 -0.21437159 0.27538437
v 0.16483767 -0.59528911 0.02573272
v -0.19918662 0.34876058 -0.22549529
v 0.12568536 -0.46620402 0.30923569
v -0.24234322 -0.30885300 -0.34998867
v -0.02808374 0.10945811 -0.42648834
v 0.31701720 0.29892254 -0.14768684
v 0.45042089 -0.11992037 0.10910726
v 0.47174188 -0.08351330 -0.00018692
v -0.03622475 -0.56191844 -0.19050610
v 0.21051042 0.04236919 -0.36205173
v -0.33882987 -0.20953566 -0.27393109
v 0.04142690 0.32116857 -0.29837975
v -0.38252613 -0.24514295 -0.19135232
v 0.10173684 0.60764402 -0.03154857
v 0.44503689 -0.14982232 0.09900101
v 0.30071646 -0.36221167 -0.10334820
v -0.08552776 -0.14702582 -0.39457640
v 0.42257178 0.13595928 0.16236298
v 0.07188420 -0.68137890 0.09817628
v -0.17995648 0.04594422 -0.37647030
v 0.23124667 0.09345723 0.40984362
v 0.27256635 -0.06722925 -0.36597493
v 0.03790923 0.04332041 0.44470486
v -0.02895541 0.46553862 -0.16127710
v -0.44830492 -0.04622552 0.15791042
v -0.18424973 -0.21546811 -0.37913895
v -0.28761300 0.22472532 0.25672567
v -0.32995218 0.19589479 -0.21808164
v 0.44770989 -0.05789623 0.16631638
v 0.31925914 0.04380242 0.31881970
v 0.17771439 -0.56109953 0.19171692
v -0.36054176 -0.35677770 -0.08249574
v -0.17105509 -0.43997034 -0.30280852
v -0.12445569 -0.06618140 0.47214779
v -0.18856144 -0.43149975 0.34149221
v -0.19055294 -0.35672516 -0.48987514
v 0.01966881 -0.28028741 -0.38064769
v -0.43162113 -0.11700311 0.04450891
v 0.11769182 0.66608703 -0.02526367
v -0.26495332 -0.41130883 -0.39292118
v -0.35133278 0.05820137 0.28863895
v -0.23123109 -0.46324015 0.21373896
v -0.29791477 -0.03919948 0.38931903
v 0.24909307 0.28952962 -0.45548347
v -0.27822661 0.10699406 0.36248070
v 0.15032569 -0.32773253 -0.48085716
v 0.23671605 -0.43168190 -0.17590080
v -0.41751978 0.07543462 0.02945189
v 0.17572588 -0.30061182 0.36758831
v -0.06952880 0.20559441 -0.32483643
v 0.10795349 -0.28226402 -0.35920846
v -0.17795338 0.24142931 -0.47321466
v -0.04800817 0.49857005 0.16806521
v -0.22422509 -0.31175876 0.35797185
v 0.37041622 -0.21559107 0.24016261
v 0.37639567 -0.01489656 -0.23677187
v 0.24932148 0.22150251 -0.22490202
v 0.45319384 -0.12759021 -0.04239157
v 0.18886404 -0.42050880 -0.23773953
v -0.36101845 0.22265257 0.04401005
v 0.34811056 0.28174636 0.21625906
v 0.06265223 -0.14727813 -0.39033115
v 0.09652577 -0.30643091 -0.35997450
v 0.02789260 -0.59969515 -0.17739782
v 0.33580267 0.04524748 -0.26887494
v 0.39530718 -0.07046495 0.27659893
v 0.38261306 0.19136660 -0.04136144
v 0.27614436 -0.45087302 -0.09828239
v -0.23417844 -0.55454868 -0.03634545
v 0.20813884 -0.47722784 -0.09619997
v -0.41282094 0.01016675 0.24399148
v -0.36925018 -0.02041460 0.31833407
v -0.30572021 0.17698641 0.32128713
v -0.17293622 -0.15465106 -0.37133095
v -0.24099092 -0.01982908 -0.38526392
v 0.36387706 0.28357175 -0.06544076
v 0.19134481 -0.14083177 -0.35659337
v 0.02556799 0.70405257 -0.02166218
v 0.26539496 -0.47087118 0.15549503
v -0.38957381 -0.30248943 -0.00225037
v -0.23966035 -0.53535724 0.13477036
v 0.38977328 -0.26668563 0.16824661
v -0.30268696 0.22477351 0.23552111
v -0.33748269 -0.04565144 0.35044849
v -0.46311155 0.01544590 -0.02329745
v -0.03786303 -0.74922061 -0.02834956
v 0.13796321 0.71027571 -0.00240445
v -0.18162076 0.35178268 -0.30701208
v -0.09626563 0.27720639 -0.31547225
v -0.15239544 -0.47765550 -0.16261773
v -0.40370977 -0.21717788 0.23157001
v -0.23498407 0.18189618 0.37515688
v -0.05248790 0.49320140 -0.09989428
v 0.12171578 0.73416680 0.05999677
v -0.39570057 0.07416264 -0.13632238
v -0.38951537 -0.29912367 0.06532687
v -0.31795096 0.33589333 0.17003104
v 0.32645303 -0.33098805 0.17001642
v 0.10448063 -0.15930869 -0.37163445
v -0.24654262 -0.30687666 -0.29142490
v 0.14673296 0.28617340 -0.48163837
v -0.12993351 0.15599875 0.44017398
v 0.37576741 -0.25543067 0.21529017
v -0.19656558 -0.61460441 0.08531890
v 0.34244403 -0.31603724 0.14931317
v -0.04619135 0.41770092 -0.21430860
v 0.00610858 -0.07331944 -0.44971332
v 0.22673424 -0.22928149 0.39828584
v -0.43725598 -0.02189506 0.20266023
v -0.29504633 -0.44958583 0.01407028
v 0.15480952 -0.05207524 0.46666524
v -0.21563268 0.25477135 -0.39044574
v 0.10582875 -0.41723457 -0.47720391
v 0.33530581 -0.12299657 -0.28164464
v 0.28909147 -0.30978200 0.25939718
v 0.19100852 -0.33689520 -0.43456638
v -0.42040563 0.06667101 -0.05322975
v 0.12573090 -0.09151322 -0.42922682
v -0.35771570 0.05849936 -0.20626885
v -0.26751289 -0.42025572 -0.19590722
v -0.02177092 0.53307891 0.00013257
v -0.19770624 0.42845446 0.17112565
v 0.05334011 -0.09018319 0.47836798
v -0.23996317 -0.42190978 -0.25455841
v -0.12602994 0.21471809 -0.30649769
v -0.24792884 -0.43071416 0.29316378
v 0.32819995 -0.25024191 0.29663110
v 0.02768997 -0.44051084 0.38343695
v 0.36758408 -0.30129987 -0.10086360
v 0.17694774 0.22239798 -0.47977293
v -0.22178376 0.32035387 -0.45037004
v 0.04767767 0.35577250 0.38382983
v 0.16008139 -0.44059750 0.34142447
v 0.23054609 0.37730423 -0.17497490
v 0.23834917 -0.08346491 -0.38443071
v -0.36272231 0.01143627 0.31456494
v -0.43671495 -0.20542295 -0.10885630
v -0.24309215 0.41654858 -0.00386849
v 0.15269239 -0.28808111 -0.34007269
v 0.15675852 0.28910595 0.39380187
v -0.12942533 0.11522146 0.44525072
v -0.36100340 -0.10571220 -0.25594562
v -0.11979157 -0.47745901 -0.18022956
v 0.36538497 -0.04991517 -0.27692240
v 0.44161448 0.13547839 0.08203333
v -0.02801919 0.46804038 0.23588957
v 0.12905687 -0.19599050 0.44612968
v 0.29036349 -0.38861915 0.24753222
v -0.03023646 -0.47723356 0.31776386
v 0.43590617 -0.18296175 0.09637551
v 0.43030322 -0.00165392 0.12066782
v -0.45032835 -0.15533018 0.09451347
v -0.15150459 -0.13229871 -0.38853261
v -0.39478537 -0.28942704 0.11226173
v 0.43611908 0.14608006 0.03663808
v 0.30196956 0.21597031 0.27696955
v -0.17705859 0.46703520 0.06837263
v 0.16080703 -0.31389537 -0.41902670
v 0.29761890 0.09752639 0.36441618
v -0.22562672 0.14379463 0.39815366
v -0.41971269 -0.08916043 -0.10107453
v -0.14636931 -0.20960224 0.44954649
v -0.00944039 0.34587809 0.39709494
v -0.04281941 0.00392926 0.48236302
v -0.29276940 0.13167500 -0.30481023
v -0.32926068 0.25415289 0.16377051
v -0.15292519 0.28032038 0.37594327
v -0.34624398 -0.42650574 0.11278618
v 0.19342388 -0.31224635 0.34287333
v -0.14988449 -0.12225261 0.43259579
v 0.31879702 0.22331923 0.25365457
v -0.11024930 0.00071491 0.47446921
v 0.17794248 0.04107651 -0.37518480
v -0.00872001 0.21985848 0.40154874
v -0.23339753 -0.59898549 0.18764031
v -0.20874022 -0.39612874 -0.48994705
v -0.07258312 0.21616244 0.39507046
v -0.09413878 -0.58349943 -0.17541128
v 0.33936360 0.04441120 0.29719323
v 0.42058083 -0.14315557 0.11875237
v 0.26858798 0.09795013 0.38703823
v -0.45055547 -0.01003639 -0.11352228
v 0.12605809 -0.61515653 -0.09480247
v -0.37387484 0.14267285 0.24140860
v 0.16662984 0.15308669 -0.38437068
v 0.19296098 -0.49895999 0.06918551
v 0.12944959 -0.24314782 -0.37616691
v -0.29133195 -0.45433539 0.10485143
v -0.34389043 0.25092739 0.08233667
v -0.12947026 0.46697566 -0.09526984
v 0.09599697 0.73952031 0.07579178
v -0.03003841 -0.30409974 0.41524550
v 0.23228419 -0.26856238 -0.31155577
v 0.18958017 0.30388483 0.37511164
v 0.28957936 -0.46987811 0.03957024
v 0.27787235 0.42744750 0.07544922
v 0.00074653 0.28324443 -0.31010932
v 0.13803871 0.23518628 -0.39660692
v -0.44319630 -0.23665036 -0.02275922
v 0.41657570 0.00428647 -0.10582643
v 0.32442009 -0.42809007 -0.01523097
v 0.08714826 -0.57879561 -0.15124162
v -0.24551705 -0.46735808 0.17273866
v 0.07367046 -0.38795015 -0.32224733
v 0.26246741 -0.43967640 0.25016624
v 0.20561145 -0.47985232 -0.04835891
v -0.21970697 -0.30062348 -0.33766490
v -0.24986030 -0.56826931 0.20607735
v 0.32798198 0.31932202 0.22272500
v -0.26690623 -0.32900554 -0.34461448
v 0.05240329 -0.25775868 -0.39199647
v -0.25540829 -0.23052414 -0.33716151
v -0.01344459 -0.30283672 -0.32801896
v -0.14984345 -0.32934657 -0.34899753
v 0.31805530 -0.27307743 -0.23421195
v -0.08827063 -0.50471681 -0.18105842
v -0.18457387 -0.05609231 -0.41449621
v -0.38098752 -0.27654326 -0.05552452
v -0.18542784 -0.43778658 -0.23140536
v 0.16904457 -0.10954984 -0.40325841
v -0.07697661 -0.73008084 -0.07880028
v 0.13399124 -0.02442183 -0.42903662
v -0.03972692 -0.22642253 -0.41045144
v 0.11411777 -0.30078363 -0.36520976
v 0.39355916 0.12499917 -0.20238118
v 0.33846372 0.34859291 0.03640250
v -0.42279235 0.05455844 -0.07504880
v -0.20506486 -0.59719467 -0.05419482
v 0.25676170 0.43775746 -0.03556520
v 0.28025791 -0.22286339 -0.28859696
v 0.12759028 0.09533492 -0.41230047
v -0.17155008 0.35577524 -0.37432125
v -0.00010056 -0.69563198 -0.13596766
v -0.10587084 -0.72781110 -0.01950767
v -0.35380557 0.22590549 0.10369901
v 0.08137126 0.13697951 0.46025845
v -0.08438446 -0.13104481 0.44360444
v -0.33044219 -0.36791161 0.25830904
v 0.45007876 0.07697780 0.10484554
v -0.17377317 0.14354275 0.42675024
v 0.29167461 -0.26392442 -0.26785681
v 0.02367789 -0.23564419 0.46387362
v 0.20409197 -0.37357518 -0.44253960
v 0.28441480 0.29459015 -0.19362509
v 0.22516802 -0.23198511 -0.33127931
v 0.06974591 0.56791008 0.10770373
v 0.36669791 0.16134697 -0.18929410
v 0.02498881 0.51005018 -0.07703687
v 0.31405661 0.01985265 0.32872093
v 0.14332578 0.12868302 -0.40505785
v -0.23438895 0.21670197 0.31888404
v -0.10456004 0.04246069 0.44170156
v 0.06025658 0.21663727 0.40200731
v -0.42092612 -0.16324747 0.20609111
v 0.05457515 -0.05206687 0.49104586
v 0.39051983 -0.28234887 -0.08242346
v 0.33071128 -0.16272739 0.29915160
v -0.17909354 -0.05546490 0.45728457
v 0.25570491 0.28634599 0.33503962
v 0.23069589 -0.35577160 -0.26554972
v 0.25467575 0.27245787 -0.30885947
v -0.30914569 -0.22783308 0.34823480
v -0.23332061 -0.00458378 0.42970836
v 0.06041270 0.46081841 0.25046438
v 0.00806438 0.68862432 0.06595926
v 0.34505302 0.02067230 -0.25526682
v -0.22507624 0.23673733 0.31505692
v 0.29776740 0.32589948 0.26316750
v 0.29007021 -0.46667448 -0.01101309
v -0.27599758 0.32086053 0.26111576
v -0.16652589 -0.33900166 -0.46656325
v -0.40761596 0.19191049 0.09311791
v -0.37426376 -0.10177994 0.23025472
v -0.24323779 -0.54351062 0.07569022
v -0.06642380 -0.27825168 -0.38165426
v -0.24933732 -0.28956935 -0.28284651
v -0.06766493 -0.43634430 0.38347137
v -0.28713655 -0.40555435 0.28778946
v -0.32197115 0.04559714 -0.28324500
v 0.16249570 0.02438973 -0.38363454
v -0.46601048 -0.04326067 0.07750138
v 0.23230726 -0.40324849 -0.19761047
v -0.16460811 -0.64635384 -0.08953086
v -0.43407014 -0.05342591 -0.14398825
v 0.15911688 0.50266659 0.09514098
v -0.14846210 0.35485762 -0.30136830
v 0.16248138 -0.58228225 0.11554068
v -0.45637381 -0.04847120 -0.07134777
v -0.19666691 -0.50995517 -0.10542709
v 0.43296638 -0.16301940 -0.04027203
v 0.16401970 -0.36778420 -0.49490634
v 0.22145513 -0.35652414 -0.21248543
v -0.11983990 0.44923645 0.21718670
v 0.08468004 -0.64463133 -0.12739715
v -0.33664411 -0.39374653 -0.11163460
v -0.27854401 -0.20524825 -0.32734710
v -0.28093275 0.19118163 -0.27473593
v -0.30982366 -0.24259177 -0.28583235
v 0.09829506 -0.44896477 0.35659412
v 0.23402466 -0.30336291 0.32353771
v 0.19821452 -0.49646980 0.04455401
v 0.07701679 -0.71267176 -0.03022277
v 0.23799622 -0.46817589 -0.11653518
v 0.25501233 0.25251457 -0.26880327
v 0.09098780 0.33289257 0.39771879
v -0.08304225 0.17286702 0.44384485
v 0.12802224 -0.35846552 -0.49587488
v -0.37854359 -0.33460718 -0.03929078
v 0.40460837 -0.27555642 -0.03945271
v -0.17539148 -0.17781302 0.43909538
v 0.12593177 -0.33114356 0.38692278
v -0.26730025 -0.30238864 0.32569230
v -0.43482628 -0.00949520 -0.15840223
v -0.34728843 -0.30230942 0.22850707
v 0.11226801 0.35727069 -0.25603017
v -0.02210338 -0.65484673 0.17134070
v 0.32085228 0.02689245 -0.27819875
v -0.10966861 -0.48404324 0.27323464
v -0.15021123 -0.31976309 -0.32952368
v 0.41345841 -0.08845405 -0.20517576
v 0.45656005 -0.08155121 0.13268732
v 0.29412612 0.01936329 0.34710476
v 0.40709901 0.00477202 0.17843634
v 0.43035409 0.01207872 -0.04806036
v 0.15328173 0.21873899 -0.39602405
v -0.44565859 0.01809305 0.15787561
v 0.30518746 -0.44098574 0.16455890
v 0.29960403 0.10664092 -0.32184452
v 0.10211847 -0.34483296 -0.48106739
v 0.15262219 -0.61312526 -0.02871209
v -0.25021753 0.24206901 -0.18452352
v -0.07885090 0.28151828 0.40571260
v -0.45807096 0.01003571 -0.06479057
v 0.13851579 0.48620337 0.17193449
v 0.00011444 -0.13479012 0.44603345
v -0.05398895 -0.70582294 0.10450976
v 0.33656156 0.13920049 0.31541261
v -0.12591393 0.34376600 -0.35917142
v -0.08104373 0.41355681 0.28888026
v -0.33685160 0.33062512 0.01611596
v 0.09814921 0.64750844 0.10235291
v -0.24470192 -0.53973705 0.17806961
v 0.03222882 -0.65537435 -0.15511690
v -0.21803315 -0.12658370 0.40104374
v -0.28311712 0.29924417 -0.14666778
v -0.25375140 -0.46293071 -0.08317791
v 0.16060370 -0.55593491 -0.06166187
v -0.03148581 -0.50111288 0.28059825
v -0.33945078 -0.12878196 0.30889288
v 0.00764274 0.03069139 -0.41428959
v -0.02944509 -0.23402524 0.46534821
v -0.08213218 -0.21348196 -0.40775862
v -0.06130097 -0.61225593 0.20574978
v -0.39692178 -0.02327988 0.28066784
v 0.26260933 -0.22764532 0.37177572
v 0.38249803 -0.12297763 -0.22429906
v -0.32282531 -0.42549244 0.19599007
v -0.30155307 -0.44666108 -0.01687792
v -0.23499691 -0.29606268 -0.30291256
v 0.15914790 -0.31827357 -0.45248383
v -0.41075540 -0.22266713 -0.15860583
v -0.10632851 -0.65217012 -0.14504372
v -0.29158172 -0.30440763 0.30069739
v 0.42300972 -0.24579601 0.01486702
v 0.39513451 0.02939204 -0.16072538
v -0.24564917 0.04721413 0.38684726
v 0.38690108 0.12924832 0.25282934
v -0.14348722 0.21504775 0.37070823
v -0.38724226 -0.14203815 -0.19027597
v -0.11756150 -0.27418283 -0.37328178
v -0.12702678 0.48170057 0.13643108
v -0.36691311 -0.21737252 -0.23659569
v -0.28689367 -0.42319262 -0.15859601
v 0.20910002 -0.09228708 0.43419364
v -0.34988880 -0.17881654 0.31910402
v 0.12951487 0.40920463 0.29132417
v 0.42216855 0.11815980 -0.14635573
v 0.39026442 0.08121423 -0.21597338
v 0.02558078 -0.35575384 0.42255536
v -0.08876637 -0.47695053 -0.19190748
v 0.36756095 0.12585878 0.28455421
v -0.16105780 -0.68356544 -0.02382948
v 0.09550631 -0.23107864 -0.39057618
v -0.37999904 -0.38375220 0.00042363
v 0.21998811 0.43485764 -0.11139911
v 0.11932327 0.04359343 0.43325627
v -0.19684616 0.13143174 -0.37526837
v -0.24400483 0.41797537 0.08713850
v 0.18217620 0.48677444 -0.03529080
v -0.38710397 -0.34770265 0.10941128
v -0.33501783 -0.04894499 -0.30803171
v 0.18178064 -0.52481073 -0.01728862
v 0.12827535 0.28456318 -0.41168463
v 0.36935741 0.11146206 -0.24515851
v 0.42991424 0.07130232 -0.12791239
v 0.16653804 0.42837456 -0.17125955
v 0.24096170 -0.16281623 0.37748253
v -0.26798221 -0.14013030 0.37279108
v 0.12107971 0.28685352 0.40646523
v 0.40344387 0.08322595 0.23147871
v 0.29642752 -0.03832211 -0.34409598
v -0.05241048 -0.73844439 0.03504718
v 0.15739180 0.20630449 0.38661513
v 0.40900797 0.01915287 0.14763762
v -0.34280032 0.09074818 -0.25592378
v 0.13543363 0.58828980 0.01063771
v -0.07466942 0.04336334 0.44634944
v -0.35126236 0.12660314 0.27753145
v 0.13434421 -0.13446763 0.42422536
v 0.26101622 -0.47145003 -0.06484486
v 0.45683613 -0.08847165 -0.09406062
v -0.26487711 -0.40736634 -0.31553796
v -0.16062286 -0.31939039 -0.37503886
v -0.37573162 -0.31176773 0.14307350
v -0.23821723 -0.27942315 -0.30652350
v -0.09204458 0.50947553 0.07249289
v -0.03056565 -0.18588050 0.47002161
v 0.31145650 -0.33081755 -0.07323791
v 0.18473478 0.34520566 0.34745657
f 1965 1299 217
f 224 351 1199
f 1206 1413 269
f 1206 1780 1413
f 1206 269 1661
f 1799 1033 1416
f 1799 1413 1033
f 269 1413 1799
f 1889 1299 1965
f 1661 893 1889
f 269 893 1661
f 1199 1416 224
f 1799 1199 1204
f 1799 1416 1199
f 1889 1613 1299
f 893 1613 1889
f 893 269 1799
f 1799 1204 893
f 1718 1942 1416
f 468 1942 1718
f 1416 1942 224
f 468 1322 1942
f 648 1322 468
f 1942 1594 224
f 1942 1322 1594
f 648 1950 1322
f 648 90 1950
f 1128 90 648
f 1322 1953 1594
f 1322 313 1953
f 1950 313 1322
f 1594 1953 685
f 1950 1283 313
f 168 1283 1950
f 168 991 1283
f 1076 638 1780
f 1076 1396 638
f 1192 1396 1076
f 638 1718 1033
f 638 1033 1413
f 1780 638 1413
f 1333 468 1718
f 1333 1718 638
f 1396 1333 638
f 693 1333 1396
f 1192 693 1396
f 1192 1226 693
f 1718 1416 1033
f 1333 648 468
f 211 648 1333
f 693 211 1333
f 211 1128 648
f 1442 1377 1579
f 1423 1377 1442
f 1579 1723 976
f 1763 1865 1007
f 1763 1894 1865
f 1894 106 1865
f 1894 156 106
f 1465 106 1403
f 1465 1865 106
f 106 1442 1020
f 21 1442 106
f 156 21 106
f 1465 90 1128
f 1465 1403 90
f 1177 1465 1128
f 106 1020 1403
f 90 168 1950
f 1403 168 90
f 168 1020 976
f 168 1403 1020
f 1020 1579 976
f 1020 1442 1579
f 991 1723 1283
f 976 1723 991
f 168 976 991
f 1666 1914 1524
f 1666 1524 9
f 1869 1763 1007
f 1914 1763 1869
f 1914 1869 1524
f 1869 1007 1742
f 1869 1742 797
f 1869 797 891
f 136 1869 891
f 136 1524 1869
f 136 9 1524
f 797 211 693
f 891 797 693
f 1226 891 693
f 136 891 1226
f 1742 1865 1465
f 1742 1007 1865
f 1177 1128 211
f 1742 1177 211
f 797 1742 211
f 1742 1465 1177
f 1047 1121 22
f 1130 1468 1441
f 1130 7 1468
f 1130 1441 1621
f 560 1130 1621
f 487 1130 560
f 1441 1468 628
f 7 198 1468
f 771 198 7
f 628 1468 1222
f 1086 560 1621
f 1222 1468 198
f 1203 560 867
f 1577 867 1993
f 1577 1203 867
f 189 453 270
f 1203 487 560
f 1039 1577 453
f 189 1039 453
f 147 1577 1993
f 453 1577 147
f 270 453 147
f 867 560 1086
f 867 1086 910
f 1993 867 910
f 147 1993 910
f 1705 270 147
f 1876 5 818
f 1876 288 5
f 288 1279 5
f 818 5 1954
f 1279 830 5
f 1279 1154 830
f 5 830 1954
f 1154 189 830
f 1954 830 1701
f 830 1002 1701
f 189 270 1002
f 189 1002 830
f 1954 524 1927
f 1002 270 1705
f 1002 1705 1464
f 1002 1464 1701
f 1299 1156 217
f 1613 1876 1156
f 1299 1613 1156
f 1613 288 1876
f 217 1156 1939
f 1156 1876 818
f 795 1156 818
f 1939 1156 795
f 1939 795 1359
f 1927 818 1954
f 1927 795 818
f 1047 1359 795
f 1359 1047 22
f 795 1927 1047
f 771 342 198
f 202 342 771
f 40 771 7
f 40 7 1130
f 1178 40 1130
f 1178 1130 487
f 40 202 771
f 487 349 1178
f 40 1131 202
f 1178 1131 40
f 1178 1488 1131
f 349 1488 1178
f 1585 1488 349
f 1260 357 1231
f 1260 1879 357
f 858 1203 1577
f 1039 858 1577
f 128 1039 189
f 1791 487 1203
f 858 1791 1203
f 611 1039 128
f 1171 357 1247
f 1247 1879 1051
f 1247 357 1879
f 1791 349 487
f 627 1791 858
f 295 627 858
f 295 858 1039
f 1427 1039 611
f 1427 295 1039
f 1113 1427 611
f 1171 1427 1113
f 1171 1247 1427
f 1857 1051 1996
f 1051 1857 1247
f 1791 1585 349
f 627 1585 1791
f 295 1681 627
f 1857 1681 295
f 1427 1857 295
f 1427 1247 1857
f 1996 1051 1546
f 1051 1793 1546
f 557 1594 685
f 557 224 1594
f 224 557 351
f 685 1260 1231
f 102 1279 288
f 1096 102 288
f 102 351 381
f 1195 685 1231
f 1195 557 685
f 351 557 381
f 48 1154 1279
f 434 48 1279
f 102 434 1279
f 102 381 434
f 381 557 434
f 557 1195 434
f 1154 128 189
f 48 548 1154
f 434 1195 48
f 504 1231 357
f 504 1195 1231
f 1154 548 128
f 548 611 128
f 118 548 48
f 118 504 548
f 118 1195 504
f 118 48 1195
f 338 357 1171
f 504 338 227
f 504 357 338
f 548 360 611
f 1032 1113 611
f 360 1032 611
f 548 148 360
f 338 1113 1032
f 338 1171 1113
f 148 227 360
f 148 504 227
f 504 148 548
f 1032 227 338
f 227 1032 360
f 350 288 1613
f 350 1096 288
f 893 350 1613
f 1204 350 893
f 1204 1157 350
f 1157 1204 1199
f 350 527 1096
f 350 1199 527
f 350 1157 1199
f 527 1199 351
f 1096 351 102
f 1096 527 351
f 1953 1592 1260
f 313 1592 1953
f 313 223 1592
f 1283 223 313
f 1283 1723 223
f 1260 1592 1879
f 1592 424 1879
f 223 424 1592
f 223 975 424
f 1879 424 1051
f 424 1877 1051
f 428 1877 424
f 975 428 424
f 428 167 1877
f 1877 1793 1051
f 794 167 428
f 1877 1042 1793
f 167 1042 1877
f 167 1339 1042
f 794 1339 167
f 1953 1260 685
f 725 1656 1535
f 1579 1972 1723
f 1377 1972 1579
f 1377 1182 1972
f 1723 975 223
f 1723 1972 975
f 1182 1551 1972
f 1182 1528 1551
f 1972 428 975
f 1972 794 428
f 794 1972 1551
f 1551 725 794
f 1528 725 1551
f 725 1535 794
f 1809 1864 1963
f 1569 1809 1963
f 1809 1317 1864
f 1317 1392 1864
f 1963 1864 1409
f 1864 1392 1943
f 1963 1409 1815
f 1864 1943 1409
f 1317 1432 1392
f 1481 588 1671
f 588 1481 1432
f 1481 1261 1392
f 1432 1481 1392
f 1261 1759 1392
f 1261 1671 1724
f 1671 1261 1481
f 1121 419 1650
f 1047 419 1121
f 1650 1809 1569
f 419 1870 1650
f 419 1434 1870
f 1317 1650 1870
f 1650 1317 1809
f 1434 175 1870
f 1870 1432 1317
f 175 1432 1870
f 175 588 1432
f 198 1757 1222
f 342 1757 198
f 342 1617 1757
f 1617 644 1757
f 1617 23 644
f 1310 1441 628
f 1310 1621 1441
f 1086 1621 1310
f 1290 628 1222
f 1310 628 1290
f 1086 1310 833
f 1086 833 614
f 1290 1222 1757
f 758 1310 1290
f 758 1290 1155
f 758 833 1310
f 1155 1757 644
f 1155 1290 1757
f 523 614 833
f 618 833 758
f 1155 784 758
f 784 618 758
f 799 833 618
f 523 833 799
f 784 644 23
f 784 1155 644
f 784 390 618
f 390 799 618
f 23 1201 784
f 1201 390 784
f 346 390 1201
f 346 1023 390
f 1023 799 390
f 1705 147 910
f 1479 1086 614
f 1479 910 1086
f 1139 910 1479
f 1139 1705 910
f 1800 1705 1139
f 1614 1139 1479
f 766 614 523
f 766 1479 614
f 1614 1479 766
f 881 1139 1614
f 1485 1139 881
f 60 1139 1485
f 60 1800 1139
f 395 1614 766
f 395 881 1614
f 799 1575 523
f 1575 766 523
f 1575 395 766
f 875 881 395
f 875 582 881
f 582 1485 881
f 1575 111 395
f 111 875 395
f 111 552 875
f 552 582 875
f 111 1456 552
f 1023 1575 799
f 1023 111 1575
f 1363 1456 111
f 643 60 1485
f 1485 582 643
f 175 1927 524
f 524 1701 1464
f 524 1954 1701
f 1464 1800 524
f 1800 1464 1705
f 588 175 524
f 588 524 1671
f 1671 524 1800
f 1671 1800 60
f 1671 60 1724
f 1434 1927 175
f 419 1927 1434
f 419 1047 1927
f 342 803 1617
f 617 803 342
f 803 1852 1617
f 202 617 342
f 1131 617 202
f 1131 565 617
f 1488 565 1131
f 1585 711 1488
f 617 639 803
f 565 639 617
f 1488 711 565
f 639 565 248
f 565 1193 248
f 711 1193 565
f 1617 1852 23
f 639 1852 803
f 639 248 1852
f 1193 484 1994
f 711 484 1193
f 1852 1201 23
f 1852 248 1201
f 248 346 1201
f 248 754 346
f 754 1023 346
f 1193 754 248
f 754 1994 1023
f 1994 754 1193
f 1951 772 705
f 627 1788 1585
f 627 473 1788
f 627 1940 473
f 1681 1940 627
f 1940 1857 1996
f 1857 1940 1681
f 1996 473 1940
f 1996 1546 473
f 1793 1254 1546
f 1585 1788 711
f 473 173 1788
f 1546 173 473
f 1546 804 173
f 1254 804 1546
f 1788 587 711
f 1788 664 587
f 173 664 1788
f 173 804 664
f 664 108 587
f 804 108 664
f 772 804 1254
f 804 772 108
f 587 484 711
f 587 1467 484
f 587 480 1467
f 108 480 587
f 772 480 108
f 1994 1795 1023
f 484 1795 1994
f 484 1467 1795
f 1467 1900 1795
f 1467 69 1900
f 480 69 1467
f 480 123 69
f 123 480 772
f 1795 111 1023
f 1795 742 111
f 742 1363 111
f 742 921 1363
f 742 132 921
f 1900 742 1795
f 1900 393 742
f 393 132 742
f 103 1900 69
f 103 393 1900
f 103 642 393
f 123 103 69
f 123 772 1951
f 475 132 393
f 642 103 14
f 642 475 393
f 14 103 123
f 123 1951 14
f 1042 1607 1254
f 79 1607 1042
f 1254 1607 772
f 79 1655 1607
f 1062 1655 79
f 1062 1734 1655
f 1607 705 772
f 1607 800 705
f 1655 800 1607
f 1655 1463 800
f 1734 1463 1655
f 1042 1254 1793
f 794 1062 1339
f 1339 79 1042
f 1339 1062 79
f 794 1535 1062
f 1656 249 1535
f 249 1798 1535
f 1062 1798 1734
f 1062 1535 1798
f 249 1181 1798
f 1798 404 1734
f 1181 404 1798
f 1181 763 404
f 1667 1815 1802
f 1667 1802 94
f 1371 1667 94
f 1392 1759 1943
f 1943 939 728
f 1759 939 1943
f 939 1814 728
f 1815 1409 1802
f 1409 1943 728
f 1802 1409 728
f 728 94 1802
f 94 728 1814
f 1261 1797 1759
f 1797 1724 1961
f 1724 1797 1261
f 1797 1590 1759
f 1961 540 1797
f 1759 1590 939
f 1797 540 1590
f 540 182 1590
f 1590 1645 939
f 182 1419 1590
f 643 582 608
f 552 585 608
f 552 608 582
f 1456 585 552
f 1363 585 1456
f 1363 1161 585
f 1578 643 608
f 585 1312 608
f 1161 1312 585
f 608 816 1578
f 608 1312 816
f 1312 201 816
f 1312 570 201
f 1238 570 1312
f 201 954 953
f 570 954 201
f 1961 60 643
f 1724 60 1961
f 1961 643 1578
f 213 1961 1578
f 1961 213 540
f 213 1578 816
f 213 182 540
f 213 1493 182
f 1493 816 201
f 1493 213 816
f 1493 1419 182
f 1493 201 953
f 705 762 1951
f 762 1856 1951
f 762 1804 1856
f 1804 144 1856
f 1804 906 144
f 921 1161 1363
f 132 1161 921
f 132 737 1161
f 475 737 132
f 715 642 14
f 642 737 475
f 642 715 737
f 14 837 715
f 737 1219 1161
f 715 837 1219
f 715 1219 737
f 837 1951 1856
f 837 14 1951
f 1161 1219 1312
f 1219 1238 1312
f 1219 183 1238
f 837 183 1219
f 837 723 183
f 723 837 1856
f 1794 1856 144
f 1794 723 1856
f 183 93 1238
f 93 723 1794
f 723 93 183
f 93 1289 1238
f 800 762 705
f 1463 1734 1598
f 800 1933 762
f 1463 1933 800
f 1463 1598 1933
f 1598 778 1933
f 1933 1804 762
f 1933 778 1804
f 1598 488 778
f 778 1138 1804
f 488 1138 778
f 1804 1019 906
f 1138 1019 1804
f 404 1598 1734
f 404 996 1598
f 763 996 404
f 763 1017 996
f 488 1598 996
f 996 1338 488
f 1017 1338 996
f 1017 137 1338
f 1338 1688 488
f 137 1688 1338
f 137 1056 1688
f 1971 1369 1540
f 1965 217 1101
f 1101 1369 1965
f 1369 1101 1324
f 1540 1369 1324
f 328 1971 1540
f 328 1540 1316
f 33 328 1316
f 441 1780 1206
f 1332 1566 780
f 281 441 1206
f 315 441 281
f 315 1566 441
f 780 1566 315
f 1332 780 1735
f 1971 1677 1369
f 1677 1661 1369
f 1735 1677 1971
f 281 1661 1677
f 281 1206 1661
f 315 281 1677
f 780 315 1677
f 780 1677 1735
f 1661 1889 1965
f 1369 1661 1965
f 670 1332 1735
f 670 1092 1332
f 394 1092 670
f 1672 394 670
f 1995 1971 328
f 1995 1735 1971
f 1995 670 1735
f 670 1995 199
f 1672 199 1895
f 1672 670 199
f 328 199 1995
f 199 328 33
f 1581 1672 1895
f 1076 1780 441
f 914 1076 441
f 914 441 1566
f 114 914 1566
f 673 1076 914
f 673 1192 1076
f 1733 914 114
f 1733 673 914
f 729 1733 114
f 114 1566 1332
f 389 1226 1192
f 1619 1192 673
f 1619 389 1192
f 344 1619 673
f 344 673 1733
f 564 344 1733
f 1092 114 1332
f 729 114 1092
f 1554 729 1092
f 174 729 1554
f 174 1733 729
f 564 1733 174
f 1554 1092 394
f 1835 1554 394
f 1835 174 1554
f 1533 564 174
f 1835 394 1672
f 1520 1835 1672
f 1835 518 174
f 174 518 1533
f 1520 1249 1835
f 1249 518 1835
f 492 1249 1520
f 838 1672 1581
f 838 1520 1672
f 1520 1514 492
f 1514 1520 838
f 1956 1581 1064
f 1956 838 1581
f 838 418 1514
f 1956 418 838
f 444 1666 9
f 444 9 1240
f 1414 444 1240
f 1414 1240 1862
f 1394 1414 1862
f 1240 9 1050
f 699 1240 1050
f 1862 1240 699
f 1394 1862 609
f 1050 136 389
f 9 136 1050
f 289 1862 699
f 609 289 32
f 609 1862 289
f 389 136 1226
f 1050 389 1619
f 699 1050 1619
f 699 1619 344
f 289 699 344
f 32 344 564
f 32 289 344
f 467 32 564
f 1606 1394 609
f 1907 1394 1606
f 1606 609 935
f 1690 1606 340
f 1690 1907 1606
f 467 564 1533
f 467 609 32
f 935 609 467
f 340 935 1029
f 340 1606 935
f 1169 1690 340
f 1652 1690 1169
f 1366 1533 518
f 935 467 1533
f 935 1533 1366
f 340 1029 416
f 1169 340 416
f 1366 1029 935
f 1029 1366 518
f 416 518 1249
f 416 1029 518
f 1854 1249 492
f 1854 416 1249
f 1652 1169 1935
f 1169 416 787
f 1935 787 897
f 1935 1169 787
f 787 416 1854
f 1653 1935 897
f 113 492 1514
f 268 1514 418
f 268 113 1514
f 787 1854 492
f 113 787 492
f 897 787 113
f 897 113 268
f 675 1691 22
f 1461 675 1069
f 1069 1121 1855
f 1069 22 1121
f 1069 675 22
f 1121 1650 1855
f 853 1069 1855
f 538 1327 598
f 1789 538 598
f 538 509 1327
f 1580 1662 509
f 1923 1580 509
f 1923 509 538
f 365 538 1789
f 365 1923 538
f 1749 1540 1324
f 1749 1324 674
f 1691 217 1939
f 1691 1101 217
f 675 1101 1691
f 674 1101 675
f 674 1324 1101
f 1769 1749 674
f 1691 1939 1359
f 674 675 1461
f 1769 674 1461
f 1691 1359 22
f 1769 1461 1069
f 1497 1769 1069
f 1497 1069 853
f 1316 1540 1749
f 81 1316 1938
f 33 1316 81
f 1819 33 81
f 81 1938 1296
f 1938 1749 1769
f 1938 1316 1749
f 1497 1938 1769
f 1938 1497 1784
f 1296 1938 1784
f 1623 1296 1784
f 1044 1497 853
f 1044 1784 1497
f 1296 1819 81
f 1859 1819 1296
f 1004 1819 1859
f 1280 1004 1859
f 1707 1859 1296
f 1280 1707 294
f 1280 1859 1707
f 1707 1296 1623
f 1895 199 33
f 1895 33 1819
f 1581 1895 1307
f 1064 1581 1307
f 1307 1895 1819
f 1944 1064 1307
f 1843 1064 1944
f 1307 1819 1004
f 1944 1307 1004
f 1843 1944 1893
f 1893 1004 1280
f 1893 1944 1004
f 107 1843 1893
f 1280 516 1893
f 107 1893 516
f 1011 1843 107
f 973 1011 107
f 1930 418 1956
f 245 1930 1956
f 1122 1064 1843
f 1122 1956 1064
f 245 1956 1122
f 615 245 1122
f 52 615 1122
f 52 1843 1011
f 52 1122 1843
f 586 615 52
f 1196 52 1011
f 1979 586 52
f 1979 52 1196
f 405 586 1979
f 1196 1011 973
f 1196 410 1979
f 410 405 1979
f 268 418 1930
f 1665 897 268
f 1665 1653 897
f 1501 1653 1665
f 366 268 1930
f 366 1665 268
f 366 1930 245
f 366 245 615
f 586 366 615
f 1624 1501 1665
f 1470 1501 1624
f 1624 1665 366
f 1624 366 586
f 405 1624 586
f 368 1470 1624
f 1315 1624 405
f 368 1624 1315
f 1844 368 1315
f 1685 1569 1295
f 1569 1963 1295
f 1016 1685 1048
f 1685 1295 1048
f 1048 1295 1552
f 719 1295 1963
f 1552 1295 719
f 719 1963 1815
f 121 1756 901
f 226 1016 377
f 913 226 377
f 913 901 226
f 358 901 913
f 121 901 358
f 1016 1048 377
f 873 377 1048
f 873 913 377
f 782 913 873
f 782 358 913
f 99 782 873
f 1537 1048 1552
f 1537 873 1048
f 1569 1855 1650
f 1662 1855 353
f 1662 853 1855
f 1855 1569 1685
f 741 1855 1685
f 353 1855 741
f 741 1685 1016
f 1756 1327 901
f 1756 598 1327
f 666 598 1756
f 509 226 901
f 1327 509 901
f 666 1789 598
f 841 1789 666
f 1662 353 509
f 365 1789 841
f 1662 282 853
f 282 1662 1580
f 318 1580 1923
f 318 282 1580
f 422 1923 365
f 422 318 1923
f 1044 853 282
f 12 1044 282
f 517 1756 121
f 517 666 1756
f 353 741 226
f 226 509 353
f 517 841 666
f 530 365 841
f 530 422 365
f 12 282 318
f 829 12 318
f 829 318 422
f 331 12 829
f 454 331 829
f 1016 226 741
f 464 841 517
f 464 530 841
f 219 530 464
f 422 219 1273
f 219 422 530
f 1273 829 422
f 454 829 1273
f 782 494 358
f 494 121 358
f 494 517 121
f 464 517 494
f 1134 454 1273
f 1134 392 454
f 303 464 494
f 361 464 303
f 361 219 464
f 1134 219 361
f 1134 1273 219
f 99 494 782
f 990 494 99
f 990 303 494
f 361 303 990
f 112 1134 361
f 112 361 990
f 1425 1134 112
f 1899 1425 112
f 1784 1044 12
f 331 1784 12
f 1623 1784 331
f 454 1623 331
f 392 1623 454
f 1707 1623 392
f 1341 1280 294
f 294 1707 1616
f 1616 392 1425
f 1616 1707 392
f 1425 392 1134
f 363 1616 1425
f 1571 1616 363
f 363 1425 1899
f 1100 294 1616
f 1100 1341 294
f 1571 1100 1616
f 1345 1100 1571
f 1362 1100 1345
f 1635 1280 1341
f 1635 516 1280
f 107 516 1635
f 973 107 138
f 138 107 1635
f 1550 973 138
f 1341 1187 1635
f 138 1635 1187
f 1362 1341 1100
f 1187 1341 1362
f 672 1550 138
f 1362 1060 1187
f 1060 138 1187
f 672 138 1060
f 322 1550 672
f 435 322 672
f 1397 1060 1362
f 1397 672 1060
f 435 672 1397
f 435 1397 969
f 1539 1196 973
f 410 1196 1539
f 1539 973 1550
f 1925 410 1539
f 911 1925 1539
f 322 1539 1550
f 1891 1539 322
f 1891 911 1539
f 579 911 1891
f 579 1891 37
f 1743 322 435
f 1891 322 1743
f 1751 579 37
f 1743 262 1891
f 37 1891 262
f 262 802 37
f 802 1751 37
f 1925 405 410
f 1315 405 1925
f 1444 1844 1315
f 1839 1925 911
f 1839 1315 1925
f 1444 1315 1839
f 1751 911 579
f 1839 911 1751
f 978 1444 1839
f 978 1839 1172
f 1615 1839 1751
f 1172 1839 1615
f 1615 1751 802
f 1753 978 1172
f 1983 719 1815
f 1983 1815 1667
f 1482 1917 1983
f 793 1983 1667
f 1482 1983 793
f 1552 719 1917
f 1917 719 1983
f 591 1917 1482
f 99 873 1537
f 1934 99 1537
f 1537 1552 1917
f 1934 1537 1897
f 1897 1537 1917
f 1897 1917 591
f 26 1934 1897
f 274 99 1934
f 274 990 99
f 274 112 990
f 26 274 1934
f 1536 112 274
f 1536 1899 112
f 1929 1536 274
f 1730 1536 1929
f 1929 274 26
f 760 1929 26
f 1730 1929 760
f 1536 363 1899
f 1730 363 1536
f 1858 363 1730
f 1229 1345 1571
f 1858 1571 363
f 1229 1571 1858
f 1380 1345 1229
f 1380 1229 124
f 1253 1229 1858
f 124 1229 1253
f 1253 1858 1730
f 1709 1253 1730
f 947 124 1253
f 1380 1362 1345
f 558 1362 1380
f 558 1397 1362
f 969 1397 558
f 915 435 969
f 1380 1234 558
f 1234 969 558
f 915 969 1234
f 1234 1380 124
f 1932 915 1234
f 1773 1234 124
f 1932 1234 1773
f 665 124 1960
f 665 1773 124
f 1932 1773 665
f 915 1743 435
f 262 1743 915
f 563 262 915
f 262 1818 802
f 1818 262 563
f 1998 915 1932
f 1998 563 915
f 1102 563 1998
f 1102 1818 563
f 1998 1916 1102
f 1818 1615 802
f 184 1615 1818
f 1256 1818 1102
f 1256 184 1818
f 938 1102 1916
f 938 1256 1102
f 707 1615 184
f 707 1172 1615
f 707 1753 1172
f 1010 184 1256
f 1010 707 184
f 1745 707 1010
f 1248 1256 938
f 1248 1010 1256
f 1494 1010 1248
f 1494 1745 1010
f 1358 1894 1763
f 1358 156 1894
f 1358 15 156
f 150 15 1358
f 21 1423 1442
f 1061 21 156
f 15 1061 156
f 1676 15 150
f 466 1454 1676
f 21 1061 1423
f 15 225 1061
f 1676 225 15
f 1454 952 225
f 1454 225 1676
f 1061 1700 1423
f 1700 1220 1423
f 225 1700 1061
f 225 1059 1700
f 952 1059 225
f 1914 67 1763
f 67 1358 1763
f 1808 67 1914
f 1698 1808 1914
f 1698 1914 1666
f 450 1698 1666
f 1072 450 1666
f 67 150 1358
f 1143 150 67
f 1808 1143 67
f 835 812 1698
f 835 1698 450
f 835 450 1072
f 1698 1143 1808
f 812 1676 1143
f 812 466 1676
f 812 1143 1698
f 1143 1676 150
f 1547 1454 466
f 210 952 1454
f 1547 210 1454
f 61 890 1547
f 210 425 952
f 1547 890 210
f 722 812 835
f 370 722 835
f 1108 466 812
f 722 1108 812
f 869 1108 722
f 387 869 722
f 370 387 722
f 871 387 370
f 1108 1547 466
f 61 1547 1108
f 869 61 1108
f 387 230 869
f 871 230 387
f 230 61 869
f 871 740 230
f 871 1250 740
f 1235 1656 725
f 1860 1182 1377
f 1220 1860 1377
f 1423 1220 1377
f 1986 1860 1220
f 1860 1528 1182
f 1860 1372 1528
f 1746 1372 1860
f 1986 1746 1860
f 1372 629 1528
f 1528 1235 725
f 629 1235 1528
f 1746 629 1372
f 1746 1512 629
f 1059 1986 1220
f 1059 1220 1700
f 209 1986 1059
f 500 572 209
f 209 1746 1986
f 572 1746 209
f 572 814 1746
f 1878 814 572
f 500 1878 572
f 500 242 1878
f 814 490 1746
f 490 1512 1746
f 814 193 490
f 1878 193 814
f 193 171 490
f 1878 481 193
f 1878 1450 481
f 242 1450 1878
f 397 1450 242
f 425 209 1059
f 952 425 1059
f 890 301 210
f 425 500 209
f 1609 500 425
f 210 1609 425
f 301 1609 210
f 890 997 301
f 1609 242 500
f 301 747 1609
f 997 747 301
f 1609 747 242
f 997 55 747
f 997 59 55
f 997 1449 59
f 747 657 242
f 747 448 657
f 55 448 747
f 657 397 242
f 657 1474 397
f 657 1071 1474
f 657 1912 1071
f 448 1912 657
f 61 255 890
f 230 255 61
f 230 110 255
f 230 740 110
f 255 997 890
f 740 17 110
f 255 683 997
f 903 683 255
f 110 903 255
f 110 320 903
f 683 180 997
f 180 1449 997
f 1926 141 1449
f 141 55 59
f 1449 141 59
f 651 100 1926
f 141 448 55
f 1081 1912 448
f 141 1081 448
f 141 1926 1081
f 1926 100 1081
f 1525 100 651
f 1912 296 1071
f 1081 296 1912
f 100 1364 1081
f 1525 1364 100
f 1429 740 1250
f 1429 17 740
f 1429 876 17
f 1921 31 876
f 17 320 110
f 1329 903 320
f 876 1329 320
f 876 320 17
f 1574 1329 876
f 31 1574 876
f 1233 180 683
f 903 1233 683
f 1329 1233 903
f 1329 319 1233
f 1574 319 1329
f 1233 1449 180
f 1233 1926 1449
f 319 1926 1233
f 319 651 1926
f 1574 39 319
f 39 651 319
f 39 1525 651
f 31 39 1574
f 31 1719 39
f 39 1719 172
f 1235 249 1656
f 1235 1237 249
f 1237 1601 249
f 1601 1181 249
f 1601 1237 1968
f 1968 1144 1601
f 1601 1288 1181
f 1144 1288 1601
f 1288 763 1181
f 1144 1410 1288
f 1288 1158 763
f 1410 1158 1288
f 629 1237 1235
f 1512 1237 629
f 1512 1968 1237
f 1402 72 1968
f 1968 1202 1144
f 72 1202 1968
f 1125 1633 1028
f 1125 575 1633
f 1125 796 575
f 1077 1545 796
f 1330 796 1125
f 1077 796 1330
f 1144 1118 1410
f 1202 1118 1144
f 569 1118 1202
f 490 1402 1512
f 171 1402 490
f 193 481 171
f 1402 1968 1512
f 481 1384 171
f 1450 70 481
f 171 72 1402
f 171 1384 72
f 481 70 1384
f 1450 126 70
f 1450 406 126
f 1384 706 72
f 491 743 1384
f 70 491 1384
f 70 471 491
f 126 471 70
f 491 845 743
f 1384 574 706
f 463 706 574
f 463 690 706
f 743 574 1384
f 743 463 574
f 690 1285 1545
f 690 845 1285
f 463 845 690
f 845 463 743
f 72 757 1202
f 706 757 72
f 690 757 706
f 690 258 757
f 220 1545 1077
f 258 1545 220
f 258 690 1545
f 258 98 757
f 220 98 258
f 220 576 98
f 576 337 98
f 757 569 1202
f 757 1098 569
f 98 1098 757
f 337 1098 98
f 337 1706 1098
f 594 337 576
f 337 594 1706
f 594 16 1706
f 1071 296 1474
f 152 1450 397
f 152 406 1450
f 1474 152 397
f 54 955 832
f 983 309 54
f 54 267 955
f 309 267 54
f 309 1404 267
f 955 1028 1633
f 955 1166 1028
f 267 1166 955
f 1404 53 267
f 267 35 1166
f 267 759 35
f 53 759 267
f 1049 192 1693
f 1555 1049 1693
f 1712 832 192
f 1049 1712 192
f 30 1049 1555
f 192 1167 730
f 192 832 1167
f 1693 192 730
f 1555 1693 1531
f 983 54 832
f 1712 983 832
f 599 1712 1049
f 84 1049 30
f 84 599 1049
f 575 730 1167
f 730 575 796
f 1693 730 796
f 1693 796 1545
f 1531 1693 1545
f 832 955 1167
f 1712 309 983
f 1712 774 309
f 599 774 1712
f 575 1167 1633
f 1167 955 1633
f 599 1348 774
f 84 1348 599
f 84 1813 1348
f 309 314 1404
f 774 314 309
f 774 870 314
f 1348 870 774
f 314 53 1404
f 314 926 53
f 870 926 314
f 1348 1297 870
f 1813 1297 1348
f 1813 1919 1297
f 1028 941 1125
f 941 1330 1125
f 1330 1440 1077
f 35 1028 1166
f 35 941 1028
f 543 1555 783
f 851 543 783
f 543 30 1555
f 783 1531 1285
f 783 1555 1531
f 851 783 345
f 284 345 744
f 284 851 345
f 1334 30 543
f 863 1334 543
f 421 543 851
f 421 863 543
f 506 851 284
f 506 421 851
f 1334 84 30
f 1531 1545 1285
f 345 1285 845
f 345 783 1285
f 345 845 491
f 471 345 491
f 744 471 126
f 744 345 471
f 744 126 406
f 421 1669 863
f 1270 421 506
f 1334 1813 84
f 1334 1107 1813
f 863 1107 1334
f 863 1669 1107
f 421 1270 1669
f 1669 1867 1107
f 1270 1867 1669
f 1270 275 1867
f 1270 45 275
f 1107 1919 1813
f 1107 246 1919
f 1867 246 1107
f 1440 220 1077
f 1188 576 220
f 1188 594 576
f 1867 335 246
f 1867 1149 335
f 1123 1081 1147
f 1081 1123 296
f 1364 430 1147
f 1364 1147 1081
f 296 152 1474
f 1123 744 152
f 1123 152 296
f 1123 284 744
f 1147 284 1123
f 430 284 1147
f 430 506 284
f 1364 1583 430
f 152 744 406
f 430 1583 506
f 1583 1270 506
f 1583 1565 1270
f 1565 45 1270
f 275 1149 1867
f 45 751 275
f 1364 1565 1583
f 1525 1565 1364
f 172 1565 1525
f 172 811 1565
f 172 1771 811
f 811 45 1565
f 811 751 45
f 172 1525 39
f 1719 1496 172
f 1496 1771 172
f 1496 1383 1771
f 1158 1258 763
f 1410 1407 1158
f 1258 1017 763
f 1158 988 1258
f 1407 988 1158
f 1258 137 1017
f 1407 1586 988
f 1258 478 137
f 988 478 1258
f 1586 478 988
f 137 1931 1056
f 478 1931 137
f 478 917 1931
f 1586 917 478
f 1118 1407 1410
f 569 1243 1118
f 1118 1009 1407
f 1118 1243 1009
f 1407 1009 1586
f 1243 1515 1009
f 1009 1538 1586
f 1515 1538 1009
f 1515 846 1538
f 191 16 594
f 1098 1106 569
f 1706 1106 1098
f 16 1106 1706
f 16 554 1106
f 191 554 16
f 191 688 554
f 1106 1631 569
f 688 1106 554
f 569 1631 1243
f 1106 241 1631
f 688 241 1106
f 1631 1515 1243
f 241 886 1631
f 1631 886 1515
f 241 456 886
f 886 604 1515
f 456 604 886
f 1515 604 846
f 456 1146 604
f 400 1330 941
f 1440 1330 400
f 35 50 941
f 50 400 941
f 759 50 35
f 759 1133 50
f 53 1133 759
f 926 1133 53
f 870 1133 926
f 870 567 1133
f 1297 567 870
f 567 1297 374
f 1919 374 1297
f 689 1440 400
f 689 1453 1440
f 50 689 400
f 567 50 1133
f 567 689 50
f 374 1453 689
f 567 374 689
f 200 220 1440
f 1188 220 200
f 191 594 1188
f 200 46 1188
f 46 191 1188
f 1919 1275 374
f 1919 246 1275
f 246 239 1275
f 246 335 239
f 46 688 191
f 1453 200 1440
f 1453 46 200
f 1453 1670 46
f 1453 372 1670
f 374 1275 1453
f 1275 372 1453
f 1275 239 372
f 335 593 239
f 1149 593 335
f 240 593 1149
f 46 698 688
f 1670 698 46
f 1670 1136 698
f 372 1136 1670
f 239 1136 372
f 239 96 1136
f 239 511 96
f 593 511 239
f 698 241 688
f 593 176 511
f 240 176 593
f 698 456 241
f 1136 456 698
f 1136 1778 456
f 1136 731 1778
f 96 731 1136
f 511 731 96
f 176 731 511
f 1778 1146 456
f 275 240 1149
f 751 240 275
f 1687 1328 176
f 811 1687 751
f 1771 1605 811
f 1674 1605 1771
f 751 1687 240
f 811 1605 1687
f 240 1687 176
f 1383 1674 1771
f 1383 117 1674
f 1383 204 117
f 204 1702 117
f 117 1829 1674
f 1702 367 117
f 1173 1414 1394
f 1414 1278 444
f 1173 1278 1414
f 1072 1666 444
f 1629 1072 444
f 1278 1629 444
f 423 1278 1173
f 970 423 1173
f 1278 1052 1629
f 1278 423 1052
f 738 835 1072
f 738 1072 1629
f 950 738 1629
f 398 423 970
f 1052 950 1629
f 950 1052 423
f 398 950 423
f 398 271 950
f 1907 1173 1394
f 1342 1907 1690
f 1652 1342 1690
f 1907 970 1173
f 257 970 1907
f 1073 257 1907
f 1342 1073 1907
f 718 1073 1342
f 257 398 970
f 631 398 257
f 1652 718 1342
f 1205 718 1652
f 332 257 1073
f 631 257 332
f 718 332 1073
f 964 332 718
f 964 568 332
f 1205 964 718
f 995 1652 1935
f 1717 1935 1653
f 1717 995 1935
f 995 1205 1652
f 1717 1622 995
f 1622 1205 995
f 233 964 1205
f 1765 964 233
f 1989 1765 233
f 684 738 950
f 271 684 950
f 370 835 738
f 992 370 738
f 912 738 684
f 912 992 738
f 1853 912 684
f 1853 684 271
f 1447 1853 271
f 992 871 370
f 992 691 871
f 992 1641 691
f 912 1641 992
f 912 620 1641
f 1853 620 912
f 1816 620 1853
f 1381 1816 1853
f 691 1250 871
f 631 271 398
f 1447 271 631
f 1058 1447 631
f 568 631 332
f 1058 631 568
f 1459 1058 568
f 1447 1381 1853
f 1381 1447 1058
f 1765 568 964
f 1765 1459 568
f 1459 1495 1058
f 1495 1381 1058
f 831 1495 1459
f 1381 544 1816
f 1087 1381 1495
f 1087 544 1381
f 431 1459 1765
f 831 1459 431
f 1717 1653 1501
f 1717 1460 1622
f 233 1205 1622
f 27 233 1622
f 1989 233 27
f 1717 1501 1460
f 27 1622 1460
f 1186 1460 1501
f 1186 27 1460
f 1626 27 1186
f 1626 1186 933
f 1501 1470 1186
f 933 1186 1470
f 1947 1470 368
f 1947 933 1470
f 1626 933 1947
f 1947 368 1844
f 561 691 1641
f 620 561 1641
f 831 1391 1495
f 1495 1391 1087
f 831 682 1391
f 831 1664 682
f 431 1765 1989
f 1319 431 1989
f 1319 831 431
f 1654 1989 27
f 1654 1319 1989
f 1319 1664 831
f 1626 1654 27
f 1608 1664 1319
f 1286 1654 1626
f 1319 977 1608
f 1654 977 1319
f 1286 1084 1654
f 1654 1084 977
f 977 181 1608
f 1084 1832 977
f 977 1832 822
f 822 181 977
f 1741 1286 1626
f 1673 1286 1741
f 1673 1084 1286
f 514 1429 1250
f 514 1250 691
f 561 514 691
f 1770 561 620
f 1770 620 1816
f 1153 1770 1816
f 1770 514 561
f 932 514 1770
f 514 876 1429
f 932 1921 514
f 1153 932 1770
f 1921 876 514
f 735 932 1153
f 298 1921 932
f 985 932 735
f 932 985 298
f 1153 1816 544
f 1747 544 1087
f 1747 1153 544
f 1747 1087 1391
f 1678 1153 1747
f 1678 735 1153
f 445 1747 1391
f 445 1391 682
f 1163 1747 445
f 1163 1678 1747
f 154 445 682
f 154 682 1664
f 1163 445 154
f 1163 1197 1678
f 1163 1302 1197
f 526 1664 1608
f 526 154 1664
f 1851 154 526
f 1851 1163 154
f 1851 1302 1163
f 181 526 1608
f 1189 526 181
f 1851 526 1189
f 505 1851 1189
f 41 1302 1851
f 1189 181 822
f 41 1851 505
f 298 31 1921
f 298 1719 31
f 985 1969 298
f 298 1969 1719
f 1197 735 1678
f 1197 985 735
f 1197 1969 985
f 1703 1969 1197
f 1420 1947 1844
f 1386 1626 1947
f 1741 1626 1386
f 1386 1947 1420
f 1444 1420 1844
f 1444 752 1420
f 1386 1420 752
f 752 1444 978
f 978 1135 752
f 1135 1386 752
f 1722 1386 1135
f 1821 1386 1722
f 1833 978 1753
f 1833 1135 978
f 1084 1037 1832
f 1848 822 1832
f 139 1832 1037
f 1848 1832 139
f 1200 1848 139
f 1037 1210 139
f 1210 1200 139
f 908 1210 1373
f 1673 1037 1084
f 1412 1673 1741
f 1037 1673 1412
f 1821 1741 1386
f 1821 1412 1741
f 4 1412 1821
f 1412 1373 1037
f 1412 4 1373
f 1373 1210 1037
f 4 1949 1373
f 1683 1821 1722
f 1683 4 1821
f 908 1373 1949
f 426 4 1683
f 4 286 1949
f 4 426 286
f 1949 286 495
f 495 908 1949
f 1848 1189 822
f 1304 505 1189
f 1304 1189 1848
f 1304 1848 1200
f 505 1406 41
f 1406 505 1304
f 1093 1304 1200
f 1093 1200 1210
f 1191 1304 1093
f 1406 1304 1191
f 1093 1210 908
f 1748 1093 908
f 1376 1093 1748
f 1376 1191 1093
f 413 1191 1376
f 461 908 495
f 461 1748 908
f 1376 1748 461
f 1719 1738 1496
f 1969 1738 1719
f 1302 1703 1197
f 41 1703 1302
f 41 1323 1703
f 1703 1738 1969
f 1703 1952 1738
f 1323 1874 1703
f 1874 1952 1703
f 1406 1323 41
f 1191 413 1406
f 1406 413 1323
f 1738 1383 1496
f 1738 1997 1383
f 1952 1997 1738
f 1722 1135 1833
f 1507 1722 1833
f 1753 1988 1833
f 1507 1833 1988
f 1988 1753 1745
f 1988 1745 834
f 1507 1988 834
f 1337 1507 834
f 1745 251 834
f 1337 834 251
f 251 1745 1494
f 1337 251 1568
f 707 1745 1753
f 1308 1722 1507
f 1308 1683 1722
f 1887 1683 1308
f 1887 426 1683
f 426 62 286
f 62 495 286
f 426 1758 62
f 1758 426 1887
f 6 1887 1308
f 1298 1887 6
f 1298 1758 1887
f 1116 1507 1337
f 1116 1308 1507
f 6 1308 1116
f 1755 1298 6
f 1534 6 1116
f 6 1534 1755
f 461 495 62
f 101 1376 461
f 413 1376 101
f 1913 461 62
f 101 461 1913
f 1913 62 1758
f 1344 101 1913
f 1477 101 1344
f 1298 1913 1758
f 727 1913 1298
f 1344 1913 727
f 1744 1477 1344
f 727 1298 1755
f 1744 1344 727
f 1874 1727 1634
f 413 1920 1323
f 1323 1920 1874
f 1920 413 1477
f 1920 1727 1874
f 1477 520 1920
f 1920 520 1727
f 1477 1744 520
f 1477 413 101
f 1997 204 1383
f 1997 1001 880
f 880 204 1997
f 343 1702 204
f 880 343 204
f 232 880 1001
f 348 343 880
f 348 880 232
f 343 367 1702
f 654 232 1001
f 654 1001 1435
f 1340 367 343
f 1340 681 367
f 348 1340 343
f 1357 348 232
f 1357 232 654
f 924 1340 348
f 924 348 1357
f 1634 1952 1874
f 1952 1634 1997
f 1634 1001 1997
f 1634 1435 1001
f 1634 355 1435
f 993 681 1340
f 993 190 681
f 924 993 1340
f 633 993 924
f 633 3 993
f 330 3 633
f 793 1667 1371
f 1883 793 1371
f 939 1924 1814
f 939 1645 1924
f 1814 1924 29
f 1924 1875 29
f 1645 1875 1924
f 1645 1783 1875
f 1783 1764 1875
f 1814 1371 94
f 1814 29 1371
f 29 1883 1371
f 810 1883 29
f 1875 810 29
f 810 155 1883
f 810 1875 1764
f 1590 1437 1645
f 1419 1437 1590
f 1419 1103 1437
f 1419 379 1103
f 1103 379 677
f 1437 1783 1645
f 1437 142 1783
f 1103 142 1437
f 142 1103 20
f 142 596 1783
f 828 142 20
f 142 828 596
f 596 1326 1783
f 596 317 1326
f 317 596 828
f 1326 1764 1783
f 77 1356 1694
f 781 1356 77
f 781 1888 1356
f 1541 1091 388
f 1541 388 380
f 513 77 178
f 1079 513 178
f 1079 178 1091
f 1541 1079 1091
f 513 781 77
f 1518 77 1694
f 1518 178 77
f 1091 178 1518
f 1518 1694 573
f 34 1091 1518
f 34 388 1091
f 388 34 1305
f 1305 380 388
f 1238 1289 570
f 570 896 954
f 1289 896 570
f 555 953 954
f 954 984 555
f 896 984 954
f 1272 984 266
f 984 1272 555
f 984 305 266
f 896 305 984
f 1151 1785 305
f 896 1151 305
f 408 287 1785
f 1151 408 1785
f 1558 555 1272
f 1272 266 2
f 287 1541 380
f 287 380 135
f 1785 287 135
f 305 135 266
f 305 1785 135
f 287 919 1541
f 1558 1272 1430
f 1430 1272 2
f 266 135 2
f 135 1305 1148
f 135 380 1305
f 2 135 1148
f 1493 379 1419
f 1493 953 379
f 677 953 555
f 953 677 379
f 677 20 1103
f 20 677 1558
f 1558 677 555
f 828 20 1558
f 1910 1888 781
f 1618 144 906
f 906 1019 1618
f 1019 1792 1618
f 403 1618 1792
f 1618 1451 592
f 1618 403 1451
f 1276 781 513
f 1079 1276 513
f 919 1079 1541
f 613 1276 1079
f 936 613 1079
f 936 1079 919
f 409 936 919
f 1792 1964 403
f 1276 1910 781
f 125 1910 1276
f 613 125 1276
f 1644 936 409
f 1644 958 936
f 403 1632 58
f 125 386 1910
f 613 187 125
f 936 187 613
f 936 958 187
f 1644 1805 958
f 58 1805 1644
f 1632 403 1768
f 1964 1768 403
f 679 93 1794
f 93 679 1289
f 592 144 1618
f 592 1794 144
f 679 1794 592
f 1289 470 896
f 679 470 1289
f 694 679 592
f 679 694 470
f 470 1151 896
f 470 447 1151
f 694 592 1451
f 447 408 1151
f 470 376 447
f 376 694 1451
f 694 376 470
f 408 919 287
f 13 919 408
f 447 13 408
f 63 919 13
f 63 409 919
f 376 13 447
f 63 83 409
f 63 1451 83
f 63 376 1451
f 376 63 13
f 83 1451 403
f 83 1644 409
f 58 83 403
f 83 58 1644
f 1632 1805 58
f 488 1411 1138
f 1138 1031 1019
f 1411 1031 1138
f 1019 872 1792
f 1031 872 1019
f 1411 1643 1031
f 1031 667 872
f 1031 1643 667
f 872 1964 1792
f 1643 1097 667
f 667 1964 872
f 667 669 1964
f 1097 1680 667
f 1680 669 667
f 488 1176 1411
f 1688 1176 488
f 1688 1055 1176
f 1056 1055 1688
f 1056 566 1055
f 1176 1643 1411
f 1176 687 1643
f 1055 687 1176
f 687 1097 1643
f 566 979 1055
f 1055 979 687
f 687 1699 1097
f 979 1699 687
f 155 810 1911
f 1911 810 1764
f 1389 317 828
f 317 848 1326
f 1389 848 317
f 1928 1911 1764
f 1326 1928 1764
f 252 1928 1326
f 848 252 1326
f 535 848 1389
f 848 535 252
f 1928 1973 1911
f 1973 1582 1911
f 252 1127 1928
f 1127 1973 1928
f 1367 1127 252
f 1367 252 535
f 1127 253 1973
f 1367 535 1651
f 1787 1367 1651
f 1787 1127 1367
f 253 1127 1787
f 1564 253 1787
f 1356 143 1694
f 1356 1082 143
f 1888 1082 1356
f 143 1082 1291
f 1888 1872 1082
f 1082 646 1291
f 1082 43 646
f 1872 43 1082
f 1281 1518 573
f 1281 34 1518
f 573 1694 143
f 750 34 1281
f 750 1305 34
f 1281 573 1291
f 401 1305 750
f 1291 573 143
f 583 1281 1291
f 750 1281 583
f 583 1291 646
f 207 750 583
f 401 750 207
f 646 369 583
f 207 716 401
f 207 583 369
f 43 369 646
f 43 1824 369
f 1824 207 369
f 1824 671 207
f 671 716 207
f 671 1471 716
f 1558 1430 971
f 971 2 1148
f 971 1430 2
f 862 1558 971
f 304 1305 401
f 304 1148 1305
f 808 1148 304
f 808 971 1148
f 862 971 808
f 808 1640 862
f 304 401 716
f 720 304 1266
f 720 808 304
f 1640 808 720
f 716 1266 304
f 254 1640 720
f 1266 254 720
f 1471 546 716
f 546 1266 716
f 546 562 1266
f 562 254 1266
f 562 1841 254
f 1841 773 254
f 1399 828 1558
f 1389 828 1399
f 1399 1558 862
f 584 1389 1399
f 535 1389 584
f 862 1300 1399
f 1300 862 1640
f 584 1399 1300
f 1640 545 1300
f 254 545 1640
f 1300 1628 584
f 545 1863 1300
f 773 545 254
f 773 826 545
f 773 1873 826
f 1884 584 308
f 308 584 1628
f 1628 1300 1863
f 1863 545 826
f 826 1021 1863
f 1873 1021 826
f 1651 535 584
f 1651 584 1884
f 1991 1787 1651
f 1910 386 1888
f 386 1627 1888
f 1627 1872 1888
f 1627 36 1872
f 36 43 1872
f 125 187 386
f 958 1119 187
f 1805 1119 958
f 1632 1768 652
f 386 1941 1627
f 187 1941 386
f 187 1739 1941
f 1119 1739 187
f 1805 312 1119
f 652 312 1805
f 1119 212 1739
f 312 212 1119
f 312 272 212
f 1627 1941 36
f 1941 577 36
f 212 272 701
f 36 577 43
f 1941 1697 577
f 1739 1697 1941
f 1739 1513 1697
f 212 1513 1739
f 212 701 1513
f 577 1824 43
f 577 1697 1824
f 1697 671 1824
f 1697 1513 671
f 1513 1471 671
f 1513 701 1471
f 1632 652 1805
f 1768 312 652
f 312 1720 272
f 1720 559 272
f 1003 312 1768
f 312 1003 1720
f 272 559 701
f 1720 1313 559
f 1313 359 559
f 1003 1313 1720
f 1003 10 1313
f 701 359 244
f 559 359 701
f 359 948 244
f 359 263 948
f 263 1105 948
f 1313 263 359
f 1471 244 546
f 244 1368 546
f 1368 562 546
f 701 244 1471
f 948 1368 244
f 948 1105 1368
f 1313 10 263
f 1368 479 562
f 1105 479 1368
f 1271 479 1105
f 1271 263 1774
f 1271 1105 263
f 1774 263 10
f 1826 1774 10
f 479 1841 562
f 1841 827 773
f 479 383 1841
f 1271 1223 479
f 1223 383 479
f 1223 1271 1774
f 827 1873 773
f 827 105 1873
f 105 1021 1873
f 105 78 1021
f 371 105 827
f 669 1768 1964
f 1680 1318 669
f 1680 937 1318
f 937 1680 1097
f 937 1097 1699
f 669 1418 1768
f 1418 1003 1768
f 1318 1418 669
f 937 537 1318
f 937 1801 537
f 1801 1658 537
f 1318 653 1418
f 537 653 1318
f 537 721 653
f 1003 145 10
f 1418 145 1003
f 653 145 1418
f 721 66 653
f 1658 721 537
f 1658 66 721
f 653 776 145
f 66 776 653
f 145 1826 10
f 145 166 1826
f 776 166 145
f 329 776 66
f 776 329 166
f 329 676 166
f 329 66 1658
f 329 1658 215
f 1699 1801 937
f 979 1803 1699
f 1803 85 1699
f 1801 1699 85
f 1803 1145 85
f 85 1398 1801
f 1145 1398 85
f 1801 215 1658
f 1398 215 1801
f 1145 736 1398
f 1221 736 1145
f 1398 1716 215
f 736 1716 1398
f 736 1120 1716
f 590 1120 736
f 1863 791 1628
f 1021 791 1863
f 1628 791 308
f 791 91 308
f 1021 1544 791
f 1021 1573 1544
f 1544 91 791
f 1991 1651 1884
f 1787 1991 1564
f 1991 1884 1649
f 1850 1564 1991
f 1649 1884 308
f 91 1649 308
f 1850 1991 264
f 264 1991 1649
f 91 525 1649
f 1544 525 91
f 1544 1597 525
f 264 1649 525
f 264 1782 1850
f 525 1129 264
f 1597 1129 525
f 1782 264 1129
f 1597 961 1129
f 1999 961 1597
f 1782 1129 961
f 961 1089 1782
f 383 827 1841
f 1223 25 383
f 25 1223 1774
f 1774 622 25
f 1826 1170 1774
f 25 371 383
f 1170 622 1774
f 1822 25 622
f 25 1822 149
f 1796 149 1822
f 859 1796 1822
f 78 1573 1021
f 383 371 827
f 1269 105 371
f 78 105 1269
f 942 78 1269
f 78 942 1573
f 942 205 1573
f 1573 205 1544
f 205 131 1544
f 149 371 25
f 1030 371 149
f 1030 1269 371
f 131 1597 1544
f 427 205 942
f 131 205 427
f 1030 942 1269
f 1030 1511 942
f 819 131 427
f 1511 427 942
f 1030 149 1796
f 597 427 1511
f 597 819 427
f 1511 1030 1796
f 1796 1309 1511
f 859 1509 1796
f 1509 1309 1796
f 1542 819 597
f 597 1511 1309
f 1309 1162 597
f 1509 1228 1309
f 131 493 1597
f 493 861 1597
f 861 1999 1597
f 819 493 131
f 861 493 819
f 1999 1519 961
f 1519 994 961
f 714 861 819
f 714 1999 861
f 994 1089 961
f 994 508 1089
f 1519 1999 714
f 24 994 1519
f 508 994 24
f 1710 819 1542
f 1710 714 819
f 1710 1519 714
f 166 1170 1826
f 166 578 1170
f 676 578 166
f 676 649 578
f 329 649 676
f 1553 329 215
f 329 1553 649
f 1170 1811 622
f 578 1811 1170
f 1018 578 649
f 1018 455 578
f 578 455 1811
f 1018 521 455
f 1018 649 1241
f 1241 649 1553
f 1811 1822 622
f 1811 1165 859
f 455 1165 1811
f 521 1165 455
f 521 47 1165
f 521 1018 1241
f 1811 859 1822
f 1165 702 859
f 283 1165 47
f 47 521 1241
f 1695 47 1241
f 283 47 1695
f 218 283 1695
f 1695 868 218
f 1165 502 702
f 283 502 1165
f 702 1509 859
f 502 197 702
f 502 218 197
f 197 1509 702
f 197 1228 1509
f 197 1282 1228
f 396 1282 197
f 218 502 283
f 218 396 197
f 1436 162 1282
f 1436 325 162
f 396 1436 1282
f 868 1937 218
f 1716 1553 215
f 1716 1603 1553
f 1120 1603 1716
f 1120 1982 1603
f 1321 1982 1120
f 1553 1137 1241
f 1603 1137 1553
f 1603 1982 1137
f 1321 825 1982
f 1137 18 1241
f 825 1556 1982
f 18 1695 1241
f 1137 1556 18
f 1982 1556 1137
f 825 1898 1556
f 18 452 1695
f 1898 1725 1556
f 1898 1847 1725
f 1556 452 18
f 1556 1725 452
f 1162 1542 597
f 1228 1162 1309
f 1228 550 1162
f 1162 522 1542
f 550 522 1162
f 550 1311 522
f 626 1519 1710
f 626 24 1519
f 1543 24 626
f 1543 508 24
f 1837 626 1710
f 522 1710 1542
f 522 1837 1710
f 1543 626 1890
f 1837 1890 626
f 522 634 1837
f 634 1890 1837
f 1311 634 522
f 1890 1945 1543
f 634 889 1890
f 889 1408 1890
f 1408 1945 1890
f 1282 550 1228
f 1282 162 550
f 660 162 325
f 660 356 162
f 1436 1000 325
f 1000 660 325
f 396 218 1937
f 396 1000 1436
f 162 1311 550
f 162 356 1311
f 1405 356 660
f 1405 660 1000
f 1335 396 1937
f 1335 1000 396
f 186 1000 1335
f 1457 1000 186
f 1457 1405 1000
f 356 980 1311
f 1070 356 1405
f 1070 980 356
f 1070 547 980
f 547 1109 980
f 980 634 1311
f 980 889 634
f 980 1395 889
f 1109 1395 980
f 1109 1263 1395
f 547 1070 1405
f 547 1046 1109
f 1046 1263 1109
f 1395 1408 889
f 547 1405 1457
f 1395 1246 1408
f 1263 1246 1395
f 1263 1871 1246
f 373 547 1457
f 373 1046 547
f 1046 1871 1263
f 1871 472 1246
f 1639 1046 373
f 1639 1871 1046
f 1639 472 1871
f 452 868 1695
f 452 1473 868
f 1725 1473 452
f 1847 1637 1725
f 1725 695 1473
f 1725 1637 695
f 1473 1937 868
f 1473 1901 1937
f 695 1901 1473
f 1637 336 695
f 1637 1095 336
f 1095 486 336
f 1335 1937 1901
f 695 336 1901
f 1472 336 486
f 1901 186 1335
f 1901 616 186
f 336 616 1901
f 336 1035 616
f 1472 1035 336
f 1472 1781 1035
f 186 1014 1457
f 616 1014 186
f 616 1035 1014
f 1781 949 1035
f 637 949 1781
f 1080 949 637
f 1905 949 1080
f 1905 918 949
f 1992 373 1457
f 1014 1992 1457
f 1992 916 373
f 916 1639 373
f 1035 1992 1014
f 1035 949 1992
f 949 916 1992
f 949 1562 916
f 949 918 1562
f 916 1589 1639
f 1562 1589 916
f 779 1562 918
f 1365 1482 793
f 1365 793 1883
f 1600 591 1482
f 1600 1482 1365
f 155 1365 1883
f 155 1600 1365
f 1225 1600 155
f 1225 999 1600
f 26 1897 1504
f 1292 1897 591
f 1504 1897 1292
f 1292 591 1600
f 1292 1600 999
f 469 1504 1292
f 469 1292 999
f 668 1504 469
f 1227 26 1504
f 1006 1227 1504
f 1006 1504 852
f 765 297 1006
f 297 1227 1006
f 297 169 1227
f 1455 760 26
f 1227 1455 26
f 963 760 1455
f 777 963 1455
f 169 1455 1227
f 777 1455 169
f 963 1730 760
f 1709 1730 963
f 1880 1709 963
f 1880 963 777
f 1584 1880 777
f 1584 777 169
f 947 1253 1709
f 1960 124 947
f 489 947 1709
f 1500 947 489
f 1500 1960 947
f 489 1709 1880
f 1168 1500 489
f 1570 489 1880
f 1168 489 1570
f 1823 1932 665
f 1375 665 1960
f 1823 665 1375
f 1375 1960 1040
f 146 1823 1375
f 1040 1960 1500
f 1375 1040 1067
f 146 1375 1067
f 1040 1500 1168
f 606 1040 1560
f 606 1067 1040
f 748 1067 606
f 748 146 1067
f 775 146 748
f 1892 1040 1168
f 1560 1040 1892
f 692 1932 1823
f 692 1998 1932
f 1998 692 1916
f 1013 1916 692
f 146 1041 1823
f 1041 692 1823
f 847 1013 692
f 847 692 1041
f 823 1041 1492
f 823 847 1041
f 775 1041 146
f 745 823 1492
f 1728 1041 775
f 1728 1492 1041
f 938 1916 1013
f 1704 938 1013
f 1704 1013 847
f 1510 847 823
f 1510 1704 847
f 1510 823 745
f 1836 938 1704
f 1836 1248 938
f 438 1248 1836
f 438 1494 1248
f 86 438 1836
f 1510 1836 1704
f 399 1836 1510
f 28 1836 399
f 28 86 1836
f 382 999 1225
f 1911 1582 155
f 1582 1225 155
f 291 382 1225
f 291 260 382
f 291 1225 1582
f 382 469 999
f 647 469 382
f 382 260 647
f 668 469 647
f 354 668 647
f 260 354 647
f 1475 668 354
f 1475 354 385
f 291 1868 260
f 1303 1868 291
f 1303 291 1582
f 1160 1303 1582
f 1303 1244 1868
f 1973 1160 1582
f 1160 64 1303
f 64 1244 1303
f 64 960 1244
f 940 960 64
f 1024 1160 1973
f 1767 64 1160
f 1767 940 64
f 253 1024 1973
f 1024 1882 1160
f 1882 1767 1160
f 1767 704 940
f 704 88 940
f 247 704 1767
f 1448 704 247
f 1564 1024 253
f 1882 1024 1564
f 498 1767 1882
f 498 247 1767
f 498 1448 247
f 852 1504 668
f 734 297 765
f 1251 1006 852
f 765 1006 1251
f 905 734 765
f 1475 228 668
f 228 852 668
f 905 71 307
f 765 71 905
f 71 765 1251
f 1180 307 1111
f 1180 905 307
f 1180 925 905
f 925 734 905
f 1868 354 260
f 1868 385 354
f 1612 852 228
f 279 852 1612
f 279 1251 852
f 279 71 1251
f 1111 71 279
f 71 1111 307
f 88 306 109
f 306 1111 109
f 306 1180 1111
f 306 887 1180
f 925 1180 887
f 385 234 1475
f 228 1475 234
f 1868 339 385
f 1244 339 1868
f 1244 855 339
f 836 279 1612
f 960 855 1244
f 960 122 855
f 1111 836 607
f 279 836 1111
f 940 122 960
f 940 88 122
f 88 607 122
f 88 109 607
f 109 1111 607
f 704 1104 88
f 1104 306 88
f 927 306 1104
f 927 887 306
f 860 234 385
f 339 860 385
f 339 1053 860
f 792 234 860
f 792 228 234
f 339 1400 1053
f 792 1612 228
f 855 549 339
f 836 792 1489
f 836 1612 792
f 122 549 855
f 122 607 549
f 607 836 549
f 1104 704 1448
f 1053 792 860
f 1400 1489 1053
f 1489 792 1053
f 549 1400 339
f 549 1489 1400
f 836 1489 549
f 925 297 734
f 927 925 887
f 443 925 927
f 1660 1104 1448
f 1660 927 1104
f 443 927 1660
f 1714 1880 1584
f 1584 169 297
f 770 1584 297
f 1714 1584 770
f 770 297 925
f 1424 770 925
f 1360 1714 770
f 1360 250 1714
f 1424 925 443
f 1424 1360 770
f 946 250 1360
f 946 1370 250
f 327 1360 1424
f 946 1360 327
f 1164 1168 1570
f 1570 1880 1714
f 250 1570 1714
f 250 1164 1570
f 1370 1164 250
f 1152 1750 1370
f 1750 261 1370
f 1152 1370 946
f 1083 1750 1152
f 798 1152 946
f 1881 1152 798
f 1881 1083 1152
f 1483 1560 1892
f 1483 606 1560
f 748 606 1483
f 1892 1168 1164
f 436 1892 316
f 436 1483 1892
f 316 1892 1164
f 261 316 1164
f 1630 316 261
f 1630 436 316
f 696 436 1630
f 696 1483 436
f 696 748 1483
f 696 300 748
f 1370 261 1164
f 1630 261 1750
f 934 696 1630
f 934 1750 1083
f 934 1630 1750
f 1689 696 934
f 892 934 1083
f 1990 745 1492
f 300 775 748
f 300 1728 775
f 1990 1492 1728
f 1208 1990 1728
f 663 1728 300
f 1264 1728 663
f 1264 1208 1728
f 663 300 696
f 882 1208 1264
f 1689 663 696
f 1264 663 1689
f 982 882 1264
f 1978 1264 1689
f 1978 982 1264
f 1443 745 1990
f 1443 1510 745
f 399 1510 1443
f 1692 399 1443
f 1692 28 399
f 534 28 1692
f 1443 1990 1208
f 1068 1443 1208
f 1068 1692 1443
f 529 534 1692
f 1955 1208 882
f 1955 1068 1208
f 529 1692 1068
f 206 529 1068
f 982 746 882
f 1955 882 746
f 206 1068 1955
f 482 529 206
f 206 1955 746
f 1776 1882 1564
f 498 1882 1776
f 1850 1776 1564
f 1469 498 1776
f 815 498 1469
f 1850 432 1776
f 1782 432 1850
f 929 815 1469
f 929 1776 432
f 929 1469 1776
f 589 929 432
f 1294 815 929
f 1782 589 432
f 589 1088 929
f 1088 1294 929
f 1089 589 1782
f 1089 1088 589
f 1660 1448 498
f 417 443 1660
f 1786 443 417
f 815 1660 498
f 278 1786 417
f 815 1908 1660
f 417 1660 1908
f 1301 417 1908
f 1301 278 417
f 1301 1729 278
f 1213 1729 1301
f 1294 1908 815
f 1294 641 1908
f 641 1301 1908
f 1213 1301 641
f 1088 641 1294
f 1462 641 1088
f 1786 1424 443
f 327 1424 1786
f 1478 946 327
f 1478 327 1786
f 1729 1478 1786
f 761 1478 1729
f 278 1729 1786
f 214 749 1089
f 749 1088 1089
f 749 1549 1088
f 1549 1462 1088
f 508 214 1089
f 1549 1057 1462
f 1213 697 1729
f 414 957 1213
f 957 697 1213
f 1679 1213 641
f 755 1213 1679
f 755 414 1213
f 1462 1679 641
f 1057 1686 1462
f 1686 1679 1462
f 1686 755 1679
f 51 414 755
f 51 120 414
f 120 957 414
f 1236 755 1686
f 51 755 1236
f 1075 946 1478
f 1075 798 946
f 299 798 1075
f 1881 798 299
f 892 1083 1881
f 761 1075 1478
f 1036 1075 761
f 1349 1075 1036
f 1349 299 1075
f 892 1881 299
f 697 1036 761
f 1696 1349 1036
f 119 299 1349
f 119 892 299
f 697 761 1729
f 1696 1036 697
f 806 892 119
f 957 1696 697
f 904 1349 1696
f 904 119 1349
f 1708 119 904
f 1708 806 119
f 120 1696 957
f 904 1696 120
f 1708 904 120
f 51 1262 120
f 1262 1708 120
f 1936 934 892
f 1936 1689 934
f 161 655 1526
f 806 1936 892
f 1526 1936 806
f 532 161 1526
f 1054 161 532
f 1452 806 1708
f 1838 806 1452
f 1838 1526 806
f 1838 532 1526
f 1415 532 1838
f 1054 532 1415
f 601 1838 1452
f 116 1838 601
f 116 1415 1838
f 1636 1452 1262
f 1452 1708 1262
f 678 601 1636
f 601 1452 1636
f 866 601 678
f 116 601 866
f 1689 1936 1978
f 839 982 1978
f 655 839 1978
f 1526 1978 1936
f 1526 655 1978
f 161 839 655
f 1830 1903 503
f 196 1054 1415
f 1508 503 196
f 160 503 1508
f 160 1830 503
f 883 1415 116
f 1230 196 1415
f 1508 196 1230
f 746 982 839
f 1417 206 746
f 1026 206 1417
f 1026 482 206
f 1487 746 839
f 1417 746 1487
f 161 1487 839
f 1065 1417 1487
f 1065 1026 1417
f 551 1026 1065
f 1026 551 1484
f 1090 161 1054
f 1090 1487 161
f 1090 1065 1487
f 503 1065 1090
f 1903 1065 503
f 1903 551 1065
f 1090 1054 196
f 503 1090 196
f 483 508 1543
f 483 214 508
f 483 749 214
f 1008 749 483
f 1008 1549 749
f 788 1549 1008
f 788 1057 1549
f 1159 1008 483
f 1945 483 1543
f 1945 1159 483
f 1159 1212 1008
f 1212 788 1008
f 788 1686 1057
f 788 1236 1686
f 788 1663 1236
f 1684 51 1236
f 1663 1684 1236
f 222 1684 1663
f 259 1663 788
f 1212 259 788
f 1262 51 1684
f 1945 1212 1159
f 1246 1945 1408
f 1731 1212 1945
f 1731 273 1212
f 1731 97 273
f 1761 97 1731
f 472 1945 1246
f 472 1731 1945
f 472 1596 1731
f 1596 1761 1731
f 1588 1761 1596
f 1589 1185 472
f 1185 1596 472
f 789 678 1636
f 1343 678 789
f 222 1636 1684
f 603 789 222
f 789 1636 222
f 542 789 603
f 542 1343 789
f 259 222 1663
f 273 603 259
f 603 222 259
f 97 603 273
f 1382 603 97
f 1382 974 603
f 974 542 603
f 542 451 1343
f 273 259 1212
f 1761 1382 97
f 974 1382 1761
f 888 974 1761
f 1038 974 888
f 1038 542 974
f 888 1761 1588
f 1636 1262 1684
f 1343 866 678
f 883 116 866
f 1589 472 1639
f 1185 1588 1596
f 1355 1466 310
f 1466 1245 310
f 1466 1732 1245
f 1185 1902 1588
f 310 1902 1185
f 1562 1355 1589
f 1355 1185 1589
f 1355 310 1185
f 779 1355 1562
f 203 968 1140
f 1038 451 542
f 1904 1140 1498
f 1904 203 1140
f 1038 1025 451
f 1498 1025 1038
f 1498 1140 1025
f 1732 1985 1245
f 1985 1498 1245
f 1985 1904 1498
f 1610 1038 888
f 1610 1498 1038
f 1498 1610 1245
f 1902 888 1588
f 1902 1610 888
f 310 1245 1902
f 1245 1610 1902
f 1230 1415 883
f 160 1508 1230
f 764 866 1343
f 764 883 866
f 1647 1230 883
f 437 1230 1647
f 437 160 1230
f 451 764 1343
f 1647 883 764
f 1140 437 1647
f 437 1140 968
f 1025 764 451
f 1025 1647 764
f 1140 1647 1025
f 1586 1293 917
f 1931 566 1056
f 1931 1390 566
f 917 1390 1931
f 1293 1390 917
f 1390 636 566
f 1390 1150 636
f 610 1390 1293
f 1390 610 1150
f 636 979 566
f 1150 195 636
f 636 195 979
f 1812 195 1150
f 610 1812 1150
f 1538 1293 1586
f 1538 849 1293
f 1538 846 849
f 849 1194 1293
f 846 1194 849
f 846 1063 1194
f 1194 610 1293
f 1194 1209 610
f 1063 1209 1194
f 610 1209 1812
f 1063 1141 1209
f 604 553 846
f 1146 553 604
f 1146 407 553
f 553 1063 846
f 553 981 1063
f 407 981 553
f 407 856 981
f 981 943 1063
f 856 943 981
f 943 1022 1063
f 856 82 943
f 1022 1522 1063
f 943 459 1022
f 82 459 943
f 1778 407 1146
f 731 1593 1778
f 1778 595 407
f 1593 595 1778
f 595 856 407
f 1593 817 595
f 595 967 856
f 595 817 967
f 1593 528 817
f 1593 1896 528
f 967 82 856
f 967 188 82
f 817 188 967
f 817 724 188
f 817 528 724
f 176 1328 731
f 1328 1593 731
f 1328 1896 1593
f 1605 1328 1687
f 1605 1557 1328
f 1557 420 1328
f 1328 420 1896
f 1557 1190 420
f 1674 1829 1605
f 117 920 1829
f 117 164 920
f 367 164 117
f 681 164 367
f 1829 1557 1605
f 164 581 920
f 681 581 164
f 681 1045 581
f 920 928 1829
f 581 928 920
f 581 221 928
f 581 1012 221
f 1045 1012 581
f 1829 1190 1557
f 928 1190 1829
f 928 1516 1190
f 221 1516 928
f 221 1480 1516
f 1012 1480 221
f 1012 1066 1480
f 1012 477 1066
f 1595 477 1012
f 3 1491 190
f 190 1045 681
f 190 1217 1045
f 1491 1217 190
f 1491 1218 1217
f 1659 1218 1491
f 1217 352 1045
f 1217 1218 352
f 1659 713 1218
f 1659 512 713
f 352 1012 1045
f 352 1595 1012
f 1218 439 352
f 713 439 1218
f 352 439 1595
f 713 236 439
f 439 708 1595
f 439 1620 708
f 236 1620 439
f 1446 512 1659
f 512 1361 713
f 713 1351 236
f 1361 1351 713
f 195 1803 979
f 195 1812 1216
f 195 1216 1803
f 1216 1145 1803
f 1216 1861 1145
f 1216 1754 1861
f 1812 709 1216
f 709 1754 1216
f 1831 709 1812
f 1831 1277 709
f 1861 1221 1145
f 1754 1221 1861
f 1754 1591 1221
f 709 1591 1754
f 709 556 1591
f 1277 556 709
f 1221 590 736
f 1591 590 1221
f 1591 753 590
f 1209 1831 1812
f 1141 1831 1209
f 1779 1548 1906
f 68 1779 1906
f 1141 1766 1831
f 898 1766 1141
f 1548 717 1711
f 1766 1277 1831
f 656 1548 1711
f 1074 1548 656
f 1074 1906 1548
f 19 1906 1074
f 19 68 1906
f 1277 1284 556
f 1766 1284 1277
f 844 1284 1766
f 895 1074 656
f 333 1074 895
f 333 19 1074
f 457 19 333
f 656 1711 324
f 895 656 324
f 446 895 324
f 1142 895 446
f 1142 333 895
f 1027 333 1142
f 1027 457 333
f 645 446 324
f 1522 1141 1063
f 459 82 539
f 1522 898 1141
f 89 158 1522
f 1022 89 1522
f 459 89 1022
f 539 89 459
f 158 640 898
f 158 68 640
f 158 898 1522
f 898 844 1766
f 898 842 844
f 842 898 640
f 640 68 19
f 177 640 19
f 237 640 177
f 237 842 640
f 842 237 844
f 457 177 19
f 151 177 457
f 151 237 177
f 237 433 844
f 237 151 433
f 844 159 1284
f 433 159 844
f 600 151 457
f 515 151 600
f 515 433 151
f 433 515 159
f 515 104 159
f 515 341 104
f 159 635 1284
f 341 965 104
f 341 907 965
f 440 457 1027
f 440 600 457
f 341 600 440
f 341 515 600
f 341 347 907
f 347 378 907
f 440 1561 341
f 1561 347 341
f 1682 630 717
f 717 630 1711
f 1682 326 630
f 326 449 630
f 326 621 449
f 630 324 1711
f 630 474 324
f 449 474 630
f 621 1043 449
f 474 645 324
f 474 334 645
f 449 334 474
f 1043 334 449
f 1124 717 1532
f 1974 1124 1532
f 1974 1532 850
f 519 1974 850
f 519 850 541
f 894 1974 519
f 885 1124 1974
f 885 686 1124
f 894 885 1974
f 1532 717 1548
f 1779 1532 1548
f 1779 850 1532
f 541 1779 68
f 541 850 1779
f 1124 1682 717
f 1124 686 1682
f 686 326 1682
f 885 179 686
f 885 768 179
f 894 768 885
f 894 1034 768
f 686 179 326
f 571 768 1034
f 326 1502 621
f 179 1502 326
f 768 1438 179
f 179 1438 1502
f 571 1438 768
f 1502 1043 621
f 1438 1043 1502
f 571 311 1438
f 1438 922 1043
f 1438 1374 922
f 311 1374 1438
f 129 541 539
f 539 188 129
f 188 539 82
f 129 519 541
f 74 519 129
f 724 129 188
f 724 74 129
f 680 894 519
f 680 519 74
f 769 74 724
f 528 769 724
f 931 769 528
f 1896 931 528
f 541 68 158
f 539 158 89
f 539 541 158
f 680 1034 894
f 966 680 74
f 769 966 74
f 1896 531 931
f 680 966 1034
f 931 966 769
f 966 659 1034
f 163 659 966
f 931 163 966
f 931 1215 163
f 531 1215 931
f 531 1306 1215
f 659 571 1034
f 571 659 1257
f 659 163 1257
f 163 1215 700
f 1306 821 1215
f 1257 311 571
f 163 700 1257
f 700 821 632
f 821 700 1215
f 311 1257 884
f 1257 458 884
f 1257 95 458
f 1257 700 95
f 821 658 632
f 821 1715 658
f 420 531 1896
f 1190 1977 420
f 420 1977 531
f 531 1977 1306
f 1977 1715 1306
f 1306 1715 821
f 1966 1715 1977
f 1190 1966 1977
f 1970 1966 1190
f 1970 1810 1966
f 1517 1810 1970
f 1480 285 1516
f 1066 285 1480
f 1516 1970 1190
f 285 1970 1516
f 1595 708 477
f 1620 1401 708
f 236 1401 1620
f 236 1668 1401
f 1351 1668 236
f 556 497 1591
f 556 1117 497
f 590 1321 1120
f 753 1321 590
f 497 753 1591
f 753 1354 1321
f 497 1354 753
f 1354 825 1321
f 1353 825 1354
f 462 1353 1354
f 497 462 1354
f 497 1909 462
f 1117 1909 497
f 1353 1898 825
f 1353 1646 1898
f 462 1646 1353
f 1909 1198 462
f 1909 1379 1198
f 1898 1646 1847
f 1198 1646 462
f 945 1847 1646
f 208 945 1646
f 1198 208 1646
f 1198 1975 208
f 1284 1117 556
f 635 1117 1284
f 104 635 159
f 378 277 907
f 231 277 378
f 944 378 347
f 944 231 378
f 104 1433 635
f 965 1433 104
f 907 1433 965
f 277 1433 907
f 635 265 1117
f 1433 265 635
f 277 1005 1433
f 277 292 1005
f 265 1909 1117
f 265 1379 1909
f 1433 1379 265
f 1005 1379 1433
f 1005 739 1379
f 1379 739 1198
f 1252 739 1005
f 739 1975 1198
f 231 170 277
f 1638 231 944
f 231 1638 170
f 170 292 277
f 170 235 292
f 1638 235 170
f 235 1527 292
f 235 989 1527
f 756 235 1638
f 756 989 235
f 989 115 1527
f 989 1099 115
f 292 1252 1005
f 1527 1252 292
f 1527 1422 1252
f 115 1422 1527
f 115 1099 1
f 1 1422 115
f 1099 951 1
f 951 402 1
f 1422 1 612
f 402 612 1
f 1252 1094 739
f 1252 1828 1094
f 1422 1828 1252
f 612 1828 1422
f 951 415 402
f 402 1530 612
f 415 1530 402
f 384 1530 415
f 415 785 384
f 785 732 384
f 645 1232 446
f 1232 1114 446
f 1114 1142 446
f 1114 1027 1142
f 334 1232 645
f 1114 501 1027
f 334 1625 1232
f 1625 1114 1232
f 1625 922 1114
f 922 1374 1114
f 1374 501 1114
f 1043 1625 334
f 922 1625 1043
f 1374 311 501
f 311 884 501
f 1027 75 440
f 75 1561 440
f 290 347 1561
f 290 1885 347
f 1885 944 347
f 1885 1426 944
f 501 75 1027
f 75 1842 1561
f 1842 290 1561
f 884 75 501
f 884 458 75
f 458 1842 75
f 458 95 1842
f 95 726 1842
f 95 700 726
f 700 632 726
f 632 580 726
f 1842 1885 290
f 1842 726 1885
f 726 1426 1885
f 726 580 1426
f 1426 1638 944
f 632 658 580
f 1426 756 1638
f 580 756 1426
f 658 1825 580
f 1715 1825 658
f 580 1825 756
f 1715 1587 1825
f 1715 80 1587
f 756 854 989
f 854 1099 989
f 1825 854 756
f 1825 1587 854
f 854 951 1099
f 1587 951 854
f 80 536 1587
f 80 1224 536
f 1587 536 951
f 951 785 415
f 951 1657 785
f 536 1657 951
f 536 1224 1657
f 1966 80 1715
f 1966 1810 80
f 1810 323 80
f 80 323 1224
f 1847 1268 1637
f 945 1268 1847
f 945 42 1268
f 42 1095 1268
f 1268 1095 1637
f 42 486 1095
f 42 1946 486
f 208 42 945
f 208 1959 42
f 1959 208 1975
f 1975 1806 1959
f 486 1946 1472
f 1946 391 1472
f 1959 801 42
f 801 1946 42
f 1806 801 1959
f 1472 391 1781
f 1946 1976 391
f 801 1976 1946
f 1806 1958 801
f 1976 623 391
f 1958 1976 801
f 391 623 1781
f 623 637 1781
f 637 133 1080
f 133 1905 1080
f 1976 843 623
f 843 637 623
f 843 133 637
f 1958 902 1976
f 843 1126 133
f 243 1126 843
f 902 843 1976
f 902 243 843
f 1905 779 918
f 133 779 1905
f 133 1126 779
f 243 1175 1126
f 1242 1175 243
f 739 1094 1975
f 1094 1806 1975
f 1828 1806 1094
f 1828 499 1806
f 612 499 1828
f 612 1239 499
f 1806 499 1958
f 499 1239 1958
f 1530 732 496
f 732 1530 384
f 785 1648 732
f 1530 1239 612
f 732 1648 496
f 165 1648 785
f 1530 1445 1239
f 496 1445 1530
f 1648 1259 496
f 1648 619 1259
f 619 56 1259
f 165 619 1648
f 496 465 1445
f 496 1259 465
f 1239 902 1958
f 1239 1445 902
f 1445 465 902
f 1259 1242 465
f 56 1242 1259
f 902 465 243
f 465 1242 243
f 1224 1490 1657
f 1657 165 785
f 1657 1490 165
f 251 1494 1568
f 1494 1604 1568
f 134 1337 1568
f 1494 438 1604
f 134 1568 1604
f 438 1331 1604
f 1331 438 86
f 1393 1604 1331
f 1184 1604 1393
f 1184 134 1604
f 130 1331 86
f 1393 1331 130
f 86 28 130
f 1967 1393 130
f 87 1393 1967
f 87 1184 1393
f 624 1184 87
f 134 1116 1337
f 1534 1116 134
f 1115 1755 1534
f 987 1534 134
f 1534 987 1115
f 987 1834 1115
f 1817 134 1184
f 1817 987 134
f 1506 987 1817
f 987 1183 1834
f 987 1506 1183
f 302 1834 1183
f 624 1817 1184
f 1506 1817 624
f 429 1744 727
f 1211 1755 1115
f 1211 727 1755
f 429 727 1211
f 1713 1744 429
f 1211 1115 1834
f 1112 1211 1834
f 1112 429 1211
f 1886 429 1112
f 429 1886 1713
f 1112 1834 302
f 1980 1112 302
f 1980 1886 1112
f 1845 1439 1915
f 520 1744 1713
f 1713 185 520
f 1845 1727 520
f 1845 520 185
f 185 1957 1845
f 1845 1957 1439
f 1713 1886 185
f 1886 362 185
f 1350 654 1435
f 1314 654 1350
f 1314 1357 654
f 1827 1350 321
f 1827 1314 1350
f 650 321 460
f 1827 321 650
f 38 1827 650
f 710 1827 38
f 460 153 650
f 153 460 1174
f 1132 650 153
f 1132 38 650
f 930 710 38
f 1727 959 1634
f 1634 959 355
f 959 1727 1845
f 355 1350 1435
f 959 321 355
f 355 321 1350
f 959 460 321
f 1845 1915 959
f 959 1915 1174
f 460 959 1174
f 127 924 1357
f 993 3 190
f 127 633 924
f 767 633 127
f 330 1491 3
f 1846 330 633
f 1846 633 767
f 330 1659 1491
f 1446 1659 330
f 1015 1446 330
f 805 330 1846
f 805 1015 330
f 1314 127 1357
f 8 1846 767
f 1110 1846 8
f 1110 805 1846
f 824 127 1314
f 824 767 127
f 602 767 824
f 8 767 602
f 865 8 602
f 865 1110 8
f 710 1314 1827
f 824 1314 710
f 865 602 1521
f 1922 824 710
f 1922 602 824
f 1521 602 1922
f 1505 1922 930
f 1922 710 930
f 878 1521 1922
f 216 1521 878
f 1378 1015 805
f 1446 1431 512
f 1015 1431 1446
f 1378 1431 1015
f 1378 805 1110
f 1179 1431 1378
f 1431 364 512
f 1110 1179 1378
f 1110 865 1179
f 364 1361 512
f 865 194 1179
f 1431 1179 364
f 194 865 1521
f 1179 293 364
f 1179 1772 293
f 194 1772 1179
f 194 216 1772
f 216 194 1521
f 364 1351 1361
f 364 986 1351
f 364 293 986
f 1772 1675 293
f 1675 1772 216
f 28 534 130
f 1967 534 1499
f 1967 130 534
f 1563 1967 1499
f 1563 87 1967
f 1388 87 1563
f 624 87 1388
f 1499 534 1274
f 900 1499 1274
f 900 1563 1499
f 1274 529 482
f 1274 534 529
f 1388 1563 900
f 1207 900 1274
f 1388 900 1207
f 1602 1388 1207
f 1274 482 73
f 1274 73 1207
f 1421 1388 1602
f 73 482 1026
f 820 1207 73
f 1602 1207 820
f 662 1183 1506
f 956 302 1183
f 662 1506 624
f 1984 1183 662
f 956 1183 1984
f 662 624 661
f 140 956 1984
f 661 624 1388
f 1984 662 1085
f 140 1984 840
f 1085 662 661
f 1984 1085 840
f 1421 661 1388
f 1085 661 1421
f 44 840 1085
f 703 1421 1602
f 1421 703 1085
f 1085 733 44
f 510 2000 1503
f 733 1529 44
f 1980 302 956
f 362 1886 1980
f 1721 1980 956
f 362 1980 1721
f 140 1721 956
f 1775 362 1721
f 2000 362 1775
f 1775 1721 140
f 1529 840 44
f 1529 140 840
f 1529 1775 140
f 1775 1503 2000
f 1503 1775 1529
f 1439 92 1915
f 712 1915 92
f 92 1439 1458
f 1957 185 362
f 1957 362 2000
f 1957 2000 1458
f 1458 1439 1957
f 510 1458 2000
f 92 1458 57
f 1066 485 285
f 276 1132 1078
f 1132 153 1078
f 477 485 1066
f 477 1987 485
f 877 1132 276
f 877 38 1132
f 877 930 38
f 153 1866 1078
f 1174 1866 153
f 485 1476 285
f 276 1476 485
f 276 625 1476
f 1078 625 276
f 1987 276 485
f 1987 809 276
f 809 877 276
f 1078 1866 625
f 1476 1970 285
f 1476 1517 1970
f 625 1517 1476
f 625 1866 1517
f 1866 712 1517
f 1915 1866 1174
f 1915 712 1866
f 708 1987 477
f 1505 930 877
f 878 1922 1505
f 1214 216 878
f 708 809 1987
f 708 411 809
f 411 877 809
f 411 1505 877
f 1401 411 708
f 1401 1352 411
f 1352 1505 411
f 1352 878 1505
f 1352 1214 878
f 1668 1352 1401
f 65 1214 1352
f 1668 507 1352
f 507 65 1352
f 986 1668 1351
f 1675 216 1214
f 293 507 986
f 1675 507 293
f 507 1668 986
f 1675 65 507
f 65 1675 1214
f 533 551 1903
f 533 972 551
f 1611 533 1830
f 533 1903 1830
f 1611 1830 11
f 442 533 1611
f 442 1740 533
f 11 1830 160
f 1523 1760 11
f 1760 1611 11
f 1336 1611 1760
f 1336 442 1611
f 1484 73 1026
f 76 73 1484
f 820 73 76
f 1762 1602 820
f 1762 703 1602
f 972 1484 551
f 972 76 1484
f 1762 76 972
f 1762 820 76
f 1740 1762 972
f 1740 972 533
f 813 476 1428
f 1567 733 238
f 1267 1567 238
f 412 238 1486
f 238 375 1267
f 1737 375 1918
f 375 412 1918
f 375 238 412
f 412 1740 442
f 1918 1428 1737
f 1752 1737 1428
f 1918 412 442
f 476 1752 1428
f 1962 1918 1336
f 1918 442 1336
f 1428 1918 1962
f 1486 1085 703
f 733 1486 238
f 733 1085 1486
f 1486 703 1762
f 1486 1762 1740
f 412 1486 1740
f 1224 1807 1490
f 1807 49 1559
f 1320 49 1807
f 1790 807 280
f 1255 476 813
f 1255 1642 476
f 807 1642 1255
f 1790 1642 807
f 807 49 1320
f 1840 733 1567
f 1840 1529 733
f 1840 1503 1529
f 510 1503 1840
f 510 1840 962
f 1265 1567 1267
f 1265 1840 1567
f 962 1840 1265
f 1849 510 962
f 510 1849 57
f 1265 1267 375
f 1265 375 1737
f 1576 1265 1737
f 1576 962 1265
f 1849 962 1576
f 1576 1737 1752
f 1849 1576 1790
f 1642 1752 476
f 1642 1576 1752
f 1790 1576 1642
f 712 1777 1517
f 1517 323 1810
f 1777 323 1517
f 323 1777 1320
f 280 1320 1777
f 323 1807 1224
f 1320 1807 323
f 712 92 280
f 57 280 92
f 1777 712 280
f 57 1849 1790
f 57 1790 280
f 1320 280 807
f 57 1458 510
f 864 157 1732
f 998 157 864
f 1726 874 1820
f 1355 864 1466
f 864 1732 1466
f 1126 1346 779
f 1346 1355 779
f 1346 864 1355
f 1346 1820 864
f 1820 998 864
f 1175 1346 1126
f 1346 1726 1820
f 203 1572 968
f 909 203 1904
f 857 1572 203
f 1985 909 1904
f 857 203 909
f 1981 1572 857
f 256 1981 857
f 256 1387 1981
f 1985 1732 157
f 998 1985 157
f 857 909 1985
f 879 1985 998
f 879 857 1985
f 879 256 857
f 1599 256 879
f 1820 879 998
f 874 879 1820
f 1599 879 874
f 968 1523 437
f 1523 160 437
f 1523 11 160
f 1572 899 968
f 899 1523 968
f 229 1523 899
f 229 1760 1523
f 1336 1760 229
f 1962 1336 229
f 229 899 1572
f 1948 1962 229
f 1981 229 1572
f 1387 1948 1981
f 1948 229 1981
f 1347 1287 786
f 619 605 56
f 923 1287 1347
f 165 605 619
f 605 923 1347
f 1242 56 1175
f 56 1736 1175
f 605 1736 56
f 1347 1736 605
f 1347 1726 1736
f 786 1726 1347
f 786 874 1726
f 1736 1346 1175
f 1736 1726 1346
f 813 1948 1387
f 1428 1948 813
f 923 1385 1287
f 923 1325 1385
f 1385 813 1599
f 813 1387 1599
f 1287 1385 786
f 1385 1325 813
f 1599 1387 256
f 1385 1599 786
f 786 1599 874
f 1428 1962 1948
f 1807 1559 1490
f 1490 1559 165
f 1559 790 923
f 1559 49 790
f 165 1559 605
f 1559 923 605
f 1255 813 1325
f 790 1255 1325
f 49 807 790
f 807 1255 790
f 790 1325 923

