# https://github.com/mikedh/trimesh
v -0.37381548 -0.20254129 -0.45210469
v -0.28478640 -0.24463291 0.32734674
v 0.26170132 0.35687792 -0.42275643
v 0.38249809 0.20355520 0.28013670
v -0.37543225 -0.34650570 0.14817090
v 0.34041026 0.06677087 -0.54258752
v 0.44845888 0.23643228 0.16324249
v 0.41554737 0.33153692 0.07943070
v -0.18351689 -0.50186229 0.06871412
v -0.44190478 -0.30169651 -0.10179720
v -0.07945167 -0.33076319 -0.54928815
v 0.34851041 -0.40485433 -0.10827306
v 0.43134969 0.31880742 -0.10676062
v 0.08718998 -0.51659000 -0.14724848
v -0.05242196 -0.01700112 -0.65186906
v 0.44803831 -0.22391284 -0.23365468
v 0.32598305 0.43072471 -0.03585863
v -0.40564314 0.35515383 -0.07080892
v -0.48259115 -0.04173925 -0.21791261
v -0.03146978 -0.06371277 -0.65758228
v 0.19471517 0.06135183 -0.62415904
v -0.42065883 0.33954144 -0.04436446
v -0.07952838 -0.16101190 -0.63277149
v -0.43330151 -0.28506237 0.13060500
v -0.29862350 0.03776738 -0.57937944
v 0.41022471 -0.33459640 -0.12793483
v 0.06795041 -0.20780550 -0.61791027
v 0.32667375 -0.15937145 0.33299309
v 0.22431338 0.43382111 -0.28217217
v -0.35985959 0.26254004 0.62191969
v 0.36187732 0.38583422 0.08206067
v -0.17036515 -0.00483753 0.38805905
v 0.11262070 -0.15582360 -0.62759417
v -0.46584877 0.16808878 -0.25920787
v 0.09713554 0.47824761 -0.28206027
v 0.15106691 -0.42820188 0.25723079
v -0.30619282 0.21020916 0.33083358
v 0.28976685 -0.18849179 0.33907706
v -0.17019820 0.28275940 0.57254189
v 0.01665273 -0.42969191 -0.43959263
v 0.15812053 0.46553892 0.19643803
v 0.46299464 -0.00681463 -0.37570068
v -0.44095734 0.07538142 0.26632524
v 0.07696436 -0.02370729 0.36902067
v 0.47450733 -0.23612623 -0.12861776
v -0.03837580 0.12561201 0.49090099
v 0.22633637 -0.00106256 0.37379846
v -0.21034937 -0.49884140 0.00016670
v 0.04007536 -0.53509521 -0.09222563
v -0.04133518 0.45211858 0.25902295
v -0.28171238 0.09090088 0.52877200
v -0.47778562 0.21783113 0.10624557
v -0.05978104 -0.53597283 -0.00381640
v -0.26265246 0.19469686 -0.55909079
v -0.41986701 -0.31098408 -0.16459003
v 0.36888671 0.39162192 -0.03970637
v -0.49697629 0.00891057 -0.25241333
v 0.46817786 0.21907637 -0.15362166
v 0.09976599 -0.46908209 0.21830508
v 0.05682172 0.16526145 -0.63582718
v -0.35550728 -0.30877349 0.22904317
v 0.39671457 -0.17348628 -0.44509456
v 0.33598796 -0.05680005 -0.54902893
v 0.12244373 -0.41117772 -0.45024484
v -0.32911289 0.32323915 -0.37463135
v -0.18510714 0.14565849 0.54023862
v -0.40446416 -0.30124199 -0.23472911
v -0.22992146 -0.48509699 -0.08885855
v 0.19332728 0.45531300 -0.26317975
v -0.46966484 0.26429939 -0.06970476
v -0.35563555 0.27128488 0.26537901
v 0.41998929 -0.14263520 -0.41794944
v -0.29858282 -0.26749101 0.31257746
v 0.47777855 -0.02078411 -0.31809101
v -0.49051163 0.08452517 -0.24726954
v 0.17375949 -0.09012880 -0.62628657
v 0.07679367 -0.41851619 0.29020551
v 0.31318495 0.43555531 0.02891312
v 0.03874018 -0.51095039 0.14849450
v -0.40418869 0.35521936 0.03874912
v -0.49017704 -0.13680585 -0.20029481
v -0.35854271 0.30478433 -0.35081947
v 0.28702113 0.16231258 -0.55635595
v 0.31124648 0.02200763 -0.57206488
v -0.51685601 0.04486093 0.12915784
v -0.18231437 0.05342731 -0.62344098
v 0.52511066 0.03810719 0.10315984
v -0.39999992 0.20313427 -0.40725067
v -0.29377931 -0.29288325 -0.47935730
v 0.51724404 0.03869850 -0.17315026
v 0.00905841 0.05611727 0.45495352
v 0.46053138 0.10845592 0.23024733
v 0.21656486 -0.45387888 -0.22662443
v -0.00799398 -0.53890038 -0.05265275
v -0.36383441 0.01308939 -0.53056908
v -0.16152532 -0.03891692 -0.63840032
v -0.01790930 -0.27172482 -0.59138674
v -0.38098052 -0.37762588 0.04181137
v -0.52312171 -0.01219875 -0.10617372
v -0.09950920 -0.13798487 0.38558918
v -0.13528906 0.45237327 0.23249525
v -0.24033488 0.41680163 -0.30616772
v -0.07102739 -0.23959558 -0.60342246
v -0.42951578 -0.15055376 -0.39318195
v 0.48255160 -0.23791113 0.02208070
v -0.40325645 -0.04829565 -0.47435993
v -0.30071726 -0.37693349 -0.31558490
v 0.46362817 0.27192676 -0.08326744
v -0.33556843 -0.41304979 0.07484110
v 0.51830500 0.01441410 -0.17241853
v -0.21998283 0.43357176 0.21115072
v -0.07109713 -0.45334601 0.25142926
v 0.45639610 -0.18653338 0.19856457
v -0.46783751 0.20369846 -0.21433088
v -0.40293705 0.15239637 0.28476372
v -0.13935483 0.44578496 -0.35903710
v -0.18091394 -0.35138941 -0.49793872
v 0.42683670 0.28505105 0.14910683
v 0.28828657 0.23609389 0.32801414
v -0.08547020 0.35739955 -0.52541989
v -0.11993570 -0.43355814 -0.40390709
v 0.29328465 -0.16820998 -0.54994977
v 0.01012947 -0.47391263 -0.32132298
v 0.26175547 -0.23728743 -0.53853261
v -0.22129573 0.17350546 0.52476591
v -0.37064409 0.30757266 -0.31495142
v -0.17116430 0.26736981 0.58738917
v 0.07782260 0.14444022 0.38691619
v -0.05668233 0.50361496 -0.22244279
v 0.27610379 0.27036664 -0.51033950
v -0.44621187 0.23909615 0.16265643
v -0.12627706 0.14092766 -0.63043481
v 0.11928835 -0.46400785 -0.31712928
v -0.44329903 -0.17158583 0.22771020
v 0.33634827 -0.12517364 -0.53402698
v -0.30158934 0.39224488 0.19979915
v -0.14559136 0.24003896 0.57044280
v 0.27914327 0.28808486 -0.49339780
v 0.25393531 0.09571409 -0.59525925
v 0.41487086 0.08479675 0.29079273
v -0.30629817 0.41263178 -0.20078912
v -0.26751021 -0.45527145 -0.12844807
v 0.09993373 -0.48429564 -0.25485036
v -0.41606566 0.28805217 -0.21715344
v -0.20216560 0.50318068 -0.02532684
v 0.51989359 -0.12882879 0.04903826
v -0.31290287 0.43998116 -0.03332173
v 0.53458035 -0.04264510 -0.09578890
v -0.20165269 -0.38507718 -0.43836460
v 0.26068148 0.39439532 -0.34002545
v 0.05284087 -0.32886162 0.34322065
v -0.24403048 -0.14026378 -0.58849990
v -0.31262320 0.22176494 -0.51459020
v -0.49199936 -0.22001347 0.01885034
v 0.30819297 -0.44325042 -0.05680789
v -0.53417259 0.08266287 -0.06145454
v 0.07167183 0.22275202 0.37088245
v 0.43423066 -0.27577028 -0.18119131
v 0.26916921 -0.45728606 0.07922784
v -0.50200611 -0.20386846 -0.02426611
v -0.40920711 -0.24974720 0.22002180
v 0.18670239 -0.35600176 -0.49673572
v 0.13331370 -0.32878166 -0.53716171
v 0.17288160 -0.23463154 -0.57856518
v -0.27887523 0.27928013 0.32055694
v -0.24898122 0.28723782 0.32679126
v -0.05487336 0.48184675 -0.30728480
v -0.45735472 -0.02095571 -0.19486229
v -0.19484830 0.29685465 0.58406413
v 0.53900433 -0.00442735 -0.07544202
v -0.36026925 0.24318877 0.28067771
v 0.10885504 0.39966050 -0.47536907
v -0.10940968 0.44431588 -0.38615853
v -0.10752906 0.30005997 -0.56601000
v 0.37990201 -0.21124186 0.27686825
v 0.25679287 0.33930328 0.29091710
v 0.46803424 -0.05436256 0.23326416
v -0.09877396 -0.41562426 0.28896609
v 0.28294075 -0.38944438 0.22022370
v -0.09941074 0.51876581 0.08665144
v 0.44668826 -0.29542014 0.05997121
v -0.41552454 -0.34383234 0.01082141
v -0.14944358 0.33695331 0.33179516
v 0.37995201 0.28538236 -0.33920312
v 0.13477057 0.38089162 -0.49354061
v -0.49311408 -0.21915266 -0.07979663
v 0.18324007 -0.50341654 0.04292252
v 0.45703077 0.13384339 -0.32647106
v 0.18489161 0.22919816 -0.57964015
v 0.40889350 0.17187235 -0.42261058
v 0.41193482 0.14763431 0.27508232
v -0.46528241 -0.27244654 -0.03403198
v -0.38191092 -0.13724090 0.31134099
v -0.16411674 -0.29726294 -0.54864889
v 0.04736922 0.53425747 -0.09738254
v -0.37159684 0.38951948 -0.03298704
v -0.48254704 0.23592405 0.05382715
v -0.17510074 -0.48671517 -0.17123926
v -0.44096062 0.19766724 -0.31258735
v -0.11212147 0.40852350 0.29277337
v -0.47435397 -0.21117534 0.12965102
v 0.53143823 -0.07928952 0.05487301
v 0.40812397 -0.19298093 -0.40273786
v -0.39967570 -0.03950687 -0.44511446
v -0.23177411 0.11100700 0.49780935
v -0.21045364 0.08019818 -0.61472481
v 0.00519163 0.38848111 0.32303840
v -0.33711916 0.24075054 -0.47654665
v -0.42428789 -0.13425337 0.26774737
v 0.09340958 -0.12575951 0.38966754
v 0.12208913 0.29430944 0.34790024
v 0.43041420 0.14266393 -0.39846191
v -0.34592631 0.20969447 0.59472489
v 0.03075450 -0.52920920 0.08492860
v 0.35614100 0.17988451 0.31251132
v 0.23679973 0.47749135 -0.11702568
v 0.03613249 -0.47305402 0.22903025
v -0.33695337 -0.21760567 0.31509411
v -0.23616083 0.30541340 0.61710930
v -0.31757888 0.42254773 -0.14283523
v -0.38114664 0.37313655 -0.10227984
v -0.46558312 -0.21205348 -0.18673587
v 0.47842163 0.15583155 -0.21922961
v 0.07903244 -0.53283882 0.04173547
v 0.00543371 0.53738087 -0.09088841
v 0.41795710 0.29834127 -0.19537854
v 0.25517562 -0.11383615 0.35868034
v -0.51351547 -0.10793807 0.10383563
v 0.48221946 0.24065633 -0.06769379
v 0.15818107 -0.50495774 0.08569012
v -0.38555163 0.30456370 -0.28399715
v 0.41914305 -0.34061763 -0.08109988
v -0.52640229 -0.11589610 -0.04741843
v -0.24286111 0.47194308 -0.10390256
v -0.44183999 0.13841614 -0.37411460
v 0.31730202 -0.34306186 -0.36200687
v 0.12956241 -0.51846665 0.05861937
v 0.46482518 -0.27317974 -0.07995386
v -0.35471863 -0.13821153 0.32540053
v 0.46169773 -0.13997085 0.21554413
v -0.12897871 -0.22830737 -0.59755647
v -0.41084507 -0.02282752 0.29003856
v 0.51278901 0.16599293 -0.08048584
v 0.08096236 0.51943129 -0.14585775
v 0.10211287 0.46310109 -0.33278349
v -0.52041757 -0.13024688 0.03472194
v 0.31400377 0.39023164 -0.24717523
v -0.41805246 -0.31739733 0.10499406
v 0.22360177 0.47418764 0.10730334
v 0.20425265 0.30952734 -0.52478373
v -0.05355813 0.46667618 -0.35891563
v -0.50663078 0.18067384 -0.04974490
v -0.04619590 0.02275020 0.43460301
v -0.05650343 0.49378753 -0.26108402
v -0.44765213 0.20282149 -0.28143540
v -0.21732821 -0.31288534 -0.51514369
v -0.21776815 0.30173379 -0.52484661
v -0.06717513 -0.17302407 0.38363352
v -0.47041079 -0.25463656 -0.09472734
v -0.45893914 -0.11789329 -0.33182895
v -0.21773471 -0.25419435 -0.55328417
v -0.31024134 0.34941244 -0.35512000
v 0.50208014 0.02308597 -0.23588917
v 0.45525065 -0.12233941 -0.33529752
v 0.38444686 -0.30493441 -0.28646153
v 0.29772520 0.44134319 -0.11323074
v -0.01139116 -0.06315815 0.38484764
v 0.51266783 0.05162637 -0.08740392
v -0.20283370 -0.04889163 0.37720764
v 0.21202524 0.07977856 0.37288824
v -0.13092333 -0.32652003 -0.54037106
v -0.48559070 0.21290727 -0.13977058
v -0.26809463 -0.32235673 -0.46858537
v -0.02942138 -0.24635436 0.36771783
v 0.05376656 0.53725016 -0.04076584
v -0.32857209 0.42797935 0.01598621
v 0.50386965 0.19803037 -0.03835410
v -0.21296547 0.01468999 0.37724483
v -0.14778255 -0.50519300 0.09779095
v -0.27108917 -0.07567320 -0.58749270
v 0.40199348 0.30992228 0.16441217
v 0.07418917 0.41609266 -0.46355489
v 0.10753816 0.51880544 0.08732902
v 0.15713392 -0.15237132 -0.61745983
v -0.00298633 -0.36174414 -0.53140742
v -0.23277009 -0.45999330 0.14057936
v 0.27665132 -0.36305910 0.25346836
v 0.07369828 0.06426098 -0.64904070
v -0.35672662 0.33014071 0.21182139
v 0.40023005 -0.35083461 0.07814345
v 0.21049410 0.41398707 0.24260744
v -0.17511751 -0.03273176 0.38047656
v -0.43660805 0.16046774 0.24200462
v 0.03447611 0.04511650 0.38501829
v -0.37509611 0.23877726 0.58296901
v 0.09531493 0.50359625 -0.19083686
v 0.31854782 -0.19099563 0.32768410
v 0.18761237 0.42669821 -0.36680380
v -0.32972163 -0.17643496 0.32804814
v -0.13323499 -0.51636654 0.06236660
v 0.44761699 0.12997542 -0.36386928
v 0.42828542 -0.21465351 -0.31327400
v 0.13236786 -0.17186099 0.37520126
v 0.44076589 0.14475580 0.24305867
v 0.41332415 -0.03829166 0.30240288
v 0.32249033 -0.10550265 0.34073737
v -0.13870925 0.05332855 0.48965436
v -0.42322350 0.16548227 -0.39710587
v -0.03809087 0.42243898 -0.46342087
v -0.10988763 0.01206531 -0.65323359
v 0.35810390 -0.26766342 0.26581362
v 0.40750965 0.12888071 -0.45087776
v -0.36750278 -0.01076816 0.33190769
v 0.46252519 -0.09481426 -0.33356136
v -0.18255633 0.45990229 -0.25254333
v 0.39638963 -0.12864998 -0.47035840
v -0.27348021 -0.39246929 0.22334799
v 0.25596571 -0.34294596 0.28649324
v -0.05289200 -0.00411929 0.36901408
v -0.10614619 0.19543903 0.37453929
v -0.04170991 0.53734082 0.02196383
v -0.47599861 0.24595127 -0.10594782
v 0.18843547 -0.50475705 -0.08152568
v 0.05828784 0.50774151 -0.19612074
v 0.14498560 -0.51889968 -0.07392532
v 0.28324771 -0.26184645 0.32306585
v 0.36809009 0.37887609 -0.12450211
v 0.21391161 0.47629550 -0.16341633
v 0.22837770 0.48634785 0.05194317
v -0.19485533 -0.38911584 0.28087527
v 0.39334726 -0.30949429 -0.24800003
v -0.26605564 0.28654659 -0.50762957
v -0.10470030 0.07985371 -0.64381564
v 0.35003251 -0.24622566 -0.45030797
v -0.21187314 -0.45369518 -0.23136635
v 0.23926187 -0.32105494 -0.49683109
v 0.26724824 0.21145116 -0.54912269
v -0.34270084 0.21313596 -0.49688131
v 0.29883194 0.31352556 0.28135747
v 0.30836833 -0.42688200 0.10268383
v -0.05000897 0.44470918 -0.41482490
v -0.27286270 -0.43862551 -0.17334220
v 0.32314166 0.29832000 -0.42641026
v -0.53317076 0.04319390 0.05269573
v -0.23496328 0.07469297 0.51408452
v 0.43798321 0.31722727 -0.04595986
v -0.17026444 0.41636249 -0.40855038
v 0.28176114 -0.34906474 -0.41020709
v -0.44127625 -0.17604816 -0.31942570
v -0.50287658 0.08194953 -0.20331144
v 0.15811399 0.36459628 -0.50276875
v 0.25553766 -0.03632044 0.36371028
v 0.50654680 0.11298034 0.12222435
v -0.28763956 0.30717850 0.62812072
v 0.41698453 0.26860526 0.18957655
v 0.12225854 -0.10060495 0.38773790
v 0.03792795 0.30892077 0.34963042
v 0.07540129 -0.31679639 -0.55748779
v -0.21250705 -0.49571788 0.04436313
v 0.25509170 0.04425661 -0.60147357
v -0.41140443 0.19201806 0.25667274
v -0.40526441 0.31912932 0.14084281
v 0.21626142 -0.06563050 0.37281197
v 0.02275916 0.52904350 0.08590880
v 0.21318221 -0.17527913 -0.59170973
v 0.30526024 -0.40683147 -0.21982302
v 0.17655870 0.50895363 -0.08214080
v -0.53284132 0.07932293 0.02600613
v -0.00478263 -0.41285846 0.30524048
v -0.28494778 0.02837517 0.35755515
v 0.40697905 0.31852892 -0.18492644
v 0.50635022 0.15089639 -0.12907371
v 0.14571339 0.51784348 -0.02113419
v 0.39794809 -0.16805506 0.28350303
v -0.23590744 -0.11693121 0.36330104
v 0.37887618 0.20823407 -0.44024646
v 0.43441123 -0.14224675 -0.38232407
v 0.13163158 -0.28061604 -0.57109404
v 0.21758984 0.49487168 -0.04880815
v -0.14694075 0.48196378 -0.22221230
v -0.03654063 -0.18675719 -0.62889773
v -0.34352908 -0.37150857 -0.21594737
v -0.50499153 -0.01223303 -0.15824126
v 0.17668006 -0.45626587 0.20555136
v 0.22360565 0.45739210 0.15656917
v -0.11784779 0.19715019 0.54714137
v 0.30297354 0.33845812 -0.39603448
v 0.47305551 -0.10661488 -0.28863823
v -0.30808109 -0.38631707 -0.26884919
v 0.41679293 -0.21031283 -0.35824147
v -0.34928536 0.39719567 -0.12627095
v 0.07074086 -0.51930785 0.11329836
v 0.26926261 -0.38476408 -0.35477662
v 0.29015854 -0.38798437 -0.30622062
v 0.00530003 -0.33871168 0.34092876
v 0.06415652 0.53268403 0.05087488
v -0.35402736 0.31601855 0.64488000
v 0.01657835 -0.23777382 -0.60776901
v -0.14997908 0.17176019 0.51348025
v 0.09458990 0.09060931 -0.64484942
v -0.19562626 0.49405134 0.08372347
v 0.49712440 0.14785449 -0.16567941
v 0.21119922 -0.41684619 -0.35847697
v -0.50765640 -0.18243678 0.02298297
v -0.02189769 0.53155559 0.07341212
v 0.38789329 -0.37249011 -0.08695769
v -0.16352664 0.42070913 0.26267162
v 0.01547161 0.53684103 0.04229507
v -0.02629161 -0.44698676 -0.40147483
v -0.33905324 -0.31248206 -0.38004184
v -0.33259690 0.36168909 0.20157899
v 0.10544781 0.44884330 -0.37924963
v 0.22080436 0.18604299 -0.58410960
v 0.30792233 0.35480088 -0.35076100
v -0.01163719 0.04259768 0.41928136
v -0.46851704 -0.01280861 -0.29449221
v -0.39286909 -0.02639100 0.30688912
v 0.23158346 -0.48792654 -0.07991991
v -0.29199758 -0.33419344 -0.42085081
v 0.50306141 -0.07548916 -0.20693435
v -0.31437871 0.43095988 -0.10363495
v -0.03299215 -0.34668845 0.33856246
v -0.39615661 0.12634988 -0.47376564
v -0.27740437 -0.03249620 -0.58680868
v -0.30748561 -0.35036761 0.24163991
v 0.22895767 0.48924872 -0.00133966
v -0.53567404 0.07762372 -0.02516500
v -0.38628703 0.30377594 0.20055118
v -0.30085847 0.26379558 0.31495076
v -0.44578847 -0.11325107 -0.38171786
v 0.35570002 0.40379438 0.00251512
v -0.11956234 -0.52292454 -0.09778181
v -0.41225478 0.08381502 -0.46412563
v 0.02756956 -0.16850170 0.38688210
v -0.07994198 0.22365278 -0.61106068
v -0.09988149 -0.04824816 -0.64986026
v 0.00256490 0.51773143 -0.16989841
v -0.14574777 0.51586670 0.05352834
v 0.35781938 0.26170796 -0.42069525
v -0.15807496 -0.18170908 -0.60835993
v -0.19050395 0.50470704 -0.07598276
v 0.17492491 0.36967513 -0.48807821
v 0.13119769 0.52017778 -0.09030382
v -0.51992530 0.13006626 0.05872502
v -0.29390556 0.32827461 -0.42438573
v 0.49771294 0.20508243 0.01411079
v -0.09058653 -0.38922983 0.31636253
v -0.05245103 0.02212682 0.37128443
v 0.06395680 -0.14879584 0.38870320
v 0.16471650 0.21482755 0.36149812
v -0.53586084 -0.06724889 -0.01551652
v 0.13346221 0.13725315 0.38202316
v -0.09416278 -0.48869404 0.18772516
v 0.35996619 0.05422213 0.32751057
v -0.30952051 -0.44036877 -0.06151986
v -0.37089223 -0.06120490 -0.51764441
v 0.00660235 -0.49734613 0.19038761
v 0.42373282 0.30830729 0.11372165
v -0.51977795 -0.05213177 0.11332860
v -0.00270534 0.41143346 -0.47906208
v -0.36482635 -0.16536134 0.31506345
v -0.11287746 0.26005578 0.35789901
v 0.16914588 0.17680386 -0.60671961
v 0.33323249 0.41877860 -0.07986137
v 0.14537954 -0.46878028 -0.26914883
v 0.18581741 0.44217882 -0.31901929
v -0.00976968 0.21734160 -0.61875081
v 0.22766225 0.13514277 -0.59726846
v -0.16422011 -0.07503449 0.38391003
v -0.30904675 0.14589317 0.52548552
v -0.08033884 0.17479026 0.52848446
v -0.46372944 0.00565039 -0.37388772
v 0.35910234 -0.19924890 -0.48009667
v -0.25524744 -0.29156142 -0.50948793
v 0.21275747 -0.43759242 -0.28649107
v -0.19363298 0.38419533 0.28636113
v 0.21572562 -0.17753895 0.35901421
v -0.46715209 -0.16972235 0.19136630
v 0.45755365 -0.22863388 0.15250868
v -0.37398222 0.38513467 0.04646719
v -0.28494394 0.33167544 0.61882830
v 0.44549629 -0.09947390 -0.38720596
v 0.49974579 0.02796274 0.19130255
v -0.31149489 -0.35245207 -0.35088390
v -0.10373788 -0.46490467 -0.32100824
v 0.10921220 0.22114341 -0.60602880
v 0.31993741 0.39684728 -0.21440913
v -0.30241069 0.39659300 -0.25227329
v -0.52960050 -0.05184011 0.07589418
v -0.07199081 0.06253012 0.38836843
v -0.46972370 -0.04301416 -0.28672010
v -0.09402152 -0.45104522 -0.37446633
v 0.38181239 -0.37901002 -0.00018182
v 0.01030259 -0.45008588 0.26119232
v -0.48972288 -0.15937929 0.14243031
v 0.09029623 -0.44188228 -0.40290564
v -0.22258675 0.49172944 0.02107984
v -0.41854337 -0.33082694 -0.11701495
v -0.30907953 -0.22554246 -0.51356423
v 0.03162728 0.51048720 0.15080459
v 0.38466802 -0.00190984 0.32728034
v -0.27430934 -0.46317160 -0.08120180
v 0.13926625 -0.46322146 0.21458337
v 0.23615417 -0.47468135 -0.12658320
v -0.35696149 0.18230101 -0.49469781
v 0.19546272 -0.46384135 0.18032362
v -0.40827268 -0.15489125 -0.43511009
v -0.02780587 -0.11866187 -0.64871955
v 0.32412848 0.41050366 -0.16253302
v -0.45757800 -0.00531115 -0.37817401
v -0.27917823 0.41100928 -0.25589052
v 0.40000173 -0.31472218 -0.21162163
v -0.32340413 -0.19606964 -0.51743978
v 0.34947982 0.21733700 -0.47850579
v 0.19431187 -0.41331789 0.25339225
v 0.31169409 -0.41509458 -0.18094331
v 0.53264254 0.07630263 0.01702704
v -0.46585211 -0.05212286 0.22967231
v -0.06716016 -0.53606266 -0.05707438
v 0.24849105 -0.47360614 0.05078777
v -0.27908903 0.22421898 0.55856973
v 0.30398136 0.26564008 0.31062275
v -0.15249279 -0.45695037 0.21764378
v -0.14610648 -0.30330935 0.34201089
v 0.42701474 0.31521988 -0.13408607
v -0.33039820 0.21405940 0.31860393
v -0.20058301 -0.48048547 0.12242725
v 0.31003526 0.37218866 0.21364628
v 0.42147502 0.31129807 -0.16091457
v -0.02327864 -0.00328722 -0.66357827
v -0.35305002 0.40711513 0.02092981
v -0.29389092 0.25943854 -0.50411588
v -0.23520477 -0.48712072 -0.04473291
v 0.25450155 -0.14012192 -0.58319730
v -0.12929630 0.47516641 0.19825186
v 0.32123262 -0.22540638 -0.50412232
v -0.34257933 0.26377240 -0.44368556
v 0.32380787 0.41954660 -0.12993041
v 0.49749738 -0.17874216 0.07919402
v -0.31906596 -0.23925368 0.31637669
v -0.33052132 0.41581276 0.08613082
v -0.40474305 -0.03745305 -0.39667079
v -0.05147006 0.13876949 0.50544846
v 0.39396879 -0.33176324 -0.18521596
v -0.32602057 -0.07953088 0.34187332
v -0.27156523 0.36500406 -0.39433429
v -0.53740245 0.00567779 0.05388926
v -0.30650875 0.10643959 0.53972298
v 0.34959641 -0.02477598 0.33697730
v 0.02284486 0.49597827 -0.24989878
v 0.02396744 0.47961733 -0.31106967
v -0.17915142 0.27354822 -0.55815816
v -0.17367536 0.19405293 0.55844182
v 0.06880476 0.47461531 0.22021089
v 0.50584650 -0.08656241 0.14909543
v -0.37263414 0.13370687 0.32204455
v -0.26458704 0.38053626 0.24567534
v -0.43368262 -0.01428635 -0.31816310
v -0.32331249 0.29150760 -0.43708420
v -0.09933764 0.48935205 0.18734859
v 0.43850622 0.30750814 0.04878162
v -0.29286569 0.39451483 -0.28029495
v -0.40098342 0.33078164 -0.16748738
v -0.47725472 0.00013915 0.22601627
v 0.02795836 -0.33016193 -0.55506527
v 0.34138119 0.20897406 0.31348935
v -0.30280465 -0.13489923 0.34406459
v 0.34379831 0.15537846 0.32810131
v 0.22436470 -0.46599311 -0.17388564
v -0.44496670 -0.30460003 -0.00379829
v 0.37600416 0.32491925 0.19187568
v -0.25270271 0.23873702 -0.54263347
v -0.32468599 0.32453400 0.64246798
v -0.01656290 0.50017530 0.18467538
v -0.46109775 0.11262091 -0.33281761
v -0.41508389 -0.01241463 -0.42833349
v 0.37702698 0.14046721 -0.49309441
v -0.21590675 0.20005289 -0.58132219
v -0.01358711 -0.17745383 0.38575909
v 0.46330574 0.15739220 0.20411390
v -0.27579665 -0.03237658 0.35920519
v -0.10803327 -0.47947440 -0.26696527
v -0.03134021 0.15706465 0.38924500
v -0.30636528 0.44198617 -0.07303681
v 0.12805921 -0.44794118 -0.36617136
v 0.15347345 -0.24151716 0.35722187
v -0.36082572 -0.38385731 0.09890118
v -0.14562993 -0.02962411 0.37982586
v -0.22902611 -0.41250476 0.23152345
v 0.00631772 0.43093148 0.28473747
v -0.45668301 -0.07072697 0.24398403
v -0.33008918 -0.02463722 0.34394100
v 0.48384863 0.05711756 0.21261984
v 0.19553494 0.37772846 -0.45828480
v 0.41920528 0.18407105 0.25221014
v 0.22338884 0.33300561 -0.49861595
v 0.09372982 -0.22215046 0.36904067
v 0.42786577 0.02985073 -0.45285758
v 0.32902756 0.34469852 0.22640528
v -0.28812763 0.38871551 -0.30652416
v 0.49331081 0.07502005 -0.24419919
v -0.03311070 0.02076870 0.46690500
v -0.51227957 -0.14215408 0.07279564
v 0.32586852 -0.40218943 0.13446401
v -0.47793859 0.08675662 -0.29043499
v 0.45632148 -0.05110175 -0.37736583
v -0.25996143 0.35270557 0.27839264
v -0.25320622 -0.19091675 0.34844524
v -0.30718881 0.34212241 0.24732949
v -0.20142867 0.41445658 -0.38084948
v 0.47379270 -0.22707961 0.10779933
v -0.45019555 -0.20681135 -0.24529314
v -0.26147741 0.21775638 0.58563077
v -0.09419520 -0.39302042 -0.48896411
v 0.20783804 0.49376252 -0.10661105
v -0.03647285 -0.43143928 0.28380531
v 0.21684730 -0.34828636 -0.48620287
v 0.33415258 -0.41651779 0.04313679
v -0.44207734 0.27593482 -0.15606590
v 0.49944115 0.16589418 0.09465250
v -0.19860882 0.44123146 -0.29328987
v 0.46495757 -0.26152372 0.07070519
v -0.34446800 -0.16463430 -0.51408970
v -0.33252144 -0.42704809 0.00263432
v 0.48322251 0.14938594 0.16283116
v -0.09073758 -0.51207662 0.12654555
v -0.38198471 0.21601421 0.27381501
v 0.07017069 0.26377827 -0.59098035
v -0.27358580 0.32127979 0.61038476
v 0.26556653 -0.46788207 -0.08791864
v -0.38977158 0.31345868 -0.24842468
v -0.18995979 0.47255623 -0.19527866
v -0.25576925 -0.19211051 -0.56418973
v 0.11523625 -0.37037218 -0.51020241
v -0.31253251 -0.20957112 0.32767209
v -0.06633637 -0.02586964 0.37447864
v 0.10500582 0.52751452 0.04014432
v 0.36120337 -0.11695139 0.32402050
v 0.22670728 -0.27185205 -0.53804511
v -0.13072798 0.25938350 0.55443341
v 0.32431009 0.40227258 -0.18779851
v 0.18476126 -0.28968263 -0.54569149
v -0.18218784 0.25626430 0.34894115
v -0.15676875 0.21738560 -0.59621298
v -0.48950797 0.09362660 0.18984589
v -0.08427794 -0.01821954 -0.64919180
v -0.37265503 0.37880260 0.08162956
v -0.10293684 -0.35361013 0.33103675
v 0.53932518 0.02214008 0.01797034
v -0.12062473 -0.01010360 0.38593110
v -0.40657422 -0.34600624 0.06187882
v -0.34606162 -0.25279158 0.28648207
v 0.44000000 0.31298816 0.00618482
v -0.00078100 0.46535113 -0.36767992
v -0.10237280 0.22284931 0.55239773
v 0.42134893 0.03199083 0.29959482
v 0.17105669 0.39980569 -0.43930081
v -0.15460727 0.51411873 -0.09950589
v -0.41688210 0.27063048 0.19229478
v -0.40625781 0.33955798 -0.12822115
v -0.21874787 0.31014115 0.59494728
v 0.06533574 -0.12032268 -0.64525390
v -0.36184013 -0.27493006 0.25687629
v 0.21539637 0.15706208 0.36218491
v 0.48269820 0.07715356 -0.28440997
v 0.34649298 0.37181482 0.15735216
v 0.12331876 -0.50083536 0.13353612
v -0.46281394 -0.07479335 -0.35500443
v -0.06129671 0.16554080 0.49752226
v 0.46605015 0.13895227 -0.28794479
v -0.04155374 0.31100649 0.34899449
v -0.41226020 -0.30592266 -0.20110282
v 0.22591613 -0.46319860 0.13404807
v 0.29349047 0.41189098 0.16353773
v -0.50209755 0.18398376 -0.10714509
v 0.17968188 -0.37442958 0.30194458
v 0.38860664 -0.02902384 -0.50848734
v 0.22190689 -0.49182612 0.01330869
v -0.05620359 0.53617370 -0.03218677
v 0.40328538 -0.06995448 0.30971289
v -0.50232732 0.19621959 0.01869373
v 0.48051414 0.19157054 0.13390398
v 0.16227177 0.42353702 0.25723320
v 0.33034554 0.40265772 0.12544835
v 0.38774267 0.29404357 -0.30125231
v -0.38964340 -0.24844769 -0.37672538
v -0.23732685 -0.26031575 0.33703500
v -0.39327258 0.27500516 0.60785341
v 0.16867229 -0.49030787 0.12572965
v -0.13785838 0.11269940 0.51744902
v -0.06998548 -0.53194046 0.05260988
v -0.28502601 0.12537083 0.34989199
v 0.39512241 0.22180338 -0.39075437
v -0.45635611 0.26937604 0.08389403
v 0.48479351 -0.12458633 0.17715892
v -0.32703418 0.26826927 0.29215720
v 0.43809023 -0.21936804 -0.27334622
v 0.32432976 -0.05368750 0.34462550
v 0.03007466 0.36748606 -0.52539128
v -0.20412518 0.42560607 -0.34064284
v 0.15648532 0.35225752 0.32513157
v -0.40150851 0.02623009 0.32034454
v -0.29919881 -0.26040557 -0.50005162
v -0.08031806 0.41116759 0.29834169
v 0.02462996 0.49222764 0.19590250
v -0.09495670 -0.49694639 -0.21409059
v -0.52870047 0.10777328 -0.02008474
v -0.40567827 0.22973716 -0.36278373
v 0.09358636 -0.35358453 0.32991835
v -0.17555423 -0.21605517 0.35882559
v -0.29521742 0.27515101 0.58832723
v 0.35986245 -0.40020007 -0.07291207
v -0.07759653 0.46468812 0.23560661
v -0.23037738 0.48816124 -0.06343510
v -0.28226370 0.45650217 0.03764273
v -0.15073507 0.48488227 0.16317602
v 0.38912627 0.35218903 -0.14431547
v -0.11976721 0.39183325 -0.48717076
v -0.21714742 -0.43312827 -0.29451221
v 0.41649243 0.34102848 -0.07258648
v -0.43677607 -0.02529870 0.24542177
v 0.28550497 -0.09800067 -0.57822657
v 0.40408176 -0.04509504 -0.48473820
v 0.05830536 0.33371025 -0.55045015
v 0.45939389 -0.22256745 -0.19869603
v -0.41423845 -0.24108511 -0.30854604
v -0.20831864 0.36347133 -0.47015563
v -0.52597964 -0.08068756 -0.11027890
v -0.44640771 0.00922063 -0.41318685
v -0.40790299 -0.03133460 -0.35295600
v -0.37733051 0.16612197 0.55281460
v 0.01840630 0.04374244 0.39176831
v 0.42333868 -0.00897748 -0.46194112
v -0.06605671 0.19858287 0.51564306
v -0.25936201 0.05930530 0.49300900
v 0.03363300 0.01952110 0.45598999
v 0.27759969 0.39565212 0.21567665
v 0.49420881 -0.21888325 -0.02793689
v -0.44893301 -0.02942630 -0.20708001
v 0.37787807 -0.33195636 0.18066159
v -0.08841633 0.20345594 0.52026194
v -0.43476668 0.18159938 -0.35164279
v -0.29821450 0.33445302 0.62546426
v -0.01974580 0.07282550 0.46732801
v -0.37237599 0.32289743 0.65159994
v -0.42227805 -0.03211145 -0.29975691
v -0.53391582 -0.04330160 -0.00242567
v 0.44470420 -0.30408734 -0.07952945
v -0.32418203 0.09932464 0.52360201
v -0.02704380 -0.03529317 0.37720093
v -0.43483901 -0.02259940 -0.26012599
v -0.38616607 0.19109558 0.57499725
v -0.46112201 -0.03101490 -0.18055800
v -0.36447001 0.33779499 0.65192300
v 0.01837190 -0.00418870 0.41620600
v -0.02085580 0.00625970 0.40294501
v -0.44729790 -0.01748019 -0.24674460
v -0.45630756 -0.04309319 -0.33395889
v 0.40117282 0.03058901 0.32117236
v -0.37773100 -0.03483510 -0.45904699
v 0.52600187 0.05301565 -0.00222096
v -0.26833943 -0.35376689 0.27085927
v -0.18517253 0.28398809 0.59674573
v -0.26592988 0.03745219 -0.59751981
v -0.07692280 0.21499398 0.52672505
v -0.41562602 -0.00226552 -0.47736728
v -0.36874253 -0.01489873 -0.51343024
v -0.17498319 0.04710975 0.46495166
v -0.05165730 0.17341800 0.50149000
v -0.07498255 0.19331430 0.51322210
v -0.36302385 0.03692009 -0.52987581
v -0.28529981 0.08149825 -0.57218331
v 0.06794569 -0.03054921 -0.64268589
v -0.03363460 0.00734190 0.45515200
v -0.12572998 0.02308345 0.46925589
v -0.38515401 0.17944300 0.56074101
v -0.17976500 0.02456190 0.46844000
v -0.24392200 0.04675000 0.48727000
v 0.52568871 -0.08112139 -0.12347949
v -0.27063099 0.05956820 0.49939299
v -0.46877423 -0.04206422 -0.27029568
v -0.50159431 -0.03179152 -0.04782593
v -0.43591300 -0.02908560 -0.24686500
v -0.39194649 0.34557053 0.65020019
v 0.14276664 0.51598924 0.06565060
v -0.48382199 -0.03325600 -0.11425000
v -0.39972201 0.28931099 0.63636798
v -0.02907797 0.03210275 0.42601293
v -0.19807030 0.33889344 0.32122061
v -0.02322126 0.08173077 0.46206313
v -0.31678048 0.13134916 0.55310011
v 0.38761318 0.05296047 0.30606562
v -0.39963499 0.25822601 0.61258203
v 0.28640476 0.34936526 0.26065609
v -0.47427699 -0.02211510 -0.14077300
v -0.26513845 0.10311101 -0.58518076
v -0.00560398 0.06023170 0.46922001
v 0.01385093 0.03639347 -0.65767217
v -0.15144563 0.08104953 -0.63540077
v 0.08815529 0.04815350 0.38421771
v -0.11242790 0.02353440 0.46916494
v 0.39611050 -0.10675513 0.30576903
v -0.03017935 0.05653343 0.43919823
v -0.04948290 0.15200664 0.50798661
v -0.25846004 0.06032509 -0.57487524
v -0.16559470 0.03400958 0.45920086
v -0.47225127 0.12814955 0.20667794
v -0.15988337 0.03363620 0.48145828
v -0.52279776 -0.04473347 -0.10101257
v 0.30890489 0.18827391 0.33209524
v -0.36854139 0.20554946 -0.46228784
v -0.05236413 0.12483451 0.50117034
v -0.19187245 0.02308454 0.47493744
v -0.46298599 -0.02525590 -0.15982901
v -0.38582274 0.17277242 0.55625015
v -0.48985761 -0.02662233 -0.06739851
v -0.27280799 0.33316201 0.62867200
v -0.12432560 0.25240868 0.56964654
v -0.06432888 0.52013576 -0.15475403
v -0.38418603 0.22876485 0.57975966
v -0.40430200 -0.03182170 -0.36697200
v 0.11232299 0.05388817 -0.63982618
v -0.49727839 -0.03176155 -0.06219685
v 0.02364400 -0.00683768 0.45555079
v 0.00695153 -0.00405258 0.47606555
v -0.51277536 -0.06231541 -0.17529766
v -0.39969999 0.27095300 0.61541998
v -0.36831900 -0.02226800 -0.47230899
v -0.47100687 -0.01937005 0.20416398
v -0.12621000 0.27099800 0.56372201
v -0.48815200 -0.02306600 -0.08772770
v -0.53081864 -0.01168546 -0.04473161
v -0.26167291 0.05330998 -0.56959617
v -0.15967752 0.49748150 -0.15363520
v 0.05989455 0.05276486 -0.63863945
v -0.04346650 0.13947000 0.49535701
v -0.48903832 -0.02608998 -0.07442289
v 0.00678521 -0.00872015 0.42273697
v -0.03725050 0.09818860 0.46903101
v -0.53776193 -0.00002317 -0.03577550
v -0.50130469 -0.02167913 -0.04782059
v -0.44858426 -0.03260563 -0.22019674
v -0.46948370 -0.12430292 -0.28752157
v -0.36057812 0.05053424 -0.50216979
v -0.45144290 -0.00890469 -0.39311230
v 0.27628455 0.27208754 0.32266325
v -0.49151391 -0.04924069 -0.26129010
v -0.28490099 0.33435100 0.62838799
v -0.50942922 -0.01290084 -0.13529985
v 0.23112310 0.39959845 -0.37769526
v 0.09481620 -0.00214550 0.38219070
v -0.39096773 0.31876266 0.65345460
v -0.52132946 -0.06335226 -0.14213286
v -0.30984062 0.03803365 -0.56971651
v -0.06585423 0.20064530 0.52248490
v 0.51096988 0.02542314 -0.19966945
v -0.37024900 -0.02815120 -0.45166299
v -0.21859400 0.32139900 0.60451102
v -0.03028658 0.08818609 0.46578234
v 0.30847636 -0.29317728 -0.45486689
v -0.02264161 0.01938486 0.39855471
v -0.08030849 0.03442096 -0.65508217
v 0.02690608 0.02205248 0.41462710
v -0.03762990 0.11196100 0.48339099
v 0.19118005 0.00011142 0.38333708
v -0.42528793 -0.26526344 0.17667964
v -0.35627967 -0.02977645 -0.49865460
v -0.43115842 -0.03231024 -0.27428898
v -0.12621000 0.27099800 0.57308197
v 0.43395129 0.22512020 0.20608130
v -0.07212687 0.20402157 0.53350419
v -0.50700188 -0.00030250 0.16507836
v -0.43482175 -0.00589494 -0.43040067
v -0.50323254 0.00884423 -0.22650740
v -0.03766190 0.11235100 0.47326100
v -0.39470500 -0.03122740 -0.39274001
v -0.38652900 0.19191900 0.56445098
v -0.37771425 0.21714830 0.59625357
v -0.30792996 0.32989690 0.62196672
v 0.48731565 -0.10487448 -0.23860236
v -0.06159868 0.14590766 0.48839563
v -0.13675815 0.03007283 0.47662127
v -0.19236340 0.03521568 0.46660218
v -0.52201200 -0.04839530 -0.12751199
v -0.13902600 0.02258540 0.46802101
v -0.27703097 0.37662163 -0.36049411
v -0.49596268 -0.01283978 -0.18835853
v -0.28567210 0.07250802 0.50339454
v 0.05089400 0.05095628 0.38536730
v -0.24398808 0.04613544 0.49554092
v -0.51679325 0.00456334 -0.17465086
v -0.39550501 -0.02324630 -0.37947899
v 0.02869400 0.01817006 0.47575852
v -0.29116133 -0.41343555 0.17111246
v -0.11767262 -0.46977058 0.21451735
v 0.00508506 0.05269736 0.43860960
v -0.03808040 0.12530600 0.48275000
v -0.44355428 -0.01277998 -0.37316862
v -0.41791424 -0.03203578 -0.31414777
v -0.31142399 0.33568400 0.63886899
v -0.46112201 -0.02226830 -0.18055800
v -0.29765099 0.04752530 -0.55106699
v -0.01967310 0.05930530 0.47279301
v -0.34224010 0.32961166 0.64766121
v -0.38339999 -0.02517420 -0.41177800
v -0.43685299 -0.02589540 -0.23974900
v 0.52548802 0.06021836 -0.02991751
v -0.43091100 -0.02233820 -0.27450100
v -0.02253798 0.03847350 0.39132985
v 0.34555164 -0.28267330 -0.41350091
v -0.42373800 -0.02748350 -0.27966401
v -0.05945730 0.01854680 0.45598999
v -0.40293497 0.29800248 0.62704641
v -0.51908022 -0.05386854 -0.15663649
v -0.06559499 -0.50780487 0.15283990
v -0.02561205 0.00463560 0.38926297
v -0.38964400 0.21851499 0.58899099
v -0.47820917 0.01052470 -0.32521966
v -0.22629714 0.06282593 0.48106131
v 0.38843986 -0.07516649 -0.50291002
v -0.49589828 0.13098063 0.14478830
v 0.53172958 0.08430903 -0.08374821
v -0.03697360 0.09908960 0.48053700
v 0.53651959 0.03421681 -0.09428906
v -0.03666781 0.01118143 0.44053376
v 0.03981359 0.03296141 0.37699360
v 0.52265733 0.12519850 -0.08658534
v -0.51458681 -0.02201307 -0.00816167
v -0.52462101 -0.04830200 -0.11456600
v -0.35970876 0.23530301 0.60883725
v -0.39963499 0.25822601 0.60473001
v -0.42507759 -0.01280603 -0.38919348
v 0.51459914 0.05130251 -0.07432687
v -0.40445316 0.33789030 0.64850533
v -0.02591989 0.07149924 -0.65235776
v -0.35649559 -0.02644972 -0.49117094
v -0.40841404 0.31630391 0.64947265
v -0.04173381 0.01228706 0.44900632
v -0.05023874 0.17843316 0.50972915
v -0.03942904 0.00611230 0.37073472
v -0.41000557 0.33615479 0.65728915
v -0.28911734 0.09909132 -0.57069212
v -0.34270644 0.11901772 0.54329503
v -0.38670701 0.20481600 0.57555598
v -0.39105162 0.22968344 0.59894460
v -0.49829388 -0.05292749 -0.23426954
v -0.39655599 -0.02847900 -0.37189499
v -0.34684610 0.16969682 0.54147387
v 0.03085588 0.00397809 0.46416733
v -0.38844499 0.21844199 0.57801098
v -0.16554900 0.02388640 0.46014401
v 0.02164508 0.03538467 0.42851201
v -0.53846198 0.01741580 0.02193393
v -0.39398652 0.26189113 0.62108552
v -0.13503379 0.07071515 0.46474445
v -0.39795399 0.24046899 0.59464598
v -0.40487820 -0.03588755 -0.37944180
v -0.36089328 0.16855817 0.57021546
v -0.51799756 -0.02653034 0.01779887
v -0.47700992 -0.02681365 -0.10749134
v -0.44912797 -0.02189077 -0.20682275
v -0.09112725 0.19965665 0.54083401
v -0.07266433 0.02564766 0.46623683
v -0.49586701 -0.00648522 -0.23360300
v -0.45787024 -0.00834076 0.24502079
v -0.15679896 0.04704843 -0.63508350
v -0.33422288 0.14305148 0.52957273
v 0.38425657 0.11768672 0.31075075
v -0.06142594 0.02420086 0.43493289
v -0.28457603 0.04779008 -0.55605954
v -0.01685010 0.03288850 0.40188900
v -0.26221666 0.30201170 0.31601456
v -0.34280300 0.01662919 -0.54661614
v -0.00948596 0.06857750 0.46548200
v -0.40084222 -0.01259044 -0.46865565
v -0.37663916 -0.00733582 -0.51649708
v -0.40168399 0.28483400 0.62876701
v -0.01191298 -0.00663917 0.40320140
v -0.13902612 0.27942806 0.56699979
v -0.51656002 -0.00682886 -0.16766785
v -0.12387410 0.02674032 0.44858515
v -0.39655599 -0.02499430 -0.37189499
v -0.03867630 0.12068100 0.47496501
v -0.08598020 0.01800070 0.45598999
v -0.24458623 0.04841643 -0.58197075
v -0.01952667 -0.00677130 0.38741970
v 0.03138246 0.40496767 0.31425577
v -0.02419087 -0.00427835 0.45379156
v -0.53740054 -0.00315391 -0.06850573
v -0.26523456 0.30869448 0.62437332
v -0.39407372 0.24579750 0.60934037
v 0.01862230 0.04481380 0.46833301
v -0.23898740 0.10400210 -0.59849674
v -0.30720755 0.07662336 0.51623517
v -0.40468812 0.34431446 0.66043729
v -0.04748780 0.15173200 0.49525601
v -0.28511328 0.06353276 0.51073605
v -0.09924160 0.02273330 0.46608001
v -0.51701874 -0.02753028 0.00508999
v -0.20414756 0.31244475 0.60141057
v -0.01967687 0.05192966 -0.63634998
v 0.15397920 0.02191274 -0.64531457
v -0.06969906 0.09014228 0.49414995
v 0.21266069 0.00489521 -0.62169355
v 0.03995289 0.01958634 0.37661555
v -0.50767732 -0.04146102 -0.12718570
v -0.32427973 0.10127380 0.53440779
v 0.33375889 0.17061500 -0.51879400
v -0.30504453 0.08930240 0.51098490
v -0.27164000 0.33357000 0.61900800
v -0.03504151 0.06138202 0.47374696
v 0.27222070 -0.30191660 -0.49095055
v -0.49336320 -0.00596330 -0.25300893
v -0.06100253 0.18907958 0.52368295
v -0.31142399 0.33568400 0.62931401
v 0.52958965 0.06125299 0.05194896
v 0.05317111 0.03671705 -0.65541840
v -0.00638644 0.04801673 0.47591934
v -0.25965464 0.04635542 -0.57753098
v 0.03526051 0.06361765 0.38783646
v -0.43510869 -0.00343292 0.28036022
v -0.53487957 -0.06585823 -0.04106087
v -0.12902625 0.05315015 -0.63500500
v 0.51061523 0.04967901 -0.12123952
v 0.49081141 -0.04893784 -0.25942382
v -0.01267361 -0.03566217 -0.64782828
v -0.20640421 -0.34467736 0.31562877
v -0.39836898 0.23591027 0.59523624
v -0.09924160 0.01869040 0.45598999
v -0.37949854 0.18419987 0.55402505
v -0.39391816 0.24705124 0.59397823
v -0.46198401 -0.02359000 -0.16729601
v -0.37841409 0.21053448 0.56780839
v -0.10448700 0.25385001 0.55346006
v -0.10665334 0.03896073 -0.65146911
v -0.46284351 -0.00696584 -0.36658204
v 0.10645811 -0.02653824 0.36773711
v -0.04778243 0.14290081 0.48727918
v -0.25837800 0.33336800 0.61844802
v -0.43023440 -0.04284327 -0.40219283
v -0.05097948 0.18688352 0.51587605
v -0.23874849 0.03915925 0.48915938
v 0.04060842 -0.00941107 -0.65717220
v -0.04961720 0.16539700 0.49941301
v -0.41568032 -0.05356646 -0.46208882
v 0.02135760 -0.00554984 0.44170201
v -0.48784810 -0.02515898 0.16937515
v -0.00133276 0.04708809 0.39177462
v -0.36700389 0.07993687 -0.51295817
v -0.46298599 -0.02825370 -0.15982901
v -0.44240740 -0.06243060 -0.40970817
v -0.27166644 0.05980180 0.51082164
v -0.42172500 -0.02280520 -0.29991001
v -0.50396949 0.05320249 -0.19273132
v 0.33734471 0.28951192 0.26828495
v -0.11250300 0.02350520 0.44737700
v 0.01924533 0.03493037 0.47611961
v 0.39696026 0.05282795 -0.47983089
v -0.33356830 0.10316435 0.52900517
v -0.47102243 -0.03737270 -0.18459791
v -0.23211870 0.03990957 0.48561373
v -0.53150606 -0.01155564 -0.02037829
v 0.09851588 0.43287718 0.26958644
v -0.48278391 -0.04375788 -0.24693350
v -0.15990734 0.37126482 -0.49262929
v 0.20051262 0.37555063 0.28910935
v -0.46754873 -0.01035151 -0.32081825
v -0.38918626 -0.06325018 -0.49570611
v -0.24514626 0.32749039 0.61008787
v -0.52146602 -0.00638261 -0.14077300
v -0.41768900 -0.02255060 -0.31435499
v -0.49066165 0.00246012 -0.27229506
v -0.38660222 0.05705388 0.31606182
v -0.37777501 -0.03156040 -0.44666001
v -0.53538060 -0.00256936 -0.10119147
v -0.47077078 -0.03272444 -0.15468428
v 0.52411652 0.03069994 -0.14805862
v -0.17931092 0.30555210 0.59832001
v -0.35965917 0.29134247 0.63536000
v -0.27872232 0.25188404 0.32897404
v -0.11250300 0.01975440 0.45598999
v -0.48405400 -0.02285930 -0.10226300
v -0.53018808 -0.05810440 -0.11190446
v -0.06773056 0.01286857 -0.65872002
v 0.18614174 0.41043767 -0.40709522
v 0.51855892 0.05368390 -0.04782357
v -0.48118201 -0.04899710 -0.28664899
v -0.49516335 -0.05423859 -0.24750009
v -0.16585301 0.29360241 0.59313053
v -0.30009127 0.05644136 -0.54488993
v -0.31699806 0.05298750 -0.53088218
v -0.03414380 0.01888010 0.42991900
v -0.11273704 0.35138509 0.33086625
v -0.36091024 0.13719879 0.54294598
v -0.04055701 0.11243053 0.49065784
v 0.53278524 0.07601757 -0.06699701
v -0.52170169 -0.00245278 -0.15430695
v -0.51686627 -0.04586568 -0.14092107
v -0.35303330 -0.02787939 -0.51157719
v -0.48409230 -0.03153811 -0.10209497
v -0.31170800 0.08639760 0.52201599
v -0.51875794 0.02435804 -0.16815047
v -0.27494422 0.12478752 0.51097620
v -0.47056100 -0.04482340 -0.29991001
v -0.43410203 -0.06252312 -0.42854726
v -0.08970276 0.23148729 0.54006410
v -0.36926699 -0.02961410 -0.45904699
v -0.24679887 0.47534406 0.06105560
v 0.02038830 0.03280220 0.40260199
v -0.01268136 0.03648635 -0.65774107
v -0.40430200 -0.02138320 -0.36697200
v -0.52575964 -0.02440160 0.03672936
v 0.00953204 -0.01563943 0.46036068
v -0.53306514 -0.04722649 -0.06142446
v -0.44438061 -0.03243546 -0.23443891
v -0.05940398 0.02594548 0.46489310
v 0.53931659 0.02808202 -0.04257539
v -0.31095007 0.04987900 -0.53743148
v -0.45737001 -0.03143980 -0.19474199
v 0.38195381 -0.11119387 -0.50036132
v -0.41038412 -0.02668130 -0.31944320
v -0.29074681 0.44126979 -0.12658942
v -0.21735688 -0.19746903 -0.58121455
v 0.20330708 -0.26416993 0.34349853
v 0.01695523 0.05108163 0.45892516
v -0.40432766 -0.00032674 0.31798568
v -0.02016505 0.02769048 0.47623658
v 0.11343054 -0.41407660 0.28793982
v -0.51179951 -0.01832858 -0.03469435
v -0.00926892 -0.01536725 0.46028644
v -0.36563841 0.15202016 0.54979956
v -0.04533543 0.09534024 0.48746693
v 0.00076054 0.02603317 0.47738960
v -0.11604330 0.26593325 0.56816339
v -0.50447625 -0.00927202 -0.20740582
v -0.04130257 0.03713973 0.37672132
v -0.16836858 -0.35625076 0.31855544
v -0.12685899 0.02233960 0.45474800
v -0.42819497 -0.01284848 -0.40600401
v 0.06362100 0.01881717 0.37463525
v -0.40549481 -0.00323062 -0.49261802
v -0.25808960 0.04989092 0.49770147
v 0.02291332 -0.00411557 0.40170965
v 0.09072029 -0.53027374 -0.09163898
v -0.53081185 -0.07911251 -0.07785989
v -0.07129975 0.03704131 0.44012034
v -0.32713404 0.01266566 -0.56012005
v 0.22401311 -0.03552551 0.36762124
v -0.20800571 0.04928807 0.47282743
v -0.36625326 0.33798179 0.63889974
v 0.00672573 -0.01710140 0.37995651
v -0.03292172 0.04013500 0.47006571
v 0.01907810 -0.00481375 0.42946699
v -0.41939130 -0.01634823 -0.33965674
v -0.03612923 0.05054198 0.38627017
v -0.52154714 -0.04204013 -0.07325735
v -0.46056789 0.01187829 0.24777895
v 0.40684903 0.00721682 -0.49535003
v -0.51099998 -0.00562730 -0.17935701
v -0.44112900 -0.04951120 -0.40600201
v -0.43341348 -0.04856524 -0.41931167
v -0.38892579 0.30171335 0.64463645
v -0.04607960 0.01571670 0.44302100
v -0.39103901 -0.03169300 -0.40681499
v -0.29816341 0.08601803 0.52792764
v -0.49796543 -0.01753765 -0.08188443
v -0.53360158 -0.05185241 -0.07452598
v -0.20350659 0.02839914 0.47362244
v -0.09228451 -0.03240230 0.37832090
v 0.51827645 -0.14710252 -0.07613165
v 0.02801885 0.03387628 0.39179486
v 0.01991780 -0.00073737 0.47437623
v -0.42177781 -0.00599640 -0.45737001
v -0.01444634 0.06872757 0.44635233
v -0.00935578 -0.00756981 0.42932776
v -0.40420845 -0.06313147 -0.47632131
v -0.38827950 0.28386110 0.63523161
v -0.21799731 0.31992942 0.61455518
v -0.44682622 -0.01483665 -0.26629514
v 0.03141180 0.03278250 0.45598999
v 0.51711780 0.05361241 -0.06116342
v -0.39605638 -0.07436285 0.31047663
v -0.50315899 -0.02766510 -0.02756180
v 0.07883638 0.05194945 -0.63960415
v 0.01587216 0.03618119 0.41845301
v -0.07154260 0.02138910 0.44192201
v -0.38616300 0.20206700 0.56682301
v -0.40789184 0.05171514 0.30068982
v -0.33983165 0.05659200 -0.51870292
v -0.44797200 -0.02242220 -0.22034200
v -0.00633880 -0.01219586 0.38982391
v 0.53153127 -0.09387560 -0.08405053
v -0.00641071 0.05133197 0.42936012
v 0.02759331 0.00474084 0.40477046
v -0.39197084 -0.02075738 -0.40671065
v 0.00207518 -0.01438936 0.44328105
v -0.30414516 0.15017521 -0.55043930
v -0.42258385 -0.02596530 -0.28659433
v 0.01259304 0.01510188 -0.66514206
v -0.35296258 0.34310284 0.64960402
v -0.22248699 0.33804622 0.31492978
v -0.48549142 -0.00262849 -0.28698233
v -0.43685299 -0.02769990 -0.23974900
v 0.53271198 0.07756252 -0.01575806
v -0.33887362 -0.02715185 -0.53758186
v -0.33553919 0.22256581 0.56646258
v -0.36665604 0.21081597 0.59547913
v -0.50035572 -0.04739410 -0.20718238
v -0.25846109 0.32615834 0.61056286
v 0.40092602 0.25202826 0.22804622
v -0.53433365 -0.04723630 0.05017406
v 0.02653750 0.06824677 -0.65270519
v -0.00656987 0.06152840 0.44285300
v -0.09328978 0.23894694 0.54217541
v 0.34247938 0.02581603 0.34051093
v -0.44486731 -0.03486000 -0.24687234
v -0.32400376 0.04967444 -0.52724338
v -0.01173735 0.01491842 -0.66523635
v -0.44990700 -0.02799620 -0.19977900
v -0.13815704 0.28173774 0.58055896
v -0.40790299 -0.02193690 -0.35295600
v -0.50132263 -0.00627228 -0.21963222
v -0.47427699 -0.03118190 -0.14077300
v -0.05005635 0.16519450 0.51324356
v -0.38339999 -0.02831840 -0.41177800
v -0.15336812 0.29429701 0.58282715
v -0.32482505 0.33445248 0.62806612
v -0.06243449 0.17772241 0.50396156
v -0.32468599 0.33613399 0.64002401
v -0.09354183 0.03523320 0.47435620
v 0.00698779 0.04633906 0.47473595
v -0.38204780 -0.03288953 -0.43237591
v -0.34542999 0.29510102 -0.39460602
v -0.39173999 0.23202799 0.58876699
v -0.23900604 0.32295105 0.62324983
v -0.27164000 0.07256680 0.49667099
v -0.43726397 0.00922653 -0.43255973
v -0.02640083 0.09107722 -0.65308058
v -0.44990700 -0.02554860 -0.19977900
v -0.23622565 0.33171812 0.62153304
v -0.46015224 -0.05044836 -0.36624384
v -0.36814833 -0.03234559 -0.47215387
v -0.38238600 -0.02982650 -0.41926301
v -0.34358448 0.33212173 0.63004720
v -0.47505799 -0.02998720 -0.12751199
v 0.17257257 -0.03109899 0.36661619
v -0.47256169 -0.02780932 0.18762690
v -0.01827748 0.04524171 0.47487015
v -0.26564121 0.05201022 0.50233334
v -0.41819337 -0.03776170 -0.35756850
v -0.01470912 0.06368230 0.38797003
v -0.28053200 0.06416390 0.50107199
v -0.20891283 0.02270600 -0.62261403
v 0.39311770 0.08398193 0.31421536
v 0.02012393 0.05164849 -0.63621610
v -0.38460252 -0.04675331 -0.49976096
v -0.28470469 0.33189324 0.63689363
v -0.20569500 0.03171990 0.48190001
v -0.29696599 0.07298370 0.51883602
v 0.37523681 0.05196819 0.31414747
v -0.00620942 0.03684358 0.40872881
v -0.46611223 -0.05350595 -0.35525006
v -0.07501994 0.13713054 0.39089784
v -0.37922964 0.01219724 -0.51893020
v 0.22008888 0.44456065 0.18726286
v 0.40787426 0.08207627 -0.47574836
v -0.13902600 0.02258540 0.45714799
v -0.51428998 -0.03164545 -0.00809333
v 0.03919440 0.00650393 0.37623531
v -0.08598020 0.02315270 0.46533999
v -0.05048371 0.52161062 0.11323732
v -0.46674401 -0.00602270 -0.35295600
v 0.14447622 -0.07254398 0.38663468
v 0.07923903 0.03683293 -0.65419841
v -0.21884198 0.24454747 0.55995381
v -0.47407061 -0.06219212 -0.32239643
v -0.41048846 0.32426852 0.64917558
v -0.47102749 -0.03555217 -0.16724750
v -0.22526905 0.08845322 -0.60749096
v 0.24927847 0.30795652 -0.50118506
v -0.50226498 -0.02446110 -0.03468200
v -0.12945008 0.28032973 0.56968367
v 0.04664775 0.07063583 -0.65315992
v 0.04052662 -0.01012124 0.36947981
v 0.02937515 0.02117540 0.39609176
v 0.00679336 -0.01075580 0.39723456
v 0.02824407 0.04113302 0.45941740
v -0.37773475 0.26326934 0.62427038
v -0.08598020 0.02099980 0.44470099
v -0.01230902 -0.02132660 -0.64720440
v -0.03293411 0.05187854 -0.63627619
v -0.35146815 0.14346161 0.53534341
v 0.02783048 0.00463995 0.42934790
v -0.38257408 -0.02134232 -0.41899443
v -0.43944845 -0.05457433 0.26668990
v -0.35671881 -0.01720138 -0.52697468
v 0.24770306 -0.41641295 0.21489547
v -0.50223565 -0.02653009 0.14306830
v 0.03143480 0.00226678 0.39008632
v -0.43434489 -0.01655355 -0.29293671
v -0.29113451 0.06594057 0.51648724
v -0.53415585 -0.01157143 0.02387382
v -0.23884746 0.03104923 -0.60936135
v -0.15092838 0.28571549 0.58165228
v -0.42416286 -0.06442367 -0.44855130
v -0.43543175 -0.03235199 -0.25997755
v 0.15492782 0.02937854 0.39154419
v -0.48496804 -0.01629509 -0.13317239
v -0.35167053 0.03820929 -0.53647274
v 0.00143087 -0.00777007 -0.66496402
v -0.40293869 0.03718518 -0.49376971
v -0.05373458 0.07939408 -0.65317631
v -0.31875446 0.08925202 0.52912194
v -0.01968066 0.05851109 0.43668982
v -0.00641696 0.05200792 -0.63647252
v -0.39550501 -0.03003540 -0.37947899
v -0.38937119 0.30192170 0.62182963
v -0.52518845 0.04573749 -0.10993073
v -0.16554900 0.29406101 0.57955301
v -0.46198401 -0.02972290 -0.16729601
v -0.30514571 0.32350418 0.63846558
v -0.00565727 0.06659938 0.45598984
v -0.07266662 0.05244368 -0.63516110
v -0.04396520 0.01806160 0.45593676
v -0.34242648 -0.34624356 0.20429072
v 0.41546187 0.05417418 0.28533980
v -0.37760237 0.05368808 -0.49216002
v 0.03951654 -0.02913691 -0.64269930
v -0.40977475 -0.03226035 -0.33956170
v -0.37384728 -0.04147985 -0.51453888
v 0.17685176 -0.06633535 0.38239050
v -0.47189415 -0.01528561 -0.18518580
v -0.10597176 0.24346028 0.55985123
v -0.42982325 -0.02335340 0.25757331
v -0.53305763 -0.05347191 -0.08778597
v -0.23345421 0.05228825 -0.58723545
v -0.08589716 0.05078460 -0.63414878
v 0.34607151 -0.14347862 0.32684153
v 0.04563599 -0.06315356 -0.65572643
v -0.47300339 -0.04892489 -0.31332612
v -0.07656590 0.21464700 0.53252399
v -0.01966300 0.04578060 0.42746001
v 0.51834202 0.06497931 -0.11301586
v 0.53305387 0.07856838 -0.04271413
v -0.36933485 -0.02161917 -0.45877177
v -0.01384849 -0.00723811 0.46942306
v -0.36436561 -0.02119261 -0.48751619
v -0.38023180 0.15902102 -0.47875425
v -0.28011528 0.05488170 -0.55656821
v -0.51042497 -0.02212640 -0.02245310
v -0.33846167 0.11184248 0.53872359
v -0.42660779 0.00905418 -0.45496464
v -0.22434929 0.04950896 0.49940985
v -0.37959942 0.23735207 0.60911769
v -0.48267004 -0.01254113 -0.22592089
v -0.11447421 0.03873552 0.44923598
v -0.46850699 -0.00639397 -0.33969399
v -0.04276173 0.09538556 0.46319339
v 0.39757529 0.05342864 0.29677564
v -0.39232540 0.00289173 -0.50814545
v 0.31794786 -0.42261142 -0.14294237
v -0.15371022 0.02380730 0.47185314
v -0.43178171 -0.03458148 -0.28670725
v 0.21099170 -0.33506396 0.32033446
v -0.44311041 -0.04338692 -0.37525177
v -0.40922353 -0.02375338 -0.32603374
v -0.02885091 0.01960407 0.38190177
v -0.49708399 -0.03388040 -0.07446630
v -0.03703155 0.07152395 0.44988388
v -0.13850991 0.26595125 0.57831562
v -0.29112640 0.01254540 -0.58692211
v -0.51042497 -0.03118980 -0.02245310
v -0.33273417 0.18356121 0.58032382
v -0.45077580 -0.07538330 -0.38573810
v -0.36443162 0.34467807 0.64803457
v 0.36310619 0.26572758 0.26262543
v -0.53068769 -0.01038925 -0.08778690
v -0.09344793 0.03542100 0.44384041
v -0.48294261 -0.04261718 -0.23360805
v -0.26451302 0.08334961 -0.58582884
v -0.39529055 0.02474839 -0.50552082
v -0.20197411 0.05190237 -0.60783648
v 0.02762598 0.09312364 -0.65206528
v -0.23300926 -0.30182254 0.32553044
v -0.36452699 -0.03141160 -0.48650700
v -0.44608128 -0.03918595 0.24516535
v -0.03258495 0.04528504 0.43503588
v -0.21941274 0.05179778 -0.59918177
v -0.52442902 -0.00669610 -0.12694100
v 0.06302547 0.07364289 -0.65298295
v 0.06056201 0.41684514 0.29621592
v 0.52791530 0.05353285 0.02509004
v -0.33109918 0.15808919 0.56777877
v -0.24359922 0.08082648 -0.59784925
v -0.06076360 0.19148900 0.51323402
v 0.00684971 0.05581510 0.46612000
v 0.00111269 -0.03715445 0.37709016
v -0.40596926 -0.03875706 0.30341783
v -0.48851177 -0.03168727 -0.08758742
v 0.08305341 -0.05748555 0.38371146
v -0.14476301 -0.00567036 -0.64741778
v 0.33089009 0.05986729 0.34198719
v -0.38622436 0.28167346 0.60966873
v -0.02665569 0.00999723 0.42577818
v 0.14813499 0.05715831 -0.63635319
v 0.19560294 0.35241717 -0.49812031
v -0.37983349 -0.03957649 -0.49619919
v -0.07721929 0.13935378 0.51461917
v 0.19823229 -0.03254129 0.36717060
v -0.17877738 0.02695311 0.47885934
v -0.47784120 -0.06369190 0.21128236
v -0.02743555 0.00447155 0.46726289
v -0.19207101 0.30791801 0.59201002
v 0.35880989 -0.38507646 0.09697302
v -0.16928270 0.01920823 -0.63958281
v 0.02658215 0.00532374 0.41618973
v 0.50468719 0.05243427 -0.14752768
v -0.39470500 -0.02204150 -0.39274001
v -0.15266629 0.02370061 0.45669121
v -0.03745043 0.13554627 0.48893479
v -0.41936341 -0.01470580 -0.35811019
v 0.43773869 0.03420347 0.27860734
v -0.51116848 -0.03487032 -0.03465319
v 0.53935140 0.02375126 -0.01526987
v 0.35708752 0.02482552 -0.53656602
v -0.40416053 -0.01648474 -0.38575342
v 0.47450337 0.24965915 0.04756337
v -0.01279186 -0.51644617 -0.17114182
v -0.53604865 -0.04594790 0.02595246
v -0.05137277 0.06685274 0.48052770
v -0.04614164 0.03635879 -0.65593958
v -0.39351159 0.05540798 -0.48308483
v 0.13362932 -0.02067303 -0.64246064
v -0.30746150 0.11684939 0.51594198
v -0.48143551 -0.00927149 -0.27360857
v -0.33166692 0.30988899 0.63796163
v -0.20994407 0.29871002 0.60820413
v -0.44971550 -0.02531006 0.22249347
v -0.47569284 -0.02414366 -0.11387875
v -0.52272636 -0.04350132 -0.08775690
v -0.31143954 0.01478155 -0.57105201
v 0.09424194 0.36346811 -0.51930964
v 0.23683780 -0.31032106 0.32172278
v -0.37402439 0.15561424 0.55407000
v -0.38150400 -0.02214800 -0.43252400
v 0.01890935 -0.01110025 0.38296267
v -0.40862399 -0.02303430 -0.33969399
v -0.07271880 0.01784070 0.45598999
v -0.47244701 -0.01694632 -0.16725557
v -0.38925731 -0.01277227 -0.49474138
v -0.48391503 -0.03642450 -0.13321272
v -0.02342266 0.01952863 0.41784924
v -0.34762490 0.14213124 0.55657971
v -0.03181613 0.37860668 0.32478309
v -0.49648881 -0.04341829 -0.19383559
v 0.53477037 -0.08180632 -0.02359175
v -0.40227300 0.29801100 0.63901299
v -0.49724099 -0.02247240 -0.06235110
v -0.35877699 0.18773586 0.58279723
v -0.06566606 -0.03801388 -0.64957768
v -0.42032224 -0.04844185 -0.44600901
v -0.50304037 -0.05991649 -0.21428582
v -0.38298881 0.20266125 0.58472896
v -0.47931916 -0.00250347 -0.31579706
v -0.10426510 0.05320935 -0.63436216
v 0.14597504 -0.02880564 0.36651814
v -0.01960910 0.03231650 0.41710600
v -0.19132440 0.30562991 0.60285425
v 0.02908470 0.00205428 0.44133505
v -0.43754303 -0.00956581 -0.41962886
v -0.39312103 -0.04001689 -0.47235611
v -0.01369152 -0.01797509 0.37946531
v -0.36611819 0.07445727 0.33011883
v 0.38767877 0.02628944 -0.51277685
v -0.07231639 0.53111470 -0.10559963
v -0.50315899 -0.02594840 -0.02756180
v 0.00015514 0.07359193 -0.65340757
v -0.50583053 0.16421741 0.07951584
v 0.00655593 0.03716964 0.40621361
v 0.00684384 0.05234162 -0.63678914
v -0.11481600 0.25817600 0.56207800
v -0.30691630 0.08690210 -0.56052983
v -0.42008829 -0.02701918 0.26576540
v -0.40230629 -0.04149980 -0.46018505
v 0.02687620 0.03871671 0.44257709
v 0.08630882 0.37851095 0.32272640
v 0.52610481 0.04650023 -0.02943107
v -0.11664081 0.23974270 0.54258686
v -0.46925399 -0.04865150 -0.32643300
v -0.32383072 0.03761154 -0.55685580
v -0.03705600 0.08582820 0.47863200
v -0.04174023 -0.34018031 -0.54769886
v -0.28730986 0.11892617 -0.56886935
v -0.25783342 0.33169460 0.62766004
v -0.05653452 -0.52724880 0.08660343
v 0.50306487 -0.19115393 -0.07735897
v -0.45894763 -0.01531611 -0.22589061
v -0.52067244 -0.01272739 -0.06653640
v 0.03337201 0.05236226 -0.63741100
v 0.02466553 0.00192509 -0.66356820
v -0.14079529 0.03793930 0.45480773
v -0.30729645 -0.06297968 -0.56867230
v 0.08114707 0.00822746 -0.65706980
v -0.05257320 0.05220241 -0.63624310
v -0.04712186 0.41195118 0.30298057
v -0.21938379 0.03707916 0.48099229
v -0.44413799 -0.02211590 -0.23463900
v -0.26392460 0.01153850 -0.60030156
v -0.42488798 -0.00915447 -0.44607693
v -0.33779061 -0.06207989 -0.54581445
v -0.04804361 0.12546033 0.47732738
v 0.03240690 0.01952110 0.44272900
v -0.34429237 0.08167849 -0.53360790
v -0.17763731 0.30144277 0.58722395
v -0.35455614 -0.40743041 -0.05279180
v -0.53231037 -0.05375097 -0.10097915
v -0.35065755 0.05013585 -0.51076245
v -0.40728176 -0.10887443 -0.46166888
v -0.04622301 0.02677760 0.46378979
v -0.36428231 0.16842104 0.54464072
v -0.33344290 0.11435212 0.52486694
v -0.50890744 -0.04110842 -0.11400305
v -0.03404296 0.07255032 0.47403824
v -0.41442850 0.02408296 -0.48056641
v 0.25294292 0.47640586 -0.06353389
v -0.28753069 0.03809055 -0.58625698
v -0.31331015 -0.37716180 0.19970556
v -0.11655454 0.04643679 0.38801658
v -0.22988960 -0.35005146 -0.46967158
v 0.02821719 0.02420863 0.42715561
v 0.01515526 0.06335475 0.38779941
v -0.52786851 0.01026913 -0.13453428
v 0.21353669 -0.11743649 -0.60669005
v -0.03425918 -0.00667723 0.37183782
v 0.14062132 -0.05725653 -0.64249313
v -0.39737371 0.27199355 0.62611681
v -0.47505799 -0.02331050 -0.12751199
v -0.46382743 -0.03035252 0.20617844
v -0.48275009 -0.00237428 -0.30018944
v 0.37110406 0.08556856 0.32744229
v -0.03362884 -0.49241585 0.19520102
v -0.01005333 0.00240789 0.47734433
v -0.03797735 -0.03206494 -0.64620656
v 0.26335642 -0.05720212 -0.59522170
v -0.24268596 0.31466925 -0.49978733
v -0.37727308 0.34468460 0.65301555
v -0.52144325 0.03891134 -0.14300707
v -0.49781099 -0.04895200 -0.21959600
v -0.47093770 -0.02123262 -0.15483920
v -0.52555394 -0.06176199 -0.12755850
v -0.19875254 0.04066526 0.49123454
v -0.01505592 -0.53431261 0.06440357
v -0.41889778 -0.03483604 -0.32696781
v -0.53638381 -0.00468162 -0.00183211
v -0.42174152 -0.03638678 0.27871466
v 0.03352600 0.03110714 -0.65971661
v -0.16555564 0.02320885 0.47096980
v -0.52992624 0.02481213 0.08725750
v -0.42835301 -0.04955550 -0.43252400
v -0.39549878 -0.01472415 -0.43873289
v 0.52341402 0.09084417 -0.11247484
v -0.01974580 0.07548120 0.45572299
v 0.18209565 -0.34637335 0.32146299
v -0.53938168 0.02414463 -0.06289575
v 0.12201598 0.04865728 0.38730863
v -0.00825094 0.40698949 0.31072354
v 0.15991601 -0.00436962 0.38876826
v -0.39834899 0.24504700 0.60064203
v 0.02978336 -0.41449976 0.30202213
v -0.45501673 -0.04178878 -0.30983999
v -0.29816300 0.33446899 0.63746899
v -0.52830952 0.05337329 -0.07060152
v -0.04463138 0.03550343 0.43527657
v -0.35672930 -0.03624908 -0.53027791
v -0.08358477 0.21817413 0.53897953
v -0.11038163 0.10933393 0.39071772
v -0.29913345 0.32437387 0.61709201
v -0.17600460 0.51032209 0.01775794
v -0.33739099 0.04754680 -0.52449900
v -0.40487888 -0.18546200 0.26883399
v -0.18737875 0.08282176 -0.62360722
v 0.10304606 -0.02046111 -0.64420235
v 0.09469772 -0.06663997 -0.65082383
v 0.50581676 0.07982051 -0.19128980
v -0.09954730 0.24365500 0.54854798
v -0.36990359 0.03273861 0.33176732
v -0.07891165 0.08324031 -0.64886659
v -0.04901316 0.04886518 0.47274175
v -0.37847266 -0.01590325 -0.47519672
v 0.40457407 -0.13288011 0.29008043
v -0.53274143 0.00064264 -0.11757015
v -0.06176981 -0.36662865 0.32994536
v -0.27125010 0.04951186 -0.56408805
v -0.38222826 -0.02592963 0.31862986
v -0.29696599 0.07298370 0.51250702
v 0.52185136 -0.07120035 0.10357380
v -0.37024900 -0.02536460 -0.45166299
v -0.39175460 -0.04378036 -0.48605201
v 0.01359266 -0.02727855 -0.64281821
v -0.42601013 0.04813746 -0.45201543
v 0.30227509 -0.02497097 -0.57577944
v -0.25108227 0.05506896 0.48758075
v -0.45387626 0.00829148 -0.39663821
v 0.04663149 0.05260591 -0.63798326
v -0.17716374 0.02729011 0.46167430
v 0.07423551 0.50775272 0.14808401
v 0.35043368 0.34560737 0.20055170
v -0.14425167 0.33329427 -0.53141683
v -0.38098171 -0.28987172 -0.32953832
v 0.41226605 -0.28352407 0.18454221
v -0.52933812 -0.02093270 0.06766677
v -0.49635604 -0.04202797 -0.17532736
v 0.39308006 -0.26132017 0.23063056
v -0.53496069 -0.06479789 0.01291757
v -0.07712897 -0.00277589 0.37607303
v 0.51529169 0.15772147 -0.02382929
v -0.51934528 -0.13594998 -0.09311362
v -0.33799160 0.18264660 0.32603896
v 0.31940374 0.24241750 0.31375399
v -0.43187568 0.22627024 0.20442569
v 0.15610959 -0.48848367 -0.18147565
v -0.03870409 -0.11446639 0.38780639
v 0.37280405 0.03160382 0.33135548
v -0.11959299 -0.13370399 -0.63444299
v 0.28437531 -0.26365212 -0.51024795
v -0.03357812 0.53380406 -0.10371681
v -0.09924160 0.02210890 0.44603801
v -0.15222692 0.26783022 0.58287734
v -0.50879651 -0.05340355 -0.19423577
v -0.30957207 -0.12248345 -0.55469745
v -0.01043666 -0.00524840 0.41616809
v -0.23323342 0.31564149 0.60010010
v -0.30599067 0.25083849 0.60807896
v 0.53127038 0.03795426 -0.11985078
v -0.50778502 -0.00632084 -0.19381900
v 0.30456632 -0.31764314 0.27059543
v -0.50248873 0.04026163 -0.21568511
v -0.40112600 0.28474900 0.61810797
v -0.45593414 -0.04492173 -0.35301062
v -0.07194794 -0.53198087 -0.10094603
v -0.39144528 -0.03543977 -0.41925445
v -0.50024050 0.05549389 0.17475182
v -0.49240726 0.02625936 0.20511235
v 0.47839007 0.09966684 0.20414059
v 0.11352510 0.02576974 -0.65287185
v -0.20383793 0.46229306 0.16879331
v -0.01284791 0.14997496 -0.64330417
v -0.27704147 -0.24242166 -0.52732503
v 0.40885654 -0.00048240 0.31471676
v 0.47730923 0.05001222 -0.32512948
v -0.46216404 -0.26088020 0.07781067
v 0.41281030 0.03503746 -0.48378357
v -0.48882160 0.02315492 -0.28226769
v -0.46958375 -0.05274366 -0.33999175
v -0.45791468 -0.03527489 -0.20705083
v 0.12030619 0.15101771 -0.62917930
v 0.16868201 -0.48061383 0.16090205
v 0.41072276 -0.31772053 0.13298669
v -0.50226498 -0.02895680 -0.03468200
v 0.49125937 0.03114283 -0.27326491
v -0.06655311 -0.07220680 -0.65361959
v -0.48335087 -0.06343637 -0.28640205
v -0.15258089 -0.09952176 -0.63347650
v 0.07494256 0.43622047 -0.42205611
v -0.30493069 0.23826456 0.32342303
v 0.02875010 0.03054141 0.47090504
v -0.03912610 0.01315362 -0.66225731
v -0.47238511 0.00922413 -0.34579146
v 0.51495284 0.08769181 -0.15081978
v -0.50687343 -0.05288006 0.15300868
v -0.43591300 -0.02429490 -0.24686500
v -0.51731998 -0.01695083 0.11247960
v -0.51991081 0.13424221 -0.08686682
v -0.11992677 0.22724262 0.55926979
v -0.53898865 0.01435568 -0.09036685
v 0.52297592 0.11590853 0.01359406
v -0.23806171 0.39933956 -0.36514112
v -0.39553827 0.34291816 0.66054547
v 0.05290485 0.01378506 -0.66087437
v 0.46186358 -0.16567698 -0.25901458
v -0.14760856 0.02110045 0.39331168
v -0.01135182 -0.53518808 -0.10395159
v 0.41914633 0.05964343 -0.45746756
v 0.53772813 0.03369746 -0.06875743
v -0.51037318 0.00922394 -0.19979800
v 0.09804065 -0.24880177 -0.59426910
v -0.15433846 0.27539700 0.56608903
v -0.30194712 -0.02321486 -0.57219732
v -0.35665563 0.15720242 0.32378313
v -0.04760192 0.11256091 0.47099742
v -0.40732494 0.31199369 0.64194500
v -0.35163009 -0.00076794 -0.54007179
v 0.24120116 0.25431672 -0.54097921
v -0.37777501 -0.02166940 -0.44666001
v 0.36258346 -0.15458760 -0.50138229
v -0.35901588 -0.10474478 -0.51675785
v -0.47926912 -0.13008006 -0.24652369
v -0.40872428 0.05173377 -0.47249153
v -0.39062309 0.32469213 0.63490260
v -0.17527580 -0.14678536 0.37238395
v 0.00831820 -0.06370237 -0.65829098
v -0.44523877 0.29948601 -0.08794650
v 0.13273974 -0.33396411 0.33480999
v 0.35489771 0.12533364 0.32946900
v -0.31582466 0.41447300 0.12481793
v -0.42148918 0.33936343 -0.00649517
v -0.20418161 -0.41112697 -0.38343278
v -0.18080513 0.44242698 0.22701854
v 0.30424911 -0.23029079 0.32244784
v -0.53243649 -0.04231407 -0.02225159
v -0.07454170 0.36820891 0.32575062
v -0.38012505 -0.10291931 0.31802166
v 0.20334750 -0.50090307 -0.02946709
v -0.45524785 -0.05319941 -0.37984017
v -0.15583828 0.51620650 -0.06097069
v 0.19388656 0.33908954 0.32326338
v 0.49403989 0.20920642 -0.08009834
v -0.03801660 -0.02126442 0.37034258
v 0.09340771 -0.50081128 -0.20035224
v 0.39729157 -0.03218946 0.31726417
v -0.32259610 0.18238856 -0.52472997
v -0.48058227 -0.05377640 -0.30112892
v -0.32564881 0.08122042 -0.54612315
v -0.33015040 0.10409380 -0.54304612
v -0.50975728 -0.04455849 -0.15409690
v -0.05429769 0.49144852 0.19579454
v -0.52590746 0.08250773 0.07695315
v -0.22426330 0.18452208 0.56441188
v -0.19701734 -0.44582537 0.20592169
v -0.24988659 -0.43149531 0.19224164
v -0.11848414 -0.04238960 0.38296774
v -0.05088014 -0.40384126 0.30801007
v -0.15073435 0.39853024 0.29058686
v -0.52021754 0.06596475 -0.13676620
v -0.20725760 0.32004446 0.60901988
v -0.40803435 0.08523960 0.30334872
v 0.39928824 0.36226332 -0.04047478
v -0.28828692 0.42413610 0.15083805
v 0.02654770 -0.39795789 -0.49746388
v 0.29012686 0.05920156 -0.57976508
v 0.38346756 -0.08393562 0.31914744
v 0.34732682 0.39295349 -0.15141003
v -0.50839102 -0.04856950 -0.18055800
v 0.40523559 0.30468833 -0.22583543
v 0.25467867 0.29796469 0.32035351
v -0.45460749 -0.01277257 -0.34845954
v -0.44715896 -0.00592100 -0.40384936
v -0.44873688 -0.05088103 -0.39305595
v -0.49060377 -0.05473438 0.18515991
v -0.29199487 0.32092845 0.27983135
v -0.24147473 -0.33257228 0.30943269
v -0.46753263 0.26773196 -0.01016369
v 0.07217760 -0.37130320 -0.51603651
v -0.41686299 -0.04238671 -0.42860529
v 0.47688788 0.13862331 -0.24948940
v -0.34946579 0.12661950 0.53919744
v 0.53781307 0.02188804 0.05878758
v -0.19041410 -0.50569248 -0.05576697
v -0.23284200 0.32522100 0.61564398
v 0.33988532 -0.18823977 -0.50900364
v 0.30330917 0.37600613 -0.31272188
v 0.17886840 0.50364798 0.06368069
v 0.23645353 -0.20818783 -0.56690007
v 0.39176178 -0.24645598 -0.36788657
v -0.45889583 0.04404980 -0.38260096
v 0.34627986 0.24045847 0.29714459
v 0.46886849 0.02060004 0.23763256
v -0.26036406 -0.36640409 -0.40463492
v -0.38092840 0.17986423 0.56944400
v -0.36443651 -0.04438926 0.32767618
v -0.24666716 -0.47395685 0.06875331
v -0.12002843 -0.38745713 0.31446335
v -0.51121098 -0.04860760 -0.16708100
v -0.06462653 0.15546244 -0.63827914
v 0.20820333 0.46433476 -0.21310718
v -0.31971064 -0.40708950 0.13164385
v -0.10367440 0.21750548 0.52947891
v -0.32410547 -0.30295551 0.26735947
v -0.53814983 0.03018943 -0.02540864
v -0.50090486 -0.01465276 -0.10614891
v 0.13463224 0.32030633 -0.54275191
v -0.39467955 0.32300225 -0.20732170
v 0.11049954 0.08472232 0.38691184
v 0.03072144 -0.03024450 0.37182799
v -0.33968678 0.03717321 -0.54575247
v 0.33899787 0.25572261 -0.46083239
v 0.25528061 -0.21745394 0.34279940
v -0.40330663 -0.31907147 0.14313175
v -0.49707997 -0.08744695 0.16516130
v -0.11325259 0.52333421 -0.09978808
v 0.50649399 -0.00648006 0.16559651
v -0.05088111 0.08783510 0.45999071
v 0.27605414 -0.43050680 0.15032798
v 0.39745358 0.29850805 -0.26247779
v -0.44495511 0.01426509 0.26869974
v -0.49332449 -0.00395014 0.19896455
v -0.51293969 0.08062179 -0.16680989
v 0.03041251 -0.05075033 0.38318026
v 0.50066423 0.04868265 -0.20057316
v -0.30095348 0.40726608 -0.22729284
v 0.45413116 -0.09338582 0.24481185
v 0.27018440 0.01584801 0.36238348
v -0.37818027 0.03721751 -0.51614749
v -0.41833097 0.33793971 -0.09182900
v -0.48737067 -0.05081213 -0.27202284
v 0.02993503 -0.25971103 0.36394811
v -0.08360940 0.03146444 0.38080463
v 0.53194469 0.01368337 -0.12120477
v -0.18503055 0.09266610 0.48229069
v -0.47971079 -0.21661396 -0.13238196
v -0.42373800 -0.02615660 -0.27966401
v 0.48535281 0.21189037 0.08359925
v -0.48035255 -0.01255633 -0.25545695
v -0.24521741 0.33155933 0.62023818
v -0.39389071 -0.29526377 -0.27979264
v -0.10720151 0.08617296 0.50028872
v 0.28965154 -0.45458701 -0.00422681
v -0.52933019 0.08456858 -0.10357431
v 0.01652937 0.29270798 -0.58127558
v -0.20309684 0.17380746 0.36221844
v 0.40787309 -0.32385287 -0.16186231
v 0.44546786 0.30472761 -0.08285566
v -0.42677587 -0.33181730 -0.04322366
v -0.38730851 0.25804412 0.59656882
v 0.06699633 -0.44898424 0.25893676
v -0.03224868 -0.39934278 -0.49123579
v 0.05092921 0.38277289 0.32391298
v -0.32813847 -0.27121207 -0.45786318
v -0.36905536 -0.36879757 -0.15366097
v 0.49119404 -0.01398315 0.20447695
v -0.02115760 0.00744961 0.41739401
v 0.32015136 0.11501180 -0.55007768
v -0.23815086 0.31841594 0.31917340
v 0.53576660 -0.04129594 0.02473439
v 0.10315903 0.51081496 0.12129463
v 0.37392083 0.27192017 -0.37497389
v -0.25549951 0.35339415 -0.43725011
v -0.18897012 0.48478898 0.12714282
v -0.20618814 -0.08848768 -0.61612797
v -0.01771429 0.23552001 0.37070933
v 0.11749469 0.46773124 0.21842445
v 0.36458683 0.30001688 0.23156370
v -0.07902375 0.40988064 -0.47282621
v 0.46492800 0.03575232 -0.37125036
v -0.47605807 0.20768267 -0.18114316
v -0.40258899 0.34187606 0.09430294
v -0.49072421 -0.19618198 0.08810288
v 0.44612139 0.04638565 -0.41367358
v 0.42919251 -0.32917449 0.02374729
v -0.35840729 0.10208022 -0.51779979
v 0.33956185 -0.42016387 -0.01293122
v 0.50257760 -0.04803892 0.16980229
v -0.38997647 0.27182257 -0.33184606
v 0.24145716 0.24924731 0.33876601
v 0.16402070 -0.02357217 -0.63833350
v -0.53147668 -0.04386529 -0.04279521
v -0.35040799 0.34110400 0.64254701
v 0.30796883 0.25959980 -0.49009076
v -0.19597553 0.04264463 -0.62303060
v -0.04112558 0.28652671 -0.58552450
v -0.25570813 0.06176709 0.50999874
v 0.25593799 -0.34488893 -0.45364574
v -0.31955254 -0.03093852 -0.55593330
v -0.27655104 0.32963708 0.63360202
v 0.17556244 0.27502784 -0.55944663
v -0.10907433 -0.27613488 -0.57827032
v -0.50959229 -0.17613825 -0.08018092
v -0.27985930 0.08972197 0.50187331
v -0.18038693 0.35862604 0.31246433
v 0.30639356 0.42905161 0.09666995
v -0.06067341 -0.05370373 0.38445306
v -0.39918599 0.26801801 0.60680002
v 0.39099747 0.36773914 0.04060285
v -0.09085476 -0.51454347 -0.15478891
v -0.28744376 -0.45140502 0.05691861
v -0.07746562 0.50801253 0.14548835
v -0.19341393 0.15687954 -0.60528380
v -0.27002922 -0.29557142 0.31454629
v -0.31241864 0.41674078 -0.17404801
v -0.25283778 0.07394373 0.49087799
v -0.35008168 -0.19151516 0.31574488
v 0.33729976 -0.36548543 0.19046669
v 0.38675168 0.09629414 -0.49565706
v 0.52972257 -0.02276778 0.07927589
v 0.37890983 0.05765220 -0.50354922
v 0.28413919 0.45731053 -0.08197412
v -0.35943240 -0.25914732 -0.42433232
v 0.25176433 0.42238691 0.20243323
v 0.17870116 -0.41699898 -0.39501613
v 0.29889089 -0.39778906 -0.26008883
v -0.08145602 -0.41538295 -0.45660242
v 0.48101082 -0.18634965 0.13414851
v -0.13460302 -0.10840624 0.38571024
v 0.14668506 0.09978104 -0.63249218
v 0.03041773 -0.11858832 0.38929477
v 0.00098933 -0.49577087 -0.24411178
v 0.48553106 -0.23349069 -0.08332127
v -0.33818099 0.33687600 0.64251399
v -0.28241929 0.38374358 -0.33301175
v 0.46441111 0.19300084 0.18170933
v -0.00918913 0.04036043 0.39831445
v -0.26821274 0.46649301 -0.05827801
v -0.12560545 0.10210399 -0.63853216
v -0.38298333 -0.24399129 0.25602794
v 0.12465379 -0.00473391 0.38882732
v -0.44926640 0.29045826 0.04664220
v 0.15551470 -0.36424422 -0.50322038
v -0.14368156 0.07874598 0.38872463
v -0.23806058 -0.40646920 -0.34514877
v -0.09756725 -0.52314937 0.07995796
v -0.38466129 0.10755271 0.31953004
v 0.50511032 0.05677670 -0.17267932
v 0.51188469 -0.16439654 0.01466607
v 0.45767683 0.26887789 0.08042544
v -0.40698668 0.16122645 -0.43482852
v 0.21893542 0.29653379 0.33207384
v 0.05361845 -0.38781643 0.31482720
v -0.47497565 0.05167696 0.22445829
v -0.45956954 0.17053427 0.20236491
v -0.11940233 0.25219381 -0.59015912
v 0.51352739 -0.08258694 -0.16715819
v 0.19918004 -0.11513243 0.37157357
v 0.49253273 0.13172497 -0.19932847
v -0.45065090 0.09163660 -0.38252562
v 0.36306316 -0.29180250 -0.36522630
v -0.12571359 0.15227234 0.53136486
v 0.15680751 0.07742227 0.38467264
v -0.28331244 0.44742978 0.08658195
v -0.13488057 -0.36348766 -0.50902337
v 0.23215324 0.35692644 -0.45691133
v -0.37173006 0.28694278 0.23469861
v -0.38932428 -0.37100604 -0.08890229
v 0.26658413 -0.28999168 0.31989703
v -0.41907620 -0.06413975 0.28852072
v 0.22928120 0.32788965 0.31765914
v 0.44276002 0.06543610 0.26493353
v 0.37417975 -0.29988250 -0.32487333
v -0.37940502 0.25096869 -0.39173779
v 0.43721834 -0.03744615 -0.42710823
v 0.12614824 -0.02847319 0.36698899
v -0.47828776 -0.12089452 0.19851823
v 0.46568552 -0.23111492 -0.16550463
v 0.22134374 -0.44134417 0.20089540
v -0.07601654 -0.47821051 0.21540505
v -0.40822631 -0.20025176 -0.39081940
v 0.42574066 -0.33584720 -0.02697446
v 0.30816993 0.38332415 -0.28085190
v -0.13263297 0.02686940 -0.64896309
v 0.27799860 0.45612472 0.06767581
v 0.15185215 -0.40038714 0.29054850
v -0.19890684 0.33354053 -0.51025790
v -0.42384371 0.01656606 0.29615688
v -0.47760090 0.19010934 0.14480169
v 0.08704449 0.49262178 -0.23808022
v -0.21201202 0.28127575 0.60208374
v -0.50263482 -0.14415903 -0.14752227
v 0.02875083 0.16183469 0.38821104
v 0.51302433 0.04980453 -0.10080907
v 0.17922656 0.48176184 0.14264959
v 0.09112260 -0.53233147 -0.02123394
v -0.45681709 0.20521988 -0.24673563
v -0.28717700 0.16632004 0.53099608
v 0.44916767 0.30019358 -0.02026028
v 0.30295548 -0.44195187 -0.10515135
v -0.09173891 0.52965075 0.02408913
v 0.02838593 -0.45275688 -0.39283931
v 0.27383226 0.00551338 -0.59555322
v 0.15190756 0.43819889 -0.37203661
v -0.38856214 -0.14952822 -0.47364959
v 0.03762615 0.45550996 -0.39054450
v 0.45257047 0.09319915 -0.37718222
v 0.28418764 0.11838310 0.35110608
v -0.21556030 0.09480184 0.37114778
v 0.12258664 0.36817908 0.32394975
v 0.07316589 -0.39887133 -0.48484567
v 0.36619559 0.17614821 -0.48922053
v 0.43361318 -0.23746000 0.19910468
v -0.38622862 0.09056871 -0.49216634
v -0.15888147 -0.41432279 -0.42145407
v 0.06838792 0.53531080 0.00111066
v -0.44171697 -0.21656689 0.20190689
v -0.23786153 -0.02615170 -0.60961348
v 0.51042557 0.05972458 0.15021704
v 0.02633541 -0.16359904 -0.63853061
v -0.16024421 0.40054697 -0.44742429
v 0.01934198 0.47273546 0.23078196
v -0.09915935 -0.24888106 0.36225322
v -0.03364055 0.34427491 -0.54243368
v -0.17385772 -0.50740355 -0.10223240
v -0.14019598 0.46209767 -0.29986534
v -0.25904730 0.42343438 0.19560516
v 0.08615889 0.53095621 -0.09561306
v 0.22221932 -0.38459262 -0.41674301
v -0.06527916 0.51067948 -0.19041495
v -0.28567901 -0.41552910 -0.22029795
v 0.03176503 0.41911924 -0.46487138
v 0.04908965 -0.49088958 0.19360620
v -0.15005168 -0.38332602 0.30706334
v 0.02511322 -0.53818256 0.01281493
v 0.31591040 -0.27365831 0.29437822
f 1022 1145 233
f 451 1022 233
f 1335 1516 1145
f 1167 1335 1145
f 1114 1167 1145
f 1022 1114 1145
f 1856 1114 1022
f 1710 1022 451
f 1710 1856 1022
f 747 1710 451
f 570 1823 182
f 222 672 55
f 55 1810 222
f 259 55 10
f 259 1810 55
f 10 55 498
f 222 67 672
f 222 612 67
f 160 186 192
f 154 160 192
f 186 1810 259
f 192 186 259
f 192 259 10
f 192 10 1823
f 570 192 1823
f 260 104 349
f 260 430 104
f 349 104 1945
f 81 1697 612
f 843 349 612
f 1697 843 612
f 843 260 349
f 612 349 726
f 1617 1956 1867
f 1617 728 1956
f 1867 1956 1810
f 1956 222 1810
f 1956 81 222
f 81 612 222
f 233 1617 1867
f 233 1867 160
f 404 233 160
f 404 246 233
f 1867 1810 186
f 160 1867 186
f 1559 1305 1105
f 1559 1461 1305
f 1276 668 260
f 1654 1262 668
f 1276 1654 668
f 1489 1654 1276
f 668 430 260
f 668 1374 430
f 1714 1748 1374
f 1241 1374 668
f 1241 1714 1374
f 668 1262 1241
f 1262 1639 1241
f 1654 1639 1262
f 1654 758 1639
f 1489 758 1654
f 1036 472 510
f 1746 1272 1036
f 1746 1357 1272
f 1067 1357 1746
f 1374 1051 430
f 1748 1051 1374
f 1160 1161 1051
f 1748 1160 1051
f 1714 1365 1748
f 1241 1365 1714
f 1639 1365 1241
f 898 510 845
f 898 1036 510
f 1746 1036 898
f 558 1067 1746
f 1105 1518 430
f 1051 1105 430
f 1161 1559 1105
f 1161 1105 1051
f 1160 1040 1161
f 1748 1040 1160
f 1365 1040 1748
f 1639 1250 1365
f 758 1250 1639
f 1553 1250 758
f 1139 1747 1470
f 932 1747 1139
f 932 845 1747
f 932 898 845
f 898 932 1421
f 1421 1746 898
f 1154 1746 1421
f 558 1746 1154
f 1462 946 1697
f 1548 946 1462
f 1662 843 1697
f 1088 1662 1697
f 946 1088 1697
f 1088 847 1662
f 847 1805 1662
f 1087 1722 1662
f 1805 1087 1662
f 1088 1064 847
f 946 1064 1088
f 946 1379 1064
f 1548 1379 946
f 1548 19 1379
f 1813 1072 1435
f 1813 1013 1072
f 1355 1013 1813
f 1355 964 1013
f 1355 1222 964
f 1662 260 843
f 1662 1276 260
f 1662 1722 1276
f 1340 1489 1276
f 1340 1276 1722
f 1722 1104 1340
f 1087 1104 1722
f 1087 491 1104
f 1805 491 1087
f 1805 781 491
f 847 781 1805
f 1064 781 847
f 416 1464 1067
f 416 1539 1464
f 416 1202 1539
f 1435 1202 416
f 1355 1813 1497
f 1340 758 1489
f 1340 1570 758
f 1104 1570 1340
f 491 1570 1104
f 1064 1216 781
f 1379 1216 1064
f 1379 1115 1216
f 19 1115 1379
f 19 842 1115
f 1179 1435 416
f 1179 1813 1435
f 757 1813 1179
f 1813 757 1497
f 491 1363 1570
f 781 1363 491
f 781 868 1363
f 781 1306 868
f 1216 1306 781
f 1507 1497 757
f 1190 1115 842
f 1190 1507 1115
f 1190 1497 1507
f 1300 1067 558
f 1300 416 1067
f 416 1300 1179
f 1570 1553 758
f 1570 899 1553
f 1570 746 899
f 1363 746 1570
f 1216 783 1306
f 1115 783 1216
f 1115 1203 783
f 908 1179 1300
f 751 868 1306
f 751 908 868
f 751 1179 908
f 1671 1306 783
f 1671 751 1306
f 1671 1179 751
f 1671 757 1179
f 906 783 1203
f 906 1671 783
f 906 757 1671
f 906 1507 757
f 1507 1203 1115
f 1507 906 1203
f 1550 853 728
f 1083 1550 728
f 1098 914 853
f 884 853 1550
f 884 1098 853
f 929 1550 1083
f 929 884 1550
f 99 1591 1389
f 826 81 1956
f 853 826 1956
f 728 853 1956
f 914 826 853
f 1629 1208 1462
f 1743 1629 826
f 1773 1743 826
f 914 1773 826
f 914 1725 1773
f 1098 1725 914
f 884 1006 1098
f 929 1006 884
f 929 1522 1006
f 980 891 1159
f 383 1097 980
f 849 1097 383
f 849 1070 1097
f 849 1389 1070
f 1780 1389 849
f 1780 99 1389
f 1462 1697 81
f 826 1462 81
f 1629 1462 826
f 1208 1548 1462
f 1629 1455 1208
f 1743 1455 1629
f 1743 1612 1455
f 1773 1612 1743
f 1725 1612 1773
f 1098 1006 1725
f 1451 1725 1006
f 887 1635 1135
f 887 1159 1635
f 383 1159 887
f 383 980 1159
f 849 383 1308
f 1780 849 1308
f 1208 19 1548
f 1455 19 1208
f 1060 19 1455
f 1060 1455 1612
f 1278 1060 1612
f 1725 1278 1612
f 1725 1076 1278
f 1451 1076 1725
f 1522 1451 1006
f 1522 786 1451
f 1308 383 1549
f 1439 1780 1308
f 1355 1135 1222
f 887 1355 1332
f 887 1135 1355
f 1449 887 1332
f 1449 383 887
f 383 1449 1549
f 1060 1655 19
f 1451 1223 1076
f 1451 1245 1223
f 786 1245 1451
f 786 1439 1245
f 795 1076 1223
f 795 1549 1076
f 795 1308 1549
f 1537 1223 1245
f 1537 795 1223
f 1537 1308 795
f 1439 1537 1245
f 1439 1308 1537
f 1355 1497 168
f 1355 168 1332
f 1655 842 19
f 1060 1119 1655
f 1060 753 1119
f 1278 753 1060
f 1278 1320 753
f 1076 1320 1278
f 1076 1050 1320
f 961 168 1497
f 901 1119 753
f 901 168 1119
f 901 1332 168
f 1032 753 1320
f 1032 901 753
f 1032 1332 901
f 1032 1449 1332
f 814 1320 1050
f 814 1032 1320
f 814 1449 1032
f 814 1549 1449
f 1549 1050 1076
f 1549 814 1050
f 1655 739 842
f 1119 739 1655
f 1119 1219 739
f 961 842 739
f 961 1190 842
f 961 1497 1190
f 1239 739 1219
f 1239 961 739
f 1239 168 961
f 168 1219 1119
f 168 1239 1219
f 1145 728 1617
f 1145 1617 233
f 1145 1516 728
f 1516 1083 728
f 1516 929 1083
f 1516 809 929
f 1335 809 1516
f 1335 1440 809
f 1167 1440 1335
f 1167 1156 1440
f 1114 1156 1167
f 1856 1156 1114
f 1710 1423 1856
f 747 1268 1710
f 99 1075 1591
f 1377 1075 99
f 1498 989 1377
f 832 989 1498
f 1062 832 1129
f 1062 840 832
f 1554 1062 928
f 809 1522 929
f 1440 1522 809
f 1856 823 1156
f 1856 782 823
f 1423 782 1856
f 1710 1372 1423
f 1268 1372 1710
f 841 832 1498
f 1129 832 841
f 1350 1062 1129
f 928 1372 1268
f 928 1350 1372
f 928 1062 1350
f 1377 1780 1166
f 1377 99 1780
f 1498 1377 1166
f 1440 1100 1522
f 1440 1399 1100
f 1156 1399 1440
f 1156 1368 1399
f 823 1368 1156
f 1423 1659 782
f 1372 1659 1423
f 1372 1183 1659
f 1458 1498 1166
f 841 823 782
f 841 1458 823
f 841 1498 1458
f 1281 782 1659
f 1281 841 782
f 1281 1129 841
f 1476 1659 1183
f 1476 1281 1659
f 1476 1129 1281
f 1476 1350 1129
f 1350 1183 1372
f 1350 1476 1183
f 1100 786 1522
f 1368 837 1399
f 823 837 1368
f 823 816 837
f 1082 1780 1439
f 831 1100 1399
f 831 1082 1100
f 831 1780 1082
f 831 1166 1780
f 837 831 1399
f 837 1166 831
f 816 1166 837
f 816 1458 1166
f 1458 816 823
f 1100 1439 786
f 1100 960 1439
f 960 1082 1439
f 1082 960 1100
f 624 1515 455
f 484 1609 410
f 67 1815 382
f 382 1815 389
f 1815 1609 484
f 107 1815 484
f 389 1815 107
f 1932 498 1829
f 498 55 1829
f 55 672 1829
f 1829 672 382
f 672 67 382
f 1829 342 142
f 455 1829 142
f 1823 498 1932
f 1823 10 498
f 1823 1932 1515
f 182 1823 1515
f 98 182 1515
f 1515 1932 1829
f 455 1515 1829
f 1887 1 1828
f 1 499 1828
f 1828 499 703
f 726 1945 686
f 726 686 1609
f 1945 1887 686
f 1945 1 1887
f 686 1887 410
f 686 410 1609
f 1887 1828 410
f 67 612 1815
f 612 726 1815
f 1815 726 1609
f 1518 1969 507
f 507 1969 1
f 1518 1696 1969
f 1969 623 1
f 1696 623 1969
f 1 513 499
f 623 513 1
f 1696 1630 623
f 349 1945 726
f 430 507 104
f 430 1518 507
f 104 507 1945
f 507 1 1945
f 1574 1205 1510
f 1692 1205 1296
f 1510 1630 1696
f 1863 1502 1510
f 1205 1863 1510
f 1692 1863 1205
f 1692 1147 1863
f 1105 1305 1518
f 1045 1176 1305
f 1461 1045 1305
f 1559 1754 1461
f 576 873 1509
f 1305 1176 1518
f 1045 106 1176
f 1045 1484 106
f 1461 1484 1045
f 1461 204 1484
f 1754 204 1461
f 975 766 1141
f 975 1173 766
f 1560 1173 975
f 1560 1509 1173
f 576 1509 1560
f 1518 1176 1068
f 1598 1256 1068
f 106 1068 1176
f 106 1598 1068
f 106 1471 1598
f 1484 1471 106
f 1598 1407 1256
f 975 1450 1589
f 975 1141 1450
f 1696 1518 1068
f 1068 456 1696
f 1256 456 1068
f 1256 1330 456
f 1407 1330 1256
f 1471 1407 1598
f 1471 1242 1407
f 1484 1242 1471
f 1484 760 1242
f 204 760 1484
f 204 1074 760
f 1232 1074 204
f 1345 975 1589
f 1694 975 1345
f 1694 1560 975
f 1445 1074 1232
f 1445 1694 1074
f 1445 1560 1694
f 1450 976 767
f 1450 1360 976
f 1330 1574 456
f 1407 867 1330
f 1407 1385 867
f 1242 1385 1407
f 760 1107 1242
f 1074 1107 760
f 1074 857 1107
f 1347 1450 767
f 1347 1589 1450
f 828 1385 1242
f 828 1347 1385
f 828 1589 1347
f 1345 1242 1107
f 1345 828 1242
f 1345 1589 828
f 1597 1107 857
f 1597 1345 1107
f 1597 1694 1345
f 1694 857 1074
f 1694 1597 857
f 767 976 1296
f 456 1510 1696
f 1574 1510 456
f 1330 1099 1574
f 867 1099 1330
f 1385 936 867
f 1099 1296 1574
f 1099 767 1296
f 867 767 1099
f 867 1347 767
f 936 1347 867
f 1347 936 1385
f 1296 1205 1574
f 1161 1754 1559
f 1040 1754 1161
f 1365 957 1040
f 542 1754 1040
f 957 542 1040
f 1250 957 1365
f 1553 1329 1250
f 1366 558 1154
f 576 1470 873
f 1139 1470 576
f 1641 204 1754
f 542 1641 1754
f 1250 821 957
f 1250 730 821
f 1329 730 1250
f 1553 1366 1329
f 1195 1139 576
f 1426 1139 1195
f 1426 932 1139
f 1111 932 1426
f 1111 1421 932
f 1221 821 730
f 1221 1111 821
f 1221 1421 1111
f 1447 730 1329
f 1447 1221 730
f 1447 1421 1221
f 1447 1154 1421
f 1366 1447 1329
f 1366 1154 1447
f 1641 1232 204
f 542 1164 1641
f 542 876 1164
f 957 876 542
f 957 1316 876
f 821 1316 957
f 821 947 1316
f 1294 576 1560
f 1195 576 1294
f 1418 1164 876
f 1418 1195 1164
f 1418 1426 1195
f 892 876 1316
f 892 1418 876
f 892 1426 1418
f 982 1316 947
f 982 892 1316
f 982 1426 892
f 982 1111 1426
f 1111 947 821
f 1111 982 947
f 1641 1243 1232
f 1164 1243 1641
f 1164 1225 1243
f 1294 1232 1243
f 1294 1445 1232
f 1294 1560 1445
f 905 1243 1225
f 905 1294 1243
f 905 1195 1294
f 1195 1225 1164
f 1195 905 1225
f 1363 1198 746
f 868 1198 1363
f 868 911 1198
f 1071 558 1366
f 1053 899 746
f 1053 1071 899
f 1053 558 1071
f 1053 1300 558
f 1198 1053 746
f 1198 1300 1053
f 1811 1198 911
f 1811 1300 1198
f 1811 908 1300
f 908 911 868
f 908 1811 911
f 899 1366 1553
f 899 1121 1366
f 1121 1071 1366
f 1071 1121 899
f 335 1995 719
f 1995 335 342
f 198 142 342
f 68 142 198
f 198 342 335
f 455 142 502
f 533 455 502
f 533 624 455
f 68 502 142
f 533 502 68
f 419 1529 1768
f 419 273 1529
f 149 1768 1529
f 1529 273 256
f 410 419 484
f 484 419 1768
f 1909 484 1768
f 107 484 1909
f 1909 1768 1707
f 1768 149 1707
f 1995 382 389
f 1995 389 719
f 719 107 1909
f 719 389 107
f 342 382 1995
f 342 1829 382
f 633 261 1648
f 261 633 1123
f 1828 703 89
f 1828 89 419
f 499 1648 703
f 273 419 89
f 703 474 89
f 703 1648 474
f 89 474 273
f 273 474 256
f 1648 261 474
f 256 474 261
f 419 410 1828
f 623 1630 513
f 513 1630 633
f 513 1648 499
f 513 633 1648
f 1630 152 633
f 1630 280 152
f 152 1123 633
f 1510 1502 1630
f 1147 1688 1863
f 1502 280 1630
f 1863 1688 1502
f 1502 424 280
f 1688 424 1502
f 1688 1371 424
f 1371 1508 424
f 424 1982 280
f 1508 1982 424
f 152 280 1839
f 280 1982 1839
f 719 1909 1707
f 719 1707 485
f 485 1707 121
f 121 1707 1979
f 485 121 492
f 198 335 582
f 582 719 485
f 582 335 719
f 706 198 582
f 1989 68 198
f 198 1874 432
f 198 432 1989
f 1874 198 706
f 1758 533 68
f 48 533 1758
f 1758 68 1989
f 432 1758 1989
f 53 1758 432
f 53 300 1758
f 53 432 519
f 117 1529 256
f 149 1529 117
f 149 1929 1979
f 149 117 1929
f 1929 117 271
f 194 271 117
f 614 1979 1929
f 121 1979 1891
f 1891 1979 614
f 1979 1707 149
f 261 194 256
f 261 241 194
f 1123 241 261
f 194 241 1866
f 271 194 1866
f 256 194 117
f 152 440 1123
f 152 1839 440
f 1839 1663 440
f 440 241 1123
f 1663 1624 440
f 440 23 241
f 1624 23 440
f 96 436 1663
f 1401 436 96
f 1663 436 1624
f 1401 646 436
f 1401 310 646
f 1982 96 1839
f 1253 96 1982
f 1253 1415 96
f 96 1663 1839
f 1415 1401 96
f 94 1640 1682
f 94 519 1640
f 53 519 94
f 1999 53 94
f 492 121 1891
f 409 492 1891
f 485 492 123
f 123 492 409
f 1896 706 582
f 485 123 582
f 1896 582 123
f 1640 432 1874
f 1640 1874 1428
f 1428 1874 706
f 1682 1640 1428
f 1428 706 1896
f 519 432 1640
f 1492 565 285
f 271 11 1929
f 614 1929 11
f 1891 614 1826
f 1492 614 11
f 614 1492 1826
f 1891 1826 409
f 285 1826 1492
f 1826 40 409
f 11 271 1866
f 241 103 1866
f 1866 97 11
f 97 1866 103
f 1492 11 97
f 103 398 97
f 381 398 103
f 97 565 1492
f 1624 1661 23
f 1661 508 23
f 23 103 241
f 23 381 103
f 381 23 508
f 381 508 1984
f 436 1661 1624
f 436 1460 1661
f 646 1460 436
f 646 15 1460
f 1460 20 1661
f 1460 1543 20
f 15 1543 1460
f 1661 20 508
f 1543 15 530
f 1543 1026 20
f 1290 1543 530
f 1543 1290 1026
f 20 1701 508
f 1026 1701 20
f 530 1310 1290
f 1211 1429 1614
f 747 451 1614
f 1429 747 1614
f 547 1302 1112
f 547 1112 1611
f 1847 154 1651
f 154 192 570
f 1651 154 570
f 24 1651 248
f 651 570 182
f 651 1651 570
f 248 1651 651
f 201 1847 1651
f 201 1651 24
f 866 201 24
f 1981 201 866
f 1981 866 161
f 603 246 404
f 404 160 154
f 1847 404 154
f 603 404 1847
f 495 603 1847
f 228 603 495
f 1789 228 495
f 495 1847 201
f 1941 495 478
f 1941 1789 495
f 478 495 201
f 478 201 1981
f 134 478 1981
f 1941 478 134
f 209 1941 134
f 209 591 1941
f 1614 233 246
f 1614 451 233
f 228 246 603
f 489 1614 246
f 489 246 228
f 1211 1614 489
f 459 489 228
f 747 999 1268
f 1429 999 747
f 1429 959 999
f 1429 1112 959
f 1211 1112 1429
f 1211 1611 1112
f 489 1611 1211
f 1672 489 459
f 999 1554 928
f 959 1554 999
f 959 1302 1554
f 1112 1302 959
f 1672 1611 489
f 999 928 1268
f 1670 228 1789
f 1670 459 228
f 459 1298 1672
f 1298 459 1670
f 1749 1670 1789
f 1670 1047 1298
f 1047 1670 1749
f 1047 872 1298
f 1796 872 1047
f 1411 1789 1941
f 1411 1749 1789
f 1247 1047 1749
f 1247 1749 1411
f 1247 1796 1047
f 1796 1247 829
f 1538 1247 1411
f 829 1247 1538
f 591 1411 1941
f 518 1411 591
f 1411 518 1538
f 564 1796 829
f 1386 518 591
f 1438 1538 518
f 1386 1438 518
f 1438 829 1538
f 1438 564 829
f 965 564 1438
f 1295 1386 591
f 721 1438 1386
f 721 965 1438
f 965 721 1334
f 1021 965 1334
f 1934 591 209
f 1934 1295 591
f 1555 1295 1934
f 1386 1334 721
f 1334 1386 1295
f 1555 1334 1295
f 651 182 98
f 587 651 98
f 98 1515 624
f 109 98 624
f 109 587 98
f 248 651 5
f 1788 248 5
f 587 5 651
f 587 109 1776
f 1776 5 587
f 5 1776 1527
f 1325 5 1527
f 425 61 1325
f 24 248 1788
f 866 24 1788
f 161 866 61
f 61 5 1325
f 61 1788 5
f 61 866 1788
f 663 161 61
f 1904 161 663
f 652 1904 663
f 1778 663 61
f 652 663 1778
f 218 652 540
f 1778 61 425
f 1580 1981 161
f 1580 134 1981
f 209 134 1580
f 1580 161 1904
f 1712 209 193
f 193 209 1580
f 193 1580 461
f 461 1580 1881
f 1881 1904 652
f 1881 1580 1904
f 1881 652 218
f 239 193 461
f 1712 193 239
f 299 461 1881
f 239 461 299
f 299 218 635
f 299 1881 218
f 567 239 299
f 1398 1555 1934
f 1555 1483 1334
f 242 1483 1555
f 242 1334 1483
f 242 1021 1334
f 1182 1934 209
f 1182 209 1712
f 1398 1934 1182
f 1398 242 1555
f 1126 242 417
f 417 242 1398
f 1594 1398 1182
f 1594 417 1398
f 1594 1126 417
f 1770 1594 1182
f 313 1126 1594
f 1770 1182 1712
f 313 1594 1770
f 545 1712 239
f 545 1770 1712
f 592 1770 545
f 592 313 1770
f 545 239 567
f 1875 109 624
f 1875 624 533
f 48 1875 533
f 1771 1875 48
f 1771 48 359
f 1776 109 1875
f 286 1875 1771
f 286 1776 1875
f 894 1776 286
f 1730 894 286
f 527 286 1771
f 1729 1730 286
f 589 1730 1729
f 1527 1776 894
f 317 1527 894
f 317 894 1730
f 425 1325 1527
f 425 1527 317
f 762 1778 425
f 762 425 317
f 1751 1878 762
f 589 317 1730
f 762 317 589
f 330 762 589
f 1751 762 1027
f 1027 762 330
f 73 652 1778
f 73 540 652
f 73 1778 1878
f 1878 1778 762
f 635 218 540
f 2 540 73
f 635 540 2
f 2 73 1878
f 687 2 1878
f 1384 1878 1751
f 687 1878 1384
f 608 2 687
f 1384 1751 1027
f 710 608 687
f 608 299 635
f 567 299 608
f 608 635 2
f 375 567 608
f 581 592 545
f 375 545 567
f 581 545 375
f 269 581 375
f 278 581 269
f 9 1771 359
f 527 1771 9
f 9 359 48
f 300 9 48
f 279 9 300
f 300 48 1758
f 1910 279 300
f 1729 286 527
f 279 527 9
f 523 1729 527
f 453 527 279
f 453 523 527
f 895 523 453
f 453 279 626
f 626 279 1910
f 112 523 895
f 178 523 112
f 330 589 1729
f 1137 1027 330
f 523 330 1729
f 1998 1137 330
f 1998 330 523
f 178 1998 523
f 1772 1998 178
f 648 1998 1772
f 648 1137 1998
f 648 524 1137
f 524 1027 1137
f 524 1384 1027
f 524 687 1384
f 710 687 524
f 1987 710 524
f 1700 608 710
f 1700 375 608
f 100 1700 710
f 100 1893 1700
f 258 710 1987
f 100 710 258
f 469 375 1700
f 469 269 375
f 32 269 292
f 32 278 269
f 292 269 469
f 469 1700 1893
f 588 292 469
f 588 32 292
f 588 469 1731
f 650 32 588
f 1731 469 1893
f 650 588 1731
f 1552 691 53
f 1552 1495 691
f 1552 53 1999
f 691 300 53
f 1910 300 691
f 1495 1910 691
f 915 453 626
f 626 1910 1495
f 1541 453 915
f 1944 453 1541
f 915 626 1495
f 214 1495 1552
f 79 1495 214
f 79 915 1495
f 457 915 79
f 457 1541 915
f 895 453 1944
f 112 895 1944
f 616 178 112
f 1541 112 1944
f 494 112 1541
f 494 616 112
f 494 1541 457
f 369 616 494
f 447 1772 178
f 1732 447 178
f 1732 178 616
f 1732 616 369
f 648 1772 447
f 1592 648 447
f 1592 447 1732
f 422 648 1592
f 422 1732 369
f 422 1592 1732
f 395 422 369
f 1987 524 648
f 1987 648 422
f 274 1987 422
f 274 422 395
f 1806 274 395
f 258 1987 274
f 1622 100 258
f 579 258 274
f 1622 258 579
f 1169 650 1731
f 1871 1893 100
f 1871 1731 1893
f 1169 1731 1871
f 1615 650 1169
f 1871 100 1622
f 636 1169 1871
f 1615 1169 636
f 319 1615 636
f 1718 636 1871
f 636 1718 319
f 267 1871 1622
f 750 1871 267
f 750 1718 1871
f 1534 319 1718
f 1472 1718 750
f 986 1718 1472
f 986 1534 1718
f 986 916 1534
f 267 1397 750
f 1472 750 1397
f 1191 986 1472
f 978 986 1191
f 1346 988 1130
f 1346 1412 988
f 1196 988 1175
f 1130 988 1196
f 1318 1532 1591
f 1675 1075 1377
f 989 1675 1377
f 840 989 832
f 1554 840 1062
f 1675 1591 1075
f 1564 1675 989
f 1564 989 840
f 1779 1564 840
f 1779 840 1554
f 1318 1591 1675
f 1572 1318 1675
f 1572 1675 1564
f 1779 1572 1564
f 427 1572 1779
f 156 1818 1572
f 427 156 1572
f 707 156 427
f 1352 1173 1509
f 1237 1509 873
f 1237 1352 1509
f 1237 1600 1352
f 1668 1036 1272
f 1668 472 1036
f 1668 1272 1357
f 918 1357 1067
f 918 1668 1357
f 918 1067 1464
f 1668 1765 472
f 605 1668 918
f 605 1765 1668
f 605 575 1765
f 1603 1747 845
f 472 845 510
f 472 1603 845
f 1765 1603 472
f 575 1924 1765
f 729 873 1470
f 729 1237 873
f 729 1470 1747
f 1603 729 1747
f 1765 729 1603
f 1600 1237 729
f 1765 1600 729
f 1924 1600 1765
f 1924 433 1600
f 57 1072 1013
f 874 1013 964
f 874 57 1013
f 874 964 1222
f 57 1653 1072
f 1637 57 874
f 1637 1653 57
f 350 75 1637
f 1072 1202 1435
f 1653 1464 1539
f 1653 918 1464
f 1653 1539 1202
f 1653 1202 1072
f 1637 75 1653
f 605 918 1653
f 75 605 1653
f 1097 891 980
f 1532 1097 1070
f 1532 1070 1389
f 1591 1532 1389
f 1102 891 1097
f 1532 1102 1097
f 1547 1102 1532
f 1318 1547 1532
f 1818 1734 1318
f 1685 1222 1135
f 1685 874 1222
f 1685 1135 1635
f 891 1635 1159
f 891 1685 1635
f 1102 1685 891
f 1637 874 1685
f 1054 1637 1685
f 1102 1054 1685
f 1318 1734 1547
f 1797 1054 1102
f 1734 1102 1547
f 1734 1797 1102
f 1797 350 1054
f 1818 1797 1734
f 350 1637 1054
f 1818 1318 1572
f 575 235 1924
f 575 742 235
f 199 742 575
f 235 308 1924
f 742 308 235
f 34 75 350
f 75 34 605
f 34 575 605
f 114 1961 34
f 199 575 34
f 255 199 34
f 1961 255 34
f 1673 1797 1818
f 1673 675 1797
f 1845 350 1797
f 675 1845 1797
f 272 1845 675
f 114 34 350
f 1845 114 350
f 1673 1818 156
f 707 1673 156
f 252 1673 707
f 252 675 1673
f 681 252 707
f 144 1961 114
f 272 619 1845
f 322 619 272
f 1702 619 322
f 1845 619 114
f 619 144 114
f 1702 660 619
f 322 272 675
f 252 322 675
f 70 322 252
f 1752 70 252
f 1752 252 681
f 1702 322 70
f 1752 1702 70
f 22 1702 1752
f 1706 22 1752
f 22 1804 1702
f 95 973 1692
f 771 973 95
f 771 1309 973
f 1309 1785 973
f 973 1147 1692
f 1785 1147 973
f 1785 1490 1147
f 1785 1217 1490
f 1724 1723 1513
f 1352 766 1173
f 1352 1524 766
f 1600 1524 1352
f 1600 1698 1524
f 433 1698 1600
f 1524 1381 1141
f 1524 1141 766
f 1311 1381 1524
f 1698 1311 1524
f 433 1432 1698
f 433 1978 1432
f 1141 1360 1450
f 1381 1360 1141
f 1311 1803 1381
f 1698 1432 1311
f 1432 1978 1327
f 1360 1264 976
f 1381 1264 1360
f 1381 1803 1264
f 1311 1327 1803
f 1432 1327 1311
f 1978 1049 1327
f 95 1692 1296
f 1264 1296 976
f 1264 95 1296
f 1803 95 1264
f 1803 771 95
f 1803 844 771
f 1327 844 1803
f 1049 844 1327
f 1978 1850 1049
f 844 1309 771
f 844 1517 1309
f 1049 1189 1517
f 1049 1513 1189
f 1049 1517 844
f 1850 1513 1049
f 1309 1579 1785
f 1517 1579 1309
f 1517 1189 1579
f 1850 1724 1513
f 1579 1217 1785
f 1189 1217 1579
f 1217 1723 1091
f 1217 1513 1723
f 1513 1217 1189
f 1915 423 433
f 423 1978 433
f 1915 1348 423
f 811 1348 1915
f 88 811 1915
f 423 1850 1978
f 1348 1850 423
f 811 505 1348
f 505 1850 1348
f 811 338 505
f 1721 1724 1850
f 505 1721 1850
f 338 1721 505
f 1721 1197 1724
f 338 153 1721
f 1924 1915 433
f 308 1915 1924
f 708 308 742
f 708 88 308
f 308 88 1915
f 208 338 811
f 811 537 208
f 208 153 338
f 199 708 742
f 708 1938 88
f 1853 1938 708
f 1938 811 88
f 82 1938 1853
f 126 82 1853
f 1938 537 811
f 82 1233 1938
f 1938 1233 537
f 1233 559 537
f 82 65 1233
f 1853 708 199
f 255 1853 199
f 231 1853 255
f 144 231 255
f 144 255 1961
f 144 631 231
f 1782 631 144
f 231 126 1853
f 563 1782 144
f 563 144 619
f 619 660 563
f 262 65 82
f 262 82 126
f 1782 488 631
f 231 488 126
f 631 488 231
f 488 562 126
f 1782 1800 488
f 126 600 262
f 126 562 600
f 1804 660 1702
f 221 563 660
f 221 391 563
f 1879 1782 563
f 1879 141 1782
f 391 1879 563
f 1782 141 1800
f 220 1879 391
f 391 421 220
f 18 1804 22
f 18 221 1804
f 1804 221 660
f 22 196 18
f 1706 196 22
f 18 196 221
f 196 391 221
f 196 421 391
f 584 421 196
f 196 147 584
f 531 147 196
f 531 276 147
f 1147 1441 1688
f 1490 1441 1147
f 1490 854 1441
f 1217 1118 1490
f 1723 1090 1118
f 1723 1482 1090
f 1723 1118 1091
f 1724 1482 1723
f 1441 1371 1688
f 25 1526 1371
f 854 1371 1441
f 854 25 1371
f 1490 902 854
f 1118 902 1490
f 1118 1090 902
f 854 1526 25
f 854 970 1526
f 902 970 854
f 1090 970 902
f 1090 1349 970
f 1349 1482 772
f 1349 1090 1482
f 942 772 1482
f 1526 1508 1371
f 1526 764 1508
f 1526 1019 764
f 970 1019 1526
f 970 1593 1019
f 970 1349 1593
f 772 805 1593
f 772 1380 805
f 772 1593 1349
f 942 1380 772
f 942 796 1380
f 1593 833 1019
f 833 805 1019
f 833 1593 805
f 764 1303 1508
f 764 985 1303
f 1019 985 764
f 805 985 1019
f 985 1394 1336
f 985 1380 1394
f 1380 985 805
f 796 1394 1380
f 796 993 1394
f 1508 1303 1982
f 985 1336 1303
f 1394 1388 1336
f 993 1279 1394
f 1303 1253 1982
f 1303 1388 1253
f 1336 1388 1303
f 1394 206 1388
f 1279 206 1394
f 1217 1091 1118
f 1482 1493 942
f 1724 1493 1482
f 1197 1493 1724
f 1721 54 1197
f 153 54 1721
f 1493 796 942
f 1197 54 1493
f 1493 993 796
f 54 993 1493
f 54 1877 993
f 54 578 1877
f 153 572 54
f 572 578 54
f 257 552 572
f 208 532 153
f 537 532 208
f 537 559 532
f 559 332 532
f 445 332 559
f 532 572 153
f 445 1545 332
f 332 572 532
f 1545 257 332
f 332 257 572
f 1233 445 559
f 1837 1545 445
f 1837 727 1545
f 1545 1951 257
f 1545 727 1951
f 65 445 1233
f 65 262 445
f 262 546 445
f 262 886 546
f 1899 886 262
f 546 1837 445
f 886 1677 546
f 1899 1677 886
f 1899 102 1677
f 1677 1837 546
f 102 700 1677
f 610 727 1837
f 1677 610 1837
f 700 610 1677
f 600 1899 262
f 488 511 562
f 1800 511 488
f 600 102 1899
f 562 102 600
f 511 102 562
f 511 621 102
f 315 621 511
f 511 632 315
f 421 1122 220
f 220 1122 1879
f 141 511 1800
f 1122 141 1879
f 141 632 511
f 1122 632 141
f 234 632 1122
f 584 1122 421
f 147 1902 584
f 584 234 1122
f 584 1902 234
f 147 715 1902
f 715 497 1902
f 1902 714 234
f 497 714 1902
f 497 145 714
f 1415 1948 1401
f 966 1948 1415
f 966 1023 1948
f 1948 310 1401
f 799 1903 1023
f 1948 1035 310
f 1023 1035 1948
f 1023 333 1465
f 1903 333 1023
f 1388 1859 1253
f 1388 1382 1859
f 206 1382 1388
f 1382 86 1859
f 206 86 1382
f 206 1581 86
f 1859 1415 1253
f 1859 86 1415
f 86 966 1415
f 1581 966 86
f 1581 799 966
f 799 1023 966
f 1023 1465 1035
f 1877 206 1279
f 993 1877 1279
f 1877 1581 206
f 578 644 1877
f 132 799 1581
f 1877 132 1581
f 132 1903 799
f 644 132 1877
f 644 435 132
f 572 552 578
f 552 644 578
f 257 1951 552
f 1951 1608 552
f 552 1920 644
f 552 174 1920
f 1608 174 552
f 1920 435 644
f 727 1065 1951
f 727 1985 1065
f 1951 1065 1608
f 1985 718 1065
f 1065 718 1608
f 718 120 1608
f 1985 1843 718
f 1985 173 1843
f 610 347 727
f 347 1985 727
f 347 173 1985
f 610 116 347
f 700 116 610
f 700 1990 116
f 116 173 347
f 102 621 700
f 621 1990 700
f 315 1990 621
f 632 380 315
f 315 380 1990
f 834 632 234
f 234 441 834
f 441 658 834
f 834 380 632
f 658 1790 834
f 834 1994 380
f 714 441 234
f 714 145 441
f 145 1715 441
f 441 1715 658
f 1578 1715 145
f 1715 1790 658
f 1578 1965 1715
f 310 1084 646
f 310 862 1084
f 1035 862 310
f 1035 1337 862
f 333 1337 1465
f 333 1587 1337
f 1337 1323 862
f 1587 1323 1337
f 1084 15 646
f 862 1431 1084
f 1323 1431 862
f 1323 1504 1431
f 1587 1504 1323
f 1587 1312 1504
f 1084 1667 15
f 1431 1667 1084
f 1667 530 15
f 1504 1291 1431
f 1312 1291 1504
f 1312 935 1291
f 1312 1238 935
f 1667 1218 530
f 1431 1218 1667
f 1431 1110 1218
f 1291 1110 1431
f 1291 1001 1110
f 935 1001 1291
f 1218 1310 530
f 1001 1315 1110
f 935 1315 1001
f 935 1477 1315
f 1238 1477 935
f 1465 1337 1035
f 1903 1587 333
f 132 1587 1903
f 132 1774 1587
f 1774 1312 1587
f 1774 1238 1312
f 1774 1647 1238
f 435 1774 132
f 435 467 1774
f 1774 467 1647
f 1920 1860 435
f 174 1860 1920
f 1860 467 435
f 1860 1819 467
f 1608 120 174
f 174 1988 1860
f 120 1988 174
f 1988 1819 1860
f 718 1843 120
f 120 460 1988
f 1843 460 120
f 309 460 1843
f 460 699 1988
f 341 309 1843
f 1990 251 116
f 173 341 1843
f 116 251 173
f 1990 167 251
f 173 251 341
f 251 654 341
f 167 654 251
f 167 551 654
f 254 167 1990
f 380 254 1990
f 129 254 380
f 254 551 167
f 254 550 551
f 129 550 254
f 380 1994 129
f 834 819 1994
f 1790 819 834
f 1790 1475 819
f 1475 1626 819
f 819 437 1994
f 1994 437 129
f 1626 437 819
f 129 437 550
f 1715 679 1790
f 1965 679 1715
f 1790 679 1475
f 679 1626 1475
f 679 225 1626
f 953 1554 1302
f 547 953 1302
f 1558 547 1611
f 953 1779 1554
f 344 953 547
f 1558 344 547
f 368 1779 953
f 368 427 1779
f 368 953 344
f 1727 368 344
f 368 707 427
f 1558 1611 1672
f 1727 344 1558
f 85 1558 1672
f 85 1727 1558
f 872 1672 1298
f 85 1672 872
f 1642 85 872
f 921 1727 85
f 921 85 1642
f 1643 872 1796
f 1643 1642 872
f 645 921 1642
f 1918 1642 1643
f 645 1642 1918
f 1643 1796 564
f 1918 1643 564
f 1157 564 965
f 1157 1918 564
f 807 645 1918
f 43 1918 1157
f 43 807 1918
f 1795 1157 965
f 1795 965 1021
f 43 1157 1795
f 1952 1795 1021
f 1188 1795 1952
f 1188 43 1795
f 444 368 1727
f 444 707 368
f 444 681 707
f 1478 681 444
f 197 681 1478
f 52 197 1478
f 921 444 1727
f 1478 444 921
f 1953 1478 921
f 807 921 645
f 1919 921 807
f 1919 1953 921
f 52 1478 1953
f 131 1953 1919
f 1919 1620 131
f 293 1919 807
f 293 807 43
f 115 293 43
f 293 1620 1919
f 293 361 1620
f 197 1752 681
f 694 197 52
f 1906 1752 197
f 694 1906 197
f 1906 1706 1752
f 1846 1906 694
f 131 52 1953
f 694 52 131
f 659 131 1620
f 362 694 131
f 659 362 131
f 362 1846 694
f 80 1706 1906
f 1952 1021 242
f 1126 1952 242
f 1188 1952 702
f 1736 43 1188
f 702 1952 1126
f 1073 1736 1188
f 702 1073 1188
f 1911 1736 1073
f 1586 1126 313
f 1586 702 1126
f 1073 702 1586
f 1473 1911 1073
f 1473 1073 1586
f 1586 313 592
f 370 1586 592
f 1473 1586 370
f 1007 749 1313
f 1007 1059 749
f 115 43 1736
f 361 293 115
f 1911 115 1736
f 556 115 1911
f 627 361 115
f 1689 115 556
f 627 115 1689
f 1618 627 1689
f 1618 526 627
f 556 1911 1473
f 692 556 1473
f 1689 556 692
f 1521 749 1059
f 752 776 1769
f 752 877 776
f 944 877 752
f 944 1187 877
f 815 1030 731
f 776 1030 815
f 1769 815 731
f 1769 776 815
f 877 1030 776
f 1187 1030 877
f 1187 1033 1030
f 944 1033 1187
f 1463 944 752
f 1131 1094 1453
f 731 1131 1444
f 731 1520 1131
f 958 1444 1131
f 958 731 1444
f 1030 1520 731
f 958 1769 731
f 1459 1769 958
f 1459 752 1769
f 1459 1463 752
f 1207 1463 1459
f 1094 1292 1756
f 1453 1094 1756
f 1131 1292 1094
f 1520 1292 1131
f 1520 948 1292
f 958 1131 1453
f 1030 948 1520
f 1206 948 1030
f 1033 1206 1030
f 213 1207 1459
f 1351 1521 1059
f 1756 1521 1351
f 1756 1351 943
f 967 1521 1756
f 1292 967 1756
f 1453 1756 943
f 948 967 1292
f 1393 958 1453
f 1373 958 1393
f 1373 1459 958
f 213 1459 1373
f 1007 1351 1059
f 791 943 1351
f 791 1453 943
f 1393 1453 791
f 659 428 362
f 627 1620 361
f 627 1931 1620
f 1931 659 1620
f 1931 428 659
f 627 171 71
f 1931 627 71
f 289 428 1931
f 526 171 627
f 696 171 526
f 696 71 171
f 71 289 1931
f 526 1665 696
f 71 609 289
f 1750 71 696
f 1750 609 71
f 1568 956 1028
f 793 1568 991
f 793 931 1568
f 827 931 793
f 827 1872 931
f 977 827 1536
f 977 1638 827
f 913 1638 977
f 917 944 1463
f 917 950 944
f 1234 950 917
f 1234 820 950
f 945 1234 917
f 945 1028 1234
f 956 1234 1028
f 956 1031 1234
f 1568 1031 956
f 991 1028 945
f 991 1568 1028
f 931 1031 1568
f 931 1824 1031
f 954 793 991
f 1872 1824 931
f 1872 688 1824
f 827 688 1872
f 954 827 793
f 1536 827 954
f 1638 688 827
f 1638 1403 688
f 1177 977 1536
f 913 1403 1638
f 913 1317 1403
f 1691 1317 913
f 950 1033 944
f 878 917 1463
f 878 945 917
f 820 1033 950
f 1234 295 820
f 1354 945 878
f 1031 295 1234
f 1354 991 945
f 1824 295 1031
f 1288 991 1354
f 1288 954 991
f 688 1403 1824
f 1288 1536 954
f 1177 1536 1288
f 1207 878 1463
f 820 295 1033
f 930 878 1207
f 930 1354 878
f 30 1354 930
f 30 1288 1354
f 1079 1288 30
f 1079 1177 1288
f 295 1206 1033
f 930 1207 213
f 1317 1244 1403
f 1824 1206 295
f 1824 711 1206
f 1403 711 1824
f 1403 1244 711
f 1633 930 213
f 1633 30 930
f 1436 30 1633
f 1436 1079 30
f 1244 1577 711
f 1244 1227 1577
f 1457 977 787
f 1457 913 977
f 1691 913 1457
f 1177 787 977
f 1162 787 1177
f 1162 1457 787
f 1162 1691 1457
f 852 1691 1162
f 852 937 1691
f 745 852 1162
f 1079 1162 1177
f 397 1162 1079
f 745 1162 397
f 1436 397 1079
f 1846 80 1906
f 647 80 1846
f 80 196 1706
f 647 480 80
f 80 480 196
f 480 531 196
f 541 480 647
f 480 541 531
f 541 276 531
f 289 362 428
f 411 362 289
f 647 1846 362
f 411 647 362
f 411 1705 647
f 1705 541 647
f 136 1705 411
f 289 609 411
f 1699 1317 1691
f 1699 1150 1317
f 1150 1244 1317
f 1277 1699 1691
f 1277 1691 937
f 941 934 1277
f 995 934 941
f 852 1277 937
f 934 1699 1277
f 934 784 1699
f 1678 1277 852
f 1678 941 1277
f 1678 995 941
f 995 784 934
f 995 1678 784
f 784 1150 1699
f 1546 852 745
f 1546 1678 852
f 784 1546 1150
f 1546 784 1678
f 754 1546 745
f 1546 1375 1150
f 1375 1546 754
f 904 745 397
f 1150 1857 1244
f 1200 745 904
f 1200 754 745
f 1375 1857 1150
f 1375 1200 1857
f 1200 1375 754
f 904 397 1436
f 1857 1898 1244
f 1200 1898 1857
f 1200 904 1898
f 573 904 1436
f 1898 1227 1244
f 1898 1229 1227
f 1229 904 573
f 1229 1898 904
f 692 1473 370
f 370 592 581
f 1973 692 370
f 278 370 581
f 1973 370 278
f 1101 1009 994
f 749 1009 1101
f 749 1101 1313
f 1259 1595 1301
f 1259 994 1595
f 1009 1595 994
f 1165 994 1259
f 1165 1101 994
f 888 1252 997
f 1595 997 1301
f 1595 888 997
f 1009 888 1595
f 1009 1868 888
f 51 1259 1301
f 51 1165 1259
f 1052 780 1249
f 1052 1252 780
f 1052 997 1252
f 888 780 1252
f 888 1236 780
f 1052 1301 997
f 1868 1236 888
f 51 1301 1052
f 735 1602 1142
f 780 1142 1249
f 780 735 1142
f 1861 1249 1142
f 1861 1052 1249
f 1880 1602 735
f 1236 735 780
f 1236 1880 735
f 1868 1880 1236
f 51 1052 1861
f 890 778 1042
f 890 1602 778
f 890 1142 1602
f 1861 1142 890
f 345 51 1861
f 1868 205 1880
f 778 1061 1042
f 1353 1042 1061
f 1353 890 1042
f 1602 1061 778
f 1602 919 1061
f 1353 1861 890
f 1880 919 1602
f 345 1861 1353
f 1880 205 919
f 1353 1061 1506
f 919 1149 1506
f 919 1506 1061
f 548 1007 1313
f 1165 1313 1101
f 548 1313 1165
f 51 548 1165
f 1618 1689 692
f 37 526 1618
f 37 1618 692
f 1820 37 692
f 1820 692 1973
f 1434 1009 749
f 1521 1434 749
f 967 1434 1521
f 967 470 1434
f 1434 1868 1009
f 1434 1103 1868
f 470 1103 1434
f 470 1962 1103
f 1103 205 1868
f 1962 125 1103
f 125 205 1103
f 548 1351 1007
f 791 1351 548
f 948 470 967
f 948 1962 470
f 1206 1962 948
f 1206 521 1962
f 613 1373 1393
f 1728 1393 791
f 613 1393 1728
f 51 791 548
f 1728 791 51
f 66 1728 51
f 521 125 1962
f 66 51 345
f 429 696 1665
f 1750 696 429
f 972 429 165
f 972 1750 429
f 1665 526 37
f 1080 1665 37
f 1080 429 1665
f 165 429 1080
f 166 165 1080
f 972 165 166
f 1080 37 1820
f 1833 972 166
f 643 166 1080
f 643 1080 1820
f 354 1436 1633
f 1633 1373 613
f 1633 213 1373
f 711 521 1206
f 354 1321 1436
f 1577 629 711
f 990 354 1633
f 219 1633 613
f 990 1633 219
f 629 1632 711
f 629 1209 1632
f 711 1275 521
f 711 1632 1275
f 1955 219 613
f 1632 661 1275
f 1235 990 219
f 521 1275 125
f 661 169 1275
f 1437 219 1955
f 1178 219 1437
f 1738 1705 136
f 1991 1738 136
f 609 136 411
f 607 609 1750
f 557 136 609
f 557 609 607
f 1991 136 557
f 607 1750 972
f 1201 972 1833
f 1201 607 972
f 111 1991 557
f 476 557 607
f 1201 476 607
f 557 476 111
f 1227 879 1577
f 1227 1015 879
f 743 1577 879
f 1015 743 879
f 1577 481 629
f 1257 1321 354
f 743 481 1577
f 743 848 481
f 1864 354 990
f 1864 1257 354
f 481 1010 629
f 848 1010 481
f 848 817 1010
f 1494 1864 990
f 1010 1209 629
f 1010 1039 1209
f 817 1039 1010
f 817 1494 1039
f 1494 817 1864
f 1209 1069 1632
f 1235 1494 990
f 1039 1069 1209
f 1039 1814 1069
f 1494 1814 1039
f 1814 1494 1235
f 1069 1759 1632
f 1759 1235 219
f 1814 1759 1069
f 1814 1240 1759
f 1240 1235 1759
f 1240 1814 1235
f 1632 858 661
f 1759 858 1632
f 1759 1178 858
f 1178 1759 219
f 1321 573 1436
f 1229 1015 1227
f 1229 900 1015
f 900 573 1321
f 900 1229 573
f 900 743 1015
f 900 1571 743
f 1571 900 1321
f 1571 848 743
f 1571 1257 848
f 1257 1571 1321
f 1257 817 848
f 1257 1864 817
f 715 276 541
f 715 541 1928
f 715 147 276
f 1108 715 1928
f 715 1108 497
f 401 497 1108
f 1705 1928 541
f 1705 1738 1928
f 1991 1646 1738
f 1738 1646 1928
f 1991 111 1646
f 1646 1838 1928
f 1838 1108 1928
f 1838 401 1108
f 1681 278 32
f 1908 1973 278
f 1908 278 1681
f 1681 32 650
f 1908 1681 1528
f 1528 1681 650
f 1576 1908 1528
f 1258 1506 1168
f 1551 1506 1258
f 1149 1168 1506
f 1551 1353 1506
f 205 1809 919
f 1168 883 813
f 1551 1168 813
f 1551 1258 1168
f 1149 883 1168
f 919 1809 1149
f 1551 345 1353
f 1410 813 777
f 883 777 813
f 883 1605 777
f 1410 1551 813
f 883 768 1605
f 1149 768 883
f 1809 768 1149
f 690 345 1551
f 1557 1605 951
f 1557 777 1605
f 1557 1410 777
f 1605 806 951
f 808 1410 1557
f 768 806 1605
f 808 1551 1410
f 307 1551 808
f 690 1551 307
f 1362 951 1419
f 1362 1557 951
f 806 1419 951
f 808 1557 1362
f 806 1501 1419
f 768 1501 806
f 955 1501 768
f 1809 955 768
f 885 1419 1267
f 885 1362 1419
f 1419 1501 1267
f 882 1362 885
f 882 808 1362
f 307 808 882
f 1816 690 307
f 775 1267 1138
f 775 885 1267
f 1501 1138 1267
f 1501 981 1138
f 775 882 885
f 1501 1356 981
f 955 1356 1501
f 1081 981 1056
f 1081 1138 981
f 801 1138 1081
f 801 775 1138
f 981 1356 1056
f 801 882 775
f 1230 882 801
f 1230 307 882
f 1820 1973 1908
f 1576 1820 1908
f 320 1820 1576
f 320 1576 1263
f 205 125 1809
f 66 345 690
f 125 399 1809
f 399 955 1809
f 399 881 955
f 1777 741 399
f 553 1728 66
f 1926 66 690
f 553 66 1926
f 386 553 1926
f 1833 166 643
f 789 1833 643
f 183 789 643
f 643 1820 320
f 462 643 320
f 183 643 462
f 1093 183 462
f 127 613 1728
f 127 1955 613
f 661 1000 169
f 1000 1178 1437
f 127 1728 553
f 169 39 1275
f 763 1955 127
f 1468 1955 763
f 1468 1437 1955
f 1000 1413 169
f 1000 1468 1413
f 1468 1000 1437
f 1275 399 125
f 137 127 553
f 1275 39 1687
f 169 1514 39
f 1078 1468 763
f 1413 1514 169
f 1413 1078 1514
f 1468 1078 1413
f 1275 1488 399
f 1275 640 1488
f 1275 1687 640
f 1089 763 127
f 1514 1319 39
f 1514 1089 1319
f 1078 1089 1514
f 1089 1078 763
f 1628 127 137
f 39 1304 1687
f 1304 127 1628
f 1304 1089 127
f 1319 1304 39
f 1319 1226 1304
f 1089 1226 1319
f 1226 1089 1304
f 1488 1777 399
f 1674 553 386
f 1674 137 553
f 1370 1628 137
f 1687 979 640
f 1220 1628 1370
f 1304 979 1687
f 1304 1220 979
f 1220 1304 1628
f 818 137 1674
f 818 1370 137
f 979 830 640
f 869 1370 818
f 979 1282 830
f 1282 869 830
f 1220 1282 979
f 1282 1370 869
f 1282 1220 1370
f 655 1674 386
f 1333 818 1674
f 640 1034 1488
f 640 1481 1034
f 1481 818 1333
f 1134 818 1481
f 830 1481 640
f 830 1134 1481
f 869 1134 830
f 1134 869 818
f 1869 1201 789
f 1869 476 1201
f 407 111 476
f 407 1708 111
f 1869 1733 476
f 476 1733 407
f 1733 1869 1093
f 200 1733 1093
f 1733 200 407
f 789 1201 1833
f 1869 789 183
f 183 1093 1869
f 858 1000 661
f 858 1735 1000
f 1178 1735 858
f 1735 1178 1000
f 401 1578 497
f 1578 145 497
f 438 1578 401
f 180 438 401
f 438 1965 1578
f 438 180 1965
f 1708 1646 111
f 716 1838 1646
f 716 1646 1708
f 535 716 1708
f 1838 180 401
f 1838 716 180
f 535 560 716
f 716 560 1876
f 1876 180 716
f 101 1708 407
f 1708 101 535
f 407 200 101
f 1807 650 1615
f 1807 1528 650
f 1576 1528 490
f 490 1528 1807
f 448 1615 319
f 448 1807 1615
f 1136 1807 448
f 490 1807 1136
f 448 319 940
f 1155 490 1136
f 940 319 1534
f 916 940 1534
f 1367 448 940
f 1367 940 916
f 1136 448 1367
f 909 1136 1367
f 1155 1136 909
f 1251 490 1155
f 756 986 978
f 756 916 986
f 1831 978 1631
f 1831 756 978
f 861 1367 916
f 861 916 756
f 1452 756 1831
f 1452 861 756
f 1452 1831 1404
f 909 1367 861
f 971 909 861
f 1467 861 1452
f 1467 971 861
f 788 1467 1452
f 1901 909 971
f 1251 1155 909
f 1467 1261 971
f 1901 1048 909
f 1901 971 1261
f 415 1261 1467
f 1251 909 1048
f 1029 1056 1627
f 1029 1081 1056
f 998 1081 1029
f 998 801 1081
f 1356 1627 1056
f 1356 1378 1627
f 1230 801 998
f 1816 307 1230
f 984 1627 1289
f 984 1029 1627
f 1270 1029 984
f 1270 998 1029
f 1378 1289 1627
f 1230 998 1270
f 955 1378 1356
f 955 1792 1378
f 1003 1816 1230
f 1448 1289 1186
f 1448 984 1289
f 963 984 1448
f 963 1270 984
f 1146 969 1186
f 1378 1186 1289
f 1378 1146 1186
f 963 1230 1270
f 1588 1230 963
f 1430 1230 1588
f 1792 1146 1378
f 1003 1230 1430
f 912 1186 969
f 912 1448 1186
f 1116 1448 912
f 1116 963 1448
f 1588 963 1116
f 1792 1369 1146
f 1163 969 253
f 1324 1163 938
f 1324 969 1163
f 1324 912 969
f 1519 912 1324
f 1519 1116 912
f 969 1573 253
f 1146 1573 969
f 1588 1116 1519
f 1146 1369 1573
f 1132 1003 1430
f 774 925 988
f 774 938 925
f 1412 774 988
f 1092 1452 1404
f 925 1092 1404
f 925 253 1092
f 925 1163 253
f 1163 925 938
f 1324 938 774
f 602 774 1412
f 602 1324 774
f 602 1519 1324
f 788 1452 1092
f 1573 1092 253
f 1573 788 1092
f 1152 1519 602
f 1573 1387 788
f 1152 1588 1519
f 1369 1387 1573
f 1369 803 1387
f 1011 1588 1152
f 1011 1430 1588
f 1523 1430 1011
f 1792 859 1369
f 859 1491 1523
f 1491 1430 1523
f 1491 1132 1430
f 1358 859 1792
f 1358 839 859
f 839 1491 859
f 839 923 1491
f 923 1132 1491
f 1404 1631 1175
f 1404 1831 1631
f 988 1404 1175
f 988 925 1404
f 1542 1412 1346
f 1127 602 1412
f 1127 1412 1542
f 1127 1152 602
f 1342 1467 788
f 1342 415 1467
f 1387 1342 788
f 1248 1152 1127
f 803 1342 1387
f 803 1314 1342
f 903 1152 1248
f 903 1011 1152
f 1369 1314 803
f 1369 1174 1314
f 1369 1562 1174
f 744 1011 903
f 744 1523 1011
f 859 1562 1369
f 859 790 1562
f 790 744 1562
f 790 1523 744
f 790 859 1523
f 1133 1127 1542
f 1342 1193 415
f 1018 1127 1133
f 1018 1248 1127
f 1314 1193 1342
f 1314 1213 1193
f 797 1248 1018
f 797 903 1248
f 1174 1213 1314
f 1174 1322 1213
f 1562 1322 1174
f 1322 974 797
f 744 1322 1562
f 744 974 1322
f 974 903 797
f 974 744 903
f 1263 1576 490
f 1263 583 320
f 1840 320 583
f 583 490 1251
f 583 1263 490
f 881 1690 955
f 1408 690 1816
f 1408 1926 690
f 399 669 881
f 399 770 669
f 741 770 399
f 1690 1792 955
f 1408 1816 1003
f 770 1228 669
f 471 1926 1408
f 881 1511 1690
f 1408 1003 812
f 855 734 770
f 741 855 770
f 543 1408 812
f 804 1408 543
f 1224 1408 804
f 1224 471 1408
f 1014 471 1224
f 770 1395 1228
f 734 1395 770
f 734 1014 1395
f 734 855 1014
f 1690 1358 1792
f 1095 1003 1132
f 1095 812 1003
f 881 1038 1511
f 836 543 812
f 1038 996 836
f 881 996 1038
f 996 543 836
f 996 804 543
f 669 996 881
f 669 1044 996
f 1044 804 996
f 1044 1224 804
f 1228 1044 669
f 1228 769 1044
f 769 1224 1044
f 769 939 1224
f 1228 939 769
f 939 1014 1224
f 1395 939 1228
f 1395 1041 939
f 1014 1041 1395
f 1041 1014 939
f 1690 839 1358
f 1690 875 839
f 875 923 839
f 875 864 923
f 864 1132 923
f 864 1095 1132
f 1511 875 1690
f 1511 983 875
f 983 864 875
f 983 897 864
f 1511 897 983
f 897 1095 864
f 897 46 1095
f 46 812 1095
f 1038 897 1511
f 1038 1420 897
f 1420 46 897
f 836 1420 1038
f 1420 812 46
f 1420 836 812
f 471 386 1926
f 962 386 471
f 1014 871 471
f 871 962 471
f 855 871 1014
f 671 1093 462
f 1840 462 320
f 671 462 1840
f 1777 765 741
f 765 855 741
f 655 386 962
f 1488 1106 1777
f 1333 1674 655
f 1488 1214 1106
f 1488 1585 1214
f 1585 1333 655
f 1034 1585 1488
f 1034 1333 1585
f 1034 1481 1333
f 1777 1575 765
f 1575 655 962
f 1106 1575 1777
f 1106 655 1575
f 1214 655 1106
f 1214 1585 655
f 765 871 855
f 765 1341 871
f 1575 1341 765
f 1341 962 871
f 1341 1575 962
f 200 1093 1711
f 704 200 1711
f 1505 704 1711
f 1566 1505 1454
f 1711 1093 671
f 1454 1711 671
f 1711 1454 1505
f 1454 207 1566
f 180 405 1965
f 180 1271 405
f 560 1726 1876
f 1876 1271 180
f 1876 574 1271
f 574 1876 1726
f 574 500 1271
f 1271 364 405
f 713 101 200
f 535 713 560
f 101 713 535
f 713 200 704
f 50 713 704
f 713 1726 560
f 704 1505 50
f 713 50 1726
f 1505 590 50
f 590 1505 1566
f 50 1986 1726
f 574 1726 1986
f 1965 321 679
f 321 1965 405
f 405 408 321
f 49 94 1682
f 1960 94 49
f 1999 94 1960
f 1960 49 1144
f 123 409 1966
f 1966 409 40
f 40 496 1966
f 133 1966 496
f 133 123 1966
f 133 496 585
f 1719 1896 143
f 143 1896 123
f 143 123 133
f 49 1682 1428
f 14 49 1428
f 1719 1428 1896
f 14 1428 1719
f 1144 49 14
f 565 358 1753
f 358 634 1753
f 358 163 634
f 1826 1739 40
f 285 1739 1826
f 40 1739 1975
f 285 1753 1739
f 565 1753 285
f 1975 1739 1753
f 496 40 1975
f 496 1975 64
f 1753 634 1975
f 97 398 565
f 398 358 565
f 398 1686 358
f 398 27 1686
f 1686 378 358
f 508 662 1984
f 381 1984 398
f 1984 27 398
f 1984 33 27
f 662 33 1984
f 1026 1599 1701
f 1599 1290 1310
f 1290 1599 1026
f 508 1701 662
f 1310 1500 1599
f 662 1701 1339
f 1599 1339 1701
f 1599 1328 1339
f 1328 1599 1043
f 1500 1043 1599
f 1328 773 1339
f 773 1328 1043
f 1583 662 1339
f 1339 773 1583
f 773 1043 1503
f 1582 773 1503
f 773 1582 1583
f 585 496 1889
f 403 133 585
f 403 585 1889
f 465 143 133
f 1621 143 465
f 1621 1719 143
f 93 1621 465
f 475 133 403
f 475 465 133
f 93 465 475
f 1621 14 1719
f 325 14 1621
f 325 1144 14
f 1621 323 325
f 1621 504 323
f 504 1621 569
f 569 1621 93
f 1960 1144 325
f 1713 1960 325
f 1713 325 323
f 504 418 323
f 64 1975 634
f 64 634 1907
f 1907 634 163
f 1993 64 162
f 1889 64 1993
f 1907 162 64
f 163 162 1907
f 1993 162 617
f 617 162 642
f 64 1889 496
f 378 163 358
f 164 378 1686
f 378 642 163
f 378 164 642
f 639 642 164
f 642 162 163
f 642 336 617
f 33 1686 27
f 33 164 1686
f 33 284 164
f 33 76 284
f 365 164 284
f 284 1533 365
f 76 1533 284
f 164 365 1763
f 1582 1535 1583
f 1582 1433 1535
f 1433 1855 1535
f 1583 33 662
f 1583 1535 33
f 1535 76 33
f 1855 76 1535
f 630 504 1964
f 504 569 516
f 516 93 366
f 516 569 93
f 1361 504 516
f 1361 1964 504
f 1713 323 418
f 504 630 418
f 418 678 1713
f 1817 418 630
f 1817 678 418
f 155 1817 630
f 155 630 1964
f 155 1851 1817
f 1862 1993 617
f 1862 617 336
f 348 1862 860
f 403 1889 1993
f 393 403 1993
f 393 1993 348
f 348 1993 1862
f 236 393 348
f 394 393 236
f 393 475 403
f 393 394 475
f 1890 475 394
f 1890 93 475
f 1890 366 93
f 164 1763 639
f 1763 124 639
f 642 639 336
f 1012 1862 336
f 639 1012 336
f 1625 1012 639
f 639 124 1625
f 1012 860 1862
f 1625 860 1012
f 536 1625 124
f 860 910 348
f 1533 534 365
f 365 534 1763
f 1763 122 124
f 534 122 1763
f 534 722 122
f 722 135 122
f 536 124 122
f 122 1760 536
f 76 1544 1533
f 1855 1544 76
f 1004 1544 1855
f 1004 1967 1544
f 1533 722 534
f 1544 722 1533
f 1967 1601 1544
f 1544 1601 722
f 1601 63 722
f 1937 236 1925
f 236 265 394
f 265 1890 394
f 331 1890 265
f 331 366 1890
f 331 544 366
f 265 236 1937
f 331 512 544
f 1361 12 1964
f 516 12 1361
f 544 516 366
f 12 516 544
f 26 12 544
f 26 406 12
f 26 544 1821
f 12 155 1964
f 712 155 12
f 1851 155 712
f 712 493 1851
f 406 712 12
f 493 712 406
f 1946 493 406
f 232 406 26
f 232 1946 406
f 334 1625 536
f 334 860 1625
f 860 334 910
f 536 473 334
f 910 236 348
f 1925 236 910
f 1764 1925 910
f 1764 910 334
f 203 1764 334
f 1937 1925 1764
f 390 302 1764
f 390 1764 203
f 1937 302 265
f 302 1937 1764
f 331 158 512
f 697 265 302
f 697 331 265
f 697 16 331
f 512 1821 544
f 512 158 1821
f 135 1760 122
f 1760 473 536
f 135 1695 1760
f 473 1760 1695
f 135 1120 1695
f 473 62 334
f 1695 62 473
f 1695 316 62
f 1120 316 1695
f 316 72 62
f 62 203 334
f 62 72 203
f 72 377 203
f 63 135 722
f 84 63 1601
f 84 1425 63
f 1425 677 63
f 63 1120 135
f 63 920 1120
f 63 677 920
f 677 723 920
f 920 316 1120
f 723 316 920
f 1158 723 677
f 316 1939 72
f 723 1939 316
f 733 1939 723
f 1158 733 723
f 158 331 16
f 158 26 1821
f 158 748 26
f 158 45 748
f 45 238 748
f 16 725 158
f 725 1942 158
f 45 158 1942
f 26 748 232
f 748 1946 232
f 238 1946 748
f 238 1849 1946
f 238 105 1849
f 738 105 238
f 45 1897 238
f 1897 738 238
f 390 203 377
f 482 377 72
f 264 390 377
f 264 302 390
f 482 264 377
f 302 1680 697
f 264 1680 302
f 1680 16 697
f 264 388 1680
f 1680 725 16
f 388 880 1680
f 1680 880 725
f 880 1921 725
f 1921 1942 725
f 1942 1496 45
f 1921 1496 1942
f 1921 1170 1496
f 420 1921 880
f 1170 1921 779
f 1496 1897 45
f 1496 738 1897
f 1170 738 1496
f 1170 1913 738
f 1170 1456 1913
f 779 1192 1170
f 1192 1456 1170
f 1939 482 72
f 1939 606 482
f 1939 42 606
f 482 314 264
f 606 314 482
f 606 74 314
f 42 74 606
f 314 388 264
f 74 388 314
f 1025 880 388
f 74 1025 388
f 74 1660 1025
f 1025 420 880
f 1025 263 420
f 1660 263 1025
f 420 110 1921
f 263 856 420
f 856 110 420
f 1921 148 779
f 110 148 1921
f 110 1808 148
f 148 1192 779
f 148 1456 1192
f 170 1456 148
f 170 1834 1456
f 170 1424 1834
f 1808 170 148
f 1117 1424 170
f 214 1552 1999
f 214 1999 224
f 224 1999 1960
f 392 214 224
f 237 392 224
f 1997 457 79
f 392 79 214
f 667 79 392
f 1997 79 667
f 59 1997 667
f 217 494 457
f 1569 369 494
f 217 457 1997
f 1825 494 217
f 1569 494 1825
f 77 1569 1825
f 59 217 1997
f 1825 217 59
f 1128 77 1825
f 1917 1569 77
f 709 1917 77
f 709 77 1128
f 1917 369 1569
f 395 369 1917
f 151 395 1917
f 709 151 1917
f 151 1806 395
f 597 1806 151
f 1703 151 709
f 597 151 1703
f 1895 579 434
f 1895 1622 579
f 434 274 1806
f 434 579 274
f 449 1895 434
f 597 434 1806
f 449 434 597
f 210 1895 449
f 303 449 597
f 210 449 303
f 267 1622 1895
f 1151 1472 1397
f 1151 1191 1472
f 1286 1191 1151
f 1286 978 1191
f 838 978 1286
f 838 1631 978
f 1798 267 1895
f 1798 1397 267
f 1784 1397 1798
f 1446 1397 1784
f 1446 1151 1397
f 1446 1286 1151
f 1143 1286 1446
f 755 1286 1143
f 755 838 1286
f 1284 1446 1784
f 1299 1446 1284
f 1143 1446 1299
f 1400 1798 1895
f 44 1798 1400
f 44 1784 1798
f 44 1284 1784
f 1400 1895 210
f 356 1400 210
f 1037 44 1400
f 851 44 1037
f 1113 1130 1196
f 838 1175 1631
f 1196 1175 838
f 825 1130 1113
f 825 1346 1130
f 825 1542 1346
f 1153 838 755
f 1046 838 1153
f 1046 1196 838
f 824 1196 1046
f 824 1113 1196
f 824 1172 1113
f 1172 825 1113
f 824 1046 1469
f 949 1172 824
f 667 392 237
f 237 224 1960
f 230 667 237
f 187 1960 1713
f 187 237 1960
f 230 237 187
f 678 187 1713
f 673 230 187
f 673 689 230
f 503 59 667
f 1657 503 667
f 689 667 230
f 689 1657 667
f 384 503 1657
f 506 384 1657
f 673 1657 689
f 506 1657 673
f 1943 384 506
f 36 1825 59
f 1128 1825 36
f 36 59 503
f 36 503 384
f 515 36 384
f 515 384 1943
f 1950 709 1128
f 1950 1128 36
f 1703 709 1950
f 676 1703 1950
f 515 1950 36
f 515 676 1950
f 1364 1563 676
f 1563 1703 676
f 586 597 1703
f 1124 586 1703
f 1124 1703 1563
f 1124 1563 1364
f 1443 1124 1364
f 477 586 1124
f 356 210 303
f 303 597 586
f 1922 356 303
f 477 303 586
f 1922 303 477
f 1905 851 1037
f 1273 1400 356
f 1940 1400 1273
f 1940 1037 1400
f 1905 1037 1940
f 1466 1940 1273
f 1905 1940 1466
f 1567 1905 1466
f 1273 356 1922
f 1246 1273 1331
f 1246 1466 1273
f 1567 1466 1246
f 1331 1273 1922
f 865 1567 1246
f 1409 1246 1331
f 865 1246 1409
f 363 1331 1922
f 1409 1331 363
f 520 187 678
f 673 187 520
f 159 673 520
f 520 678 1817
f 159 520 1817
f 618 159 1817
f 618 340 159
f 673 1943 506
f 1943 673 1793
f 159 1793 673
f 1297 1943 1793
f 1793 159 340
f 1793 179 1297
f 604 1793 340
f 1882 1793 604
f 1882 179 1793
f 1297 515 1943
f 318 676 515
f 1364 676 318
f 318 515 287
f 287 515 1297
f 1443 1364 318
f 287 1297 179
f 1636 318 287
f 1882 287 179
f 1933 1443 318
f 1636 1933 318
f 2000 1933 1636
f 2000 326 1933
f 1709 326 2000
f 1787 477 1124
f 1933 1124 1443
f 326 1124 1933
f 1787 1124 326
f 1709 1787 326
f 227 1922 477
f 38 477 1787
f 227 477 38
f 38 1787 1709
f 28 227 38
f 306 227 28
f 297 38 1709
f 28 38 297
f 1148 1409 363
f 47 1409 1148
f 47 865 1409
f 363 1922 227
f 352 1148 363
f 47 1148 352
f 352 363 227
f 1802 47 352
f 698 352 227
f 698 227 306
f 1802 352 698
f 549 1802 698
f 618 1817 1851
f 618 1414 340
f 493 618 1851
f 493 1414 618
f 290 1414 493
f 1849 290 493
f 1849 493 1946
f 604 340 1414
f 740 604 1414
f 740 1882 604
f 1658 740 1414
f 1658 1414 290
f 1882 1636 287
f 740 1636 1882
f 181 1658 290
f 1610 740 1658
f 1977 1613 1610
f 311 2000 1636
f 311 1709 2000
f 311 1636 740
f 175 1709 311
f 1613 311 740
f 1613 740 1610
f 175 311 1613
f 1977 175 1613
f 175 297 1709
f 1338 175 374
f 1338 297 175
f 1590 1338 374
f 638 1338 1590
f 802 638 1590
f 113 175 1977
f 113 374 175
f 1338 306 28
f 1338 28 297
f 638 306 1338
f 680 1741 802
f 305 1720 680
f 1649 1720 305
f 1741 306 638
f 1741 698 306
f 549 698 1741
f 802 1741 638
f 1720 549 1741
f 501 549 1720
f 1720 1741 680
f 1649 501 1720
f 181 290 1849
f 105 181 1849
f 622 181 105
f 105 611 622
f 622 1658 181
f 622 479 1658
f 479 1610 1658
f 611 479 622
f 479 1977 1610
f 539 611 105
f 1913 105 738
f 1913 539 105
f 146 539 1913
f 1456 146 1913
f 113 1977 479
f 1892 479 611
f 1892 113 479
f 695 113 1892
f 695 240 113
f 539 1892 611
f 555 1892 539
f 555 695 1892
f 146 555 539
f 1596 555 146
f 240 374 113
f 240 1590 374
f 1801 1590 240
f 1456 202 146
f 202 1596 146
f 1884 1596 202
f 1852 695 555
f 1852 177 695
f 1852 1830 177
f 1791 1830 1852
f 1596 1852 555
f 1791 1852 1596
f 1884 1791 1596
f 802 1590 1801
f 1801 680 802
f 305 680 1801
f 1422 1649 305
f 177 305 1801
f 1767 305 177
f 1767 1422 305
f 695 1801 240
f 177 1801 695
f 1767 177 1830
f 1456 1834 202
f 1834 1884 202
f 1424 649 1834
f 649 1757 1834
f 1757 1884 1834
f 1218 1199 1310
f 1110 1199 1218
f 1110 798 1199
f 1315 798 1110
f 1315 1480 798
f 1477 1480 1315
f 1238 1383 1477
f 1199 1500 1310
f 1480 1255 798
f 1477 1212 1480
f 1477 1383 1212
f 1199 1556 1500
f 798 1556 1199
f 1255 1556 798
f 1255 1499 1556
f 1500 1679 1043
f 1556 1679 1500
f 1556 1017 1679
f 1499 1017 1556
f 1499 1604 1017
f 1604 1212 1283
f 1604 1499 1212
f 1383 1283 1212
f 1604 835 1017
f 835 1283 1390
f 835 1604 1283
f 1383 1390 1283
f 1679 1503 1043
f 1017 1503 1679
f 1017 1274 1503
f 835 1274 1017
f 835 1184 1274
f 288 835 1390
f 1390 400 288
f 1274 1645 1503
f 1184 1645 1274
f 1184 822 1645
f 288 822 1184
f 288 400 822
f 1255 1480 1212
f 1499 1255 1212
f 1184 835 288
f 1647 1383 1238
f 1647 60 1383
f 1383 400 1390
f 60 400 1383
f 467 60 1647
f 60 1656 400
f 486 1656 60
f 1819 628 467
f 467 486 60
f 628 486 467
f 1819 724 628
f 724 1781 628
f 1988 724 1819
f 699 724 1988
f 724 1442 1781
f 460 1996 699
f 1996 282 699
f 699 1442 724
f 282 1442 699
f 282 172 1442
f 309 1996 460
f 341 1996 309
f 1970 1664 1996
f 1664 282 1996
f 341 1970 1996
f 654 1970 341
f 551 1970 654
f 551 245 1970
f 1970 412 1664
f 1970 245 412
f 550 35 551
f 550 1954 35
f 324 1954 550
f 551 35 245
f 1626 225 437
f 437 324 550
f 225 195 437
f 437 244 324
f 195 244 437
f 195 1992 244
f 324 296 1954
f 244 296 324
f 679 275 225
f 321 275 679
f 321 408 275
f 225 275 195
f 275 1992 195
f 1503 1645 1582
f 1645 1433 1582
f 400 1894 822
f 1645 1002 1433
f 822 1002 1645
f 822 1405 1002
f 1894 1405 822
f 1002 1855 1433
f 1405 21 1002
f 1894 21 1405
f 1002 1004 1855
f 1002 21 1004
f 1656 1894 400
f 486 463 1656
f 1656 463 1894
f 1894 468 21
f 463 468 1894
f 463 413 468
f 189 413 463
f 628 1865 486
f 1781 1865 628
f 486 189 463
f 1865 189 486
f 1781 250 1865
f 1865 1693 189
f 172 185 1442
f 1664 172 282
f 1664 657 172
f 1442 351 1781
f 185 351 1442
f 172 657 185
f 185 442 351
f 442 657 594
f 657 442 185
f 351 250 1781
f 351 1406 250
f 351 442 1406
f 442 594 1406
f 1406 596 250
f 1968 1085 657
f 1085 594 657
f 1085 298 850
f 1664 412 657
f 412 245 1968
f 412 1968 657
f 245 466 1968
f 1968 298 1085
f 466 298 1968
f 1954 69 35
f 35 466 245
f 35 69 466
f 1954 1775 69
f 69 29 466
f 1992 443 244
f 244 443 296
f 296 1775 1954
f 443 328 296
f 296 328 1775
f 443 367 328
f 367 615 328
f 275 443 1992
f 275 373 443
f 1980 373 275
f 443 373 367
f 373 379 367
f 373 426 379
f 367 379 615
f 468 139 21
f 21 360 1004
f 21 139 360
f 1004 360 1967
f 139 1740 360
f 360 1740 1967
f 1967 84 1601
f 1740 84 1967
f 1832 1740 139
f 1740 6 84
f 1832 6 1740
f 413 83 468
f 413 337 83
f 468 83 139
f 139 83 1832
f 337 1008 83
f 189 1693 413
f 250 1693 1865
f 1693 337 413
f 250 1280 1693
f 1280 130 1693
f 1280 138 130
f 1693 130 337
f 130 1858 337
f 138 1858 130
f 337 1858 1008
f 1858 343 1786
f 138 343 1858
f 1406 1930 596
f 594 1930 1406
f 596 1280 250
f 596 1930 1280
f 1280 3 138
f 1930 3 1280
f 138 3 343
f 594 1085 1930
f 1085 3 1930
f 1085 850 3
f 298 150 850
f 466 150 298
f 3 850 387
f 850 414 387
f 850 150 414
f 387 343 3
f 150 1761 414
f 29 150 466
f 29 1761 150
f 29 1947 1761
f 29 247 1947
f 1775 29 69
f 1775 247 29
f 1775 487 247
f 615 216 328
f 1775 641 487
f 328 641 1775
f 328 509 641
f 328 266 509
f 216 266 328
f 266 538 509
f 379 216 615
f 379 1525 216
f 426 1525 379
f 1886 266 216
f 1525 1886 216
f 1525 17 1886
f 426 17 1525
f 426 78 17
f 266 1886 464
f 1886 17 464
f 6 1425 84
f 6 1885 1425
f 6 1883 1885
f 1425 1474 677
f 1885 1474 1425
f 1474 1158 677
f 1885 1266 1058
f 1883 1266 1885
f 1474 1652 1158
f 1885 1652 1474
f 1058 1652 1885
f 1652 733 1158
f 1652 598 733
f 1652 1683 598
f 1683 1652 1058
f 1266 1683 1058
f 1266 312 1683
f 83 1008 1832
f 1832 1883 6
f 1832 577 1883
f 1008 577 1832
f 514 1976 1008
f 1976 577 1008
f 514 376 1976
f 577 312 1883
f 1976 312 577
f 1976 190 312
f 376 190 1976
f 1883 312 1266
f 693 190 376
f 190 212 312
f 190 693 212
f 1858 514 1008
f 1858 1786 514
f 343 439 1786
f 1786 376 514
f 1786 439 376
f 343 387 1836
f 343 1836 439
f 439 693 376
f 439 1836 693
f 184 693 1836
f 184 685 693
f 371 226 1744
f 371 529 226
f 387 414 1836
f 414 184 1836
f 414 685 184
f 1761 685 414
f 1947 685 1761
f 1947 1794 685
f 1947 247 1794
f 247 1744 1794
f 487 1744 247
f 641 509 1742
f 538 1742 509
f 538 327 1742
f 487 371 1744
f 487 1742 371
f 641 1742 487
f 1742 717 371
f 1742 327 717
f 371 717 529
f 717 525 529
f 13 525 717
f 464 327 538
f 464 17 56
f 17 431 56
f 464 56 327
f 327 56 720
f 327 720 717
f 56 1737 720
f 717 720 13
f 1737 346 720
f 266 464 538
f 1683 1848 598
f 598 1939 733
f 312 1848 1683
f 312 1971 1848
f 598 1848 1939
f 1848 42 1939
f 1848 1844 42
f 1971 1844 1848
f 1844 74 42
f 1844 1650 74
f 1971 1650 1844
f 188 1650 1971
f 188 665 1650
f 1650 1660 74
f 665 1660 1650
f 665 601 1660
f 601 263 1660
f 601 1799 263
f 601 1584 1799
f 856 90 110
f 1799 856 263
f 1799 90 856
f 1912 90 1799
f 1417 90 1912
f 1912 1799 1584
f 1912 1669 1417
f 1669 1024 1417
f 1669 1343 1024
f 1584 1669 1912
f 1077 1808 110
f 90 1077 110
f 1077 1634 1808
f 1417 1077 90
f 1024 1077 1417
f 1024 1634 1077
f 1669 1561 1343
f 1343 1958 1024
f 1958 1634 1024
f 268 1958 1343
f 1086 907 1487
f 907 761 1487
f 1343 922 268
f 922 933 268
f 922 1096 933
f 1096 1181 933
f 1096 1086 1181
f 1096 1344 1086
f 1344 907 1086
f 1561 922 1343
f 312 212 1971
f 693 301 212
f 693 188 301
f 212 301 1971
f 301 188 1971
f 670 223 1755
f 188 670 665
f 665 1755 601
f 1755 665 670
f 1755 223 1923
f 1923 601 1755
f 223 58 402
f 223 402 1923
f 58 372 402
f 1923 1584 601
f 1717 372 58
f 402 1584 1923
f 402 1669 1584
f 402 372 1669
f 372 1561 1669
f 372 927 1561
f 1717 243 372
f 372 243 927
f 243 277 1616
f 277 243 1717
f 277 446 1616
f 927 922 1561
f 927 1096 922
f 927 1344 1096
f 1344 1676 1204
f 927 1616 1344
f 1616 1676 1344
f 243 1616 927
f 693 670 188
f 685 670 693
f 685 1794 670
f 1794 223 670
f 1794 1744 226
f 226 223 1794
f 226 58 223
f 226 529 58
f 529 525 58
f 525 13 108
f 108 58 525
f 13 1822 108
f 1822 1963 108
f 1822 346 1963
f 108 229 58
f 1963 446 229
f 108 1963 229
f 229 1717 58
f 229 446 277
f 229 277 1717
f 13 720 1822
f 720 346 1822
f 346 653 1963
f 653 346 1737
f 924 170 1808
f 924 1684 170
f 1684 1117 170
f 1634 924 1808
f 1958 924 1634
f 268 924 1958
f 933 924 268
f 933 1684 924
f 1181 1684 933
f 1086 1684 1181
f 1086 1117 1684
f 1487 1117 1086
f 1487 1424 1117
f 1487 761 1424
f 761 907 1204
f 1204 907 1344
f 1901 1479 1048
f 1479 1901 1261
f 415 1479 1261
f 415 1185 1479
f 1531 1251 1048
f 1194 755 1143
f 1194 1416 755
f 1109 1185 863
f 1479 1185 1109
f 732 1109 1171
f 1479 732 1048
f 732 1479 1109
f 1531 1048 732
f 1269 1299 1284
f 1299 1194 1143
f 1005 1299 1269
f 1005 1285 1299
f 1285 1194 1299
f 1285 1416 1194
f 1285 863 1416
f 926 1285 1005
f 926 1171 1285
f 1109 1285 1171
f 1285 1109 863
f 294 1171 926
f 294 732 1171
f 1020 732 294
f 1020 1531 732
f 889 294 926
f 889 1020 294
f 1140 1269 1284
f 1140 1005 1269
f 1140 926 1005
f 889 926 1140
f 1140 1284 44
f 800 889 1140
f 1783 889 800
f 1783 1020 889
f 851 1140 44
f 800 1140 851
f 1133 1542 825
f 1193 1185 415
f 1193 896 1185
f 1231 1018 1133
f 1213 896 1193
f 1322 896 1213
f 1322 91 896
f 797 91 1322
f 797 1396 91
f 1396 1018 1231
f 1396 797 1018
f 1416 1153 755
f 1416 1293 1153
f 1293 1046 1153
f 1293 1469 1046
f 893 825 1172
f 893 1133 825
f 1185 1530 863
f 1185 952 1530
f 1057 1133 893
f 896 952 1185
f 896 1485 952
f 91 1485 896
f 91 1125 1485
f 1231 1057 992
f 1057 1231 1133
f 1396 1125 91
f 1125 1231 992
f 1125 1396 1231
f 1469 949 824
f 893 1172 949
f 863 1293 1416
f 863 1530 1293
f 1530 1469 1293
f 1530 1512 1469
f 1512 949 1469
f 1512 736 949
f 736 893 949
f 1530 1485 1512
f 1485 1530 952
f 1485 736 1512
f 1485 1180 736
f 1180 893 736
f 1180 1666 893
f 1666 1057 893
f 1485 1287 1180
f 1125 1287 1485
f 1287 1666 1180
f 992 1287 1125
f 1287 1057 1666
f 1287 992 1057
f 1957 1251 1531
f 1957 583 1251
f 1840 583 1957
f 1957 1531 1020
f 128 1957 1020
f 128 1020 1783
f 157 1957 128
f 357 671 1840
f 157 1840 1957
f 357 1840 157
f 157 211 357
f 1566 987 590
f 1391 987 1827
f 1391 1827 1486
f 1063 1391 1486
f 207 671 357
f 207 1454 671
f 207 987 1566
f 1827 207 357
f 987 207 1827
f 1486 1827 357
f 1486 357 211
f 1974 1486 211
f 364 283 396
f 283 637 396
f 1271 500 364
f 500 574 705
f 705 1606 500
f 500 1606 364
f 705 554 1606
f 1606 283 364
f 1606 1835 283
f 554 1841 1606
f 1986 50 590
f 1986 705 574
f 590 987 1391
f 590 1391 1986
f 1986 554 705
f 1391 1063 1986
f 554 1986 1063
f 1063 1841 554
f 405 364 408
f 408 1980 275
f 408 396 1980
f 364 396 408
f 396 637 1980
f 1565 851 1905
f 1565 800 851
f 1783 800 1565
f 1307 1565 1905
f 1927 1783 1565
f 1307 1905 1567
f 1927 1565 1307
f 865 1307 1567
f 270 1307 865
f 270 1927 1307
f 452 128 1783
f 157 128 452
f 450 157 452
f 452 1783 1927
f 452 664 450
f 664 1927 270
f 664 452 1927
f 211 157 450
f 1916 211 450
f 1716 211 1916
f 1854 1916 450
f 1063 1486 1974
f 1974 683 1063
f 1974 1066 683
f 1066 1974 701
f 1066 701 1716
f 291 683 1066
f 701 1974 211
f 701 211 1716
f 1980 637 373
f 283 785 637
f 637 785 373
f 785 1762 373
f 1762 1959 249
f 1762 426 373
f 1762 329 426
f 1762 249 329
f 1841 41 1606
f 1835 1606 41
f 41 1959 1835
f 1835 785 283
f 1835 1959 785
f 1959 1762 785
f 1959 1265 385
f 1959 41 1265
f 1841 1063 683
f 41 1841 683
f 41 683 291
f 1265 41 291
f 270 865 47
f 270 47 1802
f 1972 270 1802
f 1402 1972 1802
f 1215 1802 549
f 1402 1802 1215
f 1972 664 270
f 119 1854 810
f 1854 664 810
f 810 664 1972
f 810 1972 568
f 339 846 522
f 1745 846 339
f 339 522 1055
f 1854 450 664
f 1745 1916 1854
f 1745 1935 1916
f 1854 846 1745
f 846 1854 119
f 522 846 119
f 1619 119 810
f 522 119 1619
f 674 1888 737
f 737 528 674
f 674 684 1870
f 1716 1935 1066
f 1935 176 1066
f 1066 794 291
f 1066 176 794
f 291 794 737
f 1888 291 737
f 176 1935 1745
f 339 176 1745
f 794 176 339
f 737 794 528
f 599 794 339
f 794 599 528
f 1935 1716 1916
f 249 1949 329
f 426 1949 78
f 329 1949 426
f 1870 78 1949
f 1959 385 249
f 385 1265 1888
f 385 1888 674
f 385 1870 249
f 385 674 1870
f 1949 249 1870
f 291 1888 1265
f 792 759 1359
f 140 1254 1359
f 1254 792 1359
f 1254 140 968
f 656 759 1649
f 1359 656 1326
f 759 656 1359
f 140 1359 1326
f 454 1402 1215
f 1540 1402 454
f 1540 1704 1402
f 501 1215 549
f 1623 1215 501
f 1623 454 1215
f 1623 1260 454
f 1540 454 1260
f 759 1623 501
f 1260 759 792
f 759 1260 1623
f 1254 1260 792
f 1254 1540 1260
f 1540 1254 968
f 759 501 1649
f 566 215 4
f 215 1704 968
f 215 568 1704
f 215 191 4
f 191 215 968
f 191 968 140
f 4 191 595
f 1704 1972 1402
f 568 1972 1704
f 215 810 568
f 566 810 215
f 968 1704 1540
f 281 571 355
f 281 355 118
f 458 281 118
f 1766 1619 566
f 522 1766 1055
f 1766 522 1619
f 1376 1055 1766
f 1766 566 4
f 1055 1376 1842
f 1376 1766 4
f 1842 1376 1210
f 1210 1376 4
f 355 1842 1210
f 571 1842 355
f 1210 4 595
f 1210 595 870
f 355 1210 870
f 566 1619 810
f 684 31 1870
f 1870 31 78
f 78 31 431
f 31 1873 431
f 1873 31 8
f 431 1737 56
f 431 1873 1737
f 653 1873 561
f 1873 8 561
f 1873 653 1737
f 674 666 684
f 666 674 528
f 528 1607 666
f 1607 528 599
f 684 666 31
f 666 1607 571
f 666 571 281
f 666 8 31
f 8 281 458
f 8 666 281
f 599 339 1055
f 599 1055 1842
f 599 1842 1607
f 571 1607 1842
f 78 431 17
f 1016 353 87
f 1204 1676 517
f 1676 1016 517
f 1791 483 1830
f 1983 593 483
f 1644 593 1983
f 353 1644 1983
f 87 1983 1791
f 1983 483 1791
f 353 1983 87
f 87 1791 1884
f 1422 656 1649
f 656 1422 1326
f 1936 1326 1422
f 1936 140 1326
f 1936 1422 1767
f 92 1936 593
f 593 1936 1767
f 1644 92 593
f 483 1767 1830
f 483 593 1767
f 446 1812 620
f 1676 620 353
f 1616 446 1676
f 446 620 1676
f 353 1016 1676
f 1900 580 625
f 1900 682 7
f 625 580 1644
f 1900 625 682
f 353 625 1644
f 620 625 353
f 682 625 620
f 682 620 1812
f 304 140 1936
f 304 191 140
f 595 191 304
f 92 304 1936
f 580 595 304
f 1900 870 580
f 870 595 580
f 580 304 92
f 580 92 1644
f 561 8 458
f 458 1914 561
f 1963 653 1427
f 653 561 1427
f 561 1914 1427
f 1427 1914 1812
f 1963 1427 446
f 1427 1812 446
f 355 870 7
f 118 355 7
f 458 118 1914
f 870 1900 7
f 1914 7 1812
f 118 7 1914
f 7 682 1812
f 1757 87 1884
f 761 649 1424
f 761 1392 649
f 1392 1757 649
f 1392 1016 1757
f 87 1757 1016
f 517 1392 761
f 1204 517 761
f 517 1016 1392

